datetime,open,high,low,close,volume
2023-08-15 18:35:00,81.28,81.32,81.31,81.31,41.4555568
2023-08-16 04:35:00,78.87,78.94,78.88,78.92,268.34334495
2023-08-16 04:34:00,78.88,78.95,78.95,78.88,80.94311279
2023-08-16 04:33:00,78.94,78.98,78.98,78.94,70.34346706
2023-08-16 04:32:00,78.91,78.98,78.93,78.98,363.05111723
2023-08-16 04:31:00,78.93,79.04,79.04,78.94,658.42203292
2023-08-16 04:30:00,79.04,79.09,79.08,79.06,36.60965135
2023-08-16 04:29:00,79.08,79.09,79.09,79.09,21.15791705
2023-08-16 04:28:00,79.06,79.12,79.12,79.1,275.53743484
2023-08-16 04:27:00,79.1,79.12,79.11,79.12,25.61795264
2023-08-16 04:26:00,79.1,79.12,79.1,79.11,6.27056365
2023-08-16 04:25:00,79.07,79.11,79.08,79.11,41.63258517
2023-08-16 04:24:00,79.08,79.11,79.1,79.08,41.15643738
2023-08-16 04:23:00,79.09,79.11,79.1,79.11,16.61633612
2023-08-16 04:22:00,79.09,79.13,79.1,79.12,89.48406917
2023-08-16 04:21:00,79.09,79.11,79.1,79.1,67.74641395
2023-08-16 04:20:00,79.05,79.1,79.06,79.1,104.93004854
2023-08-16 04:19:00,79.03,79.04,79.04,79.04,9.34231731
2023-08-16 04:18:00,79.02,79.04,79.03,79.04,24.83169778
2023-08-16 04:17:00,79.03,79.05,79.04,79.03,114.90931543
2023-08-16 04:16:00,79.04,79.06,79.06,79.06,8.64484477
2023-08-16 04:15:00,79.04,79.06,79.05,79.06,5.10702469
2023-08-16 04:14:00,79.03,79.06,79.03,79.03,10.97799973
2023-08-16 04:13:00,79.03,79.06,79.06,79.03,163.13500549
2023-08-16 04:12:00,79.06,79.07,79.06,79.07,5.29148207
2023-08-16 04:11:00,79.04,79.11,79.11,79.05,299.94815972
2023-08-16 04:10:00,79.09,79.13,79.13,79.09,23.70604903
2023-08-16 04:09:00,79.12,79.13,79.13,79.12,2.41467679
2023-08-16 04:08:00,79.12,79.15,79.15,79.12,149.36278459
2023-08-16 04:07:00,79.14,79.16,79.15,79.15,18.37355064
2023-08-16 04:06:00,79.07,79.14,79.11,79.14,137.80744431
2023-08-16 04:05:00,79.08,79.11,79.08,79.09,7.73670741
2023-08-16 04:04:00,79.07,79.1,79.1,79.07,55.00596218
2023-08-16 04:03:00,79.07,79.1,79.07,79.1,95.71408974
2023-08-16 04:02:00,79.06,79.09,79.07,79.07,80.76662374
2023-08-16 04:01:00,79.07,79.08,79.07,79.07,14.00355064
2023-08-16 04:00:00,79.06,79.09,79.06,79.08,53.26359342
2023-08-16 03:59:00,79.05,79.08,79.06,79.06,42.85309823
2023-08-16 03:58:00,79.06,79.08,79.07,79.07,21.77167176
2023-08-16 03:57:00,79.04,79.06,79.06,79.06,66.65935169
2023-08-16 03:56:00,79.04,79.07,79.06,79.06,26.55753265
2023-08-16 03:55:00,79.06,79.08,79.07,79.06,119.87005258
2023-08-16 03:54:00,79.07,79.13,79.13,79.07,135.41707434
2023-08-16 03:53:00,79.12,79.14,79.14,79.14,46.4910241
2023-08-16 03:52:00,79.11,79.14,79.11,79.14,56.13468742
2023-08-16 03:51:00,79.11,79.15,79.14,79.11,208.87783055
2023-08-16 03:50:00,79.13,79.14,79.14,79.13,20.24211297
2023-08-16 03:49:00,79.13,79.15,79.14,79.14,106.60855887
2023-08-16 03:48:00,79.14,79.2,79.2,79.14,69.97462696
2023-08-16 03:47:00,79.19,79.2,79.2,79.2,3.362063
2023-08-16 03:46:00,79.19,79.2,79.19,79.2,27.49337093
2023-08-16 03:45:00,79.18,79.19,79.18,79.19,14.22985649
2023-08-16 03:44:00,79.2,79.2,79.2,79.2,3.88955
2023-08-16 03:43:00,79.21,79.24,79.23,79.21,51.95323018
2023-08-16 03:42:00,79.21,79.23,79.22,79.22,19.31012075
2023-08-16 03:41:00,79.22,79.23,79.23,79.23,4.31163254
2023-08-16 03:40:00,79.22,79.23,79.22,79.23,9.38256054
2023-08-16 03:39:00,79.2,79.21,79.21,79.21,17.99081252
2023-08-16 03:38:00,79.19,79.21,79.19,79.21,30.70898013
2023-08-16 03:37:00,79.19,79.2,79.19,79.2,12.0453952
2023-08-16 03:36:00,79.19,79.2,79.2,79.2,14.47997274
2023-08-16 03:35:00,79.16,79.19,79.16,79.19,72.09616267
2023-08-16 03:34:00,79.13,79.16,79.14,79.15,18.96589398
2023-08-16 03:33:00,79.14,79.15,79.15,79.15,5.13202236
2023-08-16 03:32:00,79.12,79.16,79.13,79.14,72.6444364
2023-08-16 03:31:00,79.11,79.13,79.12,79.12,46.35811335
2023-08-16 03:30:00,79.11,79.14,79.12,79.11,18.19000713
2023-08-16 03:29:00,79.12,79.16,79.15,79.14,111.83729265
2023-08-16 03:28:00,79.1,79.14,79.13,79.14,160.45307684
2023-08-16 03:27:00,79.12,79.14,79.12,79.13,33.58716237
2023-08-16 03:26:00,79.12,79.18,79.18,79.12,115.77658879
2023-08-16 03:25:00,79.14,79.19,79.15,79.19,122.08701559
2023-08-16 03:24:00,79.15,79.16,79.16,79.15,10.36734864
2023-08-16 03:23:00,79.15,79.16,79.16,79.16,20.46596448
2023-08-16 03:22:00,79.15,79.18,79.15,79.15,83.21200582
2023-08-16 03:21:00,79.14,79.2,79.2,79.15,68.99830873
2023-08-16 03:20:00,79.17,79.25,79.24,79.2,260.03703062
2023-08-16 03:19:00,79.24,79.27,79.26,79.25,74.93066421
2023-08-16 03:18:00,79.25,79.27,79.26,79.26,24.78110368
2023-08-16 03:17:00,79.25,79.31,79.31,79.26,80.36636205
2023-08-16 03:16:00,79.31,79.33,79.32,79.32,18.62297734
2023-08-16 03:15:00,79.3,79.32,79.3,79.31,7.30725999
2023-08-16 03:14:00,79.27,79.32,79.29,79.3,161.0139201
2023-08-16 03:13:00,79.29,79.31,79.31,79.3,32.09093759
2023-08-16 03:12:00,79.3,79.31,79.3,79.31,13.21786364
2023-08-16 03:11:00,79.3,79.33,79.33,79.31,60.94186084
2023-08-16 03:10:00,79.31,79.35,79.35,79.31,7.63080915
2023-08-16 03:09:00,79.33,79.35,79.34,79.33,7.18073995
2023-08-16 03:08:00,79.33,79.37,79.37,79.34,4.5332062
2023-08-16 03:07:00,79.37,79.39,79.38,79.37,15.46128583
2023-08-16 03:06:00,79.38,79.39,79.39,79.38,6.47814562
2023-08-16 03:05:00,79.34,79.37,79.34,79.37,24.89465792
2023-08-16 03:04:00,79.34,79.37,79.37,79.34,103.35829825
2023-08-16 03:03:00,79.36,79.4,79.39,79.36,79.65981903
2023-08-16 03:02:00,79.39,79.4,79.4,79.39,4.04149525
2023-08-16 03:01:00,79.39,79.42,79.41,79.4,112.95754743
2023-08-16 03:00:00,79.41,79.43,79.43,79.42,57.91358483
2023-08-16 02:59:00,79.4,79.43,79.43,79.41,16.61687278
2023-08-16 02:58:00,79.43,79.47,79.47,79.43,20.43193494
2023-08-16 02:57:00,79.45,79.47,79.47,79.45,17.97657162
2023-08-16 02:56:00,79.46,79.48,79.46,79.47,28.14766753
2023-08-16 02:55:00,79.41,79.45,79.43,79.45,69.03384094
2023-08-16 02:54:00,79.44,79.45,79.45,79.44,12.13319254
2023-08-16 02:53:00,79.43,79.46,79.46,79.45,26.80499321
2023-08-16 02:52:00,79.46,79.47,79.47,79.46,41.11022862
2023-08-16 02:51:00,79.46,79.47,79.46,79.47,5.52362994
2023-08-16 02:50:00,79.44,79.47,79.47,79.46,31.44702794
2023-08-16 02:49:00,79.43,79.47,79.44,79.47,62.83773259
2023-08-16 02:48:00,79.41,79.44,79.42,79.44,30.40747861
2023-08-16 02:47:00,79.4,79.42,79.42,79.42,69.0306682
2023-08-16 02:46:00,79.39,79.42,79.4,79.42,15.16165452
2023-08-16 02:45:00,79.4,79.42,79.41,79.4,15.38697885
2023-08-16 02:44:00,79.42,79.45,79.45,79.42,48.2723183
2023-08-16 02:43:00,79.44,79.46,79.44,79.46,39.30024319
2023-08-16 02:42:00,79.43,79.43,79.43,79.43,8.16506853
2023-08-16 02:41:00,79.41,79.43,79.43,79.41,43.816024
2023-08-16 02:40:00,79.42,79.44,79.42,79.43,22.23876311
2023-08-16 02:39:00,79.43,79.46,79.44,79.44,17.47218632
2023-08-16 02:38:00,79.43,79.46,79.45,79.44,12.14104919
2023-08-16 02:37:00,79.44,79.47,79.47,79.45,16.25279821
2023-08-16 02:36:00,79.44,79.47,79.47,79.46,20.59521379
2023-08-16 02:35:00,79.45,79.47,79.47,79.47,11.7655954
2023-08-16 02:34:00,79.43,79.45,79.44,79.45,89.30129736
2023-08-16 02:33:00,79.44,79.49,79.45,79.44,37.22218069
2023-08-16 02:32:00,79.43,79.45,79.45,79.45,23.63320214
2023-08-16 02:31:00,79.41,79.45,79.42,79.45,82.8241627
2023-08-16 02:30:00,79.4,79.44,79.44,79.42,23.28475355
2023-08-16 02:29:00,79.44,79.47,79.44,79.44,76.16779728
2023-08-16 02:28:00,79.43,79.44,79.43,79.44,13.09588416
2023-08-16 02:27:00,79.42,79.44,79.43,79.44,26.75113337
2023-08-16 02:26:00,79.4,79.44,79.44,79.43,96.62057207
2023-08-16 02:25:00,79.43,79.47,79.46,79.44,94.18083958
2023-08-16 02:24:00,79.43,79.48,79.43,79.45,105.72580082
2023-08-16 02:23:00,79.41,79.46,79.46,79.43,13.63987086
2023-08-16 02:22:00,79.45,79.51,79.51,79.45,234.65154873
2023-08-16 02:21:00,79.49,79.52,79.49,79.52,16.59239742
2023-08-16 02:20:00,79.48,79.53,79.52,79.5,16.48902815
2023-08-16 02:19:00,79.5,79.52,79.5,79.52,46.18320728
2023-08-16 02:18:00,79.47,79.5,79.47,79.5,62.87925895
2023-08-16 02:17:00,79.46,79.48,79.48,79.47,14.30406994
2023-08-16 02:16:00,79.47,79.48,79.47,79.48,15.81784831
2023-08-16 02:15:00,79.44,79.47,79.44,79.46,20.8653197
2023-08-16 02:14:00,79.44,79.46,79.46,79.44,7.02341651
2023-08-16 02:13:00,79.43,79.46,79.43,79.46,51.48035595
2023-08-16 02:12:00,79.41,79.44,79.42,79.44,15.76951177
2023-08-16 02:11:00,79.4,79.42,79.41,79.41,44.02916061
2023-08-16 02:10:00,79.39,79.41,79.4,79.41,10.69043739
2023-08-16 02:09:00,79.37,79.4,79.38,79.4,58.2602234
2023-08-16 02:08:00,79.34,79.38,79.34,79.38,47.83757361
2023-08-16 02:07:00,79.32,79.35,79.35,79.34,77.90326126
2023-08-16 02:06:00,79.34,79.38,79.38,79.34,39.94110464
2023-08-16 02:05:00,79.37,79.4,79.38,79.37,25.42922475
2023-08-16 02:04:00,79.35,79.38,79.35,79.38,24.34145517
2023-08-16 02:03:00,79.33,79.37,79.33,79.36,87.80990851
2023-08-16 02:02:00,79.33,79.35,79.34,79.33,58.61852403
2023-08-16 02:01:00,79.34,79.36,79.36,79.35,49.18155483
2023-08-16 02:00:00,79.37,79.38,79.38,79.37,78.57327913
2023-08-16 01:59:00,79.37,79.38,79.38,79.38,9.96883825
2023-08-16 01:58:00,79.35,79.38,79.37,79.38,12.49040232
2023-08-16 01:57:00,79.33,79.37,79.35,79.37,73.02484917
2023-08-16 01:56:00,79.33,79.36,79.34,79.35,18.84276687
2023-08-16 01:55:00,79.31,79.36,79.34,79.35,23.0245248
2023-08-16 01:54:00,79.32,79.34,79.34,79.34,121.70947818
2023-08-16 01:53:00,79.29,79.33,79.33,79.32,41.07343008
2023-08-16 01:52:00,79.26,79.31,79.26,79.31,46.70814339
2023-08-16 01:51:00,79.25,79.34,79.34,79.26,194.99300271
2023-08-16 01:50:00,79.29,79.35,79.29,79.35,31.69267121
2023-08-16 01:49:00,79.27,79.29,79.29,79.29,25.3650804
2023-08-16 01:48:00,79.28,79.3,79.28,79.3,49.87774196
2023-08-16 01:47:00,79.23,79.28,79.28,79.27,36.08392383
2023-08-16 01:46:00,79.25,79.29,79.26,79.28,49.85097478
2023-08-16 01:45:00,79.25,79.27,79.27,79.27,18.22221811
2023-08-16 01:44:00,79.26,79.27,79.27,79.27,57.40817943
2023-08-16 01:43:00,79.27,79.29,79.29,79.27,13.43935502
2023-08-16 01:42:00,79.26,79.3,79.29,79.28,172.34104576
2023-08-16 01:41:00,79.28,79.31,79.31,79.28,47.54842766
2023-08-16 01:40:00,79.26,79.31,79.27,79.31,18.84461047
2023-08-16 01:39:00,79.22,79.27,79.23,79.27,39.8020587
2023-08-16 01:38:00,79.2,79.25,79.24,79.24,94.17157867
2023-08-16 01:37:00,79.22,79.25,79.22,79.23,12.78983261
2023-08-16 01:36:00,79.24,79.28,79.28,79.24,44.58683431
2023-08-16 01:35:00,79.28,79.29,79.28,79.28,25.07211498
2023-08-16 01:34:00,79.27,79.3,79.27,79.29,76.36928879
2023-08-16 01:33:00,79.29,79.32,79.32,79.29,26.30940182
2023-08-16 01:32:00,79.27,79.32,79.27,79.32,39.45779945
2023-08-16 01:31:00,79.28,79.34,79.34,79.29,125.92759815
2023-08-16 01:30:00,79.33,79.36,79.33,79.35,10.13910054
2023-08-16 01:29:00,79.34,79.35,79.34,79.34,13.70013071
2023-08-16 01:28:00,79.34,79.36,79.36,79.35,11.7517344
2023-08-16 01:27:00,79.34,79.37,79.34,79.35,41.63094372
2023-08-16 01:26:00,79.33,79.35,79.34,79.34,47.04520325
2023-08-16 01:25:00,79.32,79.35,79.32,79.33,23.78532526
2023-08-16 01:24:00,79.33,79.37,79.36,79.33,146.52815055
2023-08-16 01:23:00,79.35,79.37,79.36,79.37,20.38473302
2023-08-16 01:22:00,79.33,79.35,79.34,79.35,34.89604675
2023-08-16 01:21:00,79.31,79.34,79.32,79.34,17.60206566
2023-08-16 01:20:00,79.3,79.34,79.3,79.32,35.81163952
2023-08-16 01:19:00,79.26,79.32,79.28,79.32,72.07754582
2023-08-16 01:18:00,79.27,79.29,79.27,79.29,20.62871979
2023-08-16 01:17:00,79.26,79.29,79.26,79.28,30.39198838
2023-08-16 01:16:00,79.25,79.28,79.28,79.25,26.10369619
2023-08-16 01:15:00,79.27,79.32,79.29,79.27,169.63962023
2023-08-16 01:14:00,79.27,79.29,79.28,79.28,24.1547236
2023-08-16 01:13:00,79.29,79.31,79.3,79.3,41.68949573
2023-08-16 01:12:00,79.28,79.34,79.34,79.29,87.27724949
2023-08-16 01:11:00,79.3,79.34,79.31,79.34,14.08075016
2023-08-16 01:10:00,79.26,79.31,79.26,79.31,37.14729843
2023-08-16 01:09:00,79.22,79.29,79.27,79.27,318.82565665
2023-08-16 01:08:00,79.21,79.28,79.21,79.28,143.63456246
2023-08-16 01:07:00,79.19,79.21,79.19,79.21,21.79116062
2023-08-16 01:06:00,79.2,79.24,79.2,79.21,26.19758775
2023-08-16 01:05:00,79.19,79.21,79.2,79.2,37.13132348
2023-08-16 01:04:00,79.22,79.26,79.26,79.22,51.64864008
2023-08-16 01:03:00,79.25,79.27,79.25,79.25,39.63422349
2023-08-16 01:02:00,79.19,79.25,79.25,79.25,77.41228672
2023-08-16 01:01:00,79.25,79.27,79.27,79.25,29.15352924
2023-08-16 01:00:00,79.21,79.27,79.23,79.27,99.63446693
2023-08-16 00:59:00,79.21,79.23,79.22,79.22,43.85150897
2023-08-16 00:58:00,79.22,79.25,79.25,79.22,22.06699189
2023-08-16 00:57:00,79.22,79.26,79.26,79.24,17.62970496
2023-08-16 00:56:00,79.24,79.31,79.29,79.26,257.10157351
2023-08-16 00:55:00,79.25,79.3,79.3,79.28,47.02053868
2023-08-16 00:54:00,79.26,79.3,79.26,79.3,46.55697001
2023-08-16 00:53:00,79.26,79.31,79.31,79.27,48.91820804
2023-08-16 00:52:00,79.24,79.3,79.25,79.3,19.62964564
2023-08-16 00:51:00,79.24,79.25,79.24,79.25,53.36265439
2023-08-16 00:50:00,79.17,79.24,79.19,79.23,885.90030469
2023-08-16 00:49:00,79.14,79.19,79.15,79.19,132.85820983
2023-08-16 00:48:00,79.13,79.21,79.18,79.14,785.6910127
2023-08-16 00:47:00,79.13,79.2,79.13,79.19,72.64405032
2023-08-16 00:46:00,79.11,79.13,79.11,79.13,13.95861713
2023-08-16 00:45:00,79.03,79.11,79.04,79.11,539.70911194
2023-08-16 00:44:00,79.03,79.08,79.08,79.04,52.89002484
2023-08-16 00:43:00,79.07,79.1,79.08,79.08,55.58345886
2023-08-16 00:42:00,79.07,79.09,79.08,79.08,37.04959198
2023-08-16 00:41:00,79.07,79.08,79.08,79.08,43.20930856
2023-08-16 00:40:00,79.03,79.08,79.06,79.08,58.19149286
2023-08-16 00:39:00,79.01,79.08,79.08,79.07,128.68767411
2023-08-16 00:38:00,79.07,79.11,79.11,79.08,208.21685381
2023-08-16 00:37:00,79.11,79.16,79.15,79.11,212.40925339
2023-08-16 00:36:00,79.14,79.16,79.16,79.16,5.62317084
2023-08-16 00:35:00,79.14,79.21,79.21,79.16,49.6879476
2023-08-16 00:34:00,79.21,79.22,79.22,79.21,42.86669495
2023-08-16 00:33:00,79.19,79.24,79.24,79.2,83.57581942
2023-08-16 00:32:00,79.22,79.25,79.25,79.24,50.56377047
2023-08-16 00:31:00,79.22,79.27,79.22,79.25,72.96330625
2023-08-16 00:30:00,79.22,79.26,79.24,79.22,41.93547041
2023-08-16 00:29:00,79.21,79.23,79.22,79.22,7.03127208
2023-08-16 00:28:00,79.19,79.23,79.22,79.23,146.25116129
2023-08-16 00:27:00,79.2,79.24,79.2,79.22,24.80003087
2023-08-16 00:26:00,79.19,79.21,79.2,79.21,23.13130152
2023-08-16 00:25:00,79.2,79.23,79.22,79.2,29.13947308
2023-08-16 00:24:00,79.2,79.26,79.26,79.23,372.27204331
2023-08-16 00:23:00,79.26,79.31,79.31,79.27,177.54474313
2023-08-16 00:22:00,79.27,79.31,79.27,79.31,22.11103641
2023-08-16 00:21:00,79.27,79.29,79.29,79.28,52.7445328
2023-08-16 00:20:00,79.29,79.32,79.32,79.29,32.8386712
2023-08-16 00:19:00,79.28,79.31,79.31,79.3,42.24279346
2023-08-16 00:18:00,79.29,79.33,79.32,79.31,99.71695645
2023-08-16 00:17:00,79.29,79.33,79.29,79.32,41.30372438
2023-08-16 00:16:00,79.19,79.3,79.19,79.3,304.56696156
2023-08-16 00:15:00,79.17,79.2,79.19,79.2,83.83522579
2023-08-16 00:14:00,79.14,79.19,79.14,79.19,164.11847513
2023-08-16 00:13:00,79.14,79.17,79.16,79.14,25.17179627
2023-08-16 00:12:00,79.12,79.17,79.14,79.17,83.52012335
2023-08-16 00:11:00,79.12,79.14,79.14,79.12,15.60826173
2023-08-16 00:10:00,79.12,79.14,79.12,79.13,58.06942632
2023-08-16 00:09:00,79.12,79.24,79.22,79.13,536.92147422
2023-08-16 00:08:00,79.2,79.22,79.21,79.22,59.51512114
2023-08-16 00:07:00,79.18,79.34,79.31,79.21,1297.9051602
2023-08-16 00:06:00,79.29,79.32,79.3,79.32,131.65823285
2023-08-16 00:05:00,79.28,79.32,79.28,79.31,50.70418441
2023-08-16 00:04:00,79.22,79.27,79.23,79.27,163.25265313
2023-08-16 00:03:00,79.19,79.24,79.19,79.21,85.60711575
2023-08-16 00:02:00,79.17,79.23,79.23,79.19,39.09223249
2023-08-16 00:01:00,79.17,79.24,79.18,79.23,95.00004582
2023-08-16 00:00:00,79.16,79.19,79.18,79.18,49.37160014
2023-08-15 23:59:00,79.17,79.24,79.2,79.17,145.98596783
2023-08-15 23:58:00,79.17,79.2,79.18,79.19,21.71200527
2023-08-15 23:57:00,79.15,79.18,79.18,79.18,176.43521514
2023-08-15 23:56:00,79.16,79.19,79.18,79.18,50.04048617
2023-08-15 23:55:00,79.15,79.19,79.15,79.19,21.27891531
2023-08-15 23:54:00,79.15,79.2,79.18,79.15,163.28974148
2023-08-15 23:53:00,79.17,79.3,79.3,79.18,300.1016974
2023-08-15 23:52:00,79.28,79.31,79.3,79.28,75.63602126
2023-08-15 23:51:00,79.23,79.31,79.25,79.29,153.31540338
2023-08-15 23:50:00,79.25,79.32,79.25,79.26,154.87039427
2023-08-15 23:49:00,79.24,79.28,79.26,79.27,340.47623496
2023-08-15 23:48:00,79.27,79.32,79.31,79.27,267.67336707
2023-08-15 23:47:00,79.21,79.31,79.22,79.31,409.19061718
2023-08-15 23:46:00,79.14,79.22,79.16,79.22,349.49185649
2023-08-15 23:45:00,79.16,79.24,79.24,79.16,67.4469412
2023-08-15 23:44:00,79.23,79.27,79.27,79.24,43.38756831
2023-08-15 23:43:00,79.24,79.27,79.25,79.26,17.65968567
2023-08-15 23:42:00,79.27,79.29,79.29,79.27,14.96748153
2023-08-15 23:41:00,79.25,79.32,79.25,79.29,54.73811254
2023-08-15 23:40:00,79.19,79.26,79.2,79.26,213.5817318
2023-08-15 23:39:00,79.16,79.21,79.18,79.2,436.33738989
2023-08-15 23:38:00,79.19,79.23,79.23,79.19,21.90766948
2023-08-15 23:37:00,79.18,79.23,79.2,79.23,48.24281298
2023-08-15 23:36:00,79.18,79.21,79.18,79.2,40.84493005
2023-08-15 23:35:00,79.14,79.18,79.14,79.18,52.98879168
2023-08-16 09:35:00,78.45,78.59,78.59,78.47,143.61579476
2023-08-16 09:34:00,78.57,78.6,78.59,78.59,19.13962575
2023-08-16 09:33:00,78.62,78.68,78.68,78.62,29.39676955
2023-08-16 09:32:00,78.64,78.68,78.65,78.68,33.7174709
2023-08-16 09:31:00,78.63,78.68,78.63,78.66,31.19091602
2023-08-16 09:30:00,78.61,78.65,78.62,78.62,113.59821307
2023-08-16 09:29:00,78.63,78.67,78.67,78.63,7.96700365
2023-08-16 09:28:00,78.65,78.69,78.66,78.68,33.01265445
2023-08-16 09:27:00,78.62,78.72,78.63,78.65,104.31609976
2023-08-16 09:26:00,78.6,78.69,78.6,78.63,366.23135567
2023-08-16 09:25:00,78.6,78.7,78.68,78.6,166.14915069
2023-08-16 09:24:00,78.68,78.72,78.7,78.68,125.78846136
2023-08-16 09:23:00,78.71,78.75,78.73,78.71,107.46376598
2023-08-16 09:22:00,78.73,78.77,78.77,78.73,66.96825774
2023-08-16 09:21:00,78.77,78.83,78.83,78.78,76.25073787
2023-08-16 09:20:00,78.84,78.89,78.89,78.84,12.00112076
2023-08-16 09:19:00,78.88,78.9,78.88,78.89,89.33455553
2023-08-16 09:18:00,78.82,78.88,78.83,78.87,61.65360037
2023-08-16 09:17:00,78.82,78.84,78.82,78.83,15.77518851
2023-08-16 09:16:00,78.81,78.83,78.81,78.83,26.09628051
2023-08-16 09:15:00,78.78,78.8,78.79,78.79,25.92144175
2023-08-16 09:14:00,78.78,78.8,78.78,78.78,1.06894989
2023-08-16 09:13:00,78.79,78.83,78.83,78.81,4.63411303
2023-08-16 09:12:00,78.83,78.84,78.84,78.83,19.51736965
2023-08-16 09:11:00,78.8,78.85,78.82,78.85,59.3826143
2023-08-16 09:10:00,78.82,78.85,78.82,78.83,14.42566046
2023-08-16 09:09:00,78.8,78.86,78.86,78.82,252.74440795
2023-08-16 09:08:00,78.79,78.88,78.79,78.87,30.75713771
2023-08-16 09:07:00,78.8,78.85,78.85,78.8,8.10815039
2023-08-16 09:06:00,78.82,78.89,78.82,78.85,64.26102911
2023-08-16 09:05:00,78.82,78.86,78.86,78.85,31.15668594
2023-08-16 09:04:00,78.87,78.9,78.9,78.87,29.50468735
2023-08-16 09:03:00,78.9,78.95,78.95,78.91,37.47751552
2023-08-16 09:02:00,78.91,78.96,78.91,78.95,24.30695409
2023-08-16 09:01:00,78.88,78.92,78.92,78.89,20.93995857
2023-08-16 09:00:00,78.87,78.93,78.87,78.91,22.45814629
2023-08-16 08:59:00,78.87,78.92,78.92,78.87,16.74299153
2023-08-16 08:58:00,78.91,78.96,78.95,78.92,72.77008574
2023-08-16 08:57:00,78.94,78.98,78.97,78.94,17.26041959
2023-08-16 08:56:00,78.98,79.0,79.0,78.98,19.91679339
2023-08-16 08:55:00,78.98,79.01,79.0,78.98,10.8573779
2023-08-16 08:54:00,78.94,79.0,78.94,79.0,18.37476073
2023-08-16 08:53:00,78.94,78.95,78.95,78.94,47.91778182
2023-08-16 08:52:00,78.93,78.98,78.93,78.96,37.84782831
2023-08-16 08:51:00,78.88,78.93,78.91,78.93,1.84101489
2023-08-16 08:50:00,78.91,79.0,78.99,78.93,197.81504231
2023-08-16 08:49:00,78.92,78.99,78.93,78.98,254.8399702
2023-08-16 08:48:00,78.94,78.98,78.98,78.94,23.75259043
2023-08-16 08:47:00,78.97,79.0,78.97,78.99,2.50282597
2023-08-16 08:46:00,78.97,78.99,78.99,78.98,20.19016118
2023-08-16 08:45:00,78.98,79.01,78.99,78.99,23.5279575
2023-08-16 08:44:00,78.99,79.03,79.03,79.0,28.58985429
2023-08-16 08:43:00,78.99,79.03,79.0,79.03,26.52598618
2023-08-16 08:42:00,78.98,78.99,78.99,78.99,29.20779684
2023-08-16 08:41:00,78.98,78.99,78.98,78.99,24.90675885
2023-08-16 08:40:00,78.97,78.99,78.98,78.98,140.08065714
2023-08-16 08:39:00,78.96,78.98,78.96,78.97,11.03193649
2023-08-16 08:38:00,78.91,78.95,78.91,78.95,5.69852578
2023-08-16 08:37:00,78.88,78.9,78.89,78.9,26.13621317
2023-08-16 08:36:00,78.87,78.89,78.87,78.89,5.20303181
2023-08-16 08:35:00,78.87,78.88,78.87,78.88,34.64626782
2023-08-16 08:34:00,78.86,78.87,78.86,78.86,2.52986167
2023-08-16 08:33:00,78.84,78.86,78.85,78.86,7.4068706
2023-08-16 08:32:00,78.83,78.85,78.83,78.84,25.14353647
2023-08-16 08:31:00,78.82,78.84,78.84,78.83,30.29430243
2023-08-16 08:30:00,78.76,78.84,78.76,78.84,202.4322268
2023-08-16 08:29:00,78.75,78.76,78.75,78.75,22.43956597
2023-08-16 08:28:00,78.8,78.83,78.83,78.8,25.10363911
2023-08-16 08:27:00,78.72,78.83,78.73,78.83,31.0059445
2023-08-16 08:26:00,78.71,78.76,78.76,78.73,13.55073406
2023-08-16 08:25:00,78.76,78.77,78.77,78.76,1.90737949
2023-08-16 08:24:00,78.77,78.79,78.78,78.77,10.79566859
2023-08-16 08:23:00,78.76,78.8,78.8,78.78,152.08920566
2023-08-16 08:22:00,78.75,78.81,78.76,78.81,75.71348471
2023-08-16 08:21:00,78.77,78.81,78.81,78.77,18.37310367
2023-08-16 08:20:00,78.81,78.83,78.82,78.82,116.296196
2023-08-16 08:19:00,78.82,78.85,78.85,78.82,6.64219241
2023-08-16 08:18:00,78.83,78.85,78.85,78.85,10.26851645
2023-08-16 08:17:00,78.85,78.9,78.9,78.86,10.92585259
2023-08-16 08:16:00,78.9,78.93,78.93,78.9,21.57802635
2023-08-16 08:15:00,78.92,78.95,78.93,78.93,45.71306065
2023-08-16 08:14:00,78.91,78.94,78.92,78.94,139.21377135
2023-08-16 08:13:00,78.89,78.91,78.91,78.9,60.50285635
2023-08-16 08:12:00,78.9,78.92,78.92,78.9,17.66815144
2023-08-16 08:11:00,78.91,78.92,78.91,78.92,12.15384316
2023-08-16 08:10:00,78.9,78.92,78.91,78.91,12.06273708
2023-08-16 08:09:00,78.89,78.91,78.91,78.91,25.07385055
2023-08-16 08:08:00,78.9,78.91,78.91,78.91,9.60581951
2023-08-16 08:07:00,78.9,78.91,78.9,78.9,3.23075508
2023-08-16 08:06:00,78.89,78.91,78.9,78.9,5.59780304
2023-08-16 08:05:00,78.88,78.91,78.89,78.9,11.75943915
2023-08-16 08:04:00,78.86,78.9,78.87,78.9,62.71069421
2023-08-16 08:03:00,78.85,78.87,78.86,78.87,30.30157983
2023-08-16 08:02:00,78.83,78.87,78.83,78.85,76.84308124
2023-08-16 08:01:00,78.81,78.83,78.83,78.81,27.27246563
2023-08-16 08:00:00,78.79,78.83,78.79,78.83,37.07906541
2023-08-16 07:59:00,78.78,78.81,78.81,78.8,2.04458935
2023-08-16 07:58:00,78.85,78.86,78.86,78.85,6.9638194
2023-08-16 07:57:00,78.86,78.86,78.86,78.86,3.17428908
2023-08-16 07:56:00,78.84,78.86,78.86,78.85,15.40660394
2023-08-16 07:55:00,78.82,78.84,78.83,78.84,30.60390233
2023-08-16 07:54:00,78.82,78.85,78.85,78.82,30.06411037
2023-08-16 07:53:00,78.82,78.85,78.84,78.85,26.55551405
2023-08-16 07:52:00,78.82,78.89,78.89,78.82,149.013553
2023-08-16 07:51:00,78.88,78.89,78.89,78.88,15.81778091
2023-08-16 07:50:00,78.89,78.9,78.9,78.89,25.43875076
2023-08-16 07:49:00,78.88,78.91,78.88,78.89,15.00114319
2023-08-16 07:48:00,78.89,78.9,78.9,78.89,0.86515673
2023-08-16 07:47:00,78.89,78.97,78.95,78.9,256.5039713
2023-08-16 07:46:00,78.94,78.97,78.95,78.97,26.16290041
2023-08-16 07:45:00,78.91,78.95,78.91,78.94,79.07760929
2023-08-16 07:44:00,78.89,78.93,78.89,78.93,4.1957056
2023-08-16 07:43:00,78.88,78.92,78.89,78.9,28.39104235
2023-08-16 07:42:00,78.87,78.89,78.88,78.89,89.01442023
2023-08-16 07:41:00,78.84,78.89,78.86,78.89,39.56432713
2023-08-16 07:40:00,78.8,78.85,78.81,78.85,75.37481353
2023-08-16 07:39:00,78.77,78.82,78.78,78.82,54.09387438
2023-08-16 07:38:00,78.77,78.78,78.78,78.78,53.10717857
2023-08-16 07:37:00,78.78,78.82,78.82,78.78,15.53045028
2023-08-16 07:36:00,78.8,78.82,78.8,78.82,8.87034043
2023-08-16 07:35:00,78.77,78.81,78.77,78.81,43.60397496
2023-08-16 07:34:00,78.76,78.79,78.76,78.79,7.40003866
2023-08-16 07:33:00,78.75,78.77,78.77,78.77,20.7736824
2023-08-16 07:32:00,78.77,78.84,78.84,78.78,122.57945207
2023-08-16 07:31:00,78.78,78.81,78.81,78.81,43.85550527
2023-08-16 07:30:00,78.81,78.82,78.81,78.81,7.20263014
2023-08-16 07:29:00,78.8,78.82,78.82,78.8,36.13744371
2023-08-16 07:28:00,78.82,78.83,78.83,78.82,19.84547194
2023-08-16 07:27:00,78.81,78.83,78.81,78.83,33.80432684
2023-08-16 07:26:00,78.81,78.84,78.83,78.81,45.91815441
2023-08-16 07:25:00,78.82,78.85,78.85,78.82,46.27847888
2023-08-16 07:24:00,78.84,78.86,78.86,78.84,42.24883785
2023-08-16 07:23:00,78.84,78.86,78.85,78.86,47.36975456
2023-08-16 07:22:00,78.83,78.86,78.86,78.83,8.2252176
2023-08-16 07:21:00,78.85,78.86,78.85,78.86,10.34079452
2023-08-16 07:20:00,78.84,78.86,78.86,78.86,7.74740514
2023-08-16 07:19:00,78.85,78.86,78.85,78.85,9.19748269
2023-08-16 07:18:00,78.85,78.88,78.88,78.86,6.54340434
2023-08-16 07:17:00,78.87,78.9,78.88,78.87,6.12957245
2023-08-16 07:16:00,78.85,78.9,78.86,78.9,7.68957176
2023-08-16 07:15:00,78.85,78.91,78.91,78.85,35.75740155
2023-08-16 07:14:00,78.84,78.88,78.85,78.88,13.80380034
2023-08-16 07:13:00,78.83,78.86,78.86,78.84,94.76577725
2023-08-16 07:12:00,78.81,78.88,78.86,78.86,58.54767277
2023-08-16 07:11:00,78.86,78.89,78.86,78.87,5.03381696
2023-08-16 07:10:00,78.83,78.89,78.88,78.89,144.50799499
2023-08-16 07:09:00,78.86,78.93,78.92,78.89,236.53394563
2023-08-16 07:08:00,78.76,78.97,78.76,78.91,803.2823283
2023-08-16 07:07:00,78.77,78.81,78.8,78.77,57.92943154
2023-08-16 07:06:00,78.79,78.82,78.81,78.81,52.26830672
2023-08-16 07:05:00,78.65,78.82,78.65,78.82,1173.16858186
2023-08-16 07:04:00,78.64,78.66,78.66,78.64,7.79178176
2023-08-16 07:03:00,78.6,78.64,78.61,78.64,38.63954867
2023-08-16 07:02:00,78.59,78.62,78.61,78.62,13.90510974
2023-08-16 07:01:00,78.57,78.6,78.58,78.6,33.18410693
2023-08-16 07:00:00,78.56,78.59,78.58,78.58,49.45144183
2023-08-16 06:59:00,78.56,78.59,78.59,78.56,5.59560569
2023-08-16 06:58:00,78.58,78.6,78.6,78.58,4.78380501
2023-08-16 06:57:00,78.59,78.62,78.62,78.6,201.96554682
2023-08-16 06:56:00,78.58,78.63,78.58,78.63,42.49390683
2023-08-16 06:55:00,78.52,78.57,78.52,78.57,50.78868712
2023-08-16 06:54:00,78.46,78.52,78.49,78.52,46.81414023
2023-08-16 06:53:00,78.46,78.48,78.46,78.48,25.64110248
2023-08-16 06:52:00,78.44,78.46,78.45,78.46,12.55395311
2023-08-16 06:51:00,78.43,78.45,78.43,78.44,8.00182886
2023-08-16 06:50:00,78.4,78.46,78.46,78.41,87.59946018
2023-08-16 06:49:00,78.43,78.46,78.44,78.46,4.20841105
2023-08-16 06:48:00,78.41,78.46,78.44,78.41,96.05283368
2023-08-16 06:47:00,78.41,78.44,78.42,78.44,17.91140576
2023-08-16 06:46:00,78.4,78.42,78.41,78.4,45.97536404
2023-08-16 06:45:00,78.38,78.43,78.43,78.41,125.29410333
2023-08-16 06:44:00,78.41,78.43,78.42,78.43,30.27057896
2023-08-16 06:43:00,78.39,78.43,78.41,78.43,31.22568173
2023-08-16 06:42:00,78.38,78.42,78.42,78.39,30.48728921
2023-08-16 06:41:00,78.39,78.42,78.39,78.41,108.46972006
2023-08-16 06:40:00,78.39,78.42,78.42,78.4,312.30738386
2023-08-16 06:39:00,78.41,78.43,78.41,78.43,87.17234321
2023-08-16 06:38:00,78.35,78.4,78.36,78.4,168.21752745
2023-08-16 06:37:00,78.32,78.36,78.32,78.36,10.12598479
2023-08-16 06:36:00,78.3,78.33,78.3,78.33,23.52643898
2023-08-16 06:35:00,78.26,78.31,78.27,78.31,30.02580778
2023-08-16 06:34:00,78.24,78.27,78.24,78.27,43.52530514
2023-08-16 06:33:00,78.22,78.28,78.28,78.25,113.48689549
2023-08-16 06:32:00,78.25,78.28,78.25,78.28,49.62018044
2023-08-16 06:31:00,78.25,78.26,78.25,78.25,5.63116492
2023-08-16 06:30:00,78.23,78.25,78.25,78.24,32.44672866
2023-08-16 06:29:00,78.26,78.27,78.26,78.27,131.09246887
2023-08-16 06:28:00,78.23,78.28,78.28,78.26,118.03101053
2023-08-16 06:27:00,78.24,78.28,78.24,78.28,257.72302135
2023-08-16 06:26:00,78.25,78.29,78.28,78.26,1.83300675
2023-08-16 06:25:00,78.24,78.31,78.31,78.29,46.76684314
2023-08-16 06:24:00,78.29,78.33,78.32,78.32,20.63455903
2023-08-16 06:23:00,78.28,78.37,78.37,78.33,364.18913585
2023-08-16 06:22:00,78.39,78.44,78.44,78.39,78.25641406
2023-08-16 06:21:00,78.42,78.44,78.42,78.44,8.19754794
2023-08-16 06:20:00,78.43,78.48,78.48,78.43,56.60067986
2023-08-16 06:19:00,78.47,78.5,78.47,78.49,8.52477363
2023-08-16 06:18:00,78.39,78.43,78.39,78.43,82.97003883
2023-08-16 06:17:00,78.35,78.39,78.35,78.38,40.56062938
2023-08-16 06:16:00,78.32,78.36,78.32,78.36,26.51730332
2023-08-16 06:15:00,78.29,78.32,78.31,78.32,12.78138314
2023-08-16 06:14:00,78.3,78.32,78.32,78.32,13.91058662
2023-08-16 06:13:00,78.3,78.33,78.32,78.32,31.9982792
2023-08-16 06:12:00,78.3,78.35,78.3,78.31,128.59117515
2023-08-16 06:11:00,78.26,78.31,78.26,78.3,121.18056325
2023-08-16 06:10:00,78.24,78.28,78.24,78.26,136.55181505
2023-08-16 06:09:00,78.24,78.28,78.26,78.26,45.89211363
2023-08-16 06:08:00,78.28,78.31,78.3,78.28,15.91924463
2023-08-16 06:07:00,78.23,78.31,78.31,78.29,40.01672927
2023-08-16 06:06:00,78.29,78.33,78.3,78.32,160.21074448
2023-08-16 06:05:00,78.28,78.31,78.28,78.29,24.9507986
2023-08-16 06:04:00,78.29,78.38,78.38,78.31,1078.26479218
2023-08-16 06:03:00,78.39,78.44,78.44,78.39,17.09162984
2023-08-16 06:02:00,78.44,78.49,78.49,78.44,12.96433836
2023-08-16 06:01:00,78.46,78.5,78.46,78.49,30.13748044
2023-08-16 06:00:00,78.42,78.5,78.46,78.46,39.60994484
2023-08-16 05:59:00,78.44,78.47,78.46,78.45,26.34069404
2023-08-16 05:58:00,78.44,78.47,78.45,78.45,52.15026577
2023-08-16 05:57:00,78.43,78.45,78.45,78.45,12.50702914
2023-08-16 05:56:00,78.47,78.53,78.52,78.47,53.0413665
2023-08-16 05:55:00,78.49,78.52,78.49,78.52,11.66092928
2023-08-16 05:54:00,78.47,78.49,78.48,78.47,24.64277194
2023-08-16 05:53:00,78.43,78.48,78.43,78.47,31.61991966
2023-08-16 05:52:00,78.37,78.47,78.47,78.43,133.72604284
2023-08-16 05:51:00,78.44,78.48,78.45,78.48,8.28158207
2023-08-16 05:50:00,78.41,78.44,78.42,78.44,13.36929001
2023-08-16 05:49:00,78.39,78.42,78.4,78.42,30.54098088
2023-08-16 05:48:00,78.34,78.41,78.36,78.41,516.02967377
2023-08-16 05:47:00,78.29,78.39,78.29,78.35,1061.64493703
2023-08-16 05:46:00,78.24,78.29,78.25,78.28,79.03696666
2023-08-16 05:45:00,78.22,78.28,78.22,78.25,189.45966698
2023-08-16 05:44:00,78.23,78.3,78.28,78.23,85.03551241
2023-08-16 05:43:00,78.25,78.29,78.28,78.28,37.9035963
2023-08-16 05:42:00,78.28,78.34,78.34,78.29,170.3706199
2023-08-16 05:41:00,78.3,78.34,78.3,78.33,32.24571405
2023-08-16 05:40:00,78.22,78.31,78.29,78.29,480.96667378
2023-08-16 05:39:00,78.3,78.35,78.32,78.34,113.17355741
2023-08-16 05:38:00,78.32,78.39,78.37,78.32,128.87384251
2023-08-16 05:37:00,78.32,78.4,78.33,78.4,50.99809181
2023-08-16 05:36:00,78.29,78.39,78.38,78.33,542.19751431
2023-08-16 05:35:00,78.38,78.44,78.44,78.39,164.52570755
2023-08-16 05:34:00,78.44,78.46,78.46,78.45,4.74698839
2023-08-16 05:33:00,78.46,78.49,78.47,78.46,19.23408684
2023-08-16 05:32:00,78.45,78.49,78.49,78.46,163.46941604
2023-08-16 05:31:00,78.49,78.52,78.5,78.5,76.76857082
2023-08-16 05:30:00,78.48,78.54,78.5,78.52,266.53813876
2023-08-16 05:29:00,78.49,78.54,78.52,78.51,79.69926753
2023-08-16 05:28:00,78.5,78.53,78.51,78.53,105.73345159
2023-08-16 05:27:00,78.52,78.58,78.57,78.52,100.14635848
2023-08-16 05:26:00,78.53,78.58,78.53,78.57,243.81922894
2023-08-16 05:25:00,78.44,78.52,78.46,78.52,23.91308641
2023-08-16 05:24:00,78.44,78.47,78.46,78.46,61.4508993
2023-08-16 05:23:00,78.4,78.48,78.4,78.46,104.05035192
2023-08-16 05:22:00,78.45,78.49,78.47,78.45,98.95617815
2023-08-16 05:21:00,78.43,78.49,78.49,78.47,425.34693419
2023-08-16 05:20:00,78.48,78.51,78.5,78.48,23.23144988
2023-08-16 05:19:00,78.51,78.58,78.57,78.51,59.19665159
2023-08-16 05:18:00,78.54,78.57,78.57,78.56,60.79760909
2023-08-16 05:17:00,78.57,78.6,78.6,78.58,68.70313274
2023-08-16 05:16:00,78.59,78.64,78.64,78.6,138.73060124
2023-08-16 05:15:00,78.62,78.67,78.67,78.64,272.69897794
2023-08-16 05:14:00,78.67,78.71,78.7,78.67,65.86037277
2023-08-16 05:13:00,78.68,78.71,78.68,78.71,15.19363322
2023-08-16 05:12:00,78.65,78.69,78.67,78.68,31.28011041
2023-08-16 05:11:00,78.6,78.67,78.6,78.67,171.1467469
2023-08-16 05:10:00,78.6,78.62,78.6,78.61,10.45670855
2023-08-16 05:09:00,78.57,78.61,78.57,78.61,15.90150464
2023-08-16 05:08:00,78.53,78.57,78.55,78.55,70.99703591
2023-08-16 05:07:00,78.44,78.55,78.45,78.54,194.06639118
2023-08-16 05:06:00,78.41,78.47,78.45,78.47,81.65701491
2023-08-16 05:05:00,78.41,78.53,78.53,78.45,305.84801291
2023-08-16 05:04:00,78.48,78.58,78.49,78.52,280.58312733
2023-08-16 05:03:00,78.5,78.64,78.64,78.5,531.58466258
2023-08-16 05:02:00,78.61,78.67,78.66,78.64,214.96041765
2023-08-16 05:01:00,78.68,78.71,78.71,78.68,8.73845779
2023-08-16 05:00:00,78.69,78.76,78.75,78.71,227.2818451
2023-08-16 04:59:00,78.74,78.76,78.75,78.76,41.18905631
2023-08-16 04:58:00,78.73,78.78,78.75,78.78,86.34167866
2023-08-16 04:57:00,78.73,78.77,78.74,78.77,381.32234402
2023-08-16 04:56:00,78.76,78.79,78.79,78.78,56.98857739
2023-08-16 04:55:00,78.82,78.86,78.85,78.82,70.94823355
2023-08-16 04:54:00,78.75,78.86,78.75,78.85,428.69679422
2023-08-16 04:53:00,78.72,78.77,78.72,78.77,9.85749681
2023-08-16 04:52:00,78.7,78.76,78.76,78.73,254.89673917
2023-08-16 04:51:00,78.67,78.77,78.76,78.77,125.86106401
2023-08-16 04:50:00,78.8,78.83,78.83,78.8,18.57924219
2023-08-16 04:49:00,78.8,78.83,78.82,78.82,31.95641142
2023-08-16 04:48:00,78.79,78.82,78.8,78.82,21.07733217
2023-08-16 04:47:00,78.78,78.83,78.83,78.8,182.33471222
2023-08-16 04:46:00,78.84,78.89,78.89,78.84,50.30621733
2023-08-16 04:45:00,78.89,78.9,78.9,78.89,10.76500708
2023-08-16 04:44:00,78.89,78.9,78.89,78.9,53.63438584
2023-08-16 04:43:00,78.88,78.9,78.9,78.89,68.67384337
2023-08-16 04:42:00,78.91,78.94,78.91,78.91,38.7956663
2023-08-16 04:41:00,78.9,78.96,78.94,78.92,202.59081897
2023-08-16 04:40:00,78.94,78.96,78.95,78.94,42.82186878
2023-08-16 04:39:00,78.93,78.94,78.94,78.93,12.06453695
2023-08-16 04:38:00,78.91,78.95,78.91,78.95,55.37498855
2023-08-16 04:37:00,78.87,78.91,78.88,78.91,53.02689564
2023-08-16 04:36:00,78.88,78.91,78.91,78.89,22.35616017
2023-08-16 04:35:00,78.87,78.94,78.88,78.92,268.34334495
2023-08-16 14:35:00,78.05,78.09,78.07,78.08,40.57150641
2023-08-16 14:34:00,78.03,78.08,78.06,78.06,89.89647521
2023-08-16 14:33:00,78.06,78.07,78.06,78.07,49.74789956
2023-08-16 14:32:00,78.03,78.08,78.08,78.04,307.30831913
2023-08-16 14:31:00,78.05,78.08,78.05,78.07,43.92236786
2023-08-16 14:30:00,77.98,78.06,77.98,78.05,618.99128965
2023-08-16 14:29:00,77.95,77.99,77.96,77.99,85.03185496
2023-08-16 14:28:00,77.95,77.99,77.98,77.96,45.40547926
2023-08-16 14:27:00,77.93,77.98,77.98,77.98,23.08270785
2023-08-16 14:26:00,77.93,77.98,77.94,77.97,37.51055337
2023-08-16 14:25:00,77.88,77.94,77.9,77.93,30.4043688
2023-08-16 14:24:00,77.9,77.95,77.93,77.9,91.21322133
2023-08-16 14:23:00,77.93,77.97,77.97,77.95,112.80485044
2023-08-16 14:22:00,77.95,77.99,77.95,77.97,43.84848522
2023-08-16 14:21:00,77.93,77.96,77.96,77.95,45.31461532
2023-08-16 14:20:00,77.91,77.96,77.94,77.96,29.64414157
2023-08-16 14:19:00,77.92,77.97,77.94,77.95,27.74487833
2023-08-16 14:18:00,77.89,77.95,77.91,77.94,32.1316685
2023-08-16 14:17:00,77.87,77.91,77.87,77.91,148.79722702
2023-08-16 14:16:00,77.84,77.9,77.84,77.87,82.14154525
2023-08-16 14:15:00,77.78,77.85,77.78,77.85,53.38087437
2023-08-16 14:14:00,77.75,77.81,77.81,77.78,24.57760667
2023-08-16 14:13:00,77.81,77.89,77.89,77.82,13.1347969
2023-08-16 14:12:00,77.87,77.93,77.88,77.9,185.80124848
2023-08-16 14:11:00,77.84,77.87,77.84,77.86,78.70553276
2023-08-16 14:10:00,77.76,77.84,77.79,77.84,94.25627012
2023-08-16 14:09:00,77.76,77.83,77.82,77.81,56.37284041
2023-08-16 14:08:00,77.81,77.85,77.82,77.83,67.35370198
2023-08-16 14:07:00,77.77,77.84,77.78,77.78,300.23401171
2023-08-16 14:06:00,77.7,77.78,77.7,77.76,353.78229965
2023-08-16 14:05:00,77.52,77.63,77.52,77.63,213.61799907
2023-08-16 14:04:00,77.41,77.51,77.43,77.51,266.31795757
2023-08-16 14:03:00,77.36,77.56,77.56,77.42,742.691714
2023-08-16 14:02:00,77.56,77.64,77.56,77.6,166.26497002
2023-08-16 14:01:00,77.55,77.66,77.65,77.55,95.77925244
2023-08-16 14:00:00,77.57,77.69,77.6,77.69,62.76999378
2023-08-16 13:59:00,77.6,77.67,77.66,77.62,1172.86388894
2023-08-16 13:58:00,77.64,77.74,77.68,77.67,136.15941142
2023-08-16 13:57:00,77.67,77.76,77.73,77.71,75.46270102
2023-08-16 13:56:00,77.64,77.73,77.66,77.73,94.42137376
2023-08-16 13:55:00,77.6,77.7,77.6,77.6,37.10782563
2023-08-16 13:54:00,77.59,77.79,77.78,77.6,464.55633665
2023-08-16 13:53:00,77.77,77.85,77.83,77.78,57.98377651
2023-08-16 13:52:00,77.81,77.91,77.91,77.81,359.08524732
2023-08-16 13:51:00,77.91,78.03,78.0,77.92,113.93764911
2023-08-16 13:50:00,77.99,78.08,78.06,78.01,260.64444787
2023-08-16 13:49:00,78.04,78.08,78.07,78.04,91.8966449
2023-08-16 13:48:00,78.06,78.11,78.08,78.07,446.28507516
2023-08-16 13:47:00,77.99,78.06,77.99,78.06,43.96244265
2023-08-16 13:46:00,77.91,77.98,77.98,77.96,87.67716443
2023-08-16 13:45:00,77.95,78.03,77.95,77.99,396.3248844
2023-08-16 13:44:00,77.7,77.94,77.72,77.93,372.28821699
2023-08-16 13:43:00,77.52,77.75,77.74,77.69,3083.2055329
2023-08-16 13:42:00,77.8,77.89,77.85,77.83,184.50313612
2023-08-16 13:41:00,77.76,77.88,77.83,77.88,292.5924062
2023-08-16 13:40:00,77.66,77.82,77.71,77.82,263.49938628
2023-08-16 13:39:00,77.7,77.77,77.74,77.71,56.14277073
2023-08-16 13:38:00,77.74,77.83,77.8,77.76,260.09592131
2023-08-16 13:37:00,77.79,77.95,77.89,77.79,69.03158465
2023-08-16 13:36:00,77.79,77.88,77.81,77.88,132.8086015
2023-08-16 13:35:00,77.75,77.89,77.89,77.82,338.9400188
2023-08-16 13:34:00,77.91,78.02,78.0,77.91,349.75500717
2023-08-16 13:33:00,77.91,78.0,77.91,78.0,171.25984782
2023-08-16 13:32:00,77.89,77.94,77.94,77.91,18.35720153
2023-08-16 13:31:00,77.78,77.98,77.92,77.95,357.85493134
2023-08-16 13:30:00,77.94,78.0,77.97,77.94,86.60182603
2023-08-16 13:29:00,77.91,77.98,77.92,77.96,249.37254594
2023-08-16 13:28:00,77.9,77.93,77.93,77.91,42.92007357
2023-08-16 13:27:00,77.95,77.99,77.98,77.95,48.3681125
2023-08-16 13:26:00,77.98,78.03,78.01,77.99,16.79476516
2023-08-16 13:25:00,77.97,78.04,77.98,78.01,158.40070638
2023-08-16 13:24:00,77.99,78.08,78.07,78.0,70.66297687
2023-08-16 13:23:00,78.01,78.08,78.07,78.08,142.74587008
2023-08-16 13:22:00,78.06,78.1,78.06,78.07,175.38687326
2023-08-16 13:21:00,78.07,78.11,78.11,78.07,33.66170077
2023-08-16 13:20:00,78.1,78.21,78.21,78.11,54.38597684
2023-08-16 13:19:00,78.2,78.25,78.2,78.22,206.59128069
2023-08-16 13:18:00,78.15,78.2,78.17,78.19,287.3457772
2023-08-16 13:17:00,78.05,78.17,78.08,78.17,76.38971555
2023-08-16 13:16:00,78.08,78.11,78.1,78.1,38.55595753
2023-08-16 13:15:00,78.06,78.26,78.25,78.11,1637.98699485
2023-08-16 13:14:00,78.22,78.26,78.26,78.25,225.35046334
2023-08-16 13:13:00,78.22,78.27,78.24,78.27,42.06636952
2023-08-16 13:12:00,78.22,78.25,78.22,78.25,84.52122892
2023-08-16 13:11:00,78.21,78.31,78.31,78.21,100.95026247
2023-08-16 13:10:00,78.3,78.36,78.35,78.34,54.6166341
2023-08-16 13:09:00,78.25,78.35,78.25,78.35,98.50231849
2023-08-16 13:08:00,78.25,78.3,78.27,78.26,50.22158805
2023-08-16 13:07:00,78.28,78.35,78.34,78.28,20.23182333
2023-08-16 13:06:00,78.33,78.38,78.37,78.34,67.08138212
2023-08-16 13:05:00,78.35,78.37,78.35,78.37,35.81601988
2023-08-16 13:04:00,78.33,78.35,78.34,78.35,11.39333715
2023-08-16 13:03:00,78.27,78.34,78.31,78.33,66.75558118
2023-08-16 13:02:00,78.24,78.34,78.24,78.32,165.27328046
2023-08-16 13:01:00,78.24,78.27,78.24,78.26,14.33817496
2023-08-16 13:00:00,78.23,78.27,78.27,78.23,137.41223157
2023-08-16 12:59:00,78.27,78.3,78.3,78.29,26.10366113
2023-08-16 12:58:00,78.29,78.33,78.33,78.29,25.15651366
2023-08-16 12:57:00,78.31,78.36,78.35,78.33,38.92125721
2023-08-16 12:56:00,78.34,78.36,78.34,78.35,22.02606449
2023-08-16 12:55:00,78.34,78.44,78.44,78.34,73.02664082
2023-08-16 12:54:00,78.41,78.46,78.46,78.46,47.32341514
2023-08-16 12:53:00,78.37,78.48,78.37,78.46,280.53679977
2023-08-16 12:52:00,78.36,78.42,78.37,78.36,62.91693515
2023-08-16 12:51:00,78.35,78.47,78.47,78.35,114.91744612
2023-08-16 12:50:00,78.45,78.48,78.48,78.45,21.84128386
2023-08-16 12:49:00,78.49,78.58,78.58,78.49,199.62707066
2023-08-16 12:48:00,78.5,78.64,78.5,78.59,83.54964505
2023-08-16 12:47:00,78.5,78.53,78.51,78.52,87.36164848
2023-08-16 12:46:00,78.5,78.64,78.64,78.52,161.14765373
2023-08-16 12:45:00,78.42,78.65,78.42,78.64,411.0539603
2023-08-16 12:44:00,78.42,78.48,78.44,78.46,58.5653017
2023-08-16 12:43:00,78.32,78.43,78.34,78.42,178.05418915
2023-08-16 12:42:00,78.28,78.39,78.28,78.37,346.83777852
2023-08-16 12:41:00,78.17,78.35,78.2,78.31,359.52225707
2023-08-16 12:40:00,77.82,78.19,78.0,78.19,2378.37468618
2023-08-16 12:39:00,77.98,78.02,78.0,78.0,127.19020675
2023-08-16 12:38:00,77.94,78.0,78.0,77.98,37.2779111
2023-08-16 12:37:00,77.97,78.13,78.12,78.0,98.0597878
2023-08-16 12:36:00,78.05,78.17,78.16,78.11,79.21669955
2023-08-16 12:35:00,78.11,78.18,78.16,78.18,114.9765871
2023-08-16 12:34:00,78.07,78.19,78.07,78.17,206.50110241
2023-08-16 12:33:00,78.0,78.1,78.05,78.06,60.929973
2023-08-16 12:32:00,77.99,78.07,78.03,78.05,181.06660897
2023-08-16 12:31:00,77.9,78.05,78.04,77.98,169.03562073
2023-08-16 12:30:00,77.85,78.04,77.85,78.03,387.72036319
2023-08-16 12:29:00,77.75,77.87,77.87,77.77,85.06921164
2023-08-16 12:28:00,77.68,77.93,77.89,77.85,1721.91651655
2023-08-16 12:27:00,77.87,77.97,77.91,77.89,295.08631369
2023-08-16 12:26:00,77.93,78.06,77.95,77.94,199.12165984
2023-08-16 12:25:00,77.91,78.13,78.08,77.96,2290.59719417
2023-08-16 12:24:00,78.06,78.2,78.18,78.1,238.59727913
2023-08-16 12:23:00,78.04,78.18,78.12,78.18,140.83946593
2023-08-16 12:22:00,78.13,78.25,78.25,78.15,119.04419804
2023-08-16 12:21:00,78.17,78.26,78.22,78.23,117.37862946
2023-08-16 12:20:00,78.1,78.22,78.2,78.21,184.61708513
2023-08-16 12:19:00,78.19,78.27,78.21,78.19,420.9718823
2023-08-16 12:18:00,77.88,78.26,77.96,78.24,1416.55721054
2023-08-16 12:17:00,77.81,78.34,78.34,77.97,8062.70086554
2023-08-16 12:16:00,78.34,78.46,78.45,78.34,201.61986504
2023-08-16 12:15:00,78.46,78.48,78.48,78.46,22.9630114
2023-08-16 12:14:00,78.45,78.49,78.45,78.48,64.6223944
2023-08-16 12:13:00,78.43,78.47,78.43,78.47,66.95564853
2023-08-16 12:12:00,78.42,78.44,78.44,78.43,29.92237181
2023-08-16 12:11:00,78.44,78.46,78.46,78.44,21.19884048
2023-08-16 12:10:00,78.45,78.5,78.5,78.47,51.18967812
2023-08-16 12:09:00,78.49,78.51,78.5,78.5,26.05432044
2023-08-16 12:08:00,78.5,78.56,78.55,78.5,38.68092846
2023-08-16 12:07:00,78.54,78.56,78.56,78.56,21.16016439
2023-08-16 12:06:00,78.55,78.56,78.56,78.55,63.01851666
2023-08-16 12:05:00,78.54,78.57,78.57,78.55,40.01499416
2023-08-16 12:04:00,78.56,78.63,78.63,78.57,44.60276286
2023-08-16 12:03:00,78.61,78.63,78.63,78.62,24.44860952
2023-08-16 12:02:00,78.61,78.63,78.63,78.61,13.96421617
2023-08-16 12:01:00,78.61,78.64,78.63,78.63,97.88634258
2023-08-16 12:00:00,78.63,78.66,78.66,78.63,158.06772547
2023-08-16 11:59:00,78.65,78.69,78.68,78.65,101.16148342
2023-08-16 11:58:00,78.68,78.69,78.69,78.69,21.15118369
2023-08-16 11:57:00,78.67,78.69,78.67,78.68,142.84334437
2023-08-16 11:56:00,78.64,78.67,78.64,78.67,159.02147991
2023-08-16 11:55:00,78.62,78.63,78.63,78.63,111.73752431
2023-08-16 11:54:00,78.62,78.64,78.64,78.64,4.45917464
2023-08-16 11:53:00,78.62,78.65,78.64,78.63,364.111535
2023-08-16 11:52:00,78.64,78.65,78.64,78.65,2.71631961
2023-08-16 11:51:00,78.63,78.65,78.63,78.65,22.64324462
2023-08-16 11:50:00,78.58,78.63,78.58,78.63,53.68963179
2023-08-16 11:49:00,78.58,78.6,78.59,78.59,31.14630189
2023-08-16 11:48:00,78.58,78.64,78.63,78.59,73.2239133
2023-08-16 11:47:00,78.61,78.63,78.62,78.62,16.03902606
2023-08-16 11:46:00,78.62,78.65,78.64,78.62,6.39649438
2023-08-16 11:45:00,78.63,78.65,78.64,78.65,39.05512841
2023-08-16 11:44:00,78.65,78.65,78.65,78.65,8.89036896
2023-08-16 11:43:00,78.63,78.66,78.63,78.66,9.46448952
2023-08-16 11:42:00,78.65,78.68,78.68,78.66,18.72501792
2023-08-16 11:41:00,78.67,78.7,78.68,78.67,54.08119376
2023-08-16 11:40:00,78.67,78.72,78.7,78.68,106.76673478
2023-08-16 11:39:00,78.68,78.74,78.74,78.7,313.7698604
2023-08-16 11:38:00,78.73,78.76,78.75,78.74,39.24054159
2023-08-16 11:37:00,78.74,78.79,78.78,78.75,27.57127213
2023-08-16 11:36:00,78.78,78.79,78.79,78.79,6.87405374
2023-08-16 11:35:00,78.78,78.81,78.8,78.78,87.26980816
2023-08-16 11:34:00,78.8,78.82,78.81,78.81,25.63534997
2023-08-16 11:33:00,78.79,78.81,78.8,78.81,274.9846792
2023-08-16 11:32:00,78.78,78.8,78.79,78.79,106.33280894
2023-08-16 11:31:00,78.77,78.83,78.83,78.78,33.47865117
2023-08-16 11:30:00,78.83,78.84,78.84,78.83,12.49224814
2023-08-16 11:29:00,78.82,78.86,78.86,78.83,23.27837191
2023-08-16 11:28:00,78.85,78.87,78.87,78.86,20.35712605
2023-08-16 11:27:00,78.79,78.86,78.8,78.86,55.52489364
2023-08-16 11:26:00,78.79,78.8,78.8,78.8,21.68334599
2023-08-16 11:25:00,78.79,78.82,78.81,78.8,16.07807136
2023-08-16 11:24:00,78.8,78.82,78.8,78.81,12.80772002
2023-08-16 11:23:00,78.79,78.8,78.8,78.8,71.47011819
2023-08-16 11:22:00,78.81,78.86,78.86,78.81,8.5883067
2023-08-16 11:21:00,78.86,78.87,78.87,78.86,4.10562493
2023-08-16 11:20:00,78.85,78.87,78.85,78.87,8.56631672
2023-08-16 11:19:00,78.86,78.88,78.88,78.86,11.20759409
2023-08-16 11:18:00,78.85,78.88,78.85,78.88,11.82743485
2023-08-16 11:17:00,78.81,78.84,78.82,78.84,12.64812323
2023-08-16 11:16:00,78.81,78.82,78.82,78.82,10.99203885
2023-08-16 11:15:00,78.78,78.82,78.79,78.82,11.46361853
2023-08-16 11:14:00,78.79,78.81,78.8,78.8,14.89036813
2023-08-16 11:13:00,78.8,78.83,78.81,78.81,43.12459481
2023-08-16 11:12:00,78.8,78.81,78.8,78.8,35.00786319
2023-08-16 11:11:00,78.76,78.8,78.77,78.8,10.37278761
2023-08-16 11:10:00,78.8,78.83,78.82,78.8,14.56056098
2023-08-16 11:09:00,78.82,78.83,78.83,78.83,8.59295171
2023-08-16 11:08:00,78.82,78.85,78.82,78.84,46.13694837
2023-08-16 11:07:00,78.78,78.83,78.79,78.82,25.71784934
2023-08-16 11:06:00,78.77,78.78,78.77,78.78,5.22206861
2023-08-16 11:05:00,78.75,78.77,78.77,78.77,42.11574812
2023-08-16 11:04:00,78.77,78.78,78.77,78.78,4.59913704
2023-08-16 11:03:00,78.77,78.79,78.77,78.78,5.39041573
2023-08-16 11:02:00,78.78,78.82,78.82,78.79,118.87724764
2023-08-16 11:01:00,78.83,78.87,78.87,78.83,7.31779363
2023-08-16 11:00:00,78.86,78.89,78.86,78.87,7.48180858
2023-08-16 10:59:00,78.86,78.87,78.87,78.86,13.02525709
2023-08-16 10:58:00,78.86,78.87,78.86,78.87,8.19880835
2023-08-16 10:57:00,78.81,78.87,78.82,78.87,20.27957224
2023-08-16 10:56:00,78.81,78.83,78.82,78.81,13.26576608
2023-08-16 10:55:00,78.79,78.84,78.79,78.83,17.57222535
2023-08-16 10:54:00,78.8,78.82,78.82,78.81,45.60869052
2023-08-16 10:53:00,78.81,78.84,78.84,78.81,3.94268644
2023-08-16 10:52:00,78.83,78.87,78.87,78.84,15.39573779
2023-08-16 10:51:00,78.85,78.89,78.86,78.89,62.02622224
2023-08-16 10:50:00,78.85,78.86,78.85,78.86,6.6781716
2023-08-16 10:49:00,78.85,78.86,78.86,78.85,6.82100453
2023-08-16 10:48:00,78.84,78.86,78.86,78.84,8.36383002
2023-08-16 10:47:00,78.86,78.88,78.88,78.86,3.12526164
2023-08-16 10:46:00,78.85,78.91,78.85,78.87,22.29001906
2023-08-16 10:45:00,78.82,78.86,78.82,78.84,58.34624238
2023-08-16 10:44:00,78.81,78.83,78.81,78.82,7.90436044
2023-08-16 10:43:00,78.81,78.82,78.81,78.82,12.84778211
2023-08-16 10:42:00,78.81,78.83,78.82,78.82,4.16493603
2023-08-16 10:41:00,78.83,78.84,78.83,78.84,35.23760526
2023-08-16 10:40:00,78.82,78.87,78.86,78.83,35.46894512
2023-08-16 10:39:00,78.86,78.88,78.87,78.86,6.81557156
2023-08-16 10:38:00,78.88,78.95,78.95,78.9,40.53866958
2023-08-16 10:37:00,78.95,78.96,78.96,78.95,17.203835
2023-08-16 10:36:00,78.95,78.97,78.96,78.96,14.65851913
2023-08-16 10:35:00,78.93,78.96,78.93,78.96,27.28094571
2023-08-16 10:34:00,78.93,78.94,78.94,78.93,17.57713028
2023-08-16 10:33:00,78.92,78.94,78.94,78.94,34.26713032
2023-08-16 10:32:00,78.91,78.93,78.92,78.92,6.19150091
2023-08-16 10:31:00,78.91,78.92,78.92,78.92,6.40184693
2023-08-16 10:30:00,78.87,78.92,78.87,78.92,22.94484152
2023-08-16 10:29:00,78.86,78.87,78.86,78.87,16.04833298
2023-08-16 10:28:00,78.84,78.88,78.87,78.87,16.94070441
2023-08-16 10:27:00,78.84,78.86,78.85,78.85,11.58553002
2023-08-16 10:26:00,78.82,78.86,78.82,78.86,11.30600208
2023-08-16 10:25:00,78.82,78.83,78.82,78.83,30.23088814
2023-08-16 10:24:00,78.81,78.82,78.81,78.82,7.96550238
2023-08-16 10:23:00,78.8,78.82,78.8,78.82,21.69355765
2023-08-16 10:22:00,78.79,78.82,78.8,78.8,15.85098356
2023-08-16 10:21:00,78.8,78.82,78.82,78.8,27.54883468
2023-08-16 10:20:00,78.78,78.82,78.78,78.82,79.74709716
2023-08-16 10:19:00,78.77,78.81,78.78,78.78,194.11945921
2023-08-16 10:18:00,78.76,78.78,78.76,78.78,6.19052631
2023-08-16 10:17:00,78.73,78.75,78.73,78.75,15.8981288
2023-08-16 10:16:00,78.74,78.75,78.74,78.75,2.85644306
2023-08-16 10:15:00,78.71,78.74,78.71,78.74,14.45898139
2023-08-16 10:14:00,78.64,78.7,78.64,78.7,74.26536155
2023-08-16 10:13:00,78.61,78.65,78.62,78.64,21.36574198
2023-08-16 10:12:00,78.62,78.63,78.62,78.62,8.63562195
2023-08-16 10:11:00,78.6,78.63,78.62,78.6,14.54350115
2023-08-16 10:10:00,78.59,78.64,78.6,78.62,75.11226311
2023-08-16 10:09:00,78.6,78.61,78.6,78.6,18.29279364
2023-08-16 10:08:00,78.57,78.6,78.59,78.6,23.24729192
2023-08-16 10:07:00,78.55,78.59,78.57,78.59,201.35480918
2023-08-16 10:06:00,78.54,78.63,78.63,78.57,269.33147274
2023-08-16 10:05:00,78.61,78.63,78.62,78.61,15.92232099
2023-08-16 10:04:00,78.6,78.62,78.62,78.62,22.24234943
2023-08-16 10:03:00,78.58,78.62,78.62,78.62,17.39201496
2023-08-16 10:02:00,78.58,78.62,78.61,78.62,4.35092592
2023-08-16 10:01:00,78.58,78.6,78.6,78.6,21.00642862
2023-08-16 10:00:00,78.57,78.61,78.57,78.61,58.96347475
2023-08-16 09:59:00,78.56,78.57,78.56,78.57,41.07838784
2023-08-16 09:58:00,78.55,78.56,78.56,78.56,28.65142013
2023-08-16 09:57:00,78.5,78.55,78.51,78.55,28.17190792
2023-08-16 09:56:00,78.41,78.49,78.41,78.49,18.25067799
2023-08-16 09:55:00,78.38,78.44,78.38,78.41,384.9055624
2023-08-16 09:54:00,78.41,78.54,78.54,78.42,112.26738639
2023-08-16 09:53:00,78.52,78.57,78.52,78.53,26.49268019
2023-08-16 09:52:00,78.48,78.56,78.53,78.48,582.29628849
2023-08-16 09:51:00,78.49,78.55,78.51,78.55,5.32788003
2023-08-16 09:50:00,78.5,78.55,78.53,78.51,24.27357385
2023-08-16 09:49:00,78.52,78.57,78.57,78.54,59.03093261
2023-08-16 09:48:00,78.5,78.57,78.51,78.57,157.04127057
2023-08-16 09:47:00,78.49,78.52,78.5,78.5,30.47343228
2023-08-16 09:46:00,78.5,78.57,78.56,78.5,105.68566659
2023-08-16 09:45:00,78.48,78.58,78.52,78.56,466.37495259
2023-08-16 09:44:00,78.53,78.56,78.55,78.53,21.82566495
2023-08-16 09:43:00,78.5,78.55,78.52,78.55,46.7611327
2023-08-16 09:42:00,78.49,78.52,78.49,78.5,77.23597989
2023-08-16 09:41:00,78.48,78.52,78.48,78.51,92.03908652
2023-08-16 09:40:00,78.41,78.47,78.41,78.47,67.29007096
2023-08-16 09:39:00,78.24,78.41,78.24,78.41,336.83000344
2023-08-16 09:38:00,78.17,78.44,78.42,78.24,1368.12601166
2023-08-16 09:37:00,78.39,78.45,78.42,78.41,244.09323893
2023-08-16 09:36:00,78.35,78.51,78.49,78.42,857.426642
2023-08-16 09:35:00,78.45,78.59,78.59,78.47,143.61579476
2023-08-16 19:35:00,77.12,77.2,77.13,77.19,204.36290771
2023-08-16 19:34:00,77.12,77.17,77.16,77.13,366.1626586
2023-08-16 19:33:00,77.11,77.16,77.11,77.16,43.5002722
2023-08-16 19:32:00,77.1,77.11,77.11,77.11,9.35635635
2023-08-16 19:31:00,77.08,77.12,77.09,77.11,25.7014443
2023-08-16 19:30:00,77.08,77.09,77.08,77.09,14.07752737
2023-08-16 19:29:00,77.06,77.11,77.07,77.09,109.85565726
2023-08-16 19:28:00,77.05,77.07,77.06,77.07,25.98700265
2023-08-16 19:27:00,77.04,77.09,77.07,77.05,153.58867259
2023-08-16 19:26:00,77.05,77.07,77.05,77.07,21.44261739
2023-08-16 19:25:00,77.05,77.07,77.07,77.06,38.96175153
2023-08-16 19:24:00,77.07,77.12,77.12,77.08,41.95765957
2023-08-16 19:23:00,77.09,77.13,77.09,77.12,27.60170681
2023-08-16 19:22:00,77.08,77.12,77.08,77.11,38.16675472
2023-08-16 19:21:00,77.08,77.17,77.12,77.09,101.31863854
2023-08-16 19:20:00,77.08,77.13,77.09,77.11,58.37213793
2023-08-16 19:19:00,77.08,77.13,77.08,77.08,104.77298159
2023-08-16 19:18:00,77.08,77.15,77.15,77.09,272.87072084
2023-08-16 19:17:00,77.17,77.23,77.23,77.19,124.87254578
2023-08-16 19:16:00,77.2,77.24,77.2,77.22,211.66823649
2023-08-16 19:15:00,77.14,77.22,77.17,77.21,61.75230674
2023-08-16 19:14:00,77.16,77.22,77.22,77.18,160.41667028
2023-08-16 19:13:00,77.22,77.28,77.25,77.22,189.29092684
2023-08-16 19:12:00,77.24,77.26,77.25,77.26,9.79056179
2023-08-16 19:11:00,77.19,77.26,77.24,77.25,177.67080299
2023-08-16 19:10:00,77.19,77.26,77.2,77.25,100.87965834
2023-08-16 19:09:00,77.16,77.21,77.2,77.19,89.73940708
2023-08-16 19:08:00,77.21,77.28,77.28,77.21,337.07197384
2023-08-16 19:07:00,77.3,77.35,77.35,77.3,123.49358909
2023-08-16 19:06:00,77.31,77.35,77.32,77.35,94.87013461
2023-08-16 19:05:00,77.32,77.38,77.37,77.34,208.96397315
2023-08-16 19:04:00,77.36,77.41,77.39,77.36,406.92024826
2023-08-16 19:03:00,77.35,77.4,77.37,77.4,13.63036466
2023-08-16 19:02:00,77.31,77.39,77.39,77.34,256.98297199
2023-08-16 19:01:00,77.37,77.39,77.38,77.38,26.37625161
2023-08-16 19:00:00,77.34,77.42,77.42,77.37,86.20257194
2023-08-16 18:59:00,77.38,77.43,77.39,77.43,130.93477342
2023-08-16 18:58:00,77.37,77.42,77.39,77.41,68.49319449
2023-08-16 18:57:00,77.37,77.39,77.39,77.38,11.74664214
2023-08-16 18:56:00,77.37,77.39,77.39,77.39,18.90403509
2023-08-16 18:55:00,77.37,77.41,77.4,77.41,44.439484
2023-08-16 18:54:00,77.37,77.46,77.46,77.42,106.11256688
2023-08-16 18:53:00,77.45,77.47,77.46,77.47,72.25558189
2023-08-16 18:52:00,77.43,77.46,77.43,77.45,64.97111829
2023-08-16 18:51:00,77.37,77.48,77.48,77.43,160.03476846
2023-08-16 18:50:00,77.44,77.5,77.48,77.48,163.23996138
2023-08-16 18:49:00,77.49,77.52,77.51,77.5,102.58602322
2023-08-16 18:48:00,77.51,77.57,77.54,77.52,41.97019061
2023-08-16 18:47:00,77.54,77.56,77.56,77.55,4.54987755
2023-08-16 18:46:00,77.54,77.57,77.56,77.56,63.07010184
2023-08-16 18:45:00,77.55,77.61,77.58,77.55,528.36717519
2023-08-16 18:44:00,77.57,77.62,77.59,77.59,124.70786358
2023-08-16 18:43:00,77.56,77.65,77.65,77.59,54.06609056
2023-08-16 18:42:00,77.63,77.72,77.72,77.63,463.19552983
2023-08-16 18:41:00,77.7,77.75,77.75,77.72,32.59959483
2023-08-16 18:40:00,77.71,77.76,77.76,77.75,33.75048705
2023-08-16 18:39:00,77.71,77.77,77.74,77.77,49.17294742
2023-08-16 18:38:00,77.73,77.78,77.77,77.74,77.26976636
2023-08-16 18:37:00,77.68,77.8,77.68,77.77,384.87350831
2023-08-16 18:36:00,77.65,77.68,77.68,77.67,38.6578065
2023-08-16 18:35:00,77.67,77.74,77.72,77.68,89.91692586
2023-08-16 18:34:00,77.72,77.75,77.73,77.73,25.28561372
2023-08-16 18:33:00,77.67,77.71,77.68,77.71,23.09804167
2023-08-16 18:32:00,77.7,77.76,77.72,77.7,64.53821162
2023-08-16 18:31:00,77.67,77.77,77.67,77.72,315.73886548
2023-08-16 18:30:00,77.66,77.69,77.68,77.67,102.38837621
2023-08-16 18:29:00,77.66,77.71,77.68,77.67,93.85427434
2023-08-16 18:28:00,77.58,77.69,77.59,77.69,82.15073677
2023-08-16 18:27:00,77.57,77.62,77.57,77.58,243.43744024
2023-08-16 18:26:00,77.57,77.63,77.62,77.57,30.08189372
2023-08-16 18:25:00,77.58,77.7,77.68,77.63,306.48785139
2023-08-16 18:24:00,77.63,77.7,77.66,77.69,167.98571034
2023-08-16 18:23:00,77.58,77.66,77.63,77.66,73.83053148
2023-08-16 18:22:00,77.55,77.65,77.61,77.6,431.91577728
2023-08-16 18:21:00,77.51,77.62,77.51,77.62,263.32559822
2023-08-16 18:20:00,77.45,77.51,77.45,77.51,1166.18180208
2023-08-16 18:19:00,77.35,77.44,77.37,77.44,926.30380246
2023-08-16 18:18:00,77.31,77.36,77.32,77.35,45.1000492
2023-08-16 18:17:00,77.21,77.32,77.22,77.32,244.93548949
2023-08-16 18:16:00,77.21,77.25,77.23,77.22,101.42754578
2023-08-16 18:15:00,77.19,77.23,77.2,77.23,29.50487682
2023-08-16 18:14:00,77.16,77.2,77.16,77.2,206.6332075
2023-08-16 18:13:00,77.15,77.18,77.15,77.16,235.88578213
2023-08-16 18:12:00,77.15,77.24,77.22,77.15,477.55316069
2023-08-16 18:11:00,77.21,77.23,77.22,77.22,85.26947622
2023-08-16 18:10:00,77.21,77.32,77.32,77.25,260.77122035
2023-08-16 18:09:00,77.3,77.33,77.33,77.31,91.69679424
2023-08-16 18:08:00,77.31,77.34,77.32,77.33,130.06874688
2023-08-16 18:07:00,77.33,77.35,77.35,77.33,33.94721827
2023-08-16 18:06:00,77.32,77.38,77.37,77.34,411.16513011
2023-08-16 18:05:00,77.36,77.43,77.41,77.39,133.00676982
2023-08-16 18:04:00,77.42,77.47,77.47,77.42,58.38072728
2023-08-16 18:03:00,77.41,77.51,77.42,77.47,20.96179559
2023-08-16 18:02:00,77.36,77.44,77.44,77.42,326.97856451
2023-08-16 18:01:00,77.43,77.59,77.58,77.43,344.36258929
2023-08-16 18:00:00,77.41,77.58,77.47,77.58,382.62599404
2023-08-16 17:59:00,77.38,77.52,77.38,77.48,241.89210801
2023-08-16 17:58:00,77.29,77.39,77.29,77.38,324.75856334
2023-08-16 17:57:00,77.21,77.29,77.23,77.28,57.47834859
2023-08-16 17:56:00,77.19,77.25,77.25,77.23,57.0123022
2023-08-16 17:55:00,77.21,77.24,77.21,77.21,73.12510471
2023-08-16 17:54:00,77.13,77.2,77.2,77.2,114.04710356
2023-08-16 17:53:00,77.17,77.2,77.18,77.2,59.99901657
2023-08-16 17:52:00,77.15,77.18,77.16,77.18,52.3493521
2023-08-16 17:51:00,77.15,77.18,77.16,77.17,34.59256371
2023-08-16 17:50:00,77.14,77.18,77.15,77.17,15.84745265
2023-08-16 17:49:00,77.12,77.21,77.17,77.15,24.05400652
2023-08-16 17:48:00,77.18,77.25,77.18,77.19,63.97636959
2023-08-16 17:47:00,77.13,77.29,77.27,77.16,136.21840681
2023-08-16 17:46:00,77.27,77.3,77.28,77.28,9.65879508
2023-08-16 17:45:00,77.21,77.28,77.24,77.28,74.09118904
2023-08-16 17:44:00,77.21,77.26,77.21,77.25,22.09764228
2023-08-16 17:43:00,77.17,77.22,77.17,77.22,134.51689779
2023-08-16 17:42:00,77.11,77.2,77.2,77.16,80.26455504
2023-08-16 17:41:00,77.16,77.2,77.16,77.18,29.44982892
2023-08-16 17:40:00,77.11,77.19,77.12,77.17,98.93741777
2023-08-16 17:39:00,77.11,77.22,77.19,77.13,178.52436185
2023-08-16 17:38:00,77.14,77.2,77.15,77.2,37.39702936
2023-08-16 17:37:00,77.15,77.19,77.16,77.15,51.55897324
2023-08-16 17:36:00,77.09,77.15,77.1,77.15,147.60952028
2023-08-16 17:35:00,76.97,77.12,77.12,77.07,96.50601582
2023-08-16 17:34:00,77.12,77.24,77.24,77.13,217.80306246
2023-08-16 17:33:00,77.21,77.25,77.22,77.25,113.95748141
2023-08-16 17:32:00,77.18,77.24,77.21,77.23,22.34731396
2023-08-16 17:31:00,77.14,77.23,77.14,77.2,165.42341363
2023-08-16 17:30:00,77.08,77.17,77.08,77.15,159.94681275
2023-08-16 17:29:00,77.05,77.09,77.09,77.08,127.5610088
2023-08-16 17:28:00,76.97,77.12,76.97,77.12,521.62652474
2023-08-16 17:27:00,76.85,76.97,76.86,76.97,110.84078917
2023-08-16 17:26:00,76.77,76.87,76.77,76.86,320.80876804
2023-08-16 17:25:00,76.67,76.78,76.67,76.78,221.2851783
2023-08-16 17:24:00,76.62,76.68,76.62,76.68,198.09574831
2023-08-16 17:23:00,76.54,76.61,76.54,76.61,145.45458115
2023-08-16 17:22:00,76.56,76.62,76.62,76.56,124.24780545
2023-08-16 17:21:00,76.56,76.64,76.6,76.64,292.98707401
2023-08-16 17:20:00,76.54,76.61,76.54,76.59,307.57579627
2023-08-16 17:19:00,76.54,76.65,76.63,76.55,240.98807228
2023-08-16 17:18:00,76.64,76.72,76.72,76.64,224.88162292
2023-08-16 17:17:00,76.7,76.74,76.74,76.71,28.81403776
2023-08-16 17:16:00,76.72,76.77,76.77,76.75,30.30890044
2023-08-16 17:15:00,76.7,76.77,76.76,76.75,128.01308782
2023-08-16 17:14:00,76.73,76.77,76.76,76.76,16.5515699
2023-08-16 17:13:00,76.75,76.83,76.8,76.75,308.37621817
2023-08-16 17:12:00,76.76,76.8,76.79,76.79,171.83567546
2023-08-16 17:11:00,76.69,76.77,76.77,76.74,101.74298765
2023-08-16 17:10:00,76.77,76.85,76.85,76.78,106.11967642
2023-08-16 17:09:00,76.81,76.87,76.84,76.84,112.44477066
2023-08-16 17:08:00,76.73,76.85,76.75,76.85,530.6058562
2023-08-16 17:07:00,76.73,76.82,76.81,76.75,100.39137144
2023-08-16 17:06:00,76.62,76.81,76.7,76.8,865.15514763
2023-08-16 17:05:00,76.7,76.74,76.73,76.7,265.2528625
2023-08-16 17:04:00,76.72,76.76,76.74,76.74,180.65284678
2023-08-16 17:03:00,76.75,76.81,76.81,76.75,89.82675485
2023-08-16 17:02:00,76.81,76.84,76.83,76.81,133.17498334
2023-08-16 17:01:00,76.79,76.86,76.86,76.82,176.4250269
2023-08-16 17:00:00,76.85,76.96,76.93,76.86,197.26172556
2023-08-16 16:59:00,76.85,76.94,76.91,76.93,649.39028519
2023-08-16 16:58:00,76.9,77.05,77.04,76.93,856.35438478
2023-08-16 16:57:00,77.04,77.11,77.07,77.04,294.06466672
2023-08-16 16:56:00,77.0,77.07,77.03,77.07,106.82171733
2023-08-16 16:55:00,77.04,77.08,77.07,77.04,73.21183118
2023-08-16 16:54:00,77.07,77.13,77.07,77.07,141.50193199
2023-08-16 16:53:00,77.06,77.1,77.08,77.08,124.27139255
2023-08-16 16:52:00,76.98,77.08,76.98,77.08,416.87831767
2023-08-16 16:51:00,76.99,77.22,77.19,76.99,1605.01258924
2023-08-16 16:50:00,77.13,77.27,77.24,77.19,1408.59008054
2023-08-16 16:49:00,77.18,77.3,77.3,77.23,203.2142288
2023-08-16 16:48:00,77.17,77.31,77.18,77.3,304.36726683
2023-08-16 16:47:00,77.07,77.21,77.09,77.16,205.01121563
2023-08-16 16:46:00,76.99,77.09,77.03,77.08,162.18273569
2023-08-16 16:45:00,76.85,77.02,76.86,77.02,257.52724654
2023-08-16 16:44:00,76.85,77.05,77.03,76.86,1147.02344975
2023-08-16 16:43:00,76.98,77.05,77.02,77.04,51.28286283
2023-08-16 16:42:00,76.91,77.02,76.93,77.02,71.37971372
2023-08-16 16:41:00,76.85,76.92,76.88,76.88,146.3994119
2023-08-16 16:40:00,76.85,77.02,76.99,76.88,260.71743066
2023-08-16 16:39:00,76.94,77.01,77.01,76.99,133.82604875
2023-08-16 16:38:00,76.91,77.04,76.92,77.03,186.63539197
2023-08-16 16:37:00,76.76,76.94,76.78,76.94,194.02378516
2023-08-16 16:36:00,76.74,76.79,76.77,76.77,112.29320956
2023-08-16 16:35:00,76.67,76.78,76.72,76.78,60.97651028
2023-08-16 16:34:00,76.52,76.72,76.62,76.72,204.90233914
2023-08-16 16:33:00,76.63,76.76,76.74,76.63,182.05577205
2023-08-16 16:32:00,76.73,76.93,76.9,76.83,261.32285595
2023-08-16 16:31:00,76.62,76.88,76.8,76.88,1122.44120095
2023-08-16 16:30:00,76.79,76.84,76.8,76.81,95.90251432
2023-08-16 16:29:00,76.77,76.83,76.8,76.8,137.65903783
2023-08-16 16:28:00,76.77,76.87,76.87,76.78,107.46318856
2023-08-16 16:27:00,76.77,76.88,76.87,76.85,331.21543891
2023-08-16 16:26:00,76.86,77.23,77.23,76.89,2304.68413123
2023-08-16 16:25:00,77.17,77.26,77.17,77.21,564.72915561
2023-08-16 16:24:00,77.03,77.16,77.12,77.15,853.85819723
2023-08-16 16:23:00,77.07,77.13,77.07,77.12,299.21309245
2023-08-16 16:22:00,76.94,77.06,76.97,77.04,160.28230221
2023-08-16 16:21:00,76.88,77.06,77.06,76.9,544.98314747
2023-08-16 16:20:00,76.93,77.08,76.94,77.07,243.48211541
2023-08-16 16:19:00,76.74,76.93,76.87,76.93,585.11642786
2023-08-16 16:18:00,76.83,77.22,77.17,76.85,3508.36895582
2023-08-16 16:17:00,77.09,77.46,77.43,77.13,2175.40616756
2023-08-16 16:16:00,77.34,77.42,77.38,77.42,199.19070635
2023-08-16 16:15:00,77.26,77.41,77.37,77.37,559.55424341
2023-08-16 16:14:00,77.04,77.38,77.24,77.37,1367.30343578
2023-08-16 16:13:00,76.88,77.58,77.58,77.24,7245.68786457
2023-08-16 16:12:00,77.58,77.65,77.64,77.59,140.9474081
2023-08-16 16:11:00,77.4,77.64,77.48,77.64,1580.89054001
2023-08-16 16:10:00,77.45,77.6,77.59,77.47,847.22364182
2023-08-16 16:09:00,77.45,77.75,77.73,77.58,2909.66297744
2023-08-16 16:08:00,77.7,77.81,77.71,77.73,527.41683209
2023-08-16 16:07:00,77.71,77.8,77.8,77.71,82.19231498
2023-08-16 16:06:00,77.75,77.83,77.83,77.8,217.40476811
2023-08-16 16:05:00,77.79,77.9,77.79,77.83,168.27316288
2023-08-16 16:04:00,77.77,77.82,77.82,77.8,74.09961208
2023-08-16 16:03:00,77.82,77.88,77.84,77.82,22.33864497
2023-08-16 16:02:00,77.82,77.89,77.89,77.84,38.81685849
2023-08-16 16:01:00,77.83,77.92,77.89,77.92,54.51122586
2023-08-16 16:00:00,77.8,77.92,77.89,77.89,264.68100726
2023-08-16 15:59:00,77.85,77.92,77.85,77.89,59.05939872
2023-08-16 15:58:00,77.85,77.95,77.93,77.87,82.186345
2023-08-16 15:57:00,77.93,78.01,78.01,77.95,136.34374125
2023-08-16 15:56:00,77.99,78.02,78.0,78.02,105.58462218
2023-08-16 15:55:00,77.95,78.0,77.97,78.0,75.06264896
2023-08-16 15:54:00,77.93,77.98,77.93,77.96,143.26232242
2023-08-16 15:53:00,77.83,77.93,77.85,77.93,240.48553607
2023-08-16 15:52:00,77.83,78.03,78.02,77.84,1249.51959733
2023-08-16 15:51:00,78.04,78.1,78.1,78.05,95.37490059
2023-08-16 15:50:00,77.99,78.1,78.05,78.1,64.32274749
2023-08-16 15:49:00,78.01,78.05,78.01,78.05,62.27982149
2023-08-16 15:48:00,77.94,78.02,77.99,78.02,161.61360994
2023-08-16 15:47:00,77.89,77.95,77.94,77.95,85.33029466
2023-08-16 15:46:00,77.9,77.94,77.93,77.94,57.31499057
2023-08-16 15:45:00,77.9,77.93,77.93,77.91,89.84016625
2023-08-16 15:44:00,77.89,77.93,77.92,77.93,101.14598359
2023-08-16 15:43:00,77.91,77.94,77.92,77.93,141.68835584
2023-08-16 15:42:00,77.92,78.02,77.99,77.92,211.24255825
2023-08-16 15:41:00,77.98,78.0,77.99,78.0,12.83603608
2023-08-16 15:40:00,77.98,78.0,78.0,77.99,5.62467027
2023-08-16 15:39:00,77.92,78.0,77.93,78.0,106.79625021
2023-08-16 15:38:00,77.94,77.98,77.98,77.94,4.68887205
2023-08-16 15:37:00,77.98,78.03,78.03,77.98,42.08413158
2023-08-16 15:36:00,77.98,78.02,78.0,78.01,102.12099437
2023-08-16 15:35:00,77.99,78.06,78.06,78.01,109.41191692
2023-08-16 15:34:00,78.05,78.09,78.07,78.06,33.601902
2023-08-16 15:33:00,78.0,78.07,78.0,78.05,17.96666145
2023-08-16 15:32:00,78.01,78.07,78.07,78.01,25.0120807
2023-08-16 15:31:00,78.03,78.1,78.1,78.03,12.0347143
2023-08-16 15:30:00,78.07,78.11,78.1,78.09,48.57666422
2023-08-16 15:29:00,78.06,78.1,78.09,78.1,52.41642989
2023-08-16 15:28:00,78.06,78.09,78.08,78.09,34.82889543
2023-08-16 15:27:00,78.03,78.09,78.07,78.07,370.6146789
2023-08-16 15:26:00,78.06,78.15,78.13,78.07,97.73541442
2023-08-16 15:25:00,78.13,78.16,78.16,78.13,108.9108588
2023-08-16 15:24:00,78.08,78.16,78.08,78.14,75.65916106
2023-08-16 15:23:00,78.06,78.08,78.06,78.07,28.77425273
2023-08-16 15:22:00,78.02,78.06,78.02,78.06,30.28478261
2023-08-16 15:21:00,78.01,78.08,78.08,78.02,218.89690296
2023-08-16 15:20:00,78.07,78.1,78.1,78.07,26.36391382
2023-08-16 15:19:00,78.08,78.11,78.11,78.11,178.5435305
2023-08-16 15:18:00,78.1,78.13,78.11,78.13,97.23442526
2023-08-16 15:17:00,78.1,78.2,78.2,78.11,50.67536363
2023-08-16 15:16:00,78.19,78.25,78.25,78.19,40.70911904
2023-08-16 15:15:00,78.23,78.27,78.26,78.25,22.29661039
2023-08-16 15:14:00,78.24,78.27,78.24,78.27,125.66254203
2023-08-16 15:13:00,78.21,78.24,78.22,78.23,10.16190492
2023-08-16 15:12:00,78.21,78.24,78.24,78.23,92.84620033
2023-08-16 15:11:00,78.24,78.3,78.3,78.24,352.68016387
2023-08-16 15:10:00,78.26,78.29,78.28,78.29,48.79536532
2023-08-16 15:09:00,78.23,78.27,78.23,78.27,79.22973602
2023-08-16 15:08:00,78.23,78.25,78.25,78.24,7.64883958
2023-08-16 15:07:00,78.18,78.25,78.18,78.25,71.75990044
2023-08-16 15:06:00,78.14,78.21,78.16,78.19,294.38852321
2023-08-16 15:05:00,78.13,78.19,78.13,78.17,64.88213056
2023-08-16 15:04:00,78.06,78.13,78.08,78.13,39.59497191
2023-08-16 15:03:00,78.07,78.17,78.1,78.08,131.78596611
2023-08-16 15:02:00,78.04,78.11,78.09,78.11,51.3938527
2023-08-16 15:01:00,78.09,78.17,78.15,78.09,86.77711078
2023-08-16 15:00:00,78.11,78.14,78.13,78.14,24.51495949
2023-08-16 14:59:00,78.11,78.13,78.12,78.13,117.76846214
2023-08-16 14:58:00,78.09,78.1,78.09,78.1,7.66891945
2023-08-16 14:57:00,78.06,78.1,78.1,78.09,23.4809421
2023-08-16 14:56:00,78.0,78.09,78.02,78.09,100.86964191
2023-08-16 14:55:00,77.95,78.03,78.02,78.02,196.31232507
2023-08-16 14:54:00,78.01,78.05,78.04,78.02,32.94362957
2023-08-16 14:53:00,78.05,78.08,78.08,78.06,7.94663896
2023-08-16 14:52:00,78.04,78.09,78.05,78.06,24.71382545
2023-08-16 14:51:00,78.04,78.05,78.04,78.05,6.77473765
2023-08-16 14:50:00,77.96,78.01,77.96,78.01,164.87464521
2023-08-16 14:49:00,77.96,77.98,77.98,77.96,23.2026036
2023-08-16 14:48:00,77.94,77.99,77.96,77.98,16.36640443
2023-08-16 14:47:00,78.0,78.06,78.02,78.02,94.03130059
2023-08-16 14:46:00,78.03,78.13,78.13,78.03,23.08030548
2023-08-16 14:45:00,78.1,78.15,78.11,78.12,18.70113156
2023-08-16 14:44:00,78.09,78.13,78.12,78.11,87.91549696
2023-08-16 14:43:00,78.12,78.2,78.13,78.12,216.68884353
2023-08-16 14:42:00,78.07,78.12,78.07,78.12,95.21162922
2023-08-16 14:41:00,78.07,78.1,78.1,78.08,23.39260819
2023-08-16 14:40:00,78.06,78.11,78.08,78.11,107.52762852
2023-08-16 14:39:00,78.06,78.09,78.06,78.09,17.20077478
2023-08-16 14:38:00,78.02,78.06,78.03,78.06,129.0126859
2023-08-16 14:37:00,77.99,78.04,78.03,78.03,160.49387781
2023-08-16 14:36:00,78.05,78.09,78.08,78.05,181.20717078
2023-08-16 14:35:00,78.05,78.09,78.07,78.08,40.57150641
2023-08-17 00:35:00,74.04,74.14,74.11,74.13,140.76567428
2023-08-17 00:34:00,74.09,74.13,74.12,74.13,554.25449899
2023-08-17 00:33:00,74.11,74.13,74.12,74.11,31.63670055
2023-08-17 00:32:00,74.06,74.15,74.15,74.12,244.05743765
2023-08-17 00:31:00,74.14,74.31,74.3,74.17,464.0468779
2023-08-17 00:30:00,74.23,74.33,74.33,74.31,548.9853175
2023-08-17 00:29:00,74.31,74.35,74.31,74.33,104.65269437
2023-08-17 00:28:00,74.24,74.32,74.26,74.31,82.70584162
2023-08-17 00:27:00,74.14,74.25,74.14,74.25,93.46014666
2023-08-17 00:26:00,74.09,74.15,74.15,74.14,36.43694937
2023-08-17 00:25:00,74.07,74.17,74.15,74.17,537.37226156
2023-08-17 00:24:00,74.16,74.23,74.19,74.16,66.62249165
2023-08-17 00:23:00,74.07,74.16,74.07,74.16,76.38028883
2023-08-17 00:22:00,74.06,74.19,74.15,74.07,285.18979451
2023-08-17 00:21:00,74.08,74.16,74.16,74.15,110.66201874
2023-08-17 00:20:00,74.16,74.22,74.22,74.16,180.30595103
2023-08-17 00:19:00,74.16,74.26,74.26,74.22,366.56356944
2023-08-17 00:18:00,74.26,74.3,74.3,74.27,73.59965992
2023-08-17 00:17:00,74.28,74.36,74.36,74.3,37.37449357
2023-08-17 00:16:00,74.36,74.4,74.4,74.36,72.29494893
2023-08-17 00:15:00,74.43,74.5,74.49,74.43,199.37116772
2023-08-17 00:14:00,74.46,74.53,74.53,74.49,68.1186485
2023-08-17 00:13:00,74.46,74.54,74.49,74.53,135.17745113
2023-08-17 00:12:00,74.47,74.49,74.47,74.49,309.99423999
2023-08-17 00:11:00,74.4,74.47,74.46,74.46,223.95541099
2023-08-17 00:10:00,74.45,74.5,74.45,74.46,77.99025219
2023-08-17 00:09:00,74.36,74.46,74.36,74.46,81.13676736
2023-08-17 00:08:00,74.32,74.42,74.37,74.38,125.46331494
2023-08-17 00:07:00,74.33,74.39,74.39,74.37,76.07985513
2023-08-17 00:06:00,74.3,74.39,74.3,74.39,400.98743536
2023-08-17 00:05:00,74.27,74.48,74.48,74.28,22.31602701
2023-08-17 00:04:00,74.4,74.52,74.4,74.49,150.77324663
2023-08-17 00:03:00,74.33,74.42,74.33,74.39,674.20013712
2023-08-17 00:02:00,74.22,74.36,74.34,74.34,675.19954583
2023-08-17 00:01:00,74.29,74.44,74.42,74.34,77.37039541
2023-08-17 00:00:00,74.41,74.49,74.48,74.44,318.27359465
2023-08-16 23:59:00,74.46,74.52,74.51,74.47,375.31154684
2023-08-16 23:58:00,74.48,74.52,74.49,74.51,88.87592515
2023-08-16 23:57:00,74.47,74.53,74.51,74.5,118.47606812
2023-08-16 23:56:00,74.45,74.5,74.45,74.5,87.54032197
2023-08-16 23:55:00,74.41,74.48,74.43,74.44,76.32162152
2023-08-16 23:54:00,74.41,74.47,74.46,74.43,173.84578379
2023-08-16 23:53:00,74.46,74.53,74.5,74.46,196.22223838
2023-08-16 23:52:00,74.5,74.53,74.52,74.51,100.63418542
2023-08-16 23:51:00,74.52,74.56,74.55,74.53,37.27634736
2023-08-16 23:50:00,74.5,74.58,74.57,74.57,147.88359045
2023-08-16 23:49:00,74.54,74.56,74.55,74.56,13.13608157
2023-08-16 23:48:00,74.53,74.56,74.54,74.55,94.21724439
2023-08-16 23:47:00,74.48,74.54,74.54,74.54,147.8828625
2023-08-16 23:46:00,74.47,74.55,74.49,74.53,158.13695066
2023-08-16 23:45:00,74.43,74.49,74.44,74.49,28.83254904
2023-08-16 23:44:00,74.38,74.45,74.39,74.45,97.52307605
2023-08-16 23:43:00,74.36,74.4,74.4,74.39,61.74069
2023-08-16 23:42:00,74.37,74.4,74.38,74.4,33.31440724
2023-08-16 23:41:00,74.37,74.41,74.41,74.37,52.8820673
2023-08-16 23:40:00,74.37,74.42,74.37,74.42,49.30324199
2023-08-16 23:39:00,74.28,74.37,74.28,74.37,66.80660874
2023-08-16 23:38:00,74.25,74.3,74.27,74.28,34.87788802
2023-08-16 23:37:00,74.17,74.29,74.17,74.24,312.15049333
2023-08-16 23:36:00,74.15,74.29,74.24,74.15,460.20166851
2023-08-16 23:35:00,74.22,74.31,74.31,74.22,45.25799024
2023-08-16 23:34:00,74.3,74.32,74.3,74.31,31.96490522
2023-08-16 23:33:00,74.27,74.37,74.37,74.29,207.376804
2023-08-16 23:32:00,74.31,74.36,74.31,74.36,333.2756389
2023-08-16 23:31:00,74.23,74.3,74.24,74.28,83.82334516
2023-08-16 23:30:00,74.11,74.25,74.12,74.25,96.17934066
2023-08-16 23:29:00,74.11,74.15,74.15,74.14,61.03882709
2023-08-16 23:28:00,74.11,74.16,74.12,74.16,478.47026654
2023-08-16 23:27:00,74.07,74.11,74.07,74.11,26.81385286
2023-08-16 23:26:00,74.0,74.07,74.02,74.07,58.50473754
2023-08-16 23:25:00,74.02,74.11,74.11,74.02,50.45401817
2023-08-16 23:24:00,74.09,74.12,74.11,74.11,90.67552866
2023-08-16 23:23:00,74.06,74.13,74.09,74.13,39.69641009
2023-08-16 23:22:00,73.98,74.19,74.17,74.08,1190.39582781
2023-08-16 23:21:00,74.07,74.34,74.28,74.18,1901.87051608
2023-08-16 23:20:00,74.29,74.51,74.51,74.29,1202.73809626
2023-08-16 23:19:00,74.45,74.51,74.49,74.51,87.77060275
2023-08-16 23:18:00,74.41,74.5,74.43,74.49,147.0667975
2023-08-16 23:17:00,74.32,74.39,74.36,74.39,372.69619828
2023-08-16 23:16:00,74.35,74.39,74.39,74.36,379.61741843
2023-08-16 23:15:00,74.38,74.44,74.42,74.39,241.10582352
2023-08-16 23:14:00,74.41,74.47,74.47,74.42,351.13952586
2023-08-16 23:13:00,74.45,74.52,74.49,74.49,294.27990387
2023-08-16 23:12:00,74.34,74.5,74.34,74.49,349.46447614
2023-08-16 23:11:00,74.32,74.37,74.35,74.33,68.33996338
2023-08-16 23:10:00,74.32,74.41,74.39,74.32,184.16692935
2023-08-16 23:09:00,74.23,74.4,74.23,74.4,752.34504271
2023-08-16 23:08:00,74.23,74.29,74.25,74.23,190.09911214
2023-08-16 23:07:00,74.19,74.25,74.2,74.25,186.42858254
2023-08-16 23:06:00,74.05,74.2,74.14,74.2,590.59873541
2023-08-16 23:05:00,74.02,74.2,74.19,74.15,1318.30361222
2023-08-16 23:04:00,74.19,74.24,74.21,74.2,127.81844105
2023-08-16 23:03:00,74.18,74.28,74.27,74.2,277.73209058
2023-08-16 23:02:00,74.21,74.28,74.26,74.27,66.16676692
2023-08-16 23:01:00,74.25,74.34,74.29,74.26,384.52974692
2023-08-16 23:00:00,74.26,74.38,74.36,74.29,158.84762732
2023-08-16 22:59:00,74.31,74.34,74.33,74.34,51.46556051
2023-08-16 22:58:00,74.32,74.35,74.35,74.33,16.47020404
2023-08-16 22:57:00,74.31,74.4,74.37,74.34,247.33309637
2023-08-16 22:56:00,74.3,74.37,74.31,74.37,255.83097032
2023-08-16 22:55:00,74.27,74.36,74.33,74.32,101.56055002
2023-08-16 22:54:00,74.32,74.38,74.36,74.33,35.37343468
2023-08-16 22:53:00,74.29,74.43,74.29,74.35,235.64099357
2023-08-16 22:52:00,74.23,74.3,74.25,74.29,381.84349582
2023-08-16 22:51:00,74.26,74.35,74.26,74.26,429.97088814
2023-08-16 22:50:00,74.2,74.26,74.2,74.24,176.11814084
2023-08-16 22:49:00,74.12,74.2,74.16,74.2,47.88665273
2023-08-16 22:48:00,74.13,74.2,74.2,74.16,450.14898004
2023-08-16 22:47:00,74.09,74.2,74.12,74.2,138.54124166
2023-08-16 22:46:00,74.09,74.12,74.12,74.12,103.29008074
2023-08-16 22:45:00,74.05,74.15,74.07,74.1,150.58035226
2023-08-16 22:44:00,74.04,74.13,74.13,74.06,155.25326971
2023-08-16 22:43:00,74.12,74.22,74.22,74.13,136.6781936
2023-08-16 22:42:00,74.22,74.26,74.22,74.22,22.81692274
2023-08-16 22:41:00,74.16,74.21,74.16,74.21,186.61608938
2023-08-16 22:40:00,74.15,74.18,74.15,74.16,382.42721861
2023-08-16 22:39:00,74.09,74.17,74.11,74.15,299.61657846
2023-08-16 22:38:00,74.08,74.12,74.09,74.12,132.11632509
2023-08-16 22:37:00,74.0,74.1,74.07,74.09,607.19097802
2023-08-16 22:36:00,74.04,74.09,74.07,74.06,105.77577174
2023-08-16 22:35:00,74.06,74.09,74.09,74.09,127.51226587
2023-08-16 22:34:00,74.08,74.12,74.11,74.08,31.14414956
2023-08-16 22:33:00,74.08,74.15,74.11,74.12,54.61936147
2023-08-16 22:32:00,74.12,74.18,74.17,74.12,156.36452117
2023-08-16 22:31:00,74.13,74.28,74.28,74.17,153.04649187
2023-08-16 22:30:00,74.24,74.29,74.24,74.26,225.87584005
2023-08-16 22:29:00,74.23,74.27,74.27,74.26,79.71529886
2023-08-16 22:28:00,74.22,74.27,74.23,74.26,58.11928192
2023-08-16 22:27:00,74.2,74.25,74.25,74.22,208.71797994
2023-08-16 22:26:00,74.21,74.25,74.22,74.24,247.52094677
2023-08-16 22:25:00,74.18,74.26,74.22,74.23,149.69091593
2023-08-16 22:24:00,74.11,74.25,74.19,74.23,280.92204389
2023-08-16 22:23:00,74.09,74.2,74.09,74.2,125.75698718
2023-08-16 22:22:00,74.05,74.11,74.09,74.08,28.84180672
2023-08-16 22:21:00,74.02,74.11,74.02,74.09,359.00431982
2023-08-16 22:20:00,73.98,74.03,73.98,74.02,133.56346569
2023-08-16 22:19:00,73.99,74.11,74.07,74.02,337.73049157
2023-08-16 22:18:00,73.94,74.05,73.94,74.05,188.70600721
2023-08-16 22:17:00,73.93,74.02,74.01,73.95,651.4248347
2023-08-16 22:16:00,74.01,74.14,74.14,74.01,215.53804253
2023-08-16 22:15:00,74.1,74.19,74.19,74.11,482.0382543
2023-08-16 22:14:00,74.15,74.19,74.16,74.18,74.87347154
2023-08-16 22:13:00,74.15,74.28,74.22,74.16,654.10004285
2023-08-16 22:12:00,74.07,74.18,74.1,74.18,431.44372714
2023-08-16 22:11:00,74.0,74.12,74.0,74.11,296.56285236
2023-08-16 22:10:00,73.96,74.04,74.04,74.01,599.47789179
2023-08-16 22:09:00,73.88,74.04,73.89,74.04,440.1144247
2023-08-16 22:08:00,73.93,73.94,73.94,73.93,53.58982154
2023-08-16 22:07:00,73.9,74.01,73.98,73.94,187.88194357
2023-08-16 22:06:00,73.86,73.98,73.86,73.97,244.92736025
2023-08-16 22:05:00,73.85,73.97,73.97,73.85,319.6907981
2023-08-16 22:04:00,73.87,74.02,73.92,73.96,618.4382001
2023-08-16 22:03:00,73.85,73.92,73.85,73.92,107.33799547
2023-08-16 22:02:00,73.73,73.87,73.74,73.84,138.99022835
2023-08-16 22:01:00,73.61,73.76,73.61,73.74,361.97743422
2023-08-16 22:00:00,73.59,73.63,73.59,73.61,124.02373677
2023-08-16 21:59:00,73.58,73.64,73.64,73.59,89.39822344
2023-08-16 21:58:00,73.47,73.63,73.47,73.63,295.25046485
2023-08-16 21:57:00,73.22,73.46,73.32,73.45,632.31121035
2023-08-16 21:56:00,73.3,73.41,73.31,73.32,100.51105435
2023-08-16 21:55:00,73.29,73.5,73.5,73.33,265.25300786
2023-08-16 21:54:00,73.41,73.59,73.59,73.49,730.66330832
2023-08-16 21:53:00,73.58,73.72,73.71,73.59,240.23044478
2023-08-16 21:52:00,73.7,73.77,73.76,73.7,56.43450463
2023-08-16 21:51:00,73.75,73.77,73.77,73.77,28.59388992
2023-08-16 21:50:00,73.74,73.77,73.76,73.77,77.36112569
2023-08-16 21:49:00,73.7,73.98,73.94,73.74,761.6932192
2023-08-16 21:48:00,73.8,73.94,73.82,73.94,140.12581599
2023-08-16 21:47:00,73.77,73.95,73.94,73.81,404.35203738
2023-08-16 21:46:00,73.92,73.94,73.93,73.94,29.94071877
2023-08-16 21:45:00,73.92,73.95,73.94,73.95,81.76959748
2023-08-16 21:44:00,73.93,74.01,74.0,74.0,115.02363567
2023-08-16 21:43:00,74.0,74.07,74.04,74.0,510.02500854
2023-08-16 21:42:00,74.02,74.06,74.02,74.04,55.17650755
2023-08-16 21:41:00,74.01,74.09,74.08,74.02,62.88055575
2023-08-16 21:40:00,74.04,74.15,74.15,74.09,54.43927299
2023-08-16 21:39:00,74.09,74.18,74.18,74.13,52.93730378
2023-08-16 21:38:00,74.14,74.23,74.22,74.17,332.56079438
2023-08-16 21:37:00,74.19,74.25,74.25,74.22,37.73212675
2023-08-16 21:36:00,74.2,74.28,74.28,74.24,209.28281485
2023-08-16 21:35:00,74.22,74.33,74.33,74.28,119.61364626
2023-08-16 21:34:00,74.31,74.39,74.36,74.34,142.48115165
2023-08-16 21:33:00,74.27,74.37,74.28,74.35,131.1515635
2023-08-16 21:32:00,74.18,74.3,74.21,74.3,134.27667566
2023-08-16 21:31:00,74.1,74.23,74.1,74.18,359.11085942
2023-08-16 21:30:00,74.04,74.17,74.15,74.1,280.48777054
2023-08-16 21:29:00,74.02,74.17,74.12,74.17,190.46498982
2023-08-16 21:28:00,74.05,74.17,74.07,74.11,329.65604246
2023-08-16 21:27:00,73.99,74.1,74.01,74.07,32.09991029
2023-08-16 21:26:00,73.91,74.01,73.91,74.01,44.66690075
2023-08-16 21:25:00,73.86,74.01,73.91,73.91,166.16726929
2023-08-16 21:24:00,73.87,73.95,73.87,73.93,77.21577694
2023-08-16 21:23:00,73.7,73.93,73.73,73.9,300.60407133
2023-08-16 21:22:00,73.65,73.74,73.72,73.73,17.1837198
2023-08-16 21:21:00,73.46,73.72,73.61,73.72,538.88075095
2023-08-16 21:20:00,73.36,73.61,73.37,73.61,164.27970673
2023-08-16 21:19:00,73.34,73.65,73.59,73.38,200.18472496
2023-08-16 21:18:00,73.51,73.67,73.66,73.58,200.41207337
2023-08-16 21:17:00,73.65,73.92,73.85,73.66,436.49323287
2023-08-16 21:16:00,73.81,73.94,73.88,73.81,129.08341032
2023-08-16 21:15:00,73.54,73.87,73.65,73.87,276.78490098
2023-08-16 21:14:00,72.72,73.69,72.87,73.69,7266.83288389
2023-08-16 21:13:00,72.87,73.79,73.75,72.87,3937.40127622
2023-08-16 21:12:00,73.49,74.09,74.03,73.7,2577.4544265
2023-08-16 21:11:00,74.01,74.29,74.22,74.03,1124.73997224
2023-08-16 21:10:00,73.77,74.23,73.95,74.19,1814.98183845
2023-08-16 21:09:00,73.52,74.3,74.21,73.95,4848.50103938
2023-08-16 21:08:00,74.21,74.4,74.24,74.21,477.58655313
2023-08-16 21:07:00,74.18,74.48,74.48,74.22,263.49734275
2023-08-16 21:06:00,74.42,74.56,74.48,74.48,788.4886696
2023-08-16 21:05:00,74.28,74.51,74.4,74.49,231.73328979
2023-08-16 21:04:00,74.3,74.41,74.39,74.41,46.42956882
2023-08-16 21:03:00,74.37,74.44,74.39,74.4,173.05222747
2023-08-16 21:02:00,74.36,74.59,74.58,74.39,258.58595871
2023-08-16 21:01:00,74.5,74.61,74.61,74.57,225.40774899
2023-08-16 21:00:00,74.56,74.77,74.77,74.61,215.4015085
2023-08-16 20:59:00,74.73,74.81,74.75,74.77,63.23061534
2023-08-16 20:58:00,74.57,74.76,74.71,74.75,325.2790149
2023-08-16 20:57:00,74.59,74.73,74.59,74.71,127.85218154
2023-08-16 20:56:00,74.58,74.68,74.65,74.58,168.97011207
2023-08-16 20:55:00,74.62,74.86,74.85,74.64,161.63932812
2023-08-16 20:54:00,74.73,74.86,74.86,74.84,96.93509582
2023-08-16 20:53:00,74.78,74.87,74.8,74.85,58.97587978
2023-08-16 20:52:00,74.73,74.86,74.82,74.82,138.34476737
2023-08-16 20:51:00,74.75,74.87,74.82,74.87,245.7128375
2023-08-16 20:50:00,74.81,74.97,74.96,74.83,271.58354333
2023-08-16 20:49:00,74.85,74.96,74.88,74.94,259.12915885
2023-08-16 20:48:00,74.74,74.94,74.85,74.89,579.66996008
2023-08-16 20:47:00,74.68,74.87,74.68,74.85,251.56806163
2023-08-16 20:46:00,74.53,74.7,74.65,74.68,218.55810383
2023-08-16 20:45:00,74.54,74.72,74.56,74.65,119.32173138
2023-08-16 20:44:00,74.36,74.59,74.58,74.56,597.02056578
2023-08-16 20:43:00,73.99,74.68,74.23,74.58,2210.17822321
2023-08-16 20:42:00,73.82,74.53,74.53,74.2,3775.66937796
2023-08-16 20:41:00,74.54,74.7,74.65,74.56,369.98965667
2023-08-16 20:40:00,74.4,74.74,74.4,74.63,1187.20625289
2023-08-16 20:39:00,74.43,74.8,74.71,74.43,1115.76853471
2023-08-16 20:38:00,74.6,74.85,74.77,74.71,294.45453435
2023-08-16 20:37:00,74.78,75.0,74.95,74.78,296.28445294
2023-08-16 20:36:00,74.81,75.14,74.85,75.03,1043.93893487
2023-08-16 20:35:00,74.87,75.03,74.9,74.9,334.34717706
2023-08-16 20:34:00,74.8,75.11,75.1,74.97,1404.79864919
2023-08-16 20:33:00,74.9,75.1,75.01,75.06,562.26723823
2023-08-16 20:32:00,74.65,75.06,74.7,75.06,792.30718772
2023-08-16 20:31:00,73.95,75.09,75.02,74.75,3844.54922156
2023-08-16 20:30:00,74.18,75.03,74.4,74.99,4534.99048352
2023-08-16 20:29:00,73.17,75.23,75.12,74.4,22604.0447448
2023-08-16 20:28:00,75.05,76.34,76.34,75.1,8639.58741843
2023-08-16 20:27:00,76.17,76.64,76.64,76.37,3112.1206932
2023-08-16 20:26:00,76.63,76.69,76.68,76.63,86.80258609
2023-08-16 20:25:00,76.69,76.76,76.76,76.69,709.17648553
2023-08-16 20:24:00,76.76,76.8,76.8,76.77,120.66328113
2023-08-16 20:23:00,76.79,76.81,76.79,76.8,30.49422427
2023-08-16 20:22:00,76.74,76.79,76.74,76.77,74.81372165
2023-08-16 20:21:00,76.75,76.84,76.84,76.75,175.19848535
2023-08-16 20:20:00,76.86,76.89,76.88,76.86,28.0427074
2023-08-16 20:19:00,76.88,76.93,76.93,76.89,133.78323916
2023-08-16 20:18:00,76.91,76.95,76.95,76.93,23.17102715
2023-08-16 20:17:00,76.92,76.96,76.93,76.94,223.94527455
2023-08-16 20:16:00,76.91,76.96,76.96,76.93,28.73737886
2023-08-16 20:15:00,76.93,76.97,76.97,76.96,61.00974677
2023-08-16 20:14:00,76.97,77.01,76.98,76.97,101.41967498
2023-08-16 20:13:00,76.98,77.01,77.0,76.99,28.20822203
2023-08-16 20:12:00,76.99,77.01,77.01,77.0,18.75297255
2023-08-16 20:11:00,77.0,77.04,77.04,77.01,495.28298858
2023-08-16 20:10:00,77.02,77.13,77.13,77.04,404.55837011
2023-08-16 20:09:00,77.12,77.13,77.13,77.13,13.25728387
2023-08-16 20:08:00,77.11,77.14,77.13,77.12,7.31297189
2023-08-16 20:07:00,77.08,77.13,77.13,77.11,83.98247445
2023-08-16 20:06:00,77.12,77.16,77.15,77.12,20.37746288
2023-08-16 20:05:00,77.11,77.15,77.11,77.14,149.10769052
2023-08-16 20:04:00,77.07,77.12,77.07,77.12,121.73507481
2023-08-16 20:03:00,77.07,77.09,77.08,77.09,45.25380491
2023-08-16 20:02:00,77.07,77.1,77.07,77.09,486.00871035
2023-08-16 20:01:00,77.01,77.06,77.01,77.06,30.75100396
2023-08-16 20:00:00,76.94,77.04,76.95,77.01,772.98622365
2023-08-16 19:59:00,76.95,76.98,76.98,76.96,136.74118912
2023-08-16 19:58:00,76.98,77.0,77.0,76.98,190.59422129
2023-08-16 19:57:00,77.0,77.02,77.02,77.0,28.35726775
2023-08-16 19:56:00,77.01,77.04,77.04,77.02,39.35693628
2023-08-16 19:55:00,77.05,77.1,77.05,77.07,62.12320584
2023-08-16 19:54:00,77.04,77.06,77.04,77.06,68.1233714
2023-08-16 19:53:00,77.03,77.06,77.05,77.05,160.14233665
2023-08-16 19:52:00,77.03,77.07,77.06,77.04,18.79130362
2023-08-16 19:51:00,77.06,77.11,77.09,77.08,111.10381733
2023-08-16 19:50:00,77.05,77.11,77.06,77.09,38.06104253
2023-08-16 19:49:00,77.03,77.08,77.06,77.08,31.22674149
2023-08-16 19:48:00,77.05,77.07,77.07,77.06,42.77502531
2023-08-16 19:47:00,77.06,77.08,77.08,77.06,21.46749856
2023-08-16 19:46:00,77.04,77.1,77.04,77.07,56.36690972
2023-08-16 19:45:00,76.99,77.06,77.06,77.05,176.42604437
2023-08-16 19:44:00,77.06,77.15,77.15,77.06,40.61896934
2023-08-16 19:43:00,77.1,77.15,77.12,77.15,134.72946942
2023-08-16 19:42:00,77.11,77.16,77.16,77.12,90.99983528
2023-08-16 19:41:00,77.15,77.18,77.18,77.15,330.17855885
2023-08-16 19:40:00,77.16,77.18,77.18,77.18,16.98622902
2023-08-16 19:39:00,77.17,77.19,77.19,77.19,33.47691767
2023-08-16 19:38:00,77.19,77.23,77.21,77.19,85.20554406
2023-08-16 19:37:00,77.22,77.25,77.23,77.22,36.31685291
2023-08-16 19:36:00,77.2,77.23,77.2,77.23,67.1965449
2023-08-16 19:35:00,77.12,77.2,77.13,77.19,204.36290771
2023-08-17 05:35:00,75.39,75.42,75.4,75.42,75.86134267
2023-08-17 05:34:00,75.36,75.39,75.38,75.37,100.38173667
2023-08-17 05:33:00,75.37,75.39,75.38,75.38,22.70399849
2023-08-17 05:32:00,75.36,75.38,75.37,75.38,32.51295645
2023-08-17 05:31:00,75.37,75.41,75.41,75.4,110.36740233
2023-08-17 05:30:00,75.36,75.41,75.37,75.41,146.32069969
2023-08-17 05:29:00,75.36,75.39,75.37,75.36,243.35965897
2023-08-17 05:28:00,75.34,75.38,75.35,75.37,765.76415133
2023-08-17 05:27:00,75.29,75.34,75.31,75.34,310.07640927
2023-08-17 05:26:00,75.29,75.34,75.34,75.3,155.44843363
2023-08-17 05:25:00,75.33,75.39,75.35,75.33,121.30100791
2023-08-17 05:24:00,75.34,75.35,75.34,75.35,41.63184796
2023-08-17 05:23:00,75.3,75.34,75.31,75.32,26.8643695
2023-08-17 05:22:00,75.32,75.34,75.34,75.32,37.65315814
2023-08-17 05:21:00,75.31,75.34,75.31,75.33,147.98262363
2023-08-17 05:20:00,75.25,75.3,75.27,75.3,137.31790659
2023-08-17 05:19:00,75.23,75.27,75.25,75.27,13.96865893
2023-08-17 05:18:00,75.23,75.26,75.26,75.25,145.74654431
2023-08-17 05:17:00,75.24,75.28,75.25,75.26,400.09074312
2023-08-17 05:16:00,75.24,75.25,75.24,75.25,8.00941821
2023-08-17 05:15:00,75.24,75.26,75.25,75.24,15.82243428
2023-08-17 05:14:00,75.23,75.27,75.24,75.26,138.32511363
2023-08-17 05:13:00,75.24,75.27,75.25,75.25,4.01514872
2023-08-17 05:12:00,75.2,75.26,75.21,75.24,28.98386463
2023-08-17 05:11:00,75.18,75.21,75.18,75.21,126.86942241
2023-08-17 05:10:00,75.17,75.21,75.19,75.19,33.24400835
2023-08-17 05:09:00,75.15,75.19,75.17,75.19,176.87135049
2023-08-17 05:08:00,75.16,75.19,75.19,75.17,8.17285441
2023-08-17 05:07:00,75.16,75.23,75.22,75.19,145.39249649
2023-08-17 05:06:00,75.22,75.26,75.25,75.24,38.63365994
2023-08-17 05:05:00,75.24,75.28,75.27,75.24,72.04716751
2023-08-17 05:04:00,75.24,75.28,75.24,75.28,75.94598629
2023-08-17 05:03:00,75.19,75.23,75.22,75.23,150.91364104
2023-08-17 05:02:00,75.21,75.23,75.21,75.22,8.3571648
2023-08-17 05:01:00,75.11,75.23,75.12,75.21,46.73777834
2023-08-17 05:00:00,75.12,75.17,75.17,75.13,28.28325575
2023-08-17 04:59:00,75.18,75.19,75.19,75.19,87.56920578
2023-08-17 04:58:00,75.14,75.18,75.14,75.17,11.99431305
2023-08-17 04:57:00,75.13,75.16,75.14,75.14,25.30992705
2023-08-17 04:56:00,75.13,75.16,75.15,75.16,84.47660708
2023-08-17 04:55:00,75.11,75.19,75.19,75.14,192.55252774
2023-08-17 04:54:00,75.19,75.21,75.21,75.19,30.25060683
2023-08-17 04:53:00,75.19,75.22,75.2,75.22,19.08929697
2023-08-17 04:52:00,75.19,75.22,75.21,75.19,15.03969591
2023-08-17 04:51:00,75.18,75.21,75.19,75.21,14.68057629
2023-08-17 04:50:00,75.17,75.18,75.18,75.18,10.77051147
2023-08-17 04:49:00,75.18,75.2,75.2,75.18,22.2112368
2023-08-17 04:48:00,75.2,75.22,75.22,75.2,31.97142495
2023-08-17 04:47:00,75.11,75.2,75.11,75.2,37.55330366
2023-08-17 04:46:00,75.11,75.13,75.12,75.13,106.91905376
2023-08-17 04:45:00,75.11,75.13,75.11,75.11,9.22327574
2023-08-17 04:44:00,75.08,75.12,75.08,75.12,22.36570535
2023-08-17 04:43:00,75.06,75.08,75.06,75.08,144.02179238
2023-08-17 04:42:00,75.05,75.07,75.07,75.06,32.15390491
2023-08-17 04:41:00,75.06,75.07,75.06,75.07,69.47843981
2023-08-17 04:40:00,75.03,75.06,75.04,75.06,151.09174902
2023-08-17 04:39:00,75.04,75.09,75.09,75.06,82.12973335
2023-08-17 04:38:00,75.08,75.09,75.09,75.09,6.79395245
2023-08-17 04:37:00,75.05,75.08,75.06,75.07,90.13137395
2023-08-17 04:36:00,75.05,75.08,75.07,75.06,148.23532454
2023-08-17 04:35:00,75.07,75.12,75.09,75.07,152.56204458
2023-08-17 04:34:00,75.08,75.11,75.1,75.1,18.27607442
2023-08-17 04:33:00,75.1,75.13,75.13,75.11,68.68995594
2023-08-17 04:32:00,75.11,75.13,75.11,75.13,91.32234125
2023-08-17 04:31:00,75.08,75.11,75.09,75.11,87.33149609
2023-08-17 04:30:00,75.09,75.13,75.1,75.09,157.99946242
2023-08-17 04:29:00,75.1,75.15,75.14,75.1,60.62524402
2023-08-17 04:28:00,75.13,75.18,75.18,75.14,23.3332105
2023-08-17 04:27:00,75.18,75.21,75.21,75.2,60.09459708
2023-08-17 04:26:00,75.19,75.21,75.19,75.21,8.97312361
2023-08-17 04:25:00,75.17,75.21,75.17,75.21,20.36787493
2023-08-17 04:24:00,75.14,75.18,75.14,75.18,22.40045822
2023-08-17 04:23:00,75.13,75.17,75.17,75.13,57.95798495
2023-08-17 04:22:00,75.16,75.18,75.16,75.17,48.17471431
2023-08-17 04:21:00,75.16,75.17,75.17,75.16,25.73048984
2023-08-17 04:20:00,75.13,75.18,75.13,75.17,135.36725455
2023-08-17 04:19:00,75.13,75.18,75.15,75.15,353.30778875
2023-08-17 04:18:00,75.11,75.13,75.13,75.13,39.09292914
2023-08-17 04:17:00,75.11,75.17,75.15,75.13,116.83544613
2023-08-17 04:16:00,75.06,75.16,75.06,75.14,117.24141511
2023-08-17 04:15:00,74.98,75.05,74.98,75.05,113.83234029
2023-08-17 04:14:00,74.92,74.97,74.93,74.97,24.95919056
2023-08-17 04:13:00,74.92,74.98,74.98,74.92,56.8576405
2023-08-17 04:12:00,74.97,74.98,74.98,74.98,5.57446038
2023-08-17 04:11:00,74.98,75.01,74.98,74.98,125.75402143
2023-08-17 04:10:00,74.97,74.99,74.99,74.97,7.87927315
2023-08-17 04:09:00,74.99,75.01,75.01,75.0,8.76985215
2023-08-17 04:08:00,74.98,75.02,75.02,75.0,81.27647273
2023-08-17 04:07:00,75.0,75.02,75.02,75.02,35.82925562
2023-08-17 04:06:00,75.02,75.04,75.02,75.03,57.6274822
2023-08-17 04:05:00,75.02,75.06,75.06,75.04,158.49742942
2023-08-17 04:04:00,75.05,75.06,75.06,75.05,17.49683957
2023-08-17 04:03:00,75.02,75.05,75.02,75.05,24.27281034
2023-08-17 04:02:00,74.98,75.02,74.99,75.01,150.48647421
2023-08-17 04:01:00,74.95,75.0,75.0,74.97,74.93575578
2023-08-17 04:00:00,74.96,75.0,74.99,75.0,98.41934216
2023-08-17 03:59:00,74.97,75.0,74.99,74.99,71.89305047
2023-08-17 03:58:00,74.99,75.03,75.03,74.99,58.02449726
2023-08-17 03:57:00,75.02,75.05,75.04,75.04,34.17867292
2023-08-17 03:56:00,75.03,75.06,75.06,75.03,27.20082978
2023-08-17 03:55:00,75.06,75.1,75.08,75.06,41.58844599
2023-08-17 03:54:00,75.06,75.1,75.08,75.08,65.04970287
2023-08-17 03:53:00,75.04,75.1,75.08,75.08,232.82024891
2023-08-17 03:52:00,75.07,75.1,75.09,75.07,41.20617652
2023-08-17 03:51:00,75.09,75.2,75.2,75.09,309.79583034
2023-08-17 03:50:00,75.18,75.22,75.2,75.21,48.11133515
2023-08-17 03:49:00,75.2,75.23,75.22,75.21,43.04822292
2023-08-17 03:48:00,75.2,75.26,75.26,75.23,33.58296482
2023-08-17 03:47:00,75.26,75.3,75.3,75.26,84.14973621
2023-08-17 03:46:00,75.28,75.32,75.28,75.3,216.36018423
2023-08-17 03:45:00,75.26,75.28,75.28,75.28,55.9969112
2023-08-17 03:44:00,75.24,75.28,75.26,75.28,244.90940638
2023-08-17 03:43:00,75.2,75.26,75.22,75.25,1410.42189582
2023-08-17 03:42:00,75.22,75.24,75.23,75.23,21.77936207
2023-08-17 03:41:00,75.23,75.24,75.24,75.23,40.12560096
2023-08-17 03:40:00,75.24,75.28,75.28,75.25,109.82833512
2023-08-17 03:39:00,75.2,75.28,75.26,75.28,115.62189552
2023-08-17 03:38:00,75.24,75.26,75.26,75.25,73.77881702
2023-08-17 03:37:00,75.23,75.29,75.23,75.27,190.48959935
2023-08-17 03:36:00,75.21,75.25,75.21,75.25,172.38775021
2023-08-17 03:35:00,75.19,75.22,75.21,75.21,102.61241586
2023-08-17 03:34:00,75.21,75.22,75.21,75.22,56.72946578
2023-08-17 03:33:00,75.21,75.24,75.23,75.21,21.11271689
2023-08-17 03:32:00,75.2,75.24,75.24,75.22,74.19701424
2023-08-17 03:31:00,75.17,75.24,75.23,75.24,67.92018972
2023-08-17 03:30:00,75.2,75.23,75.2,75.23,97.45040449
2023-08-17 03:29:00,75.17,75.2,75.2,75.2,128.93008114
2023-08-17 03:28:00,75.19,75.21,75.2,75.19,109.94566153
2023-08-17 03:27:00,75.18,75.2,75.18,75.19,30.55990934
2023-08-17 03:26:00,75.17,75.22,75.17,75.18,45.13122118
2023-08-17 03:25:00,75.17,75.22,75.22,75.17,83.7023392
2023-08-17 03:24:00,75.2,75.24,75.23,75.22,80.22981899
2023-08-17 03:23:00,75.22,75.24,75.22,75.22,41.64816704
2023-08-17 03:22:00,75.2,75.25,75.2,75.23,172.99089804
2023-08-17 03:21:00,75.19,75.23,75.2,75.2,56.88097437
2023-08-17 03:20:00,75.19,75.21,75.19,75.2,59.97071775
2023-08-17 03:19:00,75.12,75.19,75.12,75.18,65.91732201
2023-08-17 03:18:00,75.09,75.13,75.13,75.1,262.10839838
2023-08-17 03:17:00,75.11,75.14,75.12,75.13,51.8395464
2023-08-17 03:16:00,75.03,75.12,75.03,75.12,49.75811028
2023-08-17 03:15:00,75.0,75.04,75.04,75.01,73.14779243
2023-08-17 03:14:00,75.03,75.09,75.05,75.05,133.98866943
2023-08-17 03:13:00,75.04,75.06,75.06,75.05,82.35099287
2023-08-17 03:12:00,75.0,75.02,75.01,75.02,45.32498212
2023-08-17 03:11:00,75.01,75.03,75.01,75.01,158.8652241
2023-08-17 03:10:00,75.01,75.03,75.01,75.01,14.64657386
2023-08-17 03:09:00,75.02,75.06,75.06,75.02,14.02337091
2023-08-17 03:08:00,75.04,75.07,75.06,75.05,47.94826321
2023-08-17 03:07:00,75.02,75.07,75.02,75.06,26.69863622
2023-08-17 03:06:00,74.97,75.02,75.0,75.02,91.30921876
2023-08-17 03:05:00,74.97,75.0,74.97,75.0,210.69464807
2023-08-17 03:04:00,74.95,74.97,74.96,74.97,53.28260138
2023-08-17 03:03:00,74.96,75.01,74.96,74.98,854.66709681
2023-08-17 03:02:00,74.93,74.98,74.96,74.98,137.385331
2023-08-17 03:01:00,74.95,74.99,74.95,74.97,81.91592999
2023-08-17 03:00:00,74.95,75.01,75.01,74.96,203.60364696
2023-08-17 02:59:00,74.95,75.01,74.95,75.0,62.48644693
2023-08-17 02:58:00,74.94,75.0,74.99,74.95,118.27146203
2023-08-17 02:57:00,74.98,75.0,74.98,74.99,283.00994978
2023-08-17 02:56:00,74.93,74.98,74.95,74.98,309.86207251
2023-08-17 02:55:00,74.97,75.03,75.02,74.97,335.59290236
2023-08-17 02:54:00,74.97,75.01,74.98,75.01,125.67829187
2023-08-17 02:53:00,74.98,75.02,75.01,74.98,102.53337871
2023-08-17 02:52:00,75.01,75.08,75.08,75.02,152.32939527
2023-08-17 02:51:00,75.07,75.11,75.11,75.07,97.090498
2023-08-17 02:50:00,75.04,75.09,75.06,75.08,76.94341693
2023-08-17 02:49:00,75.07,75.11,75.11,75.07,40.98590346
2023-08-17 02:48:00,75.1,75.15,75.13,75.11,31.28736845
2023-08-17 02:47:00,75.08,75.13,75.08,75.13,138.80010462
2023-08-17 02:46:00,75.02,75.09,75.02,75.08,298.01633113
2023-08-17 02:45:00,74.97,75.02,74.99,75.02,9.45035033
2023-08-17 02:44:00,74.98,75.02,75.01,75.0,11.0137952
2023-08-17 02:43:00,75.01,75.03,75.01,75.01,54.66322067
2023-08-17 02:42:00,74.99,75.01,75.0,75.01,72.59456134
2023-08-17 02:41:00,74.97,75.03,74.99,75.0,348.68906534
2023-08-17 02:40:00,74.95,75.01,75.0,74.99,45.09876426
2023-08-17 02:39:00,74.97,75.01,74.99,75.0,117.93267954
2023-08-17 02:38:00,74.98,75.01,75.01,75.0,34.86222149
2023-08-17 02:37:00,74.98,75.04,75.03,74.99,523.74194238
2023-08-17 02:36:00,75.01,75.07,75.07,75.03,27.68878298
2023-08-17 02:35:00,75.05,75.11,75.11,75.07,69.98755433
2023-08-17 02:34:00,75.09,75.14,75.11,75.11,98.69288292
2023-08-17 02:33:00,75.09,75.11,75.11,75.1,18.02457341
2023-08-17 02:32:00,75.13,75.17,75.17,75.13,81.67186197
2023-08-17 02:31:00,75.15,75.17,75.16,75.17,40.22136035
2023-08-17 02:30:00,75.14,75.17,75.16,75.16,86.19287567
2023-08-17 02:29:00,75.15,75.17,75.15,75.16,38.07871598
2023-08-17 02:28:00,75.1,75.15,75.12,75.15,162.10412657
2023-08-17 02:27:00,75.11,75.14,75.14,75.12,11.51478877
2023-08-17 02:26:00,75.09,75.14,75.09,75.13,61.66271711
2023-08-17 02:25:00,75.03,75.1,75.04,75.1,73.6401517
2023-08-17 02:24:00,75.03,75.06,75.03,75.05,107.87411764
2023-08-17 02:23:00,75.0,75.03,75.01,75.03,34.273822
2023-08-17 02:22:00,74.96,75.01,74.97,75.01,43.48687511
2023-08-17 02:21:00,74.91,74.96,74.91,74.96,59.44751017
2023-08-17 02:20:00,74.8,74.97,74.96,74.9,176.10719965
2023-08-17 02:19:00,74.92,74.97,74.96,74.95,31.40703636
2023-08-17 02:18:00,74.96,75.0,74.96,74.96,52.52601728
2023-08-17 02:17:00,74.93,74.98,74.93,74.96,123.66250209
2023-08-17 02:16:00,74.9,74.92,74.91,74.92,33.6640228
2023-08-17 02:15:00,74.9,74.97,74.95,74.9,70.99501224
2023-08-17 02:14:00,74.92,74.95,74.94,74.95,23.03706952
2023-08-17 02:13:00,74.93,74.98,74.98,74.94,24.54814213
2023-08-17 02:12:00,74.98,75.02,75.02,74.99,27.27533127
2023-08-17 02:11:00,74.97,75.02,74.98,75.02,65.95615858
2023-08-17 02:10:00,74.91,74.97,74.93,74.97,183.37526235
2023-08-17 02:09:00,74.94,75.0,74.99,74.95,51.36412429
2023-08-17 02:08:00,74.96,75.0,74.97,74.99,66.67834771
2023-08-17 02:07:00,74.97,75.02,75.02,74.98,96.3706164
2023-08-17 02:06:00,74.99,75.05,75.05,75.02,357.28209353
2023-08-17 02:05:00,75.01,75.08,75.01,75.05,67.99385375
2023-08-17 02:04:00,75.01,75.05,75.05,75.02,592.10552615
2023-08-17 02:03:00,75.03,75.07,75.06,75.06,7.31680559
2023-08-17 02:02:00,75.03,75.09,75.09,75.05,18.03609543
2023-08-17 02:01:00,75.08,75.11,75.11,75.1,21.45732612
2023-08-17 02:00:00,75.06,75.15,75.11,75.12,161.30437277
2023-08-17 01:59:00,75.09,75.12,75.09,75.12,91.36215411
2023-08-17 01:58:00,75.07,75.12,75.12,75.08,53.27541873
2023-08-17 01:57:00,75.1,75.15,75.14,75.13,20.82882953
2023-08-17 01:56:00,75.09,75.15,75.11,75.15,63.21106594
2023-08-17 01:55:00,75.11,75.14,75.12,75.11,47.41933074
2023-08-17 01:54:00,75.07,75.13,75.13,75.12,52.88083542
2023-08-17 01:53:00,75.13,75.21,75.18,75.14,50.61043069
2023-08-17 01:52:00,75.14,75.18,75.14,75.18,160.37562053
2023-08-17 01:51:00,75.16,75.19,75.19,75.18,35.46468126
2023-08-17 01:50:00,75.17,75.23,75.18,75.19,156.24367703
2023-08-17 01:49:00,75.11,75.18,75.12,75.18,24.96293564
2023-08-17 01:48:00,75.06,75.16,75.13,75.12,155.18722036
2023-08-17 01:47:00,75.12,75.16,75.14,75.15,49.91765142
2023-08-17 01:46:00,75.09,75.18,75.09,75.16,120.68014881
2023-08-17 01:45:00,75.02,75.15,75.15,75.1,147.44550254
2023-08-17 01:44:00,75.12,75.16,75.12,75.15,71.76908136
2023-08-17 01:43:00,75.11,75.19,75.19,75.12,42.53291106
2023-08-17 01:42:00,75.17,75.21,75.2,75.21,49.78492221
2023-08-17 01:41:00,75.18,75.22,75.21,75.18,128.45549132
2023-08-17 01:40:00,75.2,75.25,75.25,75.21,47.67921702
2023-08-17 01:39:00,75.25,75.29,75.29,75.25,19.61106065
2023-08-17 01:38:00,75.25,75.38,75.26,75.33,247.63857883
2023-08-17 01:37:00,75.15,75.26,75.15,75.25,130.50191156
2023-08-17 01:36:00,75.08,75.15,75.11,75.15,151.76839023
2023-08-17 01:35:00,75.07,75.12,75.11,75.12,130.07702456
2023-08-17 01:34:00,75.09,75.21,75.21,75.1,319.87857657
2023-08-17 01:33:00,75.14,75.24,75.17,75.24,287.89460652
2023-08-17 01:32:00,75.17,75.26,75.25,75.17,112.10418118
2023-08-17 01:31:00,75.23,75.43,75.43,75.25,153.18401951
2023-08-17 01:30:00,75.27,75.42,75.3,75.4,1073.52018434
2023-08-17 01:29:00,75.24,75.31,75.27,75.29,92.29029206
2023-08-17 01:28:00,75.24,75.29,75.26,75.26,102.24403317
2023-08-17 01:27:00,75.16,75.26,75.16,75.26,64.54129945
2023-08-17 01:26:00,75.14,75.21,75.19,75.15,338.16114623
2023-08-17 01:25:00,75.17,75.23,75.17,75.21,143.11085381
2023-08-17 01:24:00,75.1,75.17,75.1,75.17,98.0597991
2023-08-17 01:23:00,75.01,75.08,75.01,75.08,78.18954636
2023-08-17 01:22:00,74.98,75.01,74.99,75.01,43.70026359
2023-08-17 01:21:00,74.99,75.02,75.01,74.99,29.76274989
2023-08-17 01:20:00,74.91,75.01,74.92,75.01,63.00044657
2023-08-17 01:19:00,74.92,74.97,74.92,74.92,238.37805372
2023-08-17 01:18:00,74.89,74.93,74.89,74.91,52.28123127
2023-08-17 01:17:00,74.82,74.89,74.82,74.89,115.94283143
2023-08-17 01:16:00,74.81,74.92,74.89,74.82,197.69633203
2023-08-17 01:15:00,74.9,74.98,74.95,74.9,242.60381822
2023-08-17 01:14:00,74.94,74.97,74.94,74.95,86.40034072
2023-08-17 01:13:00,74.86,74.96,74.88,74.93,201.81187457
2023-08-17 01:12:00,74.85,74.94,74.86,74.88,488.24673005
2023-08-17 01:11:00,74.81,74.88,74.82,74.86,191.05864065
2023-08-17 01:10:00,74.8,74.93,74.92,74.82,222.54971296
2023-08-17 01:09:00,74.88,74.95,74.88,74.94,136.60063408
2023-08-17 01:08:00,74.82,74.9,74.86,74.89,68.17817136
2023-08-17 01:07:00,74.74,74.89,74.75,74.85,637.31790463
2023-08-17 01:06:00,74.72,74.81,74.73,74.76,348.0464063
2023-08-17 01:05:00,74.65,74.77,74.65,74.72,152.08394561
2023-08-17 01:04:00,74.58,74.69,74.58,74.65,117.57249658
2023-08-17 01:03:00,74.51,74.59,74.51,74.59,198.24460886
2023-08-17 01:02:00,74.43,74.58,74.57,74.52,1371.65204131
2023-08-17 01:01:00,74.55,74.63,74.6,74.57,323.07735712
2023-08-17 01:00:00,74.49,74.59,74.51,74.59,701.04570636
2023-08-17 00:59:00,74.39,74.54,74.39,74.52,1521.82560281
2023-08-17 00:58:00,74.36,74.4,74.38,74.37,49.07754005
2023-08-17 00:57:00,74.29,74.46,74.32,74.37,1766.19746073
2023-08-17 00:56:00,74.35,74.43,74.39,74.35,170.16281484
2023-08-17 00:55:00,74.2,74.41,74.2,74.38,177.20072861
2023-08-17 00:54:00,74.1,74.24,74.1,74.21,174.43365585
2023-08-17 00:53:00,74.05,74.14,74.08,74.08,526.21966249
2023-08-17 00:52:00,73.99,74.09,73.99,74.09,57.20064399
2023-08-17 00:51:00,73.96,74.04,73.96,73.98,136.24648743
2023-08-17 00:50:00,73.77,74.02,73.79,73.99,453.86988716
2023-08-17 00:49:00,73.81,73.98,73.95,73.81,64.40998381
2023-08-17 00:48:00,73.94,74.14,74.07,73.95,360.29181732
2023-08-17 00:47:00,73.85,74.06,73.88,74.05,120.83128477
2023-08-17 00:46:00,73.41,73.9,73.45,73.89,635.52034261
2023-08-17 00:45:00,72.78,73.59,73.54,73.5,7505.19314491
2023-08-17 00:44:00,73.26,74.04,74.03,73.51,7485.14869558
2023-08-17 00:43:00,73.99,74.07,74.05,74.03,73.94033985
2023-08-17 00:42:00,73.99,74.08,74.04,74.02,148.12820707
2023-08-17 00:41:00,73.98,74.14,74.12,74.03,75.92689248
2023-08-17 00:40:00,74.0,74.12,74.06,74.11,645.61049181
2023-08-17 00:39:00,73.99,74.18,73.99,74.07,156.75861889
2023-08-17 00:38:00,73.86,74.06,73.94,73.99,2361.31232763
2023-08-17 00:37:00,73.93,74.13,74.08,73.94,909.66966441
2023-08-17 00:36:00,74.08,74.13,74.13,74.08,51.84159609
2023-08-17 00:35:00,74.04,74.14,74.11,74.13,140.76567428
2023-08-17 10:35:00,74.98,75.05,75.0,74.99,205.86558211
2023-08-17 10:34:00,74.95,75.12,75.12,75.01,268.13120199
2023-08-17 10:33:00,75.11,75.13,75.11,75.13,12.4519949
2023-08-17 10:32:00,75.11,75.15,75.13,75.11,71.60233038
2023-08-17 10:31:00,75.09,75.16,75.09,75.11,91.39804106
2023-08-17 10:30:00,75.0,75.07,75.01,75.07,136.55946258
2023-08-17 10:29:00,75.0,75.03,75.0,75.03,28.72095404
2023-08-17 10:28:00,75.0,75.01,75.0,75.01,7.19616741
2023-08-17 10:27:00,74.98,75.0,74.99,75.0,33.76683072
2023-08-17 10:26:00,74.99,75.01,75.01,75.0,20.27839673
2023-08-17 10:25:00,75.02,75.03,75.02,75.03,3.58359635
2023-08-17 10:24:00,75.01,75.08,75.08,75.03,294.95964265
2023-08-17 10:23:00,75.05,75.09,75.05,75.09,38.87355597
2023-08-17 10:22:00,75.03,75.05,75.03,75.04,51.63039609
2023-08-17 10:21:00,75.02,75.03,75.02,75.03,14.48016913
2023-08-17 10:20:00,75.0,75.05,75.04,75.0,59.86454568
2023-08-17 10:19:00,75.02,75.04,75.02,75.04,8.66035431
2023-08-17 10:18:00,75.01,75.04,75.01,75.02,45.41798897
2023-08-17 10:17:00,74.98,75.01,74.99,75.01,26.84996403
2023-08-17 10:16:00,74.97,74.99,74.97,74.99,20.75155082
2023-08-17 10:15:00,74.97,75.01,74.99,74.98,19.45959442
2023-08-17 10:14:00,74.97,74.99,74.98,74.98,64.83533271
2023-08-17 10:13:00,74.97,75.02,75.0,74.98,240.85257206
2023-08-17 10:12:00,74.99,75.02,75.01,74.99,91.71117893
2023-08-17 10:11:00,74.99,75.05,75.01,74.99,70.91613832
2023-08-17 10:10:00,75.01,75.06,75.06,75.02,12.02908353
2023-08-17 10:09:00,75.04,75.1,75.1,75.05,49.76180185
2023-08-17 10:08:00,75.04,75.1,75.07,75.1,194.16596703
2023-08-17 10:07:00,75.05,75.16,75.15,75.08,277.01842754
2023-08-17 10:06:00,75.17,75.23,75.21,75.17,33.65384857
2023-08-17 10:05:00,75.18,75.21,75.18,75.21,7.97592481
2023-08-17 10:04:00,75.18,75.2,75.19,75.19,4.69975855
2023-08-17 10:03:00,75.09,75.23,75.11,75.19,1601.81490254
2023-08-17 10:02:00,75.09,75.13,75.13,75.11,7.01128946
2023-08-17 10:01:00,75.13,75.16,75.16,75.13,134.67512426
2023-08-17 10:00:00,75.11,75.15,75.13,75.14,123.80428531
2023-08-17 09:59:00,75.09,75.13,75.09,75.13,62.88056969
2023-08-17 09:58:00,75.09,75.14,75.13,75.09,4.66635491
2023-08-17 09:57:00,75.09,75.11,75.1,75.1,20.67823118
2023-08-17 09:56:00,75.09,75.19,75.17,75.09,44.69818968
2023-08-17 09:55:00,75.17,75.18,75.17,75.17,1.28424267
2023-08-17 09:54:00,75.12,75.17,75.12,75.17,4.09338257
2023-08-17 09:53:00,75.11,75.15,75.14,75.11,112.65134864
2023-08-17 09:52:00,75.12,75.14,75.13,75.14,10.46039001
2023-08-17 09:51:00,75.11,75.13,75.13,75.13,18.11352414
2023-08-17 09:50:00,75.11,75.14,75.14,75.11,100.31017503
2023-08-17 09:49:00,75.15,75.19,75.19,75.17,16.82893745
2023-08-17 09:48:00,75.19,75.27,75.27,75.19,40.52509628
2023-08-17 09:47:00,75.2,75.26,75.2,75.25,7.19673623
2023-08-17 09:46:00,75.19,75.21,75.19,75.2,13.77401167
2023-08-17 09:45:00,75.18,75.2,75.18,75.19,125.3334115
2023-08-17 09:44:00,75.17,75.22,75.22,75.18,13.06094679
2023-08-17 09:43:00,75.22,75.24,75.24,75.23,28.89557019
2023-08-17 09:42:00,75.22,75.24,75.23,75.23,101.05084685
2023-08-17 09:41:00,75.21,75.25,75.25,75.24,131.21918526
2023-08-17 09:40:00,75.24,75.25,75.24,75.25,148.01095307
2023-08-17 09:39:00,75.22,75.27,75.22,75.25,98.2249365
2023-08-17 09:38:00,75.19,75.23,75.22,75.22,106.01096725
2023-08-17 09:37:00,75.2,75.24,75.22,75.23,15.04882541
2023-08-17 09:36:00,75.21,75.28,75.28,75.22,536.38804759
2023-08-17 09:35:00,75.29,75.31,75.29,75.29,35.69895503
2023-08-17 09:34:00,75.28,75.33,75.33,75.3,121.32210431
2023-08-17 09:33:00,75.34,75.39,75.39,75.35,11.07261472
2023-08-17 09:32:00,75.37,75.4,75.38,75.38,18.16691367
2023-08-17 09:31:00,75.37,75.39,75.38,75.37,63.14220133
2023-08-17 09:30:00,75.34,75.39,75.34,75.38,70.81847503
2023-08-17 09:29:00,75.3,75.34,75.31,75.34,13.77953022
2023-08-17 09:28:00,75.31,75.37,75.36,75.32,202.65670609
2023-08-17 09:27:00,75.33,75.4,75.4,75.37,79.66404016
2023-08-17 09:26:00,75.34,75.41,75.36,75.41,93.29615479
2023-08-17 09:25:00,75.38,75.46,75.46,75.38,205.80131888
2023-08-17 09:24:00,75.43,75.46,75.45,75.43,159.8924029
2023-08-17 09:23:00,75.43,75.46,75.43,75.46,37.96887792
2023-08-17 09:22:00,75.4,75.43,75.43,75.4,59.70127206
2023-08-17 09:21:00,75.41,75.47,75.41,75.44,271.68694253
2023-08-17 09:20:00,75.37,75.41,75.37,75.41,37.86774232
2023-08-17 09:19:00,75.31,75.34,75.33,75.33,36.63364874
2023-08-17 09:18:00,75.3,75.34,75.3,75.33,43.90357951
2023-08-17 09:17:00,75.29,75.3,75.29,75.29,8.65103624
2023-08-17 09:16:00,75.23,75.29,75.23,75.29,12.79935058
2023-08-17 09:15:00,75.2,75.24,75.2,75.23,60.00334705
2023-08-17 09:14:00,75.18,75.2,75.19,75.2,129.82734961
2023-08-17 09:13:00,75.2,75.21,75.2,75.21,2.70790936
2023-08-17 09:12:00,75.13,75.21,75.13,75.19,157.00701709
2023-08-17 09:11:00,75.13,75.19,75.15,75.13,161.29835182
2023-08-17 09:10:00,75.01,75.17,75.09,75.15,1905.42636567
2023-08-17 09:09:00,75.02,75.18,75.16,75.09,1659.24640984
2023-08-17 09:08:00,75.15,75.17,75.17,75.16,60.34543252
2023-08-17 09:07:00,75.18,75.22,75.21,75.18,44.46314078
2023-08-17 09:06:00,75.21,75.23,75.22,75.22,35.57626426
2023-08-17 09:05:00,75.17,75.25,75.25,75.22,181.74468965
2023-08-17 09:04:00,75.25,75.28,75.26,75.26,96.76676016
2023-08-17 09:03:00,75.23,75.27,75.23,75.27,202.02859584
2023-08-17 09:02:00,75.22,75.26,75.25,75.23,3.63968565
2023-08-17 09:01:00,75.18,75.23,75.18,75.23,258.53794669
2023-08-17 09:00:00,75.17,75.2,75.17,75.18,39.90706105
2023-08-17 08:59:00,75.17,75.18,75.18,75.17,25.56070525
2023-08-17 08:58:00,75.15,75.26,75.26,75.16,97.2422295
2023-08-17 08:57:00,75.25,75.27,75.26,75.25,14.21509445
2023-08-17 08:56:00,75.21,75.28,75.23,75.27,111.54429751
2023-08-17 08:55:00,75.24,75.26,75.26,75.25,2.12695534
2023-08-17 08:54:00,75.25,75.27,75.27,75.26,7.22195983
2023-08-17 08:53:00,75.19,75.29,75.19,75.29,114.64732725
2023-08-17 08:52:00,75.21,75.28,75.28,75.21,14.3235737
2023-08-17 08:51:00,75.26,75.37,75.37,75.26,110.01989537
2023-08-17 08:50:00,75.26,75.37,75.27,75.36,90.58491133
2023-08-17 08:49:00,75.24,75.27,75.26,75.27,29.76169066
2023-08-17 08:48:00,75.18,75.28,75.19,75.25,657.88428875
2023-08-17 08:47:00,75.16,75.21,75.16,75.19,31.87564908
2023-08-17 08:46:00,75.19,75.23,75.22,75.19,75.49064805
2023-08-17 08:45:00,75.14,75.19,75.19,75.19,88.33219989
2023-08-17 08:44:00,75.19,75.25,75.25,75.2,59.72873293
2023-08-17 08:43:00,75.24,75.26,75.25,75.26,11.8454266
2023-08-17 08:42:00,75.21,75.24,75.23,75.24,13.41038328
2023-08-17 08:41:00,75.19,75.25,75.2,75.23,65.32260215
2023-08-17 08:40:00,75.19,75.21,75.19,75.2,13.58947144
2023-08-17 08:39:00,75.19,75.23,75.23,75.21,39.58911359
2023-08-17 08:38:00,75.21,75.22,75.22,75.22,9.78211926
2023-08-17 08:37:00,75.21,75.27,75.27,75.22,87.03734497
2023-08-17 08:36:00,75.25,75.27,75.27,75.26,17.86219405
2023-08-17 08:35:00,75.27,75.28,75.27,75.28,31.69785306
2023-08-17 08:34:00,75.26,75.29,75.29,75.26,68.19028231
2023-08-17 08:33:00,75.27,75.29,75.29,75.29,36.88384366
2023-08-17 08:32:00,75.25,75.29,75.29,75.27,17.98840866
2023-08-17 08:31:00,75.27,75.36,75.34,75.27,145.04579246
2023-08-17 08:30:00,75.33,75.34,75.33,75.34,14.10005911
2023-08-17 08:29:00,75.32,75.34,75.34,75.33,25.59463488
2023-08-17 08:28:00,75.33,75.39,75.39,75.33,83.00043003
2023-08-17 08:27:00,75.37,75.4,75.39,75.38,35.21679617
2023-08-17 08:26:00,75.37,75.39,75.38,75.37,8.59542482
2023-08-17 08:25:00,75.36,75.38,75.37,75.37,57.47984363
2023-08-17 08:24:00,75.37,75.39,75.38,75.38,49.06124778
2023-08-17 08:23:00,75.37,75.42,75.4,75.37,81.16533223
2023-08-17 08:22:00,75.25,75.37,75.29,75.37,480.58004108
2023-08-17 08:21:00,75.27,75.32,75.3,75.3,34.7046803
2023-08-17 08:20:00,75.28,75.32,75.32,75.32,116.42392314
2023-08-17 08:19:00,75.3,75.32,75.31,75.32,29.8214307
2023-08-17 08:18:00,75.31,75.33,75.33,75.33,11.78366774
2023-08-17 08:17:00,75.33,75.39,75.39,75.33,2.57168323
2023-08-17 08:16:00,75.38,75.42,75.42,75.39,28.59293177
2023-08-17 08:15:00,75.39,75.42,75.42,75.42,62.04081569
2023-08-17 08:14:00,75.4,75.43,75.4,75.43,13.06133549
2023-08-17 08:13:00,75.35,75.4,75.36,75.4,273.00854631
2023-08-17 08:12:00,75.37,75.48,75.46,75.38,380.64248214
2023-08-17 08:11:00,75.45,75.47,75.45,75.46,4.84042655
2023-08-17 08:10:00,75.44,75.45,75.44,75.45,71.9357559
2023-08-17 08:09:00,75.44,75.47,75.47,75.44,5.2123168
2023-08-17 08:08:00,75.47,75.54,75.47,75.49,158.28506948
2023-08-17 08:07:00,75.42,75.47,75.42,75.47,376.48486655
2023-08-17 08:06:00,75.42,75.46,75.46,75.42,82.70689406
2023-08-17 08:05:00,75.41,75.46,75.42,75.44,9.99338252
2023-08-17 08:04:00,75.41,75.45,75.45,75.43,29.61695088
2023-08-17 08:03:00,75.41,75.45,75.43,75.45,6.34404565
2023-08-17 08:02:00,75.41,75.43,75.41,75.42,6.92521812
2023-08-17 08:01:00,75.4,75.42,75.4,75.41,9.95732484
2023-08-17 08:00:00,75.39,75.41,75.39,75.41,152.97038814
2023-08-17 07:59:00,75.38,75.4,75.38,75.39,27.76390048
2023-08-17 07:58:00,75.37,75.38,75.37,75.38,79.81155697
2023-08-17 07:57:00,75.34,75.37,75.35,75.37,1.12321144
2023-08-17 07:56:00,75.31,75.33,75.31,75.33,19.56671161
2023-08-17 07:55:00,75.29,75.35,75.34,75.31,76.30930746
2023-08-17 07:54:00,75.34,75.35,75.35,75.34,7.65272006
2023-08-17 07:53:00,75.32,75.35,75.32,75.35,21.66311424
2023-08-17 07:52:00,75.35,75.39,75.36,75.35,24.06127572
2023-08-17 07:51:00,75.25,75.37,75.25,75.37,349.04487511
2023-08-17 07:50:00,75.23,75.27,75.24,75.24,134.90523027
2023-08-17 07:49:00,75.21,75.26,75.23,75.23,93.62617462
2023-08-17 07:48:00,75.2,75.24,75.22,75.23,77.54981149
2023-08-17 07:47:00,75.22,75.24,75.23,75.24,51.45000123
2023-08-17 07:46:00,75.24,75.28,75.25,75.24,64.97419946
2023-08-17 07:45:00,75.26,75.31,75.3,75.26,71.58446474
2023-08-17 07:44:00,75.23,75.31,75.23,75.31,109.69246242
2023-08-17 07:43:00,75.23,75.25,75.25,75.24,44.48376406
2023-08-17 07:42:00,75.25,75.28,75.28,75.27,91.24592077
2023-08-17 07:41:00,75.27,75.3,75.3,75.28,5.32606689
2023-08-17 07:40:00,75.29,75.3,75.29,75.3,8.71141266
2023-08-17 07:39:00,75.28,75.3,75.3,75.29,8.56437027
2023-08-17 07:38:00,75.3,75.38,75.38,75.31,154.45721001
2023-08-17 07:37:00,75.37,75.39,75.38,75.38,4.3536187
2023-08-17 07:36:00,75.37,75.4,75.38,75.37,4.69540268
2023-08-17 07:35:00,75.37,75.39,75.38,75.38,9.9234275
2023-08-17 07:34:00,75.38,75.43,75.43,75.4,31.18098938
2023-08-17 07:33:00,75.4,75.45,75.41,75.43,83.39461983
2023-08-17 07:32:00,75.38,75.42,75.41,75.4,11.6518971
2023-08-17 07:31:00,75.41,75.43,75.42,75.42,6.58635252
2023-08-17 07:30:00,75.39,75.43,75.41,75.43,4.90159312
2023-08-17 07:29:00,75.33,75.41,75.33,75.41,76.77706035
2023-08-17 07:28:00,75.3,75.35,75.34,75.32,103.3088283
2023-08-17 07:27:00,75.34,75.35,75.35,75.35,20.9220065
2023-08-17 07:26:00,75.35,75.37,75.36,75.36,2.08943901
2023-08-17 07:25:00,75.34,75.38,75.38,75.34,62.44302662
2023-08-17 07:24:00,75.38,75.39,75.39,75.38,5.91501454
2023-08-17 07:23:00,75.33,75.39,75.34,75.38,30.71613229
2023-08-17 07:22:00,75.32,75.34,75.32,75.34,51.1992543
2023-08-17 07:21:00,75.31,75.38,75.37,75.31,17.19556058
2023-08-17 07:20:00,75.3,75.36,75.3,75.36,188.140932
2023-08-17 07:19:00,75.27,75.31,75.28,75.29,9.72914144
2023-08-17 07:18:00,75.27,75.29,75.28,75.29,42.88053462
2023-08-17 07:17:00,75.27,75.33,75.33,75.27,60.96122377
2023-08-17 07:16:00,75.32,75.34,75.33,75.34,77.59279871
2023-08-17 07:15:00,75.32,75.33,75.33,75.33,36.88413627
2023-08-17 07:14:00,75.28,75.36,75.28,75.34,548.97341657
2023-08-17 07:13:00,75.28,75.3,75.29,75.28,56.10852065
2023-08-17 07:12:00,75.28,75.3,75.29,75.28,6.33554289
2023-08-17 07:11:00,75.29,75.31,75.31,75.31,25.5327782
2023-08-17 07:10:00,75.3,75.34,75.34,75.32,37.66304077
2023-08-17 07:09:00,75.3,75.34,75.33,75.34,88.63515803
2023-08-17 07:08:00,75.34,75.36,75.36,75.34,53.86998724
2023-08-17 07:07:00,75.35,75.39,75.39,75.35,15.22817158
2023-08-17 07:06:00,75.38,75.41,75.39,75.39,51.45806558
2023-08-17 07:05:00,75.39,75.42,75.42,75.39,67.52552141
2023-08-17 07:04:00,75.38,75.42,75.4,75.42,115.64607211
2023-08-17 07:03:00,75.37,75.4,75.37,75.4,24.84025494
2023-08-17 07:02:00,75.4,75.46,75.46,75.4,107.60621289
2023-08-17 07:01:00,75.48,75.49,75.48,75.49,44.1164333
2023-08-17 07:00:00,75.46,75.49,75.49,75.48,10.17283058
2023-08-17 06:59:00,75.49,75.52,75.51,75.49,43.69374114
2023-08-17 06:58:00,75.5,75.52,75.51,75.5,96.78784913
2023-08-17 06:57:00,75.49,75.51,75.5,75.51,27.13550045
2023-08-17 06:56:00,75.49,75.51,75.5,75.5,5.43202843
2023-08-17 06:55:00,75.5,75.51,75.51,75.51,63.84229766
2023-08-17 06:54:00,75.49,75.51,75.5,75.5,28.54208802
2023-08-17 06:53:00,75.44,75.54,75.44,75.51,676.54380885
2023-08-17 06:52:00,75.42,75.44,75.42,75.44,86.59265626
2023-08-17 06:51:00,75.42,75.52,75.51,75.42,44.52748009
2023-08-17 06:50:00,75.43,75.51,75.44,75.51,255.17647411
2023-08-17 06:49:00,75.4,75.44,75.4,75.44,16.50302133
2023-08-17 06:48:00,75.37,75.43,75.42,75.37,224.62600056
2023-08-17 06:47:00,75.43,75.48,75.48,75.43,109.64715431
2023-08-17 06:46:00,75.49,75.53,75.53,75.49,90.34084624
2023-08-17 06:45:00,75.51,75.53,75.52,75.53,12.62354124
2023-08-17 06:44:00,75.48,75.54,75.53,75.51,40.52003473
2023-08-17 06:43:00,75.47,75.59,75.47,75.53,689.44468546
2023-08-17 06:42:00,75.46,75.48,75.48,75.47,27.3220369
2023-08-17 06:41:00,75.47,75.58,75.58,75.48,191.86426151
2023-08-17 06:40:00,75.52,75.59,75.53,75.59,398.68773147
2023-08-17 06:39:00,75.52,75.54,75.52,75.52,39.70920874
2023-08-17 06:38:00,75.51,75.54,75.51,75.52,124.56437757
2023-08-17 06:37:00,75.5,75.51,75.5,75.51,84.6569727
2023-08-17 06:36:00,75.44,75.51,75.44,75.5,489.95250052
2023-08-17 06:35:00,75.43,75.48,75.46,75.43,47.07598127
2023-08-17 06:34:00,75.44,75.47,75.45,75.47,22.11903989
2023-08-17 06:33:00,75.43,75.46,75.45,75.45,160.98204231
2023-08-17 06:32:00,75.45,75.48,75.48,75.45,60.35520657
2023-08-17 06:31:00,75.46,75.53,75.53,75.48,256.61708203
2023-08-17 06:30:00,75.52,75.54,75.54,75.54,46.05573823
2023-08-17 06:29:00,75.53,75.55,75.55,75.54,50.73696945
2023-08-17 06:28:00,75.52,75.6,75.52,75.56,251.2125524
2023-08-17 06:27:00,75.56,75.57,75.57,75.56,8.00740832
2023-08-17 06:26:00,75.56,75.61,75.6,75.56,79.26862915
2023-08-17 06:25:00,75.56,75.61,75.56,75.58,23.97338893
2023-08-17 06:24:00,75.54,75.6,75.6,75.58,43.24596974
2023-08-17 06:23:00,75.54,75.59,75.54,75.59,100.49368088
2023-08-17 06:22:00,75.53,75.55,75.54,75.53,26.56501269
2023-08-17 06:21:00,75.54,75.57,75.56,75.55,109.73975548
2023-08-17 06:20:00,75.51,75.56,75.51,75.56,207.61468531
2023-08-17 06:19:00,75.46,75.5,75.46,75.5,225.58730273
2023-08-17 06:18:00,75.41,75.48,75.41,75.46,270.91374461
2023-08-17 06:17:00,75.4,75.43,75.41,75.41,62.77377056
2023-08-17 06:16:00,75.4,75.44,75.44,75.4,89.49220397
2023-08-17 06:15:00,75.43,75.45,75.44,75.44,171.87773006
2023-08-17 06:14:00,75.41,75.45,75.43,75.43,89.25907154
2023-08-17 06:13:00,75.42,75.5,75.5,75.42,216.43437869
2023-08-17 06:12:00,75.49,75.51,75.49,75.51,6.25516494
2023-08-17 06:11:00,75.45,75.5,75.46,75.5,119.30521174
2023-08-17 06:10:00,75.46,75.5,75.5,75.46,16.24461501
2023-08-17 06:09:00,75.48,75.51,75.51,75.5,42.31215905
2023-08-17 06:08:00,75.51,75.54,75.54,75.51,19.06590712
2023-08-17 06:07:00,75.55,75.59,75.59,75.55,18.85115844
2023-08-17 06:06:00,75.55,75.59,75.58,75.59,133.39232797
2023-08-17 06:05:00,75.57,75.63,75.62,75.57,43.63434184
2023-08-17 06:04:00,75.63,75.67,75.67,75.63,74.86706476
2023-08-17 06:03:00,75.62,75.66,75.64,75.66,99.31542208
2023-08-17 06:02:00,75.58,75.68,75.68,75.62,121.72943922
2023-08-17 06:01:00,75.67,75.74,75.69,75.67,1635.10708685
2023-08-17 06:00:00,75.68,75.7,75.68,75.7,193.4318473
2023-08-17 05:59:00,75.64,75.68,75.68,75.67,123.76930443
2023-08-17 05:58:00,75.67,75.69,75.69,75.67,85.52986221
2023-08-17 05:57:00,75.67,75.74,75.71,75.67,352.22294555
2023-08-17 05:56:00,75.66,75.71,75.66,75.71,176.06153692
2023-08-17 05:55:00,75.63,75.66,75.64,75.66,33.36265997
2023-08-17 05:54:00,75.63,75.7,75.68,75.64,99.56732103
2023-08-17 05:53:00,75.62,75.7,75.62,75.68,258.88116523
2023-08-17 05:52:00,75.57,75.61,75.6,75.61,105.07657623
2023-08-17 05:51:00,75.58,75.6,75.59,75.6,12.45910124
2023-08-17 05:50:00,75.55,75.61,75.55,75.61,117.24539474
2023-08-17 05:49:00,75.55,75.58,75.58,75.57,24.94431732
2023-08-17 05:48:00,75.57,75.59,75.58,75.57,65.41861543
2023-08-17 05:47:00,75.57,75.58,75.57,75.58,16.99567085
2023-08-17 05:46:00,75.54,75.58,75.56,75.57,63.59446515
2023-08-17 05:45:00,75.52,75.56,75.52,75.56,31.54616528
2023-08-17 05:44:00,75.48,75.51,75.49,75.51,143.52778733
2023-08-17 05:43:00,75.42,75.5,75.42,75.5,77.42422154
2023-08-17 05:42:00,75.41,75.53,75.5,75.41,702.21093704
2023-08-17 05:41:00,75.48,75.51,75.5,75.51,28.88367264
2023-08-17 05:40:00,75.46,75.5,75.46,75.5,32.03356343
2023-08-17 05:39:00,75.46,75.49,75.48,75.48,54.88664387
2023-08-17 05:38:00,75.47,75.48,75.48,75.48,58.1449785
2023-08-17 05:37:00,75.45,75.48,75.46,75.48,28.96237399
2023-08-17 05:36:00,75.43,75.47,75.44,75.46,34.354117
2023-08-17 05:35:00,75.39,75.42,75.4,75.42,75.86134267
2023-08-17 15:35:00,73.47,74.03,74.02,73.49,2205.12576111
2023-08-17 15:34:00,73.95,74.14,74.09,74.0,189.2934543
2023-08-17 15:33:00,73.98,74.15,74.09,74.1,140.77511027
2023-08-17 15:32:00,74.07,74.24,74.17,74.1,260.39440995
2023-08-17 15:31:00,74.17,74.35,74.31,74.17,260.29766351
2023-08-17 15:30:00,74.26,74.35,74.28,74.31,98.39351066
2023-08-17 15:29:00,74.26,74.37,74.36,74.28,170.88014573
2023-08-17 15:28:00,74.34,74.44,74.4,74.38,83.88194991
2023-08-17 15:27:00,74.38,74.49,74.49,74.38,42.75472172
2023-08-17 15:26:00,74.44,74.5,74.47,74.48,79.76205831
2023-08-17 15:25:00,74.47,74.53,74.53,74.49,73.13689146
2023-08-17 15:24:00,74.53,74.61,74.54,74.54,183.72720628
2023-08-17 15:23:00,74.47,74.55,74.52,74.54,98.79950758
2023-08-17 15:22:00,74.49,74.55,74.54,74.53,60.62135421
2023-08-17 15:21:00,74.51,74.55,74.51,74.54,383.42988502
2023-08-17 15:20:00,74.48,74.54,74.5,74.5,161.52766453
2023-08-17 15:19:00,74.51,74.59,74.59,74.51,165.96088677
2023-08-17 15:18:00,74.59,74.68,74.67,74.59,116.92502017
2023-08-17 15:17:00,74.66,74.86,74.86,74.66,55.86484648
2023-08-17 15:16:00,74.78,74.87,74.78,74.83,280.34081133
2023-08-17 15:15:00,74.65,74.8,74.65,74.8,100.43807181
2023-08-17 15:14:00,74.59,74.65,74.64,74.65,113.91888351
2023-08-17 15:13:00,74.59,74.67,74.61,74.66,43.28261038
2023-08-17 15:12:00,74.61,74.76,74.71,74.61,96.47735639
2023-08-17 15:11:00,74.62,74.74,74.62,74.74,342.80725805
2023-08-17 15:10:00,74.52,74.61,74.57,74.61,83.33106125
2023-08-17 15:09:00,74.55,74.62,74.58,74.59,63.96875117
2023-08-17 15:08:00,74.54,74.66,74.66,74.58,82.64274507
2023-08-17 15:07:00,74.52,74.66,74.59,74.65,28.02588127
2023-08-17 15:06:00,74.58,74.7,74.6,74.59,192.71174359
2023-08-17 15:05:00,74.36,74.66,74.41,74.61,349.05876577
2023-08-17 15:04:00,74.34,74.39,74.39,74.39,240.46723884
2023-08-17 15:03:00,74.3,74.47,74.34,74.4,351.1634219
2023-08-17 15:02:00,73.76,74.34,74.24,74.32,7053.01160098
2023-08-17 15:01:00,74.16,74.32,74.32,74.22,259.65694672
2023-08-17 15:00:00,74.3,74.37,74.36,74.3,172.74803061
2023-08-17 14:59:00,74.37,74.44,74.43,74.38,108.24516298
2023-08-17 14:58:00,74.45,74.53,74.5,74.45,68.00908777
2023-08-17 14:57:00,74.5,74.57,74.57,74.5,99.63205594
2023-08-17 14:56:00,74.46,74.56,74.48,74.56,394.54281278
2023-08-17 14:55:00,74.45,74.61,74.61,74.47,513.11259962
2023-08-17 14:54:00,74.49,74.6,74.49,74.58,167.23158465
2023-08-17 14:53:00,74.45,74.61,74.61,74.48,555.96551478
2023-08-17 14:52:00,74.58,74.69,74.66,74.6,119.23724449
2023-08-17 14:51:00,74.58,74.67,74.59,74.66,86.40379971
2023-08-17 14:50:00,74.37,74.55,74.39,74.55,51.03963522
2023-08-17 14:49:00,74.37,74.53,74.53,74.39,134.2659765
2023-08-17 14:48:00,74.52,74.57,74.54,74.52,90.57056017
2023-08-17 14:47:00,74.5,74.63,74.63,74.52,73.04854068
2023-08-17 14:46:00,74.62,74.74,74.62,74.63,314.03090403
2023-08-17 14:45:00,74.46,74.64,74.47,74.64,312.09808073
2023-08-17 14:44:00,74.29,74.45,74.36,74.45,154.4078192
2023-08-17 14:43:00,74.31,74.39,74.35,74.36,293.10789124
2023-08-17 14:42:00,74.18,74.45,74.44,74.37,606.88590676
2023-08-17 14:41:00,74.14,74.52,74.41,74.43,2984.31685396
2023-08-17 14:40:00,74.42,74.71,74.71,74.42,562.83854816
2023-08-17 14:39:00,74.68,74.79,74.79,74.72,96.40792838
2023-08-17 14:38:00,74.73,74.81,74.75,74.8,262.78579484
2023-08-17 14:37:00,74.66,74.78,74.77,74.72,480.13540372
2023-08-17 14:36:00,74.77,74.83,74.83,74.77,127.2625373
2023-08-17 14:35:00,74.79,74.86,74.8,74.82,115.06948543
2023-08-17 14:34:00,74.76,74.87,74.84,74.85,154.64491339
2023-08-17 14:33:00,74.83,74.91,74.87,74.83,113.04504921
2023-08-17 14:32:00,74.85,74.93,74.93,74.87,35.2928987
2023-08-17 14:31:00,74.93,74.99,74.97,74.93,35.92272168
2023-08-17 14:30:00,74.95,75.01,74.95,75.0,39.3763335
2023-08-17 14:29:00,74.92,74.99,74.99,74.95,55.76223657
2023-08-17 14:28:00,74.97,75.02,75.02,74.98,158.89240088
2023-08-17 14:27:00,75.06,75.13,75.13,75.06,37.04813471
2023-08-17 14:26:00,75.12,75.16,75.15,75.14,70.81553976
2023-08-17 14:25:00,75.08,75.18,75.08,75.15,375.25486352
2023-08-17 14:24:00,74.93,75.09,74.93,75.09,147.91114856
2023-08-17 14:23:00,74.93,75.02,74.93,74.96,187.33448418
2023-08-17 14:22:00,74.89,74.97,74.92,74.94,243.20302527
2023-08-17 14:21:00,74.92,75.03,75.0,74.93,468.5171458
2023-08-17 14:20:00,75.0,75.05,75.03,75.02,120.61684538
2023-08-17 14:19:00,75.02,75.08,75.07,75.03,82.05875885
2023-08-17 14:18:00,75.06,75.13,75.09,75.08,135.8185007
2023-08-17 14:17:00,75.07,75.17,75.17,75.07,67.81005228
2023-08-17 14:16:00,75.13,75.2,75.15,75.18,238.07455527
2023-08-17 14:15:00,75.05,75.19,75.05,75.14,257.80569183
2023-08-17 14:14:00,75.03,75.09,75.06,75.07,199.1900669
2023-08-17 14:13:00,75.04,75.18,75.16,75.05,447.04556936
2023-08-17 14:12:00,75.13,75.19,75.18,75.15,304.91129192
2023-08-17 14:11:00,75.15,75.24,75.22,75.15,86.97183107
2023-08-17 14:10:00,75.17,75.25,75.24,75.21,86.23735029
2023-08-17 14:09:00,75.24,75.3,75.28,75.25,29.07600141
2023-08-17 14:08:00,75.21,75.28,75.24,75.28,109.29525269
2023-08-17 14:07:00,75.25,75.37,75.29,75.25,138.49798455
2023-08-17 14:06:00,75.17,75.27,75.17,75.27,90.43096642
2023-08-17 14:05:00,75.13,75.17,75.13,75.15,38.10256703
2023-08-17 14:04:00,75.06,75.11,75.07,75.11,90.7819577
2023-08-17 14:03:00,75.0,75.08,75.05,75.06,72.9748354
2023-08-17 14:02:00,75.0,75.09,75.01,75.05,128.64287131
2023-08-17 14:01:00,74.98,75.12,75.07,74.98,119.2425809
2023-08-17 14:00:00,75.04,75.12,75.11,75.06,272.49163468
2023-08-17 13:59:00,75.08,75.11,75.1,75.1,128.76126352
2023-08-17 13:58:00,75.06,75.17,75.12,75.1,427.64103721
2023-08-17 13:57:00,75.11,75.17,75.13,75.12,74.4240138
2023-08-17 13:56:00,75.11,75.19,75.12,75.14,123.81270793
2023-08-17 13:55:00,75.1,75.18,75.18,75.11,733.08271463
2023-08-17 13:54:00,75.16,75.22,75.22,75.2,103.13900485
2023-08-17 13:53:00,75.19,75.25,75.23,75.22,115.41635875
2023-08-17 13:52:00,75.2,75.25,75.21,75.2,73.86450234
2023-08-17 13:51:00,75.21,75.31,75.3,75.21,21.70285873
2023-08-17 13:50:00,75.26,75.34,75.27,75.3,456.2248082
2023-08-17 13:49:00,75.27,75.34,75.32,75.27,100.51384087
2023-08-17 13:48:00,75.31,75.39,75.39,75.32,297.15054096
2023-08-17 13:47:00,75.36,75.4,75.39,75.4,80.98701195
2023-08-17 13:46:00,75.36,75.41,75.38,75.4,79.85242126
2023-08-17 13:45:00,75.36,75.42,75.39,75.38,183.34778951
2023-08-17 13:44:00,75.35,75.41,75.4,75.39,364.05219851
2023-08-17 13:43:00,75.41,75.56,75.53,75.41,1450.0359677
2023-08-17 13:42:00,75.48,75.53,75.49,75.53,300.68905353
2023-08-17 13:41:00,75.41,75.49,75.43,75.49,289.73139605
2023-08-17 13:40:00,75.4,75.49,75.45,75.45,2381.55867626
2023-08-17 13:39:00,75.44,75.5,75.45,75.49,805.43792698
2023-08-17 13:38:00,75.44,75.48,75.47,75.45,793.75338242
2023-08-17 13:37:00,75.42,75.46,75.43,75.46,579.62605359
2023-08-17 13:36:00,75.42,75.48,75.42,75.44,198.68937113
2023-08-17 13:35:00,75.42,75.46,75.43,75.42,858.00909266
2023-08-17 13:34:00,75.43,75.47,75.45,75.44,1235.54193437
2023-08-17 13:33:00,75.44,75.47,75.47,75.46,450.0343904
2023-08-17 13:32:00,75.41,75.47,75.41,75.46,1091.78732913
2023-08-17 13:31:00,75.39,75.48,75.48,75.39,19.07542833
2023-08-17 13:30:00,75.48,75.56,75.56,75.48,50.59720025
2023-08-17 13:29:00,75.52,75.56,75.54,75.56,52.42043921
2023-08-17 13:28:00,75.45,75.54,75.5,75.54,522.44693707
2023-08-17 13:27:00,75.52,75.62,75.62,75.52,156.70000078
2023-08-17 13:26:00,75.58,75.65,75.65,75.6,191.17804361
2023-08-17 13:25:00,75.63,75.68,75.64,75.63,31.87210463
2023-08-17 13:24:00,75.56,75.63,75.56,75.63,94.32361639
2023-08-17 13:23:00,75.47,75.57,75.47,75.56,203.57375431
2023-08-17 13:22:00,75.44,75.48,75.46,75.47,36.94321247
2023-08-17 13:21:00,75.46,75.48,75.46,75.46,28.68807765
2023-08-17 13:20:00,75.45,75.47,75.46,75.47,12.21926071
2023-08-17 13:19:00,75.48,75.5,75.49,75.48,30.92426888
2023-08-17 13:18:00,75.39,75.47,75.41,75.47,74.48374964
2023-08-17 13:17:00,75.4,75.44,75.44,75.41,25.88287095
2023-08-17 13:16:00,75.42,75.46,75.44,75.44,218.12175512
2023-08-17 13:15:00,75.42,75.45,75.42,75.45,24.43775476
2023-08-17 13:14:00,75.4,75.42,75.41,75.4,76.67576787
2023-08-17 13:13:00,75.36,75.4,75.36,75.4,4.16672258
2023-08-17 13:12:00,75.29,75.36,75.31,75.35,103.94708928
2023-08-17 13:11:00,75.32,75.35,75.34,75.34,9.82421796
2023-08-17 13:10:00,75.26,75.34,75.26,75.34,141.19434019
2023-08-17 13:09:00,75.25,75.26,75.25,75.25,13.38294872
2023-08-17 13:08:00,75.23,75.26,75.25,75.25,71.9319253
2023-08-17 13:07:00,75.24,75.29,75.29,75.26,46.59893576
2023-08-17 13:06:00,75.23,75.27,75.25,75.27,18.13232055
2023-08-17 13:05:00,75.18,75.25,75.18,75.25,37.32269664
2023-08-17 13:04:00,75.17,75.2,75.2,75.17,18.89156749
2023-08-17 13:03:00,75.19,75.23,75.19,75.2,69.49179172
2023-08-17 13:02:00,75.19,75.29,75.28,75.2,168.6638238
2023-08-17 13:01:00,75.19,75.28,75.19,75.27,55.43029296
2023-08-17 13:00:00,75.19,75.27,75.23,75.19,122.6847393
2023-08-17 12:59:00,75.23,75.3,75.3,75.23,96.7316584
2023-08-17 12:58:00,75.29,75.31,75.31,75.29,27.45442145
2023-08-17 12:57:00,75.3,75.33,75.32,75.3,85.51434504
2023-08-17 12:56:00,75.3,75.33,75.31,75.32,83.59516366
2023-08-17 12:55:00,75.27,75.32,75.27,75.31,17.63553654
2023-08-17 12:54:00,75.27,75.29,75.28,75.28,9.10303473
2023-08-17 12:53:00,75.27,75.34,75.34,75.27,143.88380962
2023-08-17 12:52:00,75.31,75.35,75.32,75.31,112.84330759
2023-08-17 12:51:00,75.27,75.32,75.29,75.32,342.96406545
2023-08-17 12:50:00,75.26,75.3,75.27,75.28,133.22885953
2023-08-17 12:49:00,75.24,75.28,75.26,75.26,27.23673641
2023-08-17 12:48:00,75.26,75.31,75.31,75.26,58.53608479
2023-08-17 12:47:00,75.35,75.38,75.38,75.35,15.42226461
2023-08-17 12:46:00,75.34,75.39,75.34,75.39,52.81545215
2023-08-17 12:45:00,75.27,75.33,75.3,75.33,36.95601191
2023-08-17 12:44:00,75.27,75.3,75.27,75.29,73.81950602
2023-08-17 12:43:00,75.26,75.3,75.3,75.26,19.97557935
2023-08-17 12:42:00,75.3,75.33,75.32,75.3,26.36893019
2023-08-17 12:41:00,75.31,75.35,75.33,75.31,26.70137089
2023-08-17 12:40:00,75.26,75.33,75.28,75.32,153.88123812
2023-08-17 12:39:00,75.26,75.31,75.28,75.28,386.89152005
2023-08-17 12:38:00,75.28,75.36,75.34,75.28,25.54391975
2023-08-17 12:37:00,75.33,75.37,75.37,75.37,5.23697367
2023-08-17 12:36:00,75.34,75.38,75.35,75.37,36.62938099
2023-08-17 12:35:00,75.31,75.39,75.33,75.35,51.45017825
2023-08-17 12:34:00,75.29,75.32,75.3,75.32,28.62661596
2023-08-17 12:33:00,75.23,75.31,75.31,75.3,170.20480269
2023-08-17 12:32:00,75.28,75.34,75.28,75.31,66.32989099
2023-08-17 12:31:00,75.25,75.32,75.25,75.32,138.53682505
2023-08-17 12:30:00,75.19,75.24,75.23,75.24,27.71814443
2023-08-17 12:29:00,75.19,75.24,75.23,75.24,119.7075733
2023-08-17 12:28:00,75.16,75.24,75.17,75.24,37.98755636
2023-08-17 12:27:00,75.04,75.17,75.04,75.17,66.71830499
2023-08-17 12:26:00,75.02,75.08,75.03,75.04,53.51286981
2023-08-17 12:25:00,74.96,75.01,74.96,75.01,27.58952241
2023-08-17 12:24:00,74.93,74.99,74.97,74.93,93.19349017
2023-08-17 12:23:00,74.96,75.01,75.01,74.96,302.14517563
2023-08-17 12:22:00,74.98,75.01,75.01,75.0,144.68792661
2023-08-17 12:21:00,75.02,75.1,75.1,75.02,27.12449393
2023-08-17 12:20:00,75.1,75.14,75.12,75.1,15.38358434
2023-08-17 12:19:00,75.14,75.16,75.16,75.14,39.7030685
2023-08-17 12:18:00,75.15,75.17,75.15,75.16,71.35063859
2023-08-17 12:17:00,75.12,75.16,75.16,75.15,161.61688406
2023-08-17 12:16:00,75.13,75.17,75.14,75.17,78.08221274
2023-08-17 12:15:00,75.13,75.16,75.15,75.15,16.15156913
2023-08-17 12:14:00,75.13,75.15,75.14,75.15,5.31772319
2023-08-17 12:13:00,75.09,75.15,75.09,75.15,47.46883154
2023-08-17 12:12:00,75.09,75.13,75.1,75.09,35.60980782
2023-08-17 12:11:00,75.1,75.15,75.14,75.11,16.30268328
2023-08-17 12:10:00,75.08,75.12,75.08,75.12,33.64628737
2023-08-17 12:09:00,75.08,75.09,75.08,75.09,20.09944425
2023-08-17 12:08:00,75.08,75.12,75.11,75.08,12.53785186
2023-08-17 12:07:00,75.1,75.12,75.1,75.12,15.33239715
2023-08-17 12:06:00,75.03,75.09,75.03,75.09,39.0566103
2023-08-17 12:05:00,75.0,75.03,75.01,75.02,21.15991957
2023-08-17 12:04:00,74.99,75.0,74.99,74.99,34.60493531
2023-08-17 12:03:00,74.99,75.01,75.01,74.99,37.26649368
2023-08-17 12:02:00,74.98,75.02,74.98,75.01,44.87110921
2023-08-17 12:01:00,74.98,75.0,74.99,74.98,6.1204643
2023-08-17 12:00:00,74.97,75.03,74.99,74.98,81.54932967
2023-08-17 11:59:00,74.98,74.99,74.99,74.99,4.41366804
2023-08-17 11:58:00,74.97,74.99,74.98,74.97,18.95593467
2023-08-17 11:57:00,74.96,74.99,74.96,74.98,19.29235455
2023-08-17 11:56:00,74.96,74.97,74.97,74.96,6.18121417
2023-08-17 11:55:00,74.96,74.99,74.98,74.96,53.29347807
2023-08-17 11:54:00,74.97,74.98,74.97,74.97,15.76038448
2023-08-17 11:53:00,74.95,75.01,75.0,74.95,23.36739249
2023-08-17 11:52:00,75.0,75.03,75.02,75.0,31.73561534
2023-08-17 11:51:00,75.03,75.07,75.07,75.03,32.22710954
2023-08-17 11:50:00,75.06,75.08,75.07,75.07,21.17269691
2023-08-17 11:49:00,75.03,75.07,75.03,75.07,28.65228533
2023-08-17 11:48:00,75.02,75.04,75.04,75.02,15.70435933
2023-08-17 11:47:00,75.03,75.07,75.07,75.04,3.53076967
2023-08-17 11:46:00,75.03,75.09,75.06,75.08,41.02266957
2023-08-17 11:45:00,75.02,75.07,75.03,75.05,34.3727631
2023-08-17 11:44:00,74.98,75.03,74.99,75.03,70.61211168
2023-08-17 11:43:00,74.98,75.03,75.03,74.98,87.9099171
2023-08-17 11:42:00,75.02,75.08,75.08,75.03,199.22727512
2023-08-17 11:41:00,75.08,75.09,75.09,75.08,6.68503662
2023-08-17 11:40:00,75.08,75.09,75.08,75.09,10.72666045
2023-08-17 11:39:00,75.07,75.09,75.08,75.09,15.09808617
2023-08-17 11:38:00,75.07,75.11,75.07,75.08,72.1610181
2023-08-17 11:37:00,75.06,75.09,75.07,75.07,56.05662219
2023-08-17 11:36:00,75.03,75.05,75.05,75.03,2.98315106
2023-08-17 11:35:00,75.0,75.04,75.01,75.04,4.38562915
2023-08-17 11:34:00,74.99,75.01,74.99,75.01,11.05971588
2023-08-17 11:33:00,74.96,75.0,74.96,74.99,16.75445838
2023-08-17 11:32:00,74.93,74.99,74.94,74.99,40.63225212
2023-08-17 11:31:00,74.92,74.94,74.92,74.94,8.37545934
2023-08-17 11:30:00,74.9,74.94,74.92,74.92,43.92389974
2023-08-17 11:29:00,74.9,74.93,74.92,74.92,41.5462637
2023-08-17 11:28:00,74.89,74.93,74.89,74.92,49.91767641
2023-08-17 11:27:00,74.9,74.96,74.94,74.9,53.40904401
2023-08-17 11:26:00,74.91,74.96,74.93,74.94,70.10464922
2023-08-17 11:25:00,74.92,74.94,74.92,74.94,75.02171589
2023-08-17 11:24:00,74.93,75.03,75.02,74.93,89.01666398
2023-08-17 11:23:00,75.02,75.06,75.05,75.02,185.56691806
2023-08-17 11:22:00,75.02,75.06,75.06,75.04,32.99112431
2023-08-17 11:21:00,75.06,75.07,75.07,75.06,5.94111865
2023-08-17 11:20:00,75.0,75.07,75.01,75.07,71.39939538
2023-08-17 11:19:00,74.93,75.01,74.93,75.01,44.66559398
2023-08-17 11:18:00,74.89,74.93,74.93,74.93,36.47586892
2023-08-17 11:17:00,74.88,74.93,74.88,74.91,25.8152004
2023-08-17 11:16:00,74.88,74.92,74.9,74.88,17.15965771
2023-08-17 11:15:00,74.88,74.94,74.92,74.89,53.02079985
2023-08-17 11:14:00,74.86,74.92,74.91,74.92,47.02445708
2023-08-17 11:13:00,74.86,74.91,74.88,74.91,46.87958195
2023-08-17 11:12:00,74.84,74.95,74.92,74.89,213.73232887
2023-08-17 11:11:00,74.92,74.96,74.94,74.92,30.50994731
2023-08-17 11:10:00,74.92,75.05,75.05,74.92,101.98887637
2023-08-17 11:09:00,75.04,75.07,75.04,75.05,155.90425543
2023-08-17 11:08:00,75.03,75.06,75.05,75.03,59.93125621
2023-08-17 11:07:00,75.02,75.04,75.02,75.04,29.09821743
2023-08-17 11:06:00,75.02,75.03,75.03,75.03,4.95958384
2023-08-17 11:05:00,75.03,75.04,75.03,75.04,21.69572403
2023-08-17 11:04:00,75.01,75.03,75.01,75.02,81.28305654
2023-08-17 11:03:00,74.98,75.02,75.0,75.02,25.89308307
2023-08-17 11:02:00,74.88,74.99,74.88,74.99,116.38385286
2023-08-17 11:01:00,74.89,74.95,74.94,74.89,161.19223191
2023-08-17 11:00:00,74.92,74.96,74.96,74.94,111.17695817
2023-08-17 10:59:00,74.94,74.99,74.99,74.96,27.00270963
2023-08-17 10:58:00,74.93,74.99,74.94,74.99,61.60527938
2023-08-17 10:57:00,74.92,74.97,74.95,74.94,24.98038231
2023-08-17 10:56:00,74.83,74.95,74.9,74.95,213.00472365
2023-08-17 10:55:00,74.88,74.95,74.88,74.88,89.5976703
2023-08-17 10:54:00,74.85,74.92,74.9,74.88,46.78778951
2023-08-17 10:53:00,74.9,74.95,74.94,74.9,72.09269549
2023-08-17 10:52:00,74.93,74.95,74.95,74.93,10.73192742
2023-08-17 10:51:00,74.88,74.95,74.95,74.94,63.47142497
2023-08-17 10:50:00,74.83,74.97,74.83,74.96,106.53731652
2023-08-17 10:49:00,74.85,74.92,74.92,74.87,14.06136088
2023-08-17 10:48:00,74.9,74.94,74.9,74.92,215.87625631
2023-08-17 10:47:00,74.89,74.9,74.9,74.89,12.39870909
2023-08-17 10:46:00,74.86,74.9,74.86,74.9,188.75970892
2023-08-17 10:45:00,74.83,74.9,74.84,74.86,50.07248711
2023-08-17 10:44:00,74.75,74.84,74.81,74.84,184.91627716
2023-08-17 10:43:00,74.81,74.86,74.82,74.84,194.08758265
2023-08-17 10:42:00,74.82,74.88,74.87,74.82,98.31196376
2023-08-17 10:41:00,74.86,74.93,74.88,74.88,199.87650862
2023-08-17 10:40:00,74.86,74.91,74.89,74.88,111.65323931
2023-08-17 10:39:00,74.89,74.93,74.89,74.89,59.70046404
2023-08-17 10:38:00,74.88,74.96,74.96,74.92,272.55825377
2023-08-17 10:37:00,74.95,74.99,74.98,74.96,88.31156211
2023-08-17 10:36:00,74.97,75.01,75.0,74.98,59.0952526
2023-08-17 10:35:00,74.98,75.05,75.0,74.99,205.86558211
2023-08-17 20:35:00,74.09,74.15,74.09,74.12,141.3829007
2023-08-17 20:34:00,74.09,74.11,74.11,74.1,13.26406905
2023-08-17 20:33:00,74.11,74.18,74.18,74.13,80.75141018
2023-08-17 20:32:00,74.17,74.19,74.18,74.18,189.84766645
2023-08-17 20:31:00,74.16,74.2,74.16,74.16,23.48433461
2023-08-17 20:30:00,74.12,74.17,74.15,74.16,156.58238647
2023-08-17 20:29:00,74.1,74.18,74.18,74.15,403.43586933
2023-08-17 20:28:00,74.16,74.26,74.26,74.17,405.9624468
2023-08-17 20:27:00,74.2,74.26,74.22,74.25,140.56246329
2023-08-17 20:26:00,74.2,74.22,74.2,74.22,41.60345547
2023-08-17 20:25:00,74.18,74.21,74.19,74.2,64.05245147
2023-08-17 20:24:00,74.17,74.22,74.21,74.19,248.17663913
2023-08-17 20:23:00,74.2,74.22,74.22,74.22,119.25043746
2023-08-17 20:22:00,74.21,74.23,74.22,74.21,14.63525359
2023-08-17 20:21:00,74.21,74.25,74.23,74.22,36.97625217
2023-08-17 20:20:00,74.21,74.26,74.23,74.24,74.94209768
2023-08-17 20:19:00,74.23,74.27,74.27,74.24,87.99761904
2023-08-17 20:18:00,74.24,74.31,74.29,74.26,284.52659275
2023-08-17 20:17:00,74.27,74.32,74.31,74.28,278.63703958
2023-08-17 20:16:00,74.32,74.36,74.36,74.34,19.96862507
2023-08-17 20:15:00,74.34,74.36,74.34,74.34,22.81720428
2023-08-17 20:14:00,74.34,74.39,74.39,74.35,123.85100881
2023-08-17 20:13:00,74.37,74.4,74.4,74.39,48.50263776
2023-08-17 20:12:00,74.38,74.4,74.39,74.4,25.40840945
2023-08-17 20:11:00,74.37,74.41,74.39,74.38,137.70601553
2023-08-17 20:10:00,74.39,74.43,74.43,74.39,89.19156885
2023-08-17 20:09:00,74.43,74.45,74.44,74.44,28.45169032
2023-08-17 20:08:00,74.38,74.45,74.42,74.42,52.66019979
2023-08-17 20:07:00,74.4,74.44,74.42,74.42,18.22123856
2023-08-17 20:06:00,74.4,74.43,74.4,74.42,15.20955058
2023-08-17 20:05:00,74.37,74.41,74.38,74.4,28.37304595
2023-08-17 20:04:00,74.37,74.41,74.4,74.38,23.96642415
2023-08-17 20:03:00,74.36,74.42,74.42,74.39,65.97588403
2023-08-17 20:02:00,74.4,74.45,74.44,74.42,27.13972726
2023-08-17 20:01:00,74.4,74.45,74.4,74.45,18.44003336
2023-08-17 20:00:00,74.35,74.4,74.37,74.39,195.44919677
2023-08-17 19:59:00,74.35,74.4,74.38,74.38,271.10133162
2023-08-17 19:58:00,74.37,74.41,74.41,74.38,67.0339556
2023-08-17 19:57:00,74.39,74.43,74.43,74.4,63.01620651
2023-08-17 19:56:00,74.42,74.45,74.45,74.42,62.29340538
2023-08-17 19:55:00,74.44,74.48,74.46,74.44,106.64339443
2023-08-17 19:54:00,74.43,74.48,74.43,74.48,21.93275485
2023-08-17 19:53:00,74.42,74.46,74.43,74.43,37.06098793
2023-08-17 19:52:00,74.43,74.47,74.45,74.43,143.39062214
2023-08-17 19:51:00,74.45,74.51,74.51,74.46,24.716921
2023-08-17 19:50:00,74.46,74.51,74.46,74.51,180.30310992
2023-08-17 19:49:00,74.45,74.47,74.47,74.45,18.52524955
2023-08-17 19:48:00,74.44,74.52,74.52,74.45,143.09470284
2023-08-17 19:47:00,74.5,74.56,74.56,74.5,41.39189591
2023-08-17 19:46:00,74.48,74.56,74.48,74.55,45.63826507
2023-08-17 19:45:00,74.46,74.48,74.46,74.48,33.72772923
2023-08-17 19:44:00,74.44,74.5,74.5,74.45,27.73491967
2023-08-17 19:43:00,74.48,74.53,74.53,74.49,227.27322258
2023-08-17 19:42:00,74.52,74.57,74.57,74.53,26.52752347
2023-08-17 19:41:00,74.56,74.6,74.6,74.56,81.24765738
2023-08-17 19:40:00,74.56,74.6,74.59,74.58,24.77499514
2023-08-17 19:39:00,74.57,74.61,74.61,74.58,20.97549998
2023-08-17 19:38:00,74.63,74.7,74.65,74.64,131.73533071
2023-08-17 19:37:00,74.64,74.66,74.64,74.65,204.66345563
2023-08-17 19:36:00,74.59,74.64,74.59,74.64,107.74876577
2023-08-17 19:35:00,74.59,74.62,74.62,74.6,42.61442042
2023-08-17 19:34:00,74.6,74.64,74.61,74.61,59.03028926
2023-08-17 19:33:00,74.59,74.62,74.61,74.62,30.38181475
2023-08-17 19:32:00,74.59,74.63,74.63,74.6,37.42506206
2023-08-17 19:31:00,74.64,74.65,74.64,74.65,14.55279687
2023-08-17 19:30:00,74.63,74.67,74.63,74.65,44.57934513
2023-08-17 19:29:00,74.59,74.64,74.61,74.63,104.0162861
2023-08-17 19:28:00,74.59,74.63,74.62,74.62,35.59562369
2023-08-17 19:27:00,74.6,74.63,74.61,74.62,76.9471458
2023-08-17 19:26:00,74.59,74.63,74.62,74.63,45.01108358
2023-08-17 19:25:00,74.56,74.64,74.56,74.64,42.97352286
2023-08-17 19:24:00,74.55,74.58,74.55,74.57,34.34551523
2023-08-17 19:23:00,74.55,74.62,74.6,74.57,27.71445828
2023-08-17 19:22:00,74.61,74.67,74.67,74.61,95.53463224
2023-08-17 19:21:00,74.65,74.69,74.69,74.66,60.2645739
2023-08-17 19:20:00,74.63,74.7,74.65,74.7,84.31403465
2023-08-17 19:19:00,74.59,74.66,74.61,74.66,24.99662268
2023-08-17 19:18:00,74.57,74.62,74.59,74.61,40.62867942
2023-08-17 19:17:00,74.56,74.6,74.56,74.59,92.29431624
2023-08-17 19:16:00,74.53,74.55,74.54,74.55,25.1885832
2023-08-17 19:15:00,74.53,74.56,74.53,74.54,46.31822157
2023-08-17 19:14:00,74.5,74.52,74.5,74.52,22.06249166
2023-08-17 19:13:00,74.46,74.5,74.48,74.5,71.93234502
2023-08-17 19:12:00,74.48,74.5,74.5,74.49,88.60751049
2023-08-17 19:11:00,74.5,74.55,74.54,74.51,129.51002784
2023-08-17 19:10:00,74.48,74.56,74.55,74.56,272.0202618
2023-08-17 19:09:00,74.52,74.54,74.53,74.54,19.43695086
2023-08-17 19:08:00,74.52,74.55,74.53,74.53,8.19610418
2023-08-17 19:07:00,74.51,74.59,74.54,74.51,128.0249924
2023-08-17 19:06:00,74.51,74.55,74.53,74.52,70.23701396
2023-08-17 19:05:00,74.48,74.57,74.49,74.54,42.58067261
2023-08-17 19:04:00,74.44,74.48,74.47,74.48,66.02215844
2023-08-17 19:03:00,74.42,74.49,74.44,74.47,299.91131262
2023-08-17 19:02:00,74.41,74.47,74.41,74.43,74.26871395
2023-08-17 19:01:00,74.37,74.41,74.37,74.39,34.98277689
2023-08-17 19:00:00,74.35,74.41,74.38,74.37,36.47353629
2023-08-17 18:59:00,74.33,74.37,74.36,74.37,295.45637151
2023-08-17 18:58:00,74.36,74.41,74.39,74.36,39.18965633
2023-08-17 18:57:00,74.38,74.44,74.42,74.38,74.19094801
2023-08-17 18:56:00,74.36,74.42,74.36,74.42,49.81968198
2023-08-17 18:55:00,74.39,74.44,74.44,74.39,223.60198741
2023-08-17 18:54:00,74.43,74.5,74.45,74.44,121.42318828
2023-08-17 18:53:00,74.38,74.45,74.44,74.43,54.27459329
2023-08-17 18:52:00,74.42,74.46,74.46,74.42,29.1523775
2023-08-17 18:51:00,74.37,74.46,74.37,74.45,144.71830136
2023-08-17 18:50:00,74.35,74.39,74.35,74.36,45.58799212
2023-08-17 18:49:00,74.28,74.34,74.29,74.34,67.96926117
2023-08-17 18:48:00,74.28,74.33,74.33,74.3,116.03428841
2023-08-17 18:47:00,74.32,74.41,74.39,74.32,320.66083707
2023-08-17 18:46:00,74.36,74.42,74.36,74.4,681.15953761
2023-08-17 18:45:00,74.34,74.46,74.4,74.36,376.32093514
2023-08-17 18:44:00,74.38,74.41,74.41,74.39,19.07390308
2023-08-17 18:43:00,74.4,74.44,74.43,74.4,126.04288749
2023-08-17 18:42:00,74.39,74.47,74.4,74.45,236.70543813
2023-08-17 18:41:00,74.39,74.44,74.42,74.39,30.28961147
2023-08-17 18:40:00,74.38,74.45,74.38,74.41,31.21773658
2023-08-17 18:39:00,74.38,74.43,74.41,74.39,97.16150192
2023-08-17 18:38:00,74.38,74.44,74.44,74.39,72.37689063
2023-08-17 18:37:00,74.32,74.44,74.44,74.44,1018.47566073
2023-08-17 18:36:00,74.42,74.45,74.45,74.43,22.48112313
2023-08-17 18:35:00,74.42,74.49,74.43,74.44,56.24033942
2023-08-17 18:34:00,74.36,74.46,74.44,74.42,210.29179844
2023-08-17 18:33:00,74.44,74.53,74.53,74.46,1106.98954348
2023-08-17 18:32:00,74.51,74.54,74.51,74.53,93.2218582
2023-08-17 18:31:00,74.48,74.54,74.48,74.51,34.59877338
2023-08-17 18:30:00,74.48,74.55,74.54,74.48,51.31644709
2023-08-17 18:29:00,74.51,74.55,74.52,74.54,315.72020352
2023-08-17 18:28:00,74.5,74.53,74.52,74.5,39.53332485
2023-08-17 18:27:00,74.48,74.55,74.48,74.51,52.66397877
2023-08-17 18:26:00,74.48,74.51,74.51,74.49,8.97095224
2023-08-17 18:25:00,74.49,74.55,74.53,74.51,332.10864
2023-08-17 18:24:00,74.53,74.56,74.55,74.55,59.14103204
2023-08-17 18:23:00,74.55,74.59,74.55,74.57,124.38295615
2023-08-17 18:22:00,74.56,74.63,74.62,74.56,90.64640727
2023-08-17 18:21:00,74.62,74.66,74.64,74.63,475.2266178
2023-08-17 18:20:00,74.62,74.66,74.62,74.65,129.20787652
2023-08-17 18:19:00,74.6,74.63,74.62,74.62,68.68524989
2023-08-17 18:18:00,74.58,74.64,74.59,74.63,54.57758534
2023-08-17 18:17:00,74.55,74.66,74.55,74.6,148.32515835
2023-08-17 18:16:00,74.38,74.56,74.4,74.56,502.50446999
2023-08-17 18:15:00,74.4,74.47,74.42,74.4,164.65895604
2023-08-17 18:14:00,74.41,74.44,74.41,74.43,87.19433125
2023-08-17 18:13:00,74.4,74.42,74.41,74.42,12.9132444
2023-08-17 18:12:00,74.41,74.43,74.43,74.41,20.86730552
2023-08-17 18:11:00,74.32,74.4,74.33,74.4,184.15061533
2023-08-17 18:10:00,74.32,74.41,74.41,74.32,294.45360348
2023-08-17 18:09:00,74.39,74.43,74.42,74.43,727.09388673
2023-08-17 18:08:00,74.4,74.44,74.4,74.42,175.49136726
2023-08-17 18:07:00,74.4,74.41,74.4,74.4,124.59851691
2023-08-17 18:06:00,74.4,74.46,74.46,74.4,761.88139553
2023-08-17 18:05:00,74.42,74.47,74.47,74.46,84.40751982
2023-08-17 18:04:00,74.48,74.52,74.51,74.48,167.54172017
2023-08-17 18:03:00,74.42,74.52,74.42,74.5,265.78125307
2023-08-17 18:02:00,74.39,74.44,74.39,74.4,187.73894033
2023-08-17 18:01:00,74.34,74.4,74.34,74.4,154.81097866
2023-08-17 18:00:00,74.29,74.32,74.31,74.32,85.78771233
2023-08-17 17:59:00,74.27,74.3,74.28,74.3,100.2824244
2023-08-17 17:58:00,74.29,74.31,74.29,74.3,26.4945819
2023-08-17 17:57:00,74.29,74.32,74.31,74.31,94.24889292
2023-08-17 17:56:00,74.26,74.31,74.27,74.31,84.85446816
2023-08-17 17:55:00,74.24,74.3,74.25,74.27,140.85652829
2023-08-17 17:54:00,74.24,74.26,74.25,74.25,55.08325074
2023-08-17 17:53:00,74.23,74.28,74.24,74.26,91.3647659
2023-08-17 17:52:00,74.19,74.24,74.19,74.23,84.93509526
2023-08-17 17:51:00,74.17,74.21,74.18,74.19,34.63379649
2023-08-17 17:50:00,74.17,74.21,74.21,74.17,35.09450587
2023-08-17 17:49:00,74.09,74.21,74.13,74.21,172.52430413
2023-08-17 17:48:00,74.12,74.15,74.14,74.14,30.56828011
2023-08-17 17:47:00,74.1,74.15,74.11,74.15,258.99337233
2023-08-17 17:46:00,74.07,74.11,74.08,74.08,140.5000923
2023-08-17 17:45:00,74.07,74.12,74.08,74.1,44.55269088
2023-08-17 17:44:00,74.03,74.08,74.07,74.08,94.1052288
2023-08-17 17:43:00,74.07,74.1,74.08,74.07,158.79204047
2023-08-17 17:42:00,74.09,74.18,74.18,74.09,564.30738449
2023-08-17 17:41:00,74.15,74.19,74.17,74.18,95.1158355
2023-08-17 17:40:00,74.17,74.23,74.22,74.18,134.84577407
2023-08-17 17:39:00,74.19,74.24,74.19,74.22,62.70541171
2023-08-17 17:38:00,74.17,74.22,74.18,74.19,61.14091844
2023-08-17 17:37:00,74.16,74.19,74.18,74.18,291.09345452
2023-08-17 17:36:00,74.18,74.24,74.21,74.18,576.97907126
2023-08-17 17:35:00,74.17,74.23,74.22,74.21,163.58824354
2023-08-17 17:34:00,74.21,74.26,74.23,74.23,42.36127819
2023-08-17 17:33:00,74.22,74.26,74.24,74.22,205.43485698
2023-08-17 17:32:00,74.14,74.27,74.14,74.23,315.26094923
2023-08-17 17:31:00,74.05,74.14,74.06,74.12,146.09020126
2023-08-17 17:30:00,74.01,74.07,74.03,74.05,171.32028722
2023-08-17 17:29:00,73.98,74.03,74.02,74.03,96.63757392
2023-08-17 17:28:00,73.95,74.03,73.98,74.03,331.28462826
2023-08-17 17:27:00,73.99,74.05,74.02,74.0,59.48148174
2023-08-17 17:26:00,74.0,74.11,74.06,74.03,57.55162689
2023-08-17 17:25:00,73.99,74.14,74.12,74.04,296.99830116
2023-08-17 17:24:00,74.11,74.14,74.14,74.13,12.2883533
2023-08-17 17:23:00,74.07,74.16,74.07,74.15,33.08384954
2023-08-17 17:22:00,74.07,74.1,74.07,74.09,16.88330382
2023-08-17 17:21:00,74.02,74.11,74.11,74.08,145.75278021
2023-08-17 17:20:00,74.1,74.21,74.19,74.1,287.57279508
2023-08-17 17:19:00,74.21,74.24,74.22,74.21,15.27053861
2023-08-17 17:18:00,74.18,74.25,74.19,74.24,51.01336134
2023-08-17 17:17:00,74.15,74.21,74.17,74.2,53.13850626
2023-08-17 17:16:00,74.12,74.17,74.14,74.14,52.10875745
2023-08-17 17:15:00,74.09,74.16,74.13,74.14,252.29751668
2023-08-17 17:14:00,74.06,74.11,74.07,74.11,139.91505916
2023-08-17 17:13:00,74.04,74.11,74.07,74.07,73.23803992
2023-08-17 17:12:00,74.06,74.12,74.11,74.08,817.9700353
2023-08-17 17:11:00,73.95,74.12,74.02,74.1,546.2632585
2023-08-17 17:10:00,74.02,74.18,74.18,74.03,151.91403904
2023-08-17 17:09:00,74.11,74.19,74.16,74.19,167.39493616
2023-08-17 17:08:00,74.06,74.15,74.07,74.14,76.57308679
2023-08-17 17:07:00,74.02,74.12,74.02,74.09,671.30012935
2023-08-17 17:06:00,73.9,74.1,73.93,74.05,274.57551343
2023-08-17 17:05:00,73.81,73.92,73.83,73.92,235.92803295
2023-08-17 17:04:00,73.78,73.86,73.8,73.83,172.95340082
2023-08-17 17:03:00,73.71,73.81,73.71,73.8,312.42281175
2023-08-17 17:02:00,73.71,73.78,73.78,73.71,517.03009872
2023-08-17 17:01:00,73.7,73.79,73.7,73.76,36.97189809
2023-08-17 17:00:00,73.63,73.74,73.64,73.74,26.17790902
2023-08-17 16:59:00,73.63,73.68,73.65,73.64,54.05085304
2023-08-17 16:58:00,73.61,73.74,73.71,73.63,40.52883674
2023-08-17 16:57:00,73.64,73.71,73.64,73.67,177.80212934
2023-08-17 16:56:00,73.5,73.63,73.54,73.62,715.51802765
2023-08-17 16:55:00,73.5,73.6,73.54,73.55,107.50101656
2023-08-17 16:54:00,73.53,73.58,73.53,73.54,94.90737334
2023-08-17 16:53:00,73.49,73.56,73.55,73.51,87.80054668
2023-08-17 16:52:00,73.52,73.64,73.64,73.55,203.55909186
2023-08-17 16:51:00,73.64,73.69,73.68,73.64,68.47573016
2023-08-17 16:50:00,73.62,73.68,73.65,73.67,99.15899477
2023-08-17 16:49:00,73.61,73.71,73.67,73.68,645.75506374
2023-08-17 16:48:00,73.58,73.68,73.68,73.67,599.97994681
2023-08-17 16:47:00,73.69,73.85,73.83,73.7,331.18409748
2023-08-17 16:46:00,73.8,73.9,73.88,73.84,135.18626116
2023-08-17 16:45:00,73.86,73.99,73.95,73.86,127.51150317
2023-08-17 16:44:00,73.79,73.95,73.87,73.95,205.26722753
2023-08-17 16:43:00,73.85,73.96,73.91,73.86,59.35582105
2023-08-17 16:42:00,73.79,73.98,73.98,73.92,190.07012144
2023-08-17 16:41:00,73.82,73.98,73.85,73.95,490.62883361
2023-08-17 16:40:00,73.76,73.87,73.76,73.83,233.75917374
2023-08-17 16:39:00,73.73,73.81,73.73,73.77,119.04343548
2023-08-17 16:38:00,73.73,73.83,73.77,73.73,143.11737074
2023-08-17 16:37:00,73.74,73.86,73.79,73.75,297.44490832
2023-08-17 16:36:00,73.78,73.94,73.84,73.78,204.44779312
2023-08-17 16:35:00,73.85,73.99,73.99,73.85,298.81689707
2023-08-17 16:34:00,73.81,74.05,73.83,73.96,459.1051783
2023-08-17 16:33:00,73.64,73.87,73.69,73.84,380.41853587
2023-08-17 16:32:00,73.5,73.73,73.54,73.67,485.85230758
2023-08-17 16:31:00,73.34,73.55,73.34,73.55,183.92290787
2023-08-17 16:30:00,73.32,73.42,73.35,73.38,142.5147693
2023-08-17 16:29:00,73.31,73.38,73.37,73.35,214.7295943
2023-08-17 16:28:00,73.35,73.45,73.37,73.36,419.26516
2023-08-17 16:27:00,73.27,73.4,73.27,73.35,432.8883399
2023-08-17 16:26:00,73.14,73.3,73.21,73.28,2381.53240575
2023-08-17 16:25:00,73.11,73.22,73.15,73.22,124.70067048
2023-08-17 16:24:00,73.01,73.15,73.14,73.14,152.92487635
2023-08-17 16:23:00,73.07,73.16,73.15,73.08,93.62837913
2023-08-17 16:22:00,73.1,73.22,73.17,73.15,62.09463268
2023-08-17 16:21:00,73.04,73.17,73.07,73.16,79.7619509
2023-08-17 16:20:00,73.04,73.17,73.17,73.06,151.560639
2023-08-17 16:19:00,73.06,73.21,73.17,73.18,152.50969243
2023-08-17 16:18:00,73.17,73.23,73.2,73.17,111.3344397
2023-08-17 16:17:00,73.16,73.24,73.21,73.21,156.38937692
2023-08-17 16:16:00,73.07,73.2,73.18,73.2,348.27039315
2023-08-17 16:15:00,72.95,73.17,72.97,73.14,245.59900701
2023-08-17 16:14:00,72.94,73.11,73.04,72.97,217.85066766
2023-08-17 16:13:00,72.86,73.07,72.89,73.02,288.22178549
2023-08-17 16:12:00,72.77,72.96,72.91,72.89,677.10840815
2023-08-17 16:11:00,72.88,73.18,73.09,72.9,417.89048608
2023-08-17 16:10:00,72.93,73.13,73.07,73.08,472.80298292
2023-08-17 16:09:00,73.02,73.26,73.18,73.08,397.40237573
2023-08-17 16:08:00,72.93,73.21,73.14,73.21,624.26222588
2023-08-17 16:07:00,73.12,73.46,73.45,73.15,482.38133266
2023-08-17 16:06:00,73.17,73.45,73.26,73.44,270.9233745
2023-08-17 16:05:00,72.73,73.3,72.93,73.27,1765.60444928
2023-08-17 16:04:00,72.71,73.28,73.24,72.89,3976.5225996
2023-08-17 16:03:00,73.18,73.43,73.43,73.22,287.56760189
2023-08-17 16:02:00,73.33,73.67,73.46,73.44,1449.03615917
2023-08-17 16:01:00,73.46,73.66,73.63,73.46,559.47867173
2023-08-17 16:00:00,73.47,73.72,73.49,73.67,171.40702051
2023-08-17 15:59:00,73.45,73.56,73.45,73.49,105.78129647
2023-08-17 15:58:00,73.18,73.48,73.27,73.46,392.79475978
2023-08-17 15:57:00,73.26,73.46,73.36,73.33,175.37480927
2023-08-17 15:56:00,73.25,73.44,73.31,73.4,195.2905825
2023-08-17 15:55:00,73.09,73.47,73.29,73.25,2011.49396165
2023-08-17 15:54:00,73.3,73.48,73.48,73.3,203.99790989
2023-08-17 15:53:00,73.41,73.62,73.6,73.43,91.24177366
2023-08-17 15:52:00,73.48,73.63,73.48,73.58,162.12163534
2023-08-17 15:51:00,73.31,73.58,73.46,73.48,504.60038126
2023-08-17 15:50:00,73.38,73.52,73.48,73.46,376.02174955
2023-08-17 15:49:00,73.44,73.59,73.59,73.49,209.15934936
2023-08-17 15:48:00,73.48,73.66,73.59,73.55,217.44830996
2023-08-17 15:47:00,73.59,73.82,73.82,73.59,250.42830065
2023-08-17 15:46:00,73.69,73.82,73.77,73.8,177.76566874
2023-08-17 15:45:00,73.54,73.75,73.68,73.73,228.01610106
2023-08-17 15:44:00,73.38,73.68,73.45,73.68,898.42124265
2023-08-17 15:43:00,73.46,73.77,73.64,73.47,366.79287522
2023-08-17 15:42:00,73.45,73.73,73.45,73.68,298.07634417
2023-08-17 15:41:00,73.34,73.72,73.51,73.42,629.43891117
2023-08-17 15:40:00,72.95,73.5,73.11,73.49,7217.47074699
2023-08-17 15:39:00,73.12,73.87,73.87,73.12,1230.0256184
2023-08-17 15:38:00,73.69,73.84,73.82,73.8,113.59312745
2023-08-17 15:37:00,73.53,73.89,73.53,73.89,1030.43592905
2023-08-17 15:36:00,73.1,73.76,73.51,73.52,9429.17811468
2023-08-17 15:35:00,73.47,74.03,74.02,73.49,2205.12576111
2023-08-18 01:35:00,65.36,65.5,65.4,65.42,156.58292684
2023-08-18 01:34:00,65.41,65.47,65.45,65.42,42.80512725
2023-08-18 01:33:00,65.35,65.45,65.4,65.44,476.18158464
2023-08-18 01:32:00,65.38,65.45,65.45,65.43,43.15036981
2023-08-18 01:31:00,65.33,65.43,65.33,65.43,188.19909086
2023-08-18 01:30:00,65.31,65.36,65.34,65.32,89.85054409
2023-08-18 01:29:00,65.32,65.46,65.44,65.32,179.17264814
2023-08-18 01:28:00,65.42,65.49,65.43,65.43,184.7976133
2023-08-18 01:27:00,65.34,65.44,65.4,65.43,146.66174942
2023-08-18 01:26:00,65.39,65.5,65.5,65.41,77.4167521
2023-08-18 01:25:00,65.37,65.52,65.37,65.49,366.72412365
2023-08-18 01:24:00,65.3,65.39,65.33,65.35,268.84739025
2023-08-18 01:23:00,65.3,65.37,65.3,65.33,62.6411146
2023-08-18 01:22:00,65.26,65.31,65.3,65.3,154.99718995
2023-08-18 01:21:00,65.2,65.32,65.23,65.3,264.18558096
2023-08-18 01:20:00,65.19,65.33,65.25,65.28,206.52441319
2023-08-18 01:19:00,65.19,65.26,65.24,65.25,98.66596697
2023-08-18 01:18:00,65.18,65.29,65.24,65.23,219.08435912
2023-08-18 01:17:00,65.24,65.3,65.3,65.27,161.7219741
2023-08-18 01:16:00,65.28,65.37,65.34,65.3,161.56875856
2023-08-18 01:15:00,65.25,65.4,65.28,65.38,246.02866928
2023-08-18 01:14:00,65.22,65.33,65.28,65.22,238.56473396
2023-08-18 01:13:00,65.24,65.31,65.3,65.28,167.70046179
2023-08-18 01:12:00,65.3,65.38,65.35,65.32,152.00926391
2023-08-18 01:11:00,65.25,65.38,65.36,65.36,214.60094431
2023-08-18 01:10:00,65.39,65.49,65.45,65.39,200.73159315
2023-08-18 01:09:00,65.43,65.57,65.55,65.43,66.88188596
2023-08-18 01:08:00,65.43,65.56,65.43,65.54,173.47766369
2023-08-18 01:07:00,65.45,65.5,65.5,65.45,254.83134781
2023-08-18 01:06:00,65.45,65.56,65.5,65.49,130.16502801
2023-08-18 01:05:00,65.52,65.62,65.6,65.52,159.11011549
2023-08-18 01:04:00,65.5,65.6,65.6,65.59,131.97248394
2023-08-18 01:03:00,65.58,65.66,65.63,65.58,174.55165663
2023-08-18 01:02:00,65.59,65.84,65.82,65.63,508.06566494
2023-08-18 01:01:00,65.85,65.95,65.92,65.85,92.75941238
2023-08-18 01:00:00,65.77,65.98,65.79,65.94,710.34517
2023-08-18 00:59:00,65.73,65.84,65.75,65.8,421.15658689
2023-08-18 00:58:00,65.65,65.75,65.74,65.75,716.26995687
2023-08-18 00:57:00,65.62,65.76,65.62,65.7,689.4845739
2023-08-18 00:56:00,65.4,65.61,65.45,65.61,175.15060254
2023-08-18 00:55:00,65.25,65.45,65.28,65.45,506.69602145
2023-08-18 00:54:00,65.29,65.37,65.29,65.31,134.73400912
2023-08-18 00:53:00,65.29,65.35,65.33,65.31,240.49411795
2023-08-18 00:52:00,65.3,65.41,65.39,65.33,259.30959515
2023-08-18 00:51:00,65.36,65.47,65.44,65.39,69.52549458
2023-08-18 00:50:00,65.38,65.52,65.39,65.43,118.72754084
2023-08-18 00:49:00,65.32,65.42,65.37,65.38,139.39542978
2023-08-18 00:48:00,65.33,65.41,65.4,65.34,373.31119059
2023-08-18 00:47:00,65.37,65.53,65.53,65.39,804.08585309
2023-08-18 00:46:00,65.39,65.54,65.51,65.51,498.85913958
2023-08-18 00:45:00,65.48,65.61,65.5,65.5,214.46485388
2023-08-18 00:44:00,65.48,65.55,65.55,65.49,130.81446236
2023-08-18 00:43:00,65.53,65.6,65.57,65.56,65.39797037
2023-08-18 00:42:00,65.45,65.61,65.45,65.56,167.44674087
2023-08-18 00:41:00,65.48,65.65,65.58,65.5,101.56472002
2023-08-18 00:40:00,65.4,65.58,65.43,65.57,482.06665693
2023-08-18 00:39:00,65.33,65.54,65.37,65.47,238.15421567
2023-08-18 00:38:00,65.35,65.41,65.39,65.38,139.33303139
2023-08-18 00:37:00,65.38,65.46,65.44,65.39,125.82456305
2023-08-18 00:36:00,65.36,65.53,65.5,65.48,558.09167333
2023-08-18 00:35:00,65.23,65.54,65.33,65.51,1032.56874001
2023-08-18 00:34:00,65.31,65.4,65.36,65.35,612.15941118
2023-08-18 00:33:00,65.34,65.46,65.45,65.35,575.11311915
2023-08-18 00:32:00,65.4,65.53,65.4,65.45,1212.9729195
2023-08-18 00:31:00,65.42,65.73,65.72,65.46,769.62278134
2023-08-18 00:30:00,65.53,65.77,65.54,65.72,283.4100858
2023-08-18 00:29:00,65.5,65.59,65.56,65.56,156.95097398
2023-08-18 00:28:00,65.46,65.57,65.56,65.52,129.31048104
2023-08-18 00:27:00,65.51,65.66,65.63,65.51,223.64804572
2023-08-18 00:26:00,65.53,65.66,65.61,65.62,177.73912475
2023-08-18 00:25:00,65.41,65.62,65.45,65.62,246.098106
2023-08-18 00:24:00,65.39,65.56,65.45,65.46,111.49694571
2023-08-18 00:23:00,65.45,65.63,65.61,65.47,191.38773563
2023-08-18 00:22:00,65.55,65.64,65.61,65.63,263.46722188
2023-08-18 00:21:00,65.37,65.67,65.38,65.64,347.45788772
2023-08-18 00:20:00,65.36,65.48,65.38,65.38,346.33721503
2023-08-18 00:19:00,65.21,65.41,65.39,65.4,622.10213457
2023-08-18 00:18:00,65.36,65.51,65.45,65.4,342.69717958
2023-08-18 00:17:00,65.39,65.53,65.53,65.43,291.56576855
2023-08-18 00:16:00,65.47,65.62,65.6,65.51,607.73543469
2023-08-18 00:15:00,65.44,65.66,65.52,65.61,1007.50283436
2023-08-18 00:14:00,65.37,65.61,65.4,65.55,196.1032607
2023-08-18 00:13:00,65.3,65.46,65.4,65.41,171.38191878
2023-08-18 00:12:00,65.36,65.59,65.43,65.46,271.82516088
2023-08-18 00:11:00,65.26,65.54,65.35,65.43,415.04458818
2023-08-18 00:10:00,65.1,65.36,65.33,65.35,987.52947167
2023-08-18 00:09:00,65.37,65.69,65.66,65.37,312.8315346
2023-08-18 00:08:00,65.39,65.66,65.39,65.66,539.70765589
2023-08-18 00:07:00,65.1,65.41,65.14,65.41,257.86896559
2023-08-18 00:06:00,65.07,65.19,65.19,65.17,223.32245856
2023-08-18 00:05:00,65.04,65.27,65.07,65.19,496.69785575
2023-08-18 00:04:00,64.83,65.1,64.92,65.1,329.39598769
2023-08-18 00:03:00,64.69,64.97,64.7,64.94,308.6967092
2023-08-18 00:02:00,64.59,64.69,64.69,64.67,75.81555835
2023-08-18 00:01:00,64.53,64.75,64.61,64.7,453.89805975
2023-08-18 00:00:00,64.6,64.87,64.8,64.61,271.50472945
2023-08-17 23:59:00,64.78,65.03,65.03,64.78,180.36707274
2023-08-17 23:58:00,64.83,65.04,64.85,65.01,157.06021334
2023-08-17 23:57:00,64.84,65.03,65.03,64.85,333.14297859
2023-08-17 23:56:00,64.99,65.1,65.09,65.04,303.67976533
2023-08-17 23:55:00,64.95,65.1,64.95,65.1,606.96116933
2023-08-17 23:54:00,64.84,64.96,64.85,64.94,207.14510016
2023-08-17 23:53:00,64.75,64.88,64.78,64.88,157.22895283
2023-08-17 23:52:00,64.74,64.88,64.88,64.8,562.93245427
2023-08-17 23:51:00,64.75,64.88,64.81,64.88,200.74840025
2023-08-17 23:50:00,64.78,64.89,64.88,64.8,193.554404
2023-08-17 23:49:00,64.8,64.94,64.87,64.9,112.91559081
2023-08-17 23:48:00,64.87,65.01,64.99,64.87,265.87861382
2023-08-17 23:47:00,64.95,65.07,65.02,64.96,307.36331167
2023-08-17 23:46:00,64.95,65.11,65.11,65.04,253.03770909
2023-08-17 23:45:00,64.99,65.15,65.05,65.11,296.1906407
2023-08-17 23:44:00,65.06,65.15,65.15,65.07,232.65625479
2023-08-17 23:43:00,65.15,65.41,65.32,65.15,244.27913803
2023-08-17 23:42:00,65.13,65.32,65.15,65.32,296.87605878
2023-08-17 23:41:00,65.05,65.17,65.07,65.15,365.79669842
2023-08-17 23:40:00,64.88,65.06,64.88,65.06,194.55822514
2023-08-17 23:39:00,64.87,65.01,64.92,64.91,243.60549669
2023-08-17 23:38:00,64.74,64.89,64.85,64.87,190.06933363
2023-08-17 23:37:00,64.75,64.98,64.82,64.83,219.11161523
2023-08-17 23:36:00,64.57,64.89,64.57,64.83,369.95972164
2023-08-17 23:35:00,64.37,64.66,64.65,64.58,592.75840365
2023-08-17 23:34:00,64.58,64.91,64.87,64.7,455.89092317
2023-08-17 23:33:00,64.83,65.06,65.06,64.89,273.94136282
2023-08-17 23:32:00,64.92,65.27,65.09,65.05,454.43086958
2023-08-17 23:31:00,65.08,65.2,65.08,65.12,314.62360414
2023-08-17 23:30:00,65.0,65.2,65.15,65.05,456.24738867
2023-08-17 23:29:00,64.99,65.2,65.03,65.15,416.79280733
2023-08-17 23:28:00,64.74,65.11,64.82,65.11,228.33296793
2023-08-17 23:27:00,64.74,65.11,65.0,64.85,681.99624685
2023-08-17 23:26:00,64.97,65.22,65.2,65.02,515.68161431
2023-08-17 23:25:00,65.21,65.45,65.45,65.28,450.65709365
2023-08-17 23:24:00,65.35,65.51,65.42,65.45,279.67523522
2023-08-17 23:23:00,65.28,65.39,65.33,65.39,252.47498432
2023-08-17 23:22:00,65.14,65.4,65.25,65.34,196.26874837
2023-08-17 23:21:00,65.2,65.39,65.27,65.25,920.27798985
2023-08-17 23:20:00,65.11,65.71,65.71,65.23,811.52011935
2023-08-17 23:19:00,65.52,65.83,65.58,65.71,406.66951322
2023-08-17 23:18:00,65.59,65.74,65.71,65.59,520.12485219
2023-08-17 23:17:00,65.7,65.95,65.83,65.71,340.58022137
2023-08-17 23:16:00,65.7,65.92,65.71,65.84,660.17194811
2023-08-17 23:15:00,65.57,65.85,65.85,65.71,426.57674632
2023-08-17 23:14:00,65.83,66.32,66.27,65.84,496.13220031
2023-08-17 23:13:00,65.89,66.27,65.96,66.27,777.10452565
2023-08-17 23:12:00,65.62,65.96,65.7,65.91,1110.03380434
2023-08-17 23:11:00,65.67,65.96,65.7,65.7,1092.90453291
2023-08-17 23:10:00,65.49,65.73,65.5,65.7,724.09415133
2023-08-17 23:09:00,65.41,65.84,65.83,65.5,854.03957454
2023-08-17 23:08:00,65.66,65.91,65.69,65.83,682.26294501
2023-08-17 23:07:00,65.59,66.17,65.73,65.69,1098.37554266
2023-08-17 23:06:00,65.43,65.82,65.51,65.73,1519.83266523
2023-08-17 23:05:00,65.27,65.54,65.48,65.54,803.49701007
2023-08-17 23:04:00,65.21,65.54,65.43,65.47,377.25789185
2023-08-17 23:03:00,65.18,65.58,65.19,65.5,714.40025828
2023-08-17 23:02:00,65.15,65.54,65.21,65.19,1780.82911886
2023-08-17 23:01:00,64.83,65.27,64.87,65.22,870.76628012
2023-08-17 23:00:00,64.81,65.45,65.45,64.87,859.97986363
2023-08-17 22:59:00,65.36,65.67,65.61,65.47,370.36167233
2023-08-17 22:58:00,65.15,65.7,65.58,65.56,1288.37801732
2023-08-17 22:57:00,64.5,65.56,64.5,65.56,1673.0723037
2023-08-17 22:56:00,63.97,64.65,64.2,64.51,2373.63442049
2023-08-17 22:55:00,63.68,64.13,63.93,64.13,8025.32594446
2023-08-17 22:54:00,63.86,64.15,64.0,63.92,2849.52115462
2023-08-17 22:53:00,63.99,64.21,64.01,64.02,304.24761275
2023-08-17 22:52:00,63.98,64.1,64.06,63.98,1104.51623789
2023-08-17 22:51:00,64.0,64.18,64.04,64.13,1410.18570152
2023-08-17 22:50:00,64.05,64.18,64.18,64.05,252.82121549
2023-08-17 22:49:00,63.98,64.18,64.01,64.18,295.94987407
2023-08-17 22:48:00,63.99,64.26,64.24,64.01,63.84672319
2023-08-17 22:47:00,63.97,64.25,64.1,64.24,191.88183737
2023-08-17 22:46:00,63.98,64.17,64.01,64.1,256.25102039
2023-08-17 22:45:00,63.98,64.16,64.16,64.0,70.47166337
2023-08-17 22:44:00,64.03,64.24,64.08,64.24,448.49107732
2023-08-17 22:43:00,64.05,64.16,64.08,64.05,112.88859331
2023-08-17 22:42:00,64.04,64.32,64.32,64.04,69.53276476
2023-08-17 22:41:00,64.04,64.33,64.2,64.33,540.49040351
2023-08-17 22:40:00,64.04,64.28,64.1,64.27,169.73090062
2023-08-17 22:39:00,64.05,64.26,64.2,64.09,168.49129423
2023-08-17 22:38:00,63.89,64.26,64.09,64.15,720.21401874
2023-08-17 22:37:00,64.04,64.35,64.34,64.12,316.95439046
2023-08-17 22:36:00,64.38,64.67,64.44,64.48,209.5343076
2023-08-17 22:35:00,64.19,64.47,64.32,64.47,391.81278498
2023-08-17 22:34:00,64.21,64.58,64.58,64.31,742.66314168
2023-08-17 22:33:00,64.3,64.56,64.41,64.55,648.91266039
2023-08-17 22:32:00,64.38,64.66,64.6,64.43,927.30808223
2023-08-17 22:31:00,64.49,64.86,64.79,64.54,691.91149151
2023-08-17 22:30:00,64.4,65.07,64.56,64.91,2185.6373771
2023-08-17 22:29:00,64.31,64.74,64.41,64.56,1086.15312432
2023-08-17 22:28:00,64.29,64.59,64.59,64.36,348.3552863
2023-08-17 22:27:00,64.47,64.79,64.49,64.53,219.96904288
2023-08-17 22:26:00,64.18,64.62,64.51,64.48,1428.30976479
2023-08-17 22:25:00,64.17,64.55,64.37,64.48,1011.17552722
2023-08-17 22:24:00,64.03,64.43,64.05,64.4,553.09407356
2023-08-17 22:23:00,63.86,64.26,63.97,64.12,560.43742149
2023-08-17 22:22:00,63.84,64.32,63.95,63.96,714.21966715
2023-08-17 22:21:00,63.66,64.32,63.87,63.95,2096.98913534
2023-08-17 22:20:00,63.35,63.97,63.43,63.91,1237.74483827
2023-08-17 22:19:00,63.21,63.49,63.21,63.42,504.70260021
2023-08-17 22:18:00,62.87,63.42,63.19,63.24,1597.66094424
2023-08-17 22:17:00,63.04,63.64,63.33,63.17,2472.22995859
2023-08-17 22:16:00,62.78,63.32,62.78,63.26,828.17892344
2023-08-17 22:15:00,62.31,62.84,62.38,62.84,2218.15485285
2023-08-17 22:14:00,62.33,62.81,62.64,62.42,1629.88305371
2023-08-17 22:13:00,62.52,62.77,62.73,62.58,1102.26736034
2023-08-17 22:12:00,62.42,62.93,62.57,62.75,1203.66498071
2023-08-17 22:11:00,62.11,62.68,62.38,62.57,1197.03996436
2023-08-17 22:10:00,62.38,62.78,62.7,62.39,962.83350527
2023-08-17 22:09:00,62.23,62.8,62.38,62.62,716.7046257
2023-08-17 22:08:00,62.38,62.68,62.64,62.43,450.29614448
2023-08-17 22:07:00,62.53,62.89,62.58,62.67,2063.58016421
2023-08-17 22:06:00,62.37,62.72,62.59,62.47,473.74404302
2023-08-17 22:05:00,62.62,63.43,63.41,62.62,2100.87298613
2023-08-17 22:04:00,63.17,63.58,63.39,63.4,1360.60294112
2023-08-17 22:03:00,63.25,63.82,63.53,63.34,1009.07017274
2023-08-17 22:02:00,63.42,64.21,63.85,63.42,1902.7077894
2023-08-17 22:01:00,63.25,64.11,63.25,63.83,1976.16417356
2023-08-17 22:00:00,63.22,64.01,63.8,63.23,1281.84668954
2023-08-17 21:59:00,63.02,64.29,63.97,63.9,2654.2047773
2023-08-17 21:58:00,63.5,64.4,64.13,64.03,4229.4377294
2023-08-17 21:57:00,63.97,64.53,64.53,64.22,854.7345019
2023-08-17 21:56:00,63.99,64.74,63.99,64.69,163.88607216
2023-08-17 21:55:00,63.75,64.39,64.06,63.99,561.71282365
2023-08-17 21:54:00,63.57,63.98,63.62,63.91,579.34205781
2023-08-17 21:53:00,63.33,63.76,63.41,63.64,1211.04894109
2023-08-17 21:52:00,63.13,63.54,63.35,63.39,1223.25117092
2023-08-17 21:51:00,63.05,63.99,63.76,63.36,1797.31399338
2023-08-17 21:50:00,63.82,64.84,64.56,63.82,1031.89889885
2023-08-17 21:49:00,63.69,64.59,63.69,64.45,250.31743396
2023-08-17 21:48:00,62.41,63.76,62.49,63.63,394.71176484
2023-08-17 21:47:00,62.32,63.41,63.1,62.62,988.43884615
2023-08-17 21:46:00,62.63,63.32,62.72,63.07,1470.86230022
2023-08-17 21:45:00,61.03,63.06,61.18,63.06,2217.95094167
2023-08-17 21:44:00,60.75,62.63,62.31,61.9,2477.86463405
2023-08-17 21:43:00,61.69,65.18,65.0,61.69,6308.46502903
2023-08-17 21:42:00,65.0,67.5,66.68,65.0,6436.12414385
2023-08-17 21:41:00,66.27,70.8,70.74,66.62,10285.98336353
2023-08-17 21:40:00,70.81,71.18,71.14,70.81,587.98554576
2023-08-17 21:39:00,70.9,71.29,71.28,71.14,2064.02442049
2023-08-17 21:38:00,71.03,71.69,71.52,71.29,2792.03939543
2023-08-17 21:37:00,70.69,72.28,72.27,71.45,11672.4213687
2023-08-17 21:36:00,72.01,72.74,72.74,72.27,2114.32564867
2023-08-17 21:35:00,72.64,73.01,72.99,72.73,812.07161996
2023-08-17 21:34:00,73.02,73.18,73.18,73.02,57.69114521
2023-08-17 21:33:00,73.18,73.28,73.24,73.19,163.93560383
2023-08-17 21:32:00,73.23,73.31,73.3,73.23,55.84343372
2023-08-17 21:31:00,73.22,73.31,73.31,73.3,136.85288369
2023-08-17 21:30:00,73.28,73.34,73.31,73.31,108.15293897
2023-08-17 21:29:00,73.27,73.41,73.41,73.3,542.96800419
2023-08-17 21:28:00,73.4,73.51,73.46,73.41,141.20925449
2023-08-17 21:27:00,73.44,73.5,73.5,73.45,312.19694551
2023-08-17 21:26:00,73.48,73.54,73.54,73.5,45.12717165
2023-08-17 21:25:00,73.51,73.57,73.56,73.52,28.55924584
2023-08-17 21:24:00,73.58,73.65,73.63,73.59,119.349638
2023-08-17 21:23:00,73.63,73.67,73.63,73.63,14.5482714
2023-08-17 21:22:00,73.57,73.61,73.6,73.59,16.54231615
2023-08-17 21:21:00,73.55,73.65,73.55,73.59,85.44628385
2023-08-17 21:20:00,73.45,73.6,73.45,73.58,123.28544709
2023-08-17 21:19:00,73.38,73.49,73.45,73.47,23.87869249
2023-08-17 21:18:00,73.42,73.52,73.43,73.46,320.26281314
2023-08-17 21:17:00,73.23,73.41,73.36,73.41,44.68794953
2023-08-17 21:16:00,73.16,73.36,73.16,73.36,578.54699519
2023-08-17 21:15:00,72.98,73.25,73.24,73.15,1003.76642088
2023-08-17 21:14:00,73.07,73.35,73.34,73.18,705.35226089
2023-08-17 21:13:00,73.11,73.36,73.17,73.36,426.70056757
2023-08-17 21:12:00,73.11,73.5,73.49,73.17,2833.08887017
2023-08-17 21:11:00,73.38,73.62,73.6,73.48,805.30737423
2023-08-17 21:10:00,73.6,73.72,73.7,73.6,39.58767514
2023-08-17 21:09:00,73.67,73.74,73.67,73.71,70.42710342
2023-08-17 21:08:00,73.61,73.73,73.61,73.7,295.79321782
2023-08-17 21:07:00,73.65,73.75,73.73,73.65,198.67622073
2023-08-17 21:06:00,73.72,73.79,73.79,73.73,50.21255435
2023-08-17 21:05:00,73.72,73.82,73.77,73.82,92.41812532
2023-08-17 21:04:00,73.77,73.91,73.88,73.79,71.35612565
2023-08-17 21:03:00,73.83,73.96,73.95,73.88,100.99887528
2023-08-17 21:02:00,73.94,74.02,74.0,73.95,96.00580695
2023-08-17 21:01:00,73.97,74.02,73.98,74.02,112.19838904
2023-08-17 21:00:00,73.84,74.03,73.88,73.98,224.30488613
2023-08-17 20:59:00,73.8,73.89,73.8,73.89,532.10910665
2023-08-17 20:58:00,73.8,73.89,73.88,73.8,97.58044583
2023-08-17 20:57:00,73.79,73.88,73.8,73.86,204.23701824
2023-08-17 20:56:00,73.75,73.91,73.84,73.75,295.14298978
2023-08-17 20:55:00,73.59,73.95,73.68,73.86,908.64409351
2023-08-17 20:54:00,73.42,73.83,73.83,73.71,5498.78772936
2023-08-17 20:53:00,73.84,74.05,74.03,73.9,84.04041752
2023-08-17 20:52:00,73.9,74.03,74.03,74.02,84.43671297
2023-08-17 20:51:00,73.74,74.0,73.75,73.97,2456.23375828
2023-08-17 20:50:00,73.67,74.11,74.07,73.84,1909.68277739
2023-08-17 20:49:00,74.01,74.08,74.08,74.07,142.66185139
2023-08-17 20:48:00,74.02,74.12,74.04,74.05,335.10728987
2023-08-17 20:47:00,73.99,74.04,73.99,74.04,40.74737912
2023-08-17 20:46:00,73.93,73.99,73.95,73.99,81.15544623
2023-08-17 20:45:00,73.9,73.98,73.95,73.97,255.80694214
2023-08-17 20:44:00,73.98,74.04,73.98,73.98,88.91112179
2023-08-17 20:43:00,73.89,74.0,73.96,73.99,283.21110938
2023-08-17 20:42:00,73.95,74.03,74.03,73.96,123.3075665
2023-08-17 20:41:00,73.93,74.07,73.96,74.01,212.53104512
2023-08-17 20:40:00,73.92,73.98,73.92,73.96,56.8180728
2023-08-17 20:39:00,73.8,73.95,73.88,73.92,411.3813047
2023-08-17 20:38:00,73.91,74.08,74.04,73.92,249.40648983
2023-08-17 20:37:00,73.83,74.13,74.13,74.0,4977.58791252
2023-08-17 20:36:00,74.11,74.14,74.12,74.13,64.52817228
2023-08-17 20:35:00,74.09,74.15,74.09,74.12,141.3829007
2023-08-18 06:35:00,65.3,65.41,65.3,65.41,124.01115849
2023-08-18 06:34:00,65.3,65.37,65.33,65.32,46.84013189
2023-08-18 06:33:00,65.33,65.37,65.37,65.35,40.64359204
2023-08-18 06:32:00,65.27,65.39,65.28,65.35,102.69040378
2023-08-18 06:31:00,65.16,65.29,65.16,65.29,85.47720235
2023-08-18 06:30:00,65.17,65.21,65.17,65.2,54.91182979
2023-08-18 06:29:00,65.11,65.2,65.12,65.2,188.33017139
2023-08-18 06:28:00,65.05,65.14,65.09,65.13,218.85004989
2023-08-18 06:27:00,65.07,65.16,65.16,65.09,425.88845061
2023-08-18 06:26:00,65.09,65.15,65.14,65.13,117.01047533
2023-08-18 06:25:00,65.13,65.24,65.2,65.13,235.45436518
2023-08-18 06:24:00,65.18,65.23,65.22,65.21,154.85430705
2023-08-18 06:23:00,65.18,65.25,65.18,65.24,173.17091371
2023-08-18 06:22:00,65.17,65.29,65.28,65.19,63.7076224
2023-08-18 06:21:00,65.21,65.31,65.21,65.27,101.5562559
2023-08-18 06:20:00,65.17,65.27,65.17,65.23,191.50277452
2023-08-18 06:19:00,65.05,65.17,65.05,65.13,474.0008585
2023-08-18 06:18:00,65.01,65.1,65.09,65.04,208.14997496
2023-08-18 06:17:00,65.09,65.17,65.14,65.09,387.79996926
2023-08-18 06:16:00,65.12,65.28,65.27,65.13,268.8266956
2023-08-18 06:15:00,65.19,65.44,65.44,65.24,179.90867475
2023-08-18 06:14:00,65.41,65.5,65.47,65.46,242.96355833
2023-08-18 06:13:00,65.31,65.52,65.33,65.5,491.44460713
2023-08-18 06:12:00,65.31,65.41,65.36,65.36,319.33611913
2023-08-18 06:11:00,65.2,65.43,65.2,65.36,395.10512654
2023-08-18 06:10:00,65.13,65.25,65.13,65.18,239.85349187
2023-08-18 06:09:00,65.06,65.16,65.14,65.14,336.77354201
2023-08-18 06:08:00,65.11,65.2,65.19,65.12,434.91414621
2023-08-18 06:07:00,65.03,65.18,65.03,65.18,215.89053315
2023-08-18 06:06:00,64.97,65.08,65.06,65.05,344.072444
2023-08-18 06:05:00,64.99,65.2,65.0,65.09,893.25276247
2023-08-18 06:04:00,64.94,65.0,64.94,64.98,196.50481277
2023-08-18 06:03:00,64.89,64.98,64.95,64.95,210.92957929
2023-08-18 06:02:00,64.94,65.0,64.98,64.95,97.05223854
2023-08-18 06:01:00,64.85,65.0,64.87,64.98,500.8997664
2023-08-18 06:00:00,64.66,64.85,64.67,64.83,445.92219815
2023-08-18 05:59:00,64.63,64.69,64.63,64.66,154.0954147
2023-08-18 05:58:00,64.59,64.64,64.62,64.6,107.62566052
2023-08-18 05:57:00,64.51,64.62,64.55,64.62,152.76964957
2023-08-18 05:56:00,64.53,64.59,64.56,64.54,25.83808568
2023-08-18 05:55:00,64.57,64.63,64.59,64.57,171.18127144
2023-08-18 05:54:00,64.57,64.64,64.59,64.6,174.57827628
2023-08-18 05:53:00,64.61,64.68,64.67,64.62,123.88528422
2023-08-18 05:52:00,64.68,64.8,64.8,64.69,100.32165782
2023-08-18 05:51:00,64.69,64.81,64.7,64.81,163.64767027
2023-08-18 05:50:00,64.57,64.69,64.59,64.69,280.52465332
2023-08-18 05:49:00,64.56,64.61,64.58,64.6,96.11239458
2023-08-18 05:48:00,64.52,64.57,64.54,64.57,220.96334616
2023-08-18 05:47:00,64.42,64.54,64.45,64.54,211.48707226
2023-08-18 05:46:00,64.46,64.54,64.48,64.46,282.32112112
2023-08-18 05:45:00,64.49,64.54,64.49,64.51,112.70675564
2023-08-18 05:44:00,64.37,64.51,64.37,64.51,174.8092568
2023-08-18 05:43:00,64.34,64.39,64.36,64.37,75.40904591
2023-08-18 05:42:00,64.33,64.38,64.36,64.36,134.48513458
2023-08-18 05:41:00,64.28,64.39,64.39,64.36,198.91604292
2023-08-18 05:40:00,64.39,64.44,64.42,64.44,83.2801989
2023-08-18 05:39:00,64.4,64.57,64.51,64.4,179.27187296
2023-08-18 05:38:00,64.48,64.65,64.65,64.52,125.84056618
2023-08-18 05:37:00,64.55,64.68,64.63,64.67,146.54756468
2023-08-18 05:36:00,64.48,64.64,64.48,64.62,120.94953744
2023-08-18 05:35:00,64.37,64.49,64.39,64.49,33.95163131
2023-08-18 05:34:00,64.28,64.39,64.3,64.39,32.21799845
2023-08-18 05:33:00,64.26,64.36,64.28,64.33,86.64025921
2023-08-18 05:32:00,64.22,64.28,64.28,64.28,65.22708517
2023-08-18 05:31:00,64.12,64.27,64.16,64.27,211.39026145
2023-08-18 05:30:00,64.15,64.21,64.17,64.17,134.56433498
2023-08-18 05:29:00,64.07,64.17,64.13,64.17,68.8347067
2023-08-18 05:28:00,64.09,64.17,64.15,64.13,88.56508914
2023-08-18 05:27:00,64.08,64.2,64.2,64.14,184.33825415
2023-08-18 05:26:00,64.04,64.2,64.04,64.19,425.92198579
2023-08-18 05:25:00,63.99,64.04,64.01,64.04,65.08389289
2023-08-18 05:24:00,63.95,64.03,63.95,64.01,210.79144467
2023-08-18 05:23:00,63.91,63.97,63.92,63.94,133.17801294
2023-08-18 05:22:00,63.84,63.93,63.86,63.91,366.43659883
2023-08-18 05:21:00,63.83,63.86,63.83,63.86,49.08340488
2023-08-18 05:20:00,63.78,63.83,63.78,63.83,242.8041488
2023-08-18 05:19:00,63.78,63.85,63.85,63.8,50.59959711
2023-08-18 05:18:00,63.83,63.89,63.85,63.86,48.41965799
2023-08-18 05:17:00,63.83,63.91,63.88,63.86,221.04466177
2023-08-18 05:16:00,63.86,63.97,63.97,63.87,170.80691331
2023-08-18 05:15:00,63.93,64.0,63.93,63.98,112.34065955
2023-08-18 05:14:00,63.89,63.95,63.89,63.95,99.76310101
2023-08-18 05:13:00,63.91,64.0,63.93,63.92,115.93888965
2023-08-18 05:12:00,63.84,63.92,63.91,63.91,81.46423931
2023-08-18 05:11:00,63.89,63.99,63.99,63.9,143.49932565
2023-08-18 05:10:00,63.93,64.0,63.93,63.99,112.71465039
2023-08-18 05:09:00,63.88,63.94,63.88,63.93,247.58602466
2023-08-18 05:08:00,63.85,63.92,63.91,63.87,83.26109692
2023-08-18 05:07:00,63.89,63.98,63.98,63.9,84.49826989
2023-08-18 05:06:00,63.96,64.05,64.05,63.96,103.05803584
2023-08-18 05:05:00,64.03,64.14,64.14,64.07,68.84539837
2023-08-18 05:04:00,64.11,64.16,64.13,64.12,205.82823163
2023-08-18 05:03:00,64.06,64.13,64.1,64.12,162.09285195
2023-08-18 05:02:00,64.05,64.17,64.05,64.13,201.55588857
2023-08-18 05:01:00,63.92,64.04,63.95,64.04,134.4252946
2023-08-18 05:00:00,63.91,63.97,63.94,63.96,95.05303693
2023-08-18 04:59:00,63.89,63.97,63.93,63.94,112.74123232
2023-08-18 04:58:00,63.84,63.92,63.92,63.92,136.69716247
2023-08-18 04:57:00,63.74,63.91,63.76,63.91,236.49380634
2023-08-18 04:56:00,63.74,63.84,63.8,63.76,504.28720407
2023-08-18 04:55:00,63.73,63.8,63.73,63.79,63.21729875
2023-08-18 04:54:00,63.66,63.73,63.67,63.73,88.30916141
2023-08-18 04:53:00,63.61,63.73,63.7,63.67,249.47786998
2023-08-18 04:52:00,63.66,63.76,63.66,63.73,215.16983832
2023-08-18 04:51:00,63.55,63.64,63.55,63.64,76.84319388
2023-08-18 04:50:00,63.51,63.6,63.53,63.58,83.22824462
2023-08-18 04:49:00,63.54,63.61,63.61,63.54,16.96062489
2023-08-18 04:48:00,63.56,63.67,63.67,63.56,91.75382161
2023-08-18 04:47:00,63.65,63.71,63.71,63.7,160.39065187
2023-08-18 04:46:00,63.66,63.73,63.73,63.71,78.98967395
2023-08-18 04:45:00,63.7,63.79,63.79,63.7,218.80460375
2023-08-18 04:44:00,63.73,63.79,63.74,63.79,15.99769883
2023-08-18 04:43:00,63.71,63.79,63.72,63.76,91.57405259
2023-08-18 04:42:00,63.67,63.78,63.68,63.71,70.52966198
2023-08-18 04:41:00,63.59,63.7,63.59,63.68,269.7494301
2023-08-18 04:40:00,63.42,63.58,63.46,63.58,320.60544277
2023-08-18 04:39:00,63.32,63.49,63.49,63.45,548.02916367
2023-08-18 04:38:00,63.36,63.6,63.6,63.49,390.22088778
2023-08-18 04:37:00,63.52,63.66,63.55,63.58,453.77670428
2023-08-18 04:36:00,63.57,63.76,63.75,63.59,221.06557478
2023-08-18 04:35:00,63.7,63.79,63.73,63.75,563.39612565
2023-08-18 04:34:00,63.63,63.75,63.74,63.7,331.40864476
2023-08-18 04:33:00,63.67,63.75,63.75,63.73,263.74671571
2023-08-18 04:32:00,63.72,63.86,63.8,63.73,261.668509
2023-08-18 04:31:00,63.77,63.91,63.9,63.8,94.08985511
2023-08-18 04:30:00,63.76,63.92,63.82,63.89,173.1972923
2023-08-18 04:29:00,63.76,63.86,63.85,63.83,114.99650811
2023-08-18 04:28:00,63.86,64.07,64.0,63.88,308.21468058
2023-08-18 04:27:00,63.99,64.23,64.21,64.02,290.23410834
2023-08-18 04:26:00,63.72,64.25,63.74,64.25,4654.34191323
2023-08-18 04:25:00,63.73,64.16,64.12,63.73,915.40542196
2023-08-18 04:24:00,64.03,64.13,64.03,64.09,168.54059897
2023-08-18 04:23:00,64.08,64.13,64.1,64.11,158.83029219
2023-08-18 04:22:00,64.08,64.11,64.1,64.1,105.98052247
2023-08-18 04:21:00,64.08,64.13,64.08,64.1,110.65896366
2023-08-18 04:20:00,64.01,64.08,64.01,64.07,141.98758259
2023-08-18 04:19:00,63.98,64.13,64.1,63.99,132.34451151
2023-08-18 04:18:00,64.07,64.14,64.12,64.1,92.3625969
2023-08-18 04:17:00,64.07,64.17,64.17,64.11,28.98752961
2023-08-18 04:16:00,64.16,64.23,64.22,64.16,62.7510351
2023-08-18 04:15:00,64.23,64.37,64.37,64.23,114.89368602
2023-08-18 04:14:00,64.32,64.39,64.35,64.35,108.84108333
2023-08-18 04:13:00,64.31,64.34,64.33,64.34,110.54817679
2023-08-18 04:12:00,64.29,64.34,64.31,64.33,58.92122699
2023-08-18 04:11:00,64.29,64.35,64.34,64.31,82.20436076
2023-08-18 04:10:00,64.28,64.39,64.37,64.34,577.73448056
2023-08-18 04:09:00,64.36,64.43,64.43,64.37,87.1646465
2023-08-18 04:08:00,64.39,64.48,64.48,64.43,275.24285776
2023-08-18 04:07:00,64.5,64.52,64.52,64.51,24.56379561
2023-08-18 04:06:00,64.49,64.53,64.5,64.52,156.25325679
2023-08-18 04:05:00,64.49,64.53,64.53,64.5,134.05282992
2023-08-18 04:04:00,64.51,64.53,64.52,64.53,35.60769539
2023-08-18 04:03:00,64.46,64.51,64.5,64.51,69.48540855
2023-08-18 04:02:00,64.48,64.55,64.55,64.49,70.74657258
2023-08-18 04:01:00,64.55,64.59,64.56,64.56,50.81551797
2023-08-18 04:00:00,64.43,64.56,64.43,64.56,177.15756063
2023-08-18 03:59:00,64.42,64.45,64.42,64.43,59.07873939
2023-08-18 03:58:00,64.39,64.42,64.41,64.42,81.45648499
2023-08-18 03:57:00,64.37,64.43,64.42,64.41,77.15620357
2023-08-18 03:56:00,64.32,64.43,64.32,64.42,249.13376913
2023-08-18 03:55:00,64.29,64.33,64.29,64.33,34.67905436
2023-08-18 03:54:00,64.27,64.32,64.27,64.3,37.56285524
2023-08-18 03:53:00,64.25,64.33,64.26,64.25,431.88351542
2023-08-18 03:52:00,64.22,64.32,64.22,64.26,369.35439284
2023-08-18 03:51:00,64.13,64.23,64.13,64.22,111.66871488
2023-08-18 03:50:00,64.06,64.14,64.06,64.13,236.39498952
2023-08-18 03:49:00,64.04,64.1,64.1,64.05,181.25132725
2023-08-18 03:48:00,64.07,64.19,64.19,64.1,55.78496892
2023-08-18 03:47:00,64.11,64.2,64.17,64.2,279.48982506
2023-08-18 03:46:00,64.15,64.23,64.19,64.17,52.96277497
2023-08-18 03:45:00,64.16,64.23,64.2,64.2,113.99464191
2023-08-18 03:44:00,64.14,64.25,64.25,64.18,204.97606195
2023-08-18 03:43:00,64.2,64.26,64.24,64.24,221.72599355
2023-08-18 03:42:00,64.2,64.25,64.22,64.24,56.13061928
2023-08-18 03:41:00,64.13,64.27,64.27,64.22,323.78829095
2023-08-18 03:40:00,64.23,64.31,64.31,64.27,206.26133513
2023-08-18 03:39:00,64.28,64.43,64.43,64.31,72.69441595
2023-08-18 03:38:00,64.37,64.43,64.41,64.42,172.98120742
2023-08-18 03:37:00,64.35,64.41,64.37,64.41,55.34139609
2023-08-18 03:36:00,64.35,64.42,64.42,64.37,110.60481434
2023-08-18 03:35:00,64.4,64.51,64.48,64.4,200.48944994
2023-08-18 03:34:00,64.45,64.55,64.49,64.48,37.98570666
2023-08-18 03:33:00,64.5,64.57,64.52,64.51,274.41404512
2023-08-18 03:32:00,64.35,64.51,64.37,64.51,288.14805257
2023-08-18 03:31:00,64.32,64.38,64.33,64.36,268.32640324
2023-08-18 03:30:00,64.2,64.33,64.2,64.33,57.4639148
2023-08-18 03:29:00,64.14,64.22,64.17,64.19,85.37038703
2023-08-18 03:28:00,64.07,64.14,64.1,64.14,170.1016119
2023-08-18 03:27:00,64.05,64.13,64.1,64.08,95.7712931
2023-08-18 03:26:00,64.09,64.16,64.15,64.13,119.3188028
2023-08-18 03:25:00,64.16,64.23,64.16,64.18,177.65633675
2023-08-18 03:24:00,64.0,64.15,64.0,64.14,155.66242765
2023-08-18 03:23:00,63.9,64.0,63.9,64.0,67.66930977
2023-08-18 03:22:00,63.88,63.93,63.93,63.9,142.96712522
2023-08-18 03:21:00,63.81,63.95,63.84,63.93,21.07142835
2023-08-18 03:20:00,63.82,63.94,63.9,63.83,196.62142536
2023-08-18 03:19:00,63.87,63.92,63.87,63.9,183.64569922
2023-08-18 03:18:00,63.86,63.91,63.9,63.87,17.09950621
2023-08-18 03:17:00,63.86,64.0,63.97,63.9,126.0097722
2023-08-18 03:16:00,63.96,64.01,63.98,63.97,57.74627749
2023-08-18 03:15:00,63.86,63.98,63.87,63.98,143.98799419
2023-08-18 03:14:00,63.82,63.91,63.9,63.87,171.21448664
2023-08-18 03:13:00,63.75,63.9,63.79,63.9,84.70228073
2023-08-18 03:12:00,63.73,63.89,63.85,63.83,281.35035708
2023-08-18 03:11:00,63.82,63.98,63.98,63.85,72.87401351
2023-08-18 03:10:00,63.91,64.0,63.99,63.99,111.18016068
2023-08-18 03:09:00,63.95,64.08,64.06,64.0,237.9928437
2023-08-18 03:08:00,64.03,64.15,64.15,64.06,121.58817057
2023-08-18 03:07:00,64.07,64.21,64.21,64.16,63.65955509
2023-08-18 03:06:00,64.17,64.22,64.2,64.19,150.64689434
2023-08-18 03:05:00,64.24,64.29,64.27,64.26,87.65113644
2023-08-18 03:04:00,64.24,64.32,64.24,64.27,99.28793027
2023-08-18 03:03:00,64.14,64.24,64.14,64.24,159.38763612
2023-08-18 03:02:00,64.11,64.2,64.18,64.13,299.80422367
2023-08-18 03:01:00,64.09,64.23,64.09,64.23,327.7119041
2023-08-18 03:00:00,64.02,64.15,64.04,64.11,208.52664077
2023-08-18 02:59:00,63.92,64.03,63.98,64.03,165.85009534
2023-08-18 02:58:00,63.96,64.04,64.04,64.0,179.2550553
2023-08-18 02:57:00,63.8,64.03,63.88,64.02,293.9221143
2023-08-18 02:56:00,63.9,64.11,64.11,63.94,736.71159622
2023-08-18 02:55:00,64.12,64.21,64.19,64.12,52.0399228
2023-08-18 02:54:00,64.1,64.24,64.23,64.17,136.00716765
2023-08-18 02:53:00,64.22,64.33,64.24,64.27,373.5905568
2023-08-18 02:52:00,64.21,64.36,64.3,64.21,225.74768326
2023-08-18 02:51:00,64.29,64.36,64.36,64.32,220.11958624
2023-08-18 02:50:00,64.29,64.36,64.32,64.35,23.40945514
2023-08-18 02:49:00,64.29,64.38,64.35,64.33,40.95320692
2023-08-18 02:48:00,64.36,64.42,64.4,64.38,39.88844323
2023-08-18 02:47:00,64.33,64.5,64.34,64.42,198.09305312
2023-08-18 02:46:00,64.19,64.34,64.25,64.34,329.22183119
2023-08-18 02:45:00,64.16,64.28,64.16,64.26,111.86489594
2023-08-18 02:44:00,64.07,64.25,64.24,64.13,52.37155699
2023-08-18 02:43:00,64.15,64.33,64.33,64.23,354.06191762
2023-08-18 02:42:00,64.28,64.43,64.43,64.35,127.2790583
2023-08-18 02:41:00,64.33,64.57,64.48,64.46,592.61260071
2023-08-18 02:40:00,64.4,64.63,64.57,64.44,455.65510526
2023-08-18 02:39:00,64.55,64.62,64.62,64.56,136.32465768
2023-08-18 02:38:00,64.57,64.64,64.64,64.62,67.16049806
2023-08-18 02:37:00,64.57,64.64,64.61,64.64,197.50272423
2023-08-18 02:36:00,64.59,64.69,64.59,64.62,127.06231319
2023-08-18 02:35:00,64.6,64.64,64.64,64.62,69.45549137
2023-08-18 02:34:00,64.58,64.67,64.66,64.65,126.66441663
2023-08-18 02:33:00,64.66,64.79,64.78,64.68,109.30489789
2023-08-18 02:32:00,64.73,64.79,64.76,64.79,75.6048184
2023-08-18 02:31:00,64.76,64.83,64.78,64.79,86.7013519
2023-08-18 02:30:00,64.78,64.89,64.8,64.79,185.14023699
2023-08-18 02:29:00,64.71,64.83,64.71,64.8,86.86614728
2023-08-18 02:28:00,64.71,64.83,64.81,64.76,67.71736539
2023-08-18 02:27:00,64.79,64.88,64.83,64.79,228.93977676
2023-08-18 02:26:00,64.79,64.96,64.95,64.83,54.39698518
2023-08-18 02:25:00,64.93,65.02,65.0,64.97,322.991448
2023-08-18 02:24:00,64.97,65.06,65.03,65.02,704.24032124
2023-08-18 02:23:00,65.02,65.18,65.18,65.04,257.66337113
2023-08-18 02:22:00,65.14,65.3,65.3,65.15,107.45210013
2023-08-18 02:21:00,65.28,65.34,65.33,65.29,63.29410519
2023-08-18 02:20:00,65.33,65.37,65.36,65.34,81.91303702
2023-08-18 02:19:00,65.3,65.38,65.34,65.37,78.2380326
2023-08-18 02:18:00,65.35,65.54,65.54,65.35,28.52347695
2023-08-18 02:17:00,65.53,65.58,65.58,65.56,97.59554159
2023-08-18 02:16:00,65.52,65.59,65.59,65.59,154.46139625
2023-08-18 02:15:00,65.51,65.59,65.55,65.59,109.67029488
2023-08-18 02:14:00,65.51,65.6,65.59,65.55,201.18515544
2023-08-18 02:13:00,65.57,65.64,65.64,65.59,208.20644584
2023-08-18 02:12:00,65.49,65.63,65.53,65.63,173.46740572
2023-08-18 02:11:00,65.48,65.54,65.5,65.53,57.39648393
2023-08-18 02:10:00,65.43,65.53,65.46,65.49,183.84629692
2023-08-18 02:09:00,65.44,65.53,65.53,65.46,61.5473661
2023-08-18 02:08:00,65.43,65.54,65.43,65.53,143.64838847
2023-08-18 02:07:00,65.42,65.53,65.53,65.46,30.25381202
2023-08-18 02:06:00,65.45,65.57,65.45,65.57,101.69582398
2023-08-18 02:05:00,65.41,65.45,65.43,65.44,26.28282366
2023-08-18 02:04:00,65.33,65.43,65.33,65.43,254.40599816
2023-08-18 02:03:00,65.22,65.38,65.26,65.38,67.88817564
2023-08-18 02:02:00,65.24,65.34,65.34,65.24,249.12294617
2023-08-18 02:01:00,65.24,65.38,65.26,65.36,128.77722845
2023-08-18 02:00:00,65.2,65.27,65.2,65.27,219.56008472
2023-08-18 01:59:00,65.11,65.18,65.15,65.18,32.13537193
2023-08-18 01:58:00,65.15,65.2,65.18,65.15,101.96953933
2023-08-18 01:57:00,65.11,65.18,65.13,65.16,220.49872036
2023-08-18 01:56:00,65.11,65.14,65.14,65.13,80.73577711
2023-08-18 01:55:00,65.11,65.19,65.15,65.16,69.07805353
2023-08-18 01:54:00,65.11,65.23,65.23,65.15,40.76963481
2023-08-18 01:53:00,65.12,65.22,65.16,65.2,386.73324992
2023-08-18 01:52:00,65.08,65.23,65.2,65.15,193.35479879
2023-08-18 01:51:00,65.21,65.31,65.29,65.21,283.94977781
2023-08-18 01:50:00,65.25,65.31,65.27,65.3,252.70260793
2023-08-18 01:49:00,65.27,65.32,65.3,65.27,268.04355323
2023-08-18 01:48:00,65.3,65.36,65.32,65.31,108.59233874
2023-08-18 01:47:00,65.33,65.37,65.37,65.34,208.97495979
2023-08-18 01:46:00,65.42,65.48,65.48,65.43,59.58489188
2023-08-18 01:45:00,65.43,65.59,65.59,65.48,144.36162674
2023-08-18 01:44:00,65.53,65.59,65.56,65.58,40.67375167
2023-08-18 01:43:00,65.5,65.55,65.54,65.55,76.27314361
2023-08-18 01:42:00,65.53,65.62,65.58,65.53,68.89235851
2023-08-18 01:41:00,65.48,65.58,65.48,65.58,99.57411549
2023-08-18 01:40:00,65.35,65.51,65.36,65.49,120.70770624
2023-08-18 01:39:00,65.29,65.39,65.32,65.34,81.32225602
2023-08-18 01:38:00,65.27,65.33,65.29,65.31,242.90298298
2023-08-18 01:37:00,65.3,65.42,65.42,65.34,333.51863406
2023-08-18 01:36:00,65.31,65.42,65.39,65.42,96.43454827
2023-08-18 01:35:00,65.36,65.5,65.4,65.42,156.58292684
2023-08-18 11:35:00,64.8,64.85,64.83,64.85,72.66397246
2023-08-18 11:34:00,64.82,64.84,64.83,64.84,82.58631657
2023-08-18 11:33:00,64.81,64.83,64.81,64.82,23.95995502
2023-08-18 11:32:00,64.79,64.82,64.81,64.81,10.20234468
2023-08-18 11:31:00,64.77,64.84,64.77,64.84,95.56513324
2023-08-18 11:30:00,64.72,64.79,64.79,64.75,92.35569443
2023-08-18 11:29:00,64.77,64.8,64.78,64.79,248.47561258
2023-08-18 11:28:00,64.71,64.84,64.81,64.76,70.70533009
2023-08-18 11:27:00,64.78,64.9,64.86,64.79,510.40940316
2023-08-18 11:26:00,64.86,64.91,64.91,64.89,42.77935085
2023-08-18 11:25:00,64.85,64.98,64.97,64.88,312.00538289
2023-08-18 11:24:00,64.96,64.99,64.98,64.99,116.93265866
2023-08-18 11:23:00,64.97,64.99,64.99,64.97,28.37189319
2023-08-18 11:22:00,64.97,65.0,64.99,64.99,20.42385207
2023-08-18 11:21:00,64.99,65.0,64.99,64.99,126.50674358
2023-08-18 11:20:00,64.95,65.0,64.96,64.99,50.74256983
2023-08-18 11:19:00,64.97,65.03,65.02,64.97,31.07679731
2023-08-18 11:18:00,65.0,65.03,65.03,65.0,72.54926944
2023-08-18 11:17:00,65.03,65.09,65.09,65.03,114.45338113
2023-08-18 11:16:00,65.08,65.12,65.12,65.1,135.40234322
2023-08-18 11:15:00,65.05,65.13,65.06,65.13,50.04823352
2023-08-18 11:14:00,65.06,65.12,65.12,65.09,27.38548992
2023-08-18 11:13:00,65.1,65.14,65.14,65.12,27.34785932
2023-08-18 11:12:00,65.07,65.15,65.07,65.15,461.92165011
2023-08-18 11:11:00,65.0,65.07,65.0,65.07,102.21770241
2023-08-18 11:10:00,64.99,65.01,65.0,65.0,21.67440384
2023-08-18 11:09:00,64.99,65.03,65.01,65.0,56.21371181
2023-08-18 11:08:00,65.01,65.02,65.01,65.02,21.22479453
2023-08-18 11:07:00,64.95,65.01,64.98,65.01,39.36932665
2023-08-18 11:06:00,64.99,65.09,65.08,65.0,157.73612188
2023-08-18 11:05:00,65.07,65.09,65.08,65.09,44.1637372
2023-08-18 11:04:00,65.05,65.09,65.06,65.09,36.10021963
2023-08-18 11:03:00,65.04,65.06,65.04,65.06,41.95846073
2023-08-18 11:02:00,65.02,65.06,65.06,65.04,15.09482839
2023-08-18 11:01:00,65.03,65.06,65.05,65.06,35.49272598
2023-08-18 11:00:00,65.03,65.07,65.04,65.05,188.50277899
2023-08-18 10:59:00,65.03,65.05,65.04,65.04,16.86260717
2023-08-18 10:58:00,65.05,65.07,65.07,65.05,23.87603252
2023-08-18 10:57:00,65.04,65.08,65.06,65.06,50.67816499
2023-08-18 10:56:00,65.04,65.07,65.05,65.05,90.82878705
2023-08-18 10:55:00,65.01,65.05,65.01,65.05,32.52161471
2023-08-18 10:54:00,64.97,65.03,64.99,64.99,312.31347142
2023-08-18 10:53:00,64.97,65.01,65.01,64.98,11.45347085
2023-08-18 10:52:00,65.01,65.04,65.02,65.01,104.07537417
2023-08-18 10:51:00,64.96,65.01,64.97,65.01,294.88795576
2023-08-18 10:50:00,64.97,64.98,64.97,64.97,44.54196457
2023-08-18 10:49:00,64.97,64.99,64.98,64.97,117.90722412
2023-08-18 10:48:00,65.01,65.03,65.01,65.02,37.99338589
2023-08-18 10:47:00,65.01,65.05,65.03,65.01,139.6907054
2023-08-18 10:46:00,65.01,65.04,65.04,65.03,30.99836944
2023-08-18 10:45:00,65.03,65.05,65.05,65.04,88.22770951
2023-08-18 10:44:00,65.01,65.08,65.06,65.03,432.53191843
2023-08-18 10:43:00,65.02,65.06,65.03,65.05,80.56562512
2023-08-18 10:42:00,65.01,65.04,65.02,65.03,146.44788432
2023-08-18 10:41:00,65.0,65.07,65.05,65.02,244.75450707
2023-08-18 10:40:00,65.06,65.16,65.14,65.07,844.78491722
2023-08-18 10:39:00,65.12,65.15,65.15,65.14,26.02418138
2023-08-18 10:38:00,65.14,65.17,65.16,65.14,80.89436259
2023-08-18 10:37:00,65.16,65.18,65.17,65.16,51.01075435
2023-08-18 10:36:00,65.17,65.26,65.25,65.19,576.44533684
2023-08-18 10:35:00,65.23,65.25,65.25,65.25,12.93173476
2023-08-18 10:34:00,65.21,65.28,65.21,65.26,236.73312052
2023-08-18 10:33:00,65.19,65.24,65.19,65.22,46.51906033
2023-08-18 10:32:00,65.18,65.21,65.21,65.18,44.49407751
2023-08-18 10:31:00,65.11,65.19,65.12,65.19,291.3481186
2023-08-18 10:30:00,65.12,65.14,65.13,65.12,161.14195817
2023-08-18 10:29:00,65.09,65.19,65.19,65.11,75.92489448
2023-08-18 10:28:00,65.19,65.2,65.2,65.19,65.13275008
2023-08-18 10:27:00,65.18,65.21,65.18,65.21,18.20995982
2023-08-18 10:26:00,65.17,65.19,65.17,65.19,76.20692012
2023-08-18 10:25:00,65.14,65.19,65.15,65.17,159.10587149
2023-08-18 10:24:00,65.16,65.18,65.18,65.18,128.97724829
2023-08-18 10:23:00,65.17,65.19,65.17,65.18,22.27005037
2023-08-18 10:22:00,65.16,65.18,65.18,65.16,2.9811458
2023-08-18 10:21:00,65.15,65.19,65.15,65.18,72.2838668
2023-08-18 10:20:00,65.06,65.16,65.11,65.16,626.15582883
2023-08-18 10:19:00,65.09,65.13,65.13,65.11,111.72732364
2023-08-18 10:18:00,65.13,65.2,65.17,65.13,84.65848197
2023-08-18 10:17:00,65.17,65.19,65.17,65.17,38.82676067
2023-08-18 10:16:00,65.16,65.19,65.18,65.16,19.64846699
2023-08-18 10:15:00,65.12,65.2,65.12,65.18,58.6890282
2023-08-18 10:14:00,65.1,65.13,65.13,65.12,102.81455466
2023-08-18 10:13:00,65.1,65.14,65.11,65.13,76.86345968
2023-08-18 10:12:00,65.09,65.12,65.09,65.09,21.95354411
2023-08-18 10:11:00,65.07,65.11,65.11,65.11,59.74682933
2023-08-18 10:10:00,65.03,65.12,65.09,65.11,39.65330588
2023-08-18 10:09:00,65.03,65.12,65.11,65.1,154.95732082
2023-08-18 10:08:00,65.06,65.15,65.15,65.1,58.90306498
2023-08-18 10:07:00,65.17,65.2,65.2,65.18,23.81663685
2023-08-18 10:06:00,65.18,65.23,65.23,65.18,5.53244592
2023-08-18 10:05:00,65.15,65.24,65.15,65.23,64.31316691
2023-08-18 10:04:00,65.14,65.16,65.14,65.16,6.9300158
2023-08-18 10:03:00,65.05,65.13,65.05,65.13,88.33261547
2023-08-18 10:02:00,65.03,65.06,65.05,65.04,13.0496723
2023-08-18 10:01:00,65.02,65.06,65.06,65.06,77.51679171
2023-08-18 10:00:00,65.01,65.06,65.05,65.06,181.42296755
2023-08-18 09:59:00,65.02,65.07,65.05,65.05,133.11823413
2023-08-18 09:58:00,65.02,65.08,65.07,65.05,94.24760697
2023-08-18 09:57:00,64.99,65.07,65.03,65.07,296.13407078
2023-08-18 09:56:00,65.05,65.1,65.06,65.05,233.07179929
2023-08-18 09:55:00,65.05,65.09,65.05,65.07,146.1012941
2023-08-18 09:54:00,65.04,65.13,65.13,65.05,761.00413487
2023-08-18 09:53:00,65.1,65.14,65.1,65.13,12.18910496
2023-08-18 09:52:00,65.08,65.12,65.09,65.09,105.09720092
2023-08-18 09:51:00,65.08,65.12,65.12,65.09,39.19845888
2023-08-18 09:50:00,65.11,65.15,65.15,65.12,77.69903421
2023-08-18 09:49:00,65.14,65.16,65.15,65.15,24.53900627
2023-08-18 09:48:00,65.1,65.17,65.11,65.17,251.4641126
2023-08-18 09:47:00,65.11,65.16,65.15,65.11,18.54201859
2023-08-18 09:46:00,65.12,65.19,65.16,65.17,325.70642325
2023-08-18 09:45:00,65.13,65.16,65.16,65.16,76.61189232
2023-08-18 09:44:00,65.17,65.23,65.23,65.17,25.49143509
2023-08-18 09:43:00,65.21,65.28,65.28,65.23,4.1725968
2023-08-18 09:42:00,65.24,65.32,65.3,65.27,126.04494214
2023-08-18 09:41:00,65.21,65.3,65.24,65.29,141.08198846
2023-08-18 09:40:00,65.22,65.25,65.22,65.24,25.8324126
2023-08-18 09:39:00,65.18,65.23,65.23,65.22,74.37032207
2023-08-18 09:38:00,65.24,65.28,65.25,65.25,32.29724012
2023-08-18 09:37:00,65.23,65.35,65.35,65.25,61.84752312
2023-08-18 09:36:00,65.26,65.36,65.26,65.36,118.1804695
2023-08-18 09:35:00,65.2,65.25,65.2,65.25,438.50658715
2023-08-18 09:34:00,65.17,65.23,65.21,65.22,70.49967798
2023-08-18 09:33:00,65.19,65.22,65.22,65.2,79.25633086
2023-08-18 09:32:00,65.19,65.28,65.22,65.21,87.31399523
2023-08-18 09:31:00,65.21,65.27,65.27,65.22,91.78805894
2023-08-18 09:30:00,65.21,65.28,65.25,65.27,257.86993155
2023-08-18 09:29:00,65.24,65.27,65.27,65.25,194.26447475
2023-08-18 09:28:00,65.25,65.27,65.25,65.26,125.89436287
2023-08-18 09:27:00,65.25,65.28,65.28,65.25,65.01780277
2023-08-18 09:26:00,65.25,65.3,65.26,65.27,93.14798858
2023-08-18 09:25:00,65.25,65.35,65.34,65.25,85.32408237
2023-08-18 09:24:00,65.3,65.33,65.32,65.31,91.98036166
2023-08-18 09:23:00,65.27,65.32,65.32,65.32,109.72755739
2023-08-18 09:22:00,65.33,65.34,65.34,65.34,42.98755032
2023-08-18 09:21:00,65.35,65.44,65.44,65.38,70.65572021
2023-08-18 09:20:00,65.42,65.46,65.46,65.45,38.33379258
2023-08-18 09:19:00,65.39,65.46,65.39,65.43,116.44475539
2023-08-18 09:18:00,65.37,65.39,65.39,65.39,27.20040243
2023-08-18 09:17:00,65.32,65.38,65.33,65.38,46.29957934
2023-08-18 09:16:00,65.3,65.33,65.31,65.33,56.5492377
2023-08-18 09:15:00,65.33,65.4,65.39,65.33,93.93801844
2023-08-18 09:14:00,65.36,65.4,65.37,65.39,14.27740638
2023-08-18 09:13:00,65.38,65.42,65.38,65.39,147.3987503
2023-08-18 09:12:00,65.36,65.47,65.46,65.38,171.49215402
2023-08-18 09:11:00,65.45,65.46,65.45,65.46,7.70147536
2023-08-18 09:10:00,65.45,65.48,65.47,65.48,38.16226254
2023-08-18 09:09:00,65.46,65.52,65.5,65.47,96.65143892
2023-08-18 09:08:00,65.48,65.53,65.52,65.5,296.20370847
2023-08-18 09:07:00,65.46,65.55,65.46,65.5,77.28197848
2023-08-18 09:06:00,65.4,65.48,65.45,65.45,265.84489626
2023-08-18 09:05:00,65.43,65.44,65.43,65.43,6.1960139
2023-08-18 09:04:00,65.42,65.45,65.42,65.45,14.15237864
2023-08-18 09:03:00,65.41,65.47,65.46,65.44,44.86284303
2023-08-18 09:02:00,65.43,65.51,65.51,65.49,326.81338425
2023-08-18 09:01:00,65.48,65.55,65.51,65.53,15.02565685
2023-08-18 09:00:00,65.46,65.53,65.49,65.53,99.32005739
2023-08-18 08:59:00,65.47,65.51,65.49,65.5,26.76679597
2023-08-18 08:58:00,65.46,65.52,65.49,65.5,183.59139575
2023-08-18 08:57:00,65.45,65.53,65.45,65.53,189.16534275
2023-08-18 08:56:00,65.43,65.49,65.43,65.44,35.9413872
2023-08-18 08:55:00,65.4,65.48,65.41,65.44,26.91641074
2023-08-18 08:54:00,65.41,65.45,65.41,65.43,44.08071045
2023-08-18 08:53:00,65.38,65.46,65.45,65.46,159.90069285
2023-08-18 08:52:00,65.45,65.56,65.48,65.46,314.84800235
2023-08-18 08:51:00,65.26,65.48,65.26,65.42,416.73325264
2023-08-18 08:50:00,65.24,65.3,65.3,65.25,76.86311536
2023-08-18 08:49:00,65.15,65.32,65.16,65.31,542.00924805
2023-08-18 08:48:00,65.14,65.16,65.14,65.15,12.50282776
2023-08-18 08:47:00,65.11,65.21,65.21,65.14,140.94794493
2023-08-18 08:46:00,65.18,65.3,65.3,65.2,350.07340304
2023-08-18 08:45:00,65.21,65.31,65.25,65.31,30.22374805
2023-08-18 08:44:00,65.25,65.28,65.27,65.25,16.15888387
2023-08-18 08:43:00,65.25,65.27,65.26,65.27,76.23802431
2023-08-18 08:42:00,65.2,65.26,65.22,65.26,64.62090756
2023-08-18 08:41:00,65.15,65.2,65.15,65.2,74.77479597
2023-08-18 08:40:00,65.13,65.16,65.13,65.16,76.45066734
2023-08-18 08:39:00,65.11,65.13,65.12,65.13,10.04933554
2023-08-18 08:38:00,65.1,65.15,65.1,65.14,55.04343068
2023-08-18 08:37:00,65.09,65.11,65.09,65.09,27.27524836
2023-08-18 08:36:00,65.11,65.13,65.11,65.12,22.12907136
2023-08-18 08:35:00,65.06,65.13,65.06,65.13,33.16622019
2023-08-18 08:34:00,65.08,65.11,65.11,65.08,11.94794154
2023-08-18 08:33:00,65.06,65.1,65.06,65.08,26.13710509
2023-08-18 08:32:00,65.07,65.13,65.09,65.09,70.36227718
2023-08-18 08:31:00,65.07,65.17,65.16,65.1,251.81926013
2023-08-18 08:30:00,65.1,65.17,65.16,65.17,110.05620733
2023-08-18 08:29:00,65.11,65.19,65.17,65.15,59.37369093
2023-08-18 08:28:00,65.16,65.21,65.19,65.18,12.42285582
2023-08-18 08:27:00,65.16,65.2,65.17,65.18,64.86135687
2023-08-18 08:26:00,65.2,65.25,65.21,65.21,46.6172914
2023-08-18 08:25:00,65.16,65.26,65.16,65.2,86.80697302
2023-08-18 08:24:00,65.15,65.19,65.16,65.17,28.83031381
2023-08-18 08:23:00,65.16,65.24,65.2,65.2,209.24036902
2023-08-18 08:22:00,65.18,65.22,65.21,65.2,50.61267574
2023-08-18 08:21:00,65.18,65.25,65.25,65.2,31.30829229
2023-08-18 08:20:00,65.18,65.25,65.24,65.23,526.70992564
2023-08-18 08:19:00,65.21,65.38,65.38,65.21,231.93985223
2023-08-18 08:18:00,65.37,65.43,65.41,65.37,22.67417942
2023-08-18 08:17:00,65.33,65.43,65.33,65.39,98.55764031
2023-08-18 08:16:00,65.39,65.47,65.47,65.42,139.30751561
2023-08-18 08:15:00,65.46,65.57,65.55,65.46,258.98277584
2023-08-18 08:14:00,65.54,65.59,65.59,65.55,104.75189418
2023-08-18 08:13:00,65.53,65.6,65.6,65.57,22.01538974
2023-08-18 08:12:00,65.59,65.64,65.62,65.59,87.89742156
2023-08-18 08:11:00,65.61,65.63,65.62,65.63,35.56925977
2023-08-18 08:10:00,65.55,65.61,65.6,65.61,221.45866898
2023-08-18 08:09:00,65.55,65.64,65.58,65.61,44.44208381
2023-08-18 08:08:00,65.54,65.56,65.54,65.56,85.65023241
2023-08-18 08:07:00,65.49,65.52,65.5,65.52,5.79406307
2023-08-18 08:06:00,65.45,65.52,65.52,65.49,14.65477179
2023-08-18 08:05:00,65.5,65.56,65.56,65.51,48.37249773
2023-08-18 08:04:00,65.44,65.55,65.44,65.55,176.48108621
2023-08-18 08:03:00,65.38,65.44,65.38,65.44,66.49597645
2023-08-18 08:02:00,65.34,65.38,65.37,65.37,55.28516001
2023-08-18 08:01:00,65.33,65.38,65.33,65.36,91.32663333
2023-08-18 08:00:00,65.29,65.36,65.36,65.33,73.98043693
2023-08-18 07:59:00,65.32,65.37,65.34,65.36,220.38314442
2023-08-18 07:58:00,65.33,65.46,65.46,65.33,108.86328527
2023-08-18 07:57:00,65.4,65.49,65.47,65.46,46.98309417
2023-08-18 07:56:00,65.45,65.49,65.49,65.46,7.3291494
2023-08-18 07:55:00,65.49,65.63,65.54,65.49,678.46699746
2023-08-18 07:54:00,65.44,65.54,65.46,65.53,144.81947508
2023-08-18 07:53:00,65.44,65.46,65.44,65.46,15.56039623
2023-08-18 07:52:00,65.44,65.48,65.44,65.48,31.22741935
2023-08-18 07:51:00,65.38,65.47,65.4,65.47,140.08714112
2023-08-18 07:50:00,65.37,65.41,65.37,65.39,149.35456502
2023-08-18 07:49:00,65.37,65.4,65.39,65.37,2.99940618
2023-08-18 07:48:00,65.4,65.43,65.42,65.4,80.02793646
2023-08-18 07:47:00,65.4,65.44,65.4,65.42,31.50328706
2023-08-18 07:46:00,65.38,65.42,65.41,65.41,67.55843495
2023-08-18 07:45:00,65.31,65.4,65.31,65.4,45.73714524
2023-08-18 07:44:00,65.3,65.35,65.35,65.32,18.74280688
2023-08-18 07:43:00,65.33,65.35,65.34,65.34,30.64344374
2023-08-18 07:42:00,65.31,65.35,65.35,65.33,20.95252504
2023-08-18 07:41:00,65.33,65.39,65.39,65.33,77.30966413
2023-08-18 07:40:00,65.37,65.42,65.4,65.41,30.35137317
2023-08-18 07:39:00,65.34,65.4,65.34,65.39,68.64111515
2023-08-18 07:38:00,65.28,65.33,65.28,65.31,56.57194016
2023-08-18 07:37:00,65.19,65.26,65.22,65.26,109.93667298
2023-08-18 07:36:00,65.21,65.26,65.21,65.26,15.21141541
2023-08-18 07:35:00,65.17,65.23,65.21,65.2,119.99013141
2023-08-18 07:34:00,65.16,65.21,65.2,65.21,19.51910055
2023-08-18 07:33:00,65.18,65.24,65.24,65.19,18.45375133
2023-08-18 07:32:00,65.21,65.26,65.22,65.23,74.93246167
2023-08-18 07:31:00,65.21,65.25,65.23,65.24,53.63134195
2023-08-18 07:30:00,65.18,65.24,65.24,65.2,336.74951326
2023-08-18 07:29:00,65.2,65.3,65.29,65.27,42.27253019
2023-08-18 07:28:00,65.28,65.32,65.29,65.32,35.04742834
2023-08-18 07:27:00,65.25,65.29,65.29,65.28,21.15563139
2023-08-18 07:26:00,65.3,65.31,65.3,65.3,12.2965989
2023-08-18 07:25:00,65.27,65.39,65.36,65.31,57.2287517
2023-08-18 07:24:00,65.32,65.43,65.36,65.4,120.77664378
2023-08-18 07:23:00,65.35,65.39,65.39,65.39,22.20692824
2023-08-18 07:22:00,65.29,65.39,65.31,65.37,69.36309645
2023-08-18 07:21:00,65.28,65.35,65.35,65.33,257.39656163
2023-08-18 07:20:00,65.34,65.41,65.36,65.35,139.52778091
2023-08-18 07:19:00,65.35,65.42,65.4,65.38,124.03030076
2023-08-18 07:18:00,65.38,65.48,65.38,65.39,213.75712224
2023-08-18 07:17:00,65.33,65.38,65.35,65.38,86.90898047
2023-08-18 07:16:00,65.34,65.43,65.34,65.38,356.34258724
2023-08-18 07:15:00,65.32,65.36,65.36,65.35,92.5297757
2023-08-18 07:14:00,65.34,65.4,65.4,65.34,39.67941548
2023-08-18 07:13:00,65.37,65.42,65.4,65.38,68.95875737
2023-08-18 07:12:00,65.38,65.41,65.38,65.39,13.93111087
2023-08-18 07:11:00,65.36,65.43,65.38,65.43,18.09297859
2023-08-18 07:10:00,65.45,65.51,65.5,65.46,175.31441344
2023-08-18 07:09:00,65.39,65.48,65.4,65.47,25.25651779
2023-08-18 07:08:00,65.41,65.5,65.47,65.41,55.49594971
2023-08-18 07:07:00,65.4,65.56,65.4,65.45,973.96241756
2023-08-18 07:06:00,65.34,65.43,65.34,65.41,227.69909682
2023-08-18 07:05:00,65.32,65.36,65.32,65.34,109.31045105
2023-08-18 07:04:00,65.27,65.37,65.27,65.35,22.56014705
2023-08-18 07:03:00,65.24,65.31,65.27,65.31,72.87448481
2023-08-18 07:02:00,65.22,65.27,65.23,65.26,65.52712233
2023-08-18 07:01:00,65.23,65.37,65.37,65.23,34.26563762
2023-08-18 07:00:00,65.33,65.42,65.34,65.4,32.78736871
2023-08-18 06:59:00,65.29,65.44,65.32,65.38,195.51734347
2023-08-18 06:58:00,65.21,65.33,65.21,65.32,91.28929728
2023-08-18 06:57:00,65.2,65.26,65.26,65.2,86.7182096
2023-08-18 06:56:00,65.21,65.29,65.21,65.23,591.75481508
2023-08-18 06:55:00,65.18,65.23,65.23,65.19,832.65678481
2023-08-18 06:54:00,65.18,65.27,65.27,65.23,650.61338225
2023-08-18 06:53:00,65.23,65.27,65.23,65.25,119.33556837
2023-08-18 06:52:00,65.23,65.29,65.27,65.23,165.48338997
2023-08-18 06:51:00,65.27,65.36,65.27,65.29,288.71693047
2023-08-18 06:50:00,65.25,65.29,65.25,65.27,267.0686861
2023-08-18 06:49:00,65.18,65.29,65.26,65.25,303.07106557
2023-08-18 06:48:00,65.24,65.34,65.33,65.25,283.49757972
2023-08-18 06:47:00,65.31,65.37,65.34,65.33,128.99956049
2023-08-18 06:46:00,65.3,65.38,65.35,65.36,33.26483686
2023-08-18 06:45:00,65.32,65.43,65.39,65.37,93.84044233
2023-08-18 06:44:00,65.42,65.49,65.49,65.42,77.77363961
2023-08-18 06:43:00,65.46,65.52,65.5,65.46,11.21154768
2023-08-18 06:42:00,65.46,65.52,65.47,65.51,12.56578192
2023-08-18 06:41:00,65.44,65.51,65.44,65.49,57.58211134
2023-08-18 06:40:00,65.44,65.5,65.47,65.44,162.48712715
2023-08-18 06:39:00,65.44,65.48,65.44,65.44,27.02466409
2023-08-18 06:38:00,65.42,65.51,65.43,65.47,198.76662617
2023-08-18 06:37:00,65.4,65.45,65.43,65.4,192.8124515
2023-08-18 06:36:00,65.39,65.44,65.44,65.44,6.84710154
2023-08-18 06:35:00,65.3,65.41,65.3,65.41,124.01115849
2023-08-18 14:59:00,64.29,64.35,64.33,64.31,128.96338515
