datetime,open,high,low,close,volume
2022-12-14 09:34:00,78.19,78.22,78.21,78.22,25.85439534
2022-12-14 19:34:00,74.81,75.45,75.4,74.81,5320.9335187
2022-12-14 19:33:00,75.4,75.6,75.6,75.44,311.24599388
2022-12-14 19:32:00,75.58,75.75,75.75,75.61,167.59232069
2022-12-14 19:31:00,75.56,75.79,75.6,75.68,133.69618438
2022-12-14 19:30:00,75.58,75.77,75.63,75.58,117.95582504
2022-12-14 19:29:00,75.63,75.84,75.75,75.72,57.91788624
2022-12-14 19:28:00,75.6,75.77,75.69,75.68,110.01874214
2022-12-14 19:27:00,75.62,75.73,75.65,75.69,29.14889482
2022-12-14 19:26:00,75.52,75.74,75.67,75.66,430.52418317
2022-12-14 19:25:00,75.4,75.66,75.45,75.66,589.19453937
2022-12-14 19:24:00,75.4,75.5,75.42,75.5,385.60859151
2022-12-14 19:23:00,75.4,75.6,75.57,75.41,1627.11007181
2022-12-14 19:22:00,75.52,75.71,75.71,75.66,629.24062009
2022-12-14 19:21:00,75.78,75.9,75.82,75.78,35.28688902
2022-12-14 19:20:00,75.75,75.85,75.76,75.79,137.30626873
2022-12-14 19:19:00,75.66,75.87,75.77,75.78,509.86610233
2022-12-14 19:18:00,75.78,75.9,75.86,75.8,29.65700587
2022-12-14 19:17:00,75.69,75.85,75.79,75.82,119.69133861
2022-12-14 19:16:00,75.81,75.98,75.85,75.81,145.33755924
2022-12-14 19:15:00,75.7,75.85,75.82,75.81,236.98056608
2022-12-14 19:14:00,75.76,75.97,75.97,75.85,470.64930652
2022-12-14 19:13:00,75.72,75.99,75.79,75.99,646.84550997
2022-12-14 19:12:00,75.75,75.96,75.75,75.85,133.69365256
2022-12-14 19:11:00,75.62,75.8,75.74,75.7,199.5250134
2022-12-14 19:10:00,75.7,75.91,75.78,75.8,296.41941116
2022-12-14 19:09:00,75.5,75.73,75.52,75.69,217.15189667
2022-12-14 19:08:00,75.46,75.72,75.68,75.55,961.85762685
2022-12-14 19:07:00,75.62,75.91,75.84,75.66,445.86336797
2022-12-14 19:06:00,75.54,75.91,75.65,75.91,435.9527348
2022-12-14 19:05:00,75.56,76.1,75.91,75.65,1346.20672426
2022-12-14 19:04:00,75.36,76.18,75.63,75.93,1160.80756562
2022-12-14 19:03:00,74.34,75.7,74.34,75.6,3346.86878222
2022-12-14 19:02:00,74.18,75.93,75.93,74.31,5104.49914914
2022-12-14 19:01:00,75.86,76.35,76.35,75.93,1811.89144856
2022-12-14 19:00:00,76.18,77.0,76.52,76.24,3420.72130539
2022-12-14 18:59:00,76.42,76.91,76.55,76.63,3500.14258487
2022-12-14 18:58:00,76.55,77.52,77.52,76.55,2328.39614223
2022-12-14 18:57:00,77.42,77.56,77.42,77.49,636.09781223
2022-12-14 18:56:00,77.29,77.41,77.29,77.4,456.30181913
2022-12-14 18:55:00,77.18,77.29,77.22,77.28,107.22419193
2022-12-14 18:54:00,77.16,77.21,77.21,77.2,42.43716855
2022-12-14 18:53:00,77.18,77.22,77.19,77.19,29.1606154
2022-12-14 18:52:00,77.15,77.19,77.18,77.18,36.9637765
2022-12-14 18:51:00,77.14,77.2,77.14,77.19,91.24725008
2022-12-14 18:50:00,77.11,77.17,77.16,77.15,660.94208531
2022-12-14 18:49:00,77.15,77.2,77.15,77.18,86.00645312
2022-12-14 18:48:00,77.14,77.2,77.14,77.16,73.22282426
2022-12-14 18:47:00,77.09,77.2,77.09,77.19,152.73677399
2022-12-14 18:46:00,77.07,77.14,77.13,77.11,276.80997841
2022-12-14 18:45:00,77.12,77.18,77.17,77.12,99.76512452
2022-12-14 18:44:00,77.11,77.17,77.12,77.15,51.76867752
2022-12-14 18:43:00,77.09,77.18,77.14,77.12,162.6132685
2022-12-14 18:42:00,77.01,77.14,77.07,77.13,117.22538837
2022-12-14 18:41:00,76.99,77.16,77.12,77.03,1427.01884058
2022-12-14 18:40:00,77.06,77.32,77.23,77.09,633.80518328
2022-12-14 18:39:00,77.1,77.26,77.1,77.24,155.74527124
2022-12-14 18:38:00,77.02,77.11,77.04,77.08,98.77384374
2022-12-14 18:37:00,77.01,77.12,77.12,77.04,126.39524481
2022-12-14 18:36:00,76.93,77.16,76.95,77.13,427.41275846
2022-12-14 18:35:00,76.95,77.13,77.13,76.96,246.68408492
2022-12-14 18:34:00,77.07,77.12,77.09,77.1,47.26485081
2022-12-14 18:33:00,77.01,77.08,77.01,77.07,98.81802228
2022-12-14 18:32:00,76.9,77.1,76.91,77.02,443.87789153
2022-12-14 18:31:00,76.77,76.91,76.77,76.86,240.12275849
2022-12-14 18:30:00,76.75,76.82,76.78,76.8,1112.94690232
2022-12-14 18:29:00,76.78,76.85,76.8,76.79,91.3356472
2022-12-14 18:28:00,76.72,76.81,76.72,76.79,272.08409992
2022-12-14 18:27:00,76.64,76.71,76.64,76.71,241.06726535
2022-12-14 18:26:00,76.55,76.67,76.55,76.64,462.5638894
2022-12-14 18:25:00,76.55,76.6,76.57,76.55,1475.98352311
2022-12-14 18:24:00,76.55,76.62,76.58,76.56,124.38928809
2022-12-14 18:23:00,76.46,76.62,76.46,76.55,88.46390003
2022-12-14 18:22:00,76.33,76.5,76.33,76.43,1043.9832004
2022-12-14 18:21:00,76.2,76.41,76.37,76.3,367.76394209
2022-12-14 18:20:00,76.3,76.54,76.5,76.34,526.84954834
2022-12-14 18:19:00,76.5,76.6,76.53,76.52,285.65295882
2022-12-14 18:18:00,76.49,76.58,76.49,76.51,343.26301078
2022-12-14 18:17:00,76.48,76.61,76.52,76.51,816.92119294
2022-12-14 18:16:00,76.47,76.61,76.56,76.53,227.10879105
2022-12-14 18:15:00,76.54,76.7,76.67,76.56,150.41989896
2022-12-14 18:14:00,76.66,76.79,76.66,76.71,231.64156193
2022-12-14 18:13:00,76.55,76.78,76.76,76.64,566.18359587
2022-12-14 18:12:00,76.69,76.82,76.71,76.75,34.0608871
2022-12-14 18:11:00,76.69,76.76,76.76,76.74,84.1028553
2022-12-14 18:10:00,76.61,76.82,76.61,76.77,285.88165707
2022-12-14 18:09:00,76.61,76.72,76.63,76.62,138.79751471
2022-12-14 18:08:00,76.57,76.68,76.67,76.65,115.04337059
2022-12-14 18:07:00,76.61,76.67,76.61,76.67,51.16587573
2022-12-14 18:06:00,76.52,76.58,76.58,76.53,16.87391474
2022-12-14 18:05:00,76.6,76.68,76.68,76.64,321.45292676
2022-12-14 18:04:00,76.47,76.68,76.53,76.67,402.56683347
2022-12-14 18:03:00,76.46,76.62,76.46,76.54,487.69079286
2022-12-14 18:02:00,76.44,76.85,76.84,76.45,971.00307278
2022-12-14 18:01:00,76.77,76.85,76.83,76.85,104.16019755
2022-12-14 18:00:00,76.84,76.92,76.91,76.84,331.64734822
2022-12-14 17:59:00,76.92,77.08,77.05,76.93,757.51565164
2022-12-14 17:58:00,77.01,77.06,77.04,77.06,137.94146019
2022-12-14 17:57:00,77.02,77.06,77.02,77.05,167.34485279
2022-12-14 17:56:00,76.99,77.07,77.07,76.99,100.10659647
2022-12-14 17:55:00,77.1,77.13,77.1,77.1,132.5695846
2022-12-14 17:54:00,77.05,77.09,77.05,77.09,158.52468638
2022-12-14 17:53:00,77.03,77.09,77.05,77.05,298.08702347
2022-12-14 17:52:00,77.03,77.12,77.04,77.06,316.63584681
2022-12-14 17:51:00,77.03,77.22,77.18,77.03,1824.50710453
2022-12-14 17:50:00,77.17,77.2,77.19,77.17,516.41818588
2022-12-14 17:49:00,77.17,77.2,77.17,77.18,567.22844725
2022-12-14 17:48:00,77.12,77.16,77.14,77.16,17.52997702
2022-12-14 17:47:00,77.07,77.16,77.07,77.14,67.93785525
2022-12-14 17:46:00,77.0,77.18,77.17,77.07,1040.96318846
2022-12-14 17:45:00,77.14,77.21,77.17,77.18,71.94626972
2022-12-14 17:44:00,77.17,77.22,77.21,77.19,176.15889889
2022-12-14 17:43:00,77.15,77.22,77.19,77.2,218.10819869
2022-12-14 17:42:00,77.11,77.19,77.13,77.19,171.52735667
2022-12-14 17:41:00,77.05,77.16,77.06,77.12,134.94682017
2022-12-14 17:40:00,77.02,77.1,77.05,77.05,199.06797652
2022-12-14 17:39:00,76.97,77.09,76.97,77.05,283.73139724
2022-12-14 17:38:00,76.76,76.96,76.76,76.95,134.04150134
2022-12-14 17:37:00,76.75,76.96,76.92,76.75,2119.15364223
2022-12-14 17:36:00,76.91,77.04,77.02,76.96,3733.99540911
2022-12-14 17:35:00,77.02,77.05,77.03,77.03,531.35916445
2022-12-14 17:34:00,77.02,77.09,77.04,77.03,586.92232312
2022-12-14 17:33:00,77.03,77.2,77.17,77.04,262.28189511
2022-12-14 17:32:00,77.12,77.2,77.19,77.17,21.99696466
2022-12-14 17:31:00,77.14,77.2,77.17,77.14,78.2261101
2022-12-14 17:30:00,77.05,77.14,77.05,77.11,193.37228573
2022-12-14 17:29:00,77.0,77.16,77.07,77.04,912.08761171
2022-12-14 17:28:00,77.0,77.08,77.06,77.06,561.6210558
2022-12-14 17:27:00,77.02,77.21,77.21,77.05,1160.45201486
2022-12-14 17:26:00,77.21,77.36,77.36,77.22,1159.51666479
2022-12-14 17:25:00,77.39,77.49,77.48,77.39,307.7567411
2022-12-14 17:24:00,77.46,77.5,77.46,77.49,38.83738344
2022-12-14 17:23:00,77.46,77.49,77.47,77.46,29.07427856
2022-12-14 17:22:00,77.39,77.48,77.4,77.47,44.49351492
2022-12-14 17:21:00,77.39,77.43,77.43,77.41,12.36051599
2022-12-14 17:20:00,77.34,77.44,77.39,77.42,757.10809102
2022-12-14 17:19:00,77.38,77.48,77.48,77.42,477.75791393
2022-12-14 17:18:00,77.47,77.5,77.48,77.47,20.83940626
2022-12-14 17:17:00,77.47,77.5,77.47,77.5,48.95103059
2022-12-14 17:16:00,77.42,77.48,77.42,77.47,316.95927271
2022-12-14 17:15:00,77.42,77.49,77.47,77.42,313.38922546
2022-12-14 17:14:00,77.43,77.48,77.43,77.48,32.51335382
2022-12-14 17:13:00,77.42,77.47,77.42,77.45,139.81439449
2022-12-14 17:12:00,77.42,77.46,77.46,77.45,224.55609793
2022-12-14 17:11:00,77.47,77.51,77.51,77.47,29.52089296
2022-12-14 17:10:00,77.48,77.53,77.5,77.52,18.83654452
2022-12-14 17:09:00,77.48,77.53,77.53,77.5,122.26811522
2022-12-14 17:08:00,77.49,77.53,77.51,77.53,25.65781029
2022-12-14 17:07:00,77.46,77.54,77.5,77.52,69.19901718
2022-12-14 17:06:00,77.5,77.57,77.53,77.5,86.53996203
2022-12-14 17:05:00,77.48,77.67,77.67,77.53,421.65424605
2022-12-14 17:04:00,77.61,77.67,77.61,77.67,25.60256295
2022-12-14 17:03:00,77.59,77.66,77.59,77.62,47.91085235
2022-12-14 17:02:00,77.51,77.61,77.51,77.61,182.85564554
2022-12-14 17:01:00,77.48,77.68,77.64,77.52,807.48840102
2022-12-14 17:00:00,77.62,77.7,77.7,77.66,27.82812754
2022-12-14 16:59:00,77.59,77.7,77.59,77.7,50.573302
2022-12-14 16:58:00,77.54,77.61,77.55,77.6,170.78019977
2022-12-14 16:57:00,77.5,77.55,77.53,77.55,36.05426226
2022-12-14 16:56:00,77.48,77.53,77.49,77.53,197.45724906
2022-12-14 16:55:00,77.42,77.52,77.46,77.49,252.9646926
2022-12-14 16:54:00,77.41,77.47,77.42,77.43,83.57952786
2022-12-14 16:53:00,77.38,77.42,77.42,77.42,94.07569219
2022-12-14 16:52:00,77.37,77.43,77.43,77.41,263.12316571
2022-12-14 16:51:00,77.4,77.46,77.4,77.43,100.92516451
2022-12-14 16:50:00,77.36,77.42,77.42,77.4,95.10815496
2022-12-14 16:49:00,77.37,77.45,77.39,77.42,352.92504134
2022-12-14 16:48:00,77.2,77.41,77.26,77.4,679.83087239
2022-12-14 16:47:00,77.2,77.39,77.38,77.24,702.3049486
2022-12-14 16:46:00,77.33,77.47,77.47,77.35,190.86463819
2022-12-14 16:45:00,77.44,77.58,77.49,77.47,509.02891855
2022-12-14 16:44:00,77.47,77.61,77.56,77.5,242.42604565
2022-12-14 16:43:00,77.43,77.57,77.46,77.56,281.34682691
2022-12-14 16:42:00,77.45,77.57,77.5,77.47,3760.34267311
2022-12-14 16:41:00,77.48,77.56,77.5,77.49,1051.56042251
2022-12-14 16:40:00,77.45,77.53,77.45,77.53,103.48677158
2022-12-14 16:39:00,77.37,77.46,77.37,77.46,96.00009885
2022-12-14 16:38:00,77.29,77.39,77.35,77.39,517.1114419
2022-12-14 16:37:00,77.21,77.38,77.21,77.38,74.26189662
2022-12-14 16:36:00,77.11,77.23,77.2,77.21,262.22419759
2022-12-14 16:35:00,77.03,77.34,77.3,77.23,684.15292344
2022-12-14 16:34:00,77.09,77.56,77.5,77.33,1734.23963579
2022-12-14 16:33:00,77.48,77.59,77.54,77.48,250.91098517
2022-12-14 16:32:00,77.51,77.65,77.6,77.51,314.37654889
2022-12-14 16:31:00,77.51,77.68,77.53,77.59,548.94125589
2022-12-14 16:30:00,77.53,77.7,77.62,77.54,922.01345406
2022-12-14 16:29:00,77.51,77.96,77.96,77.61,2150.71139211
2022-12-14 16:28:00,77.93,77.98,77.96,77.95,75.73080195
2022-12-14 16:27:00,77.93,77.98,77.95,77.96,15.07995897
2022-12-14 16:26:00,77.95,78.16,78.16,77.98,569.07207176
2022-12-14 16:25:00,78.07,78.16,78.09,78.15,163.8337028
2022-12-14 16:24:00,78.06,78.13,78.07,78.1,354.74838921
2022-12-14 16:23:00,77.98,78.07,78.0,78.07,315.18077998
2022-12-14 16:22:00,77.96,78.12,78.06,78.0,491.2549618
2022-12-14 16:21:00,77.98,78.07,77.99,78.04,64.86088996
2022-12-14 16:20:00,77.97,78.08,78.02,78.0,152.90293536
2022-12-14 16:19:00,78.02,78.1,78.09,78.03,268.05952535
2022-12-14 16:18:00,78.03,78.14,78.08,78.09,283.1386318
2022-12-14 16:17:00,78.02,78.11,78.08,78.1,187.00160766
2022-12-14 16:16:00,77.99,78.1,77.99,78.1,69.82384586
2022-12-14 16:15:00,77.99,78.11,78.1,78.0,72.84747053
2022-12-14 16:14:00,77.99,78.08,78.02,78.08,135.13933609
2022-12-14 16:13:00,78.0,78.07,78.02,78.02,85.26908719
2022-12-14 16:12:00,77.9,78.02,78.02,78.02,871.7460465
2022-12-14 16:11:00,77.9,78.07,77.93,78.02,413.78086307
2022-12-14 16:10:00,77.86,77.96,77.9,77.91,54.64591009
2022-12-14 16:09:00,77.91,78.11,78.11,77.91,243.83924843
2022-12-14 16:08:00,78.04,78.22,78.05,78.15,258.30500229
2022-12-14 16:07:00,78.02,78.2,78.17,78.06,746.60834661
2022-12-14 16:06:00,78.0,78.19,78.0,78.15,596.62756146
2022-12-14 16:05:00,78.01,78.15,78.01,78.02,1015.85980325
2022-12-14 16:04:00,77.98,78.19,77.99,77.98,383.36879242
2022-12-14 16:03:00,77.99,78.22,78.21,78.01,1153.80023927
2022-12-14 16:02:00,78.2,78.38,78.36,78.2,649.65709849
2022-12-14 16:01:00,78.34,78.49,78.47,78.37,671.92356016
2022-12-14 16:00:00,78.39,78.55,78.39,78.45,1329.32992482
2022-12-14 15:59:00,78.39,78.49,78.43,78.39,589.599323
2022-12-14 15:58:00,78.38,78.56,78.55,78.43,492.72746051
2022-12-14 15:57:00,78.53,78.77,78.76,78.53,1763.81183237
2022-12-14 15:56:00,78.75,78.89,78.87,78.77,1173.5769168
2022-12-14 15:55:00,78.87,78.9,78.9,78.87,72.04618461
2022-12-14 15:54:00,78.87,78.93,78.9,78.89,55.29234499
2022-12-14 15:53:00,78.88,78.92,78.92,78.89,137.03812393
2022-12-14 15:52:00,78.92,78.94,78.94,78.93,183.32941951
2022-12-14 15:51:00,78.91,78.96,78.96,78.92,87.34157564
2022-12-14 15:50:00,78.93,78.96,78.93,78.96,40.75066729
2022-12-14 15:49:00,78.89,78.96,78.91,78.96,294.59832942
2022-12-14 15:48:00,78.9,78.97,78.97,78.91,193.60512133
2022-12-14 15:47:00,78.97,78.99,78.99,78.97,274.9997135
2022-12-14 15:46:00,78.97,78.99,78.99,78.97,89.19098098
2022-12-14 15:45:00,78.97,78.99,78.97,78.97,160.71746443
2022-12-14 15:44:00,78.97,78.99,78.99,78.97,20.80141785
2022-12-14 15:43:00,78.98,79.02,79.0,78.99,71.12993082
2022-12-14 15:42:00,78.96,79.0,78.98,78.99,3.75054277
2022-12-14 15:41:00,78.97,79.01,78.99,79.0,17.18660973
2022-12-14 15:40:00,78.93,79.0,78.93,79.0,33.75612162
2022-12-14 15:39:00,78.85,78.96,78.87,78.96,22.83202587
2022-12-14 15:38:00,78.84,78.89,78.88,78.87,124.34424152
2022-12-14 15:37:00,78.88,78.94,78.88,78.89,107.61189018
2022-12-14 15:36:00,78.86,78.9,78.9,78.86,6.67914071
2022-12-14 15:35:00,78.94,79.02,79.01,78.94,396.51759581
2022-12-14 15:34:00,78.92,79.02,78.92,79.01,148.77374748
2022-12-14 15:33:00,78.85,78.92,78.85,78.92,91.82939426
2022-12-14 15:32:00,78.77,78.86,78.83,78.84,93.97809168
2022-12-14 15:31:00,78.81,78.84,78.84,78.82,46.55173011
2022-12-14 15:30:00,78.81,78.89,78.87,78.84,36.49248006
2022-12-14 15:29:00,78.85,78.92,78.85,78.89,26.67703519
2022-12-14 15:28:00,78.83,78.92,78.92,78.85,877.39297041
2022-12-14 15:27:00,78.87,78.96,78.93,78.87,44.32053613
2022-12-14 15:26:00,78.84,78.97,78.96,78.92,197.32601858
2022-12-14 15:25:00,78.98,79.09,78.99,78.98,267.29583921
2022-12-14 15:24:00,78.96,79.0,78.97,78.98,24.24439328
2022-12-14 15:23:00,78.93,78.99,78.98,78.97,76.99294921
2022-12-14 15:22:00,78.93,78.98,78.94,78.98,11.6635089
2022-12-14 15:21:00,78.89,78.94,78.89,78.94,77.00938726
2022-12-14 15:20:00,78.87,78.93,78.87,78.9,72.14250211
2022-12-14 15:19:00,78.78,78.87,78.8,78.87,203.44212494
2022-12-14 15:18:00,78.75,78.81,78.79,78.78,11.03774627
2022-12-14 15:17:00,78.74,78.8,78.78,78.79,142.91806584
2022-12-14 15:16:00,78.69,78.77,78.73,78.77,121.82507315
2022-12-14 15:15:00,78.71,78.75,78.72,78.73,34.44175789
2022-12-14 15:14:00,78.72,78.82,78.81,78.74,48.02000349
2022-12-14 15:13:00,78.8,78.88,78.88,78.8,89.69267103
2022-12-14 15:12:00,78.79,78.88,78.86,78.88,386.79053571
2022-12-14 15:11:00,78.77,78.9,78.9,78.84,1871.79239962
2022-12-14 15:10:00,78.87,78.92,78.88,78.87,93.83679264
2022-12-14 15:09:00,78.88,78.91,78.88,78.89,89.97603923
2022-12-14 15:08:00,78.77,78.87,78.77,78.87,121.4230622
2022-12-14 15:07:00,78.72,78.78,78.73,78.76,61.71627148
2022-12-14 15:06:00,78.71,78.77,78.76,78.71,36.73778085
2022-12-14 15:05:00,78.7,78.72,78.7,78.72,57.3964501
2022-12-14 15:04:00,78.67,78.72,78.67,78.69,43.72416739
2022-12-14 15:03:00,78.65,78.7,78.7,78.68,189.27826819
2022-12-14 15:02:00,78.67,78.72,78.7,78.72,39.95978309
2022-12-14 15:01:00,78.67,78.77,78.77,78.73,249.48960067
2022-12-14 15:00:00,78.8,78.9,78.86,78.85,525.15296739
2022-12-14 14:59:00,78.85,78.91,78.9,78.87,28.54002083
2022-12-14 14:58:00,78.83,78.91,78.84,78.89,33.81789307
2022-12-14 14:57:00,78.84,78.91,78.89,78.85,82.31376097
2022-12-14 14:56:00,78.82,78.9,78.82,78.9,178.62723576
2022-12-14 14:55:00,78.75,78.81,78.78,78.79,162.54630812
2022-12-14 14:54:00,78.78,78.87,78.81,78.78,99.86101929
2022-12-14 14:53:00,78.76,78.81,78.76,78.81,14.41241823
2022-12-14 14:52:00,78.74,78.82,78.74,78.8,13.7733269
2022-12-14 14:51:00,78.72,78.78,78.75,78.72,22.03511292
2022-12-14 14:50:00,78.67,78.77,78.67,78.77,63.51036389
2022-12-14 14:49:00,78.6,78.67,78.6,78.67,30.08671665
2022-12-14 14:48:00,78.62,78.8,78.8,78.65,101.08254762
2022-12-14 14:47:00,78.77,78.92,78.84,78.8,314.79136241
2022-12-14 14:46:00,78.68,78.85,78.76,78.84,438.83165124
2022-12-14 14:45:00,78.77,78.88,78.77,78.83,235.35533745
2022-12-14 14:44:00,78.74,78.81,78.75,78.8,60.89872429
2022-12-14 14:43:00,78.75,78.83,78.78,78.77,58.39247683
2022-12-14 14:42:00,78.79,78.9,78.9,78.8,68.07210031
2022-12-14 14:41:00,78.84,78.9,78.87,78.9,235.65172964
2022-12-14 14:40:00,78.84,79.01,78.93,78.86,528.49457886
2022-12-14 14:39:00,78.78,78.94,78.8,78.93,647.79748331
2022-12-14 14:38:00,78.8,78.89,78.89,78.84,170.62507209
2022-12-14 14:37:00,78.74,78.91,78.76,78.87,671.22834468
2022-12-14 14:36:00,78.67,78.79,78.7,78.79,87.64287438
2022-12-14 14:35:00,78.65,78.7,78.68,78.69,113.64867191
2022-12-14 14:34:00,78.59,78.71,78.59,78.65,157.3674673
2022-12-15 00:34:00,75.12,75.15,75.13,75.12,18.45278903
2022-12-15 00:33:00,75.16,75.22,75.18,75.17,25.86092075
2022-12-15 00:32:00,75.15,75.26,75.22,75.18,79.88341908
2022-12-15 00:31:00,75.18,75.29,75.29,75.24,80.45627046
2022-12-15 00:30:00,75.29,75.36,75.31,75.31,410.43491019
2022-12-15 00:29:00,75.14,75.33,75.25,75.31,385.22630107
2022-12-15 00:28:00,75.24,75.31,75.3,75.25,136.75599104
2022-12-15 00:27:00,75.16,75.32,75.19,75.26,946.44953443
2022-12-15 00:26:00,75.17,75.28,75.28,75.18,518.98384734
2022-12-15 00:25:00,75.26,75.34,75.31,75.3,15.68850035
2022-12-15 00:24:00,75.28,75.38,75.38,75.32,64.81063994
2022-12-15 00:23:00,75.31,75.38,75.37,75.37,189.30780243
2022-12-15 00:22:00,75.35,75.38,75.37,75.37,19.15294001
2022-12-15 00:21:00,75.35,75.41,75.4,75.35,111.72602413
2022-12-15 00:20:00,75.38,75.42,75.4,75.39,15.96099596
2022-12-15 00:19:00,75.38,75.42,75.38,75.4,67.00627306
2022-12-15 00:18:00,75.31,75.47,75.44,75.32,571.07613028
2022-12-15 00:17:00,75.43,75.51,75.49,75.43,292.77745567
2022-12-15 00:16:00,75.42,75.49,75.48,75.49,142.83496987
2022-12-15 00:15:00,75.42,75.47,75.47,75.45,90.83452586
2022-12-15 00:14:00,75.42,75.48,75.44,75.45,160.9215642
2022-12-15 00:13:00,75.31,75.43,75.31,75.42,155.41337332
2022-12-15 00:12:00,75.3,75.42,75.41,75.34,938.82215574
2022-12-15 00:11:00,75.3,75.39,75.31,75.39,274.34253796
2022-12-15 00:10:00,75.16,75.3,75.3,75.3,666.74154451
2022-12-15 00:09:00,75.26,75.32,75.27,75.3,116.24855073
2022-12-15 00:08:00,75.19,75.27,75.19,75.27,68.82718441
2022-12-15 00:07:00,75.08,75.28,75.27,75.18,658.43757387
2022-12-15 00:06:00,75.26,75.4,75.4,75.29,326.50134489
2022-12-15 00:05:00,75.33,75.41,75.35,75.39,458.94169873
2022-12-15 00:04:00,75.28,75.43,75.43,75.36,972.67229523
2022-12-15 00:03:00,75.31,75.41,75.31,75.4,623.08773059
2022-12-15 00:02:00,75.3,75.44,75.42,75.31,453.8323845
2022-12-15 00:01:00,75.39,75.44,75.39,75.43,70.2068291
2022-12-15 00:00:00,75.32,75.41,75.34,75.41,267.17815371
2022-12-14 23:59:00,75.3,75.42,75.38,75.37,248.02442242
2022-12-14 23:58:00,75.27,75.46,75.46,75.4,1227.55055056
2022-12-14 23:57:00,75.43,75.5,75.5,75.46,107.96450913
2022-12-14 23:56:00,75.42,75.51,75.46,75.5,199.52952389
2022-12-14 23:55:00,75.42,75.47,75.47,75.45,237.42265792
2022-12-14 23:54:00,75.42,75.48,75.45,75.48,85.76182615
2022-12-14 23:53:00,75.38,75.46,75.45,75.41,862.76016137
2022-12-14 23:52:00,75.4,75.49,75.43,75.47,355.4891377
2022-12-14 23:51:00,75.42,75.53,75.53,75.42,143.3124812
2022-12-14 23:50:00,75.51,75.55,75.52,75.52,28.81569674
2022-12-14 23:49:00,75.48,75.53,75.53,75.53,30.09892195
2022-12-14 23:48:00,75.51,75.56,75.56,75.52,45.92186434
2022-12-14 23:47:00,75.47,75.55,75.47,75.52,179.81446494
2022-12-14 23:46:00,75.45,75.49,75.45,75.47,17.92807702
2022-12-14 23:45:00,75.43,75.48,75.43,75.47,16.40918073
2022-12-14 23:44:00,75.37,75.45,75.37,75.43,90.99954568
2022-12-14 23:43:00,75.39,75.44,75.4,75.39,18.15665752
2022-12-14 23:42:00,75.38,75.48,75.45,75.41,206.4355506
2022-12-14 23:41:00,75.44,75.47,75.45,75.46,37.20026812
2022-12-14 23:40:00,75.43,75.49,75.48,75.45,427.22840579
2022-12-14 23:39:00,75.45,75.67,75.66,75.48,652.01928401
2022-12-14 23:38:00,75.49,75.63,75.63,75.63,1034.1456489
2022-12-14 23:37:00,75.45,75.6,75.49,75.6,470.08883599
2022-12-14 23:36:00,75.41,75.49,75.43,75.47,259.84180775
2022-12-14 23:35:00,75.42,75.56,75.49,75.43,327.63512832
2022-12-14 23:34:00,75.46,75.53,75.49,75.49,18.65779187
2022-12-14 23:33:00,75.33,75.53,75.4,75.5,607.39299018
2022-12-14 23:32:00,75.39,75.49,75.47,75.4,312.65044183
2022-12-14 23:31:00,75.47,75.58,75.56,75.5,478.19192381
2022-12-14 23:30:00,75.47,75.58,75.56,75.55,797.70920367
2022-12-14 23:29:00,75.52,75.57,75.56,75.53,61.09132052
2022-12-14 23:28:00,75.53,75.61,75.53,75.54,682.83017613
2022-12-14 23:27:00,75.52,75.54,75.52,75.53,11.07418439
2022-12-14 23:26:00,75.38,75.54,75.49,75.53,702.01181042
2022-12-14 23:25:00,75.46,75.53,75.47,75.53,154.25311522
2022-12-14 23:24:00,75.48,75.53,75.52,75.5,265.06124891
2022-12-14 23:23:00,75.47,75.52,75.48,75.52,86.53829953
2022-12-14 23:22:00,75.49,75.53,75.51,75.49,10.19413859
2022-12-14 23:21:00,75.47,75.51,75.49,75.51,80.68470699
2022-12-14 23:20:00,75.47,75.5,75.48,75.48,13.01266739
2022-12-14 23:19:00,75.48,75.54,75.54,75.5,206.45977946
2022-12-14 23:18:00,75.5,75.54,75.5,75.54,266.23309835
2022-12-14 23:17:00,75.49,75.52,75.52,75.5,18.96621109
2022-12-14 23:16:00,75.47,75.52,75.51,75.52,69.40022633
2022-12-14 23:15:00,75.42,75.51,75.44,75.51,51.33089023
2022-12-14 23:14:00,75.44,75.51,75.5,75.45,127.29305332
2022-12-14 23:13:00,75.45,75.52,75.48,75.5,342.18470204
2022-12-14 23:12:00,75.42,75.52,75.43,75.48,847.78800109
2022-12-14 23:11:00,75.42,75.47,75.42,75.43,112.39720967
2022-12-14 23:10:00,75.36,75.44,75.44,75.39,868.40636513
2022-12-14 23:09:00,75.42,75.5,75.45,75.45,43.53985193
2022-12-14 23:08:00,75.35,75.47,75.35,75.43,466.36128043
2022-12-14 23:07:00,75.35,75.44,75.39,75.4,584.85029141
2022-12-14 23:06:00,75.17,75.44,75.17,75.39,1925.73465882
2022-12-14 23:05:00,75.05,75.18,75.17,75.18,250.4938333
2022-12-14 23:04:00,75.17,75.24,75.24,75.18,44.28153102
2022-12-14 23:03:00,75.21,75.29,75.28,75.23,78.34770338
2022-12-14 23:02:00,75.22,75.31,75.22,75.26,108.69228176
2022-12-14 23:01:00,75.16,75.3,75.3,75.21,189.1744151
2022-12-14 23:00:00,75.28,75.36,75.34,75.29,175.25245006
2022-12-14 22:59:00,75.36,75.42,75.42,75.37,47.22337671
2022-12-14 22:58:00,75.4,75.44,75.4,75.42,17.68265004
2022-12-14 22:57:00,75.39,75.43,75.41,75.39,209.66244139
2022-12-14 22:56:00,75.41,75.48,75.48,75.41,5.50430117
2022-12-14 22:55:00,75.44,75.52,75.5,75.44,133.20398216
2022-12-14 22:54:00,75.46,75.53,75.47,75.53,7.156547
2022-12-14 22:53:00,75.49,75.51,75.49,75.5,31.5380024
2022-12-14 22:52:00,75.45,75.5,75.49,75.45,141.71783181
2022-12-14 22:51:00,75.47,75.49,75.48,75.49,6.98284822
2022-12-14 22:50:00,75.45,75.5,75.48,75.47,67.97649179
2022-12-14 22:49:00,75.46,75.5,75.5,75.47,19.07669749
2022-12-14 22:48:00,75.48,75.51,75.51,75.5,34.88232764
2022-12-14 22:47:00,75.44,75.48,75.48,75.48,23.84211895
2022-12-14 22:46:00,75.36,75.51,75.36,75.46,174.46733915
2022-12-14 22:45:00,75.35,75.41,75.38,75.41,44.37461974
2022-12-14 22:44:00,75.35,75.48,75.46,75.38,232.48410272
2022-12-14 22:43:00,75.42,75.47,75.47,75.46,16.42716381
2022-12-14 22:42:00,75.47,75.48,75.48,75.47,46.76210613
2022-12-14 22:41:00,75.47,75.51,75.47,75.51,55.80502781
2022-12-14 22:40:00,75.47,75.52,75.52,75.51,59.93562201
2022-12-14 22:39:00,75.5,75.54,75.53,75.54,29.04754947
2022-12-14 22:38:00,75.41,75.54,75.42,75.54,219.41951888
2022-12-14 22:37:00,75.39,75.44,75.4,75.41,365.32357853
2022-12-14 22:36:00,75.39,75.42,75.4,75.4,6.81462496
2022-12-14 22:35:00,75.38,75.43,75.39,75.41,101.51339033
2022-12-14 22:34:00,75.39,75.47,75.43,75.42,172.59002853
2022-12-14 22:33:00,75.39,75.43,75.42,75.43,43.40547519
2022-12-14 22:32:00,75.4,75.47,75.45,75.41,78.99096306
2022-12-14 22:31:00,75.38,75.45,75.42,75.45,24.8471798
2022-12-14 22:30:00,75.39,75.46,75.45,75.39,141.42542386
2022-12-14 22:29:00,75.39,75.42,75.41,75.42,29.42234176
2022-12-14 22:28:00,75.4,75.42,75.42,75.4,31.54470066
2022-12-14 22:27:00,75.4,75.43,75.42,75.43,13.28274116
2022-12-14 22:26:00,75.36,75.46,75.37,75.42,49.03218229
2022-12-14 22:25:00,75.37,75.44,75.42,75.41,470.83366303
2022-12-14 22:24:00,75.4,75.45,75.41,75.45,55.34209348
2022-12-14 22:23:00,75.41,75.53,75.5,75.41,254.48752958
2022-12-14 22:22:00,75.41,75.49,75.41,75.49,16.76476824
2022-12-14 22:21:00,75.38,75.41,75.41,75.41,27.90368329
2022-12-14 22:20:00,75.34,75.41,75.34,75.41,112.50700419
2022-12-14 22:19:00,75.31,75.34,75.32,75.34,41.80272391
2022-12-14 22:18:00,75.3,75.39,75.38,75.33,337.79974027
2022-12-14 22:17:00,75.36,75.4,75.37,75.4,22.89566244
2022-12-14 22:16:00,75.33,75.4,75.33,75.38,77.65580086
2022-12-14 22:15:00,75.31,75.35,75.32,75.33,23.71945195
2022-12-14 22:14:00,75.29,75.32,75.31,75.29,121.42499383
2022-12-14 22:13:00,75.27,75.34,75.34,75.3,194.02436924
2022-12-14 22:12:00,75.32,75.37,75.36,75.34,60.31219013
2022-12-14 22:11:00,75.32,75.38,75.32,75.36,56.14587805
2022-12-14 22:10:00,75.3,75.35,75.33,75.3,30.59479162
2022-12-14 22:09:00,75.33,75.4,75.4,75.35,107.22615418
2022-12-14 22:08:00,75.31,75.38,75.35,75.38,266.54651548
2022-12-14 22:07:00,75.33,75.4,75.4,75.36,75.83213819
2022-12-14 22:06:00,75.36,75.41,75.38,75.39,45.84155274
2022-12-14 22:05:00,75.39,75.47,75.42,75.41,251.01927778
2022-12-14 22:04:00,75.4,75.43,75.42,75.42,187.07210485
2022-12-14 22:03:00,75.43,75.5,75.47,75.43,70.09693699
2022-12-14 22:02:00,75.46,75.5,75.48,75.49,260.54380183
2022-12-14 22:01:00,75.46,75.53,75.51,75.46,13.57207594
2022-12-14 22:00:00,75.5,75.54,75.52,75.53,45.48384109
2022-12-14 21:59:00,75.48,75.52,75.5,75.49,21.74443163
2022-12-14 21:58:00,75.49,75.55,75.54,75.49,88.28613363
2022-12-14 21:57:00,75.55,75.6,75.58,75.55,14.36198909
2022-12-14 21:56:00,75.6,75.62,75.62,75.6,27.43511898
2022-12-14 21:55:00,75.6,75.65,75.65,75.6,171.14182548
2022-12-14 21:54:00,75.63,75.66,75.65,75.65,41.56063166
2022-12-14 21:53:00,75.61,75.66,75.65,75.65,58.25622784
2022-12-14 21:52:00,75.63,75.67,75.64,75.64,52.53254943
2022-12-14 21:51:00,75.6,75.66,75.66,75.65,313.03062309
2022-12-14 21:50:00,75.63,75.67,75.63,75.66,11.84502261
2022-12-14 21:49:00,75.62,75.66,75.63,75.66,30.96243683
2022-12-14 21:48:00,75.55,75.65,75.58,75.64,417.01569118
2022-12-14 21:47:00,75.55,75.66,75.66,75.58,63.15347784
2022-12-14 21:46:00,75.64,75.71,75.69,75.64,20.43764133
2022-12-14 21:45:00,75.69,75.73,75.73,75.71,181.57568331
2022-12-14 21:44:00,75.73,75.77,75.76,75.73,27.76129045
2022-12-14 21:43:00,75.74,75.77,75.74,75.76,71.75262282
2022-12-14 21:42:00,75.73,75.81,75.8,75.77,111.18273195
2022-12-14 21:41:00,75.76,75.8,75.76,75.78,21.21440018
2022-12-14 21:40:00,75.76,75.79,75.76,75.76,8.07438287
2022-12-14 21:39:00,75.75,75.79,75.77,75.78,8.84469618
2022-12-14 21:38:00,75.77,75.82,75.82,75.8,42.85429036
2022-12-14 21:37:00,75.8,75.83,75.81,75.83,4.83938195
2022-12-14 21:36:00,75.8,75.86,75.86,75.84,12.9210344
2022-12-14 21:35:00,75.85,75.9,75.88,75.86,26.22969454
2022-12-14 21:34:00,75.81,75.9,75.81,75.87,63.52547424
2022-12-14 21:33:00,75.81,75.85,75.84,75.84,19.37001549
2022-12-14 21:32:00,75.82,75.86,75.85,75.84,59.35118535
2022-12-14 21:31:00,75.81,75.89,75.89,75.85,36.65575411
2022-12-14 21:30:00,75.88,75.92,75.91,75.88,58.37704161
2022-12-14 21:29:00,75.88,75.93,75.91,75.92,15.687928
2022-12-14 21:28:00,75.89,75.93,75.9,75.93,13.75818083
2022-12-14 21:27:00,75.9,75.95,75.94,75.9,82.92969762
2022-12-14 21:26:00,75.81,75.93,75.84,75.93,241.78006385
2022-12-14 21:25:00,75.8,75.84,75.8,75.84,60.00009495
2022-12-14 21:24:00,75.77,75.82,75.77,75.82,17.45664082
2022-12-14 21:23:00,75.74,75.77,75.74,75.75,9.55362021
2022-12-14 21:22:00,75.72,75.77,75.77,75.74,11.55118031
2022-12-14 21:21:00,75.75,75.77,75.75,75.76,17.08510236
2022-12-14 21:20:00,75.73,75.81,75.81,75.73,22.56257873
2022-12-14 21:19:00,75.77,75.82,75.79,75.81,59.67351292
2022-12-14 21:18:00,75.76,75.79,75.77,75.78,48.21032259
2022-12-14 21:17:00,75.75,75.78,75.75,75.77,35.81692261
2022-12-14 21:16:00,75.73,75.84,75.84,75.78,18.83180578
2022-12-14 21:15:00,75.79,75.87,75.8,75.83,33.50380163
2022-12-14 21:14:00,75.77,75.83,75.82,75.78,46.07726954
2022-12-14 21:13:00,75.79,75.83,75.82,75.81,42.72210909
2022-12-14 21:12:00,75.79,75.85,75.82,75.84,69.65020236
2022-12-14 21:11:00,75.78,75.84,75.84,75.82,68.62446225
2022-12-14 21:10:00,75.81,75.86,75.83,75.85,89.93119757
2022-12-14 21:09:00,75.79,75.87,75.82,75.81,77.26534978
2022-12-14 21:08:00,75.77,75.81,75.8,75.81,33.82603996
2022-12-14 21:07:00,75.75,75.8,75.79,75.76,110.30911426
2022-12-14 21:06:00,75.71,75.78,75.77,75.78,72.38105836
2022-12-14 21:05:00,75.67,75.78,75.67,75.78,323.90457232
2022-12-14 21:04:00,75.62,75.66,75.66,75.65,20.15316752
2022-12-14 21:03:00,75.63,75.68,75.64,75.66,115.32072577
2022-12-14 21:02:00,75.58,75.65,75.61,75.62,150.32470643
2022-12-14 21:01:00,75.56,75.61,75.59,75.61,65.22665867
2022-12-14 21:00:00,75.56,75.61,75.58,75.6,29.55314714
2022-12-14 20:59:00,75.59,75.66,75.64,75.59,14.7794733
2022-12-14 20:58:00,75.58,75.64,75.58,75.64,14.40692741
2022-12-14 20:57:00,75.58,75.63,75.61,75.58,10.55395488
2022-12-14 20:56:00,75.56,75.61,75.57,75.6,82.05440062
2022-12-14 20:55:00,75.58,75.62,75.61,75.59,87.42150668
2022-12-14 20:54:00,75.64,75.72,75.7,75.64,86.66247673
2022-12-14 20:53:00,75.63,75.71,75.64,75.7,75.25814825
2022-12-14 20:52:00,75.62,75.66,75.64,75.63,91.93766563
2022-12-14 20:51:00,75.6,75.73,75.7,75.61,120.08155644
2022-12-14 20:50:00,75.67,75.73,75.68,75.69,49.56972532
2022-12-14 20:49:00,75.6,75.69,75.62,75.69,20.20007141
2022-12-14 20:48:00,75.57,75.64,75.59,75.64,28.76135848
2022-12-14 20:47:00,75.58,75.7,75.67,75.59,251.92888542
2022-12-14 20:46:00,75.55,75.67,75.55,75.67,103.86630772
2022-12-14 20:45:00,75.53,75.59,75.59,75.55,23.11816708
2022-12-14 20:44:00,75.54,75.6,75.6,75.6,137.22090279
2022-12-14 20:43:00,75.53,75.6,75.6,75.59,22.48100239
2022-12-14 20:42:00,75.56,75.61,75.58,75.61,49.87252567
2022-12-14 20:41:00,75.5,75.62,75.51,75.59,78.63636119
2022-12-14 20:40:00,75.45,75.53,75.52,75.52,40.81413047
2022-12-14 20:39:00,75.5,75.62,75.6,75.56,102.56343483
2022-12-14 20:38:00,75.48,75.57,75.53,75.57,104.66369086
2022-12-14 20:37:00,75.57,75.67,75.6,75.59,101.25278414
2022-12-14 20:36:00,75.48,75.6,75.52,75.56,379.35952223
2022-12-14 20:35:00,75.35,75.54,75.51,75.48,1427.7897191
2022-12-14 20:34:00,75.28,75.54,75.48,75.54,847.92592238
2022-12-14 20:33:00,75.51,75.68,75.6,75.51,95.20035336
2022-12-14 20:32:00,75.49,75.61,75.52,75.6,158.57020158
2022-12-14 20:31:00,75.5,75.7,75.65,75.5,399.97970295
2022-12-14 20:30:00,75.59,75.83,75.73,75.65,617.01957705
2022-12-14 20:29:00,75.72,75.84,75.84,75.77,648.44060792
2022-12-14 20:28:00,75.84,75.9,75.86,75.86,225.51101541
2022-12-14 20:27:00,75.87,75.98,75.97,75.87,83.85479177
2022-12-14 20:26:00,75.87,75.96,75.89,75.92,66.64547543
2022-12-14 20:25:00,75.87,76.0,75.99,75.87,96.55707298
2022-12-14 20:24:00,75.92,76.01,75.96,75.99,109.05770721
2022-12-14 20:23:00,75.96,76.07,76.07,75.98,138.75830517
2022-12-14 20:22:00,76.04,76.1,76.04,76.07,33.59611029
2022-12-14 20:21:00,76.06,76.16,76.12,76.08,253.26448787
2022-12-14 20:20:00,76.11,76.23,76.2,76.12,99.38653824
2022-12-14 20:19:00,76.16,76.22,76.19,76.2,61.01427735
2022-12-14 20:18:00,76.0,76.18,76.02,76.18,427.08543656
2022-12-14 20:17:00,76.02,76.13,76.13,76.02,47.28960041
2022-12-14 20:16:00,76.09,76.18,76.17,76.16,37.66174931
2022-12-14 20:15:00,76.11,76.2,76.18,76.18,143.24476517
2022-12-14 20:14:00,76.17,76.26,76.25,76.2,48.57510505
2022-12-14 20:13:00,76.16,76.3,76.25,76.24,279.12159759
2022-12-14 20:12:00,76.09,76.25,76.11,76.24,176.12961995
2022-12-14 20:11:00,76.05,76.19,76.05,76.14,508.11060987
2022-12-14 20:10:00,75.89,76.05,75.97,76.03,398.79408344
2022-12-14 20:09:00,75.9,76.0,75.92,75.92,140.6923402
2022-12-14 20:08:00,75.87,75.94,75.93,75.92,91.71845862
2022-12-14 20:07:00,75.92,76.01,76.01,75.92,250.5099548
2022-12-14 20:06:00,75.95,76.03,75.95,76.03,27.7711381
2022-12-14 20:05:00,75.91,76.11,76.1,75.93,133.65154166
2022-12-14 20:04:00,75.87,76.11,75.87,76.11,163.80040168
2022-12-14 20:03:00,75.66,75.9,75.66,75.87,886.02876951
2022-12-14 20:02:00,75.52,75.64,75.55,75.64,274.34887166
2022-12-14 20:01:00,75.48,75.67,75.67,75.51,248.96906015
2022-12-14 20:00:00,75.61,75.79,75.78,75.69,625.77950749
2022-12-14 19:59:00,75.75,75.82,75.79,75.81,270.28596886
2022-12-14 19:58:00,75.76,75.88,75.87,75.77,714.97514423
2022-12-14 19:57:00,75.86,75.97,75.96,75.87,211.62066185
2022-12-14 19:56:00,75.88,75.95,75.88,75.95,247.88678597
2022-12-14 19:55:00,75.83,75.96,75.86,75.89,1960.84534708
2022-12-14 19:54:00,75.87,75.95,75.92,75.9,42.33724521
2022-12-14 19:53:00,75.84,75.92,75.85,75.92,175.90083435
2022-12-14 19:52:00,75.79,75.88,75.79,75.82,252.70675036
2022-12-14 19:51:00,75.83,75.97,75.97,75.83,87.5215256
2022-12-14 19:50:00,75.96,76.08,75.96,76.01,194.70758395
2022-12-14 19:49:00,75.84,76.05,75.92,76.01,1239.14039269
2022-12-14 19:48:00,75.86,76.04,75.91,75.94,191.43895134
2022-12-14 19:47:00,75.91,76.07,76.05,75.91,470.52984156
2022-12-14 19:46:00,75.95,76.12,76.02,76.06,1463.94695081
2022-12-14 19:45:00,75.99,76.17,76.17,75.99,96.52752734
2022-12-14 19:44:00,76.1,76.34,76.1,76.21,405.87124221
2022-12-14 19:43:00,75.74,76.22,75.75,76.08,946.26869239
2022-12-14 19:42:00,75.62,75.91,75.86,75.68,400.34383628
2022-12-14 19:41:00,75.47,75.94,75.53,75.87,748.73085079
2022-12-14 19:40:00,75.38,75.65,75.41,75.52,669.8299045
2022-12-14 19:39:00,75.2,75.44,75.32,75.4,408.15133288
2022-12-14 19:38:00,75.16,75.39,75.17,75.36,196.62587589
2022-12-14 19:37:00,75.02,75.34,75.24,75.14,1886.75752534
2022-12-14 19:36:00,75.11,75.35,75.3,75.3,319.41782254
2022-12-14 19:35:00,74.81,75.25,74.81,75.24,394.12591319
2022-12-14 19:34:00,74.81,75.45,75.4,74.81,5320.9335187
2022-12-15 05:34:00,75.06,75.07,75.06,75.06,18.62954791
2022-12-15 05:33:00,75.04,75.07,75.07,75.06,6.99460864
2022-12-15 05:32:00,75.08,75.12,75.1,75.08,26.70629897
2022-12-15 05:31:00,75.1,75.13,75.12,75.1,71.08105206
2022-12-15 05:30:00,75.11,75.13,75.11,75.12,9.26095328
2022-12-15 05:29:00,75.09,75.13,75.13,75.13,47.20356574
2022-12-15 05:28:00,75.09,75.13,75.09,75.12,44.33063158
2022-12-15 05:27:00,75.06,75.08,75.07,75.08,36.39545544
2022-12-15 05:26:00,75.07,75.09,75.07,75.09,25.59305153
2022-12-15 05:25:00,75.04,75.08,75.06,75.07,71.15567267
2022-12-15 05:24:00,75.04,75.07,75.07,75.06,47.20868428
2022-12-15 05:23:00,75.05,75.06,75.05,75.05,4.60057213
2022-12-15 05:22:00,75.02,75.06,75.06,75.05,9.39833376
2022-12-15 05:21:00,74.99,75.08,75.01,75.08,28.08714064
2022-12-15 05:20:00,74.99,75.03,75.03,75.0,47.77332933
2022-12-15 05:19:00,75.0,75.09,75.07,75.03,227.64864587
2022-12-15 05:18:00,75.06,75.09,75.09,75.09,37.2364708
2022-12-15 05:17:00,75.02,75.07,75.02,75.04,82.07966038
2022-12-15 05:16:00,75.0,75.04,75.02,75.01,50.58460688
2022-12-15 05:15:00,75.02,75.04,75.02,75.04,7.02070161
2022-12-15 05:14:00,75.0,75.04,75.04,75.01,13.33527448
2022-12-15 05:13:00,75.0,75.05,75.03,75.01,124.41234092
2022-12-15 05:12:00,75.02,75.08,75.08,75.04,23.29387146
2022-12-15 05:11:00,75.03,75.16,75.16,75.07,176.10091746
2022-12-15 05:10:00,75.13,75.16,75.16,75.13,116.63460657
2022-12-15 05:09:00,75.15,75.36,75.3,75.15,274.61461732
2022-12-15 05:08:00,75.14,75.31,75.14,75.3,275.24273879
2022-12-15 05:07:00,75.1,75.15,75.1,75.15,32.4199189
2022-12-15 05:06:00,74.92,75.1,74.99,75.08,402.31612755
2022-12-15 05:05:00,74.99,75.01,75.01,74.99,16.73299777
2022-12-15 05:04:00,74.99,75.03,75.03,74.99,43.14022671
2022-12-15 05:03:00,74.99,75.04,74.99,75.03,193.29292859
2022-12-15 05:02:00,74.86,75.0,74.92,75.0,477.70789851
2022-12-15 05:01:00,74.88,74.97,74.95,74.92,117.02200393
2022-12-15 05:00:00,74.92,75.0,75.0,74.95,77.55189103
2022-12-15 04:59:00,74.95,75.0,74.96,74.99,79.8659
2022-12-15 04:58:00,74.9,74.96,74.92,74.95,92.44555916
2022-12-15 04:57:00,74.9,74.93,74.91,74.93,74.80869285
2022-12-15 04:56:00,74.83,74.92,74.91,74.92,270.0007703
2022-12-15 04:55:00,74.82,74.94,74.82,74.91,240.5893584
2022-12-15 04:54:00,74.82,74.84,74.82,74.84,61.99205012
2022-12-15 04:53:00,74.79,74.86,74.79,74.83,61.50854622
2022-12-15 04:52:00,74.74,74.79,74.76,74.79,31.9245426
2022-12-15 04:51:00,74.69,74.76,74.7,74.75,21.63465822
2022-12-15 04:50:00,74.69,74.7,74.7,74.7,7.27184927
2022-12-15 04:49:00,74.68,74.72,74.72,74.68,30.05022938
2022-12-15 04:48:00,74.62,74.74,74.64,74.74,471.56537534
2022-12-15 04:47:00,74.61,74.64,74.62,74.64,135.94269418
2022-12-15 04:46:00,74.6,74.64,74.64,74.64,71.35043851
2022-12-15 04:45:00,74.62,74.64,74.63,74.62,12.95280891
2022-12-15 04:44:00,74.51,74.64,74.51,74.64,155.4799269
2022-12-15 04:43:00,74.47,74.57,74.57,74.49,476.92759621
2022-12-15 04:42:00,74.57,74.61,74.61,74.58,48.37061588
2022-12-15 04:41:00,74.61,74.63,74.63,74.63,7.6621021
2022-12-15 04:40:00,74.61,74.63,74.62,74.63,25.16789545
2022-12-15 04:39:00,74.6,74.64,74.64,74.62,16.85015004
2022-12-15 04:38:00,74.61,74.63,74.62,74.62,8.94661044
2022-12-15 04:37:00,74.62,74.65,74.65,74.62,8.23509085
2022-12-15 04:36:00,74.63,74.65,74.63,74.65,13.94066034
2022-12-15 04:35:00,74.62,74.67,74.67,74.63,41.34505811
2022-12-15 04:34:00,74.64,74.75,74.74,74.67,455.74504455
2022-12-15 04:33:00,74.73,74.75,74.73,74.74,25.89781363
2022-12-15 04:32:00,74.69,74.73,74.69,74.73,52.91868591
2022-12-15 04:31:00,74.69,74.72,74.69,74.71,134.49131449
2022-12-15 04:30:00,74.68,74.72,74.7,74.72,17.05238119
2022-12-15 04:29:00,74.71,74.76,74.75,74.71,21.92826245
2022-12-15 04:28:00,74.75,74.77,74.75,74.77,6.96466951
2022-12-15 04:27:00,74.73,74.77,74.74,74.75,56.41861773
2022-12-15 04:26:00,74.7,74.74,74.71,74.73,18.44387196
2022-12-15 04:25:00,74.69,74.74,74.72,74.72,113.89201446
2022-12-15 04:24:00,74.68,74.73,74.68,74.73,86.20747225
2022-12-15 04:23:00,74.59,74.68,74.59,74.65,110.12977386
2022-12-15 04:22:00,74.57,74.62,74.58,74.6,70.05592596
2022-12-15 04:21:00,74.56,74.59,74.58,74.59,3.17797679
2022-12-15 04:20:00,74.56,74.62,74.6,74.58,45.33447892
2022-12-15 04:19:00,74.56,74.59,74.58,74.59,26.61651239
2022-12-15 04:18:00,74.6,74.7,74.7,74.6,55.16871543
2022-12-15 04:17:00,74.67,74.71,74.69,74.71,46.04209511
2022-12-15 04:16:00,74.66,74.7,74.69,74.68,16.2058935
2022-12-15 04:15:00,74.62,74.69,74.62,74.68,29.43859499
2022-12-15 04:14:00,74.6,74.65,74.63,74.62,16.8237802
2022-12-15 04:13:00,74.63,74.66,74.66,74.64,12.54042471
2022-12-15 04:12:00,74.64,74.71,74.69,74.66,8.30726148
2022-12-15 04:11:00,74.69,74.72,74.69,74.7,10.18233964
2022-12-15 04:10:00,74.65,74.71,74.69,74.71,161.77196717
2022-12-15 04:09:00,74.68,74.71,74.69,74.7,28.93027842
2022-12-15 04:08:00,74.62,74.69,74.66,74.66,93.44127221
2022-12-15 04:07:00,74.65,74.7,74.7,74.67,67.5286174
2022-12-15 04:06:00,74.71,74.74,74.73,74.72,166.31608783
2022-12-15 04:05:00,74.72,74.76,74.76,74.72,37.68914499
2022-12-15 04:04:00,74.72,74.76,74.72,74.75,50.60946596
2022-12-15 04:03:00,74.7,74.73,74.71,74.72,39.44671867
2022-12-15 04:02:00,74.71,74.76,74.72,74.76,85.63645606
2022-12-15 04:01:00,74.73,74.84,74.83,74.73,191.06147729
2022-12-15 04:00:00,74.8,74.85,74.85,74.83,201.98801884
2022-12-15 03:59:00,74.83,74.87,74.84,74.85,61.40750528
2022-12-15 03:58:00,74.8,74.86,74.8,74.85,48.10300999
2022-12-15 03:57:00,74.77,74.81,74.79,74.81,13.75577448
2022-12-15 03:56:00,74.79,74.86,74.86,74.79,14.85137708
2022-12-15 03:55:00,74.85,74.86,74.86,74.86,17.7998697
2022-12-15 03:54:00,74.84,74.88,74.84,74.87,24.55797026
2022-12-15 03:53:00,74.85,74.91,74.86,74.88,144.48158804
2022-12-15 03:52:00,74.81,74.87,74.82,74.86,7.75650809
2022-12-15 03:51:00,74.83,74.93,74.91,74.83,46.19516879
2022-12-15 03:50:00,74.91,74.94,74.92,74.93,22.45866134
2022-12-15 03:49:00,74.89,74.93,74.89,74.91,83.17926855
2022-12-15 03:48:00,74.89,74.96,74.95,74.89,245.55338101
2022-12-15 03:47:00,74.92,74.97,74.97,74.94,35.4778097
2022-12-15 03:46:00,74.95,75.03,74.95,74.98,272.3188176
2022-12-15 03:45:00,74.93,74.98,74.95,74.98,22.74161222
2022-12-15 03:44:00,74.92,74.96,74.95,74.96,17.30360603
2022-12-15 03:43:00,74.92,74.99,74.92,74.92,137.59489349
2022-12-15 03:42:00,74.92,75.0,74.96,74.92,215.77651542
2022-12-15 03:41:00,74.95,74.99,74.98,74.95,46.97488467
2022-12-15 03:40:00,74.92,74.98,74.93,74.95,90.64919861
2022-12-15 03:39:00,74.89,74.93,74.91,74.92,257.896335
2022-12-15 03:38:00,74.88,74.93,74.9,74.92,25.16551965
2022-12-15 03:37:00,74.85,74.9,74.87,74.9,30.71511304
2022-12-15 03:36:00,74.82,74.88,74.88,74.84,357.24907468
2022-12-15 03:35:00,74.83,74.91,74.9,74.87,23.60098635
2022-12-15 03:34:00,74.85,74.92,74.86,74.92,13.9570875
2022-12-15 03:33:00,74.82,74.85,74.84,74.84,93.24247877
2022-12-15 03:32:00,74.81,74.86,74.84,74.83,83.46348979
2022-12-15 03:31:00,74.84,74.89,74.85,74.84,279.35584516
2022-12-15 03:30:00,74.76,74.84,74.77,74.84,12.4298681
2022-12-15 03:29:00,74.71,74.78,74.71,74.78,12.11903618
2022-12-15 03:28:00,74.68,74.72,74.71,74.72,10.48449285
2022-12-15 03:27:00,74.68,74.72,74.71,74.68,17.05865962
2022-12-15 03:26:00,74.67,74.72,74.7,74.7,64.73196599
2022-12-15 03:25:00,74.71,74.74,74.72,74.71,18.52969974
2022-12-15 03:24:00,74.71,74.75,74.73,74.73,38.35382052
2022-12-15 03:23:00,74.68,74.77,74.74,74.75,139.26883686
2022-12-15 03:22:00,74.73,74.78,74.77,74.73,26.7265131
2022-12-15 03:21:00,74.76,74.77,74.76,74.76,15.31794388
2022-12-15 03:20:00,74.74,74.78,74.76,74.76,20.38185667
2022-12-15 03:19:00,74.75,74.82,74.81,74.75,25.57029377
2022-12-15 03:18:00,74.76,74.87,74.86,74.79,108.36713948
2022-12-15 03:17:00,74.86,74.89,74.89,74.87,54.72441778
2022-12-15 03:16:00,74.82,74.88,74.84,74.87,20.80333225
2022-12-15 03:15:00,74.83,74.87,74.86,74.84,50.17594431
2022-12-15 03:14:00,74.83,74.86,74.84,74.86,91.48384101
2022-12-15 03:13:00,74.82,74.86,74.84,74.85,25.25847501
2022-12-15 03:12:00,74.79,74.84,74.79,74.84,63.01003731
2022-12-15 03:11:00,74.74,74.79,74.74,74.79,77.8914056
2022-12-15 03:10:00,74.72,74.75,74.75,74.75,62.11990384
2022-12-15 03:09:00,74.73,74.78,74.76,74.73,72.77185107
2022-12-15 03:08:00,74.74,74.83,74.83,74.74,73.67547328
2022-12-15 03:07:00,74.81,74.85,74.85,74.83,30.40061575
2022-12-15 03:06:00,74.81,74.85,74.81,74.85,52.53070744
2022-12-15 03:05:00,74.82,74.88,74.87,74.82,167.28049964
2022-12-15 03:04:00,74.81,74.9,74.86,74.88,367.77219496
2022-12-15 03:03:00,74.81,74.86,74.82,74.86,73.63876853
2022-12-15 03:02:00,74.81,74.88,74.88,74.84,84.29530628
2022-12-15 03:01:00,74.82,74.89,74.85,74.89,634.62738506
2022-12-15 03:00:00,74.82,74.96,74.9,74.84,442.70471267
2022-12-15 02:59:00,74.88,74.99,74.91,74.89,271.20575805
2022-12-15 02:58:00,74.87,74.93,74.87,74.92,227.96825213
2022-12-15 02:57:00,74.84,74.89,74.89,74.88,10.38605607
2022-12-15 02:56:00,74.81,74.88,74.81,74.84,63.53677175
2022-12-15 02:55:00,74.76,74.81,74.76,74.81,33.65386482
2022-12-15 02:54:00,74.74,74.8,74.75,74.78,37.79579228
2022-12-15 02:53:00,74.66,74.77,74.71,74.74,236.3727614
2022-12-15 02:52:00,74.6,74.69,74.6,74.69,67.0781292
2022-12-15 02:51:00,74.54,74.59,74.56,74.59,82.40272106
2022-12-15 02:50:00,74.51,74.62,74.59,74.54,204.96209201
2022-12-15 02:49:00,74.59,74.64,74.61,74.61,42.3539176
2022-12-15 02:48:00,74.57,74.62,74.58,74.61,52.26864437
2022-12-15 02:47:00,74.58,74.62,74.62,74.58,13.11314763
2022-12-15 02:46:00,74.57,74.66,74.66,74.61,87.64726083
2022-12-15 02:45:00,74.63,74.68,74.67,74.63,35.45808751
2022-12-15 02:44:00,74.67,74.74,74.72,74.67,206.57938712
2022-12-15 02:43:00,74.68,74.78,74.69,74.73,426.41168655
2022-12-15 02:42:00,74.62,74.7,74.63,74.7,184.56807222
2022-12-15 02:41:00,74.51,74.64,74.52,74.64,149.41091849
2022-12-15 02:40:00,74.47,74.59,74.59,74.47,90.43890761
2022-12-15 02:39:00,74.56,74.61,74.59,74.59,114.11693173
2022-12-15 02:38:00,74.52,74.58,74.52,74.54,238.34031401
2022-12-15 02:37:00,74.42,74.53,74.44,74.52,609.846585
2022-12-15 02:36:00,74.42,74.45,74.42,74.44,44.53697623
2022-12-15 02:35:00,74.4,74.46,74.42,74.44,89.97794007
2022-12-15 02:34:00,74.39,74.46,74.4,74.43,91.65341812
2022-12-15 02:33:00,74.38,74.42,74.42,74.4,102.03739861
2022-12-15 02:32:00,74.35,74.43,74.36,74.43,79.82576008
2022-12-15 02:31:00,74.33,74.39,74.38,74.35,155.84874012
2022-12-15 02:30:00,74.26,74.38,74.26,74.38,84.94638533
2022-12-15 02:29:00,74.19,74.29,74.28,74.26,118.30378787
2022-12-15 02:28:00,74.27,74.3,74.28,74.3,11.88185924
2022-12-15 02:27:00,74.21,74.28,74.21,74.28,78.32685096
2022-12-15 02:26:00,74.19,74.23,74.22,74.19,95.6025159
2022-12-15 02:25:00,74.23,74.33,74.33,74.24,252.31915252
2022-12-15 02:24:00,74.32,74.35,74.32,74.33,55.45794352
2022-12-15 02:23:00,74.29,74.4,74.4,74.29,193.94001419
2022-12-15 02:22:00,74.39,74.44,74.4,74.41,90.96460582
2022-12-15 02:21:00,74.36,74.41,74.36,74.4,49.77847611
2022-12-15 02:20:00,74.34,74.51,74.46,74.34,385.22411974
2022-12-15 02:19:00,74.4,74.52,74.45,74.45,494.28802638
2022-12-15 02:18:00,74.34,74.46,74.36,74.46,187.53152676
2022-12-15 02:17:00,74.34,74.39,74.35,74.37,71.54612622
2022-12-15 02:16:00,74.33,74.41,74.39,74.37,59.16643743
2022-12-15 02:15:00,74.29,74.37,74.37,74.37,193.47349933
2022-12-15 02:14:00,74.35,74.43,74.36,74.37,496.52066276
2022-12-15 02:13:00,74.29,74.37,74.29,74.36,92.10523409
2022-12-15 02:12:00,74.17,74.27,74.17,74.27,130.05193899
2022-12-15 02:11:00,74.13,74.23,74.23,74.15,104.02129951
2022-12-15 02:10:00,74.18,74.28,74.28,74.2,196.7988432
2022-12-15 02:09:00,74.12,74.26,74.12,74.21,172.55510283
2022-12-15 02:08:00,74.14,74.27,74.23,74.14,56.22832844
2022-12-15 02:07:00,74.12,74.31,74.24,74.22,55.9733801
2022-12-15 02:06:00,74.15,74.26,74.18,74.21,258.65165802
2022-12-15 02:05:00,73.83,74.17,73.84,74.15,438.97964685
2022-12-15 02:04:00,73.53,74.3,74.25,73.83,2753.36915858
2022-12-15 02:03:00,74.26,74.41,74.41,74.26,205.86882144
2022-12-15 02:02:00,74.34,74.54,74.5,74.38,201.04122796
2022-12-15 02:01:00,74.51,74.65,74.63,74.55,132.82028418
2022-12-15 02:00:00,74.52,74.62,74.53,74.61,102.93385993
2022-12-15 01:59:00,74.48,74.61,74.48,74.57,91.56135268
2022-12-15 01:58:00,74.36,74.51,74.44,74.51,220.03068899
2022-12-15 01:57:00,74.31,74.47,74.42,74.45,145.18630046
2022-12-15 01:56:00,74.38,74.49,74.39,74.45,240.64444069
2022-12-15 01:55:00,74.26,74.39,74.26,74.39,87.17743346
2022-12-15 01:54:00,74.09,74.39,74.11,74.29,175.13779507
2022-12-15 01:53:00,74.13,74.33,74.3,74.13,508.03084955
2022-12-15 01:52:00,74.34,74.47,74.34,74.36,79.93305598
2022-12-15 01:51:00,74.25,74.36,74.3,74.32,645.56294815
2022-12-15 01:50:00,74.3,74.52,74.5,74.3,731.6807064
2022-12-15 01:49:00,74.35,74.49,74.44,74.43,524.11762407
2022-12-15 01:48:00,74.36,74.53,74.39,74.42,47.01316348
2022-12-15 01:47:00,74.38,74.51,74.51,74.4,138.62460068
2022-12-15 01:46:00,74.27,74.51,74.4,74.49,269.74701107
2022-12-15 01:45:00,74.21,74.49,74.45,74.42,1277.70295703
2022-12-15 01:44:00,74.41,74.74,74.68,74.41,751.48216504
2022-12-15 01:43:00,74.65,74.71,74.7,74.68,102.63036065
2022-12-15 01:42:00,74.54,74.7,74.6,74.7,1053.79119544
2022-12-15 01:41:00,74.67,74.75,74.74,74.71,765.39218863
2022-12-15 01:40:00,74.64,74.75,74.64,74.73,93.85550011
2022-12-15 01:39:00,74.59,74.74,74.59,74.7,56.46128505
2022-12-15 01:38:00,74.42,74.58,74.53,74.57,423.29355922
2022-12-15 01:37:00,74.52,74.72,74.71,74.52,614.57369025
2022-12-15 01:36:00,74.71,74.86,74.8,74.73,464.79332817
2022-12-15 01:35:00,74.69,74.81,74.76,74.74,247.89319755
2022-12-15 01:34:00,74.79,74.92,74.86,74.79,318.29047775
2022-12-15 01:33:00,74.85,74.91,74.89,74.86,361.04006133
2022-12-15 01:32:00,74.87,74.92,74.91,74.9,169.69963239
2022-12-15 01:31:00,74.91,75.06,75.04,74.91,372.3703159
2022-12-15 01:30:00,75.02,75.06,75.02,75.02,158.49267117
2022-12-15 01:29:00,74.99,75.07,74.99,75.02,78.09937957
2022-12-15 01:28:00,74.95,75.05,74.99,75.01,352.31106852
2022-12-15 01:27:00,74.85,75.0,74.91,75.0,155.85727966
2022-12-15 01:26:00,74.8,74.92,74.8,74.91,9.12592673
2022-12-15 01:25:00,74.78,74.92,74.89,74.78,223.48712068
2022-12-15 01:24:00,74.89,74.92,74.91,74.92,45.31970903
2022-12-15 01:23:00,74.89,75.0,74.98,74.89,556.00152188
2022-12-15 01:22:00,74.94,75.01,75.0,74.98,13.22485696
2022-12-15 01:21:00,75.01,75.04,75.04,75.02,17.26641108
2022-12-15 01:20:00,74.97,75.05,74.99,75.04,29.22675697
2022-12-15 01:19:00,74.98,75.04,74.98,74.99,156.78836119
2022-12-15 01:18:00,74.95,75.01,74.98,74.97,80.03276089
2022-12-15 01:17:00,74.98,75.02,75.0,75.02,11.6435
2022-12-15 01:16:00,74.98,75.11,75.09,75.01,80.6023809
2022-12-15 01:15:00,75.08,75.17,75.14,75.1,234.81211139
2022-12-15 01:14:00,75.11,75.15,75.12,75.14,72.37476817
2022-12-15 01:13:00,75.01,75.12,75.01,75.12,32.40609339
2022-12-15 01:12:00,74.94,75.0,74.95,75.0,116.90358388
2022-12-15 01:11:00,74.95,75.01,74.95,74.97,11.06811269
2022-12-15 01:10:00,74.96,75.01,74.96,74.97,86.58158994
2022-12-15 01:09:00,74.95,74.99,74.96,74.95,106.85267978
2022-12-15 01:08:00,74.95,75.08,75.07,74.96,294.7586403
2022-12-15 01:07:00,75.06,75.15,75.14,75.08,102.16881971
2022-12-15 01:06:00,75.1,75.14,75.1,75.14,36.41542354
2022-12-15 01:05:00,75.05,75.1,75.05,75.09,55.97534409
2022-12-15 01:04:00,75.0,75.06,75.03,75.06,67.1983837
2022-12-15 01:03:00,74.98,75.05,74.98,75.0,260.68364591
2022-12-15 01:02:00,74.96,75.01,74.96,74.97,315.01877923
2022-12-15 01:01:00,74.84,74.95,74.89,74.95,647.71845991
2022-12-15 01:00:00,74.86,74.92,74.92,74.91,315.15237598
2022-12-15 00:59:00,74.92,75.02,74.96,74.92,295.75560931
2022-12-15 00:58:00,74.93,75.04,75.03,74.96,1272.8317655
2022-12-15 00:57:00,75.02,75.12,75.12,75.02,169.34550896
2022-12-15 00:56:00,75.08,75.12,75.12,75.11,178.82511317
2022-12-15 00:55:00,75.05,75.11,75.05,75.09,72.82396067
2022-12-15 00:54:00,75.04,75.07,75.06,75.05,10.23006936
2022-12-15 00:53:00,75.04,75.08,75.04,75.07,10.31297232
2022-12-15 00:52:00,74.98,75.06,74.99,75.05,62.14999667
2022-12-15 00:51:00,74.98,75.12,75.12,75.03,258.56878031
2022-12-15 00:50:00,75.08,75.12,75.09,75.12,141.44828766
2022-12-15 00:49:00,75.08,75.14,75.08,75.12,34.28875869
2022-12-15 00:48:00,75.1,75.12,75.12,75.12,8.61582296
2022-12-15 00:47:00,75.1,75.15,75.12,75.11,38.99278592
2022-12-15 00:46:00,75.11,75.14,75.14,75.12,11.74233228
2022-12-15 00:45:00,75.11,75.18,75.12,75.13,841.73733829
2022-12-15 00:44:00,75.07,75.23,75.08,75.14,1558.55978185
2022-12-15 00:43:00,75.0,75.1,75.0,75.1,393.67595147
2022-12-15 00:42:00,74.96,75.02,75.0,75.0,296.08388553
2022-12-15 00:41:00,74.96,75.0,74.96,75.0,272.75973568
2022-12-15 00:40:00,74.91,75.14,75.07,74.94,1206.58094557
2022-12-15 00:39:00,75.1,75.16,75.12,75.11,81.02836878
2022-12-15 00:38:00,75.07,75.12,75.09,75.12,47.21973475
2022-12-15 00:37:00,75.06,75.14,75.08,75.09,139.69207255
2022-12-15 00:36:00,75.09,75.11,75.09,75.1,13.29607763
2022-12-15 00:35:00,75.1,75.16,75.1,75.12,114.5066544
2022-12-15 00:34:00,75.12,75.15,75.13,75.12,18.45278903
2022-12-15 10:34:00,74.68,74.75,74.7,74.68,148.53874665
2022-12-15 10:33:00,74.67,74.77,74.74,74.71,177.23598021
2022-12-15 10:32:00,74.65,74.76,74.67,74.76,69.901184
2022-12-15 10:31:00,74.64,74.69,74.69,74.67,24.39929697
2022-12-15 10:30:00,74.65,74.7,74.66,74.69,35.68373476
2022-12-15 10:29:00,74.64,74.76,74.76,74.64,252.93193534
2022-12-15 10:28:00,74.69,74.76,74.73,74.75,227.64734173
2022-12-15 10:27:00,74.7,74.75,74.74,74.73,9.87974812
2022-12-15 10:26:00,74.71,74.74,74.72,74.72,104.8846038
2022-12-15 10:25:00,74.72,74.83,74.81,74.72,383.1089036
2022-12-15 10:24:00,74.72,74.76,74.72,74.75,17.52187624
2022-12-15 10:23:00,74.71,74.76,74.74,74.72,136.46367374
2022-12-15 10:22:00,74.72,74.77,74.72,74.76,104.94829915
2022-12-15 10:21:00,74.75,74.82,74.8,74.75,328.58083057
2022-12-15 10:20:00,74.77,74.8,74.78,74.8,43.64849849
2022-12-15 10:19:00,74.79,74.84,74.83,74.8,74.82847845
2022-12-15 10:18:00,74.8,74.83,74.8,74.82,5.17744348
2022-12-15 10:17:00,74.79,74.84,74.82,74.84,50.92088162
2022-12-15 10:16:00,74.77,74.82,74.77,74.79,51.03477907
2022-12-15 10:15:00,74.76,74.8,74.76,74.79,5.36744026
2022-12-15 10:14:00,74.76,74.79,74.79,74.77,69.88760254
2022-12-15 10:13:00,74.77,74.8,74.77,74.79,30.99148943
2022-12-15 10:12:00,74.78,74.81,74.8,74.81,9.92328349
2022-12-15 10:11:00,74.81,74.86,74.86,74.83,3.31686079
2022-12-15 10:10:00,74.81,74.86,74.86,74.86,87.95856133
2022-12-15 10:09:00,74.85,74.88,74.85,74.85,7.59958397
2022-12-15 10:08:00,74.81,74.86,74.81,74.85,32.26138695
2022-12-15 10:07:00,74.79,74.81,74.8,74.81,15.20086994
2022-12-15 10:06:00,74.8,74.85,74.85,74.81,4.2719311
2022-12-15 10:05:00,74.81,74.85,74.83,74.84,56.57690343
2022-12-15 10:04:00,74.82,74.86,74.84,74.84,43.93758577
2022-12-15 10:03:00,74.79,74.81,74.8,74.8,5.56443205
2022-12-15 10:02:00,74.8,74.86,74.82,74.8,59.7014996
2022-12-15 10:01:00,74.8,74.84,74.84,74.82,57.42604113
2022-12-15 10:00:00,74.84,74.91,74.9,74.86,63.62126323
2022-12-15 09:59:00,74.9,74.92,74.91,74.92,2.21821405
2022-12-15 09:58:00,74.9,74.94,74.9,74.9,43.99493032
2022-12-15 09:57:00,74.83,74.9,74.83,74.9,82.70102245
2022-12-15 09:56:00,74.79,74.84,74.84,74.83,138.36365972
2022-12-15 09:55:00,74.85,74.87,74.85,74.85,26.78359415
2022-12-15 09:54:00,74.84,74.89,74.84,74.87,82.42025644
2022-12-15 09:53:00,74.81,74.84,74.84,74.83,5.18982022
2022-12-15 09:52:00,74.82,74.86,74.83,74.85,12.37761542
2022-12-15 09:51:00,74.79,74.83,74.79,74.83,5.08713233
2022-12-15 09:50:00,74.79,74.82,74.8,74.81,44.90004617
2022-12-15 09:49:00,74.8,74.87,74.8,74.85,205.66624682
2022-12-15 09:48:00,74.74,74.8,74.76,74.79,228.28368103
2022-12-15 09:47:00,74.73,74.8,74.73,74.74,40.72639623
2022-12-15 09:46:00,74.7,74.74,74.73,74.74,66.07880636
2022-12-15 09:45:00,74.73,74.8,74.77,74.73,34.94268864
2022-12-15 09:44:00,74.71,74.77,74.71,74.76,44.27917521
2022-12-15 09:43:00,74.71,74.74,74.73,74.71,29.3717523
2022-12-15 09:42:00,74.75,74.8,74.8,74.75,25.43912639
2022-12-15 09:41:00,74.8,74.87,74.86,74.8,31.05290644
2022-12-15 09:40:00,74.86,74.91,74.88,74.86,192.00766054
2022-12-15 09:39:00,74.84,74.93,74.93,74.87,90.18039339
2022-12-15 09:38:00,74.93,74.95,74.94,74.93,18.00904629
2022-12-15 09:37:00,74.9,74.94,74.9,74.94,13.15708954
2022-12-15 09:36:00,74.88,74.93,74.93,74.91,89.04749854
2022-12-15 09:35:00,74.93,74.96,74.94,74.94,32.22417854
2022-12-15 09:34:00,74.93,74.95,74.93,74.94,9.1665004
2022-12-15 09:33:00,74.93,74.97,74.96,74.96,32.2066103
2022-12-15 09:32:00,74.93,74.98,74.98,74.96,26.54392061
2022-12-15 09:31:00,74.93,74.96,74.93,74.96,86.0294372
2022-12-15 09:30:00,74.92,74.95,74.94,74.95,8.78638409
2022-12-15 09:29:00,74.9,74.95,74.9,74.93,26.18214667
2022-12-15 09:28:00,74.89,74.91,74.91,74.91,17.37142311
2022-12-15 09:27:00,74.9,74.93,74.93,74.9,31.53952381
2022-12-15 09:26:00,74.89,74.94,74.89,74.93,99.57593171
2022-12-15 09:25:00,74.83,74.87,74.87,74.87,109.55238236
2022-12-15 09:24:00,74.88,74.97,74.95,74.88,78.35731693
2022-12-15 09:23:00,74.95,74.98,74.96,74.95,41.49417817
2022-12-15 09:22:00,74.94,74.97,74.94,74.96,3.92539674
2022-12-15 09:21:00,74.94,74.97,74.97,74.94,6.50735153
2022-12-15 09:20:00,74.93,74.96,74.96,74.95,73.19411173
2022-12-15 09:19:00,74.92,74.98,74.97,74.96,186.62287923
2022-12-15 09:18:00,74.91,74.97,74.91,74.97,27.25227573
2022-12-15 09:17:00,74.83,74.92,74.83,74.91,124.80391745
2022-12-15 09:16:00,74.8,74.83,74.8,74.8,27.2616248
2022-12-15 09:15:00,74.79,74.85,74.83,74.82,57.57928341
2022-12-15 09:14:00,74.83,74.86,74.85,74.84,191.55525041
2022-12-15 09:13:00,74.81,74.85,74.84,74.85,110.36016611
2022-12-15 09:12:00,74.82,74.85,74.83,74.84,16.65333564
2022-12-15 09:11:00,74.78,74.83,74.81,74.83,127.25358199
2022-12-15 09:10:00,74.82,74.83,74.82,74.83,5.68488388
2022-12-15 09:09:00,74.78,74.83,74.78,74.82,90.00482612
2022-12-15 09:08:00,74.75,74.79,74.77,74.78,23.97561262
2022-12-15 09:07:00,74.75,74.78,74.75,74.78,13.53268054
2022-12-15 09:06:00,74.73,74.75,74.73,74.75,29.14071023
2022-12-15 09:05:00,74.72,74.78,74.77,74.73,27.16669178
2022-12-15 09:04:00,74.74,74.79,74.75,74.79,15.79060467
2022-12-15 09:03:00,74.59,74.75,74.63,74.75,177.35433779
2022-12-15 09:02:00,74.65,74.7,74.7,74.65,66.5280683
2022-12-15 09:01:00,74.69,74.73,74.69,74.72,26.04273952
2022-12-15 09:00:00,74.66,74.71,74.66,74.7,6.23592989
2022-12-15 08:59:00,74.65,74.67,74.65,74.65,0.71621023
2022-12-15 08:58:00,74.64,74.68,74.67,74.65,48.84374682
2022-12-15 08:57:00,74.63,74.69,74.67,74.69,67.08331594
2022-12-15 08:56:00,74.65,74.71,74.7,74.65,6.03597251
2022-12-15 08:55:00,74.7,74.74,74.7,74.73,19.19809858
2022-12-15 08:54:00,74.61,74.74,74.7,74.74,98.44338394
2022-12-15 08:53:00,74.69,74.77,74.74,74.69,35.77519174
2022-12-15 08:52:00,74.72,74.78,74.75,74.78,51.85146326
2022-12-15 08:51:00,74.71,74.77,74.74,74.74,140.62845106
2022-12-15 08:50:00,74.76,74.84,74.84,74.78,79.91538015
2022-12-15 08:49:00,74.87,74.94,74.94,74.87,10.25370318
2022-12-15 08:48:00,74.91,74.95,74.91,74.92,21.8091745
2022-12-15 08:47:00,74.89,74.91,74.91,74.89,8.93819775
2022-12-15 08:46:00,74.87,74.92,74.91,74.89,10.46214165
2022-12-15 08:45:00,74.87,74.92,74.87,74.89,231.64099349
2022-12-15 08:44:00,74.83,74.87,74.87,74.87,48.62412269
2022-12-15 08:43:00,74.87,74.89,74.89,74.89,4.81029687
2022-12-15 08:42:00,74.9,74.92,74.92,74.91,6.29703181
2022-12-15 08:41:00,74.86,74.91,74.86,74.89,38.47556598
2022-12-15 08:40:00,74.84,74.94,74.93,74.86,200.304381
2022-12-15 08:39:00,74.94,74.99,74.96,74.94,39.23570131
2022-12-15 08:38:00,74.93,74.95,74.93,74.94,3.21597524
2022-12-15 08:37:00,74.9,74.94,74.91,74.94,8.1176375
2022-12-15 08:36:00,74.84,74.92,74.89,74.88,108.16201994
2022-12-15 08:35:00,74.86,74.93,74.86,74.91,76.6999836
2022-12-15 08:34:00,74.84,74.88,74.86,74.88,41.50158124
2022-12-15 08:33:00,74.84,74.89,74.84,74.86,25.18044907
2022-12-15 08:32:00,74.82,74.86,74.84,74.84,3.88298443
2022-12-15 08:31:00,74.78,74.85,74.78,74.85,6.94093021
2022-12-15 08:30:00,74.7,74.81,74.7,74.8,221.41623335
2022-12-15 08:29:00,74.68,74.72,74.72,74.68,3.42548498
2022-12-15 08:28:00,74.71,74.75,74.74,74.71,10.08186123
2022-12-15 08:27:00,74.71,74.77,74.76,74.73,12.72884759
2022-12-15 08:26:00,74.73,74.8,74.8,74.73,256.21646231
2022-12-15 08:25:00,74.74,74.81,74.74,74.8,12.91514921
2022-12-15 08:24:00,74.7,74.74,74.7,74.73,12.09688669
2022-12-15 08:23:00,74.65,74.7,74.68,74.7,18.07115099
2022-12-15 08:22:00,74.66,74.78,74.74,74.66,109.68507627
2022-12-15 08:21:00,74.7,74.8,74.7,74.74,115.70030099
2022-12-15 08:20:00,74.62,74.7,74.64,74.7,55.49332387
2022-12-15 08:19:00,74.66,74.75,74.75,74.68,85.22895459
2022-12-15 08:18:00,74.7,74.75,74.72,74.75,2.63549
2022-12-15 08:17:00,74.72,74.8,74.78,74.72,5.99347081
2022-12-15 08:16:00,74.71,74.78,74.73,74.78,15.37811359
2022-12-15 08:15:00,74.58,74.72,74.66,74.72,243.68172438
2022-12-15 08:14:00,74.63,74.78,74.76,74.63,210.53065493
2022-12-15 08:13:00,74.73,74.8,74.76,74.74,33.64615809
2022-12-15 08:12:00,74.75,74.87,74.84,74.76,59.83497805
2022-12-15 08:11:00,74.78,74.84,74.81,74.84,67.60377665
2022-12-15 08:10:00,74.8,74.84,74.83,74.8,107.02767265
2022-12-15 08:09:00,74.79,74.84,74.84,74.82,144.13382805
2022-12-15 08:08:00,74.76,74.82,74.77,74.82,4.40450885
2022-12-15 08:07:00,74.74,74.81,74.77,74.74,36.58692869
2022-12-15 08:06:00,74.65,74.76,74.65,74.76,111.88005422
2022-12-15 08:05:00,74.68,74.77,74.73,74.68,16.05725451
2022-12-15 08:04:00,74.71,74.74,74.74,74.73,30.4268167
2022-12-15 08:03:00,74.7,74.74,74.7,74.71,33.33578767
2022-12-15 08:02:00,74.66,74.78,74.76,74.66,134.88103389
2022-12-15 08:01:00,74.72,74.79,74.74,74.77,94.50493562
2022-12-15 08:00:00,74.73,74.78,74.78,74.75,27.66613979
2022-12-15 07:59:00,74.74,74.8,74.8,74.79,56.19047747
2022-12-15 07:58:00,74.77,74.84,74.81,74.8,85.26584527
2022-12-15 07:57:00,74.77,74.82,74.8,74.81,288.8558779
2022-12-15 07:56:00,74.81,74.89,74.87,74.81,161.13879274
2022-12-15 07:55:00,74.76,74.87,74.85,74.87,80.05538664
2022-12-15 07:54:00,74.82,74.9,74.9,74.86,408.20435033
2022-12-15 07:53:00,74.88,74.92,74.9,74.88,11.57560788
2022-12-15 07:52:00,74.89,74.94,74.93,74.9,13.77059432
2022-12-15 07:51:00,74.94,75.0,75.0,74.94,19.93330182
2022-12-15 07:50:00,74.96,75.01,74.96,75.0,114.08174691
2022-12-15 07:49:00,74.96,74.98,74.98,74.98,11.93495365
2022-12-15 07:48:00,74.95,75.01,75.01,74.97,55.86678757
2022-12-15 07:47:00,75.0,75.02,75.0,75.02,48.15085589
2022-12-15 07:46:00,74.98,75.0,75.0,75.0,4.29737279
2022-12-15 07:45:00,74.97,74.99,74.97,74.99,34.6792833
2022-12-15 07:44:00,74.95,75.05,75.05,74.96,110.72920308
2022-12-15 07:43:00,75.0,75.05,75.02,75.05,76.25910915
2022-12-15 07:42:00,74.98,75.04,74.98,75.04,25.04048391
2022-12-15 07:41:00,74.95,74.99,74.99,74.95,30.24773784
2022-12-15 07:40:00,74.97,75.02,74.98,74.99,24.30782727
2022-12-15 07:39:00,74.99,75.02,75.0,75.01,47.23705366
2022-12-15 07:38:00,74.96,75.0,75.0,75.0,169.9105329
2022-12-15 07:37:00,75.02,75.09,75.07,75.03,50.67472252
2022-12-15 07:36:00,75.06,75.08,75.07,75.07,4.15014302
2022-12-15 07:35:00,75.07,75.14,75.14,75.07,24.31439327
2022-12-15 07:34:00,75.12,75.14,75.12,75.13,31.19440656
2022-12-15 07:33:00,75.07,75.12,75.07,75.12,6.2672908
2022-12-15 07:32:00,75.07,75.1,75.1,75.08,9.36875839
2022-12-15 07:31:00,75.08,75.1,75.08,75.1,34.67306273
2022-12-15 07:30:00,75.08,75.11,75.08,75.11,91.13271229
2022-12-15 07:29:00,75.02,75.09,75.02,75.08,82.12295174
2022-12-15 07:28:00,75.0,75.05,75.05,75.04,20.63684725
2022-12-15 07:27:00,75.02,75.06,75.02,75.05,13.73598884
2022-12-15 07:26:00,75.0,75.05,75.0,75.04,9.24144734
2022-12-15 07:25:00,74.98,75.01,75.0,75.0,14.84157584
2022-12-15 07:24:00,74.98,75.04,75.04,74.99,21.90044995
2022-12-15 07:23:00,74.94,75.03,74.94,75.03,67.95377911
2022-12-15 07:22:00,74.92,74.96,74.95,74.93,27.03593662
2022-12-15 07:21:00,74.92,74.95,74.93,74.94,13.72412662
2022-12-15 07:20:00,74.96,75.0,74.96,74.98,18.84226897
2022-12-15 07:19:00,74.9,74.96,74.92,74.96,33.47090422
2022-12-15 07:18:00,74.92,74.95,74.93,74.93,38.0896438
2022-12-15 07:17:00,74.9,74.93,74.93,74.92,12.71950261
2022-12-15 07:16:00,74.89,74.92,74.92,74.89,47.3741377
2022-12-15 07:15:00,74.9,74.95,74.95,74.92,40.81794125
2022-12-15 07:14:00,74.95,74.98,74.98,74.97,2.60813518
2022-12-15 07:13:00,74.91,74.98,74.91,74.98,6.16597824
2022-12-15 07:12:00,74.89,74.99,74.99,74.91,272.34088696
2022-12-15 07:11:00,74.96,74.99,74.97,74.99,3.55989991
2022-12-15 07:10:00,74.95,74.97,74.96,74.95,25.26954805
2022-12-15 07:09:00,74.93,74.98,74.96,74.98,16.68838584
2022-12-15 07:08:00,74.93,74.97,74.95,74.93,15.30120833
2022-12-15 07:07:00,74.82,74.93,74.92,74.93,386.83982155
2022-12-15 07:06:00,74.89,74.96,74.96,74.93,173.61291334
2022-12-15 07:05:00,74.91,74.95,74.93,74.95,9.14314681
2022-12-15 07:04:00,74.79,74.94,74.82,74.92,673.24009357
2022-12-15 07:03:00,74.75,74.82,74.78,74.82,90.24379212
2022-12-15 07:02:00,74.57,74.76,74.62,74.76,136.23687742
2022-12-15 07:01:00,74.6,74.68,74.68,74.6,34.72269659
2022-12-15 07:00:00,74.67,74.75,74.75,74.67,62.9680554
2022-12-15 06:59:00,74.72,74.76,74.72,74.73,70.12879079
2022-12-15 06:58:00,74.73,74.79,74.79,74.75,33.17194688
2022-12-15 06:57:00,74.75,74.83,74.82,74.8,99.62181919
2022-12-15 06:56:00,74.81,74.86,74.83,74.81,313.91265823
2022-12-15 06:55:00,74.79,74.83,74.79,74.83,82.371228
2022-12-15 06:54:00,74.78,74.85,74.85,74.78,179.85776508
2022-12-15 06:53:00,74.84,75.0,75.0,74.84,280.75136867
2022-12-15 06:52:00,74.94,75.01,74.97,75.01,30.53687932
2022-12-15 06:51:00,74.93,74.97,74.95,74.97,9.23797743
2022-12-15 06:50:00,74.94,74.95,74.94,74.95,5.64034533
2022-12-15 06:49:00,74.91,74.96,74.96,74.91,34.56098165
2022-12-15 06:48:00,74.91,74.96,74.91,74.95,14.36376315
2022-12-15 06:47:00,74.89,74.96,74.96,74.92,31.93753838
2022-12-15 06:46:00,74.93,74.98,74.93,74.96,50.90084759
2022-12-15 06:45:00,74.91,74.94,74.92,74.92,59.84272129
2022-12-15 06:44:00,74.91,74.96,74.96,74.91,53.83117504
2022-12-15 06:43:00,74.95,74.98,74.95,74.97,14.80361821
2022-12-15 06:42:00,74.94,74.99,74.99,74.94,21.05100346
2022-12-15 06:41:00,74.97,75.01,75.01,74.99,121.96931795
2022-12-15 06:40:00,75.0,75.03,75.01,75.01,13.91714018
2022-12-15 06:39:00,74.98,75.0,75.0,75.0,28.95281339
2022-12-15 06:38:00,74.97,75.03,74.98,75.02,81.56401272
2022-12-15 06:37:00,74.96,75.0,75.0,74.98,139.05036514
2022-12-15 06:36:00,74.93,75.01,74.93,75.01,8.6460682
2022-12-15 06:35:00,74.91,74.93,74.91,74.93,18.31721629
2022-12-15 06:34:00,74.88,74.91,74.9,74.91,46.07373293
2022-12-15 06:33:00,74.95,74.96,74.95,74.96,7.65761743
2022-12-15 06:32:00,74.94,75.0,74.98,74.94,5.56180166
2022-12-15 06:31:00,74.97,75.0,74.98,75.0,5.60542207
2022-12-15 06:30:00,74.9,75.0,74.9,74.99,784.37025187
2022-12-15 06:29:00,74.88,74.91,74.89,74.88,9.33469185
2022-12-15 06:28:00,74.88,74.91,74.91,74.89,14.96249256
2022-12-15 06:27:00,74.9,74.93,74.92,74.92,4.59806486
2022-12-15 06:26:00,74.83,74.93,74.84,74.92,34.59456542
2022-12-15 06:25:00,74.84,74.96,74.95,74.86,76.13953366
2022-12-15 06:24:00,74.9,75.05,75.05,74.96,1059.05203319
2022-12-15 06:23:00,75.03,75.06,75.06,75.05,19.85127575
2022-12-15 06:22:00,75.03,75.06,75.06,75.06,4.51047224
2022-12-15 06:21:00,75.03,75.09,75.06,75.05,86.4284216
2022-12-15 06:20:00,75.04,75.09,75.08,75.06,90.71570149
2022-12-15 06:19:00,75.08,75.09,75.08,75.09,14.43120093
2022-12-15 06:18:00,75.07,75.11,75.1,75.07,18.65393356
2022-12-15 06:17:00,75.07,75.1,75.07,75.1,49.29285527
2022-12-15 06:16:00,75.01,75.05,75.02,75.05,87.27608628
2022-12-15 06:15:00,75.05,75.11,75.11,75.07,13.95942419
2022-12-15 06:14:00,75.09,75.13,75.11,75.11,21.81860072
2022-12-15 06:13:00,75.06,75.12,75.06,75.1,41.42847925
2022-12-15 06:12:00,75.06,75.09,75.07,75.06,5.48489643
2022-12-15 06:11:00,75.06,75.08,75.07,75.08,2.40895461
2022-12-15 06:10:00,75.06,75.09,75.07,75.09,10.41225134
2022-12-15 06:09:00,74.97,75.08,74.97,75.08,9.18208494
2022-12-15 06:08:00,74.97,75.04,75.03,74.99,22.49343053
2022-12-15 06:07:00,74.97,75.1,75.01,75.06,103.75376145
2022-12-15 06:06:00,75.0,75.06,75.06,75.0,89.19030313
2022-12-15 06:05:00,75.04,75.09,75.09,75.04,282.83448458
2022-12-15 06:04:00,75.03,75.1,75.04,75.1,24.41790581
2022-12-15 06:03:00,75.03,75.06,75.03,75.04,7.32643576
2022-12-15 06:02:00,75.0,75.08,75.08,75.02,145.53628655
2022-12-15 06:01:00,74.93,75.11,74.96,75.11,384.79041771
2022-12-15 06:00:00,74.95,75.0,74.97,74.98,142.62971766
2022-12-15 05:59:00,75.0,75.03,75.0,75.0,77.5583692
2022-12-15 05:58:00,75.02,75.15,75.11,75.03,214.96153272
2022-12-15 05:57:00,75.03,75.09,75.04,75.09,83.45469683
2022-12-15 05:56:00,75.01,75.05,75.05,75.01,31.78554643
2022-12-15 05:55:00,75.04,75.06,75.04,75.05,12.2256699
2022-12-15 05:54:00,75.03,75.07,75.06,75.04,60.72529256
2022-12-15 05:53:00,75.07,75.09,75.08,75.07,31.19926831
2022-12-15 05:52:00,75.06,75.09,75.07,75.07,53.14402185
2022-12-15 05:51:00,75.05,75.09,75.09,75.08,32.58566157
2022-12-15 05:50:00,75.01,75.1,75.01,75.08,442.43225395
2022-12-15 05:49:00,74.94,75.03,75.02,75.01,623.19601967
2022-12-15 05:48:00,74.99,75.1,75.08,75.02,369.27941739
2022-12-15 05:47:00,75.05,75.08,75.06,75.08,24.52218463
2022-12-15 05:46:00,75.05,75.08,75.07,75.08,20.4597962
2022-12-15 05:45:00,75.03,75.07,75.06,75.06,189.09035289
2022-12-15 05:44:00,75.05,75.11,75.1,75.05,71.80453812
2022-12-15 05:43:00,75.09,75.12,75.12,75.09,41.04033037
2022-12-15 05:42:00,75.09,75.12,75.1,75.12,12.06099423
2022-12-15 05:41:00,75.11,75.14,75.12,75.14,26.26256394
2022-12-15 05:40:00,75.09,75.2,75.16,75.12,78.99423058
2022-12-15 05:39:00,75.17,75.2,75.18,75.18,46.34030613
2022-12-15 05:38:00,75.18,75.24,75.2,75.2,138.28294505
2022-12-15 05:37:00,75.11,75.2,75.14,75.18,25.41559176
2022-12-15 05:36:00,75.12,75.14,75.13,75.12,10.04559957
2022-12-15 05:35:00,75.04,75.13,75.04,75.13,20.68205415
2022-12-15 05:34:00,75.06,75.07,75.06,75.06,18.62954791
2022-12-15 15:34:00,74.03,74.08,74.04,74.04,36.99978993
2022-12-15 15:33:00,73.95,74.05,73.95,74.05,88.74572793
2022-12-15 15:32:00,73.89,73.99,73.89,73.97,125.94367492
2022-12-15 15:31:00,73.87,73.91,73.89,73.91,15.41144618
2022-12-15 15:30:00,73.87,73.99,73.99,73.88,146.09117756
2022-12-15 15:29:00,73.96,74.01,73.98,74.0,169.08412878
2022-12-15 15:28:00,73.95,74.08,74.05,73.95,363.62080781
2022-12-15 15:27:00,73.95,74.06,74.01,74.06,76.2077401
2022-12-15 15:26:00,74.01,74.06,74.05,74.02,56.8555229
2022-12-15 15:25:00,73.97,74.07,74.07,74.03,43.40660182
2022-12-15 15:24:00,74.04,74.11,74.11,74.04,44.30478055
2022-12-15 15:23:00,74.09,74.17,74.17,74.15,155.69002177
2022-12-15 15:22:00,74.13,74.18,74.18,74.16,72.6224485
2022-12-15 15:21:00,74.13,74.18,74.13,74.18,19.34871334
2022-12-15 15:20:00,74.1,74.15,74.15,74.12,49.29461507
2022-12-15 15:19:00,74.11,74.16,74.14,74.16,99.97171288
2022-12-15 15:18:00,74.13,74.18,74.14,74.18,33.88666369
2022-12-15 15:17:00,74.12,74.19,74.15,74.19,129.22708187
2022-12-15 15:16:00,74.1,74.19,74.1,74.16,72.79330614
2022-12-15 15:15:00,74.06,74.12,74.12,74.11,14.02215943
2022-12-15 15:14:00,74.1,74.19,74.15,74.1,133.24728319
2022-12-15 15:13:00,74.12,74.18,74.15,74.16,155.61591618
2022-12-15 15:12:00,74.08,74.18,74.13,74.14,942.04460143
2022-12-15 15:11:00,73.97,74.12,73.98,74.12,259.35616799
2022-12-15 15:10:00,73.91,73.98,73.93,73.96,166.96422768
2022-12-15 15:09:00,73.85,73.92,73.86,73.91,110.01321097
2022-12-15 15:08:00,73.82,73.87,73.86,73.86,172.14905371
2022-12-15 15:07:00,73.79,73.87,73.79,73.87,100.13013519
2022-12-15 15:06:00,73.73,73.79,73.78,73.79,31.00008705
2022-12-15 15:05:00,73.7,73.81,73.79,73.74,758.48761326
2022-12-15 15:04:00,73.76,73.82,73.8,73.81,56.55020196
2022-12-15 15:03:00,73.73,73.84,73.8,73.76,180.77605
2022-12-15 15:02:00,73.75,73.82,73.75,73.81,43.09763177
2022-12-15 15:01:00,73.66,73.76,73.66,73.76,114.73740793
2022-12-15 15:00:00,73.65,73.72,73.71,73.65,101.96059524
2022-12-15 14:59:00,73.63,73.73,73.64,73.72,211.32915257
2022-12-15 14:58:00,73.63,73.69,73.65,73.67,72.43837728
2022-12-15 14:57:00,73.48,73.66,73.56,73.64,116.99158369
2022-12-15 14:56:00,73.38,73.62,73.62,73.57,1582.22012791
2022-12-15 14:55:00,73.52,73.68,73.54,73.61,798.37996014
2022-12-15 14:54:00,73.5,73.63,73.62,73.5,105.37225701
2022-12-15 14:53:00,73.57,73.66,73.57,73.64,173.64398837
2022-12-15 14:52:00,73.58,73.71,73.66,73.58,326.33662546
2022-12-15 14:51:00,73.66,73.78,73.73,73.67,259.09128939
2022-12-15 14:50:00,73.71,73.79,73.77,73.73,98.3210981
2022-12-15 14:49:00,73.71,73.78,73.73,73.76,387.47521344
2022-12-15 14:48:00,73.68,73.74,73.72,73.73,179.55057857
2022-12-15 14:47:00,73.75,73.84,73.75,73.76,121.76559195
2022-12-15 14:46:00,73.74,73.83,73.83,73.74,221.43787387
2022-12-15 14:45:00,73.85,74.01,73.99,73.86,229.91533258
2022-12-15 14:44:00,73.85,73.98,73.85,73.98,272.33095944
2022-12-15 14:43:00,73.72,73.87,73.72,73.85,312.36630226
2022-12-15 14:42:00,73.66,73.76,73.68,73.73,157.0175998
2022-12-15 14:41:00,73.61,73.68,73.63,73.67,70.03670094
2022-12-15 14:40:00,73.51,73.63,73.6,73.62,942.42986007
2022-12-15 14:39:00,73.44,73.64,73.45,73.6,1027.03567065
2022-12-15 14:38:00,73.26,73.45,73.3,73.4,1914.80160584
2022-12-15 14:37:00,73.17,73.38,73.3,73.32,1240.0330166
2022-12-15 14:36:00,73.09,73.57,73.56,73.29,3486.58441157
2022-12-15 14:35:00,73.4,73.62,73.61,73.57,2512.12457583
2022-12-15 14:34:00,73.58,73.64,73.64,73.6,218.98094413
2022-12-15 14:33:00,73.58,73.65,73.65,73.64,453.89872661
2022-12-15 14:32:00,73.66,73.76,73.76,73.66,69.44769031
2022-12-15 14:31:00,73.73,73.81,73.76,73.77,84.56840012
2022-12-15 14:30:00,73.75,73.84,73.82,73.76,106.90939623
2022-12-15 14:29:00,73.77,73.84,73.78,73.84,1492.10674132
2022-12-15 14:28:00,73.67,73.77,73.67,73.77,33.79757285
2022-12-15 14:27:00,73.67,73.73,73.73,73.67,256.97283428
2022-12-15 14:26:00,73.7,73.83,73.83,73.76,460.34954548
2022-12-15 14:25:00,73.81,73.87,73.87,73.82,25.41990766
2022-12-15 14:24:00,73.87,73.93,73.9,73.87,71.11554201
2022-12-15 14:23:00,73.88,73.9,73.88,73.89,40.8609489
2022-12-15 14:22:00,73.87,73.92,73.91,73.87,33.06614212
2022-12-15 14:21:00,73.87,73.93,73.88,73.91,290.40193257
2022-12-15 14:20:00,73.77,73.89,73.77,73.89,213.64108644
2022-12-15 14:19:00,73.74,73.8,73.77,73.79,515.66569469
2022-12-15 14:18:00,73.71,73.83,73.83,73.78,279.47633502
2022-12-15 14:17:00,73.81,73.88,73.81,73.85,160.97047394
2022-12-15 14:16:00,73.7,73.89,73.88,73.82,352.5618151
2022-12-15 14:15:00,73.87,73.92,73.87,73.88,44.28641354
2022-12-15 14:14:00,73.87,73.93,73.9,73.88,44.32946081
2022-12-15 14:13:00,73.89,74.01,74.01,73.89,532.2853487
2022-12-15 14:12:00,73.99,74.02,74.0,74.0,29.13326862
2022-12-15 14:11:00,73.95,73.98,73.97,73.96,29.58614933
2022-12-15 14:10:00,73.95,74.04,74.04,73.97,132.7241743
2022-12-15 14:09:00,73.99,74.05,74.01,74.04,95.53446302
2022-12-15 14:08:00,74.0,74.02,74.01,74.01,51.78303824
2022-12-15 14:07:00,73.99,74.03,74.01,74.0,41.57512353
2022-12-15 14:06:00,73.95,74.07,73.95,73.99,355.11729545
2022-12-15 14:05:00,73.96,74.09,74.08,73.96,117.17287826
2022-12-15 14:04:00,73.95,74.11,74.01,74.11,102.73598212
2022-12-15 14:03:00,73.94,74.02,74.01,74.02,215.95428611
2022-12-15 14:02:00,73.95,74.01,73.95,73.99,39.25774699
2022-12-15 14:01:00,73.87,74.0,74.0,73.93,503.58678291
2022-12-15 14:00:00,74.02,74.11,74.1,74.02,198.0406343
2022-12-15 13:59:00,74.14,74.22,74.21,74.14,78.1536191
2022-12-15 13:58:00,74.16,74.22,74.18,74.22,2.99904078
2022-12-15 13:57:00,74.16,74.2,74.18,74.18,60.52488172
2022-12-15 13:56:00,74.12,74.2,74.12,74.18,14.32616676
2022-12-15 13:55:00,74.07,74.2,74.2,74.11,207.3967768
2022-12-15 13:54:00,74.19,74.22,74.22,74.2,42.78336167
2022-12-15 13:53:00,74.18,74.2,74.2,74.19,31.62299801
2022-12-15 13:52:00,74.13,74.19,74.13,74.19,16.32106795
2022-12-15 13:51:00,74.05,74.19,74.12,74.14,335.24612376
2022-12-15 13:50:00,74.11,74.17,74.12,74.11,56.790118
2022-12-15 13:49:00,74.1,74.21,74.16,74.1,17.33917276
2022-12-15 13:48:00,74.15,74.23,74.15,74.21,161.36935924
2022-12-15 13:47:00,74.12,74.18,74.13,74.15,22.74394724
2022-12-15 13:46:00,74.13,74.24,74.22,74.14,54.57523918
2022-12-15 13:45:00,74.19,74.29,74.29,74.24,57.78222389
2022-12-15 13:44:00,74.27,74.33,74.28,74.28,124.97911639
2022-12-15 13:43:00,74.26,74.32,74.28,74.3,155.24770552
2022-12-15 13:42:00,74.2,74.28,74.2,74.26,137.52583377
2022-12-15 13:41:00,74.13,74.23,74.13,74.18,124.16358842
2022-12-15 13:40:00,74.07,74.21,74.21,74.08,89.75758164
2022-12-15 13:39:00,74.18,74.24,74.23,74.21,67.58833606
2022-12-15 13:38:00,74.15,74.25,74.16,74.23,167.70019372
2022-12-15 13:37:00,74.16,74.25,74.25,74.18,42.30623022
2022-12-15 13:36:00,74.12,74.25,74.16,74.23,944.82300627
2022-12-15 13:35:00,74.1,74.2,74.2,74.16,151.71882686
2022-12-15 13:34:00,74.17,74.26,74.19,74.2,180.00064817
2022-12-15 13:33:00,74.14,74.31,74.3,74.21,199.79670331
2022-12-15 13:32:00,74.31,74.52,74.45,74.36,119.76809226
2022-12-15 13:31:00,74.37,74.55,74.5,74.44,366.6486138
2022-12-15 13:30:00,74.15,74.49,74.18,74.45,402.2300832
2022-12-15 13:29:00,74.02,74.27,74.1,74.2,288.84392346
2022-12-15 13:28:00,73.99,74.11,74.05,74.11,153.32733049
2022-12-15 13:27:00,74.05,74.09,74.05,74.09,17.54110756
2022-12-15 13:26:00,74.03,74.11,74.04,74.09,83.74364919
2022-12-15 13:25:00,74.06,74.14,74.14,74.06,52.09227272
2022-12-15 13:24:00,74.05,74.15,74.13,74.15,64.01046929
2022-12-15 13:23:00,74.05,74.16,74.05,74.16,14.53457461
2022-12-15 13:22:00,73.92,74.07,73.92,74.07,57.99389942
2022-12-15 13:21:00,73.91,74.07,73.93,73.93,169.58350818
2022-12-15 13:20:00,73.8,73.99,73.99,73.94,611.37356548
2022-12-15 13:19:00,73.95,74.08,73.99,73.99,326.33223046
2022-12-15 13:18:00,74.01,74.14,74.12,74.01,167.48987221
2022-12-15 13:17:00,73.96,74.14,73.98,74.14,372.7047948
2022-12-15 13:16:00,74.0,74.13,74.03,74.07,395.15417094
2022-12-15 13:15:00,73.86,74.08,74.06,74.05,287.69461327
2022-12-15 13:14:00,73.83,74.15,74.1,74.06,1611.39502749
2022-12-15 13:13:00,74.06,74.36,74.33,74.06,2073.61502556
2022-12-15 13:12:00,74.31,74.41,74.33,74.38,146.27569553
2022-12-15 13:11:00,74.36,74.42,74.42,74.37,90.79950888
2022-12-15 13:10:00,74.41,74.44,74.42,74.41,18.17930516
2022-12-15 13:09:00,74.34,74.47,74.47,74.41,278.4444109
2022-12-15 13:08:00,74.25,74.49,74.33,74.49,640.20439094
2022-12-15 13:07:00,74.35,74.39,74.37,74.35,45.64484847
2022-12-15 13:06:00,74.4,74.45,74.45,74.41,111.78567355
2022-12-15 13:05:00,74.43,74.47,74.44,74.45,149.74853542
2022-12-15 13:04:00,74.43,74.46,74.46,74.44,8.63149611
2022-12-15 13:03:00,74.45,74.48,74.47,74.48,15.1076863
2022-12-15 13:02:00,74.41,74.46,74.42,74.46,60.32495728
2022-12-15 13:01:00,74.41,74.43,74.43,74.43,11.99402117
2022-12-15 13:00:00,74.45,74.49,74.48,74.46,122.19972385
2022-12-15 12:59:00,74.47,74.5,74.47,74.48,230.94303306
2022-12-15 12:58:00,74.44,74.48,74.44,74.48,17.96118978
2022-12-15 12:57:00,74.45,74.49,74.49,74.45,42.87009451
2022-12-15 12:56:00,74.47,74.49,74.47,74.47,70.78027405
2022-12-15 12:55:00,74.45,74.49,74.48,74.47,55.26466742
2022-12-15 12:54:00,74.44,74.48,74.45,74.48,21.96819824
2022-12-15 12:53:00,74.43,74.45,74.44,74.45,7.823009
2022-12-15 12:52:00,74.37,74.45,74.39,74.45,161.78793193
2022-12-15 12:51:00,74.39,74.43,74.41,74.39,11.88913936
2022-12-15 12:50:00,74.39,74.44,74.42,74.39,142.7536572
2022-12-15 12:49:00,74.38,74.43,74.42,74.41,471.03260478
2022-12-15 12:48:00,74.44,74.53,74.53,74.45,6.98664084
2022-12-15 12:47:00,74.46,74.53,74.47,74.53,17.72388018
2022-12-15 12:46:00,74.44,74.47,74.45,74.47,16.53605659
2022-12-15 12:45:00,74.43,74.46,74.44,74.45,53.53511158
2022-12-15 12:44:00,74.44,74.51,74.51,74.44,35.53436815
2022-12-15 12:43:00,74.52,74.54,74.54,74.53,12.39051199
2022-12-15 12:42:00,74.53,74.58,74.55,74.54,4.02351198
2022-12-15 12:41:00,74.5,74.55,74.5,74.53,22.34331608
2022-12-15 12:40:00,74.5,74.51,74.51,74.51,25.23234796
2022-12-15 12:39:00,74.46,74.51,74.49,74.51,78.50248947
2022-12-15 12:38:00,74.43,74.46,74.44,74.45,186.59333246
2022-12-15 12:37:00,74.42,74.47,74.44,74.44,11.02084694
2022-12-15 12:36:00,74.43,74.49,74.49,74.45,68.60437329
2022-12-15 12:35:00,74.46,74.51,74.48,74.51,40.5547264
2022-12-15 12:34:00,74.48,74.51,74.48,74.48,292.09053609
2022-12-15 12:33:00,74.48,74.51,74.49,74.49,34.68254769
2022-12-15 12:32:00,74.49,74.52,74.52,74.5,16.58187113
2022-12-15 12:31:00,74.53,74.63,74.63,74.55,227.52000877
2022-12-15 12:30:00,74.62,74.64,74.63,74.62,32.03799778
2022-12-15 12:29:00,74.6,74.64,74.63,74.64,21.92588567
2022-12-15 12:28:00,74.61,74.64,74.62,74.63,45.30754552
2022-12-15 12:27:00,74.62,74.63,74.63,74.63,7.70571391
2022-12-15 12:26:00,74.56,74.63,74.58,74.59,99.24240567
2022-12-15 12:25:00,74.57,74.61,74.61,74.58,1.48612779
2022-12-15 12:24:00,74.59,74.67,74.67,74.59,63.66997948
2022-12-15 12:23:00,74.64,74.67,74.66,74.67,14.4583485
2022-12-15 12:22:00,74.62,74.66,74.64,74.66,4.64580899
2022-12-15 12:21:00,74.62,74.65,74.64,74.65,31.5047196
2022-12-15 12:20:00,74.62,74.66,74.64,74.62,66.01706315
2022-12-15 12:19:00,74.58,74.62,74.6,74.62,165.0567011
2022-12-15 12:18:00,74.58,74.62,74.61,74.6,28.19141
2022-12-15 12:17:00,74.58,74.62,74.58,74.61,41.24158708
2022-12-15 12:16:00,74.57,74.58,74.57,74.58,6.18878506
2022-12-15 12:15:00,74.56,74.59,74.57,74.58,39.11055076
2022-12-15 12:14:00,74.55,74.58,74.58,74.58,252.19726029
2022-12-15 12:13:00,74.58,74.62,74.62,74.58,7.24190173
2022-12-15 12:12:00,74.59,74.62,74.62,74.61,12.26221458
2022-12-15 12:11:00,74.58,74.62,74.6,74.62,65.18485112
2022-12-15 12:10:00,74.61,74.63,74.63,74.61,2.72993557
2022-12-15 12:09:00,74.58,74.62,74.6,74.62,7.59292496
2022-12-15 12:08:00,74.59,74.62,74.62,74.59,31.15870975
2022-12-15 12:07:00,74.61,74.64,74.62,74.63,13.27255091
2022-12-15 12:06:00,74.59,74.66,74.61,74.62,84.54159037
2022-12-15 12:05:00,74.59,74.66,74.66,74.6,95.6991398
2022-12-15 12:04:00,74.65,74.7,74.7,74.67,40.0695205
2022-12-15 12:03:00,74.69,74.74,74.74,74.7,6.63478565
2022-12-15 12:02:00,74.66,74.76,74.68,74.69,71.53318314
2022-12-15 12:01:00,74.61,74.7,74.66,74.66,157.25463698
2022-12-15 12:00:00,74.61,74.66,74.66,74.65,52.23656562
2022-12-15 11:59:00,74.63,74.67,74.65,74.67,41.24424403
2022-12-15 11:58:00,74.62,74.66,74.63,74.66,137.7861022
2022-12-15 11:57:00,74.56,74.63,74.56,74.62,85.90302398
2022-12-15 11:56:00,74.52,74.58,74.56,74.56,670.76387512
2022-12-15 11:55:00,74.53,74.58,74.58,74.57,69.44166887
2022-12-15 11:54:00,74.58,74.6,74.58,74.59,16.12010444
2022-12-15 11:53:00,74.53,74.59,74.59,74.59,287.83536761
2022-12-15 11:52:00,74.57,74.61,74.57,74.61,94.54051583
2022-12-15 11:51:00,74.44,74.56,74.46,74.56,46.11125748
2022-12-15 11:50:00,74.47,74.58,74.58,74.47,250.57277092
2022-12-15 11:49:00,74.53,74.59,74.55,74.59,39.8241081
2022-12-15 11:48:00,74.5,74.55,74.52,74.55,72.56798335
2022-12-15 11:47:00,74.49,74.53,74.52,74.52,43.46253837
2022-12-15 11:46:00,74.51,74.53,74.51,74.51,43.34034019
2022-12-15 11:45:00,74.4,74.5,74.43,74.5,388.10977182
2022-12-15 11:44:00,74.42,74.44,74.44,74.43,32.74097304
2022-12-15 11:43:00,74.38,74.44,74.4,74.42,39.01161293
2022-12-15 11:42:00,74.39,74.49,74.46,74.39,423.72622141
2022-12-15 11:41:00,74.48,74.5,74.49,74.5,18.16612063
2022-12-15 11:40:00,74.43,74.48,74.43,74.48,201.97905219
2022-12-15 11:39:00,74.43,74.53,74.53,74.45,126.94822422
2022-12-15 11:38:00,74.53,74.57,74.55,74.55,9.34991094
2022-12-15 11:37:00,74.54,74.58,74.55,74.58,66.44929568
2022-12-15 11:36:00,74.53,74.57,74.55,74.55,20.6810641
2022-12-15 11:35:00,74.52,74.55,74.53,74.55,25.2855515
2022-12-15 11:34:00,74.51,74.58,74.52,74.57,12.41421559
2022-12-15 11:33:00,74.48,74.58,74.53,74.52,321.81594028
2022-12-15 11:32:00,74.53,74.58,74.54,74.56,146.19510336
2022-12-15 11:31:00,74.47,74.54,74.47,74.54,43.84815686
2022-12-15 11:30:00,74.44,74.49,74.49,74.47,8.53038045
2022-12-15 11:29:00,74.42,74.48,74.47,74.48,59.84579623
2022-12-15 11:28:00,74.49,74.57,74.52,74.49,84.16341619
2022-12-15 11:27:00,74.46,74.5,74.46,74.5,19.89349628
2022-12-15 11:26:00,74.45,74.47,74.46,74.47,3.58812578
2022-12-15 11:25:00,74.45,74.48,74.48,74.48,16.18376715
2022-12-15 11:24:00,74.47,74.57,74.5,74.51,158.26337236
2022-12-15 11:23:00,74.41,74.5,74.43,74.5,34.93014696
2022-12-15 11:22:00,74.26,74.47,74.29,74.44,192.1396674
2022-12-15 11:21:00,74.3,74.38,74.37,74.3,82.3431337
2022-12-15 11:20:00,74.31,74.37,74.31,74.37,44.09414675
2022-12-15 11:19:00,74.26,74.32,74.27,74.32,107.46387394
2022-12-15 11:18:00,74.27,74.29,74.27,74.28,25.93041115
2022-12-15 11:17:00,74.27,74.3,74.3,74.29,105.92076794
2022-12-15 11:16:00,74.29,74.38,74.37,74.29,80.8665969
2022-12-15 11:15:00,74.29,74.37,74.29,74.37,23.0488734
2022-12-15 11:14:00,74.3,74.31,74.31,74.3,23.74235337
2022-12-15 11:13:00,74.29,74.31,74.31,74.3,29.29716612
2022-12-15 11:12:00,74.25,74.31,74.31,74.28,149.27497704
2022-12-15 11:11:00,74.26,74.31,74.3,74.29,52.89796541
2022-12-15 11:10:00,74.3,74.32,74.32,74.32,31.19340644
2022-12-15 11:09:00,74.31,74.39,74.39,74.33,61.25331989
2022-12-15 11:08:00,74.38,74.43,74.38,74.4,256.85228418
2022-12-15 11:07:00,74.36,74.38,74.37,74.36,8.40500468
2022-12-15 11:06:00,74.26,74.38,74.37,74.36,1955.55985354
2022-12-15 11:05:00,74.33,74.4,74.4,74.33,127.59169097
2022-12-15 11:04:00,74.4,74.44,74.42,74.4,4.57200556
2022-12-15 11:03:00,74.4,74.44,74.43,74.43,29.62097005
2022-12-15 11:02:00,74.42,74.46,74.43,74.46,53.03305062
2022-12-15 11:01:00,74.43,74.45,74.45,74.45,6.45713884
2022-12-15 11:00:00,74.41,74.45,74.41,74.45,3.11889637
2022-12-15 10:59:00,74.41,74.47,74.46,74.41,62.34938603
2022-12-15 10:58:00,74.45,74.48,74.47,74.47,7.54661735
2022-12-15 10:57:00,74.44,74.53,74.52,74.44,93.14174233
2022-12-15 10:56:00,74.48,74.54,74.48,74.52,201.70260341
2022-12-15 10:55:00,74.47,74.54,74.53,74.49,95.09204922
2022-12-15 10:54:00,74.53,74.55,74.54,74.53,13.63015083
2022-12-15 10:53:00,74.5,74.54,74.52,74.54,46.43931937
2022-12-15 10:52:00,74.49,74.52,74.52,74.49,26.81978831
2022-12-15 10:51:00,74.46,74.52,74.46,74.51,62.35064809
2022-12-15 10:50:00,74.45,74.52,74.52,74.49,25.5044819
2022-12-15 10:49:00,74.44,74.52,74.44,74.52,94.98478691
2022-12-15 10:48:00,74.38,74.45,74.39,74.45,21.99705394
2022-12-15 10:47:00,74.36,74.4,74.39,74.38,83.27848348
2022-12-15 10:46:00,74.31,74.41,74.38,74.37,265.39999756
2022-12-15 10:45:00,74.38,74.45,74.44,74.4,34.65236075
2022-12-15 10:44:00,74.38,74.48,74.48,74.46,184.94621446
2022-12-15 10:43:00,74.48,74.51,74.5,74.5,9.62554394
2022-12-15 10:42:00,74.48,74.51,74.5,74.5,22.62412913
2022-12-15 10:41:00,74.48,74.52,74.51,74.49,120.46551812
2022-12-15 10:40:00,74.52,74.54,74.53,74.54,78.74601155
2022-12-15 10:39:00,74.53,74.59,74.58,74.56,36.97326466
2022-12-15 10:38:00,74.52,74.63,74.54,74.58,148.78597782
2022-12-15 10:37:00,74.51,74.65,74.65,74.54,97.02023055
2022-12-15 10:36:00,74.64,74.67,74.67,74.65,68.179094
2022-12-15 10:35:00,74.67,74.69,74.69,74.67,71.94605865
2022-12-15 10:34:00,74.68,74.75,74.7,74.68,148.53874665
2022-12-15 20:34:00,73.07,73.1,73.09,73.09,23.81184408
2022-12-15 20:33:00,73.03,73.07,73.03,73.05,60.97359625
2022-12-15 20:32:00,72.96,73.03,72.96,73.02,62.4494362
2022-12-15 20:31:00,72.96,73.01,73.01,72.96,60.15216948
2022-12-15 20:30:00,72.99,73.03,73.02,73.01,38.48784341
2022-12-15 20:29:00,73.0,73.04,73.03,73.03,38.58935705
2022-12-15 20:28:00,72.97,73.03,72.97,73.03,88.2972125
2022-12-15 20:27:00,72.94,72.97,72.94,72.97,50.47557453
2022-12-15 20:26:00,72.89,72.95,72.9,72.94,78.24896846
2022-12-15 20:25:00,72.89,72.95,72.94,72.9,231.76715581
2022-12-15 20:24:00,72.92,72.96,72.96,72.94,38.3452346
2022-12-15 20:23:00,72.93,72.96,72.93,72.96,61.50942272
2022-12-15 20:22:00,72.92,72.94,72.92,72.94,320.74595681
2022-12-15 20:21:00,72.89,72.92,72.91,72.92,83.01308251
2022-12-15 20:20:00,72.87,72.91,72.9,72.91,357.88788115
2022-12-15 20:19:00,72.88,72.9,72.89,72.89,96.7787611
2022-12-15 20:18:00,72.85,72.9,72.88,72.89,88.83719425
2022-12-15 20:17:00,72.81,72.88,72.83,72.88,106.18712563
2022-12-15 20:16:00,72.81,72.83,72.82,72.83,40.39874325
2022-12-15 20:15:00,72.82,72.83,72.83,72.82,6.70905783
2022-12-15 20:14:00,72.79,72.86,72.83,72.82,53.39617349
2022-12-15 20:13:00,72.84,72.86,72.86,72.84,20.59548181
2022-12-15 20:12:00,72.84,72.87,72.86,72.85,134.66207698
2022-12-15 20:11:00,72.84,72.86,72.84,72.84,31.67774158
2022-12-15 20:10:00,72.84,72.88,72.87,72.86,82.11346244
2022-12-15 20:09:00,72.86,72.89,72.86,72.89,26.98118813
2022-12-15 20:08:00,72.86,72.9,72.86,72.88,27.59513857
2022-12-15 20:07:00,72.82,72.86,72.82,72.85,55.28721634
2022-12-15 20:06:00,72.8,72.85,72.81,72.83,236.75905339
2022-12-15 20:05:00,72.79,72.83,72.79,72.8,20.64297088
2022-12-15 20:04:00,72.78,72.81,72.8,72.81,57.19853825
2022-12-15 20:03:00,72.78,72.84,72.82,72.78,80.95357958
2022-12-15 20:02:00,72.77,72.82,72.79,72.82,77.43474772
2022-12-15 20:01:00,72.79,72.84,72.79,72.79,115.21015317
2022-12-15 20:00:00,72.74,72.8,72.75,72.8,157.43648182
2022-12-15 19:59:00,72.72,72.75,72.73,72.73,43.47423023
2022-12-15 19:58:00,72.67,72.72,72.72,72.7,38.51074829
2022-12-15 19:57:00,72.69,72.72,72.69,72.72,72.32262184
2022-12-15 19:56:00,72.66,72.74,72.7,72.7,106.46428035
2022-12-15 19:55:00,72.67,72.75,72.75,72.7,293.42737524
2022-12-15 19:54:00,72.71,72.77,72.71,72.76,79.42641161
2022-12-15 19:53:00,72.67,72.71,72.69,72.71,24.72143249
2022-12-15 19:52:00,72.68,72.75,72.72,72.69,326.00604735
2022-12-15 19:51:00,72.71,72.75,72.71,72.73,143.01648794
2022-12-15 19:50:00,72.72,72.74,72.73,72.74,45.2372406
2022-12-15 19:49:00,72.72,72.76,72.76,72.74,48.51263153
2022-12-15 19:48:00,72.7,72.75,72.74,72.74,150.83529157
2022-12-15 19:47:00,72.75,72.81,72.75,72.79,42.22987583
2022-12-15 19:46:00,72.77,72.81,72.77,72.78,38.4985017
2022-12-15 19:45:00,72.78,72.92,72.92,72.79,64.63649072
2022-12-15 19:44:00,72.9,72.94,72.9,72.92,255.14986256
2022-12-15 19:43:00,72.82,72.89,72.83,72.89,115.15583155
2022-12-15 19:42:00,72.78,72.85,72.8,72.82,138.13308101
2022-12-15 19:41:00,72.76,72.8,72.76,72.8,56.14213821
2022-12-15 19:40:00,72.75,72.85,72.83,72.75,149.1997157
2022-12-15 19:39:00,72.79,72.86,72.84,72.86,91.97870865
2022-12-15 19:38:00,72.81,72.84,72.84,72.83,9.47503932
2022-12-15 19:37:00,72.72,72.85,72.72,72.79,958.94359626
2022-12-15 19:36:00,72.69,72.73,72.72,72.71,27.83002261
2022-12-15 19:35:00,72.72,72.77,72.77,72.72,49.04252619
2022-12-15 19:34:00,72.73,72.78,72.73,72.77,148.15979843
2022-12-15 19:33:00,72.71,72.78,72.71,72.74,367.44199004
2022-12-15 19:32:00,72.67,72.71,72.67,72.71,33.8736959
2022-12-15 19:31:00,72.66,72.74,72.74,72.66,211.4742817
2022-12-15 19:30:00,72.72,72.77,72.73,72.74,65.16439564
2022-12-15 19:29:00,72.69,72.76,72.69,72.73,235.54140069
2022-12-15 19:28:00,72.67,72.7,72.69,72.7,56.33594026
2022-12-15 19:27:00,72.65,72.72,72.66,72.69,42.99718902
2022-12-15 19:26:00,72.63,72.69,72.65,72.65,55.42035484
2022-12-15 19:25:00,72.63,72.69,72.69,72.65,74.86761441
2022-12-15 19:24:00,72.68,72.72,72.72,72.68,40.50138094
2022-12-15 19:23:00,72.72,72.77,72.76,72.72,1092.99701789
2022-12-15 19:22:00,72.69,72.76,72.72,72.76,70.87569254
2022-12-15 19:21:00,72.66,72.71,72.67,72.71,57.30347809
2022-12-15 19:20:00,72.64,72.71,72.71,72.69,113.22619218
2022-12-15 19:19:00,72.67,72.8,72.67,72.73,294.25144538
2022-12-15 19:18:00,72.6,72.66,72.6,72.66,14.35820365
2022-12-15 19:17:00,72.58,72.61,72.58,72.6,65.7493213
2022-12-15 19:16:00,72.52,72.58,72.52,72.55,201.23021098
2022-12-15 19:15:00,72.5,72.53,72.52,72.51,127.72175085
2022-12-15 19:14:00,72.49,72.52,72.5,72.52,46.23158529
2022-12-15 19:13:00,72.49,72.54,72.53,72.49,151.45426661
2022-12-15 19:12:00,72.51,72.56,72.54,72.54,33.66243546
2022-12-15 19:11:00,72.55,72.62,72.57,72.55,277.18297947
2022-12-15 19:10:00,72.51,72.58,72.52,72.56,82.22126432
2022-12-15 19:09:00,72.52,72.56,72.53,72.52,27.93817779
2022-12-15 19:08:00,72.54,72.62,72.61,72.55,81.77044046
2022-12-15 19:07:00,72.53,72.62,72.54,72.61,258.41151146
2022-12-15 19:06:00,72.5,72.54,72.53,72.54,53.43877911
2022-12-15 19:05:00,72.48,72.57,72.57,72.5,55.75255629
2022-12-15 19:04:00,72.55,72.66,72.66,72.55,197.57465185
2022-12-15 19:03:00,72.64,72.69,72.64,72.67,172.88239495
2022-12-15 19:02:00,72.62,72.69,72.69,72.66,216.76362194
2022-12-15 19:01:00,72.62,72.69,72.63,72.69,51.32677945
2022-12-15 19:00:00,72.57,72.63,72.59,72.6,43.05986517
2022-12-15 18:59:00,72.5,72.57,72.52,72.52,100.63437201
2022-12-15 18:58:00,72.44,72.56,72.49,72.52,132.97159997
2022-12-15 18:57:00,72.42,72.54,72.42,72.5,766.04615529
2022-12-15 18:56:00,72.33,72.38,72.36,72.38,97.75451991
2022-12-15 18:55:00,72.31,72.41,72.33,72.37,329.48091049
2022-12-15 18:54:00,72.28,72.39,72.39,72.33,196.65500206
2022-12-15 18:53:00,72.28,72.43,72.28,72.4,516.09316719
2022-12-15 18:52:00,72.24,72.39,72.39,72.27,180.63015346
2022-12-15 18:51:00,72.32,72.39,72.39,72.38,116.90401292
2022-12-15 18:50:00,72.19,72.38,72.31,72.38,728.97273091
2022-12-15 18:49:00,72.15,72.37,72.19,72.37,744.90981175
2022-12-15 18:48:00,72.02,72.44,72.44,72.2,2119.2535211
2022-12-15 18:47:00,72.34,72.45,72.41,72.45,139.30884671
2022-12-15 18:46:00,72.41,72.48,72.47,72.42,374.43453694
2022-12-15 18:45:00,72.48,72.53,72.5,72.49,105.4026196
2022-12-15 18:44:00,72.49,72.54,72.5,72.5,123.46789275
2022-12-15 18:43:00,72.52,72.59,72.59,72.52,372.52301748
2022-12-15 18:42:00,72.59,72.64,72.61,72.61,83.50687873
2022-12-15 18:41:00,72.6,72.66,72.64,72.6,341.33069392
2022-12-15 18:40:00,72.58,72.64,72.58,72.62,142.1469525
2022-12-15 18:39:00,72.51,72.61,72.53,72.61,37.81964857
2022-12-15 18:38:00,72.47,72.58,72.53,72.51,334.29101589
2022-12-15 18:37:00,72.43,72.52,72.45,72.52,488.87822338
2022-12-15 18:36:00,72.42,72.49,72.49,72.45,13.90144238
2022-12-15 18:35:00,72.43,72.56,72.51,72.47,918.34522942
2022-12-15 18:34:00,72.17,72.55,72.5,72.5,2157.09756439
2022-12-15 18:33:00,72.49,72.63,72.55,72.49,143.83589115
2022-12-15 18:32:00,72.51,72.63,72.61,72.55,442.32926875
2022-12-15 18:31:00,72.56,72.74,72.74,72.63,355.38092256
2022-12-15 18:30:00,72.69,72.75,72.69,72.74,70.09212148
2022-12-15 18:29:00,72.67,72.72,72.72,72.71,387.20844509
2022-12-15 18:28:00,72.66,72.74,72.66,72.73,125.11439404
2022-12-15 18:27:00,72.65,72.73,72.73,72.68,37.41644295
2022-12-15 18:26:00,72.59,72.74,72.66,72.73,998.32134806
2022-12-15 18:25:00,72.67,72.79,72.75,72.68,516.71842447
2022-12-15 18:24:00,72.75,72.8,72.78,72.77,233.19640378
2022-12-15 18:23:00,72.74,72.84,72.82,72.81,58.86688133
2022-12-15 18:22:00,72.81,72.94,72.86,72.84,433.82679552
2022-12-15 18:21:00,72.9,73.0,73.0,72.9,613.16560657
2022-12-15 18:20:00,72.98,73.0,72.98,72.98,77.76625105
2022-12-15 18:19:00,72.95,72.98,72.98,72.98,262.72041765
2022-12-15 18:18:00,72.97,73.01,73.0,72.98,91.21455118
2022-12-15 18:17:00,72.98,73.02,73.02,72.98,74.29599767
2022-12-15 18:16:00,72.96,73.03,73.03,73.03,817.73758778
2022-12-15 18:15:00,73.02,73.08,73.03,73.03,828.44061652
2022-12-15 18:14:00,72.93,73.06,72.94,73.03,1831.14696482
2022-12-15 18:13:00,72.9,72.95,72.94,72.92,282.28733923
2022-12-15 18:12:00,72.9,72.97,72.96,72.94,314.81621856
2022-12-15 18:11:00,72.85,72.96,72.89,72.96,600.12443531
2022-12-15 18:10:00,72.84,72.98,72.92,72.84,123.09102159
2022-12-15 18:09:00,72.81,72.96,72.82,72.93,142.80239029
2022-12-15 18:08:00,72.75,72.91,72.76,72.83,480.36971265
2022-12-15 18:07:00,72.61,72.78,72.67,72.78,598.74296842
2022-12-15 18:06:00,72.45,73.07,73.07,72.69,5028.62929473
2022-12-15 18:05:00,73.05,73.08,73.06,73.07,12.55910811
2022-12-15 18:04:00,73.05,73.09,73.08,73.08,59.5751854
2022-12-15 18:03:00,73.08,73.12,73.12,73.09,101.9930757
2022-12-15 18:02:00,73.11,73.17,73.15,73.12,268.94908211
2022-12-15 18:01:00,73.08,73.17,73.09,73.17,428.36315829
2022-12-15 18:00:00,73.08,73.12,73.11,73.1,175.11371638
2022-12-15 17:59:00,73.05,73.09,73.07,73.09,267.81946161
2022-12-15 17:58:00,73.06,73.12,73.06,73.09,338.51801224
2022-12-15 17:57:00,73.05,73.13,73.13,73.09,1034.74586584
2022-12-15 17:56:00,73.12,73.2,73.19,73.13,85.11699449
2022-12-15 17:55:00,73.19,73.28,73.25,73.21,219.88043992
2022-12-15 17:54:00,73.24,73.29,73.24,73.27,115.73108482
2022-12-15 17:53:00,73.19,73.24,73.22,73.24,72.58202668
2022-12-15 17:52:00,73.22,73.28,73.27,73.22,101.32057918
2022-12-15 17:51:00,73.23,73.28,73.25,73.28,53.21982959
2022-12-15 17:50:00,73.23,73.33,73.33,73.25,54.02956998
2022-12-15 17:49:00,73.31,73.34,73.32,73.34,54.43732138
2022-12-15 17:48:00,73.29,73.34,73.29,73.33,89.90484667
2022-12-15 17:47:00,73.26,73.3,73.28,73.3,221.44832947
2022-12-15 17:46:00,73.26,73.29,73.29,73.28,18.85081035
2022-12-15 17:45:00,73.25,73.29,73.25,73.29,29.45645603
2022-12-15 17:44:00,73.23,73.29,73.29,73.26,163.55616607
2022-12-15 17:43:00,73.26,73.29,73.29,73.27,12.80217908
2022-12-15 17:42:00,73.29,73.32,73.29,73.3,86.18823346
2022-12-15 17:41:00,73.25,73.3,73.27,73.3,19.78920787
2022-12-15 17:40:00,73.26,73.29,73.27,73.27,47.77484969
2022-12-15 17:39:00,73.25,73.29,73.26,73.29,89.8142235
2022-12-15 17:38:00,73.26,73.3,73.28,73.27,74.13449453
2022-12-15 17:37:00,73.23,73.26,73.25,73.26,13.77399905
2022-12-15 17:36:00,73.25,73.33,73.32,73.25,1250.86049646
2022-12-15 17:35:00,73.31,73.38,73.35,73.32,435.26561483
2022-12-15 17:34:00,73.33,73.38,73.35,73.37,19.25793235
2022-12-15 17:33:00,73.35,73.39,73.38,73.36,22.78037051
2022-12-15 17:32:00,73.35,73.4,73.4,73.38,40.96964747
2022-12-15 17:31:00,73.36,73.39,73.38,73.39,33.10808773
2022-12-15 17:30:00,73.37,73.39,73.37,73.38,47.1343823
2022-12-15 17:29:00,73.36,73.43,73.42,73.37,238.83185685
2022-12-15 17:28:00,73.41,73.43,73.43,73.42,164.60287383
2022-12-15 17:27:00,73.42,73.45,73.43,73.43,24.2399811
2022-12-15 17:26:00,73.41,73.45,73.42,73.42,153.49257058
2022-12-15 17:25:00,73.41,73.44,73.41,73.42,152.5456601
2022-12-15 17:24:00,73.41,73.45,73.44,73.42,69.89164434
2022-12-15 17:23:00,73.42,73.48,73.48,73.43,138.12711733
2022-12-15 17:22:00,73.46,73.51,73.51,73.48,82.00060712
2022-12-15 17:21:00,73.44,73.51,73.46,73.51,51.28491623
2022-12-15 17:20:00,73.44,73.51,73.5,73.46,88.58543981
2022-12-15 17:19:00,73.47,73.5,73.49,73.49,62.39068011
2022-12-15 17:18:00,73.46,73.52,73.46,73.51,153.35276643
2022-12-15 17:17:00,73.36,73.48,73.39,73.45,290.50568722
2022-12-15 17:16:00,73.35,73.44,73.35,73.39,832.69993086
2022-12-15 17:15:00,73.35,73.41,73.4,73.35,11.98996296
2022-12-15 17:14:00,73.36,73.4,73.38,73.39,135.86174215
2022-12-15 17:13:00,73.32,73.39,73.35,73.39,109.20268875
2022-12-15 17:12:00,73.29,73.36,73.3,73.36,127.90287965
2022-12-15 17:11:00,73.27,73.37,73.36,73.27,149.65113262
2022-12-15 17:10:00,73.37,73.42,73.4,73.37,45.01214769
2022-12-15 17:09:00,73.39,73.44,73.42,73.41,82.18493178
2022-12-15 17:08:00,73.41,73.44,73.43,73.43,32.09209074
2022-12-15 17:07:00,73.41,73.48,73.47,73.42,120.85021116
2022-12-15 17:06:00,73.42,73.5,73.43,73.47,169.37960592
2022-12-15 17:05:00,73.39,73.52,73.51,73.4,28.09507609
2022-12-15 17:04:00,73.5,73.52,73.52,73.52,27.83764585
2022-12-15 17:03:00,73.5,73.55,73.52,73.52,122.96192005
2022-12-15 17:02:00,73.52,73.6,73.58,73.52,232.54087397
2022-12-15 17:01:00,73.5,73.6,73.51,73.59,24.86238298
2022-12-15 17:00:00,73.48,73.53,73.51,73.51,47.92275295
2022-12-15 16:59:00,73.51,73.57,73.57,73.53,13.62360283
2022-12-15 16:58:00,73.5,73.56,73.51,73.54,39.88177538
2022-12-15 16:57:00,73.44,73.53,73.45,73.5,29.85237801
2022-12-15 16:56:00,73.43,73.48,73.46,73.47,48.24191779
2022-12-15 16:55:00,73.48,73.55,73.5,73.49,88.16573745
2022-12-15 16:54:00,73.5,73.57,73.56,73.52,136.68662442
2022-12-15 16:53:00,73.44,73.54,73.44,73.54,164.40035363
2022-12-15 16:52:00,73.28,73.41,73.28,73.41,148.57090977
2022-12-15 16:51:00,73.2,73.27,73.23,73.25,571.90325156
2022-12-15 16:50:00,73.18,73.27,73.26,73.21,626.33984401
2022-12-15 16:49:00,73.24,73.4,73.38,73.28,511.74596628
2022-12-15 16:48:00,73.3,73.36,73.34,73.36,504.03696038
2022-12-15 16:47:00,73.34,73.39,73.38,73.35,146.10279996
2022-12-15 16:46:00,73.38,73.49,73.46,73.38,793.15079383
2022-12-15 16:45:00,73.43,73.46,73.44,73.45,678.48037148
2022-12-15 16:44:00,73.42,73.47,73.47,73.45,432.7754698
2022-12-15 16:43:00,73.4,73.46,73.42,73.44,113.25269655
2022-12-15 16:42:00,73.41,73.49,73.49,73.42,210.46079996
2022-12-15 16:41:00,73.47,73.53,73.53,73.49,130.28942649
2022-12-15 16:40:00,73.52,73.59,73.57,73.53,68.12359839
2022-12-15 16:39:00,73.55,73.65,73.59,73.58,151.55803473
2022-12-15 16:38:00,73.53,73.59,73.55,73.58,47.37200727
2022-12-15 16:37:00,73.34,73.52,73.43,73.52,457.57342872
2022-12-15 16:36:00,73.43,73.54,73.47,73.44,382.10659837
2022-12-15 16:35:00,73.4,73.49,73.42,73.48,120.8774772
2022-12-15 16:34:00,73.37,73.41,73.38,73.39,128.47960926
2022-12-15 16:33:00,73.36,73.47,73.44,73.37,269.12220515
2022-12-15 16:32:00,73.44,73.48,73.47,73.45,88.4673451
2022-12-15 16:31:00,73.47,73.59,73.59,73.47,106.73913921
2022-12-15 16:30:00,73.51,73.57,73.51,73.57,171.07601586
2022-12-15 16:29:00,73.5,73.55,73.5,73.52,37.06146163
2022-12-15 16:28:00,73.49,73.58,73.52,73.51,193.08036529
2022-12-15 16:27:00,73.48,73.53,73.48,73.53,54.31163554
2022-12-15 16:26:00,73.46,73.58,73.58,73.48,154.74294307
2022-12-15 16:25:00,73.53,73.59,73.57,73.54,446.85296436
2022-12-15 16:24:00,73.55,73.59,73.56,73.58,52.40992975
2022-12-15 16:23:00,73.56,73.6,73.57,73.57,135.86770865
2022-12-15 16:22:00,73.52,73.57,73.57,73.57,280.90616875
2022-12-15 16:21:00,73.57,73.64,73.64,73.59,258.35525061
2022-12-15 16:20:00,73.63,73.67,73.63,73.65,126.66167455
2022-12-15 16:19:00,73.61,73.66,73.63,73.63,154.37846009
2022-12-15 16:18:00,73.55,73.65,73.57,73.62,244.6374821
2022-12-15 16:17:00,73.58,73.65,73.65,73.6,53.24083701
2022-12-15 16:16:00,73.56,73.66,73.66,73.64,246.20648381
2022-12-15 16:15:00,73.64,73.83,73.82,73.67,529.06021794
2022-12-15 16:14:00,73.8,73.85,73.8,73.85,66.41605279
2022-12-15 16:13:00,73.8,73.84,73.84,73.81,136.66565055
2022-12-15 16:12:00,73.81,73.87,73.85,73.84,190.71973323
2022-12-15 16:11:00,73.83,73.92,73.92,73.83,364.39874538
2022-12-15 16:10:00,73.86,73.92,73.87,73.89,176.30047575
2022-12-15 16:09:00,73.82,73.87,73.82,73.87,46.80389034
2022-12-15 16:08:00,73.8,73.84,73.84,73.82,16.21940534
2022-12-15 16:07:00,73.82,73.87,73.87,73.84,215.18008548
2022-12-15 16:06:00,73.85,73.92,73.92,73.87,49.97169463
2022-12-15 16:05:00,73.9,74.03,74.03,73.91,75.51018998
2022-12-15 16:04:00,73.98,74.03,74.01,74.02,70.07346259
2022-12-15 16:03:00,73.97,74.01,73.97,74.01,26.75648104
2022-12-15 16:02:00,73.94,73.98,73.95,73.98,42.74931013
2022-12-15 16:01:00,73.94,73.96,73.95,73.95,28.32643421
2022-12-15 16:00:00,73.93,74.0,73.99,73.96,16.67768123
2022-12-15 15:59:00,73.95,73.98,73.97,73.97,115.6883297
2022-12-15 15:58:00,73.95,73.98,73.95,73.96,34.8335933
2022-12-15 15:57:00,73.92,73.95,73.93,73.95,95.34929952
2022-12-15 15:56:00,73.92,73.96,73.94,73.93,129.33925718
2022-12-15 15:55:00,73.91,73.94,73.93,73.94,10.92360397
2022-12-15 15:54:00,73.87,73.93,73.9,73.92,19.63298068
2022-12-15 15:53:00,73.87,73.9,73.9,73.9,29.12700727
2022-12-15 15:52:00,73.86,73.9,73.9,73.88,55.13109577
2022-12-15 15:51:00,73.86,73.93,73.88,73.9,97.23596865
2022-12-15 15:50:00,73.89,73.92,73.91,73.89,17.38349582
2022-12-15 15:49:00,73.82,73.93,73.89,73.9,1076.76456169
2022-12-15 15:48:00,73.78,73.94,73.91,73.94,739.06755336
2022-12-15 15:47:00,73.87,73.99,73.97,73.87,335.83704472
2022-12-15 15:46:00,73.94,74.01,74.0,73.97,268.8543435
2022-12-15 15:45:00,73.92,74.01,73.94,74.01,52.78221738
2022-12-15 15:44:00,73.92,74.0,73.99,73.93,125.51129599
2022-12-15 15:43:00,73.85,74.0,73.85,73.99,36.40913782
2022-12-15 15:42:00,73.84,73.92,73.9,73.87,70.30374482
2022-12-15 15:41:00,73.88,73.94,73.93,73.9,146.98112248
2022-12-15 15:40:00,73.96,74.03,74.03,73.96,35.07422636
2022-12-15 15:39:00,74.03,74.06,74.05,74.05,42.81745206
2022-12-15 15:38:00,74.01,74.06,74.01,74.05,16.62758163
2022-12-15 15:37:00,74.01,74.08,74.06,74.03,109.14591787
2022-12-15 15:36:00,74.03,74.06,74.05,74.06,12.0588525
2022-12-15 15:35:00,74.0,74.05,74.02,74.05,74.03307419
2022-12-15 15:34:00,74.03,74.08,74.04,74.04,36.99978993
2022-12-16 01:34:00,72.77,72.84,72.83,72.79,31.67788503
2022-12-16 01:33:00,72.82,72.85,72.85,72.82,10.29949492
2022-12-16 01:32:00,72.83,72.86,72.85,72.83,26.91585942
2022-12-16 01:31:00,72.81,72.87,72.87,72.85,26.5783416
2022-12-16 01:30:00,72.84,72.89,72.84,72.87,55.35101698
2022-12-16 01:29:00,72.84,72.87,72.85,72.86,9.83126767
2022-12-16 01:28:00,72.8,72.88,72.8,72.84,142.52296388
2022-12-16 01:27:00,72.81,72.85,72.84,72.83,19.22069353
2022-12-16 01:26:00,72.81,72.87,72.87,72.85,47.83102392
2022-12-16 01:25:00,72.85,72.89,72.85,72.88,21.41195989
2022-12-16 01:24:00,72.83,72.91,72.85,72.85,202.22599474
2022-12-16 01:23:00,72.82,72.92,72.92,72.83,104.56326754
2022-12-16 01:22:00,72.87,72.95,72.88,72.91,66.90569923
2022-12-16 01:21:00,72.88,72.91,72.9,72.88,107.48711358
2022-12-16 01:20:00,72.89,72.98,72.95,72.89,145.78297317
2022-12-16 01:19:00,72.92,72.98,72.97,72.96,36.94724245
2022-12-16 01:18:00,72.94,73.02,72.99,72.96,49.51237664
2022-12-16 01:17:00,72.99,73.05,73.03,73.01,8.12656453
2022-12-16 01:16:00,73.05,73.09,73.09,73.05,16.61329524
2022-12-16 01:15:00,73.05,73.11,73.05,73.06,67.48686485
2022-12-16 01:14:00,72.97,73.06,72.99,73.06,24.8900458
2022-12-16 01:13:00,72.97,73.02,73.01,72.99,31.92976197
2022-12-16 01:12:00,72.97,73.07,73.07,73.02,70.13055335
2022-12-16 01:11:00,73.06,73.1,73.08,73.06,63.13029904
2022-12-16 01:10:00,73.05,73.1,73.06,73.08,76.45526847
2022-12-16 01:09:00,73.01,73.06,73.04,73.06,77.77814886
2022-12-16 01:08:00,73.02,73.07,73.02,73.04,123.74767866
2022-12-16 01:07:00,72.95,73.02,72.98,73.02,175.66846066
2022-12-16 01:06:00,72.97,73.0,73.0,72.99,713.55964532
2022-12-16 01:05:00,73.01,73.05,73.04,73.02,17.21023425
2022-12-16 01:04:00,73.03,73.08,73.08,73.06,9.76220164
2022-12-16 01:03:00,73.04,73.11,73.09,73.08,324.85801596
2022-12-16 01:02:00,73.05,73.12,73.06,73.12,171.42872675
2022-12-16 01:01:00,73.04,73.15,73.15,73.06,259.07081976
2022-12-16 01:00:00,73.13,73.19,73.18,73.14,51.79564112
2022-12-16 00:59:00,73.16,73.18,73.17,73.18,13.32338132
2022-12-16 00:58:00,73.13,73.18,73.13,73.17,74.75247321
2022-12-16 00:57:00,73.12,73.15,73.14,73.13,49.17795328
2022-12-16 00:56:00,73.15,73.19,73.19,73.15,34.90554454
2022-12-16 00:55:00,73.19,73.28,73.27,73.2,106.61567281
2022-12-16 00:54:00,73.22,73.28,73.22,73.28,57.88964892
2022-12-16 00:53:00,73.2,73.32,73.29,73.23,186.20624989
2022-12-16 00:52:00,73.25,73.31,73.25,73.28,215.56938698
2022-12-16 00:51:00,73.24,73.29,73.25,73.24,100.87956251
2022-12-16 00:50:00,73.24,73.33,73.29,73.25,110.46149914
2022-12-16 00:49:00,73.23,73.34,73.24,73.29,249.89020917
2022-12-16 00:48:00,73.17,73.27,73.2,73.25,75.34609769
2022-12-16 00:47:00,73.13,73.21,73.14,73.2,182.98301353
2022-12-16 00:46:00,73.1,73.16,73.1,73.14,100.67849845
2022-12-16 00:45:00,73.08,73.16,73.14,73.08,162.06700533
2022-12-16 00:44:00,73.12,73.18,73.18,73.14,74.56009292
2022-12-16 00:43:00,73.13,73.21,73.21,73.18,79.47989456
2022-12-16 00:42:00,73.1,73.3,73.17,73.14,644.11512933
2022-12-16 00:41:00,73.05,73.17,73.07,73.16,113.84841954
2022-12-16 00:40:00,73.0,73.08,73.02,73.07,253.91589559
2022-12-16 00:39:00,72.98,73.07,73.07,73.01,88.2143312
2022-12-16 00:38:00,73.03,73.07,73.04,73.07,12.5270999
2022-12-16 00:37:00,72.96,73.04,72.99,73.04,32.98215957
2022-12-16 00:36:00,72.95,73.01,72.95,72.96,30.22379715
2022-12-16 00:35:00,72.92,72.98,72.92,72.96,53.18256664
2022-12-16 00:34:00,72.85,72.94,72.91,72.91,209.13282651
2022-12-16 00:33:00,72.83,72.91,72.84,72.91,201.39201196
2022-12-16 00:32:00,72.83,72.86,72.83,72.84,44.65753833
2022-12-16 00:31:00,72.76,72.83,72.8,72.81,149.81633955
2022-12-16 00:30:00,72.77,72.84,72.81,72.79,32.70666557
2022-12-16 00:29:00,72.84,72.89,72.84,72.85,61.73326761
2022-12-16 00:28:00,72.76,72.86,72.76,72.86,212.6868105
2022-12-16 00:27:00,72.73,72.78,72.76,72.77,73.67709365
2022-12-16 00:26:00,72.72,72.79,72.74,72.76,175.80633058
2022-12-16 00:25:00,72.69,72.75,72.74,72.71,237.65674963
2022-12-16 00:24:00,72.7,72.81,72.71,72.74,126.0884346
2022-12-16 00:23:00,72.64,72.72,72.64,72.72,81.35233942
2022-12-16 00:22:00,72.56,72.68,72.57,72.63,450.0776783
2022-12-16 00:21:00,72.56,72.62,72.56,72.57,99.86885062
2022-12-16 00:20:00,72.51,72.57,72.53,72.56,28.23970837
2022-12-16 00:19:00,72.5,72.64,72.59,72.5,90.61469403
2022-12-16 00:18:00,72.56,72.61,72.58,72.59,130.89866895
2022-12-16 00:17:00,72.51,72.58,72.53,72.58,244.0058399
2022-12-16 00:16:00,72.48,72.54,72.49,72.54,48.20415556
2022-12-16 00:15:00,72.46,72.51,72.51,72.5,70.01510817
2022-12-16 00:14:00,72.44,72.51,72.48,72.5,77.41606302
2022-12-16 00:13:00,72.41,72.52,72.49,72.46,225.98035818
2022-12-16 00:12:00,72.42,72.51,72.43,72.51,122.80276057
2022-12-16 00:11:00,72.38,72.42,72.39,72.41,190.72159023
2022-12-16 00:10:00,72.31,72.39,72.35,72.39,327.64293779
2022-12-16 00:09:00,72.27,72.35,72.27,72.33,234.04017985
2022-12-16 00:08:00,72.27,72.3,72.27,72.28,239.6800448
2022-12-16 00:07:00,72.24,72.29,72.29,72.27,549.27797626
2022-12-16 00:06:00,72.27,72.36,72.36,72.28,314.17191948
2022-12-16 00:05:00,72.36,72.45,72.45,72.37,237.50476672
2022-12-16 00:04:00,72.46,72.53,72.46,72.48,304.89138883
2022-12-16 00:03:00,72.44,72.52,72.47,72.47,66.83024178
2022-12-16 00:02:00,72.38,72.5,72.39,72.46,493.8636889
2022-12-16 00:01:00,72.33,72.4,72.34,72.39,200.79325299
2022-12-16 00:00:00,72.34,72.43,72.43,72.35,354.77938378
2022-12-15 23:59:00,72.36,72.44,72.37,72.44,57.45614377
2022-12-15 23:58:00,72.34,72.37,72.36,72.35,95.73808442
2022-12-15 23:57:00,72.31,72.38,72.33,72.38,73.04314548
2022-12-15 23:56:00,72.31,72.39,72.32,72.33,184.13995439
2022-12-15 23:55:00,72.26,72.35,72.26,72.31,128.48989814
2022-12-15 23:54:00,72.14,72.26,72.23,72.26,818.09101609
2022-12-15 23:53:00,72.17,72.26,72.24,72.25,490.92371259
2022-12-15 23:52:00,72.25,72.29,72.29,72.25,198.79977488
2022-12-15 23:51:00,72.25,72.32,72.32,72.28,146.63478942
2022-12-15 23:50:00,72.27,72.31,72.27,72.31,61.86147953
2022-12-15 23:49:00,72.24,72.31,72.24,72.29,257.65319228
2022-12-15 23:48:00,72.2,72.35,72.33,72.25,269.34805387
2022-12-15 23:47:00,72.26,72.34,72.26,72.3,271.66196792
2022-12-15 23:46:00,72.22,72.28,72.25,72.24,190.03453016
2022-12-15 23:45:00,72.17,72.25,72.17,72.25,31.59376916
2022-12-15 23:44:00,72.13,72.2,72.15,72.17,180.59481717
2022-12-15 23:43:00,72.09,72.15,72.1,72.14,324.93459797
2022-12-15 23:42:00,72.03,72.17,72.03,72.11,517.03342709
2022-12-15 23:41:00,72.02,72.07,72.03,72.04,342.66163042
2022-12-15 23:40:00,71.9,72.05,71.92,72.04,273.08747421
2022-12-15 23:39:00,71.76,72.16,72.16,71.88,2976.59155852
2022-12-15 23:38:00,72.15,72.23,72.23,72.19,1095.27400217
2022-12-15 23:37:00,72.22,72.39,72.37,72.26,682.12104749
2022-12-15 23:36:00,72.29,72.35,72.31,72.35,138.66837138
2022-12-15 23:35:00,72.26,72.41,72.4,72.3,427.96021088
2022-12-15 23:34:00,72.37,72.46,72.45,72.42,323.8506212
2022-12-15 23:33:00,72.43,72.47,72.46,72.46,78.42463929
2022-12-15 23:32:00,72.47,72.53,72.53,72.47,27.92888805
2022-12-15 23:31:00,72.5,72.54,72.5,72.53,33.95895578
2022-12-15 23:30:00,72.47,72.54,72.54,72.49,95.86860228
2022-12-15 23:29:00,72.53,72.57,72.55,72.55,26.16328844
2022-12-15 23:28:00,72.51,72.57,72.51,72.54,71.0678856
2022-12-15 23:27:00,72.48,72.54,72.49,72.51,145.53224201
2022-12-15 23:26:00,72.49,72.56,72.52,72.49,43.34425073
2022-12-15 23:25:00,72.46,72.53,72.46,72.51,26.26375255
2022-12-15 23:24:00,72.43,72.54,72.53,72.45,52.03295146
2022-12-15 23:23:00,72.54,72.58,72.56,72.56,58.65842845
2022-12-15 23:22:00,72.54,72.61,72.61,72.55,58.72423927
2022-12-15 23:21:00,72.57,72.64,72.62,72.58,169.58267513
2022-12-15 23:20:00,72.6,72.64,72.61,72.62,49.52075703
2022-12-15 23:19:00,72.57,72.64,72.59,72.63,44.50072145
2022-12-15 23:18:00,72.52,72.59,72.55,72.59,36.37973881
2022-12-15 23:17:00,72.45,72.56,72.53,72.54,189.03068151
2022-12-15 23:16:00,72.5,72.56,72.56,72.53,11.94323769
2022-12-15 23:15:00,72.56,72.61,72.6,72.56,107.97209164
2022-12-15 23:14:00,72.58,72.63,72.6,72.58,81.6324773
2022-12-15 23:13:00,72.59,72.64,72.64,72.59,33.54836589
2022-12-15 23:12:00,72.63,72.67,72.67,72.65,31.99772716
2022-12-15 23:11:00,72.61,72.67,72.63,72.67,38.48731636
2022-12-15 23:10:00,72.63,72.71,72.69,72.65,33.83899683
2022-12-15 23:09:00,72.67,72.71,72.7,72.69,46.3934175
2022-12-15 23:08:00,72.67,72.72,72.7,72.69,114.48578151
2022-12-15 23:07:00,72.68,72.75,72.75,72.71,84.78903194
2022-12-15 23:06:00,72.7,72.75,72.72,72.75,122.74887332
2022-12-15 23:05:00,72.68,72.73,72.68,72.72,39.63723913
2022-12-15 23:04:00,72.63,72.68,72.64,72.68,27.59130271
2022-12-15 23:03:00,72.49,72.65,72.64,72.63,236.676555
2022-12-15 23:02:00,72.56,72.65,72.56,72.63,87.53932222
2022-12-15 23:01:00,72.54,72.57,72.55,72.57,25.85137661
2022-12-15 23:00:00,72.51,72.57,72.53,72.57,24.29533128
2022-12-15 22:59:00,72.47,72.51,72.5,72.47,24.43554839
2022-12-15 22:58:00,72.52,72.55,72.55,72.52,59.57550889
2022-12-15 22:57:00,72.57,72.59,72.59,72.58,45.63131903
2022-12-15 22:56:00,72.57,72.6,72.58,72.58,35.71307567
2022-12-15 22:55:00,72.54,72.58,72.55,72.58,15.34453307
2022-12-15 22:54:00,72.47,72.57,72.49,72.57,41.67268418
2022-12-15 22:53:00,72.47,72.58,72.57,72.49,40.27361243
2022-12-15 22:52:00,72.54,72.58,72.55,72.57,36.20173197
2022-12-15 22:51:00,72.46,72.55,72.49,72.55,225.57571835
2022-12-15 22:50:00,72.51,72.59,72.59,72.51,81.02080224
2022-12-15 22:49:00,72.58,72.62,72.62,72.59,58.11612607
2022-12-15 22:48:00,72.6,72.68,72.68,72.61,30.97960721
2022-12-15 22:47:00,72.53,72.69,72.53,72.69,38.73034478
2022-12-15 22:46:00,72.5,72.54,72.5,72.54,45.79873293
2022-12-15 22:45:00,72.46,72.5,72.48,72.5,49.68445531
2022-12-15 22:44:00,72.4,72.49,72.42,72.49,450.02662101
2022-12-15 22:43:00,72.39,72.46,72.39,72.42,118.3742858
2022-12-15 22:42:00,72.36,72.45,72.45,72.39,98.01023815
2022-12-15 22:41:00,72.44,72.55,72.53,72.45,232.03417998
2022-12-15 22:40:00,72.47,72.54,72.5,72.51,103.19061359
2022-12-15 22:39:00,72.49,72.52,72.52,72.51,15.12793504
2022-12-15 22:38:00,72.52,72.64,72.61,72.54,205.09606976
2022-12-15 22:37:00,72.61,72.65,72.65,72.64,39.96166455
2022-12-15 22:36:00,72.58,72.65,72.58,72.65,32.3503971
2022-12-15 22:35:00,72.56,72.58,72.57,72.58,50.43721223
2022-12-15 22:34:00,72.55,72.61,72.55,72.59,104.07661977
2022-12-15 22:33:00,72.49,72.55,72.5,72.55,61.08404102
2022-12-15 22:32:00,72.46,72.55,72.55,72.46,23.03048921
2022-12-15 22:31:00,72.55,72.6,72.6,72.56,28.17999146
2022-12-15 22:30:00,72.6,72.67,72.67,72.63,12.06791727
2022-12-15 22:29:00,72.66,72.71,72.69,72.69,22.04411926
2022-12-15 22:28:00,72.65,72.7,72.68,72.7,48.51187617
2022-12-15 22:27:00,72.65,72.7,72.66,72.66,292.78704769
2022-12-15 22:26:00,72.64,72.69,72.68,72.67,192.53804132
2022-12-15 22:25:00,72.64,72.71,72.64,72.68,25.47457553
2022-12-15 22:24:00,72.55,72.67,72.56,72.64,234.71892221
2022-12-15 22:23:00,72.33,72.55,72.45,72.55,781.46550045
2022-12-15 22:22:00,72.44,72.53,72.51,72.46,85.63034766
2022-12-15 22:21:00,72.47,72.51,72.5,72.51,92.84126491
2022-12-15 22:20:00,72.47,72.56,72.55,72.48,203.51469067
2022-12-15 22:19:00,72.48,72.56,72.48,72.55,163.14431847
2022-12-15 22:18:00,72.43,72.5,72.5,72.49,208.41095874
2022-12-15 22:17:00,72.49,72.57,72.57,72.5,186.05021083
2022-12-15 22:16:00,72.55,72.59,72.59,72.56,39.10187612
2022-12-15 22:15:00,72.57,72.59,72.59,72.59,42.62877843
2022-12-15 22:14:00,72.54,72.63,72.61,72.58,624.68006563
2022-12-15 22:13:00,72.53,72.63,72.53,72.63,32.65859548
2022-12-15 22:12:00,72.5,72.53,72.51,72.52,48.87766956
2022-12-15 22:11:00,72.47,72.51,72.51,72.51,75.41241651
2022-12-15 22:10:00,72.48,72.54,72.54,72.5,88.63670207
2022-12-15 22:09:00,72.5,72.57,72.5,72.57,43.8795896
2022-12-15 22:08:00,72.49,72.59,72.51,72.5,28.02709601
2022-12-15 22:07:00,72.5,72.6,72.59,72.5,116.18371566
2022-12-15 22:06:00,72.51,72.59,72.51,72.59,50.41221078
2022-12-15 22:05:00,72.44,72.53,72.45,72.5,109.63385639
2022-12-15 22:04:00,72.45,72.53,72.52,72.46,270.20781156
2022-12-15 22:03:00,72.51,72.61,72.61,72.51,1508.62738189
2022-12-15 22:02:00,72.62,72.73,72.73,72.62,169.45832417
2022-12-15 22:01:00,72.65,72.73,72.66,72.73,96.41797386
2022-12-15 22:00:00,72.61,72.67,72.67,72.66,161.44345838
2022-12-15 21:59:00,72.62,72.7,72.62,72.66,148.05917841
2022-12-15 21:58:00,72.6,72.63,72.6,72.61,1828.95302531
2022-12-15 21:57:00,72.6,72.64,72.63,72.6,244.13919736
2022-12-15 21:56:00,72.6,72.65,72.65,72.63,525.2576908
2022-12-15 21:55:00,72.6,72.65,72.63,72.63,42.46459803
2022-12-15 21:54:00,72.61,72.66,72.65,72.64,33.46762734
2022-12-15 21:53:00,72.6,72.65,72.64,72.65,852.99242901
2022-12-15 21:52:00,72.62,72.68,72.62,72.64,125.28635988
2022-12-15 21:51:00,72.52,72.63,72.52,72.63,57.82294644
2022-12-15 21:50:00,72.5,72.61,72.59,72.52,264.65815367
2022-12-15 21:49:00,72.4,72.57,72.4,72.57,184.32618314
2022-12-15 21:48:00,72.3,72.39,72.3,72.39,107.54854433
2022-12-15 21:47:00,72.27,72.35,72.33,72.33,128.61753546
2022-12-15 21:46:00,72.2,72.37,72.2,72.33,125.10747679
2022-12-15 21:45:00,72.17,72.41,72.41,72.18,541.03459762
2022-12-15 21:44:00,72.27,72.48,72.43,72.38,739.96358374
2022-12-15 21:43:00,72.35,72.58,72.58,72.4,438.6643739
2022-12-15 21:42:00,72.54,72.58,72.56,72.56,9.95294261
2022-12-15 21:41:00,72.56,72.6,72.6,72.56,71.32184388
2022-12-15 21:40:00,72.52,72.6,72.56,72.6,80.14136064
2022-12-15 21:39:00,72.55,72.64,72.64,72.6,135.94541101
2022-12-15 21:38:00,72.63,72.67,72.66,72.63,102.52601371
2022-12-15 21:37:00,72.64,72.71,72.71,72.66,43.60975232
2022-12-15 21:36:00,72.66,72.73,72.73,72.7,446.94243287
2022-12-15 21:35:00,72.72,72.78,72.77,72.74,91.80805567
2022-12-15 21:34:00,72.69,72.79,72.7,72.79,99.34930114
2022-12-15 21:33:00,72.69,72.72,72.7,72.7,22.34232226
2022-12-15 21:32:00,72.67,72.71,72.68,72.71,99.40385269
2022-12-15 21:31:00,72.64,72.68,72.67,72.66,286.83557097
2022-12-15 21:30:00,72.65,72.74,72.74,72.67,257.11513123
2022-12-15 21:29:00,72.73,72.78,72.75,72.74,17.66179341
2022-12-15 21:28:00,72.65,72.78,72.69,72.77,208.77074972
2022-12-15 21:27:00,72.65,72.8,72.8,72.68,265.10249234
2022-12-15 21:26:00,72.78,72.81,72.81,72.78,15.11861934
2022-12-15 21:25:00,72.79,72.84,72.83,72.79,54.46557919
2022-12-15 21:24:00,72.81,72.95,72.9,72.82,1364.03144176
2022-12-15 21:23:00,72.86,72.9,72.87,72.9,67.20804364
2022-12-15 21:22:00,72.86,72.87,72.87,72.86,24.12411747
2022-12-15 21:21:00,72.88,72.9,72.9,72.88,17.20674498
2022-12-15 21:20:00,72.88,72.96,72.96,72.9,28.62311828
2022-12-15 21:19:00,72.95,72.98,72.95,72.95,61.84406284
2022-12-15 21:18:00,72.93,72.97,72.94,72.93,183.35255032
2022-12-15 21:17:00,72.93,73.02,73.01,72.93,910.20766528
2022-12-15 21:16:00,73.01,73.04,73.04,73.02,35.17336736
2022-12-15 21:15:00,73.0,73.04,73.0,73.04,146.23143239
2022-12-15 21:14:00,72.99,73.02,73.01,73.01,31.75446407
2022-12-15 21:13:00,72.97,73.02,73.02,73.02,11.95380954
2022-12-15 21:12:00,73.02,73.05,73.05,73.02,157.08055984
2022-12-15 21:11:00,73.05,73.08,73.06,73.06,172.73021714
2022-12-15 21:10:00,73.03,73.06,73.03,73.06,15.94727674
2022-12-15 21:09:00,73.02,73.08,73.07,73.03,65.27899431
2022-12-15 21:08:00,73.04,73.07,73.06,73.07,35.40393207
2022-12-15 21:07:00,73.02,73.09,73.04,73.06,281.14474456
2022-12-15 21:06:00,72.99,73.04,73.02,73.04,40.08610438
2022-12-15 21:05:00,73.02,73.05,73.04,73.04,33.40954854
2022-12-15 21:04:00,73.02,73.06,73.05,73.04,43.99361838
2022-12-15 21:03:00,73.03,73.07,73.04,73.03,29.09906359
2022-12-15 21:02:00,73.03,73.06,73.03,73.04,62.95036377
2022-12-15 21:01:00,72.98,73.05,72.98,73.04,190.39172824
2022-12-15 21:00:00,72.95,72.98,72.96,72.98,61.13171394
2022-12-15 20:59:00,72.95,72.99,72.98,72.98,83.22080108
2022-12-15 20:58:00,72.99,73.05,73.05,72.99,234.29300968
2022-12-15 20:57:00,73.04,73.06,73.04,73.05,145.19373991
2022-12-15 20:56:00,73.03,73.07,73.07,73.03,220.06551925
2022-12-15 20:55:00,73.05,73.09,73.08,73.07,96.79885088
2022-12-15 20:54:00,73.08,73.1,73.09,73.09,40.33680188
2022-12-15 20:53:00,73.06,73.09,73.06,73.09,46.35401337
2022-12-15 20:52:00,73.04,73.06,73.04,73.06,118.90891821
2022-12-15 20:51:00,73.01,73.05,73.01,73.05,76.00145612
2022-12-15 20:50:00,73.01,73.02,73.02,73.02,23.90591561
2022-12-15 20:49:00,73.0,73.02,73.02,73.01,71.15943089
2022-12-15 20:48:00,72.95,72.98,72.98,72.98,110.13780936
2022-12-15 20:47:00,72.93,72.98,72.94,72.98,463.32748487
2022-12-15 20:46:00,72.93,72.94,72.94,72.94,28.41795486
2022-12-15 20:45:00,72.93,72.98,72.98,72.94,851.68313844
2022-12-15 20:44:00,72.96,73.0,72.96,72.97,262.43184515
2022-12-15 20:43:00,72.89,72.97,72.9,72.96,3294.85071305
2022-12-15 20:42:00,72.88,72.9,72.89,72.9,170.53541446
2022-12-15 20:41:00,72.89,72.97,72.97,72.9,439.0870744
2022-12-15 20:40:00,72.89,72.97,72.9,72.97,296.42496447
2022-12-15 20:39:00,72.9,72.93,72.93,72.92,37.51698963
2022-12-15 20:38:00,72.92,72.95,72.92,72.95,159.64185309
2022-12-15 20:37:00,72.91,73.0,73.0,72.91,183.64235366
2022-12-15 20:36:00,72.99,73.06,73.04,73.0,166.87344874
2022-12-15 20:35:00,73.04,73.07,73.07,73.04,18.57273321
2022-12-15 20:34:00,73.07,73.1,73.09,73.09,23.81184408
2022-12-16 06:34:00,72.85,72.88,72.85,72.88,44.81737135
2022-12-16 06:33:00,72.81,72.84,72.82,72.84,5.68840413
2022-12-16 06:32:00,72.75,72.82,72.75,72.81,104.07144783
2022-12-16 06:31:00,72.74,72.79,72.78,72.75,31.69911281
2022-12-16 06:30:00,72.76,72.79,72.76,72.78,65.35093505
2022-12-16 06:29:00,72.78,72.83,72.83,72.78,26.71407145
2022-12-16 06:28:00,72.79,72.85,72.85,72.79,483.9676498
2022-12-16 06:27:00,72.85,72.9,72.89,72.85,28.4583584
2022-12-16 06:26:00,72.87,72.89,72.87,72.88,11.11677019
2022-12-16 06:25:00,72.83,72.92,72.9,72.87,192.14331767
2022-12-16 06:24:00,72.89,72.92,72.92,72.89,19.52890707
2022-12-16 06:23:00,72.91,72.92,72.91,72.92,5.14466795
2022-12-16 06:22:00,72.91,72.95,72.93,72.91,12.35736433
2022-12-16 06:21:00,72.92,72.96,72.92,72.94,13.29051789
2022-12-16 06:20:00,72.9,72.92,72.92,72.91,8.65715532
2022-12-16 06:19:00,72.91,72.95,72.91,72.93,19.65534832
2022-12-16 06:18:00,72.88,72.9,72.89,72.89,20.03755599
2022-12-16 06:17:00,72.89,72.92,72.89,72.91,42.7851369
2022-12-16 06:16:00,72.87,72.97,72.96,72.9,62.81158508
2022-12-16 06:15:00,72.97,72.99,72.99,72.99,55.53524272
2022-12-16 06:14:00,72.94,72.98,72.97,72.96,12.69664933
2022-12-16 06:13:00,72.95,72.98,72.97,72.97,13.10585677
2022-12-16 06:12:00,72.95,72.97,72.96,72.97,13.17571401
2022-12-16 06:11:00,72.95,72.98,72.98,72.97,75.11321849
2022-12-16 06:10:00,72.98,73.03,72.99,73.0,176.19056833
2022-12-16 06:09:00,72.95,72.99,72.98,72.96,17.12882545
2022-12-16 06:08:00,72.96,72.99,72.99,72.98,8.02299271
2022-12-16 06:07:00,72.98,73.01,73.01,72.99,8.05982185
2022-12-16 06:06:00,73.01,73.02,73.01,73.01,6.75249671
2022-12-16 06:05:00,73.01,73.04,73.02,73.03,18.50453201
2022-12-16 06:04:00,73.02,73.06,73.06,73.02,14.69122463
2022-12-16 06:03:00,73.03,73.07,73.07,73.05,31.56864392
2022-12-16 06:02:00,73.06,73.09,73.09,73.07,1.46994064
2022-12-16 06:01:00,73.09,73.11,73.09,73.1,9.73964107
2022-12-16 06:00:00,73.09,73.18,73.16,73.11,8.01241557
2022-12-16 05:59:00,73.13,73.15,73.13,73.14,11.96990612
2022-12-16 05:58:00,73.13,73.17,73.17,73.13,10.06997251
2022-12-16 05:57:00,73.12,73.18,73.12,73.17,7.1895415
2022-12-16 05:56:00,73.1,73.14,73.11,73.13,69.08415068
2022-12-16 05:55:00,73.1,73.14,73.11,73.1,28.94933563
2022-12-16 05:54:00,73.08,73.12,73.08,73.11,19.80977707
2022-12-16 05:53:00,73.09,73.1,73.09,73.1,4.67356046
2022-12-16 05:52:00,73.07,73.12,73.09,73.08,54.94417219
2022-12-16 05:51:00,73.06,73.09,73.07,73.09,12.95717556
2022-12-16 05:50:00,73.05,73.11,73.05,73.07,14.91874602
2022-12-16 05:49:00,73.04,73.15,73.14,73.06,235.02217101
2022-12-16 05:48:00,73.09,73.16,73.09,73.15,78.99339937
2022-12-16 05:47:00,73.07,73.1,73.07,73.09,15.88856955
2022-12-16 05:46:00,73.07,73.11,73.1,73.09,54.61050572
2022-12-16 05:45:00,73.08,73.11,73.11,73.11,33.18086734
2022-12-16 05:44:00,73.06,73.13,73.06,73.13,14.06390462
2022-12-16 05:43:00,73.04,73.07,73.06,73.06,7.08959155
2022-12-16 05:42:00,73.02,73.06,73.02,73.03,66.79503652
2022-12-16 05:41:00,73.01,73.05,73.01,73.03,98.22309938
2022-12-16 05:40:00,72.95,73.01,72.96,73.01,22.6834194
2022-12-16 05:39:00,72.94,72.97,72.95,72.95,19.82928717
2022-12-16 05:38:00,72.91,72.95,72.91,72.95,3.14322467
2022-12-16 05:37:00,72.86,72.92,72.86,72.9,146.44461708
2022-12-16 05:36:00,72.85,72.91,72.91,72.89,57.4664946
2022-12-16 05:35:00,72.82,72.91,72.86,72.89,419.92301399
2022-12-16 05:34:00,72.86,72.9,72.9,72.86,7.06786514
2022-12-16 05:33:00,72.92,72.95,72.94,72.95,5.11303889
2022-12-16 05:32:00,72.93,72.96,72.93,72.95,136.20401086
2022-12-16 05:31:00,72.95,72.97,72.95,72.97,34.20605935
2022-12-16 05:30:00,72.93,73.02,73.01,72.96,199.24916702
2022-12-16 05:29:00,73.01,73.03,73.02,73.01,16.42711962
2022-12-16 05:28:00,73.0,73.03,73.0,73.03,14.7577629
2022-12-16 05:27:00,73.0,73.01,73.0,73.0,1.92598017
2022-12-16 05:26:00,72.96,73.01,72.96,72.99,54.50628646
2022-12-16 05:25:00,72.93,72.96,72.94,72.96,15.87198983
2022-12-16 05:24:00,72.95,72.96,72.96,72.95,19.19544008
2022-12-16 05:23:00,72.93,72.96,72.93,72.95,9.19357112
2022-12-16 05:22:00,72.92,73.0,73.0,72.93,44.83425776
2022-12-16 05:21:00,72.98,73.02,73.02,73.0,13.12969022
2022-12-16 05:20:00,72.99,73.02,73.01,72.99,38.01048014
2022-12-16 05:19:00,72.98,73.01,73.0,73.01,29.34734787
2022-12-16 05:18:00,72.95,73.03,72.95,72.99,204.79871589
2022-12-16 05:17:00,72.9,72.95,72.91,72.95,40.75503193
2022-12-16 05:16:00,72.88,72.92,72.9,72.91,16.37615823
2022-12-16 05:15:00,72.86,72.9,72.86,72.9,33.91793828
2022-12-16 05:14:00,72.85,72.87,72.87,72.85,22.30481317
2022-12-16 05:13:00,72.89,72.93,72.9,72.89,15.1814512
2022-12-16 05:12:00,72.9,72.98,72.96,72.9,34.23749202
2022-12-16 05:11:00,72.96,72.98,72.96,72.98,9.60018866
2022-12-16 05:10:00,72.94,72.97,72.94,72.97,37.48362029
2022-12-16 05:09:00,72.93,73.03,73.03,72.93,42.96422288
2022-12-16 05:08:00,73.0,73.03,73.0,73.01,13.92838054
2022-12-16 05:07:00,72.98,73.01,73.0,73.01,6.32953325
2022-12-16 05:06:00,72.98,73.0,72.98,73.0,21.41156075
2022-12-16 05:05:00,72.92,73.0,72.92,73.0,25.20811939
2022-12-16 05:04:00,72.92,72.94,72.93,72.93,41.55909649
2022-12-16 05:03:00,72.92,72.96,72.94,72.94,21.72412707
2022-12-16 05:02:00,72.94,72.99,72.99,72.95,86.96403182
2022-12-16 05:01:00,72.92,72.99,72.94,72.97,14.36527907
2022-12-16 05:00:00,72.94,72.98,72.96,72.94,70.37928523
2022-12-16 04:59:00,72.96,72.98,72.97,72.97,17.26156291
2022-12-16 04:58:00,72.96,73.0,73.0,72.98,173.35679038
2022-12-16 04:57:00,72.98,73.01,73.0,72.98,27.55779738
2022-12-16 04:56:00,72.96,73.01,73.0,72.99,19.35452041
2022-12-16 04:55:00,72.97,73.04,73.03,73.0,163.80441979
2022-12-16 04:54:00,73.03,73.07,73.07,73.03,15.49654315
2022-12-16 04:53:00,73.04,73.11,73.11,73.04,86.38200866
2022-12-16 04:52:00,73.1,73.15,73.15,73.1,34.5248438
2022-12-16 04:51:00,73.1,73.16,73.13,73.15,24.80687968
2022-12-16 04:50:00,73.12,73.15,73.13,73.14,19.76522436
2022-12-16 04:49:00,73.13,73.16,73.15,73.15,24.02515674
2022-12-16 04:48:00,73.16,73.18,73.18,73.17,6.01861665
2022-12-16 04:47:00,73.15,73.19,73.17,73.19,7.66323846
2022-12-16 04:46:00,73.13,73.18,73.15,73.18,16.79611203
2022-12-16 04:45:00,73.13,73.16,73.14,73.14,25.55404523
2022-12-16 04:44:00,73.12,73.15,73.14,73.15,115.69583328
2022-12-16 04:43:00,73.11,73.14,73.13,73.13,14.92143758
2022-12-16 04:42:00,73.08,73.13,73.08,73.13,191.24852936
2022-12-16 04:41:00,73.05,73.08,73.05,73.08,22.24819409
2022-12-16 04:40:00,73.05,73.08,73.06,73.06,15.90102842
2022-12-16 04:39:00,73.04,73.07,73.06,73.06,49.88961581
2022-12-16 04:38:00,73.03,73.07,73.04,73.04,94.63895054
2022-12-16 04:37:00,73.01,73.11,73.01,73.05,51.57032071
2022-12-16 04:36:00,73.02,73.09,73.05,73.02,473.77843489
2022-12-16 04:35:00,73.03,73.11,73.11,73.04,93.43838227
2022-12-16 04:34:00,73.09,73.11,73.09,73.11,49.06834482
2022-12-16 04:33:00,73.11,73.13,73.11,73.12,34.16809882
2022-12-16 04:32:00,73.11,73.2,73.2,73.11,84.51718292
2022-12-16 04:31:00,73.19,73.23,73.21,73.21,18.52132181
2022-12-16 04:30:00,73.2,73.22,73.21,73.21,130.67485015
2022-12-16 04:29:00,73.19,73.21,73.19,73.21,22.65017539
2022-12-16 04:28:00,73.17,73.2,73.18,73.2,12.72480265
2022-12-16 04:27:00,73.15,73.18,73.17,73.18,14.15978552
2022-12-16 04:26:00,73.16,73.19,73.18,73.17,57.36136694
2022-12-16 04:25:00,73.17,73.19,73.18,73.18,31.54924903
2022-12-16 04:24:00,73.18,73.2,73.19,73.18,9.39549203
2022-12-16 04:23:00,73.19,73.2,73.2,73.19,55.22884597
2022-12-16 04:22:00,73.15,73.21,73.15,73.21,75.68787515
2022-12-16 04:21:00,73.09,73.15,73.14,73.15,164.80067056
2022-12-16 04:20:00,73.13,73.15,73.13,73.15,7.30048171
2022-12-16 04:19:00,73.13,73.19,73.18,73.15,40.88910697
2022-12-16 04:18:00,73.17,73.2,73.19,73.18,24.28539053
2022-12-16 04:17:00,73.18,73.22,73.21,73.18,28.25381059
2022-12-16 04:16:00,73.19,73.27,73.27,73.22,58.39411698
2022-12-16 04:15:00,73.26,73.31,73.26,73.28,80.13348912
2022-12-16 04:14:00,73.25,73.28,73.28,73.28,9.30079737
2022-12-16 04:13:00,73.26,73.28,73.27,73.26,12.92888481
2022-12-16 04:12:00,73.25,73.28,73.28,73.27,17.5360108
2022-12-16 04:11:00,73.26,73.28,73.28,73.28,6.04814695
2022-12-16 04:10:00,73.27,73.32,73.31,73.27,23.44961746
2022-12-16 04:09:00,73.31,73.34,73.33,73.32,6.13776327
2022-12-16 04:08:00,73.27,73.36,73.27,73.32,109.27256932
2022-12-16 04:07:00,73.25,73.29,73.27,73.28,6.31228565
2022-12-16 04:06:00,73.26,73.29,73.29,73.29,2.14177847
2022-12-16 04:05:00,73.26,73.29,73.26,73.26,145.42606156
2022-12-16 04:04:00,73.27,73.29,73.28,73.27,22.69191161
2022-12-16 04:03:00,73.26,73.33,73.29,73.28,239.71906518
2022-12-16 04:02:00,73.29,73.34,73.34,73.29,89.87207708
2022-12-16 04:01:00,73.31,73.35,73.34,73.34,29.95687018
2022-12-16 04:00:00,73.28,73.34,73.28,73.34,20.51643827
2022-12-16 03:59:00,73.26,73.31,73.28,73.28,227.26059064
2022-12-16 03:58:00,73.26,73.3,73.28,73.3,28.55358605
2022-12-16 03:57:00,73.28,73.3,73.3,73.28,27.75184696
2022-12-16 03:56:00,73.26,73.3,73.26,73.3,29.51942977
2022-12-16 03:55:00,73.24,73.27,73.24,73.25,3.50380262
2022-12-16 03:54:00,73.19,73.24,73.19,73.23,86.12277689
2022-12-16 03:53:00,73.17,73.24,73.23,73.19,30.90250524
2022-12-16 03:52:00,73.22,73.26,73.22,73.24,14.3753103
2022-12-16 03:51:00,73.2,73.23,73.2,73.23,37.48385729
2022-12-16 03:50:00,73.17,73.2,73.17,73.2,28.12062488
2022-12-16 03:49:00,73.2,73.24,73.21,73.21,33.54642741
2022-12-16 03:48:00,73.19,73.22,73.22,73.19,6.76754586
2022-12-16 03:47:00,73.19,73.25,73.25,73.22,61.38915276
2022-12-16 03:46:00,73.23,73.29,73.25,73.23,90.45722042
2022-12-16 03:45:00,73.22,73.26,73.24,73.25,89.94864672
2022-12-16 03:44:00,73.24,73.29,73.28,73.26,18.35580866
2022-12-16 03:43:00,73.25,73.28,73.27,73.25,18.21416675
2022-12-16 03:42:00,73.26,73.31,73.3,73.27,32.41426067
2022-12-16 03:41:00,73.3,73.36,73.34,73.3,74.15958827
2022-12-16 03:40:00,73.34,73.39,73.35,73.36,54.55544281
2022-12-16 03:39:00,73.37,73.48,73.41,73.37,270.41515221
2022-12-16 03:38:00,73.37,73.42,73.39,73.42,19.92651089
2022-12-16 03:37:00,73.35,73.38,73.35,73.38,52.80536752
2022-12-16 03:36:00,73.33,73.35,73.35,73.35,5.12811396
2022-12-16 03:35:00,73.35,73.35,73.35,73.35,17.46704392
2022-12-16 03:34:00,73.32,73.36,73.33,73.35,7.53209155
2022-12-16 03:33:00,73.33,73.34,73.33,73.33,8.17907563
2022-12-16 03:32:00,73.26,73.34,73.26,73.34,32.48288697
2022-12-16 03:31:00,73.24,73.27,73.25,73.26,25.63142825
2022-12-16 03:30:00,73.25,73.3,73.25,73.25,136.47423151
2022-12-16 03:29:00,73.24,73.28,73.25,73.27,17.23870644
2022-12-16 03:28:00,73.24,73.27,73.27,73.25,65.28201469
2022-12-16 03:27:00,73.23,73.26,73.26,73.23,14.46514708
2022-12-16 03:26:00,73.25,73.31,73.31,73.27,28.81048724
2022-12-16 03:25:00,73.29,73.35,73.35,73.29,67.34143877
2022-12-16 03:24:00,73.33,73.37,73.33,73.35,63.40378477
2022-12-16 03:23:00,73.36,73.39,73.36,73.39,71.66432204
2022-12-16 03:22:00,73.29,73.36,73.29,73.36,36.94975779
2022-12-16 03:21:00,73.28,73.31,73.31,73.29,19.75205362
2022-12-16 03:20:00,73.29,73.33,73.32,73.32,31.27163651
2022-12-16 03:19:00,73.27,73.32,73.28,73.31,26.4616424
2022-12-16 03:18:00,73.23,73.29,73.23,73.29,86.38111841
2022-12-16 03:17:00,73.21,73.24,73.24,73.22,107.69690339
2022-12-16 03:16:00,73.22,73.26,73.22,73.23,24.5091779
2022-12-16 03:15:00,73.23,73.25,73.23,73.25,39.61259839
2022-12-16 03:14:00,73.23,73.3,73.29,73.23,569.34248506
2022-12-16 03:13:00,73.28,73.31,73.3,73.3,25.80674364
2022-12-16 03:12:00,73.27,73.3,73.27,73.3,13.41123941
2022-12-16 03:11:00,73.26,73.27,73.26,73.26,63.057615
2022-12-16 03:10:00,73.25,73.28,73.27,73.27,31.82534898
2022-12-16 03:09:00,73.24,73.29,73.29,73.27,23.98021352
2022-12-16 03:08:00,73.24,73.28,73.26,73.28,95.72228391
2022-12-16 03:07:00,73.14,73.26,73.14,73.26,204.40413085
2022-12-16 03:06:00,73.11,73.25,73.25,73.11,529.55780111
2022-12-16 03:05:00,73.26,73.38,73.38,73.26,87.86649923
2022-12-16 03:04:00,73.28,73.41,73.3,73.4,147.36777907
2022-12-16 03:03:00,73.32,73.39,73.33,73.32,285.66589664
2022-12-16 03:02:00,73.19,73.34,73.19,73.33,214.76694956
2022-12-16 03:01:00,73.16,73.19,73.19,73.19,33.57272731
2022-12-16 03:00:00,73.01,73.2,73.02,73.2,433.60197717
2022-12-16 02:59:00,73.01,73.08,73.08,73.01,80.35139006
2022-12-16 02:58:00,73.07,73.14,73.13,73.07,251.1108647
2022-12-16 02:57:00,73.13,73.2,73.16,73.14,347.32204306
2022-12-16 02:56:00,73.15,73.18,73.18,73.16,15.68291377
2022-12-16 02:55:00,73.16,73.22,73.22,73.19,119.60757934
2022-12-16 02:54:00,73.24,73.39,73.35,73.24,384.19051396
2022-12-16 02:53:00,73.22,73.38,73.22,73.36,1014.88900959
2022-12-16 02:52:00,73.15,73.22,73.15,73.22,749.88607436
2022-12-16 02:51:00,73.15,73.17,73.15,73.17,125.95680994
2022-12-16 02:50:00,73.14,73.17,73.17,73.17,28.45874178
2022-12-16 02:49:00,73.15,73.17,73.16,73.17,18.2223141
2022-12-16 02:48:00,73.13,73.16,73.14,73.15,17.55084645
2022-12-16 02:47:00,73.1,73.12,73.12,73.12,29.01389852
2022-12-16 02:46:00,73.08,73.12,73.1,73.12,12.54888658
2022-12-16 02:45:00,73.06,73.1,73.06,73.1,36.21776666
2022-12-16 02:44:00,73.08,73.13,73.12,73.08,47.09264191
2022-12-16 02:43:00,73.12,73.14,73.13,73.12,13.11913663
2022-12-16 02:42:00,73.14,73.17,73.17,73.15,93.10860172
2022-12-16 02:41:00,73.16,73.19,73.17,73.17,12.95561634
2022-12-16 02:40:00,73.15,73.2,73.19,73.16,72.49586117
2022-12-16 02:39:00,73.17,73.2,73.18,73.2,33.60026817
2022-12-16 02:38:00,73.16,73.22,73.18,73.16,63.54065346
2022-12-16 02:37:00,73.18,73.27,73.23,73.2,89.63421704
2022-12-16 02:36:00,73.22,73.27,73.23,73.23,145.45553624
2022-12-16 02:35:00,73.12,73.24,73.12,73.22,180.21175921
2022-12-16 02:34:00,73.12,73.18,73.17,73.13,11.9437502
2022-12-16 02:33:00,73.14,73.21,73.19,73.16,63.42564015
2022-12-16 02:32:00,73.12,73.21,73.13,73.2,213.49793787
2022-12-16 02:31:00,73.08,73.13,73.1,73.13,14.43072356
2022-12-16 02:30:00,73.06,73.1,73.08,73.08,61.96995196
2022-12-16 02:29:00,73.05,73.1,73.05,73.09,62.72032552
2022-12-16 02:28:00,72.99,73.05,72.99,73.04,15.25840775
2022-12-16 02:27:00,72.95,73.02,72.95,73.02,87.89345368
2022-12-16 02:26:00,72.93,72.95,72.93,72.94,5.96338448
2022-12-16 02:25:00,72.91,72.94,72.93,72.94,18.12720143
2022-12-16 02:24:00,72.88,72.93,72.88,72.93,27.76827453
2022-12-16 02:23:00,72.88,72.9,72.89,72.9,32.94352739
2022-12-16 02:22:00,72.87,72.89,72.87,72.89,11.47315738
2022-12-16 02:21:00,72.82,72.89,72.85,72.89,271.35969421
2022-12-16 02:20:00,72.83,72.86,72.83,72.85,8.70973185
2022-12-16 02:19:00,72.83,72.86,72.85,72.84,15.70471844
2022-12-16 02:18:00,72.79,72.85,72.79,72.85,25.45396187
2022-12-16 02:17:00,72.81,72.85,72.84,72.82,32.35449305
2022-12-16 02:16:00,72.79,72.85,72.85,72.82,261.65557328
2022-12-16 02:15:00,72.83,72.86,72.85,72.85,76.04355626
2022-12-16 02:14:00,72.84,72.85,72.84,72.85,53.76905545
2022-12-16 02:13:00,72.8,72.85,72.8,72.84,121.59345617
2022-12-16 02:12:00,72.77,72.84,72.83,72.77,266.94643307
2022-12-16 02:11:00,72.81,72.83,72.81,72.83,63.35894183
2022-12-16 02:10:00,72.8,72.82,72.8,72.81,100.85578452
2022-12-16 02:09:00,72.79,72.8,72.8,72.8,15.92964747
2022-12-16 02:08:00,72.79,72.8,72.8,72.8,10.61815426
2022-12-16 02:07:00,72.79,72.82,72.8,72.8,72.39971653
2022-12-16 02:06:00,72.78,72.83,72.83,72.8,24.73758055
2022-12-16 02:05:00,72.76,72.84,72.76,72.81,145.11930606
2022-12-16 02:04:00,72.77,72.81,72.79,72.77,65.0477343
2022-12-16 02:03:00,72.77,72.8,72.77,72.8,18.3733984
2022-12-16 02:02:00,72.73,72.77,72.74,72.77,103.70662839
2022-12-16 02:01:00,72.67,72.75,72.67,72.75,76.54948809
2022-12-16 02:00:00,72.64,72.68,72.65,72.68,92.31864262
2022-12-16 01:59:00,72.62,72.66,72.63,72.64,65.17402289
2022-12-16 01:58:00,72.63,72.67,72.64,72.63,37.870865
2022-12-16 01:57:00,72.6,72.68,72.68,72.63,727.78223167
2022-12-16 01:56:00,72.69,72.72,72.72,72.69,113.90977643
2022-12-16 01:55:00,72.7,72.77,72.76,72.7,168.03252696
2022-12-16 01:54:00,72.74,72.77,72.77,72.77,153.01459368
2022-12-16 01:53:00,72.75,72.8,72.8,72.77,107.66233127
2022-12-16 01:52:00,72.76,72.81,72.79,72.81,26.05152954
2022-12-16 01:51:00,72.8,72.87,72.82,72.81,365.87871993
2022-12-16 01:50:00,72.8,72.84,72.8,72.82,24.64426924
2022-12-16 01:49:00,72.75,72.84,72.75,72.8,206.94060783
2022-12-16 01:48:00,72.75,72.85,72.8,72.75,252.67934161
2022-12-16 01:47:00,72.8,72.82,72.82,72.82,32.7284162
2022-12-16 01:46:00,72.79,72.89,72.89,72.82,191.38518069
2022-12-16 01:45:00,72.86,72.89,72.87,72.89,16.23629367
2022-12-16 01:44:00,72.85,72.94,72.92,72.88,188.00741403
2022-12-16 01:43:00,72.91,72.94,72.92,72.94,26.41314075
2022-12-16 01:42:00,72.89,72.92,72.91,72.92,27.29334102
2022-12-16 01:41:00,72.86,72.91,72.87,72.91,101.16011232
2022-12-16 01:40:00,72.81,72.87,72.81,72.85,44.49165717
2022-12-16 01:39:00,72.78,72.84,72.81,72.81,265.98927864
2022-12-16 01:38:00,72.78,72.84,72.78,72.82,50.94927973
2022-12-16 01:37:00,72.76,72.79,72.79,72.78,24.50086484
2022-12-16 01:36:00,72.76,72.81,72.81,72.79,48.91852447
2022-12-16 01:35:00,72.77,72.81,72.79,72.81,13.73892076
2022-12-16 01:34:00,72.77,72.84,72.83,72.79,31.67788503
2022-12-16 11:34:00,69.18,69.24,69.18,69.23,135.31874833
2022-12-16 11:33:00,69.18,69.23,69.21,69.18,239.95800606
2022-12-16 11:32:00,69.17,69.2,69.18,69.2,35.7001709
2022-12-16 11:31:00,69.07,69.17,69.12,69.17,439.25064898
2022-12-16 11:30:00,69.08,69.15,69.15,69.13,145.12580543
2022-12-16 11:29:00,69.16,69.21,69.18,69.17,332.72802776
2022-12-16 11:28:00,69.11,69.18,69.11,69.17,65.74156611
2022-12-16 11:27:00,69.06,69.1,69.06,69.1,18.86883167
2022-12-16 11:26:00,69.04,69.11,69.09,69.06,346.36250083
2022-12-16 11:25:00,69.01,69.09,69.02,69.09,252.64125413
2022-12-16 11:24:00,68.97,69.02,68.99,69.02,263.62818326
2022-12-16 11:23:00,68.98,69.02,69.02,69.0,191.16596647
2022-12-16 11:22:00,68.97,69.04,69.04,69.03,731.03300136
2022-12-16 11:21:00,68.97,69.06,68.97,69.04,1283.40670463
2022-12-16 11:20:00,68.95,69.03,69.02,68.95,727.00107208
2022-12-16 11:19:00,69.01,69.03,69.02,69.02,167.75749469
2022-12-16 11:18:00,68.97,69.02,69.0,69.02,254.17904915
2022-12-16 11:17:00,68.94,69.0,68.99,69.0,1123.03825549
2022-12-16 11:16:00,68.98,69.1,69.08,69.01,2183.27637889
2022-12-16 11:15:00,68.91,69.21,69.2,69.04,7070.44555092
2022-12-16 11:14:00,69.19,69.23,69.2,69.2,317.37449549
2022-12-16 11:13:00,69.08,69.2,69.16,69.2,1730.37439777
2022-12-16 11:12:00,69.03,69.16,69.16,69.13,1621.28528665
2022-12-16 11:11:00,69.02,69.16,69.13,69.16,1768.24631736
2022-12-16 11:10:00,69.06,69.22,69.22,69.13,2253.04680693
2022-12-16 11:09:00,69.18,69.28,69.26,69.23,1589.24109925
2022-12-16 11:08:00,69.22,69.27,69.22,69.26,60.51460788
2022-12-16 11:07:00,69.14,69.22,69.14,69.22,278.46814046
2022-12-16 11:06:00,69.11,69.15,69.13,69.11,42.44176092
2022-12-16 11:05:00,69.08,69.14,69.14,69.11,490.67653205
2022-12-16 11:04:00,69.11,69.15,69.11,69.15,42.30145639
2022-12-16 11:03:00,69.07,69.09,69.07,69.09,70.84831452
2022-12-16 11:02:00,68.96,69.08,68.96,69.06,265.40032808
2022-12-16 11:01:00,68.9,68.97,68.94,68.97,520.61747223
2022-12-16 11:00:00,68.91,68.97,68.96,68.94,625.51292869
2022-12-16 10:59:00,68.94,68.99,68.98,68.96,551.12936398
2022-12-16 10:58:00,68.97,69.0,69.0,68.98,46.8245194
2022-12-16 10:57:00,68.94,69.0,68.96,69.0,354.87661767
2022-12-16 10:56:00,68.96,68.98,68.97,68.98,17.66672475
2022-12-16 10:55:00,68.9,68.99,68.9,68.98,61.07393322
2022-12-16 10:54:00,68.87,68.97,68.94,68.9,435.64775083
2022-12-16 10:53:00,68.87,68.97,68.97,68.94,138.01928535
2022-12-16 10:52:00,68.97,69.04,69.02,68.97,191.40282544
2022-12-16 10:51:00,68.97,69.03,69.01,69.02,89.37076487
2022-12-16 10:50:00,68.95,69.01,69.01,69.01,61.08922995
2022-12-16 10:49:00,68.98,69.03,69.03,69.01,65.14937692
2022-12-16 10:48:00,68.96,69.05,68.96,69.03,160.65045105
2022-12-16 10:47:00,68.94,69.0,68.99,68.96,95.89687491
2022-12-16 10:46:00,68.96,69.07,69.05,68.99,66.11864594
2022-12-16 10:45:00,69.08,69.13,69.13,69.09,362.52633725
2022-12-16 10:44:00,69.08,69.16,69.1,69.14,129.33639204
2022-12-16 10:43:00,69.09,69.14,69.14,69.11,80.29105795
2022-12-16 10:42:00,69.12,69.14,69.14,69.12,17.6620172
2022-12-16 10:41:00,69.07,69.11,69.08,69.11,15.84058505
2022-12-16 10:40:00,69.06,69.14,69.14,69.1,64.60058433
2022-12-16 10:39:00,69.07,69.15,69.07,69.14,183.74826789
2022-12-16 10:38:00,69.05,69.13,69.1,69.06,113.10040193
2022-12-16 10:37:00,69.01,69.1,69.07,69.08,139.98809243
2022-12-16 10:36:00,69.08,69.15,69.08,69.08,243.98110627
2022-12-16 10:35:00,69.05,69.16,69.16,69.05,313.6555198
2022-12-16 10:34:00,69.11,69.18,69.11,69.17,86.95368888
2022-12-16 10:33:00,69.04,69.16,69.04,69.1,168.05647219
2022-12-16 10:32:00,68.97,69.06,68.99,69.04,419.94590072
2022-12-16 10:31:00,68.85,69.05,68.93,69.05,388.88829366
2022-12-16 10:30:00,68.82,69.02,68.86,68.93,590.06904449
2022-12-16 10:29:00,68.86,69.08,69.0,68.86,554.8409006
2022-12-16 10:28:00,68.98,69.07,68.98,69.01,172.83883939
2022-12-16 10:27:00,68.94,69.05,69.04,68.96,133.98303531
2022-12-16 10:26:00,68.95,69.14,69.11,69.03,408.26623607
2022-12-16 10:25:00,69.07,69.33,69.28,69.07,828.89203903
2022-12-16 10:24:00,69.25,69.31,69.26,69.31,58.72115172
2022-12-16 10:23:00,69.27,69.34,69.29,69.27,115.90460573
2022-12-16 10:22:00,69.26,69.33,69.31,69.26,53.04541073
2022-12-16 10:21:00,69.22,69.33,69.22,69.31,202.97064253
2022-12-16 10:20:00,69.15,69.25,69.21,69.25,380.80382191
2022-12-16 10:19:00,69.11,69.27,69.11,69.22,259.18962549
2022-12-16 10:18:00,69.07,69.34,69.2,69.13,1451.27700467
2022-12-16 10:17:00,68.87,69.21,68.97,69.21,1180.92701232
2022-12-16 10:16:00,68.95,69.06,69.02,68.95,291.3758779
2022-12-16 10:15:00,69.01,69.08,69.01,69.04,18.52600201
2022-12-16 10:14:00,68.98,69.08,69.08,69.0,114.02180164
2022-12-16 10:13:00,69.07,69.14,69.13,69.07,40.10655187
2022-12-16 10:12:00,69.13,69.22,69.2,69.13,95.78739034
2022-12-16 10:11:00,69.11,69.24,69.12,69.19,35.69922044
2022-12-16 10:10:00,69.08,69.13,69.08,69.12,172.82839119
2022-12-16 10:09:00,69.04,69.11,69.04,69.1,126.92663219
2022-12-16 10:08:00,69.02,69.14,69.13,69.03,358.6335225
2022-12-16 10:07:00,69.02,69.1,69.1,69.1,105.52181869
2022-12-16 10:06:00,69.08,69.17,69.11,69.08,259.65413526
2022-12-16 10:05:00,69.01,69.08,69.06,69.08,228.05118741
2022-12-16 10:04:00,69.07,69.26,69.26,69.07,550.09174898
2022-12-16 10:03:00,69.23,69.28,69.26,69.26,92.37584717
2022-12-16 10:02:00,69.22,69.29,69.26,69.28,263.94727946
2022-12-16 10:01:00,69.13,69.27,69.13,69.26,528.07320704
2022-12-16 10:00:00,69.1,69.19,69.11,69.13,400.98499983
2022-12-16 09:59:00,69.11,69.27,69.19,69.14,571.33295756
2022-12-16 09:58:00,69.08,69.47,69.47,69.19,2008.79555235
2022-12-16 09:57:00,69.47,69.52,69.47,69.48,102.4080686
2022-12-16 09:56:00,69.44,69.51,69.51,69.46,35.98129491
2022-12-16 09:55:00,69.48,69.55,69.55,69.48,108.18474394
2022-12-16 09:54:00,69.52,69.66,69.62,69.57,228.1446498
2022-12-16 09:53:00,69.55,69.63,69.55,69.63,119.1487058
2022-12-16 09:52:00,69.47,69.56,69.47,69.56,198.09223238
2022-12-16 09:51:00,69.42,69.5,69.48,69.46,317.27519049
2022-12-16 09:50:00,69.49,69.59,69.56,69.5,720.94069499
2022-12-16 09:49:00,69.44,69.56,69.44,69.55,134.48216326
2022-12-16 09:48:00,69.32,69.43,69.32,69.43,510.02405026
2022-12-16 09:47:00,69.25,69.37,69.32,69.3,228.2375361
2022-12-16 09:46:00,69.28,69.44,69.28,69.29,542.0724233
2022-12-16 09:45:00,69.22,69.42,69.42,69.28,312.28298376
2022-12-16 09:44:00,69.4,69.52,69.46,69.42,813.95311032
2022-12-16 09:43:00,69.41,69.45,69.41,69.45,124.49565461
2022-12-16 09:42:00,69.37,69.52,69.52,69.4,341.74833585
2022-12-16 09:41:00,69.4,69.52,69.46,69.5,901.69290634
2022-12-16 09:40:00,69.37,69.58,69.57,69.44,584.62920147
2022-12-16 09:39:00,69.58,69.67,69.67,69.58,195.6864828
2022-12-16 09:38:00,69.57,69.69,69.57,69.66,220.41013507
2022-12-16 09:37:00,69.39,69.62,69.61,69.55,618.95969737
2022-12-16 09:36:00,69.56,69.77,69.67,69.64,507.76211356
2022-12-16 09:35:00,69.58,69.71,69.67,69.6,306.68031639
2022-12-16 09:34:00,69.65,69.95,69.91,69.68,810.84155879
2022-12-16 09:33:00,69.79,69.97,69.84,69.91,1130.02529274
2022-12-16 09:32:00,69.53,69.85,69.56,69.83,1374.65296614
2022-12-16 09:31:00,69.41,69.65,69.41,69.61,435.41538462
2022-12-16 09:30:00,69.4,69.53,69.53,69.46,887.99753528
2022-12-16 09:29:00,69.48,69.55,69.55,69.51,142.92048852
2022-12-16 09:28:00,69.43,69.58,69.52,69.53,440.59931605
2022-12-16 09:27:00,69.42,69.52,69.46,69.5,89.00662128
2022-12-16 09:26:00,69.25,69.49,69.33,69.44,909.76912277
2022-12-16 09:25:00,69.18,69.34,69.26,69.33,493.15221925
2022-12-16 09:24:00,69.27,69.37,69.34,69.29,216.76217321
2022-12-16 09:23:00,69.33,69.46,69.35,69.39,233.44935492
2022-12-16 09:22:00,69.26,69.43,69.4,69.37,670.62686777
2022-12-16 09:21:00,69.29,69.42,69.39,69.39,436.73553864
2022-12-16 09:20:00,69.33,69.58,69.54,69.39,295.74544421
2022-12-16 09:19:00,69.4,69.57,69.44,69.57,364.41764977
2022-12-16 09:18:00,69.3,69.48,69.3,69.44,120.45965164
2022-12-16 09:17:00,69.12,69.47,69.4,69.3,2803.85972367
2022-12-16 09:16:00,69.21,69.54,69.24,69.41,695.85230387
2022-12-16 09:15:00,68.68,69.21,68.86,69.14,2064.90999175
2022-12-16 09:14:00,68.75,68.94,68.91,68.93,1228.2985043
2022-12-16 09:13:00,68.68,68.97,68.97,68.91,692.30263279
2022-12-16 09:12:00,68.86,69.24,69.24,68.88,938.79573605
2022-12-16 09:11:00,69.08,69.27,69.27,69.16,502.14202652
2022-12-16 09:10:00,69.26,69.45,69.34,69.31,378.58178947
2022-12-16 09:09:00,69.02,69.38,69.07,69.36,717.94639004
2022-12-16 09:08:00,69.05,69.24,69.22,69.06,873.18256494
2022-12-16 09:07:00,68.84,69.37,69.36,69.2,1595.07413395
2022-12-16 09:06:00,69.23,69.55,69.4,69.38,1325.63456788
2022-12-16 09:05:00,69.18,69.83,69.77,69.43,2081.73628852
2022-12-16 09:04:00,69.53,69.86,69.61,69.82,1362.02329988
2022-12-16 09:03:00,69.03,69.61,69.49,69.59,1516.01083664
2022-12-16 09:02:00,68.08,69.59,68.11,69.53,4397.46947823
2022-12-16 09:01:00,68.0,70.3,70.24,68.17,6450.70909484
2022-12-16 09:00:00,70.01,71.45,71.44,70.26,5786.82918758
2022-12-16 08:59:00,71.43,71.61,71.56,71.45,197.6411044
2022-12-16 08:58:00,71.41,71.61,71.41,71.47,289.52830002
2022-12-16 08:57:00,71.41,71.71,71.66,71.44,693.76478287
2022-12-16 08:56:00,71.44,71.78,71.74,71.69,620.71933342
2022-12-16 08:55:00,71.12,71.72,71.48,71.72,2998.6172447
2022-12-16 08:54:00,71.14,72.17,72.17,71.52,5492.70428016
2022-12-16 08:53:00,72.11,72.39,72.39,72.21,443.43179071
2022-12-16 08:52:00,72.23,72.41,72.3,72.39,364.46948302
2022-12-16 08:51:00,72.22,72.59,72.59,72.29,1931.0458535
2022-12-16 08:50:00,72.56,72.69,72.69,72.57,557.63745618
2022-12-16 08:49:00,72.66,72.71,72.71,72.7,128.02842217
2022-12-16 08:48:00,72.71,72.74,72.73,72.71,6.13211608
2022-12-16 08:47:00,72.69,72.73,72.7,72.72,44.83390719
2022-12-16 08:46:00,72.68,72.71,72.7,72.71,85.69452538
2022-12-16 08:45:00,72.7,72.76,72.71,72.72,139.95928255
2022-12-16 08:44:00,72.74,72.8,72.78,72.75,59.85433716
2022-12-16 08:43:00,72.77,72.8,72.8,72.79,25.61399422
2022-12-16 08:42:00,72.78,72.81,72.78,72.8,5.20362148
2022-12-16 08:41:00,72.76,72.84,72.8,72.76,13.12490606
2022-12-16 08:40:00,72.79,72.83,72.79,72.8,47.4793061
2022-12-16 08:39:00,72.79,72.84,72.81,72.8,145.74159577
2022-12-16 08:38:00,72.75,72.81,72.78,72.81,100.35617696
2022-12-16 08:37:00,72.81,72.9,72.9,72.82,47.19159086
2022-12-16 08:36:00,72.8,72.93,72.93,72.9,1083.13588341
2022-12-16 08:35:00,72.92,72.96,72.94,72.92,96.78637324
2022-12-16 08:34:00,72.93,72.95,72.93,72.95,10.84552529
2022-12-16 08:33:00,72.92,72.96,72.94,72.94,14.619483
2022-12-16 08:32:00,72.91,72.95,72.93,72.92,33.80384261
2022-12-16 08:31:00,72.87,72.95,72.89,72.94,61.69569035
2022-12-16 08:30:00,72.87,72.91,72.9,72.88,56.62765852
2022-12-16 08:29:00,72.88,72.95,72.92,72.88,125.14623318
2022-12-16 08:28:00,72.91,73.0,73.0,72.91,105.3674454
2022-12-16 08:27:00,72.92,72.99,72.92,72.99,163.59423169
2022-12-16 08:26:00,72.92,72.94,72.93,72.94,1.47855757
2022-12-16 08:25:00,72.92,72.99,72.99,72.92,74.21657923
2022-12-16 08:24:00,72.99,73.01,73.01,73.0,3.39666127
2022-12-16 08:23:00,72.99,73.01,72.99,73.01,13.38264985
2022-12-16 08:22:00,72.98,73.02,72.99,73.01,40.30108134
2022-12-16 08:21:00,72.98,73.02,73.02,72.99,115.27433578
2022-12-16 08:20:00,73.0,73.04,73.04,73.04,54.12413708
2022-12-16 08:19:00,73.0,73.07,73.07,73.0,29.24505598
2022-12-16 08:18:00,73.07,73.08,73.08,73.07,173.67174648
2022-12-16 08:17:00,73.06,73.09,73.09,73.08,7.67964492
2022-12-16 08:16:00,73.07,73.1,73.07,73.07,54.52345703
2022-12-16 08:15:00,73.07,73.1,73.1,73.07,38.59465176
2022-12-16 08:14:00,73.07,73.14,73.14,73.07,67.07110896
2022-12-16 08:13:00,73.14,73.26,73.26,73.17,119.48332466
2022-12-16 08:12:00,73.04,73.3,73.09,73.27,670.80579731
2022-12-16 08:11:00,73.01,73.13,73.01,73.1,439.07532984
2022-12-16 08:10:00,73.01,73.11,73.1,73.01,133.49634615
2022-12-16 08:09:00,73.08,73.11,73.08,73.11,172.74916974
2022-12-16 08:08:00,73.09,73.11,73.1,73.1,10.97750281
2022-12-16 08:07:00,73.08,73.16,73.16,73.1,310.33102571
2022-12-16 08:06:00,73.11,73.17,73.12,73.17,143.00037668
2022-12-16 08:05:00,73.13,73.18,73.18,73.15,113.25260378
2022-12-16 08:04:00,73.15,73.21,73.18,73.16,7.69054088
2022-12-16 08:03:00,73.17,73.23,73.2,73.18,102.43915904
2022-12-16 08:02:00,73.21,73.3,73.3,73.21,99.43374983
2022-12-16 08:01:00,73.28,73.33,73.28,73.32,35.67902539
2022-12-16 08:00:00,73.24,73.28,73.24,73.27,11.68021886
2022-12-16 07:59:00,73.21,73.25,73.21,73.23,83.59203133
2022-12-16 07:58:00,73.19,73.26,73.23,73.19,122.57176364
2022-12-16 07:57:00,73.21,73.36,73.34,73.23,193.03545487
2022-12-16 07:56:00,73.29,73.44,73.44,73.35,957.58312562
2022-12-16 07:55:00,73.43,73.52,73.52,73.43,64.99206052
2022-12-16 07:54:00,73.46,73.55,73.48,73.51,277.66480447
2022-12-16 07:53:00,73.45,73.56,73.46,73.49,370.56861863
2022-12-16 07:52:00,73.38,73.45,73.4,73.45,102.9239644
2022-12-16 07:51:00,73.41,73.45,73.45,73.41,130.54745018
2022-12-16 07:50:00,73.28,73.43,73.28,73.43,344.29882023
2022-12-16 07:49:00,73.28,73.37,73.37,73.28,56.65518067
2022-12-16 07:48:00,73.36,73.39,73.39,73.37,34.9278294
2022-12-16 07:47:00,73.36,73.4,73.4,73.39,10.77231918
2022-12-16 07:46:00,73.38,73.41,73.4,73.38,52.11937537
2022-12-16 07:45:00,73.4,73.48,73.46,73.4,169.60915324
2022-12-16 07:44:00,73.43,73.47,73.43,73.47,6.95723986
2022-12-16 07:43:00,73.35,73.43,73.43,73.41,75.54484226
2022-12-16 07:42:00,73.4,73.46,73.43,73.41,140.24557514
2022-12-16 07:41:00,73.36,73.44,73.36,73.43,41.82193398
2022-12-16 07:40:00,73.31,73.36,73.31,73.34,19.93688565
2022-12-16 07:39:00,73.3,73.31,73.3,73.31,10.25454922
2022-12-16 07:38:00,73.28,73.31,73.3,73.31,21.08383922
2022-12-16 07:37:00,73.23,73.3,73.23,73.3,48.4522984
2022-12-16 07:36:00,73.23,73.27,73.27,73.25,6.89579774
2022-12-16 07:35:00,73.25,73.27,73.25,73.27,4.96389957
2022-12-16 07:34:00,73.24,73.28,73.26,73.27,8.71719264
2022-12-16 07:33:00,73.25,73.27,73.27,73.27,13.24467424
2022-12-16 07:32:00,73.25,73.27,73.27,73.26,4.57271571
2022-12-16 07:31:00,73.24,73.31,73.31,73.24,18.46940655
2022-12-16 07:30:00,73.31,73.34,73.33,73.32,37.42092714
2022-12-16 07:29:00,73.27,73.33,73.29,73.33,57.58023232
2022-12-16 07:28:00,73.25,73.28,73.26,73.26,29.0449634
2022-12-16 07:27:00,73.26,73.28,73.26,73.27,25.13841172
2022-12-16 07:26:00,73.18,73.26,73.18,73.24,56.63907912
2022-12-16 07:25:00,73.18,73.22,73.21,73.2,38.46399605
2022-12-16 07:24:00,73.2,73.27,73.27,73.2,238.44777253
2022-12-16 07:23:00,73.26,73.28,73.28,73.27,16.20358433
2022-12-16 07:22:00,73.25,73.29,73.25,73.29,38.88612723
2022-12-16 07:21:00,73.27,73.33,73.31,73.28,61.79557346
2022-12-16 07:20:00,73.32,73.37,73.35,73.32,23.82509791
2022-12-16 07:19:00,73.33,73.38,73.38,73.38,24.49811496
2022-12-16 07:18:00,73.37,73.41,73.4,73.37,8.82045371
2022-12-16 07:17:00,73.34,73.49,73.38,73.45,300.43199342
2022-12-16 07:16:00,73.27,73.38,73.36,73.38,189.15774294
2022-12-16 07:15:00,73.38,73.49,73.48,73.38,400.83611199
2022-12-16 07:14:00,73.32,73.48,73.32,73.48,196.32516745
2022-12-16 07:13:00,73.33,73.43,73.43,73.33,55.36599047
2022-12-16 07:12:00,73.3,73.41,73.32,73.41,395.81975505
2022-12-16 07:11:00,73.22,73.31,73.23,73.31,465.04136526
2022-12-16 07:10:00,73.16,73.23,73.16,73.23,2.39621622
2022-12-16 07:09:00,73.13,73.2,73.13,73.18,224.26764408
2022-12-16 07:08:00,73.06,73.14,73.06,73.13,11.03829826
2022-12-16 07:07:00,73.05,73.1,73.06,73.05,50.87748239
2022-12-16 07:06:00,73.05,73.11,73.1,73.05,26.58732042
2022-12-16 07:05:00,73.09,73.17,73.17,73.1,60.61934563
2022-12-16 07:04:00,73.1,73.22,73.1,73.15,134.41771968
2022-12-16 07:03:00,73.02,73.12,73.02,73.11,56.27727475
2022-12-16 07:02:00,72.99,73.03,72.99,73.02,94.93438467
2022-12-16 07:01:00,72.98,73.06,72.99,72.99,610.85702889
2022-12-16 07:00:00,72.97,72.99,72.99,72.97,62.41259784
2022-12-16 06:59:00,72.98,72.99,72.99,72.99,9.62102307
2022-12-16 06:58:00,72.98,73.0,72.98,72.98,19.29275389
2022-12-16 06:57:00,72.97,72.99,72.99,72.99,5.92018592
2022-12-16 06:56:00,72.97,72.99,72.97,72.99,4.36909796
2022-12-16 06:55:00,72.95,72.97,72.96,72.96,20.39542192
2022-12-16 06:54:00,72.95,72.97,72.97,72.96,40.57573107
2022-12-16 06:53:00,72.93,72.95,72.95,72.95,77.72998858
2022-12-16 06:52:00,72.95,72.98,72.98,72.96,99.10394991
2022-12-16 06:51:00,72.98,73.0,72.99,72.98,9.8115391
2022-12-16 06:50:00,72.98,73.01,72.99,73.0,15.77201173
2022-12-16 06:49:00,72.97,73.02,73.02,72.98,78.95427948
2022-12-16 06:48:00,73.0,73.03,73.01,73.01,33.77088167
2022-12-16 06:47:00,72.99,73.01,72.99,73.0,8.05112806
2022-12-16 06:46:00,72.96,72.99,72.98,72.98,16.35147493
2022-12-16 06:45:00,72.96,72.99,72.96,72.98,36.1535504
2022-12-16 06:44:00,72.94,72.98,72.98,72.97,66.58355177
2022-12-16 06:43:00,72.95,72.97,72.96,72.97,14.95455377
2022-12-16 06:42:00,72.94,72.97,72.94,72.95,63.16472611
2022-12-16 06:41:00,72.92,72.94,72.93,72.94,20.68407439
2022-12-16 06:40:00,72.91,72.94,72.93,72.93,132.73071285
2022-12-16 06:39:00,72.93,72.95,72.93,72.95,5.14302045
2022-12-16 06:38:00,72.92,72.98,72.93,72.95,66.96182289
2022-12-16 06:37:00,72.92,72.97,72.97,72.93,48.47240597
2022-12-16 06:36:00,72.92,72.97,72.92,72.97,47.75620741
2022-12-16 06:35:00,72.89,72.92,72.89,72.92,6.25225356
2022-12-16 06:34:00,72.85,72.88,72.85,72.88,44.81737135
2022-12-16 16:34:00,67.41,67.49,67.41,67.48,608.51911414
2022-12-16 16:33:00,67.4,67.57,67.54,67.43,585.08673888
2022-12-16 16:32:00,67.48,67.65,67.57,67.57,312.91275593
2022-12-16 16:31:00,67.43,67.57,67.44,67.56,605.01385657
2022-12-16 16:30:00,67.29,67.45,67.3,67.45,644.24976486
2022-12-16 16:29:00,67.16,67.34,67.16,67.29,468.3074131
2022-12-16 16:28:00,66.91,67.2,66.91,67.17,1292.15453938
2022-12-16 16:27:00,66.91,67.21,67.15,66.91,952.79830075
2022-12-16 16:26:00,66.7,67.18,66.85,67.14,1715.58599662
2022-12-16 16:25:00,66.85,67.23,67.12,66.86,740.06288668
2022-12-16 16:24:00,66.92,67.33,67.33,67.1,3334.35229298
2022-12-16 16:23:00,67.12,67.74,67.74,67.34,3848.74543454
2022-12-16 16:22:00,67.66,68.06,68.06,67.74,2630.68415704
2022-12-16 16:21:00,67.96,68.1,68.1,68.06,2113.02181402
2022-12-16 16:20:00,68.11,68.25,68.22,68.12,241.76277779
2022-12-16 16:19:00,68.22,68.35,68.25,68.26,334.82800406
2022-12-16 16:18:00,68.15,68.3,68.15,68.26,179.47466599
2022-12-16 16:17:00,68.12,68.27,68.2,68.13,408.50950814
2022-12-16 16:16:00,68.11,68.3,68.26,68.19,558.55215693
2022-12-16 16:15:00,68.25,68.43,68.29,68.25,714.58813915
2022-12-16 16:14:00,68.08,68.35,68.08,68.31,979.7955027
2022-12-16 16:13:00,67.88,68.07,67.88,68.04,649.69769493
2022-12-16 16:12:00,67.84,68.0,67.96,67.88,409.33340832
2022-12-16 16:11:00,67.76,68.05,67.88,67.9,614.76788397
2022-12-16 16:10:00,67.8,68.03,67.82,67.92,614.06662321
2022-12-16 16:09:00,67.55,68.07,67.73,67.85,3713.50126631
2022-12-16 16:08:00,67.76,68.27,68.23,67.77,1569.0606513
2022-12-16 16:07:00,68.23,68.44,68.4,68.3,492.55356805
2022-12-16 16:06:00,68.4,68.52,68.5,68.4,164.60498046
2022-12-16 16:05:00,68.49,68.55,68.51,68.49,106.79320235
2022-12-16 16:04:00,68.51,68.55,68.54,68.52,54.38541388
2022-12-16 16:03:00,68.39,68.54,68.41,68.51,235.38653412
2022-12-16 16:02:00,68.42,68.51,68.51,68.42,75.0559838
2022-12-16 16:01:00,68.49,68.56,68.54,68.5,162.1681863
2022-12-16 16:00:00,68.41,68.56,68.47,68.55,375.84437445
2022-12-16 15:59:00,68.45,68.48,68.47,68.48,71.18421001
2022-12-16 15:58:00,68.46,68.54,68.52,68.47,304.09965358
2022-12-16 15:57:00,68.4,68.52,68.41,68.51,370.63239076
2022-12-16 15:56:00,68.36,68.44,68.42,68.4,228.01343468
2022-12-16 15:55:00,68.42,68.5,68.43,68.42,164.72749997
2022-12-16 15:54:00,68.36,68.43,68.38,68.42,122.13476767
2022-12-16 15:53:00,68.38,68.43,68.39,68.4,88.11917457
2022-12-16 15:52:00,68.4,68.45,68.43,68.41,706.31845645
2022-12-16 15:51:00,68.42,68.49,68.48,68.42,171.43516655
2022-12-16 15:50:00,68.45,68.52,68.51,68.46,896.71460999
2022-12-16 15:49:00,68.52,68.62,68.61,68.52,91.28693595
2022-12-16 15:48:00,68.56,68.61,68.57,68.59,191.03171754
2022-12-16 15:47:00,68.44,68.55,68.45,68.55,44.27557259
2022-12-16 15:46:00,68.38,68.56,68.54,68.43,403.49718987
2022-12-16 15:45:00,68.49,68.55,68.51,68.55,17.07983876
2022-12-16 15:44:00,68.48,68.56,68.51,68.48,246.61226228
2022-12-16 15:43:00,68.5,68.57,68.55,68.51,80.31324736
2022-12-16 15:42:00,68.49,68.55,68.51,68.53,89.90548949
2022-12-16 15:41:00,68.49,68.52,68.49,68.51,163.62598885
2022-12-16 15:40:00,68.44,68.51,68.47,68.5,263.73442673
2022-12-16 15:39:00,68.49,68.56,68.53,68.49,73.88745073
2022-12-16 15:38:00,68.46,68.54,68.48,68.54,391.41925767
2022-12-16 15:37:00,68.4,68.52,68.4,68.5,380.72375198
2022-12-16 15:36:00,68.4,68.46,68.42,68.4,400.75421805
2022-12-16 15:35:00,68.33,68.48,68.35,68.44,356.50161429
2022-12-16 15:34:00,68.3,68.38,68.32,68.37,308.81956841
2022-12-16 15:33:00,68.32,68.48,68.48,68.34,200.50367213
2022-12-16 15:32:00,68.35,68.52,68.51,68.46,247.69971066
2022-12-16 15:31:00,68.28,68.57,68.28,68.48,527.68208102
2022-12-16 15:30:00,68.12,68.27,68.17,68.27,965.4245499
2022-12-16 15:29:00,68.17,68.41,68.41,68.17,540.82815269
2022-12-16 15:28:00,68.36,68.42,68.4,68.4,208.45652652
2022-12-16 15:27:00,68.34,68.39,68.34,68.39,86.60618824
2022-12-16 15:26:00,68.31,68.37,68.37,68.34,288.75618516
2022-12-16 15:25:00,68.28,68.38,68.28,68.37,296.35657891
2022-12-16 15:24:00,68.26,68.33,68.32,68.28,278.6192112
2022-12-16 15:23:00,68.24,68.34,68.34,68.3,299.69642669
2022-12-16 15:22:00,68.32,68.43,68.32,68.37,164.05024276
2022-12-16 15:21:00,68.23,68.33,68.25,68.32,201.96668769
2022-12-16 15:20:00,68.21,68.3,68.26,68.24,210.18209238
2022-12-16 15:19:00,68.22,68.32,68.32,68.27,157.2816429
2022-12-16 15:18:00,68.31,68.41,68.37,68.32,442.07651167
2022-12-16 15:17:00,68.34,68.47,68.38,68.38,700.36699425
2022-12-16 15:16:00,68.39,68.44,68.44,68.4,134.50379178
2022-12-16 15:15:00,68.36,68.49,68.46,68.46,830.05416268
2022-12-16 15:14:00,68.43,68.48,68.47,68.46,164.37461684
2022-12-16 15:13:00,68.45,68.5,68.46,68.5,408.86757988
2022-12-16 15:12:00,68.46,68.61,68.6,68.47,661.94283223
2022-12-16 15:11:00,68.38,68.59,68.43,68.58,776.62128264
2022-12-16 15:10:00,68.42,68.52,68.44,68.46,806.31711665
2022-12-16 15:09:00,68.42,68.59,68.54,68.44,1201.10891464
2022-12-16 15:08:00,68.45,68.62,68.6,68.51,737.96294943
2022-12-16 15:07:00,68.6,68.68,68.68,68.6,36.98099924
2022-12-16 15:06:00,68.67,68.7,68.7,68.68,189.6275796
2022-12-16 15:05:00,68.68,68.77,68.72,68.71,539.40819472
2022-12-16 15:04:00,68.68,68.83,68.77,68.72,743.77444915
2022-12-16 15:03:00,68.76,68.84,68.84,68.77,295.81975455
2022-12-16 15:02:00,68.82,68.87,68.86,68.84,374.26280669
2022-12-16 15:01:00,68.79,68.9,68.84,68.87,408.9943444
2022-12-16 15:00:00,68.84,69.0,69.0,68.84,591.66911082
2022-12-16 14:59:00,68.97,69.02,68.98,68.99,877.17426608
2022-12-16 14:58:00,68.95,69.02,69.0,68.97,143.02591953
2022-12-16 14:57:00,68.91,69.06,68.95,69.02,289.57897398
2022-12-16 14:56:00,68.93,69.05,69.05,68.95,219.40576387
2022-12-16 14:55:00,69.0,69.11,69.09,69.04,895.6308115
2022-12-16 14:54:00,69.08,69.14,69.09,69.13,70.85871025
2022-12-16 14:53:00,69.04,69.09,69.09,69.09,118.32945379
2022-12-16 14:52:00,68.98,69.09,69.09,69.07,208.92504689
2022-12-16 14:51:00,69.03,69.09,69.07,69.06,114.66592432
2022-12-16 14:50:00,69.03,69.16,69.1,69.07,339.59973795
2022-12-16 14:49:00,68.91,69.1,68.91,69.1,322.85375054
2022-12-16 14:48:00,68.91,68.98,68.96,68.91,126.82465124
2022-12-16 14:47:00,68.9,69.03,68.95,68.95,437.0522244
2022-12-16 14:46:00,68.91,69.1,69.03,68.95,430.13940164
2022-12-16 14:45:00,68.98,69.14,68.99,69.03,1483.07123653
2022-12-16 14:44:00,68.91,69.04,69.02,68.97,340.71585554
2022-12-16 14:43:00,68.96,69.06,69.01,69.04,468.14432239
2022-12-16 14:42:00,68.85,69.02,68.85,69.02,298.95213192
2022-12-16 14:41:00,68.82,68.92,68.84,68.83,198.16266092
2022-12-16 14:40:00,68.78,68.89,68.89,68.83,323.57318949
2022-12-16 14:39:00,68.82,68.93,68.93,68.89,425.58592807
2022-12-16 14:38:00,68.87,68.97,68.96,68.9,241.92462307
2022-12-16 14:37:00,68.94,69.0,69.0,68.97,70.55688635
2022-12-16 14:36:00,68.98,69.16,69.03,69.01,101.23511233
2022-12-16 14:35:00,68.98,69.1,69.06,69.03,280.93044799
2022-12-16 14:34:00,69.0,69.18,69.09,69.07,483.0929437
2022-12-16 14:33:00,69.1,69.28,69.17,69.1,309.11766953
2022-12-16 14:32:00,69.1,69.3,69.13,69.2,278.71232154
2022-12-16 14:31:00,69.07,69.15,69.08,69.15,83.78920562
2022-12-16 14:30:00,69.08,69.25,69.25,69.08,360.36734747
2022-12-16 14:29:00,69.03,69.27,69.16,69.25,374.01016124
2022-12-16 14:28:00,69.0,69.26,69.01,69.14,691.14237261
2022-12-16 14:27:00,68.79,69.11,68.81,69.02,611.2724358
2022-12-16 14:26:00,68.79,68.9,68.85,68.81,195.3584189
2022-12-16 14:25:00,68.73,68.86,68.83,68.85,292.06322585
2022-12-16 14:24:00,68.8,69.05,68.9,68.84,1197.34865587
2022-12-16 14:23:00,68.62,68.94,68.62,68.91,1232.86322671
2022-12-16 14:22:00,68.61,68.75,68.62,68.62,802.59433337
2022-12-16 14:21:00,68.29,68.64,68.34,68.6,1215.06614969
2022-12-16 14:20:00,67.94,68.44,67.95,68.34,1819.69829621
2022-12-16 14:19:00,67.7,67.94,67.9,67.93,1432.38240656
2022-12-16 14:18:00,67.67,68.31,68.31,67.91,3975.43447626
2022-12-16 14:17:00,68.21,68.36,68.36,68.32,598.57396431
2022-12-16 14:16:00,68.34,68.47,68.39,68.38,480.75302073
2022-12-16 14:15:00,68.37,68.45,68.45,68.38,250.96125397
2022-12-16 14:14:00,68.4,68.47,68.45,68.45,133.25467808
2022-12-16 14:13:00,68.38,68.47,68.47,68.46,205.11690791
2022-12-16 14:12:00,68.39,68.49,68.49,68.46,210.19116756
2022-12-16 14:11:00,68.46,68.54,68.51,68.49,65.62040078
2022-12-16 14:10:00,68.52,68.64,68.61,68.55,1341.5092758
2022-12-16 14:09:00,68.58,68.66,68.64,68.62,125.26443258
2022-12-16 14:08:00,68.54,68.65,68.56,68.64,273.81459802
2022-12-16 14:07:00,68.54,68.69,68.63,68.56,239.08747224
2022-12-16 14:06:00,68.53,68.69,68.54,68.61,412.11178258
2022-12-16 14:05:00,68.47,68.57,68.47,68.55,369.52433134
2022-12-16 14:04:00,68.49,68.59,68.51,68.49,143.78474343
2022-12-16 14:03:00,68.48,68.59,68.58,68.52,250.21365796
2022-12-16 14:02:00,68.4,68.63,68.45,68.59,2104.96623463
2022-12-16 14:01:00,68.02,68.48,68.02,68.44,2016.64160438
2022-12-16 14:00:00,68.0,68.17,68.1,68.02,1264.8175863
2022-12-16 13:59:00,68.06,68.14,68.06,68.1,95.7900128
2022-12-16 13:58:00,68.04,68.24,68.22,68.05,496.54303862
2022-12-16 13:57:00,67.98,68.26,68.24,68.22,8241.26794149
2022-12-16 13:56:00,68.22,68.39,68.33,68.23,311.40214599
2022-12-16 13:55:00,68.25,68.38,68.29,68.35,322.4421211
2022-12-16 13:54:00,68.29,68.45,68.45,68.3,203.66032317
2022-12-16 13:53:00,68.39,68.52,68.43,68.44,674.21444565
2022-12-16 13:52:00,68.41,68.63,68.57,68.42,742.27533841
2022-12-16 13:51:00,68.52,68.58,68.58,68.57,219.79342297
2022-12-16 13:50:00,68.53,68.6,68.53,68.58,1009.53098317
2022-12-16 13:49:00,68.45,68.53,68.5,68.52,293.8168775
2022-12-16 13:48:00,68.44,68.51,68.45,68.5,239.27477069
2022-12-16 13:47:00,68.38,68.48,68.38,68.41,838.46669567
2022-12-16 13:46:00,68.27,68.42,68.42,68.36,901.20818923
2022-12-16 13:45:00,68.42,68.5,68.45,68.46,259.34708557
2022-12-16 13:44:00,68.47,68.57,68.49,68.47,349.58298843
2022-12-16 13:43:00,68.39,68.52,68.42,68.49,389.22030215
2022-12-16 13:42:00,68.36,68.52,68.5,68.41,1149.13075054
2022-12-16 13:41:00,68.44,68.5,68.46,68.48,30.34133722
2022-12-16 13:40:00,68.41,68.52,68.43,68.5,306.55426181
2022-12-16 13:39:00,68.24,68.42,68.42,68.41,891.31691087
2022-12-16 13:38:00,68.27,68.58,68.58,68.41,364.31311292
2022-12-16 13:37:00,68.55,68.69,68.55,68.62,140.12122888
2022-12-16 13:36:00,68.53,68.74,68.57,68.53,480.75001268
2022-12-16 13:35:00,68.56,68.75,68.57,68.56,812.33348766
2022-12-16 13:34:00,68.41,68.87,68.85,68.54,1633.71457877
2022-12-16 13:33:00,68.84,68.97,68.97,68.84,349.74978042
2022-12-16 13:32:00,68.93,69.0,68.95,68.99,88.30482103
2022-12-16 13:31:00,68.96,69.02,69.0,68.96,32.8452021
2022-12-16 13:30:00,69.0,69.05,69.05,69.0,116.15619218
2022-12-16 13:29:00,69.05,69.17,69.17,69.05,288.5293988
2022-12-16 13:28:00,68.98,69.15,69.04,69.15,1316.37340508
2022-12-16 13:27:00,69.03,69.06,69.05,69.04,24.97006528
2022-12-16 13:26:00,69.05,69.09,69.08,69.06,206.37955588
2022-12-16 13:25:00,69.0,69.1,69.09,69.08,173.88925611
2022-12-16 13:24:00,69.05,69.12,69.12,69.11,172.7425445
2022-12-16 13:23:00,69.13,69.19,69.18,69.14,97.22727009
2022-12-16 13:22:00,69.16,69.22,69.21,69.16,174.03766457
2022-12-16 13:21:00,69.17,69.23,69.18,69.2,364.74573412
2022-12-16 13:20:00,69.16,69.28,69.27,69.17,391.1193754
2022-12-16 13:19:00,69.28,69.32,69.31,69.29,105.71488112
2022-12-16 13:18:00,69.26,69.32,69.26,69.31,55.32484459
2022-12-16 13:17:00,69.25,69.28,69.28,69.28,24.27269683
2022-12-16 13:16:00,69.27,69.29,69.28,69.27,5.36916629
2022-12-16 13:15:00,69.25,69.28,69.26,69.28,87.15867913
2022-12-16 13:14:00,69.21,69.24,69.23,69.23,32.45617529
2022-12-16 13:13:00,69.22,69.25,69.24,69.23,27.1036826
2022-12-16 13:12:00,69.2,69.24,69.24,69.23,220.8580506
2022-12-16 13:11:00,69.22,69.24,69.22,69.23,24.49876988
2022-12-16 13:10:00,69.21,69.23,69.21,69.22,61.68625943
2022-12-16 13:09:00,69.21,69.24,69.24,69.21,96.25028701
2022-12-16 13:08:00,69.22,69.25,69.23,69.23,53.70975766
2022-12-16 13:07:00,69.23,69.27,69.26,69.24,66.95007494
2022-12-16 13:06:00,69.25,69.28,69.28,69.26,33.23223269
2022-12-16 13:05:00,69.25,69.29,69.29,69.27,68.7985076
2022-12-16 13:04:00,69.29,69.37,69.37,69.29,248.38053859
2022-12-16 13:03:00,69.35,69.37,69.37,69.35,32.448657
2022-12-16 13:02:00,69.34,69.36,69.35,69.34,29.81204908
2022-12-16 13:01:00,69.31,69.35,69.31,69.35,160.93508522
2022-12-16 13:00:00,69.3,69.4,69.4,69.3,158.04465717
2022-12-16 12:59:00,69.38,69.45,69.38,69.45,204.3576198
2022-12-16 12:58:00,69.33,69.38,69.33,69.37,154.63275709
2022-12-16 12:57:00,69.3,69.34,69.34,69.33,181.0571384
2022-12-16 12:56:00,69.35,69.41,69.39,69.35,123.67007802
2022-12-16 12:55:00,69.32,69.43,69.32,69.41,363.18366503
2022-12-16 12:54:00,69.28,69.34,69.28,69.33,28.55227179
2022-12-16 12:53:00,69.27,69.31,69.3,69.27,60.11573155
2022-12-16 12:52:00,69.29,69.34,69.33,69.31,128.72369641
2022-12-16 12:51:00,69.31,69.33,69.31,69.33,21.44903399
2022-12-16 12:50:00,69.28,69.32,69.29,69.31,104.05210239
2022-12-16 12:49:00,69.28,69.33,69.31,69.31,121.80247583
2022-12-16 12:48:00,69.27,69.31,69.27,69.29,220.087018
2022-12-16 12:47:00,69.26,69.3,69.29,69.27,91.82859313
2022-12-16 12:46:00,69.29,69.32,69.3,69.3,95.55760321
2022-12-16 12:45:00,69.24,69.32,69.32,69.29,188.45731254
2022-12-16 12:44:00,69.23,69.33,69.28,69.33,228.96164788
2022-12-16 12:43:00,69.22,69.32,69.23,69.26,448.17600761
2022-12-16 12:42:00,69.2,69.23,69.2,69.22,15.18883498
2022-12-16 12:41:00,69.19,69.22,69.19,69.21,31.21872159
2022-12-16 12:40:00,69.14,69.19,69.15,69.19,175.52844243
2022-12-16 12:39:00,69.14,69.16,69.15,69.15,62.94791903
2022-12-16 12:38:00,69.09,69.15,69.15,69.15,150.84496188
2022-12-16 12:37:00,69.13,69.15,69.13,69.15,32.92282186
2022-12-16 12:36:00,69.1,69.13,69.13,69.13,34.50795064
2022-12-16 12:35:00,69.09,69.12,69.1,69.1,109.29116166
2022-12-16 12:34:00,69.05,69.1,69.09,69.09,122.15834738
2022-12-16 12:33:00,69.03,69.12,69.04,69.1,396.88993868
2022-12-16 12:32:00,69.0,69.05,69.05,69.05,566.87023499
2022-12-16 12:31:00,69.01,69.06,69.04,69.05,468.3705362
2022-12-16 12:30:00,69.04,69.1,69.1,69.06,136.53120065
2022-12-16 12:29:00,69.0,69.11,69.01,69.11,703.74897146
2022-12-16 12:28:00,69.0,69.03,69.0,69.02,4109.915311
2022-12-16 12:27:00,69.01,69.09,69.04,69.01,205.07771558
2022-12-16 12:26:00,69.02,69.06,69.04,69.02,33.98246741
2022-12-16 12:25:00,69.0,69.04,69.01,69.04,113.63724514
2022-12-16 12:24:00,69.01,69.02,69.02,69.02,7.19913336
2022-12-16 12:23:00,69.0,69.04,69.01,69.0,22.0652212
2022-12-16 12:22:00,68.98,69.03,69.01,69.01,83.41199003
2022-12-16 12:21:00,68.98,69.05,69.05,69.01,155.20497998
2022-12-16 12:20:00,69.01,69.08,69.05,69.08,120.83143404
2022-12-16 12:19:00,68.98,69.07,68.98,69.04,66.12831661
2022-12-16 12:18:00,68.94,69.03,69.0,68.94,64.78577191
2022-12-16 12:17:00,68.89,69.0,68.89,69.0,76.98399159
2022-12-16 12:16:00,68.88,69.04,69.03,68.91,310.2046046
2022-12-16 12:15:00,68.82,69.03,68.86,69.03,142.38733584
2022-12-16 12:14:00,68.87,68.93,68.89,68.87,47.11333661
2022-12-16 12:13:00,68.88,68.93,68.88,68.91,77.99207143
2022-12-16 12:12:00,68.87,68.98,68.97,68.88,63.3215017
2022-12-16 12:11:00,68.94,68.98,68.96,68.97,137.91452969
2022-12-16 12:10:00,68.92,68.98,68.95,68.96,134.5997015
2022-12-16 12:09:00,68.92,68.95,68.93,68.94,17.39427499
2022-12-16 12:08:00,68.79,68.92,68.89,68.92,287.42546088
2022-12-16 12:07:00,68.84,68.98,68.97,68.89,499.99995766
2022-12-16 12:06:00,68.99,69.16,69.16,68.99,132.22202804
2022-12-16 12:05:00,69.06,69.14,69.06,69.14,98.04166239
2022-12-16 12:04:00,69.03,69.07,69.04,69.05,79.10350698
2022-12-16 12:03:00,69.02,69.07,69.07,69.04,42.78124414
2022-12-16 12:02:00,69.01,69.09,69.02,69.09,793.69931105
2022-12-16 12:01:00,69.01,69.17,69.17,69.02,1037.24321489
2022-12-16 12:00:00,69.16,69.2,69.19,69.17,324.05869503
2022-12-16 11:59:00,69.16,69.23,69.19,69.22,115.64097758
2022-12-16 11:58:00,69.19,69.22,69.21,69.2,59.84984205
2022-12-16 11:57:00,69.18,69.2,69.18,69.2,13.05647829
2022-12-16 11:56:00,69.12,69.18,69.12,69.18,18.74924761
2022-12-16 11:55:00,69.07,69.12,69.07,69.12,25.36624596
2022-12-16 11:54:00,69.06,69.11,69.06,69.06,55.6129066
2022-12-16 11:53:00,69.07,69.15,69.15,69.07,820.19683462
2022-12-16 11:52:00,69.14,69.18,69.14,69.16,90.92239915
2022-12-16 11:51:00,69.09,69.13,69.12,69.13,52.25299805
2022-12-16 11:50:00,69.07,69.14,69.12,69.1,185.33351625
2022-12-16 11:49:00,69.13,69.16,69.13,69.13,56.29346618
2022-12-16 11:48:00,69.11,69.13,69.12,69.12,19.27820227
2022-12-16 11:47:00,69.06,69.16,69.12,69.15,429.80238556
2022-12-16 11:46:00,69.1,69.13,69.11,69.1,16.57955364
2022-12-16 11:45:00,69.1,69.16,69.16,69.11,76.40998199
2022-12-16 11:44:00,69.16,69.18,69.16,69.16,14.64596567
2022-12-16 11:43:00,69.15,69.18,69.18,69.15,105.35619361
2022-12-16 11:42:00,69.11,69.2,69.11,69.2,408.28931378
2022-12-16 11:41:00,69.06,69.17,69.17,69.1,506.50737788
2022-12-16 11:40:00,69.11,69.17,69.15,69.17,117.69683464
2022-12-16 11:39:00,69.15,69.2,69.2,69.16,56.01926868
2022-12-16 11:38:00,69.2,69.25,69.23,69.2,11.03860307
2022-12-16 11:37:00,69.18,69.25,69.23,69.18,212.14148237
2022-12-16 11:36:00,69.16,69.24,69.2,69.24,63.74407518
2022-12-16 11:35:00,69.18,69.24,69.23,69.21,187.31157301
2022-12-16 11:34:00,69.18,69.24,69.18,69.23,135.31874833
2022-12-16 21:34:00,67.61,67.7,67.65,67.69,127.72355085
2022-12-16 21:33:00,67.65,67.75,67.74,67.65,357.3929412
2022-12-16 21:32:00,67.7,67.76,67.75,67.74,144.94422717
2022-12-16 21:31:00,67.75,67.77,67.77,67.77,67.28687546
2022-12-16 21:30:00,67.75,67.78,67.78,67.75,70.38285878
2022-12-16 21:29:00,67.75,67.79,67.77,67.79,130.3047772
2022-12-16 21:28:00,67.74,67.79,67.79,67.78,99.89082865
2022-12-16 21:27:00,67.78,67.88,67.86,67.78,333.58267389
2022-12-16 21:26:00,67.85,67.88,67.85,67.86,187.02214931
2022-12-16 21:25:00,67.82,67.87,67.84,67.84,33.84967664
2022-12-16 21:24:00,67.82,67.86,67.86,67.85,173.44742081
2022-12-16 21:23:00,67.82,67.87,67.83,67.85,199.0792136
2022-12-16 21:22:00,67.82,67.87,67.83,67.83,598.03972203
2022-12-16 21:21:00,67.81,67.89,67.89,67.83,116.99186679
2022-12-16 21:20:00,67.88,67.93,67.9,67.88,124.6730679
2022-12-16 21:19:00,67.87,67.93,67.91,67.9,193.07273324
2022-12-16 21:18:00,67.86,67.91,67.88,67.91,254.64228046
2022-12-16 21:17:00,67.87,67.9,67.87,67.89,51.8751507
2022-12-16 21:16:00,67.86,67.92,67.89,67.88,221.17013723
2022-12-16 21:15:00,67.82,67.91,67.83,67.91,31.22883203
2022-12-16 21:14:00,67.82,67.89,67.86,67.83,100.44980532
2022-12-16 21:13:00,67.77,67.88,67.8,67.87,50.06958459
2022-12-16 21:12:00,67.78,67.93,67.91,67.8,606.90776705
2022-12-16 21:11:00,67.9,68.02,68.01,67.91,224.81174182
2022-12-16 21:10:00,67.86,68.03,67.9,68.02,1239.86243795
2022-12-16 21:09:00,67.88,67.97,67.94,67.9,457.34965442
2022-12-16 21:08:00,67.91,67.97,67.91,67.95,18.9162834
2022-12-16 21:07:00,67.87,67.93,67.87,67.93,95.89929356
2022-12-16 21:06:00,67.86,67.91,67.89,67.86,59.6179991
2022-12-16 21:05:00,67.89,67.97,67.9,67.89,92.31638818
2022-12-16 21:04:00,67.9,67.99,67.96,67.9,33.07258974
2022-12-16 21:03:00,67.87,67.98,67.87,67.96,313.87542975
2022-12-16 21:02:00,67.86,67.99,67.97,67.87,183.08291455
2022-12-16 21:01:00,67.98,68.14,68.12,67.99,241.6378961
2022-12-16 21:00:00,68.07,68.14,68.08,68.12,205.10558569
2022-12-16 20:59:00,68.07,68.18,68.17,68.08,816.72143295
2022-12-16 20:58:00,68.18,68.23,68.22,68.18,69.35418665
2022-12-16 20:57:00,68.2,68.22,68.22,68.2,14.39918907
2022-12-16 20:56:00,68.19,68.22,68.2,68.22,41.92776435
2022-12-16 20:55:00,68.15,68.22,68.15,68.2,385.27251129
2022-12-16 20:54:00,68.12,68.17,68.17,68.15,252.67943574
2022-12-16 20:53:00,68.11,68.22,68.22,68.16,164.96487948
2022-12-16 20:52:00,68.17,68.25,68.23,68.23,330.97524499
2022-12-16 20:51:00,68.15,68.23,68.19,68.23,98.91755415
2022-12-16 20:50:00,68.18,68.3,68.28,68.19,218.22695174
2022-12-16 20:49:00,68.23,68.29,68.26,68.28,65.88319408
2022-12-16 20:48:00,68.24,68.29,68.28,68.27,138.69770951
2022-12-16 20:47:00,68.25,68.29,68.27,68.29,111.21803317
2022-12-16 20:46:00,68.25,68.29,68.25,68.28,192.42930902
2022-12-16 20:45:00,68.22,68.26,68.25,68.25,114.76641553
2022-12-16 20:44:00,68.23,68.27,68.26,68.25,64.08370552
2022-12-16 20:43:00,68.23,68.28,68.24,68.25,82.76388673
2022-12-16 20:42:00,68.23,68.25,68.24,68.25,48.61136143
2022-12-16 20:41:00,68.22,68.29,68.24,68.23,74.56748703
2022-12-16 20:40:00,68.22,68.27,68.22,68.26,124.25348553
2022-12-16 20:39:00,68.16,68.25,68.18,68.23,254.01835223
2022-12-16 20:38:00,68.17,68.23,68.2,68.18,501.36258916
2022-12-16 20:37:00,68.2,68.23,68.23,68.2,177.50805345
2022-12-16 20:36:00,68.21,68.24,68.22,68.24,38.98680259
2022-12-16 20:35:00,68.16,68.26,68.25,68.22,297.04529559
2022-12-16 20:34:00,68.23,68.3,68.29,68.26,155.75452142
2022-12-16 20:33:00,68.27,68.37,68.37,68.27,559.99851435
2022-12-16 20:32:00,68.23,68.37,68.25,68.37,824.61684091
2022-12-16 20:31:00,68.19,68.25,68.23,68.24,1421.7230597
2022-12-16 20:30:00,68.17,68.34,68.34,68.23,932.42009417
2022-12-16 20:29:00,68.28,68.41,68.28,68.35,1771.77705206
2022-12-16 20:28:00,68.24,68.3,68.3,68.28,780.03672427
2022-12-16 20:27:00,68.24,68.4,68.27,68.31,2119.36496039
2022-12-16 20:26:00,68.28,68.47,68.31,68.28,2339.88543493
2022-12-16 20:25:00,68.18,68.42,68.18,68.31,3601.35624024
2022-12-16 20:24:00,68.13,68.2,68.13,68.18,860.54417783
2022-12-16 20:23:00,68.11,68.13,68.11,68.13,40.06653581
2022-12-16 20:22:00,68.1,68.12,68.1,68.11,184.17672762
2022-12-16 20:21:00,68.11,68.12,68.11,68.11,21.61898241
2022-12-16 20:20:00,68.09,68.13,68.1,68.12,370.70866299
2022-12-16 20:19:00,68.09,68.16,68.15,68.11,537.62836706
2022-12-16 20:18:00,68.13,68.22,68.15,68.16,1240.8163804
2022-12-16 20:17:00,68.05,68.17,68.07,68.15,1390.24873362
2022-12-16 20:16:00,68.05,68.07,68.05,68.07,368.10982291
2022-12-16 20:15:00,68.02,68.06,68.03,68.05,643.37867512
2022-12-16 20:14:00,67.98,68.04,67.98,68.04,959.74028081
2022-12-16 20:13:00,67.95,67.99,67.98,67.98,419.64946323
2022-12-16 20:12:00,67.95,68.0,68.0,67.99,373.10766565
2022-12-16 20:11:00,67.93,68.01,67.93,67.99,686.43984107
2022-12-16 20:10:00,67.89,67.94,67.91,67.94,169.9068853
2022-12-16 20:09:00,67.89,67.97,67.89,67.92,498.48698161
2022-12-16 20:08:00,67.89,67.93,67.92,67.89,958.70968253
2022-12-16 20:07:00,67.86,67.93,67.91,67.91,1208.72539397
2022-12-16 20:06:00,67.89,67.98,67.98,67.91,405.42263448
2022-12-16 20:05:00,67.95,68.08,68.07,67.97,413.40518964
2022-12-16 20:04:00,68.04,68.28,68.19,68.08,1839.83378474
2022-12-16 20:03:00,68.05,68.22,68.06,68.2,1687.47496715
2022-12-16 20:02:00,68.02,68.07,68.04,68.06,66.50853222
2022-12-16 20:01:00,68.0,68.05,68.02,68.02,61.13483022
2022-12-16 20:00:00,68.01,68.11,68.1,68.02,88.05995458
2022-12-16 19:59:00,68.1,68.21,68.21,68.1,155.06938279
2022-12-16 19:58:00,68.1,68.21,68.1,68.18,575.48233544
2022-12-16 19:57:00,68.05,68.1,68.05,68.1,115.94780033
2022-12-16 19:56:00,67.95,68.04,67.95,68.02,134.85710512
2022-12-16 19:55:00,67.96,68.04,68.03,67.96,177.12308451
2022-12-16 19:54:00,68.01,68.08,68.08,68.04,104.85882681
2022-12-16 19:53:00,68.04,68.13,68.08,68.07,69.78971221
2022-12-16 19:52:00,68.05,68.13,68.13,68.06,192.90108311
2022-12-16 19:51:00,68.06,68.17,68.12,68.13,465.91443143
2022-12-16 19:50:00,67.94,68.11,67.97,68.11,758.61120022
2022-12-16 19:49:00,67.86,67.96,67.86,67.96,307.51275478
2022-12-16 19:48:00,67.81,67.89,67.87,67.82,218.38658201
2022-12-16 19:47:00,67.78,67.88,67.79,67.87,921.97246548
2022-12-16 19:46:00,67.76,67.81,67.76,67.8,72.84616702
2022-12-16 19:45:00,67.73,67.76,67.76,67.75,92.26165203
2022-12-16 19:44:00,67.73,67.78,67.78,67.75,60.63201676
2022-12-16 19:43:00,67.74,67.8,67.8,67.76,99.59101238
2022-12-16 19:42:00,67.77,67.82,67.79,67.8,128.60626126
2022-12-16 19:41:00,67.76,67.81,67.77,67.8,129.29303544
2022-12-16 19:40:00,67.73,67.77,67.74,67.77,66.53185954
2022-12-16 19:39:00,67.73,67.76,67.75,67.74,56.33870531
2022-12-16 19:38:00,67.74,67.78,67.78,67.74,85.94198742
2022-12-16 19:37:00,67.77,67.8,67.77,67.79,35.32884753
2022-12-16 19:36:00,67.74,67.78,67.75,67.78,68.61112921
2022-12-16 19:35:00,67.63,67.74,67.63,67.74,86.2423182
2022-12-16 19:34:00,67.63,67.67,67.66,67.64,50.20530679
2022-12-16 19:33:00,67.64,67.66,67.64,67.66,38.22981869
2022-12-16 19:32:00,67.61,67.66,67.61,67.65,100.94788439
2022-12-16 19:31:00,67.6,67.66,67.62,67.61,234.35025607
2022-12-16 19:30:00,67.61,67.64,67.61,67.64,31.51142725
2022-12-16 19:29:00,67.6,67.7,67.68,67.64,54.38671833
2022-12-16 19:28:00,67.56,67.71,67.57,67.7,330.69704592
2022-12-16 19:27:00,67.56,67.62,67.61,67.56,86.40957154
2022-12-16 19:26:00,67.61,67.66,67.62,67.61,241.64802916
2022-12-16 19:25:00,67.61,67.65,67.64,67.62,41.34132384
2022-12-16 19:24:00,67.61,67.65,67.64,67.65,194.69475969
2022-12-16 19:23:00,67.61,67.66,67.66,67.65,291.60981504
2022-12-16 19:22:00,67.65,67.67,67.66,67.66,79.35871562
2022-12-16 19:21:00,67.66,67.71,67.71,67.68,1699.06902783
2022-12-16 19:20:00,67.7,67.71,67.71,67.71,59.1225202
2022-12-16 19:19:00,67.7,67.73,67.72,67.71,289.66377604
2022-12-16 19:18:00,67.7,67.74,67.73,67.73,394.95155594
2022-12-16 19:17:00,67.7,67.72,67.7,67.72,641.97651787
2022-12-16 19:16:00,67.7,67.71,67.7,67.71,1488.14422283
2022-12-16 19:15:00,67.7,67.72,67.72,67.71,365.59849474
2022-12-16 19:14:00,67.73,67.75,67.75,67.73,58.76074572
2022-12-16 19:13:00,67.7,67.75,67.73,67.74,331.8202565
2022-12-16 19:12:00,67.71,67.73,67.73,67.73,16.49542964
2022-12-16 19:11:00,67.69,67.73,67.71,67.73,43.12588173
2022-12-16 19:10:00,67.68,67.73,67.68,67.7,185.37922727
2022-12-16 19:09:00,67.68,67.74,67.73,67.69,71.43352688
2022-12-16 19:08:00,67.71,67.73,67.73,67.71,31.22473257
2022-12-16 19:07:00,67.68,67.73,67.71,67.72,105.63507265
2022-12-16 19:06:00,67.7,67.73,67.72,67.72,106.07297968
2022-12-16 19:05:00,67.69,67.73,67.7,67.71,239.27647992
2022-12-16 19:04:00,67.7,67.79,67.79,67.71,141.9797977
2022-12-16 19:03:00,67.72,67.84,67.84,67.8,596.87325805
2022-12-16 19:02:00,67.78,67.84,67.78,67.83,183.09596488
2022-12-16 19:01:00,67.66,67.77,67.66,67.77,316.94458856
2022-12-16 19:00:00,67.64,67.71,67.71,67.65,362.07901033
2022-12-16 18:59:00,67.72,67.75,67.75,67.73,24.34835764
2022-12-16 18:58:00,67.72,67.75,67.74,67.72,45.98190754
2022-12-16 18:57:00,67.73,67.8,67.8,67.74,105.91038074
2022-12-16 18:56:00,67.76,67.81,67.79,67.79,62.61698556
2022-12-16 18:55:00,67.77,67.82,67.8,67.79,31.27773123
2022-12-16 18:54:00,67.79,67.82,67.8,67.81,17.67191308
2022-12-16 18:53:00,67.78,67.82,67.81,67.81,27.13162109
2022-12-16 18:52:00,67.73,67.81,67.74,67.8,50.41376356
2022-12-16 18:51:00,67.72,67.81,67.81,67.73,494.95662055
2022-12-16 18:50:00,67.76,67.81,67.77,67.81,127.55956294
2022-12-16 18:49:00,67.74,67.77,67.75,67.77,156.67459297
2022-12-16 18:48:00,67.71,67.75,67.71,67.75,57.5400847
2022-12-16 18:47:00,67.68,67.71,67.69,67.71,31.66358475
2022-12-16 18:46:00,67.67,67.73,67.7,67.69,391.48157141
2022-12-16 18:45:00,67.65,67.7,67.68,67.68,146.08960311
2022-12-16 18:44:00,67.63,67.69,67.69,67.69,574.87924642
2022-12-16 18:43:00,67.68,67.74,67.73,67.68,367.12094905
2022-12-16 18:42:00,67.66,67.75,67.66,67.73,167.4458036
2022-12-16 18:41:00,67.65,67.73,67.71,67.65,172.20463081
2022-12-16 18:40:00,67.7,67.76,67.76,67.71,247.08611167
2022-12-16 18:39:00,67.76,67.84,67.84,67.76,160.05282931
2022-12-16 18:38:00,67.81,67.84,67.82,67.84,44.41525366
2022-12-16 18:37:00,67.78,67.82,67.8,67.82,66.36501962
2022-12-16 18:36:00,67.8,67.83,67.81,67.81,21.77263875
2022-12-16 18:35:00,67.81,67.83,67.81,67.81,64.34813865
2022-12-16 18:34:00,67.81,67.83,67.81,67.81,21.38451434
2022-12-16 18:33:00,67.78,67.83,67.82,67.81,441.83594855
2022-12-16 18:32:00,67.75,67.82,67.76,67.81,146.69602435
2022-12-16 18:31:00,67.72,67.76,67.72,67.74,52.33604157
2022-12-16 18:30:00,67.73,67.79,67.77,67.74,270.3231056
2022-12-16 18:29:00,67.75,67.8,67.75,67.79,217.11618836
2022-12-16 18:28:00,67.73,67.76,67.75,67.75,54.07526974
2022-12-16 18:27:00,67.73,67.77,67.76,67.73,31.32064051
2022-12-16 18:26:00,67.73,67.77,67.76,67.74,54.31998794
2022-12-16 18:25:00,67.74,67.77,67.75,67.76,53.41330214
2022-12-16 18:24:00,67.74,67.8,67.8,67.77,70.13543838
2022-12-16 18:23:00,67.77,67.8,67.77,67.8,28.56635049
2022-12-16 18:22:00,67.73,67.83,67.73,67.76,214.55903517
2022-12-16 18:21:00,67.73,67.76,67.75,67.74,49.40089334
2022-12-16 18:20:00,67.75,67.8,67.79,67.78,59.43448314
2022-12-16 18:19:00,67.78,67.84,67.84,67.78,84.14337531
2022-12-16 18:18:00,67.81,67.84,67.83,67.81,73.46628886
2022-12-16 18:17:00,67.79,67.85,67.8,67.84,73.91257595
2022-12-16 18:16:00,67.78,67.81,67.81,67.8,89.40570991
2022-12-16 18:15:00,67.76,67.81,67.79,67.8,133.02021454
2022-12-16 18:14:00,67.75,67.79,67.77,67.78,168.30625318
2022-12-16 18:13:00,67.76,67.82,67.76,67.77,61.04800707
2022-12-16 18:12:00,67.75,67.87,67.87,67.75,495.27503745
2022-12-16 18:11:00,67.84,67.89,67.88,67.88,221.31865494
2022-12-16 18:10:00,67.77,67.88,67.83,67.88,625.05161341
2022-12-16 18:09:00,67.82,67.95,67.87,67.82,940.92713842
2022-12-16 18:08:00,67.78,67.89,67.79,67.87,401.8498191
2022-12-16 18:07:00,67.76,67.8,67.76,67.79,302.40796814
2022-12-16 18:06:00,67.74,67.77,67.76,67.75,219.17683628
2022-12-16 18:05:00,67.6,67.76,67.6,67.74,941.52101023
2022-12-16 18:04:00,67.6,67.68,67.67,67.61,612.89177436
2022-12-16 18:03:00,67.66,67.73,67.7,67.67,3653.8944935
2022-12-16 18:02:00,67.69,67.72,67.69,67.71,23.05432989
2022-12-16 18:01:00,67.7,67.75,67.75,67.7,758.91507615
2022-12-16 18:00:00,67.71,67.79,67.73,67.73,316.358716
2022-12-16 17:59:00,67.66,67.75,67.68,67.72,506.65607787
2022-12-16 17:58:00,67.57,67.68,67.57,67.67,391.69101121
2022-12-16 17:57:00,67.53,67.61,67.55,67.56,122.52196886
2022-12-16 17:56:00,67.54,67.61,67.6,67.54,72.77117693
2022-12-16 17:55:00,67.54,67.66,67.55,67.61,497.49728142
2022-12-16 17:54:00,67.52,67.66,67.66,67.57,905.26615003
2022-12-16 17:53:00,67.64,67.66,67.66,67.66,26.23462818
2022-12-16 17:52:00,67.64,67.69,67.66,67.65,453.83335191
2022-12-16 17:51:00,67.66,67.72,67.71,67.66,234.06851846
2022-12-16 17:50:00,67.7,67.76,67.71,67.72,309.4080425
2022-12-16 17:49:00,67.58,67.72,67.58,67.72,469.42139763
2022-12-16 17:48:00,67.58,67.68,67.66,67.6,57.81160337
2022-12-16 17:47:00,67.59,67.66,67.59,67.64,216.2801851
2022-12-16 17:46:00,67.55,67.64,67.64,67.59,335.7125392
2022-12-16 17:45:00,67.59,67.65,67.59,67.64,85.90748709
2022-12-16 17:44:00,67.56,67.68,67.68,67.59,1229.44102725
2022-12-16 17:43:00,67.68,67.79,67.79,67.68,119.48403516
2022-12-16 17:42:00,67.76,67.87,67.87,67.79,407.53996327
2022-12-16 17:41:00,67.76,67.92,67.81,67.86,558.92806096
2022-12-16 17:40:00,67.79,67.86,67.86,67.81,163.13743096
2022-12-16 17:39:00,67.83,67.95,67.92,67.85,133.95700984
2022-12-16 17:38:00,67.91,67.95,67.91,67.95,53.09931907
2022-12-16 17:37:00,67.88,67.96,67.92,67.91,335.071734
2022-12-16 17:36:00,67.88,67.96,67.88,67.92,218.25204949
2022-12-16 17:35:00,67.77,67.88,67.77,67.88,767.71998922
2022-12-16 17:34:00,67.74,67.79,67.74,67.76,107.81353566
2022-12-16 17:33:00,67.68,67.74,67.68,67.74,61.18598786
2022-12-16 17:32:00,67.66,67.74,67.72,67.7,296.99705467
2022-12-16 17:31:00,67.62,67.77,67.65,67.74,514.22213829
2022-12-16 17:30:00,67.61,67.67,67.63,67.67,144.60165171
2022-12-16 17:29:00,67.52,67.7,67.54,67.65,446.8234942
2022-12-16 17:28:00,67.33,67.55,67.39,67.54,512.20371113
2022-12-16 17:27:00,67.39,67.49,67.47,67.39,265.25170902
2022-12-16 17:26:00,67.41,67.5,67.41,67.49,319.45432806
2022-12-16 17:25:00,67.4,67.45,67.44,67.4,36.53974655
2022-12-16 17:24:00,67.36,67.44,67.43,67.44,84.38928651
2022-12-16 17:23:00,67.39,67.46,67.39,67.42,102.69857632
2022-12-16 17:22:00,67.41,67.51,67.51,67.41,173.2233732
2022-12-16 17:21:00,67.51,67.56,67.53,67.53,222.60070491
2022-12-16 17:20:00,67.47,67.53,67.48,67.53,18.43162978
2022-12-16 17:19:00,67.46,67.58,67.53,67.48,468.5297541
2022-12-16 17:18:00,67.41,67.57,67.42,67.52,340.40234409
2022-12-16 17:17:00,67.4,67.46,67.46,67.42,163.94418494
2022-12-16 17:16:00,67.44,67.49,67.45,67.46,134.46801211
2022-12-16 17:15:00,67.35,67.46,67.35,67.46,244.33308199
2022-12-16 17:14:00,67.36,67.45,67.41,67.38,377.41221955
2022-12-16 17:13:00,67.38,67.48,67.48,67.43,329.38154368
2022-12-16 17:12:00,67.48,67.55,67.54,67.49,422.27848627
2022-12-16 17:11:00,67.51,67.6,67.53,67.53,271.13575785
2022-12-16 17:10:00,67.51,67.57,67.53,67.54,194.33544927
2022-12-16 17:09:00,67.49,67.55,67.53,67.53,434.86451216
2022-12-16 17:08:00,67.42,67.52,67.48,67.52,222.3315929
2022-12-16 17:07:00,67.43,67.57,67.51,67.46,691.23824183
2022-12-16 17:06:00,67.31,67.52,67.31,67.52,2524.79716431
2022-12-16 17:05:00,67.16,67.31,67.26,67.29,421.24725657
2022-12-16 17:04:00,67.25,67.4,67.35,67.28,641.91127528
2022-12-16 17:03:00,67.28,67.38,67.28,67.36,196.89680818
2022-12-16 17:02:00,67.16,67.31,67.18,67.29,443.27011517
2022-12-16 17:01:00,67.13,67.23,67.15,67.21,478.82141714
2022-12-16 17:00:00,67.02,67.14,67.02,67.13,518.47171004
2022-12-16 16:59:00,66.96,67.09,67.09,67.04,562.94903389
2022-12-16 16:58:00,67.01,67.09,67.01,67.08,425.82844026
2022-12-16 16:57:00,66.78,67.01,66.95,67.0,832.65339691
2022-12-16 16:56:00,66.89,67.13,66.92,66.92,623.51808189
2022-12-16 16:55:00,66.9,67.16,67.01,66.93,1050.32275607
2022-12-16 16:54:00,66.74,67.06,67.06,67.0,1733.07670777
2022-12-16 16:53:00,67.08,67.27,67.26,67.08,261.47367516
2022-12-16 16:52:00,67.16,67.3,67.25,67.23,524.59876933
2022-12-16 16:51:00,67.18,67.27,67.18,67.25,161.78134815
2022-12-16 16:50:00,67.01,67.2,67.18,67.2,1326.73706612
2022-12-16 16:49:00,67.18,67.28,67.2,67.19,573.87999695
2022-12-16 16:48:00,67.2,67.3,67.3,67.2,2777.25185054
2022-12-16 16:47:00,67.23,67.34,67.34,67.29,665.893863
2022-12-16 16:46:00,67.32,67.49,67.41,67.35,2994.10694775
2022-12-16 16:45:00,67.4,67.44,67.41,67.4,2783.8917169
2022-12-16 16:44:00,67.4,67.48,67.41,67.41,922.48078709
2022-12-16 16:43:00,67.38,67.5,67.48,67.42,377.78053475
2022-12-16 16:42:00,67.47,67.53,67.51,67.48,635.64934427
2022-12-16 16:41:00,67.51,67.61,67.52,67.53,1087.1568465
2022-12-16 16:40:00,67.51,67.63,67.6,67.51,1928.65571498
2022-12-16 16:39:00,67.51,67.61,67.52,67.61,52.91597235
2022-12-16 16:38:00,67.49,67.55,67.52,67.51,369.48905335
2022-12-16 16:37:00,67.45,67.55,67.45,67.54,330.49617467
2022-12-16 16:36:00,67.41,67.64,67.59,67.45,590.11684084
2022-12-16 16:35:00,67.45,67.64,67.45,67.57,289.08722905
2022-12-16 16:34:00,67.41,67.49,67.41,67.48,608.51911414
2022-12-17 02:34:00,66.45,66.93,66.48,66.93,859.7657846
2022-12-17 02:33:00,66.31,66.49,66.38,66.49,144.34574881
2022-12-17 02:32:00,66.21,66.38,66.21,66.34,315.4459518
2022-12-17 02:31:00,66.2,66.3,66.21,66.2,544.2570482
2022-12-17 02:30:00,66.05,66.24,66.06,66.21,439.22438698
2022-12-17 02:29:00,66.02,66.08,66.02,66.07,43.04781921
2022-12-17 02:28:00,65.85,65.99,65.98,65.99,203.0457429
2022-12-17 02:27:00,65.96,66.1,65.96,65.97,160.75490782
2022-12-17 02:26:00,65.92,66.08,66.03,65.96,170.05044864
2022-12-17 02:25:00,65.97,66.05,65.99,66.05,115.15574377
2022-12-17 02:24:00,65.86,65.98,65.98,65.98,152.97724709
2022-12-17 02:23:00,65.94,66.06,65.94,66.01,139.3885515
2022-12-17 02:22:00,65.72,65.95,65.82,65.94,309.1872833
2022-12-17 02:21:00,65.84,65.98,65.96,65.85,145.75648442
2022-12-17 02:20:00,65.96,66.11,66.09,65.97,146.07534835
2022-12-17 02:19:00,65.99,66.13,66.08,66.1,136.66827728
2022-12-17 02:18:00,66.04,66.19,66.16,66.1,162.21767762
2022-12-17 02:17:00,66.04,66.27,66.04,66.16,695.86718926
2022-12-17 02:16:00,66.04,66.13,66.04,66.07,330.55720093
2022-12-17 02:15:00,65.81,66.07,65.83,66.07,324.47382133
2022-12-17 02:14:00,65.78,65.97,65.9,65.83,471.79851857
2022-12-17 02:13:00,65.9,66.01,66.01,65.9,205.60951665
2022-12-17 02:12:00,65.77,66.03,65.84,66.03,215.09547068
2022-12-17 02:11:00,65.81,65.96,65.96,65.83,359.29209475
2022-12-17 02:10:00,65.96,66.12,66.03,65.96,679.04202548
2022-12-17 02:09:00,65.84,66.1,66.01,66.01,654.38534601
2022-12-17 02:08:00,65.93,66.09,66.08,66.0,513.86398465
2022-12-17 02:07:00,66.04,66.22,66.14,66.06,301.78377225
2022-12-17 02:06:00,66.08,66.31,66.31,66.13,444.96043091
2022-12-17 02:05:00,66.3,66.43,66.34,66.31,290.86812889
2022-12-17 02:04:00,66.22,66.38,66.36,66.35,418.09707544
2022-12-17 02:03:00,66.36,66.54,66.54,66.38,216.14633838
2022-12-17 02:02:00,66.47,66.62,66.47,66.57,181.49059173
2022-12-17 02:01:00,66.38,66.53,66.53,66.48,180.08852078
2022-12-17 02:00:00,66.46,66.55,66.5,66.51,537.32187238
2022-12-17 01:59:00,66.45,66.52,66.52,66.5,80.10773926
2022-12-17 01:58:00,66.49,66.6,66.56,66.52,164.80108618
2022-12-17 01:57:00,66.55,66.68,66.68,66.56,226.99354953
2022-12-17 01:56:00,66.57,66.8,66.59,66.69,829.0633113
2022-12-17 01:55:00,66.56,66.74,66.56,66.59,393.97612542
2022-12-17 01:54:00,66.29,66.61,66.32,66.54,1717.2733247
2022-12-17 01:53:00,66.23,66.33,66.23,66.32,169.45043841
2022-12-17 01:52:00,66.09,66.22,66.1,66.21,421.70669494
2022-12-17 01:51:00,66.01,66.16,66.16,66.1,311.23109939
2022-12-17 01:50:00,66.14,66.18,66.17,66.16,183.08521856
2022-12-17 01:49:00,66.14,66.2,66.16,66.18,93.8032017
2022-12-17 01:48:00,66.15,66.35,66.34,66.16,146.10849521
2022-12-17 01:47:00,66.25,66.34,66.27,66.34,149.25346241
2022-12-17 01:46:00,66.24,66.38,66.38,66.28,279.82298801
2022-12-17 01:45:00,66.37,66.44,66.41,66.38,97.22547366
2022-12-17 01:44:00,66.35,66.43,66.38,66.41,144.12413083
2022-12-17 01:43:00,66.39,66.49,66.42,66.39,302.25275777
2022-12-17 01:42:00,66.41,66.46,66.42,66.42,131.88808279
2022-12-17 01:41:00,66.3,66.4,66.37,66.4,452.71193938
2022-12-17 01:40:00,66.37,66.42,66.39,66.37,181.75821633
2022-12-17 01:39:00,66.4,66.49,66.47,66.4,332.18951456
2022-12-17 01:38:00,66.46,66.53,66.46,66.5,57.2318953
2022-12-17 01:37:00,66.38,66.51,66.38,66.46,353.96152487
2022-12-17 01:36:00,66.35,66.38,66.38,66.38,81.70611462
2022-12-17 01:35:00,66.37,66.52,66.5,66.39,125.26714609
2022-12-17 01:34:00,66.43,66.58,66.5,66.49,1044.18152438
2022-12-17 01:33:00,66.36,66.5,66.36,66.5,196.71252433
2022-12-17 01:32:00,66.2,66.36,66.2,66.36,86.12004732
2022-12-17 01:31:00,65.98,66.23,66.14,66.21,746.29336761
2022-12-17 01:30:00,66.11,66.28,66.25,66.17,492.9017578
2022-12-17 01:29:00,66.17,66.39,66.35,66.23,941.31898739
2022-12-17 01:28:00,66.29,66.42,66.41,66.33,492.67704256
2022-12-17 01:27:00,66.42,66.57,66.55,66.43,349.29385545
2022-12-17 01:26:00,66.48,66.57,66.57,66.55,298.36742542
2022-12-17 01:25:00,66.57,66.63,66.59,66.58,75.71869953
2022-12-17 01:24:00,66.53,66.6,66.59,66.59,301.92836179
2022-12-17 01:23:00,66.59,66.78,66.78,66.59,571.50967417
2022-12-17 01:22:00,66.7,66.79,66.77,66.78,162.85404742
2022-12-17 01:21:00,66.77,66.9,66.88,66.77,182.75688991
2022-12-17 01:20:00,66.88,66.95,66.92,66.88,93.95471228
2022-12-17 01:19:00,66.89,66.95,66.93,66.94,56.91822479
2022-12-17 01:18:00,66.92,67.0,66.98,66.93,126.23235006
2022-12-17 01:17:00,66.9,66.99,66.92,66.98,244.71005698
2022-12-17 01:16:00,66.92,66.94,66.94,66.92,35.54127221
2022-12-17 01:15:00,66.93,67.01,67.01,66.93,204.96957825
2022-12-17 01:14:00,66.93,67.04,66.98,66.98,192.82373892
2022-12-17 01:13:00,66.97,67.1,67.06,66.97,212.47061808
2022-12-17 01:12:00,67.02,67.13,67.13,67.06,81.24431561
2022-12-17 01:11:00,67.13,67.18,67.16,67.13,53.32854798
2022-12-17 01:10:00,67.1,67.21,67.16,67.16,211.29832609
2022-12-17 01:09:00,67.16,67.26,67.23,67.16,120.43170697
2022-12-17 01:08:00,67.2,67.27,67.2,67.25,79.71157245
2022-12-17 01:07:00,67.13,67.2,67.14,67.18,25.5388678
2022-12-17 01:06:00,66.96,67.15,66.97,67.14,275.33094044
2022-12-17 01:05:00,66.89,67.09,67.06,66.97,303.00913121
2022-12-17 01:04:00,67.0,67.06,67.03,67.06,56.84640863
2022-12-17 01:03:00,66.97,67.02,66.97,67.02,199.46440559
2022-12-17 01:02:00,66.9,66.96,66.9,66.96,79.83270348
2022-12-17 01:01:00,66.81,66.9,66.87,66.9,79.7638714
2022-12-17 01:00:00,66.84,66.9,66.9,66.88,245.10120122
2022-12-17 00:59:00,66.74,66.92,66.81,66.92,310.90597424
2022-12-17 00:58:00,66.73,66.82,66.81,66.8,229.80762548
2022-12-17 00:57:00,66.76,66.86,66.86,66.82,164.53677792
2022-12-17 00:56:00,66.84,66.89,66.88,66.87,137.30826975
2022-12-17 00:55:00,66.86,66.9,66.89,66.88,91.56258874
2022-12-17 00:54:00,66.86,67.03,66.96,66.88,498.69850191
2022-12-17 00:53:00,66.94,67.07,66.97,66.96,76.23857825
2022-12-17 00:52:00,66.78,66.99,66.8,66.97,302.70786963
2022-12-17 00:51:00,66.8,66.86,66.84,66.8,168.35090141
2022-12-17 00:50:00,66.84,66.97,66.94,66.86,157.24957936
2022-12-17 00:49:00,66.79,66.96,66.93,66.93,405.11067413
2022-12-17 00:48:00,66.94,67.07,67.05,66.94,140.61274016
2022-12-17 00:47:00,67.01,67.06,67.01,67.05,215.62439072
2022-12-17 00:46:00,66.8,67.03,66.8,67.01,277.9134502
2022-12-17 00:45:00,66.73,66.89,66.82,66.78,222.37947801
2022-12-17 00:44:00,66.76,66.86,66.83,66.83,70.33376448
2022-12-17 00:43:00,66.8,66.96,66.9,66.8,308.58796811
2022-12-17 00:42:00,66.78,66.93,66.91,66.9,391.97440407
2022-12-17 00:41:00,66.89,67.05,67.05,66.92,260.95618116
2022-12-17 00:40:00,66.98,67.28,67.28,67.05,523.57288645
2022-12-17 00:39:00,67.22,67.27,67.27,67.26,43.30264686
2022-12-17 00:38:00,67.14,67.28,67.14,67.28,183.58434619
2022-12-17 00:37:00,67.09,67.16,67.16,67.14,59.026889
2022-12-17 00:36:00,67.16,67.27,67.26,67.16,102.75469839
2022-12-17 00:35:00,67.25,67.39,67.37,67.26,40.03415181
2022-12-17 00:34:00,67.28,67.39,67.39,67.37,265.76654812
2022-12-17 00:33:00,67.24,67.39,67.31,67.39,132.53864496
2022-12-17 00:32:00,67.3,67.43,67.43,67.3,150.15010544
2022-12-17 00:31:00,67.4,67.54,67.54,67.44,93.45966039
2022-12-17 00:30:00,67.53,67.59,67.58,67.54,46.27337009
2022-12-17 00:29:00,67.4,67.6,67.52,67.58,142.19821603
2022-12-17 00:28:00,67.51,67.65,67.63,67.53,94.71634777
2022-12-17 00:27:00,67.53,67.71,67.58,67.65,557.04545051
2022-12-17 00:26:00,67.4,67.6,67.43,67.59,201.04619932
2022-12-17 00:25:00,67.37,67.53,67.5,67.44,294.81397772
2022-12-17 00:24:00,67.37,67.52,67.47,67.51,145.24218245
2022-12-17 00:23:00,67.48,67.56,67.51,67.48,331.58682348
2022-12-17 00:22:00,67.36,67.5,67.37,67.5,249.72175853
2022-12-17 00:21:00,67.17,67.38,67.17,67.37,218.64108274
2022-12-17 00:20:00,67.11,67.23,67.22,67.15,74.4559979
2022-12-17 00:19:00,67.13,67.26,67.19,67.22,261.44728014
2022-12-17 00:18:00,67.11,67.24,67.14,67.21,462.30694654
2022-12-17 00:17:00,67.05,67.3,67.07,67.13,496.8478274
2022-12-17 00:16:00,66.98,67.11,67.09,67.11,204.58675989
2022-12-17 00:15:00,67.08,67.26,67.23,67.1,144.17299729
2022-12-17 00:14:00,67.1,67.29,67.18,67.25,305.6105703
2022-12-17 00:13:00,67.18,67.31,67.3,67.19,189.42038264
2022-12-17 00:12:00,67.19,67.38,67.35,67.29,387.34484286
2022-12-17 00:11:00,67.03,67.44,67.03,67.35,634.5727068
2022-12-17 00:10:00,66.82,67.03,66.82,67.03,1048.99270342
2022-12-17 00:09:00,66.6,66.89,66.62,66.8,602.14418562
2022-12-17 00:08:00,66.53,66.6,66.54,66.6,465.15357134
2022-12-17 00:07:00,66.34,66.53,66.36,66.53,131.09215808
2022-12-17 00:06:00,66.37,66.5,66.37,66.4,233.42348225
2022-12-17 00:05:00,66.3,66.37,66.31,66.37,112.58407436
2022-12-17 00:04:00,66.21,66.35,66.24,66.34,171.77406797
2022-12-17 00:03:00,66.18,66.29,66.2,66.24,343.29781765
2022-12-17 00:02:00,66.07,66.22,66.13,66.22,158.6909517
2022-12-17 00:01:00,66.13,66.23,66.23,66.14,200.15495237
2022-12-17 00:00:00,66.16,66.26,66.24,66.24,187.04007132
2022-12-16 23:59:00,66.24,66.36,66.34,66.26,247.75481939
2022-12-16 23:58:00,66.29,66.34,66.34,66.33,127.88121539
2022-12-16 23:57:00,66.23,66.44,66.23,66.35,356.24730261
2022-12-16 23:56:00,66.24,66.38,66.31,66.24,156.80912951
2022-12-16 23:55:00,66.17,66.33,66.17,66.32,232.23958431
2022-12-16 23:54:00,66.14,66.23,66.14,66.2,120.73265111
2022-12-16 23:53:00,66.11,66.19,66.12,66.14,152.32904013
2022-12-16 23:52:00,66.08,66.19,66.11,66.11,281.50367578
2022-12-16 23:51:00,66.04,66.12,66.07,66.12,102.37535885
2022-12-16 23:50:00,66.06,66.11,66.09,66.06,124.29584012
2022-12-16 23:49:00,66.11,66.18,66.13,66.13,192.67158798
2022-12-16 23:48:00,66.04,66.15,66.14,66.13,374.20121075
2022-12-16 23:47:00,66.04,66.18,66.06,66.15,371.47608011
2022-12-16 23:46:00,66.08,66.26,66.26,66.1,242.43760965
2022-12-16 23:45:00,66.13,66.29,66.19,66.29,701.33111905
2022-12-16 23:44:00,65.97,66.2,65.98,66.2,89.01881638
2022-12-16 23:43:00,65.91,66.04,66.0,65.97,191.47286123
2022-12-16 23:42:00,65.84,66.01,65.87,65.99,102.10311123
2022-12-16 23:41:00,65.81,66.0,65.94,65.86,860.31489034
2022-12-16 23:40:00,65.92,66.1,65.92,65.97,297.4567124
2022-12-16 23:39:00,65.86,65.98,65.87,65.94,361.09953575
2022-12-16 23:38:00,65.77,65.87,65.77,65.85,191.40150703
2022-12-16 23:37:00,65.64,65.77,65.67,65.77,284.87750129
2022-12-16 23:36:00,65.66,65.87,65.81,65.66,272.70411861
2022-12-16 23:35:00,65.66,65.86,65.67,65.78,628.40275684
2022-12-16 23:34:00,65.35,65.71,65.56,65.68,794.83699023
2022-12-16 23:33:00,65.55,65.72,65.72,65.57,189.61892088
2022-12-16 23:32:00,65.72,65.86,65.79,65.72,429.70640694
2022-12-16 23:31:00,65.55,65.8,65.8,65.78,795.558918
2022-12-16 23:30:00,65.68,65.8,65.71,65.8,252.51397153
2022-12-16 23:29:00,65.68,65.87,65.76,65.76,252.34220852
2022-12-16 23:28:00,65.66,65.91,65.67,65.78,405.97471403
2022-12-16 23:27:00,65.65,65.85,65.71,65.66,433.40637031
2022-12-16 23:26:00,65.67,65.92,65.81,65.69,292.19669052
2022-12-16 23:25:00,65.82,66.02,65.96,65.85,209.20886569
2022-12-16 23:24:00,65.73,66.01,65.77,65.98,364.94599585
2022-12-16 23:23:00,65.64,65.98,65.81,65.78,1042.46704618
2022-12-16 23:22:00,65.37,65.91,65.37,65.76,972.95331878
2022-12-16 23:21:00,65.3,65.64,65.61,65.36,585.26348956
2022-12-16 23:20:00,65.6,65.8,65.7,65.6,544.89447232
2022-12-16 23:19:00,65.7,66.06,65.88,65.73,459.65451359
2022-12-16 23:18:00,65.71,65.97,65.71,65.87,496.98457322
2022-12-16 23:17:00,65.65,65.91,65.88,65.68,615.38814056
2022-12-16 23:16:00,65.7,65.92,65.75,65.89,762.3703668
2022-12-16 23:15:00,65.41,65.77,65.5,65.73,848.19655132
2022-12-16 23:14:00,65.29,65.7,65.29,65.48,1250.06369321
2022-12-16 23:13:00,65.27,65.7,65.7,65.29,4004.81404081
2022-12-16 23:12:00,65.29,65.7,65.29,65.7,3973.44143496
2022-12-16 23:11:00,65.28,65.59,65.54,65.28,1032.33834673
2022-12-16 23:10:00,65.46,65.6,65.51,65.54,1270.91535881
2022-12-16 23:09:00,65.41,65.52,65.52,65.51,672.68314481
2022-12-16 23:08:00,65.49,65.7,65.7,65.5,535.12688375
2022-12-16 23:07:00,65.62,65.7,65.67,65.7,416.01105992
2022-12-16 23:06:00,65.61,65.75,65.61,65.69,468.92034488
2022-12-16 23:05:00,65.45,65.71,65.49,65.63,273.47791697
2022-12-16 23:04:00,65.28,65.55,65.54,65.49,537.30338835
2022-12-16 23:03:00,65.26,65.58,65.47,65.54,814.94490856
2022-12-16 23:02:00,65.35,65.6,65.52,65.47,1643.29588057
2022-12-16 23:01:00,65.52,65.95,65.95,65.52,749.23200333
2022-12-16 23:00:00,65.77,65.97,65.77,65.94,266.06517175
2022-12-16 22:59:00,65.77,65.9,65.9,65.79,131.13347822
2022-12-16 22:58:00,65.85,65.98,65.9,65.93,159.70876741
2022-12-16 22:57:00,65.58,66.02,65.62,65.91,833.88903056
2022-12-16 22:56:00,65.49,65.76,65.71,65.61,158.9563514
2022-12-16 22:55:00,65.52,65.85,65.82,65.74,412.91546277
2022-12-16 22:54:00,65.82,66.04,66.04,65.86,170.29406184
2022-12-16 22:53:00,65.78,66.06,65.78,66.04,164.73989446
2022-12-16 22:52:00,65.65,65.77,65.68,65.73,109.04012172
2022-12-16 22:51:00,65.67,65.89,65.89,65.69,216.29223494
2022-12-16 22:50:00,65.92,66.07,66.04,65.93,149.67635362
2022-12-16 22:49:00,65.87,66.09,65.97,66.05,190.97803324
2022-12-16 22:48:00,65.95,66.09,65.97,66.01,105.49164429
2022-12-16 22:47:00,65.72,65.97,65.74,65.97,232.02406255
2022-12-16 22:46:00,65.64,65.75,65.66,65.72,222.55425798
2022-12-16 22:45:00,65.49,65.65,65.51,65.65,219.2915693
2022-12-16 22:44:00,65.52,65.88,65.88,65.53,405.52522466
2022-12-16 22:43:00,65.88,66.03,65.98,65.88,1496.38274273
2022-12-16 22:42:00,65.87,66.09,65.87,65.92,330.06873685
2022-12-16 22:41:00,65.68,66.05,65.98,65.84,1110.01862362
2022-12-16 22:40:00,65.0,66.01,65.02,66.01,2778.34380223
2022-12-16 22:39:00,65.01,65.6,65.1,65.04,1697.38071142
2022-12-16 22:38:00,65.05,65.84,65.77,65.09,2923.12088616
2022-12-16 22:37:00,65.74,67.01,67.01,65.86,2303.37876268
2022-12-16 22:36:00,67.03,67.3,67.08,67.03,563.8444665
2022-12-16 22:35:00,66.83,67.2,66.83,67.08,502.50112256
2022-12-16 22:34:00,66.76,67.43,67.43,66.86,1264.03471828
2022-12-16 22:33:00,67.41,67.67,67.66,67.41,382.15522975
2022-12-16 22:32:00,67.66,67.7,67.7,67.67,15.04081985
2022-12-16 22:31:00,67.68,67.74,67.73,67.7,171.39937989
2022-12-16 22:30:00,67.71,67.76,67.73,67.74,99.41525608
2022-12-16 22:29:00,67.63,67.73,67.63,67.73,120.67730001
2022-12-16 22:28:00,67.63,67.67,67.65,67.64,71.79794755
2022-12-16 22:27:00,67.63,67.67,67.65,67.64,51.82448819
2022-12-16 22:26:00,67.63,67.66,67.65,67.65,23.26386848
2022-12-16 22:25:00,67.64,67.66,67.66,67.65,47.71953215
2022-12-16 22:24:00,67.65,67.7,67.7,67.66,94.6053846
2022-12-16 22:23:00,67.69,67.73,67.72,67.69,78.02469382
2022-12-16 22:22:00,67.72,67.76,67.76,67.73,52.67780611
2022-12-16 22:21:00,67.75,67.78,67.76,67.77,44.90288621
2022-12-16 22:20:00,67.75,67.78,67.76,67.77,64.92827992
2022-12-16 22:19:00,67.76,67.78,67.77,67.78,30.529822
2022-12-16 22:18:00,67.77,67.83,67.83,67.77,38.71340836
2022-12-16 22:17:00,67.81,67.83,67.83,67.83,8.75004575
2022-12-16 22:16:00,67.81,67.85,67.84,67.84,48.80323904
2022-12-16 22:15:00,67.84,67.88,67.87,67.85,70.54779694
2022-12-16 22:14:00,67.85,67.9,67.87,67.85,94.51224815
2022-12-16 22:13:00,67.83,67.88,67.86,67.87,98.48763225
2022-12-16 22:12:00,67.76,67.86,67.76,67.85,342.15167848
2022-12-16 22:11:00,67.75,67.77,67.75,67.77,105.38273696
2022-12-16 22:10:00,67.71,67.76,67.71,67.76,154.72517615
2022-12-16 22:09:00,67.72,67.76,67.73,67.74,308.03623512
2022-12-16 22:08:00,67.72,67.74,67.72,67.72,32.8664984
2022-12-16 22:07:00,67.7,67.73,67.73,67.73,191.44973392
2022-12-16 22:06:00,67.71,67.74,67.72,67.73,23.1888625
2022-12-16 22:05:00,67.71,67.73,67.72,67.72,22.52958978
2022-12-16 22:04:00,67.68,67.74,67.68,67.73,186.13742542
2022-12-16 22:03:00,67.67,67.75,67.75,67.68,275.34582065
2022-12-16 22:02:00,67.67,67.74,67.7,67.73,322.73176595
2022-12-16 22:01:00,67.69,67.71,67.7,67.7,48.2292812
2022-12-16 22:00:00,67.65,67.71,67.7,67.71,42.8661888
2022-12-16 21:59:00,67.69,67.72,67.69,67.71,129.6425095
2022-12-16 21:58:00,67.67,67.73,67.7,67.69,254.32039105
2022-12-16 21:57:00,67.68,67.71,67.68,67.69,17.38291592
2022-12-16 21:56:00,67.67,67.73,67.67,67.69,385.76971933
2022-12-16 21:55:00,67.64,67.68,67.64,67.68,36.3627063
2022-12-16 21:54:00,67.59,67.65,67.65,67.65,213.95872498
2022-12-16 21:53:00,67.55,67.68,67.68,67.65,256.0455038
2022-12-16 21:52:00,67.67,67.71,67.7,67.68,112.51736996
2022-12-16 21:51:00,67.69,67.72,67.71,67.71,242.44194372
2022-12-16 21:50:00,67.7,67.78,67.77,67.7,165.60146732
2022-12-16 21:49:00,67.75,67.76,67.75,67.76,16.76604579
2022-12-16 21:48:00,67.72,67.77,67.73,67.77,98.45375562
2022-12-16 21:47:00,67.71,67.75,67.74,67.72,41.52780366
2022-12-16 21:46:00,67.7,67.78,67.7,67.77,87.95992391
2022-12-16 21:45:00,67.71,67.81,67.8,67.71,214.20256178
2022-12-16 21:44:00,67.78,67.82,67.79,67.82,72.13626269
2022-12-16 21:43:00,67.78,67.8,67.78,67.79,43.66471062
2022-12-16 21:42:00,67.75,67.8,67.77,67.78,69.44429496
2022-12-16 21:41:00,67.7,67.79,67.72,67.79,340.2769474
2022-12-16 21:40:00,67.68,67.72,67.68,67.7,64.23479751
2022-12-16 21:39:00,67.68,67.75,67.74,67.7,235.35024426
2022-12-16 21:38:00,67.71,67.76,67.71,67.75,59.90701364
2022-12-16 21:37:00,67.66,67.72,67.67,67.71,50.76933588
2022-12-16 21:36:00,67.62,67.66,67.64,67.65,67.60327217
2022-12-16 21:35:00,67.65,67.7,67.69,67.65,123.89929177
2022-12-16 21:34:00,67.61,67.7,67.65,67.69,127.72355085
2022-12-17 04:03:00,66.18,66.31,66.26,66.31,232.19742564
