datetime,open,high,low,close,volume
2023-12-25 21:22:00,72.06,72.14,72.14,72.07,63.92792863
2023-12-26 07:22:00,71.93,72.02,71.93,71.99,186.88489251
2023-12-26 07:21:00,71.86,71.92,71.86,71.92,109.47354477
2023-12-26 07:20:00,71.81,71.85,71.82,71.84,7.87931998
2023-12-26 07:19:00,71.8,71.83,71.81,71.83,38.57901405
2023-12-26 07:18:00,71.78,71.82,71.78,71.81,21.14505537
2023-12-26 07:17:00,71.72,71.79,71.77,71.79,33.97549793
2023-12-26 07:16:00,71.77,71.8,71.78,71.79,14.20669278
2023-12-26 07:15:00,71.74,71.81,71.75,71.79,17.33967616
2023-12-26 07:14:00,71.69,71.76,71.72,71.75,50.82688672
2023-12-26 07:13:00,71.69,71.74,71.69,71.71,35.26015517
2023-12-26 07:12:00,71.68,71.74,71.74,71.71,159.23736958
2023-12-26 07:11:00,71.73,71.77,71.75,71.75,42.61361339
2023-12-26 07:10:00,71.68,71.78,71.71,71.77,136.64470405
2023-12-26 07:09:00,71.72,71.76,71.74,71.72,11.95094634
2023-12-26 07:08:00,71.68,71.75,71.68,71.74,70.54476399
2023-12-26 07:07:00,71.6,71.68,71.61,71.67,18.93670889
2023-12-26 07:06:00,71.59,71.66,71.61,71.63,67.22995906
2023-12-26 07:05:00,71.55,71.65,71.56,71.59,111.29812505
2023-12-26 07:04:00,71.42,71.55,71.42,71.54,177.97242369
2023-12-26 07:03:00,71.3,71.41,71.3,71.4,45.74879233
2023-12-26 07:02:00,71.2,71.37,71.2,71.23,63.99849168
2023-12-26 07:01:00,71.2,71.43,71.41,71.2,1001.14410484
2023-12-26 07:00:00,71.4,71.46,71.46,71.44,9.9835126
2023-12-26 06:59:00,71.46,71.51,71.51,71.48,8.48494111
2023-12-26 06:58:00,71.42,71.55,71.42,71.52,96.92785762
2023-12-26 06:57:00,71.42,71.5,71.49,71.44,48.98646108
2023-12-26 06:56:00,71.47,71.58,71.58,71.48,89.08402278
2023-12-26 06:55:00,71.49,71.57,71.5,71.57,38.99780157
2023-12-26 06:54:00,71.46,71.55,71.52,71.51,135.83975059
2023-12-26 06:53:00,71.51,71.62,71.58,71.51,56.91469007
2023-12-26 06:52:00,71.58,71.69,71.65,71.59,252.14228308
2023-12-26 06:51:00,71.64,71.74,71.71,71.66,499.42749681
2023-12-26 06:50:00,71.64,71.76,71.68,71.72,476.43264768
2023-12-26 06:49:00,71.54,71.69,71.57,71.68,527.55359867
2023-12-26 06:48:00,71.45,71.57,71.55,71.56,1379.99969819
2023-12-26 06:47:00,71.52,71.62,71.6,71.54,509.29522295
2023-12-26 06:46:00,71.59,71.63,71.59,71.61,117.54105087
2023-12-26 06:45:00,71.51,71.6,71.52,71.58,382.04074049
2023-12-26 06:44:00,71.51,71.6,71.6,71.52,322.82809304
2023-12-26 06:43:00,71.48,71.57,71.5,71.57,598.85866265
2023-12-26 06:42:00,71.48,71.53,71.53,71.51,3.26448976
2023-12-26 06:41:00,71.42,71.49,71.47,71.47,134.52953823
2023-12-26 06:40:00,71.4,71.49,71.46,71.48,285.00095444
2023-12-26 06:39:00,71.51,71.58,71.55,71.51,287.583137
2023-12-26 06:38:00,71.54,71.61,71.61,71.54,108.10992348
2023-12-26 06:37:00,71.58,71.62,71.6,71.59,49.16869461
2023-12-26 06:36:00,71.52,71.6,71.55,71.59,39.85085327
2023-12-26 06:35:00,71.49,71.55,71.53,71.54,73.99752462
2023-12-26 06:34:00,71.47,71.53,71.47,71.53,45.74416728
2023-12-26 06:33:00,71.45,71.51,71.47,71.49,10.84504841
2023-12-26 06:32:00,71.4,71.49,71.43,71.49,33.64099916
2023-12-26 06:31:00,71.39,71.51,71.39,71.44,512.28993181
2023-12-26 06:30:00,71.38,71.52,71.42,71.38,249.73763176
2023-12-26 06:29:00,71.36,71.47,71.45,71.42,63.85449971
2023-12-26 06:28:00,71.43,71.49,71.48,71.46,22.00992119
2023-12-26 06:27:00,71.47,71.58,71.56,71.47,194.36635027
2023-12-26 06:26:00,71.47,71.56,71.56,71.56,58.9439356
2023-12-26 06:25:00,71.51,71.59,71.52,71.56,112.82861446
2023-12-26 06:24:00,71.53,71.57,71.57,71.54,43.76334507
2023-12-26 06:23:00,71.51,71.57,71.54,71.54,77.04061628
2023-12-26 06:22:00,71.47,71.56,71.49,71.54,33.71470361
2023-12-26 06:21:00,71.42,71.49,71.46,71.47,20.12425966
2023-12-26 06:20:00,71.43,71.52,71.52,71.45,25.23374967
2023-12-26 06:19:00,71.49,71.56,71.53,71.51,82.07447017
2023-12-26 06:18:00,71.53,71.59,71.56,71.54,476.62506593
2023-12-26 06:17:00,71.52,71.58,71.57,71.56,217.7861421
2023-12-26 06:16:00,71.43,71.57,71.45,71.57,184.75352966
2023-12-26 06:15:00,71.35,71.48,71.41,71.44,47.58129521
2023-12-26 06:14:00,71.37,71.44,71.37,71.42,18.81812031
2023-12-26 06:13:00,71.34,71.42,71.4,71.36,114.48768358
2023-12-26 06:12:00,71.3,71.38,71.31,71.35,99.04382975
2023-12-26 06:11:00,71.29,71.44,71.29,71.32,86.45211193
2023-12-26 06:10:00,71.27,71.35,71.33,71.32,141.23699296
2023-12-26 06:09:00,71.3,71.39,71.38,71.31,20.89645231
2023-12-26 06:08:00,71.34,71.42,71.41,71.34,19.83156027
2023-12-26 06:07:00,71.37,71.45,71.39,71.44,25.05921326
2023-12-26 06:06:00,71.3,71.45,71.43,71.42,100.37819519
2023-12-26 06:05:00,71.22,71.41,71.29,71.39,195.68453531
2023-12-26 06:04:00,71.26,71.37,71.34,71.29,51.02728041
2023-12-26 06:03:00,71.08,71.36,71.15,71.32,299.53271439
2023-12-26 06:02:00,71.07,71.35,71.23,71.1,881.7888196
2023-12-26 06:01:00,71.06,71.3,71.23,71.23,1535.9112438
2023-12-26 06:00:00,71.24,71.48,71.44,71.24,292.19663851
2023-12-26 05:59:00,71.38,71.48,71.48,71.42,46.94226639
2023-12-26 05:58:00,71.45,71.58,71.52,71.45,49.22528469
2023-12-26 05:57:00,71.5,71.61,71.61,71.54,30.61790038
2023-12-26 05:56:00,71.61,71.7,71.68,71.62,107.03003245
2023-12-26 05:55:00,71.59,71.67,71.63,71.64,10.6920821
2023-12-26 05:54:00,71.63,71.66,71.65,71.63,25.56163683
2023-12-26 05:53:00,71.63,71.7,71.66,71.63,37.24290155
2023-12-26 05:52:00,71.61,71.68,71.62,71.66,920.0582524
2023-12-26 05:51:00,71.47,71.61,71.5,71.61,300.28323068
2023-12-26 05:50:00,71.41,71.5,71.48,71.49,42.71407128
2023-12-26 05:49:00,71.46,71.51,71.5,71.47,169.50996299
2023-12-26 05:48:00,71.47,71.51,71.5,71.47,198.09315388
2023-12-26 05:47:00,71.4,71.5,71.41,71.47,258.21035199
2023-12-26 05:46:00,71.24,71.49,71.39,71.45,239.51053444
2023-12-26 05:45:00,71.34,71.49,71.43,71.39,213.49875756
2023-12-26 05:44:00,71.42,71.49,71.44,71.43,261.73430252
2023-12-26 05:43:00,71.33,71.44,71.34,71.43,79.82282233
2023-12-26 05:42:00,71.16,71.36,71.2,71.35,100.85516676
2023-12-26 05:41:00,71.23,71.45,71.45,71.23,193.04803795
2023-12-26 05:40:00,71.36,71.51,71.47,71.39,78.99558612
2023-12-26 05:39:00,71.24,71.53,71.43,71.52,414.46817738
2023-12-26 05:38:00,71.32,71.54,71.54,71.42,207.96163145
2023-12-26 05:37:00,71.45,71.6,71.52,71.54,66.36172053
2023-12-26 05:36:00,71.23,71.59,71.39,71.59,570.50548596
2023-12-26 05:35:00,71.12,71.67,71.54,71.45,2007.61016472
2023-12-26 05:34:00,71.42,71.73,71.66,71.54,1162.44803211
2023-12-26 05:33:00,71.57,71.88,71.78,71.66,445.79701171
2023-12-26 05:32:00,71.62,71.78,71.75,71.66,327.43330047
2023-12-26 05:31:00,71.73,71.96,71.91,71.75,261.67180683
2023-12-26 05:30:00,71.91,72.12,72.03,71.94,268.01490271
2023-12-26 05:29:00,71.99,72.07,72.03,72.04,19.40024077
2023-12-26 05:28:00,72.05,72.16,72.16,72.05,14.61660409
2023-12-26 05:27:00,72.04,72.16,72.09,72.15,44.85166
2023-12-26 05:26:00,72.03,72.12,72.1,72.08,382.93944026
2023-12-26 05:25:00,72.08,72.18,72.18,72.09,152.1279433
2023-12-26 05:24:00,72.14,72.23,72.19,72.18,41.67837677
2023-12-26 05:23:00,72.2,72.27,72.26,72.2,44.73352141
2023-12-26 05:22:00,72.23,72.3,72.26,72.27,35.61855247
2023-12-26 05:21:00,72.25,72.33,72.33,72.26,25.45639114
2023-12-26 05:20:00,72.25,72.34,72.34,72.3,32.04689458
2023-12-26 05:19:00,72.18,72.33,72.21,72.33,35.73445601
2023-12-26 05:18:00,72.19,72.34,72.33,72.2,36.27371694
2023-12-26 05:17:00,72.31,72.35,72.34,72.34,51.06381008
2023-12-26 05:16:00,72.33,72.39,72.39,72.35,73.7523409
2023-12-26 05:15:00,72.36,72.44,72.39,72.39,66.78126041
2023-12-26 05:14:00,72.35,72.43,72.43,72.39,15.5356089
2023-12-26 05:13:00,72.33,72.44,72.37,72.44,271.9669963
2023-12-26 05:12:00,72.27,72.38,72.32,72.37,71.15302499
2023-12-26 05:11:00,72.33,72.43,72.43,72.34,51.31760637
2023-12-26 05:10:00,72.42,72.51,72.48,72.43,238.75550474
2023-12-26 05:09:00,72.49,72.52,72.52,72.49,20.36718371
2023-12-26 05:08:00,72.51,72.57,72.57,72.52,72.43091314
2023-12-26 05:07:00,72.58,72.59,72.59,72.59,124.193524
2023-12-26 05:06:00,72.58,72.62,72.62,72.59,64.67730526
2023-12-26 05:05:00,72.62,72.66,72.62,72.63,13.55989976
2023-12-26 05:04:00,72.6,72.62,72.6,72.62,12.00218451
2023-12-26 05:03:00,72.59,72.63,72.62,72.6,21.8221324
2023-12-26 05:02:00,72.61,72.63,72.63,72.63,12.71329377
2023-12-26 05:01:00,72.59,72.62,72.61,72.6,27.85708607
2023-12-26 05:00:00,72.6,72.62,72.62,72.62,8.03613778
2023-12-26 04:59:00,72.63,72.64,72.64,72.63,12.6166615
2023-12-26 04:58:00,72.62,72.67,72.62,72.65,9.26377966
2023-12-26 04:57:00,72.62,72.63,72.62,72.63,11.39508196
2023-12-26 04:56:00,72.62,72.66,72.66,72.62,60.30096783
2023-12-26 04:55:00,72.63,72.65,72.64,72.63,56.6406387
2023-12-26 04:54:00,72.6,72.64,72.62,72.64,22.23212704
2023-12-26 04:53:00,72.61,72.64,72.64,72.61,19.884282
2023-12-26 04:52:00,72.63,72.67,72.67,72.64,15.90283296
2023-12-26 04:51:00,72.64,72.67,72.65,72.65,27.18889116
2023-12-26 04:50:00,72.61,72.64,72.63,72.62,14.04118415
2023-12-26 04:49:00,72.63,72.65,72.63,72.63,16.0692723
2023-12-26 04:48:00,72.62,72.66,72.65,72.64,39.42170135
2023-12-26 04:47:00,72.61,72.64,72.62,72.63,83.11760554
2023-12-26 04:46:00,72.63,72.7,72.69,72.63,158.25298716
2023-12-26 04:45:00,72.67,72.69,72.69,72.68,66.41597772
2023-12-26 04:44:00,72.64,72.69,72.65,72.69,27.19946129
2023-12-26 04:43:00,72.64,72.67,72.64,72.66,25.34533843
2023-12-26 04:42:00,72.63,72.66,72.63,72.64,20.64588969
2023-12-26 04:41:00,72.61,72.63,72.62,72.63,31.75852985
2023-12-26 04:40:00,72.61,72.65,72.65,72.62,23.02710866
2023-12-26 04:39:00,72.64,72.68,72.66,72.64,95.20363623
2023-12-26 04:38:00,72.65,72.68,72.67,72.67,87.75845052
2023-12-26 04:37:00,72.67,72.69,72.68,72.67,17.70926349
2023-12-26 04:36:00,72.63,72.68,72.63,72.68,17.63968482
2023-12-26 04:35:00,72.61,72.64,72.64,72.62,26.3252494
2023-12-26 04:34:00,72.62,72.66,72.65,72.64,55.51067022
2023-12-26 04:33:00,72.63,72.66,72.64,72.65,65.00341873
2023-12-26 04:32:00,72.62,72.73,72.72,72.64,18.94053241
2023-12-26 04:31:00,72.71,72.8,72.8,72.72,59.16601057
2023-12-26 04:30:00,72.79,72.85,72.85,72.81,151.92092254
2023-12-26 04:29:00,72.83,72.85,72.83,72.85,31.82677404
2023-12-26 04:28:00,72.81,72.86,72.86,72.85,658.26315905
2023-12-26 04:27:00,72.83,72.87,72.85,72.87,19.53294908
2023-12-26 04:26:00,72.82,72.85,72.83,72.84,3.93792084
2023-12-26 04:25:00,72.82,72.85,72.85,72.82,13.1883847
2023-12-26 04:24:00,72.81,72.85,72.81,72.85,18.20834441
2023-12-26 04:23:00,72.8,72.83,72.81,72.8,15.52392038
2023-12-26 04:22:00,72.79,72.83,72.82,72.81,26.45336741
2023-12-26 04:21:00,72.77,72.81,72.79,72.81,54.89439372
2023-12-26 04:20:00,72.77,72.8,72.8,72.77,12.06777927
2023-12-26 04:19:00,72.72,72.79,72.72,72.79,35.70016524
2023-12-26 04:18:00,72.71,72.73,72.73,72.71,15.51800092
2023-12-26 04:17:00,72.69,72.71,72.69,72.71,20.75074422
2023-12-26 04:16:00,72.69,72.74,72.74,72.69,92.10031615
2023-12-26 04:15:00,72.74,72.77,72.76,72.74,67.41265036
2023-12-26 04:14:00,72.75,72.75,72.75,72.75,7.50474319
2023-12-26 04:13:00,72.72,72.75,72.73,72.75,103.68652473
2023-12-26 04:12:00,72.72,72.73,72.72,72.72,17.36366462
2023-12-26 04:11:00,72.71,72.73,72.72,72.73,28.52114611
2023-12-26 04:10:00,72.68,72.72,72.7,72.72,287.90122327
2023-12-26 04:09:00,72.7,72.73,72.73,72.7,256.41744199
2023-12-26 04:08:00,72.72,72.73,72.73,72.73,5.52810641
2023-12-26 04:07:00,72.69,72.73,72.69,72.73,37.20601367
2023-12-26 04:06:00,72.68,72.7,72.69,72.68,200.92141674
2023-12-26 04:05:00,72.69,72.73,72.72,72.69,66.79848558
2023-12-26 04:04:00,72.7,72.73,72.7,72.72,79.12209719
2023-12-26 04:03:00,72.69,72.71,72.69,72.7,18.94200321
2023-12-26 04:02:00,72.65,72.72,72.72,72.68,245.95955759
2023-12-26 04:01:00,72.72,72.73,72.72,72.73,8.21491014
2023-12-26 04:00:00,72.7,72.72,72.71,72.72,19.74114877
2023-12-26 03:59:00,72.66,72.71,72.66,72.71,322.02377955
2023-12-26 03:58:00,72.63,72.66,72.65,72.65,9.57243938
2023-12-26 03:57:00,72.64,72.68,72.67,72.65,51.19161598
2023-12-26 03:56:00,72.62,72.65,72.63,72.65,62.69545678
2023-12-26 03:55:00,72.62,72.65,72.64,72.63,24.99672769
2023-12-26 03:54:00,72.61,72.65,72.61,72.64,161.47419955
2023-12-26 03:53:00,72.57,72.59,72.58,72.59,11.32529291
2023-12-26 03:52:00,72.52,72.57,72.53,72.57,324.24184332
2023-12-26 03:51:00,72.51,72.56,72.52,72.54,14.76311741
2023-12-26 03:50:00,72.42,72.51,72.43,72.51,21.20916841
2023-12-26 03:49:00,72.41,72.43,72.42,72.43,7.01986428
2023-12-26 03:48:00,72.4,72.44,72.4,72.43,20.51487569
2023-12-26 03:47:00,72.41,72.44,72.43,72.42,7.09207342
2023-12-26 03:46:00,72.42,72.48,72.48,72.43,49.07918316
2023-12-26 03:45:00,72.48,72.52,72.49,72.48,99.03090227
2023-12-26 03:44:00,72.47,72.5,72.5,72.47,63.22079842
2023-12-26 03:43:00,72.5,72.55,72.54,72.5,25.96686042
2023-12-26 03:42:00,72.51,72.56,72.56,72.51,90.51562775
2023-12-26 03:41:00,72.51,72.58,72.52,72.56,34.95976953
2023-12-26 03:40:00,72.47,72.52,72.47,72.52,32.40465555
2023-12-26 03:39:00,72.43,72.47,72.43,72.47,17.95526873
2023-12-26 03:38:00,72.42,72.45,72.43,72.43,63.40790912
2023-12-26 03:37:00,72.4,72.46,72.46,72.43,199.22080741
2023-12-26 03:36:00,72.46,72.49,72.49,72.46,30.80128939
2023-12-26 03:35:00,72.49,72.58,72.58,72.49,53.02078525
2023-12-26 03:34:00,72.58,72.62,72.62,72.59,24.36767984
2023-12-26 03:33:00,72.6,72.62,72.62,72.6,8.59301567
2023-12-26 03:32:00,72.59,72.6,72.6,72.6,10.00094793
2023-12-26 03:31:00,72.5,72.61,72.51,72.61,112.0737904
2023-12-26 03:30:00,72.51,72.54,72.53,72.52,27.03624412
2023-12-26 03:29:00,72.43,72.53,72.44,72.52,723.47152228
2023-12-26 03:28:00,72.42,72.46,72.45,72.44,22.31472092
2023-12-26 03:27:00,72.42,72.45,72.45,72.42,57.62848676
2023-12-26 03:26:00,72.42,72.44,72.42,72.42,144.89482967
2023-12-26 03:25:00,72.4,72.43,72.42,72.41,28.37662745
2023-12-26 03:24:00,72.4,72.43,72.42,72.43,24.43186969
2023-12-26 03:23:00,72.38,72.43,72.38,72.42,1186.71120659
2023-12-26 03:22:00,72.35,72.39,72.35,72.39,361.33872256
2023-12-26 03:21:00,72.34,72.35,72.34,72.34,331.81986548
2023-12-26 03:20:00,72.34,72.35,72.34,72.34,52.7598359
2023-12-26 03:19:00,72.31,72.34,72.33,72.34,7.01341659
2023-12-26 03:18:00,72.33,72.36,72.35,72.35,20.79166414
2023-12-26 03:17:00,72.32,72.34,72.34,72.34,12.91346608
2023-12-26 03:16:00,72.31,72.35,72.32,72.35,18.14580886
2023-12-26 03:15:00,72.34,72.38,72.37,72.34,20.83161605
2023-12-26 03:14:00,72.33,72.38,72.34,72.38,28.5729445
2023-12-26 03:13:00,72.35,72.38,72.36,72.36,62.37705287
2023-12-26 03:12:00,72.35,72.4,72.39,72.37,31.33033065
2023-12-26 03:11:00,72.34,72.4,72.35,72.4,38.50639987
2023-12-26 03:10:00,72.34,72.36,72.34,72.36,73.1565376
2023-12-26 03:09:00,72.32,72.34,72.32,72.33,5.42354807
2023-12-26 03:08:00,72.31,72.34,72.32,72.32,12.09381991
2023-12-26 03:07:00,72.32,72.34,72.34,72.32,9.89700364
2023-12-26 03:06:00,72.3,72.34,72.33,72.33,130.15996233
2023-12-26 03:05:00,72.33,72.36,72.34,72.35,22.88361155
2023-12-26 03:04:00,72.32,72.38,72.38,72.34,6.65202087
2023-12-26 03:03:00,72.35,72.4,72.36,72.39,13.72622275
2023-12-26 03:02:00,72.32,72.36,72.32,72.35,13.09435272
2023-12-26 03:01:00,72.28,72.32,72.29,72.32,14.186491
2023-12-26 03:00:00,72.21,72.33,72.31,72.21,23.0679848
2023-12-26 02:59:00,72.31,72.36,72.36,72.32,129.26719044
2023-12-26 02:58:00,72.35,72.4,72.4,72.36,4.3732718
2023-12-26 02:57:00,72.4,72.43,72.42,72.41,40.38897595
2023-12-26 02:56:00,72.4,72.44,72.44,72.42,98.05472104
2023-12-26 02:55:00,72.33,72.41,72.35,72.41,36.83218244
2023-12-26 02:54:00,72.36,72.43,72.43,72.36,70.09711825
2023-12-26 02:53:00,72.37,72.44,72.37,72.44,24.85407976
2023-12-26 02:52:00,72.36,72.41,72.38,72.37,10.360943
2023-12-26 02:51:00,72.36,72.39,72.37,72.38,73.004439
2023-12-26 02:50:00,72.34,72.37,72.36,72.37,31.73980598
2023-12-26 02:49:00,72.32,72.37,72.32,72.36,20.77941789
2023-12-26 02:48:00,72.28,72.32,72.29,72.32,14.79104262
2023-12-26 02:47:00,72.29,72.34,72.34,72.29,9.5878373
2023-12-26 02:46:00,72.34,72.41,72.4,72.34,43.01572635
2023-12-26 02:45:00,72.4,72.44,72.44,72.41,297.7180348
2023-12-26 02:44:00,72.42,72.45,72.43,72.44,187.46417672
2023-12-26 02:43:00,72.41,72.43,72.43,72.43,18.50192363
2023-12-26 02:42:00,72.37,72.44,72.38,72.42,25.5656858
2023-12-26 02:41:00,72.33,72.37,72.33,72.37,104.79864831
2023-12-26 02:40:00,72.32,72.37,72.37,72.33,503.84473433
2023-12-26 02:39:00,72.35,72.39,72.35,72.37,443.47261725
2023-12-26 02:38:00,72.34,72.38,72.37,72.36,26.8723354
2023-12-26 02:37:00,72.35,72.38,72.35,72.37,31.8761748
2023-12-26 02:36:00,72.33,72.36,72.34,72.36,40.90897429
2023-12-26 02:35:00,72.31,72.37,72.32,72.34,14.29833928
2023-12-26 02:34:00,72.31,72.35,72.35,72.31,9.59066777
2023-12-26 02:33:00,72.34,72.35,72.35,72.34,3.17340613
2023-12-26 02:32:00,72.3,72.35,72.3,72.35,15.85918058
2023-12-26 02:31:00,72.31,72.36,72.35,72.32,80.14450291
2023-12-26 02:30:00,72.34,72.38,72.36,72.34,28.81945474
2023-12-26 02:29:00,72.28,72.37,72.32,72.35,245.68983029
2023-12-26 02:28:00,72.29,72.32,72.3,72.32,14.62777906
2023-12-26 02:27:00,72.26,72.27,72.26,72.26,23.59589438
2023-12-26 02:26:00,72.25,72.3,72.29,72.26,60.50892489
2023-12-26 02:25:00,72.27,72.31,72.31,72.27,10.40731412
2023-12-26 02:24:00,72.27,72.31,72.28,72.31,23.78934851
2023-12-26 02:23:00,72.29,72.36,72.36,72.3,39.40093966
2023-12-26 02:22:00,72.33,72.37,72.34,72.37,14.94245048
2023-12-26 12:22:00,73.86,73.96,73.96,73.86,92.3557854
2023-12-26 12:21:00,73.9,73.97,73.9,73.96,28.49024372
2023-12-26 12:20:00,73.89,73.95,73.94,73.9,84.3441813
2023-12-26 12:19:00,73.74,73.93,73.75,73.93,414.38510606
2023-12-26 12:18:00,73.8,73.82,73.81,73.8,35.67603783
2023-12-26 12:17:00,73.8,73.86,73.8,73.86,29.24407669
2023-12-26 12:16:00,73.8,73.94,73.94,73.8,97.95534741
2023-12-26 12:15:00,73.94,73.98,73.96,73.96,50.52278546
2023-12-26 12:14:00,73.98,74.04,74.02,73.98,77.32505423
2023-12-26 12:13:00,73.96,74.02,73.97,74.02,883.61040947
2023-12-26 12:12:00,73.94,73.96,73.95,73.96,30.2833381
2023-12-26 12:11:00,73.91,73.98,73.96,73.96,299.88146626
2023-12-26 12:10:00,73.82,73.97,73.84,73.97,52.61067015
2023-12-26 12:09:00,73.8,73.86,73.85,73.85,98.49199897
2023-12-26 12:08:00,73.79,73.93,73.87,73.83,72.02970121
2023-12-26 12:07:00,73.81,73.9,73.81,73.88,311.5718468
2023-12-26 12:06:00,73.68,73.8,73.75,73.8,85.68999863
2023-12-26 12:05:00,73.65,73.79,73.69,73.77,103.62079292
2023-12-26 12:04:00,73.6,73.7,73.6,73.7,170.65924798
2023-12-26 12:03:00,73.6,73.65,73.6,73.63,163.55374275
2023-12-26 12:02:00,73.48,73.61,73.52,73.61,26.00028068
2023-12-26 12:01:00,73.46,73.59,73.56,73.52,994.56205801
2023-12-26 12:00:00,73.38,73.55,73.38,73.55,931.86342517
2023-12-26 11:59:00,73.31,73.39,73.31,73.39,42.24843793
2023-12-26 11:58:00,73.29,73.34,73.34,73.29,29.22574155
2023-12-26 11:57:00,73.36,73.42,73.42,73.38,45.43001015
2023-12-26 11:56:00,73.4,73.42,73.4,73.42,47.10324006
2023-12-26 11:55:00,73.39,73.43,73.42,73.39,64.15663364
2023-12-26 11:54:00,73.43,73.46,73.43,73.45,7.61924022
2023-12-26 11:53:00,73.4,73.44,73.4,73.4,14.19093164
2023-12-26 11:52:00,73.32,73.41,73.4,73.38,506.94984379
2023-12-26 11:51:00,73.39,73.52,73.52,73.39,234.5721703
2023-12-26 11:50:00,73.53,73.63,73.57,73.53,74.25356477
2023-12-26 11:49:00,73.54,73.66,73.66,73.58,124.866396
2023-12-26 11:48:00,73.67,73.72,73.71,73.67,75.48415284
2023-12-26 11:47:00,73.71,73.85,73.82,73.73,29.15088199
2023-12-26 11:46:00,73.72,73.86,73.86,73.82,658.84996642
2023-12-26 11:45:00,73.87,74.12,74.12,73.91,740.679989
2023-12-26 11:44:00,73.94,74.19,73.96,74.14,1700.16832126
2023-12-26 11:43:00,73.81,73.99,73.81,73.93,1382.77405586
2023-12-26 11:42:00,73.74,73.84,73.77,73.83,71.43551659
2023-12-26 11:41:00,73.72,73.77,73.72,73.77,118.99243146
2023-12-26 11:40:00,73.51,73.79,73.58,73.7,1887.43951164
2023-12-26 11:39:00,73.37,73.59,73.45,73.59,226.92865731
2023-12-26 11:38:00,73.25,73.47,73.3,73.37,110.265647
2023-12-26 11:37:00,73.28,73.32,73.32,73.28,71.0594098
2023-12-26 11:36:00,73.29,73.41,73.41,73.31,73.82964797
2023-12-26 11:35:00,73.35,73.43,73.39,73.35,53.62153015
2023-12-26 11:34:00,73.4,73.5,73.48,73.4,50.43541264
2023-12-26 11:33:00,73.48,73.62,73.62,73.49,308.12975741
2023-12-26 11:32:00,73.42,73.59,73.59,73.56,743.20590384
2023-12-26 11:31:00,73.51,73.63,73.61,73.6,431.67738518
2023-12-26 11:30:00,73.52,73.69,73.63,73.62,1240.38392942
2023-12-26 11:29:00,73.51,73.64,73.53,73.64,68.86070697
2023-12-26 11:28:00,73.45,73.53,73.45,73.52,29.63796545
2023-12-26 11:27:00,73.43,73.58,73.46,73.55,207.78897772
2023-12-26 11:26:00,73.47,73.57,73.56,73.5,102.93912164
2023-12-26 11:25:00,73.34,73.6,73.34,73.52,376.26840222
2023-12-26 11:24:00,73.35,73.47,73.41,73.35,725.4845439
2023-12-26 11:23:00,73.33,73.48,73.43,73.41,265.57911742
2023-12-26 11:22:00,73.29,73.44,73.33,73.42,587.85619274
2023-12-26 11:21:00,73.04,73.33,73.04,73.33,513.99172787
2023-12-26 11:20:00,72.96,73.05,72.97,73.05,1691.74323597
2023-12-26 11:19:00,72.91,72.97,72.92,72.97,79.05951532
2023-12-26 11:18:00,72.88,72.93,72.89,72.92,461.29581132
2023-12-26 11:17:00,72.87,72.9,72.87,72.89,90.23823902
2023-12-26 11:16:00,72.78,72.86,72.81,72.85,48.51349675
2023-12-26 11:15:00,72.72,72.82,72.74,72.81,42.9030356
2023-12-26 11:14:00,72.67,72.77,72.68,72.76,14.86104965
2023-12-26 11:13:00,72.64,72.7,72.64,72.68,11.16941818
2023-12-26 11:12:00,72.62,72.7,72.69,72.63,20.04644076
2023-12-26 11:11:00,72.69,72.7,72.69,72.69,10.49926513
2023-12-26 11:10:00,72.64,72.69,72.64,72.66,4.34573465
2023-12-26 11:09:00,72.64,72.73,72.71,72.65,12.03202238
2023-12-26 11:08:00,72.66,72.73,72.7,72.71,49.32480387
2023-12-26 11:07:00,72.64,72.72,72.7,72.71,118.36854894
2023-12-26 11:06:00,72.71,72.79,72.79,72.71,83.31282795
2023-12-26 11:05:00,72.67,72.83,72.67,72.78,84.46207859
2023-12-26 11:04:00,72.62,72.72,72.62,72.66,92.14753008
2023-12-26 11:03:00,72.57,72.66,72.65,72.61,4.69279424
2023-12-26 11:02:00,72.64,72.85,72.77,72.65,256.08231657
2023-12-26 11:01:00,72.68,72.77,72.68,72.77,121.8127026
2023-12-26 11:00:00,72.62,72.7,72.62,72.68,471.10614763
2023-12-26 10:59:00,72.46,72.64,72.47,72.63,1269.40617733
2023-12-26 10:58:00,72.45,72.47,72.45,72.47,13.73772606
2023-12-26 10:57:00,72.38,72.45,72.38,72.41,181.2425685
2023-12-26 10:56:00,72.36,72.4,72.39,72.36,9.70225155
2023-12-26 10:55:00,72.3,72.4,72.3,72.4,266.03507217
2023-12-26 10:54:00,72.31,72.34,72.32,72.31,32.3210941
2023-12-26 10:53:00,72.29,72.32,72.3,72.31,99.18919155
2023-12-26 10:52:00,72.27,72.32,72.27,72.31,171.21674005
2023-12-26 10:51:00,72.21,72.26,72.24,72.26,41.8966114
2023-12-26 10:50:00,72.2,72.24,72.24,72.24,7.83991915
2023-12-26 10:49:00,72.23,72.26,72.26,72.23,2.57427361
2023-12-26 10:48:00,72.19,72.26,72.26,72.24,241.46533528
2023-12-26 10:47:00,72.26,72.27,72.26,72.26,1.2334731
2023-12-26 10:46:00,72.23,72.28,72.28,72.25,105.50546086
2023-12-26 10:45:00,72.24,72.27,72.25,72.26,10.09132684
2023-12-26 10:44:00,72.25,72.3,72.28,72.25,188.12945852
2023-12-26 10:43:00,72.25,72.27,72.25,72.27,45.50297211
2023-12-26 10:42:00,72.26,72.27,72.26,72.26,3.60775163
2023-12-26 10:41:00,72.23,72.25,72.23,72.25,1.86414694
2023-12-26 10:40:00,72.22,72.25,72.22,72.24,17.52006782
2023-12-26 10:39:00,72.21,72.25,72.23,72.24,8.31054776
2023-12-26 10:38:00,72.21,72.23,72.22,72.22,5.42080665
2023-12-26 10:37:00,72.15,72.23,72.15,72.23,4.51470203
2023-12-26 10:36:00,72.14,72.19,72.19,72.15,32.15621562
2023-12-26 10:35:00,72.2,72.24,72.24,72.21,3.39399358
2023-12-26 10:34:00,72.2,72.22,72.21,72.22,0.70388547
2023-12-26 10:33:00,72.21,72.24,72.22,72.22,42.97103631
2023-12-26 10:32:00,72.2,72.22,72.22,72.22,7.49468645
2023-12-26 10:31:00,72.18,72.21,72.21,72.2,2.45986773
2023-12-26 10:30:00,72.19,72.25,72.2,72.23,12.30314471
2023-12-26 10:29:00,72.18,72.22,72.19,72.2,4.67995596
2023-12-26 10:28:00,72.17,72.21,72.21,72.18,11.83380306
2023-12-26 10:27:00,72.19,72.24,72.19,72.23,65.16671944
2023-12-26 10:26:00,72.15,72.2,72.15,72.19,282.59866309
2023-12-26 10:25:00,72.07,72.14,72.08,72.14,14.56898562
2023-12-26 10:24:00,72.08,72.15,72.11,72.09,259.67906862
2023-12-26 10:23:00,72.09,72.12,72.1,72.12,4.914047
2023-12-26 10:22:00,72.04,72.1,72.06,72.08,24.45777337
2023-12-26 10:21:00,71.99,72.06,71.99,72.06,9.66668994
2023-12-26 10:20:00,71.99,72.06,72.05,71.99,13.03634339
2023-12-26 10:19:00,72.05,72.08,72.08,72.05,11.39229719
2023-12-26 10:18:00,72.02,72.08,72.02,72.07,32.02886724
2023-12-26 10:17:00,72.03,72.07,72.05,72.03,116.82884667
2023-12-26 10:16:00,72.03,72.06,72.05,72.04,5.47587659
2023-12-26 10:15:00,72.03,72.1,72.04,72.06,128.06197962
2023-12-26 10:14:00,72.05,72.09,72.07,72.05,43.26904533
2023-12-26 10:13:00,72.05,72.09,72.08,72.08,2.51184656
2023-12-26 10:12:00,72.07,72.11,72.11,72.07,3.10779989
2023-12-26 10:11:00,72.08,72.1,72.1,72.1,41.22904843
2023-12-26 10:10:00,72.07,72.12,72.11,72.11,21.06356509
2023-12-26 10:09:00,72.08,72.13,72.11,72.12,8.74485882
2023-12-26 10:08:00,72.09,72.12,72.1,72.11,17.82900909
2023-12-26 10:07:00,72.03,72.12,72.03,72.11,69.20264733
2023-12-26 10:06:00,71.96,72.09,71.96,72.01,163.19040097
2023-12-26 10:05:00,71.87,71.99,71.87,71.99,196.69707017
2023-12-26 10:04:00,71.76,71.88,71.76,71.88,111.05007203
2023-12-26 10:03:00,71.76,71.86,71.86,71.77,34.46660131
2023-12-26 10:02:00,71.78,71.9,71.79,71.88,5.37314053
2023-12-26 10:01:00,71.78,71.87,71.87,71.8,136.10156101
2023-12-26 10:00:00,71.81,71.87,71.85,71.86,6.43106812
2023-12-26 09:59:00,71.87,71.91,71.9,71.9,16.29215168
2023-12-26 09:58:00,71.84,71.9,71.84,71.87,21.5376463
2023-12-26 09:57:00,71.81,71.85,71.84,71.83,20.58585734
2023-12-26 09:56:00,71.83,71.9,71.83,71.89,33.13774027
2023-12-26 09:55:00,71.83,71.89,71.86,71.84,29.98314487
2023-12-26 09:54:00,71.76,71.86,71.86,71.85,156.551589
2023-12-26 09:53:00,71.77,71.92,71.91,71.81,77.75999182
2023-12-26 09:52:00,71.81,71.9,71.9,71.86,19.10389318
2023-12-26 09:51:00,71.78,71.9,71.78,71.9,110.31736352
2023-12-26 09:50:00,71.77,71.89,71.8,71.8,248.37824708
2023-12-26 09:49:00,71.72,71.83,71.74,71.78,211.65737473
2023-12-26 09:48:00,71.53,71.85,71.84,71.73,1002.20322726
2023-12-26 09:47:00,71.8,71.9,71.88,71.84,68.45394657
2023-12-26 09:46:00,71.75,71.92,71.86,71.9,575.20134203
2023-12-26 09:45:00,71.57,71.94,71.8,71.91,2829.51665358
2023-12-26 09:44:00,71.83,71.88,71.85,71.84,13.27776627
2023-12-26 09:43:00,71.85,72.0,72.0,71.85,273.66188061
2023-12-26 09:42:00,71.97,72.03,72.03,72.01,13.76247868
2023-12-26 09:41:00,72.01,72.04,72.02,72.04,33.41662217
2023-12-26 09:40:00,72.02,72.05,72.03,72.03,9.95171686
2023-12-26 09:39:00,72.03,72.08,72.05,72.05,150.73582596
2023-12-26 09:38:00,72.08,72.09,72.09,72.09,10.80503456
2023-12-26 09:37:00,72.08,72.13,72.12,72.09,39.01176326
2023-12-26 09:36:00,72.12,72.14,72.12,72.12,2.62937838
2023-12-26 09:35:00,72.07,72.13,72.11,72.11,41.35633398
2023-12-26 09:34:00,72.06,72.11,72.08,72.11,36.03557806
2023-12-26 09:33:00,72.03,72.1,72.03,72.09,1.27497854
2023-12-26 09:32:00,72.03,72.07,72.03,72.04,13.60915813
2023-12-26 09:31:00,71.97,72.04,72.04,71.98,2.90980126
2023-12-26 09:30:00,72.03,72.08,72.07,72.07,25.29377472
2023-12-26 09:29:00,72.04,72.08,72.05,72.08,226.73968247
2023-12-26 09:28:00,72.04,72.08,72.06,72.05,22.46634088
2023-12-26 09:27:00,71.99,72.09,72.01,72.07,148.9376525
2023-12-26 09:26:00,72.0,72.06,72.05,72.01,33.40660591
2023-12-26 09:25:00,72.06,72.15,72.15,72.06,91.77640124
2023-12-26 09:24:00,72.15,72.22,72.21,72.16,51.38590999
2023-12-26 09:23:00,72.22,72.27,72.26,72.22,41.96596961
2023-12-26 09:22:00,72.23,72.26,72.23,72.26,0.29272313
2023-12-26 09:21:00,72.22,72.23,72.22,72.22,19.30718693
2023-12-26 09:20:00,72.16,72.21,72.21,72.2,79.4686158
2023-12-26 09:19:00,72.2,72.22,72.21,72.2,21.6554618
2023-12-26 09:18:00,72.2,72.27,72.27,72.2,105.15470011
2023-12-26 09:17:00,72.24,72.27,72.24,72.27,0.71425904
2023-12-26 09:16:00,72.22,72.27,72.22,72.24,3.81345624
2023-12-26 09:15:00,72.19,72.27,72.2,72.26,203.26830723
2023-12-26 09:14:00,72.2,72.27,72.27,72.21,24.20447025
2023-12-26 09:13:00,72.24,72.27,72.24,72.27,41.70553405
2023-12-26 09:12:00,72.14,72.24,72.17,72.24,325.32981039
2023-12-26 09:11:00,72.15,72.17,72.17,72.17,42.1569413
2023-12-26 09:10:00,72.16,72.18,72.17,72.16,5.16992917
2023-12-26 09:09:00,72.13,72.19,72.18,72.17,106.1583553
2023-12-26 09:08:00,72.19,72.23,72.22,72.19,102.13531178
2023-12-26 09:07:00,72.24,72.27,72.25,72.26,135.48951347
2023-12-26 09:06:00,72.22,72.26,72.22,72.26,97.49291574
2023-12-26 09:05:00,72.21,72.25,72.24,72.23,41.33295734
2023-12-26 09:04:00,72.24,72.26,72.26,72.25,18.91357619
2023-12-26 09:03:00,72.25,72.28,72.25,72.28,10.0811452
2023-12-26 09:02:00,72.21,72.26,72.21,72.24,177.81383054
2023-12-26 09:01:00,72.17,72.22,72.2,72.19,37.75026101
2023-12-26 09:00:00,72.2,72.24,72.22,72.21,16.14944775
2023-12-26 08:59:00,72.21,72.23,72.23,72.21,4.5641436
2023-12-26 08:58:00,72.21,72.24,72.22,72.23,21.79656004
2023-12-26 08:57:00,72.2,72.24,72.21,72.22,98.74432696
2023-12-26 08:56:00,72.18,72.21,72.21,72.2,26.72735668
2023-12-26 08:55:00,72.18,72.2,72.19,72.18,48.71271576
2023-12-26 08:54:00,72.1,72.18,72.1,72.18,51.07392689
2023-12-26 08:53:00,72.05,72.09,72.05,72.09,8.11339765
2023-12-26 08:52:00,72.04,72.14,72.12,72.07,283.30231756
2023-12-26 08:51:00,72.12,72.19,72.19,72.14,28.60965564
2023-12-26 08:50:00,72.16,72.18,72.16,72.18,40.85353027
2023-12-26 08:49:00,72.11,72.16,72.11,72.15,19.61775379
2023-12-26 08:48:00,72.11,72.14,72.14,72.11,7.80393658
2023-12-26 08:47:00,72.13,72.19,72.19,72.13,28.12979498
2023-12-26 08:46:00,72.19,72.24,72.23,72.21,297.39792557
2023-12-26 08:45:00,72.19,72.23,72.19,72.23,11.2560171
2023-12-26 08:44:00,72.16,72.2,72.16,72.2,82.49441505
2023-12-26 08:43:00,72.13,72.18,72.13,72.16,7.14945788
2023-12-26 08:42:00,72.14,72.19,72.17,72.15,38.18735678
2023-12-26 08:41:00,72.09,72.14,72.09,72.14,6.74993418
2023-12-26 08:40:00,72.08,72.12,72.1,72.08,147.88536019
2023-12-26 08:39:00,72.1,72.13,72.12,72.1,10.80382697
2023-12-26 08:38:00,72.08,72.13,72.12,72.11,37.68924691
2023-12-26 08:37:00,72.09,72.12,72.09,72.1,92.00183057
2023-12-26 08:36:00,72.03,72.09,72.07,72.09,91.59721191
2023-12-26 08:35:00,71.96,72.04,72.03,72.03,42.72339183
2023-12-26 08:34:00,72.0,72.03,72.03,72.02,21.781042
2023-12-26 08:33:00,71.97,72.04,71.98,72.04,3.60343113
2023-12-26 08:32:00,71.91,71.96,71.93,71.95,20.59213558
2023-12-26 08:31:00,71.91,71.99,71.99,71.91,1.46212114
2023-12-26 08:30:00,71.95,71.99,71.96,71.96,21.09938705
2023-12-26 08:29:00,71.98,72.01,72.0,71.99,12.8064508
2023-12-26 08:28:00,71.92,72.0,71.95,72.0,70.42637053
2023-12-26 08:27:00,71.97,72.01,72.01,71.97,24.27816611
2023-12-26 08:26:00,71.93,72.03,71.97,72.02,226.79739026
2023-12-26 08:25:00,71.88,71.97,71.88,71.96,120.16631259
2023-12-26 08:24:00,71.88,71.92,71.89,71.9,14.76365726
2023-12-26 08:23:00,71.88,71.95,71.95,71.89,1.76412628
2023-12-26 08:22:00,71.94,71.97,71.97,71.94,7.83878879
2023-12-26 08:21:00,71.84,71.96,71.86,71.96,9.75586058
2023-12-26 08:20:00,71.75,71.88,71.75,71.84,69.64821916
2023-12-26 08:19:00,71.74,71.82,71.78,71.74,27.39115821
2023-12-26 08:18:00,71.78,71.84,71.83,71.79,18.31445091
2023-12-26 08:17:00,71.8,71.89,71.85,71.81,17.40082085
2023-12-26 08:16:00,71.81,71.9,71.83,71.87,45.98371
2023-12-26 08:15:00,71.75,71.87,71.87,71.83,133.31748913
2023-12-26 08:14:00,71.84,71.88,71.88,71.87,32.91213504
2023-12-26 08:13:00,71.87,71.92,71.91,71.89,4.20251519
2023-12-26 08:12:00,71.9,71.95,71.93,71.9,199.48966919
2023-12-26 08:11:00,71.93,71.96,71.94,71.94,13.06373202
2023-12-26 08:10:00,71.97,72.04,72.04,71.97,85.06839032
2023-12-26 08:09:00,71.95,72.05,72.0,72.05,55.83531553
2023-12-26 08:08:00,71.99,72.02,72.02,72.02,12.26818142
2023-12-26 08:07:00,72.01,72.03,72.01,72.02,24.55052476
2023-12-26 08:06:00,71.99,72.06,72.05,71.99,202.01681717
2023-12-26 08:05:00,72.03,72.09,72.06,72.06,48.25550006
2023-12-26 08:04:00,72.07,72.18,72.17,72.09,630.36162721
2023-12-26 08:03:00,72.12,72.17,72.17,72.15,32.01236891
2023-12-26 08:02:00,72.13,72.18,72.14,72.16,18.47467884
2023-12-26 08:01:00,72.12,72.15,72.13,72.12,9.94403258
2023-12-26 08:00:00,72.07,72.14,72.13,72.1,172.57328191
2023-12-26 07:59:00,72.11,72.14,72.14,72.13,29.28638575
2023-12-26 07:58:00,72.12,72.17,72.17,72.15,67.15081528
2023-12-26 07:57:00,72.12,72.17,72.12,72.17,152.26436695
2023-12-26 07:56:00,72.04,72.11,72.1,72.11,486.00630547
2023-12-26 07:55:00,72.04,72.09,72.07,72.09,33.73829424
2023-12-26 07:54:00,72.0,72.08,72.06,72.08,10.30415858
2023-12-26 07:53:00,72.03,72.06,72.03,72.06,16.55958623
2023-12-26 07:52:00,72.02,72.05,72.03,72.05,6.6916394
2023-12-26 07:51:00,71.92,72.0,71.96,71.99,22.18869292
2023-12-26 07:50:00,71.96,71.99,71.98,71.97,33.72253539
2023-12-26 07:49:00,71.94,71.98,71.94,71.97,30.64147613
2023-12-26 07:48:00,71.92,71.98,71.95,71.95,72.91309626
2023-12-26 07:47:00,71.93,71.97,71.97,71.96,5.04080713
2023-12-26 07:46:00,71.92,71.99,71.99,71.98,102.2103536
2023-12-26 07:45:00,71.89,72.01,71.91,71.99,359.05450679
2023-12-26 07:44:00,71.87,71.91,71.88,71.91,6.89177434
2023-12-26 07:43:00,71.88,71.95,71.92,71.89,214.4677432
2023-12-26 07:42:00,71.86,71.98,71.86,71.93,498.27410451
2023-12-26 07:41:00,71.9,71.97,71.97,71.9,6.7680775
2023-12-26 07:40:00,71.95,71.99,71.96,71.97,13.72156726
2023-12-26 07:39:00,71.92,72.05,72.01,71.94,86.89851374
2023-12-26 07:38:00,72.03,72.13,72.12,72.03,416.3910971
2023-12-26 07:37:00,72.08,72.14,72.14,72.11,45.61393123
2023-12-26 07:36:00,72.09,72.15,72.11,72.13,21.44443543
2023-12-26 07:35:00,72.08,72.14,72.12,72.09,38.29128472
2023-12-26 07:34:00,72.03,72.1,72.1,72.1,311.08811964
2023-12-26 07:33:00,72.04,72.1,72.09,72.1,170.13837058
2023-12-26 07:32:00,72.01,72.09,72.04,72.08,52.68758196
2023-12-26 07:31:00,72.01,72.15,72.14,72.05,179.19391662
2023-12-26 07:30:00,71.98,72.13,71.99,72.13,215.39551632
2023-12-26 07:29:00,71.96,72.0,71.96,71.99,26.83899837
2023-12-26 07:28:00,71.92,71.99,71.96,71.94,25.20446564
2023-12-26 07:27:00,71.95,72.0,71.99,71.97,59.002845
2023-12-26 07:26:00,71.96,72.03,72.02,71.96,21.22036466
2023-12-26 07:25:00,71.96,72.02,71.98,72.01,19.01547143
2023-12-26 07:24:00,71.96,72.02,71.99,71.96,21.0087463
2023-12-26 07:23:00,72.0,72.03,72.0,72.01,17.14938996
2023-12-26 07:22:00,71.93,72.02,71.93,71.99,186.88489251
2023-12-26 17:22:00,73.44,73.56,73.51,73.45,65.94780313
2023-12-26 17:21:00,73.51,73.62,73.58,73.54,248.45879369
2023-12-26 17:20:00,73.51,73.82,73.82,73.55,1172.8260269
2023-12-26 17:19:00,73.74,73.92,73.92,73.81,409.32223156
2023-12-26 17:18:00,73.86,73.94,73.88,73.92,184.25800436
2023-12-26 17:17:00,73.91,74.02,74.0,73.92,52.8267699
2023-12-26 17:16:00,73.99,74.06,73.99,74.04,94.32001829
2023-12-26 17:15:00,73.88,73.98,73.94,73.98,143.40855694
2023-12-26 17:14:00,73.88,73.95,73.9,73.93,98.01312474
2023-12-26 17:13:00,73.87,73.92,73.91,73.89,74.59176191
2023-12-26 17:12:00,73.75,73.92,73.78,73.9,58.41840652
2023-12-26 17:11:00,73.74,73.84,73.75,73.78,114.99432312
2023-12-26 17:10:00,73.76,73.9,73.89,73.76,28.89220752
2023-12-26 17:09:00,73.8,73.92,73.81,73.89,90.30258714
2023-12-26 17:08:00,73.75,73.81,73.81,73.76,61.01753123
2023-12-26 17:07:00,73.66,73.8,73.72,73.8,134.7225287
2023-12-26 17:06:00,73.7,73.76,73.7,73.71,53.62423957
2023-12-26 17:05:00,73.68,73.75,73.7,73.71,103.48681223
2023-12-26 17:04:00,73.65,73.69,73.67,73.69,74.8116627
2023-12-26 17:03:00,73.64,73.72,73.72,73.64,103.58715309
2023-12-26 17:02:00,73.63,73.72,73.72,73.71,55.64199285
2023-12-26 17:01:00,73.65,73.73,73.69,73.66,137.19484157
2023-12-26 17:00:00,73.7,73.76,73.73,73.71,63.93695419
2023-12-26 16:59:00,73.73,73.84,73.84,73.74,177.21040648
2023-12-26 16:58:00,73.81,73.9,73.86,73.84,26.47044432
2023-12-26 16:57:00,73.83,73.89,73.86,73.89,40.75044955
2023-12-26 16:56:00,73.88,73.97,73.96,73.9,71.53818332
2023-12-26 16:55:00,73.9,73.98,73.96,73.92,326.72778015
2023-12-26 16:54:00,73.84,73.92,73.88,73.91,77.56197059
2023-12-26 16:53:00,73.68,73.9,73.71,73.87,828.78042247
2023-12-26 16:52:00,73.69,73.74,73.71,73.7,22.42653863
2023-12-26 16:51:00,73.71,73.84,73.78,73.71,398.12824213
2023-12-26 16:50:00,73.78,73.87,73.82,73.8,37.57839467
2023-12-26 16:49:00,73.71,73.97,73.71,73.82,401.31123988
2023-12-26 16:48:00,73.57,73.79,73.79,73.7,178.26359816
2023-12-26 16:47:00,73.79,73.84,73.81,73.79,100.75631653
2023-12-26 16:46:00,73.77,73.84,73.83,73.81,267.39618851
2023-12-26 16:45:00,73.71,73.8,73.73,73.79,329.41509112
2023-12-26 16:44:00,73.68,73.74,73.72,73.71,130.02057176
2023-12-26 16:43:00,73.72,73.79,73.77,73.74,54.61631255
2023-12-26 16:42:00,73.7,73.78,73.7,73.77,60.22025727
2023-12-26 16:41:00,73.69,73.8,73.71,73.71,121.70683025
2023-12-26 16:40:00,73.67,73.75,73.73,73.69,123.4627918
2023-12-26 16:39:00,73.73,73.79,73.79,73.76,240.10097494
2023-12-26 16:38:00,73.68,73.8,73.74,73.8,266.41363928
2023-12-26 16:37:00,73.71,74.03,74.03,73.73,402.1959584
2023-12-26 16:36:00,73.99,74.1,74.05,74.05,270.06022175
2023-12-26 16:35:00,73.83,74.12,73.83,74.04,1115.02106578
2023-12-26 16:34:00,73.66,73.93,73.72,73.84,1244.15971475
2023-12-26 16:33:00,73.6,73.74,73.68,73.73,427.37654506
2023-12-26 16:32:00,73.67,73.91,73.81,73.67,651.09352585
2023-12-26 16:31:00,73.79,73.95,73.85,73.83,760.00059866
2023-12-26 16:30:00,73.51,73.91,73.56,73.85,1234.79481202
2023-12-26 16:29:00,73.56,73.64,73.6,73.56,77.26886737
2023-12-26 16:28:00,73.46,73.59,73.51,73.59,37.95791702
2023-12-26 16:27:00,73.41,73.54,73.42,73.54,20.88793235
2023-12-26 16:26:00,73.22,73.42,73.24,73.42,340.93057328
2023-12-26 16:25:00,73.01,73.33,73.33,73.26,698.2700973
2023-12-26 16:24:00,73.27,73.34,73.28,73.32,39.27013503
2023-12-26 16:23:00,73.26,73.34,73.28,73.28,35.47947831
2023-12-26 16:22:00,73.15,73.3,73.15,73.29,103.69491327
2023-12-26 16:21:00,73.17,73.31,73.31,73.21,26.66826222
2023-12-26 16:20:00,73.25,73.4,73.38,73.31,70.30500031
2023-12-26 16:19:00,73.33,73.4,73.38,73.38,41.79645002
2023-12-26 16:18:00,73.34,73.41,73.34,73.37,428.24237854
2023-12-26 16:17:00,73.34,73.38,73.36,73.35,36.48162594
2023-12-26 16:16:00,73.22,73.36,73.33,73.35,214.39103132
2023-12-26 16:15:00,73.25,73.33,73.25,73.32,46.73919534
2023-12-26 16:14:00,73.14,73.25,73.18,73.25,85.4723848
2023-12-26 16:13:00,73.08,73.19,73.08,73.17,86.61174754
2023-12-26 16:12:00,73.03,73.1,73.07,73.07,20.20745211
2023-12-26 16:11:00,73.09,73.17,73.13,73.09,41.97594532
2023-12-26 16:10:00,73.04,73.15,73.14,73.14,79.34369851
2023-12-26 16:09:00,73.04,73.14,73.07,73.14,21.83408729
2023-12-26 16:08:00,73.04,73.11,73.11,73.04,28.50112319
2023-12-26 16:07:00,73.07,73.13,73.11,73.11,49.81552502
2023-12-26 16:06:00,73.08,73.18,73.1,73.08,63.83405074
2023-12-26 16:05:00,73.07,73.21,73.07,73.11,105.85537392
2023-12-26 16:04:00,73.04,73.18,73.17,73.05,163.71438141
2023-12-26 16:03:00,73.04,73.16,73.05,73.16,161.61324996
2023-12-26 16:02:00,72.95,73.04,72.96,73.04,113.5445443
2023-12-26 16:01:00,72.9,73.09,73.09,72.97,495.06258082
2023-12-26 16:00:00,72.96,73.15,72.96,73.09,216.07575513
2023-12-26 15:59:00,72.91,72.97,72.95,72.95,52.94818527
2023-12-26 15:58:00,72.88,72.96,72.88,72.94,177.91643299
2023-12-26 15:57:00,72.77,72.95,72.93,72.86,879.37171692
2023-12-26 15:56:00,72.9,72.99,72.9,72.96,37.66998364
2023-12-26 15:55:00,72.74,72.89,72.75,72.84,498.96814957
2023-12-26 15:54:00,72.66,72.89,72.76,72.76,72.97384375
2023-12-26 15:53:00,72.69,72.8,72.77,72.74,157.94801172
2023-12-26 15:52:00,72.65,72.88,72.81,72.81,416.69951762
2023-12-26 15:51:00,72.72,73.02,73.0,72.76,730.03847965
2023-12-26 15:50:00,72.92,73.0,72.93,72.96,46.26618016
2023-12-26 15:49:00,72.96,73.04,72.97,72.99,59.3161954
2023-12-26 15:48:00,72.9,72.99,72.98,72.97,28.73108283
2023-12-26 15:47:00,72.94,73.04,73.04,72.96,94.77571091
2023-12-26 15:46:00,73.02,73.17,73.17,73.03,97.94667908
2023-12-26 15:45:00,73.19,73.23,73.2,73.19,41.48456221
2023-12-26 15:44:00,73.2,73.26,73.23,73.22,118.80339384
2023-12-26 15:43:00,73.18,73.27,73.25,73.25,57.23840889
2023-12-26 15:42:00,73.24,73.3,73.27,73.27,63.71470807
2023-12-26 15:41:00,73.23,73.53,73.52,73.26,299.07303148
2023-12-26 15:40:00,73.46,73.51,73.47,73.5,29.56438643
2023-12-26 15:39:00,73.42,73.45,73.44,73.42,9.49597697
2023-12-26 15:38:00,73.45,73.56,73.55,73.47,56.17528628
2023-12-26 15:37:00,73.52,73.56,73.52,73.53,81.33846105
2023-12-26 15:36:00,73.48,73.54,73.5,73.53,73.59324179
2023-12-26 15:35:00,73.49,73.56,73.51,73.49,137.31032095
2023-12-26 15:34:00,73.43,73.47,73.46,73.47,132.59649875
2023-12-26 15:33:00,73.43,73.49,73.49,73.45,219.26658905
2023-12-26 15:32:00,73.5,73.59,73.57,73.5,42.20860857
2023-12-26 15:31:00,73.49,73.57,73.53,73.55,107.33431304
2023-12-26 15:30:00,73.42,73.53,73.44,73.53,453.06358694
2023-12-26 15:29:00,73.38,73.45,73.38,73.44,6.47443299
2023-12-26 15:28:00,73.35,73.43,73.4,73.35,155.2884926
2023-12-26 15:27:00,73.34,73.4,73.36,73.4,24.43039031
2023-12-26 15:26:00,73.37,73.45,73.41,73.37,167.8943492
2023-12-26 15:25:00,73.35,73.42,73.35,73.41,201.88554481
2023-12-26 15:24:00,73.25,73.34,73.27,73.33,7.78582915
2023-12-26 15:23:00,73.21,73.28,73.21,73.28,13.96999813
2023-12-26 15:22:00,73.12,73.23,73.12,73.23,18.13676211
2023-12-26 15:21:00,73.14,73.34,73.34,73.14,173.5965004
2023-12-26 15:20:00,73.28,73.38,73.28,73.34,469.98088974
2023-12-26 15:19:00,73.28,73.32,73.3,73.28,60.92755557
2023-12-26 15:18:00,73.25,73.32,73.28,73.26,74.16258073
2023-12-26 15:17:00,73.15,73.31,73.17,73.3,95.19915751
2023-12-26 15:16:00,73.08,73.16,73.08,73.15,21.99201318
2023-12-26 15:15:00,72.96,73.1,72.96,73.07,232.64224776
2023-12-26 15:14:00,72.82,72.97,72.89,72.96,165.5856424
2023-12-26 15:13:00,72.85,73.04,73.02,72.86,102.01445652
2023-12-26 15:12:00,73.03,73.12,73.11,73.03,48.12220428
2023-12-26 15:11:00,73.11,73.2,73.2,73.12,15.21519162
2023-12-26 15:10:00,73.15,73.21,73.17,73.19,74.23501157
2023-12-26 15:09:00,73.14,73.18,73.14,73.18,18.14764774
2023-12-26 15:08:00,73.09,73.17,73.09,73.1,42.36207736
2023-12-26 15:07:00,73.06,73.11,73.06,73.1,73.76355603
2023-12-26 15:06:00,72.98,73.09,72.98,73.08,112.46683285
2023-12-26 15:05:00,72.96,73.02,72.96,73.0,62.86302564
2023-12-26 15:04:00,72.96,73.05,73.04,72.97,220.11922409
2023-12-26 15:03:00,73.02,73.12,73.02,73.06,151.70886905
2023-12-26 15:02:00,72.96,73.13,73.13,73.0,122.63721465
2023-12-26 15:01:00,73.13,73.26,73.26,73.13,1390.28654709
2023-12-26 15:00:00,73.15,73.24,73.2,73.23,344.4295359
2023-12-26 14:59:00,73.04,73.2,73.08,73.2,70.68505605
2023-12-26 14:58:00,73.09,73.22,73.2,73.09,657.80657398
2023-12-26 14:57:00,73.15,73.21,73.21,73.2,180.59939049
2023-12-26 14:56:00,73.23,73.32,73.32,73.24,553.55860241
2023-12-26 14:55:00,73.28,73.36,73.35,73.32,85.78227599
2023-12-26 14:54:00,73.33,73.4,73.4,73.35,123.29422144
2023-12-26 14:53:00,73.33,73.37,73.34,73.37,24.96097159
2023-12-26 14:52:00,73.34,73.38,73.34,73.34,19.37625029
2023-12-26 14:51:00,73.3,73.34,73.34,73.32,31.66598255
2023-12-26 14:50:00,73.3,73.37,73.36,73.3,128.39635695
2023-12-26 14:49:00,73.34,73.44,73.44,73.36,165.82312335
2023-12-26 14:48:00,73.38,73.46,73.4,73.44,29.95230375
2023-12-26 14:47:00,73.37,73.44,73.44,73.39,541.39349394
2023-12-26 14:46:00,73.43,73.47,73.46,73.44,37.42346144
2023-12-26 14:45:00,73.46,73.51,73.49,73.47,75.53702407
2023-12-26 14:44:00,73.47,73.51,73.51,73.47,45.80751076
2023-12-26 14:43:00,73.47,73.51,73.51,73.49,89.63546647
2023-12-26 14:42:00,73.47,73.53,73.48,73.5,711.58782192
2023-12-26 14:41:00,73.49,73.53,73.49,73.49,88.14275967
2023-12-26 14:40:00,73.48,73.53,73.52,73.49,38.96199899
2023-12-26 14:39:00,73.48,73.52,73.52,73.49,12.36496411
2023-12-26 14:38:00,73.49,73.57,73.53,73.49,25.84860298
2023-12-26 14:37:00,73.5,73.57,73.57,73.5,36.19950333
2023-12-26 14:36:00,73.57,73.63,73.63,73.59,366.47715397
2023-12-26 14:35:00,73.64,73.69,73.67,73.64,75.91027225
2023-12-26 14:34:00,73.65,73.68,73.65,73.68,18.00975746
2023-12-26 14:33:00,73.63,73.69,73.69,73.65,4.42959498
2023-12-26 14:32:00,73.66,73.72,73.72,73.66,44.39139517
2023-12-26 14:31:00,73.7,73.74,73.7,73.72,139.92626937
2023-12-26 14:30:00,73.68,73.74,73.71,73.71,137.35241035
2023-12-26 14:29:00,73.66,73.72,73.66,73.71,20.63558044
2023-12-26 14:28:00,73.66,73.73,73.68,73.66,57.11577819
2023-12-26 14:27:00,73.63,73.72,73.7,73.67,9.82313786
2023-12-26 14:26:00,73.68,73.82,73.82,73.7,111.76896867
2023-12-26 14:25:00,73.74,73.83,73.75,73.83,116.19391064
2023-12-26 14:24:00,73.66,73.76,73.66,73.75,29.85301987
2023-12-26 14:23:00,73.57,73.66,73.59,73.66,134.82340246
2023-12-26 14:22:00,73.56,73.6,73.56,73.59,88.70933472
2023-12-26 14:21:00,73.37,73.55,73.37,73.55,72.70270229
2023-12-26 14:20:00,73.34,73.49,73.49,73.38,104.105667
2023-12-26 14:19:00,73.5,73.54,73.54,73.5,29.9233143
2023-12-26 14:18:00,73.51,73.62,73.6,73.52,38.01242183
2023-12-26 14:17:00,73.55,73.6,73.56,73.59,54.3531013
2023-12-26 14:16:00,73.5,73.58,73.52,73.54,37.02725884
2023-12-26 14:15:00,73.51,73.62,73.58,73.51,109.43574781
2023-12-26 14:14:00,73.51,73.57,73.54,73.57,121.59648046
2023-12-26 14:13:00,73.5,73.58,73.57,73.54,581.23778562
2023-12-26 14:12:00,73.53,73.56,73.54,73.56,11.61648367
2023-12-26 14:11:00,73.46,73.52,73.46,73.52,98.19805822
2023-12-26 14:10:00,73.36,73.45,73.36,73.45,168.90301116
2023-12-26 14:09:00,73.31,73.37,73.32,73.35,23.33553113
2023-12-26 14:08:00,73.31,73.43,73.42,73.31,67.89992966
2023-12-26 14:07:00,73.41,73.49,73.47,73.44,29.64008125
2023-12-26 14:06:00,73.4,73.49,73.45,73.46,58.44736935
2023-12-26 14:05:00,73.41,73.52,73.45,73.43,160.98865652
2023-12-26 14:04:00,73.42,73.55,73.48,73.47,230.29963188
2023-12-26 14:03:00,73.24,73.7,73.7,73.43,1352.57916094
2023-12-26 14:02:00,73.7,73.77,73.76,73.7,67.3751349
2023-12-26 14:01:00,73.75,73.84,73.81,73.75,757.67248338
2023-12-26 14:00:00,73.79,73.84,73.82,73.84,25.21952869
2023-12-26 13:59:00,73.81,73.84,73.82,73.82,27.11720918
2023-12-26 13:58:00,73.8,73.89,73.87,73.82,119.90284069
2023-12-26 13:57:00,73.84,73.92,73.92,73.88,242.83630466
2023-12-26 13:56:00,73.9,73.94,73.92,73.91,389.2411273
2023-12-26 13:55:00,73.9,73.93,73.93,73.91,12.30412648
2023-12-26 13:54:00,73.91,73.99,73.93,73.93,67.60120138
2023-12-26 13:53:00,73.9,73.93,73.9,73.9,14.18688203
2023-12-26 13:52:00,73.91,74.0,74.0,73.91,36.31834577
2023-12-26 13:51:00,73.92,74.01,73.95,74.0,350.93783766
2023-12-26 13:50:00,73.94,74.0,73.99,73.97,164.02292136
2023-12-26 13:49:00,73.95,74.0,73.97,73.96,61.60012305
2023-12-26 13:48:00,73.95,74.03,73.96,73.95,100.97600764
2023-12-26 13:47:00,73.95,74.07,74.07,73.95,79.26682646
2023-12-26 13:46:00,74.07,74.17,74.14,74.07,31.52091303
2023-12-26 13:45:00,74.11,74.19,74.14,74.16,82.06868795
2023-12-26 13:44:00,74.09,74.15,74.15,74.15,99.44602217
2023-12-26 13:43:00,74.05,74.15,74.14,74.15,335.41540932
2023-12-26 13:42:00,74.14,74.26,74.22,74.14,129.10995786
2023-12-26 13:41:00,74.27,74.33,74.29,74.27,112.2826434
2023-12-26 13:40:00,74.24,74.31,74.26,74.28,151.16264643
2023-12-26 13:39:00,74.27,74.32,74.3,74.3,71.63389167
2023-12-26 13:38:00,74.27,74.34,74.3,74.27,91.49271558
2023-12-26 13:37:00,74.3,74.42,74.4,74.3,331.60139714
2023-12-26 13:36:00,74.22,74.41,74.22,74.38,106.38317952
2023-12-26 13:35:00,74.09,74.21,74.09,74.2,206.33379667
2023-12-26 13:34:00,74.07,74.21,74.21,74.11,574.30481177
2023-12-26 13:33:00,74.16,74.24,74.17,74.21,134.53305003
2023-12-26 13:32:00,74.15,74.28,74.28,74.17,187.74310055
2023-12-26 13:31:00,74.26,74.31,74.28,74.28,112.37510744
2023-12-26 13:30:00,74.21,74.27,74.24,74.27,131.00004981
2023-12-26 13:29:00,74.17,74.24,74.18,74.21,314.26899861
2023-12-26 13:28:00,74.1,74.28,74.23,74.23,821.95771789
2023-12-26 13:27:00,74.11,74.24,74.16,74.22,783.65082688
2023-12-26 13:26:00,74.18,74.29,74.27,74.18,364.62700535
2023-12-26 13:25:00,74.15,74.29,74.21,74.26,840.9425294
2023-12-26 13:24:00,74.08,74.23,74.08,74.21,1223.23960961
2023-12-26 13:23:00,74.09,74.15,74.14,74.1,50.82317086
2023-12-26 13:22:00,74.03,74.16,74.04,74.15,1320.81450514
2023-12-26 13:21:00,73.98,74.05,73.98,74.05,55.1727148
2023-12-26 13:20:00,73.88,73.97,73.89,73.97,226.83170774
2023-12-26 13:19:00,73.85,73.89,73.86,73.85,30.48297566
2023-12-26 13:18:00,73.85,73.89,73.85,73.88,29.42894813
2023-12-26 13:17:00,73.84,73.88,73.86,73.87,50.53360117
2023-12-26 13:16:00,73.85,73.88,73.87,73.85,78.01125137
2023-12-26 13:15:00,73.82,73.86,73.84,73.86,15.56887748
2023-12-26 13:14:00,73.83,73.86,73.85,73.85,8.93850548
2023-12-26 13:13:00,73.82,73.87,73.82,73.85,7.67195834
2023-12-26 13:12:00,73.81,73.86,73.86,73.82,21.93466994
2023-12-26 13:11:00,73.84,73.87,73.86,73.86,22.44638387
2023-12-26 13:10:00,73.8,73.83,73.83,73.83,22.68555568
2023-12-26 13:09:00,73.76,73.85,73.79,73.84,36.91931246
2023-12-26 13:08:00,73.77,73.84,73.82,73.77,11.7383311
2023-12-26 13:07:00,73.79,73.86,73.86,73.81,74.08202767
2023-12-26 13:06:00,73.87,73.98,73.98,73.87,360.0375386
2023-12-26 13:05:00,73.96,73.99,73.97,73.99,11.28291131
2023-12-26 13:04:00,73.89,73.97,73.91,73.97,55.6778085
2023-12-26 13:03:00,73.88,73.92,73.88,73.9,59.09753431
2023-12-26 13:02:00,73.83,73.89,73.85,73.88,197.5706289
2023-12-26 13:01:00,73.85,73.9,73.9,73.87,58.12217563
2023-12-26 13:00:00,73.9,73.96,73.94,73.9,128.97369491
2023-12-26 12:59:00,73.93,73.96,73.94,73.96,102.22587992
2023-12-26 12:58:00,73.88,73.95,73.91,73.95,91.81756538
2023-12-26 12:57:00,73.85,73.91,73.86,73.9,27.59234219
2023-12-26 12:56:00,73.83,73.85,73.83,73.85,3.78903907
2023-12-26 12:55:00,73.75,73.84,73.79,73.84,152.37662636
2023-12-26 12:54:00,73.77,73.81,73.81,73.79,43.29950116
2023-12-26 12:53:00,73.8,73.86,73.86,73.83,31.44191556
2023-12-26 12:52:00,73.78,73.84,73.79,73.84,63.79764499
2023-12-26 12:51:00,73.7,73.78,73.74,73.78,292.18253305
2023-12-26 12:50:00,73.73,73.76,73.76,73.74,0.88323408
2023-12-26 12:49:00,73.74,73.76,73.75,73.74,84.16778324
2023-12-26 12:48:00,73.72,73.78,73.78,73.75,51.55994455
2023-12-26 12:47:00,73.79,73.87,73.85,73.79,40.12895957
2023-12-26 12:46:00,73.83,73.87,73.83,73.83,85.06094293
2023-12-26 12:45:00,73.76,73.85,73.78,73.84,83.59281456
2023-12-26 12:44:00,73.77,73.79,73.78,73.78,20.4845204
2023-12-26 12:43:00,73.74,73.85,73.85,73.78,687.22764557
2023-12-26 12:42:00,73.85,73.9,73.85,73.85,231.33176814
2023-12-26 12:41:00,73.83,73.89,73.87,73.88,33.12126158
2023-12-26 12:40:00,73.85,73.89,73.88,73.86,130.48702077
2023-12-26 12:39:00,73.84,73.87,73.86,73.85,67.03584256
2023-12-26 12:38:00,73.82,73.9,73.82,73.89,168.34853739
2023-12-26 12:37:00,73.62,73.85,73.62,73.82,305.14399693
2023-12-26 12:36:00,73.64,73.69,73.65,73.64,189.30931997
2023-12-26 12:35:00,73.63,73.7,73.7,73.63,72.43137277
2023-12-26 12:34:00,73.69,73.72,73.7,73.72,44.40156894
2023-12-26 12:33:00,73.7,73.72,73.7,73.72,28.62766688
2023-12-26 12:32:00,73.69,73.7,73.7,73.7,4.0320496
2023-12-26 12:31:00,73.65,73.7,73.69,73.69,122.01233812
2023-12-26 12:30:00,73.68,73.72,73.68,73.69,28.44648538
2023-12-26 12:29:00,73.66,73.72,73.71,73.66,241.92521798
2023-12-26 12:28:00,73.7,73.73,73.73,73.7,51.35625054
2023-12-26 12:27:00,73.71,73.78,73.72,73.74,379.2165069
2023-12-26 12:26:00,73.68,73.9,73.88,73.73,299.74674074
2023-12-26 12:25:00,73.86,73.92,73.86,73.92,38.48608978
2023-12-26 12:24:00,73.86,73.91,73.91,73.86,50.8711241
2023-12-26 12:23:00,73.82,73.93,73.89,73.92,54.04817837
2023-12-26 12:22:00,73.86,73.96,73.96,73.86,92.3557854
2023-12-26 22:22:00,72.72,72.75,72.74,72.74,54.50316679
2023-12-26 22:21:00,72.68,72.72,72.72,72.72,884.09032741
2023-12-26 22:20:00,72.69,72.73,72.69,72.73,54.7961995
2023-12-26 22:19:00,72.67,72.71,72.67,72.7,23.62365427
2023-12-26 22:18:00,72.57,72.68,72.57,72.65,30.14833886
2023-12-26 22:17:00,72.55,72.57,72.55,72.57,35.41575201
2023-12-26 22:16:00,72.53,72.56,72.55,72.53,73.84634466
2023-12-26 22:15:00,72.52,72.55,72.52,72.55,20.85271548
2023-12-26 22:14:00,72.51,72.53,72.51,72.53,117.15561573
2023-12-26 22:13:00,72.51,72.54,72.52,72.51,24.02895441
2023-12-26 22:12:00,72.45,72.54,72.47,72.53,108.36622593
2023-12-26 22:11:00,72.45,72.47,72.46,72.47,31.19832995
2023-12-26 22:10:00,72.42,72.48,72.42,72.46,51.3675659
2023-12-26 22:09:00,72.41,72.45,72.45,72.41,87.98068935
2023-12-26 22:08:00,72.43,72.46,72.45,72.45,26.38237383
2023-12-26 22:07:00,72.43,72.47,72.47,72.45,41.86672945
2023-12-26 22:06:00,72.46,72.48,72.46,72.47,48.19457889
2023-12-26 22:05:00,72.46,72.52,72.52,72.46,18.2686654
2023-12-26 22:04:00,72.48,72.52,72.48,72.52,35.67077585
2023-12-26 22:03:00,72.45,72.48,72.47,72.48,44.11356724
2023-12-26 22:02:00,72.45,72.49,72.47,72.48,73.95905916
2023-12-26 22:01:00,72.42,72.47,72.44,72.47,36.67699401
2023-12-26 22:00:00,72.4,72.44,72.41,72.44,169.38157547
2023-12-26 21:59:00,72.36,72.42,72.36,72.4,55.71594333
2023-12-26 21:58:00,72.35,72.38,72.37,72.37,40.89128405
2023-12-26 21:57:00,72.31,72.4,72.33,72.37,546.28369357
2023-12-26 21:56:00,72.29,72.33,72.31,72.33,247.14679389
2023-12-26 21:55:00,72.3,72.37,72.36,72.32,62.97394098
2023-12-26 21:54:00,72.29,72.36,72.29,72.36,39.10542007
2023-12-26 21:53:00,72.23,72.3,72.27,72.28,39.87709425
2023-12-26 21:52:00,72.25,72.27,72.27,72.27,31.23475709
2023-12-26 21:51:00,72.21,72.26,72.24,72.26,308.46184293
2023-12-26 21:50:00,72.22,72.26,72.25,72.24,9.06122015
2023-12-26 21:49:00,72.21,72.24,72.21,72.22,4.42170508
2023-12-26 21:48:00,72.2,72.23,72.2,72.21,31.54718883
2023-12-26 21:47:00,72.2,72.24,72.2,72.2,105.79133686
2023-12-26 21:46:00,72.2,72.28,72.28,72.2,28.10413908
2023-12-26 21:45:00,72.23,72.28,72.25,72.28,8.19139811
2023-12-26 21:44:00,72.23,72.28,72.27,72.24,113.46656028
2023-12-26 21:43:00,72.2,72.27,72.2,72.27,34.23863119
2023-12-26 21:42:00,72.19,72.22,72.22,72.2,16.7589211
2023-12-26 21:41:00,72.22,72.23,72.22,72.22,12.1919532
2023-12-26 21:40:00,72.21,72.28,72.24,72.21,99.65092476
2023-12-26 21:39:00,72.24,72.31,72.29,72.25,17.0557972
2023-12-26 21:38:00,72.26,72.3,72.27,72.29,73.06773894
2023-12-26 21:37:00,72.2,72.28,72.28,72.25,113.09884243
2023-12-26 21:36:00,72.32,72.35,72.34,72.32,6.1042814
2023-12-26 21:35:00,72.32,72.39,72.36,72.36,134.07798933
2023-12-26 21:34:00,72.33,72.41,72.41,72.36,188.45371953
2023-12-26 21:33:00,72.41,72.47,72.45,72.41,37.91438836
2023-12-26 21:32:00,72.42,72.45,72.42,72.44,62.77400131
2023-12-26 21:31:00,72.38,72.41,72.4,72.38,40.34448385
2023-12-26 21:30:00,72.35,72.39,72.35,72.37,52.01440091
2023-12-26 21:29:00,72.35,72.41,72.35,72.35,329.46075851
2023-12-26 21:28:00,72.31,72.35,72.33,72.35,31.02466088
2023-12-26 21:27:00,72.28,72.33,72.28,72.33,71.93328495
2023-12-26 21:26:00,72.25,72.32,72.25,72.3,159.99141346
2023-12-26 21:25:00,72.24,72.28,72.25,72.27,34.52068368
2023-12-26 21:24:00,72.21,72.26,72.23,72.25,14.79549869
2023-12-26 21:23:00,72.18,72.24,72.24,72.21,106.20421113
2023-12-26 21:22:00,72.19,72.24,72.19,72.24,109.40188612
2023-12-26 21:21:00,72.11,72.2,72.14,72.2,135.19213525
2023-12-26 21:20:00,72.1,72.14,72.11,72.14,256.27971741
2023-12-26 21:19:00,72.1,72.14,72.11,72.12,23.23624234
2023-12-26 21:18:00,72.11,72.14,72.12,72.11,202.98014351
2023-12-26 21:17:00,72.1,72.12,72.12,72.12,258.55665691
2023-12-26 21:16:00,72.04,72.11,72.04,72.11,15.4149759
2023-12-26 21:15:00,72.01,72.06,72.01,72.06,110.97136115
2023-12-26 21:14:00,72.0,72.03,72.0,72.01,137.34317916
2023-12-26 21:13:00,71.99,72.02,72.0,71.99,39.48028048
2023-12-26 21:12:00,72.0,72.04,72.01,72.02,71.51457456
2023-12-26 21:11:00,71.99,72.12,72.1,72.01,488.50536648
2023-12-26 21:10:00,72.08,72.12,72.12,72.1,128.4719579
2023-12-26 21:09:00,72.08,72.12,72.09,72.12,666.46506699
2023-12-26 21:08:00,72.07,72.1,72.1,72.08,81.49130187
2023-12-26 21:07:00,72.09,72.12,72.1,72.1,82.40944333
2023-12-26 21:06:00,72.08,72.11,72.08,72.1,108.01548603
2023-12-26 21:05:00,72.07,72.1,72.1,72.08,53.86312301
2023-12-26 21:04:00,72.08,72.11,72.08,72.1,651.27706413
2023-12-26 21:03:00,72.07,72.09,72.09,72.09,182.72478946
2023-12-26 21:02:00,72.06,72.2,72.2,72.09,1316.95357186
2023-12-26 21:01:00,72.18,72.24,72.23,72.19,29.22048794
2023-12-26 21:00:00,72.2,72.26,72.26,72.23,212.90550329
2023-12-26 20:59:00,72.25,72.37,72.36,72.25,84.41289523
2023-12-26 20:58:00,72.33,72.39,72.35,72.38,156.09902512
2023-12-26 20:57:00,72.32,72.35,72.34,72.32,127.25641257
2023-12-26 20:56:00,72.29,72.34,72.32,72.34,25.5687157
2023-12-26 20:55:00,72.31,72.36,72.34,72.33,5.13334743
2023-12-26 20:54:00,72.31,72.34,72.34,72.32,28.78782209
2023-12-26 20:53:00,72.32,72.36,72.34,72.34,25.58928411
2023-12-26 20:52:00,72.32,72.37,72.35,72.34,56.5182375
2023-12-26 20:51:00,72.37,72.44,72.42,72.37,148.68224086
2023-12-26 20:50:00,72.4,72.44,72.42,72.42,48.43965709
2023-12-26 20:49:00,72.36,72.42,72.38,72.41,80.5247926
2023-12-26 20:48:00,72.4,72.42,72.41,72.41,129.83690319
2023-12-26 20:47:00,72.37,72.43,72.37,72.42,45.50119473
2023-12-26 20:46:00,72.33,72.38,72.35,72.37,558.18729271
2023-12-26 20:45:00,72.36,72.41,72.4,72.37,19.90817897
2023-12-26 20:44:00,72.39,72.43,72.42,72.4,12.47357971
2023-12-26 20:43:00,72.4,72.43,72.43,72.43,35.8763937
2023-12-26 20:42:00,72.37,72.44,72.38,72.42,86.19757105
2023-12-26 20:41:00,72.35,72.37,72.36,72.37,11.98192074
2023-12-26 20:40:00,72.34,72.37,72.36,72.35,44.12353601
2023-12-26 20:39:00,72.32,72.38,72.38,72.36,57.29225116
2023-12-26 20:38:00,72.34,72.38,72.35,72.38,7.62494386
2023-12-26 20:37:00,72.29,72.35,72.3,72.35,13.18095626
2023-12-26 20:36:00,72.21,72.31,72.21,72.31,333.8576546
2023-12-26 20:35:00,72.2,72.25,72.24,72.21,37.05254629
2023-12-26 20:34:00,72.21,72.24,72.23,72.23,12.39805174
2023-12-26 20:33:00,72.21,72.25,72.25,72.21,6.25792205
2023-12-26 20:32:00,72.19,72.25,72.22,72.25,7.44419587
2023-12-26 20:31:00,72.19,72.22,72.19,72.2,16.67942066
2023-12-26 20:30:00,72.18,72.31,72.31,72.2,372.44620804
2023-12-26 20:29:00,72.27,72.32,72.28,72.31,326.51218174
2023-12-26 20:28:00,72.24,72.3,72.25,72.28,88.79704295
2023-12-26 20:27:00,72.25,72.28,72.26,72.26,32.68953812
2023-12-26 20:26:00,72.26,72.37,72.35,72.26,372.12357931
2023-12-26 20:25:00,72.32,72.42,72.37,72.35,568.75045596
2023-12-26 20:24:00,72.36,72.39,72.37,72.38,135.43929153
2023-12-26 20:23:00,72.34,72.38,72.36,72.37,60.38680899
2023-12-26 20:22:00,72.31,72.36,72.35,72.35,13.80286342
2023-12-26 20:21:00,72.32,72.37,72.33,72.37,29.47892925
2023-12-26 20:20:00,72.3,72.37,72.32,72.34,74.91626205
2023-12-26 20:19:00,72.3,72.35,72.3,72.33,16.41732853
2023-12-26 20:18:00,72.28,72.32,72.29,72.29,56.74217043
2023-12-26 20:17:00,72.27,72.34,72.34,72.3,72.9112726
2023-12-26 20:16:00,72.27,72.34,72.33,72.34,299.30750781
2023-12-26 20:15:00,72.32,72.36,72.33,72.34,17.5896213
2023-12-26 20:14:00,72.3,72.38,72.3,72.34,311.19345783
2023-12-26 20:13:00,72.3,72.38,72.34,72.32,154.62953973
2023-12-26 20:12:00,72.32,72.4,72.4,72.36,242.57250845
2023-12-26 20:11:00,72.35,72.42,72.35,72.4,11.60702442
2023-12-26 20:10:00,72.28,72.35,72.32,72.34,25.72737353
2023-12-26 20:09:00,72.3,72.38,72.38,72.32,8.80028222
2023-12-26 20:08:00,72.36,72.39,72.38,72.38,17.60200941
2023-12-26 20:07:00,72.31,72.38,72.35,72.36,113.1083723
2023-12-26 20:06:00,72.3,72.35,72.31,72.35,47.50227856
2023-12-26 20:05:00,72.3,72.37,72.36,72.31,21.38750475
2023-12-26 20:04:00,72.39,72.43,72.4,72.39,22.26111868
2023-12-26 20:03:00,72.33,72.4,72.35,72.4,16.58199014
2023-12-26 20:02:00,72.32,72.37,72.35,72.36,161.11957911
2023-12-26 20:01:00,72.28,72.42,72.42,72.34,273.78393123
2023-12-26 20:00:00,72.37,72.43,72.43,72.39,39.08320381
2023-12-26 19:59:00,72.4,72.43,72.43,72.4,137.18387103
2023-12-26 19:58:00,72.38,72.42,72.39,72.41,65.79034032
2023-12-26 19:57:00,72.39,72.43,72.43,72.4,18.78272689
2023-12-26 19:56:00,72.43,72.49,72.48,72.43,18.83803016
2023-12-26 19:55:00,72.4,72.45,72.41,72.45,48.47678528
2023-12-26 19:54:00,72.38,72.44,72.42,72.39,35.79782125
2023-12-26 19:53:00,72.43,72.46,72.43,72.43,51.01059721
2023-12-26 19:52:00,72.41,72.47,72.47,72.45,105.87389961
2023-12-26 19:51:00,72.42,72.47,72.44,72.47,40.20556836
2023-12-26 19:50:00,72.42,72.46,72.44,72.45,53.81108988
2023-12-26 19:49:00,72.42,72.48,72.48,72.44,81.02200003
2023-12-26 19:48:00,72.45,72.51,72.46,72.47,116.84715106
2023-12-26 19:47:00,72.42,72.46,72.44,72.46,49.23645561
2023-12-26 19:46:00,72.39,72.51,72.45,72.45,537.86604709
2023-12-26 19:45:00,72.46,72.51,72.49,72.46,38.74783724
2023-12-26 19:44:00,72.48,72.56,72.54,72.49,26.23674428
2023-12-26 19:43:00,72.53,72.57,72.57,72.53,49.07264222
2023-12-26 19:42:00,72.52,72.57,72.56,72.57,32.97770028
2023-12-26 19:41:00,72.48,72.56,72.52,72.54,20.32509592
2023-12-26 19:40:00,72.47,72.52,72.49,72.52,5.49943661
2023-12-26 19:39:00,72.49,72.6,72.58,72.5,12.43301424
2023-12-26 19:38:00,72.57,72.61,72.58,72.6,43.55344372
2023-12-26 19:37:00,72.58,72.65,72.65,72.58,39.9815183
2023-12-26 19:36:00,72.6,72.66,72.62,72.66,60.28851481
2023-12-26 19:35:00,72.58,72.61,72.6,72.6,43.16572837
2023-12-26 19:34:00,72.55,72.61,72.56,72.61,132.08787316
2023-12-26 19:33:00,72.54,72.59,72.59,72.54,18.32978096
2023-12-26 19:32:00,72.54,72.62,72.54,72.57,34.82487817
2023-12-26 19:31:00,72.54,72.67,72.66,72.57,95.65176144
2023-12-26 19:30:00,72.65,72.67,72.66,72.66,44.87185907
2023-12-26 19:29:00,72.59,72.66,72.61,72.66,49.3884075
2023-12-26 19:28:00,72.53,72.62,72.56,72.62,34.82923688
2023-12-26 19:27:00,72.56,72.58,72.58,72.58,10.75833356
2023-12-26 19:26:00,72.56,72.6,72.57,72.58,9.63759803
2023-12-26 19:25:00,72.55,72.59,72.56,72.58,54.0345572
2023-12-26 19:24:00,72.52,72.56,72.52,72.55,73.96865547
2023-12-26 19:23:00,72.5,72.59,72.59,72.52,61.92600182
2023-12-26 19:22:00,72.59,72.63,72.61,72.62,24.01520286
2023-12-26 19:21:00,72.59,72.64,72.6,72.62,169.53514893
2023-12-26 19:20:00,72.56,72.62,72.56,72.59,58.56895282
2023-12-26 19:19:00,72.51,72.58,72.51,72.54,55.48482777
2023-12-26 19:18:00,72.51,72.55,72.51,72.51,17.50506866
2023-12-26 19:17:00,72.49,72.53,72.53,72.52,55.76201041
2023-12-26 19:16:00,72.47,72.53,72.47,72.52,50.86679083
2023-12-26 19:15:00,72.4,72.5,72.43,72.46,164.89749628
2023-12-26 19:14:00,72.41,72.45,72.45,72.45,20.13053035
2023-12-26 19:13:00,72.44,72.5,72.44,72.44,441.03731235
2023-12-26 19:12:00,72.38,72.43,72.39,72.43,9.03046044
2023-12-26 19:11:00,72.37,72.4,72.38,72.39,59.23264214
2023-12-26 19:10:00,72.36,72.43,72.42,72.37,427.22037184
2023-12-26 19:09:00,72.36,72.42,72.36,72.42,86.14921907
2023-12-26 19:08:00,72.35,72.37,72.36,72.35,106.37556515
2023-12-26 19:07:00,72.35,72.43,72.42,72.36,104.2491684
2023-12-26 19:06:00,72.34,72.41,72.34,72.41,115.68357571
2023-12-26 19:05:00,72.25,72.35,72.25,72.34,111.97380707
2023-12-26 19:04:00,72.15,72.23,72.16,72.23,59.74087636
2023-12-26 19:03:00,72.13,72.21,72.17,72.15,195.18362657
2023-12-26 19:02:00,72.16,72.24,72.23,72.16,74.41593423
2023-12-26 19:01:00,72.14,72.23,72.18,72.23,106.56954694
2023-12-26 19:00:00,72.16,72.29,72.28,72.16,609.48571019
2023-12-26 18:59:00,72.28,72.31,72.29,72.29,53.01725686
2023-12-26 18:58:00,72.25,72.3,72.25,72.3,302.6704757
2023-12-26 18:57:00,72.23,72.27,72.25,72.26,205.21761065
2023-12-26 18:56:00,72.21,72.25,72.21,72.24,101.41932144
2023-12-26 18:55:00,72.17,72.25,72.18,72.21,273.13133671
2023-12-26 18:54:00,72.15,72.22,72.16,72.2,174.30609739
2023-12-26 18:53:00,72.13,72.19,72.14,72.14,71.12997008
2023-12-26 18:52:00,72.09,72.15,72.09,72.14,14.69176819
2023-12-26 18:51:00,72.06,72.15,72.13,72.09,108.44406857
2023-12-26 18:50:00,72.04,72.11,72.08,72.11,88.46957851
2023-12-26 18:49:00,72.02,72.1,72.05,72.08,92.79230148
2023-12-26 18:48:00,72.0,72.08,72.08,72.03,64.67836078
2023-12-26 18:47:00,71.95,72.05,71.96,72.05,60.94086506
2023-12-26 18:46:00,71.85,71.97,71.89,71.96,55.30313771
2023-12-26 18:45:00,71.71,71.96,71.71,71.88,156.1449143
2023-12-26 18:44:00,71.45,71.72,71.57,71.72,459.71655031
2023-12-26 18:43:00,71.56,71.94,71.9,71.58,1071.80018384
2023-12-26 18:42:00,71.88,71.93,71.92,71.89,23.56158593
2023-12-26 18:41:00,71.84,71.9,71.89,71.89,43.16821293
2023-12-26 18:40:00,71.83,71.9,71.89,71.9,124.2702861
2023-12-26 18:39:00,71.87,71.97,71.93,71.89,239.21927329
2023-12-26 18:38:00,71.91,72.0,71.93,71.92,32.78076779
2023-12-26 18:37:00,71.74,71.9,71.75,71.9,44.22031597
2023-12-26 18:36:00,71.73,71.94,71.91,71.73,165.85945775
2023-12-26 18:35:00,71.79,71.95,71.8,71.91,188.48444359
2023-12-26 18:34:00,71.72,71.84,71.72,71.79,114.09801468
2023-12-26 18:33:00,71.62,71.86,71.79,71.73,287.30699086
2023-12-26 18:32:00,71.74,71.86,71.79,71.78,56.85912832
2023-12-26 18:31:00,71.81,71.99,71.95,71.81,141.64050353
2023-12-26 18:30:00,71.84,72.0,71.9,71.9,186.19448926
2023-12-26 18:29:00,71.82,71.9,71.82,71.89,285.99009765
2023-12-26 18:28:00,71.84,71.97,71.93,71.84,685.21010242
2023-12-26 18:27:00,71.92,72.07,72.02,71.92,229.53067774
2023-12-26 18:26:00,71.95,72.07,71.95,72.02,155.78449751
2023-12-26 18:25:00,71.87,72.02,71.94,71.95,522.21350681
2023-12-26 18:24:00,71.85,71.94,71.85,71.94,72.2806479
2023-12-26 18:23:00,71.75,71.89,71.75,71.82,425.44629603
2023-12-26 18:22:00,71.72,71.88,71.86,71.74,91.19056899
2023-12-26 18:21:00,71.83,71.99,71.92,71.85,104.08178841
2023-12-26 18:20:00,71.9,71.97,71.95,71.96,80.7696558
2023-12-26 18:19:00,71.89,72.0,71.99,71.99,70.54861085
2023-12-26 18:18:00,71.98,72.2,72.17,71.99,49.88673739
2023-12-26 18:17:00,72.14,72.2,72.16,72.14,33.42944465
2023-12-26 18:16:00,72.11,72.36,72.35,72.15,249.82837951
2023-12-26 18:15:00,72.13,72.37,72.13,72.37,100.87310722
2023-12-26 18:14:00,72.11,72.2,72.13,72.13,322.86154513
2023-12-26 18:13:00,72.1,72.26,72.25,72.12,149.03142473
2023-12-26 18:12:00,72.13,72.29,72.27,72.24,235.14067982
2023-12-26 18:11:00,72.24,72.41,72.38,72.25,117.59939012
2023-12-26 18:10:00,72.39,72.61,72.57,72.4,71.25490217
2023-12-26 18:09:00,72.55,72.66,72.58,72.57,97.27115576
2023-12-26 18:08:00,72.54,72.65,72.63,72.58,215.17089717
2023-12-26 18:07:00,72.62,72.71,72.66,72.63,355.13982634
2023-12-26 18:06:00,72.58,72.69,72.62,72.67,294.28985619
2023-12-26 18:05:00,72.52,72.66,72.62,72.62,121.0260872
2023-12-26 18:04:00,72.51,72.65,72.57,72.62,367.96080292
2023-12-26 18:03:00,72.48,72.61,72.49,72.57,206.60632229
2023-12-26 18:02:00,72.42,72.52,72.49,72.49,267.30217363
2023-12-26 18:01:00,72.28,72.49,72.42,72.49,279.32751107
2023-12-26 18:00:00,72.26,72.42,72.4,72.4,97.26798044
2023-12-26 17:59:00,72.34,72.44,72.42,72.39,188.11939639
2023-12-26 17:58:00,72.3,72.41,72.35,72.4,349.60819186
2023-12-26 17:57:00,72.19,72.39,72.21,72.37,264.05128345
2023-12-26 17:56:00,72.02,72.21,72.19,72.21,124.87079952
2023-12-26 17:55:00,72.04,72.19,72.09,72.16,341.80728896
2023-12-26 17:54:00,71.99,72.11,72.08,72.08,180.00105952
2023-12-26 17:53:00,71.92,72.18,72.0,72.16,482.33303552
2023-12-26 17:52:00,71.72,72.05,71.95,71.94,132.78493279
2023-12-26 17:51:00,71.9,72.18,72.01,71.92,203.24758576
2023-12-26 17:50:00,71.98,72.21,72.09,72.0,465.29187385
2023-12-26 17:49:00,71.94,72.15,71.95,72.06,450.55205325
2023-12-26 17:48:00,71.82,72.14,71.87,71.9,333.20952736
2023-12-26 17:47:00,71.7,72.09,71.91,71.85,537.54023586
2023-12-26 17:46:00,71.83,72.43,72.42,71.91,905.12859765
2023-12-26 17:45:00,72.28,72.44,72.34,72.39,503.54408061
2023-12-26 17:44:00,72.05,72.35,72.05,72.34,368.12966306
2023-12-26 17:43:00,71.66,72.06,71.66,72.06,1173.64153631
2023-12-26 17:42:00,71.68,72.0,71.85,71.69,1810.38120873
2023-12-26 17:41:00,71.25,72.23,72.21,71.86,5373.49091754
2023-12-26 17:40:00,71.69,72.22,71.81,72.19,2608.72211611
2023-12-26 17:39:00,71.2,72.67,72.64,71.78,14234.68362751
2023-12-26 17:38:00,72.64,73.07,72.88,72.64,1246.87134934
2023-12-26 17:37:00,72.74,73.26,73.17,72.85,3597.97692055
2023-12-26 17:36:00,73.16,73.58,73.47,73.19,1219.25699489
2023-12-26 17:35:00,73.43,73.64,73.57,73.47,238.7763882
2023-12-26 17:34:00,73.53,73.72,73.67,73.58,232.87864471
2023-12-26 17:33:00,73.58,73.88,73.67,73.72,767.4499015
2023-12-26 17:32:00,73.67,74.03,73.79,73.69,464.93045223
2023-12-26 17:31:00,73.65,73.96,73.85,73.65,528.99508373
2023-12-26 17:30:00,73.83,74.0,73.83,73.89,115.75489577
2023-12-26 17:29:00,73.81,73.93,73.92,73.84,142.11560719
2023-12-26 17:28:00,73.86,73.97,73.94,73.9,53.31160928
2023-12-26 17:27:00,73.88,74.07,74.0,73.98,766.90636848
2023-12-26 17:26:00,73.87,74.06,73.93,74.01,453.99159313
2023-12-26 17:25:00,73.7,73.94,73.74,73.94,151.05714792
2023-12-26 17:24:00,73.38,73.74,73.45,73.73,129.03965122
2023-12-26 17:23:00,73.4,73.51,73.45,73.47,96.61919897
2023-12-26 17:22:00,73.44,73.56,73.51,73.45,65.94780313
2023-12-27 03:22:00,72.81,72.88,72.88,72.81,24.99211191
2023-12-27 03:21:00,72.86,72.9,72.9,72.86,4.78779049
2023-12-27 03:20:00,72.91,72.96,72.91,72.92,17.24210943
2023-12-27 03:19:00,72.91,72.98,72.98,72.91,67.23732469
2023-12-27 03:18:00,72.93,73.01,73.01,72.97,18.96842347
2023-12-27 03:17:00,73.01,73.06,73.06,73.01,8.17098186
2023-12-27 03:16:00,73.0,73.07,73.01,73.05,198.77243539
2023-12-27 03:15:00,72.99,73.11,73.08,72.99,462.4542517
2023-12-27 03:14:00,73.08,73.11,73.1,73.08,27.33614181
2023-12-27 03:13:00,73.03,73.1,73.06,73.09,53.92049051
2023-12-27 03:12:00,72.97,73.06,72.99,73.04,42.72982354
2023-12-27 03:11:00,72.98,73.01,72.99,73.0,55.96481126
2023-12-27 03:10:00,72.89,73.0,72.93,73.0,84.42951676
2023-12-27 03:09:00,72.92,72.96,72.96,72.92,209.92291033
2023-12-27 03:08:00,72.94,73.0,72.94,72.95,28.56589708
2023-12-27 03:07:00,72.95,73.0,72.99,72.95,21.15161391
2023-12-27 03:06:00,72.94,73.01,72.97,73.01,85.0427205
2023-12-27 03:05:00,72.97,73.03,72.99,72.97,21.14308343
2023-12-27 03:04:00,72.97,73.08,73.08,72.99,54.25310069
2023-12-27 03:03:00,73.02,73.08,73.05,73.08,44.81573409
2023-12-27 03:02:00,72.94,73.05,72.94,73.04,400.73290384
2023-12-27 03:01:00,72.89,72.96,72.89,72.95,8.8983332
2023-12-27 03:00:00,72.79,72.88,72.81,72.86,165.75803503
2023-12-27 02:59:00,72.81,72.9,72.86,72.84,157.71499333
2023-12-27 02:58:00,72.62,72.78,72.76,72.76,156.87091845
2023-12-27 02:57:00,72.75,72.84,72.79,72.75,49.50413643
2023-12-27 02:56:00,72.7,72.79,72.75,72.76,66.32770627
2023-12-27 02:55:00,72.63,72.75,72.69,72.75,158.7719096
2023-12-27 02:54:00,72.49,72.71,72.57,72.71,516.90864083
2023-12-27 02:53:00,72.47,72.59,72.57,72.57,99.07562583
2023-12-27 02:52:00,72.41,72.6,72.6,72.57,311.67409503
2023-12-27 02:51:00,72.59,72.73,72.73,72.6,64.44986788
2023-12-27 02:50:00,72.68,72.76,72.74,72.73,16.26628668
2023-12-27 02:49:00,72.7,72.78,72.7,72.76,20.10991317
2023-12-27 02:48:00,72.71,72.84,72.82,72.73,61.10409407
2023-12-27 02:47:00,72.87,72.93,72.88,72.92,14.55258665
2023-12-27 02:46:00,72.79,72.88,72.82,72.87,77.42943184
2023-12-27 02:45:00,72.65,72.8,72.65,72.73,22.6089839
2023-12-27 02:44:00,72.65,72.73,72.73,72.66,38.74473629
2023-12-27 02:43:00,72.74,72.9,72.9,72.77,16.47874919
2023-12-27 02:42:00,72.88,72.94,72.91,72.91,19.25928041
2023-12-27 02:41:00,72.79,72.92,72.82,72.92,25.54924861
2023-12-27 02:40:00,72.78,72.85,72.85,72.85,24.43110921
2023-12-27 02:39:00,72.7,72.83,72.75,72.79,125.14420386
2023-12-27 02:38:00,72.74,72.84,72.84,72.74,13.80822766
2023-12-27 02:37:00,72.8,72.88,72.88,72.83,15.81196986
2023-12-27 02:36:00,72.88,72.97,72.94,72.88,21.54413747
2023-12-27 02:35:00,73.04,73.1,73.04,73.05,45.76420308
2023-12-27 02:34:00,73.03,73.18,73.17,73.03,21.67050048
2023-12-27 02:33:00,73.09,73.17,73.11,73.17,15.16294606
2023-12-27 02:32:00,73.08,73.15,73.11,73.09,13.6300643
2023-12-27 02:31:00,73.09,73.17,73.15,73.11,54.86805659
2023-12-27 02:30:00,72.9,73.15,72.91,73.13,52.43981519
2023-12-27 02:29:00,72.89,72.93,72.89,72.91,16.48119827
2023-12-27 02:28:00,72.79,72.91,72.79,72.9,88.94122379
2023-12-27 02:27:00,72.62,72.79,72.65,72.79,94.73136216
2023-12-27 02:26:00,72.65,72.76,72.76,72.69,115.24465108
2023-12-27 02:25:00,72.68,72.79,72.78,72.78,158.53032515
2023-12-27 02:24:00,72.77,72.93,72.93,72.78,244.52236472
2023-12-27 02:23:00,72.93,73.02,73.01,72.93,5.35211556
2023-12-27 02:22:00,73.01,73.09,73.09,73.01,65.77175484
2023-12-27 02:21:00,73.06,73.12,73.09,73.1,22.26454088
2023-12-27 02:20:00,73.05,73.1,73.05,73.09,26.4412967
2023-12-27 02:19:00,73.0,73.07,73.0,73.07,286.90238135
2023-12-27 02:18:00,72.99,73.0,73.0,73.0,249.42856423
2023-12-27 02:17:00,72.9,73.0,72.9,73.0,81.82621606
2023-12-27 02:16:00,72.85,72.93,72.85,72.91,52.65153542
2023-12-27 02:15:00,72.86,72.9,72.87,72.88,34.8005201
2023-12-27 02:14:00,72.86,72.9,72.89,72.89,385.86417414
2023-12-27 02:13:00,72.87,72.92,72.89,72.89,12.75755148
2023-12-27 02:12:00,72.87,72.95,72.95,72.89,27.88876828
2023-12-27 02:11:00,72.91,73.05,72.99,72.95,122.85889582
2023-12-27 02:10:00,72.92,73.01,72.92,72.99,876.74613488
2023-12-27 02:09:00,72.84,72.93,72.9,72.93,186.69697433
2023-12-27 02:08:00,72.89,72.97,72.97,72.89,45.25241639
2023-12-27 02:07:00,72.96,73.01,73.01,72.96,16.3517748
2023-12-27 02:06:00,72.99,73.03,73.0,73.01,31.66105168
2023-12-27 02:05:00,73.0,73.03,73.03,73.0,16.69799723
2023-12-27 02:04:00,72.98,73.03,73.01,73.03,30.47378792
2023-12-27 02:03:00,72.96,73.01,73.01,73.01,76.99225065
2023-12-27 02:02:00,73.01,73.03,73.01,73.01,2.00788947
2023-12-27 02:01:00,72.99,73.02,72.99,73.0,8.01296065
2023-12-27 02:00:00,72.97,73.09,73.09,73.0,53.23888584
2023-12-27 01:59:00,73.02,73.07,73.03,73.07,38.19333398
2023-12-27 01:58:00,72.92,73.03,72.98,73.03,107.74257438
2023-12-27 01:57:00,72.96,72.99,72.97,72.99,25.83328142
2023-12-27 01:56:00,72.96,73.0,72.96,72.97,6.84726096
2023-12-27 01:55:00,72.88,72.96,72.89,72.96,338.72629022
2023-12-27 01:54:00,72.85,72.92,72.92,72.88,154.23792321
2023-12-27 01:53:00,72.94,72.98,72.98,72.95,17.45586311
2023-12-27 01:52:00,72.98,73.02,72.99,72.99,52.93480739
2023-12-27 01:51:00,72.96,73.0,73.0,72.97,58.3508293
2023-12-27 01:50:00,72.97,73.01,73.01,73.0,23.75783388
2023-12-27 01:49:00,72.99,73.04,73.04,72.99,17.82233544
2023-12-27 01:48:00,72.98,73.12,73.12,73.03,1007.69833852
2023-12-27 01:47:00,73.12,73.16,73.15,73.13,75.96761561
2023-12-27 01:46:00,73.04,73.13,73.04,73.13,42.97148763
2023-12-27 01:45:00,73.0,73.03,73.02,73.03,16.2737745
2023-12-27 01:44:00,73.02,73.08,73.02,73.03,127.46198515
2023-12-27 01:43:00,72.98,73.02,72.98,73.01,24.81928248
2023-12-27 01:42:00,72.97,73.03,73.02,73.02,47.04732627
2023-12-27 01:41:00,73.01,73.1,73.09,73.02,177.39563391
2023-12-27 01:40:00,73.1,73.16,73.14,73.1,43.61467867
2023-12-27 01:39:00,73.11,73.22,73.21,73.18,197.3668025
2023-12-27 01:38:00,73.18,73.22,73.18,73.21,54.283698
2023-12-27 01:37:00,73.18,73.29,73.27,73.18,104.60806832
2023-12-27 01:36:00,73.25,73.27,73.26,73.27,35.78462186
2023-12-27 01:35:00,73.26,73.32,73.3,73.26,68.81911223
2023-12-27 01:34:00,73.26,73.29,73.28,73.29,34.59725526
2023-12-27 01:33:00,73.24,73.28,73.28,73.27,125.27609583
2023-12-27 01:32:00,73.19,73.28,73.2,73.28,46.77497735
2023-12-27 01:31:00,73.17,73.21,73.2,73.19,39.92929063
2023-12-27 01:30:00,73.13,73.21,73.19,73.19,355.10230337
2023-12-27 01:29:00,73.11,73.16,73.13,73.16,165.90354438
2023-12-27 01:28:00,73.15,73.24,73.22,73.16,34.88910462
2023-12-27 01:27:00,73.17,73.22,73.18,73.22,29.09775509
2023-12-27 01:26:00,73.18,73.25,73.25,73.19,52.02181563
2023-12-27 01:25:00,73.23,73.29,73.28,73.23,165.16361526
2023-12-27 01:24:00,73.25,73.34,73.34,73.25,175.12960405
2023-12-27 01:23:00,73.35,73.39,73.38,73.37,67.42326802
2023-12-27 01:22:00,73.34,73.43,73.43,73.35,19.85127642
2023-12-27 01:21:00,73.39,73.44,73.39,73.44,62.81865088
2023-12-27 01:20:00,73.36,73.4,73.37,73.38,52.25593122
2023-12-27 01:19:00,73.33,73.44,73.38,73.35,59.94656009
2023-12-27 01:18:00,73.35,73.38,73.35,73.36,36.76913572
2023-12-27 01:17:00,73.35,73.42,73.42,73.35,39.10842247
2023-12-27 01:16:00,73.39,73.43,73.4,73.43,29.34439661
2023-12-27 01:15:00,73.37,73.5,73.46,73.45,1940.04238199
2023-12-27 01:14:00,73.46,73.51,73.51,73.48,37.23219893
2023-12-27 01:13:00,73.47,73.53,73.51,73.47,170.15963074
2023-12-27 01:12:00,73.47,73.57,73.57,73.51,44.72414208
2023-12-27 01:11:00,73.56,73.62,73.6,73.56,260.71294158
2023-12-27 01:10:00,73.55,73.69,73.69,73.58,124.09885003
2023-12-27 01:09:00,73.62,73.66,73.66,73.65,39.81926963
2023-12-27 01:08:00,73.69,73.78,73.77,73.69,22.94030245
2023-12-27 01:07:00,73.66,73.81,73.67,73.81,376.34359559
2023-12-27 01:06:00,73.62,73.65,73.63,73.63,220.93803486
2023-12-27 01:05:00,73.59,73.65,73.62,73.65,39.75715198
2023-12-27 01:04:00,73.61,73.62,73.61,73.62,0.24802315
2023-12-27 01:03:00,73.55,73.63,73.63,73.61,32.47006405
2023-12-27 01:02:00,73.5,73.63,73.5,73.63,56.51737178
2023-12-27 01:01:00,73.48,73.53,73.48,73.48,160.78222889
2023-12-27 01:00:00,73.43,73.51,73.51,73.46,277.39850811
2023-12-27 00:59:00,73.5,73.53,73.5,73.51,19.25512573
2023-12-27 00:58:00,73.51,73.57,73.56,73.51,20.20111526
2023-12-27 00:57:00,73.54,73.62,73.6,73.56,105.88020938
2023-12-27 00:56:00,73.55,73.71,73.7,73.57,309.8309968
2023-12-27 00:55:00,73.69,73.82,73.82,73.69,90.91654343
2023-12-27 00:54:00,73.82,73.87,73.83,73.83,74.19332145
2023-12-27 00:53:00,73.81,73.89,73.85,73.84,110.87960917
2023-12-27 00:52:00,73.81,73.88,73.86,73.81,132.34558154
2023-12-27 00:51:00,73.85,73.97,73.95,73.88,157.92050262
2023-12-27 00:50:00,73.76,73.95,73.76,73.95,177.97582916
2023-12-27 00:49:00,73.74,73.83,73.81,73.77,290.84760586
2023-12-27 00:48:00,73.83,73.93,73.91,73.86,88.7317213
2023-12-27 00:47:00,73.82,73.97,73.97,73.94,228.371012
2023-12-27 00:46:00,73.95,74.09,74.07,73.95,174.21825809
2023-12-27 00:45:00,73.99,74.09,74.0,74.09,101.22784516
2023-12-27 00:44:00,73.86,74.09,73.96,74.0,662.15269382
2023-12-27 00:43:00,73.95,73.99,73.97,73.96,301.58553726
2023-12-27 00:42:00,73.92,73.98,73.93,73.96,167.07348514
2023-12-27 00:41:00,73.88,73.99,73.9,73.94,150.40878602
2023-12-27 00:40:00,73.87,73.95,73.92,73.89,128.8549406
2023-12-27 00:39:00,73.75,73.93,73.79,73.93,24.18021602
2023-12-27 00:38:00,73.68,73.8,73.8,73.75,80.68464867
2023-12-27 00:37:00,73.76,73.9,73.89,73.81,98.0147732
2023-12-27 00:36:00,73.86,73.94,73.86,73.92,97.87169497
2023-12-27 00:35:00,73.79,73.9,73.9,73.84,280.22693056
2023-12-27 00:34:00,73.77,73.94,73.77,73.89,144.5892295
2023-12-27 00:33:00,73.76,73.94,73.85,73.77,218.62983545
2023-12-27 00:32:00,73.7,73.84,73.71,73.84,232.35439994
2023-12-27 00:31:00,73.61,73.82,73.62,73.72,1736.4512134
2023-12-27 00:30:00,73.56,73.62,73.57,73.62,157.063327
2023-12-27 00:29:00,73.62,73.67,73.65,73.62,57.69368899
2023-12-27 00:28:00,73.66,73.77,73.74,73.66,123.08086784
2023-12-27 00:27:00,73.73,73.78,73.76,73.77,94.42771422
2023-12-27 00:26:00,73.75,73.81,73.77,73.76,95.20609632
2023-12-27 00:25:00,73.63,73.84,73.65,73.79,155.15199844
2023-12-27 00:24:00,73.54,73.68,73.55,73.63,80.6951407
2023-12-27 00:23:00,73.59,73.83,73.64,73.59,697.68857719
2023-12-27 00:22:00,73.55,73.64,73.57,73.64,55.84865837
2023-12-27 00:21:00,73.51,73.59,73.53,73.59,65.3882018
2023-12-27 00:20:00,73.49,73.53,73.49,73.53,62.52784371
2023-12-27 00:19:00,73.44,73.5,73.44,73.49,15.24040085
2023-12-27 00:18:00,73.39,73.48,73.43,73.46,37.27111191
2023-12-27 00:17:00,73.4,73.46,73.46,73.43,133.22065059
2023-12-27 00:16:00,73.41,73.46,73.43,73.46,133.35200136
2023-12-27 00:15:00,73.37,73.44,73.37,73.44,61.16503545
2023-12-27 00:14:00,73.38,73.42,73.41,73.4,26.9135162
2023-12-27 00:13:00,73.31,73.42,73.31,73.41,453.40597331
2023-12-27 00:12:00,73.27,73.35,73.33,73.29,287.444183
2023-12-27 00:11:00,73.24,73.34,73.25,73.34,66.45706508
2023-12-27 00:10:00,73.26,73.35,73.35,73.26,135.47255657
2023-12-27 00:09:00,73.29,73.37,73.31,73.37,38.68262078
2023-12-27 00:08:00,73.27,73.33,73.27,73.3,50.10960836
2023-12-27 00:07:00,73.25,73.32,73.25,73.27,28.40478048
2023-12-27 00:06:00,73.16,73.28,73.17,73.26,143.22630424
2023-12-27 00:05:00,73.16,73.21,73.21,73.17,80.41496816
2023-12-27 00:04:00,73.14,73.2,73.18,73.2,27.9758259
2023-12-27 00:03:00,73.19,73.3,73.3,73.19,68.44270304
2023-12-27 00:02:00,73.3,73.37,73.3,73.31,138.74916952
2023-12-27 00:01:00,73.24,73.31,73.25,73.31,69.72464458
2023-12-27 00:00:00,73.23,73.29,73.25,73.25,156.91858335
2023-12-26 23:59:00,73.19,73.27,73.2,73.25,291.09796305
2023-12-26 23:58:00,73.17,73.2,73.2,73.17,90.74332841
2023-12-26 23:57:00,73.19,73.2,73.2,73.2,9.16781962
2023-12-26 23:56:00,73.18,73.21,73.21,73.19,108.01768155
2023-12-26 23:55:00,73.2,73.22,73.2,73.2,53.47527776
2023-12-26 23:54:00,73.13,73.2,73.16,73.2,90.51158261
2023-12-26 23:53:00,73.11,73.16,73.11,73.15,43.4505018
2023-12-26 23:52:00,73.07,73.13,73.08,73.11,66.33007243
2023-12-26 23:51:00,73.02,73.11,73.11,73.08,266.14553415
2023-12-26 23:50:00,73.09,73.14,73.1,73.13,110.01740486
2023-12-26 23:49:00,73.07,73.15,73.15,73.1,58.02155977
2023-12-26 23:48:00,73.06,73.14,73.08,73.14,140.55660161
2023-12-26 23:47:00,73.07,73.1,73.08,73.09,83.46110279
2023-12-26 23:46:00,73.06,73.09,73.07,73.09,312.01271818
2023-12-26 23:45:00,73.06,73.11,73.1,73.1,10.54936344
2023-12-26 23:44:00,73.04,73.08,73.08,73.08,56.95921911
2023-12-26 23:43:00,73.0,73.08,73.0,73.08,22.99145363
2023-12-26 23:42:00,72.93,72.99,72.93,72.99,51.32145315
2023-12-26 23:41:00,72.93,72.97,72.96,72.93,29.95860443
2023-12-26 23:40:00,72.93,73.0,72.93,72.98,72.92443031
2023-12-26 23:39:00,72.87,72.95,72.87,72.94,66.77962409
2023-12-26 23:38:00,72.9,72.97,72.96,72.9,18.85910071
2023-12-26 23:37:00,72.85,72.98,72.86,72.97,235.2819246
2023-12-26 23:36:00,72.77,72.86,72.79,72.86,50.05418007
2023-12-26 23:35:00,72.78,72.81,72.8,72.79,65.01479302
2023-12-26 23:34:00,72.77,72.84,72.84,72.79,27.72362111
2023-12-26 23:33:00,72.85,72.88,72.87,72.85,81.4659653
2023-12-26 23:32:00,72.84,72.89,72.84,72.87,20.20645108
2023-12-26 23:31:00,72.8,72.84,72.8,72.83,60.60081378
2023-12-26 23:30:00,72.76,72.87,72.78,72.79,110.43770531
2023-12-26 23:29:00,72.77,72.83,72.79,72.77,39.12157808
2023-12-26 23:28:00,72.75,72.8,72.8,72.76,89.63243283
2023-12-26 23:27:00,72.8,72.89,72.86,72.8,89.94110253
2023-12-26 23:26:00,72.73,72.86,72.75,72.86,362.76652137
2023-12-26 23:25:00,72.78,72.93,72.93,72.78,117.24952477
2023-12-26 23:24:00,72.93,72.98,72.97,72.94,52.4387489
2023-12-26 23:23:00,72.94,73.0,72.96,72.96,372.54157133
2023-12-26 23:22:00,72.94,72.98,72.96,72.95,37.8631269
2023-12-26 23:21:00,72.98,73.05,73.05,72.98,21.79443573
2023-12-26 23:20:00,73.06,73.09,73.09,73.06,24.36542914
2023-12-26 23:19:00,73.09,73.14,73.1,73.11,31.63041331
2023-12-26 23:18:00,73.1,73.14,73.1,73.11,803.91322038
2023-12-26 23:17:00,73.06,73.1,73.09,73.1,12.42167314
2023-12-26 23:16:00,73.05,73.1,73.08,73.08,30.90383859
2023-12-26 23:15:00,73.08,73.12,73.1,73.1,35.7413915
2023-12-26 23:14:00,73.11,73.16,73.14,73.13,21.76708423
2023-12-26 23:13:00,73.12,73.16,73.16,73.16,300.67470712
2023-12-26 23:12:00,73.12,73.14,73.13,73.14,66.70907696
2023-12-26 23:11:00,73.1,73.16,73.12,73.11,219.03513806
2023-12-26 23:10:00,73.06,73.11,73.06,73.11,34.84048564
2023-12-26 23:09:00,73.03,73.07,73.05,73.05,24.94610182
2023-12-26 23:08:00,73.03,73.07,73.03,73.05,24.31517208
2023-12-26 23:07:00,73.04,73.08,73.07,73.04,48.40635658
2023-12-26 23:06:00,73.06,73.09,73.09,73.08,23.50609766
2023-12-26 23:05:00,73.09,73.12,73.11,73.1,20.94689807
2023-12-26 23:04:00,73.09,73.13,73.11,73.09,70.01084938
2023-12-26 23:03:00,73.07,73.13,73.07,73.12,67.56616861
2023-12-26 23:02:00,73.0,73.07,73.0,73.07,128.43013565
2023-12-26 23:01:00,72.94,73.0,72.95,73.0,47.96367915
2023-12-26 23:00:00,72.91,72.99,72.92,72.96,23.57062445
2023-12-26 22:59:00,72.86,72.91,72.89,72.91,39.58842094
2023-12-26 22:58:00,72.9,72.92,72.91,72.91,37.63610371
2023-12-26 22:57:00,72.92,73.01,73.01,72.92,67.40919125
2023-12-26 22:56:00,73.01,73.03,73.02,73.01,6.29340383
2023-12-26 22:55:00,73.0,73.03,73.02,73.01,14.95937937
2023-12-26 22:54:00,72.99,73.02,73.0,73.02,34.33790775
2023-12-26 22:53:00,72.96,73.01,72.98,73.01,13.35265433
2023-12-26 22:52:00,72.95,72.99,72.95,72.99,37.49304321
2023-12-26 22:51:00,72.94,72.97,72.96,72.94,29.70813422
2023-12-26 22:50:00,72.91,72.96,72.92,72.96,35.60830986
2023-12-26 22:49:00,72.91,72.92,72.92,72.92,14.55249429
2023-12-26 22:48:00,72.88,72.91,72.88,72.91,35.54743261
2023-12-26 22:47:00,72.81,72.88,72.81,72.88,51.63836522
2023-12-26 22:46:00,72.78,72.86,72.86,72.81,1518.13601736
2023-12-26 22:45:00,72.85,72.93,72.9,72.85,150.23561651
2023-12-26 22:44:00,72.89,72.92,72.92,72.89,50.03348524
2023-12-26 22:43:00,72.89,72.97,72.89,72.93,73.10615881
2023-12-26 22:42:00,72.86,72.94,72.94,72.87,60.61590437
2023-12-26 22:41:00,72.95,72.96,72.95,72.96,14.95830749
2023-12-26 22:40:00,72.88,72.91,72.88,72.91,135.80289634
2023-12-26 22:39:00,72.85,72.89,72.87,72.89,16.1114258
2023-12-26 22:38:00,72.85,72.89,72.89,72.88,42.1883208
2023-12-26 22:37:00,72.86,72.89,72.88,72.87,28.13425129
2023-12-26 22:36:00,72.85,72.88,72.87,72.88,40.11513129
2023-12-26 22:35:00,72.86,72.91,72.9,72.89,46.75419061
2023-12-26 22:34:00,72.9,72.98,72.98,72.91,84.84109251
2023-12-26 22:33:00,72.97,72.98,72.97,72.98,26.13231784
2023-12-26 22:32:00,72.69,72.93,72.69,72.93,181.66857963
2023-12-26 22:31:00,72.7,72.97,72.97,72.7,344.15684068
2023-12-26 22:30:00,72.96,73.02,72.99,72.96,206.14398524
2023-12-26 22:29:00,72.9,72.98,72.98,72.97,132.89384967
2023-12-26 22:28:00,72.96,73.0,72.97,73.0,48.33716012
2023-12-26 22:27:00,72.86,72.96,72.86,72.96,382.75266717
2023-12-26 22:26:00,72.81,72.86,72.81,72.86,145.18962278
2023-12-26 22:25:00,72.76,72.82,72.77,72.82,67.80315664
2023-12-26 22:24:00,72.74,72.76,72.75,72.75,20.46901008
2023-12-26 22:23:00,72.72,72.74,72.74,72.73,79.33845403
2023-12-26 22:22:00,72.72,72.75,72.74,72.74,54.50316679
2023-12-27 08:22:00,74.02,74.05,74.03,74.05,15.46326583
2023-12-27 08:21:00,73.94,74.05,74.04,74.01,37.9089301
2023-12-27 08:20:00,73.97,74.05,73.97,74.05,69.18451649
2023-12-27 08:19:00,73.88,74.03,73.98,73.91,1312.66676874
2023-12-27 08:18:00,73.93,73.98,73.95,73.98,36.60671941
2023-12-27 08:17:00,73.88,73.95,73.88,73.95,12.24724893
2023-12-27 08:16:00,73.83,73.93,73.83,73.91,282.42736603
2023-12-27 08:15:00,73.81,73.89,73.81,73.84,67.24412531
2023-12-27 08:14:00,73.64,73.87,73.64,73.85,447.08442425
2023-12-27 08:13:00,73.5,73.59,73.5,73.59,41.68132392
2023-12-27 08:12:00,73.51,73.53,73.51,73.52,45.45609414
2023-12-27 08:11:00,73.53,73.61,73.61,73.53,76.2250477
2023-12-27 08:10:00,73.52,73.61,73.54,73.61,25.55810171
2023-12-27 08:09:00,73.53,73.54,73.53,73.54,12.0092
2023-12-27 08:08:00,73.46,73.52,73.5,73.47,222.68627583
2023-12-27 08:07:00,73.49,73.51,73.51,73.49,14.5081647
2023-12-27 08:06:00,73.48,73.51,73.5,73.51,26.49704695
2023-12-27 08:05:00,73.52,73.53,73.52,73.52,54.19878082
2023-12-27 08:04:00,73.47,73.52,73.52,73.47,19.75492852
2023-12-27 08:03:00,73.52,73.56,73.56,73.52,66.61185063
2023-12-27 08:02:00,73.56,73.69,73.69,73.58,61.39869529
2023-12-27 08:01:00,73.63,73.68,73.65,73.67,23.68116297
2023-12-27 08:00:00,73.66,73.77,73.71,73.67,68.09996181
2023-12-27 07:59:00,73.68,73.72,73.69,73.72,68.25361678
2023-12-27 07:58:00,73.65,73.69,73.65,73.69,17.08991806
2023-12-27 07:57:00,73.63,73.69,73.66,73.63,47.43760479
2023-12-27 07:56:00,73.65,73.69,73.65,73.67,36.60513285
2023-12-27 07:55:00,73.63,73.66,73.66,73.66,7.20546367
2023-12-27 07:54:00,73.63,73.68,73.63,73.67,39.38027126
2023-12-27 07:53:00,73.59,73.62,73.59,73.61,16.36805589
2023-12-27 07:52:00,73.6,73.62,73.6,73.62,31.91046372
2023-12-27 07:51:00,73.57,73.65,73.63,73.57,227.03168289
2023-12-27 07:50:00,73.6,73.63,73.6,73.62,1.88964412
2023-12-27 07:49:00,73.58,73.63,73.58,73.61,33.37312648
2023-12-27 07:48:00,73.59,73.63,73.62,73.59,14.24820157
2023-12-27 07:47:00,73.65,73.69,73.69,73.66,2.90110894
2023-12-27 07:46:00,73.7,73.8,73.79,73.71,31.08025741
2023-12-27 07:45:00,73.67,73.79,73.68,73.79,196.22923223
2023-12-27 07:44:00,73.63,73.67,73.63,73.67,43.84309235
2023-12-27 07:43:00,73.61,73.61,73.61,73.61,0.09258219
2023-12-27 07:42:00,73.63,73.65,73.63,73.64,5.06966941
2023-12-27 07:41:00,73.61,73.64,73.61,73.61,4.61105147
2023-12-27 07:40:00,73.59,73.61,73.59,73.61,1.45021288
2023-12-27 07:39:00,73.56,73.6,73.59,73.6,115.38657841
2023-12-27 07:37:00,73.57,73.63,73.6,73.63,52.22197867
2023-12-27 07:36:00,73.59,73.64,73.62,73.61,18.38353506
2023-12-27 07:35:00,73.6,73.64,73.6,73.64,14.10321832
2023-12-27 07:34:00,73.58,73.61,73.61,73.6,17.75934852
2023-12-27 07:33:00,73.52,73.59,73.53,73.59,11.28627985
2023-12-27 07:32:00,73.5,73.54,73.51,73.54,4.03130766
2023-12-27 07:31:00,73.49,73.57,73.56,73.51,20.44788131
2023-12-27 07:30:00,73.49,73.55,73.5,73.55,48.42650665
2023-12-27 07:29:00,73.47,73.51,73.47,73.5,4.84714942
2023-12-27 07:28:00,73.47,73.49,73.48,73.47,15.64213971
2023-12-27 07:27:00,73.38,73.48,73.4,73.48,8.99796984
2023-12-27 07:26:00,73.37,73.41,73.39,73.39,148.82514411
2023-12-27 07:25:00,73.39,73.43,73.43,73.39,16.39017553
2023-12-27 07:24:00,73.39,73.44,73.42,73.43,13.38636499
2023-12-27 07:23:00,73.39,73.46,73.45,73.42,3.37819376
2023-12-27 07:22:00,73.42,73.45,73.45,73.43,53.29192548
2023-12-27 07:21:00,73.44,73.51,73.51,73.44,51.90435356
2023-12-27 07:20:00,73.44,73.48,73.45,73.45,120.67990537
2023-12-27 07:19:00,73.4,73.45,73.43,73.45,39.3509541
2023-12-27 07:18:00,73.41,73.45,73.44,73.44,16.23141033
2023-12-27 07:17:00,73.39,73.43,73.41,73.42,4.80379628
2023-12-27 07:16:00,73.36,73.44,73.43,73.38,253.84233699
2023-12-27 07:15:00,73.44,73.49,73.49,73.44,14.14434303
2023-12-27 07:14:00,73.4,73.47,73.4,73.44,49.28920583
2023-12-27 07:13:00,73.36,73.39,73.39,73.38,20.68919733
2023-12-27 07:12:00,73.37,73.41,73.41,73.39,18.28195863
2023-12-27 07:11:00,73.43,73.57,73.57,73.45,101.86367518
2023-12-27 07:10:00,73.5,73.58,73.5,73.57,16.3761078
2023-12-27 07:09:00,73.51,73.54,73.51,73.51,8.19488481
2023-12-27 07:08:00,73.51,73.57,73.54,73.51,33.07265075
2023-12-27 07:07:00,73.53,73.63,73.63,73.57,16.49213045
2023-12-27 07:06:00,73.59,73.63,73.61,73.62,30.78063703
2023-12-27 07:05:00,73.55,73.62,73.59,73.59,16.71196451
2023-12-27 07:04:00,73.62,73.67,73.67,73.62,35.90521689
2023-12-27 07:03:00,73.67,73.71,73.71,73.7,90.54669411
2023-12-27 07:02:00,73.65,73.74,73.65,73.72,69.64352289
2023-12-27 07:01:00,73.64,73.7,73.66,73.67,30.56844798
2023-12-27 07:00:00,73.64,73.68,73.68,73.67,93.39808466
2023-12-27 06:59:00,73.63,73.69,73.66,73.66,29.81536713
2023-12-27 06:58:00,73.67,73.71,73.67,73.68,22.80300974
2023-12-27 06:57:00,73.56,73.68,73.57,73.68,153.96380495
2023-12-27 06:56:00,73.57,73.61,73.58,73.57,20.69332916
2023-12-27 06:55:00,73.58,73.61,73.58,73.59,34.22626665
2023-12-27 06:54:00,73.54,73.59,73.54,73.58,27.01033903
2023-12-27 06:53:00,73.51,73.53,73.52,73.51,5.99753646
2023-12-27 06:52:00,73.52,73.57,73.54,73.52,13.38746746
2023-12-27 06:51:00,73.52,73.58,73.53,73.57,24.2724365
2023-12-27 06:50:00,73.53,73.58,73.57,73.54,26.73056972
2023-12-27 06:49:00,73.59,73.59,73.59,73.59,14.49633015
2023-12-27 06:48:00,73.47,73.55,73.51,73.55,41.47128504
2023-12-27 06:47:00,73.51,73.53,73.52,73.51,14.21844145
2023-12-27 06:46:00,73.49,73.55,73.54,73.52,88.3212359
2023-12-27 06:45:00,73.5,73.54,73.5,73.54,20.3348345
2023-12-27 06:44:00,73.5,73.55,73.53,73.51,68.52807369
2023-12-27 06:43:00,73.53,73.56,73.54,73.55,22.02542223
2023-12-27 06:42:00,73.5,73.6,73.59,73.51,117.87481542
2023-12-27 06:41:00,73.58,73.64,73.61,73.6,62.97675772
2023-12-27 06:40:00,73.53,73.63,73.55,73.63,448.92699898
2023-12-27 06:39:00,73.54,73.56,73.55,73.55,15.93638405
2023-12-27 06:38:00,73.49,73.54,73.51,73.54,15.09916839
2023-12-27 06:37:00,73.47,73.52,73.5,73.5,66.00484865
2023-12-27 06:36:00,73.49,73.53,73.5,73.5,29.55368872
2023-12-27 06:35:00,73.49,73.52,73.49,73.5,24.31419986
2023-12-27 06:34:00,73.46,73.51,73.47,73.46,138.98896512
2023-12-27 06:33:00,73.45,73.47,73.46,73.47,28.84438109
2023-12-27 06:32:00,73.44,73.48,73.47,73.45,6.78297424
2023-12-27 06:31:00,73.43,73.47,73.43,73.47,41.03157222
2023-12-27 06:30:00,73.4,73.44,73.41,73.44,89.65210343
2023-12-27 06:29:00,73.45,73.51,73.51,73.45,8.83601819
2023-12-27 06:28:00,73.52,73.54,73.54,73.52,28.0259885
2023-12-27 06:27:00,73.5,73.55,73.54,73.53,24.9622462
2023-12-27 06:26:00,73.53,73.56,73.55,73.54,24.62007472
2023-12-27 06:25:00,73.47,73.55,73.47,73.54,24.38666365
2023-12-27 06:24:00,73.46,73.5,73.47,73.46,47.51989373
2023-12-27 06:23:00,73.46,73.54,73.5,73.5,46.74168975
2023-12-27 06:22:00,73.52,73.56,73.56,73.52,414.59981691
2023-12-27 06:21:00,73.57,73.6,73.59,73.58,236.98151202
2023-12-27 06:20:00,73.59,73.63,73.61,73.59,190.0703814
2023-12-27 06:19:00,73.58,73.61,73.58,73.61,3.50824465
2023-12-27 06:18:00,73.57,73.64,73.64,73.58,175.93565409
2023-12-27 06:17:00,73.59,73.68,73.62,73.64,167.88212284
2023-12-27 06:16:00,73.6,73.66,73.65,73.63,297.44516875
2023-12-27 06:15:00,73.64,73.69,73.64,73.65,38.68230166
2023-12-27 06:14:00,73.59,73.64,73.59,73.64,33.32074241
2023-12-27 06:13:00,73.58,73.64,73.64,73.58,47.11952343
2023-12-27 06:12:00,73.58,73.62,73.61,73.62,27.07142383
2023-12-27 06:11:00,73.63,73.67,73.67,73.65,82.55910389
2023-12-27 06:10:00,73.6,73.67,73.66,73.65,384.77330663
2023-12-27 06:09:00,73.6,73.64,73.61,73.63,37.94455546
2023-12-27 06:08:00,73.56,73.61,73.57,73.61,61.6688072
2023-12-27 06:07:00,73.54,73.69,73.69,73.56,135.02700715
2023-12-27 06:06:00,73.65,73.7,73.65,73.67,196.52196069
2023-12-27 06:05:00,73.62,73.68,73.63,73.65,212.20349404
2023-12-27 06:04:00,73.58,73.64,73.6,73.62,15.34331681
2023-12-27 06:03:00,73.53,73.61,73.57,73.6,124.71159736
2023-12-27 06:02:00,73.58,73.67,73.61,73.58,270.21801198
2023-12-27 06:01:00,73.6,73.64,73.61,73.6,11.44131828
2023-12-27 06:00:00,73.57,73.65,73.62,73.59,45.33745424
2023-12-27 05:59:00,73.65,73.73,73.71,73.66,124.44808753
2023-12-27 05:58:00,73.65,73.69,73.67,73.69,48.26783505
2023-12-27 05:57:00,73.56,73.69,73.56,73.69,34.57449347
2023-12-27 05:56:00,73.51,73.6,73.51,73.56,77.61777932
2023-12-27 05:55:00,73.51,73.66,73.64,73.52,100.34990176
2023-12-27 05:54:00,73.5,73.64,73.5,73.64,89.89294968
2023-12-27 05:53:00,73.49,73.53,73.52,73.5,18.26644683
2023-12-27 05:52:00,73.47,73.52,73.51,73.52,26.74979673
2023-12-27 05:51:00,73.38,73.48,73.45,73.48,86.27612321
2023-12-27 05:50:00,73.42,73.52,73.49,73.42,54.7719651
2023-12-27 05:49:00,73.43,73.52,73.51,73.46,103.60966815
2023-12-27 05:48:00,73.43,73.54,73.48,73.54,67.18293722
2023-12-27 05:47:00,73.49,73.64,73.64,73.5,647.94112442
2023-12-27 05:46:00,73.56,73.68,73.56,73.65,88.72103885
2023-12-27 05:45:00,73.48,73.59,73.49,73.56,48.87292178
2023-12-27 05:44:00,73.44,73.54,73.47,73.5,118.8410673
2023-12-27 05:43:00,73.36,73.47,73.47,73.42,131.66567812
2023-12-27 05:42:00,73.3,73.46,73.31,73.43,317.09846388
2023-12-27 05:41:00,73.22,73.34,73.34,73.28,47.25930122
2023-12-27 05:40:00,73.2,73.33,73.28,73.33,62.20213412
2023-12-27 05:39:00,73.17,73.28,73.23,73.28,62.3733404
2023-12-27 05:38:00,73.27,73.42,73.42,73.27,75.54108079
2023-12-27 05:37:00,73.18,73.42,73.18,73.4,219.87463742
2023-12-27 05:36:00,73.14,73.22,73.14,73.17,172.26531436
2023-12-27 05:35:00,73.04,73.21,73.06,73.16,397.60525959
2023-12-27 05:34:00,73.07,73.11,73.1,73.07,23.63624764
2023-12-27 05:33:00,73.08,73.13,73.13,73.08,64.05634716
2023-12-27 05:32:00,73.08,73.16,73.16,73.11,15.78780279
2023-12-27 05:31:00,73.15,73.28,73.24,73.15,9.87397019
2023-12-27 05:30:00,73.08,73.25,73.18,73.25,1.06206407
2023-12-27 05:29:00,73.09,73.27,73.27,73.15,70.89961727
2023-12-27 05:28:00,73.3,73.41,73.4,73.3,90.21699561
2023-12-27 05:27:00,73.21,73.41,73.21,73.4,241.99577744
2023-12-27 05:26:00,73.17,73.24,73.21,73.19,142.65533822
2023-12-27 05:25:00,73.15,73.26,73.25,73.15,60.32410839
2023-12-27 05:24:00,73.18,73.25,73.19,73.25,61.07863146
2023-12-27 05:23:00,73.15,73.22,73.17,73.18,65.34706896
2023-12-27 05:22:00,73.12,73.19,73.15,73.16,106.04180477
2023-12-27 05:21:00,73.04,73.12,73.06,73.12,76.06973764
2023-12-27 05:20:00,73.01,73.07,73.01,73.06,170.58459288
2023-12-27 05:19:00,73.03,73.07,73.03,73.04,47.81727056
2023-12-27 05:18:00,73.01,73.03,73.01,73.03,20.98156555
2023-12-27 05:17:00,72.99,73.12,73.12,72.99,302.80721358
2023-12-27 05:16:00,73.1,73.15,73.13,73.1,7.97404285
2023-12-27 05:15:00,73.1,73.14,73.11,73.14,108.88066666
2023-12-27 05:14:00,73.09,73.13,73.1,73.13,89.67575797
2023-12-27 05:13:00,73.02,73.1,73.07,73.08,158.14134247
2023-12-27 05:12:00,73.02,73.08,73.02,73.08,23.22377915
2023-12-27 05:11:00,72.94,73.04,72.94,73.03,57.11582957
2023-12-27 05:10:00,72.88,72.95,72.88,72.95,43.71345954
2023-12-27 05:09:00,72.78,72.86,72.8,72.84,86.04079073
2023-12-27 05:08:00,72.8,72.92,72.92,72.82,20.6824263
2023-12-27 05:07:00,72.82,72.93,72.84,72.89,59.69769726
2023-12-27 05:06:00,72.82,72.87,72.83,72.83,45.45844998
2023-12-27 05:05:00,72.83,72.88,72.85,72.83,103.20834076
2023-12-27 05:04:00,72.76,72.88,72.87,72.83,63.17689702
2023-12-27 05:03:00,72.82,72.89,72.82,72.89,5.26251865
2023-12-27 05:02:00,72.77,72.81,72.77,72.81,29.52227495
2023-12-27 05:01:00,72.63,72.75,72.64,72.75,18.19678537
2023-12-27 05:00:00,72.62,72.67,72.67,72.65,46.7874297
2023-12-27 04:59:00,72.58,72.68,72.66,72.64,22.87355635
2023-12-27 04:58:00,72.63,72.69,72.63,72.67,12.40542441
2023-12-27 04:57:00,72.61,72.66,72.66,72.62,15.74185983
2023-12-27 04:56:00,72.63,72.68,72.64,72.65,18.98254905
2023-12-27 04:55:00,72.55,72.63,72.55,72.63,29.81939504
2023-12-27 04:54:00,72.47,72.54,72.51,72.53,22.57113089
2023-12-27 04:53:00,72.49,72.54,72.52,72.49,12.12534201
2023-12-27 04:52:00,72.53,72.58,72.54,72.56,248.17662081
2023-12-27 04:51:00,72.54,72.59,72.57,72.54,56.48301224
2023-12-27 04:50:00,72.52,72.58,72.55,72.58,31.2573858
2023-12-27 04:49:00,72.51,72.57,72.54,72.52,91.89485338
2023-12-27 04:48:00,72.54,72.65,72.63,72.54,242.99476809
2023-12-27 04:47:00,72.61,72.66,72.63,72.62,11.49986257
2023-12-27 04:46:00,72.64,72.73,72.73,72.64,115.26622737
2023-12-27 04:45:00,72.73,72.78,72.78,72.76,7.28385796
2023-12-27 04:44:00,72.73,72.77,72.73,72.77,21.95816714
2023-12-27 04:43:00,72.66,72.7,72.69,72.7,17.09002767
2023-12-27 04:42:00,72.7,72.74,72.72,72.7,16.65909461
2023-12-27 04:41:00,72.66,72.71,72.66,72.69,20.18717269
2023-12-27 04:40:00,72.66,72.71,72.71,72.66,2.59729622
2023-12-27 04:39:00,72.65,72.68,72.65,72.68,12.50587253
2023-12-27 04:38:00,72.65,72.72,72.72,72.66,7.69560899
2023-12-27 04:37:00,72.68,72.72,72.7,72.72,24.31899953
2023-12-27 04:36:00,72.65,72.72,72.67,72.68,15.77723713
2023-12-27 04:35:00,72.62,72.67,72.64,72.67,74.07449342
2023-12-27 04:34:00,72.62,72.68,72.66,72.64,19.36711433
2023-12-27 04:33:00,72.63,72.67,72.65,72.66,17.61713015
2023-12-27 04:32:00,72.63,72.71,72.7,72.63,52.58517575
2023-12-27 04:31:00,72.67,72.73,72.72,72.7,50.22456454
2023-12-27 04:30:00,72.73,72.78,72.77,72.77,297.82878609
2023-12-27 04:29:00,72.77,72.81,72.78,72.78,94.6976029
2023-12-27 04:28:00,72.74,72.78,72.74,72.76,49.79769203
2023-12-27 04:27:00,72.72,72.75,72.75,72.73,97.00044848
2023-12-27 04:26:00,72.69,72.75,72.71,72.75,65.60045748
2023-12-27 04:25:00,72.68,72.74,72.73,72.73,57.29804506
2023-12-27 04:24:00,72.69,72.76,72.72,72.73,164.2654559
2023-12-27 04:23:00,72.7,72.71,72.7,72.71,2.26010874
2023-12-27 04:22:00,72.67,72.7,72.67,72.7,46.04915583
2023-12-27 04:21:00,72.61,72.68,72.61,72.67,160.46347757
2023-12-27 04:20:00,72.6,72.66,72.66,72.6,17.52099501
2023-12-27 04:19:00,72.63,72.7,72.7,72.65,16.62379878
2023-12-27 04:18:00,72.65,72.69,72.68,72.69,35.97841308
2023-12-27 04:17:00,72.64,72.73,72.73,72.67,123.89016138
2023-12-27 04:16:00,72.7,72.75,72.72,72.73,175.05718159
2023-12-27 04:15:00,72.63,72.72,72.64,72.72,67.42727098
2023-12-27 04:14:00,72.61,72.65,72.63,72.65,68.45391564
2023-12-27 04:13:00,72.57,72.62,72.6,72.61,87.49652567
2023-12-27 04:12:00,72.59,72.63,72.61,72.63,54.54193659
2023-12-27 04:11:00,72.47,72.59,72.47,72.58,42.53602174
2023-12-27 04:10:00,72.45,72.51,72.49,72.47,68.30150626
2023-12-27 04:09:00,72.51,72.55,72.55,72.53,10.12365261
2023-12-27 04:08:00,72.52,72.54,72.54,72.52,28.66386456
2023-12-27 04:07:00,72.56,72.6,72.56,72.57,23.24959304
2023-12-27 04:06:00,72.54,72.58,72.57,72.57,127.96130029
2023-12-27 04:05:00,72.49,72.57,72.5,72.57,47.36876521
2023-12-27 04:04:00,72.47,72.54,72.47,72.5,7.74861005
2023-12-27 04:03:00,72.43,72.49,72.44,72.49,87.78209178
2023-12-27 04:02:00,72.39,72.46,72.4,72.46,34.07795233
2023-12-27 04:01:00,72.37,72.44,72.39,72.42,76.83182271
2023-12-27 04:00:00,72.34,72.38,72.35,72.38,35.34625809
2023-12-27 03:59:00,72.35,72.37,72.36,72.36,25.73153707
2023-12-27 03:58:00,72.39,72.44,72.4,72.41,73.31074539
2023-12-27 03:57:00,72.39,72.48,72.48,72.4,92.62021456
2023-12-27 03:56:00,72.49,72.55,72.54,72.49,86.33278938
2023-12-27 03:55:00,72.51,72.58,72.56,72.52,35.02635995
2023-12-27 03:54:00,72.54,72.58,72.55,72.56,12.45993232
2023-12-27 03:53:00,72.43,72.53,72.43,72.53,33.50032501
2023-12-27 03:52:00,72.44,72.49,72.49,72.46,47.00021979
2023-12-27 03:51:00,72.35,72.46,72.4,72.46,136.30658212
2023-12-27 03:50:00,72.38,72.5,72.5,72.39,105.18324208
2023-12-27 03:49:00,72.44,72.55,72.52,72.44,26.20889791
2023-12-27 03:48:00,72.53,72.58,72.54,72.53,11.23700542
2023-12-27 03:47:00,72.51,72.61,72.53,72.58,48.49755415
2023-12-27 03:46:00,72.47,72.56,72.5,72.51,41.15327773
2023-12-27 03:45:00,72.52,72.62,72.62,72.53,52.72659984
2023-12-27 03:44:00,72.62,72.66,72.65,72.65,9.21299799
2023-12-27 03:43:00,72.64,72.69,72.67,72.67,42.44393049
2023-12-27 03:42:00,72.68,72.73,72.72,72.68,15.11359195
2023-12-27 03:41:00,72.7,72.74,72.7,72.74,10.62555344
2023-12-27 03:40:00,72.58,72.73,72.61,72.71,44.8044734
2023-12-27 03:39:00,72.59,72.67,72.67,72.59,19.15984775
2023-12-27 03:38:00,72.63,72.67,72.64,72.65,30.99630118
2023-12-27 03:37:00,72.55,72.65,72.56,72.64,35.7034574
2023-12-27 03:36:00,72.52,72.57,72.52,72.57,11.96446448
2023-12-27 03:35:00,72.37,72.5,72.4,72.5,19.81560875
2023-12-27 03:34:00,72.25,72.4,72.28,72.36,70.67369127
2023-12-27 03:33:00,72.08,72.38,72.21,72.31,626.45362876
2023-12-27 03:32:00,72.18,72.28,72.28,72.19,60.52209432
2023-12-27 03:31:00,72.26,72.43,72.43,72.26,82.71189385
2023-12-27 03:30:00,72.42,72.54,72.54,72.44,39.73397897
2023-12-27 03:29:00,72.46,72.5,72.49,72.46,67.7651041
2023-12-27 03:28:00,72.45,72.49,72.46,72.48,33.89713804
2023-12-27 03:27:00,72.35,72.42,72.4,72.42,78.86768952
2023-12-27 03:26:00,72.4,72.52,72.52,72.4,56.18533323
2023-12-27 03:25:00,72.52,72.69,72.69,72.52,33.07122603
2023-12-27 03:24:00,72.68,72.76,72.76,72.75,28.56361286
2023-12-27 03:23:00,72.72,72.81,72.81,72.76,34.89468426
2023-12-27 03:22:00,72.81,72.88,72.88,72.81,24.99211191
2023-12-27 13:22:00,76.59,76.68,76.65,76.6,456.15915993
2023-12-27 13:21:00,76.64,76.7,76.66,76.67,29.25439767
2023-12-27 13:20:00,76.63,76.7,76.67,76.66,251.1013716
2023-12-27 13:19:00,76.63,76.69,76.63,76.67,84.59645293
2023-12-27 13:18:00,76.58,76.67,76.66,76.63,89.05123071
2023-12-27 13:17:00,76.64,76.71,76.69,76.64,119.97370847
2023-12-27 13:16:00,76.66,76.71,76.67,76.69,269.1391491
2023-12-27 13:15:00,76.61,76.73,76.68,76.63,342.61037349
2023-12-27 13:14:00,76.63,76.7,76.69,76.68,153.88468122
2023-12-27 13:13:00,76.47,76.71,76.48,76.7,322.31864034
2023-12-27 13:12:00,76.48,76.56,76.52,76.51,225.9916449
2023-12-27 13:11:00,76.48,76.54,76.49,76.52,136.54583818
2023-12-27 13:10:00,76.48,76.55,76.48,76.5,61.11193674
2023-12-27 13:09:00,76.49,76.54,76.52,76.49,188.1996623
2023-12-27 13:08:00,76.39,76.53,76.44,76.5,107.3362684
2023-12-27 13:07:00,76.42,76.51,76.44,76.45,102.25947145
2023-12-27 13:06:00,76.38,76.52,76.52,76.43,442.63746282
2023-12-27 13:05:00,76.46,76.61,76.48,76.54,593.23677869
2023-12-27 13:04:00,76.37,76.49,76.39,76.46,125.28231583
2023-12-27 13:03:00,76.19,76.41,76.36,76.41,1013.76421322
2023-12-27 13:02:00,76.33,76.54,76.4,76.35,242.50813848
2023-12-27 13:01:00,76.37,76.66,76.56,76.44,1334.9823466
2023-12-27 13:00:00,76.58,76.94,76.84,76.59,1240.76745833
2023-12-27 12:59:00,76.69,76.93,76.82,76.91,269.15862022
2023-12-27 12:58:00,76.74,76.89,76.87,76.84,222.25307471
2023-12-27 12:57:00,76.79,77.12,77.12,76.87,1194.27840716
2023-12-27 12:56:00,76.92,77.14,77.05,77.13,546.41736425
2023-12-27 12:55:00,76.68,77.17,77.15,77.07,2357.22384163
2023-12-27 12:54:00,76.59,77.31,76.59,77.13,7586.39622792
2023-12-27 12:53:00,75.89,76.78,75.91,76.57,17075.59164567
2023-12-27 12:52:00,75.62,75.9,75.64,75.9,179.12889912
2023-12-27 12:51:00,75.62,75.72,75.71,75.64,96.47958592
2023-12-27 12:50:00,75.65,75.74,75.65,75.71,192.9746422
2023-12-27 12:49:00,75.62,75.69,75.63,75.65,92.57862083
2023-12-27 12:48:00,75.64,75.91,75.88,75.64,708.70405981
2023-12-27 12:47:00,75.87,75.89,75.87,75.89,19.85413735
2023-12-27 12:46:00,75.87,75.91,75.91,75.88,26.30401014
2023-12-27 12:45:00,75.86,75.97,75.87,75.93,110.52406753
2023-12-27 12:44:00,75.87,75.9,75.9,75.87,125.04699894
2023-12-27 12:43:00,75.87,76.1,76.1,75.88,229.8700308
2023-12-27 12:42:00,75.9,76.12,75.92,76.1,976.79478939
2023-12-27 12:41:00,75.89,76.2,76.15,75.95,527.16945699
2023-12-27 12:40:00,75.9,76.15,75.9,76.14,965.05749781
2023-12-27 12:39:00,75.87,75.91,75.88,75.9,184.20837206
2023-12-27 12:38:00,75.9,76.0,75.99,75.9,492.35511063
2023-12-27 12:37:00,75.85,76.0,75.99,75.98,336.06735884
2023-12-27 12:36:00,75.89,76.0,75.91,76.0,111.2747601
2023-12-27 12:35:00,75.85,75.96,75.96,75.9,205.71297461
2023-12-27 12:34:00,75.8,75.96,75.86,75.94,1395.71510993
2023-12-27 12:33:00,75.76,75.92,75.76,75.86,483.91433432
2023-12-27 12:32:00,75.58,75.76,75.59,75.76,579.53285921
2023-12-27 12:31:00,75.56,75.62,75.62,75.6,193.44208129
2023-12-27 12:30:00,75.6,75.67,75.67,75.6,59.88817861
2023-12-27 12:29:00,75.66,75.72,75.71,75.68,81.44080856
2023-12-27 12:28:00,75.59,75.7,75.61,75.69,53.21546621
2023-12-27 12:27:00,75.38,75.63,75.38,75.63,360.33539802
2023-12-27 12:26:00,75.35,75.39,75.39,75.36,138.643879
2023-12-27 12:25:00,75.39,75.48,75.42,75.39,152.36810092
2023-12-27 12:24:00,75.41,75.57,75.57,75.41,600.60371448
2023-12-27 12:23:00,75.53,75.58,75.55,75.56,150.58100889
2023-12-27 12:22:00,75.51,75.58,75.55,75.55,351.39850311
2023-12-27 12:21:00,75.52,75.59,75.59,75.54,253.4297563
2023-12-27 12:20:00,75.52,75.59,75.52,75.58,267.25700572
2023-12-27 12:19:00,75.51,75.61,75.55,75.53,270.81191041
2023-12-27 12:18:00,75.49,75.63,75.55,75.57,394.4172759
2023-12-27 12:17:00,75.55,75.92,75.89,75.56,604.06215611
2023-12-27 12:16:00,75.75,75.89,75.78,75.89,426.66713264
2023-12-27 12:15:00,75.5,75.81,75.5,75.79,291.32616577
2023-12-27 12:14:00,75.48,75.71,75.68,75.5,174.94503514
2023-12-27 12:13:00,75.65,75.72,75.69,75.66,207.49243445
2023-12-27 12:12:00,75.66,75.82,75.81,75.69,796.79263831
2023-12-27 12:11:00,75.67,75.81,75.68,75.81,218.00293092
2023-12-27 12:10:00,75.62,75.68,75.63,75.67,293.96112617
2023-12-27 12:09:00,75.62,75.73,75.73,75.62,629.96512715
2023-12-27 12:08:00,75.71,75.73,75.73,75.73,226.75796611
2023-12-27 12:07:00,75.73,75.82,75.82,75.73,1050.2103001
2023-12-27 12:06:00,75.68,75.9,75.73,75.81,6043.8696096
2023-12-27 12:05:00,75.6,75.77,75.6,75.72,1693.02203409
2023-12-27 12:04:00,75.44,75.62,75.44,75.58,346.30776453
2023-12-27 12:03:00,75.34,75.47,75.34,75.47,65.10031522
2023-12-27 12:02:00,75.22,75.35,75.22,75.35,169.57737811
2023-12-27 12:01:00,75.2,75.29,75.28,75.22,175.54645641
2023-12-27 12:00:00,75.26,75.29,75.28,75.28,88.31159825
2023-12-27 11:59:00,75.32,75.38,75.35,75.32,107.18643846
2023-12-27 11:58:00,75.34,75.47,75.47,75.35,111.10727545
2023-12-27 11:57:00,75.44,75.5,75.44,75.49,117.55474529
2023-12-27 11:56:00,75.4,75.46,75.4,75.46,99.13747012
2023-12-27 11:55:00,75.15,75.35,75.19,75.33,28.83175515
2023-12-27 11:54:00,75.15,75.23,75.15,75.19,58.65278688
2023-12-27 11:53:00,75.18,75.37,75.37,75.18,253.08163499
2023-12-27 11:52:00,75.34,75.42,75.4,75.34,160.43283268
2023-12-27 11:51:00,75.32,75.4,75.37,75.4,70.59439346
2023-12-27 11:50:00,75.27,75.37,75.28,75.36,254.78861311
2023-12-27 11:49:00,75.27,75.34,75.32,75.28,116.31467167
2023-12-27 11:48:00,75.32,75.36,75.35,75.32,297.70493458
2023-12-27 11:47:00,75.32,75.42,75.42,75.32,55.58107893
2023-12-27 11:46:00,75.41,75.43,75.42,75.41,53.5491993
2023-12-27 11:45:00,75.46,75.55,75.55,75.46,252.13325173
2023-12-27 11:44:00,75.56,75.61,75.61,75.56,55.73448622
2023-12-27 11:43:00,75.55,75.62,75.57,75.61,54.67775854
2023-12-27 11:42:00,75.46,75.56,75.46,75.56,230.33197363
2023-12-27 11:41:00,75.42,75.46,75.44,75.45,173.65795991
2023-12-27 11:40:00,75.28,75.46,75.28,75.46,207.46905823
2023-12-27 11:39:00,75.2,75.29,75.2,75.29,341.50151129
2023-12-27 11:38:00,75.15,75.2,75.19,75.18,110.78226884
2023-12-27 11:37:00,75.19,75.26,75.26,75.19,189.52997525
2023-12-27 11:36:00,75.19,75.31,75.19,75.26,249.01372525
2023-12-27 11:35:00,75.13,75.15,75.13,75.15,9.14647219
2023-12-27 11:34:00,75.1,75.14,75.13,75.14,230.34618208
2023-12-27 11:33:00,75.09,75.13,75.13,75.12,19.61790917
2023-12-27 11:32:00,75.06,75.14,75.06,75.12,147.37829737
2023-12-27 11:31:00,75.0,75.08,75.0,75.08,70.7194908
2023-12-27 11:30:00,75.03,75.09,75.09,75.05,64.30340668
2023-12-27 11:29:00,75.07,75.09,75.07,75.09,54.27661355
2023-12-27 11:28:00,75.03,75.07,75.06,75.07,68.59447001
2023-12-27 11:27:00,75.01,75.1,75.01,75.08,83.43457951
2023-12-27 11:26:00,75.0,75.1,75.1,75.0,76.74443724
2023-12-27 11:25:00,75.09,75.11,75.11,75.1,19.14734824
2023-12-27 11:24:00,74.98,75.14,74.98,75.13,171.64186063
2023-12-27 11:23:00,74.98,75.05,75.02,74.99,47.92294205
2023-12-27 11:22:00,74.9,75.04,75.04,75.01,172.84332218
2023-12-27 11:21:00,74.86,75.06,74.86,75.04,473.91336938
2023-12-27 11:20:00,74.8,74.87,74.81,74.87,64.79810088
2023-12-27 11:19:00,74.77,74.87,74.77,74.82,155.46995645
2023-12-27 11:18:00,74.71,74.87,74.87,74.75,140.66504336
2023-12-27 11:17:00,74.77,74.87,74.77,74.87,39.11935498
2023-12-27 11:16:00,74.7,74.82,74.7,74.81,156.51873436
2023-12-27 11:15:00,74.7,74.85,74.84,74.7,85.51276459
2023-12-27 11:14:00,74.77,74.84,74.81,74.84,117.12847389
2023-12-27 11:13:00,74.79,74.84,74.83,74.8,102.79677197
2023-12-27 11:12:00,74.78,74.86,74.78,74.83,51.90391057
2023-12-27 11:11:00,74.62,74.78,74.76,74.76,193.02747559
2023-12-27 11:10:00,74.73,74.87,74.83,74.76,448.4524907
2023-12-27 11:09:00,74.78,74.83,74.83,74.83,107.57421815
2023-12-27 11:08:00,74.82,74.9,74.88,74.86,25.57778167
2023-12-27 11:07:00,74.87,74.98,74.96,74.87,193.87227767
2023-12-27 11:06:00,74.9,75.02,74.92,75.02,140.77855718
2023-12-27 11:05:00,74.93,75.02,75.01,74.93,128.56966756
2023-12-27 11:04:00,75.0,75.06,75.04,75.01,23.3738914
2023-12-27 11:03:00,74.94,75.03,74.97,75.03,68.57656574
2023-12-27 11:02:00,74.99,75.06,75.06,74.99,102.86578049
2023-12-27 11:01:00,75.08,75.15,75.15,75.08,54.8505609
2023-12-27 11:00:00,75.15,75.32,75.32,75.15,233.21937216
2023-12-27 10:59:00,75.2,75.32,75.24,75.32,82.5350385
2023-12-27 10:58:00,75.2,75.27,75.27,75.24,73.97635654
2023-12-27 10:57:00,75.13,75.25,75.23,75.25,807.634295
2023-12-27 10:56:00,75.2,75.23,75.22,75.23,75.36533762
2023-12-27 10:55:00,75.2,75.23,75.2,75.23,33.37997114
2023-12-27 10:54:00,75.2,75.3,75.28,75.21,40.99077863
2023-12-27 10:53:00,75.22,75.28,75.23,75.28,82.35384938
2023-12-27 10:52:00,75.28,75.39,75.38,75.28,51.02754445
2023-12-27 10:51:00,75.39,75.52,75.48,75.41,54.2064636
2023-12-27 10:50:00,75.45,75.59,75.55,75.48,155.15651697
2023-12-27 10:49:00,75.42,75.59,75.48,75.59,50.27592813
2023-12-27 10:48:00,75.45,75.49,75.45,75.49,30.42214179
2023-12-27 10:47:00,75.4,75.46,75.4,75.45,56.99827329
2023-12-27 10:46:00,75.22,75.41,75.22,75.38,200.04348183
2023-12-27 10:45:00,75.2,75.28,75.27,75.2,197.88440262
2023-12-27 10:44:00,75.11,75.3,75.11,75.27,332.23756462
2023-12-27 10:43:00,75.06,75.1,75.07,75.09,58.93706194
2023-12-27 10:42:00,75.09,75.22,75.22,75.09,108.74316617
2023-12-27 10:41:00,75.09,75.2,75.09,75.18,285.61707535
2023-12-27 10:40:00,75.08,75.14,75.11,75.1,218.55815258
2023-12-27 10:39:00,75.11,75.14,75.12,75.12,86.59375194
2023-12-27 10:38:00,75.12,75.29,75.29,75.13,212.53316013
2023-12-27 10:37:00,75.29,75.39,75.38,75.29,142.3395144
2023-12-27 10:36:00,75.4,75.42,75.41,75.4,87.28380746
2023-12-27 10:35:00,75.34,75.49,75.34,75.39,868.44363815
2023-12-27 10:34:00,75.33,75.38,75.38,75.35,131.28911873
2023-12-27 10:33:00,75.36,75.39,75.36,75.38,108.42920115
2023-12-27 10:32:00,75.35,75.44,75.44,75.35,336.30993937
2023-12-27 10:31:00,75.37,75.42,75.39,75.42,44.86172634
2023-12-27 10:30:00,75.35,75.44,75.44,75.43,29.36577575
2023-12-27 10:29:00,75.29,75.45,75.32,75.45,283.81736531
2023-12-27 10:28:00,75.22,75.36,75.25,75.32,537.76318344
2023-12-27 10:27:00,75.24,75.32,75.29,75.26,387.57892955
2023-12-27 10:26:00,75.27,75.31,75.31,75.3,39.27416106
2023-12-27 10:25:00,75.36,75.44,75.42,75.36,281.95513356
2023-12-27 10:24:00,75.35,75.46,75.35,75.4,665.58293192
2023-12-27 10:23:00,75.39,75.51,75.46,75.39,153.0895247
2023-12-27 10:22:00,75.47,75.51,75.48,75.47,36.96318508
2023-12-27 10:21:00,75.43,75.49,75.45,75.49,35.84068539
2023-12-27 10:20:00,75.41,75.48,75.41,75.48,53.82948508
2023-12-27 10:19:00,75.4,75.46,75.43,75.4,79.56740006
2023-12-27 10:18:00,75.38,75.43,75.38,75.42,13.26469958
2023-12-27 10:17:00,75.3,75.36,75.35,75.36,2.1331078
2023-12-27 10:16:00,75.23,75.35,75.23,75.31,136.91469423
2023-12-27 10:15:00,75.17,75.23,75.18,75.21,162.3996143
2023-12-27 10:14:00,75.18,75.24,75.24,75.18,35.18840058
2023-12-27 10:13:00,75.28,75.36,75.36,75.28,140.67584541
2023-12-27 10:12:00,75.32,75.36,75.33,75.32,72.43483166
2023-12-27 10:11:00,75.27,75.34,75.34,75.34,29.11552372
2023-12-27 10:10:00,75.31,75.36,75.36,75.32,47.38494046
2023-12-27 10:09:00,75.32,75.67,75.66,75.4,1103.50683331
2023-12-27 10:08:00,75.41,75.63,75.41,75.63,651.47128572
2023-12-27 10:07:00,75.33,75.52,75.52,75.41,1222.42857067
2023-12-27 10:06:00,75.42,75.65,75.42,75.53,1310.30087467
2023-12-27 10:05:00,75.25,75.39,75.36,75.39,652.79034594
2023-12-27 10:04:00,75.29,75.38,75.38,75.34,168.54586429
2023-12-27 10:03:00,75.38,75.43,75.43,75.4,141.91400627
2023-12-27 10:02:00,75.27,75.44,75.44,75.41,420.7897724
2023-12-27 10:01:00,75.44,75.47,75.46,75.44,102.1276677
2023-12-27 10:00:00,75.46,75.5,75.46,75.48,188.95742503
2023-12-27 09:59:00,75.41,75.5,75.45,75.46,534.57836255
2023-12-27 09:58:00,75.39,75.47,75.43,75.45,861.24102346
2023-12-27 09:57:00,75.39,75.46,75.41,75.42,242.00097872
2023-12-27 09:56:00,75.42,75.44,75.44,75.42,43.2486439
2023-12-27 09:55:00,75.33,75.46,75.33,75.46,117.58193662
2023-12-27 09:54:00,75.31,75.38,75.34,75.33,298.67286918
2023-12-27 09:53:00,75.31,75.42,75.42,75.37,73.50410508
2023-12-27 09:52:00,75.4,75.57,75.51,75.4,121.65597726
2023-12-27 09:51:00,75.5,75.62,75.54,75.51,195.49807378
2023-12-27 09:50:00,75.36,75.54,75.47,75.54,417.95577001
2023-12-27 09:49:00,75.44,75.5,75.44,75.47,327.16832762
2023-12-27 09:48:00,75.44,75.49,75.46,75.44,341.59928339
2023-12-27 09:47:00,75.37,75.5,75.44,75.46,1482.35185388
2023-12-27 09:46:00,75.28,75.49,75.37,75.45,347.70641005
2023-12-27 09:45:00,75.28,75.41,75.31,75.37,649.02813757
2023-12-27 09:44:00,75.05,75.32,75.11,75.29,384.84880593
2023-12-27 09:43:00,75.1,75.13,75.1,75.12,47.5344017
2023-12-27 09:42:00,75.02,75.1,75.02,75.1,21.87807215
2023-12-27 09:41:00,75.0,75.1,75.1,75.02,252.73353369
2023-12-27 09:40:00,75.09,75.15,75.13,75.1,424.69657779
2023-12-27 09:39:00,75.03,75.12,75.09,75.11,142.32766902
2023-12-27 09:38:00,74.99,75.07,75.0,75.07,225.58389146
2023-12-27 09:37:00,74.94,74.99,74.94,74.99,79.82080282
2023-12-27 09:36:00,74.9,74.96,74.92,74.96,63.69352199
2023-12-27 09:35:00,74.88,74.95,74.88,74.92,85.31262491
2023-12-27 09:34:00,74.86,74.9,74.89,74.88,45.572065
2023-12-27 09:33:00,74.82,74.92,74.82,74.91,43.24588161
2023-12-27 09:32:00,74.81,74.88,74.88,74.81,18.53101267
2023-12-27 09:31:00,74.87,74.89,74.88,74.88,18.49006717
2023-12-27 09:30:00,74.91,74.95,74.93,74.93,32.5716639
2023-12-27 09:29:00,74.79,74.96,74.79,74.93,262.07094758
2023-12-27 09:28:00,74.7,74.83,74.7,74.75,879.2416084
2023-12-27 09:27:00,74.67,74.71,74.7,74.67,7.00662286
2023-12-27 09:26:00,74.66,74.75,74.66,74.69,131.19165496
2023-12-27 09:25:00,74.66,74.75,74.72,74.66,19.65236298
2023-12-27 09:24:00,74.65,74.77,74.69,74.69,193.04204929
2023-12-27 09:23:00,74.57,74.71,74.57,74.71,30.90523016
2023-12-27 09:22:00,74.56,74.64,74.59,74.56,25.92451182
2023-12-27 09:21:00,74.48,74.57,74.51,74.57,149.80252607
2023-12-27 09:20:00,74.43,74.66,74.66,74.43,74.70554511
2023-12-27 09:19:00,74.61,74.7,74.66,74.7,109.14748494
2023-12-27 09:18:00,74.51,74.64,74.51,74.64,27.27824695
2023-12-27 09:17:00,74.43,74.47,74.46,74.47,4.29500144
2023-12-27 09:16:00,74.38,74.52,74.38,74.51,652.90886755
2023-12-27 09:15:00,74.27,74.36,74.36,74.34,68.44400866
2023-12-27 09:14:00,74.34,74.37,74.35,74.35,20.45485891
2023-12-27 09:13:00,74.31,74.38,74.38,74.33,331.93443768
2023-12-27 09:12:00,74.37,74.37,74.37,74.37,1.39507696
2023-12-27 09:11:00,74.39,74.44,74.44,74.42,3.22973373
2023-12-27 09:10:00,74.39,74.46,74.46,74.41,4.39339499
2023-12-27 09:09:00,74.44,74.49,74.47,74.44,111.28826114
2023-12-27 09:08:00,74.39,74.49,74.45,74.48,324.49451446
2023-12-27 09:07:00,74.45,74.48,74.48,74.45,55.26883583
2023-12-27 09:06:00,74.42,74.47,74.43,74.43,141.524969
2023-12-27 09:05:00,74.43,74.66,74.64,74.44,882.42524553
2023-12-27 09:04:00,74.55,74.68,74.55,74.64,307.99117661
2023-12-27 09:03:00,74.51,74.63,74.51,74.55,559.2316225
2023-12-27 09:02:00,74.36,74.5,74.37,74.5,765.93888266
2023-12-27 09:01:00,74.32,74.39,74.34,74.39,107.89092115
2023-12-27 09:00:00,74.25,74.33,74.33,74.32,147.44624916
2023-12-27 08:59:00,74.32,74.37,74.36,74.32,39.99886966
2023-12-27 08:58:00,74.32,74.42,74.41,74.33,841.28925178
2023-12-27 08:57:00,74.36,74.48,74.48,74.42,176.84792789
2023-12-27 08:56:00,74.48,74.52,74.5,74.5,74.37665617
2023-12-27 08:55:00,74.52,74.58,74.57,74.55,57.81304627
2023-12-27 08:54:00,74.47,74.58,74.55,74.58,521.46580734
2023-12-27 08:53:00,74.51,74.59,74.54,74.56,15.83249284
2023-12-27 08:52:00,74.45,74.55,74.53,74.55,80.99080306
2023-12-27 08:51:00,74.53,74.59,74.58,74.53,34.81151848
2023-12-27 08:50:00,74.41,74.61,74.41,74.58,136.29153113
2023-12-27 08:49:00,74.33,74.41,74.38,74.4,95.18117926
2023-12-27 08:48:00,74.37,74.78,74.65,74.37,706.69478434
2023-12-27 08:47:00,74.55,74.7,74.7,74.58,215.34232611
2023-12-27 08:46:00,74.54,74.72,74.56,74.7,29.95587788
2023-12-27 08:45:00,74.47,74.62,74.49,74.54,261.72417358
2023-12-27 08:44:00,74.35,74.51,74.49,74.48,606.0906823
2023-12-27 08:43:00,74.44,74.51,74.46,74.5,80.33022592
2023-12-27 08:42:00,74.47,74.56,74.55,74.47,42.74235853
2023-12-27 08:41:00,74.55,74.66,74.62,74.55,57.502972
2023-12-27 08:40:00,74.51,74.79,74.79,74.62,313.63168673
2023-12-27 08:39:00,74.62,75.14,75.13,74.78,2101.5665159
2023-12-27 08:38:00,75.08,75.25,75.21,75.11,265.84115853
2023-12-27 08:37:00,75.1,75.25,75.1,75.21,1095.92525685
2023-12-27 08:36:00,74.96,75.1,74.98,75.09,1683.81569888
2023-12-27 08:35:00,74.84,74.99,74.87,74.95,723.89331844
2023-12-27 08:34:00,74.78,74.97,74.82,74.85,619.5321357
2023-12-27 08:33:00,74.7,74.84,74.84,74.82,228.04781471
2023-12-27 08:32:00,74.61,74.8,74.73,74.8,197.71396225
2023-12-27 08:31:00,74.73,74.83,74.77,74.78,320.50499182
2023-12-27 08:30:00,74.51,74.84,74.52,74.8,3440.01143334
2023-12-27 08:29:00,74.43,74.56,74.44,74.52,1371.46940596
2023-12-27 08:28:00,74.26,74.45,74.26,74.43,193.74737712
2023-12-27 08:27:00,74.28,74.41,74.28,74.29,3174.46678097
2023-12-27 08:26:00,74.14,74.28,74.14,74.27,98.53132963
2023-12-27 08:25:00,74.13,74.28,74.13,74.19,459.10218294
2023-12-27 08:24:00,73.95,74.14,74.12,74.12,1390.07090928
2023-12-27 08:23:00,74.02,74.15,74.03,74.15,92.87625841
2023-12-27 08:22:00,74.02,74.05,74.03,74.05,15.46326583
2023-12-27 18:22:00,75.13,75.24,75.15,75.21,208.83055685
2023-12-27 18:21:00,75.12,75.24,75.13,75.15,142.6557161
2023-12-27 18:20:00,75.04,75.16,75.08,75.14,333.30094852
2023-12-27 18:19:00,74.98,75.07,75.01,75.07,139.40643259
2023-12-27 18:18:00,75.0,75.04,75.01,75.03,261.30526712
2023-12-27 18:17:00,75.0,75.25,75.16,75.02,544.45491419
2023-12-27 18:16:00,75.1,75.3,75.27,75.15,238.5934723
2023-12-27 18:15:00,75.08,75.28,75.1,75.28,110.96308395
2023-12-27 18:14:00,75.08,75.22,75.19,75.09,426.80005438
2023-12-27 18:13:00,75.19,75.25,75.23,75.19,110.45903042
2023-12-27 18:12:00,75.2,75.38,75.37,75.22,276.27676034
2023-12-27 18:11:00,75.35,75.39,75.38,75.38,26.60677796
2023-12-27 18:10:00,75.4,75.48,75.48,75.42,206.13528072
2023-12-27 18:09:00,75.44,75.51,75.49,75.48,141.76281934
2023-12-27 18:08:00,75.49,75.58,75.56,75.51,402.58045955
2023-12-27 18:07:00,75.54,75.65,75.65,75.54,206.62013097
2023-12-27 18:06:00,75.63,75.7,75.69,75.65,336.21825627
2023-12-27 18:05:00,75.6,75.69,75.61,75.69,51.82633848
2023-12-27 18:04:00,75.55,75.61,75.59,75.61,246.75067963
2023-12-27 18:03:00,75.57,75.61,75.6,75.59,60.552744
2023-12-27 18:02:00,75.49,75.59,75.51,75.59,148.64208123
2023-12-27 18:01:00,75.48,75.51,75.49,75.49,249.94831171
2023-12-27 18:00:00,75.44,75.5,75.45,75.49,478.17452426
2023-12-27 17:59:00,75.41,75.48,75.43,75.45,448.89396028
2023-12-27 17:58:00,75.39,75.47,75.47,75.43,200.5031183
2023-12-27 17:57:00,75.43,75.47,75.44,75.47,27.45102476
2023-12-27 17:56:00,75.35,75.43,75.35,75.43,169.56929794
2023-12-27 17:55:00,75.32,75.35,75.33,75.35,329.06609032
2023-12-27 17:54:00,75.28,75.33,75.28,75.33,199.87243855
2023-12-27 17:53:00,75.26,75.28,75.27,75.28,347.50237034
2023-12-27 17:52:00,75.2,75.27,75.2,75.27,784.9177808
2023-12-27 17:51:00,75.21,75.25,75.22,75.21,198.18197243
2023-12-27 17:50:00,75.2,75.24,75.2,75.22,691.4789459
2023-12-27 17:49:00,75.18,75.21,75.19,75.19,812.08477995
2023-12-27 17:48:00,75.12,75.19,75.17,75.19,1163.61407004
2023-12-27 17:47:00,75.13,75.18,75.13,75.18,1140.56667523
2023-12-27 17:46:00,75.11,75.16,75.16,75.12,1249.40686852
2023-12-27 17:45:00,75.11,75.17,75.14,75.17,2722.19732362
2023-12-27 17:44:00,75.14,75.19,75.17,75.14,1547.0395609
2023-12-27 17:43:00,75.13,75.19,75.19,75.17,1941.27494726
2023-12-27 17:42:00,75.2,75.31,75.29,75.2,2620.68476758
2023-12-27 17:41:00,75.28,75.36,75.36,75.31,644.26455624
2023-12-27 17:40:00,75.32,75.39,75.32,75.35,314.91021224
2023-12-27 17:39:00,75.19,75.32,75.24,75.31,97.84691084
2023-12-27 17:38:00,75.21,75.27,75.26,75.23,24.14451075
2023-12-27 17:37:00,75.25,75.32,75.32,75.26,41.56254519
2023-12-27 17:36:00,75.3,75.34,75.31,75.32,203.2264038
2023-12-27 17:35:00,75.31,75.38,75.35,75.31,43.97818602
2023-12-27 17:34:00,75.27,75.35,75.29,75.35,317.71763916
2023-12-27 17:33:00,75.25,75.3,75.25,75.29,85.01526297
2023-12-27 17:32:00,75.14,75.26,75.14,75.26,150.90688219
2023-12-27 17:31:00,75.06,75.18,75.18,75.1,438.21073868
2023-12-27 17:30:00,75.05,75.2,75.06,75.17,226.55021824
2023-12-27 17:29:00,74.99,75.09,75.07,75.06,44.08480595
2023-12-27 17:28:00,74.95,75.07,75.0,75.07,283.63464146
2023-12-27 17:27:00,75.01,75.11,75.01,75.06,41.30696199
2023-12-27 17:26:00,75.02,75.1,75.08,75.03,196.75479372
2023-12-27 17:25:00,75.0,75.19,75.16,75.06,140.85725042
2023-12-27 17:24:00,75.16,75.26,75.2,75.17,669.88194263
2023-12-27 17:23:00,75.14,75.22,75.19,75.21,192.81218876
2023-12-27 17:22:00,75.17,75.29,75.21,75.17,139.51624731
2023-12-27 17:21:00,75.21,75.28,75.24,75.22,122.5559226
2023-12-27 17:20:00,75.21,75.31,75.29,75.22,193.13459896
2023-12-27 17:19:00,75.25,75.32,75.32,75.28,221.53779857
2023-12-27 17:18:00,75.22,75.31,75.26,75.31,214.87370933
2023-12-27 17:17:00,75.12,75.26,75.14,75.25,131.57091606
2023-12-27 17:16:00,75.07,75.19,75.1,75.12,237.46098296
2023-12-27 17:15:00,75.11,75.28,75.28,75.12,203.46507667
2023-12-27 17:14:00,75.27,75.37,75.29,75.27,394.3639575
2023-12-27 17:13:00,75.21,75.29,75.24,75.29,131.66347859
2023-12-27 17:12:00,75.24,75.39,75.36,75.24,407.16134467
2023-12-27 17:11:00,75.35,75.45,75.44,75.39,157.24378304
2023-12-27 17:10:00,75.43,75.55,75.49,75.43,138.41545606
2023-12-27 17:09:00,75.47,75.55,75.55,75.47,66.31069669
2023-12-27 17:08:00,75.52,75.57,75.54,75.55,162.30921269
2023-12-27 17:07:00,75.52,75.6,75.59,75.55,79.59276345
2023-12-27 17:06:00,75.56,75.62,75.56,75.61,480.59770134
2023-12-27 17:05:00,75.46,75.57,75.5,75.57,66.53921643
2023-12-27 17:04:00,75.44,75.52,75.48,75.5,165.11289835
2023-12-27 17:03:00,75.47,75.56,75.56,75.49,49.07121678
2023-12-27 17:02:00,75.53,75.59,75.57,75.54,146.42800885
2023-12-27 17:01:00,75.57,75.61,75.57,75.57,112.64000074
2023-12-27 17:00:00,75.48,75.62,75.48,75.55,307.31131985
2023-12-27 16:59:00,75.4,75.45,75.41,75.45,56.36779043
2023-12-27 16:58:00,75.27,75.41,75.31,75.41,417.48956863
2023-12-27 16:57:00,75.28,75.36,75.36,75.3,51.3090171
2023-12-27 16:56:00,75.32,75.38,75.36,75.37,215.14753652
2023-12-27 16:55:00,75.32,75.39,75.34,75.35,264.63925343
2023-12-27 16:54:00,75.32,75.41,75.33,75.34,221.32412628
2023-12-27 16:53:00,75.24,75.36,75.24,75.32,162.44059288
2023-12-27 16:52:00,75.22,75.33,75.32,75.22,308.66125124
2023-12-27 16:51:00,75.3,75.36,75.32,75.32,33.35102682
2023-12-27 16:50:00,75.32,75.44,75.43,75.32,155.31322736
2023-12-27 16:49:00,75.32,75.44,75.43,75.44,213.12811925
2023-12-27 16:48:00,75.39,75.49,75.48,75.43,237.37122955
2023-12-27 16:47:00,75.48,75.59,75.56,75.48,99.75826208
2023-12-27 16:46:00,75.52,75.59,75.52,75.57,153.58625455
2023-12-27 16:45:00,75.51,75.57,75.54,75.53,67.80806599
2023-12-27 16:44:00,75.52,75.56,75.55,75.56,193.48373361
2023-12-27 16:43:00,75.51,75.69,75.6,75.54,238.67730358
2023-12-27 16:42:00,75.53,75.62,75.53,75.61,748.73974292
2023-12-27 16:41:00,75.4,75.54,75.4,75.54,64.7218262
2023-12-27 16:40:00,75.38,75.48,75.44,75.39,174.21943121
2023-12-27 16:39:00,75.43,75.52,75.48,75.45,148.64959793
2023-12-27 16:38:00,75.48,75.62,75.52,75.49,983.25551357
2023-12-27 16:37:00,75.5,75.59,75.54,75.52,276.14013965
2023-12-27 16:36:00,75.53,75.63,75.6,75.54,147.29213116
2023-12-27 16:35:00,75.59,75.74,75.74,75.63,148.9991503
2023-12-27 16:34:00,75.69,75.82,75.73,75.74,432.52220833
2023-12-27 16:33:00,75.69,75.77,75.75,75.75,325.13423422
2023-12-27 16:32:00,75.72,75.79,75.74,75.78,255.79651613
2023-12-27 16:31:00,75.64,75.76,75.68,75.76,235.91094478
2023-12-27 16:30:00,75.56,75.69,75.62,75.67,329.23006014
2023-12-27 16:29:00,75.55,75.63,75.6,75.63,573.86881995
2023-12-27 16:28:00,75.58,75.67,75.59,75.61,266.34534886
2023-12-27 16:27:00,75.44,75.6,75.49,75.55,161.58738222
2023-12-27 16:26:00,75.49,75.62,75.6,75.49,482.31710265
2023-12-27 16:25:00,75.52,75.58,75.56,75.56,282.05143908
2023-12-27 16:24:00,75.56,75.72,75.71,75.56,167.73602408
2023-12-27 16:23:00,75.64,75.75,75.75,75.65,222.49249287
2023-12-27 16:22:00,75.69,75.77,75.72,75.74,130.41548818
2023-12-27 16:21:00,75.72,75.84,75.8,75.74,128.25851149
2023-12-27 16:20:00,75.66,75.84,75.67,75.8,363.6440283
2023-12-27 16:19:00,75.55,75.68,75.6,75.67,221.10083682
2023-12-27 16:18:00,75.49,75.67,75.59,75.63,182.81050252
2023-12-27 16:17:00,75.58,75.71,75.64,75.58,303.4752767
2023-12-27 16:16:00,75.6,75.67,75.64,75.64,182.78609569
2023-12-27 16:15:00,75.48,75.62,75.48,75.62,108.26241354
2023-12-27 16:14:00,75.4,75.53,75.4,75.48,522.22777068
2023-12-27 16:13:00,75.33,75.41,75.37,75.38,55.81131519
2023-12-27 16:12:00,75.35,75.45,75.43,75.35,179.92328198
2023-12-27 16:11:00,75.41,75.46,75.46,75.43,12.7896896
2023-12-27 16:10:00,75.44,75.53,75.47,75.48,221.98699703
2023-12-27 16:09:00,75.45,75.49,75.49,75.47,436.73840074
2023-12-27 16:08:00,75.46,75.55,75.53,75.49,242.41574078
2023-12-27 16:07:00,75.47,75.54,75.52,75.52,104.50258268
2023-12-27 16:06:00,75.5,75.7,75.62,75.5,285.33651122
2023-12-27 16:05:00,75.55,75.63,75.62,75.61,103.72169805
2023-12-27 16:04:00,75.61,75.69,75.68,75.62,185.04483965
2023-12-27 16:03:00,75.61,75.66,75.66,75.65,23.24229987
2023-12-27 16:02:00,75.51,75.7,75.53,75.7,270.76962335
2023-12-27 16:01:00,75.49,75.58,75.58,75.51,110.80083714
2023-12-27 16:00:00,75.58,75.65,75.58,75.62,250.61708744
2023-12-27 15:59:00,75.51,75.61,75.53,75.56,140.77194857
2023-12-27 15:58:00,75.51,75.58,75.56,75.53,242.32792324
2023-12-27 15:57:00,75.53,75.65,75.61,75.55,211.61335376
2023-12-27 15:56:00,75.6,75.67,75.67,75.64,224.41102364
2023-12-27 15:55:00,75.63,75.7,75.64,75.69,84.13941783
2023-12-27 15:54:00,75.53,75.62,75.55,75.6,138.17207906
2023-12-27 15:53:00,75.47,75.6,75.57,75.58,210.69183471
2023-12-27 15:52:00,75.56,75.62,75.57,75.57,167.11377288
2023-12-27 15:51:00,75.56,75.7,75.7,75.57,79.50916007
2023-12-27 15:50:00,75.69,75.79,75.72,75.71,349.36985785
2023-12-27 15:49:00,75.62,75.74,75.62,75.7,259.21535604
2023-12-27 15:48:00,75.62,75.82,75.81,75.62,192.44763419
2023-12-27 15:47:00,75.81,75.84,75.82,75.81,52.4610343
2023-12-27 15:46:00,75.73,75.8,75.75,75.79,256.78034594
2023-12-27 15:45:00,75.7,75.81,75.78,75.74,103.26908687
2023-12-27 15:44:00,75.71,75.79,75.72,75.77,199.78752216
2023-12-27 15:43:00,75.7,75.8,75.8,75.73,205.33306515
2023-12-27 15:42:00,75.79,75.86,75.83,75.8,243.46961658
2023-12-27 15:41:00,75.73,75.88,75.78,75.84,125.80350298
2023-12-27 15:40:00,75.72,75.78,75.73,75.78,179.66268344
2023-12-27 15:39:00,75.69,75.75,75.71,75.75,223.15708774
2023-12-27 15:38:00,75.52,75.68,75.53,75.68,271.70799509
2023-12-27 15:37:00,75.48,75.54,75.52,75.5,63.67481135
2023-12-27 15:36:00,75.43,75.52,75.45,75.52,224.84594582
2023-12-27 15:35:00,75.33,75.49,75.34,75.42,314.06702817
2023-12-27 15:34:00,75.34,75.48,75.38,75.34,240.8913507
2023-12-27 15:33:00,75.35,75.49,75.37,75.38,411.22994855
2023-12-27 15:32:00,75.34,75.49,75.47,75.34,573.94551019
2023-12-27 15:31:00,75.4,75.46,75.44,75.44,203.06749623
2023-12-27 15:30:00,75.35,75.44,75.42,75.44,169.6750129
2023-12-27 15:29:00,75.29,75.41,75.33,75.39,149.07163773
2023-12-27 15:28:00,75.32,75.41,75.39,75.34,237.14323972
2023-12-27 15:27:00,75.36,75.46,75.4,75.41,302.60326504
2023-12-27 15:26:00,75.33,75.47,75.42,75.46,205.50199316
2023-12-27 15:25:00,75.29,75.46,75.3,75.45,291.79797577
2023-12-27 15:24:00,75.2,75.4,75.38,75.27,1257.43685804
2023-12-27 15:23:00,75.3,75.41,75.36,75.37,263.20343958
2023-12-27 15:22:00,75.28,75.47,75.31,75.4,373.78114135
2023-12-27 15:21:00,75.28,75.42,75.42,75.29,166.92833678
2023-12-27 15:20:00,75.43,75.57,75.51,75.43,431.43728368
2023-12-27 15:19:00,75.39,75.57,75.41,75.53,904.70590192
2023-12-27 15:18:00,75.41,75.58,75.53,75.41,308.43957304
2023-12-27 15:17:00,75.47,75.58,75.5,75.5,226.62912855
2023-12-27 15:16:00,75.41,75.69,75.69,75.49,786.70646493
2023-12-27 15:15:00,75.57,75.79,75.57,75.69,466.98409662
2023-12-27 15:14:00,75.49,75.6,75.51,75.56,96.20065146
2023-12-27 15:13:00,75.34,75.53,75.49,75.51,889.86986804
2023-12-27 15:12:00,75.43,75.61,75.5,75.45,193.31772463
2023-12-27 15:11:00,75.46,75.66,75.66,75.46,95.71601449
2023-12-27 15:10:00,75.58,75.68,75.61,75.67,18.20559833
2023-12-27 15:09:00,75.5,75.64,75.5,75.63,34.53440627
2023-12-27 15:08:00,75.32,75.65,75.59,75.45,1800.59318659
2023-12-27 15:07:00,75.42,75.57,75.56,75.57,390.74290032
2023-12-27 15:06:00,75.5,75.66,75.66,75.56,357.10027355
2023-12-27 15:05:00,75.69,75.86,75.77,75.72,70.68861673
2023-12-27 15:04:00,75.68,75.88,75.88,75.76,153.19530722
2023-12-27 15:03:00,75.88,75.96,75.96,75.88,169.93680516
2023-12-27 15:02:00,75.87,75.97,75.87,75.97,90.43450141
2023-12-27 15:01:00,75.74,75.82,75.76,75.82,60.23322588
2023-12-27 15:00:00,75.65,75.78,75.71,75.78,78.15153301
2023-12-27 14:59:00,75.67,75.76,75.73,75.72,77.08055558
2023-12-27 14:58:00,75.67,75.76,75.7,75.75,67.10991221
2023-12-27 14:57:00,75.62,75.81,75.77,75.7,129.1546348
2023-12-27 14:56:00,75.71,75.84,75.84,75.76,189.46716008
2023-12-27 14:55:00,75.79,75.88,75.82,75.86,325.90578714
2023-12-27 14:54:00,75.85,75.95,75.87,75.86,280.18597021
2023-12-27 14:53:00,75.79,76.0,76.0,75.81,103.29137715
2023-12-27 14:52:00,75.99,76.08,75.99,76.02,127.92175034
2023-12-27 14:51:00,75.92,76.02,76.02,75.94,691.1000919
2023-12-27 14:50:00,75.93,76.05,75.98,75.99,206.9354221
2023-12-27 14:49:00,75.92,76.0,75.96,75.95,93.96510414
2023-12-27 14:48:00,75.93,76.05,75.93,75.96,61.81481724
2023-12-27 14:47:00,75.91,76.17,76.14,76.03,415.04287344
2023-12-27 14:46:00,75.93,76.12,75.99,76.12,161.36746437
2023-12-27 14:45:00,75.95,76.03,76.0,75.97,91.13974258
2023-12-27 14:44:00,75.94,76.01,75.96,76.01,25.20495832
2023-12-27 14:43:00,75.96,76.03,75.98,75.96,160.72207973
2023-12-27 14:42:00,75.93,76.01,76.0,75.99,56.32882141
2023-12-27 14:41:00,75.96,76.1,76.1,76.01,32.14537019
2023-12-27 14:40:00,76.03,76.14,76.07,76.08,121.59718209
2023-12-27 14:39:00,75.95,76.1,75.98,76.04,92.06539322
2023-12-27 14:38:00,75.89,76.04,75.89,75.99,64.96010452
2023-12-27 14:37:00,75.87,76.08,76.08,75.87,112.69282124
2023-12-27 14:36:00,75.86,76.09,75.9,76.09,30.54012021
2023-12-27 14:35:00,75.85,76.06,76.01,75.88,66.13313036
2023-12-27 14:34:00,75.91,76.02,75.98,75.99,75.70918907
2023-12-27 14:33:00,75.95,76.08,76.02,75.96,144.35087831
2023-12-27 14:32:00,75.98,76.11,76.0,76.11,54.16211805
2023-12-27 14:31:00,75.72,75.92,75.79,75.9,86.94534393
2023-12-27 14:30:00,75.55,75.79,75.55,75.78,213.46848816
2023-12-27 14:29:00,75.48,75.58,75.54,75.5,189.01072552
2023-12-27 14:28:00,75.46,75.62,75.6,75.47,697.0250719
2023-12-27 14:27:00,75.54,75.91,75.91,75.59,162.23907002
2023-12-27 14:26:00,75.7,75.86,75.75,75.83,126.41643301
2023-12-27 14:25:00,75.74,75.92,75.91,75.74,102.20129693
2023-12-27 14:24:00,75.88,76.06,76.03,75.93,64.53099837
2023-12-27 14:23:00,75.99,76.18,76.18,75.99,175.91033499
2023-12-27 14:22:00,76.17,76.26,76.26,76.17,91.12324259
2023-12-27 14:21:00,76.13,76.3,76.13,76.25,367.32565445
2023-12-27 14:20:00,76.14,76.31,76.28,76.14,900.19364793
2023-12-27 14:19:00,76.23,76.3,76.23,76.28,60.05862873
2023-12-27 14:18:00,76.23,76.31,76.31,76.25,87.11715745
2023-12-27 14:17:00,76.21,76.29,76.21,76.29,68.80680059
2023-12-27 14:16:00,76.2,76.3,76.26,76.2,38.56722932
2023-12-27 14:15:00,76.14,76.26,76.15,76.25,156.1634819
2023-12-27 14:14:00,76.07,76.18,76.15,76.12,329.1097459
2023-12-27 14:13:00,76.06,76.23,76.06,76.19,474.11497585
2023-12-27 14:12:00,76.01,76.13,76.01,76.08,44.8322729
2023-12-27 14:11:00,75.97,76.1,76.1,76.03,228.66607754
2023-12-27 14:10:00,75.85,76.11,75.89,76.11,74.11161397
2023-12-27 14:09:00,75.74,75.88,75.75,75.88,105.32750921
2023-12-27 14:08:00,75.74,75.85,75.84,75.74,188.23513143
2023-12-27 14:07:00,75.7,75.83,75.74,75.8,223.07218362
2023-12-27 14:06:00,75.65,75.73,75.7,75.73,334.59706756
2023-12-27 14:05:00,75.68,75.81,75.81,75.69,301.30547914
2023-12-27 14:04:00,75.8,75.98,75.95,75.83,218.24494599
2023-12-27 14:03:00,75.9,76.01,75.92,76.01,292.81748716
2023-12-27 14:02:00,75.84,75.95,75.95,75.9,169.78505572
2023-12-27 14:01:00,75.9,75.96,75.96,75.94,62.18620934
2023-12-27 14:00:00,75.94,76.01,75.94,75.98,599.70874372
2023-12-27 13:59:00,75.86,76.02,76.01,75.92,532.85093813
2023-12-27 13:58:00,75.88,76.03,76.03,75.98,62.86075679
2023-12-27 13:57:00,75.9,76.05,75.92,76.04,395.35978843
2023-12-27 13:56:00,75.88,75.96,75.95,75.92,72.19409389
2023-12-27 13:55:00,75.92,76.0,75.93,75.95,64.08355844
2023-12-27 13:54:00,75.87,76.02,75.95,75.93,296.88023919
2023-12-27 13:53:00,75.93,76.01,75.97,75.98,231.35438131
2023-12-27 13:52:00,75.97,76.07,75.98,75.97,421.21077102
2023-12-27 13:51:00,75.97,76.04,76.04,75.97,207.32879653
2023-12-27 13:50:00,76.04,76.21,76.15,76.04,271.63056493
2023-12-27 13:49:00,76.12,76.27,76.19,76.15,128.70444583
2023-12-27 13:48:00,76.19,76.27,76.27,76.19,95.96882831
2023-12-27 13:47:00,76.28,76.34,76.3,76.28,122.10281565
2023-12-27 13:46:00,76.12,76.31,76.13,76.31,95.58537679
2023-12-27 13:45:00,76.09,76.19,76.15,76.12,194.43851077
2023-12-27 13:44:00,76.11,76.26,76.24,76.14,530.62996905
2023-12-27 13:43:00,76.23,76.36,76.34,76.23,35.98990875
2023-12-27 13:42:00,76.27,76.35,76.32,76.34,132.14993895
2023-12-27 13:41:00,76.2,76.32,76.2,76.32,312.43379356
2023-12-27 13:40:00,76.21,76.34,76.32,76.22,106.97282209
2023-12-27 13:39:00,76.26,76.38,76.38,76.31,62.88710637
2023-12-27 13:38:00,76.27,76.37,76.29,76.37,74.11392499
2023-12-27 13:37:00,76.14,76.29,76.14,76.26,362.37287001
2023-12-27 13:36:00,76.06,76.28,76.28,76.14,596.81550509
2023-12-27 13:35:00,76.27,76.44,76.41,76.27,231.41885644
2023-12-27 13:34:00,76.39,76.51,76.51,76.4,80.57990617
2023-12-27 13:33:00,76.49,76.55,76.55,76.51,70.41146748
2023-12-27 13:32:00,76.54,76.58,76.54,76.54,41.40634498
2023-12-27 13:31:00,76.46,76.6,76.6,76.55,186.33635757
2023-12-27 13:30:00,76.54,76.69,76.69,76.59,281.70399841
2023-12-27 13:29:00,76.59,76.71,76.6,76.7,106.33922524
2023-12-27 13:28:00,76.6,76.68,76.68,76.61,101.8284707
2023-12-27 13:27:00,76.49,76.76,76.5,76.67,197.92313407
2023-12-27 13:26:00,76.49,76.56,76.52,76.5,156.47311999
2023-12-27 13:25:00,76.47,76.54,76.48,76.52,552.8157341
2023-12-27 13:24:00,76.46,76.53,76.51,76.46,669.86612904
2023-12-27 13:23:00,76.48,76.6,76.6,76.51,228.78918088
2023-12-27 13:22:00,76.59,76.68,76.65,76.6,456.15915993
2023-12-27 23:22:00,75.33,75.45,75.38,75.38,105.63593388
2023-12-27 23:21:00,75.38,75.47,75.4,75.39,577.85423541
2023-12-27 23:20:00,75.33,75.43,75.4,75.4,619.53988458
2023-12-27 23:19:00,75.39,75.45,75.41,75.4,37.26180797
2023-12-27 23:18:00,75.4,75.58,75.58,75.41,54.41578249
2023-12-27 23:17:00,75.59,75.63,75.61,75.59,21.22802011
2023-12-27 23:16:00,75.54,75.65,75.65,75.63,134.16806233
2023-12-27 23:15:00,75.41,75.64,75.47,75.64,203.12217746
2023-12-27 23:14:00,75.33,75.48,75.36,75.48,276.93270097
2023-12-27 23:13:00,75.23,75.36,75.23,75.36,319.28308928
2023-12-27 23:12:00,75.16,75.23,75.2,75.23,56.64691917
2023-12-27 23:11:00,75.15,75.23,75.2,75.19,981.6928502
2023-12-27 23:10:00,75.18,75.22,75.19,75.2,12.95952153
2023-12-27 23:09:00,75.18,75.23,75.18,75.19,49.84258078
2023-12-27 23:08:00,75.14,75.22,75.21,75.19,39.34200817
2023-12-27 23:07:00,75.21,75.38,75.34,75.23,187.53589908
2023-12-27 23:06:00,75.24,75.35,75.24,75.33,30.74556241
2023-12-27 23:05:00,75.19,75.26,75.24,75.26,32.64804161
2023-12-27 23:04:00,75.19,75.26,75.21,75.26,53.17472224
2023-12-27 23:03:00,75.16,75.21,75.2,75.18,31.49205006
2023-12-27 23:02:00,75.18,75.22,75.22,75.21,53.2937887
2023-12-27 23:01:00,75.17,75.2,75.19,75.2,50.71792364
2023-12-27 23:00:00,75.06,75.21,75.06,75.19,231.99761811
2023-12-27 22:59:00,75.0,75.08,75.08,75.02,136.61735549
2023-12-27 22:58:00,75.08,75.12,75.12,75.08,226.25467481
2023-12-27 22:57:00,75.02,75.14,75.04,75.12,132.98440083
2023-12-27 22:56:00,74.98,75.19,75.19,75.04,1115.96570935
2023-12-27 22:55:00,75.18,75.26,75.25,75.18,883.00024968
2023-12-27 22:54:00,75.25,75.31,75.3,75.25,91.4658443
2023-12-27 22:53:00,75.3,75.36,75.36,75.31,156.51544641
2023-12-27 22:52:00,75.36,75.37,75.36,75.36,39.07749666
2023-12-27 22:51:00,75.35,75.37,75.35,75.35,97.39528434
2023-12-27 22:50:00,75.34,75.36,75.36,75.35,12.6924148
2023-12-27 22:49:00,75.34,75.36,75.35,75.35,181.88400169
2023-12-27 22:48:00,75.33,75.35,75.33,75.35,29.17319167
2023-12-27 22:47:00,75.33,75.35,75.34,75.33,97.39022474
2023-12-27 22:46:00,75.25,75.36,75.25,75.33,195.82844054
2023-12-27 22:45:00,75.25,75.27,75.26,75.25,206.84432875
2023-12-27 22:44:00,75.26,75.28,75.26,75.26,285.25830714
2023-12-27 22:43:00,75.27,75.3,75.3,75.27,595.17522693
2023-12-27 22:42:00,75.29,75.3,75.29,75.29,178.61546303
2023-12-27 22:41:00,75.29,75.34,75.33,75.29,78.2337859
2023-12-27 22:40:00,75.33,75.36,75.36,75.33,21.51286528
2023-12-27 22:39:00,75.29,75.32,75.29,75.32,93.88978409
2023-12-27 22:38:00,75.23,75.29,75.23,75.29,498.78790911
2023-12-27 22:37:00,75.21,75.24,75.21,75.24,103.58653579
2023-12-27 22:36:00,75.21,75.25,75.25,75.21,754.13095263
2023-12-27 22:35:00,75.25,75.28,75.27,75.25,680.24292459
2023-12-27 22:34:00,75.27,75.3,75.28,75.27,356.88259664
2023-12-27 22:33:00,75.29,75.39,75.32,75.29,1817.58050553
2023-12-27 22:32:00,75.21,75.31,75.21,75.31,2615.02012357
2023-12-27 22:31:00,75.11,75.21,75.11,75.21,663.26888962
2023-12-27 22:30:00,74.98,75.06,74.98,75.04,29.42712259
2023-12-27 22:29:00,74.95,75.14,75.14,75.0,392.93464647
2023-12-27 22:28:00,75.09,75.16,75.1,75.16,40.80556966
2023-12-27 22:27:00,75.11,75.24,75.24,75.11,40.18030294
2023-12-27 22:26:00,75.25,75.3,75.28,75.26,107.99977074
2023-12-27 22:25:00,75.24,75.26,75.26,75.26,27.77440511
2023-12-27 22:24:00,75.25,75.36,75.35,75.25,64.97257308
2023-12-27 22:23:00,75.33,75.38,75.37,75.35,145.94937849
2023-12-27 22:22:00,75.34,75.38,75.37,75.34,71.78849362
2023-12-27 22:21:00,75.33,75.37,75.33,75.37,11.42532764
2023-12-27 22:20:00,75.31,75.37,75.37,75.33,10.34867876
2023-12-27 22:19:00,75.37,75.45,75.45,75.37,52.36975314
2023-12-27 22:18:00,75.43,75.46,75.44,75.43,17.94674902
2023-12-27 22:17:00,75.42,75.46,75.44,75.43,40.25873771
2023-12-27 22:16:00,75.43,75.5,75.49,75.44,161.3734467
2023-12-27 22:15:00,75.41,75.48,75.42,75.48,93.07923222
2023-12-27 22:14:00,75.38,75.46,75.38,75.43,112.46796607
2023-12-27 22:13:00,75.33,75.43,75.33,75.39,179.23306767
2023-12-27 22:12:00,75.32,75.39,75.39,75.33,100.6663438
2023-12-27 22:11:00,75.36,75.39,75.36,75.39,41.20408132
2023-12-27 22:10:00,75.29,75.38,75.29,75.34,603.49188252
2023-12-27 22:09:00,75.29,75.34,75.34,75.29,110.7582902
2023-12-27 22:08:00,75.3,75.34,75.3,75.34,79.76349636
2023-12-27 22:07:00,75.27,75.34,75.34,75.29,23.56544945
2023-12-27 22:06:00,75.31,75.34,75.31,75.33,39.16515912
2023-12-27 22:05:00,75.24,75.31,75.25,75.31,242.37596958
2023-12-27 22:04:00,75.22,75.25,75.25,75.24,20.55533972
2023-12-27 22:03:00,75.19,75.25,75.21,75.25,99.4841538
2023-12-27 22:02:00,75.18,75.21,75.2,75.18,76.31591098
2023-12-27 22:01:00,75.17,75.2,75.18,75.2,54.26914432
2023-12-27 22:00:00,75.11,75.17,75.11,75.17,26.63936436
2023-12-27 21:59:00,75.08,75.16,75.16,75.12,402.28888919
2023-12-27 21:58:00,75.11,75.16,75.14,75.15,59.24321257
2023-12-27 21:57:00,75.05,75.13,75.05,75.13,49.78107169
2023-12-27 21:56:00,75.03,75.1,75.09,75.03,431.21559505
2023-12-27 21:55:00,75.08,75.14,75.14,75.09,67.78586106
2023-12-27 21:54:00,75.14,75.18,75.17,75.15,55.2960626
2023-12-27 21:53:00,75.12,75.19,75.16,75.18,436.17446852
2023-12-27 21:52:00,75.13,75.18,75.17,75.17,431.16529081
2023-12-27 21:51:00,75.1,75.18,75.1,75.17,375.73865231
2023-12-27 21:50:00,75.06,75.18,75.18,75.11,95.36745297
2023-12-27 21:49:00,75.17,75.21,75.2,75.18,36.41447243
2023-12-27 21:48:00,75.17,75.29,75.25,75.2,424.8177583
2023-12-27 21:47:00,75.24,75.29,75.25,75.24,52.64691447
2023-12-27 21:46:00,75.23,75.28,75.25,75.24,129.49458545
2023-12-27 21:45:00,75.18,75.27,75.18,75.26,89.26550999
2023-12-27 21:44:00,75.18,75.28,75.27,75.19,70.16515792
2023-12-27 21:43:00,75.25,75.31,75.27,75.27,257.07349453
2023-12-27 21:42:00,75.17,75.34,75.19,75.26,1147.16805513
2023-12-27 21:41:00,74.91,75.21,74.93,75.17,2440.4812326
2023-12-27 21:40:00,74.9,74.94,74.92,74.93,175.06975175
2023-12-27 21:39:00,74.91,74.96,74.95,74.93,162.86279327
2023-12-27 21:38:00,74.95,75.0,75.0,74.96,133.8079864
2023-12-27 21:37:00,74.95,75.0,74.96,75.0,84.59268133
2023-12-27 21:36:00,74.9,74.96,74.93,74.96,91.92106904
2023-12-27 21:35:00,74.91,74.94,74.91,74.93,275.04886323
2023-12-27 21:34:00,74.9,74.91,74.9,74.91,39.3389965
2023-12-27 21:33:00,74.87,74.9,74.89,74.89,15.44453392
2023-12-27 21:32:00,74.86,74.9,74.89,74.87,86.14284369
2023-12-27 21:31:00,74.86,74.9,74.86,74.87,228.78154554
2023-12-27 21:30:00,74.83,74.88,74.83,74.86,258.0155425
2023-12-27 21:29:00,74.82,74.86,74.85,74.83,131.09390234
2023-12-27 21:28:00,74.84,74.89,74.84,74.84,163.48921942
2023-12-27 21:27:00,74.83,74.88,74.87,74.83,57.34176826
2023-12-27 21:26:00,74.76,74.87,74.76,74.86,105.73553922
2023-12-27 21:25:00,74.76,74.94,74.93,74.77,554.41080902
2023-12-27 21:24:00,74.91,74.98,74.98,74.93,101.26644002
2023-12-27 21:23:00,74.94,75.03,75.02,74.98,145.36344424
2023-12-27 21:22:00,74.91,75.05,74.91,75.03,149.8839882
2023-12-27 21:21:00,74.78,75.04,75.03,74.89,822.4768035
2023-12-27 21:20:00,75.03,75.06,75.06,75.04,43.35248638
2023-12-27 21:19:00,75.01,75.07,75.07,75.05,87.81589275
2023-12-27 21:18:00,75.03,75.1,75.05,75.03,208.62544051
2023-12-27 21:17:00,75.01,75.07,75.07,75.04,47.98738763
2023-12-27 21:16:00,75.04,75.1,75.1,75.07,466.16269479
2023-12-27 21:15:00,74.99,75.12,74.99,75.08,222.30282246
2023-12-27 21:14:00,74.97,75.16,75.15,75.0,949.40576719
2023-12-27 21:13:00,75.14,75.19,75.19,75.16,49.742397
2023-12-27 21:12:00,75.17,75.27,75.25,75.2,637.39324216
2023-12-27 21:11:00,75.2,75.26,75.23,75.26,363.5564607
2023-12-27 21:10:00,75.12,75.24,75.13,75.23,966.06163515
2023-12-27 21:09:00,75.1,75.84,75.84,75.14,9375.83395494
2023-12-27 21:08:00,75.79,75.85,75.8,75.84,149.27976025
2023-12-27 21:07:00,75.77,75.83,75.8,75.79,22.04615783
2023-12-27 21:06:00,75.76,75.84,75.76,75.82,458.31729849
2023-12-27 21:05:00,75.67,75.78,75.67,75.75,50.66513841
2023-12-27 21:04:00,75.66,75.75,75.68,75.66,160.01246728
2023-12-27 21:03:00,75.7,75.79,75.77,75.7,143.60425651
2023-12-27 21:02:00,75.76,75.83,75.81,75.76,144.72893945
2023-12-27 21:01:00,75.74,75.81,75.74,75.8,34.1511665
2023-12-27 21:00:00,75.72,75.77,75.77,75.75,118.94264106
2023-12-27 20:59:00,75.75,75.8,75.79,75.78,598.28935443
2023-12-27 20:58:00,75.79,75.82,75.82,75.81,146.58110727
2023-12-27 20:57:00,75.81,75.85,75.83,75.83,246.93449512
2023-12-27 20:56:00,75.77,75.85,75.78,75.82,195.92268357
2023-12-27 20:55:00,75.73,75.8,75.78,75.78,98.90088586
2023-12-27 20:54:00,75.74,75.81,75.74,75.78,346.8865866
2023-12-27 20:53:00,75.71,75.75,75.72,75.73,63.42504
2023-12-27 20:52:00,75.65,75.73,75.68,75.72,143.36184633
2023-12-27 20:51:00,75.65,75.73,75.69,75.67,87.61698682
2023-12-27 20:50:00,75.67,75.8,75.74,75.68,572.80614279
2023-12-27 20:49:00,75.7,75.85,75.85,75.74,272.8575049
2023-12-27 20:48:00,75.82,75.89,75.87,75.85,321.75927798
2023-12-27 20:47:00,75.86,75.92,75.87,75.88,242.73589939
2023-12-27 20:46:00,75.81,75.9,75.82,75.87,822.5437881
2023-12-27 20:45:00,75.78,75.83,75.79,75.83,54.49255333
2023-12-27 20:44:00,75.75,75.81,75.76,75.79,152.94714421
2023-12-27 20:43:00,75.72,75.77,75.73,75.76,105.77057218
2023-12-27 20:42:00,75.71,75.75,75.71,75.71,286.94262238
2023-12-27 20:41:00,75.68,75.71,75.68,75.7,105.83148894
2023-12-27 20:40:00,75.64,75.7,75.7,75.68,234.12054553
2023-12-27 20:39:00,75.67,75.71,75.67,75.7,69.95772606
2023-12-27 20:38:00,75.64,75.7,75.67,75.68,299.20250731
2023-12-27 20:37:00,75.63,75.68,75.66,75.68,101.77949808
2023-12-27 20:36:00,75.59,75.68,75.59,75.65,242.25288624
2023-12-27 20:35:00,75.55,75.6,75.59,75.59,61.62236782
2023-12-27 20:34:00,75.55,75.6,75.58,75.59,205.74656116
2023-12-27 20:33:00,75.51,75.59,75.51,75.58,71.90010198
2023-12-27 20:32:00,75.5,75.56,75.52,75.52,158.93724915
2023-12-27 20:31:00,75.52,75.56,75.55,75.53,127.52491503
2023-12-27 20:30:00,75.5,75.58,75.54,75.56,192.90709112
2023-12-27 20:29:00,75.53,75.57,75.53,75.53,27.49922093
2023-12-27 20:28:00,75.5,75.54,75.5,75.53,168.5929625
2023-12-27 20:27:00,75.47,75.53,75.47,75.51,392.20673407
2023-12-27 20:26:00,75.43,75.51,75.5,75.47,332.16314099
2023-12-27 20:25:00,75.47,75.52,75.52,75.5,227.21054861
2023-12-27 20:24:00,75.54,75.58,75.58,75.55,211.94278683
2023-12-27 20:23:00,75.53,75.59,75.56,75.58,51.2626506
2023-12-27 20:22:00,75.53,75.6,75.58,75.57,58.45561735
2023-12-27 20:21:00,75.41,75.59,75.41,75.56,74.04296674
2023-12-27 20:20:00,75.34,75.41,75.36,75.4,209.48278741
2023-12-27 20:19:00,75.35,75.38,75.36,75.36,40.35959681
2023-12-27 20:18:00,75.36,75.43,75.4,75.36,202.15229437
2023-12-27 20:17:00,75.4,75.44,75.44,75.41,23.24537658
2023-12-27 20:16:00,75.42,75.46,75.42,75.44,153.86181736
2023-12-27 20:15:00,75.43,75.48,75.46,75.43,91.17650083
2023-12-27 20:14:00,75.45,75.51,75.49,75.46,165.40902224
2023-12-27 20:13:00,75.45,75.5,75.48,75.49,67.33691318
2023-12-27 20:12:00,75.49,75.55,75.51,75.49,122.34013177
2023-12-27 20:11:00,75.46,75.51,75.46,75.51,31.99122911
2023-12-27 20:10:00,75.48,75.56,75.53,75.48,144.63364517
2023-12-27 20:09:00,75.52,75.56,75.55,75.53,28.07289656
2023-12-27 20:08:00,75.5,75.56,75.54,75.56,189.8959267
2023-12-27 20:07:00,75.51,75.54,75.51,75.54,24.53328902
2023-12-27 20:06:00,75.46,75.51,75.46,75.5,151.79032062
2023-12-27 20:05:00,75.42,75.45,75.42,75.45,58.34866436
2023-12-27 20:04:00,75.4,75.43,75.4,75.42,115.16950037
2023-12-27 20:03:00,75.37,75.42,75.42,75.41,438.35765628
2023-12-27 20:02:00,75.41,75.44,75.41,75.43,145.7640286
2023-12-27 20:01:00,75.39,75.42,75.41,75.41,27.41044229
2023-12-27 20:00:00,75.38,75.43,75.39,75.38,222.19522886
2023-12-27 19:59:00,75.35,75.4,75.37,75.39,84.18389765
2023-12-27 19:58:00,75.35,75.38,75.37,75.38,132.53005343
2023-12-27 19:57:00,75.31,75.37,75.31,75.37,5.78185766
2023-12-27 19:56:00,75.32,75.4,75.37,75.32,119.08426255
2023-12-27 19:55:00,75.37,75.44,75.43,75.38,99.34531677
2023-12-27 19:54:00,75.37,75.41,75.39,75.41,173.89788484
2023-12-27 19:53:00,75.32,75.39,75.32,75.38,29.34919365
2023-12-27 19:52:00,75.28,75.35,75.29,75.34,243.60950936
2023-12-27 19:51:00,75.26,75.29,75.26,75.29,42.80624052
2023-12-27 19:50:00,75.24,75.28,75.25,75.24,127.14885255
2023-12-27 19:49:00,75.22,75.28,75.28,75.25,72.59516451
2023-12-27 19:48:00,75.27,75.32,75.29,75.29,217.0233694
2023-12-27 19:47:00,75.29,75.32,75.31,75.3,31.05683317
2023-12-27 19:46:00,75.3,75.35,75.3,75.31,155.9605339
2023-12-27 19:45:00,75.28,75.33,75.33,75.29,45.06786793
2023-12-27 19:44:00,75.3,75.33,75.32,75.33,125.95328937
2023-12-27 19:43:00,75.32,75.37,75.35,75.32,14.26499928
2023-12-27 19:42:00,75.38,75.46,75.43,75.39,246.49093698
2023-12-27 19:41:00,75.42,75.48,75.43,75.42,86.35020337
2023-12-27 19:40:00,75.42,75.47,75.45,75.42,175.78693387
2023-12-27 19:39:00,75.45,75.49,75.48,75.45,11.85125789
2023-12-27 19:38:00,75.48,75.54,75.51,75.49,206.49658236
2023-12-27 19:37:00,75.49,75.54,75.53,75.51,82.70809256
2023-12-27 19:36:00,75.51,75.54,75.52,75.53,55.87212728
2023-12-27 19:35:00,75.5,75.52,75.5,75.52,49.85647312
2023-12-27 19:34:00,75.48,75.53,75.53,75.5,169.46487266
2023-12-27 19:33:00,75.45,75.52,75.48,75.52,52.73397783
2023-12-27 19:32:00,75.45,75.5,75.48,75.46,156.06711315
2023-12-27 19:31:00,75.45,75.5,75.5,75.48,23.09766931
2023-12-27 19:30:00,75.43,75.5,75.46,75.49,450.38768679
2023-12-27 19:29:00,75.46,75.49,75.48,75.47,18.9950973
2023-12-27 19:28:00,75.44,75.49,75.46,75.48,246.16573763
2023-12-27 19:27:00,75.38,75.48,75.42,75.48,101.12287776
2023-12-27 19:26:00,75.35,75.42,75.37,75.42,162.77546126
2023-12-27 19:25:00,75.33,75.37,75.33,75.37,61.4321591
2023-12-27 19:24:00,75.31,75.37,75.33,75.32,139.11465355
2023-12-27 19:23:00,75.31,75.36,75.31,75.31,50.95660633
2023-12-27 19:22:00,75.31,75.35,75.33,75.32,373.11223121
2023-12-27 19:21:00,75.29,75.34,75.3,75.33,29.40401872
2023-12-27 19:20:00,75.3,75.35,75.35,75.32,302.28790815
2023-12-27 19:19:00,75.35,75.38,75.36,75.35,124.89179135
2023-12-27 19:18:00,75.33,75.38,75.33,75.36,166.59576762
2023-12-27 19:17:00,75.3,75.34,75.3,75.33,47.57470366
2023-12-27 19:16:00,75.27,75.33,75.27,75.29,157.79898358
2023-12-27 19:15:00,75.21,75.27,75.24,75.26,104.77628272
2023-12-27 19:14:00,75.19,75.27,75.26,75.24,296.47331226
2023-12-27 19:13:00,75.25,75.33,75.32,75.25,19.18907443
2023-12-27 19:12:00,75.31,75.37,75.35,75.32,142.81101106
2023-12-27 19:11:00,75.34,75.38,75.35,75.35,20.67746511
2023-12-27 19:10:00,75.35,75.48,75.46,75.36,294.86346132
2023-12-27 19:09:00,75.44,75.47,75.45,75.46,96.86131082
2023-12-27 19:08:00,75.45,75.52,75.52,75.45,171.4551294
2023-12-27 19:07:00,75.51,75.53,75.51,75.51,36.38595532
2023-12-27 19:06:00,75.5,75.55,75.5,75.51,358.65991457
2023-12-27 19:05:00,75.48,75.52,75.5,75.48,16.44173432
2023-12-27 19:04:00,75.51,75.57,75.56,75.51,151.23110241
2023-12-27 19:03:00,75.48,75.59,75.49,75.54,243.29962692
2023-12-27 19:02:00,75.47,75.49,75.48,75.48,180.37758852
2023-12-27 19:01:00,75.4,75.51,75.48,75.47,98.59775054
2023-12-27 19:00:00,75.44,75.5,75.48,75.49,145.55230237
2023-12-27 18:59:00,75.47,75.53,75.51,75.48,153.32960547
2023-12-27 18:58:00,75.5,75.57,75.57,75.5,237.75299025
2023-12-27 18:57:00,75.49,75.55,75.49,75.55,96.48476161
2023-12-27 18:56:00,75.44,75.49,75.45,75.49,147.05232337
2023-12-27 18:55:00,75.43,75.47,75.45,75.43,103.52282275
2023-12-27 18:54:00,75.42,75.46,75.43,75.46,159.75985303
2023-12-27 18:53:00,75.41,75.44,75.42,75.44,43.12684958
2023-12-27 18:52:00,75.39,75.43,75.41,75.42,126.22442989
2023-12-27 18:51:00,75.37,75.43,75.43,75.42,169.20185859
2023-12-27 18:50:00,75.37,75.43,75.39,75.43,145.15297599
2023-12-27 18:49:00,75.32,75.39,75.37,75.39,233.15763431
2023-12-27 18:48:00,75.25,75.36,75.27,75.36,334.17899082
2023-12-27 18:47:00,75.26,75.32,75.31,75.28,34.87011675
2023-12-27 18:46:00,75.28,75.36,75.29,75.33,355.65498191
2023-12-27 18:45:00,75.26,75.31,75.27,75.31,259.69949526
2023-12-27 18:44:00,75.25,75.29,75.29,75.26,58.51936027
2023-12-27 18:43:00,75.2,75.29,75.2,75.28,536.7120262
2023-12-27 18:42:00,75.2,75.26,75.26,75.21,147.88469343
2023-12-27 18:41:00,75.24,75.32,75.32,75.26,101.667748
2023-12-27 18:40:00,75.3,75.33,75.31,75.32,128.50262945
2023-12-27 18:39:00,75.3,75.34,75.34,75.31,9.80001077
2023-12-27 18:38:00,75.31,75.34,75.31,75.34,142.9127665
2023-12-27 18:37:00,75.31,75.37,75.34,75.32,84.12071603
2023-12-27 18:36:00,75.28,75.35,75.33,75.34,246.67056888
2023-12-27 18:35:00,75.26,75.35,75.26,75.32,456.07008457
2023-12-27 18:34:00,75.22,75.26,75.22,75.26,163.2364668
2023-12-27 18:33:00,75.13,75.2,75.2,75.15,56.78891935
2023-12-27 18:32:00,75.2,75.23,75.22,75.2,124.62657104
2023-12-27 18:31:00,75.19,75.24,75.2,75.22,97.36300487
2023-12-27 18:30:00,75.15,75.21,75.15,75.21,161.83372596
2023-12-27 18:29:00,75.13,75.22,75.21,75.13,235.54151474
2023-12-27 18:28:00,75.07,75.23,75.08,75.19,940.93056045
2023-12-27 18:27:00,75.03,75.12,75.1,75.05,402.84525313
2023-12-27 18:26:00,75.0,75.14,75.0,75.14,625.2134044
2023-12-27 18:25:00,75.03,75.1,75.09,75.03,81.22727253
2023-12-27 18:24:00,75.08,75.13,75.13,75.1,144.7674267
2023-12-27 18:23:00,75.12,75.22,75.21,75.14,87.15615855
2023-12-27 18:22:00,75.13,75.24,75.15,75.21,208.83055685
2023-12-28 04:22:00,76.25,76.49,76.29,76.45,651.33285951
2023-12-28 04:21:00,76.28,76.36,76.36,76.29,90.76538248
2023-12-28 04:20:00,76.27,76.36,76.27,76.36,153.30078427
2023-12-28 04:19:00,76.18,76.28,76.18,76.25,38.05601637
2023-12-28 04:18:00,76.1,76.24,76.14,76.17,85.79167969
2023-12-28 04:17:00,76.08,76.18,76.1,76.15,144.95819122
2023-12-28 04:16:00,76.08,76.23,76.23,76.11,71.67155844
2023-12-28 04:15:00,76.2,76.39,76.33,76.22,291.94807087
2023-12-28 04:14:00,76.28,76.49,76.3,76.36,786.51890514
2023-12-28 04:13:00,76.14,76.28,76.14,76.28,393.38661822
2023-12-28 04:12:00,76.11,76.21,76.18,76.11,143.24443483
2023-12-28 04:11:00,76.11,76.24,76.22,76.2,721.53224357
2023-12-28 04:10:00,76.05,76.23,76.1,76.23,516.99765247
2023-12-28 04:09:00,76.08,76.14,76.08,76.13,121.83353471
2023-12-28 04:08:00,75.93,76.02,76.0,76.01,74.26491205
2023-12-28 04:07:00,75.98,76.07,76.04,75.99,42.27881363
2023-12-28 04:06:00,75.99,76.1,75.99,76.08,173.95277807
2023-12-28 04:05:00,75.79,76.06,75.79,76.0,354.28541976
2023-12-28 04:04:00,75.67,75.78,75.69,75.78,257.10401304
2023-12-28 04:03:00,75.67,75.8,75.8,75.68,471.35105116
2023-12-28 04:02:00,75.75,75.84,75.78,75.82,38.52619723
2023-12-28 04:01:00,75.7,75.8,75.7,75.78,146.84078006
2023-12-28 04:00:00,75.63,75.74,75.74,75.67,225.06267991
2023-12-28 03:59:00,75.65,75.76,75.65,75.73,349.57134343
2023-12-28 03:58:00,75.64,75.69,75.69,75.65,32.80795954
2023-12-28 03:57:00,75.63,75.7,75.65,75.69,21.703146
2023-12-28 03:56:00,75.57,75.63,75.57,75.58,130.07855922
2023-12-28 03:55:00,75.56,75.7,75.7,75.56,19.08770659
2023-12-28 03:54:00,75.67,75.74,75.74,75.7,67.62142856
2023-12-28 03:53:00,75.69,75.76,75.7,75.76,35.42475624
2023-12-28 03:52:00,75.64,75.74,75.64,75.7,63.24619308
2023-12-28 03:51:00,75.64,75.66,75.65,75.65,23.07012315
2023-12-28 03:50:00,75.61,75.66,75.63,75.64,19.82785723
2023-12-28 03:49:00,75.54,75.62,75.55,75.62,74.20875072
2023-12-28 03:48:00,75.54,75.57,75.55,75.57,12.44025274
2023-12-28 03:47:00,75.56,75.6,75.57,75.57,60.38395126
2023-12-28 03:46:00,75.48,75.56,75.48,75.56,22.79915705
2023-12-28 03:45:00,75.45,75.48,75.47,75.48,13.90700198
2023-12-28 03:44:00,75.42,75.47,75.42,75.45,26.4808851
2023-12-28 03:43:00,75.42,75.46,75.45,75.43,209.18292511
2023-12-28 03:42:00,75.44,75.47,75.46,75.44,28.76596999
2023-12-28 03:41:00,75.47,75.53,75.52,75.47,36.63740064
2023-12-28 03:40:00,75.5,75.53,75.53,75.5,41.68154515
2023-12-28 03:39:00,75.49,75.55,75.55,75.52,83.58666956
2023-12-28 03:38:00,75.55,75.58,75.57,75.55,6.88532945
2023-12-28 03:37:00,75.53,75.59,75.55,75.58,14.52308968
2023-12-28 03:36:00,75.53,75.58,75.55,75.54,20.17044253
2023-12-28 03:35:00,75.52,75.59,75.58,75.55,26.55256695
2023-12-28 03:34:00,75.51,75.59,75.56,75.59,61.87271154
2023-12-28 03:33:00,75.46,75.59,75.48,75.59,361.61165253
2023-12-28 03:32:00,75.48,75.59,75.57,75.49,54.72705574
2023-12-28 03:31:00,75.55,75.6,75.6,75.55,46.64747148
2023-12-28 03:30:00,75.53,75.63,75.54,75.6,94.35698989
2023-12-28 03:29:00,75.55,75.6,75.58,75.55,23.92767312
2023-12-28 03:28:00,75.57,75.61,75.6,75.58,9.29466997
2023-12-28 03:27:00,75.59,75.67,75.67,75.6,47.82525116
2023-12-28 03:26:00,75.64,75.75,75.75,75.66,184.29380845
2023-12-28 03:25:00,75.7,75.76,75.73,75.76,24.99706136
2023-12-28 03:24:00,75.65,75.74,75.65,75.74,147.57137402
2023-12-28 03:23:00,75.61,75.69,75.61,75.63,45.94339046
2023-12-28 03:22:00,75.58,75.71,75.71,75.6,65.60633627
2023-12-28 03:21:00,75.72,75.77,75.76,75.72,27.18242322
2023-12-28 03:20:00,75.73,75.77,75.76,75.76,82.87006832
2023-12-28 03:19:00,75.63,75.77,75.66,75.76,458.8929725
2023-12-28 03:18:00,75.58,75.68,75.58,75.66,82.88419679
2023-12-28 03:17:00,75.47,75.57,75.48,75.56,50.65141407
2023-12-28 03:16:00,75.38,75.47,75.38,75.47,47.8754931
2023-12-28 03:15:00,75.37,75.4,75.38,75.4,42.70557012
2023-12-28 03:14:00,75.34,75.4,75.4,75.37,61.09537381
2023-12-28 03:13:00,75.37,75.41,75.38,75.41,21.05098912
2023-12-28 03:12:00,75.37,75.41,75.41,75.4,112.38351545
2023-12-28 03:11:00,75.39,75.41,75.39,75.41,10.74214727
2023-12-28 03:10:00,75.39,75.43,75.39,75.39,7.6353371
2023-12-28 03:09:00,75.39,75.44,75.39,75.4,40.39263989
2023-12-28 03:08:00,75.37,75.42,75.42,75.39,33.89747985
2023-12-28 03:07:00,75.39,75.42,75.39,75.42,30.91572248
2023-12-28 03:06:00,75.38,75.41,75.39,75.39,60.40186847
2023-12-28 03:05:00,75.37,75.42,75.4,75.39,72.63119129
2023-12-28 03:04:00,75.38,75.49,75.48,75.39,63.1552854
2023-12-28 03:03:00,75.46,75.58,75.58,75.49,39.38198647
2023-12-28 03:02:00,75.57,75.73,75.72,75.58,823.65842565
2023-12-28 03:01:00,75.68,75.74,75.68,75.71,23.39810831
2023-12-28 03:00:00,75.63,75.69,75.63,75.69,184.49507431
2023-12-28 02:59:00,75.58,75.66,75.65,75.63,32.21490866
2023-12-28 02:58:00,75.62,75.66,75.65,75.65,86.818993
2023-12-28 02:57:00,75.62,75.73,75.73,75.65,80.30538036
2023-12-28 02:56:00,75.69,75.73,75.71,75.73,17.3934881
2023-12-28 02:55:00,75.71,75.74,75.72,75.71,25.42603508
2023-12-28 02:54:00,75.69,75.75,75.69,75.73,98.2510816
2023-12-28 02:53:00,75.68,75.71,75.7,75.69,40.32063293
2023-12-28 02:52:00,75.67,75.73,75.67,75.73,60.07660893
2023-12-28 02:51:00,75.64,75.71,75.68,75.68,17.64298195
2023-12-28 02:50:00,75.62,75.7,75.64,75.68,23.73020086
2023-12-28 02:49:00,75.66,75.71,75.71,75.66,46.95664379
2023-12-28 02:48:00,75.62,75.7,75.66,75.7,57.2566956
2023-12-28 02:47:00,75.63,75.72,75.68,75.66,292.03823806
2023-12-28 02:46:00,75.57,75.67,75.57,75.67,356.2764942
2023-12-28 02:45:00,75.56,75.57,75.56,75.57,1701.50626044
2023-12-28 02:44:00,75.54,75.57,75.55,75.56,52.32965563
2023-12-28 02:43:00,75.52,75.57,75.56,75.55,65.17275622
2023-12-28 02:42:00,75.54,75.58,75.54,75.55,10.31293224
2023-12-28 02:41:00,75.59,75.67,75.65,75.6,36.02009582
2023-12-28 02:40:00,75.55,75.66,75.55,75.65,49.10597373
2023-12-28 02:39:00,75.4,75.54,75.4,75.54,279.98354114
2023-12-28 02:38:00,75.4,75.44,75.41,75.41,74.22329069
2023-12-28 02:37:00,75.37,75.49,75.46,75.39,14.25621284
2023-12-28 02:36:00,75.37,75.46,75.39,75.46,44.99467589
2023-12-28 02:35:00,75.36,75.46,75.38,75.37,87.11685509
2023-12-28 02:34:00,75.37,75.57,75.57,75.37,167.79329662
2023-12-28 02:33:00,75.54,75.61,75.57,75.58,212.39322821
2023-12-28 02:32:00,75.51,75.57,75.53,75.55,143.15522385
2023-12-28 02:31:00,75.45,75.54,75.47,75.53,59.42783364
2023-12-28 02:30:00,75.44,75.51,75.45,75.49,49.9765361
2023-12-28 02:29:00,75.41,75.48,75.45,75.45,111.38059941
2023-12-28 02:28:00,75.35,75.49,75.48,75.44,1250.73208905
2023-12-28 02:27:00,75.46,75.53,75.5,75.49,19.26471577
2023-12-28 02:26:00,75.44,75.53,75.5,75.49,55.11814607
2023-12-28 02:25:00,75.5,75.67,75.53,75.5,324.81354327
2023-12-28 02:24:00,75.44,75.58,75.58,75.49,72.49759728
2023-12-28 02:23:00,75.56,75.62,75.57,75.57,211.09665751
2023-12-28 02:22:00,75.53,75.78,75.78,75.56,473.78640943
2023-12-28 02:21:00,75.78,75.87,75.87,75.78,74.12802893
2023-12-28 02:20:00,75.81,75.89,75.86,75.87,216.54049537
2023-12-28 02:19:00,75.84,75.87,75.85,75.86,15.85669086
2023-12-28 02:18:00,75.8,75.85,75.84,75.84,128.72280102
2023-12-28 02:17:00,75.81,75.84,75.81,75.83,5.77628201
2023-12-28 02:16:00,75.71,75.75,75.73,75.73,52.07077893
2023-12-28 02:15:00,75.68,75.74,75.7,75.73,56.38687808
2023-12-28 02:14:00,75.66,75.69,75.68,75.67,10.69720333
2023-12-28 02:13:00,75.57,75.69,75.58,75.69,7.6574739
2023-12-28 02:12:00,75.52,75.63,75.52,75.56,194.08741322
2023-12-28 02:11:00,75.43,75.49,75.43,75.49,54.82901668
2023-12-28 02:10:00,75.42,75.51,75.46,75.43,87.16265594
2023-12-28 02:09:00,75.44,75.48,75.44,75.45,33.19316697
2023-12-28 02:08:00,75.43,75.52,75.51,75.46,725.56732227
2023-12-28 02:07:00,75.5,75.57,75.55,75.51,27.91236819
2023-12-28 02:06:00,75.52,75.56,75.56,75.54,101.04696564
2023-12-28 02:05:00,75.58,75.66,75.61,75.6,614.0516718
2023-12-28 02:04:00,75.6,75.71,75.71,75.63,221.41020972
2023-12-28 02:03:00,75.7,75.77,75.73,75.74,188.55451956
2023-12-28 02:02:00,75.71,75.78,75.72,75.74,119.0427844
2023-12-28 02:01:00,75.69,75.74,75.7,75.7,18.04474424
2023-12-28 02:00:00,75.64,75.73,75.72,75.72,117.23169291
2023-12-28 01:59:00,75.6,75.72,75.61,75.72,53.53534547
2023-12-28 01:58:00,75.61,75.64,75.61,75.63,104.8304696
2023-12-28 01:57:00,75.59,75.7,75.67,75.61,95.32619746
2023-12-28 01:56:00,75.64,75.76,75.76,75.66,55.07366693
2023-12-28 01:55:00,75.73,75.8,75.76,75.78,26.08399187
2023-12-28 01:54:00,75.75,75.79,75.76,75.77,34.12890185
2023-12-28 01:53:00,75.66,75.77,75.72,75.77,76.5029467
2023-12-28 01:52:00,75.66,75.75,75.66,75.72,45.44292637
2023-12-28 01:51:00,75.59,75.69,75.68,75.66,70.15433365
2023-12-28 01:50:00,75.58,75.69,75.59,75.67,85.95576712
2023-12-28 01:49:00,75.52,75.62,75.56,75.57,64.01102654
2023-12-28 01:48:00,75.52,75.63,75.62,75.54,27.04558903
2023-12-28 01:47:00,75.53,75.63,75.55,75.61,84.57499212
2023-12-28 01:46:00,75.39,75.58,75.53,75.53,1425.5489864
2023-12-28 01:45:00,75.53,75.57,75.57,75.54,71.85679556
2023-12-28 01:44:00,75.54,75.6,75.57,75.54,41.123609
2023-12-28 01:43:00,75.53,75.62,75.57,75.58,367.4927857
2023-12-28 01:42:00,75.53,75.6,75.6,75.55,582.16602365
2023-12-28 01:41:00,75.56,75.7,75.69,75.61,452.38711323
2023-12-28 01:40:00,75.68,75.74,75.71,75.72,119.92572487
2023-12-28 01:39:00,75.72,75.75,75.75,75.72,83.22759808
2023-12-28 01:38:00,75.7,75.84,75.77,75.78,123.59305328
2023-12-28 01:37:00,75.73,75.78,75.77,75.78,35.07450003
2023-12-28 01:36:00,75.72,75.81,75.75,75.77,307.82193602
2023-12-28 01:35:00,75.74,75.89,75.8,75.78,71.71730338
2023-12-28 01:34:00,75.74,75.8,75.79,75.8,273.06451884
2023-12-28 01:33:00,75.77,75.83,75.78,75.8,28.11559109
2023-12-28 01:32:00,75.71,75.88,75.87,75.77,286.49758192
2023-12-28 01:31:00,75.8,75.93,75.81,75.86,243.93774709
2023-12-28 01:30:00,75.71,75.85,75.79,75.81,656.90223098
2023-12-28 01:29:00,75.77,75.96,75.94,75.82,1501.37167596
2023-12-28 01:28:00,75.83,75.94,75.94,75.88,50.2785913
2023-12-28 01:27:00,75.92,76.01,75.94,75.93,203.44068435
2023-12-28 01:26:00,75.87,75.97,75.91,75.94,73.65183043
2023-12-28 01:25:00,75.87,76.02,76.02,75.95,62.90350055
2023-12-28 01:24:00,75.86,76.03,75.88,76.03,51.53518222
2023-12-28 01:23:00,75.79,75.93,75.89,75.86,56.30112931
2023-12-28 01:22:00,75.8,75.91,75.85,75.89,405.9536235
2023-12-28 01:21:00,75.85,76.17,76.15,75.85,725.08457354
2023-12-28 01:20:00,76.12,76.2,76.13,76.16,277.03504783
2023-12-28 01:19:00,76.03,76.19,76.17,76.13,270.40518057
2023-12-28 01:18:00,76.08,76.24,76.09,76.2,289.8738721
2023-12-28 01:17:00,76.13,76.35,76.35,76.13,90.92209617
2023-12-28 01:16:00,76.37,76.51,76.51,76.38,351.64819599
2023-12-28 01:15:00,76.51,76.58,76.57,76.52,105.70431179
2023-12-28 01:14:00,76.55,76.61,76.61,76.55,81.51417205
2023-12-28 01:13:00,76.47,76.62,76.47,76.62,90.78771885
2023-12-28 01:12:00,76.42,76.48,76.47,76.45,24.74277515
2023-12-28 01:11:00,76.38,76.49,76.38,76.47,191.65699484
2023-12-28 01:10:00,76.31,76.4,76.31,76.38,19.68506985
2023-12-28 01:09:00,76.25,76.31,76.29,76.3,54.95324192
2023-12-28 01:08:00,76.22,76.29,76.24,76.29,27.11701418
2023-12-28 01:07:00,76.22,76.29,76.24,76.26,127.94314418
2023-12-28 01:06:00,76.25,76.32,76.31,76.26,170.77492897
2023-12-28 01:05:00,76.26,76.34,76.33,76.31,124.79130806
2023-12-28 01:04:00,76.3,76.46,76.46,76.34,132.02666143
2023-12-28 01:03:00,76.38,76.45,76.39,76.45,218.00892377
2023-12-28 01:02:00,76.4,76.45,76.43,76.4,41.94278783
2023-12-28 01:01:00,76.35,76.47,76.35,76.46,91.52226588
2023-12-28 01:00:00,76.27,76.34,76.32,76.32,63.74131287
2023-12-28 00:59:00,76.18,76.31,76.2,76.3,146.49765284
2023-12-28 00:58:00,76.18,76.32,76.32,76.18,34.17839196
2023-12-28 00:57:00,76.16,76.33,76.16,76.31,86.04891542
2023-12-28 00:56:00,76.16,76.21,76.21,76.16,34.54717672
2023-12-28 00:55:00,76.19,76.36,76.36,76.25,39.2935865
2023-12-28 00:54:00,76.22,76.37,76.26,76.35,144.12953549
2023-12-28 00:53:00,76.27,76.52,76.51,76.3,318.80714775
2023-12-28 00:52:00,76.5,76.56,76.56,76.51,43.63681693
2023-12-28 00:51:00,76.51,76.61,76.51,76.61,12.87516672
2023-12-28 00:50:00,76.49,76.61,76.61,76.53,305.77356671
2023-12-28 00:49:00,76.5,76.66,76.66,76.58,91.56209494
2023-12-28 00:48:00,76.64,76.7,76.69,76.68,188.95185892
2023-12-28 00:47:00,76.6,76.73,76.61,76.68,201.96827429
2023-12-28 00:46:00,76.64,76.72,76.68,76.65,913.0105923
2023-12-28 00:45:00,76.54,76.68,76.54,76.68,100.18117298
2023-12-28 00:44:00,76.41,76.54,76.43,76.53,143.87514068
2023-12-28 00:43:00,76.44,76.5,76.46,76.46,61.57220829
2023-12-28 00:42:00,76.42,76.6,76.56,76.47,455.17098066
2023-12-28 00:41:00,76.53,76.62,76.56,76.55,323.89456007
2023-12-28 00:40:00,76.44,76.65,76.52,76.58,903.67165226
2023-12-28 00:39:00,76.53,76.59,76.56,76.54,181.93265716
2023-12-28 00:38:00,76.44,76.61,76.5,76.56,1615.81118729
2023-12-28 00:37:00,76.14,76.54,76.25,76.5,1441.70105569
2023-12-28 00:36:00,76.11,76.28,76.15,76.23,225.87752991
2023-12-28 00:35:00,76.01,76.15,76.04,76.15,153.29895311
2023-12-28 00:34:00,76.01,76.25,76.15,76.04,291.47083224
2023-12-28 00:33:00,76.12,76.56,76.16,76.14,6756.7873469
2023-12-28 00:32:00,75.97,76.18,76.04,76.15,543.25374458
2023-12-28 00:31:00,76.04,76.14,76.14,76.05,49.89344533
2023-12-28 00:30:00,76.11,76.16,76.14,76.14,37.99106466
2023-12-28 00:29:00,76.11,76.22,76.18,76.15,59.54584004
2023-12-28 00:28:00,76.13,76.19,76.18,76.16,47.98825692
2023-12-28 00:27:00,76.06,76.2,76.08,76.17,94.14379863
2023-12-28 00:26:00,75.98,76.08,75.99,76.08,985.41743572
2023-12-28 00:25:00,75.96,76.0,76.0,75.99,117.56131577
2023-12-28 00:24:00,75.93,76.03,76.03,75.99,79.06010782
2023-12-28 00:23:00,75.98,76.04,76.0,76.03,244.7243241
2023-12-28 00:22:00,75.94,76.0,76.0,76.0,88.04398202
2023-12-28 00:21:00,75.92,76.0,75.93,76.0,237.050427
2023-12-28 00:20:00,75.79,75.97,75.89,75.95,514.34810279
2023-12-28 00:19:00,75.82,75.96,75.92,75.9,304.35085865
2023-12-28 00:18:00,75.86,75.95,75.95,75.93,35.97801419
2023-12-28 00:17:00,75.92,76.02,76.0,75.94,47.3464176
2023-12-28 00:16:00,75.95,76.02,76.0,76.0,947.15354911
2023-12-28 00:15:00,75.84,76.0,75.84,75.99,66.87352623
2023-12-28 00:14:00,75.84,75.97,75.95,75.84,149.02882288
2023-12-28 00:13:00,75.81,75.96,75.81,75.95,630.9169916
2023-12-28 00:12:00,75.79,76.0,75.98,75.8,492.43535268
2023-12-28 00:11:00,75.96,76.0,76.0,75.99,184.90792056
2023-12-28 00:10:00,75.79,76.0,75.83,76.0,662.9882954
2023-12-28 00:09:00,75.78,75.84,75.81,75.83,54.51238952
2023-12-28 00:08:00,75.79,75.94,75.94,75.85,778.06356607
2023-12-28 00:07:00,75.86,75.96,75.88,75.95,79.26008109
2023-12-28 00:06:00,75.84,75.98,75.97,75.91,163.92080134
2023-12-28 00:05:00,75.81,75.98,75.85,75.98,415.35923122
2023-12-28 00:04:00,75.68,75.93,75.68,75.85,336.90987128
2023-12-28 00:03:00,75.67,75.82,75.82,75.67,684.21075985
2023-12-28 00:02:00,75.78,75.92,75.92,75.83,59.85766451
2023-12-28 00:01:00,75.82,75.93,75.92,75.91,132.63837549
2023-12-28 00:00:00,75.87,76.04,76.03,75.92,103.91304329
2023-12-27 23:59:00,76.01,76.08,76.06,76.05,330.14460586
2023-12-27 23:58:00,75.93,76.06,75.95,76.06,171.39952247
2023-12-27 23:57:00,75.88,75.96,75.88,75.96,454.73423325
2023-12-27 23:56:00,75.82,75.91,75.83,75.91,193.50663281
2023-12-27 23:55:00,75.77,75.84,75.77,75.84,25.75707238
2023-12-27 23:54:00,75.76,75.85,75.85,75.78,346.64442864
2023-12-27 23:53:00,75.8,75.92,75.89,75.83,74.02415847
2023-12-27 23:52:00,75.83,75.89,75.83,75.89,35.54595175
2023-12-27 23:51:00,75.79,75.85,75.82,75.85,115.64782686
2023-12-27 23:50:00,75.71,75.81,75.76,75.81,151.04978678
2023-12-27 23:49:00,75.71,75.81,75.72,75.77,859.51896654
2023-12-27 23:48:00,75.72,75.8,75.79,75.72,60.97866282
2023-12-27 23:47:00,75.8,75.85,75.81,75.82,70.57580513
2023-12-27 23:46:00,75.72,75.79,75.74,75.79,726.19763619
2023-12-27 23:45:00,75.74,75.76,75.76,75.75,94.42444524
2023-12-27 23:44:00,75.74,75.8,75.76,75.75,165.37206691
2023-12-27 23:43:00,75.75,75.78,75.75,75.75,420.96222732
2023-12-27 23:42:00,75.75,75.81,75.76,75.76,173.77348756
2023-12-27 23:41:00,75.73,75.78,75.78,75.76,134.02328765
2023-12-27 23:40:00,75.73,75.79,75.73,75.78,605.93120183
2023-12-27 23:39:00,75.73,75.78,75.78,75.75,1870.41567109
2023-12-27 23:38:00,75.72,75.79,75.72,75.79,405.39474368
2023-12-27 23:37:00,75.66,75.73,75.68,75.73,498.58865233
2023-12-27 23:36:00,75.56,75.67,75.59,75.67,786.2042629
2023-12-27 23:35:00,75.59,75.68,75.66,75.59,622.05342903
2023-12-27 23:34:00,75.61,75.67,75.65,75.66,864.73720602
2023-12-27 23:33:00,75.56,75.65,75.58,75.64,1555.89737039
2023-12-27 23:32:00,75.48,75.6,75.57,75.58,1393.62506532
2023-12-27 23:31:00,75.5,75.6,75.53,75.56,200.49107039
2023-12-27 23:30:00,75.44,75.53,75.44,75.53,53.75370756
2023-12-27 23:29:00,75.36,75.44,75.39,75.44,83.41665645
2023-12-27 23:28:00,75.37,75.4,75.4,75.39,25.71704496
2023-12-27 23:27:00,75.28,75.37,75.28,75.37,139.06729158
2023-12-27 23:26:00,75.22,75.28,75.27,75.28,197.67057682
2023-12-27 23:25:00,75.29,75.39,75.36,75.31,47.44286863
2023-12-27 23:24:00,75.37,75.41,75.37,75.38,30.37110421
2023-12-27 23:23:00,75.37,75.44,75.4,75.37,21.57887182
2023-12-27 23:22:00,75.33,75.45,75.38,75.38,105.63593388
2023-12-28 09:22:00,76.63,76.71,76.7,76.63,23.68691165
2023-12-28 09:21:00,76.67,76.72,76.69,76.72,12.06236108
2023-12-28 09:20:00,76.62,76.69,76.67,76.69,16.19770973
2023-12-28 09:19:00,76.65,76.7,76.67,76.65,37.08304364
2023-12-28 09:18:00,76.51,76.66,76.52,76.66,82.04998975
2023-12-28 09:17:00,76.54,76.62,76.6,76.54,214.77688592
2023-12-28 09:16:00,76.48,76.61,76.49,76.59,158.33547889
2023-12-28 09:15:00,76.35,76.66,76.36,76.49,1426.16233714
2023-12-28 09:14:00,76.34,76.49,76.49,76.34,192.31014013
2023-12-28 09:13:00,76.13,76.51,76.13,76.51,989.71268203
2023-12-28 09:12:00,76.14,76.22,76.15,76.14,26.95858965
2023-12-28 09:11:00,76.14,76.26,76.23,76.15,51.59275526
2023-12-28 09:10:00,76.08,76.28,76.15,76.27,435.99275363
2023-12-28 09:09:00,76.07,76.16,76.11,76.13,340.96643358
2023-12-28 09:08:00,75.94,76.12,76.02,76.11,202.03400098
2023-12-28 09:07:00,76.01,76.1,76.03,76.07,31.59500972
2023-12-28 09:06:00,76.01,76.12,76.12,76.01,360.92029199
2023-12-28 09:05:00,76.13,76.22,76.21,76.16,40.53268349
2023-12-28 09:04:00,76.22,76.3,76.24,76.23,95.77986038
2023-12-28 09:03:00,76.24,76.38,76.28,76.24,73.84284848
2023-12-28 09:02:00,76.08,76.32,76.22,76.32,135.11580882
2023-12-28 09:01:00,76.23,76.39,76.26,76.24,423.16261415
2023-12-28 09:00:00,76.15,76.27,76.15,76.27,46.55547492
2023-12-28 08:59:00,76.14,76.23,76.2,76.17,39.49931598
2023-12-28 08:58:00,76.13,76.34,76.34,76.13,254.42081253
2023-12-28 08:57:00,76.28,76.36,76.36,76.31,224.66148146
2023-12-28 08:56:00,76.32,76.5,76.5,76.35,314.61540923
2023-12-28 08:55:00,76.53,76.72,76.72,76.53,65.56327484
2023-12-28 08:54:00,76.69,76.74,76.7,76.72,30.30440215
2023-12-28 08:53:00,76.61,76.71,76.62,76.71,64.31256658
2023-12-28 08:52:00,76.61,76.69,76.69,76.61,56.49503159
2023-12-28 08:51:00,76.64,76.8,76.73,76.69,457.29251138
2023-12-28 08:50:00,76.76,76.84,76.82,76.76,69.41543498
2023-12-28 08:49:00,76.78,76.88,76.84,76.84,769.54485768
2023-12-28 08:48:00,76.86,76.96,76.93,76.86,12.05529793
2023-12-28 08:47:00,76.91,77.03,76.94,76.93,237.46455834
2023-12-28 08:46:00,76.91,77.13,77.13,76.93,59.99535651
2023-12-28 08:45:00,76.99,77.17,76.99,77.07,255.32059774
2023-12-28 08:44:00,76.82,77.01,76.82,76.99,42.13888882
2023-12-28 08:43:00,76.69,76.83,76.81,76.76,104.70162822
2023-12-28 08:42:00,76.8,76.84,76.83,76.8,19.91186353
2023-12-28 08:41:00,76.85,76.9,76.88,76.85,22.71739903
2023-12-28 08:40:00,76.84,76.88,76.84,76.87,4.57919781
2023-12-28 08:39:00,76.81,76.85,76.84,76.81,25.78272987
2023-12-28 08:38:00,76.87,77.02,77.0,76.88,163.53846335
2023-12-28 08:37:00,76.95,77.03,76.95,77.01,297.52858597
2023-12-28 08:36:00,76.9,76.99,76.95,76.95,536.8457167
2023-12-28 08:35:00,76.96,76.99,76.96,76.97,103.53310988
2023-12-28 08:34:00,76.95,77.05,76.99,76.97,41.33646131
2023-12-28 08:33:00,76.83,77.07,76.84,77.02,1430.39968512
2023-12-28 08:32:00,76.78,76.86,76.78,76.81,191.7293719
2023-12-28 08:31:00,76.74,76.81,76.79,76.76,160.61853271
2023-12-28 08:30:00,76.67,76.81,76.67,76.81,42.48010567
2023-12-28 08:29:00,76.59,76.78,76.78,76.66,1150.11446598
2023-12-28 08:28:00,76.76,76.86,76.78,76.77,213.39708247
2023-12-28 08:27:00,76.73,76.88,76.88,76.79,125.49055972
2023-12-28 08:26:00,76.86,76.96,76.92,76.89,157.29398863
2023-12-28 08:25:00,76.79,76.89,76.81,76.88,36.01683643
2023-12-28 08:24:00,76.77,76.83,76.77,76.83,54.44418068
2023-12-28 08:23:00,76.73,76.81,76.79,76.74,69.62626105
2023-12-28 08:22:00,76.74,76.93,76.91,76.81,220.12862091
2023-12-28 08:21:00,76.79,76.94,76.81,76.93,405.5245959
2023-12-28 08:20:00,76.69,76.92,76.7,76.84,994.80119455
2023-12-28 08:19:00,76.49,76.7,76.49,76.7,377.29569292
2023-12-28 08:18:00,76.34,76.44,76.38,76.44,71.37606119
2023-12-28 08:17:00,76.38,76.46,76.44,76.38,146.55881672
2023-12-28 08:16:00,76.3,76.4,76.33,76.4,102.56159352
2023-12-28 08:15:00,76.21,76.36,76.33,76.36,120.75369388
2023-12-28 08:14:00,76.29,76.46,76.41,76.32,119.29376581
2023-12-28 08:13:00,76.35,76.48,76.41,76.48,14.21660508
2023-12-28 08:12:00,76.23,76.41,76.28,76.41,98.11652519
2023-12-28 08:11:00,76.28,76.44,76.29,76.32,503.80377154
2023-12-28 08:10:00,76.05,76.28,76.26,76.28,505.79747623
2023-12-28 08:09:00,76.21,76.27,76.22,76.27,15.63447647
2023-12-28 08:08:00,76.2,76.35,76.34,76.22,163.86509047
2023-12-28 08:07:00,76.37,76.45,76.45,76.37,43.33132375
2023-12-28 08:06:00,76.42,76.58,76.58,76.46,103.45522399
2023-12-28 08:05:00,76.57,76.66,76.65,76.57,33.20878083
2023-12-28 08:04:00,76.6,76.67,76.67,76.63,41.84993294
2023-12-28 08:03:00,76.54,76.65,76.55,76.65,407.14026491
2023-12-28 08:02:00,76.53,76.62,76.57,76.54,250.26309883
2023-12-28 08:01:00,76.48,76.57,76.48,76.52,58.04767883
2023-12-28 08:00:00,76.45,76.53,76.53,76.48,256.91752347
2023-12-28 07:59:00,76.51,76.55,76.51,76.54,94.41433734
2023-12-28 07:58:00,76.52,76.62,76.6,76.52,33.16999432
2023-12-28 07:57:00,76.52,76.6,76.57,76.57,46.66432871
2023-12-28 07:56:00,76.56,76.69,76.62,76.58,40.09216001
2023-12-28 07:55:00,76.38,76.73,76.39,76.62,687.1505757
2023-12-28 07:54:00,76.29,76.43,76.3,76.39,83.76065047
2023-12-28 07:53:00,76.29,76.37,76.35,76.3,239.32597582
2023-12-28 07:52:00,76.38,76.5,76.43,76.38,89.54795269
2023-12-28 07:51:00,76.23,76.43,76.31,76.4,505.89688464
2023-12-28 07:50:00,76.19,76.35,76.32,76.31,743.92984335
2023-12-28 07:49:00,76.35,76.5,76.46,76.35,74.93976869
2023-12-28 07:48:00,76.41,76.53,76.45,76.49,151.06449719
2023-12-28 07:47:00,76.21,76.36,76.29,76.36,129.4260761
2023-12-28 07:46:00,76.15,76.26,76.25,76.26,122.7789958
2023-12-28 07:45:00,76.19,76.4,76.39,76.23,219.15536333
2023-12-28 07:44:00,76.4,76.5,76.44,76.41,18.81961378
2023-12-28 07:43:00,76.44,76.53,76.47,76.45,105.19691331
2023-12-28 07:42:00,76.41,76.54,76.54,76.47,393.88356225
2023-12-28 07:41:00,76.56,76.73,76.72,76.56,90.46801413
2023-12-28 07:40:00,76.71,76.77,76.74,76.74,164.72426017
2023-12-28 07:39:00,76.68,76.88,76.69,76.76,628.19117521
2023-12-28 07:38:00,76.63,76.77,76.77,76.73,210.46526499
2023-12-28 07:37:00,76.72,76.82,76.77,76.74,559.96434026
2023-12-28 07:36:00,76.7,76.86,76.73,76.77,334.05410005
2023-12-28 07:35:00,76.45,76.77,76.57,76.75,229.98008599
2023-12-28 07:34:00,76.36,76.56,76.43,76.55,146.97000103
2023-12-28 07:33:00,76.41,76.56,76.54,76.42,263.13810548
2023-12-28 07:32:00,76.37,76.64,76.54,76.6,190.53426829
2023-12-28 07:31:00,76.31,76.53,76.53,76.48,258.87732342
2023-12-28 07:30:00,76.34,76.65,76.42,76.57,372.12955674
2023-12-28 07:29:00,76.38,76.65,76.38,76.45,769.47992823
2023-12-28 07:28:00,76.13,76.57,76.22,76.35,1730.11581788
2023-12-28 07:27:00,76.14,76.37,76.32,76.25,141.01813139
2023-12-28 07:26:00,76.18,76.41,76.38,76.39,522.89698983
2023-12-28 07:25:00,76.4,76.57,76.44,76.4,528.78920273
2023-12-28 07:24:00,76.4,76.65,76.62,76.44,58.46826277
2023-12-28 07:23:00,76.53,76.62,76.6,76.57,70.55283649
2023-12-28 07:22:00,76.65,76.74,76.71,76.65,71.47102923
2023-12-28 07:21:00,76.72,76.91,76.84,76.72,49.64354019
2023-12-28 07:20:00,76.63,76.83,76.71,76.82,95.18915654
2023-12-28 07:19:00,76.77,76.89,76.78,76.77,81.9958173
2023-12-28 07:18:00,76.64,76.7,76.66,76.7,94.3652658
2023-12-28 07:17:00,76.6,76.89,76.89,76.68,199.32354516
2023-12-28 07:16:00,76.31,76.96,76.36,76.9,1700.65283816
2023-12-28 07:15:00,76.39,76.55,76.43,76.39,214.39332431
2023-12-28 07:14:00,76.38,76.61,76.61,76.42,214.43128931
2023-12-28 07:13:00,76.5,76.81,76.78,76.61,166.79662834
2023-12-28 07:12:00,76.72,77.0,76.97,76.79,966.85048405
2023-12-28 07:11:00,76.56,76.99,76.63,76.98,1010.04007497
2023-12-28 07:10:00,76.46,76.7,76.63,76.65,37.26449195
2023-12-28 07:09:00,76.55,76.77,76.74,76.61,217.82174731
2023-12-28 07:08:00,76.41,76.8,76.43,76.7,376.72673626
2023-12-28 07:07:00,76.33,76.59,76.33,76.52,626.8186187
2023-12-28 07:06:00,76.07,76.36,76.07,76.35,136.70256614
2023-12-28 07:05:00,76.04,76.27,76.25,76.14,124.18947387
2023-12-28 07:04:00,76.09,76.23,76.16,76.18,273.74439219
2023-12-28 07:03:00,75.91,76.2,75.91,76.19,127.68684328
2023-12-28 07:02:00,75.79,76.09,76.09,75.84,209.46559901
2023-12-28 07:01:00,76.1,76.33,76.31,76.1,34.7543804
2023-12-28 07:00:00,76.2,76.4,76.4,76.28,185.34839858
2023-12-28 06:59:00,76.39,76.46,76.44,76.42,77.04591547
2023-12-28 06:58:00,76.33,76.46,76.37,76.36,65.31354157
2023-12-28 06:57:00,76.23,76.36,76.25,76.36,49.11518176
2023-12-28 06:56:00,75.92,76.18,75.92,76.16,65.04301479
2023-12-28 06:55:00,75.7,75.98,75.98,75.83,194.65390369
2023-12-28 06:54:00,75.92,76.11,76.11,75.99,368.33771515
2023-12-28 06:53:00,76.07,76.3,76.3,76.12,567.83375043
2023-12-28 06:52:00,76.3,76.73,76.73,76.31,236.26217203
2023-12-28 06:51:00,76.63,76.83,76.81,76.73,637.8202798
2023-12-28 06:50:00,76.4,76.89,76.48,76.85,1401.13340182
2023-12-28 06:49:00,76.43,76.54,76.54,76.49,146.22714539
2023-12-28 06:48:00,76.5,76.67,76.67,76.56,607.39766062
2023-12-28 06:47:00,76.57,76.81,76.78,76.66,796.32382621
2023-12-28 06:46:00,76.69,76.88,76.88,76.83,234.14878475
2023-12-28 06:45:00,76.64,76.98,76.64,76.84,368.31409719
2023-12-28 06:44:00,76.61,76.81,76.77,76.62,875.63632232
2023-12-28 06:43:00,76.57,76.9,76.82,76.83,381.41454136
2023-12-28 06:42:00,76.72,76.83,76.75,76.79,196.5243891
2023-12-28 06:41:00,76.58,76.75,76.61,76.75,94.08203957
2023-12-28 06:40:00,76.44,76.66,76.47,76.61,945.88961294
2023-12-28 06:39:00,76.52,76.63,76.56,76.52,101.13808011
2023-12-28 06:38:00,76.45,76.65,76.45,76.54,189.26777173
2023-12-28 06:37:00,76.38,76.46,76.39,76.46,104.64458578
2023-12-28 06:36:00,76.33,76.44,76.37,76.4,36.00836946
2023-12-28 06:35:00,76.3,76.4,76.38,76.37,41.36789024
2023-12-28 06:34:00,76.3,76.37,76.31,76.37,112.18590007
2023-12-28 06:33:00,76.17,76.31,76.24,76.27,118.3870637
2023-12-28 06:32:00,76.12,76.24,76.12,76.24,24.88558343
2023-12-28 06:31:00,75.85,76.04,75.91,76.04,246.79687579
2023-12-28 06:30:00,75.91,76.13,76.11,75.95,162.91488534
2023-12-28 06:29:00,76.0,76.26,76.26,76.09,656.7783637
2023-12-28 06:28:00,76.11,76.28,76.12,76.27,638.81687608
2023-12-28 06:27:00,76.13,76.31,76.31,76.14,200.4152116
2023-12-28 06:26:00,76.24,76.35,76.28,76.32,81.42717265
2023-12-28 06:25:00,76.28,76.39,76.38,76.28,455.17146584
2023-12-28 06:24:00,76.37,76.42,76.39,76.37,59.27918248
2023-12-28 06:23:00,76.37,76.44,76.4,76.4,69.8736724
2023-12-28 06:22:00,76.37,76.42,76.37,76.42,541.62713831
2023-12-28 06:21:00,76.22,76.41,76.3,76.38,2371.12316843
2023-12-28 06:20:00,76.3,76.4,76.4,76.33,216.80409033
2023-12-28 06:19:00,76.38,76.46,76.43,76.38,96.47343797
2023-12-28 06:18:00,76.34,76.48,76.48,76.42,144.24201923
2023-12-28 06:17:00,76.41,76.51,76.51,76.5,27.80955613
2023-12-28 06:16:00,76.5,76.6,76.58,76.54,57.71890907
2023-12-28 06:15:00,76.52,76.65,76.65,76.59,207.75765797
2023-12-28 06:14:00,76.37,76.64,76.37,76.64,815.00190067
2023-12-28 06:13:00,76.25,76.35,76.25,76.35,39.27630775
2023-12-28 06:12:00,76.19,76.25,76.19,76.25,18.13987824
2023-12-28 06:11:00,76.14,76.18,76.15,76.18,21.7924331
2023-12-28 06:10:00,76.11,76.19,76.19,76.11,44.08568909
2023-12-28 06:09:00,76.14,76.24,76.16,76.17,179.64304519
2023-12-28 06:08:00,76.15,76.21,76.18,76.18,39.07229421
2023-12-28 06:07:00,76.12,76.18,76.16,76.18,34.78375173
2023-12-28 06:06:00,76.15,76.22,76.19,76.17,207.31826464
2023-12-28 06:05:00,76.11,76.23,76.15,76.18,64.31195556
2023-12-28 06:04:00,76.12,76.21,76.21,76.12,169.87518861
2023-12-28 06:03:00,76.16,76.31,76.26,76.21,464.82072824
2023-12-28 06:02:00,76.19,76.31,76.19,76.26,328.59371642
2023-12-28 06:01:00,76.16,76.29,76.28,76.18,26.94415842
2023-12-28 06:00:00,76.27,76.31,76.31,76.31,97.6296217
2023-12-28 05:59:00,76.28,76.38,76.38,76.29,71.66590326
2023-12-28 05:58:00,76.36,76.43,76.39,76.36,41.96390501
2023-12-28 05:57:00,76.39,76.44,76.44,76.39,29.07532485
2023-12-28 05:56:00,76.41,76.45,76.45,76.44,374.72962443
2023-12-28 05:55:00,76.44,76.49,76.47,76.48,121.88492837
2023-12-28 05:54:00,76.44,76.49,76.44,76.47,64.91855572
2023-12-28 05:53:00,76.37,76.5,76.41,76.43,970.82705219
2023-12-28 05:52:00,76.4,76.44,76.4,76.43,72.83960605
2023-12-28 05:51:00,76.4,76.5,76.5,76.4,381.67206094
2023-12-28 05:50:00,76.46,76.5,76.48,76.5,353.33177179
2023-12-28 05:49:00,76.46,76.5,76.46,76.49,973.8330292
2023-12-28 05:48:00,76.46,76.5,76.47,76.46,71.13356766
2023-12-28 05:47:00,76.42,76.49,76.43,76.49,75.15136993
2023-12-28 05:46:00,76.31,76.43,76.32,76.43,543.62112367
2023-12-28 05:45:00,76.26,76.36,76.34,76.32,664.82413567
2023-12-28 05:44:00,76.32,76.38,76.36,76.34,23.29081962
2023-12-28 05:43:00,76.33,76.37,76.34,76.37,8.85278888
2023-12-28 05:42:00,76.14,76.31,76.15,76.31,262.76984651
2023-12-28 05:41:00,76.09,76.17,76.17,76.14,159.85375142
2023-12-28 05:40:00,76.12,76.17,76.17,76.17,42.49359467
2023-12-28 05:39:00,76.18,76.23,76.2,76.18,31.7013296
2023-12-28 05:38:00,76.12,76.22,76.13,76.2,564.46759622
2023-12-28 05:37:00,76.08,76.13,76.11,76.12,126.83990195
2023-12-28 05:36:00,76.04,76.18,76.11,76.11,464.9357241
2023-12-28 05:35:00,76.09,76.19,76.19,76.12,106.71660365
2023-12-28 05:34:00,76.06,76.18,76.06,76.18,74.77854979
2023-12-28 05:33:00,76.02,76.09,76.06,76.07,34.13063538
2023-12-28 05:32:00,75.97,76.12,76.0,76.07,312.81851652
2023-12-28 05:31:00,75.99,76.11,76.02,75.99,45.9207121
2023-12-28 05:30:00,75.89,76.03,75.89,76.03,267.69289566
2023-12-28 05:29:00,75.86,75.96,75.94,75.91,91.77722255
2023-12-28 05:28:00,75.76,75.92,75.76,75.9,140.83888306
2023-12-28 05:27:00,75.7,75.8,75.79,75.78,198.03880114
2023-12-28 05:26:00,75.77,75.94,75.9,75.78,260.22092469
2023-12-28 05:25:00,75.84,75.95,75.86,75.89,86.19133197
2023-12-28 05:24:00,75.75,75.87,75.77,75.87,102.82638395
2023-12-28 05:23:00,75.78,75.95,75.91,75.78,146.58513951
2023-12-28 05:22:00,75.73,75.89,75.73,75.89,60.85804436
2023-12-28 05:21:00,75.69,75.76,75.75,75.75,28.22662816
2023-12-28 05:20:00,75.67,75.75,75.68,75.73,30.52485879
2023-12-28 05:19:00,75.65,75.73,75.65,75.66,291.99917751
2023-12-28 05:18:00,75.59,75.82,75.68,75.66,361.62947743
2023-12-28 05:17:00,75.69,75.76,75.76,75.71,58.43583886
2023-12-28 05:16:00,75.65,75.77,75.73,75.76,729.13619537
2023-12-28 05:15:00,75.69,75.81,75.72,75.69,383.60396818
2023-12-28 05:14:00,75.54,75.69,75.63,75.69,103.93088004
2023-12-28 05:13:00,75.58,75.7,75.58,75.7,258.28779214
2023-12-28 05:12:00,75.54,75.89,75.84,75.54,546.67098977
2023-12-28 05:11:00,75.71,75.95,75.88,75.86,1864.34823621
2023-12-28 05:10:00,75.85,76.08,76.02,75.85,173.32543756
2023-12-28 05:09:00,75.93,76.1,76.1,76.01,1652.95568263
2023-12-28 05:08:00,75.95,76.11,76.01,76.11,433.00495946
2023-12-28 05:07:00,76.01,76.21,76.21,76.03,614.95124092
2023-12-28 05:06:00,76.14,76.21,76.14,76.19,844.41540433
2023-12-28 05:05:00,76.15,76.22,76.19,76.15,41.92223881
2023-12-28 05:04:00,76.04,76.21,76.04,76.17,394.81818876
2023-12-28 05:03:00,75.95,76.16,75.97,76.04,1180.90350017
2023-12-28 05:02:00,75.95,76.0,75.98,75.98,19.67319838
2023-12-28 05:01:00,75.92,76.07,76.03,75.97,38.02092362
2023-12-28 05:00:00,75.94,76.05,75.94,76.05,271.8361075
2023-12-28 04:59:00,75.85,76.04,76.04,75.91,731.61063286
2023-12-28 04:58:00,75.95,76.1,76.1,76.07,396.87505441
2023-12-28 04:57:00,76.09,76.13,76.12,76.1,42.58766824
2023-12-28 04:56:00,76.09,76.22,76.22,76.11,21.43848086
2023-12-28 04:55:00,76.22,76.29,76.25,76.24,68.66829481
2023-12-28 04:54:00,76.15,76.28,76.28,76.25,1198.86961371
2023-12-28 04:53:00,76.23,76.28,76.25,76.28,31.03257232
2023-12-28 04:52:00,76.17,76.24,76.21,76.23,13.85636525
2023-12-28 04:51:00,76.17,76.24,76.2,76.23,58.27114015
2023-12-28 04:50:00,76.07,76.23,76.07,76.2,748.54378952
2023-12-28 04:49:00,76.09,76.16,76.14,76.1,40.45678934
2023-12-28 04:48:00,76.07,76.28,76.28,76.15,26.8523482
2023-12-28 04:47:00,76.21,76.32,76.32,76.26,22.19254183
2023-12-28 04:46:00,76.2,76.33,76.23,76.31,163.2162846
2023-12-28 04:45:00,76.15,76.35,76.16,76.21,658.94037503
2023-12-28 04:44:00,76.12,76.17,76.12,76.15,19.32140302
2023-12-28 04:43:00,76.08,76.2,76.16,76.09,110.38385877
2023-12-28 04:42:00,76.15,76.29,76.27,76.15,74.46150249
2023-12-28 04:41:00,76.25,76.37,76.3,76.28,351.38546327
2023-12-28 04:40:00,76.22,76.32,76.22,76.32,31.17942609
2023-12-28 04:39:00,76.17,76.25,76.23,76.19,84.17442716
2023-12-28 04:38:00,76.15,76.23,76.18,76.23,400.21525411
2023-12-28 04:37:00,76.18,76.38,76.38,76.2,704.62455184
2023-12-28 04:36:00,76.34,76.39,76.36,76.35,8.30990803
2023-12-28 04:35:00,76.37,76.43,76.4,76.37,36.28582949
2023-12-28 04:34:00,76.31,76.45,76.31,76.41,83.61498926
2023-12-28 04:33:00,76.3,76.36,76.36,76.3,50.04631537
2023-12-28 04:32:00,76.31,76.36,76.34,76.31,69.45835126
2023-12-28 04:31:00,76.35,76.59,76.59,76.35,944.92267293
2023-12-28 04:30:00,76.56,76.59,76.58,76.58,38.62876912
2023-12-28 04:29:00,76.52,76.6,76.56,76.55,52.51848214
2023-12-28 04:28:00,76.55,76.57,76.57,76.56,14.63178033
2023-12-28 04:27:00,76.53,76.6,76.58,76.58,31.76225483
2023-12-28 04:26:00,76.56,76.62,76.59,76.59,59.76232699
2023-12-28 04:25:00,76.44,76.58,76.44,76.58,30.67679506
2023-12-28 04:24:00,76.39,76.5,76.39,76.44,199.24105237
2023-12-28 04:23:00,76.28,76.45,76.45,76.42,104.19264544
2023-12-28 04:22:00,76.25,76.49,76.29,76.45,651.33285951
2023-12-28 14:22:00,75.1,75.39,75.25,75.32,369.20243584
2023-12-28 14:21:00,74.97,75.28,75.0,75.27,1029.80370938
2023-12-28 14:20:00,75.02,75.46,75.4,75.03,141.64669399
2023-12-28 14:19:00,74.96,75.37,75.06,75.37,451.98347336
2023-12-28 14:18:00,74.93,75.24,75.2,75.09,1004.89553016
2023-12-28 14:17:00,75.08,75.38,75.36,75.26,1090.92509656
2023-12-28 14:16:00,75.33,75.6,75.34,75.36,157.50940228
2023-12-28 14:15:00,75.19,75.66,75.66,75.41,939.68401495
2023-12-28 14:14:00,75.61,75.78,75.61,75.65,55.95608418
2023-12-28 14:13:00,75.61,75.83,75.83,75.61,70.3311497
2023-12-28 14:12:00,75.65,75.83,75.69,75.78,73.37402738
2023-12-28 14:11:00,75.34,75.7,75.45,75.58,241.08720495
2023-12-28 14:10:00,75.43,75.66,75.66,75.46,366.44257647
2023-12-28 14:09:00,75.67,75.9,75.87,75.67,127.15530511
2023-12-28 14:08:00,75.65,75.87,75.72,75.87,247.77696312
2023-12-28 14:07:00,75.56,75.75,75.58,75.65,241.90636568
2023-12-28 14:06:00,75.55,75.74,75.69,75.55,465.36004463
2023-12-28 14:05:00,75.73,75.97,75.94,75.73,384.64381663
2023-12-28 14:04:00,75.9,76.01,75.99,75.92,93.16756528
2023-12-28 14:03:00,75.9,76.05,76.0,75.93,403.70412966
2023-12-28 14:02:00,75.96,76.07,76.04,76.01,136.89278499
2023-12-28 14:01:00,76.02,76.15,76.15,76.04,89.14567769
2023-12-28 14:00:00,76.13,76.26,76.24,76.13,102.4074977
2023-12-28 13:59:00,76.18,76.27,76.24,76.21,79.94326984
2023-12-28 13:58:00,76.24,76.33,76.29,76.24,48.33078659
2023-12-28 13:57:00,76.29,76.41,76.4,76.3,235.09327679
2023-12-28 13:56:00,76.4,76.45,76.41,76.4,111.84315196
2023-12-28 13:55:00,76.41,76.45,76.44,76.42,189.29521328
2023-12-28 13:54:00,76.4,76.5,76.48,76.47,225.57520437
2023-12-28 13:53:00,76.45,76.53,76.53,76.5,84.90805547
2023-12-28 13:52:00,76.51,76.57,76.57,76.53,4.86218084
2023-12-28 13:51:00,76.52,76.57,76.54,76.57,214.07946765
2023-12-28 13:50:00,76.5,76.57,76.57,76.54,194.61792087
2023-12-28 13:49:00,76.51,76.57,76.53,76.54,164.85560438
2023-12-28 13:48:00,76.49,76.53,76.53,76.52,14.73595957
2023-12-28 13:47:00,76.5,76.57,76.52,76.53,45.88237184
2023-12-28 13:46:00,76.49,76.57,76.49,76.53,79.53264915
2023-12-28 13:45:00,76.29,76.48,76.37,76.48,87.80298035
2023-12-28 13:44:00,76.32,76.46,76.32,76.39,59.81583021
2023-12-28 13:43:00,76.09,76.31,76.09,76.3,76.721862
2023-12-28 13:42:00,76.11,76.22,76.21,76.11,177.28632642
2023-12-28 13:41:00,76.21,76.35,76.25,76.21,155.82497874
2023-12-28 13:40:00,76.29,76.51,76.51,76.29,124.75383096
2023-12-28 13:39:00,76.37,76.51,76.44,76.5,99.97580727
2023-12-28 13:38:00,76.36,76.45,76.39,76.43,32.21691998
2023-12-28 13:37:00,76.39,76.53,76.44,76.39,195.42347033
2023-12-28 13:36:00,76.41,76.62,76.62,76.41,107.87232777
2023-12-28 13:35:00,76.61,76.76,76.76,76.61,46.70570418
2023-12-28 13:34:00,76.76,76.88,76.87,76.76,15.68147985
2023-12-28 13:33:00,76.73,76.8,76.78,76.74,77.76395493
2023-12-28 13:32:00,76.76,76.88,76.85,76.83,155.04148681
2023-12-28 13:31:00,76.77,76.89,76.77,76.82,197.42412492
2023-12-28 13:30:00,76.63,76.82,76.64,76.77,70.36657668
2023-12-28 13:29:00,76.6,76.68,76.62,76.67,21.82017791
2023-12-28 13:28:00,76.65,76.74,76.72,76.66,24.17532214
2023-12-28 13:27:00,76.7,76.76,76.75,76.74,4.68567805
2023-12-28 13:26:00,76.77,76.99,76.97,76.77,85.33593647
2023-12-28 13:25:00,76.71,77.04,76.71,77.03,173.18022328
2023-12-28 13:24:00,76.62,76.72,76.65,76.71,136.34477671
2023-12-28 13:23:00,76.49,76.63,76.52,76.62,53.08483363
2023-12-28 13:22:00,76.53,76.6,76.6,76.53,7.31758271
2023-12-28 13:21:00,76.55,76.61,76.55,76.61,55.76888547
2023-12-28 13:20:00,76.48,76.56,76.56,76.55,16.08334623
2023-12-28 13:19:00,76.48,76.54,76.54,76.54,27.19909191
2023-12-28 13:18:00,76.44,76.55,76.46,76.54,152.47364836
2023-12-28 13:17:00,76.38,76.47,76.4,76.46,36.88271169
2023-12-28 13:16:00,76.37,76.47,76.4,76.39,102.49142361
2023-12-28 13:15:00,76.2,76.46,76.2,76.46,319.22011443
2023-12-28 13:14:00,76.16,76.28,76.22,76.17,19.13858677
2023-12-28 13:13:00,76.17,76.33,76.3,76.17,104.04634298
2023-12-28 13:12:00,76.18,76.32,76.18,76.31,95.37652414
2023-12-28 13:11:00,76.19,76.26,76.24,76.2,120.02764877
2023-12-28 13:10:00,76.05,76.31,76.16,76.23,326.28860062
2023-12-28 13:09:00,76.12,76.46,76.4,76.16,884.87375815
2023-12-28 13:08:00,76.32,76.43,76.32,76.4,483.40850857
2023-12-28 13:07:00,76.25,76.38,76.25,76.38,39.83835039
2023-12-28 13:06:00,76.22,76.37,76.31,76.22,42.41902421
2023-12-28 13:05:00,76.11,76.39,76.38,76.18,229.79056422
2023-12-28 13:04:00,76.22,76.36,76.23,76.36,54.7806572
2023-12-28 13:03:00,76.05,76.25,76.21,76.25,333.73619085
2023-12-28 13:02:00,75.76,76.21,75.76,76.19,456.00137148
2023-12-28 13:01:00,75.46,75.91,75.91,75.67,2528.21231473
2023-12-28 13:00:00,75.74,76.24,76.14,75.94,1795.04242649
2023-12-28 12:59:00,75.99,76.21,76.17,76.13,608.66864992
2023-12-28 12:58:00,76.13,76.37,76.37,76.15,628.71792084
2023-12-28 12:57:00,76.25,76.44,76.42,76.42,334.94667064
2023-12-28 12:56:00,76.45,76.88,76.88,76.54,2212.44716656
2023-12-28 12:55:00,76.95,77.03,77.03,76.95,83.86448435
2023-12-28 12:54:00,77.01,77.12,77.08,77.03,269.73949703
2023-12-28 12:53:00,77.08,77.12,77.12,77.08,80.73916847
2023-12-28 12:52:00,77.08,77.21,77.21,77.12,1085.57817919
2023-12-28 12:51:00,77.12,77.21,77.2,77.2,69.59272857
2023-12-28 12:50:00,77.12,77.17,77.15,77.17,10.00648298
2023-12-28 12:49:00,77.13,77.21,77.15,77.19,31.107868
2023-12-28 12:48:00,77.09,77.18,77.18,77.09,14.84867153
2023-12-28 12:47:00,77.06,77.19,77.19,77.16,27.22118643
2023-12-28 12:46:00,77.06,77.2,77.06,77.2,49.74055816
2023-12-28 12:45:00,77.03,77.1,77.07,77.04,122.50243236
2023-12-28 12:44:00,77.07,77.16,77.14,77.11,192.27394445
2023-12-28 12:43:00,77.06,77.2,77.06,77.15,258.91672599
2023-12-28 12:42:00,76.99,77.03,76.99,77.03,57.01470152
2023-12-28 12:41:00,76.97,77.01,77.01,77.0,202.92545202
2023-12-28 12:40:00,76.98,77.04,77.04,77.01,137.58171949
2023-12-28 12:39:00,76.9,77.05,76.98,77.04,645.64804469
2023-12-28 12:38:00,76.95,77.03,77.03,77.0,373.8457959
2023-12-28 12:37:00,77.0,77.06,77.01,77.02,77.36275021
2023-12-28 12:36:00,77.02,77.13,77.11,77.03,79.45254299
2023-12-28 12:35:00,77.03,77.09,77.05,77.09,98.61675856
2023-12-28 12:34:00,76.97,77.07,77.0,77.05,74.25955447
2023-12-28 12:33:00,76.97,77.01,77.01,76.99,243.60125062
2023-12-28 12:32:00,77.0,77.04,77.02,77.01,117.4124301
2023-12-28 12:31:00,77.03,77.1,77.06,77.04,53.17973328
2023-12-28 12:30:00,77.01,77.08,77.07,77.03,207.30346778
2023-12-28 12:29:00,77.08,77.11,77.1,77.08,133.68424275
2023-12-28 12:28:00,77.06,77.12,77.06,77.11,32.08629898
2023-12-28 12:27:00,77.04,77.09,77.07,77.04,119.53584147
2023-12-28 12:26:00,77.04,77.12,77.08,77.08,191.81876944
2023-12-28 12:25:00,77.04,77.09,77.08,77.05,249.31988053
2023-12-28 12:24:00,77.08,77.16,77.08,77.09,113.04056066
2023-12-28 12:23:00,77.05,77.1,77.08,77.07,109.38879196
2023-12-28 12:22:00,77.04,77.11,77.11,77.08,640.76652514
2023-12-28 12:21:00,77.12,77.17,77.13,77.12,55.32562272
2023-12-28 12:20:00,77.13,77.22,77.21,77.13,253.06901731
2023-12-28 12:19:00,77.19,77.23,77.22,77.23,269.28670735
2023-12-28 12:18:00,77.24,77.35,77.3,77.24,78.35833101
2023-12-28 12:17:00,77.18,77.27,77.27,77.27,266.12893534
2023-12-28 12:16:00,77.22,77.28,77.25,77.27,115.70037561
2023-12-28 12:15:00,77.14,77.26,77.14,77.26,113.03460231
2023-12-28 12:14:00,77.13,77.19,77.19,77.13,59.82908309
2023-12-28 12:13:00,77.14,77.22,77.16,77.19,110.28165293
2023-12-28 12:12:00,77.17,77.29,77.28,77.17,65.85950242
2023-12-28 12:11:00,77.28,77.35,77.34,77.29,140.00946597
2023-12-28 12:10:00,77.29,77.34,77.29,77.34,76.19614505
2023-12-28 12:09:00,77.26,77.3,77.26,77.29,41.83214366
2023-12-28 12:08:00,77.18,77.26,77.19,77.26,84.51918738
2023-12-28 12:07:00,77.09,77.14,77.1,77.13,425.46826809
2023-12-28 12:06:00,77.08,77.12,77.11,77.1,21.53666426
2023-12-28 12:05:00,77.09,77.12,77.09,77.1,26.12839442
2023-12-28 12:04:00,77.05,77.1,77.06,77.09,101.89915735
2023-12-28 12:03:00,77.05,77.07,77.06,77.06,109.52466845
2023-12-28 12:02:00,76.95,77.15,77.07,77.06,3119.03808138
2023-12-28 12:01:00,76.95,77.11,77.08,77.06,3172.88450963
2023-12-28 12:00:00,77.03,77.14,77.11,77.09,1732.65021782
2023-12-28 11:59:00,77.1,77.14,77.11,77.14,19.0326317
2023-12-28 11:58:00,77.1,77.15,77.14,77.12,45.33117524
2023-12-28 11:57:00,77.11,77.16,77.16,77.11,43.72476776
2023-12-28 11:56:00,77.16,77.24,77.21,77.16,60.53260151
2023-12-28 11:55:00,77.2,77.27,77.24,77.2,54.54876277
2023-12-28 11:54:00,77.17,77.25,77.21,77.25,68.24319907
2023-12-28 11:53:00,77.18,77.21,77.19,77.19,14.05937576
2023-12-28 11:52:00,77.16,77.2,77.17,77.17,16.18405128
2023-12-28 11:51:00,77.16,77.23,77.19,77.16,22.5940447
2023-12-28 11:50:00,77.16,77.21,77.16,77.19,12.63943595
2023-12-28 11:49:00,77.15,77.2,77.19,77.15,15.05762922
2023-12-28 11:48:00,77.22,77.24,77.22,77.22,9.63934118
2023-12-28 11:47:00,77.2,77.23,77.23,77.2,19.2590211
2023-12-28 11:46:00,77.19,77.25,77.19,77.21,11.23411928
2023-12-28 11:45:00,77.16,77.21,77.21,77.16,25.62921692
2023-12-28 11:44:00,77.22,77.25,77.25,77.23,26.91261935
2023-12-28 11:43:00,77.14,77.28,77.17,77.27,88.5932555
2023-12-28 11:42:00,77.17,77.21,77.21,77.18,23.52541345
2023-12-28 11:41:00,77.18,77.22,77.19,77.19,13.02279071
2023-12-28 11:40:00,77.16,77.21,77.21,77.18,26.8074965
2023-12-28 11:39:00,77.21,77.3,77.3,77.24,250.60262427
2023-12-28 11:38:00,77.27,77.33,77.27,77.3,47.95896013
2023-12-28 11:37:00,77.28,77.35,77.35,77.3,72.93107951
2023-12-28 11:36:00,77.32,77.41,77.36,77.37,469.02397409
2023-12-28 11:35:00,77.17,77.35,77.22,77.35,872.8242118
2023-12-28 11:34:00,77.21,77.26,77.23,77.24,66.14500206
2023-12-28 11:33:00,77.18,77.28,77.28,77.25,552.46960452
2023-12-28 11:32:00,77.24,77.29,77.29,77.27,13.35146509
2023-12-28 11:31:00,77.28,77.35,77.33,77.29,22.07255997
2023-12-28 11:30:00,77.3,77.4,77.37,77.33,100.73139616
2023-12-28 11:29:00,77.34,77.38,77.38,77.36,30.15479307
2023-12-28 11:28:00,77.34,77.41,77.41,77.37,295.09451557
2023-12-28 11:27:00,77.42,77.48,77.44,77.44,257.63271214
2023-12-28 11:26:00,77.45,77.55,77.51,77.46,244.20437409
2023-12-28 11:25:00,77.41,77.54,77.42,77.54,89.9245778
2023-12-28 11:24:00,77.44,77.53,77.47,77.44,340.41617407
2023-12-28 11:23:00,77.4,77.48,77.4,77.46,52.3050952
2023-12-28 11:22:00,77.33,77.41,77.33,77.38,23.61788819
2023-12-28 11:21:00,77.18,77.32,77.22,77.32,124.07943495
2023-12-28 11:20:00,77.19,77.26,77.24,77.21,21.02120525
2023-12-28 11:19:00,77.14,77.21,77.14,77.21,1.05556379
2023-12-28 11:18:00,77.1,77.14,77.12,77.13,6.45561546
2023-12-28 11:17:00,77.08,77.12,77.11,77.12,49.10026742
2023-12-28 11:16:00,77.1,77.13,77.11,77.1,13.07042039
2023-12-28 11:15:00,77.09,77.14,77.14,77.11,29.07308987
2023-12-28 11:14:00,77.13,77.19,77.15,77.14,5.74798108
2023-12-28 11:13:00,77.12,77.17,77.17,77.15,68.04318781
2023-12-28 11:12:00,77.15,77.21,77.2,77.18,166.6355762
2023-12-28 11:11:00,77.19,77.37,77.37,77.19,585.84781595
2023-12-28 11:10:00,77.35,77.47,77.39,77.35,698.40786656
2023-12-28 11:09:00,77.33,77.42,77.42,77.37,125.91200989
2023-12-28 11:08:00,77.28,77.4,77.28,77.4,158.66298978
2023-12-28 11:07:00,77.3,77.39,77.38,77.3,111.18543746
2023-12-28 11:06:00,77.4,77.46,77.4,77.41,23.77365396
2023-12-28 11:05:00,77.37,77.65,77.39,77.42,2905.53555299
2023-12-28 11:04:00,77.34,77.44,77.34,77.44,138.65166908
2023-12-28 11:03:00,77.3,77.35,77.3,77.35,39.94682057
2023-12-28 11:02:00,77.29,77.32,77.3,77.29,18.29798139
2023-12-28 11:01:00,77.25,77.35,77.32,77.28,94.0023798
2023-12-28 11:00:00,77.29,77.35,77.31,77.31,171.50389853
2023-12-28 10:59:00,77.17,77.33,77.17,77.3,1080.24610025
2023-12-28 10:58:00,77.15,77.26,77.23,77.16,1116.48176179
2023-12-28 10:57:00,77.21,77.24,77.23,77.22,3.51931142
2023-12-28 10:56:00,77.17,77.27,77.17,77.2,374.26079113
2023-12-28 10:55:00,77.2,77.26,77.24,77.2,26.96470011
2023-12-28 10:54:00,77.19,77.25,77.25,77.22,129.57481638
2023-12-28 10:53:00,77.11,77.23,77.11,77.23,361.48712696
2023-12-28 10:52:00,77.12,77.14,77.12,77.12,21.52958759
2023-12-28 10:51:00,77.13,77.17,77.13,77.13,76.28540691
2023-12-28 10:50:00,77.14,77.29,77.29,77.15,327.75309163
2023-12-28 10:49:00,77.27,77.35,77.32,77.35,206.7192138
2023-12-28 10:48:00,77.26,77.32,77.28,77.32,120.95428121
2023-12-28 10:47:00,77.25,77.3,77.27,77.28,61.64389214
2023-12-28 10:46:00,77.23,77.3,77.23,77.28,42.84005593
2023-12-28 10:45:00,77.18,77.29,77.18,77.23,181.17303313
2023-12-28 10:44:00,77.15,77.18,77.18,77.17,78.38177376
2023-12-28 10:43:00,77.15,77.24,77.21,77.16,115.81283746
2023-12-28 10:42:00,77.19,77.31,77.23,77.19,590.68001007
2023-12-28 10:41:00,77.16,77.25,77.18,77.23,37.57255929
2023-12-28 10:40:00,77.12,77.23,77.13,77.18,489.57260566
2023-12-28 10:39:00,77.12,77.25,77.21,77.15,1086.58609988
2023-12-28 10:38:00,76.82,77.23,76.97,77.2,2276.87153695
2023-12-28 10:37:00,76.93,76.99,76.96,76.97,43.15489786
2023-12-28 10:36:00,76.88,76.96,76.92,76.96,851.51202487
2023-12-28 10:35:00,76.87,76.94,76.88,76.9,42.70525385
2023-12-28 10:34:00,76.89,76.97,76.97,76.89,84.42570824
2023-12-28 10:33:00,76.93,76.99,76.99,76.96,139.08343621
2023-12-28 10:32:00,76.99,77.03,77.01,76.99,43.20498259
2023-12-28 10:31:00,76.98,77.02,76.98,77.0,44.39854985
2023-12-28 10:30:00,76.96,77.01,77.01,77.01,90.78109727
2023-12-28 10:29:00,76.98,77.01,77.01,76.99,43.01393539
2023-12-28 10:28:00,76.98,77.1,77.08,77.0,228.8909665
2023-12-28 10:27:00,77.04,77.08,77.06,77.08,31.67862615
2023-12-28 10:26:00,77.01,77.05,77.05,77.05,41.57426189
2023-12-28 10:25:00,76.98,77.07,77.04,77.03,237.91935071
2023-12-28 10:24:00,77.05,77.16,77.08,77.05,1004.53364251
2023-12-28 10:23:00,77.03,77.11,77.05,77.08,244.81810895
2023-12-28 10:22:00,77.0,77.18,77.01,77.05,565.59728139
2023-12-28 10:21:00,76.94,77.02,76.95,77.0,49.64967133
2023-12-28 10:20:00,76.94,77.03,76.98,76.94,54.50050798
2023-12-28 10:19:00,76.94,77.04,77.04,76.98,109.85293972
2023-12-28 10:18:00,76.94,77.04,76.94,77.04,43.77903553
2023-12-28 10:17:00,76.97,77.04,77.04,76.99,23.12444816
2023-12-28 10:16:00,76.99,77.15,77.07,77.02,694.50053853
2023-12-28 10:15:00,77.05,77.18,77.18,77.09,268.88505654
2023-12-28 10:14:00,77.06,77.18,77.13,77.18,101.98125653
2023-12-28 10:13:00,77.05,77.2,77.05,77.16,218.46739626
2023-12-28 10:12:00,76.98,77.05,76.98,77.05,37.01485269
2023-12-28 10:11:00,76.96,77.01,77.01,76.97,25.19202969
2023-12-28 10:10:00,76.97,77.08,77.01,77.03,326.63069736
2023-12-28 10:09:00,76.7,77.04,76.75,77.0,1503.44690313
2023-12-28 10:08:00,76.71,76.83,76.71,76.82,81.83608703
2023-12-28 10:07:00,76.68,76.72,76.7,76.72,3.45291999
2023-12-28 10:06:00,76.66,76.73,76.73,76.67,23.83296163
2023-12-28 10:05:00,76.73,76.84,76.77,76.73,39.3459858
2023-12-28 10:04:00,76.78,76.89,76.82,76.79,283.40476798
2023-12-28 10:03:00,76.56,76.84,76.58,76.81,1022.60620885
2023-12-28 10:02:00,76.55,76.61,76.55,76.61,27.95372966
2023-12-28 10:01:00,76.51,76.58,76.52,76.56,16.67692874
2023-12-28 10:00:00,76.52,76.57,76.57,76.52,18.58864947
2023-12-28 09:59:00,76.48,76.55,76.48,76.55,4.95785342
2023-12-28 09:58:00,76.48,76.51,76.51,76.49,40.23607124
2023-12-28 09:57:00,76.52,76.6,76.6,76.53,11.12762794
2023-12-28 09:56:00,76.59,76.65,76.61,76.6,13.89640864
2023-12-28 09:55:00,76.54,76.71,76.56,76.65,159.71105315
2023-12-28 09:54:00,76.5,76.58,76.5,76.56,15.74521008
2023-12-28 09:53:00,76.46,76.49,76.46,76.49,3.25019077
2023-12-28 09:52:00,76.47,76.5,76.5,76.47,85.24259324
2023-12-28 09:51:00,76.46,76.49,76.49,76.46,85.63367382
2023-12-28 09:50:00,76.45,76.59,76.49,76.5,642.08890858
2023-12-28 09:49:00,76.42,76.48,76.44,76.48,108.16386382
2023-12-28 09:48:00,76.42,76.45,76.44,76.45,62.81820662
2023-12-28 09:47:00,76.45,76.47,76.47,76.45,15.41923005
2023-12-28 09:46:00,76.48,76.49,76.48,76.49,5.06459906
2023-12-28 09:45:00,76.45,76.51,76.45,76.48,182.91112096
2023-12-28 09:44:00,76.45,76.47,76.46,76.45,38.46651897
2023-12-28 09:43:00,76.45,76.48,76.48,76.45,2.71085917
2023-12-28 09:42:00,76.44,76.51,76.46,76.44,282.00879975
2023-12-28 09:41:00,76.46,76.49,76.49,76.47,65.37536464
2023-12-28 09:40:00,76.47,76.54,76.54,76.48,199.38862282
2023-12-28 09:39:00,76.56,76.59,76.57,76.56,42.48652719
2023-12-28 09:38:00,76.58,76.62,76.6,76.58,74.60030133
2023-12-28 09:37:00,76.59,76.65,76.59,76.65,4.71815509
2023-12-28 09:36:00,76.57,76.6,76.57,76.58,61.31530476
2023-12-28 09:35:00,76.53,76.59,76.53,76.57,33.78935043
2023-12-28 09:34:00,76.5,76.54,76.54,76.53,10.21931542
2023-12-28 09:33:00,76.51,76.58,76.51,76.54,158.67393961
2023-12-28 09:32:00,76.48,76.56,76.56,76.51,72.24277377
2023-12-28 09:31:00,76.54,76.57,76.57,76.56,51.31319271
2023-12-28 09:30:00,76.48,76.57,76.51,76.57,24.5716805
2023-12-28 09:29:00,76.47,76.52,76.47,76.52,0.67960533
2023-12-28 09:28:00,76.48,76.54,76.54,76.48,1.29612904
2023-12-28 09:27:00,76.5,76.52,76.5,76.52,30.30137831
2023-12-28 09:26:00,76.45,76.55,76.55,76.52,164.67340164
2023-12-28 09:25:00,76.51,76.74,76.73,76.54,956.6034884
2023-12-28 09:24:00,76.72,76.77,76.74,76.72,36.57883941
2023-12-28 09:23:00,76.64,76.74,76.64,76.73,23.5733
2023-12-28 09:22:00,76.63,76.71,76.7,76.63,23.68691165
2023-12-28 19:22:00,76.37,76.47,76.37,76.46,67.93562773
2023-12-28 19:21:00,76.27,76.41,76.41,76.35,94.62895436
2023-12-28 19:20:00,76.34,76.43,76.42,76.42,82.28844441
2023-12-28 19:19:00,76.36,76.46,76.38,76.4,183.4733396
2023-12-28 19:18:00,76.28,76.41,76.33,76.38,83.05281617
2023-12-28 19:17:00,76.21,76.35,76.21,76.31,53.39998797
2023-12-28 19:16:00,76.18,76.25,76.25,76.22,34.21216205
2023-12-28 19:15:00,76.1,76.28,76.24,76.25,513.48943472
2023-12-28 19:14:00,76.24,76.33,76.28,76.26,165.13766272
2023-12-28 19:13:00,76.22,76.28,76.22,76.28,34.60076577
2023-12-28 19:12:00,76.21,76.24,76.22,76.22,31.23471679
2023-12-28 19:11:00,76.14,76.22,76.14,76.22,26.37415072
2023-12-28 19:10:00,76.14,76.19,76.15,76.16,79.04158893
2023-12-28 19:09:00,76.13,76.16,76.16,76.16,23.66250079
2023-12-28 19:08:00,76.11,76.17,76.13,76.16,59.25249965
2023-12-28 19:07:00,76.08,76.21,76.13,76.14,138.68674754
2023-12-28 19:06:00,76.05,76.14,76.07,76.13,56.29187335
2023-12-28 19:05:00,76.03,76.11,76.03,76.09,139.20999826
2023-12-28 19:04:00,76.02,76.06,76.05,76.03,53.92970037
2023-12-28 19:03:00,75.9,76.04,75.91,76.03,43.41755896
2023-12-28 19:02:00,75.83,75.93,75.93,75.91,153.99262025
2023-12-28 19:01:00,75.94,76.07,76.01,75.96,274.58514496
2023-12-28 19:00:00,75.98,76.03,76.0,76.01,157.59646616
2023-12-28 18:59:00,75.89,76.01,75.9,76.01,383.33805573
2023-12-28 18:58:00,75.85,75.91,75.9,75.9,92.55270015
2023-12-28 18:57:00,75.87,75.96,75.94,75.91,232.70248734
2023-12-28 18:56:00,75.77,75.96,75.77,75.93,1692.37681033
2023-12-28 18:55:00,75.71,75.79,75.79,75.77,142.70156763
2023-12-28 18:54:00,75.72,75.82,75.72,75.79,100.90650986
2023-12-28 18:53:00,75.68,75.73,75.69,75.71,44.21220798
2023-12-28 18:52:00,75.59,75.71,75.59,75.69,52.39057142
2023-12-28 18:51:00,75.47,75.71,75.47,75.59,1143.68949036
2023-12-28 18:50:00,75.27,75.6,75.29,75.43,4521.36987543
2023-12-28 18:49:00,75.26,75.3,75.26,75.29,29.21006274
2023-12-28 18:48:00,75.26,75.33,75.33,75.27,79.96223451
2023-12-28 18:47:00,75.28,75.37,75.33,75.36,60.93987184
2023-12-28 18:46:00,75.22,75.35,75.28,75.31,39.61629441
2023-12-28 18:45:00,75.2,75.33,75.23,75.27,108.93931377
2023-12-28 18:44:00,75.18,75.27,75.26,75.22,27.10559082
2023-12-28 18:43:00,75.25,75.31,75.27,75.26,15.56267707
2023-12-28 18:42:00,75.22,75.31,75.3,75.28,91.00265619
2023-12-28 18:41:00,75.28,75.42,75.39,75.3,55.35479456
2023-12-28 18:40:00,75.31,75.41,75.4,75.4,83.20285157
2023-12-28 18:39:00,75.36,75.42,75.37,75.41,29.12863324
2023-12-28 18:38:00,75.32,75.39,75.33,75.35,23.87587073
2023-12-28 18:37:00,75.28,75.42,75.42,75.33,66.98861075
2023-12-28 18:36:00,75.37,75.45,75.4,75.41,82.09939346
2023-12-28 18:35:00,75.41,75.51,75.5,75.41,42.93760979
2023-12-28 18:34:00,75.48,75.6,75.6,75.5,125.56253437
2023-12-28 18:33:00,75.61,75.72,75.71,75.63,48.35602669
2023-12-28 18:32:00,75.77,75.82,75.8,75.78,64.41243427
2023-12-28 18:31:00,75.69,75.8,75.69,75.8,74.77573703
2023-12-28 18:30:00,75.57,75.68,75.63,75.66,46.65295937
2023-12-28 18:29:00,75.6,75.64,75.64,75.62,24.78063621
2023-12-28 18:28:00,75.57,75.66,75.57,75.65,127.51728544
2023-12-28 18:27:00,75.53,75.58,75.54,75.58,76.80904009
2023-12-28 18:26:00,75.48,75.59,75.59,75.53,84.2991042
2023-12-28 18:25:00,75.57,75.65,75.64,75.59,43.50603271
2023-12-28 18:24:00,75.59,75.7,75.7,75.65,153.65226402
2023-12-28 18:23:00,75.64,75.71,75.67,75.71,12.81882153
2023-12-28 18:22:00,75.61,75.67,75.62,75.67,57.12665627
2023-12-28 18:21:00,75.59,75.67,75.59,75.61,332.11727584
2023-12-28 18:20:00,75.47,75.6,75.48,75.59,94.85764918
2023-12-28 18:19:00,75.39,75.44,75.41,75.43,52.70780941
2023-12-28 18:18:00,75.24,75.37,75.29,75.33,561.88458497
2023-12-28 18:17:00,75.25,75.41,75.39,75.26,180.42516486
2023-12-28 18:16:00,75.39,75.5,75.5,75.39,116.33110359
2023-12-28 18:15:00,75.49,75.56,75.56,75.5,173.61639222
2023-12-28 18:14:00,75.5,75.65,75.65,75.55,537.3962372
2023-12-28 18:13:00,75.63,75.69,75.66,75.65,17.27164681
2023-12-28 18:12:00,75.58,75.68,75.66,75.65,224.65543516
2023-12-28 18:11:00,75.68,75.72,75.71,75.7,65.8825621
2023-12-28 18:10:00,75.54,75.73,75.54,75.72,166.39371101
2023-12-28 18:09:00,75.54,75.63,75.62,75.55,166.30368053
2023-12-28 18:08:00,75.63,75.67,75.66,75.65,117.0168192
2023-12-28 18:07:00,75.67,75.77,75.76,75.68,42.94081362
2023-12-28 18:06:00,75.71,75.77,75.76,75.74,124.15256526
2023-12-28 18:05:00,75.75,75.85,75.85,75.75,111.76035763
2023-12-28 18:04:00,75.76,75.85,75.76,75.84,48.15527722
2023-12-28 18:03:00,75.71,75.81,75.71,75.76,138.28533709
2023-12-28 18:02:00,75.69,75.8,75.8,75.71,108.70645145
2023-12-28 18:01:00,75.74,75.83,75.78,75.77,55.56429273
2023-12-28 18:00:00,75.64,75.75,75.64,75.75,118.22549831
2023-12-28 17:59:00,75.65,75.78,75.78,75.66,364.28751256
2023-12-28 17:58:00,75.68,75.76,75.72,75.76,89.81698642
2023-12-28 17:57:00,75.53,75.72,75.55,75.72,383.49068254
2023-12-28 17:56:00,75.34,75.55,75.34,75.55,65.33577864
2023-12-28 17:55:00,75.32,75.42,75.38,75.35,200.2192001
2023-12-28 17:54:00,75.35,75.46,75.39,75.38,278.20458995
2023-12-28 17:53:00,75.34,75.42,75.34,75.35,106.1496028
2023-12-28 17:52:00,75.3,75.47,75.34,75.33,111.02412905
2023-12-28 17:51:00,75.33,75.41,75.39,75.36,254.77308131
2023-12-28 17:50:00,75.4,75.57,75.57,75.44,216.17639734
2023-12-28 17:49:00,75.57,75.64,75.61,75.57,27.63561596
2023-12-28 17:48:00,75.6,75.69,75.69,75.6,111.67479552
2023-12-28 17:47:00,75.66,75.72,75.7,75.67,147.50033803
2023-12-28 17:46:00,75.68,75.76,75.74,75.7,29.14335323
2023-12-28 17:45:00,75.72,75.82,75.81,75.73,133.82580973
2023-12-28 17:44:00,75.81,75.9,75.85,75.81,168.09757212
2023-12-28 17:43:00,75.83,75.9,75.9,75.84,43.99948625
2023-12-28 17:42:00,75.77,75.91,75.78,75.91,97.73281227
2023-12-28 17:41:00,75.69,75.82,75.75,75.79,56.34206626
2023-12-28 17:40:00,75.71,75.85,75.82,75.73,410.88361486
2023-12-28 17:39:00,75.78,75.87,75.85,75.82,38.17231109
2023-12-28 17:38:00,75.77,75.85,75.77,75.85,93.08177799
2023-12-28 17:37:00,75.73,75.77,75.76,75.77,35.72511298
2023-12-28 17:36:00,75.71,75.8,75.72,75.75,69.41926091
2023-12-28 17:35:00,75.72,75.79,75.75,75.73,292.64305831
2023-12-28 17:34:00,75.74,75.8,75.74,75.76,83.61786893
2023-12-28 17:33:00,75.68,75.75,75.69,75.75,60.38094809
2023-12-28 17:32:00,75.63,75.71,75.63,75.69,29.27887768
2023-12-28 17:31:00,75.63,75.69,75.64,75.64,142.08392535
2023-12-28 17:30:00,75.51,75.62,75.51,75.62,55.86615254
2023-12-28 17:29:00,75.47,75.51,75.5,75.47,112.44396317
2023-12-28 17:28:00,75.47,75.56,75.55,75.47,145.28562014
2023-12-28 17:27:00,75.54,75.64,75.64,75.55,40.92492426
2023-12-28 17:26:00,75.61,75.66,75.61,75.64,50.62061697
2023-12-28 17:25:00,75.56,75.61,75.57,75.61,75.44765432
2023-12-28 17:24:00,75.51,75.58,75.52,75.56,22.93724984
2023-12-28 17:23:00,75.49,75.52,75.5,75.51,25.92617025
2023-12-28 17:22:00,75.45,75.51,75.45,75.51,36.17629219
2023-12-28 17:21:00,75.41,75.5,75.42,75.45,70.53227984
2023-12-28 17:20:00,75.38,75.44,75.44,75.43,37.47972818
2023-12-28 17:19:00,75.41,75.48,75.48,75.43,134.9049671
2023-12-28 17:18:00,75.46,75.51,75.49,75.5,55.9612195
2023-12-28 17:17:00,75.42,75.49,75.43,75.48,103.78414737
2023-12-28 17:16:00,75.34,75.46,75.34,75.45,114.01590937
2023-12-28 17:15:00,75.22,75.37,75.25,75.35,59.24429887
2023-12-28 17:14:00,75.26,75.3,75.29,75.26,36.58110133
2023-12-28 17:13:00,75.29,75.36,75.36,75.3,28.58778327
2023-12-28 17:12:00,75.34,75.38,75.36,75.35,34.69404962
2023-12-28 17:11:00,75.29,75.38,75.29,75.37,113.3202832
2023-12-28 17:10:00,75.22,75.31,75.24,75.3,31.54811016
2023-12-28 17:09:00,75.16,75.24,75.18,75.24,33.15085237
2023-12-28 17:08:00,75.13,75.2,75.18,75.18,86.58290887
2023-12-28 17:07:00,75.16,75.25,75.23,75.19,62.73793795
2023-12-28 17:06:00,75.2,75.25,75.2,75.24,86.32403882
2023-12-28 17:05:00,75.11,75.19,75.13,75.19,39.16822379
2023-12-28 17:04:00,75.08,75.15,75.15,75.12,49.76396421
2023-12-28 17:03:00,75.11,75.22,75.22,75.14,31.96624295
2023-12-28 17:02:00,75.2,75.25,75.23,75.23,51.33090047
2023-12-28 17:01:00,75.15,75.24,75.19,75.23,46.29316036
2023-12-28 17:00:00,75.13,75.21,75.15,75.19,67.66333225
2023-12-28 16:59:00,75.11,75.16,75.14,75.11,41.36083696
2023-12-28 16:58:00,75.05,75.1,75.07,75.1,54.59620415
2023-12-28 16:57:00,75.07,75.17,75.17,75.07,21.91523476
2023-12-28 16:56:00,75.06,75.17,75.17,75.17,30.56824295
2023-12-28 16:55:00,75.06,75.18,75.08,75.16,154.01734439
2023-12-28 16:54:00,75.01,75.11,75.05,75.11,80.63869849
2023-12-28 16:53:00,75.01,75.09,75.01,75.04,88.32237587
2023-12-28 16:52:00,75.02,75.08,75.08,75.02,18.28728138
2023-12-28 16:51:00,75.04,75.13,75.04,75.09,232.53437693
2023-12-28 16:50:00,75.03,75.19,75.18,75.05,129.0689452
2023-12-28 16:49:00,75.2,75.31,75.26,75.2,81.42470947
2023-12-28 16:48:00,75.2,75.28,75.2,75.27,121.86056295
2023-12-28 16:47:00,75.12,75.22,75.15,75.2,196.02052441
2023-12-28 16:46:00,75.02,75.16,75.1,75.16,47.07623482
2023-12-28 16:45:00,75.08,75.13,75.12,75.1,33.20138237
2023-12-28 16:44:00,75.11,75.2,75.18,75.13,145.34513048
2023-12-28 16:43:00,75.09,75.2,75.12,75.17,193.54859452
2023-12-28 16:42:00,75.06,75.13,75.06,75.12,31.27379142
2023-12-28 16:41:00,75.0,75.07,75.0,75.02,360.92188704
2023-12-28 16:40:00,74.97,75.04,75.04,74.99,156.4207673
2023-12-28 16:39:00,75.02,75.14,75.08,75.07,159.4336074
2023-12-28 16:38:00,75.0,75.11,75.03,75.1,28.35412545
2023-12-28 16:37:00,74.94,75.03,74.96,75.03,22.54851635
2023-12-28 16:36:00,74.86,74.99,74.92,74.96,50.50448025
2023-12-28 16:35:00,74.83,75.02,75.02,74.9,61.21503832
2023-12-28 16:34:00,75.02,75.09,75.06,75.02,149.70544921
2023-12-28 16:33:00,74.83,75.03,74.85,75.03,305.36998839
2023-12-28 16:32:00,74.77,74.97,74.9,74.84,1199.01187204
2023-12-28 16:31:00,74.77,74.91,74.79,74.91,112.35848417
2023-12-28 16:30:00,74.68,74.81,74.68,74.81,126.67340405
2023-12-28 16:29:00,74.55,74.69,74.57,74.69,26.77207023
2023-12-28 16:28:00,74.54,74.61,74.6,74.57,171.8397544
2023-12-28 16:27:00,74.55,74.7,74.64,74.62,192.16662445
2023-12-28 16:26:00,74.66,74.79,74.78,74.66,176.04070972
2023-12-28 16:25:00,74.62,74.77,74.66,74.75,83.04050191
2023-12-28 16:24:00,74.65,74.75,74.73,74.66,233.65698435
2023-12-28 16:23:00,74.72,74.83,74.83,74.72,89.41096849
2023-12-28 16:22:00,74.75,74.86,74.79,74.8,251.01364269
2023-12-28 16:21:00,74.8,74.91,74.85,74.8,250.23720114
2023-12-28 16:20:00,74.7,74.9,74.71,74.87,125.78408866
2023-12-28 16:19:00,74.71,74.87,74.85,74.71,105.92372427
2023-12-28 16:18:00,74.86,74.97,74.87,74.87,145.39005797
2023-12-28 16:17:00,74.87,74.97,74.95,74.88,84.02668808
2023-12-28 16:16:00,74.86,74.98,74.97,74.96,161.79505843
2023-12-28 16:15:00,74.93,75.03,75.0,74.99,106.33790591
2023-12-28 16:14:00,75.05,75.11,75.08,75.07,35.4481567
2023-12-28 16:13:00,74.92,75.13,74.94,75.11,154.06049554
2023-12-28 16:12:00,74.94,75.04,75.0,74.96,733.51820884
2023-12-28 16:11:00,74.89,75.0,74.97,74.99,153.78201839
2023-12-28 16:10:00,74.91,75.14,75.14,74.98,1040.94939694
2023-12-28 16:09:00,75.01,75.14,75.14,75.1,392.78594131
2023-12-28 16:08:00,75.08,75.16,75.09,75.13,314.79406063
2023-12-28 16:07:00,74.84,75.08,74.84,75.08,41.5804299
2023-12-28 16:06:00,74.73,74.86,74.85,74.8,1081.0801752
2023-12-28 16:05:00,74.81,74.9,74.89,74.84,109.9280837
2023-12-28 16:04:00,74.81,74.93,74.84,74.89,99.39922089
2023-12-28 16:03:00,74.77,74.9,74.79,74.86,231.42379257
2023-12-28 16:02:00,74.77,74.94,74.94,74.79,172.90877916
2023-12-28 16:01:00,74.9,75.07,74.96,74.93,234.95096091
2023-12-28 16:00:00,74.97,75.07,75.0,74.99,86.68675286
2023-12-28 15:59:00,74.97,75.12,75.06,74.97,603.12473506
2023-12-28 15:58:00,75.07,75.15,75.1,75.07,124.0428889
2023-12-28 15:57:00,75.05,75.1,75.09,75.08,37.22004377
2023-12-28 15:56:00,75.0,75.11,75.0,75.06,48.91775372
2023-12-28 15:55:00,74.99,75.08,75.08,74.99,89.27711326
2023-12-28 15:54:00,75.01,75.24,75.24,75.08,41.44671649
2023-12-28 15:53:00,75.08,75.25,75.12,75.25,79.09481138
2023-12-28 15:52:00,75.1,75.2,75.2,75.13,53.89146939
2023-12-28 15:51:00,74.99,75.23,75.05,75.21,1199.62610686
2023-12-28 15:50:00,75.04,75.28,75.26,75.07,1690.52453718
2023-12-28 15:49:00,75.22,75.28,75.26,75.23,32.18895125
2023-12-28 15:48:00,75.16,75.26,75.16,75.25,204.42350836
2023-12-28 15:47:00,75.18,75.3,75.25,75.18,105.24900344
2023-12-28 15:46:00,75.19,75.29,75.19,75.27,146.74485824
2023-12-28 15:45:00,75.17,75.37,75.34,75.18,40.9344159
2023-12-28 15:44:00,75.28,75.34,75.31,75.31,57.16279692
2023-12-28 15:43:00,75.21,75.32,75.22,75.31,104.73585218
2023-12-28 15:42:00,75.19,75.28,75.25,75.23,13.41396009
2023-12-28 15:41:00,75.18,75.34,75.31,75.23,98.93244196
2023-12-28 15:40:00,75.24,75.3,75.26,75.28,832.59298422
2023-12-28 15:39:00,75.24,75.32,75.29,75.24,83.19878722
2023-12-28 15:38:00,75.23,75.31,75.29,75.28,135.2381151
2023-12-28 15:37:00,75.21,75.32,75.22,75.31,128.69474957
2023-12-28 15:36:00,75.07,75.2,75.11,75.2,926.27803747
2023-12-28 15:35:00,74.99,75.11,75.01,75.11,32.47303636
2023-12-28 15:34:00,74.97,75.19,75.19,74.97,87.44643114
2023-12-28 15:33:00,74.97,75.22,74.97,75.22,153.16207724
2023-12-28 15:32:00,74.99,75.06,75.01,74.99,81.55179804
2023-12-28 15:31:00,75.0,75.15,75.11,75.14,309.70551284
2023-12-28 15:30:00,74.97,75.22,74.99,75.14,548.21047717
2023-12-28 15:29:00,74.86,74.98,74.96,74.95,160.03465676
2023-12-28 15:28:00,74.86,75.09,74.96,74.97,332.12241721
2023-12-28 15:27:00,74.96,75.08,75.03,74.96,264.83829534
2023-12-28 15:26:00,75.04,75.12,75.12,75.06,190.97301987
2023-12-28 15:25:00,75.09,75.25,75.25,75.09,269.87178274
2023-12-28 15:24:00,75.22,75.31,75.29,75.24,366.01915608
2023-12-28 15:23:00,75.18,75.26,75.21,75.24,18.08101641
2023-12-28 15:22:00,75.05,75.24,75.05,75.23,327.75939667
2023-12-28 15:21:00,75.03,75.21,75.16,75.04,29.31090034
2023-12-28 15:20:00,74.95,75.12,75.01,75.1,224.83958536
2023-12-28 15:19:00,74.99,75.2,75.2,75.02,142.39065766
2023-12-28 15:18:00,75.17,75.37,75.32,75.2,151.02474435
2023-12-28 15:17:00,75.19,75.33,75.19,75.31,140.31100231
2023-12-28 15:16:00,75.06,75.2,75.2,75.17,172.38214531
2023-12-28 15:15:00,75.21,75.33,75.23,75.21,85.45704513
2023-12-28 15:14:00,75.23,75.31,75.29,75.24,161.92926068
2023-12-28 15:13:00,75.21,75.29,75.25,75.27,54.25951673
2023-12-28 15:12:00,75.27,75.35,75.35,75.27,219.25283217
2023-12-28 15:11:00,75.27,75.39,75.28,75.36,163.04919665
2023-12-28 15:10:00,75.16,75.28,75.17,75.28,21.66034665
2023-12-28 15:09:00,75.01,75.15,75.14,75.15,743.24183467
2023-12-28 15:08:00,75.11,75.23,75.23,75.15,65.12609471
2023-12-28 15:07:00,75.16,75.26,75.18,75.18,65.29968025
2023-12-28 15:06:00,75.17,75.31,75.26,75.19,81.78970076
2023-12-28 15:05:00,75.15,75.27,75.19,75.22,168.9919087
2023-12-28 15:04:00,75.2,75.36,75.36,75.2,96.08005676
2023-12-28 15:03:00,75.35,75.53,75.52,75.36,176.88630602
2023-12-28 15:02:00,75.46,75.52,75.47,75.51,44.9786243
2023-12-28 15:01:00,75.4,75.51,75.41,75.44,113.96306927
2023-12-28 15:00:00,75.19,75.45,75.33,75.44,127.3078209
2023-12-28 14:59:00,75.19,75.35,75.2,75.35,126.09966176
2023-12-28 14:58:00,75.1,75.23,75.15,75.23,292.88496749
2023-12-28 14:57:00,74.77,75.07,74.83,74.89,1287.91491054
2023-12-28 14:56:00,74.84,75.05,74.93,74.84,279.74587724
2023-12-28 14:55:00,74.95,75.16,75.15,74.95,146.12769041
2023-12-28 14:54:00,75.13,75.27,75.21,75.13,194.99963258
2023-12-28 14:53:00,75.11,75.25,75.13,75.25,652.25509085
2023-12-28 14:52:00,74.93,75.15,75.08,75.15,534.65366145
2023-12-28 14:51:00,74.93,75.22,75.05,75.01,278.71037587
2023-12-28 14:50:00,74.85,75.15,75.05,75.01,244.58369197
2023-12-28 14:49:00,74.83,75.09,75.09,75.05,887.22848303
2023-12-28 14:48:00,74.9,75.11,74.93,75.1,478.17168208
2023-12-28 14:47:00,74.8,74.96,74.86,74.91,749.00924805
2023-12-28 14:46:00,74.55,74.85,74.61,74.81,372.80685388
2023-12-28 14:45:00,74.56,74.89,74.78,74.61,848.60533618
2023-12-28 14:44:00,74.65,75.02,75.0,74.75,672.70434563
2023-12-28 14:43:00,74.88,75.11,75.02,74.98,588.57913294
2023-12-28 14:42:00,74.98,75.25,75.15,75.0,318.61338151
2023-12-28 14:41:00,75.14,75.58,75.58,75.14,38.79052817
2023-12-28 14:40:00,75.3,75.56,75.4,75.56,400.61718167
2023-12-28 14:39:00,75.36,75.55,75.55,75.39,120.71715729
2023-12-28 14:38:00,75.51,75.65,75.51,75.61,107.3913958
2023-12-28 14:37:00,75.43,75.55,75.53,75.49,149.79403333
2023-12-28 14:36:00,75.45,75.55,75.52,75.53,146.2204419
2023-12-28 14:35:00,75.25,75.48,75.25,75.48,152.87320759
2023-12-28 14:34:00,75.14,75.33,75.3,75.29,200.26666691
2023-12-28 14:33:00,75.33,75.58,75.57,75.33,240.99438373
2023-12-28 14:32:00,75.54,75.64,75.57,75.59,123.35714428
2023-12-28 14:31:00,75.38,75.55,75.41,75.54,374.06072841
2023-12-28 14:30:00,75.34,75.45,75.42,75.39,48.86093153
2023-12-28 14:29:00,75.28,75.41,75.32,75.41,49.77633365
2023-12-28 14:28:00,75.32,75.47,75.47,75.34,107.19793133
2023-12-28 14:27:00,75.34,75.46,75.39,75.46,96.00597632
2023-12-28 14:26:00,75.21,75.4,75.27,75.39,255.26201091
2023-12-28 14:25:00,74.86,75.37,74.92,75.26,889.60374132
2023-12-28 14:24:00,74.87,75.14,75.04,74.89,472.94686443
2023-12-28 14:23:00,74.97,75.32,75.3,74.97,202.41921944
2023-12-28 14:22:00,75.1,75.39,75.25,75.32,369.20243584
2023-12-29 00:22:00,77.05,77.28,77.28,77.09,150.44070296
2023-12-29 00:21:00,77.25,77.36,77.3,77.29,35.31612552
2023-12-29 00:20:00,77.17,77.33,77.24,77.29,543.35689361
2023-12-29 00:19:00,77.22,77.32,77.3,77.25,240.94893224
2023-12-29 00:18:00,77.21,77.34,77.21,77.29,111.93907481
2023-12-29 00:17:00,77.21,77.28,77.24,77.23,793.85546853
2023-12-29 00:16:00,77.06,77.25,77.07,77.24,241.94144076
2023-12-29 00:15:00,76.96,77.11,76.99,77.06,434.62362667
2023-12-29 00:14:00,76.93,76.99,76.95,76.99,55.46332116
2023-12-29 00:13:00,76.86,76.95,76.92,76.94,157.13669218
2023-12-29 00:12:00,76.84,76.92,76.84,76.92,32.22762901
2023-12-29 00:11:00,76.78,76.84,76.78,76.83,45.43275423
2023-12-29 00:10:00,76.78,76.86,76.84,76.79,107.61722455
2023-12-29 00:09:00,76.72,76.8,76.8,76.75,62.39199662
2023-12-29 00:08:00,76.78,76.91,76.79,76.79,34.80022444
2023-12-29 00:07:00,76.78,76.92,76.87,76.79,38.58878681
2023-12-29 00:06:00,76.75,76.88,76.75,76.85,100.50442941
2023-12-29 00:05:00,76.66,76.79,76.67,76.72,31.44375051
2023-12-29 00:04:00,76.68,76.85,76.84,76.69,208.21368941
2023-12-29 00:03:00,76.7,76.9,76.73,76.87,127.39463999
2023-12-29 00:02:00,76.71,76.76,76.75,76.73,39.27359467
2023-12-29 00:01:00,76.62,76.76,76.69,76.74,54.56620833
2023-12-29 00:00:00,76.54,76.75,76.54,76.7,627.07746298
2023-12-28 23:59:00,76.51,76.58,76.57,76.51,188.41687577
2023-12-28 23:58:00,76.58,76.66,76.64,76.58,83.46375619
2023-12-28 23:57:00,76.61,76.68,76.64,76.66,68.0729323
2023-12-28 23:56:00,76.6,76.63,76.63,76.63,21.2762724
2023-12-28 23:55:00,76.6,76.71,76.63,76.61,70.24925232
2023-12-28 23:54:00,76.65,76.75,76.67,76.66,82.14240315
2023-12-28 23:53:00,76.63,76.79,76.74,76.64,207.68921854
2023-12-28 23:52:00,76.7,76.81,76.81,76.71,52.64452019
2023-12-28 23:51:00,76.76,76.86,76.79,76.84,31.1068646
2023-12-28 23:50:00,76.8,76.95,76.93,76.8,55.01214255
2023-12-28 23:49:00,76.86,76.9,76.86,76.89,117.46888875
2023-12-28 23:48:00,76.83,76.92,76.88,76.85,62.52741358
2023-12-28 23:47:00,76.88,77.02,76.98,76.89,119.03067915
2023-12-28 23:46:00,76.97,77.04,76.99,76.98,115.15610047
2023-12-28 23:45:00,77.0,77.07,77.07,77.01,34.40247198
2023-12-28 23:44:00,77.02,77.07,77.06,77.07,39.71003508
2023-12-28 23:43:00,77.06,77.15,77.14,77.06,73.90530354
2023-12-28 23:42:00,77.08,77.17,77.16,77.15,20.55144853
2023-12-28 23:41:00,77.06,77.16,77.14,77.16,18.50496411
2023-12-28 23:40:00,77.11,77.18,77.16,77.11,54.69681571
2023-12-28 23:39:00,77.14,77.26,77.25,77.14,101.50585442
2023-12-28 23:38:00,77.07,77.24,77.1,77.24,269.51024594
2023-12-28 23:37:00,77.05,77.16,77.15,77.06,83.74078863
2023-12-28 23:36:00,77.11,77.19,77.15,77.16,80.96931397
2023-12-28 23:35:00,77.04,77.14,77.06,77.13,434.97998099
2023-12-28 23:34:00,76.99,77.14,76.99,77.07,173.13617029
2023-12-28 23:33:00,76.89,77.01,76.98,76.96,218.36664053
2023-12-28 23:32:00,76.94,77.03,76.99,76.96,57.40332515
2023-12-28 23:31:00,76.97,77.12,77.1,76.99,36.25833957
2023-12-28 23:30:00,77.12,77.27,77.27,77.12,66.62712354
2023-12-28 23:29:00,77.11,77.3,77.12,77.28,294.35826545
2023-12-28 23:28:00,77.11,77.21,77.18,77.11,184.58011943
2023-12-28 23:27:00,77.07,77.18,77.14,77.18,170.51036863
2023-12-28 23:26:00,77.1,77.19,77.19,77.14,99.48893625
2023-12-28 23:25:00,77.11,77.2,77.11,77.2,32.00804561
2023-12-28 23:24:00,77.08,77.21,77.19,77.11,57.44138304
2023-12-28 23:23:00,77.0,77.18,77.01,77.18,330.03079579
2023-12-28 23:22:00,76.97,77.03,77.0,77.03,84.74986756
2023-12-28 23:21:00,76.92,77.0,76.92,76.99,72.91258273
2023-12-28 23:20:00,76.86,76.93,76.89,76.93,88.62143598
2023-12-28 23:19:00,76.83,76.89,76.84,76.89,33.60025183
2023-12-28 23:18:00,76.77,76.85,76.77,76.85,139.56722774
2023-12-28 23:17:00,76.72,76.78,76.74,76.77,107.05391082
2023-12-28 23:16:00,76.66,76.74,76.7,76.74,67.45778621
2023-12-28 23:15:00,76.6,76.7,76.62,76.69,109.89508646
2023-12-28 23:14:00,76.55,76.66,76.55,76.62,64.92900802
2023-12-28 23:13:00,76.5,76.57,76.57,76.55,46.68575231
2023-12-28 23:12:00,76.53,76.65,76.65,76.57,228.98718112
2023-12-28 23:11:00,76.64,76.68,76.67,76.66,151.87885513
2023-12-28 23:10:00,76.66,76.68,76.67,76.68,21.60724638
2023-12-28 23:09:00,76.64,76.68,76.67,76.68,28.23186831
2023-12-28 23:08:00,76.64,76.68,76.65,76.67,16.65595385
2023-12-28 23:07:00,76.6,76.65,76.64,76.65,40.32257532
2023-12-28 23:06:00,76.59,76.66,76.63,76.64,38.36838758
2023-12-28 23:05:00,76.5,76.63,76.5,76.63,91.53586173
2023-12-28 23:04:00,76.46,76.54,76.46,76.51,81.73893871
2023-12-28 23:03:00,76.43,76.54,76.53,76.46,71.36883556
2023-12-28 23:02:00,76.52,76.57,76.56,76.53,39.77277582
2023-12-28 23:01:00,76.55,76.64,76.64,76.55,417.74894007
2023-12-28 23:00:00,76.64,76.7,76.69,76.64,88.76240951
2023-12-28 22:59:00,76.64,76.68,76.64,76.68,60.98097415
2023-12-28 22:58:00,76.54,76.65,76.54,76.65,11.29988381
2023-12-28 22:57:00,76.52,76.54,76.54,76.54,20.1916515
2023-12-28 22:56:00,76.54,76.59,76.58,76.55,20.72259709
2023-12-28 22:55:00,76.57,76.59,76.57,76.59,20.38050056
2023-12-28 22:54:00,76.57,76.64,76.63,76.57,142.76417726
2023-12-28 22:53:00,76.64,76.66,76.65,76.66,9.53423654
2023-12-28 22:52:00,76.62,76.65,76.63,76.65,38.89796995
2023-12-28 22:51:00,76.6,76.65,76.6,76.63,48.12072457
2023-12-28 22:50:00,76.58,76.61,76.6,76.6,38.2093105
2023-12-28 22:49:00,76.58,76.61,76.6,76.61,18.01034148
2023-12-28 22:48:00,76.58,76.6,76.6,76.6,12.59276345
2023-12-28 22:47:00,76.59,76.61,76.6,76.6,7.96811936
2023-12-28 22:46:00,76.58,76.61,76.58,76.61,30.9484117
2023-12-28 22:45:00,76.56,76.6,76.57,76.58,53.67526241
2023-12-28 22:44:00,76.55,76.59,76.58,76.58,76.19831072
2023-12-28 22:43:00,76.56,76.6,76.56,76.6,39.12110998
2023-12-28 22:42:00,76.54,76.62,76.62,76.54,46.01863303
2023-12-28 22:41:00,76.56,76.63,76.62,76.6,78.05370354
2023-12-28 22:40:00,76.61,76.64,76.62,76.61,17.47177494
2023-12-28 22:39:00,76.6,76.64,76.61,76.63,320.04142024
2023-12-28 22:38:00,76.54,76.65,76.55,76.62,724.65008267
2023-12-28 22:37:00,76.48,76.54,76.48,76.54,54.25750184
2023-12-28 22:36:00,76.34,76.51,76.34,76.46,53.58619688
2023-12-28 22:35:00,76.3,76.34,76.32,76.33,26.97670987
2023-12-28 22:34:00,76.27,76.32,76.3,76.32,18.74678051
2023-12-28 22:33:00,76.33,76.41,76.4,76.33,119.01335537
2023-12-28 22:32:00,76.44,76.49,76.45,76.44,108.54237228
2023-12-28 22:31:00,76.43,76.47,76.43,76.47,35.89291182
2023-12-28 22:30:00,76.39,76.55,76.39,76.47,121.78112804
2023-12-28 22:29:00,76.4,76.49,76.46,76.41,57.96920389
2023-12-28 22:28:00,76.4,76.45,76.4,76.44,92.90988776
2023-12-28 22:27:00,76.34,76.41,76.41,76.41,87.62233046
2023-12-28 22:26:00,76.37,76.57,76.56,76.4,269.75827562
2023-12-28 22:25:00,76.53,76.56,76.54,76.56,12.44971765
2023-12-28 22:24:00,76.41,76.57,76.49,76.56,932.57327002
2023-12-28 22:23:00,76.34,76.49,76.34,76.49,417.43470771
2023-12-28 22:22:00,76.25,76.35,76.25,76.34,58.22838735
2023-12-28 22:21:00,76.23,76.41,76.39,76.25,100.82832051
2023-12-28 22:20:00,76.3,76.47,76.3,76.4,363.08322539
2023-12-28 22:19:00,76.3,76.41,76.33,76.3,434.95523386
2023-12-28 22:18:00,76.32,76.52,76.46,76.33,70.57777729
2023-12-28 22:17:00,76.41,76.54,76.48,76.46,129.45753922
2023-12-28 22:16:00,76.39,76.45,76.39,76.45,27.05194073
2023-12-28 22:15:00,76.27,76.4,76.28,76.39,77.36337462
2023-12-28 22:14:00,76.22,76.29,76.24,76.29,40.15693025
2023-12-28 22:13:00,76.17,76.26,76.25,76.24,49.9230542
2023-12-28 22:12:00,76.16,76.25,76.16,76.25,39.92149606
2023-12-28 22:11:00,76.15,76.2,76.15,76.18,63.40079368
2023-12-28 22:10:00,76.17,76.21,76.18,76.18,49.10895544
2023-12-28 22:09:00,76.12,76.2,76.17,76.2,206.77959734
2023-12-28 22:08:00,76.07,76.18,76.07,76.18,108.25481513
2023-12-28 22:07:00,76.01,76.08,76.05,76.08,174.28757729
2023-12-28 22:06:00,75.95,76.06,76.0,76.06,196.52312413
2023-12-28 22:05:00,75.89,76.0,75.91,75.99,21.62595133
2023-12-28 22:04:00,75.73,75.89,75.74,75.88,67.03229957
2023-12-28 22:03:00,75.68,75.8,75.8,75.72,468.53843068
2023-12-28 22:02:00,75.83,76.0,75.99,75.84,16.92764045
2023-12-28 22:01:00,75.96,76.01,75.99,75.99,49.86772991
2023-12-28 22:00:00,76.0,76.06,76.01,76.0,114.73537286
2023-12-28 21:59:00,75.97,76.03,76.0,76.02,27.43069057
2023-12-28 21:58:00,75.97,76.04,76.0,75.98,111.656149
2023-12-28 21:57:00,75.95,76.04,76.04,76.01,28.35404972
2023-12-28 21:56:00,75.96,76.04,75.97,76.01,42.53364116
2023-12-28 21:55:00,75.84,75.97,75.9,75.97,95.24458982
2023-12-28 21:54:00,75.84,75.94,75.89,75.93,30.77363511
2023-12-28 21:53:00,75.89,75.94,75.91,75.9,30.38946731
2023-12-28 21:52:00,75.88,75.96,75.88,75.93,61.21847812
2023-12-28 21:51:00,75.83,75.91,75.86,75.91,37.85322829
2023-12-28 21:50:00,75.68,75.86,75.71,75.86,148.17775599
2023-12-28 21:49:00,75.55,75.72,75.67,75.72,189.39751327
2023-12-28 21:48:00,75.54,75.72,75.72,75.65,49.07699593
2023-12-28 21:47:00,75.52,75.72,75.72,75.64,95.76642926
2023-12-28 21:46:00,75.66,75.78,75.73,75.69,166.86271755
2023-12-28 21:45:00,75.72,75.83,75.81,75.73,64.43617531
2023-12-28 21:44:00,75.73,75.91,75.9,75.78,347.1040782
2023-12-28 21:43:00,75.9,76.01,76.01,75.9,90.95852956
2023-12-28 21:42:00,76.05,76.2,76.2,76.05,87.92892503
2023-12-28 21:41:00,76.2,76.27,76.27,76.21,345.76633541
2023-12-28 21:40:00,76.15,76.27,76.2,76.27,80.58235919
2023-12-28 21:39:00,76.03,76.2,76.05,76.2,480.50149798
2023-12-28 21:38:00,75.97,76.03,75.99,76.0,49.96671214
2023-12-28 21:37:00,75.98,76.09,76.06,75.99,54.94490096
2023-12-28 21:36:00,76.05,76.08,76.05,76.06,161.79435799
2023-12-28 21:35:00,76.04,76.12,76.11,76.08,148.2863154
2023-12-28 21:34:00,76.09,76.13,76.11,76.11,92.90147624
2023-12-28 21:33:00,76.1,76.21,76.17,76.13,1154.0790976
2023-12-28 21:32:00,76.05,76.19,76.12,76.16,182.98861843
2023-12-28 21:31:00,76.12,76.19,76.12,76.15,48.77920635
2023-12-28 21:30:00,76.12,76.17,76.16,76.12,15.29295986
2023-12-28 21:29:00,76.04,76.11,76.05,76.11,86.67664425
2023-12-28 21:28:00,76.07,76.1,76.09,76.08,35.44305616
2023-12-28 21:27:00,76.03,76.19,76.04,76.11,1505.44182472
2023-12-28 21:26:00,76.03,76.07,76.03,76.04,32.26963886
2023-12-28 21:25:00,76.02,76.09,76.02,76.03,247.76009994
2023-12-28 21:24:00,76.01,76.02,76.01,76.02,1245.37514868
2023-12-28 21:23:00,76.01,76.03,76.01,76.02,323.86313668
2023-12-28 21:22:00,76.01,76.02,76.01,76.01,36.44567226
2023-12-28 21:21:00,76.01,76.02,76.01,76.01,87.20785527
2023-12-28 21:20:00,76.01,76.05,76.02,76.01,2389.22027787
2023-12-28 21:19:00,76.01,76.02,76.01,76.01,254.24649591
2023-12-28 21:18:00,76.01,76.06,76.04,76.01,671.22132794
2023-12-28 21:17:00,76.02,76.05,76.03,76.02,59.17287292
2023-12-28 21:16:00,76.03,76.1,76.08,76.03,43.0836414
2023-12-28 21:15:00,76.03,76.18,76.07,76.09,579.5241088
2023-12-28 21:14:00,76.07,76.14,76.13,76.07,50.01200308
2023-12-28 21:13:00,76.12,76.25,76.24,76.12,77.06793844
2023-12-28 21:12:00,76.2,76.25,76.21,76.25,40.79404462
2023-12-28 21:11:00,76.17,76.23,76.22,76.21,68.68257325
2023-12-28 21:10:00,76.14,76.21,76.15,76.21,21.94068698
2023-12-28 21:09:00,76.12,76.22,76.16,76.12,37.27104859
2023-12-28 21:08:00,76.12,76.25,76.25,76.16,362.00301167
2023-12-28 21:07:00,76.09,76.19,76.19,76.12,57.40319907
2023-12-28 21:06:00,76.17,76.24,76.2,76.18,77.28413274
2023-12-28 21:05:00,76.12,76.19,76.19,76.14,92.58886301
2023-12-28 21:04:00,76.19,76.23,76.19,76.21,476.3074221
2023-12-28 21:03:00,76.04,76.21,76.06,76.21,158.20162765
2023-12-28 21:02:00,76.01,76.13,76.1,76.02,354.60731343
2023-12-28 21:01:00,76.04,76.18,76.17,76.08,204.84792827
2023-12-28 21:00:00,76.16,76.27,76.25,76.17,451.96223345
2023-12-28 20:59:00,76.24,76.29,76.29,76.25,131.35414614
2023-12-28 20:58:00,76.23,76.34,76.32,76.29,230.43917387
2023-12-28 20:57:00,76.28,76.34,76.3,76.32,38.59305205
2023-12-28 20:56:00,76.29,76.41,76.41,76.32,122.19633365
2023-12-28 20:55:00,76.32,76.43,76.34,76.42,264.97904008
2023-12-28 20:54:00,76.31,76.38,76.32,76.34,57.91386895
2023-12-28 20:53:00,76.2,76.3,76.24,76.3,113.39745528
2023-12-28 20:52:00,76.2,76.26,76.2,76.22,180.5957015
2023-12-28 20:51:00,76.17,76.23,76.2,76.18,107.88012089
2023-12-28 20:50:00,76.17,76.3,76.3,76.19,169.27348294
2023-12-28 20:49:00,76.28,76.4,76.39,76.29,67.40181336
2023-12-28 20:48:00,76.2,76.42,76.21,76.38,51.25313566
2023-12-28 20:47:00,76.18,76.28,76.26,76.19,56.53815376
2023-12-28 20:46:00,76.16,76.23,76.18,76.23,351.70720221
2023-12-28 20:45:00,76.18,76.34,76.34,76.18,96.57338269
2023-12-28 20:44:00,76.32,76.39,76.35,76.35,81.36898836
2023-12-28 20:43:00,76.31,76.39,76.36,76.35,81.51542209
2023-12-28 20:42:00,76.32,76.37,76.34,76.36,42.47239646
2023-12-28 20:41:00,76.25,76.38,76.29,76.34,86.80479608
2023-12-28 20:40:00,76.16,76.34,76.16,76.29,51.38364933
2023-12-28 20:39:00,76.11,76.19,76.15,76.15,104.96032112
2023-12-28 20:38:00,76.11,76.21,76.19,76.18,128.09441739
2023-12-28 20:37:00,76.14,76.22,76.14,76.22,81.05544518
2023-12-28 20:36:00,75.91,76.18,75.91,76.15,2034.8626269
2023-12-28 20:35:00,75.73,75.91,75.73,75.9,214.20653001
2023-12-28 20:34:00,75.68,75.79,75.78,75.74,171.99487771
2023-12-28 20:33:00,75.62,75.8,75.62,75.8,46.63380084
2023-12-28 20:32:00,75.42,75.68,75.44,75.65,229.69798756
2023-12-28 20:31:00,75.41,75.63,75.61,75.43,265.20498321
2023-12-28 20:30:00,75.52,75.64,75.61,75.57,135.83917813
2023-12-28 20:29:00,75.61,75.67,75.65,75.61,25.15656138
2023-12-28 20:28:00,75.65,75.72,75.69,75.65,82.33407324
2023-12-28 20:27:00,75.7,75.81,75.79,75.7,57.48936311
2023-12-28 20:26:00,75.78,75.87,75.85,75.79,104.98791
2023-12-28 20:25:00,75.83,75.9,75.83,75.83,49.84843152
2023-12-28 20:24:00,75.83,75.95,75.88,75.86,50.97537655
2023-12-28 20:23:00,75.82,75.92,75.9,75.89,95.95039109
2023-12-28 20:22:00,75.89,75.97,75.95,75.9,46.84070779
2023-12-28 20:21:00,75.94,76.01,76.01,75.94,65.37758748
2023-12-28 20:20:00,76.05,76.14,76.09,76.05,31.16223865
2023-12-28 20:19:00,76.06,76.19,76.16,76.06,66.29333477
2023-12-28 20:18:00,76.15,76.22,76.15,76.2,65.53288678
2023-12-28 20:17:00,76.09,76.15,76.13,76.14,44.15160823
2023-12-28 20:16:00,76.0,76.14,76.0,76.12,46.46102443
2023-12-28 20:15:00,75.96,76.09,75.96,76.03,29.92092028
2023-12-28 20:14:00,75.93,75.99,75.99,75.95,23.57237308
2023-12-28 20:13:00,75.95,76.06,75.96,76.0,47.95697337
2023-12-28 20:12:00,75.95,76.04,76.03,75.95,33.81940165
2023-12-28 20:11:00,76.03,76.11,76.07,76.03,54.10874788
2023-12-28 20:10:00,75.98,76.13,75.99,76.09,115.72740255
2023-12-28 20:09:00,75.96,76.03,75.96,75.98,21.10537089
2023-12-28 20:08:00,75.96,76.09,76.08,75.96,60.10826319
2023-12-28 20:07:00,76.09,76.18,76.15,76.14,41.38641967
2023-12-28 20:06:00,76.03,76.17,76.16,76.14,111.57563606
2023-12-28 20:05:00,76.05,76.15,76.11,76.15,23.1376535
2023-12-28 20:04:00,76.09,76.28,76.25,76.12,132.8163006
2023-12-28 20:03:00,76.09,76.26,76.09,76.25,89.5930856
2023-12-28 20:02:00,76.09,76.21,76.18,76.1,27.38831709
2023-12-28 20:01:00,76.17,76.28,76.25,76.17,236.96891884
2023-12-28 20:00:00,76.22,76.46,76.37,76.26,2115.07833415
2023-12-28 19:59:00,76.36,76.46,76.41,76.36,41.84101468
2023-12-28 19:58:00,76.37,76.48,76.48,76.38,142.3637333
2023-12-28 19:57:00,76.5,76.56,76.54,76.51,61.08392906
2023-12-28 19:56:00,76.42,76.58,76.42,76.56,47.12797034
2023-12-28 19:55:00,76.43,76.58,76.54,76.45,626.44666384
2023-12-28 19:54:00,76.41,76.58,76.53,76.55,662.72719048
2023-12-28 19:53:00,76.52,76.62,76.59,76.54,156.59185068
2023-12-28 19:52:00,76.51,76.58,76.58,76.58,27.41264736
2023-12-28 19:51:00,76.55,76.68,76.61,76.61,123.39946861
2023-12-28 19:50:00,76.6,76.72,76.71,76.62,67.18741975
2023-12-28 19:49:00,76.69,76.82,76.78,76.7,460.74154094
2023-12-28 19:48:00,76.77,76.96,76.96,76.77,108.25301905
2023-12-28 19:47:00,76.87,76.99,76.95,76.95,87.24408418
2023-12-28 19:46:00,76.91,77.0,76.91,76.97,35.57023439
2023-12-28 19:45:00,76.82,76.97,76.96,76.91,91.02710906
2023-12-28 19:44:00,76.9,77.01,76.91,76.97,465.93933337
2023-12-28 19:43:00,76.8,76.92,76.81,76.92,47.34331479
2023-12-28 19:42:00,76.67,76.78,76.67,76.74,36.25850275
2023-12-28 19:41:00,76.58,76.72,76.67,76.69,88.49104638
2023-12-28 19:40:00,76.66,76.77,76.76,76.69,51.4693984
2023-12-28 19:39:00,76.72,76.83,76.77,76.78,38.94305772
2023-12-28 19:38:00,76.76,76.85,76.84,76.76,252.16312197
2023-12-28 19:37:00,76.73,76.86,76.75,76.85,263.71455005
2023-12-28 19:36:00,76.73,76.81,76.8,76.74,46.17960129
2023-12-28 19:35:00,76.72,76.81,76.72,76.81,18.81299837
2023-12-28 19:34:00,76.65,76.72,76.68,76.72,57.08711387
2023-12-28 19:33:00,76.61,76.69,76.61,76.68,507.34369362
2023-12-28 19:32:00,76.57,76.65,76.65,76.61,26.65839338
2023-12-28 19:31:00,76.63,76.7,76.7,76.65,165.71413839
2023-12-28 19:30:00,76.63,76.73,76.67,76.71,156.88098339
2023-12-28 19:29:00,76.59,76.67,76.62,76.67,314.51251616
2023-12-28 19:28:00,76.56,76.63,76.59,76.61,58.2134516
2023-12-28 19:27:00,76.44,76.63,76.44,76.61,878.85197523
2023-12-28 19:26:00,76.38,76.48,76.48,76.44,63.51908226
2023-12-28 19:25:00,76.42,76.48,76.44,76.48,179.92657614
2023-12-28 19:24:00,76.38,76.46,76.38,76.44,64.83193818
2023-12-28 19:23:00,76.36,76.48,76.48,76.37,409.02749043
2023-12-28 19:22:00,76.37,76.47,76.37,76.46,67.93562773
2023-12-29 05:22:00,76.94,76.96,76.96,76.94,283.18646291
2023-12-29 05:21:00,76.94,76.96,76.94,76.96,357.29418093
2023-12-29 05:20:00,76.94,77.0,76.99,76.94,1276.18848368
2023-12-29 05:19:00,76.99,77.03,77.02,76.99,693.81954362
2023-12-29 05:18:00,77.01,77.08,77.06,77.01,701.77835411
2023-12-29 05:17:00,77.06,77.13,77.12,77.07,155.45957647
2023-12-29 05:16:00,77.11,77.15,77.11,77.12,35.13439952
2023-12-29 05:15:00,77.1,77.15,77.13,77.11,120.30196297
2023-12-29 05:14:00,77.12,77.16,77.15,77.12,20.92776915
2023-12-29 05:13:00,77.14,77.19,77.19,77.15,184.08876643
2023-12-29 05:12:00,77.18,77.35,77.33,77.18,250.04105239
2023-12-29 05:11:00,77.24,77.34,77.25,77.32,145.132929
2023-12-29 05:10:00,77.24,77.28,77.24,77.26,15.66047712
2023-12-29 05:09:00,77.23,77.26,77.25,77.25,116.91369563
2023-12-29 05:08:00,77.23,77.28,77.23,77.27,20.70996286
2023-12-29 05:07:00,77.15,77.22,77.21,77.22,223.04794064
2023-12-29 05:06:00,77.21,77.23,77.22,77.21,30.45451865
2023-12-29 05:05:00,77.23,77.33,77.25,77.23,324.83861828
2023-12-29 05:04:00,77.22,77.28,77.28,77.25,219.33017703
2023-12-29 05:03:00,77.27,77.32,77.32,77.28,125.84208175
2023-12-29 05:02:00,77.29,77.34,77.31,77.33,24.48264953
2023-12-29 05:01:00,77.27,77.33,77.32,77.28,131.75797163
2023-12-29 05:00:00,77.33,77.39,77.37,77.33,31.76292609
2023-12-29 04:59:00,77.33,77.38,77.37,77.38,147.11774757
2023-12-29 04:58:00,77.36,77.38,77.38,77.37,13.49720977
2023-12-29 04:57:00,77.28,77.4,77.28,77.38,188.61719623
2023-12-29 04:56:00,77.25,77.29,77.26,77.25,23.84137998
2023-12-29 04:55:00,77.19,77.28,77.28,77.23,143.00028236
2023-12-29 04:54:00,77.27,77.3,77.27,77.28,45.94680501
2023-12-29 04:53:00,77.27,77.3,77.28,77.28,121.10840963
2023-12-29 04:52:00,77.23,77.31,77.24,77.28,13.77166299
2023-12-29 04:51:00,77.19,77.28,77.21,77.23,166.10712776
2023-12-29 04:50:00,77.23,77.33,77.29,77.23,116.54129707
2023-12-29 04:49:00,77.25,77.31,77.31,77.29,125.95758009
2023-12-29 04:48:00,77.26,77.33,77.26,77.31,62.01965794
2023-12-29 04:47:00,77.26,77.33,77.28,77.26,503.23713575
2023-12-29 04:46:00,77.2,77.28,77.22,77.28,118.447794
2023-12-29 04:45:00,77.16,77.26,77.16,77.24,216.25440775
2023-12-29 04:44:00,77.13,77.16,77.14,77.16,39.62712577
2023-12-29 04:43:00,77.12,77.15,77.13,77.13,127.4754831
2023-12-29 04:42:00,77.14,77.19,77.19,77.14,36.72147784
2023-12-29 04:41:00,77.14,77.19,77.14,77.19,273.39739517
2023-12-29 04:40:00,77.07,77.15,77.08,77.15,256.8640667
2023-12-29 04:39:00,77.06,77.1,77.1,77.07,175.7992633
2023-12-29 04:38:00,77.02,77.09,77.03,77.09,1664.61242552
2023-12-29 04:37:00,77.03,77.06,77.06,77.03,993.14590542
2023-12-29 04:36:00,77.03,77.07,77.06,77.05,180.20104338
2023-12-29 04:35:00,77.03,77.12,77.08,77.06,413.32761265
2023-12-29 04:34:00,76.99,77.09,77.0,77.09,293.12339529
2023-12-29 04:33:00,76.9,76.97,76.92,76.97,147.70557169
2023-12-29 04:32:00,76.83,76.94,76.84,76.91,29.33389081
2023-12-29 04:31:00,76.83,76.9,76.89,76.83,131.67086355
2023-12-29 04:30:00,76.88,76.92,76.9,76.89,32.00096671
2023-12-29 04:29:00,76.86,76.89,76.87,76.89,142.55352776
2023-12-29 04:28:00,76.87,76.93,76.92,76.9,85.82993073
2023-12-29 04:27:00,76.86,76.93,76.87,76.92,129.42105331
2023-12-29 04:26:00,76.87,76.95,76.94,76.89,12.60708895
2023-12-29 04:25:00,76.93,77.01,77.01,76.93,182.63948461
2023-12-29 04:24:00,76.97,77.01,76.98,77.01,80.21914707
2023-12-29 04:23:00,76.99,77.08,77.08,76.99,176.82855099
2023-12-29 04:22:00,76.95,77.08,76.98,77.08,82.8983412
2023-12-29 04:21:00,76.97,77.05,76.98,77.0,147.09003795
2023-12-29 04:20:00,76.95,77.0,76.98,76.95,89.69087039
2023-12-29 04:19:00,76.95,77.0,76.99,76.96,142.13255405
2023-12-29 04:18:00,76.94,76.99,76.99,76.96,18.56725784
2023-12-29 04:17:00,76.98,77.06,77.06,76.98,169.06547593
2023-12-29 04:16:00,77.04,77.1,77.05,77.06,36.55043234
2023-12-29 04:15:00,76.99,77.06,77.0,77.05,240.15509399
2023-12-29 04:14:00,77.0,77.05,77.03,77.0,18.10447849
2023-12-29 04:13:00,76.95,77.1,76.96,77.07,912.03704797
2023-12-29 04:12:00,76.97,77.03,77.01,76.97,67.72620929
2023-12-29 04:11:00,76.97,77.05,77.05,77.0,204.48407872
2023-12-29 04:10:00,77.03,77.08,77.07,77.03,109.71093369
2023-12-29 04:09:00,77.06,77.17,77.16,77.07,432.08902372
2023-12-29 04:08:00,77.16,77.19,77.17,77.16,42.55288447
2023-12-29 04:07:00,77.16,77.2,77.19,77.16,208.15807213
2023-12-29 04:06:00,77.16,77.23,77.23,77.2,145.09350647
2023-12-29 04:05:00,77.19,77.25,77.19,77.23,485.99840893
2023-12-29 04:04:00,77.16,77.2,77.16,77.18,843.36350721
2023-12-29 04:03:00,77.16,77.18,77.16,77.16,537.03512108
2023-12-29 04:02:00,77.16,77.21,77.19,77.16,472.35698521
2023-12-29 04:01:00,77.19,77.23,77.21,77.19,1485.63408353
2023-12-29 04:00:00,77.2,77.25,77.23,77.2,742.52711805
2023-12-29 03:59:00,77.2,77.29,77.26,77.21,1679.21665767
2023-12-29 03:58:00,77.23,77.29,77.29,77.26,57.59357688
2023-12-29 03:57:00,77.26,77.31,77.3,77.29,183.14212766
2023-12-29 03:56:00,77.31,77.41,77.39,77.31,18.98825744
2023-12-29 03:55:00,77.33,77.39,77.38,77.39,141.89247286
2023-12-29 03:54:00,77.22,77.42,77.25,77.4,832.257275
2023-12-29 03:53:00,77.25,77.31,77.27,77.25,786.95640127
2023-12-29 03:52:00,77.26,77.3,77.26,77.28,40.10866397
2023-12-29 03:51:00,77.25,77.33,77.33,77.25,651.57318574
2023-12-29 03:50:00,77.32,77.48,77.48,77.35,219.18029928
2023-12-29 03:49:00,77.43,77.5,77.43,77.48,273.5940029
2023-12-29 03:48:00,77.45,77.52,77.51,77.45,71.46368055
2023-12-29 03:47:00,77.44,77.53,77.44,77.53,332.62654027
2023-12-29 03:46:00,77.33,77.45,77.35,77.45,65.53460786
2023-12-29 03:45:00,77.34,77.44,77.42,77.34,8.80181029
2023-12-29 03:44:00,77.41,77.48,77.46,77.45,807.69847462
2023-12-29 03:43:00,77.47,77.52,77.5,77.47,160.23606221
2023-12-29 03:42:00,77.39,77.56,77.43,77.52,83.05283699
2023-12-29 03:41:00,77.4,77.44,77.43,77.43,189.32070623
2023-12-29 03:40:00,77.28,77.43,77.28,77.43,181.19363829
2023-12-29 03:39:00,77.27,77.33,77.27,77.3,981.09236222
2023-12-29 03:38:00,77.27,77.39,77.38,77.27,885.39593735
2023-12-29 03:37:00,77.34,77.41,77.37,77.37,316.97979093
2023-12-29 03:36:00,77.36,77.4,77.38,77.39,68.20126959
2023-12-29 03:35:00,77.32,77.4,77.39,77.4,1239.1335599
2023-12-29 03:34:00,77.25,77.42,77.25,77.39,586.79590281
2023-12-29 03:33:00,77.22,77.26,77.25,77.25,120.01833035
2023-12-29 03:32:00,77.17,77.31,77.18,77.27,318.73601699
2023-12-29 03:31:00,77.14,77.26,77.26,77.18,275.55160688
2023-12-29 03:30:00,77.09,77.32,77.1,77.28,87.50397035
2023-12-29 03:29:00,77.01,77.11,77.01,77.11,42.3203086
2023-12-29 03:28:00,76.98,77.09,77.04,76.98,203.82276653
2023-12-29 03:27:00,77.04,77.24,77.07,77.08,458.3666627
2023-12-29 03:26:00,77.03,77.11,77.11,77.07,108.4192769
2023-12-29 03:25:00,77.08,77.15,77.15,77.11,152.63932421
2023-12-29 03:24:00,77.14,77.19,77.17,77.18,22.43475307
2023-12-29 03:23:00,77.08,77.17,77.12,77.17,169.26324373
2023-12-29 03:22:00,77.1,77.18,77.17,77.12,8.61984101
2023-12-29 03:21:00,77.13,77.19,77.16,77.17,259.07525669
2023-12-29 03:20:00,77.13,77.29,77.2,77.13,207.09019578
2023-12-29 03:19:00,77.19,77.29,77.29,77.2,257.47319347
2023-12-29 03:18:00,77.3,77.4,77.34,77.3,263.63665472
2023-12-29 03:17:00,77.33,77.45,77.44,77.34,136.81509467
2023-12-29 03:16:00,77.42,77.54,77.44,77.44,91.26714074
2023-12-29 03:15:00,77.38,77.52,77.51,77.42,498.34158324
2023-12-29 03:14:00,77.5,77.56,77.55,77.53,51.94136794
2023-12-29 03:13:00,77.5,77.64,77.64,77.51,145.35116529
2023-12-29 03:12:00,77.49,77.63,77.55,77.63,147.5664489
2023-12-29 03:11:00,77.57,77.66,77.64,77.57,455.16822917
2023-12-29 03:10:00,77.65,77.71,77.71,77.66,344.42982774
2023-12-29 03:09:00,77.56,77.72,77.66,77.71,499.37853129
2023-12-29 03:08:00,77.61,77.78,77.72,77.66,186.32234257
2023-12-29 03:07:00,77.69,77.82,77.77,77.7,492.27608189
2023-12-29 03:06:00,77.67,77.78,77.75,77.78,36.17430451
2023-12-29 03:05:00,77.53,77.77,77.59,77.75,134.78819062
2023-12-29 03:04:00,77.59,77.7,77.66,77.59,31.10052512
2023-12-29 03:03:00,77.63,77.85,77.68,77.67,1086.65172592
2023-12-29 03:02:00,77.65,77.78,77.77,77.67,391.06896616
2023-12-29 03:01:00,77.71,77.78,77.71,77.77,270.631345
2023-12-29 03:00:00,77.53,77.76,77.55,77.75,492.83977954
2023-12-29 02:59:00,77.45,77.62,77.58,77.52,118.69958549
2023-12-29 02:58:00,77.5,77.67,77.66,77.6,507.26437868
2023-12-29 02:57:00,77.44,77.67,77.51,77.67,229.96400873
2023-12-29 02:56:00,77.46,77.63,77.62,77.53,544.76295813
2023-12-29 02:55:00,77.53,77.64,77.56,77.61,301.11742308
2023-12-29 02:54:00,77.47,77.61,77.47,77.55,585.10496162
2023-12-29 02:53:00,77.34,77.55,77.45,77.51,470.56510353
2023-12-29 02:52:00,77.44,77.55,77.47,77.51,223.98092823
2023-12-29 02:51:00,77.37,77.48,77.39,77.47,457.28248253
2023-12-29 02:50:00,77.32,77.44,77.32,77.41,570.45137618
2023-12-29 02:49:00,77.23,77.37,77.35,77.3,438.04068369
2023-12-29 02:48:00,77.18,77.36,77.24,77.33,1245.21618476
2023-12-29 02:47:00,77.0,77.27,77.02,77.26,329.25432874
2023-12-29 02:46:00,76.97,77.06,77.01,77.06,289.84192519
2023-12-29 02:45:00,76.82,77.01,76.88,77.01,179.11575582
2023-12-29 02:44:00,76.87,77.04,76.97,76.91,144.78935033
2023-12-29 02:43:00,76.72,77.05,76.75,76.95,1468.86770476
2023-12-29 02:42:00,76.7,76.84,76.79,76.7,280.31029003
2023-12-29 02:41:00,76.58,76.8,76.63,76.8,218.60229832
2023-12-29 02:40:00,76.56,76.66,76.57,76.63,148.23964416
2023-12-29 02:39:00,76.57,76.69,76.62,76.6,275.73237856
2023-12-29 02:38:00,76.37,76.63,76.39,76.62,165.27086856
2023-12-29 02:37:00,76.34,76.43,76.4,76.39,191.07360277
2023-12-29 02:36:00,76.29,76.42,76.29,76.42,44.25248114
2023-12-29 02:35:00,76.17,76.31,76.21,76.3,334.12861118
2023-12-29 02:34:00,76.16,76.24,76.16,76.24,47.51869056
2023-12-29 02:33:00,76.12,76.26,76.26,76.15,808.15889244
2023-12-29 02:32:00,76.23,76.29,76.27,76.26,128.90736764
2023-12-29 02:31:00,76.18,76.29,76.21,76.26,235.21455816
2023-12-29 02:30:00,76.0,76.23,76.03,76.23,45.19952375
2023-12-29 02:29:00,75.92,76.01,75.97,76.01,155.42504743
2023-12-29 02:28:00,75.93,76.03,75.96,75.99,452.37781804
2023-12-29 02:27:00,75.91,76.02,76.02,75.95,299.10773723
2023-12-29 02:26:00,76.01,76.22,76.22,76.01,107.01013565
2023-12-29 02:25:00,76.2,76.28,76.22,76.2,444.74917491
2023-12-29 02:24:00,76.08,76.22,76.09,76.22,222.86634612
2023-12-29 02:23:00,75.97,76.13,76.11,76.06,676.27937149
2023-12-29 02:22:00,76.09,76.16,76.14,76.12,43.82084574
2023-12-29 02:21:00,76.13,76.28,76.26,76.13,193.14096878
2023-12-29 02:20:00,76.12,76.28,76.18,76.27,113.70338455
2023-12-29 02:19:00,76.08,76.17,76.16,76.17,143.65921945
2023-12-29 02:18:00,76.1,76.21,76.2,76.17,278.59829906
2023-12-29 02:17:00,76.05,76.25,76.25,76.19,613.04460113
2023-12-29 02:16:00,76.21,76.36,76.36,76.21,42.6191978
2023-12-29 02:15:00,76.27,76.36,76.36,76.36,174.02591358
2023-12-29 02:14:00,76.28,76.47,76.47,76.35,576.05929833
2023-12-29 02:13:00,76.47,76.57,76.55,76.47,188.65820684
2023-12-29 02:12:00,76.47,76.66,76.62,76.52,426.24835179
2023-12-29 02:11:00,76.4,76.75,76.46,76.63,607.45771042
2023-12-29 02:10:00,76.45,76.87,76.58,76.46,1386.47025007
2023-12-29 02:09:00,76.3,76.59,76.32,76.56,1206.41912506
2023-12-29 02:08:00,76.15,76.32,76.18,76.31,304.25419706
2023-12-29 02:07:00,76.03,76.2,76.08,76.2,221.36184048
2023-12-29 02:06:00,76.01,76.11,76.07,76.1,86.65100796
2023-12-29 02:05:00,75.99,76.13,76.04,76.09,372.77589018
2023-12-29 02:04:00,75.85,76.04,75.9,76.03,664.41819924
2023-12-29 02:03:00,75.82,75.92,75.84,75.92,203.47215747
2023-12-29 02:02:00,75.71,75.84,75.75,75.84,124.2246158
2023-12-29 02:01:00,75.75,75.86,75.86,75.8,237.66240056
2023-12-29 02:00:00,75.75,75.88,75.75,75.87,69.52116662
2023-12-29 01:59:00,75.66,75.76,75.71,75.75,159.38858783
2023-12-29 01:58:00,75.66,75.7,75.66,75.68,19.12720942
2023-12-29 01:57:00,75.62,75.72,75.65,75.69,151.81133163
2023-12-29 01:56:00,75.56,75.63,75.62,75.6,25.42733233
2023-12-29 01:55:00,75.54,75.67,75.61,75.57,206.61896345
2023-12-29 01:54:00,75.59,75.65,75.62,75.62,80.81602896
2023-12-29 01:53:00,75.48,75.62,75.53,75.62,167.83789775
2023-12-29 01:52:00,75.37,75.5,75.47,75.5,126.55523279
2023-12-29 01:51:00,75.36,75.51,75.43,75.49,185.77305657
2023-12-29 01:50:00,75.35,75.46,75.38,75.44,36.34453599
2023-12-29 01:49:00,75.4,75.45,75.42,75.43,115.80527536
2023-12-29 01:48:00,75.18,75.44,75.21,75.44,52.81177528
2023-12-29 01:47:00,75.17,75.35,75.23,75.29,200.31215655
2023-12-29 01:46:00,75.19,75.45,75.45,75.22,158.6117178
2023-12-29 01:45:00,75.44,75.6,75.47,75.45,876.41363944
2023-12-29 01:44:00,75.45,75.5,75.47,75.49,157.81111805
2023-12-29 01:43:00,75.25,75.48,75.34,75.45,248.62423057
2023-12-29 01:42:00,75.12,75.37,75.19,75.37,198.57901133
2023-12-29 01:41:00,75.12,75.51,75.49,75.19,449.3107869
2023-12-29 01:40:00,75.17,75.48,75.3,75.48,457.84097043
2023-12-29 01:39:00,75.19,75.29,75.29,75.24,197.42756595
2023-12-29 01:38:00,75.19,75.4,75.32,75.27,284.70868761
2023-12-29 01:37:00,75.02,75.27,75.14,75.27,353.06094574
2023-12-29 01:36:00,75.11,75.28,75.17,75.15,226.76966652
2023-12-29 01:35:00,75.06,75.31,75.18,75.16,264.37608999
2023-12-29 01:34:00,75.05,75.29,75.26,75.11,288.89495702
2023-12-29 01:33:00,75.03,75.34,75.19,75.26,579.91873727
2023-12-29 01:32:00,75.11,75.33,75.33,75.15,369.85321294
2023-12-29 01:31:00,75.31,75.49,75.41,75.31,392.25313125
2023-12-29 01:30:00,75.42,75.57,75.48,75.42,239.44381958
2023-12-29 01:29:00,75.3,75.55,75.38,75.45,202.8083771
2023-12-29 01:28:00,75.36,75.47,75.43,75.39,95.43122911
2023-12-29 01:27:00,75.44,75.6,75.44,75.51,332.73568864
2023-12-29 01:26:00,75.06,75.41,75.09,75.34,386.53889935
2023-12-29 01:25:00,75.09,75.58,75.52,75.09,838.62885584
2023-12-29 01:24:00,75.54,75.89,75.85,75.54,503.37546207
2023-12-29 01:23:00,75.65,75.85,75.76,75.85,476.07569828
2023-12-29 01:22:00,75.72,75.82,75.79,75.78,50.208454
2023-12-29 01:21:00,75.79,76.0,75.98,75.81,253.97734221
2023-12-29 01:20:00,76.0,76.17,76.17,76.0,136.02500785
2023-12-29 01:19:00,76.17,76.32,76.32,76.18,187.62097223
2023-12-29 01:18:00,76.29,76.34,76.32,76.32,29.80618953
2023-12-29 01:17:00,76.27,76.42,76.42,76.27,134.19222783
2023-12-29 01:16:00,76.39,76.43,76.4,76.42,34.20165754
2023-12-29 01:15:00,76.23,76.39,76.26,76.39,144.08741153
2023-12-29 01:14:00,76.22,76.33,76.3,76.26,39.53942427
2023-12-29 01:13:00,76.21,76.32,76.23,76.3,123.24763401
2023-12-29 01:12:00,76.08,76.27,76.08,76.26,65.63809017
2023-12-29 01:11:00,76.04,76.18,76.1,76.08,348.34743728
2023-12-29 01:10:00,76.01,76.21,76.21,76.09,324.66854679
2023-12-29 01:09:00,76.15,76.26,76.19,76.19,291.30815322
2023-12-29 01:08:00,76.04,76.17,76.07,76.17,284.58156388
2023-12-29 01:07:00,75.94,76.1,75.98,76.1,185.16861829
2023-12-29 01:06:00,75.76,75.95,75.81,75.95,47.43904021
2023-12-29 01:05:00,75.71,76.09,76.07,75.79,440.2877025
2023-12-29 01:04:00,75.88,76.08,75.99,76.08,503.33679025
2023-12-29 01:03:00,75.87,76.02,75.97,76.01,302.04496683
2023-12-29 01:02:00,75.82,76.12,75.82,76.0,334.25059096
2023-12-29 01:01:00,75.57,76.01,76.01,75.76,913.62831765
2023-12-29 01:00:00,75.97,76.11,76.07,76.0,157.71096228
2023-12-29 00:59:00,76.07,76.17,76.07,76.09,85.86586066
2023-12-29 00:58:00,75.93,76.17,75.94,76.05,228.5981321
2023-12-29 00:57:00,75.87,76.14,76.06,75.91,550.52596701
2023-12-29 00:56:00,76.09,76.32,76.32,76.1,59.59966892
2023-12-29 00:55:00,76.1,76.33,76.24,76.24,105.13168436
2023-12-29 00:54:00,76.06,76.32,76.22,76.22,288.54916205
2023-12-29 00:53:00,75.99,76.29,76.24,76.27,780.81762039
2023-12-29 00:52:00,76.14,76.54,76.52,76.25,1829.23023949
2023-12-29 00:51:00,76.53,76.94,76.94,76.53,91.18992175
2023-12-29 00:50:00,76.69,76.98,76.69,76.95,198.15639107
2023-12-29 00:49:00,76.63,76.75,76.63,76.67,33.32999318
2023-12-29 00:48:00,76.63,76.84,76.77,76.65,173.1074673
2023-12-29 00:47:00,76.8,76.86,76.84,76.8,256.93227851
2023-12-29 00:46:00,76.75,76.91,76.86,76.88,236.16712737
2023-12-29 00:45:00,76.81,77.15,77.15,76.84,198.69701637
2023-12-29 00:44:00,77.01,77.14,77.14,77.13,85.04759989
2023-12-29 00:43:00,77.06,77.21,77.17,77.15,175.96924452
2023-12-29 00:42:00,77.05,77.31,77.26,77.21,1290.48586331
2023-12-29 00:41:00,77.18,77.4,77.35,77.23,138.22900593
2023-12-29 00:40:00,77.16,77.4,77.23,77.34,164.89520843
2023-12-29 00:39:00,77.14,77.27,77.22,77.2,12.323038
2023-12-29 00:38:00,77.06,77.21,77.08,77.21,98.95886612
2023-12-29 00:37:00,76.83,77.03,76.95,77.03,86.75026883
2023-12-29 00:36:00,76.97,77.2,77.05,76.98,713.239457
2023-12-29 00:35:00,76.89,77.07,76.94,77.07,40.79325129
2023-12-29 00:34:00,76.63,76.9,76.63,76.9,130.19354824
2023-12-29 00:33:00,76.52,76.74,76.69,76.68,133.23439336
2023-12-29 00:32:00,76.67,76.98,76.87,76.69,130.51182749
2023-12-29 00:31:00,76.78,76.98,76.85,76.8,577.09686743
2023-12-29 00:30:00,76.85,77.08,77.08,76.85,258.27451526
2023-12-29 00:29:00,77.07,77.23,77.15,77.08,63.82037681
2023-12-29 00:28:00,77.15,77.35,77.35,77.15,47.07521827
2023-12-29 00:27:00,77.29,77.44,77.36,77.37,134.82760201
2023-12-29 00:26:00,76.99,77.32,76.99,77.32,100.32396859
2023-12-29 00:25:00,76.93,77.15,77.15,76.96,118.27616017
2023-12-29 00:24:00,76.81,77.14,76.87,77.12,121.83524482
2023-12-29 00:23:00,76.87,77.15,77.09,76.87,156.04933737
2023-12-29 00:22:00,77.05,77.28,77.28,77.09,150.44070296
2023-12-29 10:22:00,76.34,76.39,76.39,76.37,22.99630933
2023-12-29 10:21:00,76.38,76.4,76.39,76.38,33.35844218
2023-12-29 10:20:00,76.34,76.39,76.39,76.36,37.29229109
2023-12-29 10:19:00,76.36,76.41,76.41,76.39,15.45502898
2023-12-29 10:18:00,76.32,76.39,76.32,76.39,19.5498287
2023-12-29 10:17:00,76.27,76.32,76.27,76.3,231.33688959
2023-12-29 10:16:00,76.24,76.28,76.28,76.26,24.02991902
2023-12-29 10:15:00,76.22,76.25,76.25,76.24,9.95970966
2023-12-29 10:14:00,76.24,76.28,76.27,76.24,18.67975026
2023-12-29 10:13:00,76.26,76.36,76.36,76.27,47.44689665
2023-12-29 10:12:00,76.34,76.36,76.35,76.36,29.96714284
2023-12-29 10:11:00,76.33,76.39,76.33,76.38,44.55922831
2023-12-29 10:10:00,76.22,76.31,76.26,76.31,77.35147222
2023-12-29 10:09:00,76.24,76.26,76.24,76.25,68.78628276
2023-12-29 10:08:00,76.24,76.28,76.28,76.25,34.19720032
2023-12-29 10:07:00,76.19,76.3,76.2,76.27,394.27951782
2023-12-29 10:06:00,76.21,76.27,76.26,76.21,10.25002442
2023-12-29 10:05:00,76.34,76.4,76.4,76.34,3.85268646
2023-12-29 10:04:00,76.35,76.42,76.42,76.36,179.21676887
2023-12-29 10:03:00,76.38,76.41,76.39,76.4,12.63448038
2023-12-29 10:02:00,76.36,76.4,76.37,76.39,6.13440794
2023-12-29 10:01:00,76.33,76.39,76.33,76.39,7.43959701
2023-12-29 10:00:00,76.27,76.33,76.31,76.33,86.68013435
2023-12-29 09:59:00,76.3,76.38,76.37,76.3,27.5385479
2023-12-29 09:58:00,76.31,76.35,76.33,76.35,93.37340893
2023-12-29 09:57:00,76.29,76.31,76.29,76.31,2.52330794
2023-12-29 09:56:00,76.25,76.27,76.27,76.27,17.99061519
2023-12-29 09:55:00,76.23,76.27,76.23,76.27,4.03495422
2023-12-29 09:54:00,76.2,76.25,76.24,76.2,6.39112223
2023-12-29 09:53:00,76.23,76.27,76.26,76.27,44.92290605
2023-12-29 09:52:00,76.2,76.26,76.22,76.26,10.20455003
2023-12-29 09:51:00,76.22,76.25,76.22,76.25,10.66317947
2023-12-29 09:50:00,76.17,76.21,76.17,76.21,32.392075
2023-12-29 09:49:00,76.07,76.19,76.09,76.19,18.84463639
2023-12-29 09:48:00,76.09,76.13,76.12,76.09,2.98224795
2023-12-29 09:47:00,76.13,76.23,76.23,76.14,14.12486757
2023-12-29 09:46:00,76.22,76.25,76.24,76.22,47.78466251
2023-12-29 09:45:00,76.14,76.22,76.14,76.22,8.42101361
2023-12-29 09:44:00,76.09,76.17,76.09,76.13,18.5202981
2023-12-29 09:43:00,76.09,76.13,76.12,76.09,17.73655702
2023-12-29 09:42:00,76.1,76.17,76.17,76.13,131.51203666
2023-12-29 09:41:00,76.17,76.19,76.18,76.17,32.4773023
2023-12-29 09:40:00,76.15,76.22,76.22,76.2,267.17484999
2023-12-29 09:39:00,76.18,76.21,76.18,76.21,33.48879706
2023-12-29 09:38:00,76.15,76.21,76.16,76.18,25.16302204
2023-12-29 09:37:00,76.14,76.2,76.2,76.14,31.50704914
2023-12-29 09:36:00,76.21,76.22,76.22,76.22,8.8774634
2023-12-29 09:35:00,76.18,76.26,76.2,76.23,57.89031295
2023-12-29 09:34:00,76.18,76.22,76.21,76.2,10.02294755
2023-12-29 09:33:00,76.17,76.26,76.17,76.22,287.58781532
2023-12-29 09:32:00,76.13,76.2,76.13,76.16,53.44226586
2023-12-29 09:31:00,76.03,76.13,76.03,76.13,11.48702649
2023-12-29 09:30:00,76.0,76.06,76.05,76.03,99.70946499
2023-12-29 09:29:00,76.05,76.09,76.06,76.07,74.36779773
2023-12-29 09:28:00,75.95,76.01,75.97,76.01,36.12609191
2023-12-29 09:27:00,75.94,75.97,75.96,75.96,110.65281223
2023-12-29 09:26:00,75.98,76.06,76.06,75.98,213.17460341
2023-12-29 09:25:00,76.01,76.09,76.09,76.07,209.69289621
2023-12-29 09:24:00,76.06,76.08,76.07,76.07,19.43481687
2023-12-29 09:23:00,76.03,76.08,76.05,76.04,60.54005775
2023-12-29 09:22:00,76.03,76.11,76.09,76.04,63.67616449
2023-12-29 09:21:00,76.02,76.12,76.02,76.11,25.02612186
2023-12-29 09:20:00,75.99,76.04,75.99,76.0,16.53431194
2023-12-29 09:19:00,75.97,76.0,75.99,76.0,46.7938456
2023-12-29 09:18:00,75.82,76.01,75.82,76.01,44.55649699
2023-12-29 09:17:00,75.76,75.8,75.78,75.8,20.55764416
2023-12-29 09:16:00,75.73,75.78,75.73,75.77,36.59680157
2023-12-29 09:15:00,75.7,75.76,75.76,75.73,37.87075773
2023-12-29 09:14:00,75.74,75.81,75.81,75.76,321.08603548
2023-12-29 09:13:00,75.79,75.82,75.8,75.82,63.40104526
2023-12-29 09:12:00,75.75,75.82,75.75,75.82,17.15305617
2023-12-29 09:11:00,75.71,75.76,75.71,75.73,95.96458558
2023-12-29 09:10:00,75.71,75.73,75.71,75.73,10.86682727
2023-12-29 09:09:00,75.68,75.73,75.68,75.71,10.3293323
2023-12-29 09:08:00,75.64,75.68,75.65,75.66,47.17022524
2023-12-29 09:07:00,75.65,75.7,75.67,75.65,36.11784271
2023-12-29 09:06:00,75.7,75.77,75.77,75.7,78.48802799
2023-12-29 09:05:00,75.72,75.8,75.72,75.79,69.3468726
2023-12-29 09:04:00,75.7,75.74,75.74,75.72,34.04624863
2023-12-29 09:03:00,75.65,75.75,75.69,75.72,90.22652268
2023-12-29 09:02:00,75.65,75.7,75.7,75.68,46.41310921
2023-12-29 09:01:00,75.72,75.78,75.75,75.72,17.8812805
2023-12-29 09:00:00,75.65,75.77,75.71,75.75,126.80433913
2023-12-29 08:59:00,75.67,75.79,75.67,75.74,428.9936664
2023-12-29 08:58:00,75.66,75.73,75.66,75.71,128.62911419
2023-12-29 08:57:00,75.67,75.72,75.71,75.68,10.14093179
2023-12-29 08:56:00,75.72,75.76,75.74,75.73,21.22698171
2023-12-29 08:55:00,75.7,75.83,75.81,75.72,129.80015845
2023-12-29 08:54:00,75.78,75.83,75.78,75.82,110.51975936
2023-12-29 08:53:00,75.76,75.8,75.76,75.79,52.22300782
2023-12-29 08:52:00,75.78,75.84,75.81,75.78,115.39799619
2023-12-29 08:51:00,75.76,75.86,75.86,75.83,115.62796614
2023-12-29 08:50:00,75.74,76.0,76.0,75.81,481.32171973
2023-12-29 08:49:00,75.89,75.99,75.94,75.99,158.80788135
2023-12-29 08:48:00,75.97,76.04,76.01,75.97,20.86190032
2023-12-29 08:47:00,75.9,76.01,75.97,75.96,347.16237642
2023-12-29 08:46:00,75.81,75.99,75.88,75.99,352.43789039
2023-12-29 08:45:00,75.78,75.91,75.84,75.86,669.03484378
2023-12-29 08:44:00,75.85,76.08,76.08,75.89,1293.82595519
2023-12-29 08:43:00,76.09,76.2,76.2,76.1,58.98805045
2023-12-29 08:42:00,76.18,76.24,76.24,76.18,24.48571406
2023-12-29 08:41:00,76.24,76.29,76.25,76.24,63.11453623
2023-12-29 08:40:00,76.25,76.28,76.26,76.27,24.30948384
2023-12-29 08:39:00,76.26,76.28,76.26,76.27,14.0363198
2023-12-29 08:38:00,76.17,76.28,76.17,76.27,74.44956027
2023-12-29 08:37:00,76.11,76.17,76.17,76.15,80.56966759
2023-12-29 08:36:00,76.09,76.16,76.09,76.16,10.21538789
2023-12-29 08:35:00,76.03,76.08,76.08,76.05,106.42018771
2023-12-29 08:34:00,76.07,76.09,76.07,76.07,159.8983828
2023-12-29 08:33:00,76.04,76.11,76.05,76.05,73.45708987
2023-12-29 08:32:00,76.02,76.23,76.16,76.07,428.12463088
2023-12-29 08:31:00,76.08,76.25,76.08,76.18,1133.74441124
2023-12-29 08:30:00,75.83,76.07,75.83,76.07,768.50538184
2023-12-29 08:29:00,75.73,75.83,75.73,75.82,494.23968604
2023-12-29 08:28:00,75.69,75.75,75.69,75.72,117.69911954
2023-12-29 08:27:00,75.67,75.72,75.72,75.68,99.28506233
2023-12-29 08:26:00,75.71,75.79,75.78,75.71,11.63056858
2023-12-29 08:25:00,75.75,75.82,75.82,75.76,30.35935685
2023-12-29 08:24:00,75.74,75.82,75.74,75.82,35.61391264
2023-12-29 08:23:00,75.73,75.79,75.73,75.75,146.25928111
2023-12-29 08:22:00,75.73,75.81,75.8,75.75,111.97514046
2023-12-29 08:21:00,75.81,75.94,75.93,75.81,220.44789216
2023-12-29 08:20:00,75.92,76.16,76.16,75.92,127.33524402
2023-12-29 08:19:00,76.14,76.23,76.14,76.2,116.18141675
2023-12-29 08:18:00,75.89,76.13,75.93,76.12,1152.46476844
2023-12-29 08:17:00,75.89,76.2,76.17,75.94,1274.20555123
2023-12-29 08:16:00,76.15,76.31,76.25,76.15,1075.86545587
2023-12-29 08:15:00,76.13,76.27,76.18,76.26,229.97539905
2023-12-29 08:14:00,76.18,76.45,76.26,76.21,930.76730707
2023-12-29 08:13:00,76.17,76.35,76.2,76.26,620.52930228
2023-12-29 08:12:00,76.1,76.26,76.13,76.22,1258.9977453
2023-12-29 08:11:00,76.04,76.18,76.06,76.11,626.26128796
2023-12-29 08:10:00,75.94,76.05,75.99,76.04,570.6125192
2023-12-29 08:09:00,75.8,76.0,75.82,76.0,116.24595421
2023-12-29 08:08:00,75.74,75.85,75.78,75.8,32.32334988
2023-12-29 08:07:00,75.73,75.79,75.74,75.78,23.44127551
2023-12-29 08:06:00,75.73,75.77,75.76,75.74,33.50217619
2023-12-29 08:05:00,75.66,75.71,75.67,75.71,24.19027381
2023-12-29 08:04:00,75.56,75.65,75.58,75.63,110.52058272
2023-12-29 08:03:00,75.6,75.72,75.72,75.6,44.12223682
2023-12-29 08:02:00,75.7,75.75,75.73,75.72,34.18948783
2023-12-29 08:01:00,75.59,75.72,75.59,75.72,48.40008724
2023-12-29 08:00:00,75.42,75.63,75.46,75.59,116.80149976
2023-12-29 07:59:00,75.4,75.47,75.42,75.43,141.4079706
2023-12-29 07:58:00,75.35,75.46,75.37,75.45,72.38518349
2023-12-29 07:57:00,75.32,75.42,75.42,75.34,51.74953738
2023-12-29 07:56:00,75.35,75.47,75.47,75.35,142.05547091
2023-12-29 07:55:00,75.48,75.55,75.53,75.52,24.24090382
2023-12-29 07:54:00,75.51,75.6,75.6,75.57,103.17867814
2023-12-29 07:53:00,75.6,75.67,75.67,75.61,48.35048068
2023-12-29 07:52:00,75.59,75.65,75.62,75.63,27.66350599
2023-12-29 07:51:00,75.6,75.74,75.73,75.61,88.26753704
2023-12-29 07:50:00,75.72,75.89,75.85,75.72,160.88334955
2023-12-29 07:49:00,75.83,75.88,75.84,75.84,11.8869149
2023-12-29 07:48:00,75.74,75.83,75.74,75.77,129.71880219
2023-12-29 07:47:00,75.71,75.79,75.79,75.74,149.28569575
2023-12-29 07:46:00,75.74,75.83,75.75,75.74,226.44669903
2023-12-29 07:45:00,75.74,75.89,75.88,75.75,994.85886338
2023-12-29 07:44:00,75.79,75.86,75.79,75.86,49.76914879
2023-12-29 07:43:00,75.77,75.89,75.86,75.78,129.17310187
2023-12-29 07:42:00,75.85,75.9,75.89,75.87,25.0123452
2023-12-29 07:41:00,75.86,75.93,75.92,75.9,26.09817907
2023-12-29 07:40:00,75.8,75.93,75.91,75.93,79.41370497
2023-12-29 07:39:00,75.83,75.93,75.93,75.91,204.88885147
2023-12-29 07:38:00,75.88,76.07,76.0,75.94,182.54870212
2023-12-29 07:37:00,75.97,76.11,76.08,76.0,665.66422471
2023-12-29 07:36:00,76.02,76.11,76.07,76.04,166.66019285
2023-12-29 07:35:00,76.09,76.15,76.15,76.1,178.5769274
2023-12-29 07:34:00,76.13,76.19,76.16,76.15,77.87136488
2023-12-29 07:33:00,76.14,76.25,76.25,76.15,348.19233657
2023-12-29 07:32:00,76.25,76.35,76.35,76.25,78.06348134
2023-12-29 07:31:00,76.34,76.49,76.43,76.34,109.57413527
2023-12-29 07:30:00,76.31,76.42,76.33,76.42,42.73438286
2023-12-29 07:29:00,76.23,76.32,76.26,76.32,11.60394906
2023-12-29 07:28:00,76.26,76.35,76.3,76.28,80.4575743
2023-12-29 07:27:00,76.26,76.32,76.26,76.31,22.58104955
2023-12-29 07:26:00,76.21,76.3,76.3,76.25,52.04639992
2023-12-29 07:25:00,76.21,76.31,76.23,76.3,23.16934019
2023-12-29 07:24:00,76.22,76.25,76.25,76.22,34.44213829
2023-12-29 07:23:00,76.27,76.35,76.33,76.27,34.93750996
2023-12-29 07:22:00,76.26,76.32,76.26,76.32,91.5918993
2023-12-29 07:21:00,76.26,76.35,76.35,76.29,73.70845229
2023-12-29 07:20:00,76.25,76.38,76.25,76.35,103.58003573
2023-12-29 07:19:00,76.14,76.22,76.19,76.22,37.75670614
2023-12-29 07:18:00,76.14,76.28,76.27,76.19,117.49479234
2023-12-29 07:17:00,76.27,76.36,76.36,76.27,57.97906637
2023-12-29 07:16:00,76.33,76.37,76.36,76.36,58.94760067
2023-12-29 07:15:00,76.35,76.38,76.37,76.36,51.85017795
2023-12-29 07:14:00,76.35,76.38,76.37,76.37,95.91380529
2023-12-29 07:13:00,76.37,76.41,76.4,76.39,61.8570491
2023-12-29 07:12:00,76.36,76.43,76.43,76.4,186.40838441
2023-12-29 07:11:00,76.38,76.45,76.41,76.45,285.30878939
2023-12-29 07:10:00,76.4,76.46,76.46,76.41,714.54146528
2023-12-29 07:09:00,76.45,76.47,76.46,76.46,7.51540309
2023-12-29 07:08:00,76.45,76.53,76.49,76.45,93.5416499
2023-12-29 07:07:00,76.46,76.5,76.46,76.48,30.39335741
2023-12-29 07:06:00,76.43,76.49,76.43,76.44,17.87719581
2023-12-29 07:05:00,76.43,76.56,76.55,76.43,109.72315487
2023-12-29 07:04:00,76.54,76.6,76.54,76.55,42.72437587
2023-12-29 07:03:00,76.5,76.59,76.56,76.51,191.79406015
2023-12-29 07:02:00,76.5,76.57,76.5,76.57,26.77649531
2023-12-29 07:01:00,76.4,76.51,76.49,76.49,56.24624373
2023-12-29 07:00:00,76.41,76.49,76.42,76.49,167.17048824
2023-12-29 06:59:00,76.41,76.53,76.52,76.42,387.6503073
2023-12-29 06:58:00,76.44,76.55,76.45,76.55,498.8073799
2023-12-29 06:57:00,76.43,76.5,76.5,76.44,237.3721383
2023-12-29 06:56:00,76.45,76.51,76.51,76.48,17.916366
2023-12-29 06:55:00,76.48,76.59,76.56,76.51,137.47350249
2023-12-29 06:54:00,76.47,76.59,76.49,76.56,67.03263057
2023-12-29 06:53:00,76.45,76.57,76.57,76.47,584.9723166
2023-12-29 06:52:00,76.54,76.57,76.56,76.56,20.0429307
2023-12-29 06:51:00,76.53,76.65,76.63,76.55,144.66542872
2023-12-29 06:50:00,76.6,76.65,76.65,76.62,31.75554408
2023-12-29 06:49:00,76.64,76.68,76.68,76.66,118.72792966
2023-12-29 06:48:00,76.59,76.69,76.59,76.65,25.49809204
2023-12-29 06:47:00,76.54,76.62,76.62,76.59,605.34707123
2023-12-29 06:46:00,76.55,76.62,76.62,76.61,57.69627798
2023-12-29 06:45:00,76.61,76.68,76.65,76.61,159.39697128
2023-12-29 06:44:00,76.65,76.7,76.69,76.65,20.66279466
2023-12-29 06:43:00,76.62,76.72,76.64,76.69,765.4702182
2023-12-29 06:42:00,76.62,76.67,76.65,76.64,95.15456096
2023-12-29 06:41:00,76.63,76.75,76.73,76.65,464.6874406
2023-12-29 06:40:00,76.72,76.76,76.75,76.73,38.47388738
2023-12-29 06:39:00,76.76,76.84,76.84,76.76,188.79924346
2023-12-29 06:38:00,76.81,76.85,76.81,76.85,45.59606121
2023-12-29 06:37:00,76.7,76.81,76.74,76.8,152.55795743
2023-12-29 06:36:00,76.68,76.74,76.74,76.73,39.71832942
2023-12-29 06:35:00,76.63,76.75,76.69,76.75,119.78886801
2023-12-29 06:34:00,76.66,76.69,76.66,76.69,39.5718002
2023-12-29 06:33:00,76.64,76.72,76.65,76.67,123.21425087
2023-12-29 06:32:00,76.6,76.64,76.62,76.63,38.62339663
2023-12-29 06:31:00,76.59,76.65,76.65,76.62,126.84861109
2023-12-29 06:30:00,76.64,76.68,76.68,76.66,57.32635786
2023-12-29 06:29:00,76.66,76.74,76.71,76.68,123.51638226
2023-12-29 06:28:00,76.67,76.74,76.74,76.72,28.71945795
2023-12-29 06:27:00,76.73,76.78,76.78,76.73,114.29984083
2023-12-29 06:26:00,76.6,76.77,76.62,76.77,227.78158775
2023-12-29 06:25:00,76.58,76.69,76.61,76.62,148.79870041
2023-12-29 06:24:00,76.6,76.64,76.64,76.61,41.15820653
2023-12-29 06:23:00,76.6,76.65,76.63,76.65,118.61906879
2023-12-29 06:22:00,76.64,76.66,76.65,76.65,15.86074454
2023-12-29 06:21:00,76.63,76.68,76.66,76.65,119.38908881
2023-12-29 06:20:00,76.67,76.72,76.71,76.67,18.57835912
2023-12-29 06:19:00,76.64,76.71,76.71,76.69,154.9283989
2023-12-29 06:18:00,76.7,76.73,76.72,76.71,14.20537754
2023-12-29 06:17:00,76.72,76.83,76.83,76.72,143.81770277
2023-12-29 06:16:00,76.81,76.84,76.83,76.84,29.50451797
2023-12-29 06:15:00,76.8,76.85,76.81,76.82,152.61428591
2023-12-29 06:14:00,76.79,76.84,76.8,76.81,72.85112645
2023-12-29 06:13:00,76.72,76.81,76.8,76.8,359.96042284
2023-12-29 06:12:00,76.68,76.83,76.71,76.81,467.82780849
2023-12-29 06:11:00,76.67,76.75,76.74,76.67,333.30950744
2023-12-29 06:10:00,76.71,76.74,76.74,76.71,17.33789133
2023-12-29 06:09:00,76.75,76.88,76.78,76.75,728.15568897
2023-12-29 06:08:00,76.8,76.91,76.9,76.8,150.74567467
2023-12-29 06:07:00,76.89,76.91,76.91,76.9,124.03214728
2023-12-29 06:06:00,76.91,76.97,76.97,76.92,28.55242294
2023-12-29 06:05:00,76.93,77.0,76.94,76.98,156.3810951
2023-12-29 06:04:00,76.93,76.97,76.94,76.96,170.76632425
2023-12-29 06:03:00,76.92,76.97,76.96,76.93,149.83212859
2023-12-29 06:02:00,76.88,76.97,76.93,76.96,44.88079445
2023-12-29 06:01:00,76.85,76.92,76.89,76.92,141.2189377
2023-12-29 06:00:00,76.85,76.89,76.89,76.89,46.451261
2023-12-29 05:59:00,76.8,76.87,76.86,76.87,153.31575388
2023-12-29 05:58:00,76.83,76.86,76.86,76.86,20.54659239
2023-12-29 05:57:00,76.84,76.88,76.88,76.86,135.06160469
2023-12-29 05:56:00,76.86,76.93,76.89,76.87,110.841204
2023-12-29 05:55:00,76.89,76.98,76.97,76.9,216.70716012
2023-12-29 05:54:00,76.91,76.97,76.97,76.97,86.87242155
2023-12-29 05:53:00,76.96,77.0,76.98,76.98,227.42758504
2023-12-29 05:52:00,76.99,77.04,77.03,77.0,29.21693554
2023-12-29 05:51:00,77.02,77.06,77.05,77.03,143.68333398
2023-12-29 05:50:00,77.04,77.17,77.17,77.06,20.06352603
2023-12-29 05:49:00,77.16,77.24,77.2,77.18,126.16354209
2023-12-29 05:48:00,77.03,77.2,77.03,77.18,200.78136647
2023-12-29 05:47:00,76.93,77.05,76.97,77.05,148.98298893
2023-12-29 05:46:00,76.94,76.99,76.97,76.94,27.43166247
2023-12-29 05:45:00,76.93,77.04,77.02,76.93,461.69776037
2023-12-29 05:44:00,76.97,77.03,76.97,77.02,26.38155346
2023-12-29 05:43:00,76.96,77.03,77.03,76.96,195.27605035
2023-12-29 05:42:00,76.97,77.08,77.04,77.01,263.84615771
2023-12-29 05:41:00,77.0,77.05,77.03,77.04,147.11276524
2023-12-29 05:40:00,77.03,77.11,77.1,77.05,84.68082067
2023-12-29 05:39:00,77.03,77.1,77.08,77.1,202.17357962
2023-12-29 05:38:00,77.08,77.17,77.17,77.1,182.96223195
2023-12-29 05:37:00,77.16,77.21,77.19,77.18,131.82090545
2023-12-29 05:36:00,77.15,77.2,77.17,77.18,81.59358027
2023-12-29 05:35:00,77.08,77.21,77.11,77.17,282.20629913
2023-12-29 05:34:00,77.04,77.13,77.04,77.13,58.73681636
2023-12-29 05:33:00,76.95,77.05,77.0,77.05,157.27754673
2023-12-29 05:32:00,77.0,77.03,77.01,77.01,93.05205335
2023-12-29 05:31:00,76.99,77.1,77.1,77.0,259.47158545
2023-12-29 05:30:00,77.02,77.16,77.04,77.11,74.97512332
2023-12-29 05:29:00,76.99,77.06,77.04,77.05,363.93830258
2023-12-29 05:28:00,77.08,77.15,77.13,77.09,72.02904991
2023-12-29 05:27:00,77.12,77.19,77.15,77.12,187.69492407
2023-12-29 05:26:00,77.17,77.33,77.31,77.17,186.47680816
2023-12-29 05:25:00,77.26,77.38,77.33,77.26,189.81865438
2023-12-29 05:24:00,77.16,77.34,77.16,77.33,294.69055842
2023-12-29 05:23:00,76.94,77.18,76.94,77.17,3376.92514584
2023-12-29 05:22:00,76.94,76.96,76.96,76.94,283.18646291
2023-12-29 15:22:00,76.71,76.85,76.71,76.81,59.18931256
2023-12-29 15:21:00,76.49,76.72,76.49,76.72,78.87211405
2023-12-29 15:20:00,76.41,76.57,76.57,76.46,337.89748752
2023-12-29 15:19:00,76.41,76.57,76.49,76.57,153.17531757
2023-12-29 15:18:00,76.44,76.55,76.48,76.5,48.13393816
2023-12-29 15:17:00,76.43,76.68,76.62,76.6,440.57314957
2023-12-29 15:16:00,76.62,76.69,76.66,76.67,130.34903649
2023-12-29 15:15:00,76.54,76.83,76.82,76.68,163.50838462
2023-12-29 15:14:00,76.81,76.95,76.91,76.81,149.192905
2023-12-29 15:13:00,76.8,76.93,76.8,76.91,146.41823664
2023-12-29 15:12:00,76.66,76.79,76.7,76.79,116.90989977
2023-12-29 15:11:00,76.67,76.71,76.69,76.69,65.36130267
2023-12-29 15:10:00,76.54,76.71,76.54,76.7,164.1162062
2023-12-29 15:09:00,76.51,76.64,76.64,76.54,170.84736568
2023-12-29 15:08:00,76.64,76.73,76.73,76.64,87.36221706
2023-12-29 15:07:00,76.71,76.82,76.75,76.71,221.76392098
2023-12-29 15:06:00,76.73,76.78,76.76,76.74,351.87494301
2023-12-29 15:05:00,76.75,76.85,76.84,76.75,732.69324505
2023-12-29 15:04:00,76.77,76.86,76.8,76.84,411.18486389
2023-12-29 15:03:00,76.79,76.83,76.82,76.8,182.54983712
2023-12-29 15:02:00,76.79,76.9,76.9,76.83,59.36648263
2023-12-29 15:01:00,76.89,76.96,76.93,76.9,43.16163672
2023-12-29 15:00:00,76.95,77.02,76.99,76.95,372.53297963
2023-12-29 14:59:00,76.94,76.98,76.94,76.98,141.38064575
2023-12-29 14:58:00,76.87,76.94,76.9,76.94,67.0939193
2023-12-29 14:57:00,76.89,77.08,76.91,76.9,1554.08620826
2023-12-29 14:56:00,76.9,77.06,76.9,76.91,1645.0826197
2023-12-29 14:55:00,76.77,76.95,76.77,76.89,1563.29169062
2023-12-29 14:54:00,76.67,76.87,76.67,76.76,1624.34658157
2023-12-29 14:53:00,76.63,76.75,76.64,76.67,1409.14787865
2023-12-29 14:52:00,76.6,76.73,76.63,76.63,2099.43903104
2023-12-29 14:51:00,76.62,76.76,76.64,76.63,1458.45733405
2023-12-29 14:50:00,76.54,76.64,76.56,76.63,1346.42031443
2023-12-29 14:49:00,76.56,76.66,76.57,76.56,1423.36381395
2023-12-29 14:48:00,76.55,76.62,76.62,76.56,646.12755929
2023-12-29 14:47:00,76.57,76.62,76.58,76.62,82.78128642
2023-12-29 14:46:00,76.53,76.6,76.53,76.6,30.1212459
2023-12-29 14:45:00,76.56,76.7,76.66,76.56,95.50773897
2023-12-29 14:44:00,76.65,76.71,76.71,76.67,98.34079424
2023-12-29 14:43:00,76.72,76.77,76.73,76.73,218.78487419
2023-12-29 14:42:00,76.67,76.75,76.68,76.74,367.2862019
2023-12-29 14:41:00,76.63,76.68,76.63,76.67,75.34218753
2023-12-29 14:40:00,76.58,76.63,76.61,76.61,81.43041734
2023-12-29 14:39:00,76.58,76.63,76.61,76.63,100.97558062
2023-12-29 14:38:00,76.56,76.6,76.57,76.58,72.06010185
2023-12-29 14:37:00,76.51,76.59,76.54,76.57,91.7564073
2023-12-29 14:36:00,76.53,76.58,76.57,76.54,40.16522448
2023-12-29 14:35:00,76.5,76.58,76.51,76.58,53.37375926
2023-12-29 14:34:00,76.37,76.52,76.37,76.52,168.77401815
2023-12-29 14:33:00,76.22,76.35,76.22,76.35,105.93099941
2023-12-29 14:32:00,76.16,76.22,76.2,76.22,28.42213499
2023-12-29 14:31:00,76.2,76.32,76.32,76.21,51.74200885
2023-12-29 14:30:00,76.32,76.38,76.34,76.32,33.69352001
2023-12-29 14:29:00,76.24,76.35,76.24,76.35,41.42862154
2023-12-29 14:28:00,76.18,76.27,76.18,76.23,71.70243269
2023-12-29 14:27:00,76.22,76.27,76.27,76.22,38.72692622
2023-12-29 14:26:00,76.26,76.42,76.39,76.27,149.39022494
2023-12-29 14:25:00,76.39,76.49,76.46,76.4,40.63795033
2023-12-29 14:24:00,76.4,76.45,76.41,76.44,41.94483854
2023-12-29 14:23:00,76.38,76.49,76.48,76.38,38.83345748
2023-12-29 14:22:00,76.46,76.5,76.48,76.47,32.59181181
2023-12-29 14:21:00,76.46,76.51,76.46,76.48,225.74710318
2023-12-29 14:20:00,76.48,76.56,76.5,76.48,80.90825924
2023-12-29 14:19:00,76.49,76.56,76.55,76.5,285.45206468
2023-12-29 14:18:00,76.53,76.57,76.57,76.55,55.17883788
2023-12-29 14:17:00,76.5,76.57,76.53,76.57,102.04447673
2023-12-29 14:16:00,76.48,76.53,76.48,76.53,42.57917133
2023-12-29 14:15:00,76.39,76.48,76.39,76.47,32.5380483
2023-12-29 14:14:00,76.38,76.4,76.4,76.39,70.28832742
2023-12-29 14:13:00,76.33,76.41,76.33,76.41,99.09011946
2023-12-29 14:12:00,76.26,76.35,76.32,76.35,103.77214872
2023-12-29 14:11:00,76.26,76.33,76.27,76.33,23.14747685
2023-12-29 14:10:00,76.26,76.3,76.27,76.26,62.98520788
2023-12-29 14:09:00,76.24,76.32,76.3,76.25,139.3753548
2023-12-29 14:08:00,76.32,76.38,76.37,76.32,45.35600691
2023-12-29 14:07:00,76.26,76.43,76.26,76.37,303.07778922
2023-12-29 14:06:00,76.22,76.29,76.29,76.26,73.33036831
2023-12-29 14:05:00,76.27,76.37,76.33,76.27,54.15581054
2023-12-29 14:04:00,76.29,76.34,76.33,76.32,139.47677006
2023-12-29 14:03:00,76.33,76.4,76.4,76.35,23.40368704
2023-12-29 14:02:00,76.37,76.41,76.4,76.4,48.04563926
2023-12-29 14:01:00,76.4,76.44,76.41,76.4,37.12437643
2023-12-29 14:00:00,76.41,76.47,76.41,76.43,10.94597957
2023-12-29 13:59:00,76.37,76.42,76.38,76.4,40.42342507
2023-12-29 13:58:00,76.33,76.37,76.33,76.37,19.00354377
2023-12-29 13:57:00,76.31,76.4,76.4,76.32,10.08442541
2023-12-29 13:56:00,76.37,76.45,76.42,76.39,63.31605278
2023-12-29 13:55:00,76.41,76.43,76.43,76.42,20.6877987
2023-12-29 13:54:00,76.4,76.48,76.48,76.43,92.29252726
2023-12-29 13:53:00,76.45,76.5,76.46,76.5,15.72511254
2023-12-29 13:52:00,76.46,76.58,76.58,76.47,119.1402265
2023-12-29 13:51:00,76.53,76.61,76.53,76.58,46.14189488
2023-12-29 13:50:00,76.52,76.59,76.53,76.53,197.67531136
2023-12-29 13:49:00,76.5,76.54,76.5,76.52,28.66676569
2023-12-29 13:48:00,76.48,76.5,76.48,76.48,29.56305367
2023-12-29 13:47:00,76.45,76.54,76.51,76.46,336.92301292
2023-12-29 13:46:00,76.51,76.63,76.6,76.51,114.27855215
2023-12-29 13:45:00,76.53,76.59,76.53,76.58,34.30765834
2023-12-29 13:44:00,76.47,76.53,76.47,76.51,88.44298083
2023-12-29 13:43:00,76.43,76.47,76.45,76.47,51.99143802
2023-12-29 13:42:00,76.45,76.53,76.5,76.45,134.98944493
2023-12-29 13:41:00,76.35,76.47,76.35,76.46,156.98517563
2023-12-29 13:40:00,76.33,76.37,76.34,76.33,43.91173668
2023-12-29 13:39:00,76.27,76.33,76.27,76.33,30.90479901
2023-12-29 13:38:00,76.26,76.3,76.26,76.29,22.85003343
2023-12-29 13:37:00,76.23,76.26,76.25,76.26,10.23914723
2023-12-29 13:36:00,76.26,76.3,76.28,76.26,75.16099244
2023-12-29 13:35:00,76.21,76.28,76.21,76.28,78.43822812
2023-12-29 13:34:00,76.12,76.19,76.12,76.17,40.81012409
2023-12-29 13:33:00,75.94,76.14,75.94,76.13,108.18085989
2023-12-29 13:32:00,75.94,76.02,76.02,75.94,36.0181382
2023-12-29 13:31:00,76.03,76.08,76.05,76.03,114.06882157
2023-12-29 13:30:00,76.04,76.08,76.04,76.05,97.26920055
2023-12-29 13:29:00,75.96,76.04,75.96,76.04,98.76036759
2023-12-29 13:28:00,75.9,75.98,75.91,75.95,338.34115396
2023-12-29 13:27:00,75.91,76.0,75.99,75.93,149.75304528
2023-12-29 13:26:00,76.04,76.08,76.04,76.04,35.11306982
2023-12-29 13:25:00,76.06,76.14,76.14,76.08,33.25584119
2023-12-29 13:24:00,76.13,76.17,76.15,76.14,24.75810271
2023-12-29 13:23:00,76.15,76.17,76.15,76.17,19.1395644
2023-12-29 13:22:00,76.05,76.17,76.17,76.13,70.80737763
2023-12-29 13:21:00,76.06,76.18,76.06,76.18,60.23963174
2023-12-29 13:20:00,75.93,76.06,75.93,76.06,63.19663901
2023-12-29 13:19:00,75.88,75.95,75.94,75.88,240.14614902
2023-12-29 13:18:00,75.96,76.01,76.0,75.96,44.20556965
2023-12-29 13:17:00,76.0,76.12,76.12,76.0,54.99712356
2023-12-29 13:16:00,76.07,76.15,76.09,76.15,77.21053298
2023-12-29 13:15:00,76.06,76.1,76.08,76.09,64.88321096
2023-12-29 13:14:00,76.05,76.13,76.12,76.05,45.27862619
2023-12-29 13:13:00,76.09,76.15,76.09,76.1,186.20933903
2023-12-29 13:12:00,76.08,76.17,76.16,76.09,99.66378145
2023-12-29 13:11:00,76.12,76.18,76.16,76.18,35.24394341
2023-12-29 13:10:00,76.14,76.19,76.17,76.15,54.1093892
2023-12-29 13:09:00,76.2,76.25,76.25,76.2,40.14769362
2023-12-29 13:08:00,76.2,76.26,76.2,76.26,14.67411447
2023-12-29 13:07:00,76.22,76.29,76.29,76.22,80.98471234
2023-12-29 13:06:00,76.26,76.31,76.3,76.3,76.20701083
2023-12-29 13:05:00,76.26,76.3,76.26,76.29,16.81446207
2023-12-29 13:04:00,76.25,76.33,76.31,76.25,19.02031649
2023-12-29 13:03:00,76.29,76.38,76.34,76.31,96.72984979
2023-12-29 13:02:00,76.28,76.36,76.28,76.36,16.34290012
2023-12-29 13:01:00,76.2,76.28,76.23,76.28,15.23074954
2023-12-29 13:00:00,76.07,76.22,76.09,76.22,85.89689201
2023-12-29 12:59:00,76.04,76.08,76.08,76.08,56.03924566
2023-12-29 12:58:00,75.99,76.08,75.99,76.08,17.376189
2023-12-29 12:57:00,75.99,76.07,76.07,76.0,22.21271082
2023-12-29 12:56:00,76.05,76.1,76.07,76.07,203.64324426
2023-12-29 12:55:00,76.0,76.11,76.11,76.06,12.17924343
2023-12-29 12:54:00,76.09,76.13,76.12,76.12,31.77624703
2023-12-29 12:53:00,76.09,76.16,76.15,76.11,44.7038999
2023-12-29 12:52:00,76.09,76.14,76.1,76.14,68.62439519
2023-12-29 12:51:00,76.02,76.16,76.02,76.09,128.96890171
2023-12-29 12:50:00,76.05,76.12,76.12,76.05,5.80406175
2023-12-29 12:49:00,76.01,76.12,76.01,76.11,131.93183581
2023-12-29 12:48:00,75.98,76.09,76.08,75.99,83.07625799
2023-12-29 12:47:00,76.04,76.09,76.05,76.09,18.99911967
2023-12-29 12:46:00,76.03,76.07,76.05,76.03,46.53022714
2023-12-29 12:45:00,76.04,76.08,76.07,76.04,64.58123384
2023-12-29 12:44:00,76.06,76.14,76.11,76.06,82.61634512
2023-12-29 12:43:00,76.11,76.27,76.27,76.12,570.09921713
2023-12-29 12:42:00,76.25,76.39,76.39,76.27,456.30280492
2023-12-29 12:41:00,76.37,76.43,76.43,76.39,48.08954522
2023-12-29 12:40:00,76.41,76.45,76.41,76.43,28.11384546
2023-12-29 12:39:00,76.32,76.4,76.38,76.37,11.49750074
2023-12-29 12:38:00,76.37,76.42,76.4,76.37,84.1459969
2023-12-29 12:37:00,76.34,76.39,76.37,76.36,32.40561483
2023-12-29 12:36:00,76.27,76.36,76.31,76.36,25.89607265
2023-12-29 12:35:00,76.2,76.3,76.3,76.29,103.45879795
2023-12-29 12:34:00,76.27,76.3,76.27,76.3,5.02955485
2023-12-29 12:33:00,76.26,76.3,76.28,76.28,34.13164701
2023-12-29 12:32:00,76.24,76.36,76.36,76.27,425.92781986
2023-12-29 12:31:00,76.37,76.43,76.43,76.37,36.05111397
2023-12-29 12:30:00,76.4,76.46,76.41,76.44,26.97838808
2023-12-29 12:29:00,76.43,76.44,76.44,76.44,4.23517646
2023-12-29 12:28:00,76.45,76.47,76.45,76.46,5.24180914
2023-12-29 12:27:00,76.45,76.48,76.45,76.47,238.86755645
2023-12-29 12:26:00,76.43,76.48,76.44,76.44,27.51376547
2023-12-29 12:25:00,76.38,76.45,76.38,76.44,251.83380965
2023-12-29 12:24:00,76.35,76.38,76.35,76.38,11.08037204
2023-12-29 12:23:00,76.33,76.37,76.37,76.33,3.78111354
2023-12-29 12:22:00,76.32,76.37,76.32,76.37,6.85915762
2023-12-29 12:21:00,76.32,76.36,76.36,76.32,2.31613444
2023-12-29 12:20:00,76.34,76.36,76.36,76.34,4.05783984
2023-12-29 12:19:00,76.16,76.32,76.16,76.31,91.86822838
2023-12-29 12:18:00,76.17,76.25,76.25,76.18,55.12500903
2023-12-29 12:17:00,76.25,76.27,76.25,76.25,11.7480167
2023-12-29 12:16:00,76.25,76.33,76.33,76.26,10.76896217
2023-12-29 12:15:00,76.26,76.37,76.29,76.33,22.48315515
2023-12-29 12:14:00,76.27,76.34,76.34,76.27,31.82707671
2023-12-29 12:13:00,76.3,76.37,76.35,76.37,611.87413577
2023-12-29 12:12:00,76.32,76.36,76.32,76.35,10.27897105
2023-12-29 12:11:00,76.31,76.43,76.43,76.31,44.06897151
2023-12-29 12:10:00,76.39,76.43,76.39,76.43,20.21557546
2023-12-29 12:09:00,76.36,76.4,76.4,76.39,53.5621616
2023-12-29 12:08:00,76.34,76.39,76.37,76.39,542.62190601
2023-12-29 12:07:00,76.33,76.37,76.35,76.37,21.88506855
2023-12-29 12:06:00,76.36,76.37,76.36,76.36,171.41734117
2023-12-29 12:05:00,76.35,76.38,76.36,76.35,1.96670678
2023-12-29 12:04:00,76.28,76.35,76.34,76.33,102.06197202
2023-12-29 12:03:00,76.33,76.37,76.34,76.35,45.73894782
2023-12-29 12:02:00,76.29,76.34,76.3,76.33,30.89188661
2023-12-29 12:01:00,76.27,76.29,76.28,76.29,18.32211672
2023-12-29 12:00:00,76.26,76.31,76.26,76.27,82.6342673
2023-12-29 11:59:00,76.28,76.33,76.33,76.29,19.30312669
2023-12-29 11:58:00,76.32,76.36,76.36,76.32,20.75283419
2023-12-29 11:57:00,76.33,76.36,76.36,76.35,23.80390856
2023-12-29 11:56:00,76.34,76.36,76.34,76.36,14.59922409
2023-12-29 11:55:00,76.33,76.35,76.34,76.35,6.33915057
2023-12-29 11:54:00,76.27,76.33,76.27,76.33,160.41749118
2023-12-29 11:53:00,76.25,76.28,76.27,76.26,25.64013063
2023-12-29 11:52:00,76.24,76.27,76.25,76.27,20.66957681
2023-12-29 11:51:00,76.22,76.26,76.25,76.24,158.19684278
2023-12-29 11:50:00,76.26,76.27,76.27,76.27,1.91492105
2023-12-29 11:49:00,76.27,76.3,76.3,76.27,12.32195886
2023-12-29 11:48:00,76.25,76.33,76.28,76.3,87.73875442
2023-12-29 11:47:00,76.25,76.3,76.3,76.28,53.88053952
2023-12-29 11:46:00,76.29,76.35,76.31,76.29,24.33060053
2023-12-29 11:45:00,76.24,76.28,76.24,76.27,6.41616687
2023-12-29 11:44:00,76.25,76.32,76.3,76.25,45.8345298
2023-12-29 11:43:00,76.28,76.29,76.29,76.29,5.58614744
2023-12-29 11:42:00,76.26,76.33,76.33,76.27,30.92616328
2023-12-29 11:41:00,76.32,76.34,76.34,76.33,9.96259336
2023-12-29 11:40:00,76.29,76.35,76.29,76.35,2.38095394
2023-12-29 11:39:00,76.3,76.32,76.3,76.3,8.60540462
2023-12-29 11:38:00,76.27,76.3,76.28,76.3,3.59359621
2023-12-29 11:37:00,76.24,76.3,76.28,76.29,30.73216598
2023-12-29 11:36:00,76.25,76.28,76.25,76.27,11.50170982
2023-12-29 11:35:00,76.22,76.25,76.24,76.24,25.17484633
2023-12-29 11:34:00,76.22,76.27,76.27,76.24,104.93737484
2023-12-29 11:33:00,76.26,76.33,76.31,76.26,19.8725658
2023-12-29 11:32:00,76.29,76.39,76.39,76.31,113.31760059
2023-12-29 11:31:00,76.35,76.4,76.35,76.38,21.11444934
2023-12-29 11:30:00,76.3,76.35,76.34,76.34,59.42019536
2023-12-29 11:29:00,76.3,76.34,76.33,76.32,46.53504835
2023-12-29 11:28:00,76.33,76.39,76.36,76.33,77.22039504
2023-12-29 11:27:00,76.34,76.4,76.39,76.34,273.00467822
2023-12-29 11:26:00,76.35,76.38,76.37,76.36,19.36262029
2023-12-29 11:25:00,76.36,76.46,76.46,76.37,61.70078212
2023-12-29 11:24:00,76.45,76.48,76.46,76.46,28.0395824
2023-12-29 11:23:00,76.41,76.45,76.41,76.45,2.46905484
2023-12-29 11:22:00,76.4,76.44,76.44,76.4,0.65155377
2023-12-29 11:21:00,76.42,76.48,76.47,76.42,27.11303297
2023-12-29 11:20:00,76.43,76.47,76.46,76.47,7.42267959
2023-12-29 11:19:00,76.43,76.46,76.43,76.46,6.54263084
2023-12-29 11:18:00,76.44,76.53,76.53,76.45,99.80387806
2023-12-29 11:17:00,76.44,76.53,76.45,76.53,401.56665317
2023-12-29 11:16:00,76.39,76.44,76.39,76.42,37.60389342
2023-12-29 11:15:00,76.36,76.41,76.36,76.4,62.61022721
2023-12-29 11:14:00,76.36,76.38,76.37,76.36,12.74021113
2023-12-29 11:13:00,76.34,76.37,76.36,76.36,40.64417782
2023-12-29 11:12:00,76.37,76.38,76.38,76.38,4.04383809
2023-12-29 11:11:00,76.31,76.38,76.31,76.38,10.41610116
2023-12-29 11:10:00,76.26,76.3,76.26,76.3,26.74963679
2023-12-29 11:09:00,76.19,76.25,76.19,76.24,51.49236902
2023-12-29 11:08:00,76.18,76.21,76.19,76.2,6.56857688
2023-12-29 11:07:00,76.15,76.24,76.23,76.15,25.85910216
2023-12-29 11:06:00,76.26,76.3,76.3,76.26,39.40825678
2023-12-29 11:05:00,76.26,76.3,76.27,76.3,26.06755383
2023-12-29 11:04:00,76.17,76.28,76.17,76.28,15.0493527
2023-12-29 11:03:00,76.11,76.15,76.11,76.15,2.11721213
2023-12-29 11:02:00,76.03,76.09,76.03,76.08,37.89671807
2023-12-29 11:01:00,76.01,76.08,76.08,76.03,85.77756789
2023-12-29 11:00:00,76.07,76.11,76.07,76.09,35.27151348
2023-12-29 10:59:00,76.05,76.08,76.08,76.07,13.26930091
2023-12-29 10:58:00,76.06,76.13,76.13,76.06,5.69844742
2023-12-29 10:57:00,76.11,76.21,76.2,76.11,8.15440662
2023-12-29 10:56:00,76.19,76.21,76.21,76.19,38.53942026
2023-12-29 10:55:00,76.2,76.24,76.22,76.23,37.03695266
2023-12-29 10:54:00,76.22,76.31,76.28,76.22,297.13794034
2023-12-29 10:53:00,76.22,76.28,76.24,76.28,19.0144332
2023-12-29 10:52:00,76.23,76.27,76.26,76.24,21.15896179
2023-12-29 10:51:00,76.2,76.28,76.2,76.28,24.75931427
2023-12-29 10:50:00,76.2,76.3,76.29,76.2,95.06837233
2023-12-29 10:49:00,76.26,76.28,76.28,76.28,2.51174388
2023-12-29 10:48:00,76.22,76.29,76.28,76.27,393.16183966
2023-12-29 10:47:00,76.25,76.28,76.27,76.27,24.85044206
2023-12-29 10:46:00,76.27,76.3,76.27,76.27,19.09330947
2023-12-29 10:45:00,76.25,76.33,76.33,76.29,157.9378213
2023-12-29 10:44:00,76.31,76.36,76.36,76.32,12.26472497
2023-12-29 10:43:00,76.34,76.36,76.35,76.36,5.29883374
2023-12-29 10:42:00,76.29,76.35,76.29,76.35,36.91529993
2023-12-29 10:41:00,76.25,76.31,76.3,76.25,74.60043562
2023-12-29 10:40:00,76.27,76.31,76.28,76.3,201.2526273
2023-12-29 10:39:00,76.26,76.29,76.26,76.29,32.9800967
2023-12-29 10:38:00,76.25,76.29,76.29,76.26,577.47602198
2023-12-29 10:37:00,76.29,76.31,76.3,76.29,40.05778544
2023-12-29 10:36:00,76.27,76.32,76.32,76.32,27.98994691
2023-12-29 10:35:00,76.3,76.34,76.32,76.34,63.21079363
2023-12-29 10:34:00,76.31,76.35,76.33,76.31,33.27358153
2023-12-29 10:33:00,76.33,76.37,76.37,76.33,12.66616652
2023-12-29 10:32:00,76.36,76.38,76.38,76.37,13.06647797
2023-12-29 10:31:00,76.37,76.43,76.39,76.37,39.20456402
2023-12-29 10:30:00,76.35,76.41,76.38,76.41,257.92256291
2023-12-29 10:29:00,76.32,76.38,76.33,76.38,73.92478924
2023-12-29 10:28:00,76.34,76.36,76.36,76.35,16.30416456
2023-12-29 10:27:00,76.32,76.36,76.34,76.36,5.5207778
2023-12-29 10:26:00,76.31,76.34,76.31,76.33,7.60338572
2023-12-29 10:25:00,76.29,76.34,76.33,76.3,32.0672475
2023-12-29 10:24:00,76.32,76.34,76.34,76.32,21.1539156
2023-12-29 10:23:00,76.33,76.35,76.35,76.33,19.70593615
2023-12-29 10:22:00,76.34,76.39,76.39,76.37,22.99630933
2023-12-29 20:22:00,74.53,74.59,74.53,74.57,36.92397993
2023-12-29 20:21:00,74.5,74.58,74.58,74.53,215.66485887
2023-12-29 20:20:00,74.58,74.62,74.61,74.6,13.62866365
2023-12-29 20:19:00,74.58,74.61,74.6,74.6,10.12641152
2023-12-29 20:18:00,74.57,74.61,74.58,74.6,36.93660261
2023-12-29 20:17:00,74.56,74.66,74.63,74.58,51.02152967
2023-12-29 20:16:00,74.63,74.68,74.66,74.64,151.3328618
2023-12-29 20:15:00,74.62,74.73,74.73,74.66,214.29431008
2023-12-29 20:14:00,74.69,74.75,74.7,74.74,70.82438822
2023-12-29 20:13:00,74.7,74.73,74.71,74.72,86.24864381
2023-12-29 20:12:00,74.67,74.71,74.68,74.7,40.0920345
2023-12-29 20:11:00,74.67,74.72,74.7,74.68,170.87581776
2023-12-29 20:10:00,74.69,74.71,74.7,74.69,25.52003032
2023-12-29 20:09:00,74.65,74.72,74.65,74.69,52.56961865
2023-12-29 20:08:00,74.63,74.7,74.7,74.66,113.15995225
2023-12-29 20:07:00,74.7,74.72,74.72,74.7,58.8994965
2023-12-29 20:06:00,74.68,74.72,74.68,74.72,38.69510428
2023-12-29 20:05:00,74.69,74.75,74.75,74.7,108.00415157
2023-12-29 20:04:00,74.71,74.75,74.74,74.75,99.52811191
2023-12-29 20:03:00,74.74,74.76,74.74,74.75,5.40381178
2023-12-29 20:02:00,74.71,74.78,74.72,74.74,221.90343292
2023-12-29 20:01:00,74.71,74.72,74.72,74.72,91.62106037
2023-12-29 20:00:00,74.71,74.79,74.79,74.72,87.58930217
2023-12-29 19:59:00,74.83,74.84,74.84,74.83,33.2120373
2023-12-29 19:58:00,74.84,74.86,74.84,74.84,114.66012134
2023-12-29 19:57:00,74.8,74.86,74.81,74.85,145.78914634
2023-12-29 19:56:00,74.8,74.82,74.81,74.8,8.28947561
2023-12-29 19:55:00,74.79,74.84,74.83,74.8,178.54275375
2023-12-29 19:54:00,74.81,74.85,74.84,74.83,160.78061829
2023-12-29 19:53:00,74.82,74.89,74.89,74.84,122.49657378
2023-12-29 19:52:00,74.89,74.93,74.92,74.9,62.64948165
2023-12-29 19:51:00,74.91,74.95,74.92,74.94,219.25969437
2023-12-29 19:50:00,74.9,74.93,74.92,74.9,220.54032576
2023-12-29 19:49:00,74.85,74.92,74.87,74.91,195.44921002
2023-12-29 19:48:00,74.83,74.87,74.87,74.87,58.41112982
2023-12-29 19:47:00,74.82,74.87,74.82,74.87,150.23186006
2023-12-29 19:46:00,74.78,74.86,74.85,74.81,21.28388552
2023-12-29 19:45:00,74.83,74.88,74.88,74.85,47.45260541
2023-12-29 19:44:00,74.84,74.88,74.85,74.87,229.83011729
2023-12-29 19:43:00,74.85,74.88,74.88,74.85,13.87750543
2023-12-29 19:42:00,74.85,74.87,74.86,74.87,23.19433555
2023-12-29 19:41:00,74.84,74.89,74.85,74.87,42.45391131
2023-12-29 19:40:00,74.84,74.87,74.87,74.84,19.83539666
2023-12-29 19:39:00,74.81,74.86,74.86,74.82,150.96870835
2023-12-29 19:38:00,74.87,74.89,74.88,74.88,59.35007582
2023-12-29 19:37:00,74.82,74.87,74.84,74.87,63.19062608
2023-12-29 19:36:00,74.82,74.86,74.82,74.85,223.12173083
2023-12-29 19:35:00,74.8,74.83,74.8,74.82,49.56698818
2023-12-29 19:34:00,74.75,74.82,74.75,74.8,413.87479445
2023-12-29 19:33:00,74.71,74.75,74.74,74.75,5.94695502
2023-12-29 19:32:00,74.7,74.75,74.7,74.74,51.76420875
2023-12-29 19:31:00,74.69,74.73,74.73,74.7,142.321816
2023-12-29 19:30:00,74.67,74.75,74.73,74.72,668.02102238
2023-12-29 19:29:00,74.73,74.75,74.74,74.73,55.07539668
2023-12-29 19:28:00,74.74,74.79,74.79,74.75,86.01629366
2023-12-29 19:27:00,74.76,74.8,74.77,74.79,45.62916086
2023-12-29 19:26:00,74.72,74.8,74.74,74.76,507.88001176
2023-12-29 19:25:00,74.72,74.76,74.73,74.76,8.9398627
2023-12-29 19:24:00,74.7,74.73,74.7,74.7,16.32867202
2023-12-29 19:23:00,74.69,74.73,74.73,74.7,3.23734401
2023-12-29 19:22:00,74.68,74.73,74.7,74.72,28.63736589
2023-12-29 19:21:00,74.59,74.72,74.59,74.7,745.91160047
2023-12-29 19:20:00,74.56,74.61,74.59,74.59,54.31755808
2023-12-29 19:19:00,74.51,74.59,74.52,74.58,164.17987225
2023-12-29 19:18:00,74.5,74.54,74.53,74.51,259.56654827
2023-12-29 19:17:00,74.53,74.56,74.54,74.54,65.31478034
2023-12-29 19:16:00,74.55,74.59,74.56,74.55,146.13829657
2023-12-29 19:15:00,74.52,74.55,74.55,74.55,168.54457242
2023-12-29 19:14:00,74.51,74.55,74.52,74.55,71.45885905
2023-12-29 19:13:00,74.45,74.49,74.47,74.49,113.52195649
2023-12-29 19:12:00,74.47,74.51,74.47,74.48,45.71677009
2023-12-29 19:11:00,74.46,74.51,74.47,74.49,101.46682439
2023-12-29 19:10:00,74.45,74.55,74.54,74.45,197.95694317
2023-12-29 19:09:00,74.52,74.58,74.58,74.53,354.32263312
2023-12-29 19:08:00,74.58,74.6,74.59,74.58,47.63336327
2023-12-29 19:07:00,74.6,74.65,74.65,74.61,97.53313256
2023-12-29 19:06:00,74.56,74.62,74.62,74.56,126.92343181
2023-12-29 19:05:00,74.63,74.67,74.66,74.64,187.05368813
2023-12-29 19:04:00,74.58,74.66,74.61,74.66,222.13251299
2023-12-29 19:03:00,74.62,74.63,74.63,74.62,24.86004236
2023-12-29 19:02:00,74.63,74.7,74.7,74.63,327.58685303
2023-12-29 19:01:00,74.69,74.74,74.71,74.7,161.97521594
2023-12-29 19:00:00,74.64,74.7,74.7,74.7,180.20663111
2023-12-29 18:59:00,74.67,74.7,74.68,74.69,65.32256408
2023-12-29 18:58:00,74.67,74.7,74.67,74.68,22.32286848
2023-12-29 18:57:00,74.65,74.7,74.67,74.67,34.1847248
2023-12-29 18:56:00,74.65,74.67,74.67,74.66,8.58743857
2023-12-29 18:55:00,74.58,74.66,74.59,74.66,50.52857373
2023-12-29 18:54:00,74.57,74.6,74.59,74.59,130.19101847
2023-12-29 18:53:00,74.51,74.58,74.51,74.58,36.20572104
2023-12-29 18:52:00,74.49,74.6,74.59,74.49,165.65029945
2023-12-29 18:51:00,74.57,74.59,74.58,74.58,23.33356025
2023-12-29 18:50:00,74.57,74.65,74.63,74.57,177.0484836
2023-12-29 18:49:00,74.58,74.68,74.59,74.63,628.07553197
2023-12-29 18:48:00,74.59,74.66,74.65,74.59,239.58859834
2023-12-29 18:47:00,74.59,74.65,74.6,74.63,55.95893307
2023-12-29 18:46:00,74.58,74.66,74.66,74.6,141.09242705
2023-12-29 18:45:00,74.63,74.67,74.65,74.66,164.96576114
2023-12-29 18:44:00,74.65,74.77,74.74,74.66,480.71037254
2023-12-29 18:43:00,74.67,74.79,74.75,74.69,480.39028487
2023-12-29 18:42:00,74.67,74.74,74.67,74.74,131.3224479
2023-12-29 18:41:00,74.62,74.72,74.64,74.67,132.7419316
2023-12-29 18:40:00,74.63,74.68,74.68,74.64,120.95760187
2023-12-29 18:39:00,74.66,74.72,74.72,74.68,138.26987601
2023-12-29 18:38:00,74.65,74.72,74.72,74.71,362.50811623
2023-12-29 18:37:00,74.67,74.73,74.68,74.72,14.48446005
2023-12-29 18:36:00,74.66,74.73,74.71,74.67,257.17448827
2023-12-29 18:35:00,74.67,74.75,74.75,74.7,81.35269793
2023-12-29 18:34:00,74.74,74.78,74.74,74.75,27.07461597
2023-12-29 18:33:00,74.71,74.81,74.79,74.76,49.52616818
2023-12-29 18:32:00,74.69,74.8,74.73,74.79,176.72309266
2023-12-29 18:31:00,74.72,74.73,74.72,74.72,16.76236664
2023-12-29 18:30:00,74.52,74.69,74.52,74.69,40.4053508
2023-12-29 18:29:00,74.52,74.6,74.6,74.52,35.38440661
2023-12-29 18:28:00,74.57,74.63,74.6,74.63,12.94579223
2023-12-29 18:27:00,74.55,74.63,74.56,74.57,56.20273483
2023-12-29 18:26:00,74.51,74.56,74.55,74.55,97.09334625
2023-12-29 18:25:00,74.51,74.58,74.58,74.53,20.54783432
2023-12-29 18:24:00,74.59,74.63,74.59,74.6,45.9069662
2023-12-29 18:23:00,74.59,74.63,74.6,74.59,24.7824865
2023-12-29 18:22:00,74.59,74.65,74.63,74.59,21.31979897
2023-12-29 18:21:00,74.66,74.72,74.7,74.66,374.48865578
2023-12-29 18:20:00,74.65,74.69,74.69,74.65,20.18109731
2023-12-29 18:19:00,74.67,74.7,74.68,74.7,64.22306051
2023-12-29 18:18:00,74.66,74.72,74.72,74.7,55.39868641
2023-12-29 18:17:00,74.61,74.73,74.62,74.73,52.9810507
2023-12-29 18:16:00,74.57,74.64,74.59,74.6,30.20191735
2023-12-29 18:15:00,74.58,74.65,74.65,74.59,128.65009785
2023-12-29 18:14:00,74.66,74.71,74.68,74.66,17.28621306
2023-12-29 18:13:00,74.62,74.67,74.65,74.67,86.15735995
2023-12-29 18:12:00,74.55,74.64,74.57,74.64,205.5376379
2023-12-29 18:11:00,74.5,74.57,74.51,74.56,63.84722275
2023-12-29 18:10:00,74.49,74.52,74.51,74.52,56.66282947
2023-12-29 18:09:00,74.46,74.51,74.49,74.51,121.55299204
2023-12-29 18:08:00,74.4,74.51,74.41,74.51,84.25126432
2023-12-29 18:07:00,74.36,74.46,74.45,74.42,159.38095963
2023-12-29 18:06:00,74.4,74.47,74.47,74.46,98.59504186
2023-12-29 18:05:00,74.4,74.47,74.4,74.44,81.82701985
2023-12-29 18:04:00,74.34,74.41,74.34,74.41,81.03220709
2023-12-29 18:03:00,74.24,74.35,74.24,74.33,118.68491002
2023-12-29 18:02:00,74.19,74.23,74.19,74.23,68.83884241
2023-12-29 18:01:00,74.13,74.2,74.18,74.18,232.36295168
2023-12-29 18:00:00,74.11,74.18,74.17,74.17,167.35630149
2023-12-29 17:59:00,74.15,74.21,74.19,74.18,47.54113626
2023-12-29 17:58:00,74.09,74.19,74.09,74.18,101.79946174
2023-12-29 17:57:00,74.04,74.12,74.04,74.09,180.31305454
2023-12-29 17:56:00,74.06,74.21,74.19,74.06,256.84680465
2023-12-29 17:55:00,74.15,74.21,74.16,74.21,135.99840575
2023-12-29 17:54:00,74.11,74.18,74.14,74.18,71.2097147
2023-12-29 17:53:00,74.06,74.15,74.09,74.12,103.46550198
2023-12-29 17:52:00,73.98,74.09,73.98,74.09,53.9481988
2023-12-29 17:51:00,73.91,74.05,74.05,73.99,126.88059743
2023-12-29 17:50:00,73.96,74.07,73.96,74.07,62.19371603
2023-12-29 17:49:00,73.87,73.98,73.96,73.97,234.50745162
2023-12-29 17:48:00,74.0,74.11,74.08,74.01,67.53189804
2023-12-29 17:47:00,73.94,74.11,73.94,74.09,99.59080022
2023-12-29 17:46:00,73.8,73.97,73.86,73.89,184.18489448
2023-12-29 17:45:00,73.76,73.94,73.88,73.82,639.87978847
2023-12-29 17:44:00,73.86,73.99,73.99,73.88,59.49598613
2023-12-29 17:43:00,73.91,74.01,73.95,74.01,57.62795374
2023-12-29 17:42:00,73.94,74.07,74.07,73.95,406.50317583
2023-12-29 17:41:00,74.04,74.17,74.16,74.09,1089.86067288
2023-12-29 17:40:00,74.15,74.26,74.18,74.17,214.97449974
2023-12-29 17:39:00,74.19,74.31,74.27,74.2,36.6774802
2023-12-29 17:38:00,74.12,74.28,74.12,74.28,173.85464691
2023-12-29 17:37:00,74.13,74.21,74.18,74.13,74.05764579
2023-12-29 17:36:00,74.18,74.27,74.24,74.19,50.04967638
2023-12-29 17:35:00,74.16,74.29,74.24,74.24,238.02004602
2023-12-29 17:34:00,74.19,74.3,74.2,74.28,125.41896011
2023-12-29 17:33:00,74.1,74.24,74.19,74.22,34.43590523
2023-12-29 17:32:00,74.06,74.22,74.09,74.21,24.52376335
2023-12-29 17:31:00,74.09,74.27,74.21,74.11,16.07258243
2023-12-29 17:30:00,74.08,74.23,74.12,74.19,67.85875881
2023-12-29 17:29:00,74.01,74.13,74.09,74.13,92.40382161
2023-12-29 17:28:00,74.05,74.16,74.16,74.06,134.19783268
2023-12-29 17:27:00,74.14,74.24,74.2,74.17,360.43855819
2023-12-29 17:26:00,74.17,74.27,74.25,74.17,274.18208464
2023-12-29 17:25:00,74.16,74.26,74.25,74.24,137.18067981
2023-12-29 17:24:00,74.26,74.4,74.4,74.3,168.84033866
2023-12-29 17:23:00,74.39,74.42,74.42,74.41,25.37958685
2023-12-29 17:22:00,74.4,74.52,74.51,74.43,47.46205174
2023-12-29 17:21:00,74.42,74.51,74.45,74.51,38.4211112
2023-12-29 17:20:00,74.37,74.48,74.47,74.48,107.21154467
2023-12-29 17:19:00,74.43,74.48,74.43,74.48,117.83346929
2023-12-29 17:18:00,74.32,74.43,74.33,74.43,64.380879
2023-12-29 17:17:00,74.24,74.34,74.25,74.34,108.21572801
2023-12-29 17:16:00,74.15,74.26,74.22,74.24,75.9243307
2023-12-29 17:15:00,73.99,74.21,74.08,74.21,248.10920952
2023-12-29 17:14:00,74.05,74.2,74.19,74.07,83.81892346
2023-12-29 17:13:00,74.19,74.29,74.28,74.19,124.42689415
2023-12-29 17:12:00,74.13,74.29,74.13,74.29,92.5243613
2023-12-29 17:11:00,74.13,74.25,74.19,74.15,207.01158478
2023-12-29 17:10:00,73.71,74.17,73.95,74.17,277.01507491
2023-12-29 17:09:00,73.9,74.04,74.01,73.94,278.32662121
2023-12-29 17:08:00,73.95,74.24,74.2,74.01,282.71084785
2023-12-29 17:07:00,73.9,74.26,74.16,74.24,1921.01273073
2023-12-29 17:06:00,74.02,74.38,74.33,74.14,1576.40662363
2023-12-29 17:05:00,74.23,74.71,74.69,74.35,4781.65437128
2023-12-29 17:04:00,74.69,74.8,74.69,74.69,94.06530643
2023-12-29 17:03:00,74.65,74.78,74.67,74.69,392.60268306
2023-12-29 17:02:00,74.6,74.88,74.88,74.62,737.49016512
2023-12-29 17:01:00,74.74,74.9,74.83,74.89,376.78997258
2023-12-29 17:00:00,74.64,74.85,74.68,74.83,342.1587448
2023-12-29 16:59:00,74.6,74.68,74.64,74.68,659.61190096
2023-12-29 16:58:00,74.6,74.72,74.6,74.65,519.33392254
2023-12-29 16:57:00,74.6,74.81,74.77,74.61,3042.46634501
2023-12-29 16:56:00,74.6,74.81,74.66,74.72,309.60646019
2023-12-29 16:55:00,74.67,74.8,74.74,74.69,25.09458215
2023-12-29 16:54:00,74.68,74.82,74.75,74.79,169.45311738
2023-12-29 16:53:00,74.6,74.83,74.66,74.76,450.4315144
2023-12-29 16:52:00,74.64,74.91,74.81,74.67,564.02801038
2023-12-29 16:51:00,74.79,74.97,74.91,74.85,180.9936503
2023-12-29 16:50:00,74.9,75.03,75.03,74.9,141.43763561
2023-12-29 16:49:00,74.99,75.13,75.12,75.06,59.04806014
2023-12-29 16:48:00,75.11,75.4,75.4,75.13,59.57807614
2023-12-29 16:47:00,75.33,75.41,75.41,75.37,132.2274067
2023-12-29 16:46:00,75.41,75.49,75.42,75.44,184.96959796
2023-12-29 16:45:00,75.44,75.56,75.53,75.44,66.52989142
2023-12-29 16:44:00,75.45,75.54,75.47,75.54,142.9256377
2023-12-29 16:43:00,75.48,75.56,75.56,75.48,32.67569313
2023-12-29 16:42:00,75.52,75.6,75.6,75.57,156.42682493
2023-12-29 16:41:00,75.46,75.6,75.51,75.59,26.39987908
2023-12-29 16:40:00,75.44,75.52,75.49,75.48,32.50494219
2023-12-29 16:39:00,75.43,75.53,75.48,75.53,48.3036883
2023-12-29 16:38:00,75.43,75.49,75.46,75.49,29.73211958
2023-12-29 16:37:00,75.44,75.49,75.49,75.44,145.89982152
2023-12-29 16:36:00,75.48,75.58,75.58,75.48,46.43790382
2023-12-29 16:35:00,75.52,75.64,75.64,75.56,288.67022318
2023-12-29 16:34:00,75.55,75.65,75.63,75.63,213.8491708
2023-12-29 16:33:00,75.53,75.64,75.56,75.63,79.19688379
2023-12-29 16:32:00,75.58,75.71,75.69,75.58,33.84220031
2023-12-29 16:31:00,75.62,75.74,75.62,75.7,80.5148669
2023-12-29 16:30:00,75.41,75.62,75.48,75.61,405.39816641
2023-12-29 16:29:00,75.41,75.5,75.41,75.47,16.76210713
2023-12-29 16:28:00,75.37,75.52,75.49,75.41,461.73190087
2023-12-29 16:27:00,75.39,75.53,75.42,75.51,96.18892909
2023-12-29 16:26:00,75.35,75.45,75.45,75.41,109.22574255
2023-12-29 16:25:00,75.25,75.46,75.33,75.45,75.46156163
2023-12-29 16:24:00,75.21,75.34,75.28,75.33,71.19206638
2023-12-29 16:23:00,75.03,75.24,75.08,75.22,200.91605354
2023-12-29 16:22:00,74.71,75.07,75.02,75.02,1313.5739478
2023-12-29 16:21:00,75.01,75.27,75.25,75.01,175.62945891
2023-12-29 16:20:00,75.19,75.41,75.39,75.21,361.92706632
2023-12-29 16:19:00,75.3,75.51,75.3,75.37,328.01752211
2023-12-29 16:18:00,75.15,75.42,75.18,75.29,395.41558153
2023-12-29 16:17:00,75.05,75.25,75.18,75.13,71.41131711
2023-12-29 16:16:00,74.98,75.33,75.2,75.19,357.73156566
2023-12-29 16:15:00,74.78,75.26,75.06,75.15,953.04058367
2023-12-29 16:14:00,75.03,75.37,75.3,75.03,759.21171691
2023-12-29 16:13:00,75.28,75.41,75.41,75.31,154.79236914
2023-12-29 16:12:00,75.39,75.47,75.41,75.4,62.83406276
2023-12-29 16:11:00,75.36,75.48,75.41,75.4,256.06402448
2023-12-29 16:10:00,75.27,75.44,75.41,75.39,201.91041868
2023-12-29 16:09:00,75.14,75.42,75.17,75.42,25.32773493
2023-12-29 16:08:00,75.19,75.36,75.31,75.21,38.1981347
2023-12-29 16:07:00,75.28,75.61,75.61,75.29,15.28326342
2023-12-29 16:06:00,75.5,75.63,75.57,75.59,127.27841341
2023-12-29 16:05:00,75.4,75.56,75.44,75.56,34.73738353
2023-12-29 16:04:00,75.32,75.48,75.36,75.48,72.64080789
2023-12-29 16:03:00,75.07,75.33,75.14,75.33,209.81556421
2023-12-29 16:02:00,75.09,75.3,75.25,75.1,156.04810515
2023-12-29 16:01:00,75.29,75.66,75.66,75.29,105.45858282
2023-12-29 16:00:00,75.47,75.67,75.53,75.67,73.50947314
2023-12-29 15:59:00,75.45,75.61,75.61,75.51,81.19335374
2023-12-29 15:58:00,75.46,75.61,75.46,75.61,221.92881066
2023-12-29 15:57:00,75.44,75.56,75.55,75.46,83.68764796
2023-12-29 15:56:00,75.4,75.55,75.52,75.55,75.63788186
2023-12-29 15:55:00,75.25,75.55,75.39,75.55,151.65362341
2023-12-29 15:54:00,75.43,75.55,75.5,75.43,86.00051969
2023-12-29 15:53:00,75.01,75.5,75.02,75.39,651.72305837
2023-12-29 15:52:00,75.06,75.4,75.36,75.06,978.71639348
2023-12-29 15:51:00,75.35,75.68,75.66,75.35,268.9179734
2023-12-29 15:50:00,75.63,75.85,75.85,75.7,394.54583916
2023-12-29 15:49:00,75.62,75.88,75.63,75.87,192.43298352
2023-12-29 15:48:00,75.54,75.82,75.82,75.66,277.58778905
2023-12-29 15:47:00,75.76,75.95,75.9,75.76,272.15008031
2023-12-29 15:46:00,75.85,76.17,76.17,75.88,552.69385563
2023-12-29 15:45:00,76.03,76.23,76.23,76.15,122.40925287
2023-12-29 15:44:00,76.16,76.32,76.19,76.19,117.03343015
2023-12-29 15:43:00,76.06,76.28,76.26,76.17,613.28926068
2023-12-29 15:42:00,76.21,76.43,76.37,76.25,160.91891903
2023-12-29 15:41:00,76.31,76.66,76.65,76.38,280.2362717
2023-12-29 15:40:00,76.55,76.77,76.76,76.66,229.76704622
2023-12-29 15:39:00,76.66,76.76,76.66,76.75,72.51369519
2023-12-29 15:38:00,76.61,76.71,76.69,76.66,166.56168671
2023-12-29 15:37:00,76.7,76.84,76.84,76.7,110.17052829
2023-12-29 15:36:00,76.5,76.84,76.51,76.81,242.58590359
2023-12-29 15:35:00,76.22,76.57,76.36,76.54,295.28739064
2023-12-29 15:34:00,76.34,76.53,76.53,76.35,50.81039317
2023-12-29 15:33:00,76.49,76.62,76.62,76.52,90.66391894
2023-12-29 15:32:00,76.59,76.66,76.61,76.64,158.57492537
2023-12-29 15:31:00,76.49,76.63,76.58,76.62,143.08181378
2023-12-29 15:30:00,76.42,76.56,76.51,76.55,132.38004384
2023-12-29 15:29:00,76.49,76.69,76.61,76.49,121.94670694
2023-12-29 15:28:00,76.56,76.81,76.75,76.58,580.00364713
2023-12-29 15:27:00,76.8,77.01,77.0,76.82,559.03065256
2023-12-29 15:26:00,76.76,77.03,76.77,77.03,573.39074112
2023-12-29 15:25:00,76.66,76.78,76.75,76.77,68.51949085
2023-12-29 15:24:00,76.61,76.77,76.69,76.76,140.9557045
2023-12-29 15:23:00,76.65,76.84,76.84,76.72,71.2057718
2023-12-29 15:22:00,76.71,76.85,76.71,76.81,59.18931256
2023-12-29 23:50:00,73.05,73.09,73.05,73.08,946.56808824
