datetime,open,high,low,close,volume
2023-04-07 05:30:00,90.81,90.84,90.83,90.81,18.77448168
2023-04-07 15:30:00,90.45,90.54,90.45,90.54,10.02933778
2023-04-07 15:29:00,90.43,90.47,90.45,90.45,13.88898199
2023-04-07 15:28:00,90.44,90.49,90.49,90.45,54.16947501
2023-04-07 15:27:00,90.46,90.56,90.49,90.48,32.54355321
2023-04-07 15:26:00,90.49,90.54,90.5,90.49,55.42840406
2023-04-07 15:25:00,90.5,90.56,90.54,90.51,32.48286165
2023-04-07 15:24:00,90.54,90.59,90.55,90.56,50.00181597
2023-04-07 15:23:00,90.52,90.56,90.55,90.56,13.29082911
2023-04-07 15:22:00,90.53,90.62,90.62,90.53,32.06246515
2023-04-07 15:21:00,90.58,90.61,90.6,90.59,12.54090206
2023-04-07 15:20:00,90.63,90.68,90.67,90.63,128.09717313
2023-04-07 15:19:00,90.66,90.73,90.73,90.68,69.98007989
2023-04-07 15:18:00,90.67,90.75,90.67,90.73,134.78858038
2023-04-07 15:17:00,90.57,90.6,90.58,90.6,16.43596458
2023-04-07 15:16:00,90.55,90.6,90.6,90.55,13.19444909
2023-04-07 15:15:00,90.54,90.64,90.54,90.59,51.41897812
2023-04-07 15:14:00,90.54,90.61,90.61,90.56,17.46430568
2023-04-07 15:13:00,90.55,90.61,90.55,90.59,2.31624774
2023-04-07 15:12:00,90.59,90.69,90.69,90.6,53.19010364
2023-04-07 15:11:00,90.61,90.67,90.62,90.67,30.14372947
2023-04-07 15:10:00,90.58,90.64,90.62,90.58,50.89337216
2023-04-07 15:09:00,90.6,90.66,90.6,90.64,120.14614467
2023-04-07 15:08:00,90.58,90.63,90.63,90.6,3.85698717
2023-04-07 15:07:00,90.61,90.64,90.64,90.62,11.77905431
2023-04-07 15:06:00,90.63,90.7,90.63,90.69,9.69216819
2023-04-07 15:05:00,90.66,90.75,90.7,90.66,13.48211598
2023-04-07 15:04:00,90.64,90.71,90.66,90.69,51.35509122
2023-04-07 15:03:00,90.61,90.68,90.63,90.67,31.04862617
2023-04-07 15:02:00,90.58,90.64,90.61,90.62,40.88452332
2023-04-07 15:01:00,90.6,90.63,90.62,90.62,6.01606589
2023-04-07 15:00:00,90.52,90.63,90.53,90.6,382.66213653
2023-04-07 14:59:00,90.5,90.55,90.52,90.55,10.45755044
2023-04-07 14:58:00,90.5,90.55,90.5,90.55,23.71302075
2023-04-07 14:57:00,90.49,90.54,90.53,90.52,124.4543955
2023-04-07 14:56:00,90.55,90.59,90.55,90.56,7.07051842
2023-04-07 14:55:00,90.55,90.6,90.6,90.57,22.67795012
2023-04-07 14:54:00,90.58,90.64,90.61,90.58,10.0571125
2023-04-07 14:53:00,90.61,90.63,90.63,90.62,33.10008805
2023-04-07 14:52:00,90.6,90.66,90.65,90.63,78.00732487
2023-04-07 14:51:00,90.62,90.67,90.66,90.66,14.8224152
2023-04-07 14:50:00,90.65,90.74,90.71,90.68,51.96013746
2023-04-07 14:49:00,90.73,90.79,90.79,90.74,72.66459333
2023-04-07 14:48:00,90.61,90.79,90.63,90.79,17.5023178
2023-04-07 14:47:00,90.6,90.66,90.66,90.6,13.31797229
2023-04-07 14:46:00,90.61,90.65,90.61,90.65,91.01214908
2023-04-07 14:45:00,90.6,90.7,90.7,90.61,181.79335983
2023-04-07 14:44:00,90.66,90.77,90.71,90.68,71.0783487
2023-04-07 14:43:00,90.65,90.71,90.65,90.7,7.72873183
2023-04-07 14:42:00,90.66,90.71,90.71,90.66,30.88091093
2023-04-07 14:41:00,90.69,90.72,90.7,90.71,33.47343311
2023-04-07 14:40:00,90.7,90.82,90.77,90.71,210.02627468
2023-04-07 14:39:00,90.75,90.79,90.75,90.79,52.91854349
2023-04-07 14:38:00,90.72,90.78,90.78,90.76,7.8883167
2023-04-07 14:37:00,90.7,90.82,90.78,90.76,20.55185087
2023-04-07 14:36:00,90.68,90.84,90.72,90.77,150.4532076
2023-04-07 14:35:00,90.67,90.79,90.72,90.72,10.17703619
2023-04-07 14:34:00,90.62,90.72,90.63,90.72,96.86656599
2023-04-07 14:33:00,90.58,90.73,90.72,90.59,44.84647994
2023-04-07 14:32:00,90.74,90.87,90.86,90.74,21.28961454
2023-04-07 14:31:00,90.78,90.93,90.78,90.86,167.90663335
2023-04-07 14:30:00,90.74,90.94,90.75,90.82,310.07805682
2023-04-07 14:29:00,90.58,90.76,90.58,90.75,295.00050147
2023-04-07 14:28:00,90.5,90.57,90.5,90.55,21.26750886
2023-04-07 14:27:00,90.43,90.48,90.44,90.48,34.49571153
2023-04-07 14:26:00,90.41,90.45,90.43,90.43,8.42615149
2023-04-07 14:25:00,90.41,90.45,90.44,90.41,20.16561149
2023-04-07 14:24:00,90.42,90.47,90.46,90.42,6.59585742
2023-04-07 14:23:00,90.44,90.5,90.5,90.44,30.62360719
2023-04-07 14:22:00,90.45,90.49,90.48,90.49,45.73103861
2023-04-07 14:21:00,90.44,90.52,90.47,90.52,174.96714503
2023-04-07 14:20:00,90.49,90.54,90.49,90.49,101.38743808
2023-04-07 14:19:00,90.4,90.52,90.4,90.49,19.23886574
2023-04-07 14:18:00,90.4,90.46,90.43,90.43,53.0546969
2023-04-07 14:17:00,90.42,90.49,90.49,90.42,29.77426094
2023-04-07 14:16:00,90.48,90.52,90.48,90.52,29.7472926
2023-04-07 14:15:00,90.5,90.53,90.53,90.5,46.32398274
2023-04-07 14:14:00,90.49,90.53,90.49,90.5,39.39596054
2023-04-07 14:13:00,90.5,90.53,90.53,90.5,21.96155811
2023-04-07 14:12:00,90.43,90.53,90.46,90.51,158.92675952
2023-04-07 14:11:00,90.44,90.47,90.46,90.47,46.0631266
2023-04-07 14:10:00,90.44,90.48,90.46,90.46,75.87131856
2023-04-07 14:09:00,90.41,90.46,90.43,90.44,54.38056518
2023-04-07 14:08:00,90.42,90.47,90.47,90.43,27.14034908
2023-04-07 14:07:00,90.44,90.47,90.47,90.46,8.83104434
2023-04-07 14:06:00,90.44,90.5,90.44,90.45,121.88110691
2023-04-07 14:05:00,90.36,90.47,90.47,90.45,75.63951433
2023-04-07 14:04:00,90.44,90.48,90.47,90.46,5.25455409
2023-04-07 14:03:00,90.4,90.45,90.4,90.45,166.89236739
2023-04-07 14:02:00,90.35,90.44,90.38,90.44,9.76832882
2023-04-07 14:01:00,90.33,90.39,90.35,90.38,7.36047345
2023-04-07 14:00:00,90.35,90.39,90.39,90.35,24.81349896
2023-04-07 13:59:00,90.36,90.41,90.39,90.4,70.9439061
2023-04-07 13:58:00,90.35,90.44,90.36,90.41,18.17315236
2023-04-07 13:57:00,90.36,90.4,90.37,90.37,36.83586976
2023-04-07 13:56:00,90.33,90.38,90.35,90.38,28.30452664
2023-04-07 13:55:00,90.29,90.35,90.34,90.34,14.23625063
2023-04-07 13:54:00,90.31,90.41,90.31,90.36,100.21727793
2023-04-07 13:53:00,90.29,90.35,90.32,90.35,15.98990405
2023-04-07 13:52:00,90.29,90.34,90.33,90.29,2.29440038
2023-04-07 13:51:00,90.3,90.35,90.35,90.32,6.24191405
2023-04-07 13:50:00,90.32,90.35,90.33,90.33,6.3373963
2023-04-07 13:49:00,90.31,90.34,90.33,90.32,12.30096496
2023-04-07 13:48:00,90.31,90.36,90.32,90.33,26.99996659
2023-04-07 13:47:00,90.3,90.37,90.33,90.3,14.52602085
2023-04-07 13:46:00,90.31,90.47,90.47,90.35,95.60608005
2023-04-07 13:45:00,90.34,90.45,90.35,90.44,84.15983785
2023-04-07 13:44:00,90.31,90.35,90.34,90.35,15.02393802
2023-04-07 13:43:00,90.32,90.4,90.37,90.32,25.32236462
2023-04-07 13:42:00,90.35,90.38,90.38,90.37,54.52995974
2023-04-07 13:41:00,90.37,90.42,90.42,90.37,37.6481969
2023-04-07 13:40:00,90.39,90.47,90.45,90.42,18.90779337
2023-04-07 13:39:00,90.41,90.48,90.41,90.45,19.56450953
2023-04-07 13:38:00,90.4,90.47,90.43,90.4,25.44748524
2023-04-07 13:37:00,90.38,90.43,90.38,90.43,27.08653077
2023-04-07 13:36:00,90.25,90.33,90.25,90.33,23.10849212
2023-04-07 13:35:00,90.25,90.29,90.26,90.25,46.87384086
2023-04-07 13:34:00,90.12,90.25,90.17,90.25,74.68368322
2023-04-07 13:33:00,90.17,90.24,90.23,90.2,24.28521472
2023-04-07 13:32:00,90.17,90.25,90.25,90.21,125.63313807
2023-04-07 13:31:00,90.22,90.25,90.22,90.25,72.27382822
2023-04-07 13:30:00,90.14,90.22,90.15,90.2,55.15086652
2023-04-07 13:29:00,90.14,90.18,90.18,90.15,9.01881864
2023-04-07 13:28:00,90.17,90.26,90.25,90.17,11.07537427
2023-04-07 13:27:00,90.22,90.29,90.22,90.29,7.83159457
2023-04-07 13:26:00,90.13,90.2,90.16,90.18,38.97177396
2023-04-07 13:25:00,90.12,90.21,90.19,90.12,25.37735744
2023-04-07 13:24:00,90.15,90.25,90.24,90.18,75.38999379
2023-04-07 13:23:00,90.23,90.27,90.26,90.24,61.5725127
2023-04-07 13:22:00,90.25,90.36,90.36,90.27,27.43438562
2023-04-07 13:21:00,90.35,90.39,90.39,90.36,22.8523465
2023-04-07 13:20:00,90.42,90.48,90.46,90.42,352.17360387
2023-04-07 13:19:00,90.42,90.48,90.44,90.45,40.8381963
2023-04-07 13:18:00,90.41,90.48,90.48,90.44,275.7476523
2023-04-07 13:17:00,90.43,90.49,90.45,90.45,56.91303638
2023-04-07 13:16:00,90.31,90.44,90.33,90.41,136.65933455
2023-04-07 13:15:00,90.25,90.31,90.29,90.31,139.48467674
2023-04-07 13:14:00,90.26,90.31,90.3,90.28,15.33104527
2023-04-07 13:13:00,90.27,90.33,90.31,90.3,51.82632635
2023-04-07 13:12:00,90.26,90.32,90.26,90.32,28.94272338
2023-04-07 13:11:00,90.24,90.27,90.24,90.27,34.72207484
2023-04-07 13:10:00,90.21,90.26,90.26,90.25,60.72859348
2023-04-07 13:09:00,90.24,90.28,90.26,90.24,9.30082105
2023-04-07 13:08:00,90.2,90.34,90.2,90.27,137.2353526
2023-04-07 13:07:00,90.16,90.21,90.2,90.19,4.12148933
2023-04-07 13:06:00,90.19,90.31,90.31,90.2,20.36445442
2023-04-07 13:05:00,90.2,90.31,90.2,90.31,23.53498411
2023-04-07 13:04:00,90.17,90.2,90.18,90.17,49.37720323
2023-04-07 13:03:00,90.18,90.23,90.23,90.18,41.10064504
2023-04-07 13:02:00,90.22,90.27,90.27,90.24,17.48950886
2023-04-07 13:01:00,90.23,90.32,90.29,90.26,35.04333117
2023-04-07 13:00:00,90.23,90.31,90.23,90.29,42.37396978
2023-04-07 12:59:00,90.24,90.3,90.28,90.24,45.72665237
2023-04-07 12:58:00,90.31,90.39,90.39,90.33,6.83447422
2023-04-07 12:57:00,90.4,90.46,90.43,90.4,100.46376959
2023-04-07 12:56:00,90.43,90.45,90.45,90.43,5.36426878
2023-04-07 12:55:00,90.36,90.43,90.4,90.42,7.7006036
2023-04-07 12:54:00,90.34,90.43,90.43,90.43,64.89721571
2023-04-07 12:53:00,90.34,90.42,90.34,90.42,326.49236135
2023-04-07 12:52:00,90.31,90.38,90.31,90.33,44.37243715
2023-04-07 12:51:00,90.3,90.41,90.38,90.32,96.13457169
2023-04-07 12:50:00,90.34,90.4,90.38,90.35,7.27621177
2023-04-07 12:49:00,90.35,90.44,90.35,90.38,19.32303015
2023-04-07 12:48:00,90.35,90.54,90.48,90.35,77.39853052
2023-04-07 12:47:00,90.39,90.51,90.47,90.5,89.48041809
2023-04-07 12:46:00,90.36,90.59,90.36,90.49,373.11196848
2023-04-07 12:45:00,90.24,90.36,90.24,90.34,114.46286788
2023-04-07 12:44:00,90.2,90.25,90.21,90.24,107.56351512
2023-04-07 12:43:00,90.09,90.23,90.13,90.23,18.7002437
2023-04-07 12:42:00,90.04,90.14,90.04,90.14,15.59349948
2023-04-07 12:41:00,89.97,90.09,90.09,90.01,60.21673031
2023-04-07 12:40:00,89.94,90.09,89.95,90.06,91.55589466
2023-04-07 12:39:00,89.79,89.99,89.8,89.99,133.08503158
2023-04-07 12:38:00,89.82,90.1,90.1,89.82,455.15645
2023-04-07 12:37:00,90.07,90.19,90.18,90.07,27.92878532
2023-04-07 12:36:00,90.12,90.2,90.15,90.2,24.19503813
2023-04-07 12:35:00,90.16,90.34,90.31,90.18,35.61343814
2023-04-07 12:34:00,90.16,90.36,90.22,90.36,166.58802182
2023-04-07 12:33:00,90.15,90.38,90.38,90.21,33.16589686
2023-04-07 12:32:00,90.33,90.44,90.39,90.36,58.71090561
2023-04-07 12:31:00,90.11,90.44,90.13,90.42,319.70680839
2023-04-07 12:30:00,89.97,90.37,90.24,90.12,999.20032137
2023-04-07 12:29:00,89.94,90.21,89.94,90.21,62.16818527
2023-04-07 12:28:00,89.87,89.97,89.88,89.93,15.25931623
2023-04-07 12:27:00,89.86,89.93,89.93,89.86,11.18516101
2023-04-07 12:26:00,89.89,89.99,89.97,89.89,24.41125893
2023-04-07 12:25:00,89.95,90.07,90.07,89.95,51.68448029
2023-04-07 12:24:00,90.01,90.1,90.04,90.08,43.13436548
2023-04-07 12:23:00,90.0,90.1,90.06,90.05,67.56562842
2023-04-07 12:22:00,89.96,90.08,89.98,90.08,32.00929072
2023-04-07 12:21:00,89.97,89.98,89.97,89.98,1.34657909
2023-04-07 12:20:00,89.93,89.99,89.95,89.96,66.38038234
2023-04-07 12:19:00,89.98,90.01,90.01,89.98,2.75290565
2023-04-07 12:18:00,89.99,90.1,90.06,90.0,75.14656086
2023-04-07 12:17:00,90.03,90.12,90.09,90.03,51.64682221
2023-04-07 12:16:00,90.1,90.19,90.19,90.1,53.23984654
2023-04-07 12:15:00,90.12,90.2,90.13,90.17,66.51901217
2023-04-07 12:14:00,90.11,90.22,90.22,90.12,203.95451076
2023-04-07 12:13:00,90.09,90.21,90.09,90.2,141.88053274
2023-04-07 12:12:00,90.02,90.09,90.06,90.09,162.99111672
2023-04-07 12:11:00,89.96,90.06,89.97,90.06,45.80036691
2023-04-07 12:10:00,89.94,89.99,89.94,89.97,159.94012687
2023-04-07 12:09:00,89.95,89.98,89.95,89.98,5.91271571
2023-04-07 12:08:00,89.93,89.96,89.93,89.95,54.75299582
2023-04-07 12:07:00,89.93,89.94,89.94,89.93,8.30369035
2023-04-07 12:06:00,89.85,89.93,89.85,89.93,19.35868108
2023-04-07 12:05:00,89.83,89.88,89.88,89.88,13.68200886
2023-04-07 12:04:00,89.81,89.91,89.83,89.89,73.2550183
2023-04-07 12:03:00,89.81,89.86,89.86,89.81,24.33193394
2023-04-07 12:02:00,89.84,89.88,89.85,89.88,79.194344
2023-04-07 12:01:00,89.83,89.95,89.83,89.86,178.95961783
2023-04-07 12:00:00,89.8,89.96,89.96,89.83,65.69825184
2023-04-07 11:59:00,89.84,89.97,89.84,89.97,89.58650902
2023-04-07 11:58:00,89.83,89.89,89.89,89.84,53.83617014
2023-04-07 11:57:00,89.85,89.91,89.85,89.9,47.78325736
2023-04-07 11:56:00,89.81,89.88,89.81,89.88,108.09756131
2023-04-07 11:55:00,89.81,89.87,89.87,89.83,27.51424103
2023-04-07 11:54:00,89.89,89.91,89.91,89.89,7.70962072
2023-04-07 11:53:00,89.81,89.93,89.81,89.93,114.4095528
2023-04-07 11:52:00,89.77,89.87,89.77,89.83,34.38142098
2023-04-07 11:51:00,89.76,89.84,89.84,89.77,113.03218498
2023-04-07 11:50:00,89.71,89.87,89.72,89.87,102.36930031
2023-04-07 11:49:00,89.71,89.88,89.88,89.74,96.95647088
2023-04-07 11:48:00,89.79,89.92,89.91,89.86,121.46803515
2023-04-07 11:47:00,89.9,89.95,89.95,89.92,48.88585744
2023-04-07 11:46:00,89.93,89.99,89.93,89.97,61.2354144
2023-04-07 11:45:00,89.9,90.02,90.0,89.96,114.63990219
2023-04-07 11:44:00,89.95,90.03,89.95,90.02,36.98172878
2023-04-07 11:43:00,89.98,90.03,90.01,89.98,22.67141734
2023-04-07 11:42:00,90.0,90.05,90.05,90.01,26.32823115
2023-04-07 11:41:00,90.02,90.05,90.02,90.02,11.14706867
2023-04-07 11:40:00,90.0,90.05,90.0,90.05,11.52330629
2023-04-07 11:39:00,90.0,90.13,90.08,90.01,50.71555384
2023-04-07 11:38:00,90.07,90.18,90.18,90.07,45.79342375
2023-04-07 11:37:00,90.17,90.25,90.24,90.17,85.23231685
2023-04-07 11:36:00,90.21,90.26,90.25,90.26,48.48365917
2023-04-07 11:35:00,90.21,90.26,90.26,90.26,10.77213745
2023-04-07 11:34:00,90.21,90.26,90.21,90.26,7.94678181
2023-04-07 11:33:00,90.18,90.25,90.18,90.23,170.64504508
2023-04-07 11:32:00,90.18,90.18,90.18,90.18,3.36908717
2023-04-07 11:31:00,90.13,90.18,90.14,90.18,34.39871954
2023-04-07 11:30:00,90.1,90.14,90.14,90.14,18.35313061
2023-04-07 11:29:00,90.11,90.15,90.12,90.15,5.12968765
2023-04-07 11:28:00,90.11,90.15,90.13,90.11,28.40267516
2023-04-07 11:27:00,90.13,90.16,90.15,90.13,22.30255233
2023-04-07 11:26:00,90.14,90.18,90.17,90.14,9.33722927
2023-04-07 11:25:00,90.14,90.18,90.14,90.17,89.32861794
2023-04-07 11:24:00,90.13,90.17,90.17,90.14,5.65087067
2023-04-07 11:23:00,90.13,90.17,90.16,90.17,19.91592373
2023-04-07 11:22:00,90.1,90.18,90.1,90.18,81.34118208
2023-04-07 11:21:00,90.07,90.12,90.11,90.07,13.2097472
2023-04-07 11:20:00,90.11,90.18,90.18,90.11,31.84163481
2023-04-07 11:19:00,90.17,90.19,90.19,90.17,45.85750598
2023-04-07 11:18:00,90.16,90.2,90.19,90.17,67.39924714
2023-04-07 11:17:00,90.18,90.23,90.22,90.18,52.96088149
2023-04-07 11:16:00,90.15,90.24,90.15,90.19,144.91769031
2023-04-07 11:15:00,90.03,90.14,90.08,90.14,143.06922204
2023-04-07 11:14:00,90.01,90.12,90.12,90.06,262.0030985
2023-04-07 11:13:00,90.07,90.11,90.11,90.11,10.62280164
2023-04-07 11:12:00,90.11,90.14,90.12,90.12,37.56921883
2023-04-07 11:11:00,90.11,90.16,90.16,90.13,66.44800461
2023-04-07 11:10:00,90.17,90.21,90.19,90.17,96.06695583
2023-04-07 11:09:00,90.17,90.24,90.17,90.23,249.27630698
2023-04-07 11:08:00,90.16,90.24,90.24,90.16,18.1203615
2023-04-07 11:07:00,90.24,90.27,90.26,90.26,0.91533541
2023-04-07 11:06:00,90.25,90.29,90.25,90.26,31.4441921
2023-04-07 11:05:00,90.24,90.28,90.26,90.25,69.65603942
2023-04-07 11:04:00,90.26,90.28,90.27,90.26,6.32936561
2023-04-07 11:03:00,90.22,90.27,90.22,90.27,35.5908075
2023-04-07 11:02:00,90.21,90.27,90.26,90.22,20.05460672
2023-04-07 11:01:00,90.21,90.25,90.21,90.25,6.02743467
2023-04-07 11:00:00,90.21,90.28,90.28,90.23,113.80593526
2023-04-07 10:59:00,90.24,90.28,90.28,90.24,7.89352671
2023-04-07 10:58:00,90.26,90.3,90.26,90.28,40.41887704
2023-04-07 10:57:00,90.26,90.28,90.27,90.26,13.82951289
2023-04-07 10:56:00,90.24,90.28,90.25,90.28,34.22338003
2023-04-07 10:55:00,90.22,90.24,90.22,90.22,5.05655111
2023-04-07 10:54:00,90.22,90.24,90.23,90.24,9.95910119
2023-04-07 10:53:00,90.22,90.26,90.25,90.23,374.35309823
2023-04-07 10:52:00,90.23,90.27,90.27,90.26,13.43355204
2023-04-07 10:51:00,90.2,90.28,90.22,90.28,5.99150682
2023-04-07 10:50:00,90.18,90.25,90.23,90.24,42.51336853
2023-04-07 10:49:00,90.26,90.31,90.28,90.26,4.30153043
2023-04-07 10:48:00,90.23,90.3,90.23,90.3,15.72823738
2023-04-07 10:47:00,90.23,90.27,90.27,90.26,38.82909861
2023-04-07 10:46:00,90.24,90.3,90.27,90.27,30.69424614
2023-04-07 10:45:00,90.23,90.28,90.27,90.27,36.92231345
2023-04-07 10:44:00,90.27,90.32,90.3,90.27,13.28975295
2023-04-07 10:43:00,90.28,90.31,90.28,90.3,15.54996642
2023-04-07 10:42:00,90.26,90.33,90.32,90.28,5.48325369
2023-04-07 10:41:00,90.3,90.35,90.35,90.31,33.35940174
2023-04-07 10:40:00,90.31,90.4,90.38,90.35,29.89970267
2023-04-07 10:39:00,90.42,90.47,90.43,90.42,9.04564604
2023-04-07 10:38:00,90.43,90.5,90.46,90.43,15.72856357
2023-04-07 10:37:00,90.43,90.48,90.45,90.46,27.16464475
2023-04-07 10:36:00,90.35,90.45,90.37,90.45,89.26204728
2023-04-07 10:35:00,90.35,90.38,90.36,90.37,25.59247491
2023-04-07 10:34:00,90.3,90.37,90.37,90.36,39.03480074
2023-04-07 10:33:00,90.32,90.36,90.34,90.36,11.78327273
2023-04-07 10:32:00,90.33,90.36,90.33,90.34,73.4953597
2023-04-07 10:31:00,90.31,90.34,90.33,90.32,5.25482331
2023-04-07 10:30:00,90.33,90.33,90.33,90.33,1.78496565
2023-04-07 20:30:00,90.23,90.28,90.23,90.28,28.35819957
2023-04-07 20:29:00,90.23,90.27,90.26,90.24,29.32106238
2023-04-07 20:28:00,90.24,90.27,90.25,90.26,33.92202926
2023-04-07 20:27:00,90.24,90.29,90.26,90.26,19.09423405
2023-04-07 20:26:00,90.25,90.27,90.27,90.25,6.87138413
2023-04-07 20:25:00,90.26,90.33,90.33,90.27,538.04340057
2023-04-07 20:24:00,90.34,90.37,90.35,90.34,19.5516318
2023-04-07 20:23:00,90.35,90.38,90.38,90.37,22.12033251
2023-04-07 20:22:00,90.36,90.39,90.37,90.37,6.39072706
2023-04-07 20:21:00,90.36,90.38,90.37,90.38,18.55018429
2023-04-07 20:20:00,90.35,90.42,90.39,90.38,106.95283631
2023-04-07 20:19:00,90.38,90.42,90.38,90.41,13.91259052
2023-04-07 20:18:00,90.37,90.43,90.43,90.4,91.74117408
2023-04-07 20:17:00,90.33,90.43,90.35,90.43,39.41393546
2023-04-07 20:16:00,90.33,90.39,90.39,90.35,74.19168981
2023-04-07 20:15:00,90.38,90.39,90.38,90.38,21.84259082
2023-04-07 20:14:00,90.36,90.38,90.37,90.38,13.06869307
2023-04-07 20:13:00,90.37,90.41,90.41,90.37,35.58311738
2023-04-07 20:12:00,90.38,90.41,90.38,90.41,194.68176784
2023-04-07 20:11:00,90.37,90.38,90.38,90.38,11.56907143
2023-04-07 20:10:00,90.33,90.38,90.36,90.38,33.42974371
2023-04-07 20:09:00,90.36,90.37,90.37,90.36,17.26794631
2023-04-07 20:08:00,90.35,90.37,90.37,90.37,10.21197254
2023-04-07 20:07:00,90.34,90.37,90.36,90.37,29.34885185
2023-04-07 20:06:00,90.35,90.36,90.36,90.36,16.2525978
2023-04-07 20:05:00,90.35,90.38,90.36,90.36,26.48521975
2023-04-07 20:04:00,90.36,90.38,90.37,90.38,14.01057333
2023-04-07 20:03:00,90.33,90.38,90.35,90.38,20.03134056
2023-04-07 20:02:00,90.29,90.37,90.34,90.33,633.34323527
2023-04-07 20:01:00,90.32,90.37,90.37,90.36,111.39415056
2023-04-07 20:00:00,90.34,90.37,90.36,90.35,42.26485297
2023-04-07 19:59:00,90.32,90.37,90.35,90.36,186.46084702
2023-04-07 19:58:00,90.32,90.35,90.32,90.35,5.27164641
2023-04-07 19:57:00,90.31,90.33,90.33,90.32,7.91223341
2023-04-07 19:56:00,90.25,90.33,90.27,90.32,32.518493
2023-04-07 19:55:00,90.25,90.32,90.3,90.26,72.77165882
2023-04-07 19:54:00,90.3,90.33,90.33,90.31,14.23094464
2023-04-07 19:53:00,90.3,90.37,90.37,90.3,165.74088243
2023-04-07 19:52:00,90.33,90.37,90.35,90.36,11.29460244
2023-04-07 19:51:00,90.33,90.36,90.35,90.35,14.58751401
2023-04-07 19:50:00,90.34,90.38,90.34,90.38,25.43579994
2023-04-07 19:49:00,90.35,90.36,90.36,90.36,19.54024436
2023-04-07 19:48:00,90.34,90.36,90.35,90.36,31.09543089
2023-04-07 19:47:00,90.34,90.37,90.37,90.36,15.93555666
2023-04-07 19:46:00,90.34,90.37,90.34,90.37,19.14620071
2023-04-07 19:45:00,90.33,90.37,90.37,90.35,36.33117346
2023-04-07 19:44:00,90.35,90.39,90.35,90.37,9.38283875
2023-04-07 19:43:00,90.35,90.42,90.39,90.37,16.84603776
2023-04-07 19:42:00,90.37,90.4,90.4,90.39,10.51979264
2023-04-07 19:41:00,90.36,90.43,90.38,90.41,16.41130044
2023-04-07 19:40:00,90.36,90.4,90.4,90.38,11.67613838
2023-04-07 19:39:00,90.32,90.38,90.35,90.36,43.57973251
2023-04-07 19:38:00,90.31,90.34,90.31,90.34,35.39850572
2023-04-07 19:37:00,90.26,90.31,90.26,90.31,22.39142844
2023-04-07 19:36:00,90.24,90.29,90.29,90.26,4.58870679
2023-04-07 19:35:00,90.29,90.32,90.31,90.31,10.73199673
2023-04-07 19:34:00,90.28,90.31,90.3,90.31,9.28612927
2023-04-07 19:33:00,90.26,90.3,90.27,90.3,8.78864111
2023-04-07 19:32:00,90.26,90.29,90.26,90.27,11.72168261
2023-04-07 19:31:00,90.25,90.28,90.28,90.27,6.79364464
2023-04-07 19:30:00,90.26,90.3,90.27,90.28,38.28585978
2023-04-07 19:29:00,90.25,90.29,90.27,90.29,9.28596642
2023-04-07 19:28:00,90.25,90.31,90.29,90.27,17.69567757
2023-04-07 19:27:00,90.27,90.31,90.31,90.31,51.23590978
2023-04-07 19:26:00,90.3,90.34,90.3,90.34,14.4087883
2023-04-07 19:25:00,90.29,90.35,90.34,90.29,24.3653691
2023-04-07 19:24:00,90.32,90.35,90.33,90.34,4.89024258
2023-04-07 19:23:00,90.29,90.4,90.3,90.33,458.89310001
2023-04-07 19:22:00,90.27,90.3,90.27,90.29,19.04683267
2023-04-07 19:21:00,90.26,90.29,90.28,90.27,21.95479447
2023-04-07 19:20:00,90.24,90.27,90.24,90.26,9.97018689
2023-04-07 19:19:00,90.24,90.25,90.25,90.25,12.49247489
2023-04-07 19:18:00,90.24,90.27,90.27,90.25,10.48211861
2023-04-07 19:17:00,90.25,90.29,90.27,90.25,58.00415178
2023-04-07 19:16:00,90.23,90.3,90.24,90.27,12.59139419
2023-04-07 19:15:00,90.18,90.25,90.19,90.22,64.65920151
2023-04-07 19:14:00,90.16,90.2,90.16,90.19,3.9727207
2023-04-07 19:13:00,90.16,90.2,90.18,90.17,13.39114612
2023-04-07 19:12:00,90.11,90.2,90.12,90.19,106.27138549
2023-04-07 19:11:00,90.11,90.15,90.12,90.13,50.94327326
2023-04-07 19:10:00,90.1,90.15,90.1,90.11,18.63172988
2023-04-07 19:09:00,90.08,90.16,90.13,90.08,22.88267402
2023-04-07 19:08:00,90.13,90.2,90.2,90.13,80.36291199
2023-04-07 19:07:00,90.17,90.21,90.17,90.2,14.60679911
2023-04-07 19:06:00,90.17,90.21,90.19,90.17,12.65882222
2023-04-07 19:05:00,90.18,90.22,90.21,90.2,45.11351601
2023-04-07 19:04:00,90.19,90.22,90.22,90.21,15.27677676
2023-04-07 19:03:00,90.2,90.23,90.22,90.22,17.14101789
2023-04-07 19:02:00,90.21,90.23,90.23,90.22,9.95046189
2023-04-07 19:01:00,90.21,90.24,90.23,90.23,35.29930291
2023-04-07 19:00:00,90.22,90.27,90.26,90.25,88.44155528
2023-04-07 18:59:00,90.25,90.29,90.28,90.25,5.19113357
2023-04-07 18:58:00,90.2,90.29,90.2,90.29,8.82543073
2023-04-07 18:57:00,90.17,90.2,90.2,90.2,21.69270798
2023-04-07 18:56:00,90.19,90.26,90.25,90.19,13.61485735
2023-04-07 18:55:00,90.22,90.26,90.22,90.25,13.69179245
2023-04-07 18:54:00,90.24,90.25,90.24,90.24,3.99405355
2023-04-07 18:53:00,90.24,90.25,90.24,90.25,6.78042776
2023-04-07 18:52:00,90.22,90.27,90.24,90.26,86.05677689
2023-04-07 18:51:00,90.23,90.24,90.23,90.24,5.49575683
2023-04-07 18:50:00,90.22,90.26,90.22,90.23,9.85264572
2023-04-07 18:49:00,90.22,90.27,90.27,90.25,98.94593057
2023-04-07 18:48:00,90.23,90.27,90.23,90.27,5.96427618
2023-04-07 18:47:00,90.23,90.25,90.24,90.23,21.13870005
2023-04-07 18:46:00,90.24,90.27,90.25,90.24,35.4403852
2023-04-07 18:45:00,90.23,90.28,90.24,90.26,55.49012239
2023-04-07 18:44:00,90.23,90.26,90.24,90.23,30.14050429
2023-04-07 18:43:00,90.24,90.26,90.24,90.24,16.07104549
2023-04-07 18:42:00,90.25,90.32,90.3,90.25,50.81102211
2023-04-07 18:41:00,90.3,90.33,90.32,90.32,19.08964658
2023-04-07 18:40:00,90.31,90.34,90.32,90.32,75.85312037
2023-04-07 18:39:00,90.3,90.34,90.32,90.33,32.25276866
2023-04-07 18:38:00,90.32,90.36,90.34,90.33,41.0142481
2023-04-07 18:37:00,90.31,90.36,90.33,90.36,19.14070743
2023-04-07 18:36:00,90.32,90.33,90.32,90.32,3.43182646
2023-04-07 18:35:00,90.31,90.33,90.32,90.33,22.98388279
2023-04-07 18:34:00,90.32,90.33,90.32,90.32,12.17476569
2023-04-07 18:33:00,90.32,90.35,90.33,90.32,118.79053443
2023-04-07 18:32:00,90.32,90.38,90.38,90.33,78.69518828
2023-04-07 18:31:00,90.37,90.39,90.38,90.38,16.183923
2023-04-07 18:30:00,90.38,90.39,90.39,90.38,9.23501659
2023-04-07 18:29:00,90.36,90.38,90.37,90.38,26.43279597
2023-04-07 18:28:00,90.35,90.39,90.35,90.38,6.64216119
2023-04-07 18:27:00,90.36,90.39,90.36,90.37,58.50093004
2023-04-07 18:26:00,90.32,90.38,90.35,90.37,60.34179842
2023-04-07 18:25:00,90.32,90.35,90.34,90.34,15.08801916
2023-04-07 18:24:00,90.31,90.34,90.33,90.33,38.80508992
2023-04-07 18:23:00,90.31,90.35,90.35,90.32,87.87194328
2023-04-07 18:22:00,90.32,90.38,90.35,90.33,21.83643404
2023-04-07 18:21:00,90.36,90.38,90.37,90.36,6.06884287
2023-04-07 18:20:00,90.35,90.38,90.35,90.38,76.43136713
2023-04-07 18:19:00,90.35,90.38,90.35,90.36,18.07615187
2023-04-07 18:18:00,90.32,90.35,90.35,90.33,4.44233552
2023-04-07 18:17:00,90.31,90.39,90.38,90.34,52.36676917
2023-04-07 18:16:00,90.36,90.39,90.39,90.39,24.67336318
2023-04-07 18:15:00,90.39,90.42,90.41,90.39,25.71538605
2023-04-07 18:14:00,90.39,90.42,90.39,90.4,2.31852139
2023-04-07 18:13:00,90.36,90.43,90.43,90.39,69.04112762
2023-04-07 18:12:00,90.37,90.42,90.4,90.39,13.83975122
2023-04-07 18:11:00,90.4,90.42,90.42,90.42,5.5791676
2023-04-07 18:10:00,90.4,90.44,90.43,90.41,10.55956806
2023-04-07 18:09:00,90.41,90.46,90.41,90.45,58.53040277
2023-04-07 18:08:00,90.37,90.41,90.38,90.41,120.62786799
2023-04-07 18:07:00,90.36,90.38,90.36,90.38,16.39279131
2023-04-07 18:06:00,90.33,90.39,90.36,90.39,97.65711663
2023-04-07 18:05:00,90.34,90.39,90.36,90.36,76.83489954
2023-04-07 18:04:00,90.35,90.4,90.4,90.38,12.52420786
2023-04-07 18:03:00,90.34,90.4,90.36,90.4,28.42043215
2023-04-07 18:02:00,90.35,90.37,90.36,90.36,41.45225579
2023-04-07 18:01:00,90.35,90.4,90.38,90.35,306.6348239
2023-04-07 18:00:00,90.38,90.43,90.39,90.38,13.74322458
2023-04-07 17:59:00,90.38,90.4,90.4,90.4,6.20398146
2023-04-07 17:58:00,90.39,90.42,90.42,90.41,6.14412661
2023-04-07 17:57:00,90.39,90.43,90.39,90.42,53.47900482
2023-04-07 17:56:00,90.37,90.4,90.4,90.37,56.82677769
2023-04-07 17:55:00,90.4,90.44,90.42,90.41,12.73889188
2023-04-07 17:54:00,90.4,90.43,90.43,90.43,24.85596902
2023-04-07 17:53:00,90.4,90.44,90.42,90.41,51.86709911
2023-04-07 17:52:00,90.4,90.44,90.42,90.44,9.94938004
2023-04-07 17:51:00,90.4,90.44,90.44,90.42,297.63027649
2023-04-07 17:50:00,90.4,90.45,90.4,90.44,66.01069012
2023-04-07 17:49:00,90.4,90.45,90.45,90.42,4.38892399
2023-04-07 17:48:00,90.38,90.45,90.39,90.45,9.83110778
2023-04-07 17:47:00,90.39,90.48,90.48,90.4,93.05036428
2023-04-07 17:46:00,90.48,90.54,90.52,90.48,41.80581774
2023-04-07 17:45:00,90.47,90.58,90.47,90.53,1238.75147157
2023-04-07 17:44:00,90.44,90.47,90.47,90.45,76.72258003
2023-04-07 17:43:00,90.44,90.48,90.44,90.47,68.0504476
2023-04-07 17:42:00,90.42,90.44,90.42,90.44,1.90509453
2023-04-07 17:41:00,90.4,90.42,90.42,90.42,50.0230023
2023-04-07 17:40:00,90.39,90.43,90.39,90.42,19.61457186
2023-04-07 17:39:00,90.39,90.43,90.4,90.39,35.49070117
2023-04-07 17:38:00,90.37,90.42,90.42,90.38,144.58214906
2023-04-07 17:37:00,90.43,90.45,90.43,90.45,10.21351935
2023-04-07 17:36:00,90.45,90.51,90.51,90.45,2.11673803
2023-04-07 17:35:00,90.49,90.51,90.5,90.51,18.16018294
2023-04-07 17:34:00,90.49,90.53,90.5,90.52,10.73897099
2023-04-07 17:33:00,90.48,90.51,90.49,90.51,12.57111755
2023-04-07 17:32:00,90.48,90.5,90.5,90.5,57.19826494
2023-04-07 17:31:00,90.4,90.48,90.42,90.48,35.79590014
2023-04-07 17:30:00,90.42,90.46,90.43,90.43,11.07630617
2023-04-07 17:29:00,90.43,90.47,90.45,90.45,25.42452295
2023-04-07 17:28:00,90.42,90.45,90.43,90.43,12.00562258
2023-04-07 17:27:00,90.42,90.45,90.44,90.42,26.82672519
2023-04-07 17:26:00,90.45,90.47,90.47,90.47,4.86983581
2023-04-07 17:25:00,90.45,90.49,90.48,90.48,33.2413123
2023-04-07 17:24:00,90.45,90.46,90.46,90.46,2.71168143
2023-04-07 17:23:00,90.43,90.47,90.46,90.46,108.85016253
2023-04-07 17:22:00,90.42,90.46,90.46,90.45,20.21846064
2023-04-07 17:21:00,90.4,90.46,90.46,90.44,8.9970249
2023-04-07 17:20:00,90.39,90.46,90.41,90.45,32.31845352
2023-04-07 17:19:00,90.42,90.45,90.44,90.42,37.03788182
2023-04-07 17:18:00,90.4,90.46,90.42,90.46,2.07823317
2023-04-07 17:17:00,90.37,90.41,90.41,90.39,8.9987784
2023-04-07 17:16:00,90.32,90.41,90.34,90.41,108.55120931
2023-04-07 17:15:00,90.32,90.35,90.32,90.34,13.25778428
2023-04-07 17:14:00,90.32,90.35,90.35,90.34,23.16578125
2023-04-07 17:13:00,90.35,90.39,90.39,90.36,8.15730184
2023-04-07 17:12:00,90.36,90.39,90.38,90.39,16.65665968
2023-04-07 17:11:00,90.34,90.38,90.36,90.36,28.28092172
2023-04-07 17:10:00,90.36,90.38,90.36,90.38,13.73492063
2023-04-07 17:09:00,90.36,90.41,90.36,90.41,19.63134114
2023-04-07 17:08:00,90.35,90.37,90.37,90.35,9.49399829
2023-04-07 17:07:00,90.33,90.37,90.36,90.36,58.53137402
2023-04-07 17:06:00,90.31,90.38,90.34,90.34,27.40627866
2023-04-07 17:05:00,90.32,90.37,90.36,90.33,18.41493597
2023-04-07 17:04:00,90.31,90.37,90.33,90.37,56.90048459
2023-04-07 17:03:00,90.31,90.38,90.36,90.31,78.74793572
2023-04-07 17:02:00,90.35,90.41,90.38,90.36,48.76152222
2023-04-07 17:01:00,90.34,90.37,90.36,90.37,32.82692009
2023-04-07 17:00:00,90.27,90.33,90.29,90.33,53.67255477
2023-04-07 16:59:00,90.24,90.33,90.3,90.26,47.7057883
2023-04-07 16:58:00,90.3,90.33,90.31,90.3,6.82659273
2023-04-07 16:57:00,90.3,90.33,90.32,90.3,39.89386044
2023-04-07 16:56:00,90.3,90.36,90.36,90.34,69.40687142
2023-04-07 16:55:00,90.36,90.39,90.39,90.37,58.80149045
2023-04-07 16:54:00,90.26,90.35,90.35,90.32,24.96322226
2023-04-07 16:53:00,90.31,90.34,90.31,90.34,48.74053703
2023-04-07 16:52:00,90.22,90.31,90.28,90.3,202.19872185
2023-04-07 16:51:00,90.3,90.32,90.31,90.3,22.37142768
2023-04-07 16:50:00,90.28,90.34,90.34,90.29,8.36387022
2023-04-07 16:49:00,90.34,90.42,90.37,90.34,47.68019578
2023-04-07 16:48:00,90.36,90.39,90.37,90.39,14.0991827
2023-04-07 16:47:00,90.35,90.43,90.4,90.35,23.70810251
2023-04-07 16:46:00,90.37,90.4,90.37,90.39,21.1219024
2023-04-07 16:45:00,90.26,90.37,90.32,90.35,65.66731174
2023-04-07 16:44:00,90.3,90.37,90.36,90.31,71.24718584
2023-04-07 16:43:00,90.36,90.41,90.41,90.36,25.70398775
2023-04-07 16:42:00,90.39,90.43,90.4,90.43,11.57292804
2023-04-07 16:41:00,90.39,90.43,90.43,90.41,10.83070504
2023-04-07 16:40:00,90.38,90.41,90.4,90.41,18.03064847
2023-04-07 16:39:00,90.38,90.49,90.49,90.38,22.50026238
2023-04-07 16:38:00,90.43,90.5,90.5,90.48,43.91500562
2023-04-07 16:37:00,90.46,90.52,90.48,90.5,14.86101709
2023-04-07 16:36:00,90.42,90.5,90.45,90.48,6.46062097
2023-04-07 16:35:00,90.41,90.46,90.43,90.43,131.55746288
2023-04-07 16:34:00,90.38,90.43,90.43,90.4,153.80472287
2023-04-07 16:33:00,90.42,90.48,90.48,90.42,15.72296264
2023-04-07 16:32:00,90.46,90.48,90.47,90.48,13.72565213
2023-04-07 16:31:00,90.42,90.46,90.46,90.45,59.69342558
2023-04-07 16:30:00,90.44,90.48,90.45,90.46,27.21645909
2023-04-07 16:29:00,90.4,90.45,90.44,90.45,16.40856901
2023-04-07 16:28:00,90.39,90.46,90.4,90.44,9.65724357
2023-04-07 16:27:00,90.39,90.42,90.41,90.42,13.28843848
2023-04-07 16:26:00,90.37,90.43,90.4,90.41,98.67782134
2023-04-07 16:25:00,90.35,90.44,90.35,90.41,96.95306371
2023-04-07 16:24:00,90.36,90.42,90.41,90.36,70.62179443
2023-04-07 16:23:00,90.4,90.48,90.47,90.4,24.69504698
2023-04-07 16:22:00,90.44,90.49,90.46,90.47,283.39261898
2023-04-07 16:21:00,90.43,90.47,90.46,90.43,22.98126484
2023-04-07 16:20:00,90.45,90.51,90.48,90.46,34.59492548
2023-04-07 16:19:00,90.49,90.53,90.53,90.5,67.6847049
2023-04-07 16:18:00,90.5,90.56,90.56,90.53,123.52254183
2023-04-07 16:17:00,90.56,90.6,90.59,90.56,16.57464335
2023-04-07 16:16:00,90.59,90.6,90.59,90.59,6.17763932
2023-04-07 16:15:00,90.57,90.61,90.6,90.59,92.43116339
2023-04-07 16:14:00,90.57,90.61,90.61,90.58,68.39492324
2023-04-07 16:13:00,90.6,90.63,90.62,90.62,22.47979579
2023-04-07 16:12:00,90.61,90.65,90.64,90.62,39.50051202
2023-04-07 16:11:00,90.62,90.65,90.65,90.64,31.2613669
2023-04-07 16:10:00,90.62,90.66,90.62,90.64,7.8915515
2023-04-07 16:09:00,90.61,90.67,90.65,90.61,34.24286999
2023-04-07 16:08:00,90.61,90.7,90.7,90.66,52.50442195
2023-04-07 16:07:00,90.7,90.77,90.73,90.7,66.92067322
2023-04-07 16:06:00,90.7,90.75,90.72,90.73,93.44978037
2023-04-07 16:05:00,90.68,90.73,90.72,90.73,62.34085188
2023-04-07 16:04:00,90.69,90.71,90.7,90.69,45.10756259
2023-04-07 16:03:00,90.62,90.71,90.62,90.69,85.92372026
2023-04-07 16:02:00,90.61,90.66,90.62,90.63,33.0087054
2023-04-07 16:01:00,90.6,90.67,90.67,90.6,26.75927998
2023-04-07 16:00:00,90.63,90.7,90.63,90.69,58.69649278
2023-04-07 15:59:00,90.61,90.68,90.67,90.64,32.70692801
2023-04-07 15:58:00,90.66,90.69,90.66,90.68,46.11709565
2023-04-07 15:57:00,90.59,90.66,90.64,90.65,53.10044386
2023-04-07 15:56:00,90.64,90.68,90.65,90.65,14.19756834
2023-04-07 15:55:00,90.65,90.72,90.65,90.66,21.62934782
2023-04-07 15:54:00,90.64,90.75,90.68,90.67,75.01827533
2023-04-07 15:53:00,90.67,90.72,90.71,90.67,34.8451494
2023-04-07 15:52:00,90.72,90.74,90.73,90.72,25.47037875
2023-04-07 15:51:00,90.62,90.73,90.65,90.73,45.90517469
2023-04-07 15:50:00,90.63,90.68,90.66,90.65,147.47680017
2023-04-07 15:49:00,90.57,90.69,90.57,90.66,304.20581867
2023-04-07 15:48:00,90.55,90.57,90.57,90.57,12.3829212
2023-04-07 15:47:00,90.55,90.58,90.56,90.56,13.39521797
2023-04-07 15:46:00,90.54,90.61,90.58,90.54,23.34653149
2023-04-07 15:45:00,90.56,90.6,90.56,90.6,16.74315631
2023-04-07 15:44:00,90.51,90.58,90.53,90.58,69.69342217
2023-04-07 15:43:00,90.44,90.53,90.46,90.53,135.0676796
2023-04-07 15:42:00,90.44,90.47,90.46,90.46,8.4249298
2023-04-07 15:41:00,90.45,90.49,90.49,90.46,21.43815976
2023-04-07 15:40:00,90.44,90.49,90.44,90.49,31.13862386
2023-04-07 15:39:00,90.46,90.49,90.47,90.46,22.69381384
2023-04-07 15:38:00,90.44,90.5,90.49,90.45,33.78097228
2023-04-07 15:37:00,90.44,90.49,90.44,90.49,11.54316098
2023-04-07 15:36:00,90.41,90.45,90.41,90.43,5.51948447
2023-04-07 15:35:00,90.44,90.47,90.47,90.45,79.78063925
2023-04-07 15:34:00,90.45,90.49,90.47,90.49,30.3312505
2023-04-07 15:33:00,90.46,90.54,90.54,90.46,50.64443147
2023-04-07 15:32:00,90.44,90.52,90.52,90.52,47.63156386
2023-04-07 15:31:00,90.49,90.53,90.51,90.52,9.40497596
2023-04-07 15:30:00,90.45,90.54,90.45,90.54,10.02933778
2023-04-08 01:30:00,90.39,90.47,90.39,90.44,101.05784418
2023-04-08 01:29:00,90.37,90.42,90.39,90.41,5.82600662
2023-04-08 01:28:00,90.34,90.39,90.38,90.39,31.45404239
2023-04-08 01:27:00,90.32,90.37,90.32,90.36,83.23492853
2023-04-08 01:26:00,90.28,90.35,90.33,90.31,90.25490625
2023-04-08 01:25:00,90.33,90.37,90.36,90.35,23.8962276
2023-04-08 01:24:00,90.28,90.34,90.28,90.34,29.92374008
2023-04-08 01:23:00,90.26,90.28,90.28,90.27,8.30376502
2023-04-08 01:22:00,90.26,90.29,90.27,90.28,14.26073281
2023-04-08 01:21:00,90.25,90.29,90.27,90.29,7.20996156
2023-04-08 01:20:00,90.24,90.27,90.24,90.27,9.49544252
2023-04-08 01:19:00,90.24,90.28,90.28,90.26,28.3560185
2023-04-08 01:18:00,90.26,90.31,90.31,90.28,6.70934752
2023-04-08 01:17:00,90.29,90.45,90.45,90.31,91.60069946
2023-04-08 01:16:00,90.4,90.44,90.4,90.44,2.15383671
2023-04-08 01:15:00,90.39,90.41,90.39,90.39,6.88057762
2023-04-08 01:14:00,90.39,90.41,90.41,90.4,11.05407912
2023-04-08 01:13:00,90.37,90.42,90.4,90.38,26.73583644
2023-04-08 01:12:00,90.39,90.42,90.39,90.42,28.60617855
2023-04-08 01:11:00,90.37,90.41,90.39,90.41,17.0044897
2023-04-08 01:10:00,90.35,90.4,90.35,90.4,25.55313765
2023-04-08 01:09:00,90.33,90.37,90.33,90.37,21.3862773
2023-04-08 01:08:00,90.3,90.33,90.31,90.32,41.46183555
2023-04-08 01:07:00,90.3,90.32,90.3,90.32,8.71552752
2023-04-08 01:06:00,90.28,90.36,90.36,90.3,15.21734517
2023-04-08 01:05:00,90.36,90.43,90.43,90.36,30.21405486
2023-04-08 01:04:00,90.44,90.45,90.44,90.44,41.37470526
2023-04-08 01:03:00,90.4,90.43,90.42,90.41,13.60319302
2023-04-08 01:02:00,90.4,90.45,90.45,90.42,38.64539121
2023-04-08 01:01:00,90.42,90.45,90.43,90.44,15.46323598
2023-04-08 01:00:00,90.34,90.44,90.37,90.42,74.34321673
2023-04-08 00:59:00,90.34,90.36,90.36,90.36,13.28329702
2023-04-08 00:58:00,90.33,90.37,90.37,90.36,18.27404893
2023-04-08 00:57:00,90.34,90.38,90.34,90.37,15.81385476
2023-04-08 00:56:00,90.31,90.39,90.31,90.37,32.05066052
2023-04-08 00:55:00,90.28,90.32,90.28,90.29,28.69041594
2023-04-08 00:54:00,90.29,90.31,90.3,90.3,70.46949702
2023-04-08 00:53:00,90.28,90.3,90.28,90.28,28.18871436
2023-04-08 00:52:00,90.3,90.33,90.31,90.31,27.65873066
2023-04-08 00:51:00,90.3,90.32,90.3,90.31,14.77413853
2023-04-08 00:50:00,90.28,90.35,90.35,90.3,37.97926014
2023-04-08 00:49:00,90.33,90.38,90.38,90.35,4.56440097
2023-04-08 00:48:00,90.35,90.43,90.41,90.35,78.26721662
2023-04-08 00:47:00,90.36,90.43,90.37,90.41,19.4264047
2023-04-08 00:46:00,90.34,90.38,90.35,90.37,31.15378389
2023-04-08 00:45:00,90.33,90.4,90.34,90.37,174.29427221
2023-04-08 00:44:00,90.32,90.45,90.45,90.32,16.08217881
2023-04-08 00:43:00,90.41,90.46,90.45,90.43,5.56385282
2023-04-08 00:42:00,90.43,90.5,90.5,90.43,11.50866479
2023-04-08 00:41:00,90.5,90.53,90.53,90.5,20.00613583
2023-04-08 00:40:00,90.5,90.53,90.52,90.53,10.67011518
2023-04-08 00:39:00,90.5,90.53,90.53,90.53,35.70126205
2023-04-08 00:38:00,90.52,90.59,90.59,90.54,23.28404735
2023-04-08 00:37:00,90.57,90.63,90.57,90.59,9.71011365
2023-04-08 00:36:00,90.59,90.61,90.61,90.61,31.42664203
2023-04-08 00:35:00,90.59,90.61,90.61,90.6,15.32392907
2023-04-08 00:34:00,90.59,90.66,90.65,90.61,27.84499455
2023-04-08 00:33:00,90.6,90.65,90.6,90.62,18.92064967
2023-04-08 00:32:00,90.52,90.6,90.53,90.6,43.15742059
2023-04-08 00:31:00,90.49,90.53,90.49,90.53,12.39777066
2023-04-08 00:30:00,90.48,90.52,90.52,90.49,13.78857901
2023-04-08 00:29:00,90.47,90.5,90.47,90.48,9.67840122
2023-04-08 00:28:00,90.47,90.51,90.47,90.5,10.04839099
2023-04-08 00:27:00,90.42,90.48,90.43,90.45,13.09721444
2023-04-08 00:26:00,90.4,90.45,90.4,90.44,5.68155399
2023-04-08 00:25:00,90.36,90.44,90.44,90.36,13.67354987
2023-04-08 00:24:00,90.4,90.47,90.47,90.43,15.40661183
2023-04-08 00:23:00,90.36,90.46,90.37,90.46,8.45884409
2023-04-08 00:22:00,90.37,90.45,90.45,90.37,99.86373674
2023-04-08 00:21:00,90.39,90.45,90.41,90.45,20.479828
2023-04-08 00:20:00,90.39,90.42,90.42,90.41,11.88227622
2023-04-08 00:19:00,90.4,90.44,90.43,90.43,31.52408423
2023-04-08 00:18:00,90.44,90.48,90.48,90.44,3.70450271
2023-04-08 00:17:00,90.45,90.5,90.45,90.48,15.97102961
2023-04-08 00:16:00,90.47,90.48,90.48,90.47,12.03199356
2023-04-08 00:15:00,90.49,90.52,90.5,90.49,80.33403218
2023-04-08 00:14:00,90.49,90.51,90.51,90.51,2.56152067
2023-04-08 00:13:00,90.49,90.54,90.54,90.51,58.25803385
2023-04-08 00:12:00,90.52,90.57,90.54,90.53,47.10219511
2023-04-08 00:11:00,90.54,90.58,90.58,90.54,26.92926111
2023-04-08 00:10:00,90.57,90.62,90.6,90.57,17.67970858
2023-04-08 00:09:00,90.58,90.61,90.6,90.6,11.0497173
2023-04-08 00:08:00,90.59,90.62,90.61,90.59,44.34495197
2023-04-08 00:07:00,90.6,90.64,90.64,90.62,11.92588529
2023-04-08 00:06:00,90.66,90.7,90.7,90.67,11.00566894
2023-04-08 00:05:00,90.65,90.7,90.68,90.7,18.91240195
2023-04-08 00:04:00,90.65,90.67,90.67,90.67,40.70422942
2023-04-08 00:03:00,90.64,90.69,90.67,90.64,20.74682494
2023-04-08 00:02:00,90.65,90.7,90.65,90.68,13.78264096
2023-04-08 00:01:00,90.66,90.68,90.67,90.66,21.33000639
2023-04-08 00:00:00,90.65,90.67,90.66,90.67,15.9785985
2023-04-07 23:59:00,90.67,90.69,90.67,90.69,5.87843259
2023-04-07 23:58:00,90.65,90.69,90.69,90.67,52.97273463
2023-04-07 23:57:00,90.66,90.68,90.66,90.68,16.47700643
2023-04-07 23:56:00,90.65,90.68,90.67,90.68,21.30944057
2023-04-07 23:55:00,90.66,90.69,90.66,90.66,37.86437827
2023-04-07 23:54:00,90.66,90.68,90.67,90.68,20.23678047
2023-04-07 23:53:00,90.55,90.63,90.57,90.63,172.04142168
2023-04-07 23:52:00,90.55,90.62,90.59,90.57,47.0932981
2023-04-07 23:51:00,90.57,90.59,90.59,90.59,29.83592766
2023-04-07 23:50:00,90.58,90.6,90.6,90.58,35.5182349
2023-04-07 23:49:00,90.57,90.61,90.61,90.6,24.17916017
2023-04-07 23:48:00,90.58,90.61,90.59,90.61,5.33757432
2023-04-07 23:47:00,90.6,90.69,90.67,90.61,6.46460581
2023-04-07 23:46:00,90.66,90.7,90.66,90.68,15.76428724
2023-04-07 23:45:00,90.65,90.7,90.65,90.68,34.04920182
2023-04-07 23:44:00,90.62,90.67,90.62,90.66,17.55853666
2023-04-07 23:43:00,90.63,90.66,90.66,90.64,12.53250379
2023-04-07 23:42:00,90.67,90.69,90.68,90.68,5.67561602
2023-04-07 23:41:00,90.67,90.69,90.67,90.68,3.5901134
2023-04-07 23:40:00,90.64,90.67,90.64,90.66,11.92295111
2023-04-07 23:39:00,90.64,90.68,90.66,90.66,32.6750907
2023-04-07 23:38:00,90.64,90.68,90.64,90.68,5.32226492
2023-04-07 23:37:00,90.59,90.63,90.63,90.62,30.90357868
2023-04-07 23:36:00,90.61,90.64,90.63,90.64,19.39722189
2023-04-07 23:35:00,90.58,90.64,90.62,90.64,258.85781556
2023-04-07 23:34:00,90.6,90.65,90.6,90.64,19.1416687
2023-04-07 23:33:00,90.57,90.59,90.58,90.58,13.63205944
2023-04-07 23:32:00,90.51,90.58,90.52,90.58,2.04417066
2023-04-07 23:31:00,90.5,90.52,90.5,90.51,3.71804981
2023-04-07 23:30:00,90.48,90.5,90.48,90.5,3.79856368
2023-04-07 23:29:00,90.45,90.5,90.49,90.5,9.37495728
2023-04-07 23:28:00,90.45,90.48,90.45,90.47,9.51010587
2023-04-07 23:27:00,90.49,90.52,90.51,90.49,6.65457719
2023-04-07 23:26:00,90.44,90.5,90.5,90.47,25.36027912
2023-04-07 23:25:00,90.47,90.51,90.51,90.5,31.34181503
2023-04-07 23:24:00,90.46,90.5,90.5,90.49,39.92561365
2023-04-07 23:23:00,90.5,90.54,90.52,90.5,15.21311878
2023-04-07 23:22:00,90.51,90.54,90.54,90.53,19.66814341
2023-04-07 23:21:00,90.54,90.58,90.57,90.54,29.23823523
2023-04-07 23:20:00,90.56,90.58,90.56,90.58,21.34162776
2023-04-07 23:19:00,90.53,90.56,90.56,90.55,14.21366738
2023-04-07 23:18:00,90.54,90.57,90.56,90.54,32.80678061
2023-04-07 23:17:00,90.54,90.62,90.6,90.56,17.41845656
2023-04-07 23:16:00,90.62,90.65,90.63,90.63,39.20245942
2023-04-07 23:15:00,90.62,90.65,90.63,90.63,36.67199212
2023-04-07 23:14:00,90.6,90.67,90.64,90.6,53.37980861
2023-04-07 23:13:00,90.62,90.65,90.65,90.64,24.02429155
2023-04-07 23:12:00,90.58,90.65,90.65,90.61,35.43304434
2023-04-07 23:11:00,90.63,90.66,90.65,90.66,6.38399472
2023-04-07 23:10:00,90.63,90.69,90.67,90.65,53.52241385
2023-04-07 23:09:00,90.66,90.7,90.68,90.68,22.58671647
2023-04-07 23:08:00,90.64,90.69,90.69,90.66,16.06762435
2023-04-07 23:07:00,90.66,90.74,90.66,90.72,72.11902431
2023-04-07 23:06:00,90.62,90.77,90.76,90.65,90.97997567
2023-04-07 23:05:00,90.65,90.76,90.65,90.75,32.92698031
2023-04-07 23:04:00,90.62,90.65,90.63,90.65,20.45863457
2023-04-07 23:03:00,90.63,90.65,90.63,90.63,13.95176607
2023-04-07 23:02:00,90.59,90.62,90.61,90.61,36.57963964
2023-04-07 23:01:00,90.6,90.64,90.64,90.6,21.89644461
2023-04-07 23:00:00,90.67,90.71,90.71,90.68,30.84576348
2023-04-07 22:59:00,90.65,90.71,90.66,90.7,7.03911735
2023-04-07 22:58:00,90.62,90.69,90.65,90.68,59.15626493
2023-04-07 22:57:00,90.63,90.71,90.66,90.65,60.33812967
2023-04-07 22:56:00,90.62,90.7,90.7,90.65,28.9217079
2023-04-07 22:55:00,90.63,90.7,90.63,90.69,34.64164856
2023-04-07 22:54:00,90.61,90.66,90.63,90.65,9.80160423
2023-04-07 22:53:00,90.64,90.68,90.66,90.64,18.70067555
2023-04-07 22:52:00,90.64,90.7,90.68,90.68,26.00240873
2023-04-07 22:51:00,90.58,90.7,90.62,90.68,26.99572859
2023-04-07 22:50:00,90.57,90.8,90.79,90.64,121.71033223
2023-04-07 22:49:00,90.77,90.85,90.85,90.8,68.38269671
2023-04-07 22:48:00,90.8,90.86,90.82,90.84,20.20720395
2023-04-07 22:47:00,90.74,90.85,90.74,90.82,203.38028925
2023-04-07 22:46:00,90.64,90.74,90.7,90.73,586.39475972
2023-04-07 22:45:00,90.62,90.71,90.62,90.69,670.94049572
2023-04-07 22:44:00,90.61,90.69,90.64,90.65,179.2179968
2023-04-07 22:43:00,90.4,90.65,90.4,90.63,789.57183272
2023-04-07 22:42:00,90.27,90.39,90.27,90.35,135.76446531
2023-04-07 22:41:00,90.27,90.33,90.32,90.27,66.29020751
2023-04-07 22:40:00,90.26,90.32,90.31,90.3,8.18498224
2023-04-07 22:39:00,90.23,90.31,90.23,90.31,33.92096272
2023-04-07 22:38:00,90.2,90.26,90.21,90.23,32.470065
2023-04-07 22:37:00,90.2,90.23,90.23,90.21,13.29342778
2023-04-07 22:36:00,90.19,90.23,90.21,90.21,86.84938809
2023-04-07 22:35:00,90.2,90.23,90.2,90.21,30.31473546
2023-04-07 22:34:00,90.19,90.22,90.21,90.2,15.13443327
2023-04-07 22:33:00,90.19,90.22,90.22,90.21,21.19693832
2023-04-07 22:32:00,90.19,90.22,90.21,90.2,12.12223133
2023-04-07 22:31:00,90.17,90.19,90.19,90.19,51.73733475
2023-04-07 22:30:00,90.15,90.17,90.16,90.17,28.13088897
2023-04-07 22:29:00,90.14,90.16,90.15,90.16,12.40091481
2023-04-07 22:28:00,90.14,90.15,90.14,90.15,19.31853711
2023-04-07 22:27:00,90.14,90.15,90.14,90.15,15.38091088
2023-04-07 22:26:00,90.12,90.14,90.14,90.14,55.42969214
2023-04-07 22:25:00,90.11,90.14,90.12,90.12,20.25077424
2023-04-07 22:24:00,90.1,90.12,90.1,90.1,23.44936705
2023-04-07 22:23:00,90.08,90.1,90.08,90.08,16.19176718
2023-04-07 22:22:00,90.08,90.1,90.09,90.09,23.94405802
2023-04-07 22:21:00,90.07,90.09,90.09,90.07,20.76737959
2023-04-07 22:20:00,90.05,90.09,90.05,90.06,34.69000893
2023-04-07 22:19:00,90.05,90.1,90.09,90.09,19.8809989
2023-04-07 22:18:00,90.05,90.09,90.09,90.09,19.05679618
2023-04-07 22:17:00,90.04,90.09,90.09,90.09,5.94253273
2023-04-07 22:16:00,90.04,90.09,90.08,90.08,23.77510632
2023-04-07 22:15:00,90.04,90.09,90.08,90.04,25.02050993
2023-04-07 22:14:00,90.04,90.08,90.07,90.07,18.63728547
2023-04-07 22:13:00,90.04,90.1,90.1,90.07,14.74579888
2023-04-07 22:12:00,90.06,90.1,90.09,90.1,22.25814829
2023-04-07 22:11:00,90.05,90.12,90.1,90.1,18.72153418
2023-04-07 22:10:00,90.05,90.1,90.06,90.1,9.07598623
2023-04-07 22:09:00,90.05,90.11,90.11,90.08,27.57587451
2023-04-07 22:08:00,90.06,90.11,90.1,90.11,10.08732758
2023-04-07 22:07:00,90.06,90.13,90.13,90.06,8.7238362
2023-04-07 22:06:00,90.09,90.18,90.18,90.13,17.83348393
2023-04-07 22:05:00,90.14,90.19,90.15,90.19,36.75279493
2023-04-07 22:04:00,90.14,90.18,90.14,90.18,18.26083691
2023-04-07 22:03:00,90.13,90.18,90.13,90.18,14.6578041
2023-04-07 22:02:00,90.08,90.15,90.11,90.15,17.29779789
2023-04-07 22:01:00,90.09,90.12,90.1,90.12,29.98630205
2023-04-07 22:00:00,90.06,90.11,90.06,90.1,125.37570218
2023-04-07 21:59:00,90.04,90.06,90.05,90.04,26.20428169
2023-04-07 21:58:00,90.04,90.06,90.05,90.06,5.73410353
2023-04-07 21:57:00,90.04,90.08,90.08,90.06,8.7183843
2023-04-07 21:56:00,90.04,90.08,90.08,90.04,14.76018837
2023-04-07 21:55:00,90.03,90.08,90.07,90.08,4.61094783
2023-04-07 21:54:00,90.03,90.07,90.06,90.07,6.13678157
2023-04-07 21:53:00,90.01,90.06,90.04,90.02,8.87729349
2023-04-07 21:52:00,90.0,90.05,90.01,90.05,44.40602431
2023-04-07 21:51:00,90.01,90.05,90.05,90.01,31.59854053
2023-04-07 21:50:00,90.02,90.06,90.04,90.05,17.28448143
2023-04-07 21:49:00,90.03,90.05,90.05,90.05,14.36025303
2023-04-07 21:48:00,90.02,90.07,90.07,90.06,40.54155721
2023-04-07 21:47:00,90.04,90.08,90.08,90.06,24.23769918
2023-04-07 21:46:00,90.04,90.07,90.05,90.07,7.9817646
2023-04-07 21:45:00,90.04,90.08,90.08,90.05,32.1929489
2023-04-07 21:44:00,90.04,90.09,90.08,90.08,139.3611142
2023-04-07 21:43:00,90.04,90.09,90.09,90.09,9.97114501
2023-04-07 21:42:00,90.05,90.09,90.08,90.05,8.67055404
2023-04-07 21:41:00,90.04,90.09,90.05,90.08,12.78528125
2023-04-07 21:40:00,90.05,90.09,90.09,90.05,10.41697152
2023-04-07 21:39:00,90.05,90.1,90.09,90.09,18.32530602
2023-04-07 21:38:00,90.05,90.1,90.07,90.09,29.89986264
2023-04-07 21:37:00,90.05,90.09,90.05,90.08,21.45068816
2023-04-07 21:36:00,90.08,90.11,90.11,90.08,27.46986425
2023-04-07 21:35:00,90.1,90.13,90.13,90.1,6.68526342
2023-04-07 21:34:00,90.1,90.13,90.11,90.13,10.57560447
2023-04-07 21:33:00,90.08,90.15,90.11,90.13,24.06886183
2023-04-07 21:32:00,90.13,90.14,90.14,90.13,4.30056723
2023-04-07 21:31:00,90.11,90.15,90.15,90.11,10.69356635
2023-04-07 21:30:00,90.11,90.15,90.14,90.14,10.33821195
2023-04-07 21:29:00,90.11,90.21,90.2,90.15,95.49635913
2023-04-07 21:28:00,90.15,90.21,90.16,90.17,27.11446385
2023-04-07 21:27:00,90.16,90.19,90.17,90.18,22.63525361
2023-04-07 21:26:00,90.17,90.23,90.23,90.19,7.16510635
2023-04-07 21:25:00,90.17,90.25,90.24,90.23,466.63404876
2023-04-07 21:24:00,90.25,90.28,90.28,90.25,4.81903342
2023-04-07 21:23:00,90.26,90.29,90.28,90.28,11.70885754
2023-04-07 21:22:00,90.26,90.29,90.28,90.28,37.94824639
2023-04-07 21:21:00,90.26,90.29,90.26,90.28,5.35424124
2023-04-07 21:20:00,90.26,90.29,90.27,90.27,11.85494507
2023-04-07 21:19:00,90.27,90.3,90.29,90.27,19.21020886
2023-04-07 21:18:00,90.26,90.29,90.26,90.27,17.19391384
2023-04-07 21:17:00,90.22,90.27,90.22,90.26,57.93276551
2023-04-07 21:16:00,90.19,90.22,90.21,90.21,24.71603339
2023-04-07 21:15:00,90.18,90.21,90.2,90.2,53.52243425
2023-04-07 21:14:00,90.12,90.2,90.12,90.2,67.58086699
2023-04-07 21:13:00,90.11,90.12,90.12,90.12,10.20591045
2023-04-07 21:12:00,90.1,90.12,90.1,90.12,23.7325888
2023-04-07 21:11:00,90.11,90.11,90.11,90.11,9.02733945
2023-04-07 21:10:00,90.1,90.11,90.11,90.11,31.23010419
2023-04-07 21:09:00,90.1,90.11,90.1,90.1,15.62340226
2023-04-07 21:08:00,90.06,90.11,90.06,90.1,17.72556832
2023-04-07 21:07:00,90.04,90.07,90.07,90.06,44.00822058
2023-04-07 21:06:00,90.04,90.07,90.07,90.07,25.44408869
2023-04-07 21:05:00,90.05,90.12,90.12,90.06,106.15219616
2023-04-07 21:04:00,90.1,90.12,90.1,90.1,22.01726223
2023-04-07 21:03:00,90.08,90.11,90.08,90.1,8.25747633
2023-04-07 21:02:00,90.05,90.09,90.05,90.08,16.35729576
2023-04-07 21:01:00,90.05,90.07,90.06,90.07,21.33775263
2023-04-07 21:00:00,90.04,90.06,90.06,90.06,53.17614552
2023-04-07 20:59:00,90.06,90.1,90.07,90.06,34.80067436
2023-04-07 20:58:00,90.04,90.08,90.07,90.08,17.69520981
2023-04-07 20:57:00,90.07,90.08,90.08,90.07,15.16479722
2023-04-07 20:56:00,90.04,90.09,90.07,90.08,17.7317648
2023-04-07 20:55:00,90.01,90.07,90.05,90.05,71.31638939
2023-04-07 20:54:00,90.04,90.08,90.08,90.05,62.7982455
2023-04-07 20:53:00,90.06,90.16,90.15,90.06,111.06521173
2023-04-07 20:52:00,90.08,90.17,90.12,90.16,17.09429522
2023-04-07 20:51:00,90.09,90.16,90.14,90.11,16.6431352
2023-04-07 20:50:00,90.14,90.19,90.19,90.14,73.13838418
2023-04-07 20:49:00,90.18,90.21,90.19,90.18,43.34899021
2023-04-07 20:48:00,90.17,90.21,90.2,90.19,71.95872378
2023-04-07 20:47:00,90.2,90.22,90.21,90.22,12.25540403
2023-04-07 20:46:00,90.19,90.21,90.2,90.2,14.87663392
2023-04-07 20:45:00,90.17,90.22,90.19,90.22,56.79121356
2023-04-07 20:44:00,90.16,90.19,90.17,90.18,26.92749047
2023-04-07 20:43:00,90.16,90.18,90.17,90.16,4.72181749
2023-04-07 20:42:00,90.17,90.2,90.2,90.17,23.42543709
2023-04-07 20:41:00,90.13,90.28,90.28,90.19,562.38499801
2023-04-07 20:40:00,90.24,90.28,90.26,90.28,16.58291307
2023-04-07 20:39:00,90.24,90.26,90.25,90.24,7.02330228
2023-04-07 20:38:00,90.22,90.25,90.23,90.25,12.20253112
2023-04-07 20:37:00,90.18,90.24,90.18,90.22,20.63776237
2023-04-07 20:36:00,90.18,90.23,90.23,90.18,38.4275384
2023-04-07 20:35:00,90.21,90.24,90.21,90.23,16.02316631
2023-04-07 20:34:00,90.18,90.23,90.18,90.23,13.8529627
2023-04-07 20:33:00,90.18,90.23,90.2,90.2,77.67553038
2023-04-07 20:32:00,90.19,90.21,90.19,90.2,19.05691889
2023-04-07 20:31:00,90.18,90.28,90.28,90.2,33.67060067
2023-04-07 20:30:00,90.23,90.28,90.23,90.28,28.35819957
2023-04-08 06:30:00,91.28,91.39,91.28,91.39,16.54421645
2023-04-08 06:29:00,91.28,91.39,91.39,91.3,175.23312734
2023-04-08 06:28:00,91.4,91.5,91.48,91.4,211.17813237
2023-04-08 06:27:00,91.41,91.47,91.41,91.43,41.34504401
2023-04-08 06:26:00,91.27,91.39,91.28,91.39,318.85511357
2023-04-08 06:25:00,91.21,91.29,91.21,91.26,176.84752974
2023-04-08 06:24:00,91.14,91.21,91.15,91.21,64.36830521
2023-04-08 06:23:00,91.07,91.15,91.07,91.15,184.41306306
2023-04-08 06:22:00,91.06,91.09,91.06,91.08,10.9966398
2023-04-08 06:21:00,91.05,91.07,91.07,91.06,13.29608861
2023-04-08 06:20:00,91.06,91.08,91.06,91.08,15.52226633
2023-04-08 06:19:00,91.01,91.08,91.01,91.08,12.68456435
2023-04-08 06:18:00,90.99,91.02,91.02,91.01,14.93123823
2023-04-08 06:17:00,91.0,91.06,91.06,91.02,4.14033666
2023-04-08 06:16:00,91.05,91.07,91.07,91.06,7.18625723
2023-04-08 06:15:00,91.09,91.14,91.14,91.09,11.52562937
2023-04-08 06:14:00,91.09,91.11,91.09,91.1,35.28940962
2023-04-08 06:13:00,91.13,91.15,91.15,91.13,20.32484709
2023-04-08 06:12:00,91.11,91.14,91.13,91.14,44.32257574
2023-04-08 06:11:00,91.11,91.15,91.15,91.11,9.10055969
2023-04-08 06:10:00,91.12,91.19,91.18,91.16,121.52578588
2023-04-08 06:09:00,91.13,91.19,91.15,91.19,145.57737025
2023-04-08 06:08:00,91.13,91.16,91.16,91.15,11.34947542
2023-04-08 06:07:00,91.14,91.16,91.15,91.14,7.46628011
2023-04-08 06:06:00,91.14,91.15,91.14,91.15,10.3394769
2023-04-08 06:05:00,91.11,91.16,91.12,91.13,302.47237503
2023-04-08 06:04:00,91.08,91.16,91.1,91.15,34.89365646
2023-04-08 06:03:00,91.1,91.17,91.1,91.14,70.09129406
2023-04-08 06:02:00,91.03,91.11,91.03,91.09,26.80177006
2023-04-08 06:01:00,91.03,91.06,91.06,91.04,4.95437937
2023-04-08 06:00:00,91.05,91.16,91.15,91.05,107.92613436
2023-04-08 05:59:00,91.04,91.15,91.07,91.15,153.97399153
2023-04-08 05:58:00,91.04,91.14,91.1,91.07,239.69768792
2023-04-08 05:57:00,90.98,91.08,91.0,91.08,513.30321083
2023-04-08 05:56:00,90.87,90.99,90.87,90.99,66.28340644
2023-04-08 05:55:00,90.84,90.92,90.84,90.88,337.91834864
2023-04-08 05:54:00,90.81,90.87,90.83,90.85,42.508048
2023-04-08 05:53:00,90.81,90.84,90.82,90.83,21.548651
2023-04-08 05:52:00,90.82,90.87,90.85,90.82,57.69680664
2023-04-08 05:51:00,90.84,90.87,90.86,90.86,55.39013515
2023-04-08 05:50:00,90.85,90.87,90.86,90.87,37.77323804
2023-04-08 05:49:00,90.84,90.88,90.84,90.84,820.94739655
2023-04-08 05:48:00,90.83,90.85,90.85,90.85,612.03956689
2023-04-08 05:47:00,90.79,90.85,90.85,90.83,225.09831556
2023-04-08 05:46:00,90.81,90.85,90.83,90.85,15.70392177
2023-04-08 05:45:00,90.84,90.85,90.84,90.84,4.33182647
2023-04-08 05:44:00,90.83,90.85,90.84,90.85,43.79146867
2023-04-08 05:43:00,90.8,90.85,90.81,90.85,87.84473959
2023-04-08 05:42:00,90.81,90.85,90.85,90.81,6.47907694
2023-04-08 05:41:00,90.83,90.85,90.85,90.84,8.86775525
2023-04-08 05:40:00,90.81,90.84,90.81,90.82,2.88888896
2023-04-08 05:39:00,90.8,90.83,90.83,90.8,22.47648867
2023-04-08 05:38:00,90.82,90.83,90.82,90.83,1.9615477
2023-04-08 05:37:00,90.79,90.82,90.81,90.82,17.70645948
2023-04-08 05:36:00,90.81,90.84,90.84,90.81,9.39022768
2023-04-08 05:35:00,90.8,90.85,90.82,90.81,112.68397142
2023-04-08 05:34:00,90.78,90.82,90.78,90.8,13.78836472
2023-04-08 05:33:00,90.73,90.78,90.73,90.78,3.82522518
2023-04-08 05:32:00,90.73,90.73,90.73,90.73,2.83309599
2023-04-08 05:31:00,90.73,90.73,90.73,90.73,5.49518144
2023-04-08 05:30:00,90.65,90.71,90.65,90.7,6.56799298
2023-04-08 05:29:00,90.65,90.68,90.68,90.67,9.44427483
2023-04-08 05:28:00,90.67,90.7,90.67,90.68,4.40057882
2023-04-08 05:27:00,90.68,90.69,90.69,90.69,1.90963502
2023-04-08 05:26:00,90.68,90.7,90.69,90.69,2.69569607
2023-04-08 05:25:00,90.64,90.68,90.64,90.68,38.20875826
2023-04-08 05:24:00,90.66,90.68,90.68,90.66,4.20839961
2023-04-08 05:23:00,90.69,90.82,90.82,90.69,47.83302064
2023-04-08 05:22:00,90.8,90.82,90.8,90.82,2.82169305
2023-04-08 05:21:00,90.76,90.82,90.76,90.8,42.82760629
2023-04-08 05:20:00,90.74,90.79,90.74,90.78,30.60670472
2023-04-08 05:19:00,90.74,90.76,90.76,90.74,6.61510404
2023-04-08 05:18:00,90.74,90.77,90.77,90.76,11.22892688
2023-04-08 05:17:00,90.72,90.77,90.76,90.74,21.31771244
2023-04-08 05:16:00,90.75,90.78,90.78,90.77,9.3432103
2023-04-08 05:15:00,90.75,90.78,90.77,90.78,7.26955677
2023-04-08 05:14:00,90.75,90.78,90.75,90.78,6.52247167
2023-04-08 05:13:00,90.73,90.74,90.73,90.74,21.53127321
2023-04-08 05:12:00,90.72,90.77,90.72,90.75,12.05357773
2023-04-08 05:11:00,90.71,90.73,90.73,90.71,14.97077579
2023-04-08 05:10:00,90.72,90.74,90.72,90.73,27.05674741
2023-04-08 05:09:00,90.73,90.74,90.74,90.73,31.37055444
2023-04-08 05:08:00,90.69,90.75,90.7,90.75,41.68757639
2023-04-08 05:07:00,90.68,90.7,90.69,90.69,7.60519207
2023-04-08 05:06:00,90.69,90.73,90.73,90.69,54.41965114
2023-04-08 05:05:00,90.64,90.72,90.64,90.72,36.47380121
2023-04-08 05:04:00,90.63,90.64,90.64,90.64,6.4241026
2023-04-08 05:03:00,90.6,90.63,90.63,90.62,39.8672024
2023-04-08 05:02:00,90.57,90.63,90.59,90.63,33.81008136
2023-04-08 05:01:00,90.58,90.6,90.6,90.59,5.30916667
2023-04-08 05:00:00,90.54,90.6,90.59,90.6,163.24544234
2023-04-08 04:59:00,90.58,90.6,90.59,90.6,15.24944994
2023-04-08 04:58:00,90.58,90.62,90.6,90.58,18.29341375
2023-04-08 04:57:00,90.58,90.65,90.64,90.62,2.52020623
2023-04-08 04:56:00,90.62,90.65,90.63,90.65,11.73967683
2023-04-08 04:55:00,90.63,90.64,90.63,90.64,35.26321078
2023-04-08 04:54:00,90.57,90.65,90.59,90.65,28.57602002
2023-04-08 04:53:00,90.56,90.58,90.58,90.58,69.77236537
2023-04-08 04:52:00,90.56,90.58,90.56,90.56,6.77997751
2023-04-08 04:51:00,90.56,90.59,90.58,90.58,10.81071581
2023-04-08 04:50:00,90.58,90.59,90.58,90.58,64.82776194
2023-04-08 04:49:00,90.57,90.59,90.59,90.57,10.96053464
2023-04-08 04:48:00,90.58,90.59,90.58,90.59,1.68947111
2023-04-08 04:47:00,90.58,90.6,90.58,90.59,15.83386097
2023-04-08 04:46:00,90.55,90.58,90.57,90.56,3.28679304
2023-04-08 04:45:00,90.56,90.59,90.59,90.57,13.36483015
2023-04-08 04:44:00,90.55,90.59,90.55,90.59,33.02085041
2023-04-08 04:43:00,90.55,90.57,90.57,90.55,11.72539596
2023-04-08 04:42:00,90.57,90.57,90.57,90.57,3.96561278
2023-04-08 04:41:00,90.57,90.6,90.6,90.57,32.57004827
2023-04-08 04:40:00,90.57,90.6,90.57,90.6,371.04603304
2023-04-08 04:39:00,90.56,90.59,90.59,90.57,11.00007171
2023-04-08 04:38:00,90.52,90.6,90.56,90.59,67.0511131
2023-04-08 04:37:00,90.57,90.61,90.59,90.58,37.0658037
2023-04-08 04:36:00,90.57,90.63,90.61,90.57,83.32944023
2023-04-08 04:35:00,90.62,90.65,90.65,90.62,42.10650808
2023-04-08 04:34:00,90.63,90.66,90.66,90.65,11.75978692
2023-04-08 04:33:00,90.64,90.66,90.65,90.64,5.04750049
2023-04-08 04:32:00,90.64,90.66,90.66,90.65,2.98259875
2023-04-08 04:31:00,90.67,90.69,90.68,90.67,10.65500673
2023-04-08 04:30:00,90.66,90.69,90.69,90.68,16.07569241
2023-04-08 04:29:00,90.66,90.69,90.67,90.69,9.11019031
2023-04-08 04:28:00,90.66,90.68,90.68,90.66,4.38154382
2023-04-08 04:27:00,90.65,90.75,90.75,90.67,463.06182706
2023-04-08 04:26:00,90.72,90.77,90.72,90.76,24.92707268
2023-04-08 04:25:00,90.73,90.78,90.76,90.73,13.76927844
2023-04-08 04:24:00,90.71,90.79,90.71,90.79,57.07595962
2023-04-08 04:23:00,90.7,90.73,90.71,90.72,47.44889403
2023-04-08 04:22:00,90.65,90.72,90.65,90.71,12.449479
2023-04-08 04:21:00,90.65,90.68,90.67,90.65,13.18969501
2023-04-08 04:20:00,90.66,90.68,90.66,90.68,1.09769764
2023-04-08 04:19:00,90.66,90.7,90.7,90.66,76.661669
2023-04-08 04:18:00,90.7,90.78,90.78,90.7,10.48924694
2023-04-08 04:17:00,90.75,90.78,90.76,90.75,65.60824006
2023-04-08 04:16:00,90.76,90.85,90.84,90.76,26.49434319
2023-04-08 04:15:00,90.83,90.85,90.83,90.84,46.49780084
2023-04-08 04:14:00,90.8,90.86,90.83,90.85,8.47802145
2023-04-08 04:13:00,90.79,90.85,90.8,90.82,50.3075891
2023-04-08 04:12:00,90.82,90.85,90.83,90.82,12.99399277
2023-04-08 04:11:00,90.83,90.85,90.85,90.83,7.71331194
2023-04-08 04:10:00,90.8,90.83,90.81,90.83,16.93308113
2023-04-08 04:09:00,90.8,90.82,90.82,90.82,18.66437122
2023-04-08 04:08:00,90.79,90.82,90.81,90.82,67.72193083
2023-04-08 04:07:00,90.8,90.81,90.8,90.8,39.75265873
2023-04-08 04:06:00,90.8,90.82,90.8,90.81,7.92424836
2023-04-08 04:05:00,90.78,90.81,90.81,90.8,26.93713907
2023-04-08 04:04:00,90.78,90.81,90.8,90.81,43.2723914
2023-04-08 04:03:00,90.8,90.82,90.82,90.81,7.51928552
2023-04-08 04:02:00,90.77,90.82,90.82,90.82,42.86758986
2023-04-08 04:01:00,90.81,90.85,90.84,90.81,13.9735748
2023-04-08 04:00:00,90.84,90.87,90.85,90.84,8.80953874
2023-04-08 03:59:00,90.82,90.85,90.82,90.85,6.4601887
2023-04-08 03:58:00,90.81,90.83,90.81,90.82,11.58586944
2023-04-08 03:57:00,90.8,90.84,90.84,90.82,29.61221794
2023-04-08 03:56:00,90.82,90.84,90.83,90.83,39.06365152
2023-04-08 03:55:00,90.8,90.85,90.84,90.83,165.29878819
2023-04-08 03:54:00,90.83,90.88,90.88,90.86,169.6947928
2023-04-08 03:53:00,90.86,90.88,90.86,90.88,41.53775274
2023-04-08 03:52:00,90.85,90.86,90.85,90.86,10.54266637
2023-04-08 03:51:00,90.83,90.85,90.84,90.85,4.38903927
2023-04-08 03:50:00,90.79,90.84,90.81,90.84,21.36178157
2023-04-08 03:49:00,90.76,90.81,90.76,90.81,54.73516457
2023-04-08 03:48:00,90.76,90.8,90.8,90.78,4.90130617
2023-04-08 03:47:00,90.79,90.8,90.8,90.79,11.56308537
2023-04-08 03:46:00,90.79,90.81,90.81,90.79,25.77250422
2023-04-08 03:45:00,90.78,90.81,90.79,90.8,14.73722252
2023-04-08 03:44:00,90.76,90.78,90.77,90.77,9.09436172
2023-04-08 03:43:00,90.76,90.8,90.8,90.76,1.90976562
2023-04-08 03:42:00,90.8,90.84,90.8,90.8,5.63755985
2023-04-08 03:41:00,90.76,90.8,90.76,90.8,3.75373614
2023-04-08 03:40:00,90.73,90.77,90.75,90.76,23.96569079
2023-04-08 03:39:00,90.73,90.77,90.76,90.75,22.81885592
2023-04-08 03:38:00,90.68,90.82,90.82,90.69,73.49390089
2023-04-08 03:37:00,90.81,90.87,90.84,90.81,40.61672958
2023-04-08 03:36:00,90.84,90.86,90.86,90.85,16.04838953
2023-04-08 03:35:00,90.81,90.86,90.81,90.85,4.5259411
2023-04-08 03:34:00,90.82,90.85,90.82,90.84,48.82187238
2023-04-08 03:33:00,90.8,90.84,90.83,90.83,35.0931743
2023-04-08 03:32:00,90.8,90.84,90.83,90.83,14.25040063
2023-04-08 03:31:00,90.8,90.85,90.83,90.81,69.10799346
2023-04-08 03:30:00,90.78,90.87,90.87,90.85,38.37758136
2023-04-08 03:29:00,90.8,90.87,90.82,90.86,27.39760242
2023-04-08 03:28:00,90.76,90.86,90.77,90.85,177.79158614
2023-04-08 03:27:00,90.76,90.79,90.79,90.77,22.78412732
2023-04-08 03:26:00,90.76,90.79,90.76,90.78,8.74916948
2023-04-08 03:25:00,90.74,90.81,90.79,90.79,62.63851036
2023-04-08 03:24:00,90.78,90.8,90.8,90.78,16.6128631
2023-04-08 03:23:00,90.74,90.76,90.75,90.75,21.69214767
2023-04-08 03:22:00,90.72,90.75,90.74,90.72,17.38340094
2023-04-08 03:21:00,90.67,90.7,90.67,90.68,49.95268272
2023-04-08 03:20:00,90.63,90.67,90.64,90.67,3.97518467
2023-04-08 03:19:00,90.6,90.64,90.62,90.64,29.07344556
2023-04-08 03:18:00,90.61,90.67,90.67,90.61,24.15653971
2023-04-08 03:17:00,90.65,90.68,90.68,90.67,6.75405357
2023-04-08 03:16:00,90.65,90.7,90.65,90.68,61.53301544
2023-04-08 03:15:00,90.64,90.68,90.67,90.65,44.11402124
2023-04-08 03:14:00,90.71,90.82,90.82,90.71,67.73648081
2023-04-08 03:13:00,90.67,90.78,90.69,90.78,119.67563809
2023-04-08 03:12:00,90.63,90.67,90.64,90.67,27.01921419
2023-04-08 03:11:00,90.62,90.66,90.63,90.66,127.66181067
2023-04-08 03:10:00,90.56,90.62,90.56,90.62,190.22493475
2023-04-08 03:09:00,90.57,90.61,90.6,90.57,12.8239076
2023-04-08 03:08:00,90.56,90.6,90.6,90.57,18.63587932
2023-04-08 03:07:00,90.56,90.6,90.56,90.6,6.64810949
2023-04-08 03:06:00,90.57,90.6,90.57,90.57,5.28619736
2023-04-08 03:05:00,90.55,90.58,90.55,90.57,16.29522336
2023-04-08 03:04:00,90.56,90.58,90.57,90.56,9.26810448
2023-04-08 03:03:00,90.49,90.58,90.49,90.55,7.45880991
2023-04-08 03:02:00,90.46,90.53,90.51,90.49,26.20345902
2023-04-08 03:01:00,90.45,90.55,90.48,90.54,11.18253449
2023-04-08 03:00:00,90.44,90.54,90.52,90.47,124.21562961
2023-04-08 02:59:00,90.47,90.55,90.48,90.54,203.6863674
2023-04-08 02:58:00,90.42,90.47,90.44,90.46,9.06092983
2023-04-08 02:57:00,90.39,90.44,90.42,90.42,14.30826637
2023-04-08 02:56:00,90.42,90.44,90.42,90.44,7.88633303
2023-04-08 02:55:00,90.39,90.43,90.43,90.42,95.9841382
2023-04-08 02:54:00,90.36,90.45,90.36,90.45,38.00864149
2023-04-08 02:53:00,90.36,90.38,90.37,90.38,17.98873053
2023-04-08 02:52:00,90.33,90.38,90.33,90.37,65.56765698
2023-04-08 02:51:00,90.31,90.38,90.31,90.33,35.07432108
2023-04-08 02:50:00,90.28,90.34,90.29,90.34,24.04858764
2023-04-08 02:49:00,90.26,90.29,90.29,90.29,16.85924486
2023-04-08 02:48:00,90.25,90.28,90.25,90.28,10.63267305
2023-04-08 02:47:00,90.24,90.34,90.28,90.25,220.08811054
2023-04-08 02:46:00,90.25,90.29,90.28,90.28,28.27654438
2023-04-08 02:45:00,90.24,90.3,90.24,90.27,80.46436121
2023-04-08 02:44:00,90.26,90.32,90.32,90.26,69.16575434
2023-04-08 02:43:00,90.29,90.37,90.31,90.34,44.94865931
2023-04-08 02:42:00,90.31,90.35,90.32,90.31,10.86435748
2023-04-08 02:41:00,90.29,90.35,90.29,90.33,18.26121006
2023-04-08 02:40:00,90.26,90.31,90.28,90.31,20.8115705
2023-04-08 02:39:00,90.27,90.32,90.32,90.29,8.64803779
2023-04-08 02:38:00,90.24,90.29,90.24,90.29,11.7452004
2023-04-08 02:37:00,90.24,90.36,90.35,90.24,36.99410924
2023-04-08 02:36:00,90.34,90.37,90.36,90.35,4.86782084
2023-04-08 02:35:00,90.34,90.41,90.41,90.36,11.19944889
2023-04-08 02:34:00,90.42,90.52,90.52,90.42,66.00490779
2023-04-08 02:33:00,90.47,90.52,90.48,90.52,5.19544024
2023-04-08 02:32:00,90.44,90.48,90.45,90.48,23.0758066
2023-04-08 02:31:00,90.39,90.45,90.45,90.45,87.54899356
2023-04-08 02:30:00,90.45,90.47,90.47,90.45,42.03349487
2023-04-08 02:29:00,90.46,90.48,90.46,90.47,21.4012517
2023-04-08 02:28:00,90.45,90.47,90.45,90.45,7.464404
2023-04-08 02:27:00,90.43,90.45,90.43,90.45,11.08139246
2023-04-08 02:26:00,90.39,90.41,90.41,90.41,17.0550389
2023-04-08 02:25:00,90.33,90.41,90.34,90.41,41.35514868
2023-04-08 02:24:00,90.31,90.34,90.32,90.34,3.67154651
2023-04-08 02:23:00,90.31,90.34,90.32,90.34,8.83349644
2023-04-08 02:22:00,90.28,90.33,90.32,90.33,30.94100118
2023-04-08 02:21:00,90.29,90.33,90.29,90.32,42.91227206
2023-04-08 02:20:00,90.29,90.33,90.31,90.31,16.19219685
2023-04-08 02:19:00,90.31,90.33,90.32,90.31,5.99999302
2023-04-08 02:18:00,90.28,90.32,90.3,90.32,7.84609821
2023-04-08 02:17:00,90.28,90.31,90.28,90.3,12.50742654
2023-04-08 02:16:00,90.27,90.33,90.31,90.29,70.37405703
2023-04-08 02:15:00,90.29,90.31,90.29,90.31,42.09391523
2023-04-08 02:14:00,90.29,90.31,90.29,90.31,49.63192006
2023-04-08 02:13:00,90.3,90.31,90.3,90.31,32.44203387
2023-04-08 02:12:00,90.27,90.3,90.3,90.3,24.86863128
2023-04-08 02:11:00,90.27,90.31,90.27,90.31,37.97977193
2023-04-08 02:10:00,90.27,90.3,90.29,90.29,17.90860682
2023-04-08 02:09:00,90.26,90.29,90.27,90.27,26.7530441
2023-04-08 02:08:00,90.26,90.29,90.29,90.28,6.27536234
2023-04-08 02:07:00,90.26,90.33,90.32,90.29,31.23340108
2023-04-08 02:06:00,90.27,90.34,90.29,90.34,6.40679243
2023-04-08 02:05:00,90.31,90.32,90.32,90.31,10.97749663
2023-04-08 02:04:00,90.29,90.32,90.32,90.32,13.35806577
2023-04-08 02:03:00,90.32,90.34,90.34,90.32,11.53873382
2023-04-08 02:02:00,90.29,90.34,90.32,90.34,9.65169314
2023-04-08 02:01:00,90.32,90.41,90.4,90.32,95.94195937
2023-04-08 02:00:00,90.37,90.4,90.37,90.4,0.66126401
2023-04-08 01:59:00,90.38,90.4,90.4,90.38,2.03182428
2023-04-08 01:58:00,90.41,90.49,90.49,90.41,64.34375921
2023-04-08 01:57:00,90.42,90.49,90.43,90.48,77.1565824
2023-04-08 01:56:00,90.43,90.46,90.46,90.46,7.06114083
2023-04-08 01:55:00,90.36,90.45,90.36,90.45,18.42295521
2023-04-08 01:54:00,90.36,90.5,90.5,90.38,90.49833489
2023-04-08 01:53:00,90.41,90.51,90.41,90.49,83.70588911
2023-04-08 01:52:00,90.36,90.42,90.36,90.41,37.5224913
2023-04-08 01:51:00,90.29,90.39,90.29,90.37,105.89733531
2023-04-08 01:50:00,90.23,90.31,90.29,90.29,53.23797313
2023-04-08 01:49:00,90.3,90.38,90.38,90.3,25.6914651
2023-04-08 01:48:00,90.38,90.45,90.45,90.38,56.7747188
2023-04-08 01:47:00,90.44,90.54,90.53,90.45,206.21466885
2023-04-08 01:46:00,90.5,90.58,90.56,90.53,8.25830859
2023-04-08 01:45:00,90.55,90.61,90.56,90.55,144.87616692
2023-04-08 01:44:00,90.57,90.59,90.58,90.58,51.63069287
2023-04-08 01:43:00,90.52,90.58,90.54,90.56,34.05606915
2023-04-08 01:42:00,90.52,90.58,90.56,90.53,10.18016811
2023-04-08 01:41:00,90.56,90.59,90.58,90.59,17.62462654
2023-04-08 01:40:00,90.55,90.59,90.58,90.58,15.94926846
2023-04-08 01:39:00,90.54,90.57,90.54,90.57,10.88010847
2023-04-08 01:38:00,90.51,90.54,90.54,90.54,2.20588691
2023-04-08 01:37:00,90.52,90.65,90.64,90.52,66.01369776
2023-04-08 01:36:00,90.61,90.65,90.61,90.63,40.01064769
2023-04-08 01:35:00,90.54,90.58,90.56,90.58,12.35445837
2023-04-08 01:34:00,90.52,90.56,90.55,90.56,13.49224131
2023-04-08 01:33:00,90.52,90.55,90.55,90.53,27.02025576
2023-04-08 01:32:00,90.5,90.54,90.51,90.52,25.72018368
2023-04-08 01:31:00,90.44,90.52,90.44,90.51,123.95781654
2023-04-08 01:30:00,90.39,90.47,90.39,90.44,101.05784418
2023-04-08 11:30:00,90.66,90.72,90.68,90.68,80.16517172
2023-04-08 11:29:00,90.69,90.7,90.7,90.7,3.09419093
2023-04-08 11:28:00,90.69,90.69,90.69,90.69,0.2839557
2023-04-08 11:27:00,90.68,90.69,90.68,90.69,1.06068998
2023-04-08 11:26:00,90.67,90.69,90.68,90.68,1.85013007
2023-04-08 11:25:00,90.61,90.68,90.64,90.68,10.73092167
2023-04-08 11:24:00,90.62,90.68,90.68,90.62,21.75070979
2023-04-08 11:23:00,90.67,90.69,90.68,90.68,24.11033013
2023-04-08 11:22:00,90.67,90.69,90.68,90.67,6.0613614
2023-04-08 11:21:00,90.65,90.67,90.66,90.65,3.47694498
2023-04-08 11:20:00,90.65,90.67,90.67,90.67,12.70625241
2023-04-08 11:19:00,90.65,90.67,90.65,90.66,24.14317145
2023-04-08 11:18:00,90.65,90.69,90.65,90.67,3.59938338
2023-04-08 11:17:00,90.65,90.67,90.65,90.65,0.55442881
2023-04-08 11:16:00,90.64,90.69,90.67,90.64,15.85924018
2023-04-08 11:15:00,90.65,90.69,90.68,90.69,4.02075387
2023-04-08 11:14:00,90.68,90.69,90.69,90.69,9.05038675
2023-04-08 11:13:00,90.68,90.72,90.72,90.69,2.74221267
2023-04-08 11:12:00,90.69,90.73,90.73,90.72,3.88251281
2023-04-08 11:11:00,90.66,90.71,90.67,90.71,30.3825364
2023-04-08 11:10:00,90.64,90.67,90.64,90.67,6.93410335
2023-04-08 11:09:00,90.62,90.64,90.62,90.63,4.90101077
2023-04-08 11:07:00,90.61,90.63,90.61,90.62,1.09928963
2023-04-08 11:06:00,90.61,90.64,90.64,90.63,42.28444644
2023-04-08 11:05:00,90.62,90.65,90.65,90.64,18.56293472
2023-04-08 11:04:00,90.64,90.65,90.65,90.64,1.10920137
2023-04-08 11:03:00,90.62,90.65,90.65,90.65,9.73053841
2023-04-08 11:02:00,90.63,90.66,90.66,90.65,131.5108945
2023-04-08 11:01:00,90.66,90.69,90.68,90.66,3.10415415
2023-04-08 11:00:00,90.67,90.68,90.67,90.67,4.6041997
2023-04-08 10:59:00,90.66,90.72,90.66,90.67,145.18785615
2023-04-08 10:58:00,90.65,90.67,90.66,90.66,34.44622038
2023-04-08 10:57:00,90.64,90.66,90.65,90.64,1.40675893
2023-04-08 10:56:00,90.63,90.66,90.65,90.65,50.31627795
2023-04-08 10:55:00,90.65,90.68,90.66,90.67,8.19846191
2023-04-08 10:54:00,90.65,90.68,90.68,90.65,7.91187795
2023-04-08 10:53:00,90.67,90.68,90.68,90.68,10.86574362
2023-04-08 10:52:00,90.66,90.68,90.67,90.66,9.88185334
2023-04-08 10:51:00,90.67,90.68,90.67,90.68,8.96465064
2023-04-08 10:50:00,90.66,90.74,90.74,90.67,91.41636114
2023-04-08 10:49:00,90.71,90.75,90.75,90.74,17.44163569
2023-04-08 10:48:00,90.7,90.75,90.73,90.7,140.34922149
2023-04-08 10:47:00,90.72,90.74,90.72,90.73,15.28697095
2023-04-08 10:46:00,90.7,90.71,90.7,90.71,35.79697472
2023-04-08 10:45:00,90.67,90.7,90.7,90.7,37.13147798
2023-04-08 10:44:00,90.67,90.74,90.74,90.69,65.48079864
2023-04-08 10:43:00,90.74,90.76,90.76,90.74,8.72094269
2023-04-08 10:42:00,90.75,90.77,90.76,90.77,13.12274196
2023-04-08 10:41:00,90.76,90.77,90.77,90.76,11.63299859
2023-04-08 10:40:00,90.76,90.79,90.79,90.76,13.58771973
2023-04-08 10:39:00,90.78,90.79,90.79,90.78,2.59835672
2023-04-08 10:38:00,90.77,90.79,90.79,90.77,10.20782114
2023-04-08 10:37:00,90.79,90.79,90.79,90.79,1.28930734
2023-04-08 10:36:00,90.78,90.8,90.8,90.79,45.57179613
2023-04-08 10:35:00,90.78,90.8,90.8,90.79,59.3392908
2023-04-08 10:34:00,90.79,90.8,90.79,90.8,8.46676976
2023-04-08 10:33:00,90.78,90.8,90.8,90.78,13.39003234
2023-04-08 10:32:00,90.78,90.79,90.79,90.78,2.16808015
2023-04-08 10:31:00,90.77,90.79,90.79,90.79,18.99120267
2023-04-08 10:30:00,90.75,90.79,90.75,90.78,28.94706969
2023-04-08 10:29:00,90.73,90.76,90.73,90.76,10.61804451
2023-04-08 10:28:00,90.7,90.72,90.72,90.7,5.74201048
2023-04-08 10:27:00,90.69,90.72,90.72,90.71,2.72041226
2023-04-08 10:26:00,90.68,90.71,90.71,90.68,9.34686505
2023-04-08 10:25:00,90.7,90.73,90.73,90.7,6.67114626
2023-04-08 10:24:00,90.69,90.71,90.7,90.69,0.75701017
2023-04-08 10:23:00,90.65,90.7,90.66,90.69,10.02538807
2023-04-08 10:22:00,90.62,90.65,90.65,90.62,2.74804574
2023-04-08 10:21:00,90.63,90.7,90.69,90.65,129.14247256
2023-04-08 10:20:00,90.7,90.73,90.72,90.7,69.70810533
2023-04-08 10:19:00,90.71,90.72,90.72,90.72,12.04012916
2023-04-08 10:18:00,90.71,90.73,90.72,90.71,1.5483607
2023-04-08 10:17:00,90.69,90.73,90.7,90.73,2.52837809
2023-04-08 10:16:00,90.71,90.71,90.71,90.71,0.00134393
2023-04-08 10:15:00,90.7,90.73,90.73,90.71,10.58784293
2023-04-08 10:14:00,90.68,90.71,90.71,90.7,18.96789481
2023-04-08 10:13:00,90.68,90.71,90.68,90.69,2.8112005
2023-04-08 10:12:00,90.71,90.72,90.72,90.71,0.7639731
2023-04-08 10:11:00,90.7,90.71,90.7,90.71,2.00323754
2023-04-08 10:10:00,90.71,90.72,90.72,90.71,10.3564723
2023-04-08 10:09:00,90.72,90.74,90.74,90.72,19.61265923
2023-04-08 10:08:00,90.7,90.74,90.7,90.74,1.07157186
2023-04-08 10:07:00,90.7,90.7,90.7,90.7,4.30641449
2023-04-08 10:06:00,90.72,90.77,90.77,90.72,2.05383609
2023-04-08 10:05:00,90.72,90.77,90.72,90.77,19.74318478
2023-04-08 10:04:00,90.75,90.79,90.76,90.75,82.99192299
2023-04-08 10:03:00,90.76,90.79,90.77,90.79,3.48082901
2023-04-08 10:02:00,90.76,90.77,90.76,90.77,4.87122137
2023-04-08 10:01:00,90.72,90.76,90.76,90.75,1.22834823
2023-04-08 10:00:00,90.74,90.76,90.74,90.76,2.8851394
2023-04-08 09:59:00,90.71,90.73,90.73,90.73,19.25608138
2023-04-08 09:58:00,90.72,90.74,90.74,90.72,0.23155846
2023-04-08 09:57:00,90.73,90.77,90.76,90.74,4.67854501
2023-04-08 09:56:00,90.76,90.81,90.81,90.76,108.15399633
2023-04-08 09:55:00,90.82,90.83,90.83,90.83,4.60408308
2023-04-08 09:54:00,90.81,90.84,90.83,90.83,4.27913887
2023-04-08 09:53:00,90.8,90.82,90.82,90.8,7.10182694
2023-04-08 09:52:00,90.79,90.82,90.79,90.82,0.55846466
2023-04-08 09:51:00,90.85,90.85,90.85,90.85,1.80014244
2023-04-08 09:50:00,90.86,90.86,90.86,90.86,0.09707173
2023-04-08 09:49:00,90.83,90.88,90.85,90.88,2.09157774
2023-04-08 09:48:00,90.84,90.87,90.86,90.87,9.68007079
2023-04-08 09:47:00,90.83,90.87,90.85,90.87,42.45284299
2023-04-08 09:46:00,90.84,90.86,90.86,90.85,3.94700554
2023-04-08 09:45:00,90.84,90.88,90.88,90.84,32.3070965
2023-04-08 09:44:00,90.86,90.9,90.9,90.86,9.2695225
2023-04-08 09:43:00,90.87,90.9,90.88,90.9,2.7215609
2023-04-08 09:42:00,90.85,90.88,90.87,90.87,11.12969407
2023-04-08 09:41:00,90.85,90.88,90.86,90.87,34.4816599
2023-04-08 09:40:00,90.86,90.88,90.87,90.86,3.25252913
2023-04-08 09:39:00,90.8,90.87,90.83,90.86,15.30685728
2023-04-08 09:38:00,90.76,90.8,90.77,90.8,22.57530088
2023-04-08 09:37:00,90.82,90.85,90.84,90.82,27.8911294
2023-04-08 09:36:00,90.84,90.86,90.86,90.86,4.10906246
2023-04-08 09:35:00,90.86,90.87,90.86,90.86,3.35715822
2023-04-08 09:34:00,90.81,90.86,90.84,90.86,5.58623589
2023-04-08 09:33:00,90.8,90.85,90.8,90.84,27.73509445
2023-04-08 09:32:00,90.77,90.79,90.78,90.79,5.36099997
2023-04-08 09:31:00,90.78,90.81,90.78,90.79,4.37874058
2023-04-08 09:30:00,90.75,90.8,90.75,90.8,8.87160724
2023-04-08 09:29:00,90.75,90.77,90.75,90.77,2.53927197
2023-04-08 09:28:00,90.74,90.76,90.76,90.76,3.01015205
2023-04-08 09:27:00,90.72,90.76,90.73,90.76,4.73528269
2023-04-08 09:26:00,90.72,90.75,90.75,90.73,3.27679152
2023-04-08 09:25:00,90.7,90.75,90.73,90.73,117.33540625
2023-04-08 09:24:00,90.73,90.75,90.73,90.75,3.58075472
2023-04-08 09:23:00,90.7,90.76,90.76,90.75,13.84920452
2023-04-08 09:22:00,90.72,90.75,90.72,90.74,36.64427766
2023-04-08 09:21:00,90.65,90.69,90.69,90.67,14.92130364
2023-04-08 09:20:00,90.69,90.76,90.76,90.69,71.11403322
2023-04-08 09:19:00,90.7,90.75,90.73,90.75,13.22499474
2023-04-08 09:18:00,90.72,90.75,90.73,90.73,1.89593392
2023-04-08 09:17:00,90.73,90.77,90.76,90.73,37.76088765
2023-04-08 09:16:00,90.77,90.79,90.77,90.78,4.70036872
2023-04-08 09:15:00,90.77,90.79,90.77,90.78,12.79830775
2023-04-08 09:14:00,90.77,90.79,90.77,90.79,8.53414942
2023-04-08 09:13:00,90.77,90.79,90.79,90.77,2.13282307
2023-04-08 09:12:00,90.76,90.79,90.76,90.79,42.18411695
2023-04-08 09:11:00,90.75,90.78,90.77,90.75,1.81523027
2023-04-08 09:10:00,90.76,90.78,90.76,90.77,17.56391288
2023-04-08 09:09:00,90.63,90.75,90.63,90.74,41.06287984
2023-04-08 09:08:00,90.62,90.74,90.74,90.62,66.3767819
2023-04-08 09:07:00,90.71,90.72,90.71,90.71,24.16265812
2023-04-08 09:06:00,90.7,90.73,90.72,90.72,20.58299868
2023-04-08 09:05:00,90.72,90.79,90.78,90.72,152.00977347
2023-04-08 09:04:00,90.78,90.83,90.8,90.79,35.81741508
2023-04-08 09:03:00,90.71,90.76,90.72,90.76,101.41924439
2023-04-08 09:02:00,90.73,90.77,90.75,90.74,111.0
2023-04-08 09:01:00,90.68,90.77,90.7,90.75,29.90096517
2023-04-08 09:00:00,90.65,90.71,90.68,90.71,36.58135303
2023-04-08 08:59:00,90.62,90.66,90.62,90.63,65.34807386
2023-04-08 08:58:00,90.61,90.72,90.72,90.62,378.7966465
2023-04-08 08:57:00,90.75,90.8,90.8,90.75,4.50941498
2023-04-08 08:56:00,90.79,90.82,90.82,90.8,3.74407104
2023-04-08 08:55:00,90.79,90.81,90.8,90.81,14.24860226
2023-04-08 08:54:00,90.74,90.8,90.79,90.74,67.00460783
2023-04-08 08:53:00,90.8,90.84,90.8,90.81,4.19409516
2023-04-08 08:52:00,90.79,90.84,90.79,90.84,14.48569742
2023-04-08 08:51:00,90.78,90.81,90.81,90.81,3.63863272
2023-04-08 08:50:00,90.81,90.84,90.81,90.81,17.32993969
2023-04-08 08:49:00,90.83,90.87,90.84,90.83,17.43986841
2023-04-08 08:48:00,90.8,90.84,90.84,90.84,41.1418791
2023-04-08 08:47:00,90.83,90.85,90.83,90.85,4.57320629
2023-04-08 08:46:00,90.81,90.85,90.85,90.82,61.91322572
2023-04-08 08:45:00,90.87,90.93,90.93,90.89,34.41753017
2023-04-08 08:44:00,90.94,90.96,90.96,90.96,20.55907936
2023-04-08 08:43:00,90.93,90.96,90.93,90.96,3.22130794
2023-04-08 08:42:00,90.95,90.98,90.97,90.95,8.4075338
2023-04-08 08:41:00,90.97,91.02,90.97,90.97,46.23040081
2023-04-08 08:40:00,90.94,90.99,90.94,90.99,7.11727219
2023-04-08 08:39:00,90.93,90.95,90.95,90.93,6.59778064
2023-04-08 08:38:00,90.93,90.96,90.93,90.93,22.07657286
2023-04-08 08:37:00,90.88,90.97,90.89,90.95,125.19403928
2023-04-08 08:36:00,90.87,91.0,91.0,90.87,141.4301169
2023-04-08 08:35:00,91.0,91.04,91.03,91.0,58.63709862
2023-04-08 08:34:00,91.0,91.03,91.01,91.03,16.59549571
2023-04-08 08:33:00,91.0,91.03,91.02,91.03,3.36644264
2023-04-08 08:32:00,91.03,91.05,91.05,91.03,7.34273167
2023-04-08 08:31:00,91.04,91.07,91.07,91.04,61.0300451
2023-04-08 08:30:00,91.06,91.09,91.07,91.06,4.95009351
2023-04-08 08:29:00,91.05,91.09,91.09,91.07,2.03454703
2023-04-08 08:28:00,91.07,91.09,91.09,91.09,1.90256931
2023-04-08 08:27:00,91.07,91.09,91.08,91.09,2.94088808
2023-04-08 08:26:00,91.07,91.1,91.1,91.07,4.83808672
2023-04-08 08:25:00,91.07,91.1,91.07,91.1,3.11291287
2023-04-08 08:24:00,91.09,91.11,91.09,91.09,2.54682099
2023-04-08 08:23:00,91.09,91.11,91.09,91.11,3.6529987
2023-04-08 08:22:00,91.08,91.11,91.08,91.11,2.6719641
2023-04-08 08:21:00,91.08,91.11,91.11,91.1,11.88215035
2023-04-08 08:20:00,91.07,91.12,91.07,91.12,15.05920042
2023-04-08 08:19:00,91.05,91.08,91.08,91.05,10.96423257
2023-04-08 08:18:00,91.07,91.13,91.13,91.07,18.84887006
2023-04-08 08:17:00,91.12,91.18,91.13,91.16,43.38226024
2023-04-08 08:16:00,91.13,91.2,91.2,91.15,8.79109425
2023-04-08 08:15:00,91.17,91.21,91.17,91.19,16.45961994
2023-04-08 08:14:00,91.11,91.14,91.13,91.14,4.26774398
2023-04-08 08:13:00,91.13,91.17,91.17,91.13,99.53046163
2023-04-08 08:12:00,91.15,91.17,91.17,91.15,5.86934812
2023-04-08 08:11:00,91.12,91.17,91.12,91.17,10.75842343
2023-04-08 08:10:00,91.12,91.15,91.15,91.12,26.80169095
2023-04-08 08:09:00,91.11,91.13,91.13,91.11,1.96447835
2023-04-08 08:08:00,91.12,91.17,91.15,91.13,76.73283858
2023-04-08 08:07:00,91.1,91.16,91.1,91.15,37.3410554
2023-04-08 08:06:00,91.09,91.13,91.13,91.1,66.3142119
2023-04-08 08:05:00,91.09,91.14,91.09,91.13,113.83434786
2023-04-08 08:04:00,91.05,91.08,91.08,91.07,4.19312165
2023-04-08 08:03:00,91.01,91.08,91.04,91.08,49.58471851
2023-04-08 08:02:00,91.05,91.08,91.07,91.07,8.57388316
2023-04-08 08:01:00,91.06,91.09,91.08,91.08,39.89058134
2023-04-08 08:00:00,91.05,91.07,91.05,91.07,2.62077485
2023-04-08 07:59:00,91.02,91.07,91.04,91.05,14.81632651
2023-04-08 07:58:00,91.02,91.05,91.05,91.04,2.39691099
2023-04-08 07:57:00,91.01,91.04,91.01,91.02,1.74782658
2023-04-08 07:56:00,91.01,91.03,91.03,91.01,14.54174985
2023-04-08 07:55:00,90.95,91.03,90.95,91.03,26.81536391
2023-04-08 07:54:00,90.95,90.98,90.98,90.96,1.72882497
2023-04-08 07:53:00,90.96,90.99,90.97,90.98,37.75758381
2023-04-08 07:52:00,90.95,90.99,90.97,90.96,26.96636818
2023-04-08 07:51:00,90.96,91.06,91.06,91.0,265.51250171
2023-04-08 07:50:00,91.03,91.08,91.04,91.03,77.32306405
2023-04-08 07:49:00,91.04,91.09,91.09,91.08,151.92840898
2023-04-08 07:48:00,91.04,91.09,91.08,91.09,21.40422685
2023-04-08 07:47:00,91.07,91.09,91.09,91.08,24.0141341
2023-04-08 07:46:00,91.04,91.07,91.06,91.05,3.94463605
2023-04-08 07:45:00,91.06,91.08,91.08,91.07,4.49594422
2023-04-08 07:44:00,91.0,91.08,91.01,91.08,12.30214383
2023-04-08 07:43:00,90.98,91.0,91.0,91.0,3.53078722
2023-04-08 07:42:00,91.01,91.08,91.07,91.01,15.48590222
2023-04-08 07:41:00,91.04,91.07,91.06,91.07,8.83815517
2023-04-08 07:40:00,91.05,91.08,91.07,91.05,3.0051557
2023-04-08 07:39:00,90.96,91.05,90.97,91.05,6.60982642
2023-04-08 07:38:00,90.96,91.02,91.02,90.96,3.48728407
2023-04-08 07:37:00,91.03,91.05,91.05,91.04,16.78457576
2023-04-08 07:36:00,91.05,91.06,91.06,91.05,7.22430079
2023-04-08 07:35:00,90.96,91.04,90.97,91.04,10.92004156
2023-04-08 07:34:00,90.95,90.99,90.95,90.99,127.23325904
2023-04-08 07:33:00,90.94,90.98,90.97,90.95,31.10398992
2023-04-08 07:32:00,90.97,91.0,91.0,90.99,2.32777418
2023-04-08 07:31:00,90.95,90.97,90.96,90.97,40.95235755
2023-04-08 07:30:00,90.94,90.99,90.99,90.96,10.66642878
2023-04-08 07:29:00,90.97,91.01,91.01,91.0,23.7476291
2023-04-08 07:28:00,90.99,91.01,91.01,90.99,9.16570122
2023-04-08 07:27:00,91.01,91.02,91.01,91.01,8.18016482
2023-04-08 07:26:00,91.0,91.02,91.02,91.02,21.15968545
2023-04-08 07:25:00,91.0,91.03,91.03,91.0,68.63271156
2023-04-08 07:24:00,91.01,91.04,91.03,91.01,7.879521
2023-04-08 07:23:00,90.99,91.05,91.0,91.05,6.5934524
2023-04-08 07:22:00,90.99,91.05,91.03,90.99,92.76383461
2023-04-08 07:21:00,91.03,91.06,91.04,91.03,42.76604178
2023-04-08 07:20:00,91.06,91.06,91.06,91.06,16.78102906
2023-04-08 07:19:00,91.01,91.04,91.03,91.04,3.98168333
2023-04-08 07:18:00,91.01,91.03,91.01,91.03,13.42656957
2023-04-08 07:17:00,90.99,91.02,90.99,91.01,24.05985299
2023-04-08 07:16:00,90.99,91.03,91.03,91.01,5.16398031
2023-04-08 07:15:00,91.02,91.04,91.02,91.04,16.64778373
2023-04-08 07:14:00,91.02,91.05,91.05,91.04,15.27542183
2023-04-08 07:13:00,91.01,91.05,91.01,91.05,26.97296307
2023-04-08 07:12:00,91.02,91.06,91.06,91.02,39.68880994
2023-04-08 07:11:00,91.05,91.09,91.08,91.05,12.46600834
2023-04-08 07:10:00,91.05,91.07,91.07,91.05,1.7233227
2023-04-08 07:09:00,91.08,91.11,91.11,91.09,28.9972893
2023-04-08 07:08:00,91.1,91.17,91.17,91.11,22.62960071
2023-04-08 07:07:00,91.17,91.19,91.19,91.17,9.96853119
2023-04-08 07:06:00,91.19,91.2,91.19,91.2,2.75934996
2023-04-08 07:05:00,91.12,91.2,91.12,91.19,13.36141992
2023-04-08 07:04:00,91.13,91.19,91.19,91.13,73.69882592
2023-04-08 07:03:00,91.2,91.21,91.21,91.2,5.03577169
2023-04-08 07:02:00,91.19,91.22,91.2,91.21,7.31280587
2023-04-08 07:01:00,91.19,91.22,91.22,91.19,17.30138807
2023-04-08 07:00:00,91.15,91.22,91.16,91.22,11.89047306
2023-04-08 06:59:00,91.14,91.16,91.15,91.14,9.94504048
2023-04-08 06:58:00,91.13,91.16,91.16,91.14,19.02229237
2023-04-08 06:57:00,91.14,91.2,91.17,91.16,33.45339247
2023-04-08 06:56:00,91.16,91.26,91.23,91.21,49.17778642
2023-04-08 06:55:00,91.24,91.28,91.24,91.24,24.72208292
2023-04-08 06:54:00,91.2,91.23,91.2,91.23,5.86723243
2023-04-08 06:53:00,91.15,91.2,91.15,91.18,8.23344075
2023-04-08 06:52:00,91.15,91.17,91.16,91.16,4.18975689
2023-04-08 06:51:00,91.11,91.18,91.18,91.16,104.25809556
2023-04-08 06:50:00,91.11,91.19,91.13,91.18,30.03828869
2023-04-08 06:49:00,91.11,91.14,91.13,91.11,9.76593658
2023-04-08 06:48:00,91.1,91.12,91.12,91.1,5.79152211
2023-04-08 06:47:00,91.12,91.14,91.14,91.13,1.89099637
2023-04-08 06:46:00,91.14,91.16,91.16,91.14,0.9634553
2023-04-08 06:45:00,91.15,91.17,91.17,91.16,6.83390167
2023-04-08 06:44:00,91.16,91.18,91.18,91.17,26.43949457
2023-04-08 06:43:00,91.17,91.22,91.21,91.21,72.17383043
2023-04-08 06:42:00,91.17,91.23,91.2,91.2,15.47049078
2023-04-08 06:41:00,91.2,91.22,91.22,91.2,13.84888189
2023-04-08 06:40:00,91.11,91.22,91.11,91.21,344.356357
2023-04-08 06:39:00,91.1,91.13,91.13,91.13,20.41892449
2023-04-08 06:38:00,91.1,91.12,91.1,91.12,7.57945561
2023-04-08 06:37:00,91.1,91.14,91.14,91.1,3.58772866
2023-04-08 06:36:00,91.12,91.21,91.19,91.12,45.3442591
2023-04-08 06:35:00,91.19,91.24,91.24,91.19,1.70956271
2023-04-08 06:34:00,91.25,91.29,91.29,91.25,17.20284617
2023-04-08 06:33:00,91.26,91.31,91.3,91.27,29.22523307
2023-04-08 06:32:00,91.28,91.33,91.33,91.29,19.75170717
2023-04-08 06:31:00,91.31,91.42,91.42,91.33,114.60256571
2023-04-08 06:30:00,91.28,91.39,91.28,91.39,16.54421645
2023-04-08 16:30:00,90.38,90.42,90.42,90.4,4.36373663
2023-04-08 16:29:00,90.38,90.42,90.42,90.4,26.84572759
2023-04-08 16:28:00,90.36,90.47,90.47,90.36,388.23231882
2023-04-08 16:27:00,90.46,90.52,90.52,90.47,39.15344534
2023-04-08 16:26:00,90.5,90.52,90.52,90.52,31.23028668
2023-04-08 16:25:00,90.48,90.52,90.51,90.52,14.34035514
2023-04-08 16:24:00,90.49,90.51,90.51,90.51,7.56171695
2023-04-08 16:23:00,90.48,90.51,90.48,90.5,37.97370229
2023-04-08 16:22:00,90.47,90.51,90.48,90.5,79.25364819
2023-04-08 16:21:00,90.47,90.49,90.47,90.49,9.29284316
2023-04-08 16:20:00,90.47,90.5,90.5,90.49,70.76662581
2023-04-08 16:19:00,90.47,90.52,90.47,90.49,56.5777357
2023-04-08 16:18:00,90.47,90.48,90.47,90.47,29.55344913
2023-04-08 16:17:00,90.46,90.49,90.49,90.47,83.64390902
2023-04-08 16:16:00,90.47,90.49,90.48,90.49,15.9722749
2023-04-08 16:15:00,90.46,90.48,90.46,90.48,21.23201581
2023-04-08 16:14:00,90.48,90.51,90.49,90.48,8.07713146
2023-04-08 16:13:00,90.47,90.51,90.51,90.47,3.37177666
2023-04-08 16:12:00,90.48,90.5,90.5,90.5,8.3843161
2023-04-08 16:11:00,90.48,90.5,90.5,90.5,4.30093787
2023-04-08 16:10:00,90.5,90.51,90.51,90.5,7.6601789
2023-04-08 16:09:00,90.49,90.53,90.49,90.5,8.993925
2023-04-08 16:08:00,90.47,90.52,90.52,90.49,32.2072047
2023-04-08 16:07:00,90.48,90.51,90.5,90.5,73.37999385
2023-04-08 16:06:00,90.44,90.51,90.45,90.51,21.79037932
2023-04-08 16:05:00,90.43,90.46,90.45,90.45,33.41757792
2023-04-08 16:04:00,90.44,90.47,90.46,90.47,10.33341857
2023-04-08 16:03:00,90.45,90.47,90.47,90.45,4.27655619
2023-04-08 16:02:00,90.45,90.47,90.47,90.47,15.30922866
2023-04-08 16:01:00,90.44,90.47,90.47,90.45,58.63735251
2023-04-08 16:00:00,90.46,90.51,90.51,90.48,23.14704357
2023-04-08 15:59:00,90.47,90.54,90.48,90.54,7.40224055
2023-04-08 15:58:00,90.45,90.48,90.48,90.45,27.69111343
2023-04-08 15:57:00,90.46,90.48,90.48,90.48,17.23109209
2023-04-08 15:56:00,90.46,90.48,90.47,90.48,13.48183352
2023-04-08 15:55:00,90.42,90.48,90.43,90.47,40.07983283
2023-04-08 15:54:00,90.44,90.46,90.46,90.44,5.17532801
2023-04-08 15:53:00,90.44,90.47,90.44,90.46,72.96518667
2023-04-08 15:52:00,90.41,90.47,90.44,90.44,138.95268322
2023-04-08 15:51:00,90.44,90.46,90.45,90.44,19.45034066
2023-04-08 15:50:00,90.44,90.47,90.44,90.45,16.65804447
2023-04-08 15:49:00,90.45,90.47,90.46,90.47,25.80201599
2023-04-08 15:48:00,90.45,90.48,90.46,90.46,24.28223104
2023-04-08 15:47:00,90.45,90.47,90.47,90.47,16.06399126
2023-04-08 15:46:00,90.43,90.47,90.44,90.47,17.83919036
2023-04-08 15:45:00,90.35,90.46,90.38,90.46,32.14128722
2023-04-08 15:44:00,90.38,90.4,90.38,90.4,9.73887094
2023-04-08 15:43:00,90.4,90.42,90.41,90.4,1.77545686
2023-04-08 15:42:00,90.41,90.42,90.41,90.42,2.11434965
2023-04-08 15:41:00,90.39,90.41,90.41,90.4,3.05263938
2023-04-08 15:40:00,90.39,90.42,90.42,90.39,6.73378473
2023-04-08 15:39:00,90.38,90.42,90.42,90.4,15.3587723
2023-04-08 15:38:00,90.41,90.47,90.47,90.42,65.44298437
2023-04-08 15:37:00,90.44,90.47,90.45,90.47,31.8786867
2023-04-08 15:36:00,90.42,90.45,90.44,90.45,42.91782634
2023-04-08 15:35:00,90.42,90.45,90.42,90.44,64.09874099
2023-04-08 15:34:00,90.41,90.44,90.44,90.43,22.39787856
2023-04-08 15:33:00,90.41,90.45,90.45,90.44,22.49383638
2023-04-08 15:32:00,90.41,90.46,90.46,90.42,130.69622914
2023-04-08 15:31:00,90.42,90.46,90.45,90.46,102.39909835
2023-04-08 15:30:00,90.45,90.47,90.47,90.47,15.87385947
2023-04-08 15:29:00,90.42,90.47,90.44,90.47,7.09006255
2023-04-08 15:28:00,90.42,90.44,90.44,90.44,14.86890586
2023-04-08 15:27:00,90.42,90.45,90.43,90.44,15.27982827
2023-04-08 15:26:00,90.43,90.45,90.45,90.44,30.18052631
2023-04-08 15:25:00,90.45,90.48,90.46,90.46,34.65339708
2023-04-08 15:24:00,90.46,90.48,90.47,90.48,9.73124228
2023-04-08 15:23:00,90.47,90.5,90.5,90.49,118.81434471
2023-04-08 15:22:00,90.49,90.52,90.49,90.5,13.87322618
2023-04-08 15:21:00,90.48,90.5,90.49,90.48,16.57758173
2023-04-08 15:20:00,90.48,90.5,90.49,90.5,20.18696791
2023-04-08 15:19:00,90.5,90.52,90.52,90.5,26.14901211
2023-04-08 15:18:00,90.49,90.53,90.52,90.52,47.37278251
2023-04-08 15:17:00,90.47,90.53,90.47,90.52,79.84883275
2023-04-08 15:16:00,90.45,90.48,90.47,90.47,11.15326961
2023-04-08 15:15:00,90.45,90.51,90.51,90.48,35.9636451
2023-04-08 15:14:00,90.42,90.51,90.42,90.5,33.5323964
2023-04-08 15:13:00,90.41,90.44,90.41,90.42,19.43177371
2023-04-08 15:12:00,90.41,90.46,90.45,90.41,47.05847245
2023-04-08 15:11:00,90.44,90.48,90.47,90.44,10.20014777
2023-04-08 15:10:00,90.46,90.53,90.53,90.46,56.31971098
2023-04-08 15:09:00,90.45,90.53,90.47,90.53,247.63350705
2023-04-08 15:08:00,90.47,90.48,90.48,90.47,12.82266567
2023-04-08 15:07:00,90.45,90.5,90.47,90.47,40.4270003
2023-04-08 15:06:00,90.46,90.48,90.46,90.47,4.80426857
2023-04-08 15:05:00,90.47,90.5,90.49,90.49,5.42049466
2023-04-08 15:04:00,90.49,90.52,90.51,90.51,4.69930765
2023-04-08 15:03:00,90.5,90.53,90.53,90.5,5.43170426
2023-04-08 15:02:00,90.49,90.54,90.53,90.53,33.08386509
2023-04-08 15:01:00,90.47,90.55,90.47,90.54,32.55733449
2023-04-08 15:00:00,90.44,90.49,90.49,90.46,10.42228412
2023-04-08 14:59:00,90.47,90.49,90.48,90.49,10.21239229
2023-04-08 14:58:00,90.45,90.48,90.45,90.48,28.10196705
2023-04-08 14:57:00,90.42,90.44,90.44,90.42,20.87371014
2023-04-08 14:56:00,90.43,90.45,90.43,90.45,4.68449865
2023-04-08 14:55:00,90.42,90.46,90.46,90.43,127.16841374
2023-04-08 14:54:00,90.46,90.49,90.46,90.48,13.54895634
2023-04-08 14:53:00,90.45,90.48,90.46,90.47,7.59861324
2023-04-08 14:52:00,90.46,90.49,90.48,90.48,24.04302914
2023-04-08 14:51:00,90.46,90.49,90.49,90.47,37.93649871
2023-04-08 14:50:00,90.47,90.5,90.5,90.49,7.3416669
2023-04-08 14:49:00,90.45,90.49,90.47,90.48,59.75998383
2023-04-08 14:48:00,90.47,90.49,90.49,90.49,12.73451964
2023-04-08 14:47:00,90.49,90.51,90.51,90.5,2.70487783
2023-04-08 14:46:00,90.49,90.51,90.51,90.51,91.41669263
2023-04-08 14:45:00,90.48,90.52,90.49,90.5,18.5308955
2023-04-08 14:44:00,90.49,90.51,90.5,90.5,5.24386005
2023-04-08 14:43:00,90.49,90.55,90.53,90.52,29.27196632
2023-04-08 14:42:00,90.55,90.59,90.58,90.55,72.02078672
2023-04-08 14:41:00,90.57,90.6,90.59,90.57,21.42800872
2023-04-08 14:40:00,90.54,90.57,90.54,90.57,20.56367287
2023-04-08 14:39:00,90.54,90.56,90.55,90.54,23.8587635
2023-04-08 14:38:00,90.54,90.56,90.54,90.55,3.91896168
2023-04-08 14:37:00,90.52,90.52,90.52,90.52,0.81924827
2023-04-08 14:36:00,90.53,90.55,90.54,90.55,1.77010737
2023-04-08 14:35:00,90.51,90.55,90.51,90.54,12.69970182
2023-04-08 14:34:00,90.49,90.52,90.5,90.52,9.0791218
2023-04-08 14:33:00,90.5,90.54,90.51,90.51,7.35407046
2023-04-08 14:32:00,90.51,90.53,90.53,90.53,19.21197782
2023-04-08 14:31:00,90.5,90.52,90.51,90.52,4.29778404
2023-04-08 14:30:00,90.52,90.58,90.55,90.53,23.624867
2023-04-08 14:29:00,90.52,90.57,90.53,90.57,19.28541812
2023-04-08 14:28:00,90.49,90.56,90.51,90.56,92.90126279
2023-04-08 14:27:00,90.49,90.52,90.51,90.52,1.26719859
2023-04-08 14:26:00,90.5,90.53,90.5,90.51,40.10428808
2023-04-08 14:25:00,90.51,90.55,90.55,90.51,23.28207312
2023-04-08 14:24:00,90.5,90.53,90.52,90.52,63.37119875
2023-04-08 14:23:00,90.47,90.53,90.47,90.52,65.09321645
2023-04-08 14:22:00,90.45,90.48,90.48,90.45,20.94520536
2023-04-08 14:21:00,90.44,90.47,90.45,90.46,58.07686197
2023-04-08 14:20:00,90.44,90.47,90.44,90.46,18.35743721
2023-04-08 14:19:00,90.39,90.43,90.4,90.43,4.76789212
2023-04-08 14:18:00,90.4,90.41,90.41,90.41,13.11834435
2023-04-08 14:17:00,90.32,90.41,90.35,90.41,55.35035852
2023-04-08 14:16:00,90.34,90.39,90.37,90.36,163.39236178
2023-04-08 14:15:00,90.35,90.41,90.41,90.38,14.9026307
2023-04-08 14:14:00,90.38,90.41,90.38,90.41,16.41648457
2023-04-08 14:13:00,90.37,90.4,90.4,90.4,8.22478859
2023-04-08 14:12:00,90.39,90.42,90.42,90.4,1.54788307
2023-04-08 14:11:00,90.41,90.43,90.43,90.41,19.77818909
2023-04-08 14:10:00,90.41,90.46,90.43,90.41,37.94733476
2023-04-08 14:09:00,90.43,90.47,90.46,90.45,9.94022056
2023-04-08 14:08:00,90.43,90.46,90.43,90.45,10.72357953
2023-04-08 14:07:00,90.42,90.44,90.43,90.43,6.03054696
2023-04-08 14:06:00,90.4,90.44,90.42,90.43,14.37893857
2023-04-08 14:05:00,90.41,90.45,90.41,90.42,6.14348606
2023-04-08 14:04:00,90.38,90.43,90.41,90.4,14.35189971
2023-04-08 14:03:00,90.4,90.43,90.41,90.42,2.36726959
2023-04-08 14:02:00,90.36,90.42,90.36,90.42,24.02174804
2023-04-08 14:01:00,90.34,90.37,90.37,90.37,19.80604695
2023-04-08 14:00:00,90.35,90.38,90.38,90.35,18.72590858
2023-04-08 13:59:00,90.36,90.4,90.4,90.36,26.52828951
2023-04-08 13:58:00,90.36,90.4,90.36,90.38,15.82383747
2023-04-08 13:57:00,90.35,90.38,90.38,90.38,10.62950002
2023-04-08 13:56:00,90.35,90.4,90.37,90.38,148.03332501
2023-04-08 13:55:00,90.36,90.38,90.36,90.36,24.83532925
2023-04-08 13:54:00,90.35,90.37,90.37,90.36,10.94064813
2023-04-08 13:53:00,90.36,90.38,90.38,90.36,11.30487557
2023-04-08 13:52:00,90.36,90.43,90.43,90.36,40.06247377
2023-04-08 13:51:00,90.41,90.45,90.45,90.41,18.95907784
2023-04-08 13:50:00,90.42,90.47,90.45,90.44,75.32962095
2023-04-08 13:49:00,90.4,90.45,90.41,90.44,42.58566374
2023-04-08 13:48:00,90.39,90.46,90.45,90.39,114.90038499
2023-04-08 13:47:00,90.4,90.43,90.43,90.42,31.47682076
2023-04-08 13:46:00,90.41,90.43,90.41,90.43,4.42331048
2023-04-08 13:45:00,90.4,90.42,90.4,90.42,13.38923678
2023-04-08 13:44:00,90.39,90.43,90.39,90.41,47.33991244
2023-04-08 13:43:00,90.38,90.4,90.39,90.4,37.88620954
2023-04-08 13:42:00,90.3,90.4,90.35,90.4,100.43242283
2023-04-08 13:41:00,90.33,90.38,90.35,90.34,73.39721926
2023-04-08 13:40:00,90.35,90.38,90.36,90.35,50.49709493
2023-04-08 13:39:00,90.37,90.39,90.37,90.37,9.76554125
2023-04-08 13:38:00,90.35,90.38,90.37,90.36,6.88680261
2023-04-08 13:37:00,90.35,90.37,90.36,90.35,63.08971793
2023-04-08 13:36:00,90.37,90.4,90.4,90.37,76.71177286
2023-04-08 13:35:00,90.34,90.41,90.34,90.41,21.60862861
2023-04-08 13:34:00,90.35,90.4,90.4,90.36,68.49630308
2023-04-08 13:33:00,90.32,90.37,90.34,90.36,12.35488853
2023-04-08 13:32:00,90.3,90.34,90.3,90.34,13.76316336
2023-04-08 13:31:00,90.3,90.34,90.32,90.3,26.83917775
2023-04-08 13:30:00,90.31,90.35,90.33,90.32,48.12189472
2023-04-08 13:29:00,90.33,90.37,90.36,90.34,12.46508509
2023-04-08 13:28:00,90.34,90.37,90.34,90.37,6.8458951
2023-04-08 13:27:00,90.35,90.39,90.39,90.36,30.19082901
2023-04-08 13:26:00,90.37,90.4,90.38,90.4,17.95254159
2023-04-08 13:25:00,90.37,90.4,90.4,90.37,7.37308905
2023-04-08 13:24:00,90.4,90.41,90.41,90.4,4.95614784
2023-04-08 13:23:00,90.39,90.41,90.4,90.41,15.93046161
2023-04-08 13:22:00,90.38,90.41,90.41,90.4,9.048749
2023-04-08 13:21:00,90.39,90.42,90.42,90.41,28.18030981
2023-04-08 13:20:00,90.42,90.45,90.45,90.42,4.43912859
2023-04-08 13:19:00,90.43,90.46,90.43,90.46,5.97740452
2023-04-08 13:18:00,90.43,90.45,90.43,90.43,9.63218136
2023-04-08 13:17:00,90.46,90.46,90.46,90.46,0.25729494
2023-04-08 13:16:00,90.4,90.46,90.45,90.46,122.97498973
2023-04-08 13:15:00,90.43,90.45,90.45,90.45,16.52588384
2023-04-08 13:14:00,90.43,90.45,90.45,90.43,5.70148268
2023-04-08 13:13:00,90.4,90.47,90.45,90.43,297.0418272
2023-04-08 13:12:00,90.44,90.46,90.45,90.44,28.22713059
2023-04-08 13:11:00,90.44,90.5,90.5,90.44,1.84597056
2023-04-08 13:10:00,90.44,90.49,90.46,90.49,44.00080398
2023-04-08 13:09:00,90.45,90.47,90.46,90.47,6.72672927
2023-04-08 13:08:00,90.45,90.48,90.48,90.47,4.29814544
2023-04-08 13:07:00,90.45,90.48,90.45,90.48,5.89383576
2023-04-08 13:06:00,90.43,90.5,90.5,90.43,44.99253372
2023-04-08 13:05:00,90.46,90.5,90.46,90.5,8.13851857
2023-04-08 13:04:00,90.43,90.47,90.43,90.46,101.0206438
2023-04-08 13:03:00,90.39,90.43,90.4,90.42,5.21026791
2023-04-08 13:02:00,90.39,90.43,90.41,90.41,12.00167473
2023-04-08 13:01:00,90.41,90.46,90.46,90.41,19.01732352
2023-04-08 13:00:00,90.42,90.45,90.45,90.43,33.61981495
2023-04-08 12:59:00,90.45,90.48,90.47,90.45,22.73596249
2023-04-08 12:58:00,90.45,90.48,90.46,90.48,60.21966758
2023-04-08 12:57:00,90.42,90.46,90.44,90.46,13.43409955
2023-04-08 12:56:00,90.41,90.44,90.43,90.44,6.79549104
2023-04-08 12:55:00,90.43,90.46,90.45,90.43,29.73852129
2023-04-08 12:54:00,90.39,90.47,90.39,90.45,216.57214157
2023-04-08 12:53:00,90.36,90.38,90.37,90.38,3.66591994
2023-04-08 12:52:00,90.34,90.38,90.34,90.36,12.91004576
2023-04-08 12:51:00,90.34,90.37,90.37,90.34,23.13393303
2023-04-08 12:50:00,90.34,90.37,90.35,90.36,45.79673087
2023-04-08 12:49:00,90.35,90.37,90.35,90.37,13.17966464
2023-04-08 12:48:00,90.35,90.38,90.35,90.37,5.24820395
2023-04-08 12:47:00,90.36,90.36,90.36,90.36,0.55106119
2023-04-08 12:46:00,90.29,90.37,90.29,90.33,66.14422867
2023-04-08 12:45:00,90.29,90.33,90.31,90.31,41.80245298
2023-04-08 12:44:00,90.29,90.35,90.35,90.31,30.10894458
2023-04-08 12:43:00,90.35,90.39,90.39,90.37,66.00038094
2023-04-08 12:42:00,90.36,90.39,90.36,90.39,6.74090379
2023-04-08 12:41:00,90.38,90.4,90.38,90.38,2.78314474
2023-04-08 12:40:00,90.39,90.41,90.39,90.4,20.03219163
2023-04-08 12:39:00,90.41,90.48,90.48,90.41,6.20348785
2023-04-08 12:38:00,90.47,90.51,90.51,90.48,28.83484914
2023-04-08 12:37:00,90.42,90.5,90.42,90.5,91.47167045
2023-04-08 12:36:00,90.41,90.47,90.46,90.45,22.88563576
2023-04-08 12:35:00,90.44,90.47,90.46,90.47,16.90157465
2023-04-08 12:34:00,90.44,90.46,90.46,90.44,2.84715762
2023-04-08 12:33:00,90.43,90.46,90.46,90.45,5.79723818
2023-04-08 12:32:00,90.44,90.46,90.46,90.46,8.94157729
2023-04-08 12:31:00,90.42,90.45,90.42,90.44,6.20096744
2023-04-08 12:30:00,90.46,90.49,90.48,90.46,4.02011185
2023-04-08 12:29:00,90.46,90.49,90.46,90.49,50.73503316
2023-04-08 12:28:00,90.45,90.47,90.46,90.46,1.33014945
2023-04-08 12:27:00,90.44,90.47,90.45,90.44,5.91561712
2023-04-08 12:26:00,90.44,90.46,90.44,90.46,15.66421016
2023-04-08 12:25:00,90.41,90.44,90.44,90.43,52.81473783
2023-04-08 12:24:00,90.44,90.45,90.45,90.44,100.63327577
2023-04-08 12:23:00,90.35,90.45,90.35,90.45,20.18271477
2023-04-08 12:22:00,90.36,90.39,90.38,90.36,4.7187042
2023-04-08 12:21:00,90.37,90.39,90.38,90.37,15.50854023
2023-04-08 12:20:00,90.37,90.42,90.38,90.37,19.09349286
2023-04-08 12:19:00,90.37,90.41,90.4,90.37,15.82444335
2023-04-08 12:18:00,90.39,90.43,90.39,90.43,13.79344586
2023-04-08 12:17:00,90.26,90.47,90.35,90.36,925.25006874
2023-04-08 12:16:00,90.35,90.56,90.56,90.39,461.20282257
2023-04-08 12:15:00,90.58,90.62,90.6,90.58,29.92925808
2023-04-08 12:14:00,90.58,90.6,90.6,90.59,1.33194026
2023-04-08 12:13:00,90.57,90.63,90.63,90.57,275.47499845
2023-04-08 12:12:00,90.65,90.67,90.65,90.65,22.8153889
2023-04-08 12:11:00,90.64,90.7,90.7,90.64,31.05342135
2023-04-08 12:10:00,90.68,90.7,90.68,90.7,13.38638747
2023-04-08 12:09:00,90.63,90.67,90.67,90.66,5.02169393
2023-04-08 12:08:00,90.64,90.67,90.65,90.67,24.72024393
2023-04-08 12:07:00,90.62,90.66,90.62,90.65,4.01521082
2023-04-08 12:06:00,90.64,90.64,90.64,90.64,1.25304051
2023-04-08 12:05:00,90.61,90.66,90.61,90.64,9.88228462
2023-04-08 12:04:00,90.62,90.64,90.63,90.63,14.36513781
2023-04-08 12:03:00,90.61,90.63,90.61,90.63,11.74309572
2023-04-08 12:02:00,90.61,90.64,90.63,90.63,17.24874948
2023-04-08 12:01:00,90.62,90.65,90.62,90.65,2.77410015
2023-04-08 12:00:00,90.63,90.64,90.63,90.64,12.05400388
2023-04-08 11:59:00,90.61,90.64,90.64,90.61,5.20164084
2023-04-08 11:58:00,90.61,90.64,90.62,90.64,31.22522523
2023-04-08 11:57:00,90.64,90.66,90.64,90.66,2.09171402
2023-04-08 11:56:00,90.64,90.68,90.67,90.64,25.11010845
2023-04-08 11:55:00,90.62,90.67,90.62,90.67,3.65254585
2023-04-08 11:54:00,90.6,90.61,90.6,90.6,5.63883017
2023-04-08 11:53:00,90.59,90.62,90.59,90.61,38.39831117
2023-04-08 11:52:00,90.59,90.62,90.6,90.59,10.51709645
2023-04-08 11:51:00,90.59,90.62,90.62,90.59,90.59441326
2023-04-08 11:50:00,90.62,90.66,90.66,90.62,56.44731645
2023-04-08 11:49:00,90.64,90.66,90.65,90.64,3.96620252
2023-04-08 11:48:00,90.67,90.67,90.67,90.67,3.42292527
2023-04-08 11:47:00,90.62,90.66,90.64,90.65,1.69858232
2023-04-08 11:46:00,90.64,90.66,90.65,90.64,20.87339564
2023-04-08 11:45:00,90.63,90.65,90.63,90.64,5.09941758
2023-04-08 11:44:00,90.63,90.66,90.66,90.65,29.91176428
2023-04-08 11:43:00,90.64,90.68,90.66,90.68,2.84720953
2023-04-08 11:42:00,90.65,90.67,90.65,90.67,4.21917126
2023-04-08 11:41:00,90.66,90.73,90.73,90.69,8.44740805
2023-04-08 11:40:00,90.69,90.73,90.69,90.73,10.83557321
2023-04-08 11:39:00,90.69,90.72,90.72,90.69,54.76344353
2023-04-08 11:38:00,90.68,90.68,90.68,90.68,19.24
2023-04-08 11:37:00,90.68,90.68,90.68,90.68,0.66618659
2023-04-08 11:35:00,90.68,90.73,90.71,90.69,1.95595362
2023-04-08 11:34:00,90.7,90.73,90.73,90.73,27.0185998
2023-04-08 11:33:00,90.72,90.75,90.74,90.74,3.50878866
2023-04-08 11:32:00,90.7,90.74,90.71,90.74,12.42640834
2023-04-08 11:31:00,90.68,90.71,90.68,90.71,4.02482688
2023-04-08 11:30:00,90.66,90.72,90.68,90.68,80.16517172
2023-04-08 21:30:00,89.99,90.03,89.99,90.02,8.28984623
2023-04-08 21:29:00,90.0,90.04,90.04,90.02,9.95625061
2023-04-08 21:28:00,90.01,90.04,90.04,90.01,16.35337401
2023-04-08 21:27:00,90.02,90.05,90.04,90.04,4.95963558
2023-04-08 21:26:00,90.0,90.04,90.03,90.04,67.441425
2023-04-08 21:25:00,90.01,90.05,90.05,90.04,21.8696609
2023-04-08 21:24:00,90.05,90.06,90.06,90.06,5.34082537
2023-04-08 21:23:00,90.05,90.05,90.05,90.05,5.69556206
2023-04-08 21:22:00,90.04,90.07,90.07,90.07,4.84899621
2023-04-08 21:21:00,90.05,90.07,90.06,90.07,17.2747504
2023-04-08 21:20:00,90.01,90.07,90.06,90.06,14.83120115
2023-04-08 21:19:00,90.04,90.05,90.05,90.05,21.89536889
2023-04-08 21:18:00,90.03,90.05,90.04,90.05,16.05545458
2023-04-08 21:17:00,90.03,90.06,90.04,90.06,2.46405923
2023-04-08 21:16:00,90.01,90.04,90.01,90.04,6.13682029
2023-04-08 21:15:00,89.99,90.01,90.01,90.01,18.1802179
2023-04-08 21:14:00,89.95,90.01,89.95,90.01,13.74087017
2023-04-08 21:13:00,89.93,89.97,89.93,89.95,40.7976084
2023-04-08 21:12:00,89.9,89.94,89.91,89.93,35.70988105
2023-04-08 21:11:00,89.87,89.94,89.87,89.93,131.23572373
2023-04-08 21:10:00,89.82,89.87,89.86,89.87,12.57351253
2023-04-08 21:09:00,89.85,89.86,89.85,89.86,1.96260343
2023-04-08 21:08:00,89.83,89.89,89.89,89.84,9.18392005
2023-04-08 21:07:00,89.84,89.91,89.88,89.87,69.41883292
2023-04-08 21:06:00,89.88,89.92,89.92,89.88,13.1278394
2023-04-08 21:05:00,89.91,89.99,89.96,89.93,92.32236259
2023-04-08 21:04:00,89.92,89.97,89.93,89.92,39.16036395
2023-04-08 21:03:00,89.94,89.99,89.98,89.95,21.23471212
2023-04-08 21:02:00,89.91,90.0,89.95,90.0,127.88598406
2023-04-08 21:01:00,89.87,89.96,89.95,89.94,66.20596606
2023-04-08 21:00:00,89.93,89.99,89.95,89.95,52.29890556
2023-04-08 20:59:00,89.95,89.99,89.98,89.95,13.01594312
2023-04-08 20:58:00,89.96,90.0,89.98,89.98,15.55624925
2023-04-08 20:57:00,89.98,90.02,89.98,90.02,7.3569896
2023-04-08 20:56:00,89.97,90.0,89.98,89.99,24.26095018
2023-04-08 20:55:00,89.97,90.02,89.97,89.98,50.12986375
2023-04-08 20:54:00,89.98,90.0,89.99,89.99,26.84108334
2023-04-08 20:53:00,89.98,90.01,90.01,90.0,15.61934489
2023-04-08 20:52:00,89.98,90.02,89.98,90.01,21.77030348
2023-04-08 20:51:00,89.98,90.02,89.99,89.99,46.57188859
2023-04-08 20:50:00,89.97,90.01,89.98,90.0,51.81862937
2023-04-08 20:49:00,89.97,90.01,89.98,89.98,75.80139977
2023-04-08 20:48:00,89.98,90.02,90.0,90.0,38.65996775
2023-04-08 20:47:00,90.0,90.03,90.02,90.02,10.51192096
2023-04-08 20:46:00,89.99,90.04,90.02,90.04,18.3834784
2023-04-08 20:45:00,90.03,90.07,90.07,90.05,49.73202302
2023-04-08 20:44:00,90.05,90.08,90.07,90.07,76.83427465
2023-04-08 20:43:00,90.04,90.08,90.04,90.07,32.36481651
2023-04-08 20:42:00,90.04,90.09,90.06,90.04,10.49530655
2023-04-08 20:41:00,90.03,90.06,90.06,90.06,32.3531549
2023-04-08 20:40:00,90.06,90.17,90.15,90.08,79.59105182
2023-04-08 20:39:00,90.13,90.15,90.14,90.14,26.87495531
2023-04-08 20:38:00,90.13,90.16,90.14,90.14,14.06803284
2023-04-08 20:37:00,90.16,90.16,90.16,90.16,6.36616752
2023-04-08 20:36:00,90.14,90.16,90.15,90.16,15.69471737
2023-04-08 20:35:00,90.06,90.14,90.07,90.12,91.68892674
2023-04-08 20:34:00,90.06,90.13,90.11,90.09,124.83249368
2023-04-08 20:33:00,90.08,90.13,90.11,90.13,1.94424643
2023-04-08 20:32:00,90.1,90.16,90.16,90.1,34.15694169
2023-04-08 20:31:00,90.13,90.17,90.17,90.15,14.54003642
2023-04-08 20:30:00,90.14,90.18,90.16,90.15,38.90912229
2023-04-08 20:29:00,90.14,90.16,90.16,90.16,3.79795673
2023-04-08 20:28:00,90.07,90.16,90.07,90.16,70.68534469
2023-04-08 20:27:00,90.05,90.09,90.08,90.07,24.59450676
2023-04-08 20:26:00,90.09,90.1,90.1,90.09,3.97755502
2023-04-08 20:25:00,90.07,90.1,90.07,90.1,39.82013458
2023-04-08 20:24:00,90.06,90.09,90.06,90.09,30.62475159
2023-04-08 20:23:00,90.04,90.06,90.05,90.06,30.17959698
2023-04-08 20:22:00,90.05,90.06,90.06,90.05,17.06490738
2023-04-08 20:21:00,90.04,90.08,90.08,90.04,66.56711593
2023-04-08 20:20:00,90.06,90.09,90.08,90.09,18.35317418
2023-04-08 20:19:00,90.01,90.1,90.1,90.09,55.10089992
2023-04-08 20:18:00,90.05,90.1,90.06,90.1,34.26547606
2023-04-08 20:17:00,90.04,90.08,90.06,90.06,11.9327048
2023-04-08 20:16:00,90.01,90.06,90.02,90.06,41.8775647
2023-04-08 20:15:00,89.99,90.04,90.01,90.02,38.02312373
2023-04-08 20:14:00,89.99,90.02,90.02,90.01,37.89549413
2023-04-08 20:13:00,89.97,90.03,89.97,89.99,21.38737054
2023-04-08 20:12:00,89.96,89.99,89.96,89.99,18.37396159
2023-04-08 20:11:00,89.95,89.99,89.97,89.96,12.6980772
2023-04-08 20:10:00,89.94,90.01,89.99,89.98,49.20187482
2023-04-08 20:09:00,89.98,90.01,89.99,90.01,28.25119113
2023-04-08 20:08:00,89.97,90.0,89.98,90.0,7.54237151
2023-04-08 20:07:00,89.96,89.99,89.96,89.99,4.60566384
2023-04-08 20:06:00,89.94,89.96,89.95,89.96,30.65295098
2023-04-08 20:05:00,89.93,89.95,89.93,89.95,19.01965697
2023-04-08 20:04:00,89.87,89.92,89.89,89.92,5.27515791
2023-04-08 20:03:00,89.86,89.9,89.89,89.86,21.04826773
2023-04-08 20:02:00,89.86,89.9,89.89,89.9,95.65908496
2023-04-08 20:01:00,89.85,89.91,89.85,89.89,83.17857189
2023-04-08 20:00:00,89.81,89.85,89.84,89.85,11.95552328
2023-04-08 19:59:00,89.83,89.86,89.85,89.86,9.43193525
2023-04-08 19:58:00,89.85,89.87,89.86,89.85,9.5378498
2023-04-08 19:57:00,89.78,89.86,89.82,89.86,28.80031665
2023-04-08 19:56:00,89.8,89.86,89.81,89.8,30.05347545
2023-04-08 19:55:00,89.8,89.87,89.83,89.8,42.56380083
2023-04-08 19:54:00,89.83,89.94,89.9,89.84,44.02622787
2023-04-08 19:53:00,89.9,89.93,89.91,89.9,5.38698562
2023-04-08 19:52:00,89.89,89.96,89.93,89.91,47.17564474
2023-04-08 19:51:00,89.83,89.94,89.83,89.94,137.20824142
2023-04-08 19:50:00,89.79,89.85,89.81,89.85,50.31646309
2023-04-08 19:49:00,89.79,89.84,89.84,89.79,22.68038114
2023-04-08 19:48:00,89.82,89.86,89.86,89.84,26.16963024
2023-04-08 19:47:00,89.85,89.87,89.87,89.87,10.27684049
2023-04-08 19:46:00,89.84,89.88,89.86,89.87,37.93435374
2023-04-08 19:45:00,89.83,89.87,89.86,89.84,35.20048499
2023-04-08 19:44:00,89.85,89.88,89.85,89.86,30.25265568
2023-04-08 19:43:00,89.83,89.87,89.85,89.87,8.10881169
2023-04-08 19:42:00,89.78,89.86,89.8,89.86,65.14023567
2023-04-08 19:41:00,89.77,89.8,89.77,89.78,17.53101791
2023-04-08 19:40:00,89.72,89.79,89.79,89.77,5.68391551
2023-04-08 19:39:00,89.74,89.81,89.81,89.79,67.18561565
2023-04-08 19:38:00,89.74,89.81,89.76,89.81,114.63094447
2023-04-08 19:37:00,89.69,89.76,89.73,89.74,16.84858567
2023-04-08 19:36:00,89.68,89.73,89.68,89.71,87.21356921
2023-04-08 19:35:00,89.68,89.71,89.69,89.7,75.83757935
2023-04-08 19:34:00,89.69,89.72,89.69,89.7,34.52046106
2023-04-08 19:33:00,89.69,89.72,89.7,89.7,61.93538188
2023-04-08 19:32:00,89.7,89.75,89.75,89.71,187.43364324
2023-04-08 19:31:00,89.72,89.77,89.75,89.76,66.48852484
2023-04-08 19:30:00,89.7,89.76,89.71,89.74,79.24560899
2023-04-08 19:29:00,89.61,89.75,89.62,89.72,737.33179536
2023-04-08 19:28:00,89.61,89.69,89.67,89.62,55.06043492
2023-04-08 19:27:00,89.64,89.68,89.66,89.68,26.65167552
2023-04-08 19:26:00,89.65,89.67,89.66,89.65,6.17862721
2023-04-08 19:25:00,89.61,89.63,89.63,89.62,29.61758261
2023-04-08 19:24:00,89.55,89.65,89.55,89.63,64.86621088
2023-04-08 19:23:00,89.54,89.62,89.62,89.55,81.44877893
2023-04-08 19:22:00,89.55,89.6,89.58,89.6,50.88436493
2023-04-08 19:21:00,89.57,89.59,89.58,89.58,42.33095751
2023-04-08 19:20:00,89.58,89.61,89.61,89.59,62.84811044
2023-04-08 19:19:00,89.6,89.61,89.61,89.6,12.6229111
2023-04-08 19:18:00,89.59,89.65,89.62,89.6,62.11442418
2023-04-08 19:17:00,89.6,89.68,89.6,89.62,67.16033357
2023-04-08 19:16:00,89.58,89.64,89.58,89.6,14.67119289
2023-04-08 19:15:00,89.57,89.63,89.61,89.6,54.3529081
2023-04-08 19:14:00,89.61,89.66,89.61,89.63,65.22126343
2023-04-08 19:13:00,89.58,89.62,89.6,89.61,7.44576957
2023-04-08 19:12:00,89.56,89.6,89.57,89.59,14.44976473
2023-04-08 19:11:00,89.57,89.6,89.59,89.59,28.64660903
2023-04-08 19:10:00,89.56,89.62,89.61,89.6,55.42480967
2023-04-08 19:09:00,89.59,89.62,89.59,89.62,19.32584406
2023-04-08 19:08:00,89.52,89.6,89.53,89.59,26.72936124
2023-04-08 19:07:00,89.48,89.55,89.48,89.54,415.08114362
2023-04-08 19:06:00,89.46,89.5,89.46,89.47,63.94454412
2023-04-08 19:05:00,89.41,89.52,89.51,89.44,120.57144106
2023-04-08 19:04:00,89.52,89.61,89.61,89.52,36.01559236
2023-04-08 19:03:00,89.55,89.61,89.57,89.59,34.82241762
2023-04-08 19:02:00,89.4,89.58,89.43,89.55,60.39781015
2023-04-08 19:01:00,89.37,89.44,89.41,89.4,34.46102976
2023-04-08 19:00:00,89.37,89.59,89.59,89.39,70.1663162
2023-04-08 18:59:00,89.54,89.63,89.58,89.61,21.21206821
2023-04-08 18:58:00,89.57,89.61,89.61,89.59,2.18465229
2023-04-08 18:57:00,89.51,89.6,89.54,89.6,27.32242552
2023-04-08 18:56:00,89.53,89.58,89.56,89.57,20.47581591
2023-04-08 18:55:00,89.5,89.61,89.61,89.54,39.89979491
2023-04-08 18:54:00,89.59,89.64,89.62,89.64,47.32822688
2023-04-08 18:53:00,89.53,89.62,89.53,89.59,174.90250437
2023-04-08 18:52:00,89.31,89.57,89.48,89.54,390.08007567
2023-04-08 18:51:00,89.44,89.79,89.79,89.48,716.50164251
2023-04-08 18:50:00,89.78,89.92,89.91,89.78,381.83982165
2023-04-08 18:49:00,89.88,89.92,89.92,89.89,95.99762977
2023-04-08 18:48:00,89.88,89.93,89.91,89.92,89.28965504
2023-04-08 18:47:00,89.9,89.93,89.91,89.9,26.93651724
2023-04-08 18:46:00,89.91,89.94,89.92,89.91,41.62224567
2023-04-08 18:45:00,89.9,89.93,89.93,89.93,32.89008269
2023-04-08 18:44:00,89.92,89.95,89.94,89.92,19.42256439
2023-04-08 18:43:00,89.89,89.93,89.93,89.93,76.86963113
2023-04-08 18:42:00,89.85,89.95,89.85,89.93,371.36003541
2023-04-08 18:41:00,89.8,89.9,89.9,89.83,35.1826432
2023-04-08 18:40:00,89.87,89.95,89.92,89.87,116.67090744
2023-04-08 18:39:00,89.88,89.91,89.9,89.9,46.30820723
2023-04-08 18:38:00,89.87,89.9,89.89,89.9,16.56582759
2023-04-08 18:37:00,89.79,89.89,89.8,89.89,30.92128481
2023-04-08 18:36:00,89.79,89.9,89.9,89.79,49.32343654
2023-04-08 18:35:00,89.88,89.91,89.88,89.9,51.60028866
2023-04-08 18:34:00,89.88,89.94,89.94,89.9,53.31147796
2023-04-08 18:33:00,89.91,89.95,89.93,89.93,80.03581968
2023-04-08 18:32:00,89.91,90.01,90.0,89.92,51.14362339
2023-04-08 18:31:00,90.0,90.03,90.01,90.01,15.31189713
2023-04-08 18:30:00,89.99,90.02,90.02,90.0,22.8001399
2023-04-08 18:29:00,89.96,90.03,90.0,90.0,91.01780877
2023-04-08 18:28:00,89.98,90.07,90.07,90.0,99.81490488
2023-04-08 18:27:00,90.06,90.14,90.14,90.08,93.21553622
2023-04-08 18:26:00,90.1,90.14,90.1,90.12,21.60868467
2023-04-08 18:25:00,90.11,90.14,90.13,90.11,16.32776789
2023-04-08 18:24:00,90.11,90.13,90.13,90.12,17.19152112
2023-04-08 18:23:00,90.13,90.16,90.14,90.13,13.32358938
2023-04-08 18:22:00,90.1,90.15,90.12,90.14,8.17602567
2023-04-08 18:21:00,90.11,90.12,90.12,90.12,8.92381972
2023-04-08 18:20:00,90.1,90.12,90.11,90.12,15.17114282
2023-04-08 18:19:00,90.08,90.13,90.12,90.12,117.85872141
2023-04-08 18:18:00,90.12,90.17,90.16,90.12,23.75057659
2023-04-08 18:17:00,90.1,90.16,90.1,90.16,21.4511838
2023-04-08 18:16:00,90.02,90.11,90.03,90.11,53.11147433
2023-04-08 18:15:00,90.04,90.14,90.12,90.04,63.32196795
2023-04-08 18:14:00,90.06,90.15,90.15,90.14,518.20446775
2023-04-08 18:13:00,90.12,90.15,90.14,90.15,8.4653881
2023-04-08 18:12:00,90.09,90.14,90.1,90.12,7.54742685
2023-04-08 18:11:00,90.08,90.13,90.11,90.1,24.32984351
2023-04-08 18:10:00,90.08,90.12,90.12,90.12,11.67590607
2023-04-08 18:09:00,90.07,90.12,90.07,90.12,38.33146486
2023-04-08 18:08:00,90.04,90.08,90.06,90.06,30.29022852
2023-04-08 18:07:00,90.04,90.1,90.04,90.04,38.78348661
2023-04-08 18:06:00,89.99,90.06,90.01,90.02,157.4903883
2023-04-08 18:05:00,89.99,90.02,89.99,90.01,31.42391863
2023-04-08 18:04:00,89.94,90.01,89.94,89.96,62.64140141
2023-04-08 18:03:00,89.88,89.97,89.92,89.97,94.65605811
2023-04-08 18:02:00,89.9,89.95,89.94,89.92,23.87164305
2023-04-08 18:01:00,89.9,89.95,89.95,89.91,41.366454
2023-04-08 18:00:00,89.84,89.95,89.94,89.89,92.99607847
2023-04-08 17:59:00,89.92,90.03,90.03,90.0,182.91049829
2023-04-08 17:58:00,90.01,90.1,90.09,90.04,114.99218459
2023-04-08 17:57:00,90.01,90.09,90.01,90.08,22.77659345
2023-04-08 17:56:00,89.97,90.03,89.97,90.03,41.98818487
2023-04-08 17:55:00,89.95,90.01,90.01,89.98,19.27498264
2023-04-08 17:54:00,89.96,90.05,90.03,90.01,29.80386049
2023-04-08 17:53:00,89.99,90.08,90.08,90.02,181.64114206
2023-04-08 17:52:00,89.85,90.23,90.22,90.08,598.4126462
2023-04-08 17:51:00,90.19,90.26,90.25,90.24,38.32686554
2023-04-08 17:50:00,90.24,90.29,90.26,90.25,31.17083997
2023-04-08 17:49:00,90.24,90.31,90.29,90.24,87.74076834
2023-04-08 17:48:00,90.26,90.3,90.28,90.29,19.39590445
2023-04-08 17:47:00,90.27,90.34,90.29,90.31,41.94846037
2023-04-08 17:46:00,90.28,90.31,90.3,90.3,14.76984098
2023-04-08 17:45:00,90.3,90.32,90.31,90.31,5.30258269
2023-04-08 17:44:00,90.31,90.34,90.31,90.31,5.23639312
2023-04-08 17:43:00,90.28,90.37,90.34,90.31,105.4011766
2023-04-08 17:42:00,90.33,90.4,90.38,90.33,21.91009057
2023-04-08 17:41:00,90.37,90.41,90.4,90.4,36.79426754
2023-04-08 17:40:00,90.36,90.41,90.4,90.4,8.7533852
2023-04-08 17:39:00,90.38,90.42,90.41,90.4,51.03310334
2023-04-08 17:38:00,90.41,90.44,90.42,90.42,3.93655225
2023-04-08 17:37:00,90.39,90.44,90.39,90.44,31.06920451
2023-04-08 17:36:00,90.39,90.43,90.43,90.41,22.28817583
2023-04-08 17:35:00,90.42,90.43,90.43,90.43,23.26264082
2023-04-08 17:34:00,90.4,90.43,90.43,90.42,5.72137887
2023-04-08 17:33:00,90.41,90.46,90.46,90.44,127.16533348
2023-04-08 17:32:00,90.44,90.48,90.47,90.46,6.9980059
2023-04-08 17:31:00,90.41,90.48,90.45,90.48,10.69276094
2023-04-08 17:30:00,90.41,90.46,90.41,90.43,18.89059459
2023-04-08 17:29:00,90.38,90.47,90.47,90.43,47.2796336
2023-04-08 17:28:00,90.42,90.48,90.42,90.45,14.63577329
2023-04-08 17:27:00,90.42,90.45,90.42,90.43,5.9040423
2023-04-08 17:26:00,90.42,90.46,90.45,90.42,65.91277351
2023-04-08 17:25:00,90.43,90.54,90.53,90.43,44.3631886
2023-04-08 17:24:00,90.51,90.54,90.54,90.53,37.33188282
2023-04-08 17:23:00,90.52,90.54,90.52,90.53,18.12626117
2023-04-08 17:22:00,90.52,90.55,90.55,90.52,15.46237473
2023-04-08 17:21:00,90.52,90.55,90.53,90.55,20.81796111
2023-04-08 17:20:00,90.53,90.56,90.54,90.54,15.0153284
2023-04-08 17:19:00,90.53,90.56,90.55,90.55,18.90168094
2023-04-08 17:18:00,90.52,90.55,90.55,90.54,45.51397307
2023-04-08 17:17:00,90.53,90.56,90.56,90.55,5.48991208
2023-04-08 17:16:00,90.55,90.62,90.55,90.6,15.72893081
2023-04-08 17:15:00,90.54,90.57,90.57,90.56,27.15080456
2023-04-08 17:14:00,90.51,90.57,90.53,90.57,8.18813391
2023-04-08 17:13:00,90.54,90.58,90.58,90.54,18.74662873
2023-04-08 17:12:00,90.54,90.58,90.56,90.58,16.46034936
2023-04-08 17:11:00,90.55,90.57,90.56,90.56,28.2596278
2023-04-08 17:10:00,90.55,90.61,90.59,90.56,42.0100846
2023-04-08 17:09:00,90.54,90.59,90.54,90.59,23.22185384
2023-04-08 17:08:00,90.52,90.56,90.54,90.56,14.30099994
2023-04-08 17:07:00,90.52,90.54,90.52,90.54,14.50013314
2023-04-08 17:06:00,90.5,90.56,90.55,90.52,51.07684623
2023-04-08 17:05:00,90.55,90.58,90.56,90.55,25.46761807
2023-04-08 17:04:00,90.54,90.57,90.56,90.56,9.47270106
2023-04-08 17:03:00,90.53,90.56,90.55,90.56,4.14589765
2023-04-08 17:02:00,90.52,90.56,90.53,90.55,11.55639105
2023-04-08 17:01:00,90.51,90.54,90.51,90.52,11.76879446
2023-04-08 17:00:00,90.51,90.54,90.52,90.51,21.71345233
2023-04-08 16:59:00,90.49,90.54,90.53,90.52,14.97713852
2023-04-08 16:58:00,90.5,90.54,90.52,90.54,55.49424151
2023-04-08 16:57:00,90.49,90.53,90.53,90.51,21.63659985
2023-04-08 16:56:00,90.5,90.53,90.52,90.53,9.54910538
2023-04-08 16:55:00,90.49,90.52,90.51,90.52,1.89819639
2023-04-08 16:54:00,90.49,90.52,90.51,90.49,21.63079535
2023-04-08 16:53:00,90.49,90.52,90.5,90.51,23.96543842
2023-04-08 16:52:00,90.47,90.52,90.47,90.52,120.04690089
2023-04-08 16:51:00,90.46,90.47,90.47,90.46,3.18156812
2023-04-08 16:50:00,90.42,90.47,90.43,90.47,45.46980272
2023-04-08 16:49:00,90.42,90.44,90.42,90.44,20.90574473
2023-04-08 16:48:00,90.43,90.44,90.44,90.44,13.41953408
2023-04-08 16:47:00,90.42,90.45,90.45,90.44,33.34687393
2023-04-08 16:46:00,90.44,90.46,90.45,90.45,19.61441357
2023-04-08 16:45:00,90.44,90.5,90.49,90.45,30.54267175
2023-04-08 16:44:00,90.48,90.5,90.5,90.49,26.02541184
2023-04-08 16:43:00,90.49,90.51,90.5,90.5,3.65782142
2023-04-08 16:42:00,90.5,90.51,90.51,90.51,24.92776044
2023-04-08 16:41:00,90.47,90.54,90.47,90.53,34.29215705
2023-04-08 16:40:00,90.42,90.47,90.43,90.47,28.55298522
2023-04-08 16:39:00,90.41,90.43,90.41,90.43,18.13638249
2023-04-08 16:38:00,90.39,90.41,90.41,90.41,15.39077713
2023-04-08 16:37:00,90.39,90.41,90.41,90.41,6.54609366
2023-04-08 16:36:00,90.39,90.42,90.41,90.42,20.9673579
2023-04-08 16:35:00,90.37,90.41,90.37,90.41,8.4980488
2023-04-08 16:34:00,90.38,90.41,90.41,90.41,11.209543
2023-04-08 16:33:00,90.38,90.41,90.4,90.41,45.25711214
2023-04-08 16:32:00,90.4,90.46,90.42,90.45,9.26322023
2023-04-08 16:31:00,90.37,90.4,90.4,90.4,39.35993489
2023-04-08 16:30:00,90.38,90.42,90.42,90.4,4.36373663
2023-04-09 02:30:00,90.63,90.69,90.63,90.67,5.54961374
2023-04-09 02:29:00,90.65,90.7,90.68,90.65,11.05921886
2023-04-09 02:28:00,90.68,90.7,90.69,90.69,5.54340812
2023-04-09 02:27:00,90.66,90.69,90.67,90.67,42.09569225
2023-04-09 02:26:00,90.65,90.69,90.65,90.69,5.69220441
2023-04-09 02:25:00,90.63,90.68,90.63,90.67,12.41220188
2023-04-09 02:24:00,90.63,90.65,90.65,90.64,23.23561608
2023-04-09 02:23:00,90.64,90.65,90.64,90.65,5.12113119
2023-04-09 02:22:00,90.61,90.63,90.63,90.63,11.43411352
2023-04-09 02:21:00,90.62,90.65,90.64,90.63,6.15800145
2023-04-09 02:20:00,90.6,90.64,90.6,90.64,17.71842643
2023-04-09 02:19:00,90.62,90.68,90.68,90.62,14.0706916
2023-04-09 02:18:00,90.66,90.7,90.68,90.66,11.43897036
2023-04-09 02:17:00,90.67,90.7,90.67,90.7,10.17265254
2023-04-09 02:16:00,90.67,90.7,90.68,90.69,4.22323142
2023-04-09 02:15:00,90.58,90.68,90.6,90.68,90.38394682
2023-04-09 02:14:00,90.57,90.62,90.6,90.57,11.64989641
2023-04-09 02:13:00,90.61,90.68,90.66,90.61,52.1063665
2023-04-09 02:12:00,90.66,90.69,90.67,90.66,36.12055329
2023-04-09 02:11:00,90.63,90.7,90.63,90.67,11.24088352
2023-04-09 02:10:00,90.56,90.68,90.58,90.63,46.10359517
2023-04-09 02:09:00,90.55,90.62,90.61,90.58,22.94164037
2023-04-09 02:08:00,90.59,90.64,90.63,90.61,14.7596558
2023-04-09 02:07:00,90.64,90.67,90.64,90.64,20.67489871
2023-04-09 02:06:00,90.65,90.74,90.74,90.65,20.09463017
2023-04-09 02:05:00,90.68,90.74,90.68,90.74,19.17767773
2023-04-09 02:04:00,90.63,90.7,90.63,90.68,18.21815829
2023-04-09 02:03:00,90.63,90.67,90.67,90.64,58.58590381
2023-04-09 02:02:00,90.66,90.68,90.67,90.66,19.16386496
2023-04-09 02:01:00,90.67,90.77,90.77,90.67,99.47712815
2023-04-09 02:00:00,90.75,90.77,90.77,90.77,26.82692752
2023-04-09 01:59:00,90.74,90.78,90.74,90.76,122.8238001
2023-04-09 01:58:00,90.7,90.74,90.7,90.74,56.38986788
2023-04-09 01:57:00,90.68,90.77,90.77,90.7,195.45291132
2023-04-09 01:56:00,90.74,90.79,90.77,90.76,140.01814601
2023-04-09 01:55:00,90.75,90.77,90.75,90.76,15.45457893
2023-04-09 01:54:00,90.73,90.76,90.73,90.76,38.05421917
2023-04-09 01:53:00,90.67,90.73,90.67,90.73,28.7988552
2023-04-09 01:52:00,90.71,90.75,90.73,90.73,116.58262766
2023-04-09 01:51:00,90.67,90.73,90.69,90.73,71.76569242
2023-04-09 01:50:00,90.6,90.66,90.62,90.65,51.72408222
2023-04-09 01:49:00,90.59,90.63,90.63,90.59,51.84268299
2023-04-09 01:48:00,90.6,90.63,90.63,90.61,192.63803262
2023-04-09 01:47:00,90.62,90.72,90.72,90.64,182.46209831
2023-04-09 01:46:00,90.71,90.74,90.72,90.72,100.49469465
2023-04-09 01:45:00,90.72,90.74,90.74,90.72,94.45408691
2023-04-09 01:44:00,90.72,90.74,90.73,90.72,16.9210075
2023-04-09 01:43:00,90.71,90.74,90.74,90.74,110.59953952
2023-04-09 01:42:00,90.73,90.74,90.74,90.74,15.92509037
2023-04-09 01:41:00,90.66,90.73,90.67,90.72,2.61643327
2023-04-09 01:40:00,90.65,90.67,90.65,90.67,5.48033772
2023-04-09 01:39:00,90.62,90.66,90.65,90.66,13.48459983
2023-04-09 01:38:00,90.65,90.68,90.66,90.66,16.17013654
2023-04-09 01:37:00,90.65,90.68,90.68,90.68,4.7498197
2023-04-09 01:36:00,90.67,90.71,90.7,90.68,9.40840695
2023-04-09 01:35:00,90.69,90.72,90.71,90.71,22.79925697
2023-04-09 01:34:00,90.7,90.75,90.75,90.72,28.77636264
2023-04-09 01:33:00,90.69,90.77,90.71,90.73,157.00285685
2023-04-09 01:32:00,90.63,90.71,90.63,90.71,18.44686802
2023-04-09 01:31:00,90.61,90.64,90.61,90.63,13.35291944
2023-04-09 01:30:00,90.57,90.62,90.59,90.62,15.14116416
2023-04-09 01:29:00,90.58,90.62,90.6,90.6,7.62660167
2023-04-09 01:28:00,90.55,90.6,90.58,90.6,6.72988262
2023-04-09 01:27:00,90.54,90.56,90.54,90.55,6.32578222
2023-04-09 01:26:00,90.54,90.57,90.55,90.54,16.55407198
2023-04-09 01:25:00,90.55,90.58,90.55,90.57,44.58213438
2023-04-09 01:24:00,90.53,90.57,90.55,90.57,5.35740421
2023-04-09 01:23:00,90.55,90.6,90.59,90.55,10.54355931
2023-04-09 01:22:00,90.58,90.62,90.62,90.59,60.07501856
2023-04-09 01:21:00,90.56,90.61,90.56,90.58,20.953459
2023-04-09 01:20:00,90.51,90.54,90.54,90.53,4.77517794
2023-04-09 01:19:00,90.54,90.57,90.57,90.54,4.2427711
2023-04-09 01:18:00,90.57,90.59,90.57,90.57,8.22795131
2023-04-09 01:17:00,90.55,90.61,90.61,90.59,30.6012862
2023-04-09 01:16:00,90.58,90.61,90.59,90.61,70.1951932
2023-04-09 01:15:00,90.59,90.66,90.62,90.6,80.43228493
2023-04-09 01:14:00,90.62,90.68,90.68,90.62,8.82068265
2023-04-09 01:13:00,90.6,90.68,90.61,90.68,127.57765582
2023-04-09 01:12:00,90.52,90.62,90.53,90.62,501.6417576
2023-04-09 01:11:00,90.53,90.57,90.55,90.54,20.34199411
2023-04-09 01:10:00,90.5,90.58,90.5,90.55,43.35841871
2023-04-09 01:09:00,90.45,90.5,90.48,90.5,8.74036924
2023-04-09 01:08:00,90.46,90.48,90.46,90.48,10.15249169
2023-04-09 01:07:00,90.45,90.48,90.45,90.47,71.94371893
2023-04-09 01:06:00,90.46,90.49,90.46,90.48,8.94269217
2023-04-09 01:05:00,90.43,90.46,90.44,90.46,14.33600084
2023-04-09 01:04:00,90.42,90.44,90.44,90.44,17.85181062
2023-04-09 01:03:00,90.4,90.44,90.41,90.44,7.21264199
2023-04-09 01:02:00,90.41,90.43,90.43,90.42,26.85920739
2023-04-09 01:01:00,90.41,90.43,90.43,90.43,12.25498384
2023-04-09 01:00:00,90.41,90.44,90.44,90.43,10.78924617
2023-04-09 00:59:00,90.41,90.43,90.42,90.41,5.88727267
2023-04-09 00:58:00,90.39,90.44,90.41,90.42,61.70965993
2023-04-09 00:57:00,90.4,90.46,90.46,90.41,10.91453409
2023-04-09 00:56:00,90.45,90.48,90.46,90.45,7.01458369
2023-04-09 00:55:00,90.4,90.46,90.42,90.46,6.75975577
2023-04-09 00:54:00,90.41,90.46,90.45,90.42,8.02419754
2023-04-09 00:53:00,90.42,90.45,90.45,90.42,5.11226706
2023-04-09 00:52:00,90.46,90.46,90.46,90.46,23.91727693
2023-04-09 00:51:00,90.42,90.46,90.46,90.44,9.86681033
2023-04-09 00:50:00,90.43,90.5,90.45,90.44,15.10417072
2023-04-09 00:49:00,90.44,90.48,90.46,90.47,4.87791666
2023-04-09 00:48:00,90.42,90.49,90.45,90.45,176.52693093
2023-04-09 00:47:00,90.39,90.45,90.39,90.44,90.13433329
2023-04-09 00:46:00,90.31,90.39,90.32,90.39,42.96107749
2023-04-09 00:45:00,90.32,90.37,90.37,90.32,44.57356381
2023-04-09 00:44:00,90.36,90.4,90.37,90.38,107.32880756
2023-04-09 00:43:00,90.35,90.37,90.37,90.36,2.39169495
2023-04-09 00:42:00,90.31,90.34,90.32,90.34,52.93654058
2023-04-09 00:41:00,90.31,90.33,90.33,90.31,17.86336331
2023-04-09 00:40:00,90.3,90.33,90.3,90.33,15.55680088
2023-04-09 00:39:00,90.31,90.35,90.35,90.31,5.73632223
2023-04-09 00:38:00,90.34,90.37,90.37,90.35,26.53412387
2023-04-09 00:37:00,90.3,90.37,90.33,90.37,15.07808438
2023-04-09 00:36:00,90.31,90.34,90.34,90.32,93.7521668
2023-04-09 00:35:00,90.32,90.35,90.35,90.32,6.07289538
2023-04-09 00:34:00,90.28,90.35,90.29,90.35,15.64751692
2023-04-09 00:33:00,90.31,90.35,90.33,90.34,13.18751739
2023-04-09 00:32:00,90.28,90.38,90.28,90.38,61.15614533
2023-04-09 00:31:00,90.26,90.36,90.36,90.26,3.80267156
2023-04-09 00:30:00,90.35,90.38,90.35,90.35,16.79239459
2023-04-09 00:29:00,90.34,90.38,90.35,90.38,6.94563684
2023-04-09 00:28:00,90.34,90.4,90.38,90.34,28.54481562
2023-04-09 00:27:00,90.34,90.39,90.37,90.37,65.67826557
2023-04-09 00:26:00,90.26,90.37,90.26,90.37,54.94882455
2023-04-09 00:25:00,90.21,90.29,90.27,90.27,78.44580405
2023-04-09 00:24:00,90.22,90.29,90.24,90.27,46.02587958
2023-04-09 00:23:00,90.21,90.24,90.23,90.24,5.70773482
2023-04-09 00:22:00,90.21,90.24,90.23,90.21,22.57380832
2023-04-09 00:21:00,90.2,90.23,90.2,90.21,20.91121464
2023-04-09 00:20:00,90.18,90.21,90.21,90.2,5.79064609
2023-04-09 00:19:00,90.2,90.23,90.22,90.23,45.89182676
2023-04-09 00:18:00,90.16,90.22,90.16,90.22,3.48805976
2023-04-09 00:17:00,90.1,90.16,90.16,90.14,9.57417831
2023-04-09 00:16:00,90.17,90.22,90.21,90.17,38.67754601
2023-04-09 00:15:00,90.18,90.22,90.19,90.19,37.25634514
2023-04-09 00:14:00,90.19,90.2,90.19,90.2,17.81986431
2023-04-09 00:13:00,90.15,90.19,90.18,90.18,12.6988638
2023-04-09 00:12:00,90.18,90.21,90.21,90.19,29.28165321
2023-04-09 00:11:00,90.14,90.2,90.14,90.2,19.87939619
2023-04-09 00:10:00,90.12,90.15,90.12,90.15,23.24022037
2023-04-09 00:09:00,90.03,90.13,90.03,90.13,45.20087042
2023-04-09 00:08:00,90.01,90.06,90.01,90.04,8.97119419
2023-04-09 00:07:00,90.0,90.03,90.0,90.03,61.28034837
2023-04-09 00:06:00,90.02,90.05,90.02,90.02,129.27091303
2023-04-09 00:05:00,89.98,90.02,90.0,90.02,30.19822693
2023-04-09 00:04:00,89.98,90.0,90.0,90.0,4.2274338
2023-04-09 00:03:00,89.96,90.0,89.99,90.0,13.03341339
2023-04-09 00:02:00,89.96,90.03,89.99,89.96,108.68390278
2023-04-09 00:01:00,89.96,90.03,90.03,89.99,49.43472888
2023-04-09 00:00:00,89.95,90.03,89.95,90.03,73.12452894
2023-04-08 23:59:00,89.94,89.97,89.97,89.96,15.34546582
2023-04-08 23:58:00,89.95,90.0,89.99,89.95,7.34744046
2023-04-08 23:57:00,89.92,89.95,89.93,89.95,15.59199102
2023-04-08 23:56:00,89.9,89.95,89.95,89.9,20.11332893
2023-04-08 23:55:00,89.95,90.0,90.0,89.97,90.6663372
2023-04-08 23:54:00,89.98,90.0,90.0,89.99,5.00583202
2023-04-08 23:53:00,89.97,90.0,89.98,90.0,17.40975218
2023-04-08 23:52:00,89.94,89.99,89.99,89.95,11.14160692
2023-04-08 23:51:00,89.94,90.1,90.08,89.98,86.10528322
2023-04-08 23:50:00,90.05,90.1,90.06,90.08,31.72709038
2023-04-08 23:49:00,90.05,90.07,90.07,90.06,7.99202926
2023-04-08 23:48:00,90.05,90.09,90.09,90.05,12.13310248
2023-04-08 23:47:00,90.06,90.09,90.07,90.09,14.59596223
2023-04-08 23:46:00,90.04,90.07,90.04,90.07,2.11739713
2023-04-08 23:45:00,90.04,90.08,90.08,90.07,28.764505
2023-04-08 23:44:00,90.08,90.1,90.09,90.09,9.26472947
2023-04-08 23:43:00,90.06,90.09,90.08,90.07,18.08165808
2023-04-08 23:42:00,89.98,90.07,89.98,90.07,9.78130593
2023-04-08 23:41:00,89.98,90.05,90.04,89.98,21.70687128
2023-04-08 23:40:00,90.01,90.06,90.03,90.03,21.86082165
2023-04-08 23:39:00,90.02,90.05,90.03,90.05,2.71966585
2023-04-08 23:38:00,90.03,90.08,90.08,90.05,23.82525631
2023-04-08 23:37:00,90.0,90.08,90.01,90.08,5.57649435
2023-04-08 23:36:00,89.98,90.08,90.01,90.02,26.3160299
2023-04-08 23:35:00,89.93,90.04,90.04,89.97,11.77609548
2023-04-08 23:34:00,89.96,90.04,89.96,90.02,41.46244621
2023-04-08 23:33:00,89.93,89.99,89.99,89.96,9.28139261
2023-04-08 23:32:00,89.94,90.0,90.0,89.96,96.69464658
2023-04-08 23:31:00,90.01,90.1,90.09,90.01,111.89111265
2023-04-08 23:30:00,90.08,90.12,90.08,90.09,44.17200012
2023-04-08 23:29:00,90.05,90.08,90.08,90.08,6.76888814
2023-04-08 23:28:00,90.07,90.09,90.09,90.08,6.68651877
2023-04-08 23:27:00,90.09,90.14,90.13,90.09,71.83333154
2023-04-08 23:26:00,90.12,90.19,90.19,90.14,8.95827106
2023-04-08 23:25:00,90.18,90.23,90.22,90.18,9.7649748
2023-04-08 23:24:00,90.16,90.23,90.16,90.23,36.13187846
2023-04-08 23:23:00,90.14,90.16,90.16,90.14,5.23160406
2023-04-08 23:22:00,90.15,90.18,90.15,90.16,6.94629462
2023-04-08 23:21:00,90.14,90.18,90.18,90.17,23.93142092
2023-04-08 23:20:00,90.15,90.18,90.16,90.18,10.06858953
2023-04-08 23:19:00,90.16,90.19,90.18,90.18,60.60314332
2023-04-08 23:18:00,90.22,90.26,90.26,90.22,27.4683842
2023-04-08 23:17:00,90.24,90.29,90.29,90.28,50.39884697
2023-04-08 23:16:00,90.24,90.3,90.25,90.28,19.39920456
2023-04-08 23:15:00,90.23,90.26,90.24,90.25,21.18646958
2023-04-08 23:14:00,90.22,90.26,90.25,90.25,19.86012871
2023-04-08 23:13:00,90.24,90.27,90.26,90.24,10.02739526
2023-04-08 23:12:00,90.22,90.28,90.23,90.26,240.91467554
2023-04-08 23:11:00,90.13,90.25,90.16,90.25,141.39411786
2023-04-08 23:10:00,90.12,90.17,90.17,90.17,29.94951028
2023-04-08 23:09:00,90.12,90.17,90.12,90.12,37.20482621
2023-04-08 23:08:00,90.08,90.15,90.09,90.15,89.62543791
2023-04-08 23:07:00,90.05,90.1,90.05,90.09,5.69702906
2023-04-08 23:06:00,90.02,90.06,90.04,90.05,6.23501017
2023-04-08 23:05:00,89.96,90.06,90.06,90.0,97.28312698
2023-04-08 23:04:00,90.02,90.06,90.02,90.06,28.6206352
2023-04-08 23:03:00,89.93,90.03,89.93,90.03,18.74399203
2023-04-08 23:02:00,89.91,89.95,89.91,89.95,20.86731568
2023-04-08 23:01:00,89.91,89.94,89.91,89.93,8.05682659
2023-04-08 23:00:00,89.91,89.95,89.94,89.91,5.29600946
2023-04-08 22:59:00,89.97,90.01,89.99,89.97,86.01097093
2023-04-08 22:58:00,89.96,90.0,89.98,90.0,10.07419079
2023-04-08 22:57:00,89.94,89.97,89.95,89.97,9.45595651
2023-04-08 22:56:00,89.93,89.96,89.93,89.95,64.90087833
2023-04-08 22:55:00,89.9,89.93,89.91,89.93,75.7625348
2023-04-08 22:54:00,89.89,89.94,89.89,89.91,34.12817546
2023-04-08 22:53:00,89.89,89.91,89.91,89.91,13.24726816
2023-04-08 22:52:00,89.87,89.9,89.87,89.9,15.39629421
2023-04-08 22:51:00,89.87,89.9,89.88,89.89,22.73892808
2023-04-08 22:50:00,89.86,89.89,89.87,89.89,44.68477794
2023-04-08 22:49:00,89.87,89.89,89.88,89.89,23.27684716
2023-04-08 22:48:00,89.86,89.88,89.88,89.88,14.49997652
2023-04-08 22:47:00,89.87,89.88,89.88,89.87,19.53330158
2023-04-08 22:46:00,89.84,89.87,89.87,89.87,7.57348399
2023-04-08 22:45:00,89.82,89.86,89.85,89.82,4.10593412
2023-04-08 22:44:00,89.85,89.88,89.87,89.85,8.64371599
2023-04-08 22:43:00,89.85,89.89,89.87,89.89,11.71117567
2023-04-08 22:42:00,89.82,89.89,89.82,89.89,64.95417157
2023-04-08 22:41:00,89.8,89.85,89.81,89.83,11.38909919
2023-04-08 22:40:00,89.78,89.84,89.82,89.8,25.61548543
2023-04-08 22:39:00,89.82,89.84,89.82,89.82,20.22490117
2023-04-08 22:38:00,89.81,89.84,89.81,89.82,45.57441338
2023-04-08 22:37:00,89.71,89.82,89.71,89.81,44.87882516
2023-04-08 22:36:00,89.69,89.71,89.71,89.71,16.84337967
2023-04-08 22:35:00,89.7,89.74,89.73,89.71,17.2569945
2023-04-08 22:34:00,89.7,89.73,89.72,89.73,23.46375395
2023-04-08 22:33:00,89.64,89.72,89.64,89.72,108.55936341
2023-04-08 22:32:00,89.61,89.65,89.61,89.65,66.48430994
2023-04-08 22:31:00,89.61,89.64,89.63,89.61,50.36787373
2023-04-08 22:30:00,89.61,89.65,89.63,89.64,25.36051696
2023-04-08 22:29:00,89.66,89.69,89.68,89.67,10.38637214
2023-04-08 22:28:00,89.65,89.7,89.65,89.68,19.1304196
2023-04-08 22:27:00,89.65,89.72,89.69,89.71,84.57575503
2023-04-08 22:26:00,89.63,89.75,89.75,89.72,101.39246702
2023-04-08 22:25:00,89.75,89.8,89.78,89.79,24.18666465
2023-04-08 22:24:00,89.76,89.82,89.8,89.78,44.36254394
2023-04-08 22:23:00,89.79,89.83,89.83,89.82,35.42029534
2023-04-08 22:22:00,89.81,89.84,89.84,89.83,9.96191658
2023-04-08 22:21:00,89.83,89.86,89.83,89.83,52.91843577
2023-04-08 22:20:00,89.84,89.86,89.86,89.85,9.00598962
2023-04-08 22:19:00,89.83,89.86,89.85,89.85,5.00109691
2023-04-08 22:18:00,89.83,89.87,89.86,89.83,68.37557093
2023-04-08 22:17:00,89.83,89.89,89.87,89.89,16.75359867
2023-04-08 22:16:00,89.85,89.87,89.86,89.87,41.49784412
2023-04-08 22:15:00,89.87,89.93,89.92,89.89,22.3761425
2023-04-08 22:14:00,89.92,89.96,89.95,89.93,16.52761774
2023-04-08 22:13:00,89.93,89.96,89.94,89.96,16.71267733
2023-04-08 22:12:00,89.94,89.97,89.95,89.96,11.62738389
2023-04-08 22:11:00,89.93,89.98,89.95,89.98,17.63154326
2023-04-08 22:10:00,89.94,89.98,89.96,89.96,18.74169749
2023-04-08 22:09:00,89.92,89.98,89.93,89.94,6.81168691
2023-04-08 22:08:00,89.9,89.95,89.91,89.94,8.22467264
2023-04-08 22:07:00,89.89,89.94,89.89,89.9,7.33999254
2023-04-08 22:06:00,89.87,89.91,89.88,89.88,8.46035703
2023-04-08 22:05:00,89.85,89.9,89.88,89.89,61.70306417
2023-04-08 22:04:00,89.86,89.95,89.94,89.86,7.64719554
2023-04-08 22:03:00,89.91,89.98,89.98,89.94,9.80429829
2023-04-08 22:02:00,89.94,90.05,89.99,89.94,68.48523734
2023-04-08 22:01:00,89.97,90.02,90.0,90.02,10.73943243
2023-04-08 22:00:00,89.97,90.02,90.02,90.0,6.7943068
2023-04-08 21:59:00,89.99,90.02,90.0,90.02,16.56170308
2023-04-08 21:58:00,89.98,90.02,90.01,89.98,35.72636231
2023-04-08 21:57:00,90.0,90.03,90.03,90.0,35.21671289
2023-04-08 21:56:00,89.98,90.03,90.01,90.0,28.68260788
2023-04-08 21:55:00,89.98,90.02,90.02,90.02,17.9098203
2023-04-08 21:54:00,89.97,90.02,89.97,89.98,9.11777679
2023-04-08 21:53:00,89.94,90.01,89.97,90.01,13.72569974
2023-04-08 21:52:00,89.93,89.97,89.97,89.97,10.01281193
2023-04-08 21:51:00,89.93,89.97,89.97,89.97,33.77309213
2023-04-08 21:50:00,89.96,89.98,89.97,89.97,5.8552003
2023-04-08 21:49:00,89.92,89.97,89.95,89.97,19.84407596
2023-04-08 21:48:00,89.92,89.95,89.92,89.95,28.39967805
2023-04-08 21:47:00,89.94,89.97,89.97,89.95,9.6917732
2023-04-08 21:46:00,89.96,89.97,89.97,89.96,6.23994214
2023-04-08 21:45:00,89.95,89.98,89.98,89.98,36.25958715
2023-04-08 21:44:00,89.93,89.99,89.96,89.95,137.1782581
2023-04-08 21:43:00,89.96,90.01,89.97,89.99,28.82069279
2023-04-08 21:42:00,89.97,90.04,90.02,90.01,41.97768535
2023-04-08 21:41:00,90.01,90.04,90.04,90.04,19.24902557
2023-04-08 21:40:00,90.01,90.04,90.04,90.04,11.48862369
2023-04-08 21:39:00,90.02,90.05,90.04,90.04,16.7908481
2023-04-08 21:38:00,90.0,90.04,90.03,90.04,29.18607408
2023-04-08 21:37:00,89.98,90.03,90.02,90.03,33.12264215
2023-04-08 21:36:00,89.99,90.03,90.03,89.99,10.36962909
2023-04-08 21:35:00,89.99,90.03,90.02,90.03,14.08782305
2023-04-08 21:34:00,89.98,90.02,90.0,89.98,14.65568828
2023-04-08 21:33:00,89.98,90.02,90.02,90.0,17.44098289
2023-04-08 21:32:00,89.98,90.03,89.99,89.99,74.46629801
2023-04-08 21:31:00,89.99,90.03,89.99,90.03,7.45075004
2023-04-08 21:30:00,89.99,90.03,89.99,90.02,8.28984623
2023-04-09 07:30:00,90.27,90.3,90.27,90.29,24.09217599
2023-04-09 07:29:00,90.28,90.35,90.32,90.28,42.58189685
2023-04-09 07:28:00,90.3,90.35,90.32,90.35,15.55054142
2023-04-09 07:27:00,90.28,90.34,90.3,90.32,5.52191818
2023-04-09 07:26:00,90.29,90.33,90.33,90.29,2.31840172
2023-04-09 07:25:00,90.31,90.36,90.36,90.33,12.91339888
2023-04-09 07:24:00,90.33,90.38,90.35,90.38,16.79531506
2023-04-09 07:23:00,90.33,90.36,90.33,90.34,15.55521309
2023-04-09 07:22:00,90.23,90.34,90.23,90.34,43.2594164
2023-04-09 07:21:00,90.17,90.23,90.23,90.2,20.83655016
2023-04-09 07:20:00,90.19,90.27,90.27,90.21,7.19113737
2023-04-09 07:19:00,90.22,90.27,90.27,90.25,22.56334754
2023-04-09 07:18:00,90.27,90.34,90.34,90.27,14.20132093
2023-04-09 07:17:00,90.31,90.33,90.32,90.32,20.25973656
2023-04-09 07:16:00,90.28,90.32,90.28,90.32,5.52226347
2023-04-09 07:15:00,90.19,90.27,90.19,90.27,8.24368636
2023-04-09 07:14:00,90.18,90.25,90.18,90.19,79.00293489
2023-04-09 07:13:00,90.15,90.18,90.17,90.18,24.39284108
2023-04-09 07:12:00,90.1,90.14,90.13,90.14,25.38384499
2023-04-09 07:11:00,90.12,90.13,90.13,90.12,56.40582388
2023-04-09 07:10:00,90.1,90.13,90.11,90.12,7.74983661
2023-04-09 07:09:00,90.05,90.11,90.06,90.11,1.25254188
2023-04-09 07:08:00,90.0,90.07,90.07,90.07,5.29717366
2023-04-09 07:07:00,90.04,90.07,90.05,90.07,22.62440275
2023-04-09 07:06:00,89.96,90.11,89.97,90.08,21.32713488
2023-04-09 07:05:00,89.91,89.99,89.97,89.97,138.88998322
2023-04-09 07:04:00,89.97,90.05,90.03,89.97,32.52561825
2023-04-09 07:03:00,90.03,90.1,90.1,90.03,16.75392465
2023-04-09 07:02:00,90.11,90.17,90.14,90.11,72.21491714
2023-04-09 07:01:00,90.08,90.16,90.08,90.14,20.22262238
2023-04-09 07:00:00,90.08,90.18,90.18,90.08,58.12687406
2023-04-09 06:59:00,90.12,90.2,90.12,90.2,22.75381951
2023-04-09 06:58:00,90.1,90.18,90.15,90.15,27.29071991
2023-04-09 06:57:00,90.11,90.18,90.17,90.17,114.78107566
2023-04-09 06:56:00,90.15,90.22,90.18,90.22,36.76711354
2023-04-09 06:55:00,90.16,90.26,90.26,90.16,7.68238136
2023-04-09 06:54:00,90.21,90.27,90.21,90.24,13.48247384
2023-04-09 06:53:00,90.17,90.24,90.18,90.24,36.05716076
2023-04-09 06:52:00,90.13,90.24,90.13,90.22,6.37362838
2023-04-09 06:51:00,90.13,90.2,90.2,90.15,32.44385776
2023-04-09 06:50:00,90.2,90.24,90.24,90.2,12.61454587
2023-04-09 06:49:00,90.18,90.24,90.21,90.24,32.55656502
2023-04-09 06:48:00,90.19,90.22,90.21,90.19,2.28840873
2023-04-09 06:47:00,90.22,90.26,90.26,90.22,5.90046923
2023-04-09 06:46:00,90.12,90.27,90.14,90.27,24.47584833
2023-04-09 06:45:00,90.12,90.23,90.12,90.18,49.19272706
2023-04-09 06:44:00,90.12,90.16,90.14,90.12,48.06082693
2023-04-09 06:43:00,90.12,90.17,90.16,90.12,14.83033351
2023-04-09 06:42:00,90.12,90.16,90.12,90.16,5.33453517
2023-04-09 06:41:00,90.13,90.15,90.13,90.13,9.47667227
2023-04-09 06:40:00,90.18,90.2,90.19,90.19,2.86458525
2023-04-09 06:39:00,90.17,90.22,90.18,90.17,14.95551646
2023-04-09 06:38:00,90.21,90.28,90.28,90.23,37.89742007
2023-04-09 06:37:00,90.26,90.3,90.3,90.26,7.39230647
2023-04-09 06:36:00,90.18,90.27,90.27,90.21,53.75628413
2023-04-09 06:35:00,90.25,90.29,90.29,90.27,26.77045457
2023-04-09 06:34:00,90.29,90.34,90.34,90.31,6.84689384
2023-04-09 06:33:00,90.28,90.33,90.3,90.32,12.06747961
2023-04-09 06:32:00,90.27,90.31,90.27,90.31,1.20816992
2023-04-09 06:31:00,90.25,90.33,90.28,90.25,5.58173258
2023-04-09 06:30:00,90.24,90.29,90.24,90.26,59.26686255
2023-04-09 06:29:00,90.23,90.27,90.23,90.27,31.26168459
2023-04-09 06:28:00,90.22,90.27,90.23,90.27,4.73566399
2023-04-09 06:27:00,90.18,90.24,90.2,90.24,61.60692028
2023-04-09 06:26:00,90.14,90.2,90.16,90.2,52.72331501
2023-04-09 06:25:00,90.18,90.25,90.25,90.18,51.83781326
2023-04-09 06:24:00,90.2,90.25,90.2,90.25,56.59556792
2023-04-09 06:23:00,90.18,90.21,90.19,90.21,25.34588822
2023-04-09 06:22:00,90.11,90.18,90.11,90.16,37.18593729
2023-04-09 06:21:00,90.08,90.13,90.1,90.13,11.24255459
2023-04-09 06:20:00,90.09,90.13,90.12,90.09,62.02464511
2023-04-09 06:19:00,90.1,90.15,90.15,90.12,45.50426218
2023-04-09 06:18:00,90.1,90.16,90.1,90.14,36.43258631
2023-04-09 06:17:00,89.99,90.16,89.99,90.12,89.59858174
2023-04-09 06:16:00,90.02,90.12,90.12,90.02,66.63346466
2023-04-09 06:15:00,90.08,90.18,90.18,90.11,30.06126243
2023-04-09 06:14:00,90.14,90.22,90.2,90.15,132.36706173
2023-04-09 06:13:00,90.1,90.17,90.1,90.17,118.60440846
2023-04-09 06:12:00,89.95,90.1,90.09,90.1,141.21289284
2023-04-09 06:11:00,90.05,90.1,90.1,90.1,11.53551527
2023-04-09 06:10:00,90.1,90.18,90.17,90.1,1.55810498
2023-04-09 06:09:00,90.15,90.26,90.26,90.2,22.9913197
2023-04-09 06:08:00,90.18,90.26,90.26,90.24,71.38641579
2023-04-09 06:07:00,90.11,90.32,90.11,90.3,116.91805035
2023-04-09 06:06:00,89.82,90.08,90.03,90.07,54.46012031
2023-04-09 06:05:00,90.07,90.09,90.08,90.08,11.02181009
2023-04-09 06:04:00,90.0,90.11,90.08,90.0,72.09035658
2023-04-09 06:03:00,89.88,90.18,90.18,90.03,189.87084318
2023-04-09 06:02:00,90.08,90.29,90.13,90.16,284.60768694
2023-04-09 06:01:00,90.14,90.6,90.6,90.14,609.52398876
2023-04-09 06:00:00,90.59,90.6,90.59,90.59,9.69496039
2023-04-09 05:59:00,90.58,90.63,90.63,90.59,37.55924688
2023-04-09 05:58:00,90.63,90.64,90.64,90.63,14.72605864
2023-04-09 05:57:00,90.6,90.64,90.64,90.62,24.55072041
2023-04-09 05:56:00,90.59,90.64,90.62,90.64,16.56681955
2023-04-09 05:55:00,90.58,90.6,90.6,90.6,59.44257056
2023-04-09 05:54:00,90.6,90.63,90.62,90.6,25.08939321
2023-04-09 05:53:00,90.62,90.65,90.65,90.65,8.48001435
2023-04-09 05:52:00,90.6,90.66,90.64,90.65,22.72559023
2023-04-09 05:51:00,90.59,90.68,90.68,90.59,113.00993374
2023-04-09 05:50:00,90.62,90.71,90.7,90.62,37.95690036
2023-04-09 05:49:00,90.68,90.71,90.7,90.68,98.16966027
2023-04-09 05:48:00,90.71,90.76,90.74,90.71,32.74614849
2023-04-09 05:47:00,90.73,90.76,90.74,90.76,14.55872768
2023-04-09 05:46:00,90.74,90.78,90.78,90.76,49.90965429
2023-04-09 05:45:00,90.77,90.78,90.77,90.78,18.78530403
2023-04-09 05:44:00,90.76,90.78,90.77,90.77,13.56652611
2023-04-09 05:43:00,90.76,90.81,90.8,90.77,6.0640161
2023-04-09 05:42:00,90.79,90.86,90.86,90.79,23.75724744
2023-04-09 05:41:00,90.85,90.88,90.86,90.86,4.21328456
2023-04-09 05:40:00,90.88,90.93,90.92,90.88,34.57193295
2023-04-09 05:39:00,90.92,90.93,90.93,90.93,7.01311891
2023-04-09 05:38:00,90.84,90.89,90.86,90.89,37.32027199
2023-04-09 05:37:00,90.84,90.87,90.86,90.86,10.88075825
2023-04-09 05:36:00,90.84,90.87,90.86,90.87,9.65360964
2023-04-09 05:35:00,90.84,90.88,90.84,90.88,25.29940765
2023-04-09 05:34:00,90.88,90.88,90.88,90.88,4.10187079
2023-04-09 05:33:00,90.88,90.93,90.89,90.88,140.60826623
2023-04-09 05:32:00,90.9,90.95,90.93,90.9,14.56722123
2023-04-09 05:31:00,90.93,90.95,90.94,90.94,2.24314824
2023-04-09 05:30:00,90.88,90.93,90.91,90.93,19.45134415
2023-04-09 05:29:00,90.86,90.91,90.88,90.89,22.3601617
2023-04-09 05:28:00,90.84,90.88,90.85,90.88,18.98195193
2023-04-09 05:27:00,90.79,90.83,90.8,90.83,14.88123824
2023-04-09 05:26:00,90.78,90.8,90.78,90.8,13.03901203
2023-04-09 05:25:00,90.79,90.81,90.79,90.79,2.2329417
2023-04-09 05:24:00,90.8,90.83,90.83,90.81,8.11345145
2023-04-09 05:23:00,90.8,90.81,90.8,90.81,4.89516208
2023-04-09 05:22:00,90.76,90.8,90.77,90.8,13.78524258
2023-04-09 05:21:00,90.76,90.78,90.76,90.76,8.01691574
2023-04-09 05:20:00,90.76,90.78,90.76,90.78,1.81882132
2023-04-09 05:19:00,90.78,90.81,90.81,90.78,10.34449595
2023-04-09 05:18:00,90.8,90.84,90.84,90.8,3.31217185
2023-04-09 05:17:00,90.82,90.84,90.82,90.82,4.74320103
2023-04-09 05:16:00,90.83,90.87,90.87,90.84,23.01960049
2023-04-09 05:15:00,90.84,90.87,90.85,90.87,13.91354013
2023-04-09 05:14:00,90.74,90.83,90.76,90.83,172.89875842
2023-04-09 05:13:00,90.73,90.77,90.73,90.76,23.08423349
2023-04-09 05:12:00,90.73,90.74,90.73,90.74,9.37888675
2023-04-09 05:11:00,90.71,90.73,90.73,90.71,38.05118133
2023-04-09 05:10:00,90.71,90.73,90.73,90.73,16.32173095
2023-04-09 05:09:00,90.7,90.74,90.73,90.74,16.95387899
2023-04-09 05:08:00,90.69,90.73,90.69,90.73,6.00523677
2023-04-09 05:07:00,90.65,90.69,90.68,90.69,48.84820993
2023-04-09 05:06:00,90.68,90.68,90.68,90.68,1.29297115
2023-04-09 05:05:00,90.69,90.72,90.69,90.72,2.33025813
2023-04-09 05:04:00,90.66,90.69,90.68,90.67,15.23953569
2023-04-09 05:03:00,90.68,90.7,90.7,90.7,2.19938792
2023-04-09 05:02:00,90.7,90.71,90.7,90.7,2.25604074
2023-04-09 05:01:00,90.69,90.72,90.72,90.69,7.0662804
2023-04-09 05:00:00,90.7,90.74,90.71,90.72,12.25208752
2023-04-09 04:59:00,90.69,90.72,90.69,90.71,4.42252376
2023-04-09 04:58:00,90.69,90.72,90.72,90.71,4.01363589
2023-04-09 04:57:00,90.69,90.73,90.73,90.69,76.73102102
2023-04-09 04:56:00,90.73,90.8,90.8,90.74,31.50515831
2023-04-09 04:55:00,90.77,90.82,90.77,90.81,4.47476077
2023-04-09 04:54:00,90.75,90.78,90.78,90.77,25.83093931
2023-04-09 04:53:00,90.75,90.78,90.77,90.75,0.5239236
2023-04-09 04:52:00,90.78,90.81,90.8,90.81,8.17570869
2023-04-09 04:51:00,90.77,90.78,90.78,90.77,22.23887495
2023-04-09 04:50:00,90.75,90.78,90.75,90.78,8.81859552
2023-04-09 04:49:00,90.72,90.73,90.72,90.72,7.85241017
2023-04-09 04:48:00,90.7,90.73,90.71,90.71,10.17637615
2023-04-09 04:47:00,90.69,90.73,90.72,90.71,22.51755585
2023-04-09 04:46:00,90.7,90.73,90.72,90.72,22.7917754
2023-04-09 04:45:00,90.71,90.74,90.72,90.74,2.343767
2023-04-09 04:44:00,90.68,90.76,90.76,90.7,22.21230736
2023-04-09 04:43:00,90.74,90.76,90.75,90.75,7.30785944
2023-04-09 04:42:00,90.75,90.8,90.8,90.75,11.68885959
2023-04-09 04:41:00,90.76,90.8,90.77,90.8,29.81494358
2023-04-09 04:40:00,90.73,90.79,90.74,90.79,10.51200473
2023-04-09 04:39:00,90.73,90.76,90.75,90.73,6.92611139
2023-04-09 04:38:00,90.73,90.76,90.75,90.75,7.45706888
2023-04-09 04:37:00,90.74,90.77,90.77,90.74,20.39952335
2023-04-09 04:36:00,90.76,90.77,90.76,90.76,3.39560421
2023-04-09 04:35:00,90.67,90.71,90.68,90.71,7.85319185
2023-04-09 04:34:00,90.68,90.7,90.7,90.7,2.59971272
2023-04-09 04:33:00,90.67,90.71,90.69,90.7,46.67685974
2023-04-09 04:32:00,90.68,90.79,90.79,90.7,92.55153626
2023-04-09 04:31:00,90.78,90.84,90.84,90.79,24.88432483
2023-04-09 04:30:00,90.83,90.92,90.87,90.83,73.62453408
2023-04-09 04:29:00,90.85,90.9,90.87,90.87,69.1857867
2023-04-09 04:28:00,90.86,90.87,90.87,90.87,11.04656268
2023-04-09 04:27:00,90.82,90.88,90.88,90.87,33.82736543
2023-04-09 04:26:00,90.86,90.89,90.89,90.87,21.22352771
2023-04-09 04:25:00,90.79,90.88,90.8,90.88,31.43690733
2023-04-09 04:24:00,90.79,90.8,90.8,90.8,8.02569449
2023-04-09 04:23:00,90.8,90.83,90.83,90.8,8.06920546
2023-04-09 04:22:00,90.81,90.83,90.83,90.82,34.14189425
2023-04-09 04:21:00,90.82,90.83,90.83,90.83,0.75794996
2023-04-09 04:20:00,90.82,90.84,90.82,90.83,12.12893051
2023-04-09 04:19:00,90.82,90.84,90.84,90.82,8.5983494
2023-04-09 04:18:00,90.84,90.92,90.91,90.84,5.84077225
2023-04-09 04:17:00,90.91,90.94,90.94,90.91,4.38826114
2023-04-09 04:16:00,90.89,90.95,90.93,90.95,9.42021118
2023-04-09 04:15:00,90.81,90.94,90.81,90.93,152.40917516
2023-04-09 04:14:00,90.81,90.83,90.81,90.83,5.59620044
2023-04-09 04:13:00,90.8,90.84,90.83,90.83,32.86170688
2023-04-09 04:12:00,90.8,90.83,90.81,90.83,4.05866286
2023-04-09 04:11:00,90.8,90.82,90.8,90.81,7.54494316
2023-04-09 04:10:00,90.8,90.83,90.82,90.81,19.37114468
2023-04-09 04:09:00,90.8,90.83,90.81,90.8,10.71569584
2023-04-09 04:08:00,90.8,90.84,90.84,90.8,9.38406506
2023-04-09 04:07:00,90.77,90.85,90.79,90.83,190.09944671
2023-04-09 04:06:00,90.78,90.79,90.78,90.79,2.50984953
2023-04-09 04:05:00,90.76,90.79,90.76,90.79,12.99871302
2023-04-09 04:04:00,90.75,90.78,90.77,90.77,2.95752939
2023-04-09 04:03:00,90.75,90.77,90.77,90.76,6.37351052
2023-04-09 04:02:00,90.75,90.77,90.76,90.77,8.86282015
2023-04-09 04:01:00,90.76,90.77,90.77,90.76,5.06133931
2023-04-09 04:00:00,90.7,90.75,90.74,90.75,23.33352309
2023-04-09 03:59:00,90.67,90.75,90.68,90.75,34.40211761
2023-04-09 03:58:00,90.69,90.71,90.71,90.71,4.95540843
2023-04-09 03:57:00,90.71,90.75,90.75,90.71,2.9612514
2023-04-09 03:56:00,90.71,90.76,90.76,90.74,16.35011464
2023-04-09 03:55:00,90.74,90.75,90.74,90.75,8.32748125
2023-04-09 03:54:00,90.74,90.77,90.76,90.74,6.35487396
2023-04-09 03:53:00,90.72,90.76,90.72,90.76,61.23293914
2023-04-09 03:52:00,90.72,90.74,90.72,90.73,10.20818373
2023-04-09 03:51:00,90.72,90.74,90.74,90.72,2.7172628
2023-04-09 03:50:00,90.69,90.73,90.69,90.73,21.84700977
2023-04-09 03:49:00,90.66,90.7,90.69,90.69,14.42085662
2023-04-09 03:48:00,90.69,90.7,90.7,90.7,13.64674579
2023-04-09 03:47:00,90.7,90.72,90.71,90.7,4.72264642
2023-04-09 03:46:00,90.7,90.73,90.72,90.71,59.9762722
2023-04-09 03:45:00,90.72,90.73,90.73,90.73,29.65424446
2023-04-09 03:44:00,90.71,90.74,90.74,90.72,11.24494285
2023-04-09 03:43:00,90.74,90.76,90.76,90.76,8.08223099
2023-04-09 03:42:00,90.72,90.76,90.72,90.76,10.47926327
2023-04-09 03:41:00,90.7,90.74,90.73,90.7,35.49013693
2023-04-09 03:40:00,90.71,90.74,90.73,90.71,20.41387708
2023-04-09 03:39:00,90.72,90.72,90.72,90.72,22.59975707
2023-04-09 03:38:00,90.7,90.74,90.72,90.72,16.21648099
2023-04-09 03:37:00,90.7,90.72,90.71,90.72,6.21002804
2023-04-09 03:36:00,90.7,90.72,90.72,90.7,174.57348008
2023-04-09 03:35:00,90.71,90.73,90.73,90.72,16.12415936
2023-04-09 03:34:00,90.74,90.77,90.76,90.76,8.95880195
2023-04-09 03:33:00,90.74,90.77,90.75,90.77,34.65788357
2023-04-09 03:32:00,90.74,90.77,90.74,90.76,4.69792295
2023-04-09 03:31:00,90.73,90.77,90.73,90.77,33.14061824
2023-04-09 03:30:00,90.7,90.72,90.72,90.71,7.06155714
2023-04-09 03:29:00,90.66,90.72,90.66,90.72,11.51735262
2023-04-09 03:28:00,90.66,90.66,90.66,90.66,2.24139113
2023-04-09 03:27:00,90.61,90.66,90.63,90.66,35.4308625
2023-04-09 03:26:00,90.59,90.63,90.61,90.63,3.79492821
2023-04-09 03:25:00,90.58,90.61,90.6,90.61,5.87737867
2023-04-09 03:24:00,90.58,90.64,90.62,90.58,33.2079874
2023-04-09 03:23:00,90.6,90.64,90.63,90.64,13.53103813
2023-04-09 03:22:00,90.61,90.65,90.63,90.61,23.75606479
2023-04-09 03:21:00,90.62,90.64,90.64,90.64,21.85589537
2023-04-09 03:20:00,90.59,90.64,90.62,90.64,23.04618393
2023-04-09 03:19:00,90.57,90.59,90.58,90.57,8.48157844
2023-04-09 03:18:00,90.58,90.59,90.58,90.58,5.96004139
2023-04-09 03:17:00,90.56,90.61,90.61,90.58,17.50627678
2023-04-09 03:16:00,90.58,90.63,90.63,90.59,18.40744184
2023-04-09 03:15:00,90.61,90.63,90.61,90.63,5.983364
2023-04-09 03:14:00,90.59,90.61,90.61,90.61,10.47768032
2023-04-09 03:13:00,90.59,90.62,90.61,90.6,11.71805772
2023-04-09 03:12:00,90.59,90.61,90.61,90.59,10.5118034
2023-04-09 03:11:00,90.57,90.6,90.6,90.59,14.80071081
2023-04-09 03:10:00,90.56,90.61,90.56,90.59,15.38476259
2023-04-09 03:09:00,90.57,90.63,90.63,90.59,64.7990687
2023-04-09 03:08:00,90.61,90.64,90.63,90.61,24.85717925
2023-04-09 03:07:00,90.6,90.64,90.63,90.61,20.39845709
2023-04-09 03:06:00,90.62,90.65,90.65,90.63,119.22725256
2023-04-09 03:05:00,90.65,90.71,90.7,90.65,31.97991828
2023-04-09 03:04:00,90.67,90.7,90.7,90.67,36.22876275
2023-04-09 03:03:00,90.67,90.7,90.67,90.69,34.4222736
2023-04-09 03:02:00,90.66,90.69,90.66,90.67,8.51196604
2023-04-09 03:01:00,90.64,90.66,90.64,90.66,42.49874639
2023-04-09 03:00:00,90.6,90.66,90.62,90.63,105.74301005
2023-04-09 02:59:00,90.58,90.62,90.61,90.62,15.55160302
2023-04-09 02:58:00,90.57,90.61,90.6,90.61,18.74525517
2023-04-09 02:57:00,90.52,90.61,90.52,90.61,16.58841025
2023-04-09 02:56:00,90.47,90.59,90.49,90.54,440.34101234
2023-04-09 02:55:00,90.49,90.5,90.5,90.49,8.35218942
2023-04-09 02:54:00,90.49,90.51,90.51,90.51,19.28681669
2023-04-09 02:53:00,90.5,90.51,90.51,90.51,6.14514915
2023-04-09 02:52:00,90.49,90.51,90.51,90.51,9.09884974
2023-04-09 02:51:00,90.46,90.51,90.49,90.51,31.00805687
2023-04-09 02:50:00,90.47,90.49,90.49,90.49,9.50804394
2023-04-09 02:49:00,90.47,90.5,90.5,90.48,3.60202803
2023-04-09 02:48:00,90.48,90.58,90.58,90.51,82.29100655
2023-04-09 02:47:00,90.56,90.59,90.56,90.59,10.86400536
2023-04-09 02:46:00,90.52,90.57,90.57,90.56,41.64591422
2023-04-09 02:45:00,90.56,90.58,90.57,90.57,7.29605446
2023-04-09 02:44:00,90.56,90.59,90.59,90.57,15.80139947
2023-04-09 02:43:00,90.58,90.6,90.6,90.59,10.00484201
2023-04-09 02:42:00,90.57,90.6,90.57,90.58,12.16037234
2023-04-09 02:41:00,90.54,90.57,90.56,90.57,11.43960396
2023-04-09 02:40:00,90.55,90.62,90.56,90.56,8.11119304
2023-04-09 02:39:00,90.54,90.57,90.54,90.57,25.92391902
2023-04-09 02:38:00,90.52,90.57,90.55,90.56,25.75576485
2023-04-09 02:37:00,90.54,90.56,90.56,90.54,7.42654666
2023-04-09 02:36:00,90.52,90.56,90.52,90.56,5.05153179
2023-04-09 02:35:00,90.52,90.58,90.55,90.52,53.25931321
2023-04-09 02:34:00,90.53,90.56,90.56,90.55,9.68530536
2023-04-09 02:33:00,90.54,90.6,90.59,90.55,62.34621805
2023-04-09 02:32:00,90.58,90.69,90.67,90.58,69.47803777
2023-04-09 02:31:00,90.66,90.69,90.67,90.67,38.03705961
2023-04-09 02:30:00,90.63,90.69,90.63,90.67,5.54961374
2023-04-09 12:30:00,90.45,90.52,90.46,90.45,1.51512758
2023-04-09 12:29:00,90.47,90.56,90.55,90.47,21.42271227
2023-04-09 12:28:00,90.46,90.57,90.46,90.56,136.47163173
2023-04-09 12:27:00,90.46,90.52,90.52,90.48,70.86092808
2023-04-09 12:26:00,90.51,90.53,90.51,90.52,43.11168921
2023-04-09 12:24:00,90.43,90.47,90.47,90.43,29.03737004
2023-04-09 12:23:00,90.44,90.51,90.44,90.46,81.98656219
2023-04-09 12:22:00,90.31,90.45,90.31,90.45,135.21934788
2023-04-09 12:21:00,90.29,90.31,90.31,90.3,10.38516266
2023-04-09 12:20:00,90.29,90.31,90.31,90.31,11.15838109
2023-04-09 12:19:00,90.28,90.31,90.3,90.29,14.33545801
2023-04-09 12:18:00,90.22,90.3,90.23,90.28,47.15720193
2023-04-09 12:17:00,90.24,90.24,90.24,90.24,6.63230915
2023-04-09 12:16:00,90.23,90.26,90.25,90.24,4.52356548
2023-04-09 12:15:00,90.24,90.29,90.25,90.29,16.29953806
2023-04-09 12:14:00,90.24,90.24,90.24,90.24,2.71994465
2023-04-09 12:13:00,90.2,90.24,90.24,90.2,1.01449067
2023-04-09 12:12:00,90.22,90.24,90.24,90.24,28.56434612
2023-04-09 12:11:00,90.24,90.28,90.24,90.26,56.96718117
2023-04-09 12:10:00,90.26,90.26,90.26,90.26,4.05584926
2023-04-09 12:09:00,90.23,90.27,90.27,90.23,48.07848983
2023-04-09 12:08:00,90.27,90.31,90.3,90.27,101.77602623
2023-04-09 12:07:00,90.29,90.33,90.31,90.31,9.15354506
2023-04-09 12:06:00,90.33,90.35,90.35,90.35,22.2869786
2023-04-09 12:05:00,90.32,90.35,90.32,90.35,17.69848882
2023-04-09 12:04:00,90.23,90.4,90.24,90.36,1000.42380999
2023-04-09 12:03:00,90.23,90.23,90.23,90.23,9.18995071
2023-04-09 12:02:00,90.21,90.23,90.22,90.23,11.27847585
2023-04-09 12:01:00,90.2,90.23,90.23,90.22,5.44249869
2023-04-09 12:00:00,90.2,90.28,90.26,90.21,22.46136903
2023-04-09 11:59:00,90.23,90.27,90.23,90.26,46.36533643
2023-04-09 11:58:00,90.2,90.24,90.2,90.24,58.08239869
2023-04-09 11:57:00,90.18,90.23,90.21,90.18,25.38159606
2023-04-09 11:56:00,90.16,90.21,90.16,90.21,5.48556135
2023-04-09 11:55:00,90.17,90.24,90.17,90.2,81.27083949
2023-04-09 11:54:00,90.14,90.18,90.18,90.16,6.01829019
2023-04-09 11:53:00,90.15,90.2,90.2,90.17,30.46633829
2023-04-09 11:52:00,90.16,90.18,90.18,90.17,28.86052006
2023-04-09 11:51:00,90.14,90.17,90.17,90.16,22.66412381
2023-04-09 11:50:00,90.13,90.17,90.14,90.17,13.08298318
2023-04-09 11:49:00,90.14,90.17,90.16,90.15,5.2701675
2023-04-09 11:48:00,90.15,90.19,90.17,90.15,40.32238341
2023-04-09 11:47:00,90.09,90.16,90.09,90.16,32.99274201
2023-04-09 11:46:00,90.08,90.14,90.08,90.11,132.23019266
2023-04-09 11:45:00,90.05,90.08,90.05,90.07,8.27742235
2023-04-09 11:44:00,90.04,90.07,90.04,90.07,0.84810033
2023-04-09 11:43:00,90.03,90.05,90.05,90.03,0.6235657
2023-04-09 11:42:00,90.04,90.08,90.04,90.06,86.71478067
2023-04-09 11:41:00,90.02,90.04,90.03,90.03,40.56585484
2023-04-09 11:40:00,89.98,90.02,89.98,90.02,27.87907449
2023-04-09 11:39:00,90.02,90.05,90.03,90.05,23.23418753
2023-04-09 11:38:00,89.99,90.02,89.99,90.02,19.87671558
2023-04-09 11:37:00,90.04,90.07,90.07,90.04,2.74183699
2023-04-09 11:36:00,90.02,90.06,90.02,90.06,3.58426721
2023-04-09 11:35:00,89.98,90.02,90.01,90.01,27.02412825
2023-04-09 11:34:00,90.0,90.02,90.01,90.0,7.67971988
2023-04-09 11:33:00,89.98,90.01,90.0,90.01,2.7552206
2023-04-09 11:32:00,89.98,90.0,89.99,90.0,7.48241995
2023-04-09 11:31:00,89.93,89.99,89.93,89.97,24.88295279
2023-04-09 11:30:00,89.92,89.95,89.95,89.93,4.58551281
2023-04-09 11:29:00,89.95,89.97,89.97,89.95,1.63949663
2023-04-09 11:27:00,89.94,89.97,89.94,89.95,3.83185192
2023-04-09 11:25:00,89.98,90.01,89.98,89.99,5.15428558
2023-04-09 11:24:00,89.99,90.01,90.01,90.01,5.2677405
2023-04-09 11:23:00,89.97,90.01,89.97,90.01,8.98482352
2023-04-09 11:22:00,89.96,89.97,89.96,89.97,2.77271013
2023-04-09 11:21:00,89.95,90.01,90.01,89.97,7.08799184
2023-04-09 11:20:00,90.0,90.0,90.0,90.0,0.09187809
2023-04-09 11:19:00,90.02,90.04,90.03,90.04,23.09563363
2023-04-09 11:18:00,90.02,90.03,90.03,90.03,6.28541546
2023-04-09 11:17:00,90.0,90.03,90.0,90.02,33.08976751
2023-04-09 11:16:00,89.94,90.03,89.95,90.0,44.02279332
2023-04-09 11:15:00,89.93,89.96,89.93,89.94,5.06560791
2023-04-09 11:14:00,89.93,89.93,89.93,89.93,0.49041669
2023-04-09 11:13:00,89.94,89.94,89.94,89.94,0.39637425
2023-04-09 11:12:00,89.94,89.95,89.95,89.94,2.49512778
2023-04-09 11:11:00,89.92,89.93,89.92,89.93,5.29209496
2023-04-09 11:10:00,89.92,89.95,89.95,89.93,6.16933909
2023-04-09 11:09:00,89.94,89.99,89.94,89.99,2.67773646
2023-04-09 11:08:00,89.92,89.97,89.97,89.94,4.48414936
2023-04-09 11:07:00,89.98,89.99,89.99,89.98,4.13501998
2023-04-09 11:06:00,89.98,90.0,89.98,89.99,6.06498248
2023-04-09 11:05:00,89.98,90.02,89.98,90.01,4.52677296
2023-04-09 11:04:00,89.97,89.99,89.99,89.97,3.97283572
2023-04-09 11:02:00,89.92,89.99,89.92,89.99,4.11738788
2023-04-09 11:01:00,89.87,89.92,89.87,89.92,31.9864884
2023-04-09 11:00:00,89.91,89.93,89.91,89.93,10.8228972
2023-04-09 10:59:00,89.9,89.98,89.98,89.91,39.56972437
2023-04-09 10:58:00,89.89,89.98,89.89,89.98,56.41368965
2023-04-09 10:57:00,89.88,89.97,89.91,89.88,160.79441933
2023-04-09 10:56:00,89.88,90.0,90.0,89.89,99.69042396
2023-04-09 10:55:00,90.0,90.01,90.01,90.01,5.40394227
2023-04-09 10:54:00,89.99,90.03,90.01,89.99,6.17832449
2023-04-09 10:53:00,89.98,90.05,90.0,90.05,217.02285659
2023-04-09 10:52:00,90.0,90.03,90.03,90.0,67.68010705
2023-04-09 10:51:00,90.0,90.08,90.08,90.03,193.78612899
2023-04-09 10:50:00,90.12,90.14,90.12,90.14,1.53450811
2023-04-09 10:48:00,90.11,90.14,90.11,90.14,0.29679845
2023-04-09 10:47:00,90.09,90.1,90.09,90.09,1.94203457
2023-04-09 10:46:00,90.08,90.08,90.08,90.08,8.59259609
2023-04-09 10:45:00,90.05,90.09,90.09,90.09,6.44888561
2023-04-09 10:44:00,90.06,90.1,90.08,90.07,81.67215019
2023-04-09 10:43:00,90.05,90.06,90.05,90.06,0.12237789
2023-04-09 10:42:00,90.01,90.07,90.03,90.03,25.39815349
2023-04-09 10:41:00,90.03,90.03,90.03,90.03,0.10996335
2023-04-09 10:40:00,89.98,90.04,89.98,90.02,10.72122606
2023-04-09 10:39:00,90.01,90.01,90.01,90.01,67.91829474
2023-04-09 10:37:00,89.97,90.01,89.99,90.01,8.18243944
2023-04-09 10:36:00,89.99,90.01,90.01,90.01,0.74502857
2023-04-09 10:35:00,90.01,90.03,90.03,90.02,25.7235998
2023-04-09 10:34:00,89.96,89.98,89.96,89.98,18.3362111
2023-04-09 10:33:00,89.94,89.98,89.94,89.96,1.96177447
2023-04-09 10:32:00,89.94,89.97,89.97,89.94,19.02735299
2023-04-09 10:31:00,89.96,90.0,89.97,89.98,25.28035338
2023-04-09 10:30:00,90.0,90.03,90.03,90.0,1.08251955
2023-04-09 10:29:00,90.03,90.04,90.04,90.03,0.25512614
2023-04-09 10:28:00,90.0,90.03,90.0,90.01,1.91535107
2023-04-09 10:27:00,90.01,90.04,90.02,90.01,24.23736965
2023-04-09 10:26:00,90.0,90.04,90.03,90.03,43.20967321
2023-04-09 10:25:00,90.03,90.07,90.07,90.03,0.53449254
2023-04-09 10:24:00,90.03,90.08,90.04,90.08,8.19848893
2023-04-09 10:23:00,90.02,90.05,90.05,90.04,13.98478551
2023-04-09 10:22:00,90.04,90.07,90.04,90.07,11.90410643
2023-04-09 10:21:00,90.02,90.07,90.05,90.06,5.32742032
2023-04-09 10:20:00,89.94,89.98,89.98,89.98,36.20766776
2023-04-09 10:19:00,89.99,90.04,90.02,90.0,15.15256399
2023-04-09 10:18:00,90.02,90.07,90.05,90.02,11.48233124
2023-04-09 10:17:00,90.02,90.04,90.04,90.04,7.42602656
2023-04-09 10:16:00,90.04,90.07,90.07,90.04,2.44208359
2023-04-09 10:15:00,90.02,90.04,90.04,90.03,60.04462539
2023-04-09 10:14:00,90.01,90.08,90.01,90.07,1.20961027
2023-04-09 10:13:00,89.99,90.03,90.02,89.99,0.80955706
2023-04-09 10:12:00,89.99,90.03,90.01,90.03,25.97336119
2023-04-09 10:11:00,89.98,90.01,89.98,90.01,11.37625434
2023-04-09 10:10:00,89.93,89.95,89.95,89.95,2.20680417
2023-04-09 10:09:00,89.92,89.96,89.92,89.96,1.64119219
2023-04-09 10:08:00,89.91,89.92,89.91,89.92,10.48921258
2023-04-09 10:07:00,89.93,89.93,89.93,89.93,0.69101043
2023-04-09 10:06:00,89.92,89.95,89.95,89.93,28.98751664
2023-04-09 10:05:00,89.93,89.95,89.93,89.95,0.51844671
2023-04-09 10:04:00,89.93,89.97,89.97,89.93,19.78197414
2023-04-09 10:03:00,89.98,89.99,89.99,89.98,3.23533165
2023-04-09 10:02:00,90.0,90.02,90.02,90.0,1.39216201
2023-04-09 10:01:00,89.97,90.02,89.99,90.0,14.41474967
2023-04-09 10:00:00,89.96,90.01,90.0,89.99,34.15981573
2023-04-09 09:59:00,90.0,90.01,90.01,90.01,2.75268523
2023-04-09 09:58:00,89.98,90.01,89.98,90.01,1.82384135
2023-04-09 09:57:00,89.97,89.98,89.98,89.97,1.33123053
2023-04-09 09:56:00,89.96,89.98,89.97,89.96,21.61664591
2023-04-09 09:55:00,89.95,89.98,89.98,89.95,35.18254061
2023-04-09 09:54:00,89.97,89.99,89.99,89.97,2.46845861
2023-04-09 09:53:00,89.98,90.0,89.98,90.0,0.31454005
2023-04-09 09:52:00,89.95,89.99,89.96,89.99,29.26435119
2023-04-09 09:51:00,89.97,89.98,89.98,89.97,14.60063056
2023-04-09 09:50:00,89.97,90.0,89.98,89.98,21.43434983
2023-04-09 09:49:00,89.97,90.02,89.97,90.01,26.19508098
2023-04-09 09:48:00,89.94,89.97,89.95,89.97,124.09906758
2023-04-09 09:47:00,89.94,89.95,89.94,89.94,33.92386491
2023-04-09 09:46:00,89.93,89.97,89.97,89.94,339.84525513
2023-04-09 09:45:00,89.94,89.99,89.97,89.96,178.98622744
2023-04-09 09:44:00,89.96,89.98,89.98,89.97,37.58349018
2023-04-09 09:43:00,89.98,90.02,90.02,89.99,78.34326689
2023-04-09 09:42:00,89.95,90.0,89.95,90.0,226.32473156
2023-04-09 09:41:00,89.93,89.97,89.93,89.97,133.64531599
2023-04-09 09:40:00,89.91,89.93,89.93,89.92,6.89141028
2023-04-09 09:39:00,89.86,89.93,89.91,89.93,192.06339026
2023-04-09 09:38:00,89.9,89.94,89.94,89.9,18.94293358
2023-04-09 09:37:00,89.92,89.97,89.96,89.92,38.90012764
2023-04-09 09:36:00,89.91,89.95,89.91,89.95,185.74178834
2023-04-09 09:35:00,89.9,89.92,89.92,89.91,11.08058917
2023-04-09 09:34:00,89.92,89.94,89.94,89.93,18.63958938
2023-04-09 09:33:00,89.93,89.94,89.94,89.94,4.61949664
2023-04-09 09:32:00,89.93,89.94,89.93,89.94,2.95331522
2023-04-09 09:31:00,89.93,89.94,89.94,89.93,2.8746509
2023-04-09 09:30:00,89.92,89.97,89.97,89.94,7.62541723
2023-04-09 09:29:00,89.98,89.99,89.99,89.98,1.84356458
2023-04-09 09:28:00,89.98,90.04,90.02,89.99,52.31938832
2023-04-09 09:27:00,90.02,90.05,90.04,90.02,3.45854384
2023-04-09 09:26:00,90.03,90.05,90.04,90.05,24.11648597
2023-04-09 09:25:00,90.02,90.13,90.13,90.03,16.81638861
2023-04-09 09:24:00,90.04,90.12,90.06,90.12,221.86390957
2023-04-09 09:23:00,90.08,90.1,90.09,90.08,3.55093503
2023-04-09 09:22:00,90.09,90.11,90.11,90.11,14.00660011
2023-04-09 09:21:00,90.11,90.12,90.12,90.11,9.21255277
2023-04-09 09:20:00,90.09,90.12,90.11,90.11,10.19271343
2023-04-09 09:19:00,90.08,90.11,90.11,90.08,4.04167203
2023-04-09 09:18:00,90.13,90.23,90.23,90.13,42.2025537
2023-04-09 09:17:00,90.22,90.25,90.25,90.25,7.10320992
2023-04-09 09:16:00,90.19,90.25,90.19,90.25,28.8523531
2023-04-09 09:15:00,90.19,90.2,90.2,90.2,37.92850396
2023-04-09 09:14:00,90.18,90.2,90.19,90.2,3.988303
2023-04-09 09:13:00,90.2,90.22,90.22,90.21,14.71597436
2023-04-09 09:12:00,90.2,90.22,90.22,90.2,0.7254863
2023-04-09 09:11:00,90.2,90.21,90.21,90.21,8.36301407
2023-04-09 09:10:00,90.18,90.21,90.21,90.18,9.2192103
2023-04-09 09:09:00,90.19,90.22,90.2,90.22,8.69559333
2023-04-09 09:08:00,90.18,90.2,90.2,90.2,11.049585
2023-04-09 09:07:00,90.18,90.2,90.18,90.2,4.46746011
2023-04-09 09:06:00,90.17,90.18,90.18,90.17,1.54485448
2023-04-09 09:05:00,90.17,90.19,90.19,90.19,6.25049271
2023-04-09 09:04:00,90.16,90.19,90.16,90.19,5.46474812
2023-04-09 09:03:00,90.17,90.19,90.18,90.19,8.44657609
2023-04-09 09:02:00,90.17,90.21,90.17,90.19,148.36981507
2023-04-09 09:01:00,90.13,90.17,90.13,90.15,7.99907235
2023-04-09 09:00:00,90.18,90.2,90.18,90.18,40.56003972
2023-04-09 08:59:00,90.17,90.2,90.2,90.18,2.41785496
2023-04-09 08:58:00,90.15,90.19,90.16,90.19,3.74392507
2023-04-09 08:57:00,90.15,90.17,90.15,90.15,10.49863954
2023-04-09 08:56:00,90.17,90.17,90.17,90.17,0.29856839
2023-04-09 08:55:00,90.13,90.17,90.13,90.17,1.76448179
2023-04-09 08:54:00,90.14,90.15,90.14,90.14,0.43953149
2023-04-09 08:53:00,90.17,90.18,90.18,90.18,2.76380353
2023-04-09 08:52:00,90.1,90.18,90.1,90.18,23.49673006
2023-04-09 08:51:00,90.01,90.09,90.04,90.09,25.40288701
2023-04-09 08:50:00,89.98,90.02,90.0,90.02,21.70766489
2023-04-09 08:49:00,89.88,90.04,89.91,90.04,155.64127888
2023-04-09 08:48:00,89.94,90.07,90.07,89.94,22.72883727
2023-04-09 08:47:00,90.06,90.11,90.11,90.06,51.01832438
2023-04-09 08:46:00,90.04,90.12,90.04,90.09,38.54968665
2023-04-09 08:45:00,90.0,90.03,90.02,90.02,19.77311936
2023-04-09 08:44:00,89.98,90.05,90.01,90.02,9.6514755
2023-04-09 08:43:00,90.0,90.03,90.01,90.02,14.32308448
2023-04-09 08:42:00,90.0,90.05,90.05,90.03,37.09360535
2023-04-09 08:41:00,90.05,90.08,90.08,90.08,6.07259695
2023-04-09 08:40:00,90.06,90.06,90.06,90.06,0.02186702
2023-04-09 08:39:00,90.09,90.12,90.12,90.09,4.77205634
2023-04-09 08:38:00,90.11,90.19,90.19,90.11,249.21815664
2023-04-09 08:37:00,90.17,90.2,90.19,90.2,13.03101952
2023-04-09 08:36:00,90.16,90.19,90.18,90.19,34.40181787
2023-04-09 08:35:00,90.15,90.2,90.15,90.18,3.33269805
2023-04-09 08:34:00,90.14,90.15,90.15,90.15,20.31697067
2023-04-09 08:33:00,90.08,90.16,90.1,90.16,10.32711842
2023-04-09 08:32:00,90.08,90.14,90.14,90.08,2.85418182
2023-04-09 08:31:00,90.03,90.15,90.03,90.11,17.67443574
2023-04-09 08:30:00,90.03,90.09,90.09,90.06,130.70950022
2023-04-09 08:29:00,90.03,90.13,90.03,90.09,37.93764175
2023-04-09 08:28:00,90.03,90.15,90.15,90.03,75.23057741
2023-04-09 08:27:00,90.12,90.17,90.12,90.16,8.62616307
2023-04-09 08:26:00,90.1,90.14,90.14,90.12,75.70453981
2023-04-09 08:25:00,90.13,90.18,90.18,90.15,8.32079029
2023-04-09 08:24:00,90.13,90.19,90.15,90.19,4.54294868
2023-04-09 08:23:00,90.14,90.16,90.16,90.16,1.75693287
2023-04-09 08:22:00,90.13,90.16,90.14,90.16,32.72505614
2023-04-09 08:21:00,90.11,90.14,90.11,90.14,5.66220305
2023-04-09 08:20:00,90.1,90.25,90.25,90.1,139.69111598
2023-04-09 08:19:00,90.25,90.27,90.25,90.27,4.31550318
2023-04-09 08:18:00,90.25,90.27,90.25,90.27,6.21623202
2023-04-09 08:17:00,90.27,90.29,90.28,90.29,3.20729729
2023-04-09 08:16:00,90.24,90.28,90.28,90.25,29.88063442
2023-04-09 08:15:00,90.22,90.25,90.25,90.22,10.11141003
2023-04-09 08:14:00,90.25,90.29,90.28,90.25,3.74869846
2023-04-09 08:13:00,90.27,90.28,90.27,90.28,1.43373113
2023-04-09 08:12:00,90.28,90.31,90.29,90.28,3.7063643
2023-04-09 08:11:00,90.27,90.3,90.3,90.29,32.53522718
2023-04-09 08:10:00,90.25,90.3,90.27,90.3,16.02237632
2023-04-09 08:09:00,90.29,90.31,90.3,90.29,31.20938555
2023-04-09 08:08:00,90.27,90.3,90.29,90.3,79.6868841
2023-04-09 08:07:00,90.31,90.34,90.32,90.32,7.59099446
2023-04-09 08:06:00,90.3,90.31,90.3,90.31,4.25271816
2023-04-09 08:05:00,90.28,90.3,90.28,90.3,4.74175072
2023-04-09 08:04:00,90.28,90.31,90.31,90.28,10.77734353
2023-04-09 08:03:00,90.25,90.3,90.26,90.3,44.62335858
2023-04-09 08:02:00,90.27,90.31,90.31,90.27,9.72355178
2023-04-09 08:01:00,90.26,90.29,90.29,90.28,65.44670739
2023-04-09 08:00:00,90.3,90.3,90.3,90.3,0.33067464
2023-04-09 07:59:00,90.26,90.28,90.26,90.26,3.78229968
2023-04-09 07:58:00,90.27,90.32,90.32,90.27,20.09250349
2023-04-09 07:57:00,90.26,90.31,90.31,90.26,64.72618309
2023-04-09 07:56:00,90.29,90.32,90.32,90.29,4.5268493
2023-04-09 07:55:00,90.29,90.33,90.33,90.32,6.58040647
2023-04-09 07:54:00,90.33,90.38,90.38,90.36,6.7537698
2023-04-09 07:53:00,90.36,90.39,90.39,90.38,12.01637417
2023-04-09 07:52:00,90.31,90.38,90.34,90.38,6.46654349
2023-04-09 07:51:00,90.33,90.35,90.35,90.34,2.96741959
2023-04-09 07:50:00,90.31,90.33,90.33,90.31,8.19408238
2023-04-09 07:49:00,90.32,90.35,90.35,90.34,6.60199381
2023-04-09 07:48:00,90.34,90.38,90.34,90.34,13.22670427
2023-04-09 07:47:00,90.34,90.38,90.38,90.34,3.9548863
2023-04-09 07:46:00,90.32,90.38,90.32,90.38,0.85450267
2023-04-09 07:45:00,90.33,90.39,90.36,90.33,9.17679185
2023-04-09 07:44:00,90.33,90.36,90.36,90.36,6.13325911
2023-04-09 07:43:00,90.34,90.36,90.34,90.36,1.23334948
2023-04-09 07:42:00,90.26,90.36,90.27,90.36,128.39319559
2023-04-09 07:41:00,90.26,90.28,90.28,90.28,4.80603354
2023-04-09 07:40:00,90.26,90.28,90.28,90.27,2.07149287
2023-04-09 07:39:00,90.26,90.29,90.27,90.28,4.55390068
2023-04-09 07:38:00,90.15,90.28,90.18,90.28,141.35702542
2023-04-09 07:37:00,90.2,90.23,90.23,90.2,21.40522151
2023-04-09 07:36:00,90.21,90.23,90.22,90.23,3.05128702
2023-04-09 07:35:00,90.24,90.27,90.26,90.24,25.85353381
2023-04-09 07:34:00,90.25,90.26,90.25,90.26,18.81722639
2023-04-09 07:33:00,90.24,90.33,90.31,90.24,29.55010833
2023-04-09 07:32:00,90.24,90.3,90.28,90.29,18.56196241
2023-04-09 07:31:00,90.29,90.3,90.29,90.3,5.93076432
2023-04-09 07:30:00,90.27,90.3,90.27,90.29,24.09217599
2023-04-09 17:30:00,89.58,89.62,89.58,89.62,4.95514845
2023-04-09 17:29:00,89.6,89.67,89.65,89.6,45.00669714
2023-04-09 17:28:00,89.66,89.67,89.66,89.67,15.9647142
2023-04-09 17:27:00,89.64,89.68,89.65,89.64,19.74017887
2023-04-09 17:26:00,89.63,89.66,89.64,89.64,7.40261828
2023-04-09 17:25:00,89.61,89.65,89.65,89.63,102.54946826
2023-04-09 17:24:00,89.6,89.65,89.6,89.65,41.42129964
2023-04-09 17:23:00,89.6,89.63,89.6,89.6,57.93676445
2023-04-09 17:22:00,89.6,89.6,89.6,89.6,3.06914909
2023-04-09 17:21:00,89.53,89.58,89.53,89.58,47.69156381
2023-04-09 17:20:00,89.52,89.57,89.52,89.52,71.24936618
2023-04-09 17:19:00,89.49,89.52,89.49,89.52,85.85189664
2023-04-09 17:18:00,89.5,89.64,89.64,89.5,48.57218805
2023-04-09 17:17:00,89.63,89.64,89.64,89.64,3.22503709
2023-04-09 17:16:00,89.63,89.65,89.63,89.64,15.66840414
2023-04-09 17:15:00,89.61,89.64,89.64,89.61,2.05723401
2023-04-09 17:14:00,89.57,89.64,89.57,89.62,6.58553643
2023-04-09 17:13:00,89.55,89.61,89.6,89.57,34.54017058
2023-04-09 17:12:00,89.57,89.6,89.59,89.59,8.84161563
2023-04-09 17:11:00,89.56,89.6,89.57,89.6,57.61071746
2023-04-09 17:10:00,89.56,89.59,89.57,89.57,31.9908882
2023-04-09 17:09:00,89.53,89.57,89.56,89.57,23.17505973
2023-04-09 17:08:00,89.54,89.57,89.56,89.57,4.10415302
2023-04-09 17:07:00,89.51,89.56,89.55,89.56,81.15203625
2023-04-09 17:06:00,89.54,89.56,89.55,89.56,3.79048698
2023-04-09 17:05:00,89.51,89.57,89.52,89.56,14.77605889
2023-04-09 17:04:00,89.52,89.55,89.52,89.52,61.10576795
2023-04-09 17:03:00,89.49,89.52,89.52,89.49,5.53115956
2023-04-09 17:02:00,89.49,89.54,89.54,89.52,11.1135394
2023-04-09 17:01:00,89.52,89.59,89.58,89.52,43.29273694
2023-04-09 17:00:00,89.56,89.62,89.59,89.58,44.98459251
2023-04-09 16:59:00,89.57,89.6,89.6,89.6,7.73025313
2023-04-09 16:58:00,89.55,89.6,89.58,89.56,30.23531573
2023-04-09 16:57:00,89.56,89.6,89.6,89.56,94.34030859
2023-04-09 16:56:00,89.59,89.62,89.62,89.6,18.00935614
2023-04-09 16:55:00,89.59,89.62,89.59,89.62,8.86543486
2023-04-09 16:54:00,89.55,89.59,89.59,89.59,13.44195351
2023-04-09 16:53:00,89.59,89.65,89.64,89.59,21.83052657
2023-04-09 16:52:00,89.63,89.69,89.68,89.63,64.92136407
2023-04-09 16:51:00,89.64,89.68,89.64,89.65,16.71348481
2023-04-09 16:50:00,89.62,89.68,89.68,89.64,36.04904024
2023-04-09 16:49:00,89.65,89.72,89.71,89.7,90.85594857
2023-04-09 16:48:00,89.66,89.72,89.72,89.72,97.63963407
2023-04-09 16:47:00,89.7,89.77,89.77,89.73,65.66649095
2023-04-09 16:46:00,89.79,89.81,89.79,89.8,0.64385489
2023-04-09 16:45:00,89.77,89.82,89.77,89.79,30.11816109
2023-04-09 16:44:00,89.76,89.86,89.82,89.76,241.53900224
2023-04-09 16:43:00,89.8,89.85,89.82,89.83,106.23824228
2023-04-09 16:42:00,89.82,89.84,89.82,89.83,67.81252543
2023-04-09 16:41:00,89.79,89.83,89.8,89.83,30.35007283
2023-04-09 16:40:00,89.78,89.8,89.78,89.79,27.45381954
2023-04-09 16:39:00,89.79,89.82,89.79,89.81,3.29735331
2023-04-09 16:38:00,89.78,89.85,89.83,89.81,72.97448555
2023-04-09 16:37:00,89.8,89.84,89.8,89.82,108.53355099
2023-04-09 16:36:00,89.8,89.84,89.84,89.81,22.7611716
2023-04-09 16:35:00,89.8,89.85,89.82,89.84,43.0586617
2023-04-09 16:34:00,89.76,89.82,89.76,89.82,46.09768699
2023-04-09 16:33:00,89.76,89.83,89.79,89.76,45.01518911
2023-04-09 16:32:00,89.7,89.79,89.7,89.79,5.12991632
2023-04-09 16:31:00,89.68,89.71,89.7,89.71,14.6519946
2023-04-09 16:30:00,89.67,89.72,89.72,89.7,24.4614111
2023-04-09 16:29:00,89.7,89.72,89.72,89.71,25.63754227
2023-04-09 16:28:00,89.69,89.73,89.73,89.73,3.09060479
2023-04-09 16:27:00,89.67,89.73,89.68,89.73,20.46827857
2023-04-09 16:26:00,89.68,89.7,89.7,89.68,6.8757153
2023-04-09 16:25:00,89.68,89.73,89.69,89.7,38.7909151
2023-04-09 16:24:00,89.67,89.71,89.69,89.7,20.89744644
2023-04-09 16:23:00,89.7,89.73,89.71,89.73,42.81479849
2023-04-09 16:22:00,89.69,89.71,89.69,89.7,21.01408888
2023-04-09 16:21:00,89.61,89.69,89.61,89.68,4.30790577
2023-04-09 16:20:00,89.58,89.62,89.59,89.62,22.53722287
2023-04-09 16:19:00,89.55,89.6,89.55,89.6,9.84825406
2023-04-09 16:18:00,89.56,89.59,89.59,89.56,24.68727876
2023-04-09 16:17:00,89.54,89.59,89.54,89.59,18.04431005
2023-04-09 16:16:00,89.53,89.57,89.55,89.56,27.96128159
2023-04-09 16:15:00,89.49,89.55,89.53,89.52,82.26529677
2023-04-09 16:14:00,89.53,89.59,89.59,89.53,17.36524392
2023-04-09 16:13:00,89.52,89.59,89.53,89.59,33.85010152
2023-04-09 16:12:00,89.48,89.55,89.5,89.55,57.02283013
2023-04-09 16:11:00,89.5,89.54,89.51,89.51,69.62307872
2023-04-09 16:10:00,89.45,89.5,89.47,89.5,124.82524402
2023-04-09 16:09:00,89.46,89.56,89.56,89.47,66.93317213
2023-04-09 16:08:00,89.51,89.56,89.51,89.56,151.56387456
2023-04-09 16:07:00,89.45,89.51,89.46,89.51,173.93672204
2023-04-09 16:06:00,89.44,89.47,89.47,89.44,41.75167526
2023-04-09 16:05:00,89.46,89.48,89.46,89.46,10.4981742
2023-04-09 16:04:00,89.47,89.48,89.48,89.47,21.68067745
2023-04-09 16:03:00,89.42,89.48,89.45,89.46,159.60757177
2023-04-09 16:02:00,89.44,89.45,89.45,89.45,6.34754217
2023-04-09 16:01:00,89.44,89.45,89.44,89.44,18.33933141
2023-04-09 16:00:00,89.43,89.47,89.44,89.46,107.66943623
2023-04-09 15:59:00,89.42,89.45,89.44,89.45,3.19405868
2023-04-09 15:58:00,89.44,89.46,89.46,89.44,3.95332195
2023-04-09 15:57:00,89.37,89.44,89.38,89.43,29.63099328
2023-04-09 15:56:00,89.38,89.41,89.39,89.38,48.36589767
2023-04-09 15:55:00,89.35,89.41,89.37,89.4,14.30310954
2023-04-09 15:54:00,89.36,89.41,89.39,89.37,24.74469302
2023-04-09 15:53:00,89.44,89.56,89.53,89.44,54.60109753
2023-04-09 15:52:00,89.47,89.56,89.48,89.56,67.82162711
2023-04-09 15:51:00,89.48,89.54,89.53,89.51,44.4736895
2023-04-09 15:50:00,89.49,89.55,89.53,89.51,17.78488792
2023-04-09 15:49:00,89.54,89.57,89.55,89.55,88.30480737
2023-04-09 15:48:00,89.5,89.55,89.5,89.53,108.57274946
2023-04-09 15:47:00,89.47,89.52,89.51,89.5,86.68832497
2023-04-09 15:46:00,89.44,89.52,89.44,89.52,30.8880453
2023-04-09 15:45:00,89.44,89.48,89.47,89.44,67.5980361
2023-04-09 15:44:00,89.45,89.47,89.46,89.47,11.47389437
2023-04-09 15:43:00,89.44,89.48,89.45,89.48,66.03831198
2023-04-09 15:42:00,89.42,89.46,89.43,89.45,16.07148711
2023-04-09 15:41:00,89.41,89.48,89.42,89.46,77.38504462
2023-04-09 15:40:00,89.32,89.43,89.32,89.41,284.42645761
2023-04-09 15:39:00,89.31,89.33,89.32,89.32,15.86968624
2023-04-09 15:38:00,89.3,89.36,89.35,89.32,19.40364053
2023-04-09 15:37:00,89.33,89.36,89.36,89.33,29.05132216
2023-04-09 15:36:00,89.31,89.36,89.33,89.36,230.59854756
2023-04-09 15:35:00,89.27,89.29,89.29,89.28,5.04531911
2023-04-09 15:34:00,89.28,89.34,89.34,89.3,6.47228843
2023-04-09 15:33:00,89.35,89.39,89.39,89.38,15.03824511
2023-04-09 15:32:00,89.36,89.39,89.36,89.39,23.88823042
2023-04-09 15:31:00,89.35,89.43,89.41,89.38,111.29167783
2023-04-09 15:30:00,89.4,89.44,89.41,89.41,58.86778185
2023-04-09 15:29:00,89.32,89.4,89.34,89.4,25.05038056
2023-04-09 15:28:00,89.32,89.35,89.33,89.32,12.14145923
2023-04-09 15:27:00,89.32,89.36,89.35,89.34,34.30257352
2023-04-09 15:26:00,89.29,89.38,89.37,89.34,48.20283088
2023-04-09 15:25:00,89.3,89.37,89.3,89.37,10.967726
2023-04-09 15:24:00,89.3,89.35,89.3,89.32,36.44816463
2023-04-09 15:23:00,89.29,89.34,89.32,89.32,32.80170138
2023-04-09 15:22:00,89.3,89.36,89.36,89.31,62.093284
2023-04-09 15:21:00,89.39,89.44,89.44,89.39,94.16859252
2023-04-09 15:20:00,89.41,89.43,89.43,89.43,23.38097728
2023-04-09 15:19:00,89.41,89.46,89.41,89.42,57.04110557
2023-04-09 15:18:00,89.41,89.47,89.41,89.43,126.53237461
2023-04-09 15:17:00,89.39,89.44,89.44,89.39,4.44001608
2023-04-09 15:16:00,89.44,89.51,89.48,89.44,60.8623962
2023-04-09 15:15:00,89.46,89.52,89.51,89.51,65.07910551
2023-04-09 15:14:00,89.43,89.5,89.48,89.5,41.00679976
2023-04-09 15:13:00,89.32,89.5,89.32,89.5,45.76584951
2023-04-09 15:12:00,89.22,89.32,89.24,89.32,374.40440701
2023-04-09 15:11:00,89.22,89.26,89.26,89.22,31.68578576
2023-04-09 15:10:00,89.27,89.3,89.28,89.28,7.39259093
2023-04-09 15:09:00,89.24,89.27,89.26,89.25,6.47217624
2023-04-09 15:08:00,89.22,89.29,89.28,89.26,33.07579029
2023-04-09 15:07:00,89.25,89.32,89.31,89.25,6.13867835
2023-04-09 15:06:00,89.24,89.31,89.24,89.31,74.22547404
2023-04-09 15:05:00,89.24,89.29,89.29,89.24,341.82484969
2023-04-09 15:04:00,89.28,89.39,89.37,89.28,467.55354825
2023-04-09 15:03:00,89.37,89.44,89.43,89.37,275.06608082
2023-04-09 15:02:00,89.43,89.45,89.45,89.44,9.25778434
2023-04-09 15:01:00,89.43,89.46,89.46,89.46,18.07333517
2023-04-09 15:00:00,89.45,89.48,89.45,89.47,6.06219827
2023-04-09 14:59:00,89.49,89.51,89.51,89.51,7.36387021
2023-04-09 14:58:00,89.48,89.5,89.49,89.5,15.1220809
2023-04-09 14:57:00,89.46,89.5,89.46,89.49,12.89183794
2023-04-09 14:56:00,89.46,89.47,89.47,89.46,11.17150162
2023-04-09 14:55:00,89.47,89.48,89.48,89.48,1.66368044
2023-04-09 14:54:00,89.43,89.52,89.52,89.44,53.77143737
2023-04-09 14:53:00,89.47,89.51,89.49,89.51,11.75993741
2023-04-09 14:52:00,89.44,89.49,89.48,89.49,37.71552877
2023-04-09 14:51:00,89.46,89.5,89.49,89.46,74.84901612
2023-04-09 14:50:00,89.37,89.47,89.37,89.47,365.2916806
2023-04-09 14:49:00,89.31,89.39,89.31,89.39,56.08261408
2023-04-09 14:48:00,89.31,89.38,89.38,89.33,55.13703063
2023-04-09 14:47:00,89.35,89.45,89.45,89.41,102.46527641
2023-04-09 14:46:00,89.47,89.55,89.47,89.5,21.04957068
2023-04-09 14:45:00,89.47,89.5,89.5,89.47,9.59230146
2023-04-09 14:44:00,89.48,89.51,89.48,89.48,13.51630055
2023-04-09 14:43:00,89.46,89.5,89.48,89.46,31.62064697
2023-04-09 14:42:00,89.48,89.52,89.52,89.48,4.60469757
2023-04-09 14:41:00,89.44,89.49,89.44,89.47,15.19053703
2023-04-09 14:40:00,89.44,89.5,89.5,89.44,63.1343921
2023-04-09 14:39:00,89.47,89.5,89.48,89.5,5.47919178
2023-04-09 14:38:00,89.46,89.5,89.46,89.49,12.29342055
2023-04-09 14:37:00,89.46,89.53,89.49,89.48,115.89610339
2023-04-09 14:36:00,89.43,89.49,89.46,89.45,54.75980206
2023-04-09 14:35:00,89.38,89.45,89.43,89.45,103.74688158
2023-04-09 14:34:00,89.45,89.51,89.51,89.45,41.15516877
2023-04-09 14:33:00,89.47,89.57,89.57,89.49,104.3543184
2023-04-09 14:32:00,89.53,89.59,89.55,89.56,57.77395598
2023-04-09 14:31:00,89.48,89.56,89.49,89.56,27.53677564
2023-04-09 14:30:00,89.46,89.53,89.52,89.48,17.61692582
2023-04-09 14:29:00,89.53,89.62,89.53,89.61,19.96997397
2023-04-09 14:28:00,89.51,89.6,89.51,89.52,9.78988443
2023-04-09 14:27:00,89.46,89.53,89.46,89.53,29.80903721
2023-04-09 14:26:00,89.41,89.49,89.41,89.46,0.46728856
2023-04-09 14:25:00,89.38,89.47,89.44,89.45,14.81582726
2023-04-09 14:24:00,89.4,89.51,89.4,89.42,18.56844043
2023-04-09 14:23:00,89.37,89.45,89.43,89.43,33.76301315
2023-04-09 14:22:00,89.36,89.47,89.47,89.42,87.674302
2023-04-09 14:21:00,89.26,89.62,89.62,89.35,376.19243275
2023-04-09 14:20:00,89.45,89.67,89.66,89.61,266.12471244
2023-04-09 14:19:00,89.68,89.8,89.78,89.68,115.2242702
2023-04-09 14:18:00,89.8,89.94,89.94,89.8,328.59147832
2023-04-09 14:17:00,89.94,89.97,89.95,89.97,18.62795209
2023-04-09 14:16:00,89.92,89.97,89.97,89.92,27.18704948
2023-04-09 14:15:00,89.93,89.97,89.96,89.94,18.55466358
2023-04-09 14:14:00,89.95,89.98,89.97,89.98,8.72648579
2023-04-09 14:13:00,89.95,89.99,89.95,89.97,6.06223531
2023-04-09 14:12:00,89.95,90.03,90.02,89.95,22.93160393
2023-04-09 14:11:00,89.98,90.02,89.98,90.02,6.36108951
2023-04-09 14:10:00,89.96,89.99,89.97,89.99,16.88882929
2023-04-09 14:09:00,89.95,89.97,89.97,89.97,11.16645787
2023-04-09 14:08:00,89.95,89.97,89.97,89.96,25.11048362
2023-04-09 14:07:00,89.96,89.97,89.97,89.97,6.16672946
2023-04-09 14:06:00,89.93,89.99,89.95,89.97,56.35520576
2023-04-09 14:05:00,89.95,89.96,89.96,89.95,1.09857654
2023-04-09 14:04:00,89.96,89.98,89.98,89.96,4.21789868
2023-04-09 14:03:00,89.95,89.99,89.97,89.99,2.47782077
2023-04-09 14:02:00,89.95,89.98,89.97,89.97,5.34206755
2023-04-09 14:01:00,89.94,89.98,89.98,89.96,43.33302925
2023-04-09 14:00:00,89.94,89.98,89.98,89.97,11.5837973
2023-04-09 13:59:00,89.93,89.95,89.95,89.93,3.86903298
2023-04-09 13:58:00,89.91,89.96,89.91,89.96,10.48944857
2023-04-09 13:57:00,89.91,89.91,89.91,89.91,3.04120708
2023-04-09 13:56:00,89.9,89.92,89.92,89.91,20.26353022
2023-04-09 13:55:00,89.89,89.93,89.89,89.92,37.78298123
2023-04-09 13:54:00,89.87,89.89,89.89,89.87,6.19196413
2023-04-09 13:53:00,89.89,89.96,89.96,89.89,51.17618031
2023-04-09 13:52:00,89.94,89.98,89.98,89.97,2.82688557
2023-04-09 13:51:00,89.91,89.93,89.91,89.93,33.20316263
2023-04-09 13:50:00,89.85,89.91,89.87,89.91,34.11566692
2023-04-09 13:49:00,89.87,89.91,89.91,89.87,22.05772797
2023-04-09 13:48:00,89.87,89.91,89.9,89.91,46.67359153
2023-04-09 13:47:00,89.88,89.91,89.89,89.9,32.9550416
2023-04-09 13:46:00,89.88,89.92,89.9,89.92,51.78379334
2023-04-09 13:45:00,89.87,89.92,89.88,89.92,8.76033653
2023-04-09 13:44:00,89.87,89.91,89.88,89.91,10.93503805
2023-04-09 13:43:00,89.86,89.89,89.86,89.88,18.2221658
2023-04-09 13:42:00,89.83,89.93,89.92,89.83,66.1385474
2023-04-09 13:41:00,89.88,89.94,89.88,89.94,48.10942307
2023-04-09 13:40:00,89.86,89.93,89.89,89.86,104.83478936
2023-04-09 13:39:00,89.85,89.9,89.86,89.89,47.85603412
2023-04-09 13:38:00,89.83,89.9,89.87,89.88,52.17742448
2023-04-09 13:37:00,89.82,89.86,89.82,89.86,67.97129578
2023-04-09 13:36:00,89.8,89.83,89.83,89.8,7.62445351
2023-04-09 13:35:00,89.82,89.86,89.84,89.82,23.76791916
2023-04-09 13:34:00,89.85,89.87,89.87,89.86,2.99757905
2023-04-09 13:33:00,89.85,89.9,89.88,89.88,40.58324915
2023-04-09 13:32:00,89.79,89.85,89.8,89.85,45.31781975
2023-04-09 13:31:00,89.86,89.9,89.9,89.87,22.06280025
2023-04-09 13:30:00,89.89,89.98,89.95,89.89,28.28969908
2023-04-09 13:29:00,89.97,90.02,90.0,89.99,36.28094685
2023-04-09 13:28:00,89.96,89.99,89.96,89.98,4.98649505
2023-04-09 13:27:00,89.98,90.0,90.0,89.99,3.78462954
2023-04-09 13:26:00,90.01,90.03,90.03,90.03,1.32538963
2023-04-09 13:25:00,90.03,90.05,90.03,90.05,5.46477707
2023-04-09 13:24:00,89.99,90.01,89.99,90.01,0.4248868
2023-04-09 13:23:00,90.0,90.04,90.02,90.02,5.1226755
2023-04-09 13:22:00,90.01,90.04,90.03,90.04,26.13565011
2023-04-09 13:21:00,90.03,90.04,90.04,90.04,1.42321476
2023-04-09 13:20:00,89.99,90.07,90.05,90.04,18.64617083
2023-04-09 13:19:00,90.05,90.11,90.08,90.07,32.02210332
2023-04-09 13:18:00,90.11,90.14,90.14,90.11,3.58303221
2023-04-09 13:17:00,90.12,90.13,90.12,90.13,0.39907991
2023-04-09 13:16:00,90.1,90.18,90.18,90.1,14.19852921
2023-04-09 13:15:00,90.16,90.19,90.16,90.18,1.55713888
2023-04-09 13:14:00,90.13,90.16,90.16,90.16,3.9953415
2023-04-09 13:13:00,90.1,90.14,90.1,90.14,16.67485002
2023-04-09 13:12:00,90.11,90.13,90.11,90.13,29.84754988
2023-04-09 13:11:00,90.08,90.1,90.1,90.1,6.62011385
2023-04-09 13:10:00,90.07,90.13,90.09,90.09,10.85041462
2023-04-09 13:09:00,90.09,90.17,90.15,90.09,2.31423051
2023-04-09 13:08:00,90.15,90.19,90.17,90.16,7.19394985
2023-04-09 13:07:00,90.15,90.22,90.18,90.17,166.57185626
2023-04-09 13:06:00,90.15,90.18,90.16,90.18,11.22416349
2023-04-09 13:05:00,90.15,90.2,90.16,90.2,10.91295542
2023-04-09 13:04:00,90.15,90.17,90.17,90.15,2.90629576
2023-04-09 13:03:00,90.18,90.21,90.18,90.21,10.28700338
2023-04-09 13:02:00,90.15,90.21,90.16,90.21,11.88449221
2023-04-09 13:01:00,90.15,90.17,90.15,90.17,8.5454516
2023-04-09 13:00:00,90.14,90.25,90.24,90.15,67.48438381
2023-04-09 12:59:00,90.23,90.26,90.23,90.26,5.95481149
2023-04-09 12:58:00,90.22,90.28,90.28,90.24,77.48824101
2023-04-09 12:57:00,90.24,90.27,90.27,90.24,2.69040122
2023-04-09 12:56:00,90.25,90.29,90.27,90.28,11.06964395
2023-04-09 12:55:00,90.28,90.3,90.3,90.28,5.52534069
2023-04-09 12:54:00,90.28,90.29,90.28,90.29,10.14202786
2023-04-09 12:53:00,90.25,90.29,90.26,90.26,19.64553776
2023-04-09 12:52:00,90.24,90.29,90.27,90.24,31.92391665
2023-04-09 12:51:00,90.27,90.33,90.33,90.27,63.78866599
2023-04-09 12:50:00,90.3,90.33,90.31,90.31,15.6559868
2023-04-09 12:49:00,90.29,90.31,90.31,90.29,16.6572912
2023-04-09 12:48:00,90.27,90.32,90.27,90.31,19.53801149
2023-04-09 12:47:00,90.29,90.37,90.35,90.3,46.90979263
2023-04-09 12:46:00,90.39,90.41,90.39,90.4,4.23401914
2023-04-09 12:45:00,90.39,90.42,90.39,90.42,29.71169712
2023-04-09 12:44:00,90.37,90.4,90.37,90.39,22.48338923
2023-04-09 12:43:00,90.39,90.41,90.41,90.39,5.76037904
2023-04-09 12:42:00,90.41,90.48,90.48,90.41,182.31666703
2023-04-09 12:41:00,90.38,90.48,90.38,90.48,281.28544148
2023-04-09 12:40:00,90.37,90.4,90.39,90.4,33.93342661
2023-04-09 12:39:00,90.38,90.44,90.43,90.4,288.0639561
2023-04-09 12:38:00,90.41,90.47,90.43,90.41,561.58612536
2023-04-09 12:37:00,90.4,90.43,90.41,90.43,98.36295476
2023-04-09 12:36:00,90.43,90.46,90.46,90.43,9.07537165
2023-04-09 12:35:00,90.46,90.49,90.49,90.48,8.69481093
2023-04-09 12:34:00,90.46,90.49,90.49,90.46,0.92016986
2023-04-09 12:33:00,90.44,90.5,90.44,90.5,10.92132571
2023-04-09 12:32:00,90.46,90.49,90.49,90.46,19.84309184
2023-04-09 12:31:00,90.44,90.49,90.45,90.49,47.1489527
2023-04-09 12:30:00,90.45,90.52,90.46,90.45,1.51512758
2023-04-09 22:30:00,90.88,91.0,90.88,90.99,3.20299887
2023-04-09 22:29:00,90.89,90.94,90.94,90.89,14.89258399
2023-04-09 22:28:00,90.94,90.97,90.97,90.96,4.37407779
2023-04-09 22:27:00,90.87,90.97,90.93,90.97,32.15244113
2023-04-09 22:26:00,90.88,90.95,90.92,90.93,78.95210391
2023-04-09 22:25:00,90.9,90.95,90.9,90.92,16.26956883
2023-04-09 22:24:00,90.88,90.93,90.92,90.92,17.23852131
2023-04-09 22:23:00,90.89,90.92,90.91,90.92,5.31408022
2023-04-09 22:22:00,90.87,90.91,90.91,90.87,1.62418642
2023-04-09 22:21:00,90.89,90.95,90.94,90.89,22.1922283
2023-04-09 22:20:00,90.87,90.94,90.87,90.94,42.68876465
2023-04-09 22:19:00,90.88,90.93,90.88,90.91,12.66711173
2023-04-09 22:18:00,90.84,90.92,90.87,90.91,48.57208016
2023-04-09 22:17:00,90.82,90.93,90.89,90.92,20.43709641
2023-04-09 22:16:00,90.83,90.91,90.88,90.91,114.6613774
2023-04-09 22:15:00,90.83,90.89,90.83,90.85,19.52235045
2023-04-09 22:14:00,90.77,90.88,90.88,90.81,6.34018784
2023-04-09 22:13:00,90.9,90.99,90.98,90.9,58.62079688
2023-04-09 22:12:00,90.97,91.0,90.99,91.0,20.06084858
2023-04-09 22:11:00,90.96,91.0,90.96,90.97,12.64004287
2023-04-09 22:10:00,90.9,90.96,90.92,90.95,24.44967274
2023-04-09 22:09:00,90.91,90.96,90.94,90.95,5.46266488
2023-04-09 22:08:00,90.91,90.95,90.95,90.95,22.61553875
2023-04-09 22:07:00,90.9,91.0,91.0,90.95,12.76742131
2023-04-09 22:06:00,90.92,91.0,90.94,90.98,10.01208208
2023-04-09 22:05:00,90.89,90.99,90.89,90.99,52.18917957
2023-04-09 22:04:00,90.84,90.95,90.95,90.89,9.72689376
2023-04-09 22:03:00,90.85,90.98,90.94,90.9,79.23889499
2023-04-09 22:02:00,90.85,90.97,90.91,90.92,62.74948183
2023-04-09 22:01:00,90.84,90.95,90.88,90.95,9.50898786
2023-04-09 22:00:00,90.8,90.9,90.8,90.87,41.15132318
2023-04-09 21:59:00,90.77,90.86,90.82,90.8,44.26474016
2023-04-09 21:58:00,90.82,90.88,90.82,90.84,43.50355423
2023-04-09 21:57:00,90.82,90.87,90.85,90.82,13.24084735
2023-04-09 21:56:00,90.76,90.85,90.78,90.82,13.41580465
2023-04-09 21:55:00,90.65,90.78,90.65,90.72,22.16713925
2023-04-09 21:54:00,90.63,90.68,90.65,90.68,11.74920467
2023-04-09 21:53:00,90.61,90.71,90.7,90.61,37.97508389
2023-04-09 21:52:00,90.69,90.77,90.72,90.7,7.00108089
2023-04-09 21:51:00,90.62,90.71,90.66,90.71,26.09347311
2023-04-09 21:50:00,90.6,90.67,90.6,90.67,17.17638611
2023-04-09 21:49:00,90.6,90.63,90.61,90.6,18.2860242
2023-04-09 21:48:00,90.54,90.61,90.55,90.61,191.85708378
2023-04-09 21:47:00,90.5,90.57,90.5,90.55,70.25910044
2023-04-09 21:46:00,90.52,90.57,90.53,90.57,9.63982965
2023-04-09 21:45:00,90.45,90.59,90.47,90.52,71.48665997
2023-04-09 21:44:00,90.45,90.5,90.46,90.46,12.41445857
2023-04-09 21:43:00,90.44,90.49,90.46,90.45,22.97860635
2023-04-09 21:42:00,90.41,90.47,90.47,90.44,6.87116621
2023-04-09 21:41:00,90.43,90.53,90.49,90.43,115.69246548
2023-04-09 21:40:00,90.39,90.42,90.39,90.41,64.84951957
2023-04-09 21:39:00,90.39,90.41,90.4,90.4,106.48592226
2023-04-09 21:38:00,90.39,90.42,90.39,90.4,102.43846166
2023-04-09 21:37:00,90.37,90.41,90.37,90.39,7.38527216
2023-04-09 21:36:00,90.36,90.41,90.38,90.37,38.65123716
2023-04-09 21:35:00,90.33,90.38,90.37,90.37,141.27876034
2023-04-09 21:34:00,90.33,90.37,90.34,90.36,11.00995835
2023-04-09 21:33:00,90.3,90.35,90.32,90.34,29.92715643
2023-04-09 21:32:00,90.27,90.32,90.31,90.32,5.1173745
2023-04-09 21:31:00,90.26,90.34,90.32,90.3,10.20192757
2023-04-09 21:30:00,90.28,90.41,90.37,90.28,114.14746402
2023-04-09 21:29:00,90.28,90.42,90.29,90.4,700.39958294
2023-04-09 21:28:00,90.25,90.29,90.29,90.29,53.0917236
2023-04-09 21:27:00,90.26,90.3,90.27,90.29,9.19299302
2023-04-09 21:26:00,90.25,90.29,90.29,90.27,90.30041872
2023-04-09 21:25:00,90.22,90.29,90.27,90.26,53.49201623
2023-04-09 21:24:00,90.25,90.3,90.29,90.25,16.76574068
2023-04-09 21:23:00,90.27,90.31,90.31,90.3,8.44171077
2023-04-09 21:22:00,90.27,90.33,90.31,90.31,10.17358685
2023-04-09 21:21:00,90.3,90.33,90.32,90.32,10.92246681
2023-04-09 21:20:00,90.3,90.33,90.32,90.33,8.17170003
2023-04-09 21:18:00,90.29,90.35,90.34,90.32,10.21985718
2023-04-09 21:17:00,90.29,90.34,90.33,90.34,62.75055441
2023-04-09 21:16:00,90.28,90.35,90.32,90.33,4.61207643
2023-04-09 21:15:00,90.3,90.33,90.32,90.3,5.2281227
2023-04-09 21:14:00,90.32,90.36,90.36,90.32,101.09772881
2023-04-09 21:13:00,90.32,90.38,90.35,90.36,38.3204609
2023-04-09 21:12:00,90.25,90.35,90.25,90.35,37.63745617
2023-04-09 21:11:00,90.24,90.26,90.26,90.24,6.670837
2023-04-09 21:10:00,90.18,90.26,90.18,90.26,19.01467021
2023-04-09 21:09:00,90.17,90.2,90.19,90.18,6.92318668
2023-04-09 21:08:00,90.18,90.2,90.2,90.2,18.63084794
2023-04-09 21:07:00,90.17,90.22,90.22,90.17,5.19103038
2023-04-09 21:06:00,90.21,90.26,90.24,90.22,34.25925496
2023-04-09 21:05:00,90.25,90.28,90.27,90.27,2.76483694
2023-04-09 21:04:00,90.26,90.28,90.28,90.27,13.90367434
2023-04-09 21:03:00,90.3,90.34,90.31,90.3,16.29799555
2023-04-09 21:02:00,90.19,90.31,90.19,90.31,9.04504678
2023-04-09 21:01:00,90.18,90.2,90.19,90.2,8.61068915
2023-04-09 21:00:00,90.17,90.19,90.17,90.19,23.62181751
2023-04-09 20:59:00,90.17,90.2,90.18,90.17,6.83690275
2023-04-09 20:58:00,90.14,90.2,90.15,90.2,49.10665959
2023-04-09 20:57:00,90.14,90.19,90.19,90.14,20.18487175
2023-04-09 20:56:00,90.17,90.19,90.18,90.19,14.99118686
2023-04-09 20:55:00,90.19,90.21,90.19,90.21,1.12547921
2023-04-09 20:54:00,90.17,90.24,90.24,90.17,11.60633299
2023-04-09 20:53:00,90.23,90.26,90.25,90.24,12.76905489
2023-04-09 20:52:00,90.19,90.21,90.2,90.2,3.80623344
2023-04-09 20:51:00,90.18,90.21,90.21,90.18,22.4426199
2023-04-09 20:50:00,90.16,90.22,90.17,90.21,75.15033611
2023-04-09 20:49:00,90.18,90.21,90.21,90.18,18.6884712
2023-04-09 20:48:00,90.19,90.21,90.21,90.19,3.71110693
2023-04-09 20:47:00,90.19,90.23,90.21,90.22,6.44643384
2023-04-09 20:46:00,90.22,90.26,90.26,90.24,5.20228156
2023-04-09 20:45:00,90.26,90.29,90.27,90.28,16.35606962
2023-04-09 20:44:00,90.24,90.29,90.24,90.28,22.94482272
2023-04-09 20:43:00,90.24,90.28,90.28,90.26,16.16367868
2023-04-09 20:42:00,90.26,90.28,90.26,90.28,5.32109855
2023-04-09 20:41:00,90.25,90.28,90.25,90.26,14.36941424
2023-04-09 20:40:00,90.25,90.28,90.25,90.25,13.02562031
2023-04-09 20:39:00,90.26,90.29,90.29,90.27,24.96391825
2023-04-09 20:38:00,90.23,90.28,90.23,90.28,71.24532323
2023-04-09 20:37:00,90.19,90.23,90.21,90.23,39.17929517
2023-04-09 20:36:00,90.2,90.27,90.27,90.2,7.45889922
2023-04-09 20:35:00,90.27,90.3,90.27,90.28,6.85362291
2023-04-09 20:34:00,90.28,90.32,90.31,90.28,19.42069566
2023-04-09 20:33:00,90.27,90.29,90.29,90.29,7.4575302
2023-04-09 20:32:00,90.27,90.29,90.29,90.27,12.86819533
2023-04-09 20:31:00,90.28,90.33,90.33,90.31,5.79347055
2023-04-09 20:30:00,90.15,90.28,90.15,90.27,37.21054992
2023-04-09 20:29:00,90.18,90.2,90.2,90.18,4.34558405
2023-04-09 20:28:00,90.16,90.2,90.16,90.2,11.61907313
2023-04-09 20:27:00,90.15,90.16,90.16,90.16,4.2075599
2023-04-09 20:26:00,90.15,90.23,90.23,90.15,16.93883273
2023-04-09 20:25:00,90.15,90.22,90.18,90.22,26.62683012
2023-04-09 20:24:00,90.13,90.18,90.16,90.18,67.82829637
2023-04-09 20:23:00,90.15,90.18,90.18,90.15,11.97675152
2023-04-09 20:22:00,90.14,90.2,90.19,90.17,18.91505932
2023-04-09 20:21:00,90.18,90.26,90.26,90.2,20.35058265
2023-04-09 20:20:00,90.24,90.29,90.28,90.27,6.74269157
2023-04-09 20:19:00,90.26,90.29,90.27,90.26,13.66278569
2023-04-09 20:18:00,90.26,90.29,90.27,90.26,10.41995331
2023-04-09 20:17:00,90.26,90.32,90.27,90.3,19.72657382
2023-04-09 20:16:00,90.25,90.28,90.25,90.28,16.56733727
2023-04-09 20:15:00,90.19,90.25,90.19,90.24,24.59028813
2023-04-09 20:14:00,90.17,90.2,90.2,90.2,48.43070873
2023-04-09 20:13:00,90.22,90.23,90.23,90.22,10.70972025
2023-04-09 20:12:00,90.2,90.23,90.21,90.23,20.16620464
2023-04-09 20:11:00,90.2,90.25,90.25,90.21,11.28478715
2023-04-09 20:10:00,90.24,90.31,90.24,90.25,76.98031932
2023-04-09 20:09:00,90.25,90.28,90.25,90.27,7.43367716
2023-04-09 20:08:00,90.25,90.31,90.31,90.27,208.94803455
2023-04-09 20:07:00,90.3,90.31,90.3,90.3,35.90448151
2023-04-09 20:06:00,90.29,90.32,90.31,90.31,36.4831936
2023-04-09 20:05:00,90.28,90.33,90.33,90.32,212.04630186
2023-04-09 20:04:00,90.33,90.38,90.37,90.33,149.79659272
2023-04-09 20:03:00,90.36,90.4,90.37,90.38,145.95342587
2023-04-09 20:02:00,90.34,90.38,90.34,90.37,83.9855481
2023-04-09 20:01:00,90.32,90.34,90.34,90.32,5.0157332
2023-04-09 20:00:00,90.33,90.42,90.38,90.33,188.10360999
2023-04-09 19:59:00,90.3,90.36,90.32,90.36,73.97887174
2023-04-09 19:58:00,90.3,90.32,90.32,90.32,6.55903281
2023-04-09 19:57:00,90.28,90.31,90.31,90.29,122.62192791
2023-04-09 19:56:00,90.3,90.38,90.35,90.3,147.50805559
2023-04-09 19:55:00,90.34,90.39,90.39,90.34,178.33930086
2023-04-09 19:54:00,90.34,90.37,90.34,90.37,11.56990477
2023-04-09 19:53:00,90.32,90.37,90.36,90.34,20.9929778
2023-04-09 19:52:00,90.34,90.37,90.37,90.36,18.11213324
2023-04-09 19:51:00,90.34,90.38,90.38,90.37,51.38102163
2023-04-09 19:50:00,90.35,90.42,90.35,90.38,11.56942832
2023-04-09 19:49:00,90.31,90.37,90.35,90.37,40.54602117
2023-04-09 19:48:00,90.34,90.39,90.38,90.34,11.72739832
2023-04-09 19:47:00,90.32,90.36,90.33,90.36,54.03932571
2023-04-09 19:46:00,90.34,90.36,90.34,90.35,2.95321931
2023-04-09 19:45:00,90.32,90.39,90.35,90.32,11.52208464
2023-04-09 19:44:00,90.29,90.39,90.39,90.31,116.08105456
2023-04-09 19:43:00,90.35,90.4,90.37,90.37,2.25517617
2023-04-09 19:42:00,90.39,90.45,90.39,90.4,11.31889915
2023-04-09 19:41:00,90.3,90.37,90.34,90.37,7.97110177
2023-04-09 19:40:00,90.3,90.41,90.3,90.34,70.41393387
2023-04-09 19:39:00,90.27,90.34,90.3,90.32,27.27610147
2023-04-09 19:38:00,90.21,90.3,90.27,90.29,31.67512992
2023-04-09 19:37:00,90.21,90.32,90.32,90.28,34.04307132
2023-04-09 19:36:00,90.29,90.39,90.36,90.34,41.23675712
2023-04-09 19:35:00,90.39,90.51,90.49,90.4,90.00649329
2023-04-09 19:34:00,90.46,90.61,90.61,90.46,50.78368223
2023-04-09 19:33:00,90.6,90.64,90.61,90.6,51.34931425
2023-04-09 19:32:00,90.6,90.64,90.6,90.63,156.20990908
2023-04-09 19:31:00,90.53,90.59,90.54,90.59,26.83381002
2023-04-09 19:30:00,90.47,90.56,90.47,90.5,8.71183583
2023-04-09 19:29:00,90.46,90.53,90.53,90.47,45.42330151
2023-04-09 19:28:00,90.51,90.57,90.57,90.53,31.51751803
2023-04-09 19:27:00,90.56,90.62,90.61,90.57,3.70640996
2023-04-09 19:26:00,90.56,90.63,90.6,90.6,45.42349017
2023-04-09 19:25:00,90.6,90.67,90.6,90.6,71.64153777
2023-04-09 19:24:00,90.61,90.67,90.67,90.62,27.41703276
2023-04-09 19:23:00,90.6,90.69,90.6,90.67,246.6924582
2023-04-09 19:22:00,90.56,90.65,90.6,90.61,64.70810732
2023-04-09 19:21:00,90.56,90.66,90.65,90.61,86.63074521
2023-04-09 19:20:00,90.54,90.63,90.57,90.63,229.3853749
2023-04-09 19:19:00,90.45,90.63,90.45,90.57,118.40917606
2023-04-09 19:18:00,90.45,90.61,90.58,90.45,136.00744528
2023-04-09 19:17:00,90.39,90.65,90.43,90.57,577.92966561
2023-04-09 19:16:00,90.38,90.44,90.39,90.4,27.85490539
2023-04-09 19:15:00,90.35,90.43,90.4,90.41,216.93298227
2023-04-09 19:14:00,90.31,90.37,90.31,90.36,3.46124582
2023-04-09 19:13:00,90.21,90.32,90.22,90.28,99.04595443
2023-04-09 19:12:00,90.21,90.27,90.24,90.22,38.28361855
2023-04-09 19:11:00,90.22,90.25,90.22,90.24,36.0760481
2023-04-09 19:10:00,90.21,90.3,90.23,90.22,46.89841176
2023-04-09 19:09:00,90.23,90.26,90.25,90.24,46.64455238
2023-04-09 19:08:00,90.25,90.31,90.29,90.25,23.92686137
2023-04-09 19:07:00,90.28,90.31,90.31,90.29,16.19399787
2023-04-09 19:06:00,90.25,90.3,90.25,90.3,4.71893028
2023-04-09 19:05:00,90.26,90.34,90.27,90.28,25.49493775
2023-04-09 19:04:00,90.26,90.35,90.26,90.27,190.60445649
2023-04-09 19:03:00,90.13,90.32,90.32,90.23,229.07438698
2023-04-09 19:02:00,90.26,90.33,90.32,90.32,9.66172213
2023-04-09 19:01:00,90.29,90.36,90.33,90.32,114.58345694
2023-04-09 19:00:00,90.24,90.36,90.24,90.33,36.14521803
2023-04-09 18:59:00,90.21,90.27,90.23,90.24,352.54862983
2023-04-09 18:58:00,90.19,90.28,90.2,90.23,83.13414655
2023-04-09 18:57:00,90.19,90.3,90.22,90.19,110.13089051
2023-04-09 18:56:00,90.22,90.27,90.25,90.23,14.10208371
2023-04-09 18:55:00,90.24,90.3,90.25,90.29,33.20083126
2023-04-09 18:54:00,90.19,90.31,90.24,90.21,31.6218163
2023-04-09 18:53:00,90.17,90.28,90.17,90.17,188.52492117
2023-04-09 18:52:00,89.89,90.2,89.91,90.12,1304.72330971
2023-04-09 18:51:00,89.88,89.92,89.88,89.92,2.91766134
2023-04-09 18:50:00,89.87,89.89,89.89,89.89,27.39752375
2023-04-09 18:49:00,89.87,89.91,89.91,89.88,44.37265214
2023-04-09 18:48:00,89.83,89.93,89.86,89.89,56.73851869
2023-04-09 18:47:00,89.82,89.86,89.84,89.85,7.17596316
2023-04-09 18:46:00,89.82,89.85,89.82,89.85,6.14234261
2023-04-09 18:45:00,89.81,89.88,89.88,89.84,32.10615612
2023-04-09 18:44:00,89.85,89.9,89.85,89.85,82.62787382
2023-04-09 18:43:00,89.84,89.88,89.86,89.84,11.3018006
2023-04-09 18:42:00,89.77,89.89,89.83,89.79,38.62909511
2023-04-09 18:41:00,89.78,89.81,89.79,89.78,71.37258056
2023-04-09 18:40:00,89.78,89.81,89.8,89.78,5.42725441
2023-04-09 18:39:00,89.74,89.79,89.77,89.75,5.67071125
2023-04-09 18:38:00,89.77,89.84,89.84,89.77,24.0978543
2023-04-09 18:37:00,89.82,89.85,89.84,89.84,14.87733559
2023-04-09 18:36:00,89.79,89.85,89.79,89.82,3.97621399
2023-04-09 18:35:00,89.77,89.81,89.81,89.79,6.67133753
2023-04-09 18:34:00,89.78,89.81,89.8,89.81,16.50507788
2023-04-09 18:33:00,89.77,89.81,89.79,89.8,10.80913236
2023-04-09 18:32:00,89.73,89.79,89.73,89.78,11.07439695
2023-04-09 18:31:00,89.75,89.81,89.78,89.75,38.04652151
2023-04-09 18:30:00,89.72,89.82,89.72,89.78,12.19502978
2023-04-09 18:29:00,89.72,89.75,89.73,89.74,7.25798905
2023-04-09 18:28:00,89.73,89.75,89.75,89.75,28.00049782
2023-04-09 18:27:00,89.73,89.75,89.75,89.75,4.38712566
2023-04-09 18:26:00,89.74,89.77,89.77,89.75,7.70706489
2023-04-09 18:25:00,89.75,89.79,89.75,89.77,30.97382781
2023-04-09 18:24:00,89.71,89.74,89.73,89.74,25.46357806
2023-04-09 18:23:00,89.72,89.74,89.74,89.73,17.45574362
2023-04-09 18:22:00,89.69,89.73,89.71,89.71,95.1546159
2023-04-09 18:21:00,89.69,89.75,89.73,89.73,117.37255894
2023-04-09 18:20:00,89.72,89.76,89.72,89.76,14.85639389
2023-04-09 18:19:00,89.72,89.74,89.73,89.72,17.41971989
2023-04-09 18:18:00,89.71,89.77,89.76,89.73,3.78052598
2023-04-09 18:17:00,89.74,89.81,89.77,89.76,48.23056227
2023-04-09 18:16:00,89.74,89.77,89.76,89.77,6.29617864
2023-04-09 18:15:00,89.73,89.75,89.75,89.73,5.4944476
2023-04-09 18:14:00,89.69,89.71,89.7,89.71,1.279026
2023-04-09 18:13:00,89.68,89.7,89.68,89.7,2.41661713
2023-04-09 18:12:00,89.67,89.7,89.69,89.67,14.45415251
2023-04-09 18:11:00,89.67,89.7,89.67,89.7,8.88505366
2023-04-09 18:10:00,89.65,89.69,89.69,89.67,13.84115475
2023-04-09 18:09:00,89.67,89.69,89.67,89.69,12.38592577
2023-04-09 18:08:00,89.63,89.69,89.65,89.67,9.43707149
2023-04-09 18:07:00,89.62,89.65,89.64,89.65,50.26609678
2023-04-09 18:06:00,89.65,89.66,89.66,89.66,7.37452628
2023-04-09 18:05:00,89.63,89.67,89.64,89.67,34.89199357
2023-04-09 18:04:00,89.64,89.66,89.66,89.65,5.81712018
2023-04-09 18:03:00,89.61,89.66,89.65,89.66,17.71771406
2023-04-09 18:02:00,89.66,89.71,89.66,89.67,121.44871597
2023-04-09 18:01:00,89.6,89.66,89.6,89.66,17.79942542
2023-04-09 18:00:00,89.6,89.68,89.67,89.62,21.223505
2023-04-09 17:59:00,89.65,89.68,89.66,89.65,72.07245493
2023-04-09 17:58:00,89.62,89.69,89.69,89.62,31.31049591
2023-04-09 17:57:00,89.66,89.69,89.67,89.69,14.42874179
2023-04-09 17:56:00,89.66,89.7,89.68,89.67,9.75030437
2023-04-09 17:55:00,89.63,89.71,89.69,89.7,23.68886989
2023-04-09 17:54:00,89.68,89.72,89.69,89.71,4.40896009
2023-04-09 17:53:00,89.6,89.69,89.62,89.69,37.86586212
2023-04-09 17:52:00,89.55,89.62,89.55,89.62,29.05241115
2023-04-09 17:51:00,89.52,89.55,89.54,89.55,6.26952592
2023-04-09 17:50:00,89.49,89.54,89.51,89.53,58.55693013
2023-04-09 17:49:00,89.47,89.55,89.52,89.51,39.11806018
2023-04-09 17:48:00,89.51,89.52,89.52,89.52,4.33739955
2023-04-09 17:47:00,89.5,89.54,89.53,89.52,14.56780854
2023-04-09 17:46:00,89.5,89.52,89.5,89.52,0.2777211
2023-04-09 17:45:00,89.44,89.48,89.45,89.48,75.07725317
2023-04-09 17:44:00,89.44,89.51,89.5,89.45,125.81529899
2023-04-09 17:43:00,89.51,89.53,89.51,89.52,5.86439793
2023-04-09 17:42:00,89.49,89.6,89.6,89.49,17.04982148
2023-04-09 17:41:00,89.51,89.61,89.61,89.58,68.21819127
2023-04-09 17:40:00,89.58,89.61,89.6,89.59,102.91418304
2023-04-09 17:39:00,89.6,89.62,89.6,89.61,47.74242291
2023-04-09 17:38:00,89.57,89.59,89.57,89.58,2.85972555
2023-04-09 17:37:00,89.5,89.55,89.51,89.55,29.17990215
2023-04-09 17:36:00,89.47,89.49,89.47,89.48,10.88278817
2023-04-09 17:35:00,89.35,89.48,89.42,89.46,149.71203873
2023-04-09 17:34:00,89.41,89.45,89.45,89.41,83.87624769
2023-04-09 17:33:00,89.42,89.49,89.49,89.45,60.3170308
2023-04-09 17:32:00,89.5,89.54,89.54,89.5,58.79689946
2023-04-09 17:31:00,89.52,89.6,89.6,89.52,86.77482517
2023-04-09 17:30:00,89.58,89.62,89.58,89.62,4.95514845
2023-04-10 03:30:00,90.5,90.56,90.51,90.56,8.38291834
2023-04-10 03:29:00,90.49,90.53,90.53,90.51,10.72273265
2023-04-10 03:28:00,90.48,90.53,90.48,90.53,75.75099004
2023-04-10 03:27:00,90.46,90.5,90.49,90.49,25.85746147
2023-04-10 03:26:00,90.45,90.49,90.48,90.47,11.1188215
2023-04-10 03:25:00,90.45,90.48,90.45,90.47,2.71413186
2023-04-10 03:24:00,90.43,90.47,90.47,90.45,35.66365431
2023-04-10 03:23:00,90.45,90.48,90.48,90.47,16.67872329
2023-04-10 03:22:00,90.45,90.47,90.45,90.47,7.04619629
2023-04-10 03:21:00,90.43,90.46,90.45,90.45,2.5667938
2023-04-10 03:20:00,90.39,90.41,90.39,90.41,7.54027262
2023-04-10 03:19:00,90.39,90.42,90.41,90.4,6.24319542
2023-04-10 03:18:00,90.37,90.41,90.37,90.41,22.34575174
2023-04-10 03:17:00,90.33,90.37,90.33,90.36,8.23397195
2023-04-10 03:16:00,90.35,90.43,90.43,90.35,3.5698336
2023-04-10 03:15:00,90.4,90.45,90.43,90.43,30.5715909
2023-04-10 03:14:00,90.41,90.43,90.42,90.43,27.77761026
2023-04-10 03:13:00,90.34,90.41,90.34,90.41,12.00932004
2023-04-10 03:12:00,90.34,90.34,90.34,90.34,4.19227696
2023-04-10 03:11:00,90.33,90.36,90.36,90.33,16.37078379
2023-04-10 03:10:00,90.28,90.37,90.3,90.37,31.10621268
2023-04-10 03:09:00,90.29,90.32,90.32,90.31,5.64751307
2023-04-10 03:08:00,90.3,90.33,90.33,90.32,7.68961182
2023-04-10 03:07:00,90.26,90.33,90.31,90.3,12.10744543
2023-04-10 03:06:00,90.29,90.33,90.31,90.29,23.96803309
2023-04-10 03:05:00,90.3,90.42,90.4,90.3,39.48266089
2023-04-10 03:04:00,90.42,90.45,90.45,90.42,19.86267135
2023-04-10 03:03:00,90.39,90.45,90.39,90.45,154.39797069
2023-04-10 03:02:00,90.39,90.44,90.43,90.39,38.90116982
2023-04-10 03:01:00,90.4,90.43,90.41,90.43,70.63997015
2023-04-10 03:00:00,90.39,90.43,90.39,90.43,7.29451412
2023-04-10 02:59:00,90.38,90.44,90.38,90.39,75.89854202
2023-04-10 02:58:00,90.4,90.42,90.42,90.42,6.14082352
2023-04-10 02:57:00,90.39,90.42,90.41,90.4,15.13257388
2023-04-10 02:56:00,90.38,90.43,90.39,90.4,47.60498058
2023-04-10 02:55:00,90.38,90.42,90.41,90.38,27.57798389
2023-04-10 02:54:00,90.34,90.44,90.34,90.41,74.01252588
2023-04-10 02:53:00,90.32,90.35,90.35,90.32,4.7376365
2023-04-10 02:52:00,90.3,90.36,90.31,90.32,43.13915654
2023-04-10 02:51:00,90.31,90.33,90.33,90.31,17.31779055
2023-04-10 02:50:00,90.28,90.33,90.29,90.31,24.0904644
2023-04-10 02:49:00,90.27,90.29,90.28,90.27,15.09760131
2023-04-10 02:48:00,90.28,90.31,90.31,90.3,17.14213684
2023-04-10 02:47:00,90.28,90.31,90.28,90.31,4.75869063
2023-04-10 02:46:00,90.29,90.34,90.34,90.3,56.99016259
2023-04-10 02:45:00,90.33,90.37,90.36,90.34,10.89891537
2023-04-10 02:44:00,90.33,90.37,90.34,90.33,14.25462583
2023-04-10 02:43:00,90.31,90.37,90.37,90.34,23.8848211
2023-04-10 02:42:00,90.35,90.4,90.4,90.38,43.20334804
2023-04-10 02:41:00,90.27,90.39,90.38,90.39,105.79052062
2023-04-10 02:40:00,90.33,90.41,90.36,90.38,104.08468081
2023-04-10 02:39:00,90.28,90.38,90.28,90.35,30.76930972
2023-04-10 02:38:00,90.24,90.28,90.25,90.26,22.53266825
2023-04-10 02:37:00,90.22,90.27,90.27,90.22,6.43443701
2023-04-10 02:36:00,90.24,90.27,90.25,90.26,28.79670011
2023-04-10 02:35:00,90.23,90.27,90.26,90.23,45.9518734
2023-04-10 02:34:00,90.2,90.26,90.23,90.26,24.57603708
2023-04-10 02:33:00,90.19,90.23,90.2,90.21,18.69399099
2023-04-10 02:32:00,90.18,90.2,90.2,90.18,20.80003664
2023-04-10 02:31:00,90.12,90.17,90.16,90.17,44.95659896
2023-04-10 02:30:00,90.08,90.17,90.08,90.16,48.50434131
2023-04-10 02:29:00,90.1,90.14,90.14,90.11,25.16861719
2023-04-10 02:28:00,90.12,90.14,90.14,90.13,5.67759742
2023-04-10 02:27:00,90.09,90.12,90.09,90.12,31.52479793
2023-04-10 02:26:00,90.08,90.14,90.14,90.09,2.98798122
2023-04-10 02:25:00,90.11,90.17,90.17,90.12,68.44859558
2023-04-10 02:24:00,90.15,90.19,90.18,90.18,43.20937601
2023-04-10 02:23:00,90.16,90.18,90.16,90.18,7.0144083
2023-04-10 02:22:00,90.15,90.18,90.15,90.18,2.37144242
2023-04-10 02:21:00,90.13,90.21,90.2,90.13,26.00707039
2023-04-10 02:20:00,90.17,90.22,90.17,90.22,30.33514377
2023-04-10 02:19:00,90.17,90.21,90.17,90.19,15.34694577
2023-04-10 02:18:00,90.16,90.19,90.17,90.19,4.21315612
2023-04-10 02:17:00,90.13,90.2,90.14,90.19,210.34801304
2023-04-10 02:16:00,90.11,90.2,90.18,90.11,15.77348539
2023-04-10 02:15:00,90.18,90.24,90.24,90.18,51.14011084
2023-04-10 02:14:00,90.16,90.22,90.16,90.22,12.40940946
2023-04-10 02:13:00,90.17,90.2,90.2,90.18,40.78158671
2023-04-10 02:12:00,90.14,90.2,90.14,90.19,67.18352037
2023-04-10 02:11:00,90.14,90.14,90.14,90.14,6.6704586
2023-04-10 02:10:00,90.09,90.14,90.09,90.14,66.29433682
2023-04-10 02:09:00,90.1,90.11,90.1,90.11,12.71867384
2023-04-10 02:08:00,90.1,90.14,90.13,90.12,66.734316
2023-04-10 02:07:00,90.09,90.16,90.1,90.13,65.29490673
2023-04-10 02:06:00,90.1,90.13,90.13,90.11,15.60389621
2023-04-10 02:05:00,90.08,90.13,90.08,90.13,3.87814321
2023-04-10 02:04:00,90.04,90.11,90.04,90.11,19.71571148
2023-04-10 02:03:00,89.95,90.03,89.96,90.03,59.95275413
2023-04-10 02:02:00,89.93,89.97,89.96,89.96,69.44136019
2023-04-10 02:01:00,89.93,89.96,89.95,89.96,27.85359758
2023-04-10 02:00:00,89.95,89.98,89.98,89.96,36.75810587
2023-04-10 01:59:00,89.98,90.02,90.02,89.98,21.11015483
2023-04-10 01:58:00,90.02,90.04,90.04,90.02,5.08102122
2023-04-10 01:57:00,89.99,90.04,89.99,90.02,9.94727828
2023-04-10 01:56:00,89.97,90.01,89.97,90.01,4.81211986
2023-04-10 01:55:00,89.96,89.98,89.97,89.98,2.44999218
2023-04-10 01:54:00,89.97,90.01,89.99,89.99,32.81271933
2023-04-10 01:53:00,89.98,90.04,90.01,90.01,128.2410468
2023-04-10 01:52:00,89.99,90.03,90.01,90.02,7.02674436
2023-04-10 01:51:00,89.96,90.01,90.01,90.01,39.52581905
2023-04-10 01:50:00,90.01,90.07,90.05,90.03,62.34163417
2023-04-10 01:49:00,90.02,90.05,90.03,90.04,23.97313365
2023-04-10 01:48:00,90.0,90.05,90.03,90.03,37.71106567
2023-04-10 01:47:00,89.97,90.06,90.05,90.05,57.6219713
2023-04-10 01:46:00,89.98,90.06,90.04,90.0,82.51169963
2023-04-10 01:45:00,89.98,90.03,89.99,90.03,181.56221866
2023-04-10 01:44:00,89.96,90.02,89.96,90.02,141.11642438
2023-04-10 01:43:00,89.96,90.11,90.11,89.97,188.20987549
2023-04-10 01:42:00,90.03,90.12,90.07,90.08,81.5150716
2023-04-10 01:41:00,90.03,90.13,90.08,90.09,128.75009334
2023-04-10 01:40:00,90.07,90.14,90.13,90.08,171.25392038
2023-04-10 01:39:00,90.05,90.14,90.05,90.13,226.79226502
2023-04-10 01:38:00,90.01,90.06,90.03,90.05,282.89186707
2023-04-10 01:37:00,90.01,90.04,90.03,90.03,19.47179903
2023-04-10 01:36:00,90.0,90.04,90.01,90.04,15.27275387
2023-04-10 01:35:00,90.03,90.09,90.09,90.03,20.95063372
2023-04-10 01:34:00,90.04,90.09,90.06,90.09,60.2528108
2023-04-10 01:33:00,90.08,90.14,90.13,90.08,15.43550192
2023-04-10 01:32:00,90.03,90.16,90.16,90.1,92.28101958
2023-04-10 01:31:00,90.01,90.16,90.14,90.14,35.07481689
2023-04-10 01:30:00,89.96,90.15,90.07,90.15,195.79736317
2023-04-10 01:29:00,90.08,90.18,90.18,90.08,25.78212129
2023-04-10 01:28:00,90.14,90.18,90.18,90.15,36.15436168
2023-04-10 01:27:00,90.11,90.25,90.19,90.17,53.18738048
2023-04-10 01:26:00,90.16,90.3,90.28,90.18,262.52252333
2023-04-10 01:25:00,90.28,90.41,90.39,90.28,51.98707816
2023-04-10 01:24:00,90.38,90.42,90.4,90.41,1.18446394
2023-04-10 01:23:00,90.4,90.43,90.4,90.4,2.42560888
2023-04-10 01:22:00,90.39,90.43,90.39,90.4,29.11296793
2023-04-10 01:21:00,90.38,90.44,90.39,90.39,95.53245837
2023-04-10 01:20:00,90.39,90.41,90.39,90.41,3.27812737
2023-04-10 01:19:00,90.36,90.41,90.39,90.41,38.03135976
2023-04-10 01:18:00,90.33,90.41,90.39,90.33,3.2999944
2023-04-10 01:17:00,90.37,90.4,90.4,90.39,140.48102735
2023-04-10 01:16:00,90.36,90.37,90.37,90.36,11.39701565
2023-04-10 01:15:00,90.29,90.35,90.29,90.35,31.85796074
2023-04-10 01:14:00,90.29,90.37,90.33,90.29,36.95443647
2023-04-10 01:13:00,90.34,90.43,90.42,90.34,55.48314026
2023-04-10 01:12:00,90.38,90.43,90.41,90.39,31.83197334
2023-04-10 01:11:00,90.36,90.42,90.42,90.38,62.14135977
2023-04-10 01:10:00,90.38,90.45,90.43,90.41,37.93183782
2023-04-10 01:09:00,90.44,90.51,90.5,90.46,25.39914534
2023-04-10 01:08:00,90.4,90.44,90.44,90.44,4.67838244
2023-04-10 01:07:00,90.44,90.47,90.46,90.45,30.43850589
2023-04-10 01:06:00,90.43,90.53,90.53,90.43,116.6943945
2023-04-10 01:05:00,90.53,90.58,90.54,90.53,15.85944365
2023-04-10 01:04:00,90.52,90.54,90.54,90.54,2.8723179
2023-04-10 01:03:00,90.54,90.54,90.54,90.54,1.94255143
2023-04-10 01:02:00,90.51,90.59,90.58,90.54,29.41161918
2023-04-10 01:01:00,90.56,90.59,90.58,90.58,4.46822867
2023-04-10 01:00:00,90.59,90.61,90.61,90.59,15.69945011
2023-04-10 00:59:00,90.61,90.69,90.65,90.64,91.36851779
2023-04-10 00:58:00,90.59,90.66,90.62,90.65,131.5028481
2023-04-10 00:57:00,90.6,90.64,90.64,90.62,32.92426718
2023-04-10 00:56:00,90.61,90.67,90.65,90.64,6.77155668
2023-04-10 00:55:00,90.64,90.77,90.77,90.67,24.47404741
2023-04-10 00:54:00,90.71,90.78,90.73,90.78,12.90805259
2023-04-10 00:53:00,90.73,90.76,90.74,90.74,9.94149639
2023-04-10 00:52:00,90.61,90.74,90.63,90.74,39.67653193
2023-04-10 00:51:00,90.58,90.64,90.63,90.64,37.54198511
2023-04-10 00:50:00,90.63,90.71,90.68,90.66,103.53744368
2023-04-10 00:49:00,90.68,90.74,90.74,90.71,11.65722312
2023-04-10 00:48:00,90.72,90.74,90.72,90.74,3.36986428
2023-04-10 00:47:00,90.73,90.75,90.73,90.74,3.43606642
2023-04-10 00:46:00,90.74,90.76,90.76,90.76,11.21571231
2023-04-10 00:45:00,90.72,90.83,90.82,90.75,12.74884634
2023-04-10 00:44:00,90.82,90.88,90.88,90.82,36.85036907
2023-04-10 00:43:00,90.83,90.86,90.83,90.86,72.63823779
2023-04-10 00:42:00,90.81,90.86,90.86,90.81,13.38117018
2023-04-10 00:41:00,90.76,90.86,90.76,90.86,30.93111614
2023-04-10 00:40:00,90.72,90.82,90.72,90.78,52.18001719
2023-04-10 00:39:00,90.69,90.76,90.76,90.72,7.51973894
2023-04-10 00:38:00,90.71,90.78,90.75,90.72,6.88322508
2023-04-10 00:37:00,90.77,90.78,90.77,90.78,7.37569887
2023-04-10 00:36:00,90.72,90.76,90.76,90.74,11.00746723
2023-04-10 00:35:00,90.68,90.76,90.72,90.76,12.54149255
2023-04-10 00:34:00,90.7,90.84,90.83,90.72,125.05522646
2023-04-10 00:33:00,90.8,90.84,90.81,90.84,12.20281
2023-04-10 00:32:00,90.81,90.86,90.83,90.83,15.0490496
2023-04-10 00:31:00,90.83,90.86,90.85,90.83,18.63558027
2023-04-10 00:30:00,90.82,90.87,90.87,90.84,57.99356583
2023-04-10 00:29:00,90.86,90.9,90.9,90.89,24.84550893
2023-04-10 00:28:00,90.84,90.88,90.87,90.84,38.38585238
2023-04-10 00:27:00,90.79,90.85,90.81,90.85,41.07958862
2023-04-10 00:26:00,90.78,90.83,90.78,90.83,65.90653764
2023-04-10 00:25:00,90.75,90.78,90.76,90.77,26.63888023
2023-04-10 00:24:00,90.76,90.82,90.82,90.78,38.77937485
2023-04-10 00:23:00,90.77,90.85,90.85,90.8,34.76141588
2023-04-10 00:22:00,90.77,90.86,90.83,90.86,47.55426804
2023-04-10 00:21:00,90.85,90.88,90.87,90.86,26.96360661
2023-04-10 00:20:00,90.87,90.93,90.9,90.87,15.7064429
2023-04-10 00:19:00,90.9,90.94,90.92,90.93,12.57326364
2023-04-10 00:18:00,90.9,90.95,90.95,90.92,8.24411175
2023-04-10 00:17:00,90.9,90.96,90.96,90.96,33.35711189
2023-04-10 00:16:00,90.93,91.03,90.93,90.98,39.72120852
2023-04-10 00:15:00,90.95,90.99,90.97,90.99,7.80020932
2023-04-10 00:14:00,90.92,91.0,90.98,90.95,56.62635811
2023-04-10 00:13:00,90.97,91.04,91.0,91.01,34.33475364
2023-04-10 00:12:00,90.98,91.02,91.02,91.0,5.64904428
2023-04-10 00:11:00,90.93,90.99,90.93,90.99,14.80541842
2023-04-10 00:10:00,90.93,90.98,90.93,90.93,49.38214383
2023-04-10 00:09:00,90.87,90.95,90.87,90.95,9.06968919
2023-04-10 00:08:00,90.8,90.89,90.8,90.89,32.16158152
2023-04-10 00:07:00,90.82,90.86,90.84,90.84,26.16416089
2023-04-10 00:06:00,90.71,90.83,90.74,90.83,46.79864357
2023-04-10 00:05:00,90.64,90.74,90.64,90.73,3.70668971
2023-04-10 00:04:00,90.64,90.69,90.66,90.64,102.35217045
2023-04-10 00:03:00,90.62,90.65,90.62,90.65,6.72516788
2023-04-10 00:02:00,90.56,90.67,90.59,90.6,46.18953867
2023-04-10 00:01:00,90.57,90.6,90.59,90.57,105.60173196
2023-04-10 00:00:00,90.59,90.66,90.65,90.61,4.63116581
2023-04-09 23:59:00,90.63,90.69,90.66,90.66,5.88082205
2023-04-09 23:58:00,90.65,90.69,90.69,90.65,19.84070497
2023-04-09 23:57:00,90.68,90.69,90.69,90.68,11.37992248
2023-04-09 23:56:00,90.67,90.72,90.72,90.67,10.22829385
2023-04-09 23:55:00,90.64,90.69,90.67,90.69,20.90756577
2023-04-09 23:54:00,90.64,90.7,90.64,90.69,17.78979307
2023-04-09 23:53:00,90.64,90.65,90.64,90.64,4.47800949
2023-04-09 23:52:00,90.6,90.64,90.64,90.62,49.75369374
2023-04-09 23:51:00,90.65,90.77,90.77,90.65,22.76388412
2023-04-09 23:50:00,90.74,90.77,90.76,90.77,15.41925968
2023-04-09 23:49:00,90.67,90.76,90.68,90.76,25.32420654
2023-04-09 23:48:00,90.67,90.7,90.68,90.7,1.69413221
2023-04-09 23:47:00,90.65,90.71,90.71,90.65,124.45171691
2023-04-09 23:46:00,90.66,90.71,90.69,90.7,29.44640807
2023-04-09 23:45:00,90.67,90.72,90.68,90.71,26.48095797
2023-04-09 23:44:00,90.65,90.7,90.68,90.65,157.88408738
2023-04-09 23:43:00,90.65,90.68,90.66,90.68,52.59274198
2023-04-09 23:42:00,90.65,90.68,90.65,90.68,3.71323766
2023-04-09 23:41:00,90.63,90.71,90.71,90.66,41.33585926
2023-04-09 23:40:00,90.71,90.81,90.8,90.71,147.00820523
2023-04-09 23:39:00,90.73,90.8,90.8,90.76,26.11794467
2023-04-09 23:38:00,90.75,90.79,90.75,90.79,37.96324539
2023-04-09 23:37:00,90.74,90.79,90.79,90.74,6.41306557
2023-04-09 23:36:00,90.76,90.8,90.78,90.79,3.86271105
2023-04-09 23:35:00,90.77,90.8,90.8,90.77,11.13872775
2023-04-09 23:34:00,90.76,90.82,90.82,90.8,111.82920158
2023-04-09 23:33:00,90.83,90.89,90.83,90.85,28.30403761
2023-04-09 23:32:00,90.81,90.84,90.84,90.83,4.94161775
2023-04-09 23:31:00,90.84,90.86,90.86,90.84,15.3614583
2023-04-09 23:30:00,90.83,90.86,90.86,90.86,16.94833593
2023-04-09 23:29:00,90.83,90.87,90.87,90.87,15.17606403
2023-04-09 23:28:00,90.85,90.9,90.9,90.86,57.37248941
2023-04-09 23:27:00,90.86,90.91,90.86,90.89,371.81711614
2023-04-09 23:26:00,90.85,90.94,90.94,90.85,685.24694057
2023-04-09 23:25:00,90.92,90.98,90.96,90.94,18.92066678
2023-04-09 23:24:00,90.91,90.96,90.91,90.96,185.31389802
2023-04-09 23:23:00,90.83,90.89,90.83,90.89,21.36920643
2023-04-09 23:22:00,90.79,90.83,90.8,90.83,34.23443315
2023-04-09 23:21:00,90.76,90.82,90.76,90.76,102.4077846
2023-04-09 23:20:00,90.75,90.79,90.76,90.76,10.71927947
2023-04-09 23:19:00,90.71,90.77,90.71,90.76,7.25704646
2023-04-09 23:18:00,90.76,90.8,90.8,90.77,21.71133787
2023-04-09 23:17:00,90.77,90.81,90.77,90.8,16.98406568
2023-04-09 23:16:00,90.74,90.77,90.75,90.77,8.17394912
2023-04-09 23:15:00,90.72,90.77,90.76,90.77,7.79394075
2023-04-09 23:14:00,90.72,90.76,90.73,90.76,56.77725287
2023-04-09 23:13:00,90.68,90.74,90.74,90.69,10.26726177
2023-04-09 23:12:00,90.71,90.82,90.82,90.76,8.3557994
2023-04-09 23:11:00,90.76,90.85,90.76,90.85,28.77661361
2023-04-09 23:10:00,90.75,90.8,90.77,90.78,14.63295626
2023-04-09 23:09:00,90.72,90.81,90.72,90.77,12.04815129
2023-04-09 23:08:00,90.7,90.75,90.75,90.73,15.71681311
2023-04-09 23:07:00,90.76,90.83,90.83,90.76,16.01549134
2023-04-09 23:06:00,90.83,90.91,90.9,90.85,40.58184488
2023-04-09 23:05:00,90.86,90.94,90.87,90.94,6.11873279
2023-04-09 23:04:00,90.84,90.86,90.86,90.86,19.08693434
2023-04-09 23:03:00,90.85,90.93,90.93,90.86,16.90761083
2023-04-09 23:02:00,90.91,91.03,91.01,90.92,62.81746779
2023-04-09 23:01:00,90.99,91.09,91.09,90.99,42.12529595
2023-04-09 23:00:00,91.03,91.1,91.03,91.07,78.51057733
2023-04-09 22:59:00,91.02,91.03,91.03,91.02,6.62288784
2023-04-09 22:58:00,91.0,91.05,91.03,91.03,59.70021663
2023-04-09 22:57:00,91.04,91.07,91.05,91.05,33.88593351
2023-04-09 22:56:00,91.02,91.06,91.03,91.06,48.63441197
2023-04-09 22:55:00,91.01,91.04,91.03,91.02,39.03612968
2023-04-09 22:54:00,90.98,91.04,91.01,91.04,38.07539001
2023-04-09 22:53:00,90.97,91.02,90.98,91.02,48.2319493
2023-04-09 22:52:00,90.99,91.01,91.0,91.0,4.16897237
2023-04-09 22:51:00,90.95,91.01,91.0,90.97,36.76703367
2023-04-09 22:50:00,90.93,90.99,90.93,90.98,29.37459269
2023-04-09 22:49:00,90.87,90.93,90.9,90.93,48.38044122
2023-04-09 22:48:00,90.82,90.9,90.86,90.88,9.83709115
2023-04-09 22:47:00,90.87,90.93,90.93,90.89,255.43039833
2023-04-09 22:46:00,90.9,90.93,90.91,90.91,24.08722426
2023-04-09 22:45:00,90.94,91.0,90.94,90.97,20.6366734
2023-04-09 22:44:00,90.93,91.03,91.01,90.93,44.87577244
2023-04-09 22:43:00,91.01,91.06,91.01,91.03,34.68935199
2023-04-09 22:42:00,91.01,91.06,91.03,91.01,18.92834562
2023-04-09 22:41:00,91.01,91.05,91.03,91.02,161.96012485
2023-04-09 22:40:00,91.0,91.07,91.0,91.07,13.31196471
2023-04-09 22:39:00,90.99,91.05,91.05,91.02,30.06703852
2023-04-09 22:38:00,90.92,91.05,90.99,91.02,211.62896765
2023-04-09 22:37:00,90.93,90.97,90.93,90.95,3.79764951
2023-04-09 22:36:00,90.96,91.02,91.0,90.96,21.77456567
2023-04-09 22:35:00,90.98,91.03,90.98,90.99,14.83052056
2023-04-09 22:34:00,91.01,91.06,91.05,91.01,11.91926092
2023-04-09 22:33:00,90.99,91.11,90.99,91.07,1176.97982145
2023-04-09 22:32:00,90.99,91.02,91.02,90.99,17.09697571
2023-04-09 22:31:00,90.99,91.04,91.0,91.0,38.67898414
2023-04-09 22:30:00,90.88,91.0,90.88,90.99,3.20299887
2023-04-10 04:15:00,90.51,90.57,90.55,90.51,163.49625135
