datetime,open,high,low,close,volume
2022-12-29 22:23:00,66.05,66.16,66.05,66.15,344.29283596
2022-12-30 08:23:00,66.31,66.36,66.32,66.33,10.06979312
2022-12-30 08:22:00,66.34,66.36,66.34,66.35,21.71320738
2022-12-30 08:21:00,66.33,66.36,66.35,66.35,105.63209302
2022-12-30 08:20:00,66.37,66.44,66.43,66.37,237.83178508
2022-12-30 08:19:00,66.42,66.44,66.42,66.43,19.86351253
2022-12-30 08:18:00,66.41,66.45,66.45,66.43,17.01304825
2022-12-30 08:17:00,66.41,66.46,66.42,66.46,61.32066217
2022-12-30 08:16:00,66.39,66.41,66.4,66.4,39.15214264
2022-12-30 08:15:00,66.4,66.44,66.44,66.4,44.84640275
2022-12-30 08:14:00,66.43,66.48,66.47,66.45,7.99380117
2022-12-30 08:13:00,66.42,66.47,66.45,66.47,28.34698232
2022-12-30 08:12:00,66.43,66.49,66.48,66.44,111.05529794
2022-12-30 08:11:00,66.46,66.49,66.49,66.46,38.18375353
2022-12-30 08:10:00,66.51,66.54,66.51,66.51,118.06781033
2022-12-30 08:09:00,66.51,66.54,66.52,66.51,13.45200632
2022-12-30 08:08:00,66.45,66.52,66.45,66.52,82.83653708
2022-12-30 08:07:00,66.44,66.48,66.48,66.44,28.02496079
2022-12-30 08:06:00,66.45,66.5,66.48,66.48,125.53221488
2022-12-30 08:05:00,66.48,66.59,66.56,66.5,128.65082641
2022-12-30 08:04:00,66.56,66.6,66.56,66.6,174.13039111
2022-12-30 08:03:00,66.49,66.55,66.5,66.53,91.65851736
2022-12-30 08:02:00,66.42,66.51,66.44,66.49,254.73124254
2022-12-30 08:01:00,66.44,66.48,66.44,66.46,21.16467474
2022-12-30 08:00:00,66.42,66.45,66.44,66.45,17.99671388
2022-12-30 07:59:00,66.4,66.44,66.42,66.4,25.91677048
2022-12-30 07:58:00,66.39,66.45,66.4,66.45,15.40504263
2022-12-30 07:57:00,66.29,66.44,66.32,66.41,248.25953765
2022-12-30 07:56:00,66.31,66.36,66.34,66.33,57.98261171
2022-12-30 07:55:00,66.35,66.39,66.39,66.37,21.17786082
2022-12-30 07:54:00,66.34,66.39,66.34,66.39,150.22334516
2022-12-30 07:53:00,66.31,66.36,66.31,66.33,110.69975742
2022-12-30 07:52:00,66.34,66.36,66.35,66.35,99.48172523
2022-12-30 07:51:00,66.3,66.34,66.34,66.32,49.9880688
2022-12-30 07:50:00,66.34,66.39,66.39,66.36,57.95035179
2022-12-30 07:49:00,66.32,66.39,66.37,66.37,60.95046204
2022-12-30 07:48:00,66.35,66.38,66.38,66.35,114.83873334
2022-12-30 07:47:00,66.39,66.46,66.46,66.39,166.63300328
2022-12-30 07:46:00,66.39,66.47,66.4,66.45,186.43237797
2022-12-30 07:45:00,66.27,66.43,66.28,66.42,90.48689989
2022-12-30 07:44:00,66.28,66.31,66.3,66.3,49.18158467
2022-12-30 07:43:00,66.27,66.33,66.3,66.3,74.84439585
2022-12-30 07:42:00,66.27,66.34,66.28,66.3,339.39458215
2022-12-30 07:41:00,66.26,66.28,66.27,66.28,47.17727996
2022-12-30 07:40:00,66.25,66.31,66.31,66.25,127.86346166
2022-12-30 07:39:00,66.26,66.31,66.26,66.29,45.05197495
2022-12-30 07:38:00,66.14,66.24,66.14,66.23,62.6175811
2022-12-30 07:37:00,66.13,66.18,66.17,66.17,25.33159785
2022-12-30 07:36:00,66.18,66.23,66.19,66.18,40.09758647
2022-12-30 07:35:00,66.17,66.28,66.28,66.19,228.91864552
2022-12-30 07:34:00,66.24,66.29,66.27,66.28,334.9074647
2022-12-30 07:33:00,66.22,66.32,66.22,66.26,243.80690364
2022-12-30 07:32:00,66.03,66.22,66.08,66.21,701.48822049
2022-12-30 07:31:00,66.09,66.19,66.19,66.13,331.88294013
2022-12-30 07:30:00,66.17,66.22,66.17,66.2,54.47297544
2022-12-30 07:29:00,66.17,66.26,66.22,66.19,150.61553691
2022-12-30 07:28:00,66.17,66.26,66.26,66.21,272.27885521
2022-12-30 07:27:00,66.2,66.31,66.28,66.24,155.87548519
2022-12-30 07:26:00,66.08,66.28,66.18,66.25,1018.62333951
2022-12-30 07:25:00,66.12,66.29,66.27,66.21,1391.91478733
2022-12-30 07:24:00,66.14,66.46,66.46,66.26,3201.11589963
2022-12-30 07:23:00,66.46,66.49,66.47,66.48,40.05593704
2022-12-30 07:22:00,66.45,66.49,66.48,66.48,111.10948928
2022-12-30 07:21:00,66.39,66.48,66.4,66.48,169.29470959
2022-12-30 07:20:00,66.33,66.38,66.36,66.38,33.1291204
2022-12-30 07:19:00,66.33,66.37,66.35,66.35,103.98938249
2022-12-30 07:18:00,66.36,66.39,66.39,66.36,18.34736965
2022-12-30 07:17:00,66.37,66.45,66.43,66.37,43.03416325
2022-12-30 07:16:00,66.43,66.47,66.45,66.45,51.36153788
2022-12-30 07:15:00,66.4,66.47,66.46,66.44,75.47992668
2022-12-30 07:14:00,66.46,66.53,66.52,66.47,88.12693468
2022-12-30 07:13:00,66.5,66.54,66.52,66.52,28.39889293
2022-12-30 07:12:00,66.48,66.51,66.48,66.51,45.80499717
2022-12-30 07:11:00,66.45,66.49,66.47,66.49,36.34577965
2022-12-30 07:10:00,66.46,66.52,66.52,66.49,45.19457957
2022-12-30 07:09:00,66.5,66.52,66.52,66.52,7.41554885
2022-12-30 07:08:00,66.49,66.52,66.51,66.5,23.64633788
2022-12-30 07:07:00,66.48,66.52,66.52,66.51,80.87532729
2022-12-30 07:06:00,66.48,66.52,66.52,66.52,286.06001455
2022-12-30 07:05:00,66.48,66.51,66.5,66.51,20.87219045
2022-12-30 07:04:00,66.5,66.53,66.51,66.52,21.91326504
2022-12-30 07:03:00,66.51,66.53,66.53,66.53,20.98835597
2022-12-30 07:02:00,66.52,66.55,66.54,66.54,93.37211321
2022-12-30 07:01:00,66.53,66.56,66.55,66.54,54.83291371
2022-12-30 07:00:00,66.53,66.58,66.53,66.54,52.19691626
2022-12-30 06:59:00,66.54,66.59,66.59,66.54,18.68495525
2022-12-30 06:58:00,66.57,66.6,66.58,66.57,17.23319761
2022-12-30 06:57:00,66.55,66.59,66.55,66.58,6.68458182
2022-12-30 06:56:00,66.54,66.56,66.55,66.54,14.77643396
2022-12-30 06:55:00,66.5,66.59,66.59,66.54,113.79427433
2022-12-30 06:54:00,66.54,66.6,66.54,66.59,71.80358924
2022-12-30 06:53:00,66.57,66.64,66.59,66.59,72.33977897
2022-12-30 06:52:00,66.57,66.6,66.59,66.59,27.50485052
2022-12-30 06:51:00,66.57,66.66,66.66,66.58,117.46136684
2022-12-30 06:50:00,66.65,66.66,66.66,66.66,31.18683205
2022-12-30 06:49:00,66.63,66.67,66.63,66.65,50.43362764
2022-12-30 06:48:00,66.62,66.66,66.65,66.65,20.32333233
2022-12-30 06:47:00,66.63,66.67,66.64,66.65,98.41223421
2022-12-30 06:46:00,66.6,66.65,66.6,66.64,70.13732021
2022-12-30 06:45:00,66.53,66.62,66.54,66.62,105.90843616
2022-12-30 06:44:00,66.54,66.57,66.54,66.54,39.03684249
2022-12-30 06:43:00,66.55,66.58,66.56,66.56,110.65017219
2022-12-30 06:42:00,66.55,66.56,66.56,66.55,7.21083605
2022-12-30 06:41:00,66.55,66.58,66.57,66.57,69.68264176
2022-12-30 06:40:00,66.58,66.63,66.63,66.58,37.04521712
2022-12-30 06:39:00,66.61,66.64,66.63,66.63,30.44289116
2022-12-30 06:38:00,66.57,66.64,66.57,66.62,14.09102081
2022-12-30 06:37:00,66.57,66.6,66.57,66.59,22.07904851
2022-12-30 06:36:00,66.58,66.6,66.59,66.59,29.25160617
2022-12-30 06:35:00,66.58,66.6,66.6,66.6,18.14371174
2022-12-30 06:34:00,66.55,66.6,66.55,66.6,122.64166206
2022-12-30 06:33:00,66.5,66.55,66.5,66.55,19.87610319
2022-12-30 06:32:00,66.54,66.63,66.63,66.54,69.76678655
2022-12-30 06:31:00,66.58,66.63,66.58,66.63,4.1424141
2022-12-30 06:30:00,66.56,66.58,66.58,66.57,30.01331406
2022-12-30 06:29:00,66.57,66.59,66.59,66.58,9.80100217
2022-12-30 06:28:00,66.56,66.59,66.58,66.56,70.28487681
2022-12-30 06:27:00,66.53,66.58,66.55,66.58,21.13135404
2022-12-30 06:26:00,66.48,66.55,66.49,66.55,75.06381953
2022-12-30 06:25:00,66.48,66.51,66.5,66.49,15.95486647
2022-12-30 06:24:00,66.46,66.51,66.48,66.47,139.53663297
2022-12-30 06:23:00,66.5,66.52,66.5,66.51,10.64444125
2022-12-30 06:22:00,66.48,66.52,66.49,66.5,14.4587072
2022-12-30 06:21:00,66.45,66.5,66.49,66.5,30.71748921
2022-12-30 06:20:00,66.43,66.57,66.55,66.48,521.65851132
2022-12-30 06:19:00,66.56,66.67,66.64,66.56,201.64842034
2022-12-30 06:18:00,66.6,66.64,66.63,66.62,116.33802328
2022-12-30 06:17:00,66.59,66.66,66.59,66.65,429.63598951
2022-12-30 06:16:00,66.54,66.59,66.58,66.59,30.34427791
2022-12-30 06:15:00,66.54,66.65,66.64,66.58,188.57128841
2022-12-30 06:14:00,66.64,66.67,66.66,66.64,125.2969882
2022-12-30 06:13:00,66.62,66.66,66.63,66.65,51.70516907
2022-12-30 06:12:00,66.58,66.66,66.61,66.61,63.71289282
2022-12-30 06:11:00,66.55,66.6,66.55,66.58,150.57496708
2022-12-30 06:10:00,66.54,66.59,66.55,66.56,61.847037
2022-12-30 06:09:00,66.53,66.64,66.56,66.56,768.88654003
2022-12-30 06:08:00,66.53,66.6,66.6,66.57,59.42373133
2022-12-30 06:07:00,66.58,66.62,66.58,66.62,78.42623953
2022-12-30 06:06:00,66.51,66.58,66.51,66.55,94.12692446
2022-12-30 06:05:00,66.43,66.5,66.43,66.5,122.65290225
2022-12-30 06:04:00,66.37,66.44,66.41,66.44,71.0012349
2022-12-30 06:03:00,66.31,66.44,66.44,66.39,376.37021878
2022-12-30 06:02:00,66.41,66.45,66.42,66.43,160.42427091
2022-12-30 06:01:00,66.4,66.45,66.42,66.41,168.9591838
2022-12-30 06:00:00,66.38,66.43,66.41,66.41,137.93518057
2022-12-30 05:59:00,66.42,66.45,66.43,66.43,54.91508537
2022-12-30 05:58:00,66.4,66.47,66.47,66.43,110.4069517
2022-12-30 05:57:00,66.48,66.56,66.56,66.48,120.22267745
2022-12-30 05:56:00,66.5,66.56,66.5,66.55,410.45999953
2022-12-30 05:55:00,66.46,66.5,66.48,66.46,108.83282912
2022-12-30 05:54:00,66.47,66.51,66.48,66.49,143.59701646
2022-12-30 05:53:00,66.41,66.48,66.41,66.48,26.06740988
2022-12-30 05:52:00,66.28,66.42,66.28,66.41,487.58348711
2022-12-30 05:51:00,66.22,66.54,66.54,66.27,851.58944671
2022-12-30 05:50:00,66.4,66.65,66.62,66.57,1000.29686668
2022-12-30 05:49:00,66.62,66.7,66.7,66.65,1027.35661945
2022-12-30 05:48:00,66.68,66.71,66.71,66.68,104.9551368
2022-12-30 05:47:00,66.7,66.73,66.73,66.71,28.62417796
2022-12-30 05:46:00,66.7,66.75,66.7,66.73,21.09996614
2022-12-30 05:45:00,66.67,66.73,66.67,66.7,297.67755069
2022-12-30 05:44:00,66.58,66.67,66.59,66.67,86.99766881
2022-12-30 05:43:00,66.59,66.64,66.64,66.59,48.90808812
2022-12-30 05:42:00,66.61,66.64,66.61,66.62,47.57956721
2022-12-30 05:41:00,66.6,66.67,66.62,66.62,369.8409704
2022-12-30 05:40:00,66.61,66.63,66.61,66.62,86.16564025
2022-12-30 05:39:00,66.61,66.64,66.61,66.63,43.37944625
2022-12-30 05:38:00,66.63,66.69,66.69,66.64,199.35779068
2022-12-30 05:37:00,66.67,66.7,66.7,66.68,66.27943637
2022-12-30 05:36:00,66.64,66.7,66.68,66.7,40.31642859
2022-12-30 05:35:00,66.63,66.68,66.65,66.68,162.91077577
2022-12-30 05:34:00,66.66,66.72,66.72,66.66,228.73526199
2022-12-30 05:33:00,66.7,66.72,66.71,66.72,8.66509478
2022-12-30 05:32:00,66.7,66.71,66.7,66.71,7.69626531
2022-12-30 05:31:00,66.7,66.73,66.72,66.7,71.5000068
2022-12-30 05:30:00,66.7,66.73,66.7,66.7,57.79930575
2022-12-30 05:29:00,66.65,66.72,66.67,66.72,219.15973964
2022-12-30 05:28:00,66.67,66.72,66.72,66.67,118.75193732
2022-12-30 05:27:00,66.69,66.73,66.69,66.73,167.80839349
2022-12-30 05:26:00,66.69,66.76,66.76,66.7,158.25040206
2022-12-30 05:25:00,66.74,66.78,66.78,66.76,19.36624624
2022-12-30 05:24:00,66.75,66.78,66.75,66.78,78.65725575
2022-12-30 05:23:00,66.77,66.78,66.77,66.77,36.94188527
2022-12-30 05:22:00,66.76,66.77,66.76,66.77,53.05790452
2022-12-30 05:21:00,66.75,66.8,66.8,66.76,61.7902131
2022-12-30 05:20:00,66.75,66.8,66.75,66.79,8.30188096
2022-12-30 05:19:00,66.72,66.75,66.74,66.74,103.82926505
2022-12-30 05:18:00,66.63,66.75,66.63,66.74,606.5808836
2022-12-30 05:17:00,66.65,66.67,66.67,66.65,20.90002759
2022-12-30 05:16:00,66.65,66.69,66.65,66.68,103.54250071
2022-12-30 05:15:00,66.63,66.65,66.64,66.65,10.27698461
2022-12-30 05:14:00,66.62,66.74,66.74,66.63,193.74162918
2022-12-30 05:13:00,66.68,66.73,66.73,66.73,63.0387543
2022-12-30 05:12:00,66.73,66.76,66.75,66.73,23.7169192
2022-12-30 05:11:00,66.67,66.75,66.7,66.75,52.91194155
2022-12-30 05:10:00,66.67,66.7,66.67,66.7,13.34947533
2022-12-30 05:09:00,66.61,66.7,66.66,66.7,496.67949439
2022-12-30 05:08:00,66.63,66.74,66.74,66.65,580.84822283
2022-12-30 05:07:00,66.74,66.78,66.78,66.74,29.79211134
2022-12-30 05:06:00,66.73,66.78,66.75,66.78,47.35441041
2022-12-30 05:05:00,66.74,66.77,66.75,66.75,127.08308374
2022-12-30 05:04:00,66.75,66.78,66.77,66.75,62.25743208
2022-12-30 05:03:00,66.77,66.79,66.79,66.78,25.54198914
2022-12-30 05:02:00,66.77,66.83,66.79,66.8,180.27884049
2022-12-30 05:01:00,66.76,66.79,66.77,66.79,77.30487114
2022-12-30 05:00:00,66.77,66.86,66.86,66.78,223.85778664
2022-12-30 04:59:00,66.85,66.86,66.85,66.86,63.23507724
2022-12-30 04:58:00,66.81,66.86,66.85,66.86,324.59600795
2022-12-30 04:57:00,66.84,66.86,66.85,66.85,39.55026308
2022-12-30 04:56:00,66.84,66.85,66.85,66.85,77.7560697
2022-12-30 04:55:00,66.85,66.87,66.85,66.85,20.42491806
2022-12-30 04:54:00,66.79,66.86,66.8,66.85,432.41090932
2022-12-30 04:53:00,66.81,66.81,66.81,66.81,11.81312828
2022-12-30 04:52:00,66.81,66.83,66.82,66.81,11.42890671
2022-12-30 04:51:00,66.81,66.85,66.85,66.82,63.69794436
2022-12-30 04:50:00,66.85,66.91,66.91,66.85,136.97964517
2022-12-30 04:49:00,66.88,66.91,66.88,66.91,84.62855484
2022-12-30 04:48:00,66.85,66.87,66.85,66.87,29.35086561
2022-12-30 04:47:00,66.79,66.85,66.8,66.85,45.40914164
2022-12-30 04:46:00,66.78,66.81,66.8,66.8,45.70013413
2022-12-30 04:45:00,66.77,66.8,66.79,66.8,49.68760223
2022-12-30 04:44:00,66.79,66.82,66.8,66.79,40.87711154
2022-12-30 04:43:00,66.76,66.78,66.78,66.78,55.89427189
2022-12-30 04:42:00,66.75,66.78,66.76,66.76,131.46707455
2022-12-30 04:41:00,66.74,66.87,66.87,66.76,165.48103324
2022-12-30 04:40:00,66.85,66.93,66.88,66.85,338.85060846
2022-12-30 04:39:00,66.87,66.91,66.87,66.88,225.43062099
2022-12-30 04:38:00,66.8,66.87,66.87,66.87,797.05420663
2022-12-30 04:37:00,66.78,66.9,66.78,66.88,50.1296732
2022-12-30 04:36:00,66.75,66.89,66.86,66.77,1017.25351392
2022-12-30 04:35:00,66.78,66.87,66.78,66.86,242.28823036
2022-12-30 04:34:00,66.77,66.95,66.92,66.8,1256.08387292
2022-12-30 04:33:00,66.91,66.95,66.93,66.94,24.76204154
2022-12-30 04:32:00,66.89,67.01,67.01,66.93,250.20089489
2022-12-30 04:31:00,66.96,67.01,67.01,67.0,412.60724599
2022-12-30 04:30:00,66.99,67.03,67.03,67.01,46.56614471
2022-12-30 04:29:00,67.01,67.03,67.01,67.01,40.80645833
2022-12-30 04:28:00,67.0,67.04,67.03,67.03,99.04262585
2022-12-30 04:27:00,67.03,67.1,67.1,67.03,447.98480173
2022-12-30 04:26:00,67.0,67.1,67.0,67.08,630.66987067
2022-12-30 04:25:00,66.99,67.04,67.03,67.0,104.71933798
2022-12-30 04:24:00,67.03,67.07,67.06,67.04,205.0943505
2022-12-30 04:23:00,67.05,67.07,67.07,67.07,23.27919711
2022-12-30 04:22:00,67.04,67.07,67.05,67.07,56.29758217
2022-12-30 04:21:00,67.02,67.05,67.03,67.05,11.7321569
2022-12-30 04:20:00,67.01,67.04,67.01,67.04,52.40844543
2022-12-30 04:19:00,66.99,67.01,66.99,67.01,89.37792895
2022-12-30 04:18:00,66.95,66.99,66.95,66.99,114.46037651
2022-12-30 04:17:00,66.93,66.95,66.93,66.95,23.02887488
2022-12-30 04:16:00,66.87,66.92,66.89,66.91,315.5313985
2022-12-30 04:15:00,66.88,66.94,66.92,66.88,118.64324031
2022-12-30 04:14:00,66.93,66.98,66.95,66.94,62.11935423
2022-12-30 04:13:00,66.95,66.97,66.96,66.95,98.27734462
2022-12-30 04:12:00,66.9,67.05,67.05,66.96,8612.34210119
2022-12-30 04:11:00,67.03,67.07,67.07,67.03,33.28954125
2022-12-30 04:10:00,67.02,67.07,67.04,67.05,11.27371
2022-12-30 04:09:00,67.02,67.07,67.06,67.07,15.80781202
2022-12-30 04:08:00,67.03,67.06,67.06,67.06,46.56415182
2022-12-30 04:07:00,67.06,67.08,67.06,67.08,69.35161726
2022-12-30 04:06:00,67.06,67.14,67.14,67.08,77.59856423
2022-12-30 04:05:00,67.1,67.14,67.14,67.14,14.48220324
2022-12-30 04:04:00,67.14,67.19,67.18,67.16,223.0285029
2022-12-30 04:03:00,67.16,67.2,67.2,67.17,56.58725098
2022-12-30 04:02:00,67.14,67.22,67.14,67.2,275.1575007
2022-12-30 04:01:00,67.11,67.14,67.13,67.14,15.80483971
2022-12-30 04:00:00,67.11,67.15,67.11,67.11,59.77809381
2022-12-30 03:59:00,67.11,67.13,67.12,67.13,123.58992943
2022-12-30 03:58:00,67.13,67.15,67.14,67.13,38.41339932
2022-12-30 03:57:00,67.14,67.18,67.15,67.14,43.65877712
2022-12-30 03:56:00,67.15,67.22,67.22,67.15,62.11307637
2022-12-30 03:55:00,67.14,67.22,67.17,67.22,118.35883218
2022-12-30 03:54:00,67.15,67.19,67.17,67.17,34.95315642
2022-12-30 03:53:00,67.16,67.22,67.21,67.17,150.58413277
2022-12-30 03:52:00,67.13,67.21,67.13,67.21,220.84378495
2022-12-30 03:51:00,67.1,67.13,67.12,67.11,57.02045159
2022-12-30 03:50:00,67.1,67.13,67.11,67.1,29.72395782
2022-12-30 03:49:00,67.11,67.13,67.12,67.13,29.74193058
2022-12-30 03:48:00,67.09,67.13,67.13,67.12,23.11243959
2022-12-30 03:47:00,67.08,67.13,67.12,67.13,47.68599023
2022-12-30 03:46:00,67.09,67.13,67.12,67.13,123.49151856
2022-12-30 03:45:00,67.1,67.12,67.1,67.12,8.5189307
2022-12-30 03:44:00,67.05,67.13,67.07,67.11,242.15037945
2022-12-30 03:43:00,67.07,67.14,67.14,67.07,165.09321434
2022-12-30 03:42:00,67.09,67.14,67.09,67.13,94.92561841
2022-12-30 03:41:00,67.09,67.11,67.09,67.11,17.97584468
2022-12-30 03:40:00,67.09,67.11,67.11,67.11,30.06024944
2022-12-30 03:39:00,67.1,67.12,67.1,67.1,17.52795771
2022-12-30 03:38:00,67.08,67.12,67.12,67.1,59.38911741
2022-12-30 03:37:00,67.1,67.19,67.17,67.12,121.64306688
2022-12-30 03:36:00,67.16,67.2,67.18,67.2,95.25956014
2022-12-30 03:35:00,67.14,67.18,67.14,67.18,35.79802094
2022-12-30 03:34:00,67.12,67.19,67.13,67.17,92.97272108
2022-12-30 03:33:00,67.1,67.14,67.13,67.11,26.66594423
2022-12-30 03:32:00,67.13,67.18,67.16,67.13,55.45962323
2022-12-30 03:31:00,67.13,67.19,67.13,67.16,215.22082265
2022-12-30 03:30:00,67.1,67.13,67.12,67.12,46.01649986
2022-12-30 03:29:00,67.06,67.14,67.13,67.14,289.78188173
2022-12-30 03:28:00,67.09,67.14,67.11,67.14,103.04872846
2022-12-30 03:27:00,67.08,67.14,67.14,67.08,113.83862289
2022-12-30 03:26:00,67.1,67.15,67.15,67.13,15.86440066
2022-12-30 03:25:00,67.17,67.25,67.25,67.17,383.45469568
2022-12-30 03:24:00,67.16,67.28,67.28,67.24,924.66941242
2022-12-30 03:23:00,67.24,67.31,67.24,67.3,271.84239529
2022-12-30 13:23:00,66.71,66.74,66.73,66.71,17.46193821
2022-12-30 13:22:00,66.71,66.75,66.73,66.73,27.12672783
2022-12-30 13:21:00,66.7,66.76,66.76,66.72,100.90039198
2022-12-30 13:20:00,66.74,66.77,66.74,66.75,26.45014742
2022-12-30 13:19:00,66.75,66.8,66.77,66.75,142.02946171
2022-12-30 13:18:00,66.72,66.78,66.72,66.77,36.1544512
2022-12-30 13:17:00,66.72,66.75,66.73,66.75,37.2583829
2022-12-30 13:16:00,66.72,66.74,66.73,66.74,6.08888161
2022-12-30 13:15:00,66.7,66.74,66.7,66.74,27.1159706
2022-12-30 13:14:00,66.71,66.75,66.75,66.73,66.35266523
2022-12-30 13:13:00,66.73,66.75,66.75,66.75,83.74630191
2022-12-30 13:12:00,66.74,66.78,66.74,66.75,7.56403674
2022-12-30 13:11:00,66.73,66.79,66.78,66.73,129.26117374
2022-12-30 13:10:00,66.75,66.8,66.77,66.77,89.21305348
2022-12-30 13:09:00,66.76,66.79,66.79,66.79,19.62431594
2022-12-30 13:08:00,66.76,66.8,66.76,66.8,117.47534178
2022-12-30 13:07:00,66.71,66.79,66.71,66.76,84.26569142
2022-12-30 13:06:00,66.71,66.74,66.74,66.72,14.59649699
2022-12-30 13:05:00,66.73,66.77,66.75,66.73,56.15139549
2022-12-30 13:04:00,66.75,66.79,66.77,66.76,23.54706079
2022-12-30 13:03:00,66.75,66.78,66.75,66.77,13.2226205
2022-12-30 13:02:00,66.75,66.78,66.76,66.75,48.91515268
2022-12-30 13:01:00,66.74,66.78,66.74,66.75,135.2759077
2022-12-30 13:00:00,66.66,66.71,66.69,66.71,26.54689628
2022-12-30 12:59:00,66.66,66.71,66.69,66.69,44.35582865
2022-12-30 12:58:00,66.69,66.74,66.74,66.71,212.66379268
2022-12-30 12:57:00,66.72,66.76,66.72,66.74,23.58894771
2022-12-30 12:56:00,66.73,66.77,66.75,66.74,25.55469176
2022-12-30 12:55:00,66.74,66.79,66.76,66.75,70.53127955
2022-12-30 12:54:00,66.75,66.77,66.77,66.77,6.31988174
2022-12-30 12:53:00,66.72,66.77,66.74,66.77,32.74225191
2022-12-30 12:52:00,66.71,66.74,66.73,66.74,16.95921475
2022-12-30 12:51:00,66.7,66.77,66.7,66.74,183.59868437
2022-12-30 12:50:00,66.68,66.69,66.69,66.68,38.02881494
2022-12-30 12:49:00,66.68,66.69,66.69,66.69,10.44247458
2022-12-30 12:48:00,66.64,66.67,66.64,66.67,27.82139959
2022-12-30 12:47:00,66.63,66.66,66.66,66.63,19.47077789
2022-12-30 12:46:00,66.63,66.69,66.67,66.65,63.58235426
2022-12-30 12:45:00,66.56,66.68,66.56,66.65,157.70651797
2022-12-30 12:44:00,66.55,66.63,66.61,66.55,365.01036402
2022-12-30 12:43:00,66.55,66.61,66.56,66.6,82.86725629
2022-12-30 12:42:00,66.52,66.56,66.52,66.55,41.32567233
2022-12-30 12:41:00,66.52,66.55,66.55,66.54,71.30318968
2022-12-30 12:40:00,66.55,66.63,66.63,66.56,355.28402247
2022-12-30 12:39:00,66.57,66.62,66.59,66.62,101.74365489
2022-12-30 12:38:00,66.54,66.59,66.54,66.58,72.60945871
2022-12-30 12:37:00,66.51,66.55,66.55,66.55,77.530333
2022-12-30 12:36:00,66.54,66.63,66.6,66.54,271.57208567
2022-12-30 12:35:00,66.54,66.61,66.58,66.59,174.50669782
2022-12-30 12:34:00,66.49,66.59,66.5,66.59,644.38436566
2022-12-30 12:33:00,66.42,66.5,66.43,66.5,306.58711427
2022-12-30 12:32:00,66.41,66.45,66.41,66.44,19.18600605
2022-12-30 12:31:00,66.38,66.44,66.39,66.43,34.7041033
2022-12-30 12:30:00,66.29,66.38,66.36,66.38,146.18900587
2022-12-30 12:29:00,66.36,66.47,66.47,66.36,170.53398834
2022-12-30 12:28:00,66.5,66.55,66.52,66.5,140.70232933
2022-12-30 12:27:00,66.48,66.53,66.48,66.5,144.39530778
2022-12-30 12:26:00,66.45,66.49,66.45,66.47,50.22509371
2022-12-30 12:25:00,66.44,66.5,66.5,66.46,236.21538049
2022-12-30 12:24:00,66.49,66.54,66.49,66.49,101.69780965
2022-12-30 12:23:00,66.46,66.51,66.46,66.5,77.04784908
2022-12-30 12:22:00,66.45,66.56,66.56,66.45,439.79019248
2022-12-30 12:21:00,66.54,66.59,66.54,66.56,89.81743616
2022-12-30 12:20:00,66.52,66.55,66.53,66.54,7.53861954
2022-12-30 12:19:00,66.53,66.56,66.54,66.53,2.72693349
2022-12-30 12:18:00,66.53,66.53,66.53,66.53,4.01128933
2022-12-30 12:17:00,66.54,66.61,66.54,66.58,84.90130516
2022-12-30 12:16:00,66.52,66.56,66.52,66.53,63.71660954
2022-12-30 12:15:00,66.51,66.55,66.51,66.52,111.12329032
2022-12-30 12:14:00,66.52,66.53,66.53,66.52,20.20961376
2022-12-30 12:13:00,66.51,66.55,66.54,66.52,22.16016444
2022-12-30 12:12:00,66.54,66.57,66.57,66.54,3.8368617
2022-12-30 12:11:00,66.57,66.58,66.58,66.57,6.68103144
2022-12-30 12:10:00,66.55,66.59,66.55,66.58,20.9174817
2022-12-30 12:09:00,66.56,66.62,66.62,66.57,14.81829475
2022-12-30 12:08:00,66.63,66.66,66.66,66.63,58.94526766
2022-12-30 12:07:00,66.63,66.67,66.65,66.67,3.52036057
2022-12-30 12:06:00,66.64,66.67,66.65,66.65,37.32605503
2022-12-30 12:05:00,66.66,66.67,66.66,66.67,25.58343818
2022-12-30 12:04:00,66.61,66.66,66.61,66.66,31.71874337
2022-12-30 12:03:00,66.61,66.63,66.62,66.63,10.18165313
2022-12-30 12:02:00,66.62,66.64,66.64,66.62,23.19212178
2022-12-30 12:01:00,66.6,66.64,66.6,66.64,16.7293497
2022-12-30 12:00:00,66.59,66.61,66.61,66.6,15.40413658
2022-12-30 11:59:00,66.56,66.61,66.57,66.61,11.31732965
2022-12-30 11:58:00,66.54,66.57,66.57,66.55,75.71037656
2022-12-30 11:57:00,66.59,66.61,66.6,66.6,7.31689488
2022-12-30 11:56:00,66.58,66.6,66.58,66.6,30.17098957
2022-12-30 11:55:00,66.57,66.6,66.58,66.57,16.23449049
2022-12-30 11:54:00,66.56,66.6,66.58,66.6,25.70949371
2022-12-30 11:53:00,66.58,66.61,66.59,66.58,18.14995257
2022-12-30 11:52:00,66.59,66.62,66.62,66.6,13.87738
2022-12-30 11:51:00,66.59,66.62,66.61,66.62,18.19819016
2022-12-30 11:50:00,66.6,66.62,66.62,66.61,10.93599058
2022-12-30 11:49:00,66.6,66.65,66.64,66.62,17.83543202
2022-12-30 11:48:00,66.63,66.66,66.65,66.63,26.92808392
2022-12-30 11:47:00,66.62,66.64,66.64,66.62,10.05785648
2022-12-30 11:46:00,66.62,66.66,66.66,66.62,13.41212414
2022-12-30 11:45:00,66.65,66.68,66.67,66.67,15.27160256
2022-12-30 11:44:00,66.61,66.64,66.63,66.64,26.76187478
2022-12-30 11:43:00,66.61,66.66,66.66,66.63,66.64089559
2022-12-30 11:42:00,66.66,66.74,66.72,66.66,54.68808363
2022-12-30 11:41:00,66.72,66.74,66.73,66.72,43.86528692
2022-12-30 11:40:00,66.71,66.75,66.72,66.71,19.90246072
2022-12-30 11:39:00,66.71,66.74,66.71,66.73,24.49499076
2022-12-30 11:38:00,66.67,66.69,66.67,66.67,28.07722776
2022-12-30 11:37:00,66.63,66.67,66.65,66.66,12.4011842
2022-12-30 11:36:00,66.61,66.66,66.63,66.66,49.70556079
2022-12-30 11:35:00,66.63,66.65,66.63,66.63,16.16016478
2022-12-30 11:34:00,66.61,66.64,66.63,66.63,5.43798693
2022-12-30 11:33:00,66.6,66.62,66.61,66.6,30.41089336
2022-12-30 11:32:00,66.6,66.64,66.61,66.62,64.07287478
2022-12-30 11:31:00,66.61,66.64,66.64,66.61,9.66742158
2022-12-30 11:30:00,66.62,66.64,66.63,66.64,34.56659095
2022-12-30 11:29:00,66.56,66.63,66.56,66.63,63.02267721
2022-12-30 11:28:00,66.55,66.58,66.58,66.55,46.79881259
2022-12-30 11:27:00,66.57,66.59,66.58,66.58,11.9997149
2022-12-30 11:26:00,66.57,66.6,66.59,66.58,22.76168042
2022-12-30 11:25:00,66.58,66.65,66.64,66.58,219.21009487
2022-12-30 11:24:00,66.63,66.69,66.67,66.66,45.29334171
2022-12-30 11:23:00,66.64,66.68,66.64,66.68,25.34484892
2022-12-30 11:22:00,66.61,66.67,66.65,66.64,170.94675356
2022-12-30 11:21:00,66.57,66.62,66.57,66.62,62.54759789
2022-12-30 11:20:00,66.56,66.58,66.56,66.58,16.47258711
2022-12-30 11:19:00,66.54,66.54,66.54,66.54,11.11959966
2022-12-30 11:18:00,66.52,66.59,66.59,66.56,24.90585687
2022-12-30 11:17:00,66.52,66.57,66.54,66.57,9.68317182
2022-12-30 11:16:00,66.5,66.54,66.52,66.53,13.48599473
2022-12-30 11:15:00,66.45,66.5,66.45,66.5,102.14039107
2022-12-30 11:14:00,66.44,66.46,66.45,66.44,15.55817916
2022-12-30 11:13:00,66.44,66.47,66.44,66.46,2.77006223
2022-12-30 11:12:00,66.41,66.45,66.45,66.43,29.51364847
2022-12-30 11:11:00,66.45,66.52,66.51,66.45,201.3002459
2022-12-30 11:10:00,66.52,66.55,66.53,66.52,71.04239021
2022-12-30 11:09:00,66.53,66.56,66.56,66.53,28.85688861
2022-12-30 11:08:00,66.55,66.58,66.56,66.55,49.05152296
2022-12-30 11:07:00,66.55,66.61,66.57,66.55,93.98012773
2022-12-30 11:06:00,66.53,66.59,66.53,66.58,101.97280022
2022-12-30 11:05:00,66.54,66.64,66.63,66.55,295.40565729
2022-12-30 11:04:00,66.62,66.69,66.69,66.63,60.34604025
2022-12-30 11:03:00,66.66,66.68,66.67,66.68,3.04254367
2022-12-30 11:02:00,66.66,66.68,66.67,66.66,12.00501393
2022-12-30 11:01:00,66.61,66.66,66.62,66.66,96.54877724
2022-12-30 11:00:00,66.56,66.62,66.56,66.62,339.22443002
2022-12-30 10:59:00,66.56,66.58,66.56,66.58,15.95818981
2022-12-30 10:58:00,66.53,66.58,66.53,66.58,133.49943986
2022-12-30 10:57:00,66.52,66.61,66.61,66.53,166.49189745
2022-12-30 10:56:00,66.62,66.64,66.62,66.63,20.1087368
2022-12-30 10:55:00,66.61,66.64,66.62,66.62,35.76650873
2022-12-30 10:54:00,66.62,66.67,66.66,66.64,18.40540492
2022-12-30 10:53:00,66.65,66.68,66.67,66.66,35.92666145
2022-12-30 10:52:00,66.65,66.68,66.65,66.68,37.76871126
2022-12-30 10:51:00,66.64,66.69,66.67,66.64,42.00023514
2022-12-30 10:50:00,66.64,66.69,66.66,66.65,27.15421908
2022-12-30 10:49:00,66.67,66.72,66.72,66.68,326.91972892
2022-12-30 10:48:00,66.69,66.73,66.71,66.73,73.92210833
2022-12-30 10:47:00,66.71,66.76,66.75,66.71,52.79992513
2022-12-30 10:46:00,66.75,66.79,66.76,66.75,61.7749705
2022-12-30 10:45:00,66.72,66.8,66.78,66.75,135.2508301
2022-12-30 10:44:00,66.78,66.86,66.86,66.78,235.59365992
2022-12-30 10:43:00,66.84,66.87,66.86,66.86,8.1919064
2022-12-30 10:42:00,66.83,66.89,66.83,66.85,607.11194336
2022-12-30 10:41:00,66.79,66.83,66.8,66.83,16.93762718
2022-12-30 10:40:00,66.79,66.81,66.79,66.81,34.53077652
2022-12-30 10:39:00,66.79,66.81,66.79,66.8,4.21140364
2022-12-30 10:38:00,66.78,66.8,66.79,66.8,49.44508466
2022-12-30 10:37:00,66.8,66.83,66.82,66.82,15.01904244
2022-12-30 10:36:00,66.81,66.83,66.83,66.82,41.5731486
2022-12-30 10:35:00,66.8,66.83,66.82,66.82,28.8758389
2022-12-30 10:34:00,66.81,66.84,66.82,66.81,41.98412367
2022-12-30 10:33:00,66.79,66.83,66.79,66.83,14.71163738
2022-12-30 10:32:00,66.8,66.81,66.8,66.81,9.80509134
2022-12-30 10:31:00,66.8,66.81,66.81,66.81,9.202693
2022-12-30 10:30:00,66.77,66.81,66.79,66.81,22.35164637
2022-12-30 10:29:00,66.78,66.8,66.79,66.78,30.99616844
2022-12-30 10:28:00,66.74,66.8,66.75,66.78,68.9257554
2022-12-30 10:27:00,66.74,66.77,66.77,66.75,96.38822352
2022-12-30 10:26:00,66.74,66.79,66.78,66.77,134.48059404
2022-12-30 10:25:00,66.75,66.79,66.75,66.77,34.11439166
2022-12-30 10:24:00,66.74,66.77,66.77,66.74,10.74044873
2022-12-30 10:23:00,66.75,66.79,66.78,66.75,31.37304316
2022-12-30 10:22:00,66.71,66.78,66.71,66.78,31.94367359
2022-12-30 10:21:00,66.71,66.72,66.71,66.72,25.26269539
2022-12-30 10:20:00,66.67,66.71,66.67,66.71,3.56410417
2022-12-30 10:19:00,66.66,66.68,66.66,66.68,8.63492969
2022-12-30 10:18:00,66.67,66.67,66.67,66.67,13.50314571
2022-12-30 10:17:00,66.63,66.66,66.65,66.63,6.28293728
2022-12-30 10:16:00,66.64,66.67,66.65,66.67,16.98064416
2022-12-30 10:15:00,66.62,66.65,66.62,66.65,37.29134318
2022-12-30 10:14:00,66.62,66.65,66.65,66.64,173.40672228
2022-12-30 10:13:00,66.64,66.65,66.65,66.65,53.80589299
2022-12-30 10:12:00,66.63,66.65,66.65,66.64,23.53616703
2022-12-30 10:11:00,66.65,66.7,66.67,66.65,171.70135379
2022-12-30 10:10:00,66.65,66.71,66.66,66.69,206.09477984
2022-12-30 10:09:00,66.66,66.67,66.67,66.66,10.29790724
2022-12-30 10:08:00,66.67,66.71,66.71,66.7,53.81243419
2022-12-30 10:07:00,66.69,66.8,66.76,66.71,127.3787574
2022-12-30 10:06:00,66.73,66.76,66.74,66.74,16.42875099
2022-12-30 10:05:00,66.72,66.75,66.73,66.74,30.62300554
2022-12-30 10:04:00,66.7,66.77,66.74,66.72,316.34621906
2022-12-30 10:03:00,66.7,66.74,66.7,66.74,54.80296141
2022-12-30 10:02:00,66.69,66.77,66.75,66.7,37.11172733
2022-12-30 10:01:00,66.75,66.78,66.75,66.75,5.45164241
2022-12-30 10:00:00,66.7,66.77,66.72,66.75,358.71959622
2022-12-30 09:59:00,66.7,66.75,66.74,66.74,122.01588645
2022-12-30 09:58:00,66.72,66.76,66.74,66.73,65.94100345
2022-12-30 09:57:00,66.67,66.74,66.67,66.74,539.31772154
2022-12-30 09:56:00,66.64,66.69,66.66,66.67,215.70911727
2022-12-30 09:55:00,66.64,66.67,66.64,66.66,7.59463354
2022-12-30 09:54:00,66.62,66.68,66.65,66.63,120.639675
2022-12-30 09:53:00,66.51,66.63,66.51,66.63,68.31260547
2022-12-30 09:52:00,66.45,66.53,66.49,66.49,32.67793944
2022-12-30 09:51:00,66.49,66.54,66.52,66.5,10.81188217
2022-12-30 09:50:00,66.49,66.53,66.53,66.49,121.18050037
2022-12-30 09:49:00,66.49,66.57,66.57,66.51,61.93786465
2022-12-30 09:48:00,66.56,66.61,66.6,66.56,106.98317616
2022-12-30 09:47:00,66.57,66.6,66.58,66.59,36.75082002
2022-12-30 09:46:00,66.58,66.65,66.65,66.58,152.34970053
2022-12-30 09:45:00,66.58,66.64,66.62,66.63,196.47481863
2022-12-30 09:44:00,66.62,66.66,66.62,66.64,113.43921075
2022-12-30 09:43:00,66.6,66.68,66.68,66.6,29.71517657
2022-12-30 09:42:00,66.65,66.68,66.67,66.67,7.36860547
2022-12-30 09:41:00,66.65,66.73,66.65,66.69,66.10300711
2022-12-30 09:40:00,66.61,66.65,66.61,66.65,23.6526112
2022-12-30 09:39:00,66.58,66.63,66.62,66.62,34.0857862
2022-12-30 09:38:00,66.59,66.65,66.64,66.6,59.3039027
2022-12-30 09:37:00,66.65,66.69,66.68,66.65,137.90732841
2022-12-30 09:36:00,66.67,66.69,66.67,66.68,64.59687997
2022-12-30 09:35:00,66.67,66.71,66.7,66.67,31.84840685
2022-12-30 09:34:00,66.69,66.74,66.74,66.69,80.80445711
2022-12-30 09:33:00,66.68,66.74,66.68,66.73,35.34156853
2022-12-30 09:32:00,66.69,66.76,66.76,66.7,69.20552088
2022-12-30 09:31:00,66.75,66.77,66.75,66.76,26.22683728
2022-12-30 09:30:00,66.72,66.75,66.73,66.75,81.16762406
2022-12-30 09:29:00,66.67,66.74,66.67,66.74,96.52014808
2022-12-30 09:28:00,66.63,66.68,66.65,66.68,59.5847329
2022-12-30 09:27:00,66.62,66.65,66.65,66.63,71.86712777
2022-12-30 09:26:00,66.64,66.68,66.68,66.68,184.61686291
2022-12-30 09:25:00,66.64,66.71,66.71,66.68,18.73079806
2022-12-30 09:24:00,66.68,66.78,66.78,66.71,252.34954007
2022-12-30 09:23:00,66.73,66.79,66.74,66.77,32.94218688
2022-12-30 09:22:00,66.73,66.76,66.73,66.75,60.77866459
2022-12-30 09:21:00,66.7,66.77,66.7,66.77,41.7392391
2022-12-30 09:20:00,66.68,66.74,66.73,66.71,60.40722384
2022-12-30 09:19:00,66.66,66.74,66.66,66.74,88.97271378
2022-12-30 09:18:00,66.62,66.71,66.64,66.66,315.64017656
2022-12-30 09:17:00,66.62,66.67,66.67,66.64,16.853538
2022-12-30 09:16:00,66.62,66.67,66.64,66.67,24.7339512
2022-12-30 09:15:00,66.61,66.66,66.62,66.64,54.26843911
2022-12-30 09:14:00,66.59,66.62,66.61,66.61,24.69493805
2022-12-30 09:13:00,66.61,66.63,66.62,66.63,17.49790618
2022-12-30 09:12:00,66.61,66.63,66.62,66.61,4.95911956
2022-12-30 09:11:00,66.61,66.64,66.61,66.63,98.83114248
2022-12-30 09:10:00,66.59,66.65,66.64,66.63,78.94344268
2022-12-30 09:09:00,66.6,66.64,66.64,66.62,73.72762046
2022-12-30 09:08:00,66.57,66.64,66.57,66.64,52.37573856
2022-12-30 09:07:00,66.5,66.57,66.51,66.57,93.79964222
2022-12-30 09:06:00,66.52,66.56,66.56,66.52,96.7714769
2022-12-30 09:05:00,66.54,66.57,66.57,66.56,143.88594426
2022-12-30 09:04:00,66.54,66.57,66.55,66.57,81.76907937
2022-12-30 09:03:00,66.53,66.57,66.54,66.55,69.17664808
2022-12-30 09:02:00,66.54,66.57,66.54,66.55,57.02514495
2022-12-30 09:01:00,66.52,66.56,66.53,66.55,30.10905767
2022-12-30 09:00:00,66.48,66.53,66.49,66.53,48.18496244
2022-12-30 08:59:00,66.46,66.51,66.51,66.49,35.76589139
2022-12-30 08:58:00,66.49,66.55,66.53,66.51,12.67356277
2022-12-30 08:57:00,66.5,66.55,66.5,66.55,7.58941112
2022-12-30 08:56:00,66.45,66.47,66.47,66.47,37.04474828
2022-12-30 08:55:00,66.49,66.55,66.54,66.5,75.89694202
2022-12-30 08:54:00,66.51,66.57,66.51,66.57,48.85307798
2022-12-30 08:53:00,66.51,66.55,66.54,66.52,97.65447759
2022-12-30 08:52:00,66.54,66.58,66.57,66.54,145.07143142
2022-12-30 08:51:00,66.54,66.57,66.54,66.55,32.69972083
2022-12-30 08:50:00,66.51,66.55,66.55,66.53,60.31806924
2022-12-30 08:49:00,66.42,66.53,66.47,66.53,392.42166934
2022-12-30 08:48:00,66.41,66.46,66.46,66.46,153.90623215
2022-12-30 08:47:00,66.43,66.47,66.44,66.45,13.19239912
2022-12-30 08:46:00,66.39,66.43,66.42,66.43,103.63924425
2022-12-30 08:45:00,66.36,66.39,66.37,66.39,81.65632774
2022-12-30 08:44:00,66.34,66.36,66.36,66.35,91.48800832
2022-12-30 08:43:00,66.3,66.36,66.3,66.34,6.42251753
2022-12-30 08:42:00,66.25,66.32,66.25,66.28,211.92377317
2022-12-30 08:41:00,66.22,66.27,66.24,66.26,164.41838669
2022-12-30 08:40:00,66.21,66.24,66.21,66.24,26.91807816
2022-12-30 08:39:00,66.21,66.27,66.21,66.23,77.45426477
2022-12-30 08:38:00,66.22,66.26,66.26,66.22,64.32897295
2022-12-30 08:37:00,66.2,66.26,66.26,66.21,47.80315348
2022-12-30 08:36:00,66.24,66.33,66.33,66.26,352.33531817
2022-12-30 08:35:00,66.34,66.36,66.35,66.35,5.22002352
2022-12-30 08:34:00,66.32,66.36,66.34,66.36,25.01260858
2022-12-30 08:33:00,66.32,66.34,66.33,66.34,36.44172791
2022-12-30 08:32:00,66.31,66.32,66.32,66.31,16.40635095
2022-12-30 08:31:00,66.31,66.33,66.32,66.31,88.55450961
2022-12-30 08:30:00,66.28,66.35,66.34,66.31,25.59539712
2022-12-30 08:29:00,66.3,66.36,66.3,66.33,50.07842854
2022-12-30 08:28:00,66.29,66.41,66.41,66.31,949.30974534
2022-12-30 08:27:00,66.34,66.42,66.36,66.41,77.49878202
2022-12-30 08:26:00,66.32,66.4,66.32,66.38,125.55745102
2022-12-30 08:25:00,66.28,66.33,66.32,66.31,181.30149249
2022-12-30 08:24:00,66.31,66.36,66.33,66.32,178.44720783
2022-12-30 08:23:00,66.31,66.36,66.32,66.33,10.06979312
2022-12-30 18:23:00,67.55,67.59,67.57,67.56,98.94766331
2022-12-30 18:22:00,67.53,67.58,67.58,67.54,23.74374192
2022-12-30 18:21:00,67.57,67.63,67.6,67.58,56.86275779
2022-12-30 18:20:00,67.57,67.63,67.63,67.59,103.11781635
2022-12-30 18:19:00,67.62,67.68,67.68,67.63,66.86082014
2022-12-30 18:18:00,67.65,67.7,67.67,67.67,70.0654746
2022-12-30 18:17:00,67.67,67.71,67.69,67.69,60.68207582
2022-12-30 18:16:00,67.69,67.76,67.74,67.69,125.16868738
2022-12-30 18:15:00,67.72,67.76,67.72,67.76,126.82996351
2022-12-30 18:14:00,67.72,67.74,67.72,67.74,35.2276406
2022-12-30 18:13:00,67.7,67.74,67.73,67.72,167.75924041
2022-12-30 18:12:00,67.71,67.79,67.77,67.74,161.55108013
2022-12-30 18:11:00,67.73,67.79,67.74,67.78,45.68622346
2022-12-30 18:10:00,67.67,67.74,67.69,67.74,55.08364058
2022-12-30 18:09:00,67.67,67.74,67.71,67.67,78.05085842
2022-12-30 18:08:00,67.66,67.68,67.67,67.68,28.18705473
2022-12-30 18:07:00,67.65,67.68,67.68,67.66,16.23624979
2022-12-30 18:06:00,67.64,67.67,67.64,67.67,77.18549625
2022-12-30 18:05:00,67.61,67.65,67.61,67.64,47.59157818
2022-12-30 18:04:00,67.59,67.63,67.62,67.6,58.10606639
2022-12-30 18:03:00,67.56,67.62,67.56,67.62,103.75353035
2022-12-30 18:02:00,67.54,67.61,67.59,67.54,30.57888759
2022-12-30 18:01:00,67.54,67.62,67.62,67.61,185.63927626
2022-12-30 18:00:00,67.59,67.64,67.61,67.61,61.56222774
2022-12-30 17:59:00,67.51,67.61,67.51,67.61,34.20929743
2022-12-30 17:58:00,67.52,67.57,67.57,67.52,19.3230674
2022-12-30 17:57:00,67.53,67.57,67.54,67.57,49.94562303
2022-12-30 17:56:00,67.51,67.54,67.53,67.53,187.95235514
2022-12-30 17:55:00,67.46,67.53,67.46,67.53,93.41219014
2022-12-30 17:54:00,67.46,67.51,67.49,67.48,25.0767682
2022-12-30 17:53:00,67.46,67.51,67.5,67.46,81.7233984
2022-12-30 17:52:00,67.47,67.51,67.47,67.5,29.07640173
2022-12-30 17:51:00,67.47,67.52,67.47,67.49,43.47041923
2022-12-30 17:50:00,67.43,67.48,67.48,67.45,78.36886677
2022-12-30 17:49:00,67.45,67.51,67.5,67.46,61.2648313
2022-12-30 17:48:00,67.49,67.52,67.52,67.51,18.49125026
2022-12-30 17:47:00,67.47,67.53,67.47,67.53,209.21261027
2022-12-30 17:46:00,67.46,67.53,67.52,67.46,60.4504019
2022-12-30 17:45:00,67.5,67.55,67.52,67.52,174.52124841
2022-12-30 17:44:00,67.5,67.58,67.51,67.5,242.29644209
2022-12-30 17:43:00,67.44,67.56,67.55,67.49,151.42308342
2022-12-30 17:42:00,67.51,67.57,67.51,67.57,127.70797246
2022-12-30 17:41:00,67.46,67.55,67.49,67.55,120.89707736
2022-12-30 17:40:00,67.49,67.52,67.5,67.51,120.97528848
2022-12-30 17:39:00,67.45,67.5,67.48,67.48,40.3834446
2022-12-30 17:38:00,67.43,67.55,67.54,67.48,464.75020754
2022-12-30 17:37:00,67.52,67.58,67.58,67.52,80.36694246
2022-12-30 17:36:00,67.57,67.62,67.61,67.58,212.02572555
2022-12-30 17:35:00,67.58,67.64,67.62,67.59,140.52669547
2022-12-30 17:34:00,67.62,67.68,67.65,67.63,81.94042752
2022-12-30 17:33:00,67.64,67.71,67.71,67.64,175.06124756
2022-12-30 17:32:00,67.66,67.71,67.69,67.7,255.51157136
2022-12-30 17:31:00,67.64,67.7,67.66,67.68,213.23963022
2022-12-30 17:30:00,67.67,67.77,67.71,67.69,534.67748962
2022-12-30 17:29:00,67.67,67.73,67.69,67.71,56.77398152
2022-12-30 17:28:00,67.66,67.73,67.7,67.68,120.24213503
2022-12-30 17:27:00,67.63,67.77,67.65,67.69,428.71450151
2022-12-30 17:26:00,67.58,67.66,67.58,67.65,238.8256215
2022-12-30 17:25:00,67.55,67.59,67.57,67.58,40.77158458
2022-12-30 17:24:00,67.51,67.57,67.56,67.57,297.11884629
2022-12-30 17:23:00,67.54,67.58,67.56,67.56,37.88966865
2022-12-30 17:22:00,67.55,67.6,67.58,67.56,33.09387103
2022-12-30 17:21:00,67.53,67.59,67.57,67.58,528.17146707
2022-12-30 17:20:00,67.56,67.59,67.59,67.57,82.76076953
2022-12-30 17:19:00,67.55,67.6,67.58,67.55,79.8671021
2022-12-30 17:18:00,67.59,67.63,67.63,67.6,121.44115623
2022-12-30 17:17:00,67.56,67.66,67.66,67.63,236.96320916
2022-12-30 17:16:00,67.63,67.68,67.68,67.64,31.91799302
2022-12-30 17:15:00,67.66,67.68,67.66,67.68,124.72733842
2022-12-30 17:14:00,67.64,67.68,67.68,67.66,62.2460371
2022-12-30 17:13:00,67.66,67.68,67.66,67.68,32.57325942
2022-12-30 17:12:00,67.67,67.73,67.72,67.68,107.64566408
2022-12-30 17:11:00,67.69,67.77,67.75,67.72,688.16982379
2022-12-30 17:10:00,67.71,67.77,67.72,67.72,148.56616857
2022-12-30 17:09:00,67.68,67.75,67.68,67.74,66.04268533
2022-12-30 17:08:00,67.66,67.73,67.7,67.7,466.61902414
2022-12-30 17:07:00,67.65,67.74,67.69,67.74,314.11014359
2022-12-30 17:06:00,67.69,67.73,67.7,67.7,111.73707918
2022-12-30 17:05:00,67.67,67.73,67.7,67.7,232.54858797
2022-12-30 17:04:00,67.71,67.76,67.75,67.71,29.47487845
2022-12-30 17:03:00,67.76,67.84,67.84,67.76,368.22678153
2022-12-30 17:02:00,67.84,67.92,67.92,67.85,145.37162877
2022-12-30 17:01:00,67.89,67.93,67.89,67.9,149.41788429
2022-12-30 17:00:00,67.89,67.95,67.92,67.89,155.6534133
2022-12-30 16:59:00,67.89,67.95,67.95,67.92,351.20881241
2022-12-30 16:58:00,67.93,67.95,67.94,67.95,38.8293076
2022-12-30 16:57:00,67.91,67.96,67.95,67.92,96.27214088
2022-12-30 16:56:00,67.84,67.95,67.84,67.95,228.58378767
2022-12-30 16:55:00,67.85,67.93,67.9,67.85,330.89326639
2022-12-30 16:54:00,67.89,67.91,67.89,67.91,29.14769705
2022-12-30 16:53:00,67.83,67.89,67.85,67.89,452.69674351
2022-12-30 16:52:00,67.83,67.88,67.88,67.83,149.2670279
2022-12-30 16:51:00,67.86,67.9,67.86,67.89,79.95792504
2022-12-30 16:50:00,67.86,67.9,67.9,67.87,546.1529524
2022-12-30 16:49:00,67.9,67.95,67.95,67.94,22.30779801
2022-12-30 16:48:00,67.91,67.95,67.95,67.95,10.44586692
2022-12-30 16:47:00,67.92,68.02,67.99,67.95,72.10336309
2022-12-30 16:46:00,67.96,68.01,67.98,67.98,114.39645142
2022-12-30 16:45:00,67.93,67.98,67.93,67.98,26.9059454
2022-12-30 16:44:00,67.95,67.99,67.99,67.95,70.10800139
2022-12-30 16:43:00,67.9,67.98,67.91,67.98,110.72202918
2022-12-30 16:42:00,67.92,67.97,67.97,67.92,46.21020278
2022-12-30 16:41:00,67.94,67.97,67.95,67.95,67.64733016
2022-12-30 16:40:00,67.93,67.99,67.99,67.95,119.60442831
2022-12-30 16:39:00,67.94,67.99,67.94,67.99,38.48251293
2022-12-30 16:38:00,67.94,68.01,67.99,67.96,118.8093583
2022-12-30 16:37:00,67.98,68.03,68.02,68.01,204.08408278
2022-12-30 16:36:00,68.03,68.11,68.07,68.03,102.66601656
2022-12-30 16:35:00,68.06,68.12,68.1,68.06,48.52661547
2022-12-30 16:34:00,68.06,68.12,68.12,68.1,140.33535214
2022-12-30 16:33:00,67.91,68.13,67.97,68.11,1061.97962756
2022-12-30 16:32:00,67.93,68.08,68.07,67.97,161.64006102
2022-12-30 16:31:00,67.88,68.04,67.88,68.03,374.97095243
2022-12-30 16:30:00,67.87,67.9,67.88,67.9,42.7246897
2022-12-30 16:29:00,67.88,67.98,67.93,67.89,148.03282429
2022-12-30 16:28:00,67.84,67.94,67.9,67.93,260.52797939
2022-12-30 16:27:00,67.89,67.97,67.97,67.92,134.92148908
2022-12-30 16:26:00,67.95,68.04,68.04,67.96,336.93596448
2022-12-30 16:25:00,67.88,68.19,67.89,68.03,601.01331507
2022-12-30 16:24:00,67.82,67.88,67.86,67.87,30.14529389
2022-12-30 16:23:00,67.82,67.9,67.83,67.88,137.55526019
2022-12-30 16:22:00,67.75,67.85,67.75,67.85,166.29096498
2022-12-30 16:21:00,67.66,67.76,67.67,67.74,81.09003371
2022-12-30 16:20:00,67.58,67.64,67.58,67.64,59.69002588
2022-12-30 16:19:00,67.57,67.61,67.57,67.58,68.03281186
2022-12-30 16:18:00,67.55,67.6,67.58,67.58,28.20466717
2022-12-30 16:17:00,67.58,67.63,67.63,67.58,195.36402564
2022-12-30 16:16:00,67.51,67.59,67.57,67.59,176.76709368
2022-12-30 16:15:00,67.54,67.6,67.56,67.55,69.30294589
2022-12-30 16:14:00,67.56,67.62,67.6,67.56,330.91412524
2022-12-30 16:13:00,67.57,67.61,67.58,67.6,104.37210521
2022-12-30 16:12:00,67.55,67.61,67.61,67.58,343.28986881
2022-12-30 16:11:00,67.61,67.65,67.65,67.61,74.12390981
2022-12-30 16:10:00,67.65,67.7,67.69,67.66,60.50422463
2022-12-30 16:09:00,67.66,67.76,67.74,67.67,346.88210403
2022-12-30 16:08:00,67.66,67.75,67.66,67.74,44.32781125
2022-12-30 16:07:00,67.64,67.68,67.68,67.66,53.9599385
2022-12-30 16:06:00,67.68,67.75,67.75,67.7,57.31456639
2022-12-30 16:05:00,67.66,67.81,67.81,67.77,443.35810981
2022-12-30 16:04:00,67.79,67.89,67.89,67.81,125.77143008
2022-12-30 16:03:00,67.81,67.89,67.81,67.89,104.08340255
2022-12-30 16:02:00,67.79,67.85,67.81,67.83,147.23722029
2022-12-30 16:01:00,67.79,67.84,67.8,67.79,190.0292092
2022-12-30 16:00:00,67.8,67.87,67.8,67.84,253.86318819
2022-12-30 15:59:00,67.67,67.8,67.69,67.8,187.55567752
2022-12-30 15:58:00,67.58,67.7,67.58,67.67,451.07997496
2022-12-30 15:57:00,67.56,67.66,67.63,67.56,218.9920455
2022-12-30 15:56:00,67.61,67.7,67.7,67.64,240.89829985
2022-12-30 15:55:00,67.56,67.68,67.56,67.68,150.83899734
2022-12-30 15:54:00,67.55,67.62,67.61,67.55,194.34666761
2022-12-30 15:53:00,67.58,67.66,67.64,67.58,222.49076024
2022-12-30 15:52:00,67.63,67.79,67.76,67.66,633.29067503
2022-12-30 15:51:00,67.75,67.8,67.8,67.79,37.85296344
2022-12-30 15:50:00,67.76,67.84,67.82,67.8,121.02806486
2022-12-30 15:49:00,67.79,67.86,67.81,67.84,164.74327013
2022-12-30 15:48:00,67.76,67.85,67.77,67.84,340.03428361
2022-12-30 15:47:00,67.66,67.8,67.74,67.8,209.03552235
2022-12-30 15:46:00,67.72,67.8,67.75,67.75,160.11682204
2022-12-30 15:45:00,67.67,67.82,67.68,67.74,143.13380959
2022-12-30 15:44:00,67.65,67.75,67.72,67.66,255.27479425
2022-12-30 15:43:00,67.59,67.74,67.59,67.72,208.83572922
2022-12-30 15:42:00,67.56,67.62,67.59,67.58,105.56966846
2022-12-30 15:41:00,67.54,67.59,67.54,67.57,176.12402878
2022-12-30 15:40:00,67.52,67.59,67.52,67.58,93.64658065
2022-12-30 15:39:00,67.47,67.54,67.51,67.54,158.16991711
2022-12-30 15:38:00,67.5,67.56,67.56,67.5,389.10286939
2022-12-30 15:37:00,67.51,67.62,67.51,67.58,293.6547244
2022-12-30 15:36:00,67.41,67.5,67.42,67.5,90.11281454
2022-12-30 15:35:00,67.39,67.45,67.39,67.4,36.96264656
2022-12-30 15:34:00,67.29,67.44,67.31,67.4,80.59841815
2022-12-30 15:33:00,67.31,67.39,67.38,67.32,108.8972824
2022-12-30 15:32:00,67.37,67.45,67.44,67.37,39.80679711
2022-12-30 15:31:00,67.41,67.5,67.49,67.46,42.43836928
2022-12-30 15:30:00,67.42,67.51,67.42,67.5,37.74951704
2022-12-30 15:29:00,67.34,67.45,67.37,67.43,212.21459455
2022-12-30 15:28:00,67.35,67.5,67.5,67.37,123.50152465
2022-12-30 15:27:00,67.43,67.55,67.55,67.5,286.64128705
2022-12-30 15:26:00,67.52,67.58,67.57,67.55,217.49736798
2022-12-30 15:25:00,67.42,67.58,67.42,67.54,489.4070006
2022-12-30 15:24:00,67.35,67.44,67.38,67.44,109.43278739
2022-12-30 15:23:00,67.38,67.43,67.4,67.39,128.97595747
2022-12-30 15:22:00,67.34,67.42,67.39,67.42,256.1772873
2022-12-30 15:21:00,67.39,67.45,67.44,67.4,127.70600752
2022-12-30 15:20:00,67.4,67.51,67.43,67.42,236.49000267
2022-12-30 15:19:00,67.33,67.45,67.33,67.41,301.18575033
2022-12-30 15:18:00,67.2,67.42,67.2,67.36,714.34430311
2022-12-30 15:17:00,67.05,67.27,67.06,67.17,982.84253235
2022-12-30 15:16:00,66.99,67.05,67.0,67.05,245.61750681
2022-12-30 15:15:00,66.93,67.02,66.96,66.98,301.50246813
2022-12-30 15:14:00,66.92,66.96,66.92,66.96,58.83013179
2022-12-30 15:13:00,66.9,66.97,66.97,66.94,106.75405504
2022-12-30 15:12:00,66.86,66.92,66.86,66.92,27.39422862
2022-12-30 15:11:00,66.85,66.89,66.87,66.87,14.44814317
2022-12-30 15:10:00,66.77,66.87,66.77,66.87,225.29642093
2022-12-30 15:09:00,66.74,66.8,66.74,66.78,56.37963073
2022-12-30 15:08:00,66.73,66.8,66.78,66.73,202.65432836
2022-12-30 15:07:00,66.78,66.85,66.81,66.78,67.18763378
2022-12-30 15:06:00,66.76,66.8,66.8,66.76,124.32912111
2022-12-30 15:05:00,66.8,66.85,66.84,66.8,113.19856514
2022-12-30 15:04:00,66.81,66.88,66.82,66.85,98.79168268
2022-12-30 15:03:00,66.8,66.87,66.81,66.82,252.70871054
2022-12-30 15:02:00,66.8,66.88,66.88,66.81,128.24922075
2022-12-30 15:01:00,66.89,66.94,66.92,66.89,186.57702048
2022-12-30 15:00:00,66.89,66.98,66.9,66.89,191.3820324
2022-12-30 14:59:00,66.85,66.93,66.86,66.92,283.31738143
2022-12-30 14:58:00,66.84,66.89,66.89,66.86,121.54192394
2022-12-30 14:57:00,66.77,66.85,66.79,66.85,143.67089517
2022-12-30 14:56:00,66.74,66.81,66.75,66.79,228.48874367
2022-12-30 14:55:00,66.65,66.74,66.73,66.68,99.11755662
2022-12-30 14:54:00,66.71,66.76,66.72,66.73,56.92236151
2022-12-30 14:53:00,66.69,66.76,66.76,66.7,75.1161107
2022-12-30 14:52:00,66.7,66.78,66.71,66.78,222.18977888
2022-12-30 14:51:00,66.59,66.71,66.68,66.71,203.26333274
2022-12-30 14:50:00,66.59,66.73,66.64,66.67,286.87469518
2022-12-30 14:49:00,66.41,66.77,66.77,66.63,1841.39111307
2022-12-30 14:48:00,66.73,66.88,66.87,66.79,192.44317264
2022-12-30 14:47:00,66.86,66.94,66.92,66.87,162.82448561
2022-12-30 14:46:00,66.91,66.98,66.96,66.91,135.11125299
2022-12-30 14:45:00,66.94,67.06,67.05,66.96,207.42679402
2022-12-30 14:44:00,66.98,67.08,66.99,67.08,223.0335888
2022-12-30 14:43:00,66.93,66.99,66.96,66.99,175.74743698
2022-12-30 14:42:00,66.87,67.0,66.89,66.96,292.75307331
2022-12-30 14:41:00,66.88,66.95,66.92,66.91,127.0841865
2022-12-30 14:40:00,66.89,66.98,66.97,66.92,100.17383433
2022-12-30 14:39:00,66.98,67.04,67.0,67.0,81.19444695
2022-12-30 14:38:00,66.96,67.04,66.96,67.0,256.52972249
2022-12-30 14:37:00,66.96,67.03,66.97,66.97,118.81037421
2022-12-30 14:36:00,66.93,67.01,67.0,66.97,469.32919351
2022-12-30 14:35:00,66.96,67.03,66.97,67.02,221.62453895
2022-12-30 14:34:00,66.9,67.05,66.91,66.99,399.61022975
2022-12-30 14:33:00,66.74,66.92,66.74,66.92,173.30425393
2022-12-30 14:32:00,66.67,66.77,66.76,66.73,617.6533122
2022-12-30 14:31:00,66.77,66.87,66.83,66.77,162.56466513
2022-12-30 14:30:00,66.78,66.85,66.82,66.83,146.29601831
2022-12-30 14:29:00,66.8,66.83,66.83,66.83,80.28980879
2022-12-30 14:28:00,66.8,66.83,66.8,66.81,55.28293097
2022-12-30 14:27:00,66.77,66.8,66.8,66.8,126.2853176
2022-12-30 14:26:00,66.77,66.8,66.79,66.8,88.89638846
2022-12-30 14:25:00,66.75,66.79,66.76,66.78,55.81203948
2022-12-30 14:24:00,66.75,66.8,66.8,66.77,35.55015244
2022-12-30 14:23:00,66.76,66.81,66.76,66.8,37.14068048
2022-12-30 14:22:00,66.74,66.77,66.76,66.76,7.36954493
2022-12-30 14:21:00,66.75,66.83,66.81,66.77,118.77035123
2022-12-30 14:20:00,66.8,66.83,66.82,66.8,21.72383922
2022-12-30 14:19:00,66.8,66.82,66.81,66.82,24.43775913
2022-12-30 14:18:00,66.77,66.82,66.78,66.81,122.99978782
2022-12-30 14:17:00,66.72,66.78,66.73,66.78,156.54766777
2022-12-30 14:16:00,66.71,66.74,66.73,66.71,64.05148455
2022-12-30 14:15:00,66.67,66.73,66.69,66.73,124.92324604
2022-12-30 14:14:00,66.67,66.71,66.68,66.69,60.4941123
2022-12-30 14:13:00,66.68,66.73,66.73,66.7,32.83337803
2022-12-30 14:12:00,66.7,66.74,66.73,66.74,271.16973918
2022-12-30 14:11:00,66.69,66.76,66.69,66.73,180.32882154
2022-12-30 14:10:00,66.68,66.7,66.68,66.69,61.03623154
2022-12-30 14:09:00,66.64,66.7,66.7,66.68,65.05969549
2022-12-30 14:08:00,66.61,66.68,66.63,66.68,76.58443665
2022-12-30 14:07:00,66.59,66.64,66.59,66.64,37.52317642
2022-12-30 14:06:00,66.57,66.61,66.6,66.58,74.91151609
2022-12-30 14:05:00,66.52,66.62,66.54,66.62,45.11872781
2022-12-30 14:04:00,66.51,66.57,66.52,66.54,168.80544858
2022-12-30 14:03:00,66.55,66.58,66.56,66.55,22.38732708
2022-12-30 14:02:00,66.52,66.57,66.53,66.57,28.60841225
2022-12-30 14:01:00,66.5,66.56,66.56,66.53,76.82968992
2022-12-30 14:00:00,66.5,66.56,66.52,66.56,76.00203636
2022-12-30 13:59:00,66.53,66.56,66.54,66.53,17.74243943
2022-12-30 13:58:00,66.49,66.55,66.5,66.55,164.84683321
2022-12-30 13:57:00,66.45,66.52,66.46,66.52,147.65844115
2022-12-30 13:56:00,66.47,66.5,66.48,66.47,47.95692493
2022-12-30 13:55:00,66.49,66.52,66.51,66.49,63.77087273
2022-12-30 13:54:00,66.48,66.53,66.51,66.52,124.63300859
2022-12-30 13:53:00,66.51,66.55,66.55,66.51,24.99185458
2022-12-30 13:52:00,66.51,66.56,66.52,66.55,79.83095582
2022-12-30 13:51:00,66.5,66.57,66.57,66.52,110.87287547
2022-12-30 13:50:00,66.55,66.57,66.56,66.55,17.96220501
2022-12-30 13:49:00,66.55,66.58,66.58,66.57,50.97488691
2022-12-30 13:48:00,66.55,66.58,66.57,66.58,19.91906083
2022-12-30 13:47:00,66.56,66.62,66.62,66.58,72.25463588
2022-12-30 13:46:00,66.6,66.63,66.61,66.62,18.9621511
2022-12-30 13:45:00,66.6,66.64,66.62,66.61,41.36013943
2022-12-30 13:44:00,66.6,66.63,66.61,66.62,24.12823113
2022-12-30 13:43:00,66.57,66.63,66.59,66.63,58.26708267
2022-12-30 13:42:00,66.57,66.59,66.58,66.58,18.6158936
2022-12-30 13:41:00,66.53,66.6,66.56,66.58,930.40184029
2022-12-30 13:40:00,66.55,66.59,66.58,66.57,45.39597731
2022-12-30 13:39:00,66.57,66.6,66.57,66.58,48.16126957
2022-12-30 13:38:00,66.59,66.64,66.64,66.61,34.32837592
2022-12-30 13:37:00,66.61,66.64,66.62,66.62,25.93660693
2022-12-30 13:36:00,66.58,66.62,66.59,66.61,27.03152004
2022-12-30 13:35:00,66.54,66.62,66.62,66.57,412.01318118
2022-12-30 13:34:00,66.57,66.64,66.64,66.57,420.39968262
2022-12-30 13:33:00,66.63,66.67,66.66,66.64,52.63186793
2022-12-30 13:32:00,66.64,66.7,66.7,66.64,8.17057412
2022-12-30 13:31:00,66.66,66.7,66.66,66.66,59.84609319
2022-12-30 13:30:00,66.6,66.66,66.6,66.65,18.49107935
2022-12-30 13:29:00,66.6,66.63,66.63,66.62,6.41720276
2022-12-30 13:28:00,66.6,66.65,66.65,66.6,7.96544668
2022-12-30 13:27:00,66.61,66.67,66.65,66.64,31.95337043
2022-12-30 13:26:00,66.63,66.66,66.63,66.66,28.07241304
2022-12-30 13:25:00,66.61,66.66,66.66,66.65,227.48343479
2022-12-30 13:24:00,66.66,66.71,66.71,66.67,18.22814225
2022-12-30 13:23:00,66.71,66.74,66.73,66.71,17.46193821
2022-12-30 23:23:00,67.91,68.0,68.0,67.91,107.16798946
2022-12-30 23:22:00,67.93,68.0,67.97,67.97,156.57648838
2022-12-30 23:21:00,67.98,68.01,67.99,67.99,357.32492236
2022-12-30 23:20:00,67.97,68.0,67.98,67.99,100.78304079
2022-12-30 23:19:00,67.96,68.04,68.04,67.99,27.28091385
2022-12-30 23:18:00,68.01,68.04,68.02,68.04,110.99342838
2022-12-30 23:17:00,68.02,68.06,68.05,68.04,35.82134287
2022-12-30 23:16:00,68.04,68.09,68.07,68.06,138.71151714
2022-12-30 23:15:00,68.06,68.12,68.06,68.08,338.81786833
2022-12-30 23:14:00,68.04,68.08,68.04,68.06,18.75417743
2022-12-30 23:13:00,67.98,68.08,68.05,68.05,459.19515935
2022-12-30 23:12:00,68.05,68.06,68.05,68.05,33.10813542
2022-12-30 23:11:00,68.05,68.08,68.07,68.05,166.83217135
2022-12-30 23:10:00,68.05,68.08,68.07,68.07,51.24168459
2022-12-30 23:09:00,68.05,68.09,68.06,68.07,63.46692821
2022-12-30 23:08:00,68.02,68.07,68.02,68.05,49.17433783
2022-12-30 23:07:00,68.05,68.1,68.1,68.05,71.33094661
2022-12-30 23:06:00,68.04,68.1,68.04,68.1,105.74278689
2022-12-30 23:05:00,67.99,68.04,68.01,68.01,114.869081
2022-12-30 23:04:00,67.99,68.03,68.01,68.03,83.37057529
2022-12-30 23:03:00,67.97,68.03,67.97,67.99,111.64771013
2022-12-30 23:02:00,67.84,67.97,67.84,67.97,654.19772638
2022-12-30 23:01:00,67.85,67.96,67.93,67.85,200.32926454
2022-12-30 23:00:00,67.84,67.93,67.84,67.93,87.22171374
2022-12-30 22:59:00,67.81,67.88,67.85,67.84,310.5537805
2022-12-30 22:58:00,67.85,67.87,67.86,67.85,28.11766549
2022-12-30 22:57:00,67.83,67.86,67.86,67.86,129.87545905
2022-12-30 22:56:00,67.8,67.85,67.8,67.85,100.21809458
2022-12-30 22:55:00,67.81,67.83,67.82,67.83,43.08873818
2022-12-30 22:54:00,67.76,67.82,67.82,67.82,327.98297134
2022-12-30 22:53:00,67.78,67.82,67.78,67.79,21.37761709
2022-12-30 22:52:00,67.78,67.81,67.78,67.8,172.2004963
2022-12-30 22:51:00,67.78,67.83,67.82,67.81,146.6315842
2022-12-30 22:50:00,67.81,67.83,67.83,67.83,29.38562145
2022-12-30 22:49:00,67.76,67.82,67.76,67.82,76.64680048
2022-12-30 22:48:00,67.73,67.76,67.76,67.74,67.71838185
2022-12-30 22:47:00,67.74,67.84,67.84,67.74,73.58429363
2022-12-30 22:46:00,67.83,67.92,67.92,67.83,238.88138684
2022-12-30 22:45:00,67.89,67.92,67.89,67.92,57.98634964
2022-12-30 22:44:00,67.87,67.92,67.9,67.9,199.00332953
2022-12-30 22:43:00,67.87,67.9,67.87,67.89,86.76541303
2022-12-30 22:42:00,67.84,67.87,67.86,67.87,36.63165786
2022-12-30 22:41:00,67.81,67.85,67.82,67.83,232.65778414
2022-12-30 22:40:00,67.81,67.84,67.83,67.83,87.21013119
2022-12-30 22:39:00,67.79,67.82,67.79,67.82,100.95262819
2022-12-30 22:38:00,67.75,67.79,67.78,67.79,157.41791855
2022-12-30 22:37:00,67.75,67.77,67.75,67.76,30.95829955
2022-12-30 22:36:00,67.73,67.76,67.73,67.76,12.02510711
2022-12-30 22:35:00,67.72,67.75,67.74,67.74,37.66547962
2022-12-30 22:34:00,67.72,67.74,67.72,67.74,29.92180567
2022-12-30 22:33:00,67.71,67.73,67.71,67.72,43.84023054
2022-12-30 22:32:00,67.7,67.73,67.72,67.73,45.32920911
2022-12-30 22:31:00,67.67,67.73,67.67,67.7,188.7282866
2022-12-30 22:30:00,67.68,67.68,67.68,67.68,3.78970373
2022-12-30 22:29:00,67.65,67.68,67.67,67.68,31.21207442
2022-12-30 22:28:00,67.65,67.68,67.66,67.67,103.80261506
2022-12-30 22:27:00,67.64,67.67,67.67,67.66,43.89243937
2022-12-30 22:26:00,67.64,67.68,67.67,67.67,99.75186542
2022-12-30 22:25:00,67.63,67.67,67.66,67.67,92.50592301
2022-12-30 22:24:00,67.65,67.68,67.68,67.66,176.42550692
2022-12-30 22:23:00,67.67,67.7,67.69,67.68,80.18242065
2022-12-30 22:22:00,67.69,67.69,67.69,67.69,21.45086265
2022-12-30 22:21:00,67.67,67.68,67.67,67.68,59.19337855
2022-12-30 22:20:00,67.66,67.7,67.7,67.67,32.84903763
2022-12-30 22:19:00,67.68,67.7,67.7,67.7,73.78368999
2022-12-30 22:18:00,67.69,67.71,67.7,67.69,132.27452015
2022-12-30 22:17:00,67.67,67.71,67.69,67.71,105.72680286
2022-12-30 22:16:00,67.69,67.7,67.7,67.69,8.29416139
2022-12-30 22:15:00,67.67,67.7,67.7,67.69,96.29416838
2022-12-30 22:14:00,67.66,67.78,67.78,67.69,1395.81245667
2022-12-30 22:13:00,67.76,67.77,67.76,67.77,42.70701121
2022-12-30 22:12:00,67.75,67.78,67.75,67.77,245.43788347
2022-12-30 22:11:00,67.75,67.78,67.78,67.76,555.47616326
2022-12-30 22:10:00,67.77,67.79,67.78,67.78,665.43956995
2022-12-30 22:09:00,67.77,67.79,67.79,67.77,209.58867217
2022-12-30 22:08:00,67.77,67.8,67.8,67.79,224.49997123
2022-12-30 22:07:00,67.79,67.81,67.81,67.8,222.68026176
2022-12-30 22:06:00,67.75,67.81,67.79,67.8,86.92517706
2022-12-30 22:05:00,67.71,67.81,67.74,67.78,652.50704252
2022-12-30 22:04:00,67.38,67.84,67.83,67.76,12420.85934334
2022-12-30 22:03:00,67.83,67.87,67.87,67.84,1249.65139965
2022-12-30 22:02:00,67.83,67.87,67.83,67.87,134.74073807
2022-12-30 22:01:00,67.82,67.83,67.82,67.82,883.29889386
2022-12-30 22:00:00,67.75,67.83,67.78,67.83,427.48674689
2022-12-30 21:59:00,67.76,67.8,67.8,67.78,308.74781492
2022-12-30 21:58:00,67.8,67.84,67.84,67.81,110.47464346
2022-12-30 21:57:00,67.83,67.88,67.88,67.83,69.37943866
2022-12-30 21:56:00,67.83,67.89,67.84,67.88,69.51272234
2022-12-30 21:55:00,67.82,67.88,67.86,67.85,204.50020834
2022-12-30 21:54:00,67.87,67.89,67.89,67.88,37.32671753
2022-12-30 21:53:00,67.87,67.9,67.89,67.88,61.73616226
2022-12-30 21:52:00,67.87,67.9,67.9,67.89,30.88267632
2022-12-30 21:51:00,67.87,67.9,67.89,67.9,55.72839945
2022-12-30 21:50:00,67.88,67.92,67.9,67.9,49.27004382
2022-12-30 21:49:00,67.87,67.91,67.91,67.91,41.0270774
2022-12-30 21:48:00,67.89,67.92,67.89,67.91,50.67908719
2022-12-30 21:47:00,67.89,67.92,67.9,67.91,35.98654669
2022-12-30 21:46:00,67.9,67.94,67.93,67.92,46.87583281
2022-12-30 21:45:00,67.9,67.93,67.92,67.91,16.52062919
2022-12-30 21:44:00,67.89,67.94,67.94,67.92,68.05552228
2022-12-30 21:43:00,67.91,67.94,67.92,67.92,22.02709086
2022-12-30 21:42:00,67.89,67.95,67.93,67.89,33.601024
2022-12-30 21:41:00,67.87,67.93,67.9,67.91,217.34896976
2022-12-30 21:40:00,67.91,67.94,67.91,67.91,21.12851621
2022-12-30 21:39:00,67.92,67.94,67.94,67.93,56.86303325
2022-12-30 21:38:00,67.88,67.94,67.91,67.94,65.78085461
2022-12-30 21:37:00,67.89,67.97,67.97,67.91,30.80271869
2022-12-30 21:36:00,67.95,67.97,67.95,67.97,38.52654404
2022-12-30 21:35:00,67.91,67.97,67.93,67.95,136.57292806
2022-12-30 21:34:00,67.92,67.95,67.94,67.95,13.97363764
2022-12-30 21:33:00,67.92,67.96,67.94,67.96,85.45069597
2022-12-30 21:32:00,67.88,67.94,67.91,67.94,127.019082
2022-12-30 21:31:00,67.91,67.97,67.97,67.93,50.44583033
2022-12-30 21:30:00,67.96,68.04,68.04,67.96,112.71155312
2022-12-30 21:29:00,67.98,68.04,67.99,68.04,25.9121177
2022-12-30 21:28:00,67.96,68.02,68.0,67.98,64.91430998
2022-12-30 21:27:00,67.96,68.04,68.03,67.99,88.75859549
2022-12-30 21:26:00,68.04,68.09,68.07,68.04,288.78389832
2022-12-30 21:25:00,67.98,68.06,67.98,68.06,279.45639634
2022-12-30 21:24:00,67.98,68.0,68.0,67.98,30.51202579
2022-12-30 21:23:00,67.98,68.05,68.05,68.0,14.58285921
2022-12-30 21:22:00,67.96,68.06,67.98,68.06,125.43126711
2022-12-30 21:21:00,67.99,68.03,68.02,67.99,20.95468257
2022-12-30 21:20:00,68.03,68.07,68.06,68.03,106.6510366
2022-12-30 21:19:00,68.04,68.1,68.04,68.1,184.51606443
2022-12-30 21:18:00,68.01,68.05,68.02,68.03,65.1006159
2022-12-30 21:17:00,68.02,68.09,68.06,68.02,94.11469176
2022-12-30 21:16:00,68.06,68.16,68.16,68.06,169.68978188
2022-12-30 21:15:00,68.13,68.2,68.13,68.16,144.50693201
2022-12-30 21:14:00,68.14,68.2,68.2,68.14,31.24405275
2022-12-30 21:13:00,68.16,68.21,68.19,68.21,117.88207864
2022-12-30 21:12:00,68.18,68.24,68.21,68.22,123.0301534
2022-12-30 21:11:00,68.17,68.25,68.19,68.21,39.83130586
2022-12-30 21:10:00,68.16,68.26,68.2,68.18,102.49501615
2022-12-30 21:09:00,68.17,68.22,68.22,68.2,215.27818078
2022-12-30 21:08:00,68.17,68.24,68.17,68.22,77.05626908
2022-12-30 21:07:00,68.15,68.19,68.18,68.17,116.94663484
2022-12-30 21:06:00,68.18,68.25,68.24,68.19,197.54393142
2022-12-30 21:05:00,68.22,68.32,68.29,68.22,320.20451662
2022-12-30 21:04:00,68.26,68.42,68.37,68.29,136.95805144
2022-12-30 21:03:00,68.29,68.37,68.37,68.34,77.18325605
2022-12-30 21:02:00,68.29,68.4,68.37,68.36,907.38644671
2022-12-30 21:01:00,68.3,68.48,68.31,68.39,591.78649429
2022-12-30 21:00:00,68.2,68.63,68.2,68.32,2426.15426289
2022-12-30 20:59:00,68.15,68.23,68.18,68.2,86.97484411
2022-12-30 20:58:00,68.13,68.18,68.15,68.17,45.73387536
2022-12-30 20:57:00,68.11,68.15,68.13,68.15,44.4155656
2022-12-30 20:56:00,68.1,68.15,68.15,68.13,86.4771156
2022-12-30 20:55:00,68.15,68.18,68.16,68.16,117.26379984
2022-12-30 20:54:00,68.14,68.19,68.17,68.18,48.76316505
2022-12-30 20:53:00,68.15,68.19,68.15,68.17,197.90797346
2022-12-30 20:52:00,68.11,68.16,68.11,68.13,59.74682026
2022-12-30 20:51:00,68.06,68.11,68.08,68.11,99.4843116
2022-12-30 20:50:00,68.06,68.09,68.06,68.06,84.61894207
2022-12-30 20:49:00,68.02,68.06,68.05,68.06,90.29604419
2022-12-30 20:48:00,68.03,68.08,68.08,68.05,72.48812555
2022-12-30 20:47:00,68.07,68.09,68.08,68.08,47.58243501
2022-12-30 20:46:00,68.06,68.13,68.09,68.08,87.71812709
2022-12-30 20:45:00,68.09,68.16,68.09,68.1,144.32644079
2022-12-30 20:44:00,68.07,68.14,68.14,68.07,512.12627127
2022-12-30 20:43:00,68.12,68.14,68.13,68.13,94.73514168
2022-12-30 20:42:00,68.11,68.15,68.13,68.13,100.52361194
2022-12-30 20:41:00,68.08,68.14,68.09,68.13,182.65327262
2022-12-30 20:40:00,68.09,68.13,68.1,68.09,168.52804137
2022-12-30 20:39:00,68.02,68.12,68.03,68.12,422.93332984
2022-12-30 20:38:00,68.02,68.06,68.03,68.03,259.8605387
2022-12-30 20:37:00,67.97,68.04,67.99,68.03,12.96484398
2022-12-30 20:36:00,67.97,68.0,67.98,67.99,17.85153165
2022-12-30 20:35:00,67.96,68.0,67.96,67.98,43.64985486
2022-12-30 20:34:00,67.95,68.0,68.0,67.98,51.03274116
2022-12-30 20:33:00,67.97,68.02,67.97,68.01,188.92704086
2022-12-30 20:32:00,67.96,68.01,68.01,67.99,54.65863527
2022-12-30 20:31:00,67.95,68.01,67.97,68.0,131.16889446
2022-12-30 20:30:00,67.95,67.99,67.98,67.97,186.65096005
2022-12-30 20:29:00,67.98,68.03,68.0,67.99,22.42787299
2022-12-30 20:28:00,67.99,68.03,68.01,68.01,38.5708184
2022-12-30 20:27:00,68.0,68.05,68.04,68.04,163.26964218
2022-12-30 20:26:00,68.0,68.11,68.1,68.03,1567.59504386
2022-12-30 20:25:00,68.1,68.11,68.11,68.1,604.45589753
2022-12-30 20:24:00,68.1,68.12,68.11,68.11,641.30440431
2022-12-30 20:23:00,68.1,68.13,68.11,68.1,3035.18237123
2022-12-30 20:22:00,68.1,68.11,68.1,68.11,77.20643964
2022-12-30 20:21:00,68.1,68.14,68.12,68.11,696.58970589
2022-12-30 20:20:00,68.1,68.15,68.12,68.11,371.08218112
2022-12-30 20:19:00,68.1,68.16,68.1,68.11,2457.1341085
2022-12-30 20:18:00,68.08,68.12,68.09,68.11,525.33519383
2022-12-30 20:17:00,68.05,68.12,68.07,68.09,128.12638635
2022-12-30 20:16:00,68.06,68.15,68.09,68.08,579.17060426
2022-12-30 20:15:00,68.01,68.1,68.03,68.09,151.57620177
2022-12-30 20:14:00,67.98,68.04,68.0,68.03,78.34481104
2022-12-30 20:13:00,68.01,68.06,68.02,68.02,97.58867601
2022-12-30 20:12:00,67.91,68.01,67.93,68.01,182.61296571
2022-12-30 20:11:00,67.9,67.93,67.93,67.91,21.25275641
2022-12-30 20:10:00,67.87,67.93,67.92,67.93,150.20893324
2022-12-30 20:09:00,67.89,67.93,67.93,67.92,53.73022582
2022-12-30 20:08:00,67.87,67.93,67.87,67.93,63.38249703
2022-12-30 20:07:00,67.86,67.88,67.88,67.87,26.77882862
2022-12-30 20:06:00,67.86,67.91,67.9,67.87,58.2065203
2022-12-30 20:05:00,67.9,67.94,67.92,67.93,94.32408765
2022-12-30 20:04:00,67.9,67.94,67.9,67.94,69.23287613
2022-12-30 20:03:00,67.84,67.9,67.84,67.89,72.73486021
2022-12-30 20:02:00,67.83,67.89,67.89,67.83,31.87967036
2022-12-30 20:01:00,67.84,67.91,67.86,67.88,24.49534728
2022-12-30 20:00:00,67.84,67.88,67.84,67.86,35.98993286
2022-12-30 19:59:00,67.84,67.9,67.9,67.84,99.54290056
2022-12-30 19:58:00,67.84,67.92,67.84,67.91,119.03030766
2022-12-30 19:57:00,67.81,67.89,67.83,67.85,120.42097784
2022-12-30 19:56:00,67.82,67.86,67.86,67.85,62.03176003
2022-12-30 19:55:00,67.85,67.92,67.89,67.85,43.78426909
2022-12-30 19:54:00,67.89,67.92,67.9,67.92,103.8692517
2022-12-30 19:53:00,67.88,67.92,67.92,67.9,13.18812239
2022-12-30 19:52:00,67.9,67.94,67.92,67.92,44.43097005
2022-12-30 19:51:00,67.91,67.94,67.93,67.93,16.91242731
2022-12-30 19:50:00,67.89,67.92,67.89,67.92,41.06073255
2022-12-30 19:49:00,67.87,67.92,67.9,67.92,78.1035896
2022-12-30 19:48:00,67.86,67.94,67.94,67.9,97.13717359
2022-12-30 19:47:00,67.91,67.95,67.94,67.93,166.66994836
2022-12-30 19:46:00,67.94,68.0,68.0,67.95,216.18498603
2022-12-30 19:45:00,67.98,68.04,67.99,68.0,64.78310557
2022-12-30 19:44:00,67.92,68.02,67.96,68.02,105.88704437
2022-12-30 19:43:00,67.96,68.01,68.01,67.97,47.20928755
2022-12-30 19:42:00,67.93,68.01,67.95,67.99,58.06004097
2022-12-30 19:41:00,67.94,68.01,67.96,67.95,239.20638823
2022-12-30 19:40:00,67.95,67.98,67.97,67.95,58.04021919
2022-12-30 19:39:00,67.96,67.99,67.98,67.98,19.97324953
2022-12-30 19:38:00,67.97,67.99,67.98,67.98,7.34584792
2022-12-30 19:37:00,67.97,68.02,68.01,67.98,26.27105835
2022-12-30 19:36:00,67.98,68.04,68.04,68.02,206.95147383
2022-12-30 19:35:00,68.02,68.1,68.08,68.02,104.62009704
2022-12-30 19:34:00,68.01,68.12,68.12,68.1,425.73211149
2022-12-30 19:33:00,68.08,68.13,68.08,68.12,185.22442325
2022-12-30 19:32:00,68.04,68.1,68.1,68.09,26.68647211
2022-12-30 19:31:00,67.99,68.07,68.02,68.07,258.83414863
2022-12-30 19:30:00,67.96,68.01,68.0,68.01,36.69621198
2022-12-30 19:29:00,67.99,68.04,68.0,68.0,53.02578343
2022-12-30 19:28:00,67.95,68.02,67.95,68.02,62.66951921
2022-12-30 19:27:00,67.91,67.98,67.93,67.98,64.44340994
2022-12-30 19:26:00,67.9,67.94,67.93,67.93,147.36237554
2022-12-30 19:25:00,67.91,67.99,67.96,67.94,158.59736441
2022-12-30 19:24:00,67.93,67.97,67.94,67.96,98.47335681
2022-12-30 19:23:00,67.85,67.94,67.87,67.93,61.20682526
2022-12-30 19:22:00,67.85,67.88,67.85,67.87,25.2304299
2022-12-30 19:21:00,67.82,67.85,67.82,67.83,128.22061283
2022-12-30 19:20:00,67.82,67.85,67.85,67.83,28.99436046
2022-12-30 19:19:00,67.84,67.87,67.86,67.87,49.29451187
2022-12-30 19:18:00,67.85,67.89,67.85,67.87,89.94105005
2022-12-30 19:17:00,67.87,67.89,67.88,67.87,3.15528386
2022-12-30 19:16:00,67.84,67.89,67.84,67.87,129.78668564
2022-12-30 19:15:00,67.81,67.84,67.82,67.84,51.86278853
2022-12-30 19:14:00,67.81,67.86,67.86,67.85,63.17929308
2022-12-30 19:13:00,67.84,67.88,67.85,67.86,146.12997053
2022-12-30 19:12:00,67.78,67.85,67.78,67.83,163.93955743
2022-12-30 19:11:00,67.77,67.8,67.79,67.78,12.35157073
2022-12-30 19:10:00,67.77,67.8,67.77,67.79,18.0644491
2022-12-30 19:09:00,67.76,67.82,67.79,67.77,21.25091773
2022-12-30 19:08:00,67.78,67.82,67.82,67.8,72.92933005
2022-12-30 19:07:00,67.78,67.82,67.79,67.82,40.40682753
2022-12-30 19:06:00,67.81,67.83,67.82,67.81,27.96197274
2022-12-30 19:05:00,67.78,67.83,67.8,67.83,57.74768926
2022-12-30 19:04:00,67.78,67.82,67.82,67.78,102.23893674
2022-12-30 19:03:00,67.79,67.89,67.87,67.82,108.69305646
2022-12-30 19:02:00,67.8,67.88,67.84,67.88,55.30697321
2022-12-30 19:01:00,67.83,67.87,67.86,67.85,27.18058201
2022-12-30 19:00:00,67.86,67.91,67.88,67.88,62.40943949
2022-12-30 18:59:00,67.88,67.96,67.88,67.91,530.51643224
2022-12-30 18:58:00,67.84,67.88,67.88,67.87,26.91045886
2022-12-30 18:57:00,67.85,67.89,67.89,67.88,27.56390651
2022-12-30 18:56:00,67.84,67.89,67.89,67.89,138.2649997
2022-12-30 18:55:00,67.89,67.94,67.93,67.89,47.96193564
2022-12-30 18:54:00,67.78,67.91,67.79,67.91,213.6341744
2022-12-30 18:53:00,67.77,67.81,67.81,67.77,19.25778488
2022-12-30 18:52:00,67.79,67.82,67.79,67.79,36.17784828
2022-12-30 18:51:00,67.78,67.81,67.78,67.81,57.46182259
2022-12-30 18:50:00,67.78,67.85,67.84,67.8,57.61269171
2022-12-30 18:49:00,67.8,67.84,67.81,67.83,223.43430828
2022-12-30 18:48:00,67.8,67.84,67.84,67.82,93.71625119
2022-12-30 18:47:00,67.78,67.84,67.78,67.84,13.72454806
2022-12-30 18:46:00,67.78,67.83,67.83,67.8,67.18013732
2022-12-30 18:45:00,67.8,67.84,67.83,67.82,51.07201345
2022-12-30 18:44:00,67.8,67.85,67.82,67.81,38.12734115
2022-12-30 18:43:00,67.78,67.83,67.82,67.8,70.82653754
2022-12-30 18:42:00,67.8,67.86,67.86,67.8,44.91714531
2022-12-30 18:41:00,67.83,67.86,67.86,67.86,39.37106762
2022-12-30 18:40:00,67.81,67.85,67.83,67.85,134.11750872
2022-12-30 18:39:00,67.82,67.88,67.88,67.84,147.57667125
2022-12-30 18:38:00,67.85,67.89,67.89,67.88,181.36369189
2022-12-30 18:37:00,67.84,67.88,67.86,67.88,56.08347126
2022-12-30 18:36:00,67.79,67.88,67.82,67.86,97.83927489
2022-12-30 18:35:00,67.76,67.88,67.82,67.84,487.92711522
2022-12-30 18:34:00,67.76,67.82,67.77,67.82,21.38011133
2022-12-30 18:33:00,67.74,67.79,67.75,67.76,118.00746006
2022-12-30 18:32:00,67.72,67.78,67.75,67.75,178.00883587
2022-12-30 18:31:00,67.72,67.78,67.75,67.77,113.21071275
2022-12-30 18:30:00,67.72,67.76,67.72,67.74,83.94988924
2022-12-30 18:29:00,67.66,67.75,67.68,67.72,111.9971836
2022-12-30 18:28:00,67.66,67.69,67.68,67.68,39.45387768
2022-12-30 18:27:00,67.59,67.68,67.63,67.68,203.22800348
2022-12-30 18:26:00,67.55,67.66,67.56,67.62,466.30120407
2022-12-30 18:25:00,67.55,67.59,67.58,67.56,92.48651815
2022-12-30 18:24:00,67.54,67.59,67.54,67.58,28.99555836
2022-12-30 18:23:00,67.55,67.59,67.57,67.56,98.94766331
2022-12-31 04:23:00,67.81,67.84,67.83,67.84,52.70130302
2022-12-31 04:22:00,67.82,67.88,67.87,67.82,54.94474944
2022-12-31 04:21:00,67.88,67.93,67.92,67.88,72.66709966
2022-12-31 04:20:00,67.85,67.92,67.87,67.92,154.08426078
2022-12-31 04:19:00,67.84,67.87,67.86,67.87,48.7763816
2022-12-31 04:18:00,67.83,67.87,67.86,67.86,159.48069004
2022-12-31 04:17:00,67.83,67.92,67.92,67.87,446.3365262
2022-12-31 04:16:00,67.9,67.93,67.92,67.91,25.08570111
2022-12-31 04:15:00,67.9,67.93,67.92,67.9,20.84215943
2022-12-31 04:14:00,67.92,67.96,67.93,67.92,189.89214952
2022-12-31 04:13:00,67.93,68.01,68.01,67.96,94.67127826
2022-12-31 04:12:00,67.99,68.01,68.0,68.01,93.48057385
2022-12-31 04:11:00,67.98,68.01,67.99,67.99,27.59200679
2022-12-31 04:10:00,67.99,68.01,68.01,67.99,94.28849247
2022-12-31 04:09:00,67.93,68.01,67.94,68.01,212.4615175
2022-12-31 04:08:00,67.93,67.96,67.94,67.94,60.47907704
2022-12-31 04:07:00,67.94,67.97,67.95,67.94,48.54837508
2022-12-31 04:06:00,67.96,67.97,67.96,67.97,22.02893565
2022-12-31 04:05:00,67.96,68.0,67.99,67.96,196.38240553
2022-12-31 04:04:00,67.98,68.0,67.99,67.99,179.68643168
2022-12-31 04:03:00,67.97,67.99,67.97,67.97,27.88080733
2022-12-31 04:02:00,67.94,67.96,67.95,67.95,108.8746208
2022-12-31 04:01:00,67.93,67.95,67.94,67.94,53.88798945
2022-12-31 04:00:00,67.93,67.95,67.95,67.93,56.18206583
2022-12-31 03:59:00,67.95,67.98,67.97,67.95,238.51575076
2022-12-31 03:58:00,67.94,67.97,67.94,67.96,120.90594022
2022-12-31 03:57:00,67.93,67.97,67.97,67.94,120.02439332
2022-12-31 03:56:00,67.95,67.97,67.97,67.97,33.10014201
2022-12-31 03:55:00,67.96,67.97,67.96,67.97,42.51350886
2022-12-31 03:54:00,67.94,67.98,67.94,67.97,44.28810474
2022-12-31 03:53:00,67.94,67.96,67.96,67.96,17.46403085
2022-12-31 03:52:00,67.94,67.98,67.98,67.96,55.81328785
2022-12-31 03:51:00,67.92,67.97,67.94,67.97,33.75388335
2022-12-31 03:50:00,67.91,67.96,67.96,67.91,22.84052204
2022-12-31 03:49:00,67.93,67.96,67.94,67.96,18.07432937
2022-12-31 03:48:00,67.92,67.95,67.94,67.93,5.97505716
2022-12-31 03:47:00,67.91,67.95,67.95,67.94,58.31334189
2022-12-31 03:46:00,67.92,67.95,67.95,67.94,22.52449794
2022-12-31 03:45:00,67.94,67.97,67.94,67.95,73.53741997
2022-12-31 03:44:00,67.91,67.98,67.98,67.94,355.28091994
2022-12-31 03:43:00,67.94,67.98,67.97,67.98,71.33055838
2022-12-31 03:42:00,67.96,68.01,68.01,67.96,271.31056984
2022-12-31 03:41:00,67.96,68.01,67.98,68.01,430.04807526
2022-12-31 03:40:00,67.96,67.98,67.98,67.98,27.52848391
2022-12-31 03:39:00,67.96,67.99,67.99,67.97,24.55227076
2022-12-31 03:38:00,67.99,68.03,68.01,67.99,148.39514144
2022-12-31 03:37:00,68.01,68.03,68.03,68.03,44.37931037
2022-12-31 03:36:00,67.99,68.04,68.03,68.02,119.82970741
2022-12-31 03:35:00,68.02,68.04,68.04,68.03,49.30627274
2022-12-31 03:34:00,68.05,68.08,68.08,68.05,29.59687794
2022-12-31 03:33:00,68.06,68.1,68.09,68.08,42.32529534
2022-12-31 03:32:00,68.06,68.09,68.09,68.09,29.10117379
2022-12-31 03:31:00,68.05,68.07,68.07,68.07,24.69050238
2022-12-31 03:30:00,68.04,68.07,68.06,68.07,192.57110649
2022-12-31 03:29:00,68.04,68.06,68.04,68.06,37.31662089
2022-12-31 03:28:00,68.04,68.05,68.05,68.04,22.13283915
2022-12-31 03:27:00,68.04,68.06,68.05,68.05,86.78434479
2022-12-31 03:26:00,68.0,68.04,68.04,68.03,14.41918562
2022-12-31 03:25:00,68.05,68.07,68.06,68.05,72.37335075
2022-12-31 03:24:00,68.0,68.07,68.0,68.07,144.97731104
2022-12-31 03:23:00,67.97,68.01,68.0,68.0,345.01102095
2022-12-31 03:22:00,68.0,68.02,68.0,68.0,70.86540848
2022-12-31 03:21:00,68.0,68.03,68.01,68.01,34.13576695
2022-12-31 03:20:00,68.01,68.03,68.03,68.02,1.6428654
2022-12-31 03:19:00,68.0,68.05,68.05,68.04,66.81041981
2022-12-31 03:18:00,68.04,68.11,68.09,68.04,98.60290212
2022-12-31 03:17:00,68.05,68.13,68.12,68.09,374.1457904
2022-12-31 03:16:00,68.09,68.14,68.11,68.12,28.43016298
2022-12-31 03:15:00,68.07,68.1,68.08,68.1,61.54811238
2022-12-31 03:14:00,68.06,68.1,68.09,68.06,26.6831729
2022-12-31 03:13:00,68.09,68.16,68.14,68.09,30.4029439
2022-12-31 03:12:00,68.16,68.23,68.22,68.18,198.33637668
2022-12-31 03:11:00,68.21,68.25,68.24,68.22,16.37229894
2022-12-31 03:10:00,68.19,68.24,68.19,68.24,71.49450223
2022-12-31 03:09:00,68.15,68.2,68.15,68.19,49.1420123
2022-12-31 03:08:00,68.13,68.16,68.15,68.15,154.66529457
2022-12-31 03:07:00,68.13,68.16,68.14,68.13,8.70977826
2022-12-31 03:06:00,68.13,68.15,68.14,68.15,13.34132923
2022-12-31 03:05:00,68.11,68.15,68.12,68.11,161.68566392
2022-12-31 03:04:00,68.11,68.16,68.16,68.12,32.67205
2022-12-31 03:03:00,68.13,68.17,68.14,68.14,13.84154297
2022-12-31 03:02:00,68.15,68.19,68.18,68.16,23.62625849
2022-12-31 03:01:00,68.15,68.22,68.21,68.16,60.17489485
2022-12-31 03:00:00,68.2,68.22,68.22,68.21,97.97533855
2022-12-31 02:59:00,68.16,68.21,68.21,68.21,33.72894963
2022-12-31 02:58:00,68.2,68.3,68.3,68.21,176.12586951
2022-12-31 02:57:00,68.28,68.3,68.28,68.29,66.60808876
2022-12-31 02:56:00,68.28,68.3,68.28,68.29,26.10239304
2022-12-31 02:55:00,68.24,68.28,68.24,68.28,258.64829607
2022-12-31 02:54:00,68.19,68.26,68.19,68.25,187.44062517
2022-12-31 02:53:00,68.15,68.22,68.22,68.17,152.33530373
2022-12-31 02:52:00,68.16,68.24,68.17,68.23,94.22892735
2022-12-31 02:51:00,68.14,68.19,68.16,68.19,37.45190001
2022-12-31 02:50:00,68.13,68.15,68.15,68.15,45.05495861
2022-12-31 02:49:00,68.14,68.17,68.17,68.15,19.73453291
2022-12-31 02:48:00,68.13,68.16,68.15,68.15,50.64879678
2022-12-31 02:47:00,68.11,68.14,68.12,68.13,56.98936193
2022-12-31 02:46:00,68.12,68.15,68.12,68.14,57.60920205
2022-12-31 02:45:00,68.11,68.15,68.15,68.14,102.98562892
2022-12-31 02:44:00,68.14,68.16,68.16,68.15,14.87416314
2022-12-31 02:43:00,68.13,68.16,68.15,68.15,130.20976406
2022-12-31 02:42:00,68.13,68.16,68.13,68.15,71.56583931
2022-12-31 02:41:00,68.11,68.17,68.17,68.15,599.3920299
2022-12-31 02:40:00,68.15,68.17,68.16,68.17,28.64736729
2022-12-31 02:39:00,68.09,68.11,68.11,68.11,12.78229
2022-12-31 02:38:00,68.08,68.11,68.11,68.1,31.21127429
2022-12-31 02:37:00,68.0,68.1,68.0,68.1,18.17032654
2022-12-31 02:36:00,67.97,68.02,67.97,68.02,40.86933442
2022-12-31 02:35:00,67.97,68.0,67.98,67.97,27.03722112
2022-12-31 02:34:00,67.97,68.05,68.03,67.97,271.10037148
2022-12-31 02:33:00,68.04,68.09,68.09,68.04,252.26759572
2022-12-31 02:32:00,68.08,68.13,68.13,68.08,80.2333461
2022-12-31 02:31:00,68.09,68.16,68.09,68.16,46.49419298
2022-12-31 02:30:00,68.01,68.1,68.03,68.1,68.96215901
2022-12-31 02:29:00,68.02,68.03,68.03,68.03,4.22767564
2022-12-31 02:28:00,68.01,68.04,68.04,68.01,41.271962
2022-12-31 02:27:00,68.01,68.04,68.01,68.04,14.89152496
2022-12-31 02:26:00,68.01,68.04,68.02,68.01,36.4483232
2022-12-31 02:25:00,68.01,68.04,68.02,68.01,57.07174634
2022-12-31 02:24:00,67.98,68.01,68.01,68.01,66.94964164
2022-12-31 02:23:00,67.96,68.01,68.01,67.99,74.85414869
2022-12-31 02:22:00,67.97,68.02,67.99,67.99,119.00832214
2022-12-31 02:21:00,67.93,68.0,67.94,67.99,50.41396998
2022-12-31 02:20:00,67.92,67.99,67.97,67.92,345.70540413
2022-12-31 02:19:00,67.94,67.97,67.94,67.97,16.89297521
2022-12-31 02:18:00,67.94,67.97,67.95,67.97,143.88934803
2022-12-31 02:17:00,67.9,67.96,67.92,67.96,219.05754398
2022-12-31 02:16:00,67.91,67.99,67.98,67.92,240.41303231
2022-12-31 02:15:00,67.95,67.99,67.98,67.98,297.91624675
2022-12-31 02:14:00,67.98,68.0,67.99,67.98,42.43795124
2022-12-31 02:13:00,67.96,68.0,67.97,67.97,220.87236174
2022-12-31 02:12:00,67.96,68.05,68.04,67.97,230.15852868
2022-12-31 02:11:00,67.89,68.03,67.9,68.03,539.45355445
2022-12-31 02:10:00,67.89,67.91,67.89,67.91,27.15959321
2022-12-31 02:09:00,67.84,67.88,67.84,67.88,12.41264408
2022-12-31 02:08:00,67.81,67.83,67.83,67.81,16.93531463
2022-12-31 02:07:00,67.78,67.84,67.83,67.82,33.90509857
2022-12-31 02:06:00,67.81,67.85,67.85,67.83,50.8991437
2022-12-31 02:05:00,67.81,67.85,67.82,67.85,100.69466019
2022-12-31 02:04:00,67.81,67.87,67.87,67.82,60.07173682
2022-12-31 02:03:00,67.85,67.88,67.85,67.87,52.19436586
2022-12-31 02:02:00,67.89,67.93,67.93,67.9,33.75480839
2022-12-31 02:01:00,67.9,67.95,67.95,67.93,112.03042588
2022-12-31 02:00:00,67.93,67.96,67.93,67.95,106.51494873
2022-12-31 01:59:00,67.91,67.92,67.91,67.91,31.71801537
2022-12-31 01:58:00,67.91,67.93,67.92,67.92,8.41775315
2022-12-31 01:57:00,67.86,67.92,67.89,67.92,158.16265601
2022-12-31 01:56:00,67.88,67.91,67.9,67.9,66.08122227
2022-12-31 01:55:00,67.89,67.96,67.94,67.9,169.05580423
2022-12-31 01:54:00,67.93,67.96,67.96,67.96,40.11459005
2022-12-31 01:53:00,67.92,67.96,67.93,67.95,36.99496964
2022-12-31 01:52:00,67.87,67.95,67.87,67.95,110.88594068
2022-12-31 01:51:00,67.86,67.87,67.87,67.87,11.85014927
2022-12-31 01:50:00,67.84,67.89,67.85,67.85,142.14887842
2022-12-31 01:49:00,67.83,67.88,67.83,67.88,14.54294292
2022-12-31 01:48:00,67.78,67.86,67.78,67.85,145.86699903
2022-12-31 01:47:00,67.75,67.8,67.79,67.8,31.34092935
2022-12-31 01:46:00,67.78,67.81,67.8,67.79,161.94911297
2022-12-31 01:45:00,67.79,67.8,67.79,67.79,29.03943259
2022-12-31 01:44:00,67.79,67.83,67.82,67.79,37.66633076
2022-12-31 01:43:00,67.81,67.92,67.82,67.84,727.14205349
2022-12-31 01:42:00,67.75,67.82,67.76,67.82,124.75150338
2022-12-31 01:41:00,67.65,67.74,67.65,67.74,81.36792176
2022-12-31 01:40:00,67.65,67.67,67.65,67.65,9.80265803
2022-12-31 01:39:00,67.65,67.69,67.68,67.67,111.80537553
2022-12-31 01:38:00,67.64,67.68,67.67,67.68,78.05652712
2022-12-31 01:37:00,67.68,67.72,67.72,67.68,18.62898537
2022-12-31 01:36:00,67.71,67.73,67.72,67.71,31.44601857
2022-12-31 01:35:00,67.71,67.73,67.71,67.71,61.43767607
2022-12-31 01:34:00,67.71,67.74,67.73,67.72,36.30018818
2022-12-31 01:33:00,67.69,67.79,67.77,67.72,1050.50969924
2022-12-31 01:32:00,67.75,67.77,67.75,67.77,12.40226062
2022-12-31 01:31:00,67.7,67.74,67.73,67.74,58.17784531
2022-12-31 01:30:00,67.66,67.73,67.69,67.73,43.33981424
2022-12-31 01:29:00,67.66,67.71,67.71,67.68,64.63516846
2022-12-31 01:28:00,67.69,67.72,67.71,67.71,59.86199726
2022-12-31 01:27:00,67.7,67.78,67.78,67.72,87.64514082
2022-12-31 01:26:00,67.77,67.79,67.79,67.78,5.61952102
2022-12-31 01:25:00,67.73,67.77,67.73,67.77,68.91899831
2022-12-31 01:24:00,67.7,67.76,67.72,67.76,24.99519152
2022-12-31 01:23:00,67.7,67.75,67.75,67.7,50.24873456
2022-12-31 01:22:00,67.7,67.75,67.73,67.75,54.81813694
2022-12-31 01:21:00,67.71,67.76,67.73,67.71,6.66649392
2022-12-31 01:20:00,67.69,67.75,67.74,67.74,107.53894596
2022-12-31 01:19:00,67.69,67.78,67.71,67.76,44.39657167
2022-12-31 01:18:00,67.7,67.77,67.75,67.71,61.92049296
2022-12-31 01:17:00,67.73,67.77,67.76,67.73,73.09738162
2022-12-31 01:16:00,67.72,67.76,67.74,67.74,45.60140146
2022-12-31 01:15:00,67.66,67.7,67.67,67.7,168.09879732
2022-12-31 01:14:00,67.62,67.67,67.62,67.66,40.91758025
2022-12-31 01:13:00,67.57,67.61,67.61,67.59,40.83898718
2022-12-31 01:12:00,67.57,67.65,67.65,67.58,110.02329102
2022-12-31 01:11:00,67.64,67.68,67.65,67.64,18.39842407
2022-12-31 01:10:00,67.62,67.66,67.65,67.62,23.68292886
2022-12-31 01:09:00,67.63,67.68,67.64,67.65,26.63505602
2022-12-31 01:08:00,67.63,67.69,67.69,67.66,40.25466646
2022-12-31 01:07:00,67.67,67.74,67.72,67.68,222.30022769
2022-12-31 01:06:00,67.77,67.79,67.79,67.77,52.90725054
2022-12-31 01:05:00,67.76,67.82,67.8,67.79,36.23866081
2022-12-31 01:04:00,67.78,67.8,67.79,67.8,14.11577086
2022-12-31 01:03:00,67.79,67.8,67.79,67.8,16.19891165
2022-12-31 01:02:00,67.79,67.86,67.86,67.81,75.44622972
2022-12-31 01:01:00,67.81,67.87,67.82,67.86,41.15034455
2022-12-31 01:00:00,67.81,67.85,67.85,67.82,19.55231277
2022-12-31 00:59:00,67.82,67.88,67.87,67.85,39.77391308
2022-12-31 00:58:00,67.85,67.89,67.87,67.85,29.43748947
2022-12-31 00:57:00,67.86,67.93,67.93,67.89,86.46613873
2022-12-31 00:56:00,67.91,67.94,67.94,67.93,26.91241082
2022-12-31 00:55:00,67.91,67.95,67.95,67.91,78.33011476
2022-12-31 00:54:00,67.94,68.0,67.98,67.96,178.86752478
2022-12-31 00:53:00,67.94,67.97,67.96,67.96,41.50612304
2022-12-31 00:52:00,67.92,67.96,67.94,67.96,27.72501558
2022-12-31 00:51:00,67.91,67.94,67.91,67.94,21.08482873
2022-12-31 00:50:00,67.91,67.94,67.94,67.93,32.6282272
2022-12-31 00:49:00,67.92,67.96,67.96,67.92,9.77285838
2022-12-31 00:48:00,67.94,67.96,67.96,67.95,25.22573146
2022-12-31 00:47:00,67.95,67.97,67.95,67.95,18.42323461
2022-12-31 00:46:00,67.94,67.98,67.96,67.96,39.40794122
2022-12-31 00:45:00,67.97,68.0,68.0,67.97,24.38601788
2022-12-31 00:44:00,67.97,68.01,67.97,68.0,163.91965842
2022-12-31 00:43:00,67.97,68.02,68.01,67.98,69.16663996
2022-12-31 00:42:00,67.98,68.0,67.98,68.0,717.99225476
2022-12-31 00:41:00,67.97,68.0,67.98,67.97,104.52665332
2022-12-31 00:40:00,67.98,68.05,68.05,67.98,33.28497089
2022-12-31 00:39:00,68.03,68.08,68.04,68.05,91.02409093
2022-12-31 00:38:00,68.04,68.07,68.06,68.04,16.36130497
2022-12-31 00:37:00,68.03,68.07,68.06,68.03,57.96941228
2022-12-31 00:36:00,68.03,68.06,68.03,68.03,20.34561875
2022-12-31 00:35:00,68.05,68.09,68.07,68.06,54.43168887
2022-12-31 00:34:00,68.07,68.12,68.1,68.07,184.76287767
2022-12-31 00:33:00,68.06,68.11,68.08,68.11,95.39058193
2022-12-31 00:32:00,68.06,68.08,68.07,68.08,10.90822964
2022-12-31 00:31:00,68.03,68.07,68.03,68.07,74.59240953
2022-12-31 00:30:00,67.96,68.04,67.98,68.04,29.43482198
2022-12-31 00:29:00,67.95,67.97,67.95,67.97,9.2242803
2022-12-31 00:28:00,67.93,67.98,67.97,67.95,73.03791822
2022-12-31 00:27:00,67.92,67.98,67.95,67.97,58.49839446
2022-12-31 00:26:00,67.88,67.94,67.88,67.94,66.13734927
2022-12-31 00:25:00,67.9,67.97,67.94,67.9,233.59948145
2022-12-31 00:24:00,67.9,67.95,67.9,67.94,40.47978049
2022-12-31 00:23:00,67.88,67.91,67.91,67.89,199.99416947
2022-12-31 00:22:00,67.83,67.9,67.83,67.9,71.68640944
2022-12-31 00:21:00,67.8,67.85,67.8,67.85,169.98012824
2022-12-31 00:20:00,67.78,67.81,67.79,67.81,64.27818682
2022-12-31 00:19:00,67.73,67.79,67.73,67.76,52.43966682
2022-12-31 00:18:00,67.73,67.76,67.76,67.74,55.12147982
2022-12-31 00:17:00,67.72,67.77,67.77,67.74,90.36701653
2022-12-31 00:16:00,67.75,67.78,67.76,67.78,29.19552617
2022-12-31 00:15:00,67.67,67.74,67.67,67.74,87.58282654
2022-12-31 00:14:00,67.68,67.69,67.68,67.68,9.16291747
2022-12-31 00:13:00,67.67,67.72,67.72,67.68,58.67032433
2022-12-31 00:12:00,67.67,67.72,67.7,67.72,28.46784149
2022-12-31 00:11:00,67.67,67.75,67.75,67.67,104.6202853
2022-12-31 00:10:00,67.74,67.82,67.8,67.74,113.03397389
2022-12-31 00:09:00,67.77,67.83,67.81,67.82,222.13185877
2022-12-31 00:08:00,67.8,67.87,67.87,67.81,73.12500201
2022-12-31 00:07:00,67.78,67.87,67.81,67.87,57.62366103
2022-12-31 00:06:00,67.8,67.87,67.83,67.81,197.92419123
2022-12-31 00:05:00,67.82,67.84,67.82,67.82,34.79762785
2022-12-31 00:04:00,67.83,67.85,67.85,67.84,8.9768104
2022-12-31 00:03:00,67.83,67.89,67.89,67.83,112.87566345
2022-12-31 00:02:00,67.86,67.91,67.91,67.87,23.83133978
2022-12-31 00:01:00,67.85,67.94,67.94,67.9,125.5968854
2022-12-31 00:00:00,67.91,67.96,67.91,67.93,103.33586042
2022-12-30 23:59:00,67.92,67.94,67.92,67.93,7.80951056
2022-12-30 23:58:00,67.9,67.93,67.92,67.92,20.88927099
2022-12-30 23:57:00,67.88,67.93,67.9,67.92,78.64301292
2022-12-30 23:56:00,67.86,67.9,67.86,67.88,33.61216064
2022-12-30 23:55:00,67.86,67.89,67.87,67.86,64.99955319
2022-12-30 23:54:00,67.87,67.9,67.9,67.89,9.57585838
2022-12-30 23:53:00,67.87,67.9,67.9,67.88,73.15659568
2022-12-30 23:52:00,67.87,67.89,67.87,67.89,107.92236208
2022-12-30 23:51:00,67.85,67.89,67.89,67.85,30.11532844
2022-12-30 23:50:00,67.88,67.91,67.89,67.89,45.53280265
2022-12-30 23:49:00,67.87,67.89,67.88,67.89,14.12845598
2022-12-30 23:48:00,67.88,67.92,67.9,67.88,22.57152946
2022-12-30 23:47:00,67.89,67.93,67.93,67.9,27.41972101
2022-12-30 23:46:00,67.94,67.97,67.97,67.94,58.17438962
2022-12-30 23:45:00,67.94,68.03,68.0,67.95,41.78149277
2022-12-30 23:44:00,67.97,68.03,67.98,68.03,63.96671512
2022-12-30 23:43:00,67.93,67.99,67.94,67.96,68.9693759
2022-12-30 23:42:00,67.92,67.94,67.94,67.94,21.62606682
2022-12-30 23:41:00,67.92,67.96,67.94,67.94,73.45077556
2022-12-30 23:40:00,67.94,67.97,67.94,67.96,16.92989562
2022-12-30 23:39:00,67.93,67.99,67.97,67.93,86.52577048
2022-12-30 23:38:00,67.95,68.01,67.99,67.98,48.68460352
2022-12-30 23:37:00,67.92,68.0,67.94,67.99,187.35197436
2022-12-30 23:36:00,67.9,67.96,67.91,67.96,102.09963587
2022-12-30 23:35:00,67.91,67.99,67.96,67.93,74.87806984
2022-12-30 23:34:00,67.96,67.99,67.97,67.99,40.82028524
2022-12-30 23:33:00,67.9,67.94,67.94,67.94,111.26640735
2022-12-30 23:32:00,67.9,67.95,67.95,67.94,37.74547406
2022-12-30 23:31:00,67.91,67.97,67.97,67.94,231.23666542
2022-12-30 23:30:00,67.97,68.01,68.0,67.99,10.88228707
2022-12-30 23:29:00,67.93,67.98,67.96,67.98,116.48117032
2022-12-30 23:28:00,67.94,67.96,67.94,67.96,17.07927696
2022-12-30 23:27:00,67.94,68.01,68.01,67.94,90.94255017
2022-12-30 23:26:00,67.97,68.01,68.01,68.01,8.24185153
2022-12-30 23:25:00,67.89,68.01,67.89,68.01,30.25721043
2022-12-30 23:24:00,67.89,67.93,67.93,67.89,12.39295858
2022-12-30 23:23:00,67.91,68.0,68.0,67.91,107.16798946
2022-12-31 09:23:00,67.95,67.98,67.98,67.96,42.00690852
2022-12-31 09:22:00,67.97,67.99,67.99,67.99,14.55751884
2022-12-31 09:21:00,67.99,68.03,68.03,67.99,43.65635108
2022-12-31 09:20:00,67.99,68.01,68.0,68.01,24.56568949
2022-12-31 09:19:00,67.99,68.0,67.99,68.0,9.1252631
2022-12-31 09:18:00,68.0,68.02,68.02,68.0,38.66067452
2022-12-31 09:17:00,68.0,68.02,68.0,68.02,4.50532616
2022-12-31 09:16:00,68.02,68.04,68.02,68.04,2.6467273
2022-12-31 09:15:00,68.02,68.04,68.03,68.04,29.23071903
2022-12-31 09:14:00,68.01,68.03,68.01,68.03,15.74614595
2022-12-31 09:13:00,68.0,68.04,68.04,68.03,4.45818999
2022-12-31 09:12:00,68.04,68.05,68.05,68.04,0.56462752
2022-12-31 09:11:00,68.04,68.05,68.04,68.05,47.62360276
2022-12-31 09:10:00,68.02,68.05,68.04,68.04,10.4807639
2022-12-31 09:09:00,68.0,68.05,68.0,68.05,17.66963535
2022-12-31 09:08:00,67.98,68.01,67.99,68.01,25.70040853
2022-12-31 09:07:00,67.99,68.01,68.01,68.0,12.18737853
2022-12-31 09:06:00,67.97,68.01,67.97,67.99,43.18241804
2022-12-31 09:05:00,67.96,67.99,67.96,67.98,30.82827215
2022-12-31 09:04:00,67.96,67.99,67.99,67.97,6.56835945
2022-12-31 09:03:00,67.98,68.0,68.0,67.99,8.389958
2022-12-31 09:02:00,67.99,68.0,68.0,68.0,9.40801379
2022-12-31 09:01:00,67.98,68.04,68.04,67.98,70.4388235
2022-12-31 09:00:00,68.05,68.06,68.06,68.06,3.36020524
2022-12-31 08:59:00,68.04,68.05,68.05,68.04,7.5143286
2022-12-31 08:58:00,68.0,68.03,68.01,68.03,60.28764852
2022-12-31 08:57:00,68.0,68.04,68.04,68.01,4.26472325
2022-12-31 08:56:00,68.01,68.05,68.01,68.05,3.10599364
2022-12-31 08:55:00,67.97,68.01,67.97,68.0,62.98708262
2022-12-31 08:54:00,67.96,68.0,67.98,68.0,12.92791579
2022-12-31 08:53:00,67.96,67.98,67.98,67.96,79.04641732
2022-12-31 08:52:00,67.99,68.03,68.03,67.99,58.00588581
2022-12-31 08:51:00,68.02,68.04,68.04,68.04,10.9456815
2022-12-31 08:50:00,68.02,68.04,68.02,68.04,67.04876448
2022-12-31 08:49:00,68.01,68.05,68.05,68.02,163.78257137
2022-12-31 08:48:00,68.06,68.09,68.06,68.06,50.07791306
2022-12-31 08:47:00,68.04,68.09,68.08,68.05,71.75695649
2022-12-31 08:46:00,68.04,68.09,68.05,68.07,20.66552734
2022-12-31 08:45:00,68.04,68.06,68.05,68.05,16.76294082
2022-12-31 08:44:00,68.02,68.05,68.05,68.04,19.48771422
2022-12-31 08:43:00,68.03,68.07,68.07,68.05,2.33813532
2022-12-31 08:42:00,68.02,68.06,68.03,68.06,63.3203148
2022-12-31 08:41:00,68.0,68.09,68.09,68.03,31.31579211
2022-12-31 08:40:00,68.04,68.09,68.04,68.08,10.25331536
2022-12-31 08:39:00,68.04,68.1,68.08,68.07,54.06182431
2022-12-31 08:38:00,68.0,68.09,68.01,68.09,91.80670123
2022-12-31 08:37:00,67.97,68.02,67.97,68.01,17.592428
2022-12-31 08:36:00,67.96,67.98,67.96,67.98,10.68122147
2022-12-31 08:35:00,67.94,67.97,67.95,67.95,88.36447555
2022-12-31 08:34:00,67.93,67.96,67.96,67.94,130.95328837
2022-12-31 08:33:00,67.92,67.97,67.97,67.94,10.58828902
2022-12-31 08:32:00,67.91,67.96,67.93,67.96,75.79963257
2022-12-31 08:31:00,67.9,67.93,67.92,67.93,253.07265002
2022-12-31 08:30:00,67.91,67.94,67.92,67.91,19.76603075
2022-12-31 08:29:00,67.9,67.93,67.92,67.93,43.61748061
2022-12-31 08:28:00,67.9,67.92,67.92,67.92,4.84121067
2022-12-31 08:27:00,67.9,67.94,67.94,67.9,12.67955395
2022-12-31 08:26:00,67.92,67.99,67.98,67.94,47.47453709
2022-12-31 08:25:00,67.98,68.06,67.98,67.98,733.79074169
2022-12-31 08:24:00,67.96,67.98,67.98,67.96,31.71944884
2022-12-31 08:23:00,67.96,67.98,67.96,67.98,13.04339417
2022-12-31 08:22:00,67.94,67.97,67.94,67.97,48.11339257
2022-12-31 08:21:00,67.92,67.97,67.96,67.94,48.49640494
2022-12-31 08:20:00,67.92,67.96,67.92,67.96,6.13317307
2022-12-31 08:19:00,67.92,67.95,67.94,67.92,22.0804631
2022-12-31 08:18:00,67.92,67.95,67.92,67.94,25.96058905
2022-12-31 08:17:00,67.88,67.94,67.91,67.94,154.34420327
2022-12-31 08:16:00,67.91,67.95,67.95,67.91,10.71353837
2022-12-31 08:15:00,67.93,67.96,67.95,67.96,44.07608731
2022-12-31 08:14:00,67.94,67.98,67.98,67.94,20.40110339
2022-12-31 08:13:00,67.95,67.98,67.95,67.98,44.64343485
2022-12-31 08:12:00,67.93,67.96,67.93,67.93,116.45373713
2022-12-31 08:11:00,67.91,67.94,67.94,67.92,64.52945966
2022-12-31 08:10:00,67.91,67.96,67.96,67.91,43.67036002
2022-12-31 08:09:00,67.95,67.98,67.98,67.95,33.44958851
2022-12-31 08:08:00,67.95,67.98,67.97,67.98,177.79735689
2022-12-31 08:07:00,67.97,68.02,67.98,67.97,170.59991637
2022-12-31 08:06:00,67.96,67.98,67.98,67.96,73.66536545
2022-12-31 08:05:00,67.98,68.0,67.99,68.0,18.79732046
2022-12-31 08:04:00,67.99,68.02,68.02,68.0,20.87662325
2022-12-31 08:03:00,68.0,68.03,68.0,68.02,60.22162249
2022-12-31 08:02:00,67.98,68.02,67.99,68.02,25.40879778
2022-12-31 08:01:00,67.98,68.02,68.01,67.99,45.02167296
2022-12-31 08:00:00,67.96,68.05,67.97,68.03,462.05551686
2022-12-31 07:59:00,67.94,67.96,67.96,67.96,16.19023452
2022-12-31 07:58:00,67.92,67.96,67.92,67.96,42.79942544
2022-12-31 07:57:00,67.93,67.95,67.95,67.94,41.96526101
2022-12-31 07:56:00,67.92,67.94,67.94,67.93,47.59793024
2022-12-31 07:55:00,67.9,67.94,67.9,67.94,60.12110838
2022-12-31 07:54:00,67.92,67.94,67.92,67.92,12.39202945
2022-12-31 07:53:00,67.89,67.92,67.89,67.91,55.72717448
2022-12-31 07:52:00,67.85,67.89,67.86,67.89,19.54410653
2022-12-31 07:51:00,67.85,67.87,67.86,67.86,8.31398284
2022-12-31 07:50:00,67.83,67.87,67.84,67.87,21.32829938
2022-12-31 07:49:00,67.85,67.86,67.86,67.85,3.25874817
2022-12-31 07:48:00,67.85,67.88,67.88,67.86,10.86140716
2022-12-31 07:47:00,67.87,67.88,67.87,67.87,10.40562124
2022-12-31 07:46:00,67.84,67.85,67.85,67.84,7.82304571
2022-12-31 07:45:00,67.84,67.92,67.92,67.84,63.80375232
2022-12-31 07:44:00,67.88,67.92,67.89,67.92,19.77836278
2022-12-31 07:43:00,67.85,67.89,67.85,67.88,38.320226
2022-12-31 07:42:00,67.78,67.84,67.78,67.83,91.53195163
2022-12-31 07:41:00,67.78,67.8,67.78,67.8,11.11033903
2022-12-31 07:40:00,67.76,67.83,67.83,67.8,92.62581344
2022-12-31 07:39:00,67.8,67.86,67.83,67.82,161.38071455
2022-12-31 07:38:00,67.81,67.87,67.82,67.81,241.42341886
2022-12-31 07:37:00,67.76,67.88,67.78,67.81,871.87252422
2022-12-31 07:36:00,67.74,67.77,67.75,67.77,23.67650166
2022-12-31 07:35:00,67.7,67.75,67.74,67.73,171.25845561
2022-12-31 07:34:00,67.74,67.77,67.76,67.74,61.44706785
2022-12-31 07:33:00,67.76,67.79,67.78,67.76,14.89965477
2022-12-31 07:32:00,67.75,67.79,67.76,67.77,46.45009587
2022-12-31 07:31:00,67.73,67.76,67.73,67.76,6.10859423
2022-12-31 07:30:00,67.67,67.73,67.68,67.72,73.84666489
2022-12-31 07:29:00,67.68,67.69,67.69,67.69,19.96451163
2022-12-31 07:28:00,67.67,67.68,67.68,67.68,45.56272206
2022-12-31 07:27:00,67.67,67.69,67.69,67.67,27.95226162
2022-12-31 07:26:00,67.69,67.71,67.71,67.71,59.1073382
2022-12-31 07:25:00,67.7,67.72,67.71,67.71,12.42676651
2022-12-31 07:24:00,67.71,67.76,67.75,67.71,63.03047879
2022-12-31 07:23:00,67.75,67.75,67.75,67.75,5.60247735
2022-12-31 07:22:00,67.74,67.75,67.75,67.74,3.33383552
2022-12-31 07:21:00,67.75,67.76,67.76,67.76,26.11944284
2022-12-31 07:20:00,67.7,67.76,67.74,67.76,238.13295971
2022-12-31 07:19:00,67.72,67.74,67.74,67.72,10.52806167
2022-12-31 07:18:00,67.72,67.77,67.77,67.74,170.20380587
2022-12-31 07:17:00,67.72,67.77,67.74,67.77,103.82402917
2022-12-31 07:16:00,67.74,67.74,67.74,67.74,2.03446896
2022-12-31 07:15:00,67.71,67.73,67.73,67.73,19.11170032
2022-12-31 07:14:00,67.71,67.73,67.71,67.71,14.07850414
2022-12-31 07:13:00,67.68,67.71,67.71,67.71,24.09201089
2022-12-31 07:12:00,67.71,67.72,67.72,67.71,21.96541938
2022-12-31 07:11:00,67.71,67.74,67.73,67.73,39.25317547
2022-12-31 07:10:00,67.74,67.83,67.82,67.74,186.43341352
2022-12-31 07:09:00,67.78,67.83,67.79,67.83,96.118061
2022-12-31 07:08:00,67.77,67.79,67.77,67.77,13.73872478
2022-12-31 07:07:00,67.77,67.79,67.78,67.78,42.00823188
2022-12-31 07:06:00,67.78,67.8,67.78,67.79,66.00627805
2022-12-31 07:05:00,67.77,67.82,67.8,67.77,45.87325753
2022-12-31 07:04:00,67.8,67.84,67.82,67.81,66.02568611
2022-12-31 07:03:00,67.78,67.8,67.78,67.8,27.71115244
2022-12-31 07:02:00,67.77,67.79,67.78,67.78,9.38152577
2022-12-31 07:01:00,67.78,67.79,67.78,67.78,15.66996005
2022-12-31 07:00:00,67.77,67.78,67.78,67.78,5.43974566
2022-12-31 06:59:00,67.76,67.79,67.79,67.78,14.03292504
2022-12-31 06:58:00,67.74,67.77,67.76,67.77,38.09231984
2022-12-31 06:57:00,67.74,67.77,67.75,67.76,69.83590204
2022-12-31 06:56:00,67.72,67.75,67.75,67.72,15.27392315
2022-12-31 06:55:00,67.71,67.75,67.72,67.75,80.14369606
2022-12-31 06:54:00,67.67,67.72,67.69,67.72,28.268645
2022-12-31 06:53:00,67.67,67.69,67.67,67.68,33.49944945
2022-12-31 06:52:00,67.67,67.7,67.7,67.69,113.00507666
2022-12-31 06:51:00,67.69,67.73,67.71,67.72,29.38181574
2022-12-31 06:50:00,67.69,67.74,67.69,67.71,88.8781551
2022-12-31 06:49:00,67.69,67.72,67.72,67.69,31.3064082
2022-12-31 06:48:00,67.7,67.72,67.71,67.72,2.84390834
2022-12-31 06:47:00,67.72,67.74,67.74,67.73,33.17006479
2022-12-31 06:46:00,67.72,67.76,67.75,67.75,81.10977787
2022-12-31 06:45:00,67.74,67.79,67.79,67.76,14.69867402
2022-12-31 06:44:00,67.77,67.8,67.79,67.79,19.5552821
2022-12-31 06:43:00,67.78,67.8,67.8,67.78,10.49473241
2022-12-31 06:42:00,67.78,67.81,67.81,67.8,23.10140967
2022-12-31 06:41:00,67.78,67.81,67.81,67.78,4.43978171
2022-12-31 06:40:00,67.76,67.8,67.77,67.8,22.70551992
2022-12-31 06:39:00,67.77,67.8,67.78,67.77,30.65615091
2022-12-31 06:38:00,67.76,67.79,67.76,67.79,5.68348341
2022-12-31 06:37:00,67.76,67.79,67.79,67.76,13.80361594
2022-12-31 06:36:00,67.76,67.78,67.78,67.78,18.41614113
2022-12-31 06:35:00,67.77,67.8,67.8,67.77,26.660394
2022-12-31 06:34:00,67.77,67.81,67.81,67.79,51.50162423
2022-12-31 06:33:00,67.8,67.81,67.81,67.81,15.48053664
2022-12-31 06:32:00,67.79,67.81,67.8,67.81,14.44940095
2022-12-31 06:31:00,67.76,67.8,67.77,67.8,35.43262898
2022-12-31 06:30:00,67.74,67.77,67.76,67.75,53.92174138
2022-12-31 06:29:00,67.73,67.76,67.76,67.75,67.99435991
2022-12-31 06:28:00,67.73,67.76,67.73,67.76,17.44457944
2022-12-31 06:27:00,67.73,67.76,67.73,67.75,11.43322712
2022-12-31 06:26:00,67.73,67.76,67.73,67.73,51.1367495
2022-12-31 06:25:00,67.74,67.76,67.75,67.76,94.26719819
2022-12-31 06:24:00,67.75,67.82,67.82,67.75,51.28145663
2022-12-31 06:23:00,67.8,67.83,67.82,67.81,17.36909939
2022-12-31 06:22:00,67.79,67.83,67.81,67.83,62.42230421
2022-12-31 06:21:00,67.77,67.8,67.79,67.8,112.09562763
2022-12-31 06:20:00,67.75,67.77,67.77,67.77,38.25432593
2022-12-31 06:19:00,67.73,67.77,67.76,67.77,122.62794627
2022-12-31 06:18:00,67.76,67.8,67.79,67.78,108.08450819
2022-12-31 06:17:00,67.79,67.83,67.82,67.8,28.21863645
2022-12-31 06:16:00,67.81,67.84,67.84,67.81,7.35795815
2022-12-31 06:15:00,67.81,67.84,67.82,67.83,142.34242416
2022-12-31 06:14:00,67.81,67.83,67.82,67.83,116.95559498
2022-12-31 06:13:00,67.8,67.83,67.83,67.82,39.9459493
2022-12-31 06:12:00,67.81,67.84,67.81,67.83,26.89765735
2022-12-31 06:11:00,67.8,67.88,67.88,67.8,22.20141778
2022-12-31 06:10:00,67.87,67.89,67.88,67.87,74.15118665
2022-12-31 06:09:00,67.87,67.9,67.89,67.88,513.18225648
2022-12-31 06:08:00,67.87,67.9,67.9,67.9,34.13225225
2022-12-31 06:07:00,67.88,67.9,67.9,67.9,12.26355644
2022-12-31 06:06:00,67.87,67.91,67.9,67.9,164.24369772
2022-12-31 06:05:00,67.86,67.91,67.86,67.91,18.32632391
2022-12-31 06:04:00,67.86,67.89,67.87,67.88,55.22138669
2022-12-31 06:03:00,67.86,67.89,67.88,67.88,81.26304913
2022-12-31 06:02:00,67.86,67.89,67.88,67.88,11.18467751
2022-12-31 06:01:00,67.85,67.88,67.85,67.88,37.0774192
2022-12-31 06:00:00,67.81,67.86,67.86,67.84,75.95128581
2022-12-31 05:59:00,67.85,67.87,67.85,67.86,7.14808758
2022-12-31 05:58:00,67.78,67.86,67.82,67.86,185.36424274
2022-12-31 05:57:00,67.81,67.84,67.84,67.81,29.46171928
2022-12-31 05:56:00,67.82,67.84,67.83,67.84,8.10924412
2022-12-31 05:55:00,67.81,67.84,67.83,67.84,12.08630655
2022-12-31 05:54:00,67.8,67.83,67.82,67.82,43.88868764
2022-12-31 05:53:00,67.83,67.85,67.85,67.85,45.44575378
2022-12-31 05:52:00,67.83,67.85,67.83,67.85,13.71627505
2022-12-31 05:51:00,67.83,67.85,67.84,67.83,21.76910974
2022-12-31 05:50:00,67.83,67.86,67.83,67.84,52.03159183
2022-12-31 05:49:00,67.82,67.86,67.85,67.83,69.97081965
2022-12-31 05:48:00,67.86,67.92,67.92,67.86,6.89937851
2022-12-31 05:47:00,67.9,67.93,67.93,67.92,27.85349024
2022-12-31 05:46:00,67.91,67.93,67.92,67.93,13.0474655
2022-12-31 05:45:00,67.9,67.92,67.92,67.9,31.18689681
2022-12-31 05:44:00,67.9,67.93,67.91,67.93,42.50535617
2022-12-31 05:43:00,67.91,67.92,67.91,67.91,43.28764074
2022-12-31 05:42:00,67.9,67.92,67.91,67.91,8.63021661
2022-12-31 05:41:00,67.9,67.92,67.92,67.9,14.6697582
2022-12-31 05:40:00,67.9,67.92,67.9,67.92,24.01341949
2022-12-31 05:39:00,67.9,67.94,67.92,67.92,23.23228119
2022-12-31 05:38:00,67.9,67.93,67.91,67.9,12.09164171
2022-12-31 05:37:00,67.9,67.97,67.97,67.9,45.30657621
2022-12-31 05:36:00,67.96,67.99,67.98,67.97,14.34714098
2022-12-31 05:35:00,67.96,67.98,67.98,67.97,83.84720099
2022-12-31 05:34:00,67.96,67.98,67.98,67.98,35.08529205
2022-12-31 05:33:00,67.96,68.02,68.0,67.96,40.59000462
2022-12-31 05:32:00,67.97,68.0,67.99,67.97,9.69235715
2022-12-31 05:31:00,67.95,68.02,67.99,67.96,9.40381857
2022-12-31 05:30:00,67.99,68.01,68.01,68.01,11.72926318
2022-12-31 05:29:00,67.96,68.01,68.01,67.96,66.21519131
2022-12-31 05:28:00,68.0,68.03,68.02,68.01,22.24487087
2022-12-31 05:27:00,68.01,68.03,68.02,68.01,20.55784082
2022-12-31 05:26:00,67.99,68.02,68.01,68.01,47.40820829
2022-12-31 05:25:00,67.94,68.02,67.94,68.01,331.2447065
2022-12-31 05:24:00,67.96,67.96,67.96,67.96,5.18309984
2022-12-31 05:23:00,67.94,67.97,67.97,67.94,17.83073279
2022-12-31 05:22:00,67.96,67.98,67.98,67.97,194.8305618
2022-12-31 05:21:00,67.95,67.98,67.95,67.98,39.84475588
2022-12-31 05:20:00,67.91,67.97,67.93,67.97,186.61700952
2022-12-31 05:19:00,67.87,67.94,67.91,67.93,102.53997199
2022-12-31 05:18:00,67.92,67.96,67.96,67.93,49.59179681
2022-12-31 05:17:00,67.93,67.96,67.95,67.96,22.50454687
2022-12-31 05:16:00,67.93,67.96,67.95,67.95,3.88111674
2022-12-31 05:15:00,67.93,67.96,67.96,67.95,47.66309
2022-12-31 05:14:00,67.94,67.96,67.95,67.94,30.12523419
2022-12-31 05:13:00,67.95,67.96,67.95,67.96,6.89046389
2022-12-31 05:12:00,67.94,67.96,67.96,67.96,5.5607571
2022-12-31 05:11:00,67.94,67.97,67.95,67.94,91.49564278
2022-12-31 05:10:00,67.93,67.96,67.93,67.96,17.67209567
2022-12-31 05:09:00,67.94,67.96,67.96,67.95,4.43224223
2022-12-31 05:08:00,67.92,67.96,67.94,67.96,39.52809694
2022-12-31 05:07:00,67.94,67.96,67.94,67.96,97.44744716
2022-12-31 05:06:00,67.91,67.95,67.92,67.95,35.50198104
2022-12-31 05:05:00,67.91,67.92,67.91,67.92,80.89995828
2022-12-31 05:04:00,67.89,67.91,67.89,67.89,25.85647319
2022-12-31 05:03:00,67.84,67.89,67.85,67.89,28.96594895
2022-12-31 05:02:00,67.83,67.85,67.85,67.83,68.05120937
2022-12-31 05:01:00,67.83,67.87,67.84,67.84,108.53750993
2022-12-31 05:00:00,67.82,67.84,67.84,67.84,66.2195824
2022-12-31 04:59:00,67.8,67.83,67.81,67.83,57.15406041
2022-12-31 04:58:00,67.82,67.85,67.85,67.82,90.94120403
2022-12-31 04:57:00,67.83,67.85,67.85,67.85,19.66769027
2022-12-31 04:56:00,67.83,67.85,67.85,67.85,32.91998053
2022-12-31 04:55:00,67.82,67.84,67.82,67.84,89.46123489
2022-12-31 04:54:00,67.81,67.83,67.83,67.82,14.21732124
2022-12-31 04:53:00,67.81,67.83,67.83,67.83,24.74117768
2022-12-31 04:52:00,67.8,67.82,67.8,67.8,75.91324448
2022-12-31 04:51:00,67.79,67.86,67.86,67.8,456.60313572
2022-12-31 04:50:00,67.81,67.87,67.83,67.86,51.10669504
2022-12-31 04:49:00,67.81,67.83,67.83,67.83,8.54671204
2022-12-31 04:48:00,67.81,67.83,67.83,67.81,8.75273736
2022-12-31 04:47:00,67.83,67.84,67.84,67.83,13.58197257
2022-12-31 04:46:00,67.8,67.84,67.81,67.83,84.75247764
2022-12-31 04:45:00,67.79,67.81,67.81,67.81,28.53687547
2022-12-31 04:44:00,67.78,67.82,67.81,67.81,72.82905968
2022-12-31 04:43:00,67.77,67.82,67.78,67.81,70.54514256
2022-12-31 04:42:00,67.76,67.82,67.82,67.78,188.81643736
2022-12-31 04:41:00,67.8,67.84,67.84,67.8,44.50052651
2022-12-31 04:40:00,67.82,67.84,67.84,67.84,19.74530143
2022-12-31 04:39:00,67.78,67.84,67.78,67.84,22.75966895
2022-12-31 04:38:00,67.78,67.81,67.81,67.8,48.78937799
2022-12-31 04:37:00,67.79,67.81,67.81,67.81,40.71522793
2022-12-31 04:36:00,67.75,67.8,67.78,67.8,89.92153439
2022-12-31 04:35:00,67.78,67.82,67.78,67.78,78.92396651
2022-12-31 04:34:00,67.78,67.84,67.83,67.8,72.82256021
2022-12-31 04:33:00,67.81,67.84,67.81,67.84,27.61459507
2022-12-31 04:32:00,67.78,67.81,67.8,67.81,32.02695453
2022-12-31 04:31:00,67.78,67.85,67.81,67.78,210.71581007
2022-12-31 04:30:00,67.82,67.84,67.83,67.83,7.86026055
2022-12-31 04:29:00,67.79,67.83,67.79,67.81,135.28268773
2022-12-31 04:28:00,67.78,67.83,67.82,67.82,422.22765645
2022-12-31 04:27:00,67.78,67.82,67.79,67.82,249.84263015
2022-12-31 04:26:00,67.72,67.78,67.78,67.78,122.98458376
2022-12-31 04:25:00,67.76,67.82,67.79,67.78,46.06066823
2022-12-31 04:24:00,67.79,67.84,67.84,67.79,42.03820306
2022-12-31 04:23:00,67.81,67.84,67.83,67.84,52.70130302
2022-12-31 14:23:00,70.5,70.61,70.6,70.5,323.07557671
2022-12-31 14:22:00,70.53,70.65,70.65,70.62,455.58103256
2022-12-31 14:21:00,70.56,70.67,70.56,70.66,341.7396631
2022-12-31 14:20:00,70.47,70.58,70.48,70.56,460.65930552
2022-12-31 14:19:00,70.43,70.49,70.47,70.48,196.33454791
2022-12-31 14:18:00,70.44,70.52,70.49,70.47,220.79837071
2022-12-31 14:17:00,70.49,70.66,70.65,70.5,431.96644086
2022-12-31 14:16:00,70.63,70.68,70.66,70.66,88.02885813
2022-12-31 14:15:00,70.64,70.71,70.65,70.64,23.64788504
2022-12-31 14:14:00,70.59,70.68,70.61,70.66,331.07432294
2022-12-31 14:13:00,70.61,70.73,70.69,70.63,175.98658072
2022-12-31 14:12:00,70.64,70.74,70.72,70.65,110.66322419
2022-12-31 14:11:00,70.69,70.83,70.71,70.75,282.14571634
2022-12-31 14:10:00,70.65,70.71,70.67,70.69,65.42201446
2022-12-31 14:09:00,70.52,70.67,70.61,70.67,258.17516898
2022-12-31 14:08:00,70.48,70.64,70.54,70.6,426.86925377
2022-12-31 14:07:00,70.54,70.71,70.71,70.58,267.23956843
2022-12-31 14:06:00,70.67,70.72,70.69,70.72,44.01248249
2022-12-31 14:05:00,70.64,70.74,70.68,70.69,642.99967547
2022-12-31 14:04:00,70.66,70.75,70.75,70.66,113.61982545
2022-12-31 14:03:00,70.71,70.83,70.83,70.75,190.97192847
2022-12-31 14:02:00,70.82,70.98,70.92,70.85,194.69414931
2022-12-31 14:01:00,70.82,70.97,70.9,70.92,539.4456853
2022-12-31 14:00:00,70.72,70.89,70.72,70.88,1270.32225338
2022-12-31 13:59:00,70.73,70.8,70.8,70.73,108.69640424
2022-12-31 13:58:00,70.75,70.9,70.87,70.8,524.07106893
2022-12-31 13:57:00,70.83,70.96,70.86,70.93,159.7212839
2022-12-31 13:56:00,70.71,70.94,70.72,70.9,835.15410153
2022-12-31 13:55:00,70.67,70.78,70.68,70.74,320.598859
2022-12-31 13:54:00,70.63,70.76,70.73,70.69,144.11176216
2022-12-31 13:53:00,70.71,71.0,71.0,70.76,2050.50428887
2022-12-31 13:52:00,70.81,71.0,70.85,70.99,695.85550387
2022-12-31 13:51:00,70.78,70.97,70.92,70.92,754.66079335
2022-12-31 13:50:00,70.83,71.0,70.94,70.94,545.26668424
2022-12-31 13:49:00,70.72,71.0,70.76,70.89,2662.39470479
2022-12-31 13:48:00,70.44,70.77,70.55,70.75,1596.71375596
2022-12-31 13:47:00,70.25,70.55,70.25,70.48,804.66575032
2022-12-31 13:46:00,70.18,70.28,70.21,70.25,733.63048701
2022-12-31 13:45:00,70.22,70.34,70.29,70.25,351.725349
2022-12-31 13:44:00,70.13,70.39,70.33,70.28,718.83552499
2022-12-31 13:43:00,69.97,70.31,69.98,70.31,671.82791623
2022-12-31 13:42:00,69.92,70.02,70.02,69.97,231.30354612
2022-12-31 13:41:00,69.93,70.08,70.07,70.06,491.30374195
2022-12-31 13:40:00,70.08,70.28,70.23,70.09,656.94203323
2022-12-31 13:39:00,69.94,70.2,69.95,70.2,494.64986138
2022-12-31 13:38:00,69.91,69.98,69.96,69.96,220.01232061
2022-12-31 13:37:00,69.77,69.98,69.9,69.98,745.62480709
2022-12-31 13:36:00,69.91,70.05,69.95,69.91,403.64058029
2022-12-31 13:35:00,69.87,70.02,69.93,69.97,1444.94035331
2022-12-31 13:34:00,69.82,70.06,69.95,69.93,1114.89518413
2022-12-31 13:33:00,69.53,69.95,69.55,69.94,1201.94455985
2022-12-31 13:32:00,69.48,69.54,69.52,69.51,1565.09019561
2022-12-31 13:31:00,69.16,69.76,69.24,69.49,3124.66341056
2022-12-31 13:30:00,69.02,69.26,69.02,69.25,2006.50567445
2022-12-31 13:29:00,68.95,69.05,69.0,69.04,183.12063802
2022-12-31 13:28:00,69.02,69.1,69.09,69.02,152.08841148
2022-12-31 13:27:00,69.02,69.13,69.03,69.08,376.96028858
2022-12-31 13:26:00,68.91,69.03,68.97,69.03,246.88968608
2022-12-31 13:25:00,68.86,69.03,69.0,68.99,1148.91018049
2022-12-31 13:24:00,68.65,68.99,68.65,68.98,1527.28611824
2022-12-31 13:23:00,68.54,68.67,68.56,68.67,133.97693809
2022-12-31 13:22:00,68.5,68.54,68.53,68.52,55.24534399
2022-12-31 13:21:00,68.49,68.53,68.51,68.53,44.62248095
2022-12-31 13:20:00,68.51,68.55,68.55,68.53,119.93597249
2022-12-31 13:19:00,68.53,68.58,68.54,68.53,39.34807726
2022-12-31 13:18:00,68.55,68.58,68.58,68.56,15.03276547
2022-12-31 13:17:00,68.57,68.62,68.62,68.57,42.96115783
2022-12-31 13:16:00,68.6,68.66,68.6,68.6,30.87410324
2022-12-31 13:15:00,68.56,68.59,68.57,68.59,145.87631693
2022-12-31 13:14:00,68.56,68.74,68.61,68.58,825.86800941
2022-12-31 13:13:00,68.54,68.62,68.54,68.62,106.51279759
2022-12-31 13:12:00,68.53,68.55,68.54,68.55,15.84230102
2022-12-31 13:11:00,68.53,68.54,68.53,68.53,3.19384149
2022-12-31 13:10:00,68.54,68.58,68.57,68.54,20.09109593
2022-12-31 13:09:00,68.54,68.57,68.57,68.56,34.69122251
2022-12-31 13:08:00,68.51,68.57,68.53,68.56,70.6989819
2022-12-31 13:07:00,68.52,68.54,68.54,68.53,29.76393534
2022-12-31 13:06:00,68.48,68.54,68.5,68.53,61.88815812
2022-12-31 13:05:00,68.47,68.49,68.48,68.49,12.10109664
2022-12-31 13:04:00,68.46,68.51,68.49,68.48,22.81439321
2022-12-31 13:03:00,68.48,68.51,68.5,68.49,9.48992725
2022-12-31 13:02:00,68.46,68.5,68.48,68.5,22.64912246
2022-12-31 13:01:00,68.48,68.52,68.52,68.48,23.57251955
2022-12-31 13:00:00,68.54,68.55,68.54,68.54,20.61360023
2022-12-31 12:59:00,68.49,68.51,68.51,68.51,10.38460664
2022-12-31 12:58:00,68.47,68.5,68.5,68.5,17.41034016
2022-12-31 12:57:00,68.49,68.54,68.53,68.5,69.19510615
2022-12-31 12:56:00,68.5,68.57,68.52,68.55,545.56099874
2022-12-31 12:55:00,68.47,68.52,68.47,68.52,21.89017072
2022-12-31 12:54:00,68.46,68.49,68.47,68.49,3.93337145
2022-12-31 12:53:00,68.45,68.52,68.48,68.45,138.97351161
2022-12-31 12:52:00,68.47,68.53,68.52,68.47,21.33955839
2022-12-31 12:51:00,68.48,68.54,68.54,68.5,13.52846811
2022-12-31 12:50:00,68.48,68.56,68.48,68.54,14.97325194
2022-12-31 12:49:00,68.48,68.51,68.5,68.48,121.08448572
2022-12-31 12:48:00,68.5,68.53,68.53,68.5,0.78528111
2022-12-31 12:47:00,68.5,68.53,68.52,68.5,66.4272348
2022-12-31 12:46:00,68.48,68.52,68.49,68.51,121.44579524
2022-12-31 12:45:00,68.31,68.48,68.34,68.46,881.87448921
2022-12-31 12:44:00,68.31,68.36,68.34,68.36,68.51395339
2022-12-31 12:43:00,68.34,68.37,68.35,68.35,1.76507115
2022-12-31 12:42:00,68.35,68.39,68.39,68.37,5.62080574
2022-12-31 12:41:00,68.34,68.41,68.41,68.35,78.51807505
2022-12-31 12:40:00,68.4,68.42,68.42,68.41,9.60542293
2022-12-31 12:39:00,68.4,68.44,68.43,68.4,29.29857892
2022-12-31 12:38:00,68.41,68.48,68.41,68.43,188.35244101
2022-12-31 12:37:00,68.38,68.44,68.44,68.41,92.21008266
2022-12-31 12:36:00,68.43,68.48,68.48,68.43,52.61769801
2022-12-31 12:35:00,68.42,68.47,68.45,68.47,117.0167613
2022-12-31 12:34:00,68.43,68.49,68.46,68.46,249.81815103
2022-12-31 12:33:00,68.45,68.51,68.5,68.47,234.54344688
2022-12-31 12:32:00,68.47,68.52,68.47,68.51,201.19254978
2022-12-31 12:31:00,68.24,68.51,68.24,68.46,1377.81262405
2022-12-31 12:30:00,68.18,68.52,68.51,68.23,8543.5668569
2022-12-31 12:29:00,68.5,68.53,68.5,68.51,24.51789802
2022-12-31 12:28:00,68.39,68.51,68.43,68.51,534.20962548
2022-12-31 12:27:00,68.42,68.45,68.43,68.43,21.50359509
2022-12-31 12:26:00,68.43,68.46,68.43,68.43,70.97764915
2022-12-31 12:25:00,68.44,68.48,68.46,68.44,92.35116518
2022-12-31 12:24:00,68.46,68.49,68.48,68.48,2.69042072
2022-12-31 12:23:00,68.47,68.52,68.51,68.48,56.04313089
2022-12-31 12:22:00,68.49,68.52,68.5,68.5,59.30642932
2022-12-31 12:21:00,68.47,68.5,68.5,68.49,17.14730323
2022-12-31 12:20:00,68.47,68.5,68.47,68.48,8.21795344
2022-12-31 12:19:00,68.46,68.5,68.49,68.49,16.46394572
2022-12-31 12:18:00,68.5,68.5,68.5,68.5,14.07366321
2022-12-31 12:17:00,68.48,68.5,68.5,68.5,6.42253865
2022-12-31 12:16:00,68.51,68.56,68.56,68.51,75.39686629
2022-12-31 12:15:00,68.54,68.58,68.57,68.54,6.10164438
2022-12-31 12:14:00,68.51,68.58,68.55,68.58,44.73358291
2022-12-31 12:13:00,68.51,68.56,68.51,68.54,10.06239159
2022-12-31 12:12:00,68.45,68.51,68.49,68.51,44.94001644
2022-12-31 12:11:00,68.47,68.51,68.49,68.48,19.5724968
2022-12-31 12:10:00,68.46,68.49,68.48,68.49,5.57499461
2022-12-31 12:09:00,68.48,68.52,68.5,68.49,141.24220591
2022-12-31 12:08:00,68.48,68.54,68.54,68.51,6.65018393
2022-12-31 12:07:00,68.48,68.57,68.51,68.53,287.56854174
2022-12-31 12:06:00,68.48,68.52,68.52,68.51,248.88081999
2022-12-31 12:05:00,68.49,68.52,68.5,68.52,53.92383743
2022-12-31 12:04:00,68.48,68.54,68.48,68.49,325.14485522
2022-12-31 12:03:00,68.43,68.55,68.43,68.51,1212.5990687
2022-12-31 12:02:00,68.42,68.45,68.42,68.44,299.60033485
2022-12-31 12:01:00,68.42,68.44,68.44,68.42,213.14093624
2022-12-31 12:00:00,68.43,68.44,68.43,68.44,162.95386357
2022-12-31 11:59:00,68.42,68.43,68.43,68.43,7.43664468
2022-12-31 11:58:00,68.42,68.43,68.42,68.42,136.28976745
2022-12-31 11:57:00,68.41,68.42,68.41,68.41,12.49549839
2022-12-31 11:56:00,68.41,68.42,68.41,68.42,40.94254214
2022-12-31 11:55:00,68.41,68.43,68.42,68.42,4.41408335
2022-12-31 11:54:00,68.41,68.42,68.42,68.42,41.10603297
2022-12-31 11:53:00,68.4,68.42,68.4,68.42,5.32250956
2022-12-31 11:52:00,68.39,68.43,68.43,68.41,204.42811493
2022-12-31 11:51:00,68.4,68.43,68.4,68.42,54.28808935
2022-12-31 11:50:00,68.39,68.41,68.4,68.41,68.43663329
2022-12-31 11:49:00,68.39,68.4,68.4,68.39,41.73514206
2022-12-31 11:48:00,68.39,68.41,68.41,68.39,259.11351051
2022-12-31 11:47:00,68.4,68.43,68.4,68.43,87.85651414
2022-12-31 11:46:00,68.38,68.4,68.38,68.38,5.99992777
2022-12-31 11:45:00,68.35,68.38,68.35,68.38,8.619432
2022-12-31 11:44:00,68.37,68.38,68.37,68.37,253.20585206
2022-12-31 11:43:00,68.34,68.37,68.34,68.36,10.73941872
2022-12-31 11:42:00,68.34,68.38,68.38,68.35,6.50799817
2022-12-31 11:41:00,68.33,68.37,68.33,68.37,27.91502789
2022-12-31 11:40:00,68.28,68.32,68.29,68.32,44.44689434
2022-12-31 11:39:00,68.26,68.3,68.3,68.27,49.01663888
2022-12-31 11:38:00,68.29,68.3,68.29,68.29,17.35126003
2022-12-31 11:37:00,68.29,68.33,68.29,68.33,4.36510098
2022-12-31 11:36:00,68.29,68.31,68.31,68.29,14.98136832
2022-12-31 11:35:00,68.27,68.31,68.27,68.31,1.94310678
2022-12-31 11:34:00,68.26,68.3,68.29,68.27,60.88281897
2022-12-31 11:33:00,68.28,68.32,68.32,68.29,14.99304715
2022-12-31 11:32:00,68.31,68.31,68.31,68.31,0.34554825
2022-12-31 11:31:00,68.31,68.33,68.33,68.31,28.93198595
2022-12-31 11:30:00,68.3,68.36,68.3,68.35,99.9651607
2022-12-31 11:29:00,68.27,68.3,68.3,68.3,18.85392437
2022-12-31 11:28:00,68.3,68.33,68.32,68.3,22.11025468
2022-12-31 11:27:00,68.32,68.37,68.37,68.34,96.27019246
2022-12-31 11:26:00,68.36,68.37,68.37,68.37,24.29112331
2022-12-31 11:25:00,68.35,68.38,68.36,68.37,55.81772188
2022-12-31 11:24:00,68.37,68.39,68.38,68.37,8.96302026
2022-12-31 11:23:00,68.4,68.42,68.42,68.41,13.73413906
2022-12-31 11:22:00,68.4,68.46,68.41,68.44,18.68684206
2022-12-31 11:21:00,68.4,68.44,68.43,68.42,75.51832372
2022-12-31 11:20:00,68.37,68.44,68.39,68.44,193.35869284
2022-12-31 11:19:00,68.35,68.4,68.37,68.39,19.65018782
2022-12-31 11:18:00,68.35,68.38,68.37,68.37,16.36408225
2022-12-31 11:17:00,68.35,68.38,68.35,68.36,26.03393291
2022-12-31 11:16:00,68.33,68.37,68.37,68.37,17.84348512
2022-12-31 11:15:00,68.34,68.38,68.34,68.37,55.21585225
2022-12-31 11:14:00,68.33,68.39,68.37,68.33,20.54693034
2022-12-31 11:13:00,68.36,68.39,68.39,68.37,8.88376926
2022-12-31 11:12:00,68.39,68.42,68.41,68.39,50.07130518
2022-12-31 11:11:00,68.37,68.4,68.37,68.4,23.76539057
2022-12-31 11:10:00,68.35,68.38,68.37,68.36,20.99225067
2022-12-31 11:09:00,68.35,68.37,68.36,68.37,13.86895004
2022-12-31 11:08:00,68.35,68.37,68.37,68.35,2.26307192
2022-12-31 11:07:00,68.37,68.45,68.42,68.37,313.43335455
2022-12-31 11:06:00,68.39,68.41,68.41,68.39,16.68997697
2022-12-31 11:05:00,68.37,68.41,68.37,68.41,19.32557564
2022-12-31 11:04:00,68.39,68.4,68.4,68.39,8.64736782
2022-12-31 11:03:00,68.31,68.4,68.32,68.4,132.54442258
2022-12-31 11:02:00,68.32,68.34,68.34,68.32,4.68429146
2022-12-31 11:01:00,68.33,68.41,68.41,68.33,45.23482648
2022-12-31 11:00:00,68.38,68.42,68.38,68.4,39.77088297
2022-12-31 10:59:00,68.36,68.41,68.36,68.38,44.50444009
2022-12-31 10:58:00,68.22,68.36,68.22,68.35,553.73442442
2022-12-31 10:57:00,68.22,68.24,68.22,68.24,6.82124212
2022-12-31 10:56:00,68.19,68.21,68.2,68.21,33.32426989
2022-12-31 10:55:00,68.2,68.24,68.24,68.21,69.5566658
2022-12-31 10:54:00,68.19,68.25,68.19,68.24,20.51577113
2022-12-31 10:53:00,68.19,68.23,68.23,68.2,5.19013569
2022-12-31 10:52:00,68.19,68.25,68.19,68.23,28.28758391
2022-12-31 10:51:00,68.18,68.2,68.18,68.2,103.77085602
2022-12-31 10:50:00,68.19,68.23,68.23,68.19,33.0730428
2022-12-31 10:49:00,68.21,68.23,68.22,68.22,21.9220847
2022-12-31 10:48:00,68.2,68.22,68.22,68.22,17.01454563
2022-12-31 10:47:00,68.22,68.24,68.24,68.22,3.66964108
2022-12-31 10:46:00,68.23,68.25,68.24,68.25,27.90647131
2022-12-31 10:45:00,68.23,68.26,68.24,68.25,10.52961727
2022-12-31 10:44:00,68.23,68.28,68.28,68.27,24.93462974
2022-12-31 10:43:00,68.27,68.32,68.29,68.27,9.70011082
2022-12-31 10:42:00,68.29,68.32,68.29,68.29,107.23538452
2022-12-31 10:41:00,68.28,68.32,68.28,68.3,9.92227267
2022-12-31 10:40:00,68.27,68.31,68.28,68.3,27.0578477
2022-12-31 10:39:00,68.26,68.28,68.26,68.27,27.82473062
2022-12-31 10:38:00,68.26,68.29,68.27,68.28,163.34796723
2022-12-31 10:37:00,68.21,68.26,68.22,68.26,35.52079462
2022-12-31 10:36:00,68.22,68.29,68.29,68.22,66.89120811
2022-12-31 10:35:00,68.3,68.31,68.31,68.3,1.36593488
2022-12-31 10:34:00,68.25,68.31,68.27,68.28,18.46010288
2022-12-31 10:33:00,68.27,68.32,68.31,68.27,64.16806959
2022-12-31 10:32:00,68.26,68.32,68.27,68.32,122.23531988
2022-12-31 10:31:00,68.17,68.24,68.19,68.24,77.39916053
2022-12-31 10:30:00,68.2,68.31,68.25,68.2,46.75133292
2022-12-31 10:29:00,68.24,68.27,68.26,68.26,11.70345898
2022-12-31 10:28:00,68.24,68.31,68.25,68.28,117.89014417
2022-12-31 10:27:00,68.14,68.24,68.15,68.24,106.04024127
2022-12-31 10:26:00,68.11,68.17,68.12,68.15,241.90229342
2022-12-31 10:25:00,68.14,68.19,68.19,68.14,39.99610915
2022-12-31 10:24:00,68.17,68.2,68.18,68.2,5.78493098
2022-12-31 10:23:00,68.18,68.2,68.18,68.2,8.36890185
2022-12-31 10:22:00,68.17,68.2,68.19,68.19,4.06787192
2022-12-31 10:21:00,68.17,68.2,68.17,68.19,40.99580761
2022-12-31 10:20:00,68.18,68.2,68.2,68.18,13.27924783
2022-12-31 10:19:00,68.19,68.25,68.25,68.2,1.62057371
2022-12-31 10:18:00,68.17,68.25,68.2,68.25,63.50435746
2022-12-31 10:17:00,68.19,68.24,68.21,68.19,196.1313121
2022-12-31 10:16:00,68.18,68.22,68.19,68.22,33.34590902
2022-12-31 10:15:00,68.18,68.26,68.21,68.18,102.88236705
2022-12-31 10:14:00,68.2,68.23,68.22,68.23,52.35152964
2022-12-31 10:13:00,68.22,68.25,68.22,68.23,28.18682823
2022-12-31 10:12:00,68.17,68.23,68.18,68.2,53.71873796
2022-12-31 10:11:00,68.13,68.19,68.13,68.19,54.72632531
2022-12-31 10:10:00,68.08,68.13,68.09,68.13,102.73339489
2022-12-31 10:09:00,68.08,68.13,68.13,68.08,209.01751304
2022-12-31 10:08:00,68.08,68.12,68.1,68.12,15.44401072
2022-12-31 10:07:00,68.1,68.11,68.1,68.1,66.33100971
2022-12-31 10:06:00,68.04,68.08,68.05,68.07,143.45652243
2022-12-31 10:05:00,68.06,68.06,68.06,68.06,8.93972803
2022-12-31 10:04:00,67.99,68.05,67.99,68.04,117.18315648
2022-12-31 10:03:00,67.96,67.99,67.99,67.99,20.53732342
2022-12-31 10:02:00,67.98,68.01,68.01,68.0,3.33114869
2022-12-31 10:01:00,68.01,68.04,68.02,68.01,20.91441688
2022-12-31 10:00:00,67.97,68.02,67.98,68.01,6.12389725
2022-12-31 09:59:00,67.97,68.0,68.0,67.97,3.19472939
2022-12-31 09:58:00,67.97,67.99,67.97,67.99,5.77912756
2022-12-31 09:57:00,67.95,67.98,67.97,67.97,67.47497887
2022-12-31 09:56:00,67.98,68.03,68.02,67.98,15.60418636
2022-12-31 09:55:00,68.0,68.02,68.0,68.02,2.60074283
2022-12-31 09:54:00,68.0,68.02,68.01,68.02,25.90305483
2022-12-31 09:53:00,68.01,68.03,68.02,68.01,11.18396604
2022-12-31 09:52:00,68.01,68.04,68.04,68.01,25.16003952
2022-12-31 09:51:00,68.02,68.04,68.04,68.04,8.9229159
2022-12-31 09:50:00,68.02,68.04,68.02,68.04,11.67472598
2022-12-31 09:49:00,68.01,68.02,68.01,68.02,11.26216854
2022-12-31 09:48:00,68.01,68.07,68.07,68.02,26.97526038
2022-12-31 09:47:00,68.04,68.07,68.04,68.07,3.37092516
2022-12-31 09:46:00,68.03,68.07,68.05,68.07,1.42012459
2022-12-31 09:45:00,68.03,68.05,68.04,68.05,3.64235498
2022-12-31 09:44:00,67.99,68.04,67.99,68.04,1.45977648
2022-12-31 09:43:00,67.99,68.02,67.99,68.0,29.07776384
2022-12-31 09:42:00,67.97,67.99,67.97,67.99,86.61266852
2022-12-31 09:41:00,67.96,68.02,68.02,67.97,29.49582086
2022-12-31 09:40:00,68.0,68.02,68.02,68.02,51.15343099
2022-12-31 09:39:00,68.0,68.01,68.0,68.0,33.80330309
2022-12-31 09:38:00,67.97,67.99,67.99,67.97,3.58566078
2022-12-31 09:37:00,67.96,67.99,67.97,67.99,12.04555846
2022-12-31 09:36:00,67.93,67.96,67.94,67.96,92.07119201
2022-12-31 09:35:00,67.92,67.94,67.94,67.93,8.13486801
2022-12-31 09:34:00,67.92,67.94,67.94,67.93,77.71021892
2022-12-31 09:33:00,67.96,68.02,68.02,67.96,53.35915265
2022-12-31 09:32:00,68.01,68.03,68.03,68.02,9.63690696
2022-12-31 09:31:00,68.01,68.02,68.01,68.02,68.79946303
2022-12-31 09:30:00,67.98,68.02,67.98,68.02,26.55562576
2022-12-31 09:29:00,67.98,68.0,67.99,68.0,8.41108407
2022-12-31 09:28:00,67.95,67.99,67.97,67.99,46.27770689
2022-12-31 09:27:00,67.97,67.99,67.98,67.97,5.74683969
2022-12-31 09:26:00,67.98,67.99,67.98,67.99,3.20541969
2022-12-31 09:25:00,67.96,67.98,67.98,67.98,6.92745604
2022-12-31 09:24:00,67.97,67.99,67.97,67.98,2.23302918
2022-12-31 09:23:00,67.95,67.98,67.98,67.96,42.00690852
2022-12-31 19:23:00,69.94,69.96,69.95,69.94,36.85207522
2022-12-31 19:22:00,69.95,69.97,69.96,69.95,50.20097744
2022-12-31 19:21:00,69.95,69.99,69.99,69.97,60.31281452
2022-12-31 19:20:00,69.96,70.0,69.97,70.0,61.14192974
2022-12-31 19:19:00,69.98,70.09,70.08,70.0,254.21738694
2022-12-31 19:18:00,70.04,70.11,70.05,70.09,113.32961572
2022-12-31 19:17:00,70.0,70.05,70.0,70.03,271.07009287
2022-12-31 19:16:00,69.94,70.0,69.96,70.0,160.77737119
2022-12-31 19:15:00,69.94,69.97,69.97,69.94,14.45170556
2022-12-31 19:14:00,69.94,69.97,69.97,69.94,53.7200155
2022-12-31 19:13:00,69.91,69.97,69.92,69.97,74.63656604
2022-12-31 19:12:00,69.92,69.95,69.95,69.93,84.0025014
2022-12-31 19:11:00,69.91,69.95,69.91,69.94,51.01096466
2022-12-31 19:10:00,69.92,69.94,69.93,69.93,52.26406654
2022-12-31 19:09:00,69.91,69.95,69.94,69.93,36.80531766
2022-12-31 19:08:00,69.89,69.95,69.9,69.94,63.66527847
2022-12-31 19:07:00,69.87,69.9,69.87,69.88,27.4687979
2022-12-31 19:06:00,69.87,69.91,69.89,69.89,155.28727688
2022-12-31 19:05:00,69.88,69.92,69.9,69.88,61.58120085
2022-12-31 19:04:00,69.92,69.94,69.92,69.92,21.82878377
2022-12-31 19:03:00,69.89,69.93,69.89,69.91,43.99483737
2022-12-31 19:02:00,69.87,69.9,69.88,69.89,38.59955803
2022-12-31 19:01:00,69.88,69.9,69.9,69.9,48.6117375
2022-12-31 19:00:00,69.86,69.91,69.86,69.9,157.72089931
2022-12-31 18:59:00,69.83,69.87,69.84,69.86,92.29742826
2022-12-31 18:58:00,69.81,69.86,69.84,69.84,45.68348529
2022-12-31 18:57:00,69.84,69.88,69.87,69.85,114.68616661
2022-12-31 18:56:00,69.84,69.89,69.84,69.88,23.6777048
2022-12-31 18:55:00,69.85,69.88,69.87,69.86,22.66228541
2022-12-31 18:54:00,69.86,69.89,69.88,69.87,51.609361
2022-12-31 18:53:00,69.87,69.95,69.95,69.87,222.70394887
2022-12-31 18:52:00,69.94,69.96,69.96,69.94,26.87954714
2022-12-31 18:51:00,69.9,69.96,69.9,69.96,238.7548441
2022-12-31 18:50:00,69.89,69.93,69.93,69.9,63.26635029
2022-12-31 18:49:00,69.89,69.92,69.89,69.92,24.32740582
2022-12-31 18:48:00,69.92,69.95,69.95,69.92,32.08282197
2022-12-31 18:47:00,69.93,69.97,69.94,69.93,55.16822977
2022-12-31 18:46:00,69.91,69.95,69.91,69.95,26.598756
2022-12-31 18:45:00,69.87,69.93,69.89,69.93,83.74378593
2022-12-31 18:44:00,69.88,69.94,69.94,69.9,44.40695066
2022-12-31 18:43:00,69.88,69.95,69.89,69.95,16.13410831
2022-12-31 18:42:00,69.88,69.97,69.95,69.89,268.04565512
2022-12-31 18:41:00,69.94,69.98,69.95,69.96,104.18655005
2022-12-31 18:40:00,69.94,69.97,69.94,69.96,103.17794484
2022-12-31 18:39:00,69.95,69.97,69.97,69.95,16.84745288
2022-12-31 18:38:00,69.94,69.98,69.97,69.96,97.03897472
2022-12-31 18:37:00,69.94,69.99,69.99,69.96,183.52068172
2022-12-31 18:36:00,69.97,69.99,69.98,69.98,5.99296161
2022-12-31 18:35:00,69.97,70.02,69.98,70.01,142.55690689
2022-12-31 18:34:00,69.97,69.99,69.99,69.97,62.34612024
2022-12-31 18:33:00,69.99,70.02,70.0,70.02,40.79850285
2022-12-31 18:32:00,69.98,70.02,70.02,69.98,31.42792181
2022-12-31 18:31:00,70.0,70.02,70.01,70.02,39.27361037
2022-12-31 18:30:00,69.99,70.03,70.03,70.03,10.05479961
2022-12-31 18:29:00,69.98,70.03,70.0,70.03,24.78594526
2022-12-31 18:28:00,69.99,70.02,70.0,70.0,26.05932699
2022-12-31 18:27:00,70.0,70.04,70.04,70.02,65.35666908
2022-12-31 18:26:00,70.01,70.06,70.01,70.04,113.53967359
2022-12-31 18:25:00,70.01,70.04,70.03,70.02,89.15895111
2022-12-31 18:24:00,70.01,70.05,70.03,70.03,23.75774838
2022-12-31 18:23:00,69.99,70.03,69.99,70.03,51.69272996
2022-12-31 18:22:00,69.98,70.01,69.99,70.01,41.30585019
2022-12-31 18:21:00,69.99,70.03,70.0,70.01,74.58626223
2022-12-31 18:20:00,70.0,70.03,70.02,70.0,46.47843858
2022-12-31 18:19:00,70.02,70.06,70.06,70.03,89.17741827
2022-12-31 18:18:00,70.05,70.06,70.05,70.05,11.26858076
2022-12-31 18:17:00,70.03,70.06,70.03,70.05,17.18974193
2022-12-31 18:16:00,70.03,70.06,70.04,70.04,101.93419406
2022-12-31 18:15:00,70.0,70.06,70.0,70.06,16.78667903
2022-12-31 18:14:00,70.0,70.03,70.03,70.01,14.21589133
2022-12-31 18:13:00,70.01,70.08,70.08,70.03,65.55980996
2022-12-31 18:12:00,70.06,70.1,70.08,70.06,200.12177029
2022-12-31 18:11:00,70.06,70.11,70.11,70.1,324.83224988
2022-12-31 18:10:00,70.08,70.11,70.09,70.1,110.0937258
2022-12-31 18:09:00,70.08,70.13,70.13,70.08,141.83667304
2022-12-31 18:08:00,70.11,70.15,70.14,70.14,36.27020037
2022-12-31 18:07:00,70.1,70.14,70.12,70.14,87.87917261
2022-12-31 18:06:00,70.07,70.13,70.09,70.11,286.63402856
2022-12-31 18:05:00,70.04,70.11,70.05,70.09,49.31515351
2022-12-31 18:04:00,70.03,70.12,70.12,70.07,241.17702556
2022-12-31 18:03:00,70.1,70.18,70.13,70.1,351.10815335
2022-12-31 18:02:00,70.09,70.12,70.1,70.11,49.66103261
2022-12-31 18:01:00,70.08,70.11,70.1,70.1,40.38592303
2022-12-31 18:00:00,70.08,70.11,70.09,70.1,112.86439408
2022-12-31 17:59:00,70.02,70.1,70.02,70.1,78.19334504
2022-12-31 17:58:00,69.98,70.03,70.0,70.02,279.64838539
2022-12-31 17:57:00,69.93,70.0,69.93,70.0,96.04752413
2022-12-31 17:56:00,69.92,69.94,69.94,69.93,20.92834731
2022-12-31 17:55:00,69.93,69.94,69.94,69.93,9.99423513
2022-12-31 17:54:00,69.92,70.0,70.0,69.92,203.84846474
2022-12-31 17:53:00,69.96,70.01,69.96,70.01,102.37067218
2022-12-31 17:52:00,69.92,69.95,69.93,69.95,42.11815167
2022-12-31 17:51:00,69.93,69.94,69.93,69.94,17.99557204
2022-12-31 17:50:00,69.88,69.93,69.89,69.91,28.68636609
2022-12-31 17:49:00,69.87,69.9,69.87,69.89,62.09630843
2022-12-31 17:48:00,69.85,69.88,69.87,69.87,38.03202016
2022-12-31 17:47:00,69.86,69.89,69.87,69.89,24.20686694
2022-12-31 17:46:00,69.85,69.87,69.87,69.87,90.91954776
2022-12-31 17:45:00,69.85,69.9,69.89,69.87,41.31366054
2022-12-31 17:44:00,69.86,69.9,69.86,69.9,53.91230262
2022-12-31 17:43:00,69.81,69.86,69.81,69.86,20.85825035
2022-12-31 17:42:00,69.82,69.84,69.83,69.83,113.37722927
2022-12-31 17:41:00,69.82,69.83,69.83,69.83,4.31695851
2022-12-31 17:40:00,69.8,69.83,69.8,69.83,34.83803489
2022-12-31 17:39:00,69.8,69.87,69.87,69.8,131.07974264
2022-12-31 17:38:00,69.85,69.87,69.85,69.87,48.29589446
2022-12-31 17:37:00,69.86,69.92,69.89,69.86,104.00126181
2022-12-31 17:36:00,69.89,69.92,69.91,69.91,50.41165568
2022-12-31 17:35:00,69.87,69.93,69.9,69.89,627.92210901
2022-12-31 17:34:00,69.86,69.9,69.88,69.9,54.4851915
2022-12-31 17:33:00,69.85,69.88,69.86,69.88,55.73070299
2022-12-31 17:32:00,69.83,69.89,69.86,69.84,48.1009791
2022-12-31 17:31:00,69.78,69.88,69.8,69.88,250.92455562
2022-12-31 17:30:00,69.78,69.96,69.95,69.78,360.93476197
2022-12-31 17:29:00,69.86,69.97,69.87,69.95,536.98988003
2022-12-31 17:28:00,69.83,69.87,69.84,69.87,168.53410822
2022-12-31 17:27:00,69.82,69.87,69.85,69.84,81.89338582
2022-12-31 17:26:00,69.82,69.86,69.84,69.86,41.35533099
2022-12-31 17:25:00,69.77,69.86,69.79,69.86,213.59274776
2022-12-31 17:24:00,69.77,69.85,69.84,69.79,218.82049326
2022-12-31 17:23:00,69.8,69.87,69.85,69.85,1050.02991927
2022-12-31 17:22:00,69.84,70.01,70.01,69.84,783.52286409
2022-12-31 17:21:00,69.96,70.03,70.0,69.99,174.93880777
2022-12-31 17:20:00,69.95,70.04,70.0,70.0,283.58616053
2022-12-31 17:19:00,70.01,70.15,70.15,70.03,269.95532549
2022-12-31 17:18:00,70.1,70.24,70.21,70.12,79.07182409
2022-12-31 17:17:00,70.15,70.21,70.16,70.19,74.20934805
2022-12-31 17:16:00,70.07,70.13,70.12,70.13,184.29938653
2022-12-31 17:15:00,70.06,70.15,70.06,70.15,60.64046957
2022-12-31 17:14:00,70.1,70.16,70.13,70.1,82.45068326
2022-12-31 17:13:00,70.14,70.25,70.21,70.16,31.87517134
2022-12-31 17:12:00,70.19,70.26,70.26,70.2,98.67108203
2022-12-31 17:11:00,70.25,70.27,70.26,70.26,69.28097189
2022-12-31 17:10:00,70.26,70.28,70.27,70.28,98.80934897
2022-12-31 17:09:00,70.2,70.27,70.21,70.27,316.57441773
2022-12-31 17:08:00,70.22,70.27,70.27,70.23,63.92176303
2022-12-31 17:07:00,70.2,70.28,70.23,70.27,159.7965457
2022-12-31 17:06:00,70.2,70.23,70.22,70.23,18.29995079
2022-12-31 17:05:00,70.2,70.23,70.2,70.21,24.49867076
2022-12-31 17:04:00,70.22,70.24,70.24,70.22,39.10576243
2022-12-31 17:03:00,70.18,70.24,70.19,70.24,194.47066171
2022-12-31 17:02:00,70.14,70.2,70.16,70.18,74.45883774
2022-12-31 17:01:00,70.13,70.16,70.14,70.16,17.86203172
2022-12-31 17:00:00,70.11,70.15,70.14,70.14,73.1997361
2022-12-31 16:59:00,70.14,70.18,70.16,70.16,143.66911831
2022-12-31 16:58:00,70.14,70.16,70.16,70.16,18.40496273
2022-12-31 16:57:00,70.13,70.16,70.14,70.14,155.78199478
2022-12-31 16:56:00,70.13,70.16,70.13,70.14,40.45457559
2022-12-31 16:55:00,70.13,70.23,70.2,70.14,61.69157134
2022-12-31 16:54:00,70.16,70.21,70.16,70.2,16.03515392
2022-12-31 16:53:00,70.11,70.17,70.11,70.16,37.80604072
2022-12-31 16:52:00,70.13,70.16,70.15,70.13,35.30226076
2022-12-31 16:51:00,70.13,70.16,70.15,70.16,20.09221753
2022-12-31 16:50:00,70.07,70.15,70.1,70.14,208.63884928
2022-12-31 16:49:00,70.03,70.1,70.05,70.1,119.24900839
2022-12-31 16:48:00,70.01,70.07,70.01,70.04,158.39133655
2022-12-31 16:47:00,70.0,70.06,70.04,70.03,59.60822475
2022-12-31 16:46:00,70.04,70.1,70.1,70.04,141.145441
2022-12-31 16:45:00,70.08,70.11,70.11,70.1,75.65149536
2022-12-31 16:44:00,70.09,70.15,70.14,70.09,28.38464217
2022-12-31 16:43:00,70.11,70.15,70.12,70.14,80.78654905
2022-12-31 16:42:00,70.13,70.19,70.19,70.14,90.38179261
2022-12-31 16:41:00,70.12,70.2,70.13,70.18,190.82107167
2022-12-31 16:40:00,70.1,70.14,70.13,70.12,135.45063892
2022-12-31 16:39:00,70.1,70.13,70.1,70.13,15.84200973
2022-12-31 16:38:00,70.11,70.19,70.19,70.15,312.06905259
2022-12-31 16:37:00,70.15,70.19,70.17,70.15,287.08478399
2022-12-31 16:36:00,70.19,70.26,70.26,70.19,257.82199784
2022-12-31 16:35:00,70.24,70.27,70.27,70.26,85.22272097
2022-12-31 16:34:00,70.25,70.28,70.28,70.28,41.90902693
2022-12-31 16:33:00,70.3,70.33,70.33,70.31,9.17515024
2022-12-31 16:32:00,70.28,70.38,70.31,70.33,424.76538588
2022-12-31 16:31:00,70.22,70.3,70.24,70.3,478.17954308
2022-12-31 16:30:00,70.19,70.23,70.21,70.22,34.06373837
2022-12-31 16:29:00,70.16,70.22,70.21,70.2,40.20569784
2022-12-31 16:28:00,70.17,70.21,70.2,70.21,113.95069293
2022-12-31 16:27:00,70.17,70.24,70.17,70.2,49.02330842
2022-12-31 16:26:00,70.15,70.17,70.16,70.16,13.59909104
2022-12-31 16:25:00,70.11,70.17,70.17,70.16,24.8322643
2022-12-31 16:24:00,70.15,70.22,70.15,70.17,263.80571204
2022-12-31 16:23:00,70.07,70.18,70.08,70.17,235.9383594
2022-12-31 16:22:00,70.09,70.15,70.12,70.1,114.45074097
2022-12-31 16:21:00,70.07,70.12,70.07,70.12,12.84739776
2022-12-31 16:20:00,69.98,70.08,69.98,70.06,117.20494016
2022-12-31 16:19:00,69.9,70.01,69.92,70.0,235.58931365
2022-12-31 16:18:00,69.94,70.02,70.0,69.94,403.47775416
2022-12-31 16:17:00,70.0,70.06,70.06,70.01,63.27551694
2022-12-31 16:16:00,70.0,70.06,70.0,70.03,60.51165658
2022-12-31 16:15:00,69.97,70.02,70.02,70.02,115.52322253
2022-12-31 16:14:00,69.99,70.02,70.0,69.99,29.36387571
2022-12-31 16:13:00,70.01,70.05,70.05,70.02,28.97514686
2022-12-31 16:12:00,70.03,70.07,70.07,70.03,28.16934796
2022-12-31 16:11:00,70.06,70.12,70.12,70.07,48.56698134
2022-12-31 16:10:00,70.1,70.15,70.1,70.12,186.61359872
2022-12-31 16:09:00,70.09,70.12,70.11,70.12,28.87938904
2022-12-31 16:08:00,70.08,70.16,70.16,70.09,37.21773051
2022-12-31 16:07:00,70.15,70.22,70.22,70.15,27.63183186
2022-12-31 16:06:00,70.17,70.22,70.17,70.22,33.5361691
2022-12-31 16:05:00,70.11,70.22,70.21,70.12,17.91331066
2022-12-31 16:04:00,70.13,70.21,70.13,70.21,102.16303939
2022-12-31 16:03:00,70.07,70.13,70.11,70.13,17.51984006
2022-12-31 16:02:00,70.06,70.11,70.1,70.11,664.07602256
2022-12-31 16:01:00,70.06,70.12,70.09,70.12,121.67969484
2022-12-31 16:00:00,70.03,70.09,70.03,70.06,58.77294005
2022-12-31 15:59:00,69.98,70.05,70.04,70.05,413.86568737
2022-12-31 15:58:00,70.0,70.05,70.05,70.04,267.49241022
2022-12-31 15:57:00,70.01,70.07,70.02,70.07,33.36581732
2022-12-31 15:56:00,69.98,70.02,69.98,70.02,79.36671839
2022-12-31 15:55:00,69.97,70.0,70.0,69.99,30.81647988
2022-12-31 15:54:00,69.97,70.0,69.97,70.0,22.87635977
2022-12-31 15:53:00,69.97,70.02,70.02,69.97,11.32884609
2022-12-31 15:52:00,70.0,70.05,70.02,70.02,45.1101764
2022-12-31 15:51:00,69.98,70.03,70.03,70.02,100.39350316
2022-12-31 15:50:00,70.02,70.07,70.07,70.03,17.50382553
2022-12-31 15:49:00,70.06,70.12,70.12,70.06,76.18570761
2022-12-31 15:48:00,70.08,70.13,70.1,70.11,64.59059685
2022-12-31 15:47:00,70.04,70.11,70.05,70.11,177.13487412
2022-12-31 15:46:00,69.97,70.08,69.99,70.06,206.17411355
2022-12-31 15:45:00,69.94,70.0,70.0,69.96,47.8131227
2022-12-31 15:44:00,69.97,70.04,69.98,70.0,73.11187246
2022-12-31 15:43:00,69.97,70.06,70.02,69.97,354.5330682
2022-12-31 15:42:00,69.99,70.03,70.03,70.02,18.10473732
2022-12-31 15:41:00,69.99,70.03,70.0,70.02,76.23475985
2022-12-31 15:40:00,70.0,70.03,70.02,70.02,35.79107549
2022-12-31 15:39:00,70.01,70.13,70.11,70.01,286.84838702
2022-12-31 15:38:00,70.08,70.12,70.1,70.1,70.33415402
2022-12-31 15:37:00,70.11,70.14,70.14,70.12,47.26461356
2022-12-31 15:36:00,70.07,70.16,70.08,70.14,100.94817307
2022-12-31 15:35:00,70.02,70.07,70.05,70.04,215.79077964
2022-12-31 15:34:00,69.94,70.14,70.09,70.06,1104.08337551
2022-12-31 15:33:00,70.07,70.14,70.13,70.08,167.71365978
2022-12-31 15:32:00,70.11,70.19,70.18,70.14,214.7102506
2022-12-31 15:31:00,70.19,70.26,70.23,70.19,222.044149
2022-12-31 15:30:00,70.22,70.27,70.27,70.23,64.60795449
2022-12-31 15:29:00,70.27,70.35,70.33,70.27,127.02010572
2022-12-31 15:28:00,70.2,70.31,70.21,70.31,401.16543575
2022-12-31 15:27:00,70.18,70.23,70.23,70.19,74.22646208
2022-12-31 15:26:00,70.23,70.28,70.27,70.23,11.31937573
2022-12-31 15:25:00,70.28,70.33,70.32,70.28,95.43691074
2022-12-31 15:24:00,70.31,70.34,70.33,70.34,94.56560655
2022-12-31 15:23:00,70.3,70.35,70.35,70.32,123.42201012
2022-12-31 15:22:00,70.35,70.39,70.35,70.35,54.51892361
2022-12-31 15:21:00,70.36,70.42,70.41,70.37,99.7745228
2022-12-31 15:20:00,70.38,70.47,70.47,70.4,246.68137201
2022-12-31 15:19:00,70.41,70.49,70.41,70.46,320.28324171
2022-12-31 15:18:00,70.36,70.4,70.36,70.4,36.19630134
2022-12-31 15:17:00,70.37,70.42,70.4,70.39,120.09716478
2022-12-31 15:16:00,70.33,70.4,70.33,70.4,181.87193199
2022-12-31 15:15:00,70.33,70.36,70.36,70.36,18.1141861
2022-12-31 15:14:00,70.34,70.4,70.4,70.36,213.74091098
2022-12-31 15:13:00,70.28,70.37,70.28,70.37,181.15765918
2022-12-31 15:12:00,70.2,70.35,70.35,70.29,224.1686049
2022-12-31 15:11:00,70.26,70.35,70.33,70.32,311.05870356
2022-12-31 15:10:00,70.13,70.35,70.23,70.35,674.51226063
2022-12-31 15:09:00,70.24,70.36,70.32,70.25,509.90378057
2022-12-31 15:08:00,70.31,70.36,70.35,70.32,212.66043621
2022-12-31 15:07:00,70.35,70.38,70.36,70.36,76.59022482
2022-12-31 15:06:00,70.35,70.43,70.42,70.37,407.4474242
2022-12-31 15:05:00,70.4,70.46,70.4,70.43,175.01216193
2022-12-31 15:04:00,70.39,70.48,70.4,70.41,338.90320107
2022-12-31 15:03:00,70.31,70.41,70.31,70.36,254.82071807
2022-12-31 15:02:00,70.28,70.36,70.36,70.33,233.63177076
2022-12-31 15:01:00,70.27,70.46,70.4,70.39,512.28275045
2022-12-31 15:00:00,70.38,70.47,70.41,70.4,162.6088308
2022-12-31 14:59:00,70.4,70.45,70.44,70.42,216.74273217
2022-12-31 14:58:00,70.41,70.44,70.44,70.43,362.8860831
2022-12-31 14:57:00,70.41,70.48,70.48,70.46,104.60162418
2022-12-31 14:56:00,70.43,70.48,70.48,70.47,94.87181952
2022-12-31 14:55:00,70.42,70.5,70.45,70.48,129.32841234
2022-12-31 14:54:00,70.41,70.5,70.49,70.45,239.61941291
2022-12-31 14:53:00,70.5,70.55,70.55,70.5,127.84575541
2022-12-31 14:52:00,70.52,70.57,70.57,70.53,140.39871525
2022-12-31 14:51:00,70.56,70.66,70.65,70.57,257.70942679
2022-12-31 14:50:00,70.55,70.63,70.55,70.63,68.99963729
2022-12-31 14:49:00,70.53,70.56,70.53,70.56,20.09139858
2022-12-31 14:48:00,70.55,70.63,70.63,70.56,138.25102348
2022-12-31 14:47:00,70.6,70.67,70.6,70.63,213.92250619
2022-12-31 14:46:00,70.57,70.66,70.61,70.58,122.21138384
2022-12-31 14:45:00,70.51,70.62,70.52,70.61,96.34390775
2022-12-31 14:44:00,70.5,70.63,70.63,70.51,58.98835391
2022-12-31 14:43:00,70.5,70.64,70.5,70.63,247.57700552
2022-12-31 14:42:00,70.51,70.63,70.63,70.51,113.58762789
2022-12-31 14:41:00,70.49,70.64,70.64,70.6,842.75873935
2022-12-31 14:40:00,70.64,70.67,70.66,70.64,34.65774647
2022-12-31 14:39:00,70.64,70.68,70.68,70.64,18.6051848
2022-12-31 14:38:00,70.68,70.78,70.78,70.68,154.7915594
2022-12-31 14:37:00,70.65,70.82,70.66,70.81,255.08446618
2022-12-31 14:36:00,70.65,70.76,70.71,70.66,101.22475666
2022-12-31 14:35:00,70.67,70.72,70.67,70.69,35.09194383
2022-12-31 14:34:00,70.6,70.7,70.6,70.69,55.09587254
2022-12-31 14:33:00,70.56,70.64,70.62,70.61,84.18596156
2022-12-31 14:32:00,70.54,70.61,70.54,70.61,89.42709206
2022-12-31 14:31:00,70.56,70.64,70.64,70.57,90.80317445
2022-12-31 14:30:00,70.64,70.72,70.69,70.64,63.37825874
2022-12-31 14:29:00,70.64,70.7,70.64,70.68,408.118674
2022-12-31 14:28:00,70.48,70.66,70.48,70.58,589.06040686
2022-12-31 14:27:00,70.48,70.54,70.5,70.49,132.5937902
2022-12-31 14:26:00,70.49,70.59,70.52,70.52,196.83810087
2022-12-31 14:25:00,70.42,70.52,70.44,70.52,161.8097364
2022-12-31 14:24:00,70.43,70.5,70.5,70.43,104.48783489
2022-12-31 14:23:00,70.5,70.61,70.6,70.5,323.07557671
2023-01-01 00:23:00,69.94,70.02,69.96,69.99,273.32782853
2023-01-01 00:22:00,69.96,70.07,70.04,69.98,214.23931155
2023-01-01 00:21:00,70.01,70.05,70.01,70.04,125.90221284
2023-01-01 00:20:00,69.98,70.04,69.98,70.04,98.33741752
2023-01-01 00:19:00,69.95,70.03,69.96,69.98,178.72693045
2023-01-01 00:18:00,69.76,69.98,69.77,69.97,3581.59872294
2023-01-01 00:17:00,69.74,69.77,69.74,69.77,12.21349646
2023-01-01 00:16:00,69.73,69.81,69.76,69.75,70.8944106
2023-01-01 00:15:00,69.71,69.81,69.75,69.78,230.18813448
2023-01-01 00:14:00,69.75,69.85,69.81,69.75,86.76588418
2023-01-01 00:13:00,69.79,69.83,69.82,69.8,73.82332567
2023-01-01 00:12:00,69.77,69.91,69.91,69.82,524.04828238
2023-01-01 00:11:00,69.89,69.93,69.89,69.93,26.97088497
2023-01-01 00:10:00,69.85,69.92,69.85,69.88,221.94547921
2023-01-01 00:09:00,69.82,69.87,69.87,69.84,104.58997966
2023-01-01 00:08:00,69.86,69.89,69.89,69.87,13.47118453
2023-01-01 00:07:00,69.89,69.99,69.95,69.89,64.03344644
2023-01-01 00:06:00,69.95,70.06,70.05,69.95,97.86089005
2023-01-01 00:05:00,69.97,70.01,69.99,70.01,35.26770383
2023-01-01 00:04:00,69.83,69.96,69.91,69.96,144.80089064
2023-01-01 00:03:00,69.91,70.04,70.04,69.91,389.62272873
2023-01-01 00:02:00,70.01,70.19,70.16,70.01,580.70404143
2023-01-01 00:01:00,70.13,70.15,70.13,70.15,33.74118625
2023-01-01 00:00:00,70.09,70.15,70.1,70.14,156.64182031
2022-12-31 23:59:00,70.01,70.09,70.01,70.09,29.45212918
2022-12-31 23:58:00,69.89,69.99,69.9,69.97,59.65239106
2022-12-31 23:57:00,69.85,69.9,69.9,69.9,57.60006652
2022-12-31 23:56:00,69.87,69.9,69.9,69.9,36.80511521
2022-12-31 23:55:00,69.84,69.9,69.88,69.9,51.82724503
2022-12-31 23:54:00,69.82,69.87,69.87,69.85,162.35902052
2022-12-31 23:53:00,69.8,69.92,69.89,69.88,656.25081539
2022-12-31 23:52:00,69.88,69.94,69.92,69.92,426.42415854
2022-12-31 23:51:00,69.89,69.92,69.91,69.92,170.97900752
2022-12-31 23:50:00,69.89,70.01,70.01,69.89,200.98774153
2022-12-31 23:49:00,69.99,70.14,70.13,70.02,700.23984334
2022-12-31 23:48:00,70.1,70.13,70.11,70.13,17.64754355
2022-12-31 23:47:00,70.1,70.16,70.16,70.11,24.8516062
2022-12-31 23:46:00,70.1,70.17,70.11,70.14,51.49509682
2022-12-31 23:45:00,70.09,70.12,70.11,70.1,67.49213116
2022-12-31 23:44:00,70.1,70.12,70.12,70.11,50.85895977
2022-12-31 23:43:00,70.12,70.17,70.17,70.14,97.82282409
2022-12-31 23:42:00,70.12,70.17,70.15,70.17,109.62257485
2022-12-31 23:41:00,70.15,70.18,70.18,70.16,30.32005076
2022-12-31 23:40:00,70.15,70.2,70.19,70.15,32.98931069
2022-12-31 23:39:00,70.15,70.21,70.21,70.2,339.8752339
2022-12-31 23:38:00,70.18,70.23,70.22,70.21,114.89835393
2022-12-31 23:37:00,70.18,70.25,70.18,70.21,75.40284045
2022-12-31 23:36:00,70.15,70.25,70.25,70.19,200.59844912
2022-12-31 23:35:00,70.17,70.27,70.17,70.27,30.04616785
2022-12-31 23:34:00,70.08,70.19,70.09,70.19,121.5715147
2022-12-31 23:33:00,70.05,70.12,70.05,70.12,47.67236926
2022-12-31 23:32:00,70.01,70.05,70.04,70.05,48.69248334
2022-12-31 23:31:00,70.04,70.07,70.07,70.05,22.51931781
2022-12-31 23:30:00,70.02,70.07,70.06,70.07,101.96159602
2022-12-31 23:29:00,70.03,70.08,70.03,70.04,22.31190594
2022-12-31 23:28:00,69.97,70.04,69.97,70.03,77.68148581
2022-12-31 23:27:00,69.96,70.0,69.98,69.97,21.52519361
2022-12-31 23:26:00,69.98,70.02,70.02,69.98,48.04218089
2022-12-31 23:25:00,69.98,70.02,69.99,70.01,118.83944908
2022-12-31 23:24:00,69.97,70.02,70.01,69.98,16.85484602
2022-12-31 23:23:00,70.0,70.03,70.02,70.02,32.36678688
2022-12-31 23:22:00,69.97,70.04,70.03,70.02,104.02227978
2022-12-31 23:21:00,69.96,70.02,69.98,70.02,74.2533544
2022-12-31 23:20:00,69.97,70.02,69.97,70.0,74.40864365
2022-12-31 23:19:00,69.9,70.0,69.93,69.97,120.11279862
2022-12-31 23:18:00,69.92,69.99,69.97,69.93,112.58027399
2022-12-31 23:17:00,69.92,69.99,69.98,69.96,93.76369184
2022-12-31 23:16:00,69.95,69.99,69.95,69.96,110.76529476
2022-12-31 23:15:00,69.87,69.97,69.88,69.97,332.79818109
2022-12-31 23:14:00,69.84,69.89,69.89,69.89,38.57931769
2022-12-31 23:13:00,69.8,69.9,69.8,69.87,50.32528222
2022-12-31 23:12:00,69.75,69.81,69.8,69.78,89.99185787
2022-12-31 23:11:00,69.74,69.82,69.81,69.74,283.36918048
2022-12-31 23:10:00,69.77,69.84,69.79,69.81,80.21807654
2022-12-31 23:09:00,69.76,69.82,69.8,69.79,47.99675773
2022-12-31 23:08:00,69.78,69.9,69.89,69.78,65.71434254
2022-12-31 23:07:00,69.87,69.92,69.92,69.89,43.10299716
2022-12-31 23:06:00,69.88,69.98,69.98,69.92,113.80746319
2022-12-31 23:05:00,69.94,69.99,69.95,69.97,119.11827863
2022-12-31 23:04:00,69.93,70.0,70.0,69.95,167.85162417
2022-12-31 23:03:00,69.98,70.07,70.02,69.99,59.08947824
2022-12-31 23:02:00,69.92,70.02,69.93,70.02,249.53516885
2022-12-31 23:01:00,69.95,70.05,70.05,69.96,116.74958176
2022-12-31 23:00:00,70.03,70.06,70.04,70.03,46.43112214
2022-12-31 22:59:00,70.01,70.05,70.01,70.04,71.49509126
2022-12-31 22:58:00,70.01,70.07,70.05,70.06,63.38475364
2022-12-31 22:57:00,70.01,70.08,70.06,70.04,206.43175164
2022-12-31 22:56:00,69.99,70.07,70.04,70.07,72.82260885
2022-12-31 22:55:00,70.04,70.09,70.05,70.08,58.24910571
2022-12-31 22:54:00,70.04,70.11,70.11,70.04,180.14609715
2022-12-31 22:53:00,69.91,70.11,69.91,70.11,158.02968781
2022-12-31 22:52:00,69.86,69.93,69.87,69.91,71.96558159
2022-12-31 22:51:00,69.71,69.98,69.71,69.87,156.11955008
2022-12-31 22:50:00,69.68,69.92,69.92,69.71,266.67482568
2022-12-31 22:49:00,69.89,69.93,69.91,69.9,9.70871009
2022-12-31 22:48:00,69.89,69.94,69.91,69.91,86.07595769
2022-12-31 22:47:00,69.94,69.97,69.96,69.94,33.56908517
2022-12-31 22:46:00,69.97,69.98,69.97,69.97,2.80615971
2022-12-31 22:45:00,69.97,69.97,69.97,69.97,15.89920909
2022-12-31 22:44:00,69.95,70.0,70.0,69.97,98.84656863
2022-12-31 22:43:00,69.96,69.99,69.99,69.99,57.94402272
2022-12-31 22:42:00,69.95,69.99,69.95,69.99,21.85867856
2022-12-31 22:41:00,69.94,69.99,69.98,69.95,73.31311652
2022-12-31 22:40:00,69.98,70.01,70.0,70.0,14.11067897
2022-12-31 22:39:00,69.97,70.0,70.0,69.97,29.82069491
2022-12-31 22:38:00,69.96,70.0,70.0,69.97,20.31768042
2022-12-31 22:37:00,69.99,70.02,70.0,70.0,83.63827593
2022-12-31 22:36:00,70.02,70.06,70.06,70.03,60.89873634
2022-12-31 22:35:00,70.06,70.1,70.07,70.07,60.92916909
2022-12-31 22:34:00,70.06,70.11,70.11,70.09,64.29873704
2022-12-31 22:33:00,70.08,70.12,70.11,70.11,176.43459024
2022-12-31 22:32:00,70.11,70.15,70.11,70.13,26.48399463
2022-12-31 22:31:00,70.07,70.11,70.08,70.11,397.19807057
2022-12-31 22:30:00,70.06,70.11,70.08,70.08,73.89016291
2022-12-31 22:29:00,70.07,70.11,70.1,70.08,112.91191178
2022-12-31 22:28:00,70.05,70.11,70.05,70.11,219.90371488
2022-12-31 22:27:00,70.03,70.05,70.05,70.05,70.22356052
2022-12-31 22:26:00,70.01,70.05,70.04,70.05,16.56629886
2022-12-31 22:25:00,69.95,70.04,69.97,70.04,23.53273727
2022-12-31 22:24:00,69.96,70.02,70.02,69.96,95.84187881
2022-12-31 22:23:00,69.98,70.01,69.98,70.01,30.91587884
2022-12-31 22:22:00,69.95,69.98,69.96,69.98,195.26297947
2022-12-31 22:21:00,69.96,70.01,70.01,69.98,41.23099499
2022-12-31 22:20:00,69.97,70.02,70.01,69.99,142.64586169
2022-12-31 22:19:00,69.96,70.03,69.99,70.01,247.79756359
2022-12-31 22:18:00,69.98,70.07,70.07,69.98,98.60724378
2022-12-31 22:17:00,70.06,70.11,70.11,70.06,151.58019922
2022-12-31 22:16:00,70.1,70.13,70.12,70.1,116.24003475
2022-12-31 22:15:00,70.1,70.13,70.1,70.12,17.77546514
2022-12-31 22:14:00,70.12,70.15,70.13,70.14,19.56645185
2022-12-31 22:13:00,70.08,70.13,70.09,70.13,46.9272104
2022-12-31 22:12:00,70.09,70.12,70.12,70.1,33.73248931
2022-12-31 22:11:00,70.13,70.16,70.16,70.13,72.91763995
2022-12-31 22:10:00,70.12,70.16,70.12,70.16,142.34031422
2022-12-31 22:09:00,70.02,70.14,70.02,70.14,225.77096227
2022-12-31 22:08:00,70.01,70.04,70.04,70.01,54.41671482
2022-12-31 22:07:00,70.0,70.04,70.04,70.03,367.69559793
2022-12-31 22:06:00,70.02,70.08,70.07,70.02,44.5472632
2022-12-31 22:05:00,70.04,70.08,70.05,70.07,57.32246911
2022-12-31 22:04:00,70.05,70.08,70.08,70.06,42.85541604
2022-12-31 22:03:00,70.08,70.1,70.09,70.08,79.26421661
2022-12-31 22:02:00,70.08,70.11,70.11,70.11,72.14288335
2022-12-31 22:01:00,70.1,70.13,70.13,70.11,42.27313247
2022-12-31 22:00:00,70.13,70.17,70.17,70.13,65.22447714
2022-12-31 21:59:00,70.15,70.18,70.16,70.17,25.77799321
2022-12-31 21:58:00,70.17,70.22,70.22,70.19,15.43460008
2022-12-31 21:57:00,70.2,70.23,70.23,70.2,73.14830268
2022-12-31 21:56:00,70.21,70.23,70.23,70.23,32.61270866
2022-12-31 21:55:00,70.21,70.23,70.22,70.23,50.96517733
2022-12-31 21:54:00,70.18,70.24,70.23,70.21,39.79738927
2022-12-31 21:53:00,70.23,70.28,70.27,70.23,72.35677711
2022-12-31 21:52:00,70.27,70.32,70.31,70.27,126.80065543
2022-12-31 21:51:00,70.29,70.31,70.3,70.3,41.76230863
2022-12-31 21:50:00,70.29,70.31,70.31,70.3,19.36458903
2022-12-31 21:49:00,70.29,70.31,70.31,70.29,19.96969297
2022-12-31 21:48:00,70.28,70.32,70.32,70.31,49.96272217
2022-12-31 21:47:00,70.29,70.33,70.31,70.33,256.99802877
2022-12-31 21:46:00,70.27,70.29,70.28,70.29,18.11599389
2022-12-31 21:45:00,70.24,70.3,70.26,70.29,145.08026279
2022-12-31 21:44:00,70.24,70.29,70.26,70.27,70.48356587
2022-12-31 21:43:00,70.24,70.27,70.24,70.25,33.27269475
2022-12-31 21:42:00,70.24,70.28,70.27,70.24,38.90146511
2022-12-31 21:41:00,70.26,70.29,70.28,70.26,10.43013081
2022-12-31 21:40:00,70.26,70.32,70.32,70.26,142.44892863
2022-12-31 21:39:00,70.26,70.32,70.27,70.31,29.10717195
2022-12-31 21:38:00,70.26,70.33,70.33,70.26,133.67929515
2022-12-31 21:37:00,70.33,70.35,70.33,70.34,40.9143016
2022-12-31 21:36:00,70.34,70.37,70.36,70.34,62.33288455
2022-12-31 21:35:00,70.31,70.37,70.32,70.35,72.88234689
2022-12-31 21:34:00,70.32,70.38,70.38,70.32,197.91774699
2022-12-31 21:33:00,70.33,70.37,70.33,70.37,18.53866003
2022-12-31 21:32:00,70.29,70.32,70.29,70.32,19.81678377
2022-12-31 21:31:00,70.29,70.34,70.31,70.3,284.22515044
2022-12-31 21:30:00,70.28,70.32,70.28,70.31,125.56721319
2022-12-31 21:29:00,70.27,70.29,70.28,70.28,24.9059672
2022-12-31 21:28:00,70.21,70.27,70.23,70.27,134.42990549
2022-12-31 21:27:00,70.17,70.23,70.17,70.23,76.19114933
2022-12-31 21:26:00,70.15,70.19,70.18,70.16,25.03131991
2022-12-31 21:25:00,70.14,70.19,70.19,70.17,30.51713128
2022-12-31 21:24:00,70.17,70.22,70.21,70.17,41.26515371
2022-12-31 21:23:00,70.18,70.25,70.25,70.21,87.53323012
2022-12-31 21:22:00,70.23,70.29,70.29,70.25,204.82549749
2022-12-31 21:21:00,70.28,70.33,70.32,70.29,63.57252806
2022-12-31 21:20:00,70.3,70.33,70.33,70.31,42.08089894
2022-12-31 21:19:00,70.3,70.34,70.3,70.33,20.66068942
2022-12-31 21:18:00,70.24,70.3,70.26,70.29,198.95354884
2022-12-31 21:17:00,70.23,70.28,70.27,70.25,113.35234908
2022-12-31 21:16:00,70.29,70.38,70.38,70.29,76.95895018
2022-12-31 21:15:00,70.32,70.39,70.32,70.38,489.7126792
2022-12-31 21:14:00,70.32,70.35,70.33,70.34,54.26510437
2022-12-31 21:13:00,70.26,70.33,70.28,70.33,43.25810908
2022-12-31 21:12:00,70.24,70.28,70.26,70.25,80.47256943
2022-12-31 21:11:00,70.26,70.29,70.29,70.28,22.95694935
2022-12-31 21:10:00,70.24,70.31,70.24,70.27,255.27818632
2022-12-31 21:09:00,70.25,70.27,70.25,70.27,50.48035589
2022-12-31 21:08:00,70.25,70.31,70.31,70.27,79.82216616
2022-12-31 21:07:00,70.29,70.35,70.34,70.31,136.99326822
2022-12-31 21:06:00,70.32,70.34,70.33,70.32,34.2610804
2022-12-31 21:05:00,70.31,70.35,70.32,70.33,32.47130962
2022-12-31 21:04:00,70.33,70.38,70.37,70.34,24.8452262
2022-12-31 21:03:00,70.37,70.4,70.4,70.38,31.39224241
2022-12-31 21:02:00,70.39,70.42,70.42,70.39,81.96662695
2022-12-31 21:01:00,70.35,70.43,70.37,70.42,163.58243328
2022-12-31 21:00:00,70.32,70.37,70.34,70.37,28.38448107
2022-12-31 20:59:00,70.32,70.35,70.33,70.34,83.54920277
2022-12-31 20:58:00,70.32,70.35,70.34,70.34,64.91883699
2022-12-31 20:57:00,70.32,70.37,70.36,70.34,21.37541844
2022-12-31 20:56:00,70.32,70.4,70.38,70.36,247.64237576
2022-12-31 20:55:00,70.38,70.4,70.4,70.38,10.77076565
2022-12-31 20:54:00,70.39,70.45,70.45,70.39,103.03911596
2022-12-31 20:53:00,70.43,70.48,70.48,70.45,29.78884672
2022-12-31 20:52:00,70.42,70.47,70.45,70.46,228.86391075
2022-12-31 20:51:00,70.4,70.44,70.41,70.44,338.81607529
2022-12-31 20:50:00,70.38,70.41,70.38,70.41,13.96074541
2022-12-31 20:49:00,70.37,70.41,70.4,70.37,113.22444193
2022-12-31 20:48:00,70.36,70.39,70.37,70.39,36.52896076
2022-12-31 20:47:00,70.37,70.42,70.42,70.37,186.17582627
2022-12-31 20:46:00,70.4,70.44,70.41,70.41,262.00353564
2022-12-31 20:45:00,70.36,70.44,70.44,70.42,173.12585521
2022-12-31 20:44:00,70.34,70.47,70.35,70.44,849.41194652
2022-12-31 20:43:00,70.3,70.35,70.34,70.35,180.88059524
2022-12-31 20:42:00,70.31,70.34,70.31,70.34,66.98945431
2022-12-31 20:41:00,70.3,70.31,70.3,70.3,13.59811059
2022-12-31 20:40:00,70.29,70.35,70.3,70.3,45.47789149
2022-12-31 20:39:00,70.31,70.33,70.32,70.32,18.27389431
2022-12-31 20:38:00,70.28,70.33,70.3,70.32,71.3273431
2022-12-31 20:37:00,70.28,70.3,70.29,70.3,11.3382514
2022-12-31 20:36:00,70.23,70.29,70.25,70.29,58.58027859
2022-12-31 20:35:00,70.22,70.27,70.27,70.25,17.97075221
2022-12-31 20:34:00,70.26,70.3,70.29,70.27,58.52271749
2022-12-31 20:33:00,70.27,70.3,70.27,70.27,43.22482262
2022-12-31 20:32:00,70.3,70.38,70.38,70.3,218.29080298
2022-12-31 20:31:00,70.25,70.4,70.25,70.38,752.53061664
2022-12-31 20:30:00,70.23,70.29,70.24,70.25,166.71507957
2022-12-31 20:29:00,70.2,70.25,70.2,70.24,40.73485063
2022-12-31 20:28:00,70.17,70.2,70.17,70.2,48.29230129
2022-12-31 20:27:00,70.14,70.19,70.17,70.18,32.56573982
2022-12-31 20:26:00,70.17,70.24,70.24,70.17,70.76841805
2022-12-31 20:25:00,70.22,70.24,70.22,70.23,19.23989746
2022-12-31 20:24:00,70.2,70.24,70.22,70.24,87.79532714
2022-12-31 20:23:00,70.18,70.21,70.18,70.21,126.46519257
2022-12-31 20:22:00,70.18,70.21,70.21,70.21,11.52455924
2022-12-31 20:21:00,70.19,70.23,70.22,70.21,4.68997016
2022-12-31 20:20:00,70.2,70.25,70.21,70.2,119.71605697
2022-12-31 20:19:00,70.2,70.24,70.22,70.23,156.2010401
2022-12-31 20:18:00,70.19,70.24,70.19,70.22,66.81989828
2022-12-31 20:17:00,70.13,70.22,70.16,70.22,1054.83070348
2022-12-31 20:16:00,70.07,70.16,70.09,70.14,94.72671537
2022-12-31 20:15:00,70.09,70.11,70.1,70.09,53.14334407
2022-12-31 20:14:00,70.05,70.11,70.08,70.09,66.20066989
2022-12-31 20:13:00,70.02,70.08,70.05,70.08,489.32499614
2022-12-31 20:12:00,70.03,70.06,70.06,70.05,38.45255537
2022-12-31 20:11:00,70.04,70.08,70.08,70.04,21.70943015
2022-12-31 20:10:00,70.06,70.09,70.09,70.08,37.00852399
2022-12-31 20:09:00,70.07,70.09,70.07,70.09,8.8519952
2022-12-31 20:08:00,70.08,70.1,70.09,70.09,38.14747621
2022-12-31 20:07:00,70.08,70.1,70.1,70.09,12.31080129
2022-12-31 20:06:00,70.08,70.1,70.09,70.1,37.07454426
2022-12-31 20:05:00,70.07,70.09,70.07,70.07,26.80876745
2022-12-31 20:04:00,70.06,70.09,70.07,70.07,64.28788584
2022-12-31 20:03:00,70.05,70.07,70.07,70.07,55.75521828
2022-12-31 20:02:00,70.04,70.08,70.05,70.04,78.04117749
2022-12-31 20:01:00,70.03,70.08,70.08,70.03,61.36754728
2022-12-31 20:00:00,70.06,70.09,70.07,70.08,40.81723997
2022-12-31 19:59:00,70.07,70.11,70.1,70.07,28.00872568
2022-12-31 19:58:00,70.07,70.1,70.07,70.1,78.60193197
2022-12-31 19:57:00,70.05,70.09,70.09,70.07,209.15666623
2022-12-31 19:56:00,70.07,70.11,70.11,70.09,68.29466445
2022-12-31 19:55:00,70.1,70.16,70.16,70.12,81.84314893
2022-12-31 19:54:00,70.15,70.18,70.18,70.18,144.00140823
2022-12-31 19:53:00,70.16,70.19,70.16,70.18,38.57531613
2022-12-31 19:52:00,70.17,70.24,70.24,70.18,160.25139967
2022-12-31 19:51:00,70.21,70.24,70.21,70.24,86.7400778
2022-12-31 19:50:00,70.2,70.24,70.23,70.21,176.30752205
2022-12-31 19:49:00,70.16,70.22,70.19,70.22,44.12957991
2022-12-31 19:48:00,70.17,70.24,70.17,70.19,175.31845978
2022-12-31 19:47:00,70.14,70.19,70.17,70.16,108.71291463
2022-12-31 19:46:00,70.12,70.17,70.12,70.16,38.10848092
2022-12-31 19:45:00,70.03,70.13,70.05,70.13,492.51911436
2022-12-31 19:44:00,70.03,70.07,70.05,70.05,68.95961324
2022-12-31 19:43:00,70.03,70.12,70.11,70.05,320.90744792
2022-12-31 19:42:00,70.12,70.15,70.12,70.13,126.28632789
2022-12-31 19:41:00,70.12,70.19,70.16,70.12,408.46687146
2022-12-31 19:40:00,70.13,70.17,70.13,70.16,81.17344341
2022-12-31 19:39:00,70.11,70.18,70.14,70.15,117.04563708
2022-12-31 19:38:00,70.12,70.15,70.15,70.15,100.8894713
2022-12-31 19:37:00,70.16,70.22,70.19,70.16,170.13996324
2022-12-31 19:36:00,70.16,70.23,70.2,70.23,146.38215648
2022-12-31 19:35:00,70.13,70.25,70.14,70.21,383.1560455
2022-12-31 19:34:00,70.09,70.17,70.09,70.12,483.87751714
2022-12-31 19:33:00,70.08,70.11,70.11,70.08,104.90697925
2022-12-31 19:32:00,70.05,70.11,70.07,70.11,102.81949743
2022-12-31 19:31:00,70.0,70.07,70.02,70.07,312.70568561
2022-12-31 19:30:00,70.01,70.02,70.01,70.02,26.66147229
2022-12-31 19:29:00,70.01,70.02,70.02,70.01,5.92073715
2022-12-31 19:28:00,70.0,70.02,70.01,70.02,44.52153655
2022-12-31 19:27:00,69.99,70.03,70.0,70.02,53.88581312
2022-12-31 19:26:00,69.91,70.0,69.95,70.0,264.24757641
2022-12-31 19:25:00,69.94,69.96,69.96,69.94,19.7814056
2022-12-31 19:24:00,69.95,69.96,69.96,69.96,25.9902225
2022-12-31 19:23:00,69.94,69.96,69.95,69.94,36.85207522
2023-01-01 05:23:00,69.01,69.04,69.03,69.04,10.47227796
2023-01-01 05:22:00,69.02,69.11,69.07,69.04,27.85157486
2023-01-01 05:21:00,68.99,69.05,69.01,69.04,61.00442108
2023-01-01 05:20:00,68.98,69.05,68.98,69.05,55.53814092
2023-01-01 05:19:00,68.88,69.17,69.17,68.95,1460.2797307
2023-01-01 05:18:00,69.15,69.2,69.19,69.15,19.84123352
2023-01-01 05:17:00,69.17,69.2,69.19,69.2,27.3153621
2023-01-01 05:16:00,69.18,69.19,69.18,69.19,122.24384071
2023-01-01 05:15:00,69.15,69.17,69.15,69.17,23.40841064
2023-01-01 05:14:00,69.13,69.19,69.14,69.19,78.21297565
2023-01-01 05:13:00,69.1,69.19,69.19,69.12,292.48847388
2023-01-01 05:12:00,69.17,69.19,69.17,69.17,77.0944257
2023-01-01 05:11:00,69.13,69.2,69.19,69.17,45.7271055
2023-01-01 05:10:00,69.18,69.22,69.22,69.2,4.76677737
2023-01-01 05:09:00,69.2,69.26,69.22,69.21,49.56382738
2023-01-01 05:08:00,69.2,69.26,69.26,69.21,51.15575221
2023-01-01 05:07:00,69.24,69.34,69.32,69.26,46.84462283
2023-01-01 05:06:00,69.31,69.34,69.31,69.33,19.34538559
2023-01-01 05:05:00,69.28,69.31,69.29,69.31,15.47537178
2023-01-01 05:04:00,69.27,69.3,69.3,69.3,77.40767886
2023-01-01 05:03:00,69.29,69.31,69.29,69.29,49.25360013
2023-01-01 05:02:00,69.25,69.3,69.25,69.29,17.01016284
2023-01-01 05:01:00,69.23,69.25,69.25,69.23,13.30267663
2023-01-01 05:00:00,69.21,69.25,69.21,69.23,13.69564635
2023-01-01 04:59:00,69.18,69.26,69.26,69.23,160.57950633
2023-01-01 04:58:00,69.25,69.28,69.26,69.26,89.86849468
2023-01-01 04:57:00,69.26,69.29,69.26,69.28,27.76263554
2023-01-01 04:56:00,69.28,69.34,69.34,69.28,92.69041764
2023-01-01 04:55:00,69.3,69.35,69.3,69.35,46.38884751
2023-01-01 04:54:00,69.27,69.3,69.27,69.3,51.58881059
2023-01-01 04:53:00,69.27,69.3,69.27,69.29,19.31352802
2023-01-01 04:52:00,69.28,69.36,69.33,69.28,428.18152959
2023-01-01 04:51:00,69.29,69.33,69.29,69.33,66.06537821
2023-01-01 04:50:00,69.19,69.28,69.19,69.28,200.09881755
2023-01-01 04:49:00,69.19,69.21,69.21,69.21,3.07099031
2023-01-01 04:48:00,69.19,69.23,69.19,69.23,34.58124197
2023-01-01 04:47:00,69.18,69.22,69.22,69.18,46.92856504
2023-01-01 04:46:00,69.24,69.27,69.27,69.24,12.61122448
2023-01-01 04:45:00,69.22,69.27,69.27,69.27,64.64476244
2023-01-01 04:44:00,69.25,69.34,69.34,69.27,109.63621179
2023-01-01 04:43:00,69.32,69.35,69.33,69.33,15.89881626
2023-01-01 04:42:00,69.3,69.33,69.32,69.33,97.46759688
2023-01-01 04:41:00,69.31,69.33,69.32,69.32,17.52758176
2023-01-01 04:40:00,69.31,69.36,69.36,69.33,24.51547091
2023-01-01 04:39:00,69.35,69.37,69.36,69.37,17.3654054
2023-01-01 04:38:00,69.35,69.37,69.37,69.36,30.60883431
2023-01-01 04:37:00,69.35,69.37,69.36,69.36,8.63658345
2023-01-01 04:36:00,69.34,69.37,69.37,69.34,29.65116973
2023-01-01 04:35:00,69.35,69.38,69.37,69.37,27.6973955
2023-01-01 04:34:00,69.33,69.37,69.34,69.37,26.65012558
2023-01-01 04:33:00,69.3,69.33,69.32,69.33,29.99919793
2023-01-01 04:32:00,69.3,69.32,69.3,69.32,5.58007256
2023-01-01 04:31:00,69.29,69.32,69.29,69.3,34.23582723
2023-01-01 04:30:00,69.28,69.32,69.29,69.3,48.76462005
2023-01-01 04:29:00,69.29,69.37,69.37,69.29,68.88726984
2023-01-01 04:28:00,69.35,69.38,69.38,69.35,24.39093652
2023-01-01 04:27:00,69.35,69.38,69.38,69.38,38.09998983
2023-01-01 04:26:00,69.3,69.38,69.31,69.38,42.37866626
2023-01-01 04:25:00,69.28,69.33,69.31,69.29,113.15166585
2023-01-01 04:24:00,69.3,69.33,69.32,69.33,15.91854721
2023-01-01 04:23:00,69.27,69.32,69.3,69.3,14.9883738
2023-01-01 04:22:00,69.22,69.28,69.22,69.28,39.19571574
2023-01-01 04:21:00,69.18,69.25,69.22,69.23,27.58839262
2023-01-01 04:20:00,69.19,69.24,69.22,69.22,29.52529493
2023-01-01 04:19:00,69.2,69.29,69.27,69.21,161.63439298
2023-01-01 04:18:00,69.25,69.29,69.28,69.29,32.93984042
2023-01-01 04:17:00,69.21,69.28,69.21,69.27,69.3529776
2023-01-01 04:16:00,69.19,69.22,69.22,69.19,56.65194964
2023-01-01 04:15:00,69.18,69.23,69.21,69.2,59.31585249
2023-01-01 04:14:00,69.2,69.24,69.23,69.22,64.03850264
2023-01-01 04:13:00,69.22,69.25,69.25,69.24,58.92709713
2023-01-01 04:12:00,69.25,69.27,69.25,69.27,24.41868518
2023-01-01 04:11:00,69.27,69.31,69.31,69.27,50.65121372
2023-01-01 04:10:00,69.25,69.35,69.28,69.32,256.86382962
2023-01-01 04:09:00,69.27,69.33,69.3,69.28,63.17367763
2023-01-01 04:08:00,69.29,69.33,69.29,69.31,56.94554564
2023-01-01 04:07:00,69.3,69.34,69.34,69.3,89.30607157
2023-01-01 04:06:00,69.32,69.37,69.37,69.35,57.390563
2023-01-01 04:05:00,69.34,69.38,69.34,69.37,67.03489039
2023-01-01 04:04:00,69.3,69.35,69.32,69.35,48.18025105
2023-01-01 04:03:00,69.3,69.45,69.45,69.3,407.41382443
2023-01-01 04:02:00,69.41,69.45,69.41,69.45,33.32472629
2023-01-01 04:01:00,69.41,69.44,69.42,69.41,24.31585034
2023-01-01 04:00:00,69.4,69.42,69.4,69.41,8.3209648
2023-01-01 03:59:00,69.4,69.53,69.53,69.41,491.92686156
2023-01-01 03:58:00,69.53,69.59,69.59,69.54,194.39403815
2023-01-01 03:57:00,69.57,69.61,69.58,69.6,58.3599213
2023-01-01 03:56:00,69.57,69.59,69.58,69.58,15.1687943
2023-01-01 03:55:00,69.57,69.6,69.58,69.58,9.78931517
2023-01-01 03:54:00,69.57,69.63,69.57,69.63,48.78790411
2023-01-01 03:53:00,69.57,69.6,69.6,69.57,11.81147708
2023-01-01 03:52:00,69.58,69.61,69.61,69.58,7.87503949
2023-01-01 03:51:00,69.6,69.62,69.62,69.6,5.80421348
2023-01-01 03:50:00,69.61,69.65,69.64,69.62,127.54931423
2023-01-01 03:49:00,69.63,69.66,69.63,69.63,28.85292066
2023-01-01 03:48:00,69.61,69.64,69.64,69.61,13.01982832
2023-01-01 03:47:00,69.61,69.64,69.63,69.63,37.20526131
2023-01-01 03:46:00,69.6,69.63,69.62,69.62,56.31819141
2023-01-01 03:45:00,69.58,69.71,69.69,69.61,161.1789827
2023-01-01 03:44:00,69.7,69.75,69.7,69.72,16.13854103
2023-01-01 03:43:00,69.64,69.7,69.67,69.69,77.88037417
2023-01-01 03:42:00,69.64,69.67,69.65,69.64,36.15617509
2023-01-01 03:41:00,69.64,69.68,69.68,69.65,41.56485924
2023-01-01 03:40:00,69.67,69.72,69.71,69.68,70.66806265
2023-01-01 03:39:00,69.66,69.7,69.69,69.7,11.43856295
2023-01-01 03:38:00,69.68,69.73,69.72,69.69,133.68771581
2023-01-01 03:37:00,69.71,69.74,69.73,69.72,15.0824348
2023-01-01 03:36:00,69.7,69.75,69.71,69.73,68.01406626
2023-01-01 03:35:00,69.7,69.76,69.76,69.72,42.45546844
2023-01-01 03:34:00,69.71,69.75,69.72,69.75,7.51132778
2023-01-01 03:33:00,69.69,69.75,69.69,69.75,32.81134653
2023-01-01 03:32:00,69.65,69.69,69.68,69.67,157.51353233
2023-01-01 03:31:00,69.65,69.67,69.67,69.67,8.68974567
2023-01-01 03:30:00,69.66,69.69,69.69,69.68,13.57184991
2023-01-01 03:29:00,69.6,69.69,69.6,69.69,67.84032894
2023-01-01 03:28:00,69.59,69.62,69.61,69.6,18.32015666
2023-01-01 03:27:00,69.57,69.61,69.57,69.61,30.41912718
2023-01-01 03:26:00,69.59,69.59,69.59,69.59,4.87754548
2023-01-01 03:25:00,69.54,69.59,69.54,69.59,24.02966341
2023-01-01 03:24:00,69.55,69.57,69.55,69.55,8.98695527
2023-01-01 03:23:00,69.54,69.56,69.55,69.56,28.73902493
2023-01-01 03:22:00,69.52,69.56,69.53,69.55,52.78856548
2023-01-01 03:21:00,69.46,69.51,69.46,69.51,83.59655816
2023-01-01 03:20:00,69.46,69.47,69.47,69.46,23.57551376
2023-01-01 03:19:00,69.4,69.49,69.46,69.4,106.05907037
2023-01-01 03:18:00,69.46,69.52,69.52,69.46,4.90731004
2023-01-01 03:17:00,69.48,69.53,69.52,69.51,139.36889707
2023-01-01 03:16:00,69.5,69.54,69.5,69.5,77.4399905
2023-01-01 03:15:00,69.48,69.53,69.53,69.51,87.71829057
2023-01-01 03:14:00,69.51,69.56,69.55,69.52,104.0438815
2023-01-01 03:13:00,69.5,69.55,69.5,69.54,17.16243611
2023-01-01 03:12:00,69.5,69.54,69.52,69.5,21.1256493
2023-01-01 03:11:00,69.51,69.54,69.53,69.54,14.41940523
2023-01-01 03:10:00,69.53,69.57,69.55,69.55,20.5740367
2023-01-01 03:09:00,69.55,69.58,69.57,69.56,33.84813357
2023-01-01 03:08:00,69.55,69.61,69.59,69.59,109.41319954
2023-01-01 03:07:00,69.59,69.64,69.62,69.62,99.66034291
2023-01-01 03:06:00,69.46,69.64,69.46,69.62,658.28785237
2023-01-01 03:05:00,69.42,69.47,69.47,69.47,75.24175413
2023-01-01 03:04:00,69.4,69.46,69.4,69.46,13.79221801
2023-01-01 03:03:00,69.38,69.44,69.4,69.4,199.20182584
2023-01-01 03:02:00,69.37,69.46,69.44,69.41,77.89776431
2023-01-01 03:01:00,69.38,69.45,69.43,69.45,70.91638951
2023-01-01 03:00:00,69.37,69.45,69.45,69.42,270.27557072
2023-01-01 02:59:00,69.46,69.52,69.5,69.49,29.6236841
2023-01-01 02:58:00,69.46,69.61,69.59,69.46,634.44982382
2023-01-01 02:57:00,69.59,69.62,69.59,69.61,15.10518746
2023-01-01 02:56:00,69.59,69.61,69.61,69.61,94.01405712
2023-01-01 02:55:00,69.6,69.61,69.6,69.61,9.54020437
2023-01-01 02:54:00,69.59,69.62,69.62,69.61,39.67161159
2023-01-01 02:53:00,69.59,69.63,69.6,69.62,72.21291933
2023-01-01 02:52:00,69.59,69.63,69.63,69.6,31.09828472
2023-01-01 02:51:00,69.6,69.68,69.68,69.63,25.66576821
2023-01-01 02:50:00,69.65,69.69,69.69,69.68,21.33619728
2023-01-01 02:49:00,69.64,69.69,69.66,69.67,29.59264506
2023-01-01 02:48:00,69.64,69.68,69.67,69.66,52.33933702
2023-01-01 02:47:00,69.66,69.68,69.66,69.67,8.7249231
2023-01-01 02:46:00,69.59,69.66,69.6,69.66,10.09046458
2023-01-01 02:45:00,69.57,69.61,69.59,69.57,37.63360834
2023-01-01 02:44:00,69.58,69.61,69.6,69.59,23.92565773
2023-01-01 02:43:00,69.58,69.64,69.64,69.58,54.77013281
2023-01-01 02:42:00,69.61,69.64,69.63,69.63,56.1664644
2023-01-01 02:41:00,69.59,69.62,69.61,69.61,145.48693377
2023-01-01 02:40:00,69.62,69.69,69.67,69.62,123.4045009
2023-01-01 02:39:00,69.65,69.69,69.67,69.68,54.89986273
2023-01-01 02:38:00,69.68,69.69,69.69,69.68,11.36967794
2023-01-01 02:37:00,69.67,69.7,69.68,69.67,27.18399169
2023-01-01 02:36:00,69.66,69.71,69.7,69.7,158.62284746
2023-01-01 02:35:00,69.69,69.78,69.77,69.7,97.09672446
2023-01-01 02:34:00,69.73,69.8,69.73,69.79,49.81142596
2023-01-01 02:33:00,69.71,69.76,69.73,69.74,121.87211763
2023-01-01 02:32:00,69.67,69.73,69.69,69.71,41.28949412
2023-01-01 02:31:00,69.61,69.69,69.61,69.69,132.51404036
2023-01-01 02:30:00,69.57,69.61,69.6,69.61,57.67695447
2023-01-01 02:29:00,69.58,69.62,69.59,69.6,81.67873379
2023-01-01 02:28:00,69.55,69.6,69.55,69.6,61.42355763
2023-01-01 02:27:00,69.55,69.57,69.55,69.57,83.81569929
2023-01-01 02:26:00,69.51,69.58,69.51,69.58,101.57026667
2023-01-01 02:25:00,69.47,69.51,69.48,69.5,92.88609949
2023-01-01 02:24:00,69.44,69.48,69.47,69.48,110.44524089
2023-01-01 02:23:00,69.42,69.48,69.44,69.45,169.06934094
2023-01-01 02:22:00,69.4,69.45,69.41,69.44,22.32873349
2023-01-01 02:21:00,69.4,69.45,69.42,69.42,27.06107888
2023-01-01 02:20:00,69.42,69.45,69.43,69.44,47.06231578
2023-01-01 02:19:00,69.39,69.43,69.42,69.43,213.28964624
2023-01-01 02:18:00,69.4,69.43,69.43,69.42,44.37359697
2023-01-01 02:17:00,69.37,69.43,69.4,69.43,58.17027713
2023-01-01 02:16:00,69.39,69.42,69.42,69.42,27.18350962
2023-01-01 02:15:00,69.38,69.42,69.38,69.41,23.3108421
2023-01-01 02:14:00,69.31,69.38,69.31,69.37,99.64371131
2023-01-01 02:13:00,69.28,69.32,69.28,69.32,49.44140521
2023-01-01 02:12:00,69.29,69.32,69.31,69.32,16.29052311
2023-01-01 02:11:00,69.27,69.31,69.28,69.3,78.80728734
2023-01-01 02:10:00,69.26,69.31,69.31,69.28,61.04838514
2023-01-01 02:09:00,69.28,69.32,69.3,69.31,29.03839438
2023-01-01 02:08:00,69.29,69.32,69.3,69.3,36.64786733
2023-01-01 02:07:00,69.27,69.29,69.28,69.29,9.35133104
2023-01-01 02:06:00,69.27,69.33,69.31,69.28,45.43143959
2023-01-01 02:05:00,69.31,69.34,69.32,69.32,6.12484697
2023-01-01 02:04:00,69.33,69.36,69.35,69.34,135.38881722
2023-01-01 02:03:00,69.36,69.42,69.4,69.38,115.28718611
2023-01-01 02:02:00,69.4,69.46,69.46,69.4,46.9985253
2023-01-01 02:01:00,69.36,69.45,69.38,69.45,46.53780397
2023-01-01 02:00:00,69.38,69.42,69.42,69.38,39.04228967
2023-01-01 01:59:00,69.42,69.5,69.42,69.44,176.9470459
2023-01-01 01:58:00,69.4,69.53,69.5,69.4,155.6262577
2023-01-01 01:57:00,69.5,69.55,69.54,69.5,235.83036744
2023-01-01 01:56:00,69.47,69.53,69.47,69.53,976.32225454
2023-01-01 01:55:00,69.44,69.5,69.44,69.49,25.50325618
2023-01-01 01:54:00,69.43,69.45,69.43,69.45,2.76972103
2023-01-01 01:53:00,69.39,69.46,69.41,69.44,89.87799675
2023-01-01 01:52:00,69.4,69.42,69.4,69.4,23.07696487
2023-01-01 01:51:00,69.42,69.47,69.43,69.42,60.21533232
2023-01-01 01:50:00,69.41,69.43,69.41,69.41,34.32696982
2023-01-01 01:49:00,69.36,69.44,69.38,69.42,82.34100996
2023-01-01 01:48:00,69.32,69.39,69.38,69.39,40.39136983
2023-01-01 01:47:00,69.33,69.39,69.35,69.39,38.92282249
2023-01-01 01:46:00,69.32,69.36,69.32,69.32,61.93530878
2023-01-01 01:45:00,69.32,69.34,69.32,69.34,23.79864616
2023-01-01 01:44:00,69.29,69.36,69.29,69.31,83.82390282
2023-01-01 01:43:00,69.21,69.29,69.21,69.29,357.06601293
2023-01-01 01:42:00,69.2,69.24,69.22,69.22,25.22852555
2023-01-01 01:41:00,69.15,69.2,69.16,69.2,30.14297427
2023-01-01 01:40:00,69.13,69.17,69.14,69.15,40.11488856
2023-01-01 01:39:00,69.12,69.17,69.14,69.15,43.47242336
2023-01-01 01:38:00,69.13,69.23,69.19,69.13,147.8325954
2023-01-01 01:37:00,69.2,69.24,69.24,69.21,85.93863411
2023-01-01 01:36:00,69.23,69.29,69.29,69.23,20.0232199
2023-01-01 01:35:00,69.21,69.28,69.24,69.25,93.5755304
2023-01-01 01:34:00,69.23,69.26,69.25,69.23,28.28313796
2023-01-01 01:33:00,69.24,69.28,69.28,69.24,22.26746317
2023-01-01 01:32:00,69.25,69.29,69.25,69.28,39.81214395
2023-01-01 01:31:00,69.23,69.28,69.26,69.23,147.91437072
2023-01-01 01:30:00,69.27,69.33,69.33,69.27,96.83382272
2023-01-01 01:29:00,69.31,69.33,69.32,69.33,18.03038843
2023-01-01 01:28:00,69.31,69.35,69.33,69.31,25.29295214
2023-01-01 01:27:00,69.32,69.39,69.38,69.33,27.50915574
2023-01-01 01:26:00,69.33,69.37,69.36,69.36,275.93810978
2023-01-01 01:25:00,69.33,69.39,69.39,69.38,126.90449852
2023-01-01 01:24:00,69.31,69.39,69.33,69.39,121.52713088
2023-01-01 01:23:00,69.28,69.33,69.28,69.33,206.71276678
2023-01-01 01:22:00,69.32,69.38,69.38,69.32,85.04251527
2023-01-01 01:21:00,69.33,69.38,69.36,69.38,125.74542545
2023-01-01 01:20:00,69.36,69.4,69.37,69.37,44.11160264
2023-01-01 01:19:00,69.32,69.37,69.32,69.37,17.19227099
2023-01-01 01:18:00,69.31,69.34,69.32,69.32,30.95711804
2023-01-01 01:17:00,69.3,69.33,69.32,69.33,84.28125652
2023-01-01 01:16:00,69.33,69.41,69.4,69.33,195.98963478
2023-01-01 01:15:00,69.37,69.43,69.38,69.43,220.94577625
2023-01-01 01:14:00,69.38,69.44,69.44,69.38,36.48827717
2023-01-01 01:13:00,69.38,69.44,69.38,69.43,56.20607938
2023-01-01 01:12:00,69.37,69.46,69.46,69.38,135.47649844
2023-01-01 01:11:00,69.43,69.47,69.44,69.46,68.11702186
2023-01-01 01:10:00,69.4,69.46,69.44,69.46,192.62696646
2023-01-01 01:09:00,69.35,69.46,69.38,69.43,82.73927672
2023-01-01 01:08:00,69.32,69.36,69.33,69.36,79.23382521
2023-01-01 01:07:00,69.28,69.32,69.29,69.32,31.57896084
2023-01-01 01:06:00,69.27,69.29,69.29,69.29,42.8134949
2023-01-01 01:05:00,69.26,69.3,69.26,69.29,41.28527608
2023-01-01 01:04:00,69.27,69.34,69.33,69.27,90.72029982
2023-01-01 01:03:00,69.31,69.33,69.33,69.33,85.42922383
2023-01-01 01:02:00,69.27,69.34,69.27,69.33,40.39933999
2023-01-01 01:01:00,69.16,69.27,69.18,69.27,59.33588296
2023-01-01 01:00:00,69.17,69.25,69.25,69.19,65.89524679
2023-01-01 00:59:00,69.25,69.3,69.3,69.26,31.78481812
2023-01-01 00:58:00,69.29,69.41,69.41,69.3,46.94260656
2023-01-01 00:57:00,69.36,69.42,69.36,69.41,59.97185135
2023-01-01 00:56:00,69.31,69.39,69.31,69.37,54.05813316
2023-01-01 00:55:00,69.29,69.33,69.33,69.33,21.84814696
2023-01-01 00:54:00,69.31,69.36,69.32,69.32,59.7407446
2023-01-01 00:53:00,69.32,69.34,69.34,69.32,10.81604767
2023-01-01 00:52:00,69.26,69.32,69.27,69.32,60.75315836
2023-01-01 00:51:00,69.2,69.27,69.26,69.27,47.72698698
2023-01-01 00:50:00,69.24,69.28,69.27,69.25,169.82600737
2023-01-01 00:49:00,69.26,69.38,69.37,69.26,155.19087565
2023-01-01 00:48:00,69.34,69.42,69.34,69.37,796.45483003
2023-01-01 00:47:00,69.29,69.36,69.29,69.35,499.15441105
2023-01-01 00:46:00,69.26,69.33,69.27,69.3,190.00010013
2023-01-01 00:45:00,69.18,69.27,69.19,69.27,227.76179116
2023-01-01 00:44:00,69.14,69.28,69.18,69.2,515.76933061
2023-01-01 00:43:00,69.11,69.23,69.22,69.19,315.13882359
2023-01-01 00:42:00,69.2,69.35,69.35,69.22,2487.12353716
2023-01-01 00:41:00,69.26,69.46,69.46,69.35,1225.04949405
2023-01-01 00:40:00,69.44,69.47,69.44,69.46,108.45825659
2023-01-01 00:39:00,69.39,69.49,69.48,69.45,450.08118103
2023-01-01 00:38:00,69.4,69.58,69.52,69.47,1522.56747813
2023-01-01 00:37:00,69.43,69.62,69.62,69.52,1263.91503116
2023-01-01 00:36:00,69.59,69.7,69.7,69.64,1719.87656193
2023-01-01 00:35:00,69.68,69.72,69.71,69.7,313.50197258
2023-01-01 00:34:00,69.67,69.77,69.77,69.72,1309.0525694
2023-01-01 00:33:00,69.77,69.82,69.82,69.77,202.82905459
2023-01-01 00:32:00,69.79,69.84,69.83,69.82,321.20686185
2023-01-01 00:31:00,69.82,69.85,69.82,69.84,314.96931046
2023-01-01 00:30:00,69.81,69.85,69.84,69.81,323.19767817
2023-01-01 00:29:00,69.84,69.87,69.87,69.85,263.33143942
2023-01-01 00:28:00,69.86,69.87,69.87,69.87,225.02674651
2023-01-01 00:27:00,69.86,69.89,69.89,69.87,49.50549587
2023-01-01 00:26:00,69.88,69.98,69.96,69.89,643.85848115
2023-01-01 00:25:00,69.94,69.99,69.94,69.99,95.89102815
2023-01-01 00:24:00,69.94,70.01,69.97,69.94,498.34053147
2023-01-01 00:23:00,69.94,70.02,69.96,69.99,273.32782853
2023-01-01 10:23:00,70.15,70.19,70.18,70.17,23.04219807
2023-01-01 10:22:00,70.16,70.21,70.21,70.2,46.23129225
2023-01-01 10:21:00,70.22,70.27,70.27,70.23,82.78237988
2023-01-01 10:20:00,70.22,70.26,70.23,70.26,15.46569894
2023-01-01 10:19:00,70.2,70.23,70.23,70.23,24.5040142
2023-01-01 10:18:00,70.23,70.27,70.27,70.24,33.28380424
2023-01-01 10:17:00,70.24,70.27,70.27,70.27,33.00646696
2023-01-01 10:16:00,70.28,70.3,70.3,70.3,7.66482433
2023-01-01 10:15:00,70.28,70.35,70.34,70.3,149.30988667
2023-01-01 10:14:00,70.31,70.36,70.35,70.32,85.6063705
2023-01-01 10:13:00,70.29,70.37,70.3,70.37,40.00480225
2023-01-01 10:12:00,70.26,70.3,70.27,70.3,40.70883809
2023-01-01 10:11:00,70.27,70.32,70.32,70.27,8.9090146
2023-01-01 10:10:00,70.3,70.34,70.3,70.32,70.64470659
2023-01-01 10:09:00,70.27,70.3,70.3,70.3,35.2911401
2023-01-01 10:08:00,70.28,70.33,70.31,70.32,44.01915569
2023-01-01 10:07:00,70.31,70.39,70.38,70.31,62.95510571
2023-01-01 10:06:00,70.35,70.41,70.39,70.41,30.8016656
2023-01-01 10:05:00,70.36,70.42,70.37,70.38,12.43821545
2023-01-01 10:04:00,70.38,70.42,70.42,70.4,79.11718965
2023-01-01 10:03:00,70.41,70.46,70.46,70.42,343.16984048
2023-01-01 10:02:00,70.47,70.53,70.53,70.47,82.28011221
2023-01-01 10:01:00,70.48,70.59,70.5,70.56,106.60823442
2023-01-01 10:00:00,70.45,70.59,70.45,70.53,391.49884938
2023-01-01 09:59:00,70.41,70.47,70.42,70.44,77.76790281
2023-01-01 09:58:00,70.4,70.43,70.41,70.43,22.25757076
2023-01-01 09:57:00,70.38,70.46,70.4,70.38,252.69007257
2023-01-01 09:56:00,70.38,70.4,70.39,70.4,9.55528737
2023-01-01 09:55:00,70.34,70.39,70.36,70.39,164.06533372
2023-01-01 09:54:00,70.26,70.34,70.26,70.34,55.97886104
2023-01-01 09:53:00,70.19,70.24,70.22,70.24,52.29000656
2023-01-01 09:52:00,70.2,70.25,70.2,70.23,32.15022213
2023-01-01 09:51:00,70.13,70.19,70.17,70.19,27.61200498
2023-01-01 09:50:00,70.16,70.17,70.17,70.16,8.18534315
2023-01-01 09:49:00,70.12,70.23,70.12,70.19,193.35241284
2023-01-01 09:48:00,70.14,70.22,70.19,70.14,95.19607857
2023-01-01 09:47:00,70.23,70.32,70.31,70.24,68.51196811
2023-01-01 09:46:00,70.24,70.33,70.29,70.3,132.4484671
2023-01-01 09:45:00,70.22,70.37,70.22,70.27,714.67077569
2023-01-01 09:44:00,70.14,70.21,70.18,70.21,134.11227861
2023-01-01 09:43:00,70.1,70.19,70.11,70.19,306.7470828
2023-01-01 09:42:00,70.05,70.11,70.07,70.11,39.71766603
2023-01-01 09:41:00,69.99,70.07,70.0,70.07,34.39804486
2023-01-01 09:40:00,69.97,69.99,69.98,69.99,3.32814894
2023-01-01 09:39:00,69.98,70.0,69.98,69.98,18.82793459
2023-01-01 09:38:00,70.0,70.02,70.0,70.02,14.87142596
2023-01-01 09:37:00,69.95,70.02,70.02,69.99,211.30679445
2023-01-01 09:36:00,69.97,70.02,70.0,70.02,18.02142777
2023-01-01 09:35:00,69.97,70.0,69.98,69.98,11.36035119
2023-01-01 09:34:00,69.97,70.0,69.99,69.99,127.12477639
2023-01-01 09:33:00,69.97,69.98,69.97,69.98,8.84666412
2023-01-01 09:32:00,69.92,69.97,69.92,69.95,13.01395393
2023-01-01 09:31:00,69.85,69.9,69.88,69.9,7.41825732
2023-01-01 09:30:00,69.82,69.88,69.83,69.84,242.92567021
2023-01-01 09:29:00,69.84,69.87,69.85,69.86,20.1129082
2023-01-01 09:28:00,69.85,69.93,69.93,69.86,73.81428222
2023-01-01 09:27:00,69.91,69.96,69.91,69.96,86.30582936
2023-01-01 09:26:00,69.87,69.9,69.88,69.9,21.6755369
2023-01-01 09:25:00,69.89,69.92,69.91,69.91,110.30777979
2023-01-01 09:24:00,69.86,69.92,69.87,69.91,47.20435049
2023-01-01 09:23:00,69.83,69.86,69.83,69.85,16.86458715
2023-01-01 09:22:00,69.85,69.87,69.85,69.86,20.09425025
2023-01-01 09:21:00,69.76,69.83,69.79,69.83,173.13355795
2023-01-01 09:20:00,69.76,69.79,69.76,69.77,57.61968138
2023-01-01 09:19:00,69.75,69.76,69.75,69.76,19.5579706
2023-01-01 09:18:00,69.74,69.79,69.78,69.75,142.33831424
2023-01-01 09:17:00,69.77,69.85,69.85,69.78,80.13959516
2023-01-01 09:16:00,69.8,69.86,69.86,69.83,199.45518889
2023-01-01 09:15:00,69.86,69.91,69.87,69.86,14.66979226
2023-01-01 09:14:00,69.87,69.93,69.92,69.89,56.45586669
2023-01-01 09:13:00,69.83,69.91,69.88,69.91,31.30153701
2023-01-01 09:12:00,69.88,69.93,69.92,69.88,19.5114989
2023-01-01 09:11:00,69.92,69.95,69.95,69.93,43.23794123
2023-01-01 09:10:00,69.92,69.95,69.92,69.95,108.49116998
2023-01-01 09:09:00,69.84,69.93,69.84,69.92,129.08456988
2023-01-01 09:08:00,69.76,69.85,69.76,69.83,17.04606322
2023-01-01 09:07:00,69.74,69.81,69.81,69.75,69.01604318
2023-01-01 09:06:00,69.81,69.85,69.84,69.82,13.23233674
2023-01-01 09:05:00,69.81,69.85,69.84,69.84,65.18128568
2023-01-01 09:04:00,69.85,69.95,69.9,69.85,127.12131644
2023-01-01 09:03:00,69.9,69.99,69.99,69.9,110.42260005
2023-01-01 09:02:00,69.95,70.0,69.99,69.98,83.30821987
2023-01-01 09:01:00,69.93,70.05,69.98,70.01,441.48074251
2023-01-01 09:00:00,69.88,70.02,69.88,70.02,23.09265575
2023-01-01 08:59:00,69.87,69.92,69.91,69.87,31.58019345
2023-01-01 08:58:00,69.92,69.99,69.98,69.92,34.71524725
2023-01-01 08:57:00,69.95,69.99,69.95,69.99,4.30344502
2023-01-01 08:56:00,69.96,70.0,70.0,69.97,88.45454187
2023-01-01 08:55:00,69.99,70.07,70.06,70.01,392.60730866
2023-01-01 08:54:00,69.9,70.18,69.9,70.1,617.13174101
2023-01-01 08:53:00,69.75,69.91,69.76,69.87,163.44944502
2023-01-01 08:52:00,69.66,69.77,69.69,69.77,61.56243346
2023-01-01 08:51:00,69.69,69.82,69.78,69.69,468.65379084
2023-01-01 08:50:00,69.7,69.77,69.71,69.77,145.70122186
2023-01-01 08:49:00,69.65,69.71,69.68,69.71,138.18537566
2023-01-01 08:48:00,69.61,69.66,69.61,69.66,23.61857055
2023-01-01 08:47:00,69.59,69.69,69.59,69.64,237.7147912
2023-01-01 08:46:00,69.51,69.58,69.53,69.58,291.93062337
2023-01-01 08:45:00,69.47,69.55,69.47,69.55,33.986491
2023-01-01 08:44:00,69.46,69.54,69.51,69.46,70.59731751
2023-01-01 08:43:00,69.5,69.55,69.53,69.52,14.12042178
2023-01-01 08:42:00,69.5,69.54,69.52,69.53,52.74077818
2023-01-01 08:41:00,69.47,69.56,69.56,69.49,49.67530831
2023-01-01 08:40:00,69.46,69.57,69.46,69.55,179.43267429
2023-01-01 08:39:00,69.46,69.51,69.49,69.46,65.68267523
2023-01-01 08:38:00,69.42,69.47,69.44,69.47,113.68558098
2023-01-01 08:37:00,69.42,69.45,69.44,69.44,13.64530251
2023-01-01 08:36:00,69.41,69.46,69.44,69.43,251.39643751
2023-01-01 08:35:00,69.44,69.47,69.47,69.44,12.03753338
2023-01-01 08:34:00,69.45,69.48,69.48,69.47,15.37214701
2023-01-01 08:33:00,69.45,69.49,69.46,69.46,126.53666499
2023-01-01 08:32:00,69.43,69.47,69.44,69.46,11.60949919
2023-01-01 08:31:00,69.41,69.43,69.43,69.43,14.26001594
2023-01-01 08:30:00,69.4,69.44,69.44,69.43,67.01209375
2023-01-01 08:29:00,69.41,69.43,69.42,69.42,68.46673209
2023-01-01 08:28:00,69.39,69.42,69.41,69.41,19.76085349
2023-01-01 08:27:00,69.39,69.41,69.39,69.41,4.14766236
2023-01-01 08:26:00,69.39,69.43,69.42,69.41,160.95970405
2023-01-01 08:25:00,69.4,69.43,69.42,69.42,4.92561929
2023-01-01 08:24:00,69.37,69.42,69.38,69.39,147.38791651
2023-01-01 08:23:00,69.37,69.38,69.37,69.38,15.05594622
2023-01-01 08:22:00,69.37,69.43,69.42,69.38,163.69947666
2023-01-01 08:21:00,69.4,69.43,69.43,69.42,49.47349125
2023-01-01 08:20:00,69.4,69.46,69.41,69.45,166.1328174
2023-01-01 08:19:00,69.39,69.42,69.41,69.41,39.7090631
2023-01-01 08:18:00,69.34,69.4,69.34,69.4,33.62007747
2023-01-01 08:17:00,69.33,69.35,69.35,69.34,9.53576674
2023-01-01 08:16:00,69.33,69.35,69.35,69.35,9.93991934
2023-01-01 08:15:00,69.34,69.35,69.35,69.35,5.57788938
2023-01-01 08:14:00,69.33,69.36,69.36,69.34,69.15523752
2023-01-01 08:13:00,69.35,69.38,69.38,69.35,30.96587968
2023-01-01 08:12:00,69.35,69.37,69.37,69.36,4.74929452
2023-01-01 08:11:00,69.36,69.37,69.36,69.37,54.97780079
2023-01-01 08:10:00,69.35,69.37,69.35,69.36,9.59189347
2023-01-01 08:09:00,69.36,69.38,69.38,69.37,51.55330875
2023-01-01 08:08:00,69.36,69.38,69.38,69.36,24.43571039
2023-01-01 08:07:00,69.36,69.39,69.38,69.38,120.56945885
2023-01-01 08:06:00,69.39,69.44,69.44,69.39,41.79917585
2023-01-01 08:05:00,69.46,69.48,69.47,69.46,36.00600507
2023-01-01 08:04:00,69.44,69.49,69.46,69.47,17.03720783
2023-01-01 08:03:00,69.43,69.47,69.47,69.46,11.01347598
2023-01-01 08:02:00,69.44,69.47,69.46,69.46,9.68075509
2023-01-01 08:01:00,69.42,69.48,69.44,69.46,51.72393344
2023-01-01 08:00:00,69.42,69.45,69.45,69.43,46.40506296
2023-01-01 07:59:00,69.42,69.46,69.45,69.45,16.16513279
2023-01-01 07:58:00,69.45,69.46,69.46,69.45,0.87669018
2023-01-01 07:57:00,69.41,69.45,69.43,69.43,36.22027618
2023-01-01 07:56:00,69.38,69.44,69.39,69.44,60.5524977
2023-01-01 07:55:00,69.36,69.39,69.37,69.38,74.76888763
2023-01-01 07:54:00,69.36,69.39,69.38,69.37,25.31968775
2023-01-01 07:53:00,69.35,69.38,69.35,69.38,121.50849876
2023-01-01 07:52:00,69.34,69.38,69.36,69.35,91.91340834
2023-01-01 07:51:00,69.37,69.42,69.39,69.37,65.35124477
2023-01-01 07:50:00,69.36,69.42,69.39,69.41,31.93901547
2023-01-01 07:49:00,69.36,69.38,69.36,69.38,3.58506638
2023-01-01 07:48:00,69.36,69.38,69.38,69.36,17.88592251
2023-01-01 07:47:00,69.36,69.38,69.36,69.38,36.73209511
2023-01-01 07:46:00,69.34,69.38,69.37,69.38,33.96761988
2023-01-01 07:45:00,69.37,69.42,69.41,69.37,49.1503701
2023-01-01 07:44:00,69.39,69.42,69.39,69.39,75.36806555
2023-01-01 07:43:00,69.38,69.41,69.38,69.39,28.12149667
2023-01-01 07:42:00,69.36,69.41,69.4,69.4,372.50766249
2023-01-01 07:41:00,69.36,69.4,69.36,69.4,5.17626643
2023-01-01 07:40:00,69.35,69.38,69.38,69.35,28.20395873
2023-01-01 07:39:00,69.36,69.38,69.36,69.37,13.92803689
2023-01-01 07:38:00,69.35,69.37,69.37,69.36,25.34243806
2023-01-01 07:37:00,69.33,69.38,69.36,69.38,51.72646536
2023-01-01 07:36:00,69.34,69.37,69.35,69.36,17.84765819
2023-01-01 07:35:00,69.29,69.38,69.37,69.35,156.96838677
2023-01-01 07:34:00,69.36,69.37,69.36,69.37,11.48289687
2023-01-01 07:33:00,69.31,69.36,69.31,69.33,50.15585907
2023-01-01 07:32:00,69.3,69.32,69.32,69.32,54.61899074
2023-01-01 07:31:00,69.3,69.33,69.33,69.32,87.71684256
2023-01-01 07:30:00,69.31,69.34,69.32,69.33,100.30955472
2023-01-01 07:29:00,69.28,69.33,69.3,69.33,18.96534614
2023-01-01 07:28:00,69.25,69.31,69.27,69.28,60.80760362
2023-01-01 07:27:00,69.26,69.27,69.26,69.27,29.90303316
2023-01-01 07:26:00,69.24,69.27,69.24,69.26,69.08230339
2023-01-01 07:25:00,69.2,69.24,69.24,69.22,147.59547021
2023-01-01 07:24:00,69.15,69.23,69.15,69.23,315.65030616
2023-01-01 07:23:00,69.18,69.25,69.24,69.18,110.65981422
2023-01-01 07:22:00,69.2,69.22,69.22,69.22,95.51807233
2023-01-01 07:21:00,69.19,69.22,69.19,69.22,4.4214779
2023-01-01 07:20:00,69.12,69.19,69.13,69.19,147.47135157
2023-01-01 07:19:00,69.13,69.17,69.17,69.15,4.22698058
2023-01-01 07:18:00,69.13,69.16,69.14,69.15,19.07120435
2023-01-01 07:17:00,69.13,69.18,69.15,69.16,110.59791895
2023-01-01 07:16:00,69.15,69.19,69.18,69.17,108.90498911
2023-01-01 07:15:00,69.16,69.2,69.2,69.16,111.55226566
2023-01-01 07:14:00,69.2,69.21,69.2,69.2,20.73730939
2023-01-01 07:13:00,69.19,69.21,69.19,69.21,10.71958167
2023-01-01 07:12:00,69.19,69.23,69.23,69.21,16.63409123
2023-01-01 07:11:00,69.19,69.23,69.2,69.23,38.21748973
2023-01-01 07:10:00,69.2,69.27,69.26,69.2,68.28733864
2023-01-01 07:09:00,69.24,69.26,69.26,69.26,19.4293593
2023-01-01 07:08:00,69.19,69.26,69.19,69.26,148.09701655
2023-01-01 07:07:00,69.16,69.2,69.2,69.17,10.63151172
2023-01-01 07:06:00,69.17,69.23,69.23,69.17,78.30943141
2023-01-01 07:05:00,69.22,69.29,69.29,69.22,147.4045857
2023-01-01 07:04:00,69.27,69.3,69.28,69.29,84.68367354
2023-01-01 07:03:00,69.26,69.33,69.33,69.26,8.9004939
2023-01-01 07:02:00,69.31,69.33,69.32,69.33,8.21053717
2023-01-01 07:01:00,69.29,69.33,69.3,69.32,22.40028296
2023-01-01 07:00:00,69.29,69.33,69.32,69.31,183.01885479
2023-01-01 06:59:00,69.31,69.33,69.33,69.32,42.10821064
2023-01-01 06:58:00,69.28,69.35,69.35,69.33,244.00122677
2023-01-01 06:57:00,69.35,69.37,69.35,69.37,47.7922039
2023-01-01 06:56:00,69.3,69.35,69.31,69.35,67.18077162
2023-01-01 06:55:00,69.31,69.35,69.35,69.31,40.65645324
2023-01-01 06:54:00,69.31,69.36,69.31,69.34,3.70228685
2023-01-01 06:53:00,69.31,69.33,69.32,69.33,23.04245424
2023-01-01 06:52:00,69.34,69.37,69.36,69.35,39.49380336
2023-01-01 06:51:00,69.36,69.38,69.38,69.37,19.57654195
2023-01-01 06:50:00,69.37,69.39,69.39,69.38,9.24860668
2023-01-01 06:49:00,69.37,69.42,69.42,69.39,19.18985908
2023-01-01 06:48:00,69.4,69.42,69.42,69.42,26.49721672
2023-01-01 06:47:00,69.4,69.43,69.42,69.42,37.54585603
2023-01-01 06:46:00,69.41,69.44,69.42,69.41,11.28389586
2023-01-01 06:45:00,69.43,69.47,69.47,69.44,109.65716691
2023-01-01 06:44:00,69.45,69.47,69.47,69.47,12.76614163
2023-01-01 06:43:00,69.44,69.47,69.44,69.47,12.93523597
2023-01-01 06:42:00,69.39,69.43,69.42,69.43,84.04733941
2023-01-01 06:41:00,69.36,69.41,69.36,69.41,15.43198047
2023-01-01 06:40:00,69.36,69.39,69.37,69.37,76.37555923
2023-01-01 06:39:00,69.36,69.41,69.4,69.36,71.98653622
2023-01-01 06:38:00,69.38,69.41,69.39,69.41,19.43113035
2023-01-01 06:37:00,69.34,69.4,69.37,69.38,48.78148526
2023-01-01 06:36:00,69.3,69.37,69.32,69.37,151.74410377
2023-01-01 06:35:00,69.31,69.37,69.37,69.32,206.16063154
2023-01-01 06:34:00,69.33,69.37,69.33,69.35,101.83406152
2023-01-01 06:33:00,69.32,69.37,69.37,69.32,143.92290641
2023-01-01 06:32:00,69.37,69.39,69.37,69.38,12.2850097
2023-01-01 06:31:00,69.37,69.42,69.42,69.37,32.24557605
2023-01-01 06:30:00,69.41,69.42,69.42,69.42,6.44217332
2023-01-01 06:29:00,69.41,69.46,69.46,69.42,253.37794744
2023-01-01 06:28:00,69.41,69.49,69.41,69.47,951.71963418
2023-01-01 06:27:00,69.38,69.42,69.42,69.42,150.02876241
2023-01-01 06:26:00,69.41,69.42,69.42,69.41,608.64640656
2023-01-01 06:25:00,69.4,69.42,69.41,69.41,92.05762375
2023-01-01 06:24:00,69.4,69.42,69.42,69.41,58.78721897
2023-01-01 06:23:00,69.39,69.42,69.42,69.41,13.45258405
2023-01-01 06:22:00,69.35,69.42,69.35,69.42,36.39370306
2023-01-01 06:21:00,69.35,69.37,69.37,69.35,61.07683067
2023-01-01 06:20:00,69.36,69.39,69.39,69.36,33.04589437
2023-01-01 06:19:00,69.4,69.42,69.42,69.4,4.40706343
2023-01-01 06:18:00,69.43,69.44,69.43,69.43,6.25205745
2023-01-01 06:17:00,69.39,69.43,69.41,69.4,87.20933489
2023-01-01 06:16:00,69.41,69.46,69.45,69.41,29.29507101
2023-01-01 06:15:00,69.42,69.44,69.43,69.43,11.04295968
2023-01-01 06:14:00,69.38,69.43,69.38,69.43,65.20264503
2023-01-01 06:13:00,69.35,69.38,69.35,69.38,41.31468074
2023-01-01 06:12:00,69.33,69.35,69.33,69.35,12.65314811
2023-01-01 06:11:00,69.34,69.41,69.41,69.34,98.83128104
2023-01-01 06:10:00,69.35,69.4,69.36,69.4,45.36671783
2023-01-01 06:09:00,69.31,69.37,69.31,69.37,44.92939682
2023-01-01 06:08:00,69.27,69.32,69.28,69.32,23.24578789
2023-01-01 06:07:00,69.26,69.32,69.32,69.26,467.9181428
2023-01-01 06:06:00,69.28,69.33,69.33,69.33,32.07975368
2023-01-01 06:05:00,69.34,69.37,69.37,69.35,57.79267235
2023-01-01 06:04:00,69.35,69.38,69.37,69.38,87.89710838
2023-01-01 06:03:00,69.35,69.39,69.39,69.38,3.92650623
2023-01-01 06:02:00,69.38,69.42,69.42,69.38,31.40475828
2023-01-01 06:01:00,69.38,69.42,69.39,69.41,3.93312972
2023-01-01 06:00:00,69.33,69.38,69.33,69.38,46.45070579
2023-01-01 05:59:00,69.36,69.39,69.38,69.37,52.91363751
2023-01-01 05:58:00,69.34,69.39,69.35,69.38,39.59943424
2023-01-01 05:57:00,69.35,69.4,69.36,69.35,74.96484997
2023-01-01 05:56:00,69.32,69.36,69.32,69.34,197.94129537
2023-01-01 05:55:00,69.31,69.33,69.33,69.33,14.92046229
2023-01-01 05:54:00,69.31,69.33,69.33,69.32,39.84654552
2023-01-01 05:53:00,69.26,69.32,69.28,69.32,41.54400503
2023-01-01 05:52:00,69.25,69.28,69.27,69.26,146.40220713
2023-01-01 05:51:00,69.27,69.31,69.29,69.27,75.33123413
2023-01-01 05:50:00,69.25,69.27,69.26,69.27,42.30398249
2023-01-01 05:49:00,69.25,69.29,69.27,69.25,25.5388729
2023-01-01 05:48:00,69.24,69.28,69.24,69.26,121.01887827
2023-01-01 05:47:00,69.23,69.25,69.23,69.24,16.45737503
2023-01-01 05:46:00,69.16,69.21,69.18,69.21,17.48996104
2023-01-01 05:45:00,69.14,69.17,69.14,69.17,63.53369977
2023-01-01 05:44:00,69.08,69.14,69.08,69.14,66.24338682
2023-01-01 05:43:00,69.07,69.08,69.07,69.07,54.40263126
2023-01-01 05:42:00,69.07,69.1,69.09,69.08,22.29660459
2023-01-01 05:41:00,69.09,69.12,69.1,69.09,26.66913018
2023-01-01 05:40:00,69.11,69.13,69.13,69.11,38.27578675
2023-01-01 05:39:00,69.1,69.14,69.13,69.13,132.66535813
2023-01-01 05:38:00,69.11,69.18,69.18,69.11,55.47710286
2023-01-01 05:37:00,69.15,69.18,69.17,69.18,19.86720896
2023-01-01 05:36:00,69.15,69.18,69.17,69.18,170.45501114
2023-01-01 05:35:00,69.13,69.16,69.14,69.15,52.0494799
2023-01-01 05:34:00,69.11,69.17,69.13,69.17,37.20734224
2023-01-01 05:33:00,69.11,69.14,69.14,69.13,30.21634732
2023-01-01 05:32:00,69.13,69.14,69.14,69.14,13.30203617
2023-01-01 05:31:00,69.12,69.23,69.22,69.12,155.12519526
2023-01-01 05:30:00,69.19,69.22,69.19,69.2,7.80727396
2023-01-01 05:29:00,69.15,69.19,69.19,69.19,13.43400063
2023-01-01 05:28:00,69.12,69.19,69.12,69.19,131.92446942
2023-01-01 05:27:00,69.09,69.13,69.09,69.13,86.69280566
2023-01-01 05:26:00,69.07,69.09,69.07,69.09,13.4839782
2023-01-01 05:25:00,69.05,69.16,69.16,69.05,110.97830036
2023-01-01 05:24:00,69.04,69.11,69.04,69.11,107.26970467
2023-01-01 05:23:00,69.01,69.04,69.03,69.04,10.47227796
2023-01-01 15:23:00,70.04,70.18,70.09,70.06,1244.80166223
2023-01-01 15:22:00,70.07,70.13,70.12,70.09,144.87267573
2023-01-01 15:21:00,70.02,70.13,70.08,70.13,131.13384619
2023-01-01 15:20:00,70.01,70.08,70.02,70.08,212.77588713
2023-01-01 15:19:00,69.97,70.03,69.97,70.02,74.8426134
2023-01-01 15:18:00,69.93,69.97,69.95,69.97,50.20018526
2023-01-01 15:17:00,69.94,69.96,69.95,69.96,18.1856101
2023-01-01 15:16:00,69.9,69.94,69.92,69.94,36.41304804
2023-01-01 15:15:00,69.88,69.92,69.89,69.92,8.53579512
2023-01-01 15:14:00,69.85,69.88,69.86,69.88,21.52300117
2023-01-01 15:13:00,69.86,69.88,69.87,69.86,42.41447643
2023-01-01 15:12:00,69.86,69.88,69.86,69.88,23.90675068
2023-01-01 15:11:00,69.88,69.92,69.89,69.88,65.22916692
2023-01-01 15:10:00,69.89,69.91,69.91,69.89,11.12581067
2023-01-01 15:09:00,69.91,69.97,69.96,69.91,148.10909058
2023-01-01 15:08:00,69.96,69.98,69.96,69.96,13.96354447
2023-01-01 15:07:00,69.9,69.96,69.9,69.96,17.03936577
2023-01-01 15:06:00,69.88,69.91,69.9,69.91,16.1882171
2023-01-01 15:05:00,69.88,69.9,69.89,69.9,4.88316764
2023-01-01 15:04:00,69.86,69.96,69.96,69.89,82.7968605
2023-01-01 15:03:00,69.92,69.96,69.94,69.96,41.11970095
2023-01-01 15:02:00,69.88,69.92,69.9,69.92,72.52454887
2023-01-01 15:01:00,69.87,69.91,69.88,69.91,31.15240917
2023-01-01 15:00:00,69.82,69.9,69.84,69.87,83.77329435
2023-01-01 14:59:00,69.83,69.88,69.86,69.84,51.25497991
2023-01-01 14:58:00,69.87,69.92,69.92,69.87,12.55993071
2023-01-01 14:57:00,69.9,69.93,69.93,69.92,29.13154902
2023-01-01 14:56:00,69.92,69.98,69.98,69.94,35.02342325
2023-01-01 14:55:00,69.95,69.99,69.99,69.98,18.53978129
2023-01-01 14:54:00,69.97,69.99,69.99,69.99,21.68581215
2023-01-01 14:53:00,69.97,69.99,69.99,69.99,22.52410408
2023-01-01 14:52:00,69.97,69.99,69.98,69.98,19.96175936
2023-01-01 14:51:00,69.96,70.01,69.98,69.96,32.45389808
2023-01-01 14:50:00,69.96,69.99,69.97,69.98,22.12627988
2023-01-01 14:49:00,69.97,70.04,70.02,69.98,37.57647391
2023-01-01 14:48:00,69.95,70.02,69.96,70.02,85.91651386
2023-01-01 14:47:00,69.96,69.98,69.98,69.98,75.87297445
2023-01-01 14:46:00,69.96,69.98,69.97,69.98,85.62248405
2023-01-01 14:45:00,69.97,70.03,70.0,69.98,155.70527058
2023-01-01 14:44:00,70.03,70.07,70.07,70.03,44.06262079
2023-01-01 14:43:00,70.04,70.09,70.07,70.04,59.97550827
2023-01-01 14:42:00,70.05,70.09,70.07,70.09,10.90637447
2023-01-01 14:41:00,70.08,70.11,70.1,70.09,16.54579844
2023-01-01 14:40:00,70.1,70.12,70.12,70.12,25.24887783
2023-01-01 14:39:00,70.1,70.12,70.1,70.11,275.23428406
2023-01-01 14:38:00,70.08,70.12,70.08,70.12,9.39075409
2023-01-01 14:37:00,70.08,70.15,70.15,70.08,39.77366444
2023-01-01 14:36:00,70.13,70.15,70.15,70.15,8.82462288
2023-01-01 14:35:00,70.12,70.15,70.12,70.15,9.39389518
2023-01-01 14:34:00,70.1,70.13,70.12,70.13,3.26830073
2023-01-01 14:33:00,70.11,70.16,70.14,70.11,43.24686187
2023-01-01 14:32:00,70.1,70.12,70.1,70.12,5.11120253
2023-01-01 14:31:00,70.07,70.1,70.1,70.1,15.65032131
2023-01-01 14:30:00,70.05,70.1,70.05,70.08,62.33724831
2023-01-01 14:29:00,70.05,70.08,70.06,70.07,8.16585105
2023-01-01 14:28:00,70.06,70.13,70.11,70.06,103.03451802
2023-01-01 14:27:00,70.02,70.12,70.04,70.11,42.53683383
2023-01-01 14:26:00,69.99,70.05,70.0,70.02,63.80452948
2023-01-01 14:25:00,70.01,70.05,70.04,70.01,16.74630999
2023-01-01 14:24:00,69.93,70.04,69.93,70.03,67.2773697
2023-01-01 14:23:00,69.92,69.93,69.92,69.93,22.42218017
2023-01-01 14:22:00,69.9,69.92,69.91,69.92,10.0187313
2023-01-01 14:21:00,69.91,69.94,69.94,69.92,25.29683773
2023-01-01 14:20:00,69.93,69.95,69.93,69.93,8.67333196
2023-01-01 14:19:00,69.91,69.95,69.91,69.95,68.22208135
2023-01-01 14:18:00,69.92,69.96,69.96,69.93,61.29256746
2023-01-01 14:17:00,69.93,69.95,69.95,69.95,8.05813143
2023-01-01 14:16:00,69.92,69.95,69.94,69.93,8.29680774
2023-01-01 14:15:00,69.89,69.93,69.91,69.93,9.52412484
2023-01-01 14:14:00,69.86,69.91,69.91,69.9,111.98807412
2023-01-01 14:13:00,69.9,69.94,69.93,69.91,15.64777688
2023-01-01 14:12:00,69.88,69.93,69.88,69.91,40.76792146
2023-01-01 14:11:00,69.82,69.91,69.83,69.87,75.18920313
2023-01-01 14:10:00,69.8,69.86,69.81,69.83,125.00287308
2023-01-01 14:09:00,69.81,69.82,69.82,69.82,0.90907986
2023-01-01 14:08:00,69.82,69.84,69.82,69.82,5.58213543
2023-01-01 14:07:00,69.81,69.82,69.81,69.82,1.83375926
2023-01-01 14:06:00,69.79,69.85,69.85,69.81,35.96368403
2023-01-01 14:05:00,69.8,69.83,69.81,69.8,17.85163246
2023-01-01 14:04:00,69.8,69.82,69.8,69.81,55.39497995
2023-01-01 14:03:00,69.78,69.81,69.8,69.78,11.9399927
2023-01-01 14:02:00,69.8,69.83,69.83,69.83,14.20924009
2023-01-01 14:01:00,69.75,69.83,69.76,69.81,39.71507712
2023-01-01 14:00:00,69.7,69.76,69.72,69.76,7.63062361
2023-01-01 13:59:00,69.65,69.74,69.69,69.72,19.83518481
2023-01-01 13:58:00,69.63,69.68,69.64,69.66,79.18891499
2023-01-01 13:57:00,69.63,69.68,69.63,69.63,115.61953598
2023-01-01 13:56:00,69.57,69.63,69.57,69.63,15.27857968
2023-01-01 13:55:00,69.58,69.68,69.68,69.59,97.06806774
2023-01-01 13:54:00,69.64,69.68,69.64,69.68,32.27880811
2023-01-01 13:53:00,69.63,69.66,69.64,69.64,5.59454259
2023-01-01 13:52:00,69.65,69.66,69.65,69.66,4.94334469
2023-01-01 13:51:00,69.6,69.67,69.6,69.65,130.26653405
2023-01-01 13:50:00,69.59,69.65,69.62,69.61,46.43984243
2023-01-01 13:49:00,69.55,69.6,69.59,69.58,228.52974978
2023-01-01 13:48:00,69.59,69.64,69.64,69.59,118.20151477
2023-01-01 13:47:00,69.69,69.73,69.71,69.69,41.80314625
2023-01-01 13:46:00,69.68,69.73,69.72,69.68,395.40040917
2023-01-01 13:45:00,69.69,69.74,69.74,69.72,100.31667128
2023-01-01 13:44:00,69.71,69.74,69.73,69.73,19.46429095
2023-01-01 13:43:00,69.74,69.78,69.77,69.74,46.61783176
2023-01-01 13:42:00,69.75,69.8,69.79,69.76,3.04806699
2023-01-01 13:41:00,69.74,69.81,69.75,69.78,52.72727438
2023-01-01 13:40:00,69.73,69.76,69.76,69.76,171.05351884
2023-01-01 13:39:00,69.7,69.75,69.7,69.75,40.4854985
2023-01-01 13:38:00,69.68,69.74,69.73,69.7,3.62671721
2023-01-01 13:37:00,69.66,69.74,69.66,69.73,75.21868455
2023-01-01 13:36:00,69.65,69.73,69.73,69.66,225.83880768
2023-01-01 13:35:00,69.73,69.76,69.74,69.75,81.26843446
2023-01-01 13:34:00,69.77,69.83,69.83,69.77,13.70455971
2023-01-01 13:33:00,69.81,69.86,69.84,69.81,46.21414767
2023-01-01 13:32:00,69.82,69.84,69.84,69.82,183.38386223
2023-01-01 13:31:00,69.79,69.85,69.79,69.85,83.07717924
2023-01-01 13:30:00,69.78,69.79,69.78,69.79,18.28538649
2023-01-01 13:29:00,69.78,69.8,69.79,69.78,24.62867091
2023-01-01 13:28:00,69.77,69.8,69.79,69.77,48.13622943
2023-01-01 13:27:00,69.77,69.79,69.79,69.79,14.24444639
2023-01-01 13:26:00,69.77,69.79,69.79,69.77,0.94455662
2023-01-01 13:25:00,69.76,69.79,69.79,69.78,32.98580124
2023-01-01 13:24:00,69.77,69.79,69.78,69.79,13.20836253
2023-01-01 13:23:00,69.76,69.8,69.78,69.77,6.11857257
2023-01-01 13:22:00,69.78,69.8,69.79,69.78,6.09435834
2023-01-01 13:21:00,69.78,69.81,69.79,69.8,14.94075206
2023-01-01 13:20:00,69.79,69.82,69.8,69.82,19.96721463
2023-01-01 13:19:00,69.75,69.8,69.75,69.8,23.82768853
2023-01-01 13:18:00,69.76,69.81,69.79,69.76,5.00373915
2023-01-01 13:17:00,69.76,69.8,69.78,69.8,19.73945778
2023-01-01 13:16:00,69.77,69.81,69.8,69.77,34.9025679
2023-01-01 13:15:00,69.8,69.85,69.84,69.8,165.05634528
2023-01-01 13:14:00,69.84,69.9,69.85,69.85,166.74108995
2023-01-01 13:13:00,69.86,69.88,69.86,69.86,15.12152301
2023-01-01 13:12:00,69.85,69.88,69.88,69.88,42.7459189
2023-01-01 13:11:00,69.86,69.89,69.89,69.88,2.705741
2023-01-01 13:10:00,69.86,69.89,69.86,69.87,47.98641553
2023-01-01 13:09:00,69.84,69.88,69.88,69.84,15.77408142
2023-01-01 13:08:00,69.81,69.88,69.83,69.87,162.99847523
2023-01-01 13:07:00,69.82,69.87,69.84,69.83,529.54564224
2023-01-01 13:06:00,69.82,69.89,69.89,69.83,535.40174658
2023-01-01 13:05:00,69.87,69.9,69.9,69.88,24.89569328
2023-01-01 13:04:00,69.85,69.89,69.85,69.88,20.96538157
2023-01-01 13:03:00,69.84,69.86,69.84,69.85,6.40575823
2023-01-01 13:02:00,69.82,69.87,69.87,69.83,25.07192019
2023-01-01 13:01:00,69.84,69.92,69.92,69.87,396.11843607
2023-01-01 13:00:00,69.91,69.93,69.92,69.92,7.31176245
2023-01-01 12:59:00,69.85,69.92,69.85,69.91,16.66971981
2023-01-01 12:58:00,69.84,69.91,69.91,69.84,25.50254879
2023-01-01 12:57:00,69.9,69.93,69.93,69.91,13.51308938
2023-01-01 12:56:00,69.91,69.94,69.92,69.93,32.50827303
2023-01-01 12:55:00,69.89,69.92,69.89,69.92,7.78203296
2023-01-01 12:54:00,69.87,69.94,69.92,69.87,36.55786738
2023-01-01 12:53:00,69.86,69.9,69.89,69.9,39.88455216
2023-01-01 12:52:00,69.8,69.89,69.83,69.87,126.08876106
2023-01-01 12:51:00,69.88,69.92,69.91,69.88,12.81524532
2023-01-01 12:50:00,69.88,69.92,69.89,69.92,17.20326541
2023-01-01 12:49:00,69.85,69.93,69.93,69.87,65.07893406
2023-01-01 12:48:00,69.91,70.05,70.04,69.93,269.27801427
2023-01-01 12:47:00,70.03,70.04,70.04,70.04,12.20594069
2023-01-01 12:46:00,70.03,70.04,70.04,70.04,3.48136404
2023-01-01 12:45:00,69.98,70.04,69.98,70.04,68.11543814
2023-01-01 12:44:00,69.96,69.99,69.98,69.99,74.63282739
2023-01-01 12:43:00,69.97,69.99,69.98,69.98,4.47140648
2023-01-01 12:42:00,69.98,70.01,70.01,69.98,38.90651819
2023-01-01 12:41:00,69.99,70.02,69.99,70.0,100.61907264
2023-01-01 12:40:00,69.95,69.98,69.97,69.98,7.79383271
2023-01-01 12:39:00,69.96,69.98,69.96,69.96,51.37458447
2023-01-01 12:38:00,69.95,69.99,69.99,69.98,14.63822328
2023-01-01 12:37:00,69.97,70.02,70.02,70.01,9.01688738
2023-01-01 12:36:00,69.93,70.02,69.94,70.01,82.26888628
2023-01-01 12:35:00,69.94,69.99,69.99,69.96,112.20357213
2023-01-01 12:34:00,70.0,70.04,70.04,70.0,6.77301315
2023-01-01 12:33:00,70.02,70.05,70.04,70.04,21.70412642
2023-01-01 12:32:00,70.03,70.06,70.04,70.04,46.18330452
2023-01-01 12:31:00,70.05,70.1,70.1,70.06,12.80612429
2023-01-01 12:30:00,70.04,70.08,70.05,70.08,260.91361003
2023-01-01 12:29:00,70.05,70.1,70.1,70.06,16.06473401
2023-01-01 12:28:00,69.98,70.07,69.98,70.05,68.80429279
2023-01-01 12:27:00,69.99,70.03,69.99,70.0,90.85759672
2023-01-01 12:26:00,69.98,70.02,69.98,70.01,20.16891954
2023-01-01 12:25:00,69.93,69.98,69.93,69.96,98.68881863
2023-01-01 12:24:00,69.91,69.95,69.93,69.94,28.60988277
2023-01-01 12:23:00,69.93,69.96,69.96,69.95,16.86328406
2023-01-01 12:22:00,69.95,70.0,70.0,69.98,89.09351509
2023-01-01 12:21:00,69.99,70.02,70.02,69.99,8.91273239
2023-01-01 12:20:00,69.99,70.03,70.0,70.02,35.15091428
2023-01-01 12:19:00,69.99,70.02,70.01,70.01,4.65028488
2023-01-01 12:18:00,69.99,70.03,70.03,70.01,26.66479318
2023-01-01 12:17:00,70.04,70.06,70.04,70.04,58.6211611
2023-01-01 12:16:00,69.97,70.03,69.97,70.02,59.34515506
2023-01-01 12:15:00,69.96,70.06,70.06,69.96,105.67203298
2023-01-01 12:14:00,69.98,70.11,69.98,70.05,400.00341641
2023-01-01 12:13:00,69.93,70.02,70.02,69.98,194.53930105
2023-01-01 12:12:00,69.99,70.01,69.99,70.01,19.35655685
2023-01-01 12:11:00,69.94,69.99,69.95,69.99,35.98213481
2023-01-01 12:10:00,69.93,69.97,69.97,69.95,12.92344489
2023-01-01 12:09:00,69.95,69.99,69.98,69.95,36.5974982
2023-01-01 12:08:00,69.96,69.99,69.99,69.98,19.33382267
2023-01-01 12:07:00,69.97,70.04,70.04,69.99,30.67661068
2023-01-01 12:06:00,70.02,70.05,70.05,70.04,51.0684729
2023-01-01 12:05:00,70.03,70.15,70.15,70.03,138.34860544
2023-01-01 12:04:00,70.13,70.17,70.17,70.17,278.62687533
2023-01-01 12:03:00,70.16,70.19,70.18,70.19,12.566383
2023-01-01 12:02:00,70.17,70.18,70.18,70.17,10.30255637
2023-01-01 12:01:00,70.15,70.18,70.15,70.18,5.87262949
2023-01-01 12:00:00,70.14,70.19,70.17,70.17,27.24084733
2023-01-01 11:59:00,70.16,70.19,70.18,70.19,34.45353212
2023-01-01 11:58:00,70.16,70.19,70.19,70.18,21.73213794
2023-01-01 11:57:00,70.15,70.17,70.16,70.16,4.97809021
2023-01-01 11:56:00,70.1,70.17,70.1,70.17,13.81120618
2023-01-01 11:55:00,70.11,70.19,70.16,70.11,115.6055133
2023-01-01 11:54:00,70.16,70.19,70.16,70.16,14.95739513
2023-01-01 11:53:00,70.16,70.19,70.17,70.16,30.93069138
2023-01-01 11:52:00,70.15,70.18,70.18,70.17,2.81886236
2023-01-01 11:51:00,70.15,70.19,70.16,70.16,41.38661486
2023-01-01 11:50:00,70.15,70.19,70.15,70.17,9.10480988
2023-01-01 11:49:00,70.14,70.17,70.16,70.17,33.85323572
2023-01-01 11:48:00,70.14,70.19,70.19,70.15,5.88141313
2023-01-01 11:47:00,70.18,70.21,70.2,70.19,41.43529429
2023-01-01 11:46:00,70.19,70.23,70.2,70.22,77.21547959
2023-01-01 11:45:00,70.17,70.2,70.18,70.18,13.54981578
2023-01-01 11:44:00,70.15,70.18,70.18,70.17,12.24976036
2023-01-01 11:43:00,70.19,70.2,70.2,70.2,1.65942031
2023-01-01 11:42:00,70.15,70.2,70.17,70.2,45.76942846
2023-01-01 11:41:00,70.15,70.17,70.15,70.17,3.80732866
2023-01-01 11:40:00,70.15,70.2,70.16,70.15,242.69650116
2023-01-01 11:39:00,70.12,70.17,70.12,70.16,19.34685912
2023-01-01 11:38:00,70.13,70.16,70.16,70.13,21.22372355
2023-01-01 11:37:00,70.15,70.19,70.19,70.15,7.6546852
2023-01-01 11:36:00,70.16,70.2,70.16,70.19,57.60500068
2023-01-01 11:35:00,70.15,70.17,70.16,70.17,29.57872423
2023-01-01 11:34:00,70.16,70.17,70.16,70.16,5.20359885
2023-01-01 11:33:00,70.16,70.18,70.18,70.17,4.86589449
2023-01-01 11:32:00,70.17,70.2,70.2,70.19,10.75133529
2023-01-01 11:31:00,70.15,70.2,70.15,70.2,79.96776357
2023-01-01 11:30:00,70.15,70.18,70.15,70.16,38.48544924
2023-01-01 11:29:00,70.15,70.2,70.2,70.15,40.12160717
2023-01-01 11:28:00,70.2,70.21,70.21,70.2,3.20049434
2023-01-01 11:27:00,70.16,70.19,70.16,70.19,74.21914778
2023-01-01 11:26:00,70.16,70.2,70.2,70.16,13.94289479
2023-01-01 11:25:00,70.2,70.24,70.24,70.22,36.07248302
2023-01-01 11:24:00,70.21,70.28,70.26,70.22,38.4630505
2023-01-01 11:23:00,70.26,70.28,70.26,70.27,15.98522952
2023-01-01 11:22:00,70.26,70.28,70.28,70.26,7.12448289
2023-01-01 11:21:00,70.26,70.28,70.26,70.28,75.48464862
2023-01-01 11:20:00,70.24,70.27,70.26,70.24,10.93594521
2023-01-01 11:19:00,70.24,70.27,70.24,70.24,30.59921502
2023-01-01 11:18:00,70.22,70.24,70.22,70.23,23.72938684
2023-01-01 11:17:00,70.23,70.32,70.32,70.23,24.60968766
2023-01-01 11:16:00,70.3,70.32,70.32,70.32,18.76921307
2023-01-01 11:15:00,70.31,70.41,70.37,70.32,256.8013161
2023-01-01 11:14:00,70.37,70.42,70.41,70.37,10.80598218
2023-01-01 11:13:00,70.41,70.43,70.43,70.41,57.43941948
2023-01-01 11:12:00,70.33,70.4,70.36,70.4,354.39451132
2023-01-01 11:11:00,70.33,70.37,70.35,70.34,52.65417525
2023-01-01 11:10:00,70.31,70.34,70.31,70.34,37.61272453
2023-01-01 11:09:00,70.23,70.35,70.23,70.3,211.73807687
2023-01-01 11:08:00,70.21,70.28,70.28,70.22,44.51422915
2023-01-01 11:07:00,70.29,70.33,70.33,70.3,55.44856074
2023-01-01 11:06:00,70.27,70.32,70.27,70.31,25.28622501
2023-01-01 11:05:00,70.23,70.25,70.23,70.25,20.49170279
2023-01-01 11:04:00,70.21,70.24,70.24,70.21,24.39878481
2023-01-01 11:03:00,70.25,70.29,70.28,70.25,17.93555802
2023-01-01 11:02:00,70.29,70.33,70.33,70.29,21.53602422
2023-01-01 11:01:00,70.34,70.42,70.37,70.34,138.37504606
2023-01-01 11:00:00,70.33,70.39,70.35,70.38,11.26338559
2023-01-01 10:59:00,70.29,70.35,70.3,70.32,72.18855736
2023-01-01 10:58:00,70.23,70.3,70.23,70.3,25.02372224
2023-01-01 10:57:00,70.24,70.24,70.24,70.24,1.19713582
2023-01-01 10:56:00,70.19,70.24,70.19,70.23,7.57207814
2023-01-01 10:55:00,70.2,70.27,70.23,70.21,107.19705128
2023-01-01 10:54:00,70.21,70.24,70.21,70.23,2.8541416
2023-01-01 10:53:00,70.17,70.2,70.18,70.2,2.43131511
2023-01-01 10:52:00,70.11,70.18,70.11,70.18,59.38590776
2023-01-01 10:51:00,70.11,70.13,70.12,70.11,4.08090671
2023-01-01 10:50:00,70.14,70.16,70.16,70.15,17.69318954
2023-01-01 10:49:00,70.1,70.15,70.1,70.15,19.33915154
2023-01-01 10:48:00,70.12,70.12,70.12,70.12,1.78446147
2023-01-01 10:47:00,70.13,70.18,70.18,70.13,20.55575667
2023-01-01 10:46:00,70.15,70.18,70.15,70.18,6.68294905
2023-01-01 10:45:00,70.14,70.19,70.18,70.16,10.11181353
2023-01-01 10:44:00,70.16,70.2,70.2,70.18,44.85091927
2023-01-01 10:43:00,70.15,70.2,70.15,70.2,20.88398077
2023-01-01 10:42:00,70.1,70.16,70.1,70.15,25.47887357
2023-01-01 10:41:00,70.11,70.11,70.11,70.11,3.76165594
2023-01-01 10:40:00,70.06,70.09,70.06,70.08,60.87893928
2023-01-01 10:39:00,70.08,70.1,70.1,70.08,1.0906487
2023-01-01 10:38:00,70.09,70.14,70.13,70.09,21.53762374
2023-01-01 10:37:00,70.13,70.17,70.16,70.17,33.22826851
2023-01-01 10:36:00,70.12,70.15,70.13,70.15,72.35782875
2023-01-01 10:35:00,70.13,70.14,70.13,70.14,8.00872421
2023-01-01 10:34:00,70.08,70.12,70.09,70.11,13.97404612
2023-01-01 10:33:00,70.09,70.14,70.14,70.11,79.95516936
2023-01-01 10:32:00,70.14,70.17,70.16,70.15,15.75140513
2023-01-01 10:31:00,70.16,70.17,70.16,70.16,9.317074
2023-01-01 10:30:00,70.2,70.24,70.22,70.2,3.20175341
2023-01-01 10:29:00,70.15,70.2,70.17,70.2,24.65745672
2023-01-01 10:28:00,70.16,70.19,70.19,70.16,22.61237886
2023-01-01 10:27:00,70.15,70.21,70.21,70.19,18.73596957
2023-01-01 10:26:00,70.2,70.27,70.27,70.21,58.34569142
2023-01-01 10:25:00,70.21,70.26,70.21,70.26,10.3204904
2023-01-01 10:24:00,70.13,70.22,70.13,70.21,12.97837522
2023-01-01 10:23:00,70.15,70.19,70.18,70.17,23.04219807
2023-01-01 20:23:00,71.13,71.18,71.14,71.15,53.06393871
2023-01-01 20:22:00,71.13,71.16,71.15,71.14,38.06303931
2023-01-01 20:21:00,71.13,71.16,71.13,71.14,79.51041399
2023-01-01 20:20:00,71.15,71.17,71.16,71.15,53.62035394
2023-01-01 20:19:00,71.13,71.17,71.17,71.15,15.21380711
2023-01-01 20:18:00,71.13,71.17,71.14,71.17,35.66764487
2023-01-01 20:17:00,71.13,71.16,71.13,71.15,101.66973809
2023-01-01 20:16:00,71.13,71.18,71.17,71.13,32.83345901
2023-01-01 20:15:00,71.1,71.16,71.1,71.16,262.36821296
2023-01-01 20:14:00,71.09,71.11,71.11,71.09,38.37829811
2023-01-01 20:13:00,71.09,71.15,71.11,71.11,13.12149987
2023-01-01 20:12:00,71.08,71.11,71.09,71.09,20.33975234
2023-01-01 20:11:00,71.08,71.11,71.11,71.09,180.96723526
2023-01-01 20:10:00,71.03,71.14,71.03,71.11,139.25823318
2023-01-01 20:09:00,70.95,71.05,70.97,71.05,157.13246365
2023-01-01 20:08:00,70.93,70.98,70.95,70.97,71.61639241
2023-01-01 20:07:00,70.93,70.96,70.95,70.93,40.4666304
2023-01-01 20:06:00,70.93,70.97,70.97,70.95,38.99078378
2023-01-01 20:05:00,70.94,71.0,70.96,70.97,232.38709565
2023-01-01 20:04:00,70.91,70.96,70.93,70.94,40.44029791
2023-01-01 20:03:00,70.88,70.92,70.88,70.91,182.00115703
2023-01-01 20:02:00,70.86,70.92,70.92,70.88,79.63477599
2023-01-01 20:01:00,70.9,70.95,70.93,70.9,73.10437134
2023-01-01 20:00:00,70.87,70.92,70.91,70.92,172.3558097
2023-01-01 19:59:00,70.9,70.93,70.92,70.91,8.45915859
2023-01-01 19:58:00,70.88,70.96,70.88,70.92,174.959663
2023-01-01 19:57:00,70.84,70.91,70.91,70.9,261.10355318
2023-01-01 19:56:00,70.89,70.92,70.91,70.9,55.15322535
2023-01-01 19:55:00,70.88,70.92,70.9,70.9,30.28801861
2023-01-01 19:54:00,70.92,70.96,70.96,70.92,59.65756533
2023-01-01 19:53:00,70.95,70.96,70.95,70.96,34.5951598
2023-01-01 19:52:00,70.96,70.99,70.96,70.98,76.7395818
2023-01-01 19:51:00,70.94,70.96,70.96,70.95,15.81908937
2023-01-01 19:50:00,70.92,70.96,70.95,70.96,11.51313486
2023-01-01 19:49:00,70.92,70.96,70.92,70.95,61.99085808
2023-01-01 19:48:00,70.9,70.93,70.93,70.93,18.07140529
2023-01-01 19:47:00,70.89,70.93,70.89,70.93,25.64413514
2023-01-01 19:46:00,70.9,70.95,70.95,70.92,18.85208923
2023-01-01 19:45:00,70.93,70.97,70.97,70.94,8.36539403
2023-01-01 19:44:00,70.93,71.01,71.01,70.98,161.73976514
2023-01-01 19:43:00,70.98,71.01,71.0,71.0,6.31473898
2023-01-01 19:42:00,70.96,71.01,70.98,71.01,38.25572579
2023-01-01 19:41:00,70.95,71.03,71.02,70.97,73.80065259
2023-01-01 19:40:00,71.01,71.06,71.01,71.03,21.5016728
2023-01-01 19:39:00,70.98,71.06,71.06,71.0,108.15490966
2023-01-01 19:38:00,71.05,71.07,71.07,71.05,65.41766555
2023-01-01 19:37:00,70.98,71.07,71.0,71.07,112.19950398
2023-01-01 19:36:00,70.98,71.01,71.01,71.0,66.49424649
2023-01-01 19:35:00,70.98,71.02,71.02,70.98,116.24171964
2023-01-01 19:34:00,71.0,71.03,71.01,71.02,13.8621055
2023-01-01 19:33:00,71.02,71.07,71.04,71.02,83.75620195
2023-01-01 19:32:00,70.97,71.03,71.03,71.01,79.68235581
2023-01-01 19:31:00,71.01,71.13,71.09,71.04,196.76769674
2023-01-01 19:30:00,71.01,71.09,71.08,71.08,293.4680809
2023-01-01 19:29:00,71.01,71.07,71.04,71.06,223.7271476
2023-01-01 19:28:00,71.02,71.07,71.03,71.07,53.99303965
2023-01-01 19:27:00,71.0,71.06,71.0,71.05,271.94813994
2023-01-01 19:26:00,70.96,71.0,70.96,70.99,22.10760447
2023-01-01 19:25:00,70.91,70.98,70.91,70.98,18.79096353
2023-01-01 19:24:00,70.88,70.93,70.91,70.93,15.82258994
2023-01-01 19:23:00,70.84,70.94,70.94,70.94,734.26599041
2023-01-01 19:22:00,70.92,70.99,70.97,70.94,56.2006221
2023-01-01 19:21:00,70.92,71.02,71.02,70.94,72.77735594
2023-01-01 19:20:00,71.01,71.09,71.08,71.01,44.10218731
2023-01-01 19:19:00,71.05,71.09,71.09,71.09,151.08393244
2023-01-01 19:18:00,71.06,71.12,71.09,71.06,58.37768218
2023-01-01 19:17:00,71.11,71.18,71.15,71.15,230.15603407
2023-01-01 19:16:00,71.08,71.18,71.09,71.16,104.51460059
2023-01-01 19:15:00,71.06,71.12,71.09,71.07,87.27386746
2023-01-01 19:14:00,71.07,71.12,71.08,71.11,150.00116659
2023-01-01 19:13:00,71.08,71.11,71.09,71.08,39.90429018
2023-01-01 19:12:00,71.07,71.09,71.09,71.07,15.70421252
2023-01-01 19:11:00,71.05,71.09,71.05,71.08,20.10678175
2023-01-01 19:10:00,71.02,71.04,71.03,71.04,14.89888271
2023-01-01 19:09:00,71.03,71.06,71.06,71.04,22.7206685
2023-01-01 19:08:00,70.97,71.06,70.97,71.05,89.07069851
2023-01-01 19:07:00,70.94,70.97,70.96,70.97,16.26127302
2023-01-01 19:06:00,70.9,70.96,70.91,70.96,209.56747422
2023-01-01 19:05:00,70.93,70.97,70.94,70.93,32.56972805
2023-01-01 19:04:00,70.84,70.93,70.9,70.93,269.42450316
2023-01-01 19:03:00,70.89,70.97,70.95,70.9,171.40418792
2023-01-01 19:02:00,70.95,71.04,71.04,70.95,111.25588945
2023-01-01 19:01:00,71.03,71.11,71.1,71.03,47.92451203
2023-01-01 19:00:00,71.01,71.11,71.03,71.11,279.24198523
2023-01-01 18:59:00,71.0,71.07,71.03,71.03,223.32236726
2023-01-01 18:58:00,70.97,71.04,71.02,71.02,150.95593248
2023-01-01 18:57:00,70.99,71.02,71.01,71.01,93.13335168
2023-01-01 18:56:00,71.01,71.03,71.03,71.01,9.61434571
2023-01-01 18:55:00,71.01,71.06,71.04,71.03,24.20429011
2023-01-01 18:54:00,71.04,71.07,71.05,71.06,11.67374311
2023-01-01 18:53:00,71.02,71.05,71.04,71.03,34.64514124
2023-01-01 18:52:00,71.01,71.04,71.03,71.01,5.96137975
2023-01-01 18:51:00,71.02,71.08,71.04,71.05,64.60483599
2023-01-01 18:50:00,71.02,71.07,71.03,71.07,53.87715831
2023-01-01 18:49:00,71.0,71.04,71.04,71.03,21.22864718
2023-01-01 18:48:00,70.99,71.07,71.07,71.04,138.55771258
2023-01-01 18:47:00,71.03,71.08,71.06,71.06,124.31175314
2023-01-01 18:46:00,71.07,71.12,71.1,71.07,35.46698691
2023-01-01 18:45:00,71.09,71.2,71.18,71.1,55.55643461
2023-01-01 18:44:00,71.18,71.22,71.2,71.2,81.9067276
2023-01-01 18:43:00,71.18,71.23,71.23,71.19,57.06182679
2023-01-01 18:42:00,71.2,71.25,71.22,71.23,46.31393651
2023-01-01 18:41:00,71.16,71.21,71.18,71.21,46.74890624
2023-01-01 18:40:00,71.14,71.18,71.16,71.18,53.87847215
2023-01-01 18:39:00,71.16,71.19,71.18,71.17,35.33161216
2023-01-01 18:38:00,71.13,71.19,71.13,71.19,25.14828321
2023-01-01 18:37:00,71.09,71.14,71.14,71.13,40.87451781
2023-01-01 18:36:00,71.11,71.19,71.19,71.14,113.02356746
2023-01-01 18:35:00,71.15,71.21,71.15,71.21,52.36758201
2023-01-01 18:34:00,71.06,71.19,71.06,71.17,165.17240065
2023-01-01 18:33:00,71.05,71.09,71.09,71.06,53.1997193
2023-01-01 18:32:00,71.07,71.18,71.16,71.09,21.33835261
2023-01-01 18:31:00,71.12,71.26,71.26,71.16,173.47456467
2023-01-01 18:30:00,71.23,71.26,71.24,71.25,22.81939218
2023-01-01 18:29:00,71.19,71.23,71.21,71.22,27.95608775
2023-01-01 18:28:00,71.17,71.22,71.17,71.22,44.99986495
2023-01-01 18:27:00,71.11,71.18,71.14,71.18,30.93497478
2023-01-01 18:26:00,71.14,71.19,71.17,71.15,67.49125589
2023-01-01 18:25:00,71.11,71.16,71.15,71.16,149.20263546
2023-01-01 18:24:00,71.08,71.14,71.08,71.13,73.58007802
2023-01-01 18:23:00,71.06,71.14,71.14,71.08,396.61211839
2023-01-01 18:22:00,71.06,71.15,71.08,71.14,101.93186115
2023-01-01 18:21:00,71.04,71.09,71.05,71.08,32.83702452
2023-01-01 18:20:00,71.04,71.09,71.08,71.05,21.84352643
2023-01-01 18:19:00,71.05,71.09,71.08,71.09,26.25073243
2023-01-01 18:18:00,71.06,71.15,71.14,71.07,108.19169503
2023-01-01 18:17:00,71.09,71.14,71.12,71.13,118.97144363
2023-01-01 18:16:00,71.05,71.12,71.06,71.11,73.51408491
2023-01-01 18:15:00,71.04,71.09,71.04,71.08,45.40192913
2023-01-01 18:14:00,71.04,71.19,71.14,71.04,517.56814786
2023-01-01 18:13:00,71.13,71.3,71.27,71.13,201.95428962
2023-01-01 18:12:00,71.24,71.35,71.32,71.27,488.67423128
2023-01-01 18:11:00,71.2,71.35,71.2,71.3,587.74657659
2023-01-01 18:10:00,71.19,71.22,71.22,71.22,47.94288073
2023-01-01 18:09:00,71.21,71.31,71.25,71.21,284.29617059
2023-01-01 18:08:00,71.18,71.28,71.2,71.28,73.89692064
2023-01-01 18:07:00,71.12,71.21,71.15,71.21,56.95477887
2023-01-01 18:06:00,71.06,71.16,71.06,71.14,167.25066218
2023-01-01 18:05:00,71.03,71.12,71.11,71.04,168.71052531
2023-01-01 18:04:00,71.09,71.13,71.09,71.13,162.06211443
2023-01-01 18:03:00,71.08,71.15,71.1,71.15,61.05445353
2023-01-01 18:02:00,71.02,71.11,71.02,71.11,120.65626367
2023-01-01 18:01:00,71.01,71.05,71.03,71.04,41.31742371
2023-01-01 18:00:00,70.89,71.03,70.91,71.03,151.32155955
2023-01-01 17:59:00,70.87,70.91,70.88,70.89,45.55315646
2023-01-01 17:58:00,70.88,70.98,70.95,70.91,60.6008739
2023-01-01 17:57:00,70.9,70.97,70.9,70.97,89.42813923
2023-01-01 17:56:00,70.84,70.92,70.87,70.92,171.67618174
2023-01-01 17:55:00,70.88,70.94,70.94,70.91,97.72973054
2023-01-01 17:54:00,70.92,70.95,70.94,70.94,10.64200264
2023-01-01 17:53:00,70.91,70.97,70.97,70.92,59.98447352
2023-01-01 17:52:00,70.94,70.98,70.96,70.95,65.74301668
2023-01-01 17:51:00,70.92,70.95,70.94,70.94,8.23205709
2023-01-01 17:50:00,70.88,70.96,70.88,70.96,47.89895517
2023-01-01 17:49:00,70.89,70.98,70.96,70.91,94.37837334
2023-01-01 17:48:00,70.96,71.05,70.99,70.96,272.6450039
2023-01-01 17:47:00,70.96,71.01,70.97,70.96,125.9202422
2023-01-01 17:46:00,70.95,71.08,71.05,70.97,580.59570358
2023-01-01 17:45:00,71.05,71.1,71.07,71.05,102.67069593
2023-01-01 17:44:00,71.03,71.07,71.05,71.07,210.0225269
2023-01-01 17:43:00,71.02,71.08,71.02,71.08,73.02183774
2023-01-01 17:42:00,70.95,71.0,70.97,71.0,126.49608746
2023-01-01 17:41:00,70.92,71.04,71.04,70.95,178.83782588
2023-01-01 17:40:00,70.92,71.05,71.05,71.01,726.62949982
2023-01-01 17:39:00,71.02,71.13,71.09,71.06,283.21168325
2023-01-01 17:38:00,71.06,71.23,71.23,71.08,1190.98484231
2023-01-01 17:37:00,70.93,71.46,70.94,71.21,2937.19108498
2023-01-01 17:36:00,70.88,70.97,70.88,70.97,112.22477789
2023-01-01 17:35:00,70.84,70.91,70.9,70.91,440.03658785
2023-01-01 17:34:00,70.9,70.94,70.93,70.91,150.40101257
2023-01-01 17:33:00,70.81,70.9,70.81,70.9,25.44383387
2023-01-01 17:32:00,70.77,70.84,70.77,70.83,80.10134359
2023-01-01 17:31:00,70.73,70.78,70.77,70.76,76.32242813
2023-01-01 17:30:00,70.74,70.81,70.78,70.74,178.84227361
2023-01-01 17:29:00,70.79,70.82,70.82,70.8,12.68612349
2023-01-01 17:28:00,70.78,70.82,70.78,70.82,33.92606963
2023-01-01 17:27:00,70.81,70.93,70.9,70.82,92.92449456
2023-01-01 17:26:00,70.86,70.93,70.88,70.89,353.78888327
2023-01-01 17:25:00,70.87,70.91,70.89,70.88,17.37287216
2023-01-01 17:24:00,70.84,70.95,70.85,70.91,270.21385728
2023-01-01 17:23:00,70.82,70.88,70.85,70.83,69.65123228
2023-01-01 17:22:00,70.83,70.89,70.84,70.86,276.83324628
2023-01-01 17:21:00,70.85,71.0,70.97,70.87,245.06860101
2023-01-01 17:20:00,70.95,70.99,70.95,70.95,90.27079007
2023-01-01 17:19:00,70.89,70.97,70.94,70.97,309.08491773
2023-01-01 17:18:00,70.83,70.94,70.86,70.92,542.95734093
2023-01-01 17:17:00,70.86,70.96,70.96,70.87,393.65818626
2023-01-01 17:16:00,70.95,71.02,71.02,70.96,657.26837859
2023-01-01 17:15:00,70.93,71.02,70.93,71.02,677.51024897
2023-01-01 17:14:00,70.86,70.95,70.86,70.95,198.36056277
2023-01-01 17:13:00,70.81,70.88,70.83,70.88,83.84887131
2023-01-01 17:12:00,70.8,70.84,70.81,70.83,406.85246642
2023-01-01 17:11:00,70.8,70.83,70.81,70.81,57.72497186
2023-01-01 17:10:00,70.78,70.9,70.89,70.8,480.77466951
2023-01-01 17:09:00,70.84,70.9,70.84,70.9,156.8369865
2023-01-01 17:08:00,70.79,70.89,70.86,70.79,54.49616679
2023-01-01 17:07:00,70.84,70.95,70.86,70.91,106.35526935
2023-01-01 17:06:00,70.84,70.92,70.87,70.84,61.51661028
2023-01-01 17:05:00,70.84,70.98,70.96,70.91,350.6196446
2023-01-01 17:04:00,70.92,70.99,70.92,70.96,100.37863409
2023-01-01 17:03:00,70.87,70.95,70.92,70.93,297.43890169
2023-01-01 17:02:00,70.6,70.97,70.68,70.97,1442.86355951
2023-01-01 17:01:00,70.61,70.69,70.64,70.65,601.10594611
2023-01-01 17:00:00,70.6,70.78,70.61,70.69,1020.12035239
2023-01-01 16:59:00,70.55,70.66,70.59,70.66,2403.88851309
2023-01-01 16:58:00,70.57,70.6,70.58,70.59,38.16280725
2023-01-01 16:57:00,70.57,70.62,70.61,70.59,51.10406195
2023-01-01 16:56:00,70.61,70.77,70.7,70.64,598.6228646
2023-01-01 16:55:00,70.54,70.67,70.55,70.65,59.56584048
2023-01-01 16:54:00,70.43,70.58,70.43,70.55,353.15306479
2023-01-01 16:53:00,70.41,70.45,70.43,70.45,45.19846003
2023-01-01 16:52:00,70.4,70.44,70.42,70.41,48.413094
2023-01-01 16:51:00,70.4,70.45,70.42,70.44,62.74593791
2023-01-01 16:50:00,70.4,70.45,70.45,70.42,38.52522731
2023-01-01 16:49:00,70.41,70.46,70.44,70.45,28.77002893
2023-01-01 16:48:00,70.43,70.48,70.46,70.44,58.755542
2023-01-01 16:47:00,70.4,70.49,70.4,70.44,159.81288841
2023-01-01 16:46:00,70.33,70.41,70.33,70.39,34.69409824
2023-01-01 16:45:00,70.29,70.33,70.31,70.33,17.22671797
2023-01-01 16:44:00,70.3,70.32,70.31,70.31,7.53230401
2023-01-01 16:43:00,70.19,70.3,70.19,70.3,138.05557593
2023-01-01 16:42:00,70.17,70.22,70.21,70.17,54.03157823
2023-01-01 16:41:00,70.21,70.24,70.23,70.23,52.5998476
2023-01-01 16:40:00,70.21,70.24,70.24,70.21,26.1896225
2023-01-01 16:39:00,70.23,70.26,70.25,70.24,9.03507345
2023-01-01 16:38:00,70.22,70.26,70.24,70.25,147.3157949
2023-01-01 16:37:00,70.24,70.26,70.26,70.26,17.1108696
2023-01-01 16:36:00,70.25,70.3,70.3,70.27,26.61804883
2023-01-01 16:35:00,70.31,70.36,70.33,70.31,126.24133689
2023-01-01 16:34:00,70.26,70.33,70.28,70.33,66.10525972
2023-01-01 16:33:00,70.25,70.29,70.26,70.28,48.71617352
2023-01-01 16:32:00,70.23,70.27,70.26,70.23,68.73103835
2023-01-01 16:31:00,70.24,70.26,70.24,70.26,13.07404882
2023-01-01 16:30:00,70.24,70.3,70.27,70.24,45.90455599
2023-01-01 16:29:00,70.27,70.29,70.28,70.29,19.27183738
2023-01-01 16:28:00,70.23,70.28,70.23,70.28,121.18625426
2023-01-01 16:27:00,70.2,70.24,70.23,70.24,50.81895154
2023-01-01 16:26:00,70.2,70.22,70.2,70.21,12.85442073
2023-01-01 16:25:00,70.19,70.21,70.21,70.2,25.32261461
2023-01-01 16:24:00,70.15,70.2,70.16,70.19,45.08395126
2023-01-01 16:23:00,70.12,70.17,70.12,70.17,47.10939377
2023-01-01 16:22:00,70.14,70.16,70.16,70.15,23.32084113
2023-01-01 16:21:00,70.14,70.18,70.18,70.14,72.38409131
2023-01-01 16:20:00,70.16,70.21,70.21,70.18,16.57988824
2023-01-01 16:19:00,70.19,70.21,70.21,70.21,40.80237178
2023-01-01 16:18:00,70.19,70.21,70.19,70.21,17.91439742
2023-01-01 16:17:00,70.19,70.26,70.25,70.2,55.77060839
2023-01-01 16:16:00,70.22,70.27,70.22,70.25,20.63475153
2023-01-01 16:15:00,70.15,70.22,70.17,70.2,71.00436178
2023-01-01 16:14:00,70.18,70.21,70.2,70.2,45.32657309
2023-01-01 16:13:00,70.18,70.21,70.19,70.2,59.55858171
2023-01-01 16:12:00,70.19,70.23,70.23,70.19,45.29386443
2023-01-01 16:11:00,70.19,70.25,70.23,70.2,152.29316512
2023-01-01 16:10:00,70.22,70.27,70.26,70.25,54.88948866
2023-01-01 16:09:00,70.27,70.32,70.31,70.27,27.76587977
2023-01-01 16:08:00,70.27,70.33,70.29,70.31,72.64688481
2023-01-01 16:07:00,70.29,70.33,70.32,70.29,12.77159808
2023-01-01 16:06:00,70.25,70.32,70.25,70.32,132.35208845
2023-01-01 16:05:00,70.22,70.26,70.22,70.26,106.12306264
2023-01-01 16:04:00,70.23,70.27,70.26,70.24,20.92665938
2023-01-01 16:03:00,70.27,70.32,70.32,70.29,54.48693972
2023-01-01 16:02:00,70.34,70.41,70.41,70.38,160.81175619
2023-01-01 16:01:00,70.36,70.42,70.36,70.42,2.40812344
2023-01-01 16:00:00,70.32,70.38,70.32,70.38,67.48737102
2023-01-01 15:59:00,70.32,70.34,70.33,70.33,86.21530283
2023-01-01 15:58:00,70.33,70.39,70.38,70.33,57.628312
2023-01-01 15:57:00,70.35,70.39,70.36,70.35,74.99436053
2023-01-01 15:56:00,70.29,70.39,70.29,70.34,39.41804256
2023-01-01 15:55:00,70.21,70.29,70.23,70.29,61.56734695
2023-01-01 15:54:00,70.22,70.25,70.25,70.24,10.05054959
2023-01-01 15:53:00,70.22,70.25,70.24,70.23,16.73860322
2023-01-01 15:52:00,70.21,70.24,70.24,70.24,16.2571186
2023-01-01 15:51:00,70.21,70.27,70.25,70.22,17.97620909
2023-01-01 15:50:00,70.22,70.27,70.22,70.27,5.92134208
2023-01-01 15:49:00,70.19,70.23,70.23,70.22,24.16500638
2023-01-01 15:48:00,70.21,70.25,70.22,70.23,106.16609355
2023-01-01 15:47:00,70.2,70.26,70.26,70.2,141.51605418
2023-01-01 15:46:00,70.24,70.28,70.28,70.27,38.06702152
2023-01-01 15:45:00,70.26,70.38,70.35,70.29,125.78205721
2023-01-01 15:44:00,70.34,70.38,70.38,70.36,8.88250397
2023-01-01 15:43:00,70.36,70.39,70.36,70.39,95.07994658
2023-01-01 15:42:00,70.33,70.51,70.4,70.35,275.35556512
2023-01-01 15:41:00,70.29,70.42,70.29,70.37,263.36923061
2023-01-01 15:40:00,70.26,70.31,70.28,70.28,466.71321408
2023-01-01 15:39:00,70.23,70.27,70.26,70.27,23.11106206
2023-01-01 15:38:00,70.17,70.25,70.19,70.25,43.35391081
2023-01-01 15:37:00,70.18,70.23,70.21,70.22,28.76023852
2023-01-01 15:36:00,70.08,70.22,70.11,70.22,114.56131587
2023-01-01 15:35:00,70.09,70.12,70.12,70.11,40.49396077
2023-01-01 15:34:00,70.1,70.15,70.15,70.12,27.51978347
2023-01-01 15:33:00,70.09,70.15,70.1,70.14,111.9464741
2023-01-01 15:32:00,70.09,70.19,70.19,70.09,66.20564981
2023-01-01 15:31:00,70.16,70.24,70.16,70.21,48.41254294
2023-01-01 15:30:00,70.12,70.18,70.13,70.15,15.65561875
2023-01-01 15:29:00,70.12,70.16,70.13,70.14,20.26457909
2023-01-01 15:28:00,70.07,70.17,70.08,70.16,33.51807961
2023-01-01 15:27:00,70.0,70.07,70.02,70.07,14.87031705
2023-01-01 15:26:00,69.99,70.05,69.99,70.02,105.67624231
2023-01-01 15:25:00,70.01,70.06,70.06,70.01,38.38000279
2023-01-01 15:24:00,70.04,70.07,70.07,70.07,221.33423382
2023-01-01 15:23:00,70.04,70.18,70.09,70.06,1244.80166223
2023-01-02 01:23:00,70.04,70.14,70.08,70.14,97.561912
2023-01-02 01:22:00,70.09,70.17,70.17,70.09,135.87291858
2023-01-02 01:21:00,70.14,70.18,70.17,70.17,50.11291401
2023-01-02 01:20:00,70.14,70.22,70.17,70.19,228.39440184
2023-01-02 01:19:00,70.17,70.23,70.22,70.17,39.31270884
2023-01-02 01:18:00,70.16,70.23,70.18,70.21,102.960062
2023-01-02 01:17:00,70.15,70.24,70.2,70.15,155.07510819
2023-01-02 01:16:00,70.15,70.22,70.21,70.17,575.85551696
2023-01-02 01:15:00,70.19,70.28,70.27,70.21,148.19802806
2023-01-02 01:14:00,70.28,70.35,70.32,70.29,828.30785467
2023-01-02 01:13:00,70.27,70.34,70.34,70.32,297.62453612
2023-01-02 01:12:00,70.31,70.38,70.36,70.36,1099.00685332
2023-01-02 01:11:00,70.24,70.36,70.25,70.36,715.54214841
2023-01-02 01:10:00,70.19,70.25,70.22,70.21,217.61343566
2023-01-02 01:09:00,70.1,70.21,70.1,70.21,324.98077452
2023-01-02 01:08:00,70.04,70.18,70.18,70.07,1684.61623575
2023-01-02 01:07:00,70.13,70.3,70.16,70.22,2024.71304551
2023-01-02 01:06:00,70.05,70.37,70.37,70.2,1811.93509483
2023-01-02 01:05:00,70.35,70.46,70.42,70.36,523.16825134
2023-01-02 01:04:00,70.4,70.42,70.4,70.42,100.00963126
2023-01-02 01:03:00,70.35,70.42,70.36,70.39,243.84470818
2023-01-02 01:02:00,70.34,70.41,70.41,70.35,108.04371735
2023-01-02 01:01:00,70.36,70.37,70.36,70.37,214.3940222
2023-01-02 01:00:00,70.34,70.44,70.34,70.35,555.0905851
2023-01-02 00:59:00,70.34,70.38,70.38,70.36,236.32312768
2023-01-02 00:58:00,70.37,70.47,70.47,70.38,58.19834648
2023-01-02 00:57:00,70.46,70.5,70.5,70.47,223.07542922
2023-01-02 00:56:00,70.41,70.51,70.42,70.48,495.82344666
2023-01-02 00:55:00,70.39,70.43,70.41,70.4,188.07122601
2023-01-02 00:54:00,70.38,70.42,70.42,70.4,38.91103415
2023-01-02 00:53:00,70.39,70.42,70.39,70.42,22.72392764
2023-01-02 00:52:00,70.36,70.41,70.41,70.4,6.72821529
2023-01-02 00:51:00,70.4,70.47,70.47,70.43,450.22808753
2023-01-02 00:50:00,70.47,70.51,70.51,70.49,32.54616863
2023-01-02 00:49:00,70.52,70.55,70.53,70.52,79.9991669
2023-01-02 00:48:00,70.54,70.6,70.57,70.55,134.4284904
2023-01-02 00:47:00,70.56,70.59,70.59,70.59,53.850516
2023-01-02 00:46:00,70.54,70.6,70.55,70.58,9.00524349
2023-01-02 00:45:00,70.5,70.55,70.5,70.55,23.70307624
2023-01-02 00:44:00,70.48,70.53,70.53,70.5,26.50982651
2023-01-02 00:43:00,70.4,70.56,70.4,70.52,129.47030419
2023-01-02 00:42:00,70.36,70.6,70.6,70.41,1846.80231242
2023-01-02 00:41:00,70.57,70.61,70.61,70.6,16.63904664
2023-01-02 00:40:00,70.58,70.64,70.62,70.58,97.39693315
2023-01-02 00:39:00,70.59,70.65,70.62,70.63,215.00153492
2023-01-02 00:38:00,70.59,70.67,70.66,70.62,36.87202794
2023-01-02 00:37:00,70.65,70.72,70.72,70.67,118.42804694
2023-01-02 00:36:00,70.7,70.75,70.71,70.71,66.31924538
2023-01-02 00:35:00,70.67,70.72,70.67,70.7,27.3609309
2023-01-02 00:34:00,70.69,70.74,70.74,70.69,102.22483297
2023-01-02 00:33:00,70.73,70.8,70.8,70.74,209.79442971
2023-01-02 00:32:00,70.72,70.79,70.72,70.78,77.81278719
2023-01-02 00:31:00,70.67,70.74,70.68,70.74,39.35100454
2023-01-02 00:30:00,70.67,70.7,70.68,70.67,37.05685271
2023-01-02 00:29:00,70.69,70.74,70.74,70.7,45.44195407
2023-01-02 00:28:00,70.71,70.73,70.71,70.71,12.33998816
2023-01-02 00:27:00,70.67,70.74,70.74,70.71,159.1477954
2023-01-02 00:26:00,70.73,70.78,70.78,70.75,18.73677487
2023-01-02 00:25:00,70.77,70.81,70.78,70.78,58.52329674
2023-01-02 00:24:00,70.68,70.78,70.68,70.75,62.09460986
2023-01-02 00:23:00,70.68,70.72,70.7,70.7,13.03606092
2023-01-02 00:22:00,70.67,70.72,70.69,70.7,62.2381129
2023-01-02 00:21:00,70.67,70.7,70.7,70.67,16.74104453
2023-01-02 00:20:00,70.69,70.77,70.69,70.7,64.8693209
2023-01-02 00:19:00,70.69,70.74,70.74,70.69,18.95320704
2023-01-02 00:18:00,70.73,70.77,70.76,70.75,30.62727972
2023-01-02 00:17:00,70.74,70.81,70.81,70.74,87.6576682
2023-01-02 00:16:00,70.81,70.92,70.91,70.82,17.83305952
2023-01-02 00:15:00,70.89,70.94,70.94,70.91,20.88393102
2023-01-02 00:14:00,70.89,70.95,70.9,70.95,90.73180661
2023-01-02 00:13:00,70.86,70.89,70.89,70.87,55.45836965
2023-01-02 00:12:00,70.88,70.91,70.91,70.89,28.72056938
2023-01-02 00:11:00,70.91,70.93,70.91,70.92,7.56609319
2023-01-02 00:10:00,70.91,70.98,70.97,70.93,32.1737495
2023-01-02 00:09:00,70.9,70.97,70.92,70.96,36.70696914
2023-01-02 00:08:00,70.93,70.96,70.94,70.93,10.42900102
2023-01-02 00:07:00,70.94,71.02,71.02,70.94,57.00930894
2023-01-02 00:06:00,70.98,71.07,71.04,71.03,67.53196275
2023-01-02 00:05:00,70.95,71.06,70.98,71.06,97.10250581
2023-01-02 00:04:00,70.98,71.07,71.05,70.99,176.90190746
2023-01-02 00:03:00,70.96,71.05,70.98,71.05,61.65293069
2023-01-02 00:02:00,70.98,71.06,71.04,71.01,108.47841722
2023-01-02 00:01:00,70.98,71.06,71.01,71.05,95.58585868
2023-01-02 00:00:00,70.88,70.98,70.88,70.98,406.57715713
2023-01-01 23:59:00,70.87,70.9,70.87,70.89,8.91288353
2023-01-01 23:58:00,70.83,70.9,70.85,70.9,280.01227888
2023-01-01 23:57:00,70.84,70.89,70.84,70.86,57.34044459
2023-01-01 23:56:00,70.86,70.88,70.86,70.87,60.41428117
2023-01-01 23:55:00,70.76,70.84,70.76,70.82,28.51381542
2023-01-01 23:54:00,70.75,70.79,70.77,70.79,14.88258781
2023-01-01 23:53:00,70.72,70.77,70.73,70.77,56.05912684
2023-01-01 23:52:00,70.73,70.79,70.77,70.73,47.81788817
2023-01-01 23:51:00,70.73,70.77,70.74,70.77,34.83932651
2023-01-01 23:50:00,70.71,70.76,70.72,70.76,10.68819856
2023-01-01 23:49:00,70.67,70.72,70.67,70.72,198.87868658
2023-01-01 23:48:00,70.61,70.66,70.61,70.66,80.0340665
2023-01-01 23:47:00,70.6,70.66,70.6,70.64,28.17200218
2023-01-01 23:46:00,70.59,70.63,70.61,70.61,59.83810541
2023-01-01 23:45:00,70.59,70.62,70.62,70.61,67.50205159
2023-01-01 23:44:00,70.63,70.7,70.67,70.63,145.45844289
2023-01-01 23:43:00,70.61,70.68,70.62,70.67,77.04863362
2023-01-01 23:42:00,70.61,70.68,70.68,70.62,86.97987855
2023-01-01 23:41:00,70.65,70.68,70.65,70.67,77.3204069
2023-01-01 23:40:00,70.63,70.69,70.66,70.65,118.86651368
2023-01-01 23:39:00,70.53,70.66,70.56,70.66,76.46491957
2023-01-01 23:38:00,70.52,70.6,70.59,70.54,59.59533936
2023-01-01 23:37:00,70.56,70.63,70.63,70.62,84.42526799
2023-01-01 23:36:00,70.61,70.68,70.66,70.62,185.64279091
2023-01-01 23:35:00,70.65,70.74,70.74,70.66,286.99464338
2023-01-01 23:34:00,70.69,70.74,70.69,70.74,119.59772773
2023-01-01 23:33:00,70.69,70.75,70.74,70.69,43.70528796
2023-01-01 23:32:00,70.75,70.82,70.82,70.75,53.58578342
2023-01-01 23:31:00,70.76,70.81,70.76,70.81,100.96060497
2023-01-01 23:30:00,70.73,70.76,70.75,70.75,33.69460015
2023-01-01 23:29:00,70.71,70.78,70.78,70.74,114.48944485
2023-01-01 23:28:00,70.74,70.78,70.75,70.76,9.46300677
2023-01-01 23:27:00,70.74,70.76,70.74,70.74,26.75623254
2023-01-01 23:26:00,70.73,70.76,70.74,70.74,128.2309921
2023-01-01 23:25:00,70.72,70.81,70.8,70.77,88.43672653
2023-01-01 23:24:00,70.79,70.83,70.81,70.83,18.93471345
2023-01-01 23:23:00,70.79,70.84,70.83,70.81,42.36825642
2023-01-01 23:22:00,70.76,70.83,70.78,70.81,48.33330216
2023-01-01 23:21:00,70.76,70.83,70.83,70.76,8.99229742
2023-01-01 23:20:00,70.75,70.83,70.78,70.8,374.00910004
2023-01-01 23:19:00,70.76,70.83,70.83,70.77,35.0434487
2023-01-01 23:18:00,70.82,70.86,70.86,70.84,35.09007727
2023-01-01 23:17:00,70.86,70.9,70.9,70.87,35.46009349
2023-01-01 23:16:00,70.82,70.9,70.83,70.9,74.64091833
2023-01-01 23:15:00,70.81,70.84,70.82,70.83,41.20096864
2023-01-01 23:14:00,70.83,70.88,70.85,70.83,19.21065556
2023-01-01 23:13:00,70.81,70.83,70.83,70.82,11.54310545
2023-01-01 23:12:00,70.81,70.86,70.85,70.83,98.69721079
2023-01-01 23:11:00,70.78,70.85,70.82,70.85,321.91763011
2023-01-01 23:10:00,70.73,70.83,70.74,70.83,260.85973718
2023-01-01 23:09:00,70.66,70.73,70.67,70.73,52.25965804
2023-01-01 23:08:00,70.64,70.76,70.72,70.64,138.57545939
2023-01-01 23:07:00,70.64,70.73,70.65,70.71,46.25551151
2023-01-01 23:06:00,70.63,70.66,70.65,70.64,19.99746
2023-01-01 23:05:00,70.63,70.66,70.66,70.65,73.30501652
2023-01-01 23:04:00,70.66,70.69,70.69,70.68,56.65136004
2023-01-01 23:03:00,70.68,70.73,70.73,70.69,73.18038135
2023-01-01 23:02:00,70.7,70.73,70.7,70.71,49.83523518
2023-01-01 23:01:00,70.68,70.75,70.73,70.68,27.61016828
2023-01-01 23:00:00,70.73,70.8,70.8,70.73,53.13201895
2023-01-01 22:59:00,70.79,70.83,70.83,70.79,41.12884143
2023-01-01 22:58:00,70.81,70.84,70.84,70.83,6.17995124
2023-01-01 22:57:00,70.8,70.83,70.8,70.81,35.46295737
2023-01-01 22:56:00,70.78,70.82,70.82,70.81,24.7036418
2023-01-01 22:55:00,70.76,70.82,70.81,70.82,99.54615649
2023-01-01 22:54:00,70.8,70.84,70.83,70.81,26.61975366
2023-01-01 22:53:00,70.81,70.84,70.82,70.81,25.07614188
2023-01-01 22:52:00,70.81,70.86,70.83,70.81,229.82159382
2023-01-01 22:51:00,70.78,70.85,70.82,70.83,182.3370345
2023-01-01 22:50:00,70.75,70.82,70.78,70.82,51.46927479
2023-01-01 22:49:00,70.75,70.78,70.75,70.78,11.75125585
2023-01-01 22:48:00,70.75,70.78,70.78,70.78,50.35005499
2023-01-01 22:47:00,70.75,70.78,70.78,70.78,15.02967043
2023-01-01 22:46:00,70.75,70.78,70.78,70.78,2.3941776
2023-01-01 22:45:00,70.75,70.79,70.78,70.76,82.52386938
2023-01-01 22:44:00,70.75,70.82,70.81,70.77,184.9951826
2023-01-01 22:43:00,70.79,70.82,70.81,70.81,50.9031867
2023-01-01 22:42:00,70.78,70.82,70.8,70.82,18.41783783
2023-01-01 22:41:00,70.79,70.8,70.79,70.8,16.4382757
2023-01-01 22:40:00,70.76,70.8,70.79,70.8,36.71782489
2023-01-01 22:39:00,70.77,70.8,70.8,70.79,23.0209224
2023-01-01 22:38:00,70.75,70.79,70.77,70.79,58.47399955
2023-01-01 22:37:00,70.74,70.77,70.74,70.77,56.57610169
2023-01-01 22:36:00,70.73,70.79,70.79,70.76,122.00847775
2023-01-01 22:35:00,70.76,70.8,70.77,70.8,72.83804616
2023-01-01 22:34:00,70.77,70.8,70.77,70.77,64.07723675
2023-01-01 22:33:00,70.78,70.81,70.8,70.78,53.50173398
2023-01-01 22:32:00,70.78,70.81,70.78,70.81,50.35311268
2023-01-01 22:31:00,70.76,70.79,70.76,70.76,46.1303403
2023-01-01 22:30:00,70.66,70.78,70.66,70.78,210.41041694
2023-01-01 22:29:00,70.62,70.65,70.64,70.65,16.25506907
2023-01-01 22:28:00,70.6,70.64,70.61,70.63,73.72531918
2023-01-01 22:27:00,70.6,70.64,70.62,70.61,361.48460595
2023-01-01 22:26:00,70.59,70.61,70.61,70.61,16.86637862
2023-01-01 22:25:00,70.56,70.62,70.6,70.6,25.08798309
2023-01-01 22:24:00,70.57,70.7,70.7,70.58,317.58083698
2023-01-01 22:23:00,70.67,70.74,70.68,70.7,124.67479296
2023-01-01 22:22:00,70.65,70.76,70.65,70.7,172.25127804
2023-01-01 22:21:00,70.57,70.77,70.66,70.61,835.14475782
2023-01-01 22:20:00,70.61,70.73,70.73,70.69,78.90824449
2023-01-01 22:19:00,70.6,70.78,70.76,70.71,720.10734212
2023-01-01 22:18:00,70.7,70.88,70.86,70.74,819.51082708
2023-01-01 22:17:00,70.84,70.87,70.87,70.86,521.4901481
2023-01-01 22:16:00,70.88,70.9,70.89,70.88,39.46006397
2023-01-01 22:15:00,70.88,70.93,70.92,70.89,21.33344184
2023-01-01 22:14:00,70.91,70.95,70.92,70.93,80.955609
2023-01-01 22:13:00,70.94,70.95,70.95,70.95,60.04605325
2023-01-01 22:12:00,70.95,71.0,70.98,70.95,95.72415937
2023-01-01 22:11:00,70.96,70.99,70.99,70.99,43.02484729
2023-01-01 22:10:00,70.94,71.01,71.01,70.99,92.47720615
2023-01-01 22:09:00,70.99,71.01,71.01,71.01,118.47265478
2023-01-01 22:08:00,70.98,71.02,71.01,71.02,82.32644994
2023-01-01 22:07:00,71.0,71.03,71.02,71.0,42.60338142
2023-01-01 22:06:00,71.0,71.11,71.11,71.0,335.67082247
2023-01-01 22:05:00,71.1,71.12,71.12,71.11,17.8440799
2023-01-01 22:04:00,71.1,71.14,71.1,71.12,51.10469323
2023-01-01 22:03:00,71.13,71.18,71.18,71.13,86.02083267
2023-01-01 22:02:00,71.16,71.18,71.16,71.18,68.79322326
2023-01-01 22:01:00,71.13,71.17,71.13,71.17,205.57344667
2023-01-01 22:00:00,71.11,71.15,71.12,71.15,55.10886206
2023-01-01 21:59:00,71.1,71.13,71.13,71.12,80.25656384
2023-01-01 21:58:00,71.1,71.14,71.11,71.13,35.38969304
2023-01-01 21:57:00,71.12,71.14,71.14,71.12,46.72600361
2023-01-01 21:56:00,71.13,71.16,71.15,71.14,46.90689355
2023-01-01 21:55:00,71.14,71.21,71.2,71.14,34.60158415
2023-01-01 21:54:00,71.15,71.2,71.15,71.2,21.39325263
2023-01-01 21:53:00,71.15,71.17,71.16,71.16,16.57330453
2023-01-01 21:52:00,71.14,71.17,71.15,71.16,31.99016671
2023-01-01 21:51:00,71.08,71.15,71.1,71.15,25.82372551
2023-01-01 21:50:00,71.08,71.12,71.11,71.1,29.51204143
2023-01-01 21:49:00,71.05,71.12,71.07,71.11,33.95967235
2023-01-01 21:48:00,71.05,71.1,71.09,71.05,16.43686963
2023-01-01 21:47:00,71.06,71.12,71.12,71.09,158.69821717
2023-01-01 21:46:00,71.1,71.17,71.14,71.12,215.51182155
2023-01-01 21:45:00,71.11,71.16,71.12,71.12,18.27843059
2023-01-01 21:44:00,71.11,71.17,71.15,71.13,56.68138485
2023-01-01 21:43:00,71.14,71.17,71.17,71.16,35.1388679
2023-01-01 21:42:00,71.17,71.2,71.18,71.17,125.41918011
2023-01-01 21:41:00,71.18,71.22,71.22,71.2,13.56171449
2023-01-01 21:40:00,71.21,71.26,71.26,71.21,41.34379879
2023-01-01 21:39:00,71.23,71.26,71.25,71.25,107.82051346
2023-01-01 21:38:00,71.24,71.25,71.25,71.24,29.37217906
2023-01-01 21:37:00,71.23,71.26,71.25,71.23,102.88139634
2023-01-01 21:36:00,71.21,71.26,71.24,71.22,18.44257041
2023-01-01 21:35:00,71.18,71.24,71.2,71.22,169.88759976
2023-01-01 21:34:00,71.18,71.22,71.2,71.19,71.44418197
2023-01-01 21:33:00,71.2,71.25,71.24,71.21,33.21039601
2023-01-01 21:32:00,71.2,71.23,71.21,71.2,16.89610451
2023-01-01 21:31:00,71.19,71.21,71.2,71.21,49.22447867
2023-01-01 21:30:00,71.21,71.26,71.24,71.21,26.75026239
2023-01-01 21:29:00,71.2,71.26,71.23,71.26,47.62934385
2023-01-01 21:28:00,71.19,71.27,71.27,71.23,262.31108511
2023-01-01 21:27:00,71.25,71.29,71.28,71.25,162.9920764
2023-01-01 21:26:00,71.24,71.28,71.26,71.26,54.88310887
2023-01-01 21:25:00,71.23,71.28,71.26,71.26,47.86399387
2023-01-01 21:24:00,71.25,71.32,71.31,71.28,59.26505792
2023-01-01 21:23:00,71.32,71.37,71.35,71.32,18.89618577
2023-01-01 21:22:00,71.34,71.37,71.37,71.35,45.43729382
2023-01-01 21:21:00,71.32,71.38,71.32,71.37,76.10928935
2023-01-01 21:20:00,71.35,71.42,71.41,71.36,61.97055717
2023-01-01 21:19:00,71.4,71.42,71.41,71.41,17.37674694
2023-01-01 21:18:00,71.38,71.41,71.4,71.38,17.75351022
2023-01-01 21:17:00,71.36,71.47,71.41,71.41,94.46982843
2023-01-01 21:16:00,71.28,71.42,71.28,71.42,193.05020532
2023-01-01 21:15:00,71.25,71.28,71.25,71.26,330.86610551
2023-01-01 21:14:00,71.11,71.25,71.11,71.25,43.43708358
2023-01-01 21:13:00,71.1,71.14,71.11,71.12,105.28095098
2023-01-01 21:12:00,71.11,71.13,71.12,71.11,42.63289451
2023-01-01 21:11:00,71.12,71.16,71.15,71.12,97.38854118
2023-01-01 21:10:00,71.12,71.16,71.13,71.15,136.09368797
2023-01-01 21:09:00,71.07,71.14,71.1,71.14,35.69796053
2023-01-01 21:08:00,71.09,71.13,71.13,71.12,33.09070376
2023-01-01 21:07:00,71.1,71.13,71.13,71.12,14.99395359
2023-01-01 21:06:00,71.1,71.15,71.11,71.13,55.96131631
2023-01-01 21:05:00,71.09,71.11,71.09,71.11,76.2537441
2023-01-01 21:04:00,71.06,71.17,71.17,71.08,167.05087299
2023-01-01 21:03:00,71.13,71.17,71.16,71.17,36.72651325
2023-01-01 21:02:00,71.14,71.17,71.17,71.16,26.00684576
2023-01-01 21:01:00,71.14,71.18,71.15,71.17,80.28893452
2023-01-01 21:00:00,71.13,71.16,71.16,71.15,24.36017529
2023-01-01 20:59:00,71.12,71.19,71.18,71.14,59.96840771
2023-01-01 20:58:00,71.16,71.19,71.19,71.19,46.15090333
2023-01-01 20:57:00,71.18,71.2,71.18,71.2,39.81230264
2023-01-01 20:56:00,71.17,71.21,71.19,71.17,141.6408669
2023-01-01 20:55:00,71.16,71.19,71.18,71.19,26.78942625
2023-01-01 20:54:00,71.17,71.23,71.23,71.18,52.05997821
2023-01-01 20:53:00,71.22,71.25,71.24,71.23,25.8015481
2023-01-01 20:52:00,71.21,71.25,71.21,71.25,649.28330329
2023-01-01 20:51:00,71.16,71.21,71.17,71.19,99.65609729
2023-01-01 20:50:00,71.12,71.15,71.14,71.15,10.63996833
2023-01-01 20:49:00,71.09,71.14,71.11,71.14,28.33596389
2023-01-01 20:48:00,71.09,71.15,71.14,71.1,125.50819513
2023-01-01 20:47:00,71.12,71.16,71.13,71.14,31.24442744
2023-01-01 20:46:00,71.1,71.14,71.11,71.14,75.73973639
2023-01-01 20:45:00,71.11,71.18,71.12,71.11,147.79835679
2023-01-01 20:44:00,71.1,71.16,71.16,71.1,151.99815131
2023-01-01 20:43:00,71.18,71.22,71.22,71.19,44.59794056
2023-01-01 20:42:00,71.2,71.25,71.24,71.22,91.46304915
2023-01-01 20:41:00,71.21,71.25,71.24,71.23,241.62219295
2023-01-01 20:40:00,71.23,71.3,71.26,71.23,218.0887216
2023-01-01 20:39:00,71.23,71.34,71.3,71.23,273.92144837
2023-01-01 20:38:00,71.31,71.37,71.35,71.32,132.71020791
2023-01-01 20:37:00,71.33,71.36,71.34,71.36,45.01769071
2023-01-01 20:36:00,71.31,71.37,71.37,71.35,133.40027482
2023-01-01 20:35:00,71.33,71.37,71.33,71.37,47.60415908
2023-01-01 20:34:00,71.32,71.4,71.4,71.35,77.45623581
2023-01-01 20:33:00,71.31,71.44,71.31,71.39,233.50778425
2023-01-01 20:32:00,71.27,71.31,71.28,71.31,22.69309594
2023-01-01 20:31:00,71.24,71.28,71.25,71.27,232.60582792
2023-01-01 20:30:00,71.19,71.25,71.23,71.25,101.71014644
2023-01-01 20:29:00,71.17,71.25,71.17,71.23,37.94368317
2023-01-01 20:28:00,71.14,71.2,71.14,71.19,94.91845554
2023-01-01 20:27:00,71.13,71.24,71.21,71.14,196.01756682
2023-01-01 20:26:00,71.17,71.29,71.19,71.2,101.446404
2023-01-01 20:25:00,71.17,71.2,71.19,71.2,28.04064832
2023-01-01 20:24:00,71.15,71.2,71.15,71.18,172.87140842
2023-01-01 20:23:00,71.13,71.18,71.14,71.15,53.06393871
2023-01-02 05:10:00,70.38,70.38,70.38,70.38,2.50982138
