datetime,open,high,low,close,volume
2022-12-17 12:53:00,63.63,63.73,63.65,63.67,193.33706434
2022-12-17 22:53:00,64.47,64.55,64.52,64.51,56.67587489
2022-12-17 22:52:00,64.43,64.56,64.43,64.54,240.02409278
2022-12-17 22:51:00,64.42,64.55,64.53,64.47,102.90045603
2022-12-17 22:50:00,64.54,64.75,64.67,64.54,198.44439966
2022-12-17 22:49:00,64.58,64.67,64.6,64.67,65.94207095
2022-12-17 22:48:00,64.45,64.59,64.58,64.59,90.95119208
2022-12-17 22:47:00,64.49,64.6,64.56,64.6,82.72527073
2022-12-17 22:46:00,64.37,64.66,64.38,64.55,243.01502605
2022-12-17 22:45:00,64.32,64.52,64.35,64.37,98.63833496
2022-12-17 22:44:00,64.2,64.37,64.25,64.35,392.56694081
2022-12-17 22:43:00,64.16,64.27,64.16,64.25,362.40232536
2022-12-17 22:42:00,64.0,64.14,64.0,64.14,152.22396529
2022-12-17 22:41:00,63.95,64.04,64.04,64.01,144.95099837
2022-12-17 22:40:00,63.95,64.08,63.95,64.02,171.10924843
2022-12-17 22:39:00,63.94,64.03,64.03,63.96,54.81370705
2022-12-17 22:38:00,63.92,64.03,63.94,64.03,49.44148594
2022-12-17 22:37:00,63.91,63.95,63.93,63.93,22.47244945
2022-12-17 22:36:00,63.9,63.95,63.92,63.94,106.28861384
2022-12-17 22:35:00,63.84,63.92,63.86,63.92,90.4869636
2022-12-17 22:34:00,63.83,63.88,63.88,63.85,84.00633615
2022-12-17 22:33:00,63.85,63.88,63.87,63.85,64.42561894
2022-12-17 22:32:00,63.85,63.89,63.88,63.85,48.33492849
2022-12-17 22:31:00,63.8,63.88,63.8,63.87,280.30436222
2022-12-17 22:30:00,63.79,63.82,63.81,63.8,15.96556046
2022-12-17 22:29:00,63.79,63.83,63.82,63.81,44.2895678
2022-12-17 22:28:00,63.79,63.86,63.85,63.82,182.34593071
2022-12-17 22:27:00,63.84,63.86,63.85,63.86,39.19750445
2022-12-17 22:26:00,63.82,63.85,63.82,63.85,30.24447167
2022-12-17 22:25:00,63.8,63.83,63.81,63.82,65.50237991
2022-12-17 22:24:00,63.79,63.83,63.8,63.82,27.93300215
2022-12-17 22:23:00,63.79,63.83,63.79,63.83,66.90754487
2022-12-17 22:22:00,63.78,63.82,63.8,63.81,152.90405819
2022-12-17 22:21:00,63.8,63.82,63.82,63.81,28.94382507
2022-12-17 22:20:00,63.82,63.85,63.83,63.82,47.69600014
2022-12-17 22:19:00,63.82,63.84,63.84,63.83,36.63776516
2022-12-17 22:18:00,63.82,63.85,63.84,63.82,43.49433024
2022-12-17 22:17:00,63.83,63.86,63.86,63.84,60.49401551
2022-12-17 22:16:00,63.76,63.88,63.76,63.86,493.16352774
2022-12-17 22:15:00,63.71,63.76,63.71,63.75,54.32844838
2022-12-17 22:14:00,63.7,63.73,63.7,63.73,56.23350215
2022-12-17 22:13:00,63.71,63.74,63.73,63.71,87.84719547
2022-12-17 22:12:00,63.7,63.75,63.74,63.75,80.72241848
2022-12-17 22:11:00,63.74,63.76,63.76,63.75,23.53879205
2022-12-17 22:10:00,63.7,63.77,63.7,63.77,114.71692593
2022-12-17 22:09:00,63.71,63.79,63.79,63.71,133.43918182
2022-12-17 22:08:00,63.67,63.81,63.69,63.78,139.86636166
2022-12-17 22:07:00,63.67,63.74,63.72,63.69,127.65353976
2022-12-17 22:06:00,63.74,63.75,63.75,63.74,56.88444304
2022-12-17 22:05:00,63.72,63.75,63.73,63.75,59.01504181
2022-12-17 22:04:00,63.71,63.76,63.76,63.74,76.66221004
2022-12-17 22:03:00,63.74,63.79,63.76,63.76,101.46627079
2022-12-17 22:02:00,63.75,63.81,63.79,63.76,198.23827544
2022-12-17 22:01:00,63.78,63.82,63.82,63.79,91.99118284
2022-12-17 22:00:00,63.81,63.84,63.84,63.81,14.06162343
2022-12-17 21:59:00,63.84,63.86,63.85,63.84,68.69285244
2022-12-17 21:58:00,63.86,63.91,63.87,63.86,33.49003724
2022-12-17 21:57:00,63.87,63.9,63.89,63.89,44.96417625
2022-12-17 21:56:00,63.86,63.89,63.87,63.89,45.81130043
2022-12-17 21:55:00,63.79,63.87,63.81,63.87,45.66389109
2022-12-17 21:54:00,63.8,63.82,63.81,63.81,37.62470462
2022-12-17 21:53:00,63.79,63.89,63.89,63.8,92.36324055
2022-12-17 21:52:00,63.86,63.89,63.88,63.89,48.423535
2022-12-17 21:51:00,63.83,63.9,63.84,63.86,29.69686555
2022-12-17 21:50:00,63.83,63.88,63.87,63.84,206.88090332
2022-12-17 21:49:00,63.87,63.92,63.92,63.89,65.33204596
2022-12-17 21:48:00,63.84,63.92,63.84,63.92,31.08910597
2022-12-17 21:47:00,63.84,63.96,63.96,63.85,424.06692471
2022-12-17 21:46:00,63.95,63.98,63.95,63.96,34.76230526
2022-12-17 21:45:00,63.93,64.08,63.98,63.98,603.59668901
2022-12-17 21:44:00,63.92,63.99,63.94,63.97,106.63129852
2022-12-17 21:43:00,63.93,63.95,63.95,63.95,49.34750494
2022-12-17 21:42:00,63.91,63.94,63.92,63.94,128.13873833
2022-12-17 21:41:00,63.86,63.92,63.86,63.9,167.51456091
2022-12-17 21:40:00,63.85,63.9,63.87,63.88,38.26420983
2022-12-17 21:39:00,63.84,63.88,63.88,63.87,47.16025444
2022-12-17 21:38:00,63.84,63.88,63.85,63.88,15.90364814
2022-12-17 21:37:00,63.8,63.85,63.81,63.85,24.26619553
2022-12-17 21:36:00,63.78,63.81,63.81,63.8,49.60766027
2022-12-17 21:35:00,63.82,63.89,63.82,63.82,166.84294582
2022-12-17 21:34:00,63.83,63.9,63.87,63.83,136.95933532
2022-12-17 21:33:00,63.85,63.89,63.85,63.89,96.93327474
2022-12-17 21:32:00,63.83,63.86,63.84,63.85,10.10257528
2022-12-17 21:31:00,63.81,63.84,63.82,63.84,49.89700171
2022-12-17 21:30:00,63.77,63.83,63.78,63.83,35.01783322
2022-12-17 21:29:00,63.77,63.8,63.8,63.78,64.0654527
2022-12-17 21:28:00,63.81,63.85,63.82,63.81,69.46547944
2022-12-17 21:27:00,63.81,63.87,63.86,63.84,116.86618222
2022-12-17 21:26:00,63.82,63.87,63.84,63.87,38.36044922
2022-12-17 21:25:00,63.82,63.85,63.85,63.84,32.73401106
2022-12-17 21:24:00,63.85,63.9,63.85,63.86,72.23021214
2022-12-17 21:23:00,63.81,63.91,63.87,63.83,263.6090941
2022-12-17 21:22:00,63.83,63.89,63.83,63.86,29.35462595
2022-12-17 21:21:00,63.77,63.86,63.84,63.82,69.37396679
2022-12-17 21:20:00,63.84,63.9,63.86,63.85,279.52883708
2022-12-17 21:19:00,63.85,63.92,63.89,63.87,69.61704758
2022-12-17 21:18:00,63.77,63.91,63.87,63.85,393.69485011
2022-12-17 21:17:00,63.81,63.92,63.81,63.88,200.11099888
2022-12-17 21:16:00,63.78,63.81,63.79,63.8,32.47782843
2022-12-17 21:15:00,63.78,63.82,63.78,63.79,36.37188894
2022-12-17 21:14:00,63.71,63.8,63.75,63.78,218.61696785
2022-12-17 21:13:00,63.67,63.76,63.67,63.76,80.35855556
2022-12-17 21:12:00,63.65,63.72,63.65,63.68,164.39467507
2022-12-17 21:11:00,63.62,63.66,63.64,63.65,50.28911761
2022-12-17 21:10:00,63.61,63.71,63.61,63.64,158.8538342
2022-12-17 21:09:00,63.6,63.68,63.63,63.62,259.4416337
2022-12-17 21:08:00,63.6,63.63,63.62,63.63,54.25867191
2022-12-17 21:07:00,63.63,63.67,63.63,63.63,43.71902881
2022-12-17 21:06:00,63.55,63.67,63.55,63.64,296.94267713
2022-12-17 21:05:00,63.53,63.55,63.54,63.55,4.26611204
2022-12-17 21:04:00,63.51,63.56,63.51,63.56,41.6645327
2022-12-17 21:03:00,63.5,63.53,63.51,63.52,51.1239126
2022-12-17 21:02:00,63.47,63.53,63.48,63.51,23.82006607
2022-12-17 21:01:00,63.49,63.55,63.5,63.49,92.61912117
2022-12-17 21:00:00,63.47,63.55,63.54,63.51,132.0057633
2022-12-17 20:59:00,63.55,63.6,63.6,63.55,45.60431503
2022-12-17 20:58:00,63.52,63.61,63.52,63.6,81.84815998
2022-12-17 20:57:00,63.5,63.53,63.52,63.5,38.42186585
2022-12-17 20:56:00,63.52,63.58,63.54,63.52,386.85936292
2022-12-17 20:55:00,63.5,63.52,63.5,63.52,86.5120147
2022-12-17 20:54:00,63.5,63.53,63.53,63.5,489.37519416
2022-12-17 20:53:00,63.5,63.55,63.55,63.53,77.68231904
2022-12-17 20:52:00,63.52,63.57,63.52,63.54,71.51347042
2022-12-17 20:51:00,63.51,63.57,63.56,63.51,60.80934192
2022-12-17 20:50:00,63.53,63.56,63.54,63.56,29.65309061
2022-12-17 20:49:00,63.5,63.57,63.57,63.56,200.917522
2022-12-17 20:48:00,63.57,63.67,63.63,63.57,63.40071396
2022-12-17 20:47:00,63.62,63.8,63.8,63.62,451.96778474
2022-12-17 20:46:00,63.75,63.8,63.77,63.78,105.88092561
2022-12-17 20:45:00,63.7,63.79,63.71,63.79,112.14693591
2022-12-17 20:44:00,63.66,63.73,63.67,63.71,127.65750395
2022-12-17 20:43:00,63.6,63.67,63.62,63.67,119.87865981
2022-12-17 20:42:00,63.59,63.62,63.59,63.6,74.91668514
2022-12-17 20:41:00,63.48,63.62,63.53,63.62,411.10388051
2022-12-17 20:40:00,63.54,63.6,63.6,63.54,52.94860731
2022-12-17 20:39:00,63.61,63.62,63.61,63.61,26.23961014
2022-12-17 20:38:00,63.52,63.6,63.59,63.59,245.36617477
2022-12-17 20:37:00,63.57,63.69,63.69,63.62,317.91247189
2022-12-17 20:36:00,63.69,63.73,63.71,63.69,88.45641986
2022-12-17 20:35:00,63.69,63.71,63.71,63.71,14.52127867
2022-12-17 20:34:00,63.69,63.74,63.7,63.74,40.58830493
2022-12-17 20:33:00,63.63,63.7,63.64,63.7,236.01368191
2022-12-17 20:32:00,63.61,63.64,63.61,63.64,44.90806333
2022-12-17 20:31:00,63.61,63.64,63.63,63.63,20.34942107
2022-12-17 20:30:00,63.58,63.64,63.58,63.63,82.86028875
2022-12-17 20:29:00,63.58,63.65,63.65,63.59,390.53855719
2022-12-17 20:28:00,63.64,63.7,63.69,63.65,77.08442842
2022-12-17 20:27:00,63.67,63.72,63.72,63.68,50.66624874
2022-12-17 20:26:00,63.62,63.72,63.71,63.72,249.16060238
2022-12-17 20:25:00,63.68,63.71,63.68,63.71,55.75684233
2022-12-17 20:24:00,63.69,63.71,63.7,63.7,42.46370972
2022-12-17 20:23:00,63.7,63.77,63.75,63.72,187.07645138
2022-12-17 20:22:00,63.74,63.8,63.74,63.75,77.00738428
2022-12-17 20:21:00,63.73,63.75,63.75,63.74,15.57432897
2022-12-17 20:20:00,63.74,63.79,63.78,63.75,34.83496475
2022-12-17 20:19:00,63.75,63.82,63.81,63.79,135.17007978
2022-12-17 20:18:00,63.8,63.87,63.84,63.81,73.16599238
2022-12-17 20:17:00,63.81,63.87,63.83,63.86,91.44604714
2022-12-17 20:16:00,63.78,63.83,63.8,63.83,35.70966435
2022-12-17 20:15:00,63.75,63.8,63.76,63.8,137.18441512
2022-12-17 20:14:00,63.77,63.9,63.83,63.77,256.73148059
2022-12-17 20:13:00,63.76,63.83,63.76,63.83,35.88972491
2022-12-17 20:12:00,63.76,63.79,63.77,63.77,36.78204364
2022-12-17 20:11:00,63.77,63.86,63.85,63.77,63.06158835
2022-12-17 20:10:00,63.83,63.86,63.84,63.86,40.55797885
2022-12-17 20:09:00,63.78,63.85,63.78,63.84,56.68085471
2022-12-17 20:08:00,63.74,63.82,63.76,63.76,203.48160123
2022-12-17 20:07:00,63.74,63.77,63.74,63.76,31.39782125
2022-12-17 20:06:00,63.69,63.75,63.71,63.75,54.55773411
2022-12-17 20:05:00,63.69,63.72,63.71,63.71,16.80592278
2022-12-17 20:04:00,63.69,63.71,63.71,63.71,53.71529063
2022-12-17 20:03:00,63.68,63.71,63.69,63.71,51.19457241
2022-12-17 20:02:00,63.69,63.72,63.72,63.7,115.70315972
2022-12-17 20:01:00,63.72,63.77,63.74,63.72,85.08229926
2022-12-17 20:00:00,63.7,63.74,63.74,63.74,116.29010149
2022-12-17 19:59:00,63.71,63.77,63.72,63.74,53.59037862
2022-12-17 19:58:00,63.7,63.78,63.71,63.73,183.5935164
2022-12-17 19:57:00,63.7,63.76,63.76,63.72,75.10337978
2022-12-17 19:56:00,63.67,63.79,63.69,63.79,188.67150319
2022-12-17 19:55:00,63.63,63.69,63.63,63.67,34.28231484
2022-12-17 19:54:00,63.61,63.63,63.63,63.63,58.01824984
2022-12-17 19:53:00,63.61,63.64,63.64,63.63,30.96328642
2022-12-17 19:52:00,63.62,63.64,63.63,63.63,56.43599463
2022-12-17 19:51:00,63.62,63.65,63.65,63.63,17.30853883
2022-12-17 19:50:00,63.62,63.65,63.64,63.65,30.37327594
2022-12-17 19:49:00,63.62,63.65,63.65,63.64,19.20367254
2022-12-17 19:48:00,63.64,63.66,63.64,63.65,19.53043458
2022-12-17 19:47:00,63.61,63.75,63.63,63.66,833.18994461
2022-12-17 19:46:00,63.59,63.64,63.6,63.63,197.29321008
2022-12-17 19:45:00,63.6,63.63,63.61,63.6,68.79778531
2022-12-17 19:44:00,63.61,63.64,63.62,63.62,15.74285338
2022-12-17 19:43:00,63.62,63.64,63.63,63.63,11.01122402
2022-12-17 19:42:00,63.61,63.64,63.63,63.61,20.20400043
2022-12-17 19:41:00,63.62,63.68,63.68,63.63,70.91504127
2022-12-17 19:40:00,63.65,63.71,63.67,63.66,45.55267248
2022-12-17 19:39:00,63.65,63.67,63.67,63.67,51.07254489
2022-12-17 19:38:00,63.61,63.65,63.62,63.65,78.15779603
2022-12-17 19:37:00,63.6,63.64,63.6,63.64,23.01443705
2022-12-17 19:36:00,63.59,63.63,63.63,63.62,78.63491455
2022-12-17 19:35:00,63.58,63.64,63.58,63.63,170.78173753
2022-12-17 19:34:00,63.56,63.63,63.61,63.57,1047.44940642
2022-12-17 19:33:00,63.58,63.62,63.6,63.6,72.46469691
2022-12-17 19:32:00,63.6,63.69,63.69,63.62,106.59136614
2022-12-17 19:31:00,63.66,63.79,63.66,63.7,629.67807751
2022-12-17 19:30:00,63.62,63.66,63.64,63.63,33.73394603
2022-12-17 19:29:00,63.64,63.68,63.66,63.65,19.48370044
2022-12-17 19:28:00,63.6,63.67,63.63,63.67,134.24534247
2022-12-17 19:27:00,63.58,63.66,63.59,63.64,74.67432904
2022-12-17 19:26:00,63.57,63.62,63.6,63.59,58.08166989
2022-12-17 19:25:00,63.61,63.66,63.64,63.62,127.30850753
2022-12-17 19:24:00,63.63,63.71,63.71,63.65,53.48907964
2022-12-17 19:23:00,63.64,63.76,63.73,63.72,346.36604543
2022-12-17 19:22:00,63.7,63.77,63.77,63.75,88.73119074
2022-12-17 19:21:00,63.68,63.74,63.69,63.74,90.7597242
2022-12-17 19:20:00,63.69,63.73,63.73,63.7,119.76454096
2022-12-17 19:19:00,63.71,63.79,63.78,63.71,128.02762917
2022-12-17 19:18:00,63.78,63.8,63.78,63.79,17.70433649
2022-12-17 19:17:00,63.75,63.81,63.81,63.77,102.14408762
2022-12-17 19:16:00,63.79,63.81,63.81,63.79,36.10526102
2022-12-17 19:15:00,63.79,63.82,63.8,63.81,25.08307459
2022-12-17 19:14:00,63.78,63.83,63.78,63.8,51.52615317
2022-12-17 19:13:00,63.78,63.84,63.84,63.8,89.43447161
2022-12-17 19:12:00,63.82,63.87,63.85,63.82,90.33760068
2022-12-17 19:11:00,63.79,63.87,63.8,63.83,94.17615654
2022-12-17 19:10:00,63.8,63.83,63.83,63.8,42.24285967
2022-12-17 19:09:00,63.82,63.95,63.93,63.82,249.3954829
2022-12-17 19:08:00,63.92,64.03,63.96,63.93,134.58957413
2022-12-17 19:07:00,63.87,63.99,63.87,63.93,64.78980526
2022-12-17 19:06:00,63.84,63.87,63.85,63.87,35.94502854
2022-12-17 19:05:00,63.84,63.9,63.88,63.84,67.45215138
2022-12-17 19:04:00,63.84,63.91,63.84,63.89,117.91025363
2022-12-17 19:03:00,63.81,63.85,63.81,63.83,46.97948106
2022-12-17 19:02:00,63.79,63.83,63.79,63.81,72.24126992
2022-12-17 19:01:00,63.78,63.84,63.82,63.79,37.84801165
2022-12-17 19:00:00,63.79,63.9,63.9,63.82,555.01602046
2022-12-17 18:59:00,63.89,63.92,63.89,63.91,41.63812732
2022-12-17 18:58:00,63.88,63.96,63.96,63.9,62.11833293
2022-12-17 18:57:00,63.94,63.97,63.95,63.96,21.2683942
2022-12-17 18:56:00,63.94,64.0,64.0,63.94,121.70860287
2022-12-17 18:55:00,63.92,64.05,63.92,64.02,695.48139978
2022-12-17 18:54:00,63.91,63.93,63.93,63.92,10.50609978
2022-12-17 18:53:00,63.86,63.92,63.88,63.92,75.88207018
2022-12-17 18:52:00,63.84,63.94,63.93,63.88,116.09939683
2022-12-17 18:51:00,63.9,63.93,63.93,63.93,24.29830274
2022-12-17 18:50:00,63.92,63.95,63.95,63.93,80.21712107
2022-12-17 18:49:00,63.9,63.95,63.9,63.95,65.79033159
2022-12-17 18:48:00,63.84,63.91,63.86,63.91,32.42070417
2022-12-17 18:47:00,63.84,63.86,63.86,63.86,7.78117657
2022-12-17 18:46:00,63.84,63.86,63.85,63.85,5.59451732
2022-12-17 18:45:00,63.82,63.86,63.82,63.86,11.84114801
2022-12-17 18:44:00,63.83,63.88,63.88,63.84,36.11096672
2022-12-17 18:43:00,63.82,63.89,63.89,63.88,131.22717928
2022-12-17 18:42:00,63.9,63.93,63.93,63.9,24.96366228
2022-12-17 18:41:00,63.91,63.94,63.94,63.91,54.83663995
2022-12-17 18:40:00,63.89,63.95,63.91,63.95,46.36263347
2022-12-17 18:39:00,63.91,63.97,63.94,63.91,77.99117178
2022-12-17 18:38:00,63.91,63.95,63.91,63.94,71.20638086
2022-12-17 18:37:00,63.91,63.97,63.92,63.92,34.92424693
2022-12-17 18:36:00,63.9,63.94,63.91,63.94,58.13757012
2022-12-17 18:35:00,63.87,63.95,63.87,63.91,42.20971439
2022-12-17 18:34:00,63.69,63.89,63.69,63.86,337.39191264
2022-12-17 18:33:00,63.7,63.74,63.71,63.71,68.27524168
2022-12-17 18:32:00,63.69,63.75,63.72,63.72,64.27857073
2022-12-17 18:31:00,63.71,63.78,63.71,63.73,65.20183452
2022-12-17 18:30:00,63.68,63.81,63.79,63.71,216.53786204
2022-12-17 18:29:00,63.78,63.86,63.85,63.79,281.61352737
2022-12-17 18:28:00,63.72,63.85,63.81,63.85,420.5362526
2022-12-17 18:27:00,63.82,63.92,63.83,63.83,1041.78289926
2022-12-17 18:26:00,63.76,63.84,63.78,63.84,179.64171776
2022-12-17 18:25:00,63.77,63.82,63.81,63.78,160.74089276
2022-12-17 18:24:00,63.79,63.82,63.8,63.82,34.26481185
2022-12-17 18:23:00,63.75,63.84,63.83,63.8,290.29104097
2022-12-17 18:22:00,63.68,63.83,63.72,63.82,740.96816581
2022-12-17 18:21:00,63.7,63.74,63.71,63.72,15.54442554
2022-12-17 18:20:00,63.63,63.72,63.63,63.7,270.29476753
2022-12-17 18:19:00,63.52,63.63,63.52,63.63,101.63257209
2022-12-17 18:18:00,63.51,63.65,63.63,63.52,165.29117537
2022-12-17 18:17:00,63.62,63.69,63.63,63.63,92.43204517
2022-12-17 18:16:00,63.63,63.67,63.65,63.63,89.63478931
2022-12-17 18:15:00,63.66,63.69,63.66,63.67,58.1866315
2022-12-17 18:14:00,63.62,63.67,63.62,63.67,58.67514457
2022-12-17 18:13:00,63.6,63.65,63.62,63.62,199.72660474
2022-12-17 18:12:00,63.59,63.63,63.63,63.6,74.00999199
2022-12-17 18:11:00,63.57,63.65,63.57,63.63,179.63937918
2022-12-17 18:10:00,63.57,63.58,63.57,63.57,17.97638671
2022-12-17 18:09:00,63.43,63.58,63.46,63.57,192.92355167
2022-12-17 18:08:00,63.43,63.5,63.5,63.46,58.6926525
2022-12-17 18:07:00,63.49,63.55,63.53,63.51,101.04289143
2022-12-17 18:06:00,63.53,63.61,63.56,63.53,335.29489568
2022-12-17 18:05:00,63.46,63.55,63.47,63.55,175.54495726
2022-12-17 18:04:00,63.44,63.51,63.5,63.47,123.40132917
2022-12-17 18:03:00,63.44,63.5,63.46,63.5,113.69386622
2022-12-17 18:02:00,63.45,63.5,63.46,63.46,217.00963238
2022-12-17 18:01:00,63.41,63.51,63.44,63.47,239.54014553
2022-12-17 18:00:00,63.42,63.49,63.45,63.44,218.79561229
2022-12-17 17:59:00,63.45,63.54,63.52,63.45,114.14232456
2022-12-17 17:58:00,63.51,63.53,63.53,63.52,46.13244296
2022-12-17 17:57:00,63.53,63.58,63.58,63.55,79.40703065
2022-12-17 17:56:00,63.57,63.6,63.58,63.6,34.59925159
2022-12-17 17:55:00,63.51,63.61,63.51,63.59,197.39859567
2022-12-17 17:54:00,63.51,63.64,63.57,63.53,273.68267425
2022-12-17 17:53:00,63.53,63.57,63.57,63.55,35.76900819
2022-12-18 03:53:00,64.73,64.76,64.74,64.74,108.22207151
2022-12-18 03:52:00,64.73,64.75,64.73,64.74,37.29167374
2022-12-18 03:51:00,64.72,64.75,64.72,64.75,29.46707234
2022-12-18 03:50:00,64.7,64.74,64.71,64.72,216.24358678
2022-12-18 03:49:00,64.69,64.72,64.69,64.71,153.91548784
2022-12-18 03:48:00,64.68,64.7,64.68,64.7,14.45915807
2022-12-18 03:47:00,64.68,64.7,64.7,64.7,131.76098497
2022-12-18 03:46:00,64.69,64.71,64.71,64.7,131.38128642
2022-12-18 03:45:00,64.68,64.71,64.69,64.71,9.60760862
2022-12-18 03:44:00,64.68,64.7,64.69,64.69,12.71070557
2022-12-18 03:43:00,64.68,64.7,64.69,64.69,20.20026475
2022-12-18 03:42:00,64.69,64.72,64.72,64.69,292.4696762
2022-12-18 03:41:00,64.72,64.74,64.73,64.74,18.24990487
2022-12-18 03:40:00,64.72,64.74,64.74,64.73,51.86203257
2022-12-18 03:39:00,64.7,64.75,64.71,64.75,127.04176332
2022-12-18 03:38:00,64.69,64.71,64.7,64.71,213.25014338
2022-12-18 03:37:00,64.7,64.71,64.7,64.71,6.57861967
2022-12-18 03:36:00,64.7,64.71,64.71,64.7,28.7192914
2022-12-18 03:35:00,64.66,64.7,64.67,64.7,357.89140192
2022-12-18 03:34:00,64.66,64.7,64.7,64.67,225.03086793
2022-12-18 03:33:00,64.67,64.7,64.67,64.7,53.46986959
2022-12-18 03:32:00,64.66,64.7,64.67,64.66,46.67184676
2022-12-18 03:31:00,64.66,64.69,64.68,64.67,126.25419499
2022-12-18 03:30:00,64.68,64.69,64.68,64.68,1.49942348
2022-12-18 03:29:00,64.66,64.68,64.68,64.67,213.44178788
2022-12-18 03:28:00,64.67,64.68,64.68,64.67,47.48305831
2022-12-18 03:27:00,64.67,64.68,64.68,64.68,42.60818218
2022-12-18 03:26:00,64.67,64.68,64.67,64.68,13.44631429
2022-12-18 03:25:00,64.67,64.7,64.69,64.69,32.24963199
2022-12-18 03:24:00,64.66,64.69,64.68,64.69,67.32870142
2022-12-18 03:23:00,64.65,64.68,64.65,64.68,33.63159353
2022-12-18 03:22:00,64.62,64.65,64.63,64.64,122.29844319
2022-12-18 03:21:00,64.62,64.64,64.62,64.64,37.97793364
2022-12-18 03:20:00,64.62,64.63,64.62,64.63,7.6972975
2022-12-18 03:19:00,64.58,64.62,64.58,64.62,206.12631221
2022-12-18 03:18:00,64.58,64.62,64.62,64.59,294.7906964
2022-12-18 03:17:00,64.62,64.63,64.63,64.63,26.84972527
2022-12-18 03:16:00,64.62,64.63,64.63,64.63,47.9052047
2022-12-18 03:15:00,64.62,64.65,64.64,64.62,159.14924705
2022-12-18 03:14:00,64.61,64.64,64.62,64.64,150.63709863
2022-12-18 03:13:00,64.62,64.66,64.64,64.64,227.67902636
2022-12-18 03:12:00,64.61,64.66,64.61,64.66,92.84460097
2022-12-18 03:11:00,64.63,64.67,64.67,64.64,168.92084303
2022-12-18 03:10:00,64.59,64.65,64.62,64.65,339.22958563
2022-12-18 03:09:00,64.59,64.62,64.6,64.62,223.68555614
2022-12-18 03:08:00,64.58,64.62,64.6,64.58,385.80803934
2022-12-18 03:07:00,64.59,64.6,64.59,64.6,46.4249685
2022-12-18 03:06:00,64.59,64.6,64.6,64.6,10.99553077
2022-12-18 03:05:00,64.59,64.62,64.61,64.59,43.70193162
2022-12-18 03:04:00,64.61,64.63,64.61,64.61,37.89261134
2022-12-18 03:03:00,64.62,64.63,64.62,64.62,21.78585393
2022-12-18 03:02:00,64.63,64.64,64.63,64.64,42.64996365
2022-12-18 03:01:00,64.61,64.63,64.63,64.63,46.3075984
2022-12-18 03:00:00,64.61,64.64,64.61,64.63,19.3532133
2022-12-18 02:59:00,64.59,64.62,64.6,64.62,107.78905297
2022-12-18 02:58:00,64.59,64.62,64.6,64.59,237.35054935
2022-12-18 02:57:00,64.6,64.62,64.61,64.61,24.21317549
2022-12-18 02:56:00,64.59,64.61,64.59,64.6,17.40415236
2022-12-18 02:55:00,64.58,64.61,64.59,64.61,15.67422404
2022-12-18 02:54:00,64.59,64.61,64.6,64.59,17.48956689
2022-12-18 02:53:00,64.59,64.61,64.6,64.6,38.46090775
2022-12-18 02:52:00,64.58,64.6,64.6,64.59,58.7807213
2022-12-18 02:51:00,64.59,64.62,64.61,64.6,122.20813855
2022-12-18 02:50:00,64.62,64.64,64.62,64.62,38.92149546
2022-12-18 02:49:00,64.59,64.62,64.59,64.61,29.27720354
2022-12-18 02:48:00,64.59,64.66,64.66,64.59,236.05114147
2022-12-18 02:47:00,64.61,64.66,64.61,64.66,45.24521076
2022-12-18 02:46:00,64.61,64.67,64.61,64.63,193.73294449
2022-12-18 02:45:00,64.61,64.63,64.63,64.63,57.06783215
2022-12-18 02:44:00,64.61,64.63,64.62,64.61,18.60326891
2022-12-18 02:43:00,64.61,64.63,64.63,64.62,14.61940828
2022-12-18 02:42:00,64.62,64.66,64.64,64.63,77.59629421
2022-12-18 02:41:00,64.58,64.64,64.6,64.64,102.47648425
2022-12-18 02:40:00,64.59,64.63,64.63,64.61,40.86777544
2022-12-18 02:39:00,64.61,64.64,64.63,64.61,40.56708931
2022-12-18 02:38:00,64.6,64.63,64.62,64.63,99.01275974
2022-12-18 02:37:00,64.58,64.65,64.58,64.62,38.01314889
2022-12-18 02:36:00,64.53,64.64,64.62,64.58,602.17584081
2022-12-18 02:35:00,64.54,64.62,64.56,64.62,127.32338105
2022-12-18 02:34:00,64.56,64.59,64.59,64.58,44.01152964
2022-12-18 02:33:00,64.56,64.59,64.59,64.59,12.0065676
2022-12-18 02:32:00,64.59,64.62,64.62,64.59,115.28870642
2022-12-18 02:31:00,64.54,64.61,64.55,64.6,385.5523778
2022-12-18 02:30:00,64.47,64.54,64.49,64.53,69.16875098
2022-12-18 02:29:00,64.49,64.53,64.49,64.49,84.60505802
2022-12-18 02:28:00,64.45,64.49,64.46,64.49,28.97927023
2022-12-18 02:27:00,64.44,64.47,64.45,64.44,32.28617511
2022-12-18 02:26:00,64.44,64.48,64.46,64.46,57.03429584
2022-12-18 02:25:00,64.44,64.48,64.47,64.46,68.31137258
2022-12-18 02:24:00,64.45,64.54,64.54,64.49,266.86347659
2022-12-18 02:23:00,64.54,64.57,64.56,64.56,172.05452221
2022-12-18 02:22:00,64.56,64.6,64.57,64.56,93.56477045
2022-12-18 02:21:00,64.56,64.59,64.58,64.59,41.38974408
2022-12-18 02:20:00,64.53,64.6,64.53,64.58,590.29126388
2022-12-18 02:19:00,64.5,64.62,64.62,64.53,418.49294463
2022-12-18 02:18:00,64.59,64.68,64.64,64.65,240.42100108
2022-12-18 02:17:00,64.58,64.64,64.58,64.64,30.72837552
2022-12-18 02:16:00,64.55,64.6,64.56,64.6,39.96674478
2022-12-18 02:15:00,64.5,64.66,64.5,64.57,570.13070571
2022-12-18 02:14:00,64.51,64.59,64.59,64.51,35.14167697
2022-12-18 02:13:00,64.52,64.63,64.59,64.6,337.75308102
2022-12-18 02:12:00,64.53,64.58,64.54,64.58,40.43428494
2022-12-18 02:11:00,64.49,64.54,64.5,64.54,64.55537404
2022-12-18 02:10:00,64.48,64.53,64.5,64.51,250.76354434
2022-12-18 02:09:00,64.37,64.47,64.42,64.47,521.85100203
2022-12-18 02:08:00,64.39,64.46,64.4,64.42,180.09222486
2022-12-18 02:07:00,64.4,64.46,64.45,64.4,78.32501844
2022-12-18 02:06:00,64.38,64.47,64.41,64.45,225.57728194
2022-12-18 02:05:00,64.35,64.44,64.35,64.44,67.19500858
2022-12-18 02:04:00,64.26,64.41,64.28,64.36,342.3125481
2022-12-18 02:03:00,64.26,64.36,64.32,64.31,241.12341851
2022-12-18 02:02:00,64.31,64.39,64.32,64.32,264.43740627
2022-12-18 02:01:00,64.24,64.3,64.25,64.28,292.81301806
2022-12-18 02:00:00,64.2,64.27,64.22,64.25,301.76632268
2022-12-18 01:59:00,64.22,64.27,64.27,64.24,35.1881597
2022-12-18 01:58:00,64.25,64.4,64.4,64.27,304.77632381
2022-12-18 01:57:00,64.27,64.39,64.27,64.39,617.3448511
2022-12-18 01:56:00,64.28,64.36,64.36,64.29,65.04073071
2022-12-18 01:55:00,64.33,64.41,64.4,64.36,83.50413602
2022-12-18 01:54:00,64.4,64.45,64.41,64.41,109.70703076
2022-12-18 01:53:00,64.4,64.43,64.43,64.41,9.25090805
2022-12-18 01:52:00,64.41,64.44,64.43,64.41,26.19197631
2022-12-18 01:51:00,64.41,64.43,64.43,64.41,25.6554961
2022-12-18 01:50:00,64.42,64.45,64.42,64.44,48.76914716
2022-12-18 01:49:00,64.39,64.44,64.41,64.4,120.42386161
2022-12-18 01:48:00,64.4,64.44,64.4,64.42,45.46296614
2022-12-18 01:47:00,64.36,64.42,64.36,64.4,94.05259768
2022-12-18 01:46:00,64.36,64.4,64.36,64.38,56.83437237
2022-12-18 01:45:00,64.35,64.39,64.37,64.35,53.13093803
2022-12-18 01:44:00,64.34,64.38,64.34,64.38,550.84333923
2022-12-18 01:43:00,64.34,64.36,64.36,64.35,11.73695693
2022-12-18 01:42:00,64.29,64.37,64.29,64.35,183.10218109
2022-12-18 01:41:00,64.28,64.33,64.33,64.29,212.82389002
2022-12-18 01:40:00,64.3,64.34,64.3,64.34,49.28098824
2022-12-18 01:39:00,64.27,64.3,64.27,64.3,65.26961303
2022-12-18 01:38:00,64.27,64.3,64.3,64.27,30.80133701
2022-12-18 01:37:00,64.28,64.33,64.31,64.3,96.5122183
2022-12-18 01:36:00,64.31,64.39,64.39,64.31,58.22812436
2022-12-18 01:35:00,64.36,64.39,64.37,64.38,21.80337298
2022-12-18 01:34:00,64.36,64.4,64.38,64.38,45.78426494
2022-12-18 01:33:00,64.32,64.39,64.32,64.38,20.70560503
2022-12-18 01:32:00,64.31,64.37,64.35,64.31,221.5198611
2022-12-18 01:31:00,64.33,64.4,64.34,64.35,333.99975503
2022-12-18 01:30:00,64.21,64.31,64.3,64.3,845.23679202
2022-12-18 01:29:00,64.3,64.37,64.35,64.32,3797.16496805
2022-12-18 01:28:00,64.33,64.39,64.39,64.36,46.70945232
2022-12-18 01:27:00,64.31,64.41,64.38,64.39,313.56187326
2022-12-18 01:26:00,64.38,64.5,64.49,64.38,365.14188351
2022-12-18 01:25:00,64.42,64.49,64.44,64.49,24.04798973
2022-12-18 01:24:00,64.43,64.47,64.45,64.45,51.78595714
2022-12-18 01:23:00,64.43,64.53,64.43,64.45,332.49667438
2022-12-18 01:22:00,64.44,64.47,64.44,64.44,56.16245374
2022-12-18 01:21:00,64.41,64.52,64.41,64.45,259.38910546
2022-12-18 01:20:00,64.43,64.47,64.45,64.43,71.5249199
2022-12-18 01:19:00,64.45,64.54,64.54,64.46,124.5431829
2022-12-18 01:18:00,64.52,64.55,64.54,64.54,35.99039921
2022-12-18 01:17:00,64.53,64.55,64.55,64.55,15.67907706
2022-12-18 01:16:00,64.52,64.56,64.53,64.55,69.4742258
2022-12-18 01:15:00,64.53,64.55,64.55,64.54,46.88276644
2022-12-18 01:14:00,64.53,64.57,64.56,64.57,35.47012102
2022-12-18 01:13:00,64.48,64.57,64.52,64.57,163.07934751
2022-12-18 01:12:00,64.51,64.55,64.53,64.52,33.13206563
2022-12-18 01:11:00,64.51,64.58,64.58,64.55,98.55893399
2022-12-18 01:10:00,64.58,64.67,64.64,64.59,148.20914809
2022-12-18 01:09:00,64.64,64.69,64.69,64.67,11.5276883
2022-12-18 01:08:00,64.64,64.68,64.65,64.66,95.61906418
2022-12-18 01:07:00,64.65,64.68,64.68,64.65,19.35383244
2022-12-18 01:06:00,64.65,64.68,64.65,64.67,17.8005969
2022-12-18 01:05:00,64.62,64.67,64.64,64.67,29.78284598
2022-12-18 01:04:00,64.62,64.66,64.64,64.62,24.74779234
2022-12-18 01:03:00,64.52,64.64,64.52,64.62,102.48320764
2022-12-18 01:02:00,64.49,64.61,64.6,64.51,79.50192955
2022-12-18 01:01:00,64.53,64.66,64.65,64.6,211.0501726
2022-12-18 01:00:00,64.65,64.66,64.65,64.66,8.37684358
2022-12-18 00:59:00,64.65,64.7,64.66,64.69,49.04970687
2022-12-18 00:58:00,64.63,64.67,64.65,64.66,39.39947188
2022-12-18 00:57:00,64.63,64.7,64.68,64.63,131.54428485
2022-12-18 00:56:00,64.6,64.65,64.61,64.65,185.97161294
2022-12-18 00:55:00,64.6,64.63,64.6,64.63,14.22823337
2022-12-18 00:54:00,64.6,64.63,64.63,64.63,32.59536476
2022-12-18 00:53:00,64.6,64.64,64.64,64.62,34.57951541
2022-12-18 00:52:00,64.6,64.65,64.6,64.64,58.24288886
2022-12-18 00:51:00,64.56,64.61,64.57,64.61,19.75298073
2022-12-18 00:50:00,64.55,64.58,64.55,64.56,11.9848151
2022-12-18 00:49:00,64.53,64.56,64.53,64.54,70.43563812
2022-12-18 00:48:00,64.52,64.59,64.58,64.56,103.33234315
2022-12-18 00:47:00,64.53,64.58,64.56,64.58,19.98548511
2022-12-18 00:46:00,64.52,64.56,64.54,64.56,48.7725248
2022-12-18 00:45:00,64.52,64.54,64.52,64.54,18.4605709
2022-12-18 00:44:00,64.48,64.55,64.48,64.53,141.64793384
2022-12-18 00:43:00,64.46,64.53,64.53,64.46,91.79072601
2022-12-18 00:42:00,64.5,64.57,64.54,64.53,51.20365942
2022-12-18 00:41:00,64.54,64.61,64.58,64.54,65.81160647
2022-12-18 00:40:00,64.56,64.61,64.56,64.61,55.61201577
2022-12-18 00:39:00,64.53,64.57,64.57,64.57,81.34754251
2022-12-18 00:38:00,64.51,64.57,64.54,64.57,93.29895825
2022-12-18 00:37:00,64.51,64.57,64.54,64.51,49.78884104
2022-12-18 00:36:00,64.54,64.59,64.57,64.54,7.73446915
2022-12-18 00:35:00,64.54,64.61,64.54,64.58,70.4850084
2022-12-18 00:34:00,64.54,64.61,64.59,64.54,130.15257003
2022-12-18 00:33:00,64.54,64.61,64.55,64.59,96.69956809
2022-12-18 00:32:00,64.54,64.6,64.59,64.56,109.77736048
2022-12-18 00:31:00,64.51,64.59,64.53,64.59,27.74429283
2022-12-18 00:30:00,64.49,64.53,64.52,64.53,12.05707459
2022-12-18 00:29:00,64.57,64.63,64.59,64.57,68.38690381
2022-12-18 00:28:00,64.42,64.59,64.44,64.58,108.40345793
2022-12-18 00:27:00,64.44,64.54,64.53,64.44,148.62642323
2022-12-18 00:26:00,64.44,64.54,64.47,64.52,92.80360683
2022-12-18 00:25:00,64.43,64.47,64.45,64.45,85.81525178
2022-12-18 00:24:00,64.43,64.58,64.54,64.46,284.99396117
2022-12-18 00:23:00,64.52,64.59,64.59,64.54,52.26192946
2022-12-18 00:22:00,64.52,64.6,64.53,64.59,58.81039544
2022-12-18 00:21:00,64.52,64.72,64.72,64.54,982.31175327
2022-12-18 00:20:00,64.7,64.78,64.71,64.73,753.42619662
2022-12-18 00:19:00,64.71,64.72,64.72,64.72,10.24883304
2022-12-18 00:18:00,64.71,64.73,64.73,64.71,21.66386922
2022-12-18 00:17:00,64.68,64.73,64.7,64.71,94.99322087
2022-12-18 00:16:00,64.6,64.7,64.67,64.7,108.72792834
2022-12-18 00:15:00,64.63,64.7,64.7,64.66,56.54751598
2022-12-18 00:14:00,64.6,64.72,64.65,64.71,152.65826303
2022-12-18 00:13:00,64.63,64.78,64.77,64.65,142.63492871
2022-12-18 00:12:00,64.75,64.79,64.78,64.76,26.84869142
2022-12-18 00:11:00,64.76,64.81,64.79,64.79,23.66553097
2022-12-18 00:10:00,64.73,64.81,64.8,64.77,124.16143088
2022-12-18 00:09:00,64.75,64.82,64.75,64.77,106.96143766
2022-12-18 00:08:00,64.74,64.83,64.82,64.75,124.72254299
2022-12-18 00:07:00,64.72,64.82,64.77,64.81,329.73230029
2022-12-18 00:06:00,64.77,64.86,64.86,64.8,89.07491997
2022-12-18 00:05:00,64.81,64.91,64.86,64.86,231.76672754
2022-12-18 00:04:00,64.84,64.94,64.87,64.88,510.59272355
2022-12-18 00:03:00,64.85,64.95,64.95,64.89,317.07744274
2022-12-18 00:02:00,64.92,65.08,65.06,64.92,395.60715612
2022-12-18 00:01:00,65.0,65.06,65.03,65.06,234.39209985
2022-12-18 00:00:00,64.91,65.04,64.91,65.03,508.78632026
2022-12-17 23:59:00,64.9,64.95,64.91,64.91,34.83360438
2022-12-17 23:58:00,64.88,64.97,64.95,64.92,94.97900704
2022-12-17 23:57:00,64.91,64.96,64.94,64.95,58.44571745
2022-12-17 23:56:00,64.91,65.02,64.98,64.94,216.4298458
2022-12-17 23:55:00,64.98,65.01,64.99,64.98,70.20154724
2022-12-17 23:54:00,64.93,65.06,65.06,65.01,106.6631038
2022-12-17 23:53:00,64.97,65.07,65.0,65.06,122.71747732
2022-12-17 23:52:00,65.0,65.1,65.1,65.0,34.87929267
2022-12-17 23:51:00,64.98,65.1,65.07,65.1,124.76597177
2022-12-17 23:50:00,65.01,65.14,65.1,65.1,72.33731134
2022-12-17 23:49:00,65.05,65.15,65.06,65.05,75.92615791
2022-12-17 23:48:00,64.97,65.12,64.98,65.06,154.3174292
2022-12-17 23:47:00,64.89,64.98,64.95,64.95,107.38006271
2022-12-17 23:46:00,64.91,65.06,65.06,64.93,243.42434086
2022-12-17 23:45:00,65.04,65.18,65.04,65.08,516.47291676
2022-12-17 23:44:00,64.95,65.05,65.0,65.04,174.10678996
2022-12-17 23:43:00,64.96,65.04,64.98,65.0,291.7222703
2022-12-17 23:42:00,64.89,64.97,64.93,64.97,113.19214818
2022-12-17 23:41:00,64.89,64.93,64.92,64.93,51.99171292
2022-12-17 23:40:00,64.88,64.93,64.88,64.93,54.9789829
2022-12-17 23:39:00,64.84,64.89,64.84,64.88,83.77451636
2022-12-17 23:38:00,64.82,64.86,64.86,64.82,27.22838452
2022-12-17 23:37:00,64.82,64.87,64.83,64.86,81.49492695
2022-12-17 23:36:00,64.76,64.85,64.8,64.85,138.28331807
2022-12-17 23:35:00,64.79,64.88,64.79,64.81,103.38647805
2022-12-17 23:34:00,64.8,64.9,64.9,64.81,96.6461563
2022-12-17 23:33:00,64.89,65.02,64.95,64.89,238.88443761
2022-12-17 23:32:00,64.95,65.03,64.97,64.96,133.4381338
2022-12-17 23:31:00,64.91,65.01,64.92,64.98,92.26134329
2022-12-17 23:30:00,64.88,64.94,64.93,64.94,118.24568223
2022-12-17 23:29:00,64.88,64.95,64.89,64.93,131.91654827
2022-12-17 23:28:00,64.83,64.9,64.87,64.89,230.07368283
2022-12-17 23:27:00,64.82,64.88,64.83,64.88,106.41802717
2022-12-17 23:26:00,64.75,64.84,64.75,64.81,258.54620757
2022-12-17 23:25:00,64.72,64.8,64.76,64.72,329.60545673
2022-12-17 23:24:00,64.7,64.92,64.88,64.74,1186.78168198
2022-12-17 23:23:00,64.82,64.88,64.87,64.88,220.22956397
2022-12-17 23:22:00,64.85,64.93,64.92,64.9,168.52213828
2022-12-17 23:21:00,64.82,64.92,64.84,64.9,97.41542747
2022-12-17 23:20:00,64.81,64.86,64.86,64.84,53.75715876
2022-12-17 23:19:00,64.76,64.91,64.76,64.86,160.46814019
2022-12-17 23:18:00,64.71,64.77,64.74,64.76,72.17697922
2022-12-17 23:17:00,64.7,64.77,64.75,64.77,148.47850009
2022-12-17 23:16:00,64.58,64.73,64.58,64.73,219.86218496
2022-12-17 23:15:00,64.6,64.72,64.71,64.6,92.20476719
2022-12-17 23:14:00,64.66,64.71,64.68,64.71,39.47802987
2022-12-17 23:13:00,64.66,64.75,64.69,64.68,71.65838032
2022-12-17 23:12:00,64.56,64.69,64.62,64.67,223.53203154
2022-12-17 23:11:00,64.52,64.62,64.58,64.61,108.21313773
2022-12-17 23:10:00,64.56,64.7,64.68,64.57,128.02046416
2022-12-17 23:09:00,64.68,64.83,64.82,64.68,58.19396615
2022-12-17 23:08:00,64.74,64.88,64.82,64.83,102.32296373
2022-12-17 23:07:00,64.78,65.0,64.96,64.78,455.26954158
2022-12-17 23:06:00,64.72,64.96,64.72,64.96,299.37304088
2022-12-17 23:05:00,64.59,64.75,64.59,64.72,378.10855159
2022-12-17 23:04:00,64.51,64.65,64.54,64.59,129.65562005
2022-12-17 23:03:00,64.41,64.54,64.53,64.54,241.49875567
2022-12-17 23:02:00,64.31,64.54,64.53,64.54,699.99953648
2022-12-17 23:01:00,64.51,64.71,64.69,64.51,298.10179012
2022-12-17 23:00:00,64.72,64.82,64.75,64.73,667.77990752
2022-12-17 22:59:00,64.6,64.92,64.6,64.73,1248.17965329
2022-12-17 22:58:00,64.52,64.6,64.54,64.58,81.20941482
2022-12-17 22:57:00,64.49,64.56,64.49,64.56,139.80327196
2022-12-17 22:56:00,64.47,64.51,64.5,64.49,38.09826078
2022-12-17 22:55:00,64.48,64.51,64.49,64.5,31.68428871
2022-12-17 22:54:00,64.48,64.51,64.48,64.5,51.72483394
2022-12-17 22:53:00,64.47,64.55,64.52,64.51,56.67587489
2022-12-18 08:53:00,64.53,64.55,64.53,64.54,12.05895825
2022-12-18 08:52:00,64.53,64.55,64.54,64.54,36.74844638
2022-12-18 08:51:00,64.54,64.56,64.54,64.55,7.33821202
2022-12-18 08:50:00,64.54,64.56,64.54,64.55,6.55610452
2022-12-18 08:49:00,64.52,64.55,64.52,64.55,111.23303926
2022-12-18 08:48:00,64.52,64.56,64.55,64.52,91.45253954
2022-12-18 08:47:00,64.56,64.56,64.56,64.56,1.09830561
2022-12-18 08:46:00,64.54,64.56,64.56,64.56,77.59802888
2022-12-18 08:45:00,64.54,64.56,64.55,64.56,10.51799403
2022-12-18 08:44:00,64.54,64.56,64.55,64.56,7.28955959
2022-12-18 08:43:00,64.53,64.56,64.54,64.56,69.93735389
2022-12-18 08:42:00,64.53,64.54,64.53,64.54,0.31661627
2022-12-18 08:41:00,64.49,64.53,64.5,64.53,35.34651799
2022-12-18 08:40:00,64.48,64.5,64.48,64.49,24.13455899
2022-12-18 08:39:00,64.46,64.49,64.46,64.49,24.1993857
2022-12-18 08:38:00,64.46,64.49,64.46,64.46,26.26978854
2022-12-18 08:37:00,64.44,64.47,64.45,64.46,81.80119783
2022-12-18 08:36:00,64.42,64.44,64.43,64.44,12.78278946
2022-12-18 08:35:00,64.42,64.5,64.49,64.42,167.76390829
2022-12-18 08:34:00,64.48,64.5,64.5,64.49,23.87427472
2022-12-18 08:33:00,64.48,64.57,64.56,64.5,170.09965037
2022-12-18 08:32:00,64.53,64.59,64.56,64.56,148.24386556
2022-12-18 08:31:00,64.49,64.53,64.52,64.53,63.23094349
2022-12-18 08:30:00,64.5,64.55,64.5,64.53,80.95249575
2022-12-18 08:29:00,64.5,64.57,64.51,64.53,88.4303084
2022-12-18 08:28:00,64.51,64.56,64.53,64.53,137.40687895
2022-12-18 08:27:00,64.53,64.59,64.54,64.56,294.14390513
2022-12-18 08:26:00,64.52,64.59,64.57,64.52,55.00822393
2022-12-18 08:25:00,64.55,64.61,64.58,64.55,144.73446023
2022-12-18 08:24:00,64.51,64.61,64.56,64.58,84.80603731
2022-12-18 08:23:00,64.5,64.59,64.58,64.58,596.19762921
2022-12-18 08:22:00,64.57,64.62,64.61,64.6,80.9581818
2022-12-18 08:21:00,64.57,64.62,64.59,64.61,134.10599992
2022-12-18 08:20:00,64.54,64.57,64.54,64.57,10.73038761
2022-12-18 08:19:00,64.51,64.56,64.52,64.55,44.394176
2022-12-18 08:18:00,64.48,64.55,64.54,64.52,187.93816226
2022-12-18 08:17:00,64.53,64.57,64.53,64.54,99.19812631
2022-12-18 08:16:00,64.46,64.53,64.49,64.53,71.96963164
2022-12-18 08:15:00,64.5,64.55,64.51,64.51,105.19377388
2022-12-18 08:14:00,64.48,64.54,64.54,64.52,459.2383528
2022-12-18 08:13:00,64.54,64.57,64.54,64.54,20.32564949
2022-12-18 08:12:00,64.5,64.63,64.63,64.54,227.44853033
2022-12-18 08:11:00,64.63,64.67,64.63,64.65,23.67854963
2022-12-18 08:10:00,64.63,64.66,64.64,64.63,69.98072458
2022-12-18 08:09:00,64.64,64.73,64.73,64.68,69.11068738
2022-12-18 08:08:00,64.64,64.73,64.64,64.73,35.32322485
2022-12-18 08:07:00,64.62,64.68,64.63,64.64,218.00409465
2022-12-18 08:06:00,64.61,64.65,64.62,64.63,70.62581763
2022-12-18 08:05:00,64.57,64.64,64.6,64.59,182.69267789
2022-12-18 08:04:00,64.56,64.62,64.57,64.6,71.21549635
2022-12-18 08:03:00,64.56,64.66,64.61,64.56,199.19814917
2022-12-18 08:02:00,64.55,64.69,64.55,64.61,697.38017691
2022-12-18 08:01:00,64.51,64.55,64.53,64.54,74.45379795
2022-12-18 08:00:00,64.47,64.52,64.47,64.52,30.88585645
2022-12-18 07:59:00,64.47,64.52,64.5,64.48,44.44775197
2022-12-18 07:58:00,64.49,64.58,64.52,64.5,374.06466899
2022-12-18 07:57:00,64.51,64.58,64.58,64.53,265.37536565
2022-12-18 07:56:00,64.54,64.6,64.59,64.58,64.8134182
2022-12-18 07:55:00,64.58,64.6,64.59,64.58,11.26021244
2022-12-18 07:54:00,64.59,64.67,64.67,64.6,54.39884597
2022-12-18 07:53:00,64.67,64.69,64.69,64.68,41.55607332
2022-12-18 07:52:00,64.69,64.71,64.69,64.69,64.89652697
2022-12-18 07:51:00,64.68,64.71,64.68,64.7,45.52688452
2022-12-18 07:50:00,64.64,64.7,64.67,64.69,85.50480665
2022-12-18 07:49:00,64.59,64.66,64.61,64.66,109.54378946
2022-12-18 07:48:00,64.58,64.67,64.67,64.65,291.35263116
2022-12-18 07:47:00,64.67,64.79,64.79,64.67,208.21570528
2022-12-18 07:46:00,64.78,64.8,64.79,64.79,117.39084003
2022-12-18 07:45:00,64.78,64.8,64.78,64.8,31.51622687
2022-12-18 07:44:00,64.77,64.83,64.81,64.78,90.03917379
2022-12-18 07:43:00,64.79,64.81,64.8,64.8,22.27709951
2022-12-18 07:42:00,64.8,64.82,64.82,64.8,16.21652695
2022-12-18 07:41:00,64.79,64.83,64.82,64.82,70.42164274
2022-12-18 07:40:00,64.8,64.84,64.81,64.83,84.63911471
2022-12-18 07:39:00,64.8,64.81,64.81,64.8,20.11627681
2022-12-18 07:38:00,64.79,64.84,64.83,64.79,50.99592886
2022-12-18 07:37:00,64.81,64.85,64.83,64.85,51.22468171
2022-12-18 07:36:00,64.82,64.85,64.83,64.84,46.99545086
2022-12-18 07:35:00,64.85,64.89,64.89,64.85,3.8005341
2022-12-18 07:34:00,64.82,64.89,64.83,64.88,19.40700015
2022-12-18 07:33:00,64.82,64.85,64.84,64.83,32.74406257
2022-12-18 07:32:00,64.84,64.87,64.85,64.84,57.56120201
2022-12-18 07:31:00,64.85,64.87,64.87,64.86,15.15692324
2022-12-18 07:30:00,64.82,64.86,64.83,64.85,70.78579859
2022-12-18 07:29:00,64.83,64.87,64.86,64.83,83.25029474
2022-12-18 07:28:00,64.85,64.87,64.85,64.85,27.96772077
2022-12-18 07:27:00,64.86,64.89,64.89,64.86,30.19408603
2022-12-18 07:26:00,64.87,64.9,64.9,64.89,29.18926357
2022-12-18 07:25:00,64.86,64.91,64.89,64.9,208.82152206
2022-12-18 07:24:00,64.84,64.89,64.86,64.89,15.68146576
2022-12-18 07:23:00,64.86,64.89,64.88,64.86,9.71275451
2022-12-18 07:22:00,64.85,64.89,64.87,64.87,79.40623254
2022-12-18 07:21:00,64.85,64.88,64.88,64.86,12.33012181
2022-12-18 07:20:00,64.82,64.88,64.84,64.87,57.49619711
2022-12-18 07:19:00,64.82,64.86,64.86,64.84,61.9481409
2022-12-18 07:18:00,64.86,64.91,64.91,64.86,20.61168761
2022-12-18 07:17:00,64.9,64.91,64.9,64.91,6.05870096
2022-12-18 07:16:00,64.89,64.9,64.9,64.89,35.3147197
2022-12-18 07:15:00,64.88,64.92,64.92,64.89,142.21313902
2022-12-18 07:14:00,64.91,64.95,64.94,64.91,10.98295726
2022-12-18 07:13:00,64.93,64.96,64.94,64.95,30.45900039
2022-12-18 07:12:00,64.94,64.97,64.95,64.95,19.56475921
2022-12-18 07:11:00,64.92,64.98,64.95,64.96,204.70315569
2022-12-18 07:10:00,64.94,64.95,64.94,64.95,8.51081919
2022-12-18 07:09:00,64.95,65.0,65.0,64.95,20.34741859
2022-12-18 07:08:00,64.97,65.0,64.97,65.0,32.80454638
2022-12-18 07:07:00,64.97,64.98,64.98,64.98,18.6587776
2022-12-18 07:06:00,64.97,65.01,64.98,64.99,60.04638608
2022-12-18 07:05:00,64.99,65.01,64.99,64.99,32.83192176
2022-12-18 07:04:00,64.98,65.01,64.98,64.99,17.63115078
2022-12-18 07:03:00,64.97,65.01,64.97,65.0,107.43869211
2022-12-18 07:02:00,64.96,64.98,64.98,64.97,12.12755987
2022-12-18 07:01:00,64.97,64.99,64.99,64.97,24.39469318
2022-12-18 07:00:00,64.97,65.01,64.97,65.0,87.15930636
2022-12-18 06:59:00,64.94,64.98,64.94,64.97,104.58365062
2022-12-18 06:58:00,64.93,64.98,64.97,64.94,25.16803167
2022-12-18 06:57:00,64.93,64.97,64.93,64.97,22.22611125
2022-12-18 06:56:00,64.92,64.97,64.92,64.95,128.71913427
2022-12-18 06:55:00,64.93,64.97,64.93,64.93,70.8273057
2022-12-18 06:54:00,64.92,64.97,64.92,64.94,196.45414375
2022-12-18 06:53:00,64.89,64.95,64.91,64.92,16.19660804
2022-12-18 06:52:00,64.9,64.92,64.9,64.92,13.94364571
2022-12-18 06:51:00,64.88,64.9,64.88,64.9,18.32983515
2022-12-18 06:50:00,64.86,64.89,64.87,64.88,35.4427082
2022-12-18 06:49:00,64.83,64.89,64.83,64.88,78.55910583
2022-12-18 06:48:00,64.82,64.85,64.84,64.85,68.13318024
2022-12-18 06:47:00,64.8,64.85,64.8,64.84,36.12476955
2022-12-18 06:46:00,64.79,64.81,64.81,64.79,27.65560426
2022-12-18 06:45:00,64.79,64.82,64.8,64.82,15.90383688
2022-12-18 06:44:00,64.78,64.81,64.8,64.78,32.37325987
2022-12-18 06:43:00,64.78,64.81,64.81,64.8,101.78946467
2022-12-18 06:42:00,64.81,64.83,64.83,64.81,27.21932357
2022-12-18 06:41:00,64.81,64.83,64.81,64.82,25.9802024
2022-12-18 06:40:00,64.8,64.83,64.82,64.83,95.87490321
2022-12-18 06:39:00,64.8,64.83,64.81,64.82,16.17436933
2022-12-18 06:38:00,64.8,64.86,64.81,64.82,109.30675997
2022-12-18 06:37:00,64.81,64.87,64.87,64.82,65.97109473
2022-12-18 06:36:00,64.85,64.9,64.86,64.87,56.08508972
2022-12-18 06:35:00,64.85,64.9,64.85,64.88,419.02956343
2022-12-18 06:34:00,64.77,64.83,64.83,64.83,194.27148864
2022-12-18 06:33:00,64.83,64.85,64.85,64.84,143.51730168
2022-12-18 06:32:00,64.85,64.89,64.89,64.85,98.67237392
2022-12-18 06:31:00,64.9,64.94,64.94,64.9,65.09878498
2022-12-18 06:30:00,64.89,64.96,64.89,64.95,92.79685526
2022-12-18 06:29:00,64.86,64.89,64.87,64.89,16.98566924
2022-12-18 06:28:00,64.84,64.93,64.89,64.87,158.17815782
2022-12-18 06:27:00,64.9,64.94,64.93,64.9,98.54383119
2022-12-18 06:26:00,64.9,64.98,64.98,64.92,95.15361586
2022-12-18 06:25:00,64.97,65.04,65.02,64.97,39.44877225
2022-12-18 06:24:00,65.01,65.06,65.05,65.04,95.04165288
2022-12-18 06:23:00,65.05,65.07,65.06,65.06,22.88876912
2022-12-18 06:22:00,65.05,65.06,65.05,65.06,9.96075027
2022-12-18 06:21:00,65.03,65.05,65.03,65.05,11.62651711
2022-12-18 06:20:00,64.98,65.04,64.98,65.04,135.86428578
2022-12-18 06:19:00,64.97,65.03,65.0,64.98,166.18394155
2022-12-18 06:18:00,64.95,65.0,64.96,65.0,39.43363056
2022-12-18 06:17:00,64.93,64.97,64.97,64.96,174.58904853
2022-12-18 06:16:00,64.95,65.01,64.97,64.98,364.57553857
2022-12-18 06:15:00,64.94,65.01,65.01,64.97,92.70589945
2022-12-18 06:14:00,64.92,65.02,64.92,65.0,50.56496351
2022-12-18 06:13:00,64.92,64.96,64.93,64.92,42.18435297
2022-12-18 06:12:00,64.93,65.0,64.98,64.95,219.37251307
2022-12-18 06:11:00,64.95,65.0,64.99,64.98,201.50763879
2022-12-18 06:10:00,64.96,65.0,64.97,65.0,62.50920847
2022-12-18 06:09:00,64.96,64.99,64.97,64.96,15.28658061
2022-12-18 06:08:00,64.97,65.01,64.99,64.98,176.48361859
2022-12-18 06:07:00,64.99,65.01,64.99,65.0,19.74987716
2022-12-18 06:06:00,64.97,65.0,65.0,64.99,78.10172568
2022-12-18 06:05:00,64.99,65.03,65.02,64.99,130.66303388
2022-12-18 06:04:00,65.01,65.04,65.03,65.02,128.12296798
2022-12-18 06:03:00,65.02,65.05,65.03,65.03,53.67067365
2022-12-18 06:02:00,65.02,65.04,65.03,65.03,16.97828789
2022-12-18 06:01:00,65.02,65.05,65.05,65.04,67.8485547
2022-12-18 06:00:00,65.04,65.1,65.09,65.04,70.0084419
2022-12-18 05:59:00,65.08,65.11,65.09,65.08,39.67467008
2022-12-18 05:58:00,65.06,65.11,65.06,65.11,183.03963645
2022-12-18 05:57:00,65.06,65.1,65.07,65.09,52.82959109
2022-12-18 05:56:00,65.04,65.06,65.04,65.06,44.04071137
2022-12-18 05:55:00,65.03,65.05,65.04,65.03,5.39226203
2022-12-18 05:54:00,65.03,65.1,65.08,65.04,688.52567745
2022-12-18 05:53:00,65.06,65.14,65.11,65.07,263.67343009
2022-12-18 05:52:00,65.1,65.16,65.16,65.1,233.72203858
2022-12-18 05:51:00,65.12,65.16,65.12,65.15,128.95428606
2022-12-18 05:50:00,65.11,65.13,65.12,65.11,72.35668381
2022-12-18 05:49:00,65.1,65.12,65.11,65.12,21.66528548
2022-12-18 05:48:00,65.06,65.12,65.12,65.11,497.10782826
2022-12-18 05:47:00,65.04,65.11,65.04,65.11,201.39404392
2022-12-18 05:46:00,65.03,65.05,65.03,65.05,16.03271235
2022-12-18 05:45:00,65.01,65.04,65.03,65.04,10.55404507
2022-12-18 05:44:00,65.0,65.03,65.0,65.03,35.97083121
2022-12-18 05:43:00,64.98,65.0,64.98,64.99,20.56702902
2022-12-18 05:42:00,64.97,65.01,65.01,64.99,147.57260668
2022-12-18 05:41:00,65.0,65.01,65.01,65.01,15.99643839
2022-12-18 05:40:00,64.99,65.01,65.01,65.01,6.42186545
2022-12-18 05:39:00,64.99,65.01,65.01,65.01,19.42437869
2022-12-18 05:38:00,65.01,65.06,65.04,65.01,61.98704133
2022-12-18 05:37:00,65.02,65.04,65.02,65.04,123.06591009
2022-12-18 05:36:00,64.95,65.01,64.95,65.01,237.21135638
2022-12-18 05:35:00,64.94,64.99,64.99,64.94,45.09535743
2022-12-18 05:34:00,64.93,64.99,64.94,64.99,50.59293353
2022-12-18 05:33:00,64.94,64.96,64.95,64.95,58.66175117
2022-12-18 05:32:00,64.94,65.0,64.99,64.95,178.30200344
2022-12-18 05:31:00,64.99,65.06,65.04,65.0,71.70139601
2022-12-18 05:30:00,64.95,65.04,64.95,65.02,45.54557439
2022-12-18 05:29:00,64.97,65.03,65.03,64.97,41.52200763
2022-12-18 05:28:00,65.01,65.07,65.07,65.03,139.68450552
2022-12-18 05:27:00,65.07,65.14,65.14,65.07,164.1518078
2022-12-18 05:26:00,65.14,65.16,65.15,65.15,43.97403621
2022-12-18 05:25:00,65.08,65.15,65.08,65.15,187.76431806
2022-12-18 05:24:00,65.03,65.19,65.19,65.05,228.93393657
2022-12-18 05:23:00,65.14,65.21,65.2,65.18,275.39167801
2022-12-18 05:22:00,65.19,65.27,65.25,65.21,133.53155844
2022-12-18 05:21:00,65.22,65.27,65.22,65.23,134.98003014
2022-12-18 05:20:00,65.2,65.25,65.22,65.22,74.4057172
2022-12-18 05:19:00,65.21,65.24,65.23,65.21,86.42104838
2022-12-18 05:18:00,65.21,65.27,65.27,65.22,94.06280714
2022-12-18 05:17:00,65.23,65.26,65.24,65.24,27.50077866
2022-12-18 05:16:00,65.22,65.25,65.25,65.25,198.73728664
2022-12-18 05:15:00,65.22,65.25,65.23,65.24,27.62629405
2022-12-18 05:14:00,65.21,65.27,65.27,65.21,111.26989172
2022-12-18 05:13:00,65.26,65.29,65.27,65.26,91.24283593
2022-12-18 05:12:00,65.25,65.27,65.27,65.27,104.44839327
2022-12-18 05:11:00,65.25,65.32,65.31,65.25,181.68572273
2022-12-18 05:10:00,65.31,65.38,65.36,65.32,74.59038914
2022-12-18 05:09:00,65.36,65.39,65.38,65.38,4.84657063
2022-12-18 05:08:00,65.36,65.39,65.36,65.39,25.34988459
2022-12-18 05:07:00,65.36,65.39,65.38,65.36,70.65715292
2022-12-18 05:06:00,65.37,65.41,65.4,65.37,91.05739285
2022-12-18 05:05:00,65.34,65.39,65.35,65.39,65.30411704
2022-12-18 05:04:00,65.32,65.36,65.34,65.32,41.8721915
2022-12-18 05:03:00,65.33,65.4,65.39,65.35,72.60368613
2022-12-18 05:02:00,65.39,65.46,65.46,65.41,179.45323927
2022-12-18 05:01:00,65.44,65.47,65.47,65.45,124.2578536
2022-12-18 05:00:00,65.38,65.48,65.39,65.48,121.46398869
2022-12-18 04:59:00,65.38,65.39,65.38,65.39,22.07760925
2022-12-18 04:58:00,65.35,65.45,65.44,65.37,76.15656935
2022-12-18 04:57:00,65.39,65.46,65.41,65.44,177.77979095
2022-12-18 04:56:00,65.39,65.46,65.46,65.41,511.22634228
2022-12-18 04:55:00,65.46,65.53,65.49,65.47,423.24102859
2022-12-18 04:54:00,65.5,65.62,65.59,65.5,109.46686368
2022-12-18 04:53:00,65.54,65.61,65.56,65.61,256.48937711
2022-12-18 04:52:00,65.51,65.55,65.52,65.53,17.02986802
2022-12-18 04:51:00,65.45,65.53,65.45,65.52,318.61791832
2022-12-18 04:50:00,65.3,65.44,65.31,65.44,58.16106778
2022-12-18 04:49:00,65.3,65.44,65.43,65.32,247.66031007
2022-12-18 04:48:00,65.42,65.5,65.48,65.44,528.5996979
2022-12-18 04:47:00,65.44,65.48,65.44,65.47,210.59339555
2022-12-18 04:46:00,65.4,65.51,65.46,65.44,789.20849478
2022-12-18 04:45:00,65.39,65.45,65.41,65.45,583.82069662
2022-12-18 04:44:00,65.39,65.43,65.42,65.41,134.94092094
2022-12-18 04:43:00,65.42,65.52,65.47,65.42,307.02231466
2022-12-18 04:42:00,65.47,65.62,65.61,65.47,409.51631243
2022-12-18 04:41:00,65.54,65.59,65.55,65.59,91.85707037
2022-12-18 04:40:00,65.47,65.55,65.49,65.53,84.43387512
2022-12-18 04:39:00,65.46,65.53,65.52,65.47,56.5120027
2022-12-18 04:38:00,65.5,65.54,65.53,65.5,65.97799329
2022-12-18 04:37:00,65.48,65.6,65.51,65.53,465.09152837
2022-12-18 04:36:00,65.5,65.58,65.57,65.5,398.02434393
2022-12-18 04:35:00,65.52,65.64,65.64,65.56,458.4272554
2022-12-18 04:34:00,65.63,65.72,65.72,65.63,125.52177926
2022-12-18 04:33:00,65.6,65.7,65.66,65.7,154.26978181
2022-12-18 04:32:00,65.67,65.94,65.82,65.67,599.35968918
2022-12-18 04:31:00,65.57,65.82,65.59,65.82,854.29538683
2022-12-18 04:30:00,65.54,65.61,65.58,65.59,261.06730361
2022-12-18 04:29:00,65.44,65.58,65.44,65.58,301.21465883
2022-12-18 04:28:00,65.41,65.56,65.55,65.44,724.23497626
2022-12-18 04:27:00,65.4,65.63,65.45,65.53,830.01876841
2022-12-18 04:26:00,65.4,65.45,65.4,65.45,29.82673699
2022-12-18 04:25:00,65.33,65.41,65.38,65.4,83.75774714
2022-12-18 04:24:00,65.38,65.48,65.48,65.39,63.44794265
2022-12-18 04:23:00,65.44,65.62,65.62,65.48,74.83776562
2022-12-18 04:22:00,65.4,65.62,65.41,65.62,483.73008659
2022-12-18 04:21:00,65.22,65.42,65.27,65.39,528.80603977
2022-12-18 04:20:00,65.13,65.25,65.17,65.25,205.70371538
2022-12-18 04:19:00,65.15,65.19,65.17,65.18,44.92010734
2022-12-18 04:18:00,65.17,65.22,65.22,65.17,52.25311144
2022-12-18 04:17:00,65.22,65.27,65.26,65.25,75.70856785
2022-12-18 04:16:00,65.3,65.36,65.35,65.3,115.50559628
2022-12-18 04:15:00,65.31,65.39,65.39,65.35,127.54751922
2022-12-18 04:14:00,65.37,65.44,65.39,65.37,442.97781032
2022-12-18 04:13:00,65.37,65.44,65.4,65.42,121.76845923
2022-12-18 04:12:00,65.4,65.45,65.42,65.42,71.24811594
2022-12-18 04:11:00,65.28,65.41,65.28,65.41,130.04817876
2022-12-18 04:10:00,65.19,65.29,65.21,65.27,89.5864896
2022-12-18 04:09:00,65.06,65.21,65.1,65.2,174.28072611
2022-12-18 04:08:00,65.02,65.12,65.02,65.1,283.40860289
2022-12-18 04:07:00,64.95,65.02,64.96,65.02,229.39879074
2022-12-18 04:06:00,64.95,64.99,64.99,64.97,137.48257909
2022-12-18 04:05:00,64.93,65.02,64.95,64.98,463.46696411
2022-12-18 04:04:00,64.9,64.94,64.92,64.94,60.75232438
2022-12-18 04:03:00,64.94,64.97,64.97,64.94,66.40527678
2022-12-18 04:02:00,64.93,64.97,64.94,64.97,66.74676293
2022-12-18 04:01:00,64.88,64.94,64.9,64.94,252.24371337
2022-12-18 04:00:00,64.9,64.93,64.93,64.91,153.18366301
2022-12-18 03:59:00,64.9,64.94,64.9,64.92,107.37438448
2022-12-18 03:58:00,64.8,64.92,64.87,64.9,700.72061814
2022-12-18 03:57:00,64.75,64.86,64.8,64.86,414.17495848
2022-12-18 03:56:00,64.75,64.8,64.75,64.79,97.49423188
2022-12-18 03:55:00,64.74,64.77,64.76,64.76,78.81528959
2022-12-18 03:54:00,64.74,64.76,64.74,64.76,88.81679504
2022-12-18 03:53:00,64.73,64.76,64.74,64.74,108.22207151
2022-12-18 13:53:00,63.92,63.95,63.94,63.94,63.88935683
2022-12-18 13:52:00,63.93,63.98,63.97,63.94,65.15223561
2022-12-18 13:51:00,63.94,63.97,63.94,63.97,81.1815752
2022-12-18 13:50:00,63.9,63.93,63.9,63.92,35.1155329
2022-12-18 13:49:00,63.88,63.91,63.89,63.91,22.33426185
2022-12-18 13:48:00,63.8,63.96,63.96,63.9,851.52448986
2022-12-18 13:47:00,63.94,63.98,63.95,63.94,281.55093457
2022-12-18 13:46:00,63.91,64.0,63.99,63.98,788.77585859
2022-12-18 13:45:00,63.99,64.08,64.03,63.99,578.93936976
2022-12-18 13:44:00,63.94,64.03,63.94,64.03,183.16384748
2022-12-18 13:43:00,63.84,63.92,63.84,63.92,120.68320746
2022-12-18 13:42:00,63.83,63.91,63.84,63.84,197.21658191
2022-12-18 13:41:00,63.82,63.94,63.94,63.85,841.78890855
2022-12-18 13:40:00,63.93,63.99,63.93,63.93,338.42049966
2022-12-18 13:39:00,63.94,64.01,64.0,63.94,199.20113225
2022-12-18 13:38:00,64.01,64.06,64.06,64.01,256.42407448
2022-12-18 13:37:00,63.94,64.07,63.98,64.06,852.32387469
2022-12-18 13:36:00,63.97,64.0,63.98,63.98,11.28026213
2022-12-18 13:35:00,63.94,64.05,63.97,63.97,322.41536633
2022-12-18 13:34:00,63.94,63.98,63.94,63.95,120.52656291
2022-12-18 13:33:00,63.93,64.21,64.21,63.93,753.50877536
2022-12-18 13:32:00,64.22,64.31,64.31,64.22,129.895693
2022-12-18 13:31:00,64.32,64.34,64.34,64.34,6.27560335
2022-12-18 13:30:00,64.3,64.34,64.3,64.34,36.82841344
2022-12-18 13:29:00,64.3,64.32,64.32,64.32,15.75413438
2022-12-18 13:28:00,64.31,64.34,64.33,64.32,105.22390929
2022-12-18 13:27:00,64.32,64.34,64.34,64.32,45.8717751
2022-12-18 13:26:00,64.35,64.39,64.39,64.35,44.00588828
2022-12-18 13:25:00,64.34,64.4,64.34,64.38,77.71250612
2022-12-18 13:24:00,64.34,64.36,64.34,64.36,21.584366
2022-12-18 13:23:00,64.34,64.4,64.4,64.35,297.2301396
2022-12-18 13:22:00,64.35,64.41,64.35,64.41,115.93895282
2022-12-18 13:21:00,64.33,64.36,64.34,64.33,184.71321015
2022-12-18 13:20:00,64.31,64.35,64.31,64.32,75.99170594
2022-12-18 13:19:00,64.3,64.34,64.32,64.3,220.08409
2022-12-18 13:18:00,64.28,64.33,64.28,64.31,106.53534386
2022-12-18 13:17:00,64.24,64.27,64.27,64.27,570.0991298
2022-12-18 13:16:00,64.23,64.27,64.23,64.27,16.89265122
2022-12-18 13:15:00,64.22,64.25,64.24,64.23,8.0330269
2022-12-18 13:14:00,64.25,64.26,64.26,64.26,18.83128534
2022-12-18 13:13:00,64.2,64.26,64.2,64.26,126.26220434
2022-12-18 13:12:00,64.2,64.22,64.22,64.21,5.46303285
2022-12-18 13:11:00,64.18,64.22,64.18,64.2,28.07220467
2022-12-18 13:10:00,64.18,64.26,64.25,64.18,227.11512406
2022-12-18 13:09:00,64.25,64.26,64.26,64.26,19.63734617
2022-12-18 13:08:00,64.24,64.26,64.26,64.24,47.53671712
2022-12-18 13:07:00,64.2,64.26,64.2,64.26,41.81240904
2022-12-18 13:06:00,64.19,64.3,64.24,64.2,560.40165137
2022-12-18 13:05:00,64.24,64.3,64.29,64.24,194.29828934
2022-12-18 13:04:00,64.26,64.34,64.3,64.29,481.59955056
2022-12-18 13:03:00,64.29,64.37,64.37,64.29,111.02422233
2022-12-18 13:02:00,64.35,64.38,64.35,64.37,15.1035513
2022-12-18 13:01:00,64.26,64.35,64.26,64.35,572.79079275
2022-12-18 13:00:00,64.24,64.27,64.25,64.26,18.81496151
2022-12-18 12:59:00,64.25,64.27,64.27,64.25,8.41316176
2022-12-18 12:58:00,64.23,64.27,64.26,64.27,37.11924756
2022-12-18 12:57:00,64.26,64.31,64.31,64.26,53.32212043
2022-12-18 12:56:00,64.32,64.36,64.34,64.32,8.34120966
2022-12-18 12:55:00,64.32,64.35,64.35,64.35,32.22536364
2022-12-18 12:54:00,64.34,64.36,64.36,64.34,10.98470033
2022-12-18 12:53:00,64.36,64.43,64.4,64.36,90.78362222
2022-12-18 12:52:00,64.39,64.49,64.44,64.39,121.89397134
2022-12-18 12:51:00,64.4,64.47,64.4,64.44,70.38233978
2022-12-18 12:50:00,64.39,64.5,64.39,64.39,437.60760608
2022-12-18 12:49:00,64.33,64.38,64.38,64.38,107.8185037
2022-12-18 12:48:00,64.36,64.41,64.37,64.37,93.55377174
2022-12-18 12:47:00,64.34,64.41,64.35,64.36,255.33071868
2022-12-18 12:46:00,64.33,64.41,64.34,64.34,113.29047627
2022-12-18 12:45:00,64.32,64.46,64.46,64.33,239.31944757
2022-12-18 12:44:00,64.32,64.47,64.32,64.47,185.41468898
2022-12-18 12:43:00,64.25,64.33,64.26,64.33,70.13259395
2022-12-18 12:42:00,64.23,64.32,64.27,64.23,410.03211674
2022-12-18 12:41:00,64.1,64.28,64.1,64.26,643.40386736
2022-12-18 12:40:00,64.1,64.11,64.1,64.11,32.55302313
2022-12-18 12:39:00,64.09,64.11,64.1,64.1,27.15009992
2022-12-18 12:38:00,64.02,64.09,64.02,64.09,287.4764461
2022-12-18 12:37:00,64.01,64.05,64.04,64.03,21.04294776
2022-12-18 12:36:00,64.04,64.06,64.05,64.04,65.56323248
2022-12-18 12:35:00,64.05,64.09,64.09,64.05,22.75817241
2022-12-18 12:34:00,64.07,64.1,64.09,64.09,49.66463934
2022-12-18 12:33:00,64.02,64.09,64.02,64.09,56.13817327
2022-12-18 12:32:00,63.99,64.02,64.0,64.02,57.99948023
2022-12-18 12:31:00,63.98,64.0,64.0,64.0,26.32751978
2022-12-18 12:30:00,63.98,64.03,64.0,63.98,522.69075792
2022-12-18 12:29:00,63.96,64.0,63.96,63.98,230.2948142
2022-12-18 12:28:00,63.96,63.97,63.97,63.97,14.08141015
2022-12-18 12:27:00,63.95,63.97,63.97,63.97,11.48530291
2022-12-18 12:26:00,63.91,63.96,63.94,63.96,107.19137721
2022-12-18 12:25:00,63.94,63.97,63.95,63.95,18.18673817
2022-12-18 12:24:00,63.94,63.96,63.96,63.96,44.66128464
2022-12-18 12:23:00,63.96,63.97,63.97,63.96,8.46848434
2022-12-18 12:22:00,63.95,63.97,63.97,63.95,9.11607379
2022-12-18 12:21:00,63.96,64.0,63.97,63.96,477.34409738
2022-12-18 12:20:00,63.94,63.97,63.95,63.97,16.75876011
2022-12-18 12:19:00,63.92,63.94,63.92,63.94,31.79533326
2022-12-18 12:18:00,63.88,63.92,63.91,63.92,142.43095272
2022-12-18 12:17:00,63.92,63.95,63.92,63.92,122.01993321
2022-12-18 12:16:00,63.87,63.92,63.87,63.91,25.33594311
2022-12-18 12:15:00,63.85,63.9,63.85,63.9,117.22891215
2022-12-18 12:14:00,63.77,63.9,63.9,63.85,792.35832657
2022-12-18 12:13:00,63.9,63.93,63.92,63.9,13.99393668
2022-12-18 12:12:00,63.93,64.01,64.01,63.93,114.850342
2022-12-18 12:11:00,63.98,64.02,64.0,64.01,74.31765943
2022-12-18 12:10:00,63.99,64.03,63.99,64.0,353.17090093
2022-12-18 12:09:00,63.96,63.99,63.96,63.99,86.55042125
2022-12-18 12:08:00,63.92,63.96,63.93,63.96,87.15813925
2022-12-18 12:07:00,63.95,63.98,63.98,63.95,47.07450619
2022-12-18 12:06:00,64.0,64.05,64.02,64.0,17.35483726
2022-12-18 12:05:00,63.98,64.03,63.98,64.03,161.88090753
2022-12-18 12:04:00,63.96,63.99,63.99,63.98,177.5952543
2022-12-18 12:03:00,63.98,64.04,63.99,63.99,302.23463836
2022-12-18 12:02:00,63.97,63.99,63.97,63.98,118.52170157
2022-12-18 12:01:00,63.9,63.97,63.9,63.97,140.05426967
2022-12-18 12:00:00,63.83,63.91,63.84,63.91,47.76502996
2022-12-18 11:59:00,63.83,63.85,63.84,63.85,5.36103283
2022-12-18 11:58:00,63.78,63.84,63.78,63.84,50.04278457
2022-12-18 11:57:00,63.74,63.79,63.75,63.79,183.5637483
2022-12-18 11:56:00,63.75,63.83,63.82,63.76,295.51832555
2022-12-18 11:55:00,63.82,63.84,63.84,63.84,25.38074646
2022-12-18 11:54:00,63.82,63.85,63.83,63.82,110.72702203
2022-12-18 11:53:00,63.85,63.87,63.86,63.85,86.02255413
2022-12-18 11:52:00,63.87,63.91,63.91,63.87,38.8529592
2022-12-18 11:51:00,63.91,63.93,63.91,63.91,23.11188491
2022-12-18 11:50:00,63.87,63.91,63.87,63.91,177.03488494
2022-12-18 11:49:00,63.86,63.9,63.9,63.86,47.76739398
2022-12-18 11:48:00,63.89,63.94,63.94,63.89,25.23493735
2022-12-18 11:47:00,63.93,63.98,63.95,63.93,89.66270613
2022-12-18 11:46:00,63.94,63.97,63.97,63.96,83.5049956
2022-12-18 11:45:00,63.94,63.97,63.95,63.97,9.05910132
2022-12-18 11:44:00,63.94,63.97,63.96,63.95,27.32925785
2022-12-18 11:43:00,63.9,63.97,63.9,63.96,51.9246719
2022-12-18 11:42:00,63.88,63.9,63.9,63.9,22.61386271
2022-12-18 11:41:00,63.89,63.92,63.91,63.9,73.35271491
2022-12-18 11:40:00,63.86,63.93,63.86,63.91,152.1023549
2022-12-18 11:39:00,63.85,63.98,63.94,63.85,249.67631714
2022-12-18 11:38:00,63.95,64.0,63.95,63.96,50.36598928
2022-12-18 11:37:00,63.91,63.95,63.91,63.95,85.75620237
2022-12-18 11:36:00,63.87,63.92,63.89,63.91,100.60646682
2022-12-18 11:35:00,63.9,63.95,63.95,63.91,116.72290319
2022-12-18 11:34:00,63.85,64.0,63.85,63.97,416.43269665
2022-12-18 11:33:00,63.74,63.84,63.74,63.84,123.51673386
2022-12-18 11:32:00,63.68,63.73,63.71,63.73,707.28432023
2022-12-18 11:31:00,63.7,63.74,63.72,63.7,92.2336849
2022-12-18 11:30:00,63.69,63.8,63.79,63.71,195.48890539
2022-12-18 11:29:00,63.77,63.87,63.8,63.8,72.10598403
2022-12-18 11:28:00,63.5,63.84,63.53,63.82,889.78705265
2022-12-18 11:27:00,63.49,63.53,63.5,63.53,124.12521876
2022-12-18 11:26:00,63.46,63.5,63.46,63.48,582.8733798
2022-12-18 11:25:00,63.43,63.47,63.43,63.44,91.42951257
2022-12-18 11:24:00,63.43,63.45,63.43,63.43,16.11572028
2022-12-18 11:23:00,63.39,63.41,63.41,63.4,112.96856642
2022-12-18 11:22:00,63.39,63.42,63.39,63.42,17.53433909
2022-12-18 11:21:00,63.35,63.36,63.36,63.36,51.70846933
2022-12-18 11:20:00,63.35,63.38,63.37,63.36,112.74568805
2022-12-18 11:19:00,63.29,63.37,63.33,63.36,590.09065323
2022-12-18 11:18:00,63.2,63.32,63.3,63.32,3862.66187261
2022-12-18 11:17:00,63.29,63.32,63.31,63.3,964.63756487
2022-12-18 11:16:00,63.31,63.33,63.31,63.31,110.0780941
2022-12-18 11:15:00,63.29,63.34,63.3,63.34,110.74695421
2022-12-18 11:14:00,63.28,63.33,63.33,63.3,288.08454261
2022-12-18 11:13:00,63.24,63.32,63.29,63.32,431.9714803
2022-12-18 11:12:00,63.17,63.29,63.2,63.28,380.29164743
2022-12-18 11:11:00,63.2,63.24,63.23,63.2,26.10326322
2022-12-18 11:10:00,63.21,63.25,63.22,63.21,37.85077056
2022-12-18 11:09:00,63.23,63.28,63.27,63.23,68.10178895
2022-12-18 11:08:00,63.23,63.33,63.23,63.26,398.11937718
2022-12-18 11:07:00,63.22,63.28,63.28,63.22,273.27606149
2022-12-18 11:06:00,63.24,63.3,63.25,63.28,97.84249138
2022-12-18 11:05:00,63.24,63.26,63.25,63.25,14.89117887
2022-12-18 11:04:00,63.22,63.25,63.24,63.25,115.10304841
2022-12-18 11:03:00,63.23,63.26,63.24,63.25,126.6172259
2022-12-18 11:02:00,63.21,63.29,63.23,63.24,303.73450085
2022-12-18 11:01:00,63.2,63.31,63.29,63.23,286.74257051
2022-12-18 11:00:00,63.28,63.29,63.29,63.29,12.87405055
2022-12-18 10:59:00,63.27,63.31,63.28,63.3,61.7818832
2022-12-18 10:58:00,63.26,63.3,63.27,63.29,101.00667644
2022-12-18 10:57:00,63.26,63.33,63.33,63.26,225.31128493
2022-12-18 10:56:00,63.31,63.33,63.32,63.32,20.31299053
2022-12-18 10:55:00,63.31,63.36,63.36,63.32,84.12528727
2022-12-18 10:54:00,63.35,63.37,63.35,63.37,199.46048036
2022-12-18 10:53:00,63.34,63.35,63.34,63.34,14.16290944
2022-12-18 10:52:00,63.34,63.35,63.35,63.34,167.79801445
2022-12-18 10:51:00,63.33,63.38,63.38,63.36,72.17034811
2022-12-18 10:50:00,63.36,63.38,63.37,63.38,16.01875999
2022-12-18 10:49:00,63.36,63.38,63.37,63.37,41.51152954
2022-12-18 10:48:00,63.34,63.37,63.34,63.37,170.86370162
2022-12-18 10:47:00,63.27,63.35,63.27,63.34,140.37625752
2022-12-18 10:46:00,63.26,63.31,63.3,63.26,34.37614489
2022-12-18 10:45:00,63.27,63.3,63.3,63.29,32.73041544
2022-12-18 10:44:00,63.28,63.32,63.28,63.32,85.28427138
2022-12-18 10:43:00,63.23,63.3,63.28,63.3,417.7177309
2022-12-18 10:42:00,63.27,63.32,63.32,63.28,31.24656195
2022-12-18 10:41:00,63.3,63.4,63.4,63.31,659.72605131
2022-12-18 10:40:00,63.38,63.41,63.41,63.4,40.98432783
2022-12-18 10:39:00,63.39,63.41,63.39,63.41,6.37410563
2022-12-18 10:38:00,63.38,63.44,63.43,63.38,57.70790634
2022-12-18 10:37:00,63.41,63.44,63.41,63.42,116.39332408
2022-12-18 10:36:00,63.39,63.45,63.45,63.41,235.31890265
2022-12-18 10:35:00,63.4,63.45,63.4,63.45,78.7003072
2022-12-18 10:34:00,63.33,63.42,63.42,63.39,239.54452845
2022-12-18 10:33:00,63.39,63.44,63.44,63.42,79.6003782
2022-12-18 10:32:00,63.43,63.49,63.48,63.44,233.90569477
2022-12-18 10:31:00,63.46,63.54,63.53,63.46,57.53525052
2022-12-18 10:30:00,63.52,63.55,63.53,63.55,36.82819203
2022-12-18 10:29:00,63.47,63.6,63.51,63.54,426.23109917
2022-12-18 10:28:00,63.5,63.52,63.5,63.52,55.03744407
2022-12-18 10:27:00,63.48,63.51,63.51,63.5,34.1584592
2022-12-18 10:26:00,63.43,63.52,63.44,63.52,71.603285
2022-12-18 10:25:00,63.45,63.51,63.48,63.45,88.2957602
2022-12-18 10:24:00,63.45,63.5,63.45,63.49,59.76373181
2022-12-18 10:23:00,63.43,63.48,63.43,63.45,78.97267536
2022-12-18 10:22:00,63.38,63.43,63.4,63.43,41.90495765
2022-12-18 10:21:00,63.27,63.4,63.27,63.4,317.85378516
2022-12-18 10:20:00,63.26,63.35,63.34,63.27,136.5243049
2022-12-18 10:19:00,63.31,63.36,63.35,63.35,320.71904211
2022-12-18 10:18:00,63.35,63.38,63.35,63.36,34.18324881
2022-12-18 10:17:00,63.35,63.38,63.35,63.36,13.77022302
2022-12-18 10:16:00,63.34,63.44,63.44,63.36,326.67438511
2022-12-18 10:15:00,63.39,63.49,63.41,63.45,425.37449176
2022-12-18 10:14:00,63.4,63.41,63.41,63.4,4.9517255
2022-12-18 10:13:00,63.42,63.43,63.42,63.42,32.19509656
2022-12-18 10:12:00,63.44,63.57,63.44,63.5,853.01454732
2022-12-18 10:11:00,63.35,63.45,63.35,63.44,45.45394073
2022-12-18 10:10:00,63.32,63.35,63.32,63.35,31.07283012
2022-12-18 10:09:00,63.28,63.3,63.3,63.3,33.93772708
2022-12-18 10:08:00,63.28,63.3,63.28,63.3,18.59137465
2022-12-18 10:07:00,63.26,63.28,63.27,63.28,125.0909025
2022-12-18 10:06:00,63.27,63.29,63.27,63.28,29.28946867
2022-12-18 10:05:00,63.26,63.28,63.27,63.28,75.75412459
2022-12-18 10:04:00,63.26,63.29,63.27,63.27,14.81137473
2022-12-18 10:03:00,63.26,63.39,63.39,63.27,171.8431887
2022-12-18 10:02:00,63.34,63.4,63.34,63.4,259.74127061
2022-12-18 10:01:00,63.31,63.38,63.38,63.32,47.60388333
2022-12-18 10:00:00,63.31,63.36,63.36,63.36,352.01025158
2022-12-18 09:59:00,63.34,63.38,63.38,63.36,15.93316752
2022-12-18 09:58:00,63.36,63.4,63.4,63.37,276.675767
2022-12-18 09:57:00,63.37,63.41,63.4,63.41,114.5890762
2022-12-18 09:56:00,63.37,63.41,63.39,63.39,20.00107273
2022-12-18 09:55:00,63.33,63.39,63.33,63.39,27.92117039
2022-12-18 09:54:00,63.25,63.34,63.34,63.32,77.38597552
2022-12-18 09:53:00,63.24,63.35,63.35,63.34,366.92226647
2022-12-18 09:52:00,63.17,63.35,63.22,63.35,191.69305412
2022-12-18 09:51:00,63.2,63.35,63.35,63.2,291.58746337
2022-12-18 09:50:00,63.18,63.38,63.25,63.37,222.93402162
2022-12-18 09:49:00,63.25,63.39,63.38,63.25,162.47923075
2022-12-18 09:48:00,63.35,63.45,63.45,63.38,224.22203176
2022-12-18 09:47:00,63.45,63.52,63.52,63.46,271.05658297
2022-12-18 09:46:00,63.53,63.6,63.59,63.55,81.03951634
2022-12-18 09:45:00,63.49,63.56,63.55,63.56,60.84913372
2022-12-18 09:44:00,63.52,63.65,63.52,63.55,98.54214319
2022-12-18 09:43:00,63.38,63.65,63.38,63.51,522.0005476
2022-12-18 09:42:00,63.36,63.39,63.36,63.39,71.1225964
2022-12-18 09:41:00,63.36,63.39,63.38,63.37,268.70009397
2022-12-18 09:40:00,63.28,63.39,63.31,63.38,153.92615514
2022-12-18 09:39:00,63.3,63.4,63.4,63.31,72.70038477
2022-12-18 09:38:00,63.26,63.41,63.26,63.41,107.70634147
2022-12-18 09:37:00,63.22,63.27,63.27,63.25,129.5223299
2022-12-18 09:36:00,63.27,63.38,63.38,63.27,98.38127286
2022-12-18 09:35:00,63.4,63.47,63.41,63.4,178.72187671
2022-12-18 09:34:00,63.4,63.47,63.42,63.43,97.26041424
2022-12-18 09:33:00,63.19,63.4,63.19,63.39,690.17254005
2022-12-18 09:32:00,63.05,63.3,63.29,63.18,651.08244024
2022-12-18 09:31:00,63.27,63.45,63.45,63.28,717.92106867
2022-12-18 09:30:00,63.39,63.6,63.41,63.47,912.63528153
2022-12-18 09:29:00,63.27,63.48,63.44,63.38,409.03896528
2022-12-18 09:28:00,63.28,63.5,63.5,63.43,469.66542758
2022-12-18 09:27:00,63.46,63.58,63.46,63.47,130.26882009
2022-12-18 09:26:00,63.44,63.69,63.69,63.48,654.28880929
2022-12-18 09:25:00,63.68,63.77,63.69,63.69,179.33172376
2022-12-18 09:24:00,63.64,63.83,63.83,63.7,226.9930521
2022-12-18 09:23:00,63.83,63.93,63.87,63.84,121.37860439
2022-12-18 09:22:00,63.81,64.1,64.1,63.87,746.33807257
2022-12-18 09:21:00,64.08,64.09,64.08,64.09,64.30830546
2022-12-18 09:20:00,64.06,64.1,64.06,64.09,76.9909619
2022-12-18 09:19:00,64.07,64.11,64.11,64.07,8.88019444
2022-12-18 09:18:00,64.1,64.18,64.1,64.15,24.73070282
2022-12-18 09:17:00,64.06,64.12,64.12,64.06,17.46949982
2022-12-18 09:16:00,64.01,64.27,64.27,64.11,542.82922399
2022-12-18 09:15:00,64.24,64.28,64.26,64.26,104.50424497
2022-12-18 09:14:00,64.25,64.36,64.3,64.25,211.25852944
2022-12-18 09:13:00,64.31,64.41,64.39,64.31,221.14895801
2022-12-18 09:12:00,64.37,64.4,64.39,64.38,80.64439961
2022-12-18 09:11:00,64.38,64.42,64.38,64.39,112.030869
2022-12-18 09:10:00,64.37,64.39,64.38,64.39,16.01790148
2022-12-18 09:09:00,64.35,64.4,64.4,64.36,46.12898258
2022-12-18 09:08:00,64.39,64.43,64.43,64.39,97.03305453
2022-12-18 09:07:00,64.42,64.52,64.52,64.43,403.69750537
2022-12-18 09:06:00,64.51,64.52,64.51,64.52,8.80760362
2022-12-18 09:05:00,64.48,64.52,64.5,64.52,124.60421696
2022-12-18 09:04:00,64.48,64.5,64.5,64.48,39.54471514
2022-12-18 09:03:00,64.5,64.51,64.51,64.5,2.57175525
2022-12-18 09:02:00,64.49,64.51,64.5,64.51,20.20084406
2022-12-18 09:01:00,64.5,64.51,64.5,64.51,5.44844634
2022-12-18 09:00:00,64.49,64.51,64.51,64.49,52.52089965
2022-12-18 08:59:00,64.5,64.51,64.51,64.51,20.88422039
2022-12-18 08:58:00,64.51,64.52,64.52,64.51,30.25532685
2022-12-18 08:57:00,64.51,64.55,64.55,64.52,77.90807251
2022-12-18 08:56:00,64.55,64.55,64.55,64.55,5.32389332
2022-12-18 08:55:00,64.54,64.56,64.54,64.55,7.51925973
2022-12-18 08:54:00,64.55,64.59,64.55,64.55,148.6385037
2022-12-18 08:53:00,64.53,64.55,64.53,64.54,12.05895825
2022-12-18 18:53:00,64.14,64.23,64.21,64.18,515.29492877
2022-12-18 18:52:00,64.14,64.31,64.28,64.23,748.47790945
2022-12-18 18:51:00,64.17,64.32,64.31,64.28,727.1698028
2022-12-18 18:50:00,64.3,64.46,64.46,64.33,458.04587076
2022-12-18 18:49:00,64.41,64.47,64.41,64.46,106.31186897
2022-12-18 18:48:00,64.4,64.46,64.45,64.41,148.0937082
2022-12-18 18:47:00,64.43,64.46,64.43,64.45,52.14485493
2022-12-18 18:46:00,64.43,64.49,64.49,64.43,140.4402205
2022-12-18 18:45:00,64.45,64.49,64.45,64.47,21.60767731
2022-12-18 18:44:00,64.44,64.5,64.47,64.44,324.75308937
2022-12-18 18:43:00,64.45,64.48,64.47,64.47,33.4943099
2022-12-18 18:42:00,64.42,64.48,64.42,64.47,71.89819523
2022-12-18 18:41:00,64.4,64.44,64.43,64.42,42.50043588
2022-12-18 18:40:00,64.4,64.45,64.43,64.45,76.95917808
2022-12-18 18:39:00,64.4,64.46,64.44,64.43,277.91982451
2022-12-18 18:38:00,64.44,64.46,64.46,64.44,42.48519173
2022-12-18 18:37:00,64.45,64.51,64.48,64.46,102.09804248
2022-12-18 18:36:00,64.48,64.53,64.52,64.49,245.4221883
2022-12-18 18:35:00,64.51,64.53,64.53,64.53,36.50070156
2022-12-18 18:34:00,64.5,64.53,64.5,64.53,67.08565921
2022-12-18 18:33:00,64.48,64.52,64.48,64.52,17.22779596
2022-12-18 18:32:00,64.48,64.52,64.5,64.5,19.48190958
2022-12-18 18:31:00,64.45,64.54,64.51,64.49,346.18537252
2022-12-18 18:30:00,64.4,64.52,64.4,64.52,286.56780937
2022-12-18 18:29:00,64.39,64.42,64.42,64.4,157.07568386
2022-12-18 18:28:00,64.4,64.48,64.48,64.41,214.65203762
2022-12-18 18:27:00,64.47,64.52,64.51,64.47,25.60430797
2022-12-18 18:26:00,64.43,64.51,64.45,64.51,204.94590681
2022-12-18 18:25:00,64.43,64.51,64.48,64.44,56.65956909
2022-12-18 18:24:00,64.44,64.51,64.48,64.5,245.3123056
2022-12-18 18:23:00,64.41,64.56,64.56,64.45,143.33655348
2022-12-18 18:22:00,64.55,64.61,64.59,64.56,147.25119778
2022-12-18 18:21:00,64.49,64.62,64.57,64.6,217.67241914
2022-12-18 18:20:00,64.6,64.69,64.68,64.6,123.37126211
2022-12-18 18:19:00,64.65,64.73,64.71,64.68,174.44584915
2022-12-18 18:18:00,64.67,64.78,64.78,64.72,465.26549844
2022-12-18 18:17:00,64.73,64.84,64.84,64.81,290.44858789
2022-12-18 18:16:00,64.67,64.84,64.68,64.84,504.250689
2022-12-18 18:15:00,64.66,64.74,64.67,64.67,102.80032546
2022-12-18 18:14:00,64.69,64.8,64.8,64.7,505.27074067
2022-12-18 18:13:00,64.78,64.86,64.79,64.81,433.77748444
2022-12-18 18:12:00,64.76,64.94,64.88,64.8,405.73795208
2022-12-18 18:11:00,64.71,64.92,64.77,64.84,973.5225663
2022-12-18 18:10:00,64.63,64.77,64.63,64.77,285.03117632
2022-12-18 18:09:00,64.57,64.74,64.57,64.65,355.36901673
2022-12-18 18:08:00,64.54,64.72,64.55,64.55,773.48834804
2022-12-18 18:07:00,64.48,64.71,64.53,64.55,641.16133608
2022-12-18 18:06:00,64.41,64.56,64.53,64.52,973.21683499
2022-12-18 18:05:00,64.36,64.6,64.6,64.55,1153.17442795
2022-12-18 18:04:00,64.53,64.77,64.77,64.62,840.70972434
2022-12-18 18:03:00,64.43,64.96,64.43,64.81,2225.66699721
2022-12-18 18:02:00,64.39,64.67,64.47,64.42,1548.76587213
2022-12-18 18:01:00,64.16,64.45,64.16,64.45,581.44442959
2022-12-18 18:00:00,64.1,64.17,64.1,64.16,36.22654517
2022-12-18 17:59:00,64.11,64.12,64.12,64.12,11.78043253
2022-12-18 17:58:00,64.12,64.17,64.17,64.12,126.2816705
2022-12-18 17:57:00,64.17,64.19,64.17,64.17,21.21724949
2022-12-18 17:56:00,64.13,64.19,64.15,64.17,92.95247936
2022-12-18 17:55:00,64.14,64.16,64.14,64.15,28.36902339
2022-12-18 17:54:00,64.09,64.13,64.1,64.13,44.91478811
2022-12-18 17:53:00,64.09,64.11,64.11,64.1,9.20049891
2022-12-18 17:52:00,64.08,64.11,64.11,64.11,44.74930989
2022-12-18 17:51:00,64.08,64.11,64.08,64.11,7.56384068
2022-12-18 17:50:00,64.04,64.07,64.06,64.07,139.37502694
2022-12-18 17:49:00,64.06,64.07,64.06,64.07,11.72782924
2022-12-18 17:48:00,63.99,64.05,64.0,64.05,122.42998466
2022-12-18 17:47:00,63.99,64.04,64.03,64.0,38.73049529
2022-12-18 17:46:00,64.02,64.05,64.03,64.03,13.29408931
2022-12-18 17:45:00,64.03,64.05,64.05,64.05,31.86308764
2022-12-18 17:44:00,64.03,64.05,64.04,64.05,13.46790855
2022-12-18 17:43:00,64.01,64.04,64.01,64.04,53.22219239
2022-12-18 17:42:00,64.0,64.03,64.01,64.01,50.89397358
2022-12-18 17:41:00,64.01,64.05,64.04,64.02,64.75487137
2022-12-18 17:40:00,64.04,64.07,64.06,64.04,30.80539359
2022-12-18 17:39:00,64.06,64.12,64.11,64.06,68.60905032
2022-12-18 17:38:00,64.06,64.13,64.06,64.12,51.49132851
2022-12-18 17:37:00,64.06,64.14,64.14,64.06,84.57403084
2022-12-18 17:36:00,64.13,64.21,64.21,64.14,67.89677972
2022-12-18 17:35:00,64.19,64.23,64.22,64.21,50.84528171
2022-12-18 17:34:00,64.14,64.22,64.19,64.22,206.84762112
2022-12-18 17:33:00,64.18,64.3,64.19,64.18,571.0340194
2022-12-18 17:32:00,64.11,64.2,64.12,64.19,28.83474851
2022-12-18 17:31:00,64.11,64.16,64.11,64.12,41.92161264
2022-12-18 17:30:00,64.09,64.11,64.1,64.1,18.22459182
2022-12-18 17:29:00,64.09,64.1,64.09,64.1,23.62369118
2022-12-18 17:28:00,64.07,64.1,64.09,64.09,278.64423037
2022-12-18 17:27:00,63.94,64.08,63.94,64.08,608.4845917
2022-12-18 17:26:00,63.9,63.93,63.91,63.93,25.88962588
2022-12-18 17:25:00,63.88,63.92,63.91,63.91,57.68736741
2022-12-18 17:24:00,63.88,63.91,63.9,63.89,330.78383822
2022-12-18 17:23:00,63.9,63.93,63.93,63.91,31.10289324
2022-12-18 17:22:00,63.9,63.93,63.93,63.93,96.17114115
2022-12-18 17:21:00,63.94,63.94,63.94,63.94,6.64813884
2022-12-18 17:20:00,63.9,63.94,63.9,63.94,85.86240688
2022-12-18 17:19:00,63.85,63.9,63.85,63.9,531.08903563
2022-12-18 17:18:00,63.85,63.87,63.87,63.86,28.70686451
2022-12-18 17:17:00,63.87,63.88,63.88,63.87,6.44484957
2022-12-18 17:16:00,63.83,63.88,63.83,63.86,22.18736031
2022-12-18 17:15:00,63.83,63.84,63.84,63.84,36.35052134
2022-12-18 17:14:00,63.84,63.86,63.84,63.85,46.9876271
2022-12-18 17:13:00,63.82,63.84,63.83,63.84,89.00553492
2022-12-18 17:12:00,63.83,63.91,63.91,63.83,53.32868485
2022-12-18 17:11:00,63.89,63.93,63.92,63.9,111.73910819
2022-12-18 17:10:00,63.86,63.92,63.86,63.92,41.09340438
2022-12-18 17:09:00,63.86,63.94,63.94,63.87,236.72974884
2022-12-18 17:08:00,63.87,63.93,63.87,63.93,22.11099512
2022-12-18 17:07:00,63.83,63.87,63.85,63.87,172.56014011
2022-12-18 17:06:00,63.85,63.94,63.93,63.85,230.98525035
2022-12-18 17:05:00,63.81,63.94,63.81,63.94,484.82137643
2022-12-18 17:04:00,63.78,63.82,63.78,63.81,31.01566286
2022-12-18 17:03:00,63.75,63.8,63.76,63.79,24.03001663
2022-12-18 17:02:00,63.76,63.76,63.76,63.76,10.94072808
2022-12-18 17:01:00,63.75,63.77,63.77,63.76,17.72762198
2022-12-18 17:00:00,63.75,63.77,63.75,63.77,101.40758286
2022-12-18 16:59:00,63.75,63.78,63.75,63.76,282.18792469
2022-12-18 16:58:00,63.74,63.75,63.75,63.75,224.09003119
2022-12-18 16:57:00,63.74,63.75,63.75,63.74,64.55288525
2022-12-18 16:56:00,63.73,63.75,63.75,63.74,77.94589509
2022-12-18 16:55:00,63.72,63.75,63.72,63.75,22.84290171
2022-12-18 16:54:00,63.72,63.73,63.72,63.73,49.31682713
2022-12-18 16:53:00,63.67,63.72,63.68,63.72,23.71613596
2022-12-18 16:52:00,63.67,63.68,63.67,63.68,20.26111836
2022-12-18 16:51:00,63.66,63.67,63.66,63.66,30.44368897
2022-12-18 16:50:00,63.66,63.67,63.67,63.67,3.83656236
2022-12-18 16:49:00,63.66,63.67,63.66,63.67,22.92563823
2022-12-18 16:48:00,63.66,63.68,63.68,63.67,41.611008
2022-12-18 16:47:00,63.67,63.68,63.68,63.68,9.88655448
2022-12-18 16:46:00,63.67,63.69,63.67,63.68,62.59747608
2022-12-18 16:45:00,63.67,63.69,63.68,63.67,41.27661853
2022-12-18 16:44:00,63.68,63.69,63.68,63.69,51.53383118
2022-12-18 16:43:00,63.68,63.73,63.73,63.68,44.83466433
2022-12-18 16:42:00,63.72,63.74,63.74,63.73,28.13797712
2022-12-18 16:41:00,63.72,63.74,63.73,63.73,26.0271785
2022-12-18 16:40:00,63.72,63.74,63.72,63.72,10.13631483
2022-12-18 16:39:00,63.71,63.72,63.72,63.71,3.097525
2022-12-18 16:38:00,63.71,63.72,63.72,63.72,2.60893257
2022-12-18 16:37:00,63.71,63.72,63.72,63.72,5.04276271
2022-12-18 16:36:00,63.7,63.72,63.72,63.71,38.46035416
2022-12-18 16:35:00,63.7,63.73,63.7,63.71,44.35552261
2022-12-18 16:34:00,63.71,63.72,63.72,63.72,35.52683441
2022-12-18 16:33:00,63.71,63.72,63.72,63.72,19.28862554
2022-12-18 16:32:00,63.72,63.74,63.72,63.72,284.45397517
2022-12-18 16:31:00,63.73,63.77,63.77,63.73,75.02783753
2022-12-18 16:30:00,63.76,63.77,63.77,63.76,17.32941061
2022-12-18 16:29:00,63.76,63.78,63.78,63.76,14.77842209
2022-12-18 16:28:00,63.73,63.78,63.75,63.77,92.43983869
2022-12-18 16:27:00,63.73,63.75,63.73,63.75,21.30051746
2022-12-18 16:26:00,63.72,63.73,63.72,63.73,4.74500986
2022-12-18 16:25:00,63.7,63.72,63.71,63.71,58.72398608
2022-12-18 16:24:00,63.71,63.73,63.72,63.72,72.11294143
2022-12-18 16:23:00,63.71,63.73,63.72,63.72,21.87219739
2022-12-18 16:22:00,63.71,63.72,63.72,63.72,8.45057789
2022-12-18 16:21:00,63.69,63.72,63.69,63.71,31.36776917
2022-12-18 16:20:00,63.68,63.69,63.69,63.68,23.81400408
2022-12-18 16:19:00,63.67,63.69,63.68,63.69,52.07946406
2022-12-18 16:18:00,63.67,63.73,63.67,63.69,24.0783561
2022-12-18 16:17:00,63.65,63.68,63.67,63.66,88.76060031
2022-12-18 16:16:00,63.66,63.67,63.67,63.67,10.27080312
2022-12-18 16:15:00,63.66,63.67,63.67,63.67,5.34901941
2022-12-18 16:14:00,63.63,63.66,63.63,63.66,39.12743791
2022-12-18 16:13:00,63.62,63.66,63.62,63.63,123.41239619
2022-12-18 16:12:00,63.6,63.63,63.6,63.61,15.14345349
2022-12-18 16:11:00,63.59,63.61,63.61,63.59,8.88841877
2022-12-18 16:10:00,63.59,63.61,63.6,63.61,37.10780712
2022-12-18 16:09:00,63.59,63.61,63.59,63.61,34.32784092
2022-12-18 16:08:00,63.59,63.6,63.6,63.59,31.7665032
2022-12-18 16:07:00,63.59,63.61,63.61,63.6,19.03245534
2022-12-18 16:06:00,63.59,63.62,63.62,63.6,59.33336971
2022-12-18 16:05:00,63.61,63.66,63.66,63.61,173.66453825
2022-12-18 16:04:00,63.61,63.67,63.62,63.65,128.68067611
2022-12-18 16:03:00,63.61,63.64,63.64,63.64,241.32392745
2022-12-18 16:02:00,63.61,63.65,63.62,63.64,26.78557113
2022-12-18 16:01:00,63.59,63.63,63.59,63.62,241.52975179
2022-12-18 16:00:00,63.57,63.62,63.61,63.59,134.92058338
2022-12-18 15:59:00,63.62,63.68,63.65,63.63,265.19969049
2022-12-18 15:58:00,63.66,63.66,63.66,63.66,6.4200507
2022-12-18 15:57:00,63.64,63.66,63.66,63.64,22.800527
2022-12-18 15:56:00,63.65,63.66,63.65,63.66,66.36130227
2022-12-18 15:55:00,63.61,63.66,63.61,63.64,67.63391591
2022-12-18 15:54:00,63.62,63.65,63.63,63.62,120.39787916
2022-12-18 15:53:00,63.62,63.64,63.64,63.63,54.45695689
2022-12-18 15:52:00,63.65,63.72,63.72,63.65,112.6396591
2022-12-18 15:51:00,63.71,63.73,63.73,63.72,27.85518413
2022-12-18 15:50:00,63.71,63.73,63.73,63.71,6.1393294
2022-12-18 15:49:00,63.71,63.74,63.73,63.73,103.91198353
2022-12-18 15:48:00,63.71,63.73,63.73,63.73,14.70266912
2022-12-18 15:47:00,63.69,63.76,63.76,63.73,262.11057897
2022-12-18 15:46:00,63.69,63.75,63.69,63.75,492.57253759
2022-12-18 15:45:00,63.69,63.71,63.7,63.71,27.84633649
2022-12-18 15:44:00,63.68,63.7,63.69,63.7,34.9637868
2022-12-18 15:43:00,63.68,63.69,63.69,63.69,28.65850912
2022-12-18 15:42:00,63.68,63.7,63.7,63.68,10.20328298
2022-12-18 15:41:00,63.67,63.7,63.67,63.69,174.13029684
2022-12-18 15:40:00,63.68,63.7,63.68,63.68,33.18392268
2022-12-18 15:39:00,63.68,63.71,63.7,63.69,58.65808964
2022-12-18 15:38:00,63.7,63.75,63.74,63.7,293.14900501
2022-12-18 15:37:00,63.74,63.76,63.75,63.74,58.28081327
2022-12-18 15:36:00,63.74,63.76,63.76,63.75,24.28800518
2022-12-18 15:35:00,63.74,63.77,63.74,63.76,16.27866856
2022-12-18 15:34:00,63.74,63.75,63.75,63.75,23.50817871
2022-12-18 15:33:00,63.75,63.77,63.77,63.75,148.33156587
2022-12-18 15:32:00,63.77,63.77,63.77,63.77,11.67751747
2022-12-18 15:31:00,63.76,63.77,63.77,63.76,36.30652795
2022-12-18 15:30:00,63.75,63.77,63.76,63.77,51.38601335
2022-12-18 15:29:00,63.75,63.76,63.76,63.76,23.57799402
2022-12-18 15:28:00,63.75,63.76,63.76,63.76,25.37777101
2022-12-18 15:27:00,63.75,63.77,63.77,63.77,17.20668805
2022-12-18 15:26:00,63.76,63.78,63.77,63.77,44.3272855
2022-12-18 15:25:00,63.76,63.78,63.76,63.77,24.31347388
2022-12-18 15:24:00,63.76,63.79,63.78,63.76,37.98248346
2022-12-18 15:23:00,63.78,63.79,63.78,63.79,13.11082982
2022-12-18 15:22:00,63.78,63.79,63.78,63.79,14.90967654
2022-12-18 15:21:00,63.78,63.79,63.78,63.79,9.31916357
2022-12-18 15:20:00,63.78,63.82,63.8,63.79,33.35579881
2022-12-18 15:19:00,63.78,63.82,63.78,63.81,29.09364232
2022-12-18 15:18:00,63.75,63.79,63.75,63.78,54.38351342
2022-12-18 15:17:00,63.71,63.77,63.72,63.77,81.37547352
2022-12-18 15:16:00,63.7,63.72,63.71,63.71,42.70623958
2022-12-18 15:15:00,63.69,63.71,63.69,63.71,112.65662498
2022-12-18 15:14:00,63.69,63.7,63.7,63.7,18.10337056
2022-12-18 15:13:00,63.69,63.7,63.69,63.7,14.4672776
2022-12-18 15:12:00,63.68,63.7,63.68,63.7,12.39625013
2022-12-18 15:11:00,63.64,63.72,63.72,63.68,183.24221282
2022-12-18 15:10:00,63.71,63.73,63.72,63.72,5.19483971
2022-12-18 15:09:00,63.72,63.75,63.74,63.73,28.42393228
2022-12-18 15:08:00,63.74,63.75,63.74,63.74,7.21420261
2022-12-18 15:07:00,63.74,63.77,63.75,63.75,25.29114613
2022-12-18 15:06:00,63.75,63.77,63.75,63.76,7.58567417
2022-12-18 15:05:00,63.75,63.79,63.75,63.76,16.41824623
2022-12-18 15:04:00,63.66,63.75,63.66,63.75,146.00291785
2022-12-18 15:03:00,63.64,63.66,63.66,63.66,20.6511077
2022-12-18 15:02:00,63.64,63.66,63.66,63.66,67.47637173
2022-12-18 15:01:00,63.64,63.66,63.64,63.66,49.43725199
2022-12-18 15:00:00,63.63,63.64,63.64,63.64,39.83184579
2022-12-18 14:59:00,63.64,63.67,63.67,63.65,102.46475478
2022-12-18 14:58:00,63.66,63.68,63.68,63.68,6.48746328
2022-12-18 14:57:00,63.63,63.69,63.64,63.68,25.52656571
2022-12-18 14:56:00,63.63,63.65,63.63,63.64,17.87655845
2022-12-18 14:55:00,63.61,63.65,63.62,63.63,72.16955471
2022-12-18 14:54:00,63.56,63.64,63.64,63.64,60.56926172
2022-12-18 14:53:00,63.62,63.67,63.66,63.64,113.14678155
2022-12-18 14:52:00,63.66,63.71,63.71,63.66,185.68044271
2022-12-18 14:51:00,63.71,63.73,63.71,63.73,9.90101609
2022-12-18 14:50:00,63.72,63.73,63.72,63.72,10.01426945
2022-12-18 14:49:00,63.72,63.74,63.74,63.73,11.57934809
2022-12-18 14:48:00,63.7,63.74,63.71,63.72,39.34754458
2022-12-18 14:47:00,63.72,63.82,63.82,63.72,171.23737314
2022-12-18 14:46:00,63.81,63.83,63.83,63.82,365.68718081
2022-12-18 14:45:00,63.77,63.83,63.78,63.83,126.41643171
2022-12-18 14:44:00,63.77,63.79,63.78,63.78,113.298262
2022-12-18 14:43:00,63.75,63.79,63.75,63.78,87.92908991
2022-12-18 14:42:00,63.72,63.78,63.75,63.75,1029.69224448
2022-12-18 14:41:00,63.72,63.76,63.72,63.76,492.83189271
2022-12-18 14:40:00,63.71,63.75,63.75,63.72,50.57385353
2022-12-18 14:39:00,63.74,63.76,63.75,63.75,27.37315904
2022-12-18 14:38:00,63.74,63.77,63.76,63.75,91.24399634
2022-12-18 14:37:00,63.69,63.77,63.7,63.76,47.96789625
2022-12-18 14:36:00,63.69,63.72,63.7,63.7,46.48756644
2022-12-18 14:35:00,63.69,63.71,63.7,63.7,13.94529905
2022-12-18 14:34:00,63.68,63.73,63.68,63.71,173.96341149
2022-12-18 14:33:00,63.68,63.69,63.68,63.69,41.0549224
2022-12-18 14:32:00,63.67,63.8,63.8,63.68,150.47838677
2022-12-18 14:31:00,63.75,63.82,63.75,63.82,22.48432304
2022-12-18 14:30:00,63.76,63.82,63.81,63.76,31.97391672
2022-12-18 14:29:00,63.81,63.82,63.82,63.82,23.02791433
2022-12-18 14:28:00,63.8,63.82,63.8,63.82,75.77422429
2022-12-18 14:27:00,63.71,63.8,63.78,63.8,166.0641085
2022-12-18 14:26:00,63.63,63.81,63.63,63.81,149.35032161
2022-12-18 14:25:00,63.6,63.66,63.65,63.63,108.45180978
2022-12-18 14:24:00,63.52,63.66,63.64,63.64,395.51487428
2022-12-18 14:23:00,63.62,63.77,63.77,63.62,494.63754914
2022-12-18 14:22:00,63.76,63.79,63.79,63.77,51.21369437
2022-12-18 14:21:00,63.79,63.89,63.89,63.79,255.6032352
2022-12-18 14:20:00,63.88,63.89,63.88,63.89,4.05754456
2022-12-18 14:19:00,63.88,63.91,63.91,63.88,73.37812943
2022-12-18 14:18:00,63.9,63.92,63.9,63.9,21.85827565
2022-12-18 14:17:00,63.89,63.92,63.9,63.92,130.36324627
2022-12-18 14:16:00,63.87,63.9,63.87,63.9,18.03683241
2022-12-18 14:15:00,63.86,63.89,63.86,63.86,54.19693328
2022-12-18 14:14:00,63.85,63.88,63.85,63.87,33.33919685
2022-12-18 14:13:00,63.83,63.85,63.83,63.85,58.82274478
2022-12-18 14:12:00,63.8,63.86,63.8,63.84,161.00801165
2022-12-18 14:11:00,63.79,63.8,63.79,63.8,2.36642632
2022-12-18 14:10:00,63.79,63.81,63.79,63.8,25.46869404
2022-12-18 14:09:00,63.77,63.82,63.78,63.8,59.76629658
2022-12-18 14:08:00,63.77,63.82,63.78,63.78,387.85110733
2022-12-18 14:07:00,63.76,63.82,63.76,63.78,105.81066407
2022-12-18 14:06:00,63.74,63.77,63.74,63.75,14.59691682
2022-12-18 14:05:00,63.64,63.74,63.64,63.74,120.93239439
2022-12-18 14:04:00,63.64,63.71,63.68,63.65,191.0718712
2022-12-18 14:03:00,63.63,63.75,63.74,63.68,624.1473467
2022-12-18 14:02:00,63.67,63.77,63.77,63.74,664.04438186
2022-12-18 14:01:00,63.78,63.86,63.86,63.79,245.36494848
2022-12-18 14:00:00,63.84,63.88,63.84,63.86,229.44392052
2022-12-18 13:59:00,63.82,63.89,63.89,63.86,541.62035935
2022-12-18 13:58:00,63.88,63.9,63.88,63.89,62.06176023
2022-12-18 13:57:00,63.87,63.9,63.89,63.89,6.21785017
2022-12-18 13:56:00,63.88,63.91,63.89,63.9,44.88654379
2022-12-18 13:55:00,63.87,63.9,63.88,63.9,8.6423941
2022-12-18 13:54:00,63.85,63.95,63.95,63.88,184.78798605
2022-12-18 13:53:00,63.92,63.95,63.94,63.94,63.88935683
2022-12-18 23:53:00,64.55,64.58,64.56,64.56,20.90765931
2022-12-18 23:52:00,64.58,64.62,64.61,64.61,87.19808966
2022-12-18 23:51:00,64.56,64.67,64.65,64.61,80.01080828
2022-12-18 23:50:00,64.66,64.7,64.69,64.68,61.14507337
2022-12-18 23:49:00,64.65,64.71,64.65,64.69,22.64526315
2022-12-18 23:48:00,64.64,64.7,64.68,64.64,187.12135443
2022-12-18 23:47:00,64.69,64.76,64.76,64.7,33.27529453
2022-12-18 23:46:00,64.72,64.76,64.74,64.76,122.19555575
2022-12-18 23:45:00,64.75,64.79,64.79,64.75,336.88251465
2022-12-18 23:44:00,64.79,64.82,64.81,64.8,227.45097002
2022-12-18 23:43:00,64.8,64.82,64.8,64.81,31.2350489
2022-12-18 23:42:00,64.77,64.8,64.78,64.79,56.57169192
2022-12-18 23:41:00,64.78,64.82,64.81,64.8,524.84626151
2022-12-18 23:40:00,64.81,64.84,64.81,64.84,7.40091859
2022-12-18 23:39:00,64.77,64.84,64.78,64.84,16.87075135
2022-12-18 23:38:00,64.76,64.81,64.76,64.78,27.81234819
2022-12-18 23:37:00,64.75,64.77,64.76,64.76,33.82669006
2022-12-18 23:36:00,64.75,64.78,64.78,64.76,60.69498223
2022-12-18 23:35:00,64.7,64.78,64.76,64.76,133.52191326
2022-12-18 23:34:00,64.75,64.8,64.77,64.78,138.74483234
2022-12-18 23:33:00,64.76,64.8,64.8,64.76,23.96448863
2022-12-18 23:32:00,64.76,64.85,64.85,64.76,14.6580961
2022-12-18 23:31:00,64.77,64.86,64.83,64.83,350.86466805
2022-12-18 23:30:00,64.81,64.85,64.85,64.83,332.95043102
2022-12-18 23:29:00,64.83,64.89,64.86,64.86,234.82081599
2022-12-18 23:28:00,64.81,64.89,64.89,64.85,131.66567094
2022-12-18 23:27:00,64.86,64.9,64.9,64.89,43.46341565
2022-12-18 23:26:00,64.89,64.92,64.89,64.9,46.98035
2022-12-18 23:25:00,64.85,64.9,64.87,64.9,31.54285814
2022-12-18 23:24:00,64.85,64.93,64.91,64.85,109.99280569
2022-12-18 23:23:00,64.93,64.97,64.93,64.94,79.05559291
2022-12-18 23:22:00,64.83,64.92,64.86,64.92,101.65787155
2022-12-18 23:21:00,64.86,64.96,64.96,64.87,125.05592313
2022-12-18 23:20:00,64.89,64.96,64.89,64.96,104.06338445
2022-12-18 23:19:00,64.88,64.94,64.94,64.91,69.32848272
2022-12-18 23:18:00,64.9,64.98,64.91,64.95,719.11071988
2022-12-18 23:17:00,64.89,64.98,64.95,64.94,329.93790399
2022-12-18 23:16:00,64.95,65.06,64.99,64.95,378.46706599
2022-12-18 23:15:00,64.98,65.13,65.08,65.0,189.93221764
2022-12-18 23:14:00,65.06,65.21,65.06,65.08,482.15345139
2022-12-18 23:13:00,64.98,65.06,64.98,65.06,133.56848668
2022-12-18 23:12:00,64.97,65.01,65.01,64.99,109.7902026
2022-12-18 23:11:00,64.91,65.02,64.94,65.01,369.15951467
2022-12-18 23:10:00,64.9,64.93,64.92,64.93,53.50281745
2022-12-18 23:09:00,64.86,64.96,64.86,64.93,158.53420829
2022-12-18 23:08:00,64.88,64.93,64.89,64.88,141.91901926
2022-12-18 23:07:00,64.86,64.96,64.96,64.88,61.76605124
2022-12-18 23:06:00,64.86,64.98,64.9,64.95,112.47509364
2022-12-18 23:05:00,64.89,64.97,64.92,64.9,794.75311962
2022-12-18 23:04:00,64.77,64.94,64.82,64.91,248.69702563
2022-12-18 23:03:00,64.75,64.89,64.75,64.84,567.22105483
2022-12-18 23:02:00,64.73,64.77,64.75,64.75,376.8625196
2022-12-18 23:01:00,64.59,64.78,64.62,64.75,294.42783833
2022-12-18 23:00:00,64.56,64.63,64.61,64.59,173.90087316
2022-12-18 22:59:00,64.58,64.61,64.6,64.61,39.50963337
2022-12-18 22:58:00,64.57,64.64,64.62,64.59,115.79966388
2022-12-18 22:57:00,64.57,64.62,64.61,64.59,67.15347408
2022-12-18 22:56:00,64.6,64.65,64.63,64.61,197.47645189
2022-12-18 22:55:00,64.61,64.67,64.62,64.61,33.33701706
2022-12-18 22:54:00,64.62,64.69,64.65,64.62,147.75462993
2022-12-18 22:53:00,64.62,64.78,64.62,64.66,113.8020319
2022-12-18 22:52:00,64.54,64.62,64.56,64.61,123.83688411
2022-12-18 22:51:00,64.47,64.57,64.49,64.56,79.97503741
2022-12-18 22:50:00,64.41,64.57,64.47,64.54,110.9642515
2022-12-18 22:49:00,64.3,64.46,64.45,64.46,325.45384575
2022-12-18 22:48:00,64.34,64.61,64.59,64.48,393.93518089
2022-12-18 22:47:00,64.59,64.83,64.82,64.59,92.86106134
2022-12-18 22:46:00,64.8,64.85,64.81,64.8,33.74969967
2022-12-18 22:45:00,64.8,64.84,64.84,64.84,29.70125376
2022-12-18 22:44:00,64.74,64.83,64.77,64.83,139.33448456
2022-12-18 22:43:00,64.76,64.78,64.77,64.77,36.51848573
2022-12-18 22:42:00,64.75,64.82,64.81,64.78,91.59453753
2022-12-18 22:41:00,64.8,64.84,64.83,64.8,146.56018782
2022-12-18 22:40:00,64.84,64.92,64.92,64.84,53.34630758
2022-12-18 22:39:00,64.88,64.96,64.88,64.93,31.3320183
2022-12-18 22:38:00,64.78,64.88,64.8,64.88,83.32513538
2022-12-18 22:37:00,64.78,64.88,64.87,64.78,198.27580635
2022-12-18 22:36:00,64.79,65.06,64.79,64.88,1682.90687247
2022-12-18 22:35:00,64.6,64.78,64.62,64.78,191.3019479
2022-12-18 22:34:00,64.57,64.62,64.57,64.62,9.24298129
2022-12-18 22:33:00,64.56,64.59,64.58,64.57,32.43055055
2022-12-18 22:32:00,64.56,64.59,64.58,64.58,23.95498564
2022-12-18 22:31:00,64.56,64.59,64.58,64.58,32.04572018
2022-12-18 22:30:00,64.56,64.6,64.59,64.58,194.97185402
2022-12-18 22:29:00,64.57,64.59,64.59,64.59,5.60315054
2022-12-18 22:28:00,64.58,64.59,64.58,64.59,39.8138719
2022-12-18 22:27:00,64.52,64.61,64.55,64.61,273.84545251
2022-12-18 22:26:00,64.52,64.55,64.54,64.55,16.59114155
2022-12-18 22:25:00,64.53,64.54,64.53,64.54,13.94234525
2022-12-18 22:24:00,64.53,64.55,64.54,64.54,27.91966042
2022-12-18 22:23:00,64.55,64.57,64.57,64.55,25.70724668
2022-12-18 22:22:00,64.55,64.58,64.56,64.57,28.55311254
2022-12-18 22:21:00,64.54,64.57,64.55,64.56,27.88763434
2022-12-18 22:20:00,64.54,64.57,64.57,64.55,75.50918827
2022-12-18 22:19:00,64.56,64.6,64.56,64.57,77.11553752
2022-12-18 22:18:00,64.53,64.57,64.54,64.56,23.01088495
2022-12-18 22:17:00,64.51,64.54,64.53,64.54,33.5535476
2022-12-18 22:16:00,64.51,64.54,64.51,64.53,17.27351488
2022-12-18 22:15:00,64.5,64.54,64.54,64.52,170.47365481
2022-12-18 22:14:00,64.48,64.54,64.48,64.54,45.47712675
2022-12-18 22:13:00,64.47,64.52,64.5,64.47,42.48978488
2022-12-18 22:12:00,64.47,64.51,64.47,64.51,13.63441085
2022-12-18 22:11:00,64.44,64.48,64.44,64.46,17.95202061
2022-12-18 22:10:00,64.44,64.45,64.45,64.45,72.42279799
2022-12-18 22:09:00,64.43,64.51,64.49,64.45,397.05310749
2022-12-18 22:08:00,64.41,64.56,64.41,64.49,307.40272805
2022-12-18 22:07:00,64.37,64.41,64.37,64.38,66.96949466
2022-12-18 22:06:00,64.37,64.38,64.38,64.38,8.84472097
2022-12-18 22:05:00,64.37,64.4,64.4,64.38,32.94023456
2022-12-18 22:04:00,64.36,64.42,64.36,64.41,76.94075161
2022-12-18 22:03:00,64.33,64.36,64.33,64.36,280.50838738
2022-12-18 22:02:00,64.32,64.38,64.34,64.33,91.7722294
2022-12-18 22:01:00,64.33,64.41,64.41,64.33,306.56794144
2022-12-18 22:00:00,64.34,64.41,64.34,64.41,80.19653519
2022-12-18 21:59:00,64.31,64.41,64.4,64.34,415.69138801
2022-12-18 21:58:00,64.39,64.42,64.42,64.42,63.96761958
2022-12-18 21:57:00,64.4,64.43,64.4,64.42,45.80552396
2022-12-18 21:56:00,64.38,64.41,64.39,64.41,233.11239986
2022-12-18 21:55:00,64.4,64.43,64.42,64.42,37.1682293
2022-12-18 21:54:00,64.4,64.43,64.41,64.41,16.24947982
2022-12-18 21:53:00,64.37,64.42,64.38,64.42,54.16831955
2022-12-18 21:52:00,64.35,64.37,64.37,64.37,61.88219914
2022-12-18 21:51:00,64.36,64.41,64.4,64.36,88.47280954
2022-12-18 21:50:00,64.37,64.41,64.37,64.41,101.90088076
2022-12-18 21:49:00,64.35,64.38,64.37,64.37,50.48697108
2022-12-18 21:48:00,64.36,64.39,64.36,64.39,85.90881788
2022-12-18 21:47:00,64.33,64.4,64.35,64.36,48.0142472
2022-12-18 21:46:00,64.33,64.36,64.34,64.33,22.67601449
2022-12-18 21:45:00,64.34,64.35,64.34,64.35,29.54966533
2022-12-18 21:44:00,64.3,64.38,64.3,64.36,27.89644209
2022-12-18 21:43:00,64.3,64.35,64.33,64.31,112.83311958
2022-12-18 21:42:00,64.33,64.37,64.33,64.33,144.30528293
2022-12-18 21:41:00,64.3,64.34,64.32,64.33,55.41806483
2022-12-18 21:40:00,64.31,64.34,64.32,64.34,17.5250358
2022-12-18 21:39:00,64.29,64.34,64.3,64.32,37.6930899
2022-12-18 21:38:00,64.28,64.33,64.31,64.29,61.10069634
2022-12-18 21:37:00,64.25,64.31,64.25,64.3,136.44373054
2022-12-18 21:36:00,64.23,64.35,64.35,64.26,434.24761227
2022-12-18 21:35:00,64.3,64.39,64.3,64.36,216.22580913
2022-12-18 21:34:00,64.25,64.3,64.26,64.3,113.19879296
2022-12-18 21:33:00,64.23,64.27,64.25,64.26,39.71924202
2022-12-18 21:32:00,64.24,64.28,64.28,64.25,17.26346811
2022-12-18 21:31:00,64.26,64.3,64.29,64.27,183.68146458
2022-12-18 21:30:00,64.28,64.31,64.3,64.3,142.96316855
2022-12-18 21:29:00,64.23,64.33,64.32,64.31,291.78044919
2022-12-18 21:28:00,64.3,64.37,64.37,64.33,60.71409363
2022-12-18 21:27:00,64.32,64.39,64.33,64.36,145.84860675
2022-12-18 21:26:00,64.34,64.42,64.42,64.34,197.57635961
2022-12-18 21:25:00,64.34,64.42,64.34,64.42,196.53690075
2022-12-18 21:24:00,64.29,64.37,64.33,64.36,128.67990484
2022-12-18 21:23:00,64.33,64.43,64.37,64.34,941.71916012
2022-12-18 21:22:00,64.29,64.41,64.32,64.35,1993.79988691
2022-12-18 21:21:00,64.22,64.32,64.27,64.31,997.26837808
2022-12-18 21:20:00,64.26,64.34,64.33,64.27,43.08508714
2022-12-18 21:19:00,64.23,64.34,64.26,64.33,292.06280558
2022-12-18 21:18:00,64.24,64.31,64.31,64.27,154.73524233
2022-12-18 21:17:00,64.27,64.36,64.35,64.32,345.83960145
2022-12-18 21:16:00,64.21,64.37,64.36,64.35,399.17575179
2022-12-18 21:15:00,64.35,64.49,64.48,64.36,1121.2230863
2022-12-18 21:14:00,64.47,64.5,64.48,64.48,48.10018345
2022-12-18 21:13:00,64.47,64.49,64.48,64.48,54.47340027
2022-12-18 21:12:00,64.47,64.53,64.5,64.47,52.57665677
2022-12-18 21:11:00,64.49,64.52,64.49,64.5,34.10009962
2022-12-18 21:10:00,64.47,64.55,64.54,64.5,151.12174777
2022-12-18 21:09:00,64.54,64.57,64.56,64.55,22.02452066
2022-12-18 21:08:00,64.5,64.56,64.54,64.56,275.89493363
2022-12-18 21:07:00,64.51,64.58,64.53,64.53,106.79886081
2022-12-18 21:06:00,64.49,64.54,64.5,64.52,87.2997172
2022-12-18 21:05:00,64.41,64.53,64.43,64.51,352.78544634
2022-12-18 21:04:00,64.39,64.46,64.45,64.43,193.95517504
2022-12-18 21:03:00,64.46,64.54,64.53,64.46,56.40076671
2022-12-18 21:02:00,64.5,64.53,64.5,64.53,72.16020047
2022-12-18 21:01:00,64.47,64.5,64.47,64.5,50.75718547
2022-12-18 21:00:00,64.47,64.51,64.51,64.48,90.14427087
2022-12-18 20:59:00,64.43,64.51,64.44,64.51,91.48909668
2022-12-18 20:58:00,64.44,64.51,64.48,64.44,339.62852439
2022-12-18 20:57:00,64.45,64.48,64.45,64.48,46.72334289
2022-12-18 20:56:00,64.42,64.46,64.42,64.45,181.77536656
2022-12-18 20:55:00,64.42,64.52,64.52,64.42,65.94609722
2022-12-18 20:54:00,64.5,64.52,64.52,64.52,94.83697322
2022-12-18 20:53:00,64.52,64.63,64.62,64.53,367.98104968
2022-12-18 20:52:00,64.63,64.66,64.65,64.63,87.58703801
2022-12-18 20:51:00,64.61,64.67,64.63,64.67,233.66717003
2022-12-18 20:50:00,64.61,64.63,64.61,64.62,13.71791992
2022-12-18 20:49:00,64.61,64.63,64.61,64.63,16.57446558
2022-12-18 20:48:00,64.6,64.63,64.6,64.63,69.44602356
2022-12-18 20:47:00,64.59,64.61,64.6,64.59,21.83917696
2022-12-18 20:46:00,64.6,64.64,64.64,64.61,15.57677744
2022-12-18 20:45:00,64.62,64.65,64.62,64.63,113.52762527
2022-12-18 20:44:00,64.61,64.65,64.62,64.62,87.41910126
2022-12-18 20:43:00,64.56,64.62,64.57,64.6,44.01966806
2022-12-18 20:42:00,64.54,64.57,64.55,64.57,35.52429716
2022-12-18 20:41:00,64.52,64.56,64.52,64.54,18.11244426
2022-12-18 20:40:00,64.49,64.61,64.61,64.52,343.60390901
2022-12-18 20:39:00,64.62,64.67,64.67,64.62,82.36536939
2022-12-18 20:38:00,64.66,64.68,64.67,64.67,22.35842072
2022-12-18 20:37:00,64.66,64.71,64.7,64.68,180.28464158
2022-12-18 20:36:00,64.65,64.71,64.65,64.69,107.85011921
2022-12-18 20:35:00,64.63,64.65,64.63,64.65,22.76304761
2022-12-18 20:34:00,64.58,64.63,64.59,64.62,16.72810003
2022-12-18 20:33:00,64.58,64.61,64.59,64.6,68.9818409
2022-12-18 20:32:00,64.6,64.63,64.63,64.61,67.28685702
2022-12-18 20:31:00,64.62,64.64,64.64,64.63,65.46067509
2022-12-18 20:30:00,64.62,64.66,64.62,64.64,175.50098859
2022-12-18 20:29:00,64.61,64.63,64.62,64.62,21.45807103
2022-12-18 20:28:00,64.61,64.66,64.65,64.62,30.11518675
2022-12-18 20:27:00,64.63,64.66,64.63,64.66,32.17113347
2022-12-18 20:26:00,64.63,64.66,64.64,64.63,17.61476299
2022-12-18 20:25:00,64.6,64.65,64.63,64.63,67.44279327
2022-12-18 20:24:00,64.62,64.65,64.65,64.62,102.54598768
2022-12-18 20:23:00,64.62,64.65,64.63,64.65,19.84925784
2022-12-18 20:22:00,64.63,64.67,64.66,64.63,55.42340251
2022-12-18 20:21:00,64.64,64.8,64.79,64.68,454.5397898
2022-12-18 20:20:00,64.77,64.8,64.78,64.77,90.27719433
2022-12-18 20:19:00,64.77,64.79,64.78,64.79,138.26575383
2022-12-18 20:18:00,64.73,64.8,64.73,64.8,125.63098162
2022-12-18 20:17:00,64.72,64.76,64.75,64.75,25.13892964
2022-12-18 20:16:00,64.72,64.77,64.73,64.73,61.25386734
2022-12-18 20:15:00,64.68,64.74,64.72,64.73,68.5225631
2022-12-18 20:14:00,64.71,64.77,64.72,64.72,44.56474945
2022-12-18 20:13:00,64.69,64.73,64.71,64.73,9.51651827
2022-12-18 20:12:00,64.7,64.72,64.7,64.7,45.73678847
2022-12-18 20:11:00,64.69,64.79,64.78,64.71,108.91219826
2022-12-18 20:10:00,64.76,64.8,64.76,64.79,33.20934009
2022-12-18 20:09:00,64.76,64.8,64.8,64.76,128.63312935
2022-12-18 20:08:00,64.8,64.84,64.81,64.8,84.28719322
2022-12-18 20:07:00,64.73,64.8,64.77,64.8,172.51321794
2022-12-18 20:06:00,64.69,64.75,64.69,64.75,37.48617366
2022-12-18 20:05:00,64.69,64.73,64.69,64.69,81.84437353
2022-12-18 20:04:00,64.66,64.77,64.75,64.67,147.02171134
2022-12-18 20:03:00,64.65,64.76,64.68,64.73,330.70512691
2022-12-18 20:02:00,64.59,64.74,64.62,64.68,500.52008227
2022-12-18 20:01:00,64.48,64.66,64.54,64.64,924.94899834
2022-12-18 20:00:00,64.52,64.56,64.55,64.54,45.57348947
2022-12-18 19:59:00,64.53,64.56,64.55,64.56,15.6526138
2022-12-18 19:58:00,64.51,64.54,64.53,64.54,68.85455274
2022-12-18 19:57:00,64.48,64.53,64.49,64.53,137.92588616
2022-12-18 19:56:00,64.48,64.55,64.51,64.48,107.8569229
2022-12-18 19:55:00,64.51,64.57,64.55,64.51,126.76357075
2022-12-18 19:54:00,64.53,64.59,64.53,64.55,199.44983472
2022-12-18 19:53:00,64.52,64.55,64.53,64.54,22.49885665
2022-12-18 19:52:00,64.48,64.54,64.48,64.53,36.55947416
2022-12-18 19:51:00,64.48,64.54,64.48,64.48,65.31258165
2022-12-18 19:50:00,64.46,64.49,64.47,64.49,20.5979544
2022-12-18 19:49:00,64.45,64.5,64.49,64.47,75.38566512
2022-12-18 19:48:00,64.37,64.46,64.37,64.43,194.90537406
2022-12-18 19:47:00,64.37,64.49,64.47,64.37,194.67563007
2022-12-18 19:46:00,64.46,64.51,64.49,64.47,118.08940708
2022-12-18 19:45:00,64.48,64.55,64.52,64.48,133.77178429
2022-12-18 19:44:00,64.44,64.52,64.46,64.52,87.9154924
2022-12-18 19:43:00,64.44,64.47,64.46,64.44,27.05976466
2022-12-18 19:42:00,64.44,64.46,64.44,64.46,54.72531813
2022-12-18 19:41:00,64.45,64.47,64.46,64.45,119.52330385
2022-12-18 19:40:00,64.45,64.49,64.45,64.47,57.98232728
2022-12-18 19:39:00,64.43,64.47,64.44,64.45,257.52053837
2022-12-18 19:38:00,64.42,64.44,64.42,64.44,69.18862214
2022-12-18 19:37:00,64.39,64.46,64.44,64.43,628.13162951
2022-12-18 19:36:00,64.43,64.45,64.45,64.45,23.80690896
2022-12-18 19:35:00,64.43,64.46,64.44,64.43,52.58455412
2022-12-18 19:34:00,64.41,64.47,64.45,64.45,529.86055507
2022-12-18 19:33:00,64.44,64.48,64.45,64.45,116.94778818
2022-12-18 19:32:00,64.42,64.49,64.49,64.45,106.89471426
2022-12-18 19:31:00,64.47,64.56,64.55,64.47,38.45708793
2022-12-18 19:30:00,64.5,64.55,64.51,64.55,46.41957864
2022-12-18 19:29:00,64.49,64.53,64.53,64.49,65.43691492
2022-12-18 19:28:00,64.51,64.6,64.59,64.53,184.5234803
2022-12-18 19:27:00,64.47,64.57,64.47,64.57,170.31493127
2022-12-18 19:26:00,64.47,64.55,64.54,64.48,82.97714171
2022-12-18 19:25:00,64.53,64.59,64.57,64.53,60.46021463
2022-12-18 19:24:00,64.54,64.6,64.6,64.58,285.00650214
2022-12-18 19:23:00,64.53,64.6,64.57,64.6,28.99291567
2022-12-18 19:22:00,64.52,64.57,64.53,64.57,52.08676815
2022-12-18 19:21:00,64.5,64.53,64.53,64.52,28.07927127
2022-12-18 19:20:00,64.48,64.53,64.5,64.53,33.95855096
2022-12-18 19:19:00,64.43,64.5,64.46,64.5,105.26429934
2022-12-18 19:18:00,64.44,64.47,64.46,64.47,42.72929549
2022-12-18 19:17:00,64.45,64.47,64.47,64.47,25.25043693
2022-12-18 19:16:00,64.44,64.47,64.47,64.47,45.53124781
2022-12-18 19:15:00,64.34,64.49,64.37,64.48,156.5238996
2022-12-18 19:14:00,64.35,64.51,64.5,64.37,487.26233048
2022-12-18 19:13:00,64.49,64.53,64.49,64.51,95.56928339
2022-12-18 19:12:00,64.47,64.55,64.55,64.49,47.55515869
2022-12-18 19:11:00,64.54,64.61,64.57,64.55,388.08244602
2022-12-18 19:10:00,64.56,64.62,64.62,64.56,75.07439434
2022-12-18 19:09:00,64.58,64.62,64.58,64.62,30.28604359
2022-12-18 19:08:00,64.53,64.6,64.54,64.58,127.4446157
2022-12-18 19:07:00,64.53,64.6,64.6,64.54,148.06053398
2022-12-18 19:06:00,64.6,64.65,64.65,64.61,86.80062778
2022-12-18 19:05:00,64.59,64.65,64.61,64.64,94.85832268
2022-12-18 19:04:00,64.6,64.68,64.67,64.62,297.17140573
2022-12-18 19:03:00,64.58,64.68,64.6,64.68,250.46882217
2022-12-18 19:02:00,64.58,64.74,64.58,64.61,726.81528739
2022-12-18 19:01:00,64.48,64.6,64.48,64.59,171.90824869
2022-12-18 19:00:00,64.48,64.65,64.61,64.48,275.33915238
2022-12-18 18:59:00,64.53,64.61,64.6,64.61,219.29292161
2022-12-18 18:58:00,64.55,64.61,64.56,64.61,19.14119021
2022-12-18 18:57:00,64.48,64.58,64.56,64.56,204.37562429
2022-12-18 18:56:00,64.36,64.57,64.41,64.56,431.75803008
2022-12-18 18:55:00,64.33,64.45,64.39,64.4,428.89481093
2022-12-18 18:54:00,64.11,64.39,64.14,64.39,521.93489353
2022-12-18 18:53:00,64.14,64.23,64.21,64.18,515.29492877
2022-12-19 04:53:00,62.71,62.77,62.71,62.73,159.26217845
2022-12-19 04:52:00,62.7,62.84,62.8,62.71,222.0919271
2022-12-19 04:51:00,62.68,62.81,62.68,62.79,344.01926598
2022-12-19 04:50:00,62.7,62.77,62.71,62.7,60.18973328
2022-12-19 04:49:00,62.71,62.81,62.81,62.72,277.71359478
2022-12-19 04:48:00,62.79,62.95,62.94,62.85,685.22181941
2022-12-19 04:47:00,62.77,62.94,62.84,62.93,679.03676354
2022-12-19 04:46:00,62.8,62.85,62.8,62.83,37.16231901
2022-12-19 04:45:00,62.76,62.81,62.78,62.8,96.25512706
2022-12-19 04:44:00,62.8,62.83,62.82,62.82,108.86698469
2022-12-19 04:43:00,62.78,62.85,62.81,62.85,120.2892606
2022-12-19 04:42:00,62.76,62.84,62.76,62.82,726.08947968
2022-12-19 04:41:00,62.72,62.76,62.75,62.76,47.46621019
2022-12-19 04:40:00,62.74,62.76,62.76,62.75,10.7751285
2022-12-19 04:39:00,62.73,62.78,62.73,62.76,41.92466007
2022-12-19 04:38:00,62.71,62.76,62.73,62.76,61.79341476
2022-12-19 04:37:00,62.65,62.75,62.67,62.72,94.87528746
2022-12-19 04:36:00,62.64,62.77,62.76,62.66,561.77003799
2022-12-19 04:35:00,62.74,62.77,62.76,62.74,18.75132286
2022-12-19 04:34:00,62.75,62.79,62.78,62.79,99.17694668
2022-12-19 04:33:00,62.73,62.79,62.76,62.79,56.79419506
2022-12-19 04:32:00,62.69,62.76,62.7,62.75,263.93951541
2022-12-19 04:31:00,62.7,62.79,62.78,62.7,107.84506091
2022-12-19 04:30:00,62.76,62.81,62.81,62.78,3.86120339
2022-12-19 04:29:00,62.78,62.84,62.79,62.81,61.11347659
2022-12-19 04:28:00,62.78,62.81,62.79,62.79,118.61893356
2022-12-19 04:27:00,62.77,62.81,62.77,62.81,45.08335325
2022-12-19 04:26:00,62.75,62.81,62.8,62.78,18.35068612
2022-12-19 04:25:00,62.73,62.79,62.76,62.79,43.67784967
2022-12-19 04:24:00,62.77,62.83,62.83,62.79,49.15231104
2022-12-19 04:23:00,62.8,62.85,62.85,62.84,141.71504751
2022-12-19 04:22:00,62.64,62.87,62.69,62.84,735.13896913
2022-12-19 04:21:00,62.59,62.69,62.61,62.68,504.1637007
2022-12-19 04:20:00,62.53,62.62,62.53,62.62,357.67511417
2022-12-19 04:19:00,62.51,62.59,62.58,62.52,215.72867124
2022-12-19 04:18:00,62.58,62.63,62.58,62.6,77.20283877
2022-12-19 04:17:00,62.58,62.68,62.68,62.58,91.3716539
2022-12-19 04:16:00,62.63,62.71,62.63,62.71,77.77103172
2022-12-19 04:15:00,62.59,62.66,62.6,62.66,59.74612758
2022-12-19 04:14:00,62.59,62.62,62.6,62.6,99.98595891
2022-12-19 04:13:00,62.61,62.71,62.7,62.61,56.34490638
2022-12-19 04:12:00,62.62,62.72,62.68,62.68,383.27961094
2022-12-19 04:11:00,62.69,62.77,62.73,62.7,201.53993135
2022-12-19 04:10:00,62.68,62.74,62.69,62.73,479.84420686
2022-12-19 04:09:00,62.63,62.69,62.63,62.69,90.61073815
2022-12-19 04:08:00,62.57,62.64,62.61,62.61,22.99148039
2022-12-19 04:07:00,62.57,62.61,62.6,62.61,94.30269486
2022-12-19 04:06:00,62.52,62.61,62.52,62.61,59.05247521
2022-12-19 04:05:00,62.44,62.54,62.45,62.54,201.33359242
2022-12-19 04:04:00,62.45,62.53,62.48,62.45,270.0139536
2022-12-19 04:03:00,62.46,62.57,62.46,62.51,400.6660504
2022-12-19 04:02:00,62.42,62.58,62.45,62.45,608.74473403
2022-12-19 04:01:00,62.38,62.49,62.47,62.43,329.20210995
2022-12-19 04:00:00,62.47,62.65,62.65,62.47,1790.93833285
2022-12-19 03:59:00,62.66,62.81,62.81,62.69,355.12708805
2022-12-19 03:58:00,62.6,62.81,62.69,62.78,792.69144832
2022-12-19 03:57:00,62.69,62.74,62.74,62.71,104.46704548
2022-12-19 03:56:00,62.7,62.74,62.73,62.73,198.19124413
2022-12-19 03:55:00,62.68,62.8,62.69,62.76,419.320538
2022-12-19 03:54:00,62.62,62.73,62.63,62.7,398.7245244
2022-12-19 03:53:00,62.56,62.66,62.65,62.62,509.56473904
2022-12-19 03:52:00,62.59,62.7,62.59,62.67,285.74296967
2022-12-19 03:51:00,62.47,62.63,62.52,62.63,431.37428457
2022-12-19 03:50:00,62.41,62.53,62.47,62.53,512.89836131
2022-12-19 03:49:00,62.42,62.59,62.58,62.48,439.39701054
2022-12-19 03:48:00,62.46,62.65,62.63,62.57,831.70168313
2022-12-19 03:47:00,62.51,62.69,62.62,62.63,1199.56667067
2022-12-19 03:46:00,62.25,62.79,62.43,62.64,2105.88775846
2022-12-19 03:45:00,62.09,62.45,62.44,62.39,1653.67608104
2022-12-19 03:44:00,62.28,62.51,62.35,62.45,674.11828091
2022-12-19 03:43:00,61.58,62.51,62.5,62.35,4349.70311687
2022-12-19 03:42:00,62.19,63.05,63.04,62.48,10866.88137701
2022-12-19 03:41:00,62.94,63.28,63.28,63.07,1690.82630497
2022-12-19 03:40:00,63.29,63.4,63.4,63.29,68.19778427
2022-12-19 03:39:00,63.37,63.42,63.4,63.39,21.38534334
2022-12-19 03:38:00,63.28,63.48,63.46,63.38,611.76637662
2022-12-19 03:37:00,63.43,63.54,63.52,63.45,91.16259015
2022-12-19 03:36:00,63.5,63.56,63.52,63.55,24.05888624
2022-12-19 03:35:00,63.49,63.67,63.67,63.5,332.00471327
2022-12-19 03:34:00,63.66,63.79,63.79,63.66,308.34585415
2022-12-19 03:33:00,63.75,63.79,63.75,63.78,107.10475797
2022-12-19 03:32:00,63.72,63.75,63.73,63.75,32.63310141
2022-12-19 03:31:00,63.74,63.77,63.77,63.75,24.01641677
2022-12-19 03:30:00,63.71,63.77,63.71,63.76,29.29105342
2022-12-19 03:29:00,63.7,63.76,63.75,63.7,173.43960395
2022-12-19 03:28:00,63.75,63.84,63.84,63.75,54.91810035
2022-12-19 03:27:00,63.79,63.83,63.8,63.82,25.04383205
2022-12-19 03:26:00,63.81,63.84,63.83,63.83,91.55328346
2022-12-19 03:25:00,63.79,63.83,63.83,63.81,113.46241125
2022-12-19 03:24:00,63.82,63.9,63.89,63.82,59.47244171
2022-12-19 03:23:00,63.85,63.91,63.91,63.89,436.30937321
2022-12-19 03:22:00,63.92,63.98,63.94,63.93,43.80108697
2022-12-19 03:21:00,63.92,63.96,63.93,63.94,266.65968327
2022-12-19 03:20:00,63.89,63.91,63.91,63.91,4.57000802
2022-12-19 03:19:00,63.85,63.91,63.87,63.91,58.06700215
2022-12-19 03:18:00,63.79,63.91,63.82,63.86,159.57212991
2022-12-19 03:17:00,63.8,63.85,63.8,63.82,27.79337999
2022-12-19 03:16:00,63.71,63.8,63.79,63.77,233.0351194
2022-12-19 03:15:00,63.8,63.85,63.85,63.8,22.29203228
2022-12-19 03:14:00,63.76,63.85,63.83,63.85,103.06495952
2022-12-19 03:13:00,63.8,63.9,63.8,63.83,118.88744911
2022-12-19 03:12:00,63.7,63.81,63.7,63.8,267.4720902
2022-12-19 03:11:00,63.66,63.8,63.78,63.7,146.79305338
2022-12-19 03:10:00,63.68,63.83,63.69,63.78,321.9852403
2022-12-19 03:09:00,63.69,63.8,63.69,63.7,186.35709921
2022-12-19 03:08:00,63.54,63.73,63.57,63.7,275.73655449
2022-12-19 03:07:00,63.53,63.66,63.53,63.59,435.37476432
2022-12-19 03:06:00,63.42,63.62,63.46,63.53,324.2774971
2022-12-19 03:05:00,63.31,63.63,63.61,63.46,1508.24156784
2022-12-19 03:04:00,63.57,63.78,63.73,63.6,670.20249344
2022-12-19 03:03:00,63.75,63.87,63.82,63.75,488.47970223
2022-12-19 03:02:00,63.69,63.91,63.81,63.82,1051.35926516
2022-12-19 03:01:00,63.71,63.91,63.89,63.79,1191.84098724
2022-12-19 03:00:00,63.81,63.91,63.85,63.9,109.88767402
2022-12-19 02:59:00,63.8,63.87,63.86,63.85,220.24443203
2022-12-19 02:58:00,63.78,63.99,63.94,63.86,814.7993064
2022-12-19 02:57:00,63.91,64.0,64.0,63.93,438.30859454
2022-12-19 02:56:00,63.98,64.03,63.99,64.0,132.91980504
2022-12-19 02:55:00,63.94,63.97,63.94,63.97,46.02584938
2022-12-19 02:54:00,63.92,63.95,63.92,63.93,18.36709351
2022-12-19 02:53:00,63.92,63.97,63.95,63.92,91.04031817
2022-12-19 02:52:00,63.95,64.02,64.01,63.95,75.38686501
2022-12-19 02:51:00,63.99,64.14,64.13,63.99,701.15896265
2022-12-19 02:50:00,64.09,64.16,64.1,64.13,266.50325036
2022-12-19 02:49:00,64.0,64.16,64.0,64.08,1020.40721902
2022-12-19 02:48:00,63.96,64.0,63.97,64.0,806.32378336
2022-12-19 02:47:00,63.98,64.06,64.03,63.99,237.97560828
2022-12-19 02:46:00,63.93,64.03,63.96,64.03,691.82616767
2022-12-19 02:45:00,63.95,63.99,63.99,63.96,61.34670294
2022-12-19 02:44:00,63.95,64.0,63.95,63.99,254.9315038
2022-12-19 02:43:00,63.94,63.99,63.98,63.97,75.72731915
2022-12-19 02:42:00,63.82,63.96,63.82,63.95,537.67740322
2022-12-19 02:41:00,63.68,63.85,63.7,63.8,503.70167103
2022-12-19 02:40:00,63.7,63.78,63.7,63.73,134.09127866
2022-12-19 02:39:00,63.61,63.71,63.67,63.71,189.88374429
2022-12-19 02:38:00,63.59,63.73,63.67,63.68,540.3901573
2022-12-19 02:37:00,63.59,63.68,63.64,63.65,435.36903068
2022-12-19 02:36:00,63.58,63.83,63.71,63.64,1612.35578431
2022-12-19 02:35:00,63.72,63.95,63.89,63.72,552.67233435
2022-12-19 02:34:00,63.76,64.18,64.13,63.92,1453.58465372
2022-12-19 02:33:00,64.05,64.19,64.19,64.13,385.15457424
2022-12-19 02:32:00,64.18,64.24,64.2,64.21,135.26644711
2022-12-19 02:31:00,64.14,64.21,64.2,64.2,341.27303941
2022-12-19 02:30:00,64.16,64.26,64.26,64.21,86.98449052
2022-12-19 02:29:00,64.28,64.32,64.28,64.28,40.35639273
2022-12-19 02:28:00,64.21,64.36,64.35,64.29,661.25653837
2022-12-19 02:27:00,64.36,64.44,64.44,64.38,221.92607203
2022-12-19 02:26:00,64.43,64.47,64.46,64.43,49.01068701
2022-12-19 02:25:00,64.44,64.49,64.48,64.45,70.12904444
2022-12-19 02:24:00,64.47,64.56,64.54,64.49,482.96836624
2022-12-19 02:23:00,64.37,64.55,64.46,64.54,684.25538546
2022-12-19 02:22:00,64.45,64.46,64.46,64.45,25.49717453
2022-12-19 02:21:00,64.44,64.47,64.47,64.45,82.90676701
2022-12-19 02:20:00,64.46,64.47,64.46,64.47,4.27546597
2022-12-19 02:19:00,64.46,64.49,64.49,64.47,5.71942629
2022-12-19 02:18:00,64.47,64.5,64.5,64.5,76.8534667
2022-12-19 02:17:00,64.48,64.5,64.49,64.48,16.46083082
2022-12-19 02:16:00,64.47,64.5,64.49,64.48,20.07226782
2022-12-19 02:15:00,64.46,64.51,64.49,64.49,93.44015789
2022-12-19 02:14:00,64.49,64.51,64.49,64.51,15.35517243
2022-12-19 02:13:00,64.48,64.52,64.52,64.51,218.76554805
2022-12-19 02:12:00,64.52,64.54,64.54,64.53,14.22117275
2022-12-19 02:11:00,64.45,64.52,64.47,64.52,327.63440433
2022-12-19 02:10:00,64.44,64.48,64.47,64.45,31.13906796
2022-12-19 02:09:00,64.45,64.51,64.5,64.48,103.60172332
2022-12-19 02:08:00,64.48,64.54,64.54,64.5,37.59391894
2022-12-19 02:07:00,64.51,64.59,64.59,64.54,102.24496149
2022-12-19 02:06:00,64.59,64.62,64.62,64.59,27.17084507
2022-12-19 02:05:00,64.61,64.63,64.63,64.62,19.2416248
2022-12-19 02:04:00,64.62,64.64,64.63,64.62,27.70859113
2022-12-19 02:03:00,64.63,64.68,64.65,64.63,204.47009846
2022-12-19 02:02:00,64.63,64.65,64.65,64.64,13.48319591
2022-12-19 02:01:00,64.63,64.67,64.64,64.63,263.33956081
2022-12-19 02:00:00,64.63,64.67,64.66,64.67,84.53044738
2022-12-19 01:59:00,64.65,64.66,64.66,64.66,8.37331495
2022-12-19 01:58:00,64.65,64.67,64.67,64.66,50.17714865
2022-12-19 01:57:00,64.6,64.67,64.64,64.65,161.93858614
2022-12-19 01:56:00,64.62,64.65,64.65,64.62,153.05081974
2022-12-19 01:55:00,64.63,64.66,64.65,64.65,23.6640104
2022-12-19 01:54:00,64.64,64.67,64.66,64.66,56.35361074
2022-12-19 01:53:00,64.64,64.68,64.67,64.67,64.19915134
2022-12-19 01:52:00,64.67,64.7,64.68,64.67,70.07471615
2022-12-19 01:51:00,64.68,64.78,64.76,64.7,141.12365094
2022-12-19 01:50:00,64.76,64.83,64.81,64.76,180.01571634
2022-12-19 01:49:00,64.8,64.87,64.83,64.83,184.94380928
2022-12-19 01:48:00,64.79,64.83,64.79,64.81,51.40410937
2022-12-19 01:47:00,64.73,64.8,64.74,64.8,386.41656758
2022-12-19 01:46:00,64.72,64.74,64.74,64.74,14.69880235
2022-12-19 01:45:00,64.68,64.74,64.68,64.74,148.32095383
2022-12-19 01:44:00,64.68,64.71,64.69,64.71,28.05761598
2022-12-19 01:43:00,64.67,64.7,64.68,64.7,210.9379946
2022-12-19 01:42:00,64.7,64.78,64.77,64.7,157.15043144
2022-12-19 01:41:00,64.69,64.78,64.69,64.76,124.53269996
2022-12-19 01:40:00,64.69,64.76,64.76,64.71,14.03369528
2022-12-19 01:39:00,64.73,64.76,64.76,64.76,15.67778043
2022-12-19 01:38:00,64.72,64.76,64.76,64.76,82.21971909
2022-12-19 01:37:00,64.71,64.76,64.73,64.75,36.16580155
2022-12-19 01:36:00,64.71,64.73,64.72,64.73,7.41837269
2022-12-19 01:35:00,64.69,64.73,64.71,64.71,41.94152727
2022-12-19 01:34:00,64.7,64.77,64.75,64.72,136.21434854
2022-12-19 01:33:00,64.75,64.77,64.76,64.75,10.14859105
2022-12-19 01:32:00,64.72,64.76,64.74,64.76,61.01275432
2022-12-19 01:31:00,64.68,64.77,64.76,64.74,608.60619491
2022-12-19 01:30:00,64.72,64.77,64.72,64.76,35.82100742
2022-12-19 01:29:00,64.67,64.76,64.73,64.72,458.07733761
2022-12-19 01:28:00,64.71,64.87,64.82,64.71,96.8913657
2022-12-19 01:27:00,64.81,64.87,64.86,64.82,202.88192278
2022-12-19 01:26:00,64.83,64.87,64.83,64.86,102.98836789
2022-12-19 01:25:00,64.77,64.87,64.82,64.83,528.45790977
2022-12-19 01:24:00,64.8,64.82,64.8,64.82,60.70844135
2022-12-19 01:23:00,64.79,64.82,64.79,64.8,129.26980919
2022-12-19 01:22:00,64.76,64.81,64.76,64.78,26.72137974
2022-12-19 01:21:00,64.65,64.75,64.66,64.75,242.2939988
2022-12-19 01:20:00,64.67,64.75,64.73,64.68,125.374702
2022-12-19 01:19:00,64.72,64.79,64.72,64.73,331.90865063
2022-12-19 01:18:00,64.64,64.71,64.65,64.71,269.23023103
2022-12-19 01:17:00,64.54,64.67,64.56,64.65,499.63910001
2022-12-19 01:16:00,64.52,64.57,64.53,64.54,197.75721125
2022-12-19 01:15:00,64.52,64.54,64.52,64.53,11.87936709
2022-12-19 01:14:00,64.53,64.57,64.54,64.54,252.19744543
2022-12-19 01:13:00,64.5,64.54,64.54,64.54,95.85540147
2022-12-19 01:12:00,64.51,64.55,64.52,64.53,68.72812697
2022-12-19 01:11:00,64.49,64.57,64.49,64.55,226.70189275
2022-12-19 01:10:00,64.44,64.52,64.52,64.44,319.48274697
2022-12-19 01:09:00,64.49,64.56,64.52,64.51,799.49201109
2022-12-19 01:08:00,64.53,64.57,64.55,64.53,83.35857696
2022-12-19 01:07:00,64.55,64.6,64.59,64.56,65.62843818
2022-12-19 01:06:00,64.58,64.64,64.64,64.59,107.17129794
2022-12-19 01:05:00,64.62,64.65,64.62,64.64,33.26353238
2022-12-19 01:04:00,64.59,64.63,64.59,64.63,122.55595332
2022-12-19 01:03:00,64.58,64.69,64.68,64.59,140.00511468
2022-12-19 01:02:00,64.7,64.72,64.71,64.72,12.56055757
2022-12-19 01:01:00,64.64,64.73,64.65,64.71,30.10238457
2022-12-19 01:00:00,64.65,64.69,64.67,64.67,78.61184452
2022-12-19 00:59:00,64.64,64.71,64.65,64.67,85.38848683
2022-12-19 00:58:00,64.6,64.69,64.68,64.65,147.30511702
2022-12-19 00:57:00,64.65,64.69,64.66,64.69,10.5544772
2022-12-19 00:56:00,64.65,64.68,64.66,64.65,54.64424674
2022-12-19 00:55:00,64.65,64.68,64.66,64.66,12.76586388
2022-12-19 00:54:00,64.66,64.72,64.66,64.67,66.37731044
2022-12-19 00:53:00,64.61,64.67,64.61,64.65,33.67722809
2022-12-19 00:52:00,64.55,64.62,64.57,64.62,238.72655545
2022-12-19 00:51:00,64.55,64.62,64.55,64.56,257.52749338
2022-12-19 00:50:00,64.52,64.55,64.55,64.55,45.01278812
2022-12-19 00:49:00,64.51,64.55,64.55,64.55,50.89874882
2022-12-19 00:48:00,64.53,64.59,64.58,64.54,56.16763353
2022-12-19 00:47:00,64.52,64.58,64.58,64.58,254.85238703
2022-12-19 00:46:00,64.58,64.65,64.63,64.58,85.41491356
2022-12-19 00:45:00,64.6,64.67,64.6,64.65,519.34278093
2022-12-19 00:44:00,64.59,64.63,64.59,64.61,265.47289349
2022-12-19 00:43:00,64.59,64.69,64.69,64.62,345.13286686
2022-12-19 00:42:00,64.68,64.73,64.71,64.69,164.29452089
2022-12-19 00:41:00,64.65,64.73,64.65,64.71,338.2282568
2022-12-19 00:40:00,64.65,64.73,64.71,64.66,140.95662971
2022-12-19 00:39:00,64.66,64.78,64.66,64.73,893.78991896
2022-12-19 00:38:00,64.61,64.77,64.73,64.66,269.0324764
2022-12-19 00:37:00,64.73,64.87,64.78,64.73,801.68327534
2022-12-19 00:36:00,64.68,64.79,64.75,64.79,193.35050356
2022-12-19 00:35:00,64.76,64.82,64.82,64.78,183.70575703
2022-12-19 00:34:00,64.8,64.85,64.82,64.85,242.65501947
2022-12-19 00:33:00,64.79,64.88,64.82,64.84,262.4390398
2022-12-19 00:32:00,64.77,64.98,64.81,64.82,830.80793989
2022-12-19 00:31:00,64.78,65.05,64.98,64.82,453.51005433
2022-12-19 00:30:00,64.89,65.0,64.89,64.99,237.4967732
2022-12-19 00:29:00,64.8,64.94,64.9,64.89,342.56039018
2022-12-19 00:28:00,64.86,64.99,64.88,64.88,453.50153578
2022-12-19 00:27:00,64.74,64.9,64.74,64.89,254.06330382
2022-12-19 00:26:00,64.6,64.75,64.62,64.75,89.76125343
2022-12-19 00:25:00,64.59,64.67,64.6,64.62,106.24072071
2022-12-19 00:24:00,64.62,64.74,64.7,64.63,272.78375849
2022-12-19 00:23:00,64.59,64.72,64.61,64.71,304.88761102
2022-12-19 00:22:00,64.54,64.63,64.55,64.63,175.53498643
2022-12-19 00:21:00,64.45,64.53,64.45,64.53,294.68068614
2022-12-19 00:20:00,64.41,64.5,64.41,64.45,601.78196034
2022-12-19 00:19:00,64.39,64.44,64.39,64.41,31.58393949
2022-12-19 00:18:00,64.29,64.39,64.29,64.39,389.8107528
2022-12-19 00:17:00,64.19,64.29,64.21,64.29,111.55750043
2022-12-19 00:16:00,64.14,64.25,64.15,64.23,230.57280122
2022-12-19 00:15:00,64.16,64.25,64.2,64.16,78.40388263
2022-12-19 00:14:00,64.19,64.25,64.24,64.2,414.05092732
2022-12-19 00:13:00,64.2,64.32,64.21,64.24,158.01853574
2022-12-19 00:12:00,64.11,64.23,64.13,64.22,122.10251632
2022-12-19 00:11:00,64.12,64.19,64.19,64.14,161.73982257
2022-12-19 00:10:00,64.04,64.2,64.05,64.17,202.15539943
2022-12-19 00:09:00,64.05,64.12,64.1,64.07,56.42956363
2022-12-19 00:08:00,64.07,64.15,64.08,64.1,85.41063909
2022-12-19 00:07:00,63.94,64.14,64.14,64.1,1642.07753976
2022-12-19 00:06:00,64.16,64.3,64.24,64.16,515.18229893
2022-12-19 00:05:00,64.18,64.28,64.26,64.24,425.42922802
2022-12-19 00:04:00,64.27,64.36,64.35,64.27,145.15059218
2022-12-19 00:03:00,64.34,64.49,64.49,64.34,442.09295986
2022-12-19 00:02:00,64.48,64.52,64.48,64.51,109.30078072
2022-12-19 00:01:00,64.46,64.49,64.47,64.48,10.7582556
2022-12-19 00:00:00,64.41,64.5,64.42,64.49,245.50887541
2022-12-18 23:59:00,64.4,64.44,64.42,64.43,24.15389108
2022-12-18 23:58:00,64.3,64.43,64.35,64.41,195.08078048
2022-12-18 23:57:00,64.32,64.43,64.41,64.35,61.67114648
2022-12-18 23:56:00,64.41,64.52,64.5,64.43,195.00454889
2022-12-18 23:55:00,64.4,64.56,64.52,64.48,283.96286058
2022-12-18 23:54:00,64.48,64.58,64.56,64.5,604.76446686
2022-12-18 23:53:00,64.55,64.58,64.56,64.56,20.90765931
2022-12-19 09:53:00,63.46,63.47,63.46,63.47,6.51411642
2022-12-19 09:52:00,63.46,63.49,63.48,63.48,74.49240702
2022-12-19 09:51:00,63.49,63.52,63.52,63.5,6.42888554
2022-12-19 09:50:00,63.5,63.52,63.5,63.52,3.66889249
2022-12-19 09:49:00,63.5,63.52,63.5,63.52,11.60206106
2022-12-19 09:48:00,63.5,63.52,63.52,63.5,8.48549657
2022-12-19 09:47:00,63.49,63.52,63.49,63.49,4.82848997
2022-12-19 09:46:00,63.49,63.55,63.49,63.51,39.41625409
2022-12-19 09:45:00,63.48,63.49,63.49,63.49,7.95622428
2022-12-19 09:44:00,63.43,63.49,63.43,63.48,23.70586479
2022-12-19 09:43:00,63.43,63.49,63.49,63.43,20.34960048
2022-12-19 09:42:00,63.38,63.5,63.38,63.5,78.04046146
2022-12-19 09:41:00,63.37,63.42,63.4,63.38,24.38683111
2022-12-19 09:40:00,63.36,63.44,63.44,63.4,117.55931445
2022-12-19 09:39:00,63.45,63.54,63.53,63.45,80.79934005
2022-12-19 09:38:00,63.53,63.57,63.57,63.55,35.60212907
2022-12-19 09:37:00,63.54,63.56,63.55,63.55,17.12462578
2022-12-19 09:36:00,63.46,63.54,63.47,63.54,73.12944001
2022-12-19 09:35:00,63.48,63.53,63.52,63.48,57.8501754
2022-12-19 09:34:00,63.52,63.56,63.53,63.52,108.45872108
2022-12-19 09:33:00,63.52,63.55,63.54,63.53,16.47742361
2022-12-19 09:32:00,63.51,63.53,63.51,63.51,14.67502852
2022-12-19 09:31:00,63.46,63.55,63.55,63.51,198.22783382
2022-12-19 09:30:00,63.54,63.58,63.54,63.54,110.37383895
2022-12-19 09:29:00,63.52,63.54,63.53,63.54,85.39169294
2022-12-19 09:28:00,63.48,63.54,63.48,63.54,146.06829501
2022-12-19 09:27:00,63.47,63.51,63.47,63.49,102.93441093
2022-12-19 09:26:00,63.44,63.48,63.44,63.47,78.97909388
2022-12-19 09:25:00,63.43,63.46,63.43,63.45,48.25090418
2022-12-19 09:24:00,63.43,63.47,63.47,63.45,50.97577884
2022-12-19 09:23:00,63.47,63.51,63.5,63.47,54.45982876
2022-12-19 09:22:00,63.48,63.5,63.48,63.5,26.13566619
2022-12-19 09:21:00,63.46,63.56,63.56,63.5,35.28216151
2022-12-19 09:20:00,63.56,63.71,63.61,63.58,650.81487847
2022-12-19 09:19:00,63.57,63.63,63.57,63.63,90.99269799
2022-12-19 09:18:00,63.58,63.66,63.59,63.58,27.81128594
2022-12-19 09:17:00,63.55,63.64,63.57,63.58,314.97853025
2022-12-19 09:16:00,63.51,63.69,63.51,63.6,521.15232643
2022-12-19 09:15:00,63.45,63.5,63.46,63.5,27.92134729
2022-12-19 09:14:00,63.37,63.47,63.39,63.47,160.7779908
2022-12-19 09:13:00,63.4,63.44,63.44,63.4,8.91928285
2022-12-19 09:12:00,63.39,63.5,63.39,63.44,487.73417903
2022-12-19 09:11:00,63.37,63.42,63.41,63.41,152.15521818
2022-12-19 09:10:00,63.38,63.43,63.38,63.42,83.20126487
2022-12-19 09:09:00,63.36,63.4,63.4,63.38,89.43797157
2022-12-19 09:08:00,63.36,63.4,63.37,63.38,231.06829472
2022-12-19 09:07:00,63.36,63.37,63.37,63.37,52.68564065
2022-12-19 09:06:00,63.35,63.41,63.41,63.37,157.16850895
2022-12-19 09:05:00,63.36,63.4,63.36,63.39,54.35658165
2022-12-19 09:04:00,63.38,63.4,63.4,63.39,68.61657646
2022-12-19 09:03:00,63.39,63.43,63.43,63.41,83.61012289
2022-12-19 09:02:00,63.43,63.49,63.47,63.43,53.86637086
2022-12-19 09:01:00,63.44,63.49,63.44,63.49,65.5944764
2022-12-19 09:00:00,63.44,63.48,63.47,63.44,22.26379963
2022-12-19 08:59:00,63.42,63.46,63.42,63.46,9.13194412
2022-12-19 08:58:00,63.4,63.43,63.41,63.42,188.64725834
2022-12-19 08:57:00,63.39,63.41,63.4,63.4,24.21619022
2022-12-19 08:56:00,63.4,63.43,63.43,63.41,9.28055819
2022-12-19 08:55:00,63.39,63.42,63.39,63.41,53.7660247
2022-12-19 08:54:00,63.37,63.43,63.43,63.39,11.19481402
2022-12-19 08:53:00,63.41,63.46,63.41,63.44,49.3864302
2022-12-19 08:52:00,63.36,63.44,63.38,63.41,188.20961015
2022-12-19 08:51:00,63.31,63.44,63.31,63.39,657.57514267
2022-12-19 08:50:00,63.25,63.29,63.26,63.29,37.34657993
2022-12-19 08:49:00,63.22,63.27,63.23,63.27,168.21750903
2022-12-19 08:48:00,63.23,63.25,63.23,63.24,6.50206204
2022-12-19 08:47:00,63.23,63.25,63.24,63.23,6.10547549
2022-12-19 08:46:00,63.21,63.22,63.21,63.21,8.63854158
2022-12-19 08:45:00,63.22,63.27,63.25,63.22,72.13452055
2022-12-19 08:44:00,63.25,63.27,63.26,63.25,31.77441616
2022-12-19 08:43:00,63.24,63.27,63.25,63.26,28.49752529
2022-12-19 08:42:00,63.2,63.25,63.2,63.24,115.2628905
2022-12-19 08:41:00,63.18,63.21,63.19,63.2,16.93205329
2022-12-19 08:40:00,63.19,63.22,63.22,63.19,54.75509284
2022-12-19 08:39:00,63.21,63.22,63.22,63.22,16.16662513
2022-12-19 08:38:00,63.17,63.24,63.17,63.21,106.18576638
2022-12-19 08:37:00,63.15,63.17,63.17,63.17,22.35585206
2022-12-19 08:36:00,63.13,63.17,63.13,63.16,44.55823039
2022-12-19 08:35:00,63.11,63.13,63.12,63.13,20.09492687
2022-12-19 08:34:00,63.12,63.16,63.16,63.12,49.6922208
2022-12-19 08:33:00,63.16,63.22,63.18,63.16,284.67732328
2022-12-19 08:32:00,63.14,63.2,63.19,63.16,71.19053203
2022-12-19 08:31:00,63.19,63.29,63.29,63.19,354.61379223
2022-12-19 08:30:00,63.25,63.31,63.27,63.31,65.73843195
2022-12-19 08:29:00,63.26,63.29,63.27,63.27,12.86053808
2022-12-19 08:28:00,63.26,63.27,63.26,63.26,6.44766182
2022-12-19 08:27:00,63.22,63.3,63.22,63.25,88.81451692
2022-12-19 08:26:00,63.2,63.26,63.26,63.21,85.0813117
2022-12-19 08:25:00,63.26,63.31,63.31,63.26,114.68000158
2022-12-19 08:24:00,63.29,63.33,63.29,63.33,88.02069223
2022-12-19 08:23:00,63.26,63.32,63.3,63.29,127.07710454
2022-12-19 08:22:00,63.28,63.32,63.28,63.3,18.0289009
2022-12-19 08:21:00,63.27,63.32,63.27,63.29,88.67923733
2022-12-19 08:20:00,63.23,63.32,63.23,63.28,180.2937544
2022-12-19 08:19:00,63.15,63.27,63.15,63.24,242.83683532
2022-12-19 08:18:00,63.11,63.19,63.12,63.15,382.46397146
2022-12-19 08:17:00,63.04,63.12,63.06,63.12,220.63727297
2022-12-19 08:16:00,63.0,63.19,63.19,63.05,1056.84237987
2022-12-19 08:15:00,63.16,63.19,63.17,63.19,38.70994671
2022-12-19 08:14:00,63.15,63.2,63.2,63.16,147.46439907
2022-12-19 08:13:00,63.16,63.22,63.16,63.21,86.42121315
2022-12-19 08:12:00,63.16,63.17,63.17,63.16,57.40901822
2022-12-19 08:11:00,63.15,63.18,63.15,63.16,120.31974739
2022-12-19 08:10:00,63.05,63.15,63.05,63.15,186.36592247
2022-12-19 08:09:00,63.04,63.09,63.07,63.05,74.79424889
2022-12-19 08:08:00,63.07,63.17,63.17,63.07,305.45536608
2022-12-19 08:07:00,63.15,63.17,63.17,63.16,30.94624752
2022-12-19 08:06:00,63.14,63.18,63.14,63.18,23.94526771
2022-12-19 08:05:00,63.06,63.2,63.06,63.15,270.75623319
2022-12-19 08:04:00,63.04,63.17,63.15,63.06,158.28432642
2022-12-19 08:03:00,63.13,63.19,63.17,63.14,16.50717492
2022-12-19 08:02:00,63.16,63.23,63.16,63.18,30.32520162
2022-12-19 08:01:00,63.09,63.24,63.11,63.2,1434.16972834
2022-12-19 08:00:00,63.03,63.12,63.03,63.12,94.58589236
2022-12-19 07:59:00,63.01,63.1,63.01,63.04,43.32351264
2022-12-19 07:58:00,62.99,63.01,62.99,63.01,15.46207884
2022-12-19 07:57:00,62.93,62.98,62.93,62.98,35.17426842
2022-12-19 07:56:00,62.87,62.95,62.88,62.93,26.60145111
2022-12-19 07:55:00,62.87,62.9,62.9,62.88,58.80768633
2022-12-19 07:54:00,62.87,62.91,62.87,62.9,74.6967739
2022-12-19 07:53:00,62.82,62.88,62.82,62.87,380.08624911
2022-12-19 07:52:00,62.8,62.88,62.83,62.82,300.29044793
2022-12-19 07:51:00,62.82,62.92,62.91,62.83,38.2922085
2022-12-19 07:50:00,62.84,62.93,62.88,62.93,147.69689769
2022-12-19 07:49:00,62.82,62.89,62.86,62.88,170.86132445
2022-12-19 07:48:00,62.81,62.87,62.86,62.84,225.23562287
2022-12-19 07:47:00,62.87,62.92,62.91,62.87,54.49435901
2022-12-19 07:46:00,62.93,62.96,62.96,62.93,64.86253085
2022-12-19 07:45:00,62.93,62.97,62.97,62.96,65.79755766
2022-12-19 07:44:00,62.89,63.01,62.92,63.0,131.29873502
2022-12-19 07:43:00,62.89,62.92,62.9,62.92,33.22007233
2022-12-19 07:42:00,62.9,62.95,62.95,62.9,214.70169923
2022-12-19 07:41:00,62.96,63.0,62.97,62.97,25.60945554
2022-12-19 07:40:00,62.91,63.0,62.91,62.97,210.5013326
2022-12-19 07:39:00,62.9,62.94,62.94,62.91,7.94501777
2022-12-19 07:38:00,62.93,62.97,62.93,62.94,7.34968388
2022-12-19 07:37:00,62.91,62.92,62.92,62.91,19.36529159
2022-12-19 07:36:00,62.89,62.95,62.9,62.92,22.84732349
2022-12-19 07:35:00,62.89,62.91,62.91,62.9,18.55492401
2022-12-19 07:34:00,62.89,62.96,62.94,62.96,74.4129871
2022-12-19 07:33:00,62.92,62.99,62.99,62.94,201.24361367
2022-12-19 07:32:00,62.98,63.0,62.98,63.0,52.01464971
2022-12-19 07:31:00,62.96,63.06,63.06,62.98,138.911695
2022-12-19 07:30:00,62.97,63.07,63.04,63.07,400.40176963
2022-12-19 07:29:00,62.99,63.07,62.99,63.02,303.99357733
2022-12-19 07:28:00,62.99,63.01,63.01,62.99,17.05395772
2022-12-19 07:27:00,63.0,63.01,63.01,63.01,3.5227545
2022-12-19 07:26:00,63.02,63.03,63.02,63.02,31.5229708
2022-12-19 07:25:00,63.01,63.06,63.06,63.03,25.70921662
2022-12-19 07:24:00,63.05,63.08,63.08,63.07,20.22157085
2022-12-19 07:23:00,63.06,63.1,63.1,63.08,138.41756679
2022-12-19 07:22:00,62.98,63.1,63.01,63.1,350.97505033
2022-12-19 07:21:00,62.97,63.01,63.0,63.01,129.61517171
2022-12-19 07:20:00,62.96,63.03,63.03,63.0,165.0957038
2022-12-19 07:19:00,63.0,63.1,63.06,63.03,225.83846186
2022-12-19 07:18:00,63.02,63.09,63.05,63.02,195.99222552
2022-12-19 07:17:00,63.03,63.07,63.07,63.03,73.474923
2022-12-19 07:16:00,63.05,63.09,63.08,63.07,33.30413826
2022-12-19 07:15:00,63.08,63.12,63.12,63.08,64.64023664
2022-12-19 07:14:00,63.14,63.14,63.14,63.14,0.98838427
2022-12-19 07:13:00,63.09,63.13,63.09,63.13,114.45200525
2022-12-19 07:12:00,63.06,63.12,63.12,63.09,135.9498825
2022-12-19 07:11:00,63.1,63.13,63.12,63.12,5.779653
2022-12-19 07:10:00,63.1,63.13,63.12,63.12,37.91875714
2022-12-19 07:09:00,63.1,63.15,63.14,63.12,66.09746239
2022-12-19 07:08:00,63.12,63.16,63.12,63.16,111.10207134
2022-12-19 07:07:00,63.1,63.12,63.1,63.12,33.39726196
2022-12-19 07:06:00,63.04,63.1,63.06,63.1,257.72294631
2022-12-19 07:05:00,63.06,63.1,63.1,63.06,28.66357573
2022-12-19 07:04:00,63.06,63.09,63.06,63.08,84.65480098
2022-12-19 07:03:00,63.07,63.16,63.14,63.07,328.0115466
2022-12-19 07:02:00,63.09,63.14,63.11,63.14,36.47943569
2022-12-19 07:01:00,63.03,63.12,63.03,63.12,174.82049296
2022-12-19 07:00:00,63.01,63.05,63.05,63.04,120.22828232
2022-12-19 06:59:00,63.06,63.1,63.1,63.08,197.39464372
2022-12-19 06:58:00,63.07,63.11,63.07,63.09,142.20207396
2022-12-19 06:57:00,63.05,63.12,63.05,63.08,31.84204421
2022-12-19 06:56:00,63.0,63.08,63.0,63.05,66.1392391
2022-12-19 06:55:00,62.94,63.0,62.97,62.98,22.73777777
2022-12-19 06:54:00,62.94,63.07,63.06,62.97,232.36160126
2022-12-19 06:53:00,62.97,63.06,63.02,63.06,128.33782566
2022-12-19 06:52:00,62.94,63.02,62.94,63.02,146.05941042
2022-12-19 06:51:00,62.89,62.94,62.89,62.94,31.28457858
2022-12-19 06:50:00,62.9,62.95,62.95,62.91,72.34801388
2022-12-19 06:49:00,62.95,62.98,62.97,62.96,72.81615619
2022-12-19 06:48:00,62.91,62.97,62.92,62.97,57.54127783
2022-12-19 06:47:00,62.9,62.93,62.9,62.9,22.38703794
2022-12-19 06:46:00,62.87,62.95,62.87,62.9,219.12863424
2022-12-19 06:45:00,62.83,62.89,62.85,62.87,41.05704967
2022-12-19 06:44:00,62.78,62.84,62.8,62.84,77.65750192
2022-12-19 06:43:00,62.76,62.79,62.78,62.79,41.3912849
2022-12-19 06:42:00,62.75,62.83,62.82,62.77,97.4273071
2022-12-19 06:41:00,62.8,62.89,62.86,62.82,58.1456462
2022-12-19 06:40:00,62.84,62.98,62.93,62.84,181.15652299
2022-12-19 06:39:00,62.95,63.07,63.04,62.95,290.38209953
2022-12-19 06:38:00,63.05,63.1,63.08,63.05,89.27522525
2022-12-19 06:37:00,63.03,63.11,63.03,63.05,316.80457444
2022-12-19 06:36:00,62.96,63.03,63.0,63.03,283.52827552
2022-12-19 06:35:00,62.91,63.0,62.94,62.98,166.74991995
2022-12-19 06:34:00,62.92,62.95,62.95,62.94,210.8954436
2022-12-19 06:33:00,62.95,62.98,62.97,62.95,14.31972669
2022-12-19 06:32:00,62.94,63.02,63.02,62.95,112.90838984
2022-12-19 06:31:00,62.94,63.03,62.95,63.03,278.19343468
2022-12-19 06:30:00,62.93,62.95,62.94,62.95,48.32103529
2022-12-19 06:29:00,62.92,62.94,62.94,62.92,8.93511967
2022-12-19 06:28:00,62.9,62.93,62.92,62.93,45.79827022
2022-12-19 06:27:00,62.83,62.93,62.83,62.93,143.22133704
2022-12-19 06:26:00,62.84,62.86,62.84,62.85,78.4307873
2022-12-19 06:25:00,62.83,62.88,62.88,62.83,20.37669886
2022-12-19 06:24:00,62.82,62.92,62.92,62.88,178.04733233
2022-12-19 06:23:00,62.9,62.92,62.9,62.9,13.19508985
2022-12-19 06:22:00,62.84,62.93,62.84,62.93,237.60555957
2022-12-19 06:21:00,62.81,62.89,62.89,62.84,60.5024196
2022-12-19 06:20:00,62.89,62.95,62.95,62.89,15.02106171
2022-12-19 06:19:00,62.94,62.99,62.96,62.98,17.5000671
2022-12-19 06:18:00,62.95,62.98,62.95,62.96,89.25480267
2022-12-19 06:17:00,62.89,62.95,62.89,62.95,32.99055346
2022-12-19 06:16:00,62.85,62.95,62.95,62.9,169.88607335
2022-12-19 06:15:00,62.86,63.0,62.86,62.98,651.2398912
2022-12-19 06:14:00,62.82,62.88,62.85,62.86,101.40369821
2022-12-19 06:13:00,62.82,62.88,62.82,62.85,37.86938153
2022-12-19 06:12:00,62.76,62.82,62.76,62.82,22.31330279
2022-12-19 06:11:00,62.72,62.77,62.72,62.74,130.94460301
2022-12-19 06:10:00,62.71,62.72,62.72,62.72,26.91055159
2022-12-19 06:09:00,62.7,62.75,62.72,62.72,84.6350296
2022-12-19 06:08:00,62.73,62.77,62.76,62.73,20.62872952
2022-12-19 06:07:00,62.73,62.83,62.83,62.76,297.47921928
2022-12-19 06:06:00,62.79,62.84,62.79,62.8,55.202754
2022-12-19 06:05:00,62.74,62.84,62.79,62.8,405.45193178
2022-12-19 06:04:00,62.7,62.81,62.74,62.77,962.15337449
2022-12-19 06:03:00,62.66,62.82,62.75,62.77,776.6312086
2022-12-19 06:02:00,62.7,62.76,62.7,62.76,127.39836549
2022-12-19 06:01:00,62.68,62.74,62.71,62.7,80.71386294
2022-12-19 06:00:00,62.6,62.73,62.64,62.68,386.35116276
2022-12-19 05:59:00,62.65,62.68,62.65,62.67,27.01179496
2022-12-19 05:58:00,62.6,62.67,62.63,62.66,97.79752043
2022-12-19 05:57:00,62.62,62.67,62.65,62.63,43.31019348
2022-12-19 05:56:00,62.65,62.67,62.66,62.67,29.93804247
2022-12-19 05:55:00,62.64,62.66,62.65,62.66,37.00043104
2022-12-19 05:54:00,62.64,62.73,62.68,62.64,91.74621366
2022-12-19 05:53:00,62.62,62.72,62.66,62.7,325.73683094
2022-12-19 05:52:00,62.66,62.69,62.69,62.67,35.26179157
2022-12-19 05:51:00,62.68,62.76,62.76,62.69,185.29529648
2022-12-19 05:50:00,62.7,62.76,62.74,62.75,406.13659399
2022-12-19 05:49:00,62.71,62.8,62.71,62.75,118.41470641
2022-12-19 05:48:00,62.67,62.74,62.68,62.71,735.361027
2022-12-19 05:47:00,62.59,62.68,62.6,62.68,93.13503023
2022-12-19 05:46:00,62.51,62.61,62.52,62.59,133.18055618
2022-12-19 05:45:00,62.53,62.56,62.56,62.55,200.24374805
2022-12-19 05:44:00,62.52,62.58,62.53,62.55,21.64826463
2022-12-19 05:43:00,62.51,62.56,62.54,62.53,119.02616823
2022-12-19 05:42:00,62.45,62.55,62.54,62.55,574.37139298
2022-12-19 05:41:00,62.53,62.57,62.54,62.57,81.50411039
2022-12-19 05:40:00,62.54,62.61,62.61,62.55,93.75192396
2022-12-19 05:39:00,62.58,62.66,62.6,62.62,114.44909808
2022-12-19 05:38:00,62.56,62.61,62.59,62.6,69.49260546
2022-12-19 05:37:00,62.59,62.63,62.6,62.59,48.19091482
2022-12-19 05:36:00,62.57,62.61,62.58,62.61,64.51526508
2022-12-19 05:35:00,62.58,62.64,62.64,62.6,28.61906261
2022-12-19 05:34:00,62.63,62.77,62.77,62.64,72.78365221
2022-12-19 05:33:00,62.76,62.81,62.81,62.77,103.01131886
2022-12-19 05:32:00,62.79,62.83,62.8,62.79,14.01935899
2022-12-19 05:31:00,62.72,62.79,62.73,62.79,85.11105358
2022-12-19 05:30:00,62.7,62.77,62.77,62.72,118.73473503
2022-12-19 05:29:00,62.76,62.83,62.81,62.77,112.95040267
2022-12-19 05:28:00,62.74,62.82,62.74,62.82,32.70594214
2022-12-19 05:27:00,62.7,62.74,62.72,62.74,15.94156589
2022-12-19 05:26:00,62.71,62.74,62.71,62.72,87.24451305
2022-12-19 05:25:00,62.67,62.72,62.69,62.7,33.52288614
2022-12-19 05:24:00,62.65,62.69,62.65,62.69,40.3809719
2022-12-19 05:23:00,62.63,62.65,62.63,62.65,19.55959955
2022-12-19 05:22:00,62.61,62.64,62.61,62.63,15.66583196
2022-12-19 05:21:00,62.62,62.63,62.63,62.62,32.48631773
2022-12-19 05:20:00,62.58,62.63,62.58,62.63,78.2442369
2022-12-19 05:19:00,62.55,62.61,62.59,62.55,109.58115456
2022-12-19 05:18:00,62.55,62.63,62.63,62.59,153.58726295
2022-12-19 05:17:00,62.61,62.66,62.66,62.63,190.75156647
2022-12-19 05:16:00,62.64,62.67,62.64,62.66,33.87463546
2022-12-19 05:15:00,62.65,62.67,62.65,62.67,27.2419563
2022-12-19 05:14:00,62.6,62.65,62.63,62.65,65.50450713
2022-12-19 05:13:00,62.64,62.69,62.67,62.64,133.05658402
2022-12-19 05:12:00,62.67,62.7,62.69,62.67,31.04851342
2022-12-19 05:11:00,62.67,62.7,62.7,62.67,41.42923059
2022-12-19 05:10:00,62.68,62.71,62.69,62.7,103.54326573
2022-12-19 05:09:00,62.67,62.71,62.7,62.7,102.91143943
2022-12-19 05:08:00,62.69,62.73,62.71,62.69,107.57305852
2022-12-19 05:07:00,62.69,62.72,62.71,62.72,57.35143588
2022-12-19 05:06:00,62.72,62.79,62.79,62.74,172.88160395
2022-12-19 05:05:00,62.77,62.82,62.77,62.82,23.78162344
2022-12-19 05:04:00,62.79,62.85,62.81,62.79,77.19412158
2022-12-19 05:03:00,62.77,62.82,62.79,62.78,113.11214276
2022-12-19 05:02:00,62.76,62.8,62.76,62.79,310.03604349
2022-12-19 05:01:00,62.74,62.76,62.76,62.76,35.66332632
2022-12-19 05:00:00,62.74,62.79,62.79,62.78,110.82566674
2022-12-19 04:59:00,62.76,62.79,62.76,62.79,15.71572538
2022-12-19 04:58:00,62.77,62.81,62.81,62.78,33.82857066
2022-12-19 04:57:00,62.68,62.81,62.74,62.8,480.19666339
2022-12-19 04:56:00,62.71,62.8,62.71,62.72,330.71258037
2022-12-19 04:55:00,62.66,62.72,62.72,62.71,72.83975232
2022-12-19 04:54:00,62.71,62.76,62.76,62.73,85.50741913
2022-12-19 04:53:00,62.71,62.77,62.71,62.73,159.26217845
2022-12-19 14:53:00,63.21,63.28,63.26,63.24,75.12922885
2022-12-19 14:52:00,63.23,63.32,63.25,63.25,82.04252822
2022-12-19 14:51:00,63.2,63.27,63.25,63.26,339.27990903
2022-12-19 14:50:00,63.19,63.3,63.26,63.25,519.25580583
2022-12-19 14:49:00,63.16,63.3,63.16,63.24,396.69006642
2022-12-19 14:48:00,63.08,63.28,63.25,63.17,232.20261622
2022-12-19 14:47:00,63.26,63.37,63.34,63.26,137.02853418
2022-12-19 14:46:00,63.24,63.35,63.34,63.35,243.73516137
2022-12-19 14:45:00,63.33,63.41,63.41,63.34,402.396337
2022-12-19 14:44:00,63.38,63.43,63.43,63.43,87.61892504
2022-12-19 14:43:00,63.38,63.47,63.44,63.4,497.98168005
2022-12-19 14:42:00,63.44,63.61,63.52,63.46,334.2300735
2022-12-19 14:41:00,63.52,63.69,63.58,63.56,695.50784724
2022-12-19 14:40:00,63.61,63.69,63.67,63.61,52.91317747
2022-12-19 14:39:00,63.64,63.76,63.74,63.65,140.94361355
2022-12-19 14:38:00,63.41,63.77,63.42,63.76,602.40039129
2022-12-19 14:37:00,63.3,63.39,63.3,63.39,52.78615423
2022-12-19 14:36:00,63.24,63.3,63.26,63.3,86.21817999
2022-12-19 14:35:00,63.24,63.26,63.24,63.26,17.7561985
2022-12-19 14:34:00,63.2,63.25,63.25,63.24,99.01238235
2022-12-19 14:33:00,63.25,63.3,63.29,63.27,146.12653763
2022-12-19 14:32:00,63.25,63.31,63.31,63.3,380.5479267
2022-12-19 14:31:00,63.22,63.35,63.31,63.31,299.77207662
2022-12-19 14:30:00,63.29,63.43,63.35,63.31,352.0420155
2022-12-19 14:29:00,63.35,63.42,63.42,63.35,118.17527239
2022-12-19 14:28:00,63.37,63.45,63.38,63.42,126.36962356
2022-12-19 14:27:00,63.34,63.41,63.34,63.39,32.72445176
2022-12-19 14:26:00,63.32,63.35,63.33,63.34,144.70835821
2022-12-19 14:25:00,63.32,63.37,63.37,63.33,92.37714081
2022-12-19 14:24:00,63.32,63.38,63.32,63.38,205.91555298
2022-12-19 14:23:00,63.27,63.32,63.29,63.32,171.41714388
2022-12-19 14:22:00,63.26,63.29,63.27,63.29,137.59775088
2022-12-19 14:21:00,63.27,63.29,63.27,63.27,23.52503125
2022-12-19 14:20:00,63.25,63.28,63.26,63.25,161.34163504
2022-12-19 14:19:00,63.25,63.32,63.3,63.26,93.49174536
2022-12-19 14:18:00,63.24,63.29,63.24,63.29,96.5997721
2022-12-19 14:17:00,63.21,63.26,63.21,63.24,27.03525687
2022-12-19 14:16:00,63.18,63.25,63.18,63.2,260.41249183
2022-12-19 14:15:00,63.08,63.18,63.11,63.18,431.48802074
2022-12-19 14:14:00,63.12,63.17,63.16,63.16,177.91640806
2022-12-19 14:13:00,63.1,63.16,63.12,63.14,63.04418876
2022-12-19 14:12:00,63.13,63.19,63.17,63.13,32.01101379
2022-12-19 14:11:00,63.05,63.19,63.07,63.18,329.86059066
2022-12-19 14:10:00,63.01,63.17,63.17,63.04,131.6294166
2022-12-19 14:09:00,63.1,63.15,63.14,63.15,73.98076639
2022-12-19 14:08:00,63.07,63.17,63.1,63.15,350.97585247
2022-12-19 14:07:00,62.88,63.09,63.09,63.08,1398.2771817
2022-12-19 14:06:00,63.09,63.25,63.25,63.12,1878.07211136
2022-12-19 14:05:00,63.25,63.35,63.33,63.25,99.09470962
2022-12-19 14:04:00,63.34,63.39,63.34,63.35,54.42657049
2022-12-19 14:03:00,63.26,63.33,63.28,63.33,44.65940244
2022-12-19 14:02:00,63.26,63.31,63.31,63.28,334.97318962
2022-12-19 14:01:00,63.33,63.39,63.39,63.33,76.46449732
2022-12-19 14:00:00,63.34,63.42,63.34,63.4,76.32325038
2022-12-19 13:59:00,63.35,63.38,63.35,63.36,47.91655683
2022-12-19 13:58:00,63.35,63.43,63.43,63.36,103.47022484
2022-12-19 13:57:00,63.41,63.44,63.43,63.41,27.22763959
2022-12-19 13:56:00,63.36,63.45,63.44,63.42,687.49311574
2022-12-19 13:55:00,63.45,63.49,63.48,63.45,17.37862766
2022-12-19 13:54:00,63.47,63.51,63.47,63.48,117.23388447
2022-12-19 13:53:00,63.45,63.5,63.5,63.46,35.14011341
2022-12-19 13:52:00,63.46,63.56,63.49,63.5,110.86310381
2022-12-19 13:51:00,63.48,63.55,63.48,63.5,130.39992912
2022-12-19 13:50:00,63.44,63.47,63.45,63.47,49.6743287
2022-12-19 13:49:00,63.38,63.45,63.39,63.43,23.78092792
2022-12-19 13:48:00,63.38,63.4,63.39,63.39,57.31893765
2022-12-19 13:47:00,63.33,63.39,63.36,63.39,69.95533921
2022-12-19 13:46:00,63.33,63.36,63.34,63.33,81.92488726
2022-12-19 13:45:00,63.35,63.36,63.35,63.36,10.94064562
2022-12-19 13:44:00,63.36,63.39,63.39,63.36,88.57200133
2022-12-19 13:43:00,63.38,63.4,63.39,63.39,23.73276978
2022-12-19 13:42:00,63.36,63.39,63.37,63.37,21.82546865
2022-12-19 13:41:00,63.36,63.4,63.36,63.37,32.86617481
2022-12-19 13:40:00,63.34,63.38,63.37,63.36,95.00014526
2022-12-19 13:39:00,63.31,63.37,63.31,63.37,76.81102263
2022-12-19 13:38:00,63.25,63.33,63.33,63.3,188.38683038
2022-12-19 13:37:00,63.3,63.33,63.31,63.33,13.98110479
2022-12-19 13:36:00,63.33,63.45,63.43,63.35,83.05041828
2022-12-19 13:35:00,63.42,63.45,63.42,63.43,31.47965355
2022-12-19 13:34:00,63.42,63.49,63.49,63.44,59.05933671
2022-12-19 13:33:00,63.45,63.49,63.45,63.49,38.8320913
2022-12-19 13:32:00,63.41,63.51,63.41,63.44,123.11538742
2022-12-19 13:31:00,63.37,63.4,63.37,63.39,9.5027345
2022-12-19 13:30:00,63.33,63.4,63.36,63.38,62.5646856
2022-12-19 13:29:00,63.29,63.37,63.29,63.36,110.0921627
2022-12-19 13:28:00,63.3,63.4,63.38,63.3,28.80440794
2022-12-19 13:27:00,63.35,63.39,63.37,63.38,51.19908216
2022-12-19 13:26:00,63.34,63.39,63.39,63.36,36.94976306
2022-12-19 13:25:00,63.41,63.45,63.44,63.41,42.28808873
2022-12-19 13:24:00,63.45,63.5,63.46,63.45,204.74862203
2022-12-19 13:23:00,63.46,63.52,63.49,63.46,38.22437168
2022-12-19 13:22:00,63.47,63.49,63.47,63.49,32.60126939
2022-12-19 13:21:00,63.46,63.59,63.59,63.46,153.59834363
2022-12-19 13:20:00,63.5,63.59,63.52,63.58,582.10410811
2022-12-19 13:19:00,63.52,63.62,63.59,63.52,891.50735688
2022-12-19 13:18:00,63.58,63.65,63.63,63.58,27.2047645
2022-12-19 13:17:00,63.61,63.64,63.62,63.64,29.54490235
2022-12-19 13:16:00,63.59,63.64,63.6,63.62,349.98282528
2022-12-19 13:15:00,63.58,63.64,63.64,63.59,72.84177859
2022-12-19 13:14:00,63.59,63.66,63.59,63.64,53.89014457
2022-12-19 13:13:00,63.59,63.61,63.6,63.61,44.57306033
2022-12-19 13:12:00,63.57,63.63,63.57,63.59,79.77732909
2022-12-19 13:11:00,63.56,63.57,63.57,63.56,129.39553436
2022-12-19 13:10:00,63.56,63.59,63.59,63.56,604.66163146
2022-12-19 13:09:00,63.58,63.61,63.61,63.58,87.48850583
2022-12-19 13:08:00,63.57,63.62,63.6,63.6,196.91857625
2022-12-19 13:07:00,63.59,63.62,63.62,63.62,65.02568456
2022-12-19 13:06:00,63.6,63.66,63.66,63.62,371.03516091
2022-12-19 13:05:00,63.65,63.75,63.73,63.68,732.96854377
2022-12-19 13:04:00,63.72,63.76,63.75,63.75,107.07916607
2022-12-19 13:03:00,63.68,63.76,63.75,63.75,247.84492988
2022-12-19 13:02:00,63.67,63.76,63.72,63.75,515.27210461
2022-12-19 13:01:00,63.7,63.86,63.71,63.71,463.275532
2022-12-19 13:00:00,63.64,63.76,63.64,63.7,413.05683549
2022-12-19 12:59:00,63.61,63.66,63.61,63.66,173.39190163
2022-12-19 12:58:00,63.56,63.62,63.62,63.6,585.452161
2022-12-19 12:57:00,63.62,63.66,63.63,63.62,122.79401246
2022-12-19 12:56:00,63.61,63.65,63.65,63.63,35.32740152
2022-12-19 12:55:00,63.59,63.68,63.59,63.68,36.73002714
2022-12-19 12:54:00,63.57,63.62,63.61,63.59,39.00001598
2022-12-19 12:53:00,63.58,63.68,63.67,63.63,230.90070389
2022-12-19 12:52:00,63.58,63.67,63.58,63.67,242.56381148
2022-12-19 12:51:00,63.57,63.62,63.6,63.58,39.77550783
2022-12-19 12:50:00,63.58,63.64,63.63,63.62,127.48602009
2022-12-19 12:49:00,63.61,63.67,63.63,63.64,77.70455036
2022-12-19 12:48:00,63.61,63.66,63.66,63.63,363.43209081
2022-12-19 12:47:00,63.64,63.65,63.64,63.65,15.18842777
2022-12-19 12:46:00,63.51,63.65,63.51,63.65,98.1137218
2022-12-19 12:45:00,63.51,63.55,63.55,63.51,35.28987873
2022-12-19 12:44:00,63.48,63.57,63.49,63.57,282.36328369
2022-12-19 12:43:00,63.49,63.51,63.51,63.49,8.04970047
2022-12-19 12:42:00,63.49,63.53,63.53,63.52,72.09069807
2022-12-19 12:41:00,63.53,63.62,63.62,63.56,219.29326896
2022-12-19 12:40:00,63.58,63.7,63.6,63.62,389.82044315
2022-12-19 12:39:00,63.52,63.62,63.53,63.62,174.6713877
2022-12-19 12:38:00,63.4,63.52,63.4,63.52,293.97087532
2022-12-19 12:37:00,63.37,63.4,63.39,63.4,196.33077258
2022-12-19 12:36:00,63.35,63.4,63.35,63.38,65.43052965
2022-12-19 12:35:00,63.35,63.39,63.37,63.37,24.86810346
2022-12-19 12:34:00,63.32,63.37,63.32,63.37,18.97156049
2022-12-19 12:33:00,63.31,63.36,63.35,63.31,129.96405687
2022-12-19 12:32:00,63.33,63.36,63.34,63.35,9.33061325
2022-12-19 12:31:00,63.32,63.39,63.35,63.36,86.68983557
2022-12-19 12:30:00,63.35,63.42,63.38,63.35,92.7480264
2022-12-19 12:29:00,63.37,63.44,63.43,63.37,66.36937368
2022-12-19 12:28:00,63.39,63.43,63.43,63.42,33.46504718
2022-12-19 12:27:00,63.42,63.46,63.46,63.42,245.14665648
2022-12-19 12:26:00,63.47,63.54,63.54,63.47,44.39331501
2022-12-19 12:25:00,63.48,63.54,63.5,63.54,69.94687859
2022-12-19 12:24:00,63.52,63.55,63.55,63.52,30.15681692
2022-12-19 12:23:00,63.53,63.59,63.59,63.54,45.51601238
2022-12-19 12:22:00,63.55,63.59,63.57,63.59,11.00140518
2022-12-19 12:21:00,63.54,63.56,63.56,63.56,21.2203987
2022-12-19 12:20:00,63.57,63.58,63.58,63.57,8.47201731
2022-12-19 12:19:00,63.53,63.58,63.53,63.57,23.62207593
2022-12-19 12:18:00,63.53,63.55,63.55,63.53,129.77336554
2022-12-19 12:17:00,63.5,63.53,63.5,63.53,17.64773476
2022-12-19 12:16:00,63.45,63.5,63.46,63.5,15.89528078
2022-12-19 12:15:00,63.46,63.53,63.49,63.46,131.4899223
2022-12-19 12:14:00,63.48,63.52,63.5,63.49,77.09134205
2022-12-19 12:13:00,63.47,63.51,63.5,63.5,23.45583377
2022-12-19 12:12:00,63.47,63.5,63.49,63.48,9.73964843
2022-12-19 12:11:00,63.46,63.49,63.47,63.49,19.0804577
2022-12-19 12:10:00,63.44,63.48,63.44,63.48,14.97605968
2022-12-19 12:09:00,63.38,63.44,63.39,63.44,158.49722666
2022-12-19 12:08:00,63.4,63.5,63.5,63.4,87.54368286
2022-12-19 12:07:00,63.46,63.5,63.49,63.48,49.00452778
2022-12-19 12:06:00,63.49,63.51,63.51,63.5,6.49402799
2022-12-19 12:05:00,63.43,63.52,63.43,63.49,71.74693895
2022-12-19 12:04:00,63.44,63.5,63.5,63.44,112.65332296
2022-12-19 12:03:00,63.47,63.51,63.51,63.5,102.90737509
2022-12-19 12:02:00,63.51,63.56,63.56,63.52,57.94810481
2022-12-19 12:01:00,63.56,63.58,63.56,63.57,14.07676592
2022-12-19 12:00:00,63.55,63.58,63.56,63.55,67.47587174
2022-12-19 11:59:00,63.51,63.55,63.52,63.55,83.54778639
2022-12-19 11:58:00,63.53,63.55,63.55,63.54,17.00951226
2022-12-19 11:57:00,63.54,63.55,63.55,63.55,67.00647361
2022-12-19 11:56:00,63.53,63.55,63.55,63.55,20.87577237
2022-12-19 11:55:00,63.49,63.52,63.49,63.52,9.41316682
2022-12-19 11:54:00,63.49,63.52,63.52,63.49,33.03574512
2022-12-19 11:53:00,63.52,63.54,63.54,63.52,42.61952908
2022-12-19 11:52:00,63.56,63.58,63.58,63.56,11.11647386
2022-12-19 11:51:00,63.52,63.59,63.53,63.59,402.08167129
2022-12-19 11:50:00,63.51,63.56,63.51,63.51,141.53186455
2022-12-19 11:49:00,63.49,63.56,63.53,63.5,192.19019074
2022-12-19 11:48:00,63.52,63.61,63.6,63.53,1213.1312852
2022-12-19 11:47:00,63.59,63.63,63.62,63.6,478.96891689
2022-12-19 11:46:00,63.62,63.65,63.65,63.63,60.98960023
2022-12-19 11:45:00,63.57,63.67,63.67,63.67,654.12901306
2022-12-19 11:44:00,63.66,63.68,63.66,63.67,112.35197498
2022-12-19 11:43:00,63.66,63.67,63.67,63.67,116.12603441
2022-12-19 11:42:00,63.66,63.71,63.69,63.67,324.35293433
2022-12-19 11:41:00,63.68,63.71,63.68,63.71,13.8000427
2022-12-19 11:40:00,63.67,63.69,63.67,63.68,7.627033
2022-12-19 11:39:00,63.65,63.66,63.66,63.66,8.25241964
2022-12-19 11:38:00,63.64,63.67,63.64,63.64,193.54441081
2022-12-19 11:37:00,63.61,63.65,63.63,63.65,40.30170618
2022-12-19 11:36:00,63.6,63.63,63.62,63.63,15.3911047
2022-12-19 11:35:00,63.62,63.64,63.62,63.62,21.43485059
2022-12-19 11:34:00,63.61,63.65,63.65,63.61,112.0428157
2022-12-19 11:33:00,63.56,63.68,63.58,63.68,64.83644549
2022-12-19 11:32:00,63.56,63.64,63.6,63.56,131.90312719
2022-12-19 11:31:00,63.55,63.61,63.55,63.59,64.90252916
2022-12-19 11:30:00,63.48,63.54,63.49,63.54,153.28814616
2022-12-19 11:29:00,63.47,63.54,63.54,63.48,189.81239621
2022-12-19 11:28:00,63.5,63.58,63.56,63.52,72.24839987
2022-12-19 11:27:00,63.5,63.6,63.53,63.57,158.43231674
2022-12-19 11:26:00,63.45,63.56,63.55,63.54,259.43012953
2022-12-19 11:25:00,63.52,63.58,63.56,63.55,288.42520232
2022-12-19 11:24:00,63.53,63.57,63.54,63.56,43.605424
2022-12-19 11:23:00,63.53,63.6,63.6,63.57,35.29875622
2022-12-19 11:22:00,63.6,63.67,63.66,63.61,17.76061203
2022-12-19 11:21:00,63.55,63.67,63.55,63.67,200.043865
2022-12-19 11:20:00,63.55,63.59,63.58,63.57,93.80495711
2022-12-19 11:19:00,63.52,63.59,63.57,63.58,125.43903151
2022-12-19 11:18:00,63.54,63.62,63.62,63.58,50.70714714
2022-12-19 11:17:00,63.62,63.66,63.66,63.62,31.48925329
2022-12-19 11:16:00,63.64,63.67,63.65,63.65,155.33347431
2022-12-19 11:15:00,63.62,63.69,63.69,63.66,225.00657173
2022-12-19 11:14:00,63.67,63.7,63.67,63.69,29.63849754
2022-12-19 11:13:00,63.65,63.78,63.78,63.65,188.44582646
2022-12-19 11:12:00,63.7,63.79,63.7,63.76,455.72512724
2022-12-19 11:11:00,63.64,63.68,63.64,63.67,73.02104014
2022-12-19 11:10:00,63.59,63.66,63.65,63.63,158.6184262
2022-12-19 11:09:00,63.65,63.68,63.65,63.65,11.66877346
2022-12-19 11:08:00,63.63,63.65,63.64,63.65,31.84112122
2022-12-19 11:07:00,63.61,63.71,63.71,63.64,159.21466281
2022-12-19 11:06:00,63.71,63.73,63.72,63.73,13.5739388
2022-12-19 11:05:00,63.72,63.76,63.74,63.73,48.52283386
2022-12-19 11:04:00,63.72,63.77,63.77,63.74,31.63745374
2022-12-19 11:03:00,63.72,63.76,63.72,63.75,15.23827865
2022-12-19 11:02:00,63.7,63.8,63.8,63.72,334.45402806
2022-12-19 11:01:00,63.78,63.83,63.82,63.83,20.67695612
2022-12-19 11:00:00,63.82,63.89,63.82,63.85,86.38425115
2022-12-19 10:59:00,63.8,63.84,63.83,63.84,3.78401321
2022-12-19 10:58:00,63.78,63.84,63.79,63.81,38.30312796
2022-12-19 10:57:00,63.77,63.83,63.81,63.77,36.62118614
2022-12-19 10:56:00,63.79,63.81,63.8,63.81,7.42187538
2022-12-19 10:55:00,63.72,63.81,63.73,63.8,557.7979773
2022-12-19 10:54:00,63.73,63.76,63.74,63.73,20.4415829
2022-12-19 10:53:00,63.71,63.75,63.71,63.75,14.81656412
2022-12-19 10:52:00,63.65,63.72,63.68,63.72,73.76150985
2022-12-19 10:51:00,63.64,63.68,63.67,63.68,105.31227938
2022-12-19 10:50:00,63.67,63.72,63.7,63.67,133.41447112
2022-12-19 10:49:00,63.7,63.75,63.75,63.7,59.15574129
2022-12-19 10:48:00,63.69,63.75,63.69,63.75,159.18067251
2022-12-19 10:47:00,63.65,63.67,63.66,63.67,10.58858226
2022-12-19 10:46:00,63.67,63.7,63.69,63.67,28.06516233
2022-12-19 10:45:00,63.69,63.74,63.71,63.69,23.2015908
2022-12-19 10:44:00,63.72,63.75,63.73,63.74,22.99992706
2022-12-19 10:43:00,63.7,63.74,63.71,63.73,52.78173807
2022-12-19 10:42:00,63.69,63.76,63.76,63.72,27.29087061
2022-12-19 10:41:00,63.77,63.82,63.81,63.77,88.53903909
2022-12-19 10:40:00,63.79,63.82,63.8,63.79,13.63702144
2022-12-19 10:39:00,63.79,63.81,63.79,63.81,14.02798002
2022-12-19 10:38:00,63.68,63.82,63.68,63.79,542.99066774
2022-12-19 10:37:00,63.64,63.7,63.7,63.68,1285.91320573
2022-12-19 10:36:00,63.68,63.71,63.68,63.7,31.31970688
2022-12-19 10:35:00,63.68,63.71,63.71,63.68,7.87311649
2022-12-19 10:34:00,63.67,63.69,63.68,63.69,21.36947559
2022-12-19 10:33:00,63.67,63.69,63.67,63.68,6.24262928
2022-12-19 10:32:00,63.65,63.69,63.69,63.67,10.93616072
2022-12-19 10:31:00,63.66,63.75,63.74,63.69,303.2010615
2022-12-19 10:30:00,63.71,63.75,63.71,63.75,66.87442014
2022-12-19 10:29:00,63.69,63.71,63.69,63.71,24.51608243
2022-12-19 10:28:00,63.66,63.71,63.7,63.67,190.72777351
2022-12-19 10:27:00,63.68,63.73,63.69,63.7,108.10910031
2022-12-19 10:26:00,63.7,63.8,63.79,63.7,36.03332388
2022-12-19 10:25:00,63.77,63.81,63.81,63.78,12.85608421
2022-12-19 10:24:00,63.81,63.9,63.9,63.81,118.35206534
2022-12-19 10:23:00,63.73,63.92,63.78,63.9,528.98570469
2022-12-19 10:22:00,63.78,63.82,63.8,63.8,12.65052869
2022-12-19 10:21:00,63.79,63.87,63.8,63.79,96.18280125
2022-12-19 10:20:00,63.77,63.83,63.77,63.81,13.945747
2022-12-19 10:19:00,63.71,63.83,63.78,63.71,98.01136722
2022-12-19 10:18:00,63.64,63.8,63.64,63.8,93.60895011
2022-12-19 10:17:00,63.6,63.68,63.6,63.61,194.31281042
2022-12-19 10:16:00,63.57,63.65,63.57,63.58,229.88754351
2022-12-19 10:15:00,63.56,63.6,63.56,63.57,73.03715355
2022-12-19 10:14:00,63.55,63.58,63.55,63.58,61.14824612
2022-12-19 10:13:00,63.51,63.54,63.51,63.54,21.6767401
2022-12-19 10:12:00,63.5,63.52,63.52,63.51,3.34116213
2022-12-19 10:11:00,63.47,63.53,63.47,63.51,60.2756411
2022-12-19 10:10:00,63.45,63.49,63.45,63.48,15.2528028
2022-12-19 10:09:00,63.45,63.48,63.46,63.47,3.71512458
2022-12-19 10:08:00,63.46,63.5,63.5,63.48,269.07981343
2022-12-19 10:07:00,63.5,63.55,63.55,63.52,43.34910866
2022-12-19 10:06:00,63.57,63.58,63.58,63.57,3.18955587
2022-12-19 10:05:00,63.55,63.58,63.55,63.58,31.09106314
2022-12-19 10:04:00,63.54,63.56,63.56,63.56,10.33561724
2022-12-19 10:03:00,63.53,63.57,63.55,63.57,17.06204317
2022-12-19 10:02:00,63.54,63.56,63.54,63.54,10.22584259
2022-12-19 10:01:00,63.54,63.58,63.58,63.55,3.49520882
2022-12-19 10:00:00,63.5,63.59,63.5,63.59,18.90321421
2022-12-19 09:59:00,63.49,63.54,63.54,63.51,22.19089431
2022-12-19 09:58:00,63.51,63.54,63.52,63.54,30.63542212
2022-12-19 09:57:00,63.49,63.51,63.5,63.51,50.36549045
2022-12-19 09:56:00,63.48,63.52,63.5,63.48,3.1516893
2022-12-19 09:55:00,63.44,63.52,63.44,63.51,53.74122531
2022-12-19 09:54:00,63.42,63.49,63.47,63.46,367.37927647
2022-12-19 09:53:00,63.46,63.47,63.46,63.47,6.51411642
2022-12-19 19:53:00,62.22,62.29,62.29,62.25,68.08817375
2022-12-19 19:52:00,62.24,62.3,62.29,62.29,116.4075347
2022-12-19 19:51:00,62.27,62.42,62.39,62.32,499.99606287
2022-12-19 19:50:00,62.35,62.43,62.42,62.39,98.94103286
2022-12-19 19:49:00,62.43,62.54,62.49,62.43,349.61973518
2022-12-19 19:48:00,62.45,62.54,62.45,62.5,392.2472275
2022-12-19 19:47:00,62.37,62.5,62.38,62.44,174.64523355
2022-12-19 19:46:00,62.3,62.44,62.3,62.38,296.97853702
2022-12-19 19:45:00,62.23,62.29,62.26,62.26,103.62086777
2022-12-19 19:44:00,62.17,62.26,62.19,62.26,255.73091454
2022-12-19 19:43:00,62.17,62.22,62.22,62.2,50.09990891
2022-12-19 19:42:00,62.19,62.23,62.2,62.19,64.58861809
2022-12-19 19:41:00,62.17,62.2,62.19,62.2,38.38725896
2022-12-19 19:40:00,62.18,62.22,62.2,62.2,305.54736412
2022-12-19 19:39:00,62.16,62.24,62.23,62.22,286.14784103
2022-12-19 19:38:00,62.22,62.27,62.27,62.23,38.20766646
2022-12-19 19:37:00,62.24,62.29,62.26,62.29,54.36340553
2022-12-19 19:36:00,62.16,62.28,62.2,62.28,168.19751451
2022-12-19 19:35:00,62.2,62.25,62.21,62.22,35.03931853
2022-12-19 19:34:00,62.13,62.23,62.16,62.23,213.24560202
2022-12-19 19:33:00,62.12,62.24,62.16,62.15,340.21875754
2022-12-19 19:32:00,62.11,62.17,62.12,62.16,39.21345099
2022-12-19 19:31:00,62.03,62.11,62.03,62.09,270.46819529
2022-12-19 19:30:00,62.03,62.12,62.06,62.05,43.0657752
2022-12-19 19:29:00,62.06,62.12,62.09,62.09,139.21062209
2022-12-19 19:28:00,62.07,62.15,62.13,62.13,66.18148647
2022-12-19 19:27:00,62.12,62.17,62.17,62.16,35.93115393
2022-12-19 19:26:00,62.11,62.2,62.14,62.15,92.96292278
2022-12-19 19:25:00,62.0,62.13,62.01,62.11,71.49937093
2022-12-19 19:24:00,62.0,62.12,62.12,62.02,243.66969132
2022-12-19 19:23:00,62.07,62.15,62.15,62.11,45.36598571
2022-12-19 19:22:00,62.12,62.16,62.14,62.16,77.2569923
2022-12-19 19:21:00,62.07,62.15,62.07,62.12,127.8363921
2022-12-19 19:20:00,62.04,62.09,62.04,62.04,60.99438952
2022-12-19 19:19:00,62.03,62.1,62.07,62.04,42.31459918
2022-12-19 19:18:00,62.03,62.11,62.03,62.1,387.98150465
2022-12-19 19:17:00,61.89,62.03,61.94,62.03,161.04271031
2022-12-19 19:16:00,61.92,62.05,62.02,61.96,513.11554191
2022-12-19 19:15:00,62.01,62.06,62.04,62.01,208.90405486
2022-12-19 19:14:00,61.99,62.09,62.08,62.01,159.64188244
2022-12-19 19:13:00,62.07,62.17,62.15,62.09,210.5790805
2022-12-19 19:12:00,62.08,62.16,62.1,62.15,486.05986573
2022-12-19 19:11:00,62.07,62.14,62.07,62.1,247.37008883
2022-12-19 19:10:00,62.06,62.18,62.14,62.06,315.69442068
2022-12-19 19:09:00,62.06,62.15,62.15,62.15,90.71028442
2022-12-19 19:08:00,62.05,62.17,62.1,62.14,479.89812211
2022-12-19 19:07:00,61.94,62.14,61.94,62.1,229.27808974
2022-12-19 19:06:00,61.85,61.95,61.85,61.95,395.65893471
2022-12-19 19:05:00,61.67,61.87,61.71,61.84,304.80770296
2022-12-19 19:04:00,61.72,61.94,61.94,61.72,547.29418776
2022-12-19 19:03:00,61.89,61.98,61.9,61.93,75.86276183
2022-12-19 19:02:00,61.85,61.93,61.93,61.9,165.35984928
2022-12-19 19:01:00,61.87,61.95,61.89,61.92,244.75252854
2022-12-19 19:00:00,61.72,61.9,61.77,61.9,166.64366829
2022-12-19 18:59:00,61.73,61.81,61.74,61.77,77.55450242
2022-12-19 18:58:00,61.69,61.95,61.8,61.72,391.81553869
2022-12-19 18:57:00,61.67,61.85,61.71,61.81,795.08541893
2022-12-19 18:56:00,61.64,61.76,61.74,61.7,287.64443852
2022-12-19 18:55:00,61.68,61.93,61.68,61.76,686.38641113
2022-12-19 18:54:00,61.66,62.16,62.16,61.68,1525.84964135
2022-12-19 18:53:00,62.13,62.21,62.19,62.18,203.47834587
2022-12-19 18:52:00,62.18,62.24,62.18,62.19,214.30219195
2022-12-19 18:51:00,62.19,62.27,62.27,62.19,81.84853459
2022-12-19 18:50:00,62.14,62.28,62.15,62.28,100.5251204
2022-12-19 18:49:00,62.05,62.17,62.07,62.15,246.15836784
2022-12-19 18:48:00,62.02,62.12,62.1,62.09,495.63821416
2022-12-19 18:47:00,62.07,62.19,62.17,62.11,112.15441273
2022-12-19 18:46:00,62.13,62.2,62.17,62.13,503.9670455
2022-12-19 18:45:00,62.16,62.22,62.19,62.17,128.20121409
2022-12-19 18:44:00,62.15,62.23,62.21,62.21,557.97914373
2022-12-19 18:43:00,62.1,62.25,62.23,62.22,936.19767337
2022-12-19 18:42:00,62.22,62.26,62.25,62.25,118.76782835
2022-12-19 18:41:00,62.19,62.29,62.19,62.28,487.09445934
2022-12-19 18:40:00,62.11,62.19,62.18,62.18,653.97398874
2022-12-19 18:39:00,62.09,62.27,62.25,62.18,4046.98771388
2022-12-19 18:38:00,62.2,62.26,62.24,62.26,770.91681232
2022-12-19 18:37:00,62.23,62.3,62.26,62.26,147.25195479
2022-12-19 18:36:00,62.26,62.31,62.31,62.27,102.87308704
2022-12-19 18:35:00,62.29,62.32,62.31,62.32,28.986873
2022-12-19 18:34:00,62.3,62.37,62.36,62.3,72.05369698
2022-12-19 18:33:00,62.26,62.36,62.27,62.36,362.45980754
2022-12-19 18:32:00,62.28,62.36,62.36,62.29,299.89030677
2022-12-19 18:31:00,62.26,62.36,62.29,62.36,133.75291178
2022-12-19 18:30:00,62.3,62.36,62.36,62.3,88.57032319
2022-12-19 18:29:00,62.31,62.37,62.33,62.36,48.15875643
2022-12-19 18:28:00,62.33,62.4,62.39,62.34,59.26945298
2022-12-19 18:27:00,62.39,62.51,62.51,62.39,38.57907142
2022-12-19 18:26:00,62.39,62.52,62.42,62.52,608.95239646
2022-12-19 18:25:00,62.33,62.44,62.35,62.44,108.28892533
2022-12-19 18:24:00,62.31,62.41,62.41,62.32,183.61098424
2022-12-19 18:23:00,62.43,62.53,62.46,62.43,429.17732619
2022-12-19 18:22:00,62.4,62.46,62.43,62.46,68.20216274
2022-12-19 18:21:00,62.39,62.44,62.41,62.44,97.76043876
2022-12-19 18:20:00,62.39,62.47,62.41,62.43,261.79893382
2022-12-19 18:19:00,62.32,62.41,62.4,62.41,489.40182943
2022-12-19 18:18:00,62.35,62.4,62.37,62.37,81.94450547
2022-12-19 18:17:00,62.36,62.43,62.43,62.38,339.17170712
2022-12-19 18:16:00,62.42,62.45,62.45,62.42,27.94463848
2022-12-19 18:15:00,62.4,62.48,62.46,62.44,303.50594162
2022-12-19 18:14:00,62.42,62.48,62.42,62.46,211.0627064
2022-12-19 18:13:00,62.4,62.43,62.41,62.42,41.39552104
2022-12-19 18:12:00,62.39,62.49,62.48,62.41,271.8441221
2022-12-19 18:11:00,62.43,62.51,62.44,62.48,569.74938161
2022-12-19 18:10:00,62.31,62.44,62.34,62.44,128.21404275
2022-12-19 18:09:00,62.31,62.35,62.31,62.34,271.8577305
2022-12-19 18:08:00,62.28,62.33,62.33,62.31,60.67682989
2022-12-19 18:07:00,62.28,62.34,62.32,62.32,41.57590088
2022-12-19 18:06:00,62.28,62.34,62.34,62.32,1092.15455989
2022-12-19 18:05:00,62.34,62.42,62.41,62.35,40.98799072
2022-12-19 18:04:00,62.38,62.43,62.38,62.41,97.06864674
2022-12-19 18:03:00,62.28,62.4,62.31,62.38,168.92515375
2022-12-19 18:02:00,62.24,62.31,62.28,62.31,198.27423035
2022-12-19 18:01:00,62.26,62.31,62.3,62.29,184.7491936
2022-12-19 18:00:00,62.3,62.37,62.37,62.3,106.21557885
2022-12-19 17:59:00,62.3,62.39,62.3,62.39,58.15391089
2022-12-19 17:58:00,62.3,62.41,62.41,62.3,305.23558311
2022-12-19 17:57:00,62.38,62.45,62.45,62.41,55.58895093
2022-12-19 17:56:00,62.35,62.47,62.4,62.47,436.06274495
2022-12-19 17:55:00,62.4,62.45,62.41,62.4,210.02078431
2022-12-19 17:54:00,62.41,62.46,62.44,62.42,73.71024198
2022-12-19 17:53:00,62.43,62.52,62.44,62.46,114.51809945
2022-12-19 17:52:00,62.36,62.45,62.38,62.45,255.14294525
2022-12-19 17:51:00,62.36,62.46,62.4,62.39,121.1841446
2022-12-19 17:50:00,62.39,62.43,62.41,62.42,46.8982984
2022-12-19 17:49:00,62.36,62.46,62.39,62.39,198.50163127
2022-12-19 17:48:00,62.37,62.44,62.38,62.37,291.20148287
2022-12-19 17:47:00,62.3,62.44,62.3,62.37,1509.28958665
2022-12-19 17:46:00,62.2,62.34,62.22,62.3,685.68076741
2022-12-19 17:45:00,62.01,62.24,62.03,62.21,4708.49202797
2022-12-19 17:44:00,61.95,62.05,61.98,62.04,325.73886848
2022-12-19 17:43:00,61.94,62.03,62.03,61.97,233.26742614
2022-12-19 17:42:00,61.98,62.06,61.98,62.05,253.02534566
2022-12-19 17:41:00,61.8,61.97,61.9,61.97,107.21059876
2022-12-19 17:40:00,61.67,61.96,61.78,61.91,715.86923973
2022-12-19 17:39:00,61.79,61.94,61.82,61.81,448.77619887
2022-12-19 17:38:00,61.77,62.01,61.93,61.82,2540.95601019
2022-12-19 17:37:00,61.85,61.97,61.9,61.93,591.79680338
2022-12-19 17:36:00,61.86,61.97,61.88,61.91,258.3659395
2022-12-19 17:35:00,61.75,61.87,61.79,61.85,235.44843501
2022-12-19 17:34:00,61.6,61.86,61.69,61.8,929.96993236
2022-12-19 17:33:00,61.66,61.91,61.89,61.68,1258.41213097
2022-12-19 17:32:00,61.9,62.18,62.17,61.91,245.39302142
2022-12-19 17:31:00,62.03,62.23,62.03,62.18,341.86094306
2022-12-19 17:30:00,61.97,62.08,62.07,62.02,239.79129256
2022-12-19 17:29:00,62.03,62.23,62.22,62.09,579.24500945
2022-12-19 17:28:00,62.21,62.37,62.36,62.26,624.07741708
2022-12-19 17:27:00,62.32,62.4,62.36,62.4,197.23634159
2022-12-19 17:26:00,62.34,62.43,62.35,62.37,389.34985328
2022-12-19 17:25:00,62.22,62.35,62.26,62.35,443.98401255
2022-12-19 17:24:00,62.26,62.31,62.27,62.29,150.27162838
2022-12-19 17:23:00,62.22,62.28,62.23,62.27,70.71443422
2022-12-19 17:22:00,62.12,62.25,62.2,62.23,703.71266968
2022-12-19 17:21:00,62.17,62.25,62.19,62.25,53.86491795
2022-12-19 17:20:00,62.14,62.29,62.27,62.18,348.03816169
2022-12-19 17:19:00,62.1,62.24,62.22,62.24,544.07673576
2022-12-19 17:18:00,62.18,62.28,62.28,62.22,532.19404723
2022-12-19 17:17:00,62.28,62.36,62.34,62.28,103.71078205
2022-12-19 17:16:00,62.27,62.36,62.28,62.34,361.2940245
2022-12-19 17:15:00,62.25,62.33,62.33,62.28,93.1512094
2022-12-19 17:14:00,62.29,62.35,62.31,62.35,52.43491626
2022-12-19 17:13:00,62.26,62.31,62.26,62.31,225.58066989
2022-12-19 17:12:00,62.21,62.3,62.23,62.26,408.99720597
2022-12-19 17:11:00,62.2,62.28,62.28,62.23,404.66421645
2022-12-19 17:10:00,62.24,62.36,62.36,62.28,315.53209306
2022-12-19 17:09:00,62.35,62.39,62.36,62.37,80.31441743
2022-12-19 17:08:00,62.33,62.38,62.37,62.36,77.97674548
2022-12-19 17:07:00,62.36,62.45,62.38,62.37,661.44142638
2022-12-19 17:06:00,62.39,62.43,62.39,62.4,286.99081704
2022-12-19 17:05:00,62.36,62.41,62.37,62.39,156.81814908
2022-12-19 17:04:00,62.36,62.42,62.38,62.4,122.3475962
2022-12-19 17:03:00,62.36,62.42,62.36,62.39,179.36316916
2022-12-19 17:02:00,62.25,62.39,62.27,62.39,199.05478399
2022-12-19 17:01:00,62.24,62.33,62.33,62.25,411.4827397
2022-12-19 17:00:00,62.32,62.4,62.36,62.34,139.46302899
2022-12-19 16:59:00,62.32,62.37,62.32,62.37,510.21273647
2022-12-19 16:58:00,62.32,62.34,62.33,62.33,84.25614777
2022-12-19 16:57:00,62.3,62.35,62.33,62.34,48.20828058
2022-12-19 16:56:00,62.29,62.35,62.35,62.33,553.87658705
2022-12-19 16:55:00,62.35,62.39,62.38,62.35,107.97881804
2022-12-19 16:54:00,62.37,62.43,62.4,62.39,225.99965237
2022-12-19 16:53:00,62.31,62.43,62.31,62.41,861.74155405
2022-12-19 16:52:00,62.3,62.37,62.35,62.31,126.36935677
2022-12-19 16:51:00,62.32,62.36,62.35,62.35,610.08553465
2022-12-19 16:50:00,62.3,62.4,62.4,62.35,379.1789977
2022-12-19 16:49:00,62.35,62.41,62.37,62.41,859.83329618
2022-12-19 16:48:00,62.37,62.43,62.43,62.38,144.40490069
2022-12-19 16:47:00,62.4,62.5,62.47,62.4,397.22489914
2022-12-19 16:46:00,62.44,62.47,62.44,62.47,453.73106186
2022-12-19 16:45:00,62.39,62.47,62.42,62.47,988.5944207
2022-12-19 16:44:00,62.39,62.43,62.41,62.41,51.22932159
2022-12-19 16:43:00,62.38,62.44,62.41,62.43,113.27871863
2022-12-19 16:42:00,62.25,62.4,62.25,62.4,199.6426395
2022-12-19 16:41:00,62.16,62.22,62.21,62.21,498.01781792
2022-12-19 16:40:00,62.15,62.25,62.17,62.21,91.33753821
2022-12-19 16:39:00,62.14,62.22,62.16,62.18,235.35756166
2022-12-19 16:38:00,62.09,62.29,62.18,62.22,650.89082026
2022-12-19 16:37:00,61.94,62.18,62.06,62.18,951.40713903
2022-12-19 16:36:00,62.07,62.26,62.25,62.09,273.98364215
2022-12-19 16:35:00,62.24,62.38,62.36,62.24,239.23746175
2022-12-19 16:34:00,62.31,62.4,62.31,62.39,50.40289248
2022-12-19 16:33:00,62.14,62.37,62.2,62.34,727.89238556
2022-12-19 16:32:00,62.19,62.48,62.48,62.19,420.39985524
2022-12-19 16:31:00,62.49,62.64,62.57,62.5,405.05981709
2022-12-19 16:30:00,62.37,62.59,62.58,62.53,2627.95595417
2022-12-19 16:29:00,62.57,62.68,62.65,62.57,639.08216637
2022-12-19 16:28:00,62.52,62.66,62.56,62.66,411.98358038
2022-12-19 16:27:00,62.48,62.59,62.57,62.51,675.4656619
2022-12-19 16:26:00,62.42,62.72,62.7,62.56,607.54741252
2022-12-19 16:25:00,62.62,62.88,62.76,62.68,1212.32377015
2022-12-19 16:24:00,62.43,62.78,62.72,62.75,1373.91348747
2022-12-19 16:23:00,62.6,62.8,62.79,62.73,995.33739912
2022-12-19 16:22:00,62.74,62.98,62.94,62.8,502.54476587
2022-12-19 16:21:00,62.96,63.05,63.04,62.96,91.54956491
2022-12-19 16:20:00,63.02,63.07,63.03,63.03,87.57235491
2022-12-19 16:19:00,62.97,63.06,63.02,63.04,168.83960856
2022-12-19 16:18:00,62.97,63.16,63.13,63.01,575.25556915
2022-12-19 16:17:00,63.04,63.11,63.05,63.1,220.67133032
2022-12-19 16:16:00,63.05,63.12,63.1,63.07,56.36500081
2022-12-19 16:15:00,63.07,63.11,63.1,63.1,130.02249109
2022-12-19 16:14:00,63.1,63.15,63.14,63.1,46.59882996
2022-12-19 16:13:00,63.09,63.14,63.14,63.14,142.6375951
2022-12-19 16:12:00,63.07,63.16,63.08,63.13,109.86178361
2022-12-19 16:11:00,63.05,63.1,63.05,63.08,423.64684386
2022-12-19 16:10:00,63.0,63.1,63.0,63.05,628.91486429
2022-12-19 16:09:00,62.98,63.02,63.02,63.02,130.15083409
2022-12-19 16:08:00,62.99,63.18,63.17,63.02,408.83924268
2022-12-19 16:07:00,63.14,63.18,63.15,63.18,44.37940401
2022-12-19 16:06:00,63.14,63.17,63.17,63.15,104.30485768
2022-12-19 16:05:00,63.12,63.18,63.18,63.16,287.46177894
2022-12-19 16:04:00,63.14,63.18,63.17,63.18,90.69785828
2022-12-19 16:03:00,63.15,63.19,63.18,63.19,19.93239621
2022-12-19 16:02:00,63.09,63.18,63.1,63.18,54.68452294
2022-12-19 16:01:00,63.03,63.13,63.11,63.11,200.10830363
2022-12-19 16:00:00,63.07,63.16,63.14,63.13,101.38655547
2022-12-19 15:59:00,63.14,63.18,63.16,63.15,107.57741614
2022-12-19 15:58:00,63.15,63.18,63.18,63.18,49.72044207
2022-12-19 15:57:00,63.13,63.19,63.15,63.17,69.88121016
2022-12-19 15:56:00,63.12,63.18,63.18,63.15,124.7204595
2022-12-19 15:55:00,63.13,63.2,63.15,63.17,140.07811519
2022-12-19 15:54:00,63.13,63.2,63.16,63.18,44.47435908
2022-12-19 15:53:00,63.17,63.28,63.28,63.17,515.67419025
2022-12-19 15:52:00,63.2,63.3,63.23,63.27,357.90179485
2022-12-19 15:51:00,63.23,63.31,63.31,63.23,30.47183273
2022-12-19 15:50:00,63.3,63.42,63.42,63.31,437.38280702
2022-12-19 15:49:00,63.41,63.47,63.41,63.43,248.1179907
2022-12-19 15:48:00,63.38,63.41,63.39,63.41,76.39681762
2022-12-19 15:47:00,63.35,63.39,63.38,63.39,70.59599947
2022-12-19 15:46:00,63.35,63.38,63.36,63.38,16.62897347
2022-12-19 15:45:00,63.35,63.37,63.35,63.35,55.28868879
2022-12-19 15:44:00,63.36,63.42,63.37,63.38,75.29763622
2022-12-19 15:43:00,63.36,63.39,63.38,63.36,69.09828956
2022-12-19 15:42:00,63.35,63.4,63.37,63.4,72.80137692
2022-12-19 15:41:00,63.33,63.39,63.33,63.37,94.65084792
2022-12-19 15:40:00,63.31,63.34,63.32,63.31,29.71662821
2022-12-19 15:39:00,63.32,63.36,63.35,63.32,82.40046938
2022-12-19 15:38:00,63.35,63.39,63.36,63.35,38.93967317
2022-12-19 15:37:00,63.35,63.38,63.38,63.36,114.24523967
2022-12-19 15:36:00,63.34,63.42,63.42,63.38,41.99887792
2022-12-19 15:35:00,63.37,63.42,63.37,63.41,114.21494716
2022-12-19 15:34:00,63.29,63.38,63.32,63.38,102.15325906
2022-12-19 15:33:00,63.31,63.36,63.34,63.33,317.20452265
2022-12-19 15:32:00,63.33,63.4,63.38,63.33,72.43684205
2022-12-19 15:31:00,63.36,63.44,63.43,63.37,272.72265842
2022-12-19 15:30:00,63.42,63.45,63.45,63.42,92.50398184
2022-12-19 15:29:00,63.45,63.5,63.49,63.45,50.00691262
2022-12-19 15:28:00,63.45,63.5,63.5,63.49,64.90243757
2022-12-19 15:27:00,63.47,63.52,63.52,63.47,95.71903692
2022-12-19 15:26:00,63.41,63.56,63.41,63.53,900.76891215
2022-12-19 15:25:00,63.34,63.52,63.48,63.4,359.01731781
2022-12-19 15:24:00,63.47,63.55,63.47,63.49,673.46112678
2022-12-19 15:23:00,63.45,63.5,63.48,63.47,180.58971074
2022-12-19 15:22:00,63.44,63.5,63.47,63.5,104.54520268
2022-12-19 15:21:00,63.46,63.5,63.48,63.48,546.72868044
2022-12-19 15:20:00,63.38,63.46,63.38,63.46,528.57819866
2022-12-19 15:19:00,63.35,63.41,63.37,63.37,50.30294562
2022-12-19 15:18:00,63.36,63.38,63.38,63.36,38.93790987
2022-12-19 15:17:00,63.34,63.41,63.41,63.38,52.7991874
2022-12-19 15:16:00,63.36,63.43,63.36,63.43,84.60110443
2022-12-19 15:15:00,63.33,63.36,63.34,63.36,74.75790047
2022-12-19 15:14:00,63.34,63.38,63.34,63.34,81.10893834
2022-12-19 15:13:00,63.35,63.41,63.35,63.36,119.2969612
2022-12-19 15:12:00,63.29,63.36,63.32,63.35,147.22283982
2022-12-19 15:11:00,63.32,63.38,63.36,63.32,77.43354187
2022-12-19 15:10:00,63.32,63.36,63.32,63.36,191.41280424
2022-12-19 15:09:00,63.23,63.33,63.25,63.33,773.20668969
2022-12-19 15:08:00,63.19,63.27,63.2,63.25,645.3654294
2022-12-19 15:07:00,63.11,63.22,63.13,63.19,399.58533241
2022-12-19 15:06:00,63.13,63.19,63.13,63.13,81.11358257
2022-12-19 15:05:00,63.14,63.29,63.29,63.16,113.79973819
2022-12-19 15:04:00,63.22,63.29,63.23,63.29,216.0486498
2022-12-19 15:03:00,63.13,63.24,63.2,63.21,80.81502856
2022-12-19 15:02:00,63.18,63.33,63.31,63.19,187.76140103
2022-12-19 15:01:00,63.31,63.46,63.38,63.31,481.08546796
2022-12-19 15:00:00,63.34,63.45,63.41,63.36,95.45470444
2022-12-19 14:59:00,63.41,63.55,63.42,63.42,304.40466227
2022-12-19 14:58:00,63.31,63.43,63.32,63.43,150.64162885
2022-12-19 14:57:00,63.28,63.32,63.28,63.32,97.71001652
2022-12-19 14:56:00,63.23,63.29,63.23,63.26,71.71848589
2022-12-19 14:55:00,63.26,63.31,63.27,63.26,231.85922337
2022-12-19 14:54:00,63.22,63.32,63.24,63.28,45.99355949
2022-12-19 14:53:00,63.21,63.28,63.26,63.24,75.12922885
2022-12-20 00:53:00,64.19,64.27,64.24,64.24,483.31612257
2022-12-20 00:52:00,64.16,64.25,64.22,64.24,319.23053794
2022-12-20 00:51:00,64.13,64.27,64.16,64.2,720.35963069
2022-12-20 00:50:00,64.16,64.24,64.22,64.17,665.43664781
2022-12-20 00:49:00,64.2,64.27,64.27,64.25,356.70844532
2022-12-20 00:48:00,64.25,64.42,64.4,64.27,389.96386505
2022-12-20 00:47:00,64.35,64.42,64.38,64.41,524.66642557
2022-12-20 00:46:00,64.38,64.5,64.48,64.41,548.41278502
2022-12-20 00:45:00,64.4,64.5,64.46,64.45,380.69704115
2022-12-20 00:44:00,64.45,64.64,64.63,64.45,267.79514784
2022-12-20 00:43:00,64.39,64.62,64.41,64.62,1139.61068168
2022-12-20 00:42:00,64.31,64.66,64.55,64.38,1312.18486604
2022-12-20 00:41:00,64.32,64.62,64.32,64.54,1397.55362542
2022-12-20 00:40:00,64.19,64.32,64.22,64.32,218.69358875
2022-12-20 00:39:00,64.02,64.24,64.08,64.19,494.26347651
2022-12-20 00:38:00,64.02,64.12,64.07,64.12,144.52609443
2022-12-20 00:37:00,63.92,64.12,63.94,64.1,585.63047054
2022-12-20 00:36:00,63.86,63.98,63.86,63.98,99.36658279
2022-12-20 00:35:00,63.73,63.87,63.74,63.86,291.7427422
2022-12-20 00:34:00,63.71,63.78,63.76,63.77,286.65241777
2022-12-20 00:33:00,63.73,63.82,63.78,63.76,1006.70289017
2022-12-20 00:32:00,63.72,63.79,63.73,63.79,280.46457845
2022-12-20 00:31:00,63.69,63.85,63.85,63.71,242.73277441
2022-12-20 00:30:00,63.73,63.88,63.73,63.87,390.81819183
2022-12-20 00:29:00,63.71,63.82,63.82,63.71,156.38988339
2022-12-20 00:28:00,63.78,63.88,63.87,63.82,409.33479839
2022-12-20 00:27:00,63.88,63.95,63.94,63.89,261.07573907
2022-12-20 00:26:00,63.9,64.07,64.07,63.99,1055.21060053
2022-12-20 00:25:00,64.05,64.23,64.18,64.06,309.94695663
2022-12-20 00:24:00,63.89,64.21,63.96,64.2,304.20239652
2022-12-20 00:23:00,63.9,64.03,63.9,63.96,451.5490963
2022-12-20 00:22:00,63.87,64.08,64.08,63.88,2440.79320406
2022-12-20 00:21:00,64.0,64.17,64.07,64.09,346.51113416
2022-12-20 00:20:00,64.08,64.46,64.3,64.09,500.89243171
2022-12-20 00:19:00,63.97,64.36,63.97,64.3,752.67632963
2022-12-20 00:18:00,63.94,64.2,64.11,63.98,1158.01984398
2022-12-20 00:17:00,63.66,64.25,63.75,64.1,1562.84928025
2022-12-20 00:16:00,63.58,63.78,63.58,63.73,828.38775194
2022-12-20 00:15:00,63.22,63.61,63.22,63.54,2010.02132959
2022-12-20 00:14:00,63.18,63.24,63.19,63.24,112.45493334
2022-12-20 00:13:00,63.16,63.25,63.24,63.21,321.10958861
2022-12-20 00:12:00,63.1,63.25,63.18,63.21,1354.94112487
2022-12-20 00:11:00,63.18,63.24,63.24,63.19,458.16554366
2022-12-20 00:10:00,63.24,63.31,63.28,63.24,69.65625042
2022-12-20 00:09:00,63.26,63.29,63.29,63.28,695.75298155
2022-12-20 00:08:00,63.28,63.34,63.32,63.31,155.55145843
2022-12-20 00:07:00,63.31,63.42,63.4,63.32,324.64057044
2022-12-20 00:06:00,63.33,63.41,63.4,63.4,327.65938011
2022-12-20 00:05:00,63.37,63.43,63.39,63.38,54.31153606
2022-12-20 00:04:00,63.31,63.37,63.36,63.36,394.70840605
2022-12-20 00:03:00,63.3,63.36,63.35,63.36,315.20986688
2022-12-20 00:02:00,63.28,63.39,63.39,63.35,240.14021092
2022-12-20 00:01:00,63.34,63.46,63.45,63.38,205.77548691
2022-12-20 00:00:00,63.24,63.46,63.34,63.46,1753.34240573
2022-12-19 23:59:00,63.36,63.41,63.41,63.36,183.35129569
2022-12-19 23:58:00,63.27,63.41,63.27,63.41,923.78767261
2022-12-19 23:57:00,63.24,63.31,63.24,63.27,529.03297409
2022-12-19 23:56:00,63.17,63.26,63.26,63.25,1060.36151575
2022-12-19 23:55:00,63.27,63.35,63.35,63.28,175.55486321
2022-12-19 23:54:00,63.3,63.37,63.3,63.35,252.82125671
2022-12-19 23:53:00,63.26,63.32,63.32,63.28,510.08507216
2022-12-19 23:52:00,63.35,63.42,63.42,63.37,401.68425048
2022-12-19 23:51:00,63.36,63.45,63.44,63.42,900.59033412
2022-12-19 23:50:00,63.4,63.49,63.44,63.49,95.49686461
2022-12-19 23:49:00,63.47,63.71,63.69,63.47,318.86780802
2022-12-19 23:48:00,63.69,63.81,63.72,63.74,553.14988956
2022-12-19 23:47:00,63.54,63.72,63.54,63.71,178.19261177
2022-12-19 23:46:00,63.43,63.63,63.46,63.55,518.32259071
2022-12-19 23:45:00,63.46,63.6,63.58,63.46,93.00345847
2022-12-19 23:44:00,63.44,63.58,63.46,63.56,238.04408139
2022-12-19 23:43:00,63.36,63.47,63.43,63.45,240.53477771
2022-12-19 23:42:00,63.38,63.46,63.39,63.4,370.14824355
2022-12-19 23:41:00,63.18,63.42,63.26,63.39,374.64327108
2022-12-19 23:40:00,63.18,63.27,63.19,63.27,106.3278009
2022-12-19 23:39:00,63.06,63.19,63.06,63.16,132.22878966
2022-12-19 23:38:00,63.0,63.06,63.05,63.06,509.38028397
2022-12-19 23:37:00,63.0,63.11,63.01,63.08,274.31699741
2022-12-19 23:36:00,62.97,63.01,63.01,63.01,499.53880587
2022-12-19 23:35:00,62.99,63.06,63.0,62.99,56.2540741
2022-12-19 23:34:00,62.95,63.14,63.14,63.02,636.30566278
2022-12-19 23:33:00,63.04,63.16,63.05,63.16,117.13944119
2022-12-19 23:32:00,63.01,63.11,63.11,63.05,109.77491495
2022-12-19 23:31:00,63.07,63.23,63.23,63.09,153.9560692
2022-12-19 23:30:00,63.17,63.22,63.17,63.22,45.02283129
2022-12-19 23:29:00,63.13,63.24,63.13,63.18,205.57438032
2022-12-19 23:28:00,63.14,63.29,63.28,63.14,333.71097414
2022-12-19 23:27:00,63.07,63.28,63.08,63.24,911.81523749
2022-12-19 23:26:00,63.05,63.11,63.09,63.08,111.99154264
2022-12-19 23:25:00,63.05,63.17,63.11,63.11,772.02808609
2022-12-19 23:24:00,63.0,63.12,63.05,63.1,388.38242468
2022-12-19 23:23:00,62.99,63.12,62.99,63.05,464.21461451
2022-12-19 23:22:00,62.83,63.01,62.86,62.98,350.04772786
2022-12-19 23:21:00,62.85,62.89,62.86,62.88,221.82244045
2022-12-19 23:20:00,62.8,62.86,62.81,62.86,87.59795079
2022-12-19 23:19:00,62.8,62.87,62.86,62.81,228.64555745
2022-12-19 23:18:00,62.75,62.85,62.77,62.83,286.0086557
2022-12-19 23:17:00,62.64,62.77,62.64,62.77,828.94191685
2022-12-19 23:16:00,62.55,62.63,62.56,62.63,148.22288464
2022-12-19 23:15:00,62.48,62.72,62.67,62.53,1307.39510539
2022-12-19 23:14:00,62.7,62.82,62.74,62.7,229.81485791
2022-12-19 23:13:00,62.55,62.72,62.61,62.72,263.43086947
2022-12-19 23:12:00,62.52,62.61,62.54,62.61,30.13938042
2022-12-19 23:11:00,62.56,62.63,62.62,62.56,67.96497808
2022-12-19 23:10:00,62.55,62.63,62.55,62.61,30.38101337
2022-12-19 23:09:00,62.39,62.56,62.48,62.55,103.62549961
2022-12-19 23:08:00,62.4,62.5,62.44,62.5,123.67668972
2022-12-19 23:07:00,62.39,62.46,62.44,62.46,165.10625609
2022-12-19 23:06:00,62.44,62.53,62.47,62.45,233.69991791
2022-12-19 23:05:00,62.45,62.57,62.48,62.46,286.00136155
2022-12-19 23:04:00,62.51,62.62,62.53,62.51,129.32246037
2022-12-19 23:03:00,62.56,62.92,62.9,62.56,445.41073499
2022-12-19 23:02:00,62.73,62.97,62.73,62.9,572.07653728
2022-12-19 23:01:00,62.56,62.8,62.57,62.72,636.79504053
2022-12-19 23:00:00,62.31,62.55,62.41,62.55,353.9516907
2022-12-19 22:59:00,62.3,62.51,62.3,62.48,387.32016039
2022-12-19 22:58:00,62.19,62.3,62.25,62.3,62.1119891
2022-12-19 22:57:00,62.23,62.33,62.33,62.25,171.99293138
2022-12-19 22:56:00,62.28,62.33,62.29,62.31,40.24825929
2022-12-19 22:55:00,62.25,62.3,62.28,62.29,171.04118839
2022-12-19 22:54:00,62.29,62.35,62.3,62.29,172.81690879
2022-12-19 22:53:00,62.16,62.33,62.19,62.32,131.3023052
2022-12-19 22:52:00,62.17,62.27,62.24,62.17,61.1598575
2022-12-19 22:51:00,62.12,62.27,62.15,62.25,174.61642084
2022-12-19 22:50:00,62.05,62.15,62.08,62.15,279.30787429
2022-12-19 22:49:00,61.98,62.25,62.25,62.04,628.78451313
2022-12-19 22:48:00,62.13,62.29,62.14,62.24,673.21235924
2022-12-19 22:47:00,61.95,62.13,62.0,62.13,2322.93908965
2022-12-19 22:46:00,61.97,62.0,61.99,62.0,1569.73557568
2022-12-19 22:45:00,61.93,62.19,62.17,62.0,963.62491986
2022-12-19 22:44:00,62.15,62.35,62.29,62.18,213.1173352
2022-12-19 22:43:00,62.07,62.33,62.12,62.28,112.05561745
2022-12-19 22:42:00,61.95,62.24,62.02,62.11,272.00586386
2022-12-19 22:41:00,61.83,62.02,61.83,61.98,178.66950652
2022-12-19 22:40:00,61.74,61.93,61.75,61.89,366.88780454
2022-12-19 22:39:00,61.59,61.76,61.64,61.75,869.95639689
2022-12-19 22:38:00,61.63,61.74,61.65,61.67,498.37949692
2022-12-19 22:37:00,61.45,61.71,61.46,61.69,964.66052565
2022-12-19 22:36:00,61.18,61.51,61.31,61.5,5177.43182068
2022-12-19 22:35:00,61.3,61.55,61.41,61.31,1332.68110758
2022-12-19 22:34:00,61.25,61.65,61.61,61.4,1779.22626368
2022-12-19 22:33:00,61.0,61.64,61.2,61.64,5185.02758733
2022-12-19 22:32:00,61.13,62.16,61.98,61.2,4054.94735813
2022-12-19 22:31:00,61.91,62.34,62.34,61.96,717.1965163
2022-12-19 22:30:00,62.36,62.55,62.55,62.37,958.70790069
2022-12-19 22:29:00,62.53,62.62,62.59,62.53,85.08430694
2022-12-19 22:28:00,62.56,62.77,62.77,62.61,344.98422889
2022-12-19 22:27:00,62.77,62.8,62.8,62.78,19.83340301
2022-12-19 22:26:00,62.79,62.82,62.81,62.79,20.41027171
2022-12-19 22:25:00,62.8,62.84,62.83,62.81,131.5790295
2022-12-19 22:24:00,62.81,62.85,62.84,62.81,47.96235193
2022-12-19 22:23:00,62.83,62.86,62.86,62.83,17.25145585
2022-12-19 22:22:00,62.84,62.87,62.85,62.87,13.46368943
2022-12-19 22:21:00,62.83,62.87,62.87,62.85,34.66291153
2022-12-19 22:20:00,62.72,62.86,62.72,62.86,62.35931567
2022-12-19 22:19:00,62.69,62.75,62.75,62.74,77.21633575
2022-12-19 22:18:00,62.75,62.89,62.82,62.77,590.01998282
2022-12-19 22:17:00,62.76,62.89,62.87,62.82,410.23563564
2022-12-19 22:16:00,62.88,62.92,62.88,62.88,260.78706685
2022-12-19 22:15:00,62.87,62.92,62.91,62.88,107.73117583
2022-12-19 22:14:00,62.89,62.92,62.91,62.9,51.56369886
2022-12-19 22:13:00,62.91,62.94,62.94,62.91,27.07575181
2022-12-19 22:12:00,62.94,62.98,62.95,62.94,33.77128401
2022-12-19 22:11:00,62.96,63.03,63.03,62.98,32.52999949
2022-12-19 22:10:00,63.0,63.03,63.02,63.03,14.5272308
2022-12-19 22:09:00,63.0,63.07,63.07,63.03,53.32763519
2022-12-19 22:08:00,63.08,63.1,63.09,63.09,51.38276988
2022-12-19 22:07:00,63.05,63.1,63.07,63.07,16.92351687
2022-12-19 22:06:00,63.05,63.09,63.08,63.05,112.80149533
2022-12-19 22:05:00,63.01,63.07,63.01,63.05,39.66286927
2022-12-19 22:04:00,62.99,63.06,63.01,63.04,28.89587917
2022-12-19 22:03:00,62.97,63.02,63.01,63.01,54.29219285
2022-12-19 22:02:00,62.95,63.01,62.99,63.0,67.83800703
2022-12-19 22:01:00,62.95,63.07,63.04,62.98,327.56338257
2022-12-19 22:00:00,62.93,63.04,63.01,63.02,445.2317495
2022-12-19 21:59:00,63.0,63.05,63.0,63.01,67.10952497
2022-12-19 21:58:00,62.99,63.09,63.06,63.01,203.06718133
2022-12-19 21:57:00,62.97,63.04,63.03,63.02,83.72955251
2022-12-19 21:56:00,63.0,63.06,63.05,63.03,347.9157459
2022-12-19 21:55:00,63.04,63.06,63.06,63.04,138.81103711
2022-12-19 21:54:00,63.05,63.08,63.08,63.06,99.49389464
2022-12-19 21:53:00,63.06,63.11,63.06,63.07,40.20590536
2022-12-19 21:52:00,63.04,63.09,63.09,63.05,101.61112751
2022-12-19 21:51:00,63.11,63.17,63.16,63.11,146.78200344
2022-12-19 21:50:00,63.11,63.17,63.11,63.17,427.06851296
2022-12-19 21:49:00,63.09,63.15,63.15,63.09,158.16746974
2022-12-19 21:48:00,63.09,63.13,63.12,63.11,119.38938216
2022-12-19 21:47:00,63.11,63.15,63.14,63.15,118.93715222
2022-12-19 21:46:00,63.13,63.22,63.2,63.15,190.57360273
2022-12-19 21:45:00,63.17,63.22,63.21,63.21,287.75417483
2022-12-19 21:44:00,63.2,63.24,63.23,63.21,73.13048091
2022-12-19 21:43:00,63.17,63.24,63.17,63.24,95.56482396
2022-12-19 21:42:00,63.12,63.23,63.21,63.2,251.01463374
2022-12-19 21:41:00,63.19,63.29,63.29,63.19,476.13925918
2022-12-19 21:40:00,63.23,63.3,63.23,63.3,253.28423374
2022-12-19 21:39:00,63.15,63.25,63.25,63.23,628.32781954
2022-12-19 21:38:00,63.19,63.25,63.2,63.23,3603.47778855
2022-12-19 21:37:00,63.16,63.25,63.25,63.22,265.27832231
2022-12-19 21:36:00,63.23,63.3,63.29,63.25,20.13159569
2022-12-19 21:35:00,63.18,63.29,63.27,63.29,167.18074425
2022-12-19 21:34:00,63.28,63.35,63.32,63.3,33.87687907
2022-12-19 21:33:00,63.3,63.37,63.36,63.3,27.58060013
2022-12-19 21:32:00,63.35,63.45,63.4,63.37,121.0014179
2022-12-19 21:31:00,63.37,63.47,63.46,63.4,203.49067247
2022-12-19 21:30:00,63.46,63.55,63.54,63.46,23.45042291
2022-12-19 21:29:00,63.45,63.56,63.48,63.55,72.42188099
2022-12-19 21:28:00,63.46,63.59,63.52,63.46,58.08481055
2022-12-19 21:27:00,63.45,63.54,63.5,63.5,14.09894736
2022-12-19 21:26:00,63.44,63.59,63.45,63.5,694.86338784
2022-12-19 21:25:00,63.33,63.45,63.34,63.45,45.5708973
2022-12-19 21:24:00,63.18,63.42,63.18,63.32,1154.87034591
2022-12-19 21:23:00,63.12,63.18,63.12,63.18,53.46538894
2022-12-19 21:22:00,63.09,63.13,63.12,63.1,24.42566895
2022-12-19 21:21:00,63.09,63.2,63.09,63.09,310.9625372
2022-12-19 21:20:00,62.99,63.1,63.04,63.09,94.08698639
2022-12-19 21:19:00,63.01,63.04,63.02,63.01,47.87982354
2022-12-19 21:18:00,62.99,63.04,63.0,63.04,195.83264476
2022-12-19 21:17:00,62.95,63.0,62.97,62.99,184.54822537
2022-12-19 21:16:00,62.85,62.97,62.88,62.96,49.23733312
2022-12-19 21:15:00,62.86,62.9,62.89,62.89,19.77836075
2022-12-19 21:14:00,62.87,62.9,62.9,62.87,227.68408147
2022-12-19 21:13:00,62.82,62.89,62.84,62.84,53.08076507
2022-12-19 21:12:00,62.82,62.84,62.82,62.84,24.31302665
2022-12-19 21:11:00,62.82,62.85,62.83,62.84,13.75242005
2022-12-19 21:10:00,62.82,62.85,62.85,62.83,29.4666662
2022-12-19 21:09:00,62.77,62.85,62.8,62.85,24.23719789
2022-12-19 21:08:00,62.76,62.8,62.8,62.8,31.41071444
2022-12-19 21:07:00,62.76,62.83,62.78,62.83,53.36904222
2022-12-19 21:06:00,62.76,62.86,62.86,62.76,244.72101446
2022-12-19 21:05:00,62.84,62.89,62.89,62.86,88.18411886
2022-12-19 21:04:00,62.84,62.88,62.87,62.88,74.28754864
2022-12-19 21:03:00,62.82,62.87,62.86,62.84,61.02976737
2022-12-19 21:02:00,62.83,62.91,62.91,62.86,210.78780265
2022-12-19 21:01:00,62.81,62.92,62.81,62.91,133.53046745
2022-12-19 21:00:00,62.79,62.81,62.81,62.81,29.57433694
2022-12-19 20:59:00,62.8,62.86,62.86,62.82,46.74897416
2022-12-19 20:58:00,62.82,62.85,62.85,62.84,23.16715635
2022-12-19 20:57:00,62.83,62.87,62.87,62.86,21.59951211
2022-12-19 20:56:00,62.8,62.87,62.8,62.87,219.29057173
2022-12-19 20:55:00,62.76,62.8,62.76,62.77,42.45047151
2022-12-19 20:54:00,62.7,62.79,62.72,62.76,236.83992328
2022-12-19 20:53:00,62.69,62.73,62.7,62.72,31.2542957
2022-12-19 20:52:00,62.69,62.73,62.71,62.7,83.22664104
2022-12-19 20:51:00,62.66,62.73,62.69,62.69,484.31106095
2022-12-19 20:50:00,62.56,62.7,62.57,62.69,737.5335165
2022-12-19 20:49:00,62.51,62.58,62.57,62.57,197.75973599
2022-12-19 20:48:00,62.55,62.6,62.59,62.58,54.73750877
2022-12-19 20:47:00,62.6,62.63,62.6,62.61,45.74677381
2022-12-19 20:46:00,62.59,62.65,62.65,62.6,204.05564975
2022-12-19 20:45:00,62.62,62.73,62.62,62.62,345.00388469
2022-12-19 20:44:00,62.63,62.66,62.63,62.65,22.41549398
2022-12-19 20:43:00,62.6,62.63,62.61,62.63,24.75131832
2022-12-19 20:42:00,62.61,62.65,62.63,62.61,60.62937994
2022-12-19 20:41:00,62.56,62.63,62.56,62.63,124.99363809
2022-12-19 20:40:00,62.54,62.57,62.56,62.54,24.32857957
2022-12-19 20:39:00,62.55,62.65,62.65,62.55,100.78257127
2022-12-19 20:38:00,62.6,62.67,62.67,62.65,62.07390001
2022-12-19 20:37:00,62.58,62.67,62.58,62.65,48.6006051
2022-12-19 20:36:00,62.53,62.58,62.56,62.58,70.35011114
2022-12-19 20:35:00,62.51,62.56,62.54,62.56,39.35622897
2022-12-19 20:34:00,62.52,62.56,62.54,62.56,29.84392818
2022-12-19 20:33:00,62.45,62.54,62.45,62.54,280.94543106
2022-12-19 20:32:00,62.45,62.52,62.51,62.45,37.76492491
2022-12-19 20:31:00,62.48,62.51,62.49,62.51,33.88708423
2022-12-19 20:30:00,62.45,62.51,62.46,62.48,49.72673415
2022-12-19 20:29:00,62.46,62.48,62.47,62.48,27.83281673
2022-12-19 20:28:00,62.43,62.5,62.5,62.47,99.57421867
2022-12-19 20:27:00,62.48,62.54,62.53,62.48,29.97825355
2022-12-19 20:26:00,62.51,62.54,62.52,62.53,171.57927353
2022-12-19 20:25:00,62.43,62.53,62.43,62.51,352.4003351
2022-12-19 20:24:00,62.43,62.5,62.48,62.43,126.70444328
2022-12-19 20:23:00,62.47,62.54,62.54,62.47,699.03807376
2022-12-19 20:22:00,62.52,62.58,62.58,62.54,34.22516005
2022-12-19 20:21:00,62.48,62.59,62.5,62.59,194.95930135
2022-12-19 20:20:00,62.47,62.55,62.47,62.53,508.47171647
2022-12-19 20:19:00,62.46,62.5,62.48,62.5,83.70523819
2022-12-19 20:18:00,62.44,62.5,62.5,62.49,60.35863412
2022-12-19 20:17:00,62.45,62.5,62.49,62.47,153.88946622
2022-12-19 20:16:00,62.48,62.55,62.53,62.5,94.07000389
2022-12-19 20:15:00,62.51,62.55,62.52,62.55,36.16975829
2022-12-19 20:14:00,62.5,62.55,62.53,62.5,43.84166484
2022-12-19 20:13:00,62.47,62.56,62.53,62.56,93.59415042
2022-12-19 20:12:00,62.45,62.54,62.46,62.52,253.70428753
2022-12-19 20:11:00,62.5,62.54,62.53,62.5,146.52863423
2022-12-19 20:10:00,62.53,62.58,62.58,62.53,23.1566881
2022-12-19 20:09:00,62.46,62.58,62.47,62.57,174.35750886
2022-12-19 20:08:00,62.43,62.47,62.46,62.44,19.57745627
2022-12-19 20:07:00,62.41,62.46,62.46,62.46,55.05522151
2022-12-19 20:06:00,62.44,62.5,62.5,62.46,183.49585622
2022-12-19 20:05:00,62.44,62.52,62.49,62.5,73.3887372
2022-12-19 20:04:00,62.46,62.54,62.51,62.51,132.49003888
2022-12-19 20:03:00,62.33,62.56,62.33,62.51,363.33189722
2022-12-19 20:02:00,62.3,62.33,62.32,62.31,63.20490729
2022-12-19 20:01:00,62.29,62.39,62.29,62.32,352.48673016
2022-12-19 20:00:00,62.29,62.37,62.3,62.32,287.66615544
2022-12-19 19:59:00,62.22,62.31,62.25,62.3,117.13414431
2022-12-19 19:58:00,62.24,62.32,62.27,62.25,160.10858562
2022-12-19 19:57:00,62.27,62.32,62.31,62.28,16.43143016
2022-12-19 19:56:00,62.31,62.4,62.37,62.33,160.23922197
2022-12-19 19:55:00,62.3,62.4,62.31,62.37,166.87772485
2022-12-19 19:54:00,62.21,62.32,62.22,62.32,158.80206637
2022-12-19 19:53:00,62.22,62.29,62.29,62.25,68.08817375
2022-12-20 05:14:00,65.26,65.34,65.26,65.34,197.75029805
