datetime,open,high,low,close,volume
2023-04-17 00:42:00,98.0,98.39,98.0,98.29,406.54125127
2023-04-17 10:42:00,98.87,98.9,98.89,98.88,0.92405298
2023-04-17 10:41:00,98.9,98.91,98.91,98.9,1.92575458
2023-04-17 10:40:00,98.86,98.88,98.86,98.88,3.76144002
2023-04-17 10:39:00,98.85,98.92,98.88,98.85,56.13844327
2023-04-17 10:38:00,98.87,98.94,98.88,98.94,27.54395914
2023-04-17 10:37:00,98.63,98.91,98.72,98.91,103.38976219
2023-04-17 10:36:00,98.71,98.79,98.79,98.72,41.00919778
2023-04-17 10:35:00,98.77,98.81,98.8,98.77,21.78117579
2023-04-17 10:34:00,98.76,98.9,98.87,98.76,55.22947544
2023-04-17 10:33:00,98.78,98.88,98.88,98.85,5.68856291
2023-04-17 10:32:00,98.85,98.94,98.87,98.89,29.62113437
2023-04-17 10:31:00,98.81,98.87,98.82,98.84,2.24134026
2023-04-17 10:30:00,98.68,98.78,98.77,98.74,201.01866811
2023-04-17 10:29:00,98.75,98.84,98.78,98.8,120.79641528
2023-04-17 10:28:00,98.67,98.81,98.67,98.79,81.82630365
2023-04-17 10:27:00,98.66,98.69,98.69,98.66,3.02362364
2023-04-17 10:26:00,98.71,98.81,98.75,98.71,29.26597953
2023-04-17 10:25:00,98.72,98.86,98.81,98.72,21.83483573
2023-04-17 10:24:00,98.68,98.8,98.68,98.8,60.12177881
2023-04-17 10:23:00,98.65,98.73,98.73,98.65,12.3451121
2023-04-17 10:22:00,98.69,98.74,98.74,98.7,11.93406454
2023-04-17 10:21:00,98.68,98.72,98.72,98.7,2.00386616
2023-04-17 10:20:00,98.66,98.72,98.72,98.69,19.69463736
2023-04-17 10:19:00,98.72,98.75,98.75,98.75,39.01013227
2023-04-17 10:18:00,98.64,98.75,98.64,98.71,16.53275362
2023-04-17 10:17:00,98.65,98.74,98.74,98.73,118.264598
2023-04-17 10:16:00,98.76,98.91,98.91,98.79,90.75231052
2023-04-17 10:15:00,98.95,98.99,98.96,98.95,9.29443771
2023-04-17 10:14:00,98.96,99.02,99.02,98.96,49.87314702
2023-04-17 10:13:00,98.98,99.01,98.99,99.0,10.4822366
2023-04-17 10:12:00,98.92,98.99,98.98,98.98,63.15202984
2023-04-17 10:11:00,98.92,98.99,98.93,98.99,52.30884987
2023-04-17 10:10:00,98.76,98.93,98.82,98.93,137.98346315
2023-04-17 10:09:00,98.81,98.87,98.82,98.81,81.73972119
2023-04-17 10:08:00,98.81,98.84,98.82,98.82,8.36272291
2023-04-17 10:07:00,98.75,98.8,98.75,98.8,56.1539368
2023-04-17 10:06:00,98.71,98.82,98.71,98.74,271.43092838
2023-04-17 10:05:00,98.72,98.79,98.79,98.74,44.88152683
2023-04-17 10:04:00,98.73,98.84,98.73,98.79,82.75080682
2023-04-17 10:03:00,98.68,98.74,98.68,98.74,28.17587632
2023-04-17 10:02:00,98.64,98.75,98.75,98.66,188.48941202
2023-04-17 10:01:00,98.72,98.8,98.8,98.75,51.46626976
2023-04-17 10:00:00,98.79,98.86,98.82,98.83,77.74300335
2023-04-17 09:59:00,98.82,98.92,98.91,98.84,147.86490465
2023-04-17 09:58:00,98.88,98.91,98.9,98.89,9.81257507
2023-04-17 09:57:00,98.82,98.9,98.82,98.84,32.93624968
2023-04-17 09:56:00,98.84,98.91,98.9,98.88,115.60813771
2023-04-17 09:55:00,98.91,99.03,98.98,98.92,86.03027386
2023-04-17 09:54:00,98.98,99.06,99.05,99.01,13.6972731
2023-04-17 09:53:00,98.99,99.09,99.0,99.07,5.44515445
2023-04-17 09:52:00,98.95,99.0,98.97,99.0,13.2509382
2023-04-17 09:51:00,99.02,99.12,99.12,99.02,6.52024179
2023-04-17 09:50:00,99.12,99.21,99.15,99.16,13.50365977
2023-04-17 09:49:00,99.05,99.15,99.05,99.12,39.2907828
2023-04-17 09:48:00,98.99,99.11,98.99,99.05,151.7613626
2023-04-17 09:47:00,98.88,98.99,98.95,98.99,70.56927242
2023-04-17 09:46:00,98.94,99.05,99.02,98.94,239.46350209
2023-04-17 09:45:00,99.0,99.1,99.09,99.05,136.36649557
2023-04-17 09:44:00,99.13,99.17,99.15,99.13,57.37871114
2023-04-17 09:43:00,99.1,99.17,99.12,99.17,26.80460774
2023-04-17 09:42:00,99.09,99.15,99.09,99.14,29.53459767
2023-04-17 09:41:00,99.1,99.2,99.2,99.1,46.47210217
2023-04-17 09:40:00,99.14,99.21,99.18,99.17,97.96019582
2023-04-17 09:39:00,99.18,99.33,99.32,99.18,81.7459699
2023-04-17 09:38:00,99.28,99.37,99.35,99.28,70.77119405
2023-04-17 09:37:00,99.28,99.36,99.28,99.33,22.46182395
2023-04-17 09:36:00,99.3,99.37,99.33,99.3,46.30226652
2023-04-17 09:35:00,99.36,99.44,99.39,99.39,110.39779156
2023-04-17 09:34:00,99.35,99.4,99.4,99.35,32.48712401
2023-04-17 09:33:00,99.38,99.53,99.53,99.41,390.59057612
2023-04-17 09:32:00,99.51,99.59,99.59,99.52,21.39205332
2023-04-17 09:31:00,99.51,99.55,99.55,99.53,10.82010187
2023-04-17 09:30:00,99.55,99.6,99.58,99.55,64.88340289
2023-04-17 09:29:00,99.57,99.62,99.61,99.61,54.59618731
2023-04-17 09:28:00,99.54,99.63,99.56,99.58,44.64272836
2023-04-17 09:27:00,99.42,99.58,99.45,99.56,44.46434873
2023-04-17 09:26:00,99.39,99.48,99.39,99.45,67.19148499
2023-04-17 09:25:00,99.33,99.4,99.34,99.4,33.13390623
2023-04-17 09:24:00,99.25,99.39,99.39,99.38,864.71358702
2023-04-17 09:23:00,99.38,99.43,99.38,99.39,12.98666434
2023-04-17 09:22:00,99.35,99.42,99.36,99.38,39.86278744
2023-04-17 09:21:00,99.29,99.34,99.29,99.32,3.30918431
2023-04-17 09:20:00,99.29,99.32,99.29,99.31,5.60174026
2023-04-17 09:19:00,99.27,99.33,99.32,99.29,2.55469456
2023-04-17 09:18:00,99.28,99.38,99.37,99.32,57.86175116
2023-04-17 09:17:00,99.26,99.37,99.26,99.36,34.46103386
2023-04-17 09:16:00,99.26,99.37,99.37,99.26,261.48389002
2023-04-17 09:15:00,99.38,99.42,99.4,99.38,7.49250317
2023-04-17 09:14:00,99.42,99.51,99.5,99.42,52.38661304
2023-04-17 09:13:00,99.48,99.51,99.48,99.5,28.71380495
2023-04-17 09:12:00,99.45,99.52,99.45,99.49,19.30910765
2023-04-17 09:11:00,99.42,99.48,99.44,99.48,46.49230422
2023-04-17 09:10:00,99.44,99.49,99.45,99.44,9.85415916
2023-04-17 09:09:00,99.45,99.53,99.45,99.46,81.00610272
2023-04-17 09:08:00,99.45,99.52,99.52,99.46,14.60940388
2023-04-17 09:07:00,99.48,99.55,99.55,99.54,46.87515835
2023-04-17 09:06:00,99.53,99.57,99.53,99.54,26.39259175
2023-04-17 09:05:00,99.52,99.55,99.52,99.52,11.05368347
2023-04-17 09:04:00,99.5,99.55,99.53,99.54,32.42444782
2023-04-17 09:03:00,99.52,99.56,99.56,99.52,14.32956101
2023-04-17 09:02:00,99.52,99.56,99.53,99.53,62.89747995
2023-04-17 09:01:00,99.55,99.63,99.63,99.55,26.05332641
2023-04-17 09:00:00,99.53,99.63,99.55,99.59,39.22523304
2023-04-17 08:59:00,99.58,99.63,99.58,99.58,203.80273979
2023-04-17 08:58:00,99.55,99.6,99.59,99.59,29.98889078
2023-04-17 08:57:00,99.48,99.59,99.49,99.59,11.15085912
2023-04-17 08:56:00,99.44,99.57,99.44,99.57,16.36503679
2023-04-17 08:55:00,99.38,99.44,99.42,99.44,42.58640682
2023-04-17 08:54:00,99.41,99.45,99.45,99.41,1.91626349
2023-04-17 08:53:00,99.47,99.52,99.47,99.51,35.50617663
2023-04-17 08:52:00,99.42,99.49,99.48,99.47,14.09069722
2023-04-17 08:51:00,99.43,99.5,99.46,99.5,119.53023469
2023-04-17 08:50:00,99.46,99.52,99.51,99.48,84.94437874
2023-04-17 08:49:00,99.47,99.53,99.51,99.51,24.05593133
2023-04-17 08:48:00,99.44,99.54,99.44,99.52,69.89049989
2023-04-17 08:47:00,99.35,99.44,99.37,99.44,30.8447998
2023-04-17 08:46:00,99.37,99.44,99.42,99.37,212.62554076
2023-04-17 08:45:00,99.33,99.47,99.33,99.43,80.32278664
2023-04-17 08:44:00,99.33,99.37,99.36,99.33,71.25203399
2023-04-17 08:43:00,99.36,99.41,99.41,99.36,10.8092978
2023-04-17 08:42:00,99.3,99.44,99.34,99.39,200.11025307
2023-04-17 08:41:00,99.17,99.32,99.19,99.32,110.10958503
2023-04-17 08:40:00,99.17,99.29,99.22,99.17,8.58580914
2023-04-17 08:39:00,99.19,99.26,99.2,99.24,20.25111991
2023-04-17 08:38:00,99.15,99.24,99.15,99.21,16.39217711
2023-04-17 08:37:00,99.09,99.2,99.12,99.18,79.44456338
2023-04-17 08:36:00,99.15,99.23,99.2,99.15,21.59220751
2023-04-17 08:35:00,99.17,99.21,99.18,99.17,4.50210792
2023-04-17 08:34:00,99.12,99.21,99.12,99.21,37.94572639
2023-04-17 08:33:00,99.12,99.29,99.29,99.12,25.54795929
2023-04-17 08:32:00,99.16,99.28,99.17,99.28,31.55094629
2023-04-17 08:31:00,99.16,99.28,99.28,99.16,25.87778702
2023-04-17 08:30:00,99.13,99.27,99.14,99.27,23.21389863
2023-04-17 08:29:00,99.2,99.23,99.23,99.2,3.71663727
2023-04-17 08:28:00,99.11,99.29,99.17,99.2,15.20419947
2023-04-17 08:27:00,99.22,99.26,99.25,99.22,20.1674618
2023-04-17 08:26:00,99.23,99.34,99.26,99.27,30.99354381
2023-04-17 08:25:00,99.2,99.25,99.2,99.25,5.10497022
2023-04-17 08:24:00,99.16,99.35,99.35,99.16,532.23057671
2023-04-17 08:23:00,99.32,99.4,99.39,99.38,23.11258726
2023-04-17 08:22:00,99.3,99.43,99.38,99.43,74.17857186
2023-04-17 08:21:00,99.37,99.43,99.42,99.4,18.4549995
2023-04-17 08:20:00,99.45,99.55,99.53,99.45,5.12050285
2023-04-17 08:19:00,99.42,99.56,99.56,99.52,17.36989653
2023-04-17 08:18:00,99.57,99.63,99.63,99.57,23.97265224
2023-04-17 08:17:00,99.45,99.65,99.49,99.65,58.46411396
2023-04-17 08:16:00,99.42,99.54,99.49,99.5,8.88710089
2023-04-17 08:15:00,99.35,99.56,99.35,99.53,101.97965892
2023-04-17 08:14:00,99.1,99.38,99.16,99.36,169.01081711
2023-04-17 08:13:00,98.96,99.16,98.99,99.15,415.61856095
2023-04-17 08:12:00,98.88,99.0,98.88,99.0,10.68297507
2023-04-17 08:11:00,98.77,98.91,98.77,98.89,30.73036759
2023-04-17 08:10:00,98.77,98.8,98.8,98.8,4.63432056
2023-04-17 08:09:00,98.73,98.93,98.79,98.93,43.62374719
2023-04-17 08:08:00,98.66,98.84,98.68,98.84,301.84243132
2023-04-17 08:07:00,98.66,98.78,98.78,98.7,522.4843565
2023-04-17 08:06:00,98.74,98.79,98.77,98.77,56.02428609
2023-04-17 08:05:00,98.76,98.94,98.94,98.77,101.17877644
2023-04-17 08:04:00,98.97,99.17,99.12,98.97,42.72055675
2023-04-17 08:03:00,99.09,99.18,99.09,99.13,18.61833874
2023-04-17 08:02:00,99.03,99.17,99.17,99.03,22.58612708
2023-04-17 08:01:00,99.2,99.3,99.28,99.26,64.33635036
2023-04-17 08:00:00,99.2,99.34,99.2,99.27,339.87785959
2023-04-17 07:59:00,99.11,99.16,99.13,99.16,109.64797232
2023-04-17 07:58:00,99.01,99.12,99.01,99.11,56.31773121
2023-04-17 07:57:00,99.05,99.16,99.11,99.05,149.68038686
2023-04-17 07:56:00,98.88,99.14,98.97,99.13,186.29115923
2023-04-17 07:55:00,98.87,98.99,98.89,98.98,142.07953576
2023-04-17 07:54:00,98.8,98.89,98.84,98.87,168.34420075
2023-04-17 07:53:00,98.84,98.97,98.97,98.84,102.63122895
2023-04-17 07:52:00,99.07,99.21,99.15,99.07,44.32732849
2023-04-17 07:51:00,99.01,99.11,99.01,99.11,69.98430992
2023-04-17 07:50:00,98.76,99.01,98.95,99.01,76.16556758
2023-04-17 07:49:00,98.9,99.02,99.02,98.94,12.76119673
2023-04-17 07:48:00,98.87,99.05,98.92,99.01,181.95932907
2023-04-17 07:47:00,98.88,99.07,99.02,98.88,177.2196823
2023-04-17 07:46:00,98.99,99.26,99.26,99.06,154.49047199
2023-04-17 07:45:00,99.24,99.3,99.24,99.28,22.62933799
2023-04-17 07:44:00,99.23,99.45,99.45,99.28,56.27987419
2023-04-17 07:43:00,99.5,99.75,99.72,99.5,81.05880918
2023-04-17 07:42:00,99.58,99.76,99.71,99.59,378.65664128
2023-04-17 07:41:00,99.5,99.77,99.54,99.73,438.41904049
2023-04-17 07:40:00,99.43,99.7,99.6,99.55,487.72789191
2023-04-17 07:39:00,99.3,99.6,99.3,99.55,592.02205334
2023-04-17 07:38:00,99.2,99.3,99.2,99.3,346.45398117
2023-04-17 07:37:00,99.02,99.22,99.02,99.2,198.24155352
2023-04-17 07:36:00,98.87,99.03,98.89,99.03,164.19756756
2023-04-17 07:35:00,98.86,98.95,98.87,98.89,321.65937853
2023-04-17 07:34:00,98.89,98.94,98.92,98.89,27.94435917
2023-04-17 07:33:00,98.71,98.96,98.74,98.9,340.03598592
2023-04-17 07:32:00,98.72,98.84,98.72,98.74,61.35905063
2023-04-17 07:31:00,98.7,98.97,98.97,98.72,656.59375847
2023-04-17 07:30:00,98.87,98.96,98.88,98.96,196.74896984
2023-04-17 07:29:00,98.75,98.92,98.76,98.89,181.1068526
2023-04-17 07:28:00,98.74,98.78,98.74,98.78,4.1413496
2023-04-17 07:27:00,98.69,98.71,98.7,98.7,13.68438243
2023-04-17 07:26:00,98.69,98.79,98.79,98.69,129.03277485
2023-04-17 07:25:00,98.73,98.85,98.77,98.85,104.84083144
2023-04-17 07:24:00,98.76,98.8,98.79,98.77,48.80232234
2023-04-17 07:23:00,98.71,98.83,98.74,98.77,72.13601968
2023-04-17 07:22:00,98.71,98.76,98.75,98.76,38.33392865
2023-04-17 07:21:00,98.79,98.92,98.82,98.79,218.62727225
2023-04-17 07:20:00,98.73,98.83,98.76,98.82,90.40369922
2023-04-17 07:19:00,98.77,98.83,98.79,98.79,77.29815678
2023-04-17 07:18:00,98.77,98.83,98.81,98.82,29.96881759
2023-04-17 07:17:00,98.72,98.81,98.75,98.76,33.21356837
2023-04-17 07:16:00,98.71,98.77,98.73,98.72,17.57334643
2023-04-17 07:15:00,98.65,98.73,98.67,98.71,80.03917962
2023-04-17 07:14:00,98.62,98.66,98.62,98.66,39.69410038
2023-04-17 07:13:00,98.5,98.64,98.5,98.64,130.28997158
2023-04-17 07:12:00,98.51,98.55,98.55,98.54,33.27186096
2023-04-17 07:11:00,98.5,98.57,98.5,98.54,70.55753913
2023-04-17 07:10:00,98.43,98.51,98.47,98.5,19.85398
2023-04-17 07:09:00,98.47,98.52,98.49,98.47,15.90603495
2023-04-17 07:08:00,98.46,98.56,98.56,98.52,56.46318689
2023-04-17 07:07:00,98.56,98.63,98.63,98.61,131.76192917
2023-04-17 07:06:00,98.59,98.66,98.63,98.59,28.81981251
2023-04-17 07:05:00,98.57,98.63,98.57,98.61,22.19402149
2023-04-17 07:04:00,98.46,98.56,98.48,98.56,30.38559181
2023-04-17 07:03:00,98.21,98.4,98.28,98.4,127.33230111
2023-04-17 07:02:00,98.32,98.45,98.45,98.32,134.32618642
2023-04-17 07:01:00,98.52,98.55,98.54,98.53,11.86086722
2023-04-17 07:00:00,98.43,98.54,98.43,98.54,68.04236904
2023-04-17 06:59:00,98.48,98.53,98.51,98.48,5.76515413
2023-04-17 06:58:00,98.44,98.56,98.44,98.52,30.64144088
2023-04-17 06:57:00,98.38,98.41,98.38,98.41,8.2119915
2023-04-17 06:56:00,98.39,98.44,98.42,98.44,37.13721313
2023-04-17 06:55:00,98.39,98.46,98.46,98.41,120.16321862
2023-04-17 06:54:00,98.39,98.48,98.39,98.47,19.92447188
2023-04-17 06:53:00,98.39,98.45,98.44,98.41,61.65726458
2023-04-17 06:52:00,98.46,98.53,98.53,98.48,15.17617877
2023-04-17 06:51:00,98.52,98.63,98.6,98.52,62.11806316
2023-04-17 06:50:00,98.56,98.6,98.56,98.6,26.62393589
2023-04-17 06:49:00,98.58,98.62,98.58,98.62,14.23937376
2023-04-17 06:48:00,98.45,98.52,98.47,98.52,69.79005686
2023-04-17 06:47:00,98.41,98.48,98.41,98.48,102.46433478
2023-04-17 06:46:00,98.44,98.59,98.59,98.44,36.44139553
2023-04-17 06:45:00,98.61,98.67,98.64,98.61,48.62145026
2023-04-17 06:44:00,98.55,98.62,98.55,98.61,74.15533965
2023-04-17 06:43:00,98.49,98.56,98.56,98.53,53.20120119
2023-04-17 06:42:00,98.43,98.56,98.48,98.56,137.47110656
2023-04-17 06:41:00,98.47,98.54,98.54,98.48,132.91900875
2023-04-17 06:40:00,98.54,98.62,98.62,98.54,331.18825995
2023-04-17 06:39:00,98.57,98.63,98.57,98.62,24.73305681
2023-04-17 06:38:00,98.58,98.7,98.64,98.58,17.09926963
2023-04-17 06:37:00,98.52,98.67,98.56,98.67,3.97807161
2023-04-17 06:36:00,98.59,98.64,98.64,98.6,1.51832291
2023-04-17 06:35:00,98.61,98.66,98.63,98.61,0.73162852
2023-04-17 06:34:00,98.59,98.65,98.6,98.64,103.56369579
2023-04-17 06:33:00,98.56,98.65,98.64,98.6,69.89402999
2023-04-17 06:32:00,98.64,98.73,98.73,98.67,83.41469229
2023-04-17 06:31:00,98.75,98.81,98.78,98.75,13.62030806
2023-04-17 06:30:00,98.74,98.84,98.77,98.8,34.29334311
2023-04-17 06:29:00,98.71,98.84,98.74,98.78,37.02030406
2023-04-17 06:28:00,98.72,98.75,98.75,98.74,14.11559791
2023-04-17 06:27:00,98.7,98.75,98.74,98.7,37.24191082
2023-04-17 06:26:00,98.72,98.76,98.76,98.75,22.4023299
2023-04-17 06:25:00,98.75,98.78,98.75,98.76,21.34195654
2023-04-17 06:24:00,98.77,98.82,98.81,98.79,10.42408517
2023-04-17 06:23:00,98.78,98.85,98.85,98.79,7.18779157
2023-04-17 06:22:00,98.78,98.85,98.8,98.82,191.68285881
2023-04-17 06:21:00,98.73,98.78,98.78,98.74,17.28839673
2023-04-17 06:20:00,98.74,98.83,98.75,98.79,49.83417113
2023-04-17 06:19:00,98.75,98.93,98.93,98.75,78.49018738
2023-04-17 06:18:00,98.87,98.9,98.9,98.89,76.08967775
2023-04-17 06:17:00,98.89,98.94,98.93,98.92,79.88933181
2023-04-17 06:16:00,98.94,99.0,98.97,98.96,60.19196949
2023-04-17 06:15:00,98.94,99.06,99.06,98.94,65.8625339
2023-04-17 06:14:00,99.07,99.15,99.15,99.07,28.91219863
2023-04-17 06:13:00,99.01,99.14,99.01,99.14,51.06809859
2023-04-17 06:12:00,98.99,99.04,99.04,98.99,65.24505491
2023-04-17 06:11:00,99.03,99.07,99.06,99.03,37.67963108
2023-04-17 06:10:00,99.04,99.09,99.09,99.05,52.41497228
2023-04-17 06:09:00,99.07,99.12,99.08,99.08,100.96304556
2023-04-17 06:08:00,99.08,99.11,99.11,99.08,60.86317515
2023-04-17 06:07:00,99.11,99.17,99.17,99.13,5.75689699
2023-04-17 06:06:00,99.16,99.19,99.19,99.18,26.98993135
2023-04-17 06:05:00,99.18,99.29,99.29,99.18,237.96183787
2023-04-17 06:04:00,99.28,99.3,99.3,99.28,1732.08578327
2023-04-17 06:03:00,99.29,99.3,99.29,99.29,48.64569897
2023-04-17 06:02:00,99.26,99.3,99.26,99.29,189.85964901
2023-04-17 06:01:00,99.21,99.25,99.21,99.25,32.13377821
2023-04-17 06:00:00,99.22,99.25,99.25,99.23,116.07657158
2023-04-17 05:59:00,99.15,99.23,99.19,99.23,27.41087434
2023-04-17 05:58:00,99.15,99.19,99.15,99.19,1.84532116
2023-04-17 05:57:00,99.05,99.16,99.05,99.16,22.69777223
2023-04-17 05:56:00,99.01,99.06,99.01,99.06,71.80489288
2023-04-17 05:55:00,98.99,99.02,99.01,99.02,7.55837898
2023-04-17 05:54:00,98.96,99.01,98.97,99.01,9.87435851
2023-04-17 05:53:00,98.96,98.99,98.96,98.97,23.84995522
2023-04-17 05:52:00,98.96,98.99,98.99,98.96,9.55619123
2023-04-17 05:51:00,98.94,99.09,99.06,98.98,426.80122755
2023-04-17 05:50:00,99.06,99.08,99.06,99.07,13.84697639
2023-04-17 05:49:00,99.09,99.14,99.14,99.13,9.13296995
2023-04-17 05:48:00,99.09,99.17,99.14,99.12,170.81617537
2023-04-17 05:47:00,99.12,99.16,99.14,99.16,14.67518533
2023-04-17 05:46:00,99.13,99.16,99.16,99.14,19.32142861
2023-04-17 05:45:00,99.08,99.19,99.1,99.18,124.69331168
2023-04-17 05:44:00,99.08,99.1,99.1,99.1,1.84398608
2023-04-17 05:43:00,99.08,99.18,99.18,99.09,89.82736638
2023-04-17 05:42:00,99.16,99.2,99.17,99.19,98.55033402
2023-04-17 15:42:00,99.32,99.51,99.48,99.32,479.60160593
2023-04-17 15:41:00,98.86,99.48,98.86,99.43,495.29604566
2023-04-17 15:40:00,98.81,99.07,99.07,98.88,276.39004854
2023-04-17 15:39:00,98.91,99.1,98.93,99.05,206.6590562
2023-04-17 15:38:00,98.88,99.04,99.0,98.88,152.81910398
2023-04-17 15:37:00,99.03,99.21,99.17,99.06,122.36427046
2023-04-17 15:36:00,99.14,99.29,99.27,99.16,110.88163869
2023-04-17 15:35:00,99.28,99.38,99.33,99.28,86.72921815
2023-04-17 15:34:00,99.29,99.38,99.31,99.35,52.49462921
2023-04-17 15:33:00,99.21,99.35,99.26,99.3,92.10189763
2023-04-17 15:32:00,99.2,99.28,99.21,99.28,93.85604181
2023-04-17 15:31:00,99.13,99.31,99.3,99.2,196.23449574
2023-04-17 15:30:00,99.28,99.41,99.31,99.28,131.52468353
2023-04-17 15:29:00,99.28,99.38,99.29,99.35,79.35802348
2023-04-17 15:28:00,99.28,99.39,99.39,99.28,46.66526545
2023-04-17 15:27:00,99.38,99.46,99.44,99.41,51.28554613
2023-04-17 15:26:00,99.35,99.48,99.35,99.45,167.28401594
2023-04-17 15:25:00,99.28,99.37,99.28,99.35,21.17778374
2023-04-17 15:24:00,99.28,99.37,99.33,99.28,82.81684319
2023-04-17 15:23:00,99.28,99.37,99.31,99.34,42.35127907
2023-04-17 15:22:00,99.24,99.33,99.26,99.29,126.13853016
2023-04-17 15:21:00,99.26,99.43,99.42,99.27,253.26583903
2023-04-17 15:20:00,99.4,99.48,99.42,99.43,167.68463701
2023-04-17 15:19:00,99.37,99.43,99.37,99.4,92.45456556
2023-04-17 15:18:00,99.37,99.51,99.5,99.37,92.69653579
2023-04-17 15:17:00,99.43,99.56,99.46,99.51,316.5470902
2023-04-17 15:16:00,99.39,99.46,99.39,99.46,46.2398999
2023-04-17 15:15:00,99.36,99.42,99.36,99.41,17.07770179
2023-04-17 15:14:00,99.33,99.4,99.37,99.38,31.49693207
2023-04-17 15:13:00,99.33,99.4,99.38,99.34,121.7031265
2023-04-17 15:12:00,99.36,99.44,99.4,99.41,81.70274567
2023-04-17 15:11:00,99.36,99.46,99.37,99.41,56.42417293
2023-04-17 15:10:00,99.35,99.46,99.44,99.35,73.41070989
2023-04-17 15:09:00,99.4,99.5,99.47,99.44,144.08275971
2023-04-17 15:08:00,99.33,99.5,99.33,99.5,83.75625558
2023-04-17 15:07:00,99.31,99.45,99.42,99.32,121.26422219
2023-04-17 15:06:00,99.4,99.5,99.5,99.42,179.62512085
2023-04-17 15:05:00,99.32,99.51,99.39,99.51,77.20620622
2023-04-17 15:04:00,99.34,99.41,99.37,99.39,60.21265866
2023-04-17 15:03:00,99.25,99.39,99.27,99.38,60.48694062
2023-04-17 15:02:00,99.26,99.38,99.33,99.31,87.41458007
2023-04-17 15:01:00,99.35,99.56,99.55,99.35,177.8557843
2023-04-17 15:00:00,99.53,99.62,99.59,99.58,87.53920248
2023-04-17 14:59:00,99.51,99.6,99.54,99.55,448.21975193
2023-04-17 14:58:00,99.46,99.56,99.5,99.53,101.27625377
2023-04-17 14:57:00,99.46,99.55,99.47,99.49,84.80715992
2023-04-17 14:56:00,99.4,99.48,99.4,99.46,13.4025398
2023-04-17 14:55:00,99.37,99.44,99.44,99.42,328.67802975
2023-04-17 14:54:00,99.33,99.48,99.36,99.46,105.75437038
2023-04-17 14:53:00,99.32,99.38,99.37,99.38,28.03512785
2023-04-17 14:52:00,99.29,99.38,99.33,99.36,19.90197397
2023-04-17 14:51:00,99.24,99.39,99.27,99.33,142.00906297
2023-04-17 14:50:00,99.24,99.31,99.31,99.27,262.841436
2023-04-17 14:49:00,99.3,99.36,99.34,99.33,66.32287263
2023-04-17 14:48:00,99.18,99.33,99.18,99.32,264.35820999
2023-04-17 14:47:00,99.05,99.2,99.06,99.19,150.53564876
2023-04-17 14:46:00,98.89,99.07,98.89,99.04,116.35958627
2023-04-17 14:45:00,98.86,98.98,98.98,98.91,112.49985251
2023-04-17 14:44:00,98.88,99.02,98.89,99.0,278.49694393
2023-04-17 14:43:00,98.76,98.89,98.85,98.89,205.1527506
2023-04-17 14:42:00,98.83,99.01,99.01,98.83,267.19365513
2023-04-17 14:41:00,98.98,99.07,99.05,99.02,131.6782932
2023-04-17 14:40:00,99.04,99.14,99.07,99.09,5.86733841
2023-04-17 14:39:00,99.06,99.14,99.12,99.07,86.98672455
2023-04-17 14:38:00,99.05,99.14,99.11,99.1,46.51578168
2023-04-17 14:37:00,99.09,99.14,99.12,99.1,85.28602105
2023-04-17 14:36:00,99.14,99.22,99.22,99.14,3.79309358
2023-04-17 14:35:00,99.19,99.26,99.21,99.25,20.4131789
2023-04-17 14:34:00,99.2,99.27,99.27,99.22,43.03670085
2023-04-17 14:33:00,99.23,99.33,99.32,99.23,126.29547332
2023-04-17 14:32:00,99.3,99.44,99.3,99.38,24.10443931
2023-04-17 14:31:00,99.26,99.45,99.39,99.27,149.41871611
2023-04-17 14:30:00,99.22,99.41,99.24,99.39,129.76774491
2023-04-17 14:29:00,99.24,99.42,99.42,99.24,139.14464794
2023-04-17 14:28:00,99.34,99.43,99.38,99.43,72.08163766
2023-04-17 14:27:00,99.38,99.45,99.43,99.38,124.58464601
2023-04-17 14:26:00,99.42,99.48,99.42,99.43,43.07770847
2023-04-17 14:25:00,99.39,99.46,99.42,99.44,15.43653186
2023-04-17 14:24:00,99.4,99.56,99.52,99.5,81.47819627
2023-04-17 14:23:00,99.51,99.56,99.51,99.52,57.04758227
2023-04-17 14:22:00,99.38,99.45,99.38,99.4,28.36566067
2023-04-17 14:21:00,99.29,99.44,99.34,99.37,198.02755443
2023-04-17 14:20:00,99.22,99.35,99.25,99.34,71.87794052
2023-04-17 14:19:00,99.27,99.38,99.33,99.27,53.63401144
2023-04-17 14:18:00,99.25,99.33,99.28,99.33,82.65917486
2023-04-17 14:17:00,99.27,99.35,99.35,99.29,2.11189137
2023-04-17 14:16:00,99.31,99.38,99.37,99.35,14.06357119
2023-04-17 14:15:00,99.3,99.4,99.3,99.32,364.43082882
2023-04-17 14:14:00,99.27,99.4,99.37,99.3,197.11608229
2023-04-17 14:13:00,99.37,99.6,99.56,99.39,710.22456756
2023-04-17 14:12:00,99.47,99.54,99.49,99.53,736.48580497
2023-04-17 14:11:00,99.39,99.5,99.39,99.5,907.93088471
2023-04-17 14:10:00,99.3,99.42,99.3,99.4,101.91355613
2023-04-17 14:09:00,99.14,99.28,99.14,99.28,399.56953758
2023-04-17 14:08:00,99.14,99.23,99.23,99.14,439.34852109
2023-04-17 14:07:00,99.2,99.29,99.23,99.23,31.67991568
2023-04-17 14:06:00,99.18,99.27,99.23,99.21,83.38438927
2023-04-17 14:05:00,99.14,99.31,99.14,99.26,112.2670747
2023-04-17 14:04:00,98.98,99.16,99.16,99.11,226.89797948
2023-04-17 14:03:00,99.16,99.24,99.23,99.16,78.99010208
2023-04-17 14:02:00,99.22,99.3,99.23,99.24,153.7526076
2023-04-17 14:01:00,99.11,99.24,99.11,99.22,541.82035157
2023-04-17 14:00:00,98.98,99.17,99.0,99.11,257.33556694
2023-04-17 13:59:00,98.98,99.06,99.06,99.02,78.34013024
2023-04-17 13:58:00,99.06,99.18,99.18,99.08,122.57286665
2023-04-17 13:57:00,98.99,99.2,99.09,99.17,459.09511587
2023-04-17 13:56:00,99.0,99.14,99.02,99.06,42.83903776
2023-04-17 13:55:00,99.06,99.17,99.1,99.06,25.45243645
2023-04-17 13:54:00,99.07,99.25,99.2,99.14,144.20033387
2023-04-17 13:53:00,99.13,99.22,99.19,99.18,170.99288167
2023-04-17 13:52:00,99.2,99.39,99.35,99.22,323.65239771
2023-04-17 13:51:00,99.08,99.45,99.08,99.34,519.93991457
2023-04-17 13:50:00,98.91,99.07,98.95,99.07,63.25080274
2023-04-17 13:49:00,98.78,98.96,98.78,98.96,160.34425666
2023-04-17 13:48:00,98.61,98.77,98.61,98.73,227.09547959
2023-04-17 13:47:00,98.57,98.7,98.7,98.64,40.73434323
2023-04-17 13:46:00,98.62,98.74,98.72,98.68,79.79533131
2023-04-17 13:45:00,98.73,98.9,98.88,98.73,140.91203469
2023-04-17 13:44:00,98.87,98.94,98.92,98.87,31.09048263
2023-04-17 13:43:00,98.88,98.94,98.92,98.93,4.85819556
2023-04-17 13:42:00,98.84,98.94,98.84,98.93,142.76138833
2023-04-17 13:41:00,98.85,98.94,98.9,98.85,27.12994491
2023-04-17 13:40:00,98.8,98.92,98.82,98.9,103.54954787
2023-04-17 13:39:00,98.77,98.86,98.82,98.84,66.51067696
2023-04-17 13:38:00,98.76,98.86,98.85,98.82,290.61482974
2023-04-17 13:37:00,98.8,98.84,98.8,98.83,52.00774402
2023-04-17 13:36:00,98.73,98.84,98.74,98.79,130.36392348
2023-04-17 13:35:00,98.62,98.84,98.68,98.74,501.63754093
2023-04-17 13:34:00,98.53,98.69,98.56,98.69,70.69700687
2023-04-17 13:33:00,98.43,98.51,98.43,98.47,57.63537475
2023-04-17 13:32:00,98.32,98.46,98.37,98.45,109.563619
2023-04-17 13:31:00,98.31,98.49,98.33,98.36,166.271472
2023-04-17 13:30:00,98.03,98.45,98.29,98.43,298.01414008
2023-04-17 13:29:00,98.28,98.44,98.42,98.28,106.54472779
2023-04-17 13:28:00,98.35,98.4,98.35,98.38,21.29368869
2023-04-17 13:27:00,98.22,98.33,98.3,98.29,67.67156933
2023-04-17 13:26:00,98.28,98.39,98.35,98.37,101.77528664
2023-04-17 13:25:00,98.21,98.39,98.21,98.39,164.68881138
2023-04-17 13:24:00,98.18,98.49,98.49,98.19,208.92662727
2023-04-17 13:23:00,98.5,98.69,98.65,98.5,133.4606872
2023-04-17 13:22:00,98.55,98.66,98.55,98.64,18.11249462
2023-04-17 13:21:00,98.54,98.61,98.54,98.58,10.07485435
2023-04-17 13:20:00,98.51,98.66,98.65,98.58,262.64630351
2023-04-17 13:19:00,98.65,98.82,98.79,98.69,30.7989233
2023-04-17 13:18:00,98.48,98.86,98.51,98.79,223.74243097
2023-04-17 13:17:00,98.43,98.66,98.66,98.5,307.87828249
2023-04-17 13:16:00,98.59,98.74,98.59,98.72,405.49177965
2023-04-17 13:15:00,98.48,98.6,98.58,98.6,82.48540874
2023-04-17 13:14:00,98.46,98.6,98.6,98.57,199.38817164
2023-04-17 13:13:00,98.54,98.59,98.57,98.56,17.36863554
2023-04-17 13:12:00,98.55,98.67,98.67,98.57,46.31269061
2023-04-17 13:11:00,98.67,98.81,98.78,98.72,58.71200809
2023-04-17 13:10:00,98.8,98.85,98.83,98.8,11.36919415
2023-04-17 13:09:00,98.82,98.86,98.83,98.83,36.91956206
2023-04-17 13:08:00,98.79,98.86,98.79,98.82,11.49234033
2023-04-17 13:07:00,98.74,98.82,98.77,98.82,124.11302947
2023-04-17 13:06:00,98.73,98.8,98.78,98.76,150.3895109
2023-04-17 13:05:00,98.78,98.82,98.82,98.81,16.95301364
2023-04-17 13:04:00,98.76,98.91,98.91,98.84,148.89379916
2023-04-17 13:03:00,98.87,98.94,98.94,98.88,73.644704
2023-04-17 13:02:00,98.92,98.94,98.93,98.94,16.33858104
2023-04-17 13:01:00,98.91,98.98,98.95,98.94,41.96229802
2023-04-17 13:00:00,98.93,99.0,98.95,98.99,54.41262645
2023-04-17 12:59:00,98.95,99.02,98.96,98.95,129.29751211
2023-04-17 12:58:00,98.91,98.97,98.94,98.92,53.79670137
2023-04-17 12:57:00,98.91,98.98,98.94,98.94,32.08526736
2023-04-17 12:56:00,98.92,98.98,98.95,98.94,70.56481235
2023-04-17 12:55:00,98.94,98.99,98.97,98.94,19.82088385
2023-04-17 12:54:00,98.92,99.0,98.98,98.97,92.00864033
2023-04-17 12:53:00,98.95,98.99,98.96,98.95,83.44881049
2023-04-17 12:52:00,98.91,98.96,98.91,98.96,17.39606521
2023-04-17 12:51:00,98.9,98.97,98.95,98.97,6.23469211
2023-04-17 12:50:00,98.92,98.99,98.95,98.95,104.59318904
2023-04-17 12:49:00,98.9,98.96,98.9,98.95,72.0328935
2023-04-17 12:48:00,98.86,98.97,98.87,98.92,64.18901579
2023-04-17 12:47:00,98.85,98.98,98.93,98.85,53.01058048
2023-04-17 12:46:00,98.84,98.95,98.9,98.94,40.02796963
2023-04-17 12:45:00,98.89,99.0,99.0,98.89,127.53070393
2023-04-17 12:44:00,98.95,99.05,98.95,99.0,168.86100612
2023-04-17 12:43:00,98.9,98.97,98.92,98.97,75.53072739
2023-04-17 12:42:00,98.86,98.95,98.9,98.92,21.38400711
2023-04-17 12:41:00,98.85,98.9,98.89,98.87,72.55409855
2023-04-17 12:40:00,98.9,98.96,98.94,98.9,71.56346492
2023-04-17 12:39:00,98.88,98.96,98.88,98.96,15.76618275
2023-04-17 12:38:00,98.82,98.88,98.83,98.88,128.98698053
2023-04-17 12:37:00,98.75,98.84,98.76,98.84,109.95830366
2023-04-17 12:36:00,98.61,98.77,98.64,98.77,104.87759705
2023-04-17 12:35:00,98.65,98.81,98.76,98.65,37.28674612
2023-04-17 12:34:00,98.7,98.83,98.72,98.78,161.4568601
2023-04-17 12:33:00,98.63,98.69,98.65,98.68,117.30321289
2023-04-17 12:32:00,98.58,98.64,98.62,98.61,110.84733867
2023-04-17 12:31:00,98.56,98.7,98.69,98.61,80.19049613
2023-04-17 12:30:00,98.67,98.83,98.83,98.67,265.25346446
2023-04-17 12:29:00,98.78,98.86,98.84,98.86,57.05940032
2023-04-17 12:28:00,98.82,98.9,98.85,98.86,174.39080437
2023-04-17 12:27:00,98.75,98.83,98.77,98.83,53.29593538
2023-04-17 12:26:00,98.67,98.8,98.67,98.79,42.8934875
2023-04-17 12:25:00,98.58,98.66,98.58,98.66,47.2553913
2023-04-17 12:24:00,98.58,98.61,98.58,98.6,32.54850308
2023-04-17 12:23:00,98.56,98.61,98.56,98.58,184.75065805
2023-04-17 12:22:00,98.52,98.57,98.53,98.56,25.12703279
2023-04-17 12:21:00,98.41,98.53,98.48,98.53,573.57695867
2023-04-17 12:20:00,98.34,98.5,98.35,98.49,253.4008371
2023-04-17 12:19:00,98.3,98.37,98.3,98.35,208.68317383
2023-04-17 12:18:00,98.28,98.35,98.35,98.3,318.19820092
2023-04-17 12:17:00,98.34,98.42,98.42,98.35,14.85836109
2023-04-17 12:16:00,98.39,98.49,98.49,98.39,245.58998788
2023-04-17 12:15:00,98.43,98.5,98.43,98.49,89.81638981
2023-04-17 12:14:00,98.34,98.44,98.37,98.44,228.22262227
2023-04-17 12:13:00,98.32,98.4,98.33,98.35,215.12377659
2023-04-17 12:12:00,98.33,98.38,98.33,98.37,113.99083899
2023-04-17 12:11:00,98.31,98.42,98.41,98.32,155.67975641
2023-04-17 12:10:00,98.24,98.43,98.26,98.4,230.68165151
2023-04-17 12:09:00,98.21,98.27,98.24,98.25,128.43275642
2023-04-17 12:08:00,98.2,98.28,98.28,98.25,113.79830177
2023-04-17 12:07:00,98.21,98.29,98.27,98.24,344.64784198
2023-04-17 12:06:00,98.23,98.31,98.31,98.28,55.22219387
2023-04-17 12:05:00,98.22,98.42,98.42,98.3,346.12943371
2023-04-17 12:04:00,98.36,98.47,98.46,98.4,22.19860464
2023-04-17 12:03:00,98.37,98.48,98.47,98.43,714.43879724
2023-04-17 12:02:00,98.48,98.58,98.57,98.48,164.99596349
2023-04-17 12:01:00,98.46,98.53,98.46,98.49,43.02675962
2023-04-17 12:00:00,98.4,98.47,98.4,98.44,35.92757299
2023-04-17 11:59:00,98.4,98.5,98.49,98.43,75.51567879
2023-04-17 11:58:00,98.4,98.52,98.4,98.5,51.92691837
2023-04-17 11:57:00,98.38,98.5,98.42,98.38,349.84664054
2023-04-17 11:56:00,98.39,98.49,98.49,98.43,126.7333155
2023-04-17 11:55:00,98.4,98.54,98.52,98.49,164.18768422
2023-04-17 11:54:00,98.37,98.53,98.37,98.52,59.21522566
2023-04-17 11:53:00,98.23,98.33,98.23,98.33,21.56375759
2023-04-17 11:52:00,98.23,98.28,98.27,98.27,12.49554273
2023-04-17 11:51:00,98.14,98.25,98.14,98.25,70.19902587
2023-04-17 11:50:00,98.06,98.14,98.1,98.14,84.42817195
2023-04-17 11:49:00,98.06,98.11,98.1,98.08,39.08218561
2023-04-17 11:48:00,98.02,98.24,98.24,98.12,589.83828768
2023-04-17 11:47:00,97.96,98.23,97.98,98.2,76.85272083
2023-04-17 11:46:00,97.91,98.02,97.98,97.97,105.64898701
2023-04-17 11:45:00,98.0,98.16,98.14,98.01,360.61007118
2023-04-17 11:44:00,97.99,98.18,98.1,98.18,589.17388448
2023-04-17 11:43:00,98.08,98.19,98.08,98.11,50.44329897
2023-04-17 11:42:00,97.96,98.07,97.96,98.07,33.25685003
2023-04-17 11:41:00,97.95,98.13,98.06,97.95,125.96081039
2023-04-17 11:40:00,98.0,98.26,98.26,98.04,229.90562443
2023-04-17 11:39:00,98.19,98.37,98.2,98.28,182.08602581
2023-04-17 11:38:00,98.22,98.45,98.45,98.22,190.65697903
2023-04-17 11:37:00,98.36,98.49,98.36,98.45,381.70606747
2023-04-17 11:36:00,98.05,98.31,98.05,98.3,373.2595384
2023-04-17 11:35:00,97.8,98.4,98.19,98.05,888.62062458
2023-04-17 11:34:00,97.93,98.63,98.63,98.12,1390.89384474
2023-04-17 11:33:00,98.6,98.67,98.67,98.65,10.32449554
2023-04-17 11:32:00,98.58,98.68,98.66,98.63,46.58064752
2023-04-17 11:31:00,98.55,98.68,98.56,98.66,7.44546442
2023-04-17 11:30:00,98.44,98.53,98.46,98.52,42.27646329
2023-04-17 11:29:00,98.38,98.52,98.4,98.47,43.91365013
2023-04-17 11:28:00,98.34,98.45,98.43,98.43,40.14924374
2023-04-17 11:27:00,98.43,98.61,98.61,98.43,63.50552265
2023-04-17 11:26:00,98.55,98.7,98.67,98.55,90.9447939
2023-04-17 11:25:00,98.67,98.7,98.67,98.7,26.93822907
2023-04-17 11:24:00,98.65,98.77,98.77,98.65,18.49435071
2023-04-17 11:23:00,98.73,98.89,98.89,98.73,68.39585117
2023-04-17 11:22:00,98.78,98.84,98.79,98.83,20.38092185
2023-04-17 11:21:00,98.78,98.79,98.79,98.79,2.29143222
2023-04-17 11:20:00,98.71,98.76,98.74,98.75,14.86300515
2023-04-17 11:19:00,98.66,98.74,98.73,98.74,29.15671945
2023-04-17 11:18:00,98.7,98.76,98.76,98.7,13.72672801
2023-04-17 11:17:00,98.73,98.79,98.75,98.73,52.5225805
2023-04-17 11:16:00,98.79,98.86,98.86,98.79,63.31896675
2023-04-17 11:15:00,98.84,98.91,98.91,98.85,9.20495214
2023-04-17 11:14:00,98.91,98.94,98.91,98.94,6.712898
2023-04-17 11:13:00,98.83,98.9,98.86,98.9,21.22535641
2023-04-17 11:12:00,98.85,98.93,98.87,98.85,51.95073755
2023-04-17 11:11:00,98.9,98.97,98.97,98.9,22.98724588
2023-04-17 11:10:00,98.91,98.98,98.95,98.98,7.11601663
2023-04-17 11:09:00,98.92,98.96,98.93,98.96,63.44481156
2023-04-17 11:08:00,98.85,98.92,98.9,98.9,33.02431809
2023-04-17 11:07:00,98.9,98.96,98.96,98.9,10.914122
2023-04-17 11:06:00,98.89,98.97,98.95,98.95,207.23671322
2023-04-17 11:05:00,98.92,98.99,98.94,98.97,6.4806477
2023-04-17 11:04:00,98.94,98.99,98.96,98.94,27.79913291
2023-04-17 11:03:00,98.92,98.98,98.97,98.92,23.68091102
2023-04-17 11:02:00,98.94,99.07,99.07,98.97,128.34360139
2023-04-17 11:01:00,99.03,99.14,99.14,99.05,251.5400205
2023-04-17 11:00:00,99.17,99.19,99.18,99.17,28.66525666
2023-04-17 10:59:00,99.15,99.2,99.18,99.16,39.06669013
2023-04-17 10:58:00,99.16,99.19,99.19,99.16,2.20280182
2023-04-17 10:57:00,99.17,99.19,99.17,99.17,36.36172666
2023-04-17 10:56:00,99.12,99.17,99.14,99.14,39.81968514
2023-04-17 10:55:00,99.08,99.13,99.08,99.11,4.20191474
2023-04-17 10:54:00,99.06,99.16,99.06,99.11,102.22883141
2023-04-17 10:53:00,98.99,99.08,98.99,99.08,44.53953855
2023-04-17 10:52:00,99.01,99.04,99.01,99.02,14.18380456
2023-04-17 10:51:00,98.97,99.05,98.97,98.97,97.47851978
2023-04-17 10:50:00,98.97,99.02,98.99,98.99,1.78316462
2023-04-17 10:49:00,98.96,99.01,98.96,98.99,3.82609947
2023-04-17 10:48:00,98.9,98.94,98.9,98.94,28.27725395
2023-04-17 10:47:00,98.85,98.91,98.9,98.91,211.23133565
2023-04-17 10:46:00,98.82,98.87,98.82,98.87,19.99575483
2023-04-17 10:45:00,98.81,98.89,98.89,98.84,90.10076437
2023-04-17 10:44:00,98.87,98.91,98.87,98.89,17.94319482
2023-04-17 10:43:00,98.85,98.92,98.9,98.92,25.71476243
2023-04-17 10:42:00,98.87,98.9,98.89,98.88,0.92405298
2023-04-17 20:42:00,98.49,98.53,98.52,98.51,62.6301232
2023-04-17 20:41:00,98.49,98.56,98.55,98.52,16.24145811
2023-04-17 20:40:00,98.52,98.57,98.54,98.55,38.56363845
2023-04-17 20:39:00,98.5,98.55,98.52,98.54,4.89862649
2023-04-17 20:38:00,98.52,98.62,98.58,98.52,75.63082448
2023-04-17 20:37:00,98.52,98.59,98.56,98.59,41.20951279
2023-04-17 20:36:00,98.53,98.59,98.54,98.56,138.15446471
2023-04-17 20:35:00,98.53,98.56,98.56,98.54,25.36314697
2023-04-17 20:34:00,98.54,98.59,98.59,98.55,84.8578739
2023-04-17 20:33:00,98.59,98.63,98.59,98.61,46.5180405
2023-04-17 20:32:00,98.58,98.65,98.65,98.62,41.14099273
2023-04-17 20:31:00,98.6,98.68,98.66,98.64,421.48297474
2023-04-17 20:30:00,98.66,98.71,98.7,98.66,23.98253188
2023-04-17 20:29:00,98.61,98.7,98.62,98.7,224.25504839
2023-04-17 20:28:00,98.6,98.64,98.64,98.64,51.59032328
2023-04-17 20:27:00,98.59,98.65,98.65,98.62,135.30322525
2023-04-17 20:26:00,98.64,98.71,98.71,98.65,139.15716433
2023-04-17 20:25:00,98.72,98.77,98.77,98.72,42.98302329
2023-04-17 20:24:00,98.75,98.78,98.77,98.77,10.47963916
2023-04-17 20:23:00,98.73,98.78,98.73,98.77,63.67584909
2023-04-17 20:22:00,98.71,98.75,98.75,98.73,92.06974084
2023-04-17 20:21:00,98.74,98.78,98.78,98.76,21.18311252
2023-04-17 20:20:00,98.77,98.79,98.78,98.78,21.0000433
2023-04-17 20:19:00,98.78,98.8,98.78,98.8,14.65159597
2023-04-17 20:18:00,98.75,98.78,98.78,98.78,31.22244186
2023-04-17 20:17:00,98.78,98.88,98.86,98.78,112.63426324
2023-04-17 20:16:00,98.83,98.9,98.84,98.9,44.77963495
2023-04-17 20:15:00,98.8,98.86,98.82,98.84,160.67248558
2023-04-17 20:14:00,98.82,98.87,98.85,98.82,5.9117688
2023-04-17 20:13:00,98.85,98.92,98.91,98.85,89.41131363
2023-04-17 20:12:00,98.82,98.92,98.83,98.91,45.9755469
2023-04-17 20:11:00,98.81,98.87,98.86,98.87,41.72368613
2023-04-17 20:10:00,98.86,98.88,98.88,98.88,12.34808528
2023-04-17 20:09:00,98.86,98.94,98.94,98.91,28.59960874
2023-04-17 20:08:00,98.91,98.97,98.97,98.94,107.52931194
2023-04-17 20:07:00,98.92,98.99,98.94,98.97,37.52955338
2023-04-17 20:06:00,98.93,98.96,98.94,98.95,39.62318036
2023-04-17 20:05:00,98.94,98.98,98.94,98.94,38.97026493
2023-04-17 20:04:00,98.95,98.97,98.95,98.97,27.06620909
2023-04-17 20:03:00,98.94,98.97,98.96,98.94,20.18987443
2023-04-17 20:02:00,98.94,98.98,98.95,98.94,32.1066359
2023-04-17 20:01:00,98.9,98.97,98.92,98.94,41.12118859
2023-04-17 20:00:00,98.9,98.96,98.93,98.9,60.2275861
2023-04-17 19:59:00,98.91,98.93,98.91,98.92,24.35299684
2023-04-17 19:58:00,98.87,98.91,98.87,98.89,17.34627214
2023-04-17 19:57:00,98.84,98.89,98.86,98.88,13.21714547
2023-04-17 19:56:00,98.81,98.87,98.86,98.85,36.80076418
2023-04-17 19:55:00,98.89,98.93,98.93,98.92,56.01198554
2023-04-17 19:54:00,98.92,98.97,98.97,98.93,85.09477325
2023-04-17 19:53:00,98.93,98.98,98.94,98.95,17.29986456
2023-04-17 19:52:00,98.9,98.98,98.93,98.92,70.98399975
2023-04-17 19:51:00,98.93,99.0,98.97,98.93,94.18284401
2023-04-17 19:50:00,98.91,99.0,98.91,98.99,48.29733116
2023-04-17 19:49:00,98.87,98.93,98.88,98.93,20.70133664
2023-04-17 19:48:00,98.78,98.86,98.79,98.86,28.5888042
2023-04-17 19:47:00,98.71,98.77,98.73,98.76,20.13599011
2023-04-17 19:46:00,98.64,98.8,98.8,98.73,58.46931329
2023-04-17 19:45:00,98.78,98.84,98.81,98.78,40.50512389
2023-04-17 19:44:00,98.8,98.84,98.8,98.81,16.0412353
2023-04-17 19:43:00,98.8,98.84,98.84,98.81,68.39236376
2023-04-17 19:42:00,98.82,98.87,98.82,98.85,40.23376442
2023-04-17 19:41:00,98.75,98.84,98.79,98.81,73.64677346
2023-04-17 19:40:00,98.76,98.87,98.82,98.85,304.56087989
2023-04-17 19:39:00,98.79,98.88,98.88,98.81,40.58576229
2023-04-17 19:38:00,98.84,98.92,98.91,98.88,112.43107004
2023-04-17 19:37:00,98.83,98.91,98.84,98.89,47.91487517
2023-04-17 19:36:00,98.84,98.94,98.88,98.84,37.76373081
2023-04-17 19:35:00,98.83,98.89,98.84,98.87,52.69698197
2023-04-17 19:34:00,98.83,98.9,98.88,98.84,79.6090561
2023-04-17 19:33:00,98.88,99.03,99.0,98.88,57.34323519
2023-04-17 19:32:00,99.0,99.09,99.06,99.0,29.60496161
2023-04-17 19:31:00,98.98,99.07,98.98,99.04,27.31323718
2023-04-17 19:30:00,98.96,99.01,99.01,98.99,61.41958357
2023-04-17 19:29:00,99.0,99.07,99.05,99.0,20.54791084
2023-04-17 19:28:00,99.0,99.08,99.03,99.08,27.16176181
2023-04-17 19:27:00,99.02,99.11,99.1,99.05,61.94240555
2023-04-17 19:26:00,99.04,99.15,99.11,99.07,125.13679578
2023-04-17 19:25:00,99.1,99.16,99.15,99.11,37.92882868
2023-04-17 19:24:00,99.12,99.21,99.14,99.15,43.9817826
2023-04-17 19:23:00,99.14,99.21,99.17,99.14,53.91766149
2023-04-17 19:22:00,99.16,99.22,99.19,99.19,34.6835052
2023-04-17 19:21:00,99.12,99.22,99.13,99.22,46.96570899
2023-04-17 19:20:00,99.01,99.15,99.02,99.15,157.73497867
2023-04-17 19:19:00,98.98,99.05,98.98,99.02,16.76499404
2023-04-17 19:18:00,98.98,99.03,98.99,98.99,42.39989184
2023-04-17 19:17:00,98.98,99.03,99.01,99.01,22.21800183
2023-04-17 19:16:00,98.96,99.03,98.97,99.02,24.02527875
2023-04-17 19:15:00,98.96,99.02,99.0,98.97,59.77820376
2023-04-17 19:14:00,99.02,99.07,99.05,99.02,44.58292175
2023-04-17 19:13:00,99.02,99.11,99.09,99.05,57.00259754
2023-04-17 19:12:00,99.05,99.11,99.06,99.1,28.97234358
2023-04-17 19:11:00,99.06,99.11,99.09,99.06,32.78636619
2023-04-17 19:10:00,99.09,99.16,99.14,99.09,40.22928479
2023-04-17 19:09:00,99.13,99.2,99.15,99.14,52.83066043
2023-04-17 19:08:00,99.12,99.18,99.16,99.16,38.66460117
2023-04-17 19:07:00,99.14,99.21,99.14,99.15,48.19490111
2023-04-17 19:06:00,99.08,99.17,99.08,99.14,31.70327508
2023-04-17 19:05:00,99.07,99.14,99.11,99.09,74.73561091
2023-04-17 19:04:00,99.04,99.14,99.07,99.14,100.04448964
2023-04-17 19:03:00,99.08,99.14,99.08,99.08,83.27699605
2023-04-17 19:02:00,99.05,99.14,99.06,99.08,191.12313407
2023-04-17 19:01:00,99.0,99.1,99.02,99.08,34.75841999
2023-04-17 19:00:00,98.98,99.13,99.12,99.0,78.96744965
2023-04-17 18:59:00,99.09,99.16,99.09,99.13,27.23264177
2023-04-17 18:58:00,99.1,99.2,99.16,99.12,64.40657702
2023-04-17 18:57:00,99.11,99.18,99.11,99.16,42.46124819
2023-04-17 18:56:00,99.06,99.11,99.06,99.11,44.37099181
2023-04-17 18:55:00,99.0,99.09,99.03,99.06,116.33588676
2023-04-17 18:54:00,98.94,99.04,98.97,99.04,240.87884387
2023-04-17 18:53:00,98.93,99.0,98.93,98.97,39.46642296
2023-04-17 18:52:00,98.89,98.98,98.89,98.93,44.89741057
2023-04-17 18:51:00,98.88,98.97,98.95,98.89,37.22837538
2023-04-17 18:50:00,98.86,98.98,98.89,98.95,78.59394564
2023-04-17 18:49:00,98.87,98.92,98.9,98.87,37.61011678
2023-04-17 18:48:00,98.82,98.95,98.82,98.9,160.06867193
2023-04-17 18:47:00,98.77,98.84,98.84,98.81,134.48859599
2023-04-17 18:46:00,98.8,98.86,98.82,98.86,220.25166561
2023-04-17 18:45:00,98.7,98.79,98.72,98.78,80.12617564
2023-04-17 18:44:00,98.71,98.79,98.79,98.75,78.55916108
2023-04-17 18:43:00,98.76,98.82,98.82,98.79,23.31120489
2023-04-17 18:42:00,98.81,98.86,98.85,98.83,108.74639653
2023-04-17 18:41:00,98.76,98.89,98.76,98.89,145.92058698
2023-04-17 18:40:00,98.73,98.83,98.8,98.77,56.91391781
2023-04-17 18:39:00,98.8,98.84,98.83,98.82,60.53016105
2023-04-17 18:38:00,98.83,98.86,98.86,98.85,71.53626447
2023-04-17 18:37:00,98.83,98.89,98.84,98.86,94.48528848
2023-04-17 18:36:00,98.77,98.86,98.77,98.84,47.9204788
2023-04-17 18:35:00,98.75,98.81,98.81,98.75,13.72663195
2023-04-17 18:34:00,98.8,98.84,98.82,98.83,4.94408435
2023-04-17 18:33:00,98.81,98.86,98.86,98.81,32.15529414
2023-04-17 18:32:00,98.85,98.94,98.94,98.85,29.54950697
2023-04-17 18:31:00,98.83,98.89,98.87,98.83,23.39113842
2023-04-17 18:30:00,98.85,98.93,98.92,98.88,80.60712209
2023-04-17 18:29:00,98.92,98.96,98.92,98.94,18.41809804
2023-04-17 18:28:00,98.84,98.94,98.88,98.91,144.37314643
2023-04-17 18:27:00,98.85,98.88,98.86,98.88,7.45205189
2023-04-17 18:26:00,98.77,98.86,98.8,98.86,114.26350859
2023-04-17 18:25:00,98.75,98.79,98.78,98.78,110.7266986
2023-04-17 18:24:00,98.73,98.78,98.77,98.78,60.61725884
2023-04-17 18:23:00,98.75,98.84,98.84,98.76,64.43376332
2023-04-17 18:22:00,98.83,98.86,98.83,98.86,13.0286681
2023-04-17 18:21:00,98.83,98.88,98.87,98.84,24.49280944
2023-04-17 18:20:00,98.84,98.88,98.84,98.87,51.11283746
2023-04-17 18:19:00,98.75,98.87,98.8,98.85,29.6354295
2023-04-17 18:18:00,98.73,98.8,98.77,98.8,11.35250999
2023-04-17 18:17:00,98.76,98.81,98.81,98.76,190.52865623
2023-04-17 18:16:00,98.77,98.82,98.77,98.81,39.05904435
2023-04-17 18:15:00,98.68,98.76,98.7,98.73,16.3154739
2023-04-17 18:14:00,98.68,98.82,98.79,98.7,131.58967736
2023-04-17 18:13:00,98.69,98.8,98.7,98.8,39.70343773
2023-04-17 18:12:00,98.66,98.71,98.68,98.7,39.57004942
2023-04-17 18:11:00,98.66,98.72,98.7,98.72,22.8110574
2023-04-17 18:10:00,98.63,98.72,98.63,98.72,56.09805373
2023-04-17 18:09:00,98.56,98.65,98.56,98.65,25.27677408
2023-04-17 18:08:00,98.45,98.62,98.5,98.55,273.21220545
2023-04-17 18:07:00,98.43,98.5,98.43,98.5,33.11268468
2023-04-17 18:06:00,98.4,98.45,98.41,98.43,14.99762592
2023-04-17 18:05:00,98.37,98.44,98.41,98.41,34.97472045
2023-04-17 18:04:00,98.37,98.43,98.42,98.4,46.96609031
2023-04-17 18:03:00,98.36,98.44,98.37,98.38,62.01840262
2023-04-17 18:02:00,98.37,98.46,98.46,98.38,285.94630013
2023-04-17 18:01:00,98.39,98.49,98.41,98.47,38.48364807
2023-04-17 18:00:00,98.38,98.46,98.45,98.39,42.31292481
2023-04-17 17:59:00,98.43,98.49,98.44,98.43,24.76597508
2023-04-17 17:58:00,98.43,98.49,98.45,98.45,45.73171046
2023-04-17 17:57:00,98.41,98.47,98.41,98.45,47.05262416
2023-04-17 17:56:00,98.36,98.43,98.39,98.42,45.63057944
2023-04-17 17:55:00,98.34,98.4,98.35,98.36,75.34651957
2023-04-17 17:54:00,98.35,98.4,98.4,98.36,136.16298043
2023-04-17 17:53:00,98.38,98.46,98.4,98.41,30.99305006
2023-04-17 17:52:00,98.41,98.5,98.47,98.44,54.23663324
2023-04-17 17:51:00,98.48,98.58,98.54,98.49,50.24152014
2023-04-17 17:50:00,98.49,98.59,98.58,98.49,54.43687012
2023-04-17 17:49:00,98.56,98.62,98.58,98.59,21.56485633
2023-04-17 17:48:00,98.49,98.58,98.49,98.58,98.22686388
2023-04-17 17:47:00,98.46,98.51,98.47,98.49,116.79509689
2023-04-17 17:46:00,98.44,98.53,98.44,98.5,957.29536669
2023-04-17 17:45:00,98.38,98.45,98.4,98.45,50.35580872
2023-04-17 17:44:00,98.4,98.45,98.45,98.41,66.92054861
2023-04-17 17:43:00,98.42,98.53,98.43,98.48,159.23305934
2023-04-17 17:42:00,98.41,98.53,98.45,98.43,11.1494955
2023-04-17 17:41:00,98.42,98.51,98.51,98.42,245.04642781
2023-04-17 17:40:00,98.51,98.56,98.53,98.52,10.76452138
2023-04-17 17:39:00,98.54,98.64,98.62,98.56,53.96126092
2023-04-17 17:38:00,98.58,98.67,98.61,98.62,47.53136896
2023-04-17 17:37:00,98.55,98.63,98.55,98.61,25.59259674
2023-04-17 17:36:00,98.53,98.62,98.59,98.54,41.78937819
2023-04-17 17:35:00,98.59,98.65,98.63,98.59,139.05396213
2023-04-17 17:34:00,98.63,98.68,98.63,98.63,50.06527229
2023-04-17 17:33:00,98.55,98.66,98.63,98.63,50.82098732
2023-04-17 17:32:00,98.58,98.67,98.67,98.61,53.39214856
2023-04-17 17:31:00,98.63,98.69,98.65,98.66,33.69021624
2023-04-17 17:30:00,98.54,98.64,98.56,98.64,75.70203624
2023-04-17 17:29:00,98.51,98.6,98.58,98.55,92.86854853
2023-04-17 17:28:00,98.57,98.62,98.62,98.57,100.67050748
2023-04-17 17:27:00,98.58,98.65,98.6,98.59,99.36439978
2023-04-17 17:26:00,98.6,98.69,98.62,98.6,36.03697665
2023-04-17 17:25:00,98.59,98.68,98.65,98.59,48.63740663
2023-04-17 17:24:00,98.63,98.7,98.7,98.63,50.11503164
2023-04-17 17:23:00,98.63,98.74,98.63,98.67,88.51490766
2023-04-17 17:22:00,98.6,98.66,98.66,98.63,51.76239479
2023-04-17 17:21:00,98.66,98.75,98.73,98.66,106.96829601
2023-04-17 17:20:00,98.73,98.8,98.78,98.73,57.14383558
2023-04-17 17:19:00,98.76,98.82,98.81,98.78,42.53082026
2023-04-17 17:18:00,98.81,98.87,98.84,98.82,33.40084397
2023-04-17 17:17:00,98.8,98.91,98.8,98.89,44.99853603
2023-04-17 17:16:00,98.76,98.83,98.8,98.8,63.12744028
2023-04-17 17:15:00,98.78,98.9,98.85,98.8,159.67243888
2023-04-17 17:14:00,98.81,98.93,98.82,98.84,176.90334453
2023-04-17 17:13:00,98.77,98.84,98.77,98.82,60.84295577
2023-04-17 17:12:00,98.75,98.82,98.81,98.78,193.99300695
2023-04-17 17:11:00,98.81,98.86,98.85,98.81,48.08976289
2023-04-17 17:10:00,98.82,98.92,98.89,98.87,225.30167117
2023-04-17 17:09:00,98.83,98.92,98.83,98.89,68.65498944
2023-04-17 17:08:00,98.8,98.86,98.83,98.84,110.94791763
2023-04-17 17:07:00,98.82,98.89,98.85,98.84,197.20361592
2023-04-17 17:06:00,98.81,98.86,98.86,98.83,46.93422853
2023-04-17 17:05:00,98.75,98.86,98.83,98.86,292.05983335
2023-04-17 17:04:00,98.8,98.85,98.8,98.82,159.43351636
2023-04-17 17:03:00,98.77,98.83,98.77,98.8,115.99256556
2023-04-17 17:02:00,98.74,98.77,98.76,98.75,176.82675764
2023-04-17 17:01:00,98.74,98.78,98.76,98.76,138.01829742
2023-04-17 17:00:00,98.74,98.79,98.79,98.75,182.09529485
2023-04-17 16:59:00,98.76,98.84,98.84,98.8,66.02028567
2023-04-17 16:58:00,98.8,98.84,98.81,98.83,44.30123507
2023-04-17 16:57:00,98.81,98.87,98.83,98.81,53.438825
2023-04-17 16:56:00,98.8,98.9,98.8,98.84,546.3745466
2023-04-17 16:55:00,98.68,98.79,98.74,98.79,26.59517339
2023-04-17 16:54:00,98.66,98.77,98.76,98.77,61.40691285
2023-04-17 16:53:00,98.63,98.75,98.75,98.73,149.36774342
2023-04-17 16:52:00,98.69,98.85,98.85,98.75,648.54050707
2023-04-17 16:51:00,98.82,98.88,98.88,98.85,35.26096398
2023-04-17 16:50:00,98.77,98.9,98.84,98.84,550.57618167
2023-04-17 16:49:00,98.82,98.95,98.95,98.84,31.98744786
2023-04-17 16:48:00,98.87,98.99,98.87,98.95,29.11448169
2023-04-17 16:47:00,98.87,99.0,99.0,98.9,88.30019895
2023-04-17 16:46:00,98.95,99.1,98.95,99.0,19.31762625
2023-04-17 16:45:00,98.94,99.03,99.0,98.96,35.95804729
2023-04-17 16:44:00,99.0,99.04,99.01,99.0,80.21358473
2023-04-17 16:43:00,98.98,99.03,99.03,99.02,62.63776503
2023-04-17 16:42:00,99.0,99.12,99.12,99.0,120.195291
2023-04-17 16:41:00,99.04,99.15,99.12,99.09,99.45699391
2023-04-17 16:40:00,99.12,99.19,99.18,99.13,65.60824865
2023-04-17 16:39:00,99.12,99.19,99.13,99.16,220.99246976
2023-04-17 16:38:00,99.12,99.19,99.17,99.13,49.47268139
2023-04-17 16:37:00,99.12,99.18,99.13,99.16,367.8148125
2023-04-17 16:36:00,99.07,99.2,99.16,99.1,139.0157616
2023-04-17 16:35:00,99.16,99.22,99.19,99.16,115.58178006
2023-04-17 16:34:00,99.17,99.24,99.17,99.17,42.96187212
2023-04-17 16:33:00,99.13,99.18,99.15,99.17,337.90668767
2023-04-17 16:32:00,99.09,99.16,99.12,99.14,155.8519263
2023-04-17 16:31:00,99.1,99.22,99.17,99.13,142.16014832
2023-04-17 16:30:00,99.01,99.21,99.09,99.15,290.4646331
2023-04-17 16:29:00,98.96,99.09,98.98,99.08,104.35690319
2023-04-17 16:28:00,98.87,98.95,98.87,98.92,132.14265458
2023-04-17 16:27:00,98.73,98.89,98.74,98.89,504.37533858
2023-04-17 16:26:00,98.73,98.74,98.73,98.73,1533.85488637
2023-04-17 16:25:00,98.73,98.83,98.79,98.74,711.2274801
2023-04-17 16:24:00,98.76,98.84,98.81,98.79,102.83275449
2023-04-17 16:23:00,98.77,98.86,98.84,98.85,66.14826999
2023-04-17 16:22:00,98.78,98.93,98.82,98.82,75.93483231
2023-04-17 16:21:00,98.78,98.9,98.87,98.79,40.43387899
2023-04-17 16:20:00,98.8,98.89,98.88,98.84,134.01919445
2023-04-17 16:19:00,98.86,99.0,98.98,98.86,114.07303429
2023-04-17 16:18:00,98.93,98.98,98.93,98.95,271.03162872
2023-04-17 16:17:00,98.89,98.98,98.97,98.94,152.00103411
2023-04-17 16:16:00,99.03,99.09,99.07,99.04,14.19683988
2023-04-17 16:15:00,99.04,99.18,99.18,99.05,149.43469859
2023-04-17 16:14:00,99.19,99.22,99.2,99.19,9.90414138
2023-04-17 16:13:00,99.22,99.31,99.3,99.23,99.73078803
2023-04-17 16:12:00,99.26,99.32,99.26,99.3,16.81102523
2023-04-17 16:11:00,99.19,99.26,99.22,99.26,112.07719801
2023-04-17 16:10:00,99.21,99.26,99.24,99.25,78.8000536
2023-04-17 16:09:00,99.18,99.24,99.18,99.24,160.03084154
2023-04-17 16:08:00,99.16,99.27,99.2,99.18,131.83934988
2023-04-17 16:07:00,99.17,99.27,99.19,99.2,78.64670536
2023-04-17 16:06:00,99.15,99.3,99.27,99.19,41.72719986
2023-04-17 16:05:00,99.2,99.32,99.32,99.29,331.48816063
2023-04-17 16:04:00,99.27,99.35,99.27,99.31,61.09014382
2023-04-17 16:03:00,99.23,99.3,99.3,99.3,200.02244945
2023-04-17 16:02:00,99.21,99.36,99.25,99.26,210.00704422
2023-04-17 16:01:00,99.11,99.23,99.21,99.23,94.6185116
2023-04-17 16:00:00,99.18,99.26,99.24,99.21,62.60440215
2023-04-17 15:59:00,99.21,99.29,99.29,99.22,11.21667796
2023-04-17 15:58:00,99.18,99.31,99.25,99.29,12.88236757
2023-04-17 15:57:00,99.27,99.35,99.29,99.29,173.92753626
2023-04-17 15:56:00,99.27,99.37,99.33,99.27,79.64775713
2023-04-17 15:55:00,99.2,99.33,99.32,99.32,151.12574232
2023-04-17 15:54:00,99.3,99.42,99.4,99.33,224.1273419
2023-04-17 15:53:00,99.31,99.43,99.32,99.4,250.49868282
2023-04-17 15:52:00,99.28,99.4,99.38,99.32,312.3025013
2023-04-17 15:51:00,99.37,99.47,99.46,99.41,108.00542517
2023-04-17 15:50:00,99.38,99.47,99.47,99.45,207.71045024
2023-04-17 15:49:00,99.34,99.46,99.34,99.46,68.26827548
2023-04-17 15:48:00,99.22,99.5,99.24,99.36,848.83420286
2023-04-17 15:47:00,99.14,99.29,99.26,99.27,155.80832352
2023-04-17 15:46:00,98.96,99.21,98.99,99.21,294.01022208
2023-04-17 15:45:00,98.92,99.18,99.18,98.97,661.65339511
2023-04-17 15:44:00,99.03,99.22,99.17,99.17,177.35680182
2023-04-17 15:43:00,99.11,99.38,99.34,99.14,121.00906992
2023-04-17 15:42:00,99.32,99.51,99.48,99.32,479.60160593
2023-04-18 01:42:00,98.97,99.11,99.0,99.07,20.38359769
2023-04-18 01:41:00,98.94,99.11,99.02,98.94,228.94550747
2023-04-18 01:40:00,99.04,99.11,99.04,99.05,57.46735203
2023-04-18 01:39:00,99.04,99.24,99.23,99.04,44.43809676
2023-04-18 01:38:00,99.2,99.42,99.3,99.22,178.48043388
2023-04-18 01:37:00,99.05,99.34,99.05,99.28,487.3318133
2023-04-18 01:36:00,99.0,99.23,99.23,99.07,863.7822703
2023-04-18 01:35:00,99.12,99.28,99.13,99.23,112.26264835
2023-04-18 01:34:00,98.97,99.19,98.97,99.14,369.6618532
2023-04-18 01:33:00,98.77,98.98,98.77,98.97,77.6695425
2023-04-18 01:32:00,98.74,98.8,98.8,98.76,69.94805696
2023-04-18 01:31:00,98.65,98.82,98.65,98.82,353.08804583
2023-04-18 01:30:00,98.45,98.68,98.49,98.67,109.16347795
2023-04-18 01:29:00,98.45,98.52,98.46,98.5,98.42362992
2023-04-18 01:28:00,98.21,98.46,98.23,98.46,70.11610638
2023-04-18 01:27:00,98.16,98.26,98.24,98.21,297.63357736
2023-04-18 01:26:00,98.03,98.25,98.05,98.25,96.3303782
2023-04-18 01:25:00,98.01,98.25,98.25,98.04,115.69873236
2023-04-18 01:24:00,98.07,98.21,98.07,98.2,85.76821894
2023-04-18 01:23:00,98.05,98.14,98.14,98.06,67.35302268
2023-04-18 01:22:00,98.06,98.14,98.09,98.11,40.50321501
2023-04-18 01:21:00,98.04,98.16,98.11,98.08,176.99633749
2023-04-18 01:20:00,98.01,98.2,98.19,98.07,59.59034651
2023-04-18 01:19:00,98.11,98.24,98.18,98.18,73.34515623
2023-04-18 01:18:00,98.11,98.25,98.18,98.18,73.06313956
2023-04-18 01:17:00,98.1,98.26,98.11,98.16,273.6548435
2023-04-18 01:16:00,97.68,98.13,97.85,98.05,739.49792968
2023-04-18 01:15:00,97.85,98.25,98.24,97.85,1499.90581847
2023-04-18 01:14:00,98.12,98.28,98.22,98.23,850.96053135
2023-04-18 01:13:00,98.22,98.32,98.25,98.25,148.97676206
2023-04-18 01:12:00,98.25,98.38,98.25,98.27,77.34227653
2023-04-18 01:11:00,98.16,98.33,98.33,98.2,1498.06128721
2023-04-18 01:10:00,98.3,98.37,98.37,98.33,75.60499549
2023-04-18 01:09:00,98.38,98.45,98.44,98.38,238.3569662
2023-04-18 01:08:00,98.39,98.48,98.41,98.43,309.95401278
2023-04-18 01:07:00,98.38,98.42,98.4,98.41,274.37357685
2023-04-18 01:06:00,98.4,98.55,98.55,98.41,182.43226757
2023-04-18 01:05:00,98.51,98.57,98.53,98.53,35.7565042
2023-04-18 01:04:00,98.53,98.73,98.7,98.55,155.72401887
2023-04-18 01:03:00,98.68,98.77,98.77,98.7,147.17855814
2023-04-18 01:02:00,98.72,98.8,98.72,98.77,26.56404064
2023-04-18 01:01:00,98.71,98.84,98.84,98.71,137.19223282
2023-04-18 01:00:00,98.79,98.85,98.8,98.85,62.21596934
2023-04-18 00:59:00,98.77,98.88,98.88,98.8,58.63805863
2023-04-18 00:58:00,98.86,98.88,98.88,98.88,29.37239491
2023-04-18 00:57:00,98.85,98.9,98.89,98.85,109.61650248
2023-04-18 00:56:00,98.92,98.97,98.96,98.92,18.80019134
2023-04-18 00:55:00,98.96,99.05,99.01,98.96,88.05649771
2023-04-18 00:54:00,98.9,99.03,98.94,99.02,202.33717613
2023-04-18 00:53:00,98.92,98.99,98.96,98.97,33.12921663
2023-04-18 00:52:00,98.91,99.0,99.0,98.95,22.24384411
2023-04-18 00:51:00,98.92,98.99,98.94,98.98,48.04585884
2023-04-18 00:50:00,98.93,99.02,99.02,98.93,19.18414743
2023-04-18 00:49:00,98.94,99.08,99.08,99.0,26.01844972
2023-04-18 00:48:00,99.05,99.17,99.17,99.08,57.99457139
2023-04-18 00:47:00,99.1,99.24,99.23,99.1,74.13595368
2023-04-18 00:46:00,99.21,99.28,99.27,99.21,29.15991001
2023-04-18 00:45:00,99.2,99.3,99.21,99.28,26.43914719
2023-04-18 00:44:00,99.14,99.22,99.19,99.22,76.54401216
2023-04-18 00:43:00,99.16,99.29,99.17,99.16,29.69465841
2023-04-18 00:42:00,98.92,99.11,99.04,99.1,164.27913012
2023-04-18 00:41:00,98.93,99.04,98.95,99.02,22.77426155
2023-04-18 00:40:00,98.82,98.95,98.9,98.95,84.33679345
2023-04-18 00:39:00,98.89,99.0,99.0,98.92,61.69584663
2023-04-18 00:38:00,98.93,99.1,99.07,98.95,17.6170836
2023-04-18 00:37:00,98.96,99.11,99.04,99.08,95.58834527
2023-04-18 00:36:00,99.04,99.11,99.11,99.07,47.01276235
2023-04-18 00:35:00,99.07,99.11,99.07,99.1,25.12425253
2023-04-18 00:34:00,99.07,99.2,99.07,99.1,89.37133491
2023-04-18 00:33:00,99.06,99.12,99.12,99.07,111.29149937
2023-04-18 00:32:00,99.12,99.21,99.19,99.12,51.19669028
2023-04-18 00:31:00,99.13,99.3,99.28,99.15,149.52995975
2023-04-18 00:30:00,99.24,99.45,99.33,99.24,86.96525705
2023-04-18 00:29:00,99.29,99.32,99.31,99.32,11.49778104
2023-04-18 00:28:00,99.26,99.34,99.28,99.29,18.84637154
2023-04-18 00:27:00,99.27,99.35,99.35,99.28,43.41691411
2023-04-18 00:26:00,99.24,99.36,99.36,99.28,26.27937242
2023-04-18 00:25:00,99.31,99.36,99.33,99.31,30.51437541
2023-04-18 00:24:00,99.37,99.48,99.48,99.37,4.6507665
2023-04-18 00:23:00,99.32,99.53,99.53,99.49,61.10987662
2023-04-18 00:22:00,99.14,99.54,99.14,99.49,247.2280593
2023-04-18 00:21:00,99.05,99.16,99.05,99.14,532.01615088
2023-04-18 00:20:00,98.93,99.05,98.93,99.05,39.33702518
2023-04-18 00:19:00,98.9,98.96,98.91,98.96,14.41149764
2023-04-18 00:18:00,98.9,98.96,98.96,98.96,33.27496984
2023-04-18 00:17:00,98.99,99.12,99.1,99.02,19.0303759
2023-04-18 00:16:00,99.13,99.22,99.2,99.13,101.18283468
2023-04-18 00:15:00,99.17,99.2,99.2,99.19,20.67553302
2023-04-18 00:14:00,99.16,99.2,99.2,99.19,49.28559972
2023-04-18 00:13:00,99.12,99.18,99.16,99.16,129.4918671
2023-04-18 00:12:00,99.04,99.15,99.04,99.15,187.5189889
2023-04-18 00:11:00,99.05,99.11,99.1,99.06,567.92497041
2023-04-18 00:10:00,99.09,99.11,99.09,99.1,16.79990547
2023-04-18 00:09:00,98.97,99.1,98.98,99.09,346.62697709
2023-04-18 00:08:00,98.95,99.0,98.98,98.98,17.09051781
2023-04-18 00:07:00,98.95,99.0,98.97,98.99,11.75138163
2023-04-18 00:06:00,98.88,98.95,98.91,98.95,26.38797748
2023-04-18 00:05:00,98.83,98.91,98.84,98.91,214.97269506
2023-04-18 00:04:00,98.84,98.91,98.87,98.87,29.83766306
2023-04-18 00:03:00,98.84,98.87,98.85,98.87,16.38103438
2023-04-18 00:02:00,98.83,98.9,98.87,98.88,42.19495065
2023-04-18 00:01:00,98.82,98.91,98.82,98.88,30.50256356
2023-04-18 00:00:00,98.8,98.94,98.91,98.81,67.97466466
2023-04-17 23:59:00,98.86,98.93,98.87,98.89,136.08848772
2023-04-17 23:58:00,98.82,98.88,98.85,98.86,29.28538623
2023-04-17 23:57:00,98.68,98.78,98.71,98.78,31.89930247
2023-04-17 23:56:00,98.69,98.77,98.74,98.71,28.36517407
2023-04-17 23:55:00,98.67,98.74,98.67,98.74,17.91488455
2023-04-17 23:54:00,98.64,98.71,98.65,98.69,29.92271281
2023-04-17 23:53:00,98.62,98.67,98.67,98.64,10.47596945
2023-04-17 23:52:00,98.7,98.71,98.7,98.7,5.53816201
2023-04-17 23:51:00,98.68,98.72,98.7,98.71,103.84340633
2023-04-17 23:50:00,98.62,98.7,98.62,98.7,49.84131523
2023-04-17 23:49:00,98.45,98.61,98.45,98.61,41.80250605
2023-04-17 23:48:00,98.46,98.5,98.5,98.46,51.02717379
2023-04-17 23:47:00,98.51,98.55,98.54,98.54,26.90939388
2023-04-17 23:46:00,98.52,98.58,98.58,98.55,87.059622
2023-04-17 23:45:00,98.54,98.58,98.56,98.58,14.05945918
2023-04-17 23:44:00,98.51,98.59,98.53,98.54,110.18954032
2023-04-17 23:43:00,98.54,98.55,98.55,98.54,282.1352
2023-04-17 23:42:00,98.54,98.58,98.57,98.55,19.65039189
2023-04-17 23:41:00,98.54,98.58,98.56,98.57,3.90223023
2023-04-17 23:40:00,98.54,98.6,98.54,98.56,4.4080373
2023-04-17 23:39:00,98.54,98.57,98.54,98.57,14.55054993
2023-04-17 23:38:00,98.54,98.57,98.56,98.56,25.03942031
2023-04-17 23:37:00,98.54,98.6,98.6,98.56,9.76784325
2023-04-17 23:36:00,98.55,98.62,98.59,98.6,10.70246421
2023-04-17 23:35:00,98.57,98.62,98.57,98.58,8.22716448
2023-04-17 23:34:00,98.55,98.65,98.65,98.58,67.81824494
2023-04-17 23:33:00,98.63,98.68,98.68,98.64,27.04058244
2023-04-17 23:32:00,98.62,98.69,98.69,98.65,63.71436916
2023-04-17 23:31:00,98.65,98.75,98.74,98.68,67.92593422
2023-04-17 23:30:00,98.69,98.76,98.69,98.73,26.66707987
2023-04-17 23:29:00,98.65,98.68,98.65,98.68,7.93537641
2023-04-17 23:28:00,98.65,98.7,98.68,98.67,90.22219361
2023-04-17 23:27:00,98.71,98.82,98.82,98.71,95.4641979
2023-04-17 23:26:00,98.78,98.82,98.79,98.82,9.50066103
2023-04-17 23:25:00,98.74,98.8,98.74,98.8,11.44267838
2023-04-17 23:24:00,98.72,98.74,98.72,98.74,11.89134231
2023-04-17 23:23:00,98.71,98.78,98.76,98.72,45.69630057
2023-04-17 23:22:00,98.76,98.82,98.82,98.78,12.2026089
2023-04-17 23:21:00,98.76,98.82,98.76,98.82,50.73890854
2023-04-17 23:20:00,98.7,98.76,98.7,98.74,22.09093028
2023-04-17 23:19:00,98.69,98.73,98.73,98.71,4.21500153
2023-04-17 23:18:00,98.73,98.8,98.8,98.73,14.27885129
2023-04-17 23:17:00,98.77,98.8,98.79,98.8,2.90952523
2023-04-17 23:16:00,98.76,98.8,98.79,98.78,25.48363207
2023-04-17 23:15:00,98.7,98.8,98.7,98.79,40.62723498
2023-04-17 23:14:00,98.7,98.78,98.77,98.71,24.51120417
2023-04-17 23:13:00,98.73,98.79,98.79,98.78,10.4707235
2023-04-17 23:12:00,98.7,98.8,98.7,98.77,48.22524855
2023-04-17 23:11:00,98.71,98.8,98.78,98.72,21.98634493
2023-04-17 23:10:00,98.76,98.8,98.77,98.79,19.52960778
2023-04-17 23:09:00,98.75,98.82,98.78,98.79,31.56060515
2023-04-17 23:08:00,98.74,98.81,98.79,98.8,27.38603035
2023-04-17 23:07:00,98.74,98.83,98.79,98.79,175.61813957
2023-04-17 23:06:00,98.77,98.81,98.79,98.79,6.83112218
2023-04-17 23:05:00,98.74,98.89,98.89,98.74,76.95598935
2023-04-17 23:04:00,98.86,98.94,98.86,98.91,35.17235064
2023-04-17 23:03:00,98.9,98.95,98.94,98.91,23.98869812
2023-04-17 23:02:00,98.85,98.98,98.98,98.9,222.16433485
2023-04-17 23:01:00,98.93,98.98,98.94,98.94,38.2089812
2023-04-17 23:00:00,98.87,98.98,98.89,98.97,30.51189422
2023-04-17 22:59:00,98.85,98.89,98.88,98.89,35.60612359
2023-04-17 22:58:00,98.85,98.92,98.87,98.88,8.39389651
2023-04-17 22:57:00,98.82,98.97,98.97,98.87,64.65024945
2023-04-17 22:56:00,98.9,98.97,98.95,98.97,30.00108571
2023-04-17 22:55:00,98.91,98.95,98.94,98.95,4.71905926
2023-04-17 22:54:00,98.91,98.92,98.91,98.91,1.96434908
2023-04-17 22:53:00,98.88,98.94,98.94,98.92,21.92306992
2023-04-17 22:52:00,98.87,98.94,98.87,98.94,106.4556003
2023-04-17 22:51:00,98.82,98.87,98.86,98.87,9.62570245
2023-04-17 22:50:00,98.83,98.88,98.86,98.83,15.69211838
2023-04-17 22:49:00,98.81,98.86,98.86,98.86,15.83870593
2023-04-17 22:48:00,98.85,98.9,98.9,98.87,28.92871191
2023-04-17 22:47:00,98.89,98.99,98.99,98.9,24.28929737
2023-04-17 22:46:00,98.92,99.0,98.97,98.99,7.07767946
2023-04-17 22:45:00,98.85,98.97,98.89,98.96,49.21438331
2023-04-17 22:44:00,98.87,98.97,98.97,98.89,30.48718541
2023-04-17 22:43:00,98.86,98.95,98.9,98.95,37.86463625
2023-04-17 22:42:00,98.87,98.9,98.87,98.9,53.01938176
2023-04-17 22:41:00,98.8,98.89,98.85,98.83,129.62795107
2023-04-17 22:40:00,98.79,98.85,98.84,98.85,21.21897275
2023-04-17 22:39:00,98.77,98.85,98.82,98.85,115.87443938
2023-04-17 22:38:00,98.79,98.86,98.84,98.85,48.86757262
2023-04-17 22:37:00,98.8,98.9,98.9,98.84,8.29185422
2023-04-17 22:36:00,98.77,98.88,98.77,98.88,9.14631946
2023-04-17 22:35:00,98.72,98.81,98.74,98.81,6.6502107
2023-04-17 22:34:00,98.7,98.83,98.83,98.75,7.5786374
2023-04-17 22:33:00,98.8,98.86,98.84,98.8,15.72465439
2023-04-17 22:32:00,98.8,98.87,98.87,98.84,20.8063637
2023-04-17 22:31:00,98.78,98.87,98.78,98.87,12.12729409
2023-04-17 22:30:00,98.8,98.85,98.8,98.85,6.75930475
2023-04-17 22:29:00,98.79,98.85,98.85,98.85,23.46444037
2023-04-17 22:28:00,98.83,98.89,98.89,98.83,8.8036545
2023-04-17 22:27:00,98.77,98.86,98.79,98.85,55.18155683
2023-04-17 22:26:00,98.66,98.78,98.66,98.77,46.57041709
2023-04-17 22:25:00,98.66,98.73,98.73,98.7,35.55339043
2023-04-17 22:24:00,98.62,98.72,98.65,98.68,14.19495665
2023-04-17 22:23:00,98.62,98.68,98.65,98.65,36.78436795
2023-04-17 22:22:00,98.65,98.69,98.69,98.68,19.51580771
2023-04-17 22:21:00,98.65,98.68,98.67,98.65,14.62549839
2023-04-17 22:20:00,98.65,98.68,98.67,98.67,7.45334314
2023-04-17 22:19:00,98.65,98.7,98.7,98.69,8.33070364
2023-04-17 22:18:00,98.65,98.71,98.69,98.69,139.15773487
2023-04-17 22:17:00,98.68,98.72,98.71,98.69,28.82585124
2023-04-17 22:16:00,98.68,98.72,98.68,98.71,76.77803364
2023-04-17 22:15:00,98.67,98.76,98.68,98.71,66.08190288
2023-04-17 22:14:00,98.68,98.73,98.69,98.71,16.63267789
2023-04-17 22:13:00,98.68,98.73,98.68,98.73,11.19820466
2023-04-17 22:12:00,98.68,98.72,98.69,98.72,17.89725176
2023-04-17 22:11:00,98.65,98.73,98.69,98.69,22.77366228
2023-04-17 22:10:00,98.67,98.69,98.67,98.69,18.82690692
2023-04-17 22:09:00,98.67,98.72,98.7,98.68,41.16146697
2023-04-17 22:08:00,98.65,98.74,98.73,98.7,22.31753209
2023-04-17 22:07:00,98.67,98.74,98.68,98.73,115.76083471
2023-04-17 22:06:00,98.67,98.76,98.71,98.74,25.69930495
2023-04-17 22:05:00,98.64,98.77,98.7,98.71,100.85684485
2023-04-17 22:04:00,98.73,98.78,98.73,98.74,17.78029688
2023-04-17 22:03:00,98.73,98.79,98.76,98.77,19.95719291
2023-04-17 22:02:00,98.6,98.78,98.63,98.77,145.94062716
2023-04-17 22:01:00,98.54,98.62,98.56,98.62,50.37047665
2023-04-17 22:00:00,98.48,98.57,98.48,98.55,86.45449407
2023-04-17 21:59:00,98.48,98.52,98.49,98.52,58.8590603
2023-04-17 21:58:00,98.46,98.5,98.5,98.49,32.56529872
2023-04-17 21:57:00,98.48,98.56,98.56,98.51,11.58521016
2023-04-17 21:56:00,98.52,98.63,98.58,98.56,115.30022098
2023-04-17 21:55:00,98.49,98.6,98.49,98.6,29.00068735
2023-04-17 21:54:00,98.49,98.56,98.51,98.53,43.10231613
2023-04-17 21:53:00,98.48,98.51,98.51,98.51,9.46247423
2023-04-17 21:52:00,98.47,98.51,98.5,98.51,66.56515891
2023-04-17 21:51:00,98.49,98.5,98.5,98.5,34.89954241
2023-04-17 21:50:00,98.47,98.51,98.47,98.49,10.45351818
2023-04-17 21:49:00,98.46,98.51,98.51,98.51,32.61708617
2023-04-17 21:48:00,98.48,98.55,98.52,98.48,47.07356177
2023-04-17 21:47:00,98.51,98.56,98.55,98.55,5.11904375
2023-04-17 21:46:00,98.52,98.58,98.57,98.52,54.00993045
2023-04-17 21:45:00,98.54,98.57,98.54,98.54,5.5939556
2023-04-17 21:44:00,98.5,98.58,98.53,98.58,157.67351865
2023-04-17 21:43:00,98.49,98.53,98.49,98.53,7.79622983
2023-04-17 21:42:00,98.45,98.52,98.51,98.5,10.69191714
2023-04-17 21:41:00,98.43,98.53,98.43,98.53,7.18383465
2023-04-17 21:40:00,98.43,98.48,98.44,98.43,5.82990953
2023-04-17 21:39:00,98.41,98.48,98.45,98.47,61.87984264
2023-04-17 21:38:00,98.4,98.45,98.4,98.45,46.40124603
2023-04-17 21:37:00,98.33,98.42,98.37,98.42,13.38578993
2023-04-17 21:36:00,98.29,98.38,98.29,98.37,34.37962849
2023-04-17 21:35:00,98.27,98.34,98.32,98.34,48.62671334
2023-04-17 21:34:00,98.24,98.36,98.24,98.36,113.99820333
2023-04-17 21:33:00,98.2,98.25,98.23,98.24,46.94359928
2023-04-17 21:32:00,98.16,98.24,98.18,98.23,190.708244
2023-04-17 21:31:00,98.18,98.23,98.23,98.23,41.07227861
2023-04-17 21:30:00,98.18,98.23,98.18,98.23,11.1053745
2023-04-17 21:29:00,98.17,98.23,98.17,98.22,24.80258525
2023-04-17 21:28:00,98.16,98.21,98.2,98.21,28.53285093
2023-04-17 21:27:00,98.15,98.24,98.21,98.15,10.64285677
2023-04-17 21:26:00,98.19,98.24,98.2,98.2,235.62455724
2023-04-17 21:25:00,98.15,98.2,98.19,98.2,67.73447944
2023-04-17 21:24:00,98.18,98.19,98.18,98.18,2.89214649
2023-04-17 21:23:00,98.07,98.12,98.07,98.12,25.52786744
2023-04-17 21:22:00,98.02,98.07,98.07,98.05,192.57377223
2023-04-17 21:21:00,98.04,98.07,98.07,98.07,16.05053
2023-04-17 21:20:00,98.07,98.11,98.09,98.1,64.03778772
2023-04-17 21:19:00,98.1,98.14,98.14,98.11,94.20038812
2023-04-17 21:18:00,98.13,98.2,98.2,98.13,36.54482091
2023-04-17 21:17:00,98.2,98.22,98.21,98.2,23.6274259
2023-04-17 21:16:00,98.21,98.24,98.24,98.22,11.67123713
2023-04-17 21:15:00,98.24,98.31,98.3,98.24,14.95474271
2023-04-17 21:14:00,98.27,98.33,98.28,98.3,12.00454993
2023-04-17 21:13:00,98.3,98.33,98.31,98.3,40.61562799
2023-04-17 21:12:00,98.22,98.32,98.28,98.32,340.23989444
2023-04-17 21:11:00,98.24,98.4,98.38,98.28,272.19660171
2023-04-17 21:10:00,98.36,98.4,98.37,98.39,40.14443096
2023-04-17 21:09:00,98.4,98.45,98.45,98.4,306.79247829
2023-04-17 21:08:00,98.45,98.5,98.48,98.47,23.28198281
2023-04-17 21:07:00,98.48,98.5,98.49,98.48,19.20154639
2023-04-17 21:06:00,98.44,98.5,98.46,98.49,127.37692433
2023-04-17 21:05:00,98.42,98.47,98.42,98.45,34.47251392
2023-04-17 21:04:00,98.37,98.41,98.4,98.37,15.54368484
2023-04-17 21:03:00,98.38,98.43,98.41,98.38,38.46559372
2023-04-17 21:02:00,98.37,98.41,98.4,98.39,36.06662044
2023-04-17 21:01:00,98.37,98.41,98.39,98.4,36.25286075
2023-04-17 21:00:00,98.37,98.4,98.4,98.37,78.79581123
2023-04-17 20:59:00,98.39,98.46,98.45,98.4,63.30096544
2023-04-17 20:58:00,98.46,98.51,98.48,98.47,56.12392489
2023-04-17 20:57:00,98.41,98.46,98.45,98.46,294.75423275
2023-04-17 20:56:00,98.43,98.46,98.45,98.45,7.91749153
2023-04-17 20:55:00,98.44,98.48,98.47,98.46,27.62866379
2023-04-17 20:54:00,98.47,98.5,98.48,98.5,24.55744711
2023-04-17 20:53:00,98.43,98.48,98.46,98.47,25.509974
2023-04-17 20:52:00,98.4,98.44,98.42,98.44,33.54468703
2023-04-17 20:51:00,98.4,98.45,98.43,98.4,11.6885668
2023-04-17 20:50:00,98.41,98.44,98.44,98.41,27.97803072
2023-04-17 20:49:00,98.4,98.44,98.41,98.44,54.92516182
2023-04-17 20:48:00,98.41,98.44,98.42,98.41,32.7124241
2023-04-17 20:47:00,98.44,98.49,98.49,98.44,56.45651077
2023-04-17 20:46:00,98.48,98.55,98.55,98.48,33.03903908
2023-04-17 20:45:00,98.48,98.55,98.48,98.55,82.89546031
2023-04-17 20:44:00,98.49,98.51,98.51,98.5,23.78608755
2023-04-17 20:43:00,98.48,98.51,98.51,98.5,58.13335569
2023-04-17 20:42:00,98.49,98.53,98.52,98.51,62.6301232
2023-04-18 06:42:00,101.88,101.94,101.88,101.9,25.9532402
2023-04-18 06:41:00,101.91,101.96,101.95,101.91,20.32814737
2023-04-18 06:40:00,101.96,102.0,102.0,101.98,53.3150958
2023-04-18 06:39:00,102.01,102.04,102.03,102.01,25.46070277
2023-04-18 06:38:00,101.99,102.06,102.03,102.01,243.45117526
2023-04-18 06:37:00,101.98,102.03,102.01,102.03,21.49178707
2023-04-18 06:36:00,101.95,102.01,101.98,102.01,96.2300703
2023-04-18 06:35:00,101.97,102.01,101.99,102.0,12.63488423
2023-04-18 06:34:00,101.97,102.01,102.0,101.99,92.79055228
2023-04-18 06:33:00,102.01,102.03,102.02,102.02,28.90419443
2023-04-18 06:32:00,102.02,102.1,102.05,102.02,68.68200256
2023-04-18 06:31:00,101.99,102.08,102.01,102.05,85.07263274
2023-04-18 06:30:00,102.01,102.14,102.03,102.02,73.66067923
2023-04-18 06:29:00,102.0,102.08,102.03,102.03,15.10191962
2023-04-18 06:28:00,102.04,102.08,102.07,102.04,63.97788543
2023-04-18 06:27:00,102.05,102.13,102.08,102.07,32.31059043
2023-04-18 06:26:00,102.08,102.1,102.1,102.1,17.55205134
2023-04-18 06:25:00,102.13,102.26,102.13,102.14,83.23221232
2023-04-18 06:24:00,102.05,102.12,102.08,102.12,74.24661442
2023-04-18 06:23:00,102.01,102.13,102.01,102.08,151.49497998
2023-04-18 06:22:00,101.97,102.02,101.97,102.02,24.16543261
2023-04-18 06:21:00,101.92,102.02,102.0,101.97,59.42624452
2023-04-18 06:20:00,101.98,102.06,102.02,102.04,20.8039014
2023-04-18 06:19:00,102.0,102.03,102.03,102.0,24.3328655
2023-04-18 06:18:00,101.77,102.03,101.77,102.03,67.72191159
2023-04-18 06:17:00,101.77,101.96,101.9,101.77,203.2640355
2023-04-18 06:16:00,101.83,101.9,101.89,101.9,113.6375294
2023-04-18 06:15:00,101.73,101.87,101.73,101.87,80.04531941
2023-04-18 06:14:00,101.73,101.75,101.74,101.74,13.04479738
2023-04-18 06:13:00,101.73,101.75,101.74,101.74,4.93981797
2023-04-18 06:12:00,101.69,101.75,101.7,101.74,22.39436151
2023-04-18 06:11:00,101.69,101.74,101.7,101.69,13.29564613
2023-04-18 06:10:00,101.61,101.72,101.61,101.69,32.48599921
2023-04-18 06:09:00,101.56,101.67,101.67,101.62,34.79502434
2023-04-18 06:08:00,101.64,101.69,101.65,101.68,26.04739955
2023-04-18 06:07:00,101.67,101.78,101.77,101.67,73.19836916
2023-04-18 06:06:00,101.72,101.92,101.92,101.77,93.57165741
2023-04-18 06:05:00,101.87,101.91,101.89,101.91,54.39338363
2023-04-18 06:04:00,101.88,101.92,101.88,101.89,69.32929251
2023-04-18 06:03:00,101.8,101.95,101.95,101.86,117.74151702
2023-04-18 06:02:00,101.86,101.95,101.89,101.95,63.33944795
2023-04-18 06:01:00,101.78,101.89,101.78,101.89,39.11513085
2023-04-18 06:00:00,101.66,101.8,101.68,101.77,197.10964675
2023-04-18 05:59:00,101.69,101.74,101.74,101.69,7.48304596
2023-04-18 05:58:00,101.71,101.78,101.78,101.72,81.17119851
2023-04-18 05:57:00,101.74,101.78,101.74,101.76,30.97669426
2023-04-18 05:56:00,101.62,101.77,101.63,101.76,39.44674671
2023-04-18 05:55:00,101.59,101.66,101.64,101.63,120.56491289
2023-04-18 05:54:00,101.63,101.71,101.7,101.65,40.63814973
2023-04-18 05:53:00,101.67,101.73,101.7,101.68,11.38058787
2023-04-18 05:52:00,101.66,101.71,101.69,101.7,89.13166081
2023-04-18 05:51:00,101.66,101.73,101.68,101.69,31.71287942
2023-04-18 05:50:00,101.68,101.73,101.69,101.71,41.2507715
2023-04-18 05:49:00,101.65,101.73,101.68,101.69,337.07393737
2023-04-18 05:48:00,101.64,101.76,101.64,101.69,44.63369102
2023-04-18 05:47:00,101.46,101.74,101.73,101.64,675.39880515
2023-04-18 05:46:00,101.68,101.74,101.74,101.72,31.08433337
2023-04-18 05:45:00,101.74,101.85,101.81,101.76,76.93598648
2023-04-18 05:44:00,101.8,101.87,101.84,101.85,35.89516983
2023-04-18 05:43:00,101.85,101.92,101.89,101.86,11.1014439
2023-04-18 05:42:00,101.82,101.91,101.9,101.86,258.37835364
2023-04-18 05:41:00,101.87,101.93,101.93,101.9,52.90063592
2023-04-18 05:40:00,101.88,101.98,101.96,101.92,64.26724083
2023-04-18 05:39:00,101.94,102.02,102.01,101.95,18.43407532
2023-04-18 05:38:00,102.01,102.04,102.04,102.01,5.88246611
2023-04-18 05:37:00,102.04,102.09,102.06,102.06,36.47486181
2023-04-18 05:36:00,102.08,102.2,102.13,102.08,65.50138774
2023-04-18 05:35:00,102.14,102.24,102.22,102.17,58.55840589
2023-04-18 05:34:00,102.19,102.27,102.19,102.22,232.60904565
2023-04-18 05:33:00,102.14,102.22,102.21,102.16,47.73886159
2023-04-18 05:32:00,102.01,102.18,102.03,102.15,403.23075712
2023-04-18 05:31:00,101.91,102.03,101.99,102.03,65.87822423
2023-04-18 05:30:00,101.95,102.02,101.96,101.96,43.25638873
2023-04-18 05:29:00,101.94,102.0,102.0,101.96,19.22739701
2023-04-18 05:28:00,101.95,102.04,101.97,101.98,145.10025682
2023-04-18 05:27:00,101.95,102.04,101.98,101.95,54.99097249
2023-04-18 05:26:00,101.98,102.03,102.01,102.0,50.47425583
2023-04-18 05:25:00,101.98,102.07,102.07,101.99,118.01986743
2023-04-18 05:24:00,101.99,102.09,102.01,102.05,32.47605384
2023-04-18 05:23:00,102.0,102.09,102.07,102.01,91.54190776
2023-04-18 05:22:00,102.06,102.12,102.07,102.09,29.97745629
2023-04-18 05:21:00,102.03,102.1,102.06,102.06,34.48913364
2023-04-18 05:20:00,102.06,102.15,102.09,102.08,40.65317008
2023-04-18 05:19:00,102.06,102.23,102.15,102.09,102.94002216
2023-04-18 05:18:00,102.01,102.18,102.02,102.15,50.21068955
2023-04-18 05:17:00,101.98,102.05,101.98,102.02,41.21319944
2023-04-18 05:16:00,101.98,102.07,102.04,102.01,21.92099181
2023-04-18 05:15:00,102.0,102.16,102.09,102.05,44.55309446
2023-04-18 05:14:00,102.03,102.15,102.15,102.09,58.32611685
2023-04-18 05:13:00,102.09,102.22,102.09,102.18,185.74618909
2023-04-18 05:12:00,102.04,102.11,102.07,102.05,143.01555187
2023-04-18 05:11:00,102.04,102.11,102.04,102.08,53.59514922
2023-04-18 05:10:00,102.04,102.1,102.06,102.05,61.79319177
2023-04-18 05:09:00,102.03,102.09,102.04,102.06,110.02123801
2023-04-18 05:08:00,101.9,102.06,101.9,102.02,161.98309851
2023-04-18 05:07:00,101.87,101.93,101.87,101.91,201.92306059
2023-04-18 05:06:00,101.83,101.88,101.88,101.87,99.2630769
2023-04-18 05:05:00,101.8,101.91,101.88,101.86,101.0215929
2023-04-18 05:04:00,101.85,101.93,101.93,101.9,59.60626373
2023-04-18 05:03:00,101.86,101.94,101.86,101.91,65.60733198
2023-04-18 05:02:00,101.78,101.97,101.91,101.87,94.4604739
2023-04-18 05:01:00,101.9,101.99,101.99,101.9,167.47887616
2023-04-18 05:00:00,101.89,102.05,101.89,101.96,346.76264395
2023-04-18 04:59:00,101.88,101.94,101.91,101.89,100.44469674
2023-04-18 04:58:00,101.88,102.07,102.05,101.93,248.87350743
2023-04-18 04:57:00,102.05,102.14,102.05,102.05,141.28778737
2023-04-18 04:56:00,102.04,102.12,102.08,102.05,402.41166964
2023-04-18 04:55:00,101.99,102.09,102.01,102.07,90.09875097
2023-04-18 04:54:00,102.0,102.08,102.05,102.01,89.52477553
2023-04-18 04:53:00,102.01,102.11,102.07,102.03,33.36025004
2023-04-18 04:52:00,101.93,102.08,101.96,102.07,73.80840166
2023-04-18 04:51:00,101.9,102.02,102.02,101.94,85.33226274
2023-04-18 04:50:00,101.99,102.1,102.08,101.99,265.6422509
2023-04-18 04:49:00,102.03,102.11,102.06,102.05,287.84199493
2023-04-18 04:48:00,102.03,102.12,102.07,102.04,228.65578573
2023-04-18 04:47:00,102.05,102.11,102.09,102.06,43.01053356
2023-04-18 04:46:00,102.06,102.13,102.11,102.1,97.97747353
2023-04-18 04:45:00,102.05,102.23,102.15,102.12,458.81001844
2023-04-18 04:44:00,102.1,102.25,102.22,102.13,502.89873319
2023-04-18 04:43:00,102.17,102.25,102.2,102.2,65.857789
2023-04-18 04:42:00,102.16,102.24,102.21,102.21,102.80263451
2023-04-18 04:41:00,102.21,102.4,102.33,102.21,373.48486445
2023-04-18 04:40:00,102.27,102.38,102.35,102.35,111.02536504
2023-04-18 04:39:00,102.37,102.52,102.52,102.37,42.84768874
2023-04-18 04:38:00,102.48,102.78,102.76,102.52,150.72412399
2023-04-18 04:37:00,102.71,102.79,102.71,102.73,104.90597736
2023-04-18 04:36:00,102.7,102.79,102.72,102.74,71.6273206
2023-04-18 04:35:00,102.48,102.72,102.48,102.69,60.24615295
2023-04-18 04:34:00,102.46,102.53,102.48,102.48,63.39378874
2023-04-18 04:33:00,102.46,102.56,102.54,102.48,74.42337602
2023-04-18 04:32:00,102.51,102.6,102.56,102.54,51.51917392
2023-04-18 04:31:00,102.4,102.57,102.4,102.55,177.65345468
2023-04-18 04:30:00,102.36,102.49,102.49,102.43,427.27127134
2023-04-18 04:29:00,102.45,102.66,102.6,102.47,205.86174676
2023-04-18 04:28:00,102.6,102.77,102.72,102.6,447.12793733
2023-04-18 04:27:00,102.31,102.93,102.32,102.73,2159.33042242
2023-04-18 04:26:00,102.11,102.39,102.16,102.33,722.13775793
2023-04-18 04:25:00,102.13,102.19,102.16,102.15,42.78502407
2023-04-18 04:24:00,102.11,102.18,102.16,102.15,20.04378887
2023-04-18 04:23:00,102.02,102.19,102.02,102.12,65.11080002
2023-04-18 04:22:00,101.99,102.04,101.99,102.03,41.70988631
2023-04-18 04:21:00,101.96,102.04,102.04,102.0,58.37757801
2023-04-18 04:20:00,101.97,102.07,101.97,102.02,26.86748145
2023-04-18 04:19:00,101.94,102.07,102.03,101.94,54.89165341
2023-04-18 04:18:00,101.99,102.11,102.04,102.05,83.38340067
2023-04-18 04:17:00,102.0,102.16,102.13,102.02,172.79674043
2023-04-18 04:16:00,102.01,102.16,102.09,102.13,204.13259028
2023-04-18 04:15:00,102.06,102.21,102.09,102.06,363.26135946
2023-04-18 04:14:00,102.07,102.36,102.36,102.07,460.6789278
2023-04-18 04:13:00,102.11,102.48,102.17,102.36,754.34126842
2023-04-18 04:12:00,102.07,102.17,102.16,102.17,147.09605511
2023-04-18 04:11:00,102.07,102.21,102.07,102.14,233.73849938
2023-04-18 04:10:00,101.98,102.12,102.11,102.08,63.70132594
2023-04-18 04:09:00,101.9,102.17,101.92,102.12,429.82513911
2023-04-18 04:08:00,101.69,101.94,101.73,101.93,521.69798759
2023-04-18 04:07:00,101.69,101.77,101.73,101.72,240.70138199
2023-04-18 04:06:00,101.63,101.77,101.63,101.75,103.40814298
2023-04-18 04:05:00,101.57,101.67,101.6,101.62,290.88486139
2023-04-18 04:04:00,101.56,101.7,101.64,101.63,221.81036271
2023-04-18 04:03:00,101.66,101.78,101.76,101.66,125.66396759
2023-04-18 04:02:00,101.76,101.89,101.89,101.76,383.98962514
2023-04-18 04:01:00,101.84,101.92,101.86,101.87,189.8692648
2023-04-18 04:00:00,101.83,102.02,101.91,101.85,275.78385305
2023-04-18 03:59:00,101.81,101.92,101.82,101.9,26.55584651
2023-04-18 03:58:00,101.75,101.85,101.76,101.82,20.19595349
2023-04-18 03:57:00,101.76,101.82,101.79,101.76,122.91802074
2023-04-18 03:56:00,101.77,101.94,101.94,101.77,74.31904391
2023-04-18 03:55:00,101.85,101.95,101.9,101.93,142.3819803
2023-04-18 03:54:00,101.82,101.92,101.92,101.9,290.20568189
2023-04-18 03:53:00,101.91,101.97,101.94,101.91,94.42654885
2023-04-18 03:52:00,101.83,102.05,102.03,101.97,347.24577142
2023-04-18 03:51:00,101.77,102.06,101.8,102.02,185.29595417
2023-04-18 03:50:00,101.81,101.96,101.81,101.85,32.82498718
2023-04-18 03:49:00,101.75,101.9,101.75,101.84,121.21244902
2023-04-18 03:48:00,101.7,101.83,101.73,101.77,153.37074732
2023-04-18 03:47:00,101.6,101.76,101.61,101.7,23.18123997
2023-04-18 03:46:00,101.6,101.72,101.64,101.6,58.2912467
2023-04-18 03:45:00,101.47,101.64,101.47,101.64,43.39598615
2023-04-18 03:44:00,101.46,101.51,101.46,101.47,38.51534047
2023-04-18 03:43:00,101.46,101.54,101.49,101.46,66.03332886
2023-04-18 03:42:00,101.45,101.53,101.48,101.48,68.92427312
2023-04-18 03:41:00,101.49,101.58,101.58,101.49,41.04764348
2023-04-18 03:40:00,101.53,101.78,101.74,101.57,745.68669811
2023-04-18 03:39:00,101.67,101.77,101.67,101.73,37.59300625
2023-04-18 03:38:00,101.6,101.74,101.73,101.67,154.30035203
2023-04-18 03:37:00,101.58,101.72,101.58,101.71,34.10005077
2023-04-18 03:36:00,101.44,101.61,101.44,101.61,104.63790534
2023-04-18 03:35:00,101.42,101.52,101.5,101.47,81.64876283
2023-04-18 03:34:00,101.5,101.55,101.52,101.51,96.96284321
2023-04-18 03:33:00,101.42,101.54,101.45,101.52,39.73973845
2023-04-18 03:32:00,101.39,101.46,101.45,101.42,61.11808665
2023-04-18 03:31:00,101.44,101.57,101.52,101.44,44.67777093
2023-04-18 03:30:00,101.5,101.59,101.51,101.5,52.57532147
2023-04-18 03:29:00,101.47,101.6,101.59,101.52,30.32715636
2023-04-18 03:28:00,101.38,101.67,101.38,101.58,283.89647518
2023-04-18 03:27:00,101.29,101.37,101.32,101.36,89.81572173
2023-04-18 03:26:00,101.27,101.35,101.3,101.31,25.63106117
2023-04-18 03:25:00,101.24,101.31,101.24,101.28,58.52176784
2023-04-18 03:24:00,101.18,101.35,101.3,101.24,117.33579829
2023-04-18 03:23:00,101.13,101.3,101.27,101.27,119.14454257
2023-04-18 03:22:00,101.26,101.45,101.4,101.29,96.63354802
2023-04-18 03:21:00,101.38,101.5,101.45,101.44,125.98201813
2023-04-18 03:20:00,101.45,101.56,101.52,101.45,151.26054848
2023-04-18 03:19:00,101.36,101.59,101.56,101.54,580.54482494
2023-04-18 03:18:00,101.54,101.65,101.64,101.55,42.46961447
2023-04-18 03:17:00,101.6,101.76,101.69,101.6,151.40493917
2023-04-18 03:16:00,101.68,101.84,101.84,101.7,99.32833361
2023-04-18 03:15:00,101.78,101.95,101.78,101.85,132.98464345
2023-04-18 03:14:00,101.75,101.83,101.8,101.77,86.89820702
2023-04-18 03:13:00,101.8,101.95,101.91,101.8,139.34573392
2023-04-18 03:12:00,101.89,102.09,101.98,101.9,134.59620798
2023-04-18 03:11:00,101.91,102.01,101.96,102.01,45.53091369
2023-04-18 03:10:00,101.85,102.01,101.85,101.96,125.84954622
2023-04-18 03:09:00,101.79,101.85,101.79,101.85,126.06742358
2023-04-18 03:08:00,101.72,101.85,101.78,101.78,429.33466352
2023-04-18 03:07:00,101.75,101.92,101.92,101.77,122.89719636
2023-04-18 03:06:00,101.81,102.06,101.84,102.01,252.17156185
2023-04-18 03:05:00,101.71,101.93,101.8,101.87,99.84463254
2023-04-18 03:04:00,101.79,101.95,101.86,101.79,88.22835451
2023-04-18 03:03:00,101.81,101.93,101.88,101.88,249.27035308
2023-04-18 03:02:00,101.72,102.02,101.86,101.86,99.08561573
2023-04-18 03:01:00,101.85,102.43,102.4,101.85,1116.03656806
2023-04-18 03:00:00,102.1,102.43,102.11,102.43,1275.9148663
2023-04-18 02:59:00,101.9,102.19,102.07,102.1,1883.34828975
2023-04-18 02:58:00,101.68,102.07,101.73,102.05,2298.45807737
2023-04-18 02:57:00,101.64,101.78,101.68,101.74,885.65059263
2023-04-18 02:56:00,101.54,101.77,101.76,101.68,690.58583229
2023-04-18 02:55:00,101.36,101.73,101.41,101.73,455.15576556
2023-04-18 02:54:00,101.27,101.41,101.3,101.41,364.31329235
2023-04-18 02:53:00,101.19,101.31,101.21,101.3,347.49114337
2023-04-18 02:52:00,101.09,101.2,101.12,101.2,142.99650893
2023-04-18 02:51:00,101.09,101.22,101.11,101.12,326.70684201
2023-04-18 02:50:00,100.99,101.13,101.0,101.12,653.57197119
2023-04-18 02:49:00,100.99,101.13,101.07,101.0,599.29834352
2023-04-18 02:48:00,101.08,101.23,101.23,101.1,692.71097579
2023-04-18 02:47:00,101.16,101.29,101.2,101.27,247.55276145
2023-04-18 02:46:00,101.19,101.38,101.21,101.2,683.0433035
2023-04-18 02:45:00,101.15,101.24,101.16,101.21,186.09362144
2023-04-18 02:44:00,101.15,101.31,101.31,101.16,324.45748544
2023-04-18 02:43:00,101.17,101.37,101.32,101.29,271.7998846
2023-04-18 02:42:00,101.2,101.43,101.24,101.31,678.61744099
2023-04-18 02:41:00,101.01,101.29,101.03,101.21,683.26567818
2023-04-18 02:40:00,101.01,101.14,101.13,101.03,551.67927676
2023-04-18 02:39:00,101.05,101.15,101.13,101.15,376.95152363
2023-04-18 02:38:00,101.13,101.27,101.19,101.13,491.00159462
2023-04-18 02:37:00,101.04,101.31,101.12,101.12,565.82559573
2023-04-18 02:36:00,100.89,101.17,100.89,101.12,589.63089588
2023-04-18 02:35:00,100.8,100.96,100.83,100.89,479.91313299
2023-04-18 02:34:00,100.81,100.91,100.81,100.83,388.53654612
2023-04-18 02:33:00,100.81,100.92,100.89,100.81,350.46973547
2023-04-18 02:32:00,100.83,101.07,101.06,100.89,378.88683372
2023-04-18 02:31:00,100.94,101.16,100.95,101.06,332.07541464
2023-04-18 02:30:00,100.9,101.03,100.9,100.95,366.07272417
2023-04-18 02:29:00,100.78,100.89,100.84,100.89,751.91823986
2023-04-18 02:28:00,100.83,100.9,100.84,100.84,538.03071804
2023-04-18 02:27:00,100.83,100.88,100.83,100.83,273.69734484
2023-04-18 02:26:00,100.82,100.86,100.85,100.82,579.7133695
2023-04-18 02:25:00,100.77,100.92,100.82,100.85,995.34372362
2023-04-18 02:24:00,100.8,100.97,100.93,100.8,1169.10685194
2023-04-18 02:23:00,100.92,101.14,100.99,100.93,864.92442132
2023-04-18 02:22:00,100.98,101.26,101.11,101.02,1226.34109126
2023-04-18 02:21:00,100.99,101.11,101.02,101.11,1194.91667918
2023-04-18 02:20:00,100.97,101.1,100.97,101.02,980.40484728
2023-04-18 02:19:00,100.89,101.1,101.0,100.95,901.5310751
2023-04-18 02:18:00,100.9,101.37,101.35,101.03,2609.02800977
2023-04-18 02:17:00,100.86,101.43,100.95,101.38,6556.89890736
2023-04-18 02:16:00,100.85,101.0,100.86,100.98,3080.03176132
2023-04-18 02:15:00,100.53,100.98,100.63,100.89,1103.03928496
2023-04-18 02:14:00,100.55,101.0,100.94,100.6,1368.4725748
2023-04-18 02:13:00,100.53,100.93,100.8,100.93,1587.82099769
2023-04-18 02:12:00,100.35,100.96,100.38,100.83,2407.51220791
2023-04-18 02:11:00,99.86,100.39,99.87,100.39,1895.13871646
2023-04-18 02:10:00,99.8,100.2,99.8,99.87,1897.49310165
2023-04-18 02:09:00,99.58,99.83,99.59,99.81,864.51557167
2023-04-18 02:08:00,99.37,99.58,99.37,99.58,132.79110288
2023-04-18 02:07:00,99.35,99.4,99.4,99.36,206.42771679
2023-04-18 02:06:00,99.4,99.44,99.44,99.4,146.43909996
2023-04-18 02:05:00,99.41,99.47,99.46,99.43,118.22323947
2023-04-18 02:04:00,99.45,99.5,99.5,99.45,33.85625487
2023-04-18 02:03:00,99.44,99.54,99.5,99.49,24.54461086
2023-04-18 02:02:00,99.39,99.54,99.4,99.54,35.54303641
2023-04-18 02:01:00,99.32,99.41,99.33,99.39,37.61627973
2023-04-18 02:00:00,99.33,99.44,99.41,99.33,157.16256076
2023-04-18 01:59:00,99.4,99.52,99.48,99.41,111.44864787
2023-04-18 01:58:00,99.4,99.46,99.46,99.44,68.66783993
2023-04-18 01:57:00,99.4,99.49,99.42,99.49,16.42327284
2023-04-18 01:56:00,99.39,99.48,99.47,99.42,60.43807123
2023-04-18 01:55:00,99.28,99.5,99.31,99.45,97.67914126
2023-04-18 01:54:00,99.34,99.51,99.45,99.34,42.63363967
2023-04-18 01:53:00,99.43,99.56,99.44,99.43,217.9337945
2023-04-18 01:52:00,99.29,99.44,99.29,99.44,314.16414589
2023-04-18 01:51:00,99.08,99.22,99.08,99.22,186.05925472
2023-04-18 01:50:00,99.06,99.1,99.08,99.1,96.5957137
2023-04-18 01:49:00,99.07,99.13,99.11,99.09,21.93148825
2023-04-18 01:48:00,99.09,99.19,99.09,99.1,170.31953539
2023-04-18 01:47:00,99.06,99.12,99.11,99.09,60.58435108
2023-04-18 01:46:00,99.1,99.15,99.13,99.11,23.5983795
2023-04-18 01:45:00,99.08,99.16,99.1,99.16,17.54477885
2023-04-18 01:44:00,99.05,99.13,99.1,99.12,18.52927382
2023-04-18 01:43:00,99.02,99.16,99.03,99.11,52.87397097
2023-04-18 01:42:00,98.97,99.11,99.0,99.07,20.38359769
2023-04-18 11:42:00,102.86,102.96,102.93,102.93,84.467153
2023-04-18 11:41:00,102.91,103.09,103.05,102.93,123.3553518
2023-04-18 11:40:00,102.84,103.42,102.85,103.05,1557.84994163
2023-04-18 11:39:00,102.71,102.94,102.71,102.86,612.75602056
2023-04-18 11:38:00,102.57,102.7,102.62,102.7,150.10186651
2023-04-18 11:37:00,102.51,102.66,102.53,102.62,133.42851816
2023-04-18 11:36:00,102.47,102.56,102.5,102.51,114.28493801
2023-04-18 11:35:00,102.43,102.5,102.47,102.47,7.44266215
2023-04-18 11:34:00,102.4,102.47,102.43,102.45,9.79973518
2023-04-18 11:33:00,102.38,102.46,102.46,102.4,87.62931492
2023-04-18 11:32:00,102.44,102.6,102.49,102.5,109.14234105
2023-04-18 11:31:00,102.11,102.43,102.2,102.43,968.96835867
2023-04-18 11:30:00,102.08,102.21,102.09,102.17,52.51789721
2023-04-18 11:29:00,102.14,102.19,102.18,102.14,9.9217395
2023-04-18 11:28:00,102.17,102.2,102.17,102.18,5.97498755
2023-04-18 11:27:00,102.17,102.29,102.28,102.2,66.89667121
2023-04-18 11:26:00,102.18,102.26,102.18,102.24,33.54322312
2023-04-18 11:25:00,101.99,102.19,102.03,102.18,145.38619991
2023-04-18 11:24:00,101.96,102.0,101.96,101.97,24.02845706
2023-04-18 11:23:00,101.92,102.1,102.06,101.99,109.85918367
2023-04-18 11:22:00,101.97,102.07,101.99,102.07,113.05782995
2023-04-18 11:21:00,101.97,102.02,101.98,101.97,10.23197846
2023-04-18 11:20:00,101.93,102.02,101.95,101.95,16.16793459
2023-04-18 11:19:00,101.88,101.97,101.88,101.96,33.31222745
2023-04-18 11:18:00,101.78,101.87,101.78,101.87,8.76782767
2023-04-18 11:17:00,101.8,101.86,101.83,101.82,10.5882003
2023-04-18 11:16:00,101.81,101.87,101.86,101.82,30.94875648
2023-04-18 11:15:00,101.85,101.88,101.87,101.88,13.13985008
2023-04-18 11:14:00,101.88,101.91,101.88,101.88,16.94195629
2023-04-18 11:13:00,101.88,101.92,101.9,101.88,9.40363852
2023-04-18 11:12:00,101.87,101.94,101.94,101.92,26.06896686
2023-04-18 11:11:00,101.96,101.97,101.96,101.97,1.46816009
2023-04-18 11:10:00,101.95,102.02,102.01,101.96,12.97895879
2023-04-18 11:09:00,102.0,102.05,102.03,102.02,16.98442992
2023-04-18 11:08:00,102.06,102.11,102.06,102.11,31.32247117
2023-04-18 11:07:00,102.06,102.1,102.08,102.08,14.79389016
2023-04-18 11:06:00,102.07,102.11,102.09,102.11,10.69645895
2023-04-18 11:05:00,101.97,102.09,101.99,102.09,40.87158138
2023-04-18 11:04:00,101.93,102.02,101.95,102.02,47.26748797
2023-04-18 11:03:00,101.95,101.97,101.95,101.97,4.94883061
2023-04-18 11:02:00,101.93,101.98,101.96,101.98,56.64860673
2023-04-18 11:01:00,101.94,101.98,101.94,101.95,9.43419295
2023-04-18 11:00:00,101.93,101.98,101.94,101.98,40.45457719
2023-04-18 10:59:00,101.96,101.99,101.96,101.97,17.14019735
2023-04-18 10:58:00,101.98,102.06,102.02,101.98,77.96746604
2023-04-18 10:57:00,102.02,102.08,102.05,102.06,15.70785476
2023-04-18 10:56:00,102.01,102.05,102.03,102.05,2.59432911
2023-04-18 10:55:00,101.93,102.03,101.94,102.03,12.34356627
2023-04-18 10:54:00,101.96,101.97,101.96,101.97,20.36959275
2023-04-18 10:53:00,101.95,102.04,102.04,101.96,23.65183793
2023-04-18 10:52:00,102.0,102.05,102.03,102.03,34.77378378
2023-04-18 10:51:00,102.04,102.09,102.06,102.04,9.80956246
2023-04-18 10:50:00,102.03,102.14,102.03,102.1,54.31839589
2023-04-18 10:49:00,101.99,102.1,102.1,102.05,15.44365917
2023-04-18 10:48:00,101.94,102.09,101.94,102.09,32.35246931
2023-04-18 10:47:00,101.81,101.94,101.81,101.93,18.72194557
2023-04-18 10:46:00,101.77,101.82,101.82,101.79,56.49865862
2023-04-18 10:45:00,101.75,101.85,101.75,101.83,455.1392959
2023-04-18 10:44:00,101.77,101.85,101.85,101.77,22.8593314
2023-04-18 10:43:00,101.8,101.86,101.82,101.84,55.24490352
2023-04-18 10:42:00,101.83,101.86,101.86,101.83,3.55447395
2023-04-18 10:41:00,101.86,101.99,101.99,101.86,35.94096011
2023-04-18 10:40:00,101.88,102.01,101.89,102.01,29.61268701
2023-04-18 10:39:00,101.91,101.95,101.95,101.91,6.6601544
2023-04-18 10:38:00,101.93,101.96,101.94,101.95,7.1104673
2023-04-18 10:37:00,101.86,101.91,101.91,101.89,11.80105876
2023-04-18 10:36:00,101.91,101.97,101.97,101.91,32.273602
2023-04-18 10:35:00,101.94,101.97,101.96,101.97,11.97466471
2023-04-18 10:34:00,101.94,102.0,101.98,101.95,61.53734224
2023-04-18 10:33:00,101.91,101.99,101.91,101.99,20.98914344
2023-04-18 10:32:00,101.88,101.95,101.91,101.94,13.67308054
2023-04-18 10:31:00,101.88,101.93,101.93,101.88,1.94813151
2023-04-18 10:30:00,101.88,101.96,101.88,101.93,26.03810159
2023-04-18 10:29:00,101.81,101.88,101.87,101.88,17.64844704
2023-04-18 10:28:00,101.81,101.92,101.89,101.89,111.26560892
2023-04-18 10:27:00,101.87,101.91,101.89,101.89,6.84838763
2023-04-18 10:26:00,101.82,101.9,101.82,101.9,72.24134377
2023-04-18 10:25:00,101.85,101.93,101.92,101.85,5.5242858
2023-04-18 10:24:00,101.92,101.99,101.96,101.92,60.47312806
2023-04-18 10:23:00,101.94,101.97,101.97,101.95,2.57127084
2023-04-18 10:22:00,101.9,101.99,101.99,101.95,54.46148936
2023-04-18 10:21:00,101.96,102.05,102.04,101.99,56.67127762
2023-04-18 10:20:00,102.02,102.05,102.02,102.05,12.45766273
2023-04-18 10:19:00,101.98,102.04,102.04,102.03,72.89372174
2023-04-18 10:18:00,102.04,102.12,102.12,102.04,18.87497783
2023-04-18 10:17:00,102.04,102.1,102.05,102.1,77.97286669
2023-04-18 10:16:00,102.05,102.14,102.1,102.05,68.63313252
2023-04-18 10:15:00,102.08,102.14,102.08,102.09,12.4309815
2023-04-18 10:14:00,102.09,102.09,102.09,102.09,1.31521337
2023-04-18 10:13:00,102.04,102.1,102.09,102.1,169.03797422
2023-04-18 10:12:00,102.07,102.13,102.11,102.07,3.96194938
2023-04-18 10:11:00,102.07,102.14,102.12,102.12,24.24613144
2023-04-18 10:10:00,102.13,102.2,102.13,102.15,9.15874571
2023-04-18 10:09:00,102.06,102.12,102.12,102.09,34.07615327
2023-04-18 10:08:00,102.11,102.15,102.15,102.14,28.9619097
2023-04-18 10:07:00,102.16,102.21,102.2,102.21,8.94684653
2023-04-18 10:06:00,102.22,102.24,102.23,102.23,7.94950458
2023-04-18 10:05:00,102.21,102.32,102.29,102.24,20.33556547
2023-04-18 10:04:00,102.27,102.32,102.32,102.3,24.17668022
2023-04-18 10:03:00,102.31,102.43,102.41,102.31,18.56011195
2023-04-18 10:02:00,102.37,102.43,102.4,102.43,45.07960977
2023-04-18 10:01:00,102.33,102.41,102.33,102.41,27.9854587
2023-04-18 10:00:00,102.32,102.38,102.32,102.34,57.32953168
2023-04-18 09:59:00,102.27,102.34,102.31,102.34,24.15590862
2023-04-18 09:58:00,102.3,102.35,102.35,102.3,39.85320457
2023-04-18 09:57:00,102.3,102.34,102.34,102.34,23.16493527
2023-04-18 09:56:00,102.31,102.4,102.38,102.35,61.38879758
2023-04-18 09:55:00,102.3,102.41,102.3,102.38,22.62338738
2023-04-18 09:54:00,102.28,102.36,102.29,102.34,133.45344712
2023-04-18 09:53:00,102.27,102.31,102.3,102.28,15.83958344
2023-04-18 09:52:00,102.26,102.32,102.26,102.3,41.01863905
2023-04-18 09:51:00,102.21,102.28,102.22,102.27,16.42928478
2023-04-18 09:50:00,102.17,102.24,102.21,102.24,118.92683594
2023-04-18 09:49:00,102.19,102.25,102.23,102.22,48.62442942
2023-04-18 09:48:00,102.17,102.25,102.21,102.24,54.32521764
2023-04-18 09:47:00,102.15,102.26,102.25,102.22,31.89200484
2023-04-18 09:46:00,102.12,102.29,102.27,102.21,89.08855948
2023-04-18 09:45:00,102.21,102.39,102.39,102.3,738.90408353
2023-04-18 09:44:00,102.41,102.47,102.42,102.44,13.02981665
2023-04-18 09:43:00,102.4,102.48,102.47,102.46,26.55255916
2023-04-18 09:42:00,102.42,102.5,102.42,102.48,55.36716236
2023-04-18 09:41:00,102.28,102.4,102.28,102.38,18.97211235
2023-04-18 09:40:00,102.25,102.32,102.32,102.27,22.95493434
2023-04-18 09:39:00,102.31,102.39,102.33,102.32,21.05505451
2023-04-18 09:38:00,102.34,102.39,102.35,102.35,62.04225734
2023-04-18 09:37:00,102.24,102.35,102.27,102.31,20.16496168
2023-04-18 09:36:00,102.03,102.28,102.1,102.28,459.92628436
2023-04-18 09:35:00,102.08,102.14,102.1,102.11,40.18450288
2023-04-18 09:34:00,102.09,102.23,102.23,102.11,74.30725607
2023-04-18 09:33:00,102.16,102.25,102.25,102.18,10.34144289
2023-04-18 09:32:00,102.17,102.25,102.2,102.24,22.84124968
2023-04-18 09:31:00,102.25,102.33,102.31,102.29,29.64533591
2023-04-18 09:30:00,102.19,102.31,102.28,102.29,94.4582906
2023-04-18 09:29:00,102.29,102.36,102.3,102.32,94.85639014
2023-04-18 09:28:00,102.21,102.31,102.25,102.31,42.44567181
2023-04-18 09:27:00,102.21,102.29,102.21,102.24,47.88806408
2023-04-18 09:26:00,102.13,102.21,102.14,102.19,81.05746362
2023-04-18 09:25:00,102.03,102.15,102.03,102.13,87.97380699
2023-04-18 09:24:00,102.02,102.06,102.04,102.03,22.31265574
2023-04-18 09:23:00,102.04,102.14,102.11,102.04,57.3820632
2023-04-18 09:22:00,102.14,102.2,102.19,102.15,51.28355931
2023-04-18 09:21:00,102.18,102.23,102.19,102.18,40.86065266
2023-04-18 09:20:00,102.11,102.26,102.11,102.19,94.16093613
2023-04-18 09:19:00,102.06,102.2,102.17,102.1,26.86922456
2023-04-18 09:18:00,101.96,102.17,101.97,102.17,220.45494648
2023-04-18 09:17:00,101.93,102.0,101.99,101.97,164.01704257
2023-04-18 09:16:00,101.95,102.05,102.02,101.96,31.46475412
2023-04-18 09:15:00,101.98,102.04,102.04,102.03,16.07249753
2023-04-18 09:14:00,101.99,102.12,102.1,102.04,115.91705085
2023-04-18 09:13:00,102.08,102.19,102.17,102.09,22.15347583
2023-04-18 09:12:00,102.08,102.2,102.2,102.16,56.04452121
2023-04-18 09:11:00,102.17,102.31,102.3,102.2,17.77816356
2023-04-18 09:10:00,102.11,102.27,102.16,102.27,56.23029795
2023-04-18 09:09:00,102.13,102.18,102.16,102.15,49.88787106
2023-04-18 09:08:00,102.07,102.2,102.16,102.17,71.6845611
2023-04-18 09:07:00,102.14,102.19,102.14,102.18,10.9352933
2023-04-18 09:06:00,102.09,102.16,102.14,102.13,17.16722811
2023-04-18 09:05:00,102.1,102.2,102.1,102.14,75.43482573
2023-04-18 09:04:00,102.11,102.19,102.16,102.11,28.88070734
2023-04-18 09:03:00,102.16,102.21,102.21,102.17,15.6564085
2023-04-18 09:02:00,102.19,102.35,102.3,102.19,37.32281183
2023-04-18 09:01:00,102.21,102.39,102.37,102.29,99.81364579
2023-04-18 09:00:00,102.24,102.5,102.29,102.42,208.285677
2023-04-18 08:59:00,102.25,102.32,102.32,102.25,12.52441459
2023-04-18 08:58:00,102.35,102.39,102.36,102.35,61.56946323
2023-04-18 08:57:00,102.29,102.37,102.31,102.37,101.51747501
2023-04-18 08:56:00,102.29,102.33,102.31,102.3,11.62898646
2023-04-18 08:55:00,102.24,102.35,102.35,102.32,100.12872973
2023-04-18 08:54:00,102.3,102.4,102.4,102.33,328.88530119
2023-04-18 08:53:00,102.36,102.41,102.38,102.4,85.49413925
2023-04-18 08:52:00,102.35,102.53,102.53,102.4,101.70368082
2023-04-18 08:51:00,102.43,102.64,102.51,102.49,1324.25470142
2023-04-18 08:50:00,102.27,102.55,102.32,102.52,1867.58826953
2023-04-18 08:49:00,101.97,102.64,102.12,102.34,4608.20066608
2023-04-18 08:48:00,102.05,102.15,102.05,102.14,44.02375266
2023-04-18 08:47:00,102.02,102.09,102.05,102.06,62.77223161
2023-04-18 08:46:00,102.02,102.3,102.3,102.02,422.26484548
2023-04-18 08:45:00,102.16,102.3,102.18,102.3,144.79066261
2023-04-18 08:44:00,102.19,102.32,102.32,102.22,5.96980196
2023-04-18 08:43:00,102.26,102.45,102.26,102.4,176.73620849
2023-04-18 08:42:00,102.25,102.45,102.25,102.3,187.83807037
2023-04-18 08:41:00,102.08,102.26,102.1,102.26,389.93695403
2023-04-18 08:40:00,101.89,102.09,101.89,102.09,164.24000578
2023-04-18 08:39:00,101.78,101.87,101.8,101.86,69.90154148
2023-04-18 08:38:00,101.73,101.8,101.73,101.8,72.6875668
2023-04-18 08:37:00,101.69,101.83,101.81,101.72,84.90380109
2023-04-18 08:36:00,101.8,101.93,101.93,101.8,316.73333567
2023-04-18 08:35:00,101.84,101.9,101.87,101.9,31.0626556
2023-04-18 08:34:00,101.82,101.9,101.9,101.9,367.7195137
2023-04-18 08:33:00,101.89,101.92,101.9,101.9,19.47093479
2023-04-18 08:32:00,101.9,101.9,101.9,101.9,1.99959675
2023-04-18 08:31:00,101.89,102.01,102.0,101.91,111.09198762
2023-04-18 08:30:00,101.98,102.05,102.0,101.98,90.33005584
2023-04-18 08:29:00,101.78,102.04,101.79,102.02,1082.93466913
2023-04-18 08:28:00,101.78,101.87,101.86,101.8,12.97987025
2023-04-18 08:27:00,101.8,102.01,102.01,101.84,380.62067646
2023-04-18 08:26:00,102.02,102.06,102.02,102.06,4.00973447
2023-04-18 08:25:00,101.93,102.03,101.99,102.03,39.28660536
2023-04-18 08:24:00,101.98,102.06,102.06,101.99,3.84148882
2023-04-18 08:23:00,102.05,102.1,102.1,102.05,26.46800924
2023-04-18 08:22:00,102.03,102.09,102.04,102.08,106.70960133
2023-04-18 08:21:00,101.96,102.06,101.98,102.04,157.27817227
2023-04-18 08:20:00,101.98,102.04,101.98,101.98,88.15605226
2023-04-18 08:19:00,102.0,102.08,102.05,102.0,7.72187579
2023-04-18 08:18:00,102.05,102.11,102.11,102.05,155.175038
2023-04-18 08:17:00,101.91,102.1,101.96,102.1,591.41826881
2023-04-18 08:16:00,102.0,102.12,102.05,102.0,104.84333059
2023-04-18 08:15:00,101.86,102.07,101.9,102.07,95.40387861
2023-04-18 08:14:00,101.81,101.89,101.84,101.89,10.80527801
2023-04-18 08:13:00,101.78,101.8,101.79,101.8,3.53406019
2023-04-18 08:12:00,101.75,101.81,101.79,101.78,19.80242514
2023-04-18 08:11:00,101.7,101.8,101.72,101.8,75.04915515
2023-04-18 08:10:00,101.72,101.78,101.78,101.73,15.34634322
2023-04-18 08:09:00,101.74,101.81,101.81,101.79,66.95445371
2023-04-18 08:08:00,101.83,101.88,101.85,101.83,11.66517637
2023-04-18 08:07:00,101.84,101.91,101.9,101.85,261.55880771
2023-04-18 08:06:00,101.76,101.91,101.79,101.91,45.11367818
2023-04-18 08:05:00,101.79,101.87,101.87,101.79,17.30082249
2023-04-18 08:04:00,101.84,101.89,101.84,101.88,23.34790389
2023-04-18 08:03:00,101.68,101.9,101.69,101.84,438.74963881
2023-04-18 08:02:00,101.68,101.74,101.74,101.69,51.20192589
2023-04-18 08:01:00,101.74,101.81,101.77,101.78,58.54013506
2023-04-18 08:00:00,101.74,101.83,101.75,101.74,36.7641933
2023-04-18 07:59:00,101.69,101.76,101.7,101.76,40.83814478
2023-04-18 07:58:00,101.58,101.75,101.62,101.72,73.410529
2023-04-18 07:57:00,101.58,101.69,101.67,101.58,87.99259246
2023-04-18 07:56:00,101.65,101.77,101.72,101.65,59.76543147
2023-04-18 07:55:00,101.69,101.74,101.71,101.74,5.69752215
2023-04-18 07:54:00,101.69,101.73,101.71,101.71,8.51445708
2023-04-18 07:53:00,101.67,101.75,101.73,101.68,14.20501127
2023-04-18 07:52:00,101.73,101.87,101.84,101.74,27.81216235
2023-04-18 07:51:00,101.82,101.88,101.84,101.85,11.94372828
2023-04-18 07:50:00,101.76,101.87,101.87,101.79,18.63207903
2023-04-18 07:49:00,101.72,101.88,101.72,101.88,93.51670593
2023-04-18 07:48:00,101.66,101.73,101.66,101.71,47.62105141
2023-04-18 07:47:00,101.55,101.66,101.55,101.66,70.83074505
2023-04-18 07:46:00,101.49,101.55,101.49,101.53,95.27610137
2023-04-18 07:45:00,101.44,101.49,101.44,101.49,42.49677929
2023-04-18 07:44:00,101.42,101.49,101.42,101.44,37.28662455
2023-04-18 07:43:00,101.45,101.5,101.45,101.46,35.62095414
2023-04-18 07:42:00,101.44,101.51,101.51,101.45,7.95099065
2023-04-18 07:41:00,101.55,101.63,101.59,101.55,81.27619727
2023-04-18 07:40:00,101.58,101.62,101.58,101.62,14.4395988
2023-04-18 07:39:00,101.53,101.61,101.57,101.58,16.14016237
2023-04-18 07:38:00,101.46,101.58,101.48,101.58,90.14280259
2023-04-18 07:37:00,101.43,101.49,101.43,101.47,18.50059129
2023-04-18 07:36:00,101.44,101.53,101.5,101.48,131.37772505
2023-04-18 07:35:00,101.48,101.58,101.48,101.5,161.62765045
2023-04-18 07:34:00,101.46,101.58,101.56,101.48,87.13626294
2023-04-18 07:33:00,101.47,101.55,101.48,101.53,90.13094673
2023-04-18 07:32:00,101.46,101.49,101.48,101.48,10.22937255
2023-04-18 07:31:00,101.44,101.5,101.45,101.5,21.45395844
2023-04-18 07:30:00,101.44,101.57,101.54,101.45,63.46674265
2023-04-18 07:29:00,101.47,101.56,101.53,101.56,71.13444136
2023-04-18 07:28:00,101.51,101.59,101.58,101.51,74.40600557
2023-04-18 07:27:00,101.56,101.61,101.59,101.56,56.53045443
2023-04-18 07:26:00,101.59,101.64,101.59,101.59,68.02143864
2023-04-18 07:25:00,101.59,101.7,101.66,101.6,125.31019034
2023-04-18 07:24:00,101.64,101.71,101.67,101.66,20.57387036
2023-04-18 07:23:00,101.66,101.7,101.67,101.68,10.63085954
2023-04-18 07:22:00,101.6,101.68,101.61,101.65,103.10068325
2023-04-18 07:21:00,101.58,101.64,101.6,101.58,49.19092793
2023-04-18 07:20:00,101.56,101.61,101.56,101.61,20.93532549
2023-04-18 07:19:00,101.55,101.61,101.56,101.55,46.71728274
2023-04-18 07:18:00,101.53,101.56,101.55,101.54,16.96238197
2023-04-18 07:17:00,101.52,101.61,101.59,101.54,55.86437021
2023-04-18 07:16:00,101.39,101.59,101.45,101.59,321.44287329
2023-04-18 07:15:00,101.43,101.6,101.6,101.44,93.86662755
2023-04-18 07:14:00,101.5,101.62,101.5,101.59,60.76950506
2023-04-18 07:13:00,101.45,101.52,101.5,101.5,48.27829653
2023-04-18 07:12:00,101.45,101.58,101.58,101.52,431.19322786
2023-04-18 07:11:00,101.57,101.62,101.62,101.57,14.77065679
2023-04-18 07:10:00,101.59,101.65,101.64,101.61,83.69260096
2023-04-18 07:09:00,101.56,101.64,101.59,101.61,19.4894476
2023-04-18 07:08:00,101.58,101.66,101.63,101.59,19.81227543
2023-04-18 07:07:00,101.58,101.83,101.81,101.63,804.03975789
2023-04-18 07:06:00,101.8,101.91,101.91,101.82,407.8831004
2023-04-18 07:05:00,101.74,101.95,101.74,101.92,1121.36984695
2023-04-18 07:04:00,101.71,101.77,101.71,101.74,21.97508856
2023-04-18 07:03:00,101.68,101.76,101.72,101.68,44.33673847
2023-04-18 07:02:00,101.69,101.76,101.75,101.69,61.51881294
2023-04-18 07:01:00,101.75,101.97,101.93,101.75,95.08003358
2023-04-18 07:00:00,101.83,101.9,101.83,101.87,99.81756937
2023-04-18 06:59:00,101.81,101.87,101.83,101.84,42.00566198
2023-04-18 06:58:00,101.8,102.0,101.98,101.83,181.08789958
2023-04-18 06:57:00,101.86,101.96,101.87,101.96,276.88585309
2023-04-18 06:56:00,101.85,101.99,101.98,101.86,87.31709139
2023-04-18 06:55:00,101.98,102.06,102.05,101.99,13.15719423
2023-04-18 06:54:00,102.01,102.07,102.01,102.05,7.57879497
2023-04-18 06:53:00,102.0,102.04,102.01,102.02,48.66512461
2023-04-18 06:52:00,102.01,102.09,102.04,102.06,67.69578044
2023-04-18 06:51:00,101.9,102.07,101.92,102.07,222.41295535
2023-04-18 06:50:00,101.85,101.92,101.87,101.92,43.54980368
2023-04-18 06:49:00,101.86,101.89,101.87,101.87,16.75617882
2023-04-18 06:48:00,101.86,101.89,101.86,101.87,11.30384437
2023-04-18 06:47:00,101.83,101.89,101.87,101.84,83.47634532
2023-04-18 06:46:00,101.84,101.89,101.87,101.87,72.56587655
2023-04-18 06:45:00,101.85,101.91,101.85,101.85,17.09830602
2023-04-18 06:44:00,101.87,101.96,101.95,101.87,16.98141798
2023-04-18 06:43:00,101.87,101.93,101.9,101.91,34.88687687
2023-04-18 06:42:00,101.88,101.94,101.88,101.9,25.9532402
2023-04-18 16:42:00,101.33,101.4,101.37,101.4,5.75851989
2023-04-18 16:41:00,101.32,101.38,101.34,101.38,17.25591758
2023-04-18 16:40:00,101.28,101.38,101.29,101.34,44.81994865
2023-04-18 16:39:00,101.29,101.38,101.36,101.31,58.39473949
2023-04-18 16:38:00,101.18,101.35,101.18,101.32,27.58025682
2023-04-18 16:37:00,101.18,101.22,101.21,101.2,53.8851214
2023-04-18 16:36:00,101.19,101.23,101.23,101.21,13.83608002
2023-04-18 16:35:00,101.1,101.17,101.11,101.15,41.1807936
2023-04-18 16:34:00,101.07,101.14,101.14,101.09,18.04366125
2023-04-18 16:33:00,101.14,101.22,101.17,101.15,37.36878617
2023-04-18 16:32:00,101.12,101.22,101.22,101.17,114.9017484
2023-04-18 16:31:00,101.22,101.3,101.3,101.22,107.74987177
2023-04-18 16:30:00,101.29,101.35,101.34,101.29,94.25830755
2023-04-18 16:29:00,101.29,101.38,101.38,101.29,16.50906896
2023-04-18 16:28:00,101.36,101.4,101.39,101.39,39.46252672
2023-04-18 16:27:00,101.37,101.46,101.42,101.39,112.65417746
2023-04-18 16:26:00,101.3,101.44,101.3,101.42,295.22043395
2023-04-18 16:25:00,101.22,101.36,101.22,101.35,140.33711695
2023-04-18 16:24:00,101.22,101.25,101.24,101.24,17.99360905
2023-04-18 16:23:00,101.25,101.27,101.26,101.27,7.49334858
2023-04-18 16:22:00,101.24,101.29,101.25,101.27,35.02505091
2023-04-18 16:21:00,101.22,101.3,101.28,101.22,137.77339429
2023-04-18 16:20:00,101.22,101.27,101.24,101.25,36.62502376
2023-04-18 16:19:00,101.23,101.28,101.24,101.27,63.75741742
2023-04-18 16:18:00,101.23,101.26,101.24,101.25,21.27641006
2023-04-18 16:17:00,101.23,101.27,101.27,101.25,149.81350001
2023-04-18 16:16:00,101.27,101.34,101.27,101.28,21.23917586
2023-04-18 16:15:00,101.28,101.36,101.35,101.28,63.91899641
2023-04-18 16:14:00,101.31,101.4,101.31,101.35,464.61813998
2023-04-18 16:13:00,101.25,101.33,101.27,101.29,26.17569985
2023-04-18 16:12:00,101.24,101.27,101.27,101.27,26.56783322
2023-04-18 16:11:00,101.27,101.28,101.27,101.27,31.10577494
2023-04-18 16:10:00,101.21,101.26,101.23,101.24,7.25752426
2023-04-18 16:09:00,101.22,101.26,101.25,101.26,21.95166736
2023-04-18 16:08:00,101.22,101.25,101.23,101.23,76.70190462
2023-04-18 16:07:00,101.12,101.25,101.12,101.25,47.63956744
2023-04-18 16:06:00,101.09,101.13,101.11,101.12,9.91742499
2023-04-18 16:05:00,101.07,101.11,101.07,101.1,17.3052711
2023-04-18 16:04:00,101.07,101.12,101.12,101.09,32.89614282
2023-04-18 16:03:00,101.11,101.19,101.17,101.11,77.8205569
2023-04-18 16:02:00,101.16,101.22,101.17,101.19,47.11469799
2023-04-18 16:01:00,101.05,101.16,101.08,101.16,11.13763933
2023-04-18 16:00:00,101.1,101.21,101.2,101.1,199.31215153
2023-04-18 15:59:00,101.18,101.22,101.21,101.21,10.01428411
2023-04-18 15:58:00,101.16,101.21,101.21,101.19,52.64962874
2023-04-18 15:57:00,101.17,101.21,101.19,101.19,10.45861719
2023-04-18 15:56:00,101.14,101.2,101.17,101.19,25.5805924
2023-04-18 15:55:00,101.18,101.21,101.18,101.19,91.75721375
2023-04-18 15:54:00,101.07,101.17,101.15,101.17,47.11547183
2023-04-18 15:53:00,101.14,101.19,101.16,101.15,6.5024161
2023-04-18 15:52:00,101.15,101.25,101.25,101.17,10.00823454
2023-04-18 15:51:00,101.12,101.25,101.13,101.25,13.47918607
2023-04-18 15:50:00,101.13,101.2,101.16,101.17,34.07216079
2023-04-18 15:49:00,101.16,101.21,101.17,101.16,13.41766333
2023-04-18 15:48:00,101.07,101.2,101.11,101.16,27.68276201
2023-04-18 15:47:00,101.04,101.15,101.15,101.09,67.57126668
2023-04-18 15:46:00,101.12,101.18,101.13,101.16,35.55536765
2023-04-18 15:45:00,101.12,101.24,101.22,101.15,83.99156964
2023-04-18 15:44:00,101.19,101.24,101.2,101.23,34.99956602
2023-04-18 15:43:00,101.19,101.26,101.2,101.24,39.4360024
2023-04-18 15:42:00,101.08,101.22,101.11,101.16,382.33192552
2023-04-18 15:41:00,100.88,101.11,100.89,101.1,123.782631
2023-04-18 15:40:00,100.82,100.92,100.84,100.89,65.17575324
2023-04-18 15:39:00,100.84,100.95,100.94,100.88,99.73298524
2023-04-18 15:38:00,100.96,101.05,101.05,100.96,138.66253035
2023-04-18 15:37:00,101.02,101.07,101.05,101.04,55.46999965
2023-04-18 15:36:00,101.05,101.09,101.06,101.06,107.68015163
2023-04-18 15:35:00,100.9,101.07,100.94,101.06,329.68447852
2023-04-18 15:34:00,100.94,101.0,100.98,100.94,62.16715707
2023-04-18 15:33:00,100.97,101.08,101.06,101.0,30.61248848
2023-04-18 15:32:00,100.99,101.07,101.03,101.07,48.21789598
2023-04-18 15:31:00,100.98,101.09,101.01,101.03,82.23001343
2023-04-18 15:30:00,100.95,101.12,101.12,101.0,197.3548944
2023-04-18 15:29:00,101.04,101.12,101.04,101.12,79.5264794
2023-04-18 15:28:00,101.0,101.08,101.02,101.04,25.64207345
2023-04-18 15:27:00,100.84,101.04,100.86,101.0,50.34596169
2023-04-18 15:26:00,100.85,100.97,100.97,100.86,176.14542785
2023-04-18 15:25:00,100.93,101.06,100.95,100.99,104.79008108
2023-04-18 15:24:00,100.96,101.05,101.04,100.98,132.31830755
2023-04-18 15:23:00,101.0,101.06,101.05,101.06,154.19269354
2023-04-18 15:22:00,100.98,101.07,101.03,101.01,99.10177587
2023-04-18 15:21:00,100.99,101.18,101.18,101.03,491.44231658
2023-04-18 15:20:00,101.17,101.26,101.22,101.18,364.11688602
2023-04-18 15:19:00,101.2,101.26,101.24,101.22,62.28606107
2023-04-18 15:18:00,101.23,101.31,101.31,101.25,218.39289441
2023-04-18 15:17:00,101.24,101.33,101.33,101.26,241.45168119
2023-04-18 15:16:00,101.26,101.34,101.26,101.34,193.51617123
2023-04-18 15:15:00,101.21,101.31,101.23,101.27,240.56698377
2023-04-18 15:14:00,101.21,101.33,101.32,101.25,78.09370391
2023-04-18 15:13:00,101.33,101.42,101.39,101.33,112.5507644
2023-04-18 15:12:00,101.38,101.51,101.48,101.39,162.33494729
2023-04-18 15:11:00,101.34,101.49,101.38,101.47,200.32380865
2023-04-18 15:10:00,101.41,101.47,101.47,101.41,37.87178474
2023-04-18 15:09:00,101.43,101.51,101.44,101.48,118.58049204
2023-04-18 15:08:00,101.42,101.57,101.56,101.44,68.83492092
2023-04-18 15:07:00,101.54,101.59,101.54,101.56,57.83331384
2023-04-18 15:06:00,101.47,101.58,101.48,101.58,27.47266656
2023-04-18 15:05:00,101.4,101.6,101.46,101.47,320.78442349
2023-04-18 15:04:00,101.36,101.51,101.38,101.45,331.38780894
2023-04-18 15:03:00,101.38,101.63,101.63,101.4,399.51505252
2023-04-18 15:02:00,101.62,101.74,101.64,101.63,653.34997863
2023-04-18 15:01:00,101.58,101.7,101.7,101.63,51.55019198
2023-04-18 15:00:00,101.62,101.76,101.62,101.69,127.70057408
2023-04-18 14:59:00,101.56,101.67,101.57,101.62,23.78731277
2023-04-18 14:58:00,101.59,101.66,101.63,101.59,59.89840425
2023-04-18 14:57:00,101.61,101.79,101.73,101.66,64.08916147
2023-04-18 14:56:00,101.65,101.75,101.67,101.71,101.79638629
2023-04-18 14:55:00,101.63,101.71,101.67,101.69,20.38954962
2023-04-18 14:54:00,101.53,101.71,101.58,101.67,75.8984815
2023-04-18 14:53:00,101.56,101.66,101.62,101.58,75.4750574
2023-04-18 14:52:00,101.56,101.7,101.57,101.59,234.72195095
2023-04-18 14:51:00,101.24,101.59,101.27,101.59,289.05233767
2023-04-18 14:50:00,101.25,101.41,101.33,101.29,85.2647336
2023-04-18 14:49:00,101.38,101.48,101.45,101.38,51.43234135
2023-04-18 14:48:00,101.34,101.45,101.34,101.45,6.45333226
2023-04-18 14:47:00,101.33,101.42,101.37,101.33,14.10874551
2023-04-18 14:46:00,101.37,101.5,101.49,101.39,356.83527754
2023-04-18 14:45:00,101.51,101.56,101.54,101.52,117.20392443
2023-04-18 14:44:00,101.53,101.59,101.57,101.54,22.91294119
2023-04-18 14:43:00,101.56,101.68,101.67,101.59,122.08724569
2023-04-18 14:42:00,101.59,101.67,101.64,101.67,23.61823764
2023-04-18 14:41:00,101.54,101.75,101.54,101.66,227.31509654
2023-04-18 14:40:00,101.46,101.56,101.51,101.46,115.78823178
2023-04-18 14:39:00,101.31,101.54,101.36,101.5,345.25966582
2023-04-18 14:38:00,101.29,101.37,101.33,101.37,145.80787445
2023-04-18 14:37:00,101.32,101.36,101.35,101.33,170.16730368
2023-04-18 14:36:00,101.28,101.35,101.28,101.34,39.05514557
2023-04-18 14:35:00,101.24,101.31,101.25,101.29,139.41977566
2023-04-18 14:34:00,101.24,101.33,101.24,101.27,106.21760428
2023-04-18 14:33:00,101.19,101.3,101.2,101.27,118.1945456
2023-04-18 14:32:00,101.0,101.17,101.0,101.16,30.73780693
2023-04-18 14:31:00,100.82,101.01,100.82,101.0,48.35846972
2023-04-18 14:30:00,100.75,101.1,101.1,100.85,412.53164011
2023-04-18 14:29:00,100.99,101.09,101.01,101.09,153.58175537
2023-04-18 14:28:00,101.05,101.18,101.17,101.05,70.12058861
2023-04-18 14:27:00,101.06,101.23,101.1,101.15,297.86117047
2023-04-18 14:26:00,101.08,101.17,101.16,101.13,66.05195513
2023-04-18 14:25:00,101.15,101.31,101.29,101.17,303.22010618
2023-04-18 14:24:00,101.29,101.43,101.43,101.29,32.9973368
2023-04-18 14:23:00,101.36,101.42,101.38,101.42,22.98482402
2023-04-18 14:22:00,101.22,101.43,101.4,101.34,458.54998993
2023-04-18 14:21:00,101.34,101.42,101.34,101.42,42.98470655
2023-04-18 14:20:00,101.31,101.36,101.32,101.31,97.7491368
2023-04-18 14:19:00,101.34,101.38,101.36,101.35,96.68018048
2023-04-18 14:18:00,101.35,101.39,101.36,101.37,50.41973008
2023-04-18 14:17:00,101.34,101.38,101.37,101.36,131.75505874
2023-04-18 14:16:00,101.28,101.35,101.28,101.35,239.56589113
2023-04-18 14:15:00,101.26,101.31,101.26,101.28,125.18720281
2023-04-18 14:14:00,101.28,101.33,101.32,101.28,84.28113528
2023-04-18 14:13:00,101.3,101.34,101.3,101.33,23.5260987
2023-04-18 14:12:00,101.25,101.3,101.26,101.29,33.44730611
2023-04-18 14:11:00,101.23,101.28,101.26,101.27,52.51671208
2023-04-18 14:10:00,101.21,101.31,101.26,101.24,152.36560398
2023-04-18 14:09:00,101.25,101.36,101.25,101.26,77.97992256
2023-04-18 14:08:00,101.21,101.27,101.22,101.23,80.23520827
2023-04-18 14:07:00,101.2,101.31,101.2,101.27,168.52798805
2023-04-18 14:06:00,101.2,101.29,101.25,101.2,56.35492353
2023-04-18 14:05:00,101.07,101.22,101.07,101.21,177.08447984
2023-04-18 14:04:00,101.0,101.24,101.24,101.07,354.4383286
2023-04-18 14:03:00,101.07,101.31,101.26,101.27,503.4468027
2023-04-18 14:02:00,101.25,101.41,101.41,101.28,77.65234257
2023-04-18 14:01:00,101.41,101.46,101.42,101.41,154.42454019
2023-04-18 14:00:00,101.37,101.5,101.47,101.44,223.74804004
2023-04-18 13:59:00,101.5,101.53,101.51,101.51,334.90051302
2023-04-18 13:58:00,101.45,101.52,101.5,101.52,65.2382941
2023-04-18 13:57:00,101.48,101.53,101.5,101.48,132.84925716
2023-04-18 13:56:00,101.5,101.55,101.53,101.5,23.56870807
2023-04-18 13:55:00,101.54,101.61,101.58,101.54,187.58533789
2023-04-18 13:54:00,101.61,101.68,101.64,101.61,46.35037138
2023-04-18 13:53:00,101.5,101.66,101.5,101.66,82.57336098
2023-04-18 13:52:00,101.49,101.56,101.55,101.51,43.0423054
2023-04-18 13:51:00,101.46,101.58,101.46,101.57,110.76640106
2023-04-18 13:50:00,101.48,101.64,101.62,101.49,359.61621112
2023-04-18 13:49:00,101.58,101.67,101.66,101.61,333.06009857
2023-04-18 13:48:00,101.62,101.67,101.65,101.66,50.23904443
2023-04-18 13:47:00,101.61,101.69,101.69,101.67,769.83777751
2023-04-18 13:46:00,101.66,101.69,101.66,101.69,299.34406948
2023-04-18 13:45:00,101.61,101.69,101.61,101.64,11.55237862
2023-04-18 13:44:00,101.58,101.64,101.6,101.64,17.33633973
2023-04-18 13:43:00,101.54,101.63,101.57,101.62,28.95029336
2023-04-18 13:42:00,101.55,101.6,101.57,101.55,6.69958045
2023-04-18 13:41:00,101.57,101.62,101.59,101.59,36.97775857
2023-04-18 13:40:00,101.61,101.69,101.66,101.61,5.59595957
2023-04-18 13:39:00,101.71,101.76,101.76,101.71,5.48623332
2023-04-18 13:38:00,101.65,101.74,101.69,101.74,8.93860077
2023-04-18 13:37:00,101.69,101.78,101.72,101.69,54.29741519
2023-04-18 13:36:00,101.66,101.8,101.66,101.71,146.03042175
2023-04-18 13:35:00,101.55,101.67,101.55,101.67,45.39482212
2023-04-18 13:34:00,101.48,101.55,101.52,101.54,17.40638522
2023-04-18 13:33:00,101.51,101.58,101.57,101.51,26.53615571
2023-04-18 13:32:00,101.57,101.62,101.57,101.59,11.96507573
2023-04-18 13:31:00,101.53,101.59,101.55,101.53,64.72415789
2023-04-18 13:30:00,101.57,101.69,101.69,101.57,73.84309035
2023-04-18 13:29:00,101.68,101.71,101.7,101.69,4.25928796
2023-04-18 13:28:00,101.63,101.72,101.67,101.7,70.83954853
2023-04-18 13:27:00,101.59,101.63,101.62,101.63,17.68966034
2023-04-18 13:26:00,101.59,101.63,101.62,101.62,9.58523327
2023-04-18 13:25:00,101.54,101.62,101.54,101.55,12.29943701
2023-04-18 13:24:00,101.47,101.63,101.52,101.53,148.43219314
2023-04-18 13:23:00,101.51,101.68,101.66,101.51,51.70449354
2023-04-18 13:22:00,101.62,101.7,101.63,101.66,2.50835079
2023-04-18 13:21:00,101.51,101.64,101.62,101.57,36.43897452
2023-04-18 13:20:00,101.58,101.69,101.68,101.58,88.82225121
2023-04-18 13:19:00,101.63,101.76,101.76,101.69,64.14680775
2023-04-18 13:18:00,101.68,101.8,101.68,101.79,3.19560395
2023-04-18 13:17:00,101.67,101.7,101.7,101.68,17.04884088
2023-04-18 13:16:00,101.65,101.71,101.69,101.69,42.77356492
2023-04-18 13:15:00,101.63,101.72,101.63,101.68,11.39646747
2023-04-18 13:14:00,101.71,101.87,101.87,101.71,62.82753729
2023-04-18 13:13:00,101.81,101.87,101.83,101.87,18.05586552
2023-04-18 13:12:00,101.78,101.84,101.82,101.84,34.09718722
2023-04-18 13:11:00,101.8,101.92,101.86,101.8,22.72689277
2023-04-18 13:10:00,101.85,101.94,101.93,101.87,24.55365332
2023-04-18 13:09:00,101.93,101.96,101.93,101.93,11.18234113
2023-04-18 13:08:00,101.8,101.95,101.8,101.93,58.67168746
2023-04-18 13:07:00,101.79,101.87,101.84,101.79,23.23416122
2023-04-18 13:06:00,101.71,101.84,101.71,101.84,207.58045455
2023-04-18 13:05:00,101.76,101.85,101.84,101.76,23.07808716
2023-04-18 13:04:00,101.79,101.89,101.79,101.81,113.71560396
2023-04-18 13:03:00,101.74,101.83,101.74,101.81,9.44557648
2023-04-18 13:02:00,101.7,101.77,101.73,101.75,42.63561794
2023-04-18 13:01:00,101.62,101.72,101.7,101.7,29.82069385
2023-04-18 13:00:00,101.54,101.7,101.54,101.67,39.81521859
2023-04-18 12:59:00,101.48,101.57,101.49,101.56,17.36244083
2023-04-18 12:58:00,101.43,101.55,101.49,101.53,156.45777431
2023-04-18 12:57:00,101.49,101.68,101.67,101.49,167.63460872
2023-04-18 12:56:00,101.67,101.73,101.7,101.68,106.6324429
2023-04-18 12:55:00,101.59,101.73,101.61,101.68,65.18687897
2023-04-18 12:54:00,101.62,101.67,101.67,101.62,71.85671716
2023-04-18 12:53:00,101.66,101.7,101.69,101.67,38.22528854
2023-04-18 12:52:00,101.59,101.7,101.69,101.62,93.42644373
2023-04-18 12:51:00,101.63,101.72,101.7,101.7,36.00110668
2023-04-18 12:50:00,101.67,101.75,101.71,101.67,54.16485073
2023-04-18 12:49:00,101.65,101.75,101.75,101.73,124.11593458
2023-04-18 12:48:00,101.55,101.79,101.79,101.72,1283.94027985
2023-04-18 12:47:00,101.76,101.85,101.81,101.81,382.2032042
2023-04-18 12:46:00,101.81,101.9,101.86,101.81,66.48805858
2023-04-18 12:45:00,101.83,101.92,101.85,101.86,233.77145172
2023-04-18 12:44:00,101.76,101.88,101.86,101.86,128.05520252
2023-04-18 12:43:00,101.82,102.09,102.08,101.88,665.16993451
2023-04-18 12:42:00,102.03,102.18,102.18,102.07,50.98250528
2023-04-18 12:41:00,102.19,102.33,102.33,102.19,61.90037836
2023-04-18 12:40:00,102.26,102.43,102.43,102.33,333.80139579
2023-04-18 12:39:00,102.36,102.51,102.51,102.45,163.38785871
2023-04-18 12:38:00,102.52,102.59,102.59,102.54,88.1220092
2023-04-18 12:37:00,102.54,102.64,102.57,102.64,13.01768725
2023-04-18 12:36:00,102.57,102.66,102.66,102.57,99.97728664
2023-04-18 12:35:00,102.63,102.69,102.64,102.66,10.24706904
2023-04-18 12:34:00,102.58,102.67,102.63,102.63,75.62098833
2023-04-18 12:33:00,102.62,102.7,102.69,102.62,62.63856981
2023-04-18 12:32:00,102.64,102.73,102.73,102.66,246.79751095
2023-04-18 12:31:00,102.72,102.81,102.72,102.74,185.51011341
2023-04-18 12:30:00,102.68,102.74,102.71,102.71,11.36255776
2023-04-18 12:29:00,102.64,102.75,102.66,102.72,97.12926628
2023-04-18 12:28:00,102.65,102.75,102.75,102.68,21.33789633
2023-04-18 12:27:00,102.65,102.73,102.68,102.73,21.83050189
2023-04-18 12:26:00,102.66,102.75,102.72,102.66,10.63943251
2023-04-18 12:25:00,102.61,102.73,102.66,102.73,44.25288116
2023-04-18 12:24:00,102.52,102.69,102.52,102.68,79.67351148
2023-04-18 12:23:00,102.45,102.55,102.55,102.52,61.66891023
2023-04-18 12:22:00,102.48,102.57,102.48,102.55,118.3401512
2023-04-18 12:21:00,102.44,102.55,102.51,102.44,94.17660215
2023-04-18 12:20:00,102.43,102.49,102.45,102.47,21.60774047
2023-04-18 12:19:00,102.39,102.49,102.49,102.46,82.16719781
2023-04-18 12:18:00,102.42,102.5,102.42,102.46,33.24244141
2023-04-18 12:17:00,102.43,102.64,102.61,102.43,181.13717037
2023-04-18 12:16:00,102.58,102.67,102.67,102.63,9.68301246
2023-04-18 12:15:00,102.64,102.7,102.66,102.65,15.35409178
2023-04-18 12:14:00,102.68,102.75,102.7,102.69,19.22885849
2023-04-18 12:13:00,102.72,102.79,102.73,102.72,114.74937254
2023-04-18 12:12:00,102.69,102.78,102.69,102.74,56.1541713
2023-04-18 12:11:00,102.67,102.72,102.7,102.69,27.97167427
2023-04-18 12:10:00,102.69,102.81,102.71,102.7,79.78891056
2023-04-18 12:09:00,102.67,102.81,102.78,102.7,83.90289718
2023-04-18 12:08:00,102.76,102.81,102.79,102.79,23.85454603
2023-04-18 12:07:00,102.74,102.81,102.78,102.81,39.69996283
2023-04-18 12:06:00,102.75,102.98,102.98,102.81,200.61361033
2023-04-18 12:05:00,102.73,102.96,102.75,102.95,115.82847949
2023-04-18 12:04:00,102.73,102.84,102.82,102.75,121.36038737
2023-04-18 12:03:00,102.81,102.93,102.9,102.81,45.77129515
2023-04-18 12:02:00,102.91,102.99,102.98,102.91,122.5870673
2023-04-18 12:01:00,102.93,102.99,102.94,102.93,113.30203384
2023-04-18 12:00:00,102.91,103.1,103.09,102.92,110.66357316
2023-04-18 11:59:00,102.93,103.09,102.96,103.09,458.8915554
2023-04-18 11:58:00,102.92,102.96,102.92,102.94,113.35560924
2023-04-18 11:57:00,102.85,102.94,102.85,102.94,66.21393097
2023-04-18 11:56:00,102.82,102.92,102.92,102.86,99.23340449
2023-04-18 11:55:00,102.92,103.05,103.05,102.92,202.36151702
2023-04-18 11:54:00,102.96,103.05,103.03,103.02,274.81994952
2023-04-18 11:53:00,102.99,103.05,103.02,103.04,38.04620084
2023-04-18 11:52:00,103.0,103.13,103.04,103.02,342.15119114
2023-04-18 11:51:00,102.92,103.06,102.93,103.05,312.38392144
2023-04-18 11:50:00,102.92,103.06,102.95,102.93,167.90844954
2023-04-18 11:49:00,102.86,102.99,102.93,102.96,178.07800366
2023-04-18 11:48:00,102.8,102.9,102.81,102.9,320.35311263
2023-04-18 11:47:00,102.76,102.82,102.78,102.8,126.07608795
2023-04-18 11:46:00,102.74,102.81,102.8,102.81,15.52540827
2023-04-18 11:45:00,102.76,102.95,102.89,102.81,65.18928091
2023-04-18 11:44:00,102.81,102.91,102.85,102.86,135.35979473
2023-04-18 11:43:00,102.86,102.91,102.91,102.86,70.02632922
2023-04-18 11:42:00,102.86,102.96,102.93,102.93,84.467153
2023-04-18 21:42:00,101.33,101.42,101.34,101.37,32.7622964
2023-04-18 21:41:00,101.33,101.51,101.51,101.35,137.28159856
2023-04-18 21:40:00,101.46,101.56,101.5,101.53,59.03833481
2023-04-18 21:39:00,101.4,101.55,101.4,101.49,36.17859275
2023-04-18 21:38:00,101.29,101.41,101.32,101.4,19.00420122
2023-04-18 21:37:00,101.25,101.33,101.3,101.32,204.29116282
2023-04-18 21:36:00,101.29,101.35,101.34,101.3,51.89682786
2023-04-18 21:35:00,101.31,101.38,101.34,101.31,30.30166564
2023-04-18 21:34:00,101.34,101.38,101.37,101.36,12.75595783
2023-04-18 21:33:00,101.26,101.39,101.26,101.36,313.18975814
2023-04-18 21:32:00,101.25,101.29,101.27,101.27,24.23734506
2023-04-18 21:31:00,101.24,101.28,101.24,101.28,245.26874638
2023-04-18 21:30:00,101.21,101.24,101.22,101.24,62.93556012
2023-04-18 21:29:00,101.23,101.28,101.26,101.24,28.22617622
2023-04-18 21:28:00,101.22,101.31,101.25,101.28,271.8266572
2023-04-18 21:27:00,101.16,101.25,101.16,101.25,360.0733825
2023-04-18 21:26:00,101.16,101.26,101.25,101.17,318.73070288
2023-04-18 21:25:00,101.26,101.31,101.3,101.26,61.20748227
2023-04-18 21:24:00,101.24,101.3,101.27,101.3,35.86815291
2023-04-18 21:23:00,101.26,101.32,101.31,101.26,106.15570094
2023-04-18 21:22:00,101.23,101.36,101.23,101.29,26.03543986
2023-04-18 21:21:00,101.15,101.26,101.17,101.25,31.7854461
2023-04-18 21:20:00,101.07,101.14,101.1,101.11,46.37131988
2023-04-18 21:19:00,101.05,101.1,101.07,101.07,20.39987712
2023-04-18 21:18:00,101.04,101.09,101.07,101.06,41.05728476
2023-04-18 21:17:00,101.06,101.13,101.13,101.07,105.92725177
2023-04-18 21:16:00,101.1,101.13,101.11,101.13,64.70860793
2023-04-18 21:15:00,101.1,101.18,101.14,101.11,94.7168646
2023-04-18 21:14:00,101.14,101.19,101.18,101.16,34.78441269
2023-04-18 21:13:00,101.08,101.2,101.09,101.17,159.54167481
2023-04-18 21:12:00,101.07,101.13,101.11,101.09,80.84263989
2023-04-18 21:11:00,101.06,101.14,101.1,101.09,92.05361354
2023-04-18 21:10:00,101.08,101.16,101.08,101.08,35.55759073
2023-04-18 21:09:00,101.08,101.17,101.16,101.1,22.46838839
2023-04-18 21:08:00,101.1,101.16,101.16,101.13,34.54119683
2023-04-18 21:07:00,101.12,101.2,101.16,101.16,32.36554322
2023-04-18 21:06:00,101.13,101.21,101.21,101.16,106.02612741
2023-04-18 21:05:00,101.19,101.22,101.22,101.19,29.23441829
2023-04-18 21:04:00,101.2,101.23,101.23,101.22,102.12023662
2023-04-18 21:03:00,101.22,101.25,101.25,101.23,21.85688905
2023-04-18 21:02:00,101.22,101.26,101.26,101.23,36.65534112
2023-04-18 21:01:00,101.21,101.33,101.21,101.26,238.56672407
2023-04-18 21:00:00,101.22,101.38,101.36,101.23,269.83002518
2023-04-18 20:59:00,101.3,101.37,101.36,101.37,131.52606161
2023-04-18 20:58:00,101.27,101.38,101.31,101.36,376.31380576
2023-04-18 20:57:00,101.31,101.41,101.41,101.31,38.43951769
2023-04-18 20:56:00,101.37,101.48,101.4,101.4,39.97649084
2023-04-18 20:55:00,101.38,101.5,101.43,101.39,300.74511967
2023-04-18 20:54:00,101.26,101.43,101.27,101.43,267.01840539
2023-04-18 20:53:00,101.21,101.28,101.22,101.26,87.77751201
2023-04-18 20:52:00,101.15,101.23,101.16,101.22,35.45758522
2023-04-18 20:51:00,101.14,101.21,101.17,101.14,76.18460778
2023-04-18 20:50:00,101.13,101.2,101.17,101.18,60.12167082
2023-04-18 20:49:00,101.12,101.21,101.12,101.2,268.3301673
2023-04-18 20:48:00,101.12,101.2,101.17,101.12,118.10141247
2023-04-18 20:47:00,101.13,101.18,101.15,101.17,74.86546655
2023-04-18 20:46:00,101.07,101.15,101.07,101.15,49.13672206
2023-04-18 20:45:00,101.06,101.19,101.16,101.06,96.62074807
2023-04-18 20:44:00,101.12,101.19,101.12,101.16,204.09897388
2023-04-18 20:43:00,100.96,101.13,100.97,101.13,317.7811121
2023-04-18 20:42:00,100.97,101.01,100.97,100.97,35.9689168
2023-04-18 20:41:00,100.94,101.02,101.02,101.0,32.16598213
2023-04-18 20:40:00,100.97,101.14,101.1,101.03,1574.8421555
2023-04-18 20:39:00,101.06,101.18,101.08,101.12,39.35745468
2023-04-18 20:38:00,101.05,101.08,101.08,101.07,19.93009775
2023-04-18 20:37:00,101.06,101.12,101.07,101.06,42.10394546
2023-04-18 20:36:00,101.03,101.09,101.04,101.07,31.11703382
2023-04-18 20:35:00,101.03,101.09,101.07,101.03,44.05174119
2023-04-18 20:34:00,100.97,101.1,101.03,101.1,100.51193013
2023-04-18 20:33:00,101.04,101.12,101.11,101.04,222.42614965
2023-04-18 20:32:00,101.09,101.15,101.15,101.09,41.00926611
2023-04-18 20:31:00,101.06,101.15,101.06,101.14,89.19416732
2023-04-18 20:30:00,101.03,101.07,101.06,101.06,98.68553206
2023-04-18 20:29:00,101.05,101.1,101.07,101.05,24.31844868
2023-04-18 20:28:00,101.05,101.09,101.09,101.09,63.26517005
2023-04-18 20:27:00,101.03,101.15,101.11,101.1,106.42222461
2023-04-18 20:26:00,101.05,101.11,101.06,101.11,50.26069294
2023-04-18 20:25:00,100.99,101.08,101.02,101.07,75.94073919
2023-04-18 20:24:00,100.91,101.04,100.93,101.02,77.50063857
2023-04-18 20:23:00,100.91,100.97,100.96,100.93,54.83518805
2023-04-18 20:22:00,100.91,100.96,100.92,100.94,44.489261
2023-04-18 20:21:00,100.91,100.97,100.92,100.93,15.22972859
2023-04-18 20:20:00,100.91,100.95,100.91,100.93,61.19398197
2023-04-18 20:19:00,100.89,100.97,100.9,100.91,62.95219235
2023-04-18 20:18:00,100.84,100.93,100.84,100.93,14.98182101
2023-04-18 20:17:00,100.83,100.92,100.92,100.84,83.34249395
2023-04-18 20:16:00,100.9,100.92,100.91,100.92,6.77851525
2023-04-18 20:15:00,100.79,100.91,100.82,100.91,55.03856463
2023-04-18 20:14:00,100.81,100.9,100.87,100.84,38.0502467
2023-04-18 20:13:00,100.81,100.91,100.82,100.87,47.89805632
2023-04-18 20:12:00,100.81,100.89,100.89,100.82,19.80208338
2023-04-18 20:11:00,100.83,100.88,100.83,100.88,41.02950522
2023-04-18 20:10:00,100.81,100.85,100.83,100.84,35.96973384
2023-04-18 20:09:00,100.83,100.87,100.85,100.84,88.73469377
2023-04-18 20:08:00,100.83,100.88,100.87,100.85,38.85115717
2023-04-18 20:07:00,100.84,100.9,100.87,100.87,58.60074556
2023-04-18 20:06:00,100.68,100.85,100.7,100.85,74.71265396
2023-04-18 20:05:00,100.6,100.7,100.66,100.7,74.4197865
2023-04-18 20:04:00,100.62,100.7,100.69,100.66,47.19454929
2023-04-18 20:03:00,100.63,100.69,100.66,100.69,107.36750192
2023-04-18 20:02:00,100.59,100.68,100.59,100.62,238.41875624
2023-04-18 20:01:00,100.49,100.59,100.53,100.59,49.55298749
2023-04-18 20:00:00,100.51,100.76,100.72,100.51,121.01918148
2023-04-18 19:59:00,100.69,100.79,100.77,100.73,93.20637888
2023-04-18 19:58:00,100.75,100.79,100.76,100.79,22.20490171
2023-04-18 19:57:00,100.72,100.78,100.77,100.78,33.57626198
2023-04-18 19:56:00,100.75,100.85,100.8,100.79,142.74888476
2023-04-18 19:55:00,100.77,100.83,100.77,100.8,44.07037499
2023-04-18 19:54:00,100.68,100.82,100.7,100.79,39.01121109
2023-04-18 19:53:00,100.63,100.72,100.69,100.71,23.65647882
2023-04-18 19:52:00,100.66,100.76,100.76,100.69,42.01431239
2023-04-18 19:51:00,100.7,100.78,100.71,100.71,23.75050685
2023-04-18 19:50:00,100.68,100.82,100.82,100.7,128.96031765
2023-04-18 19:49:00,100.81,100.89,100.86,100.83,21.72208471
2023-04-18 19:48:00,100.8,100.86,100.86,100.84,21.83558313
2023-04-18 19:47:00,100.79,100.84,100.8,100.82,17.34123872
2023-04-18 19:46:00,100.79,100.86,100.84,100.82,25.13496586
2023-04-18 19:45:00,100.81,100.9,100.89,100.84,44.34146095
2023-04-18 19:44:00,100.83,100.91,100.9,100.89,23.32232237
2023-04-18 19:43:00,100.84,100.93,100.84,100.88,27.46569781
2023-04-18 19:42:00,100.83,100.95,100.93,100.84,116.22434501
2023-04-18 19:41:00,100.93,100.99,100.95,100.94,69.06424958
2023-04-18 19:40:00,100.87,100.94,100.88,100.94,35.67873843
2023-04-18 19:39:00,100.88,100.97,100.97,100.88,89.05682126
2023-04-18 19:38:00,100.91,100.99,100.91,100.97,22.62566319
2023-04-18 19:37:00,100.91,101.05,101.03,100.94,98.02939015
2023-04-18 19:36:00,101.02,101.21,101.15,101.02,86.63106522
2023-04-18 19:35:00,101.15,101.2,101.16,101.15,69.93074546
2023-04-18 19:34:00,101.18,101.23,101.23,101.18,37.6053138
2023-04-18 19:33:00,101.15,101.2,101.16,101.19,82.89226374
2023-04-18 19:32:00,101.08,101.17,101.1,101.15,27.88040046
2023-04-18 19:31:00,101.05,101.1,101.05,101.1,26.18867448
2023-04-18 19:30:00,101.02,101.11,101.11,101.02,99.26572258
2023-04-18 19:29:00,101.04,101.15,101.09,101.12,129.75852788
2023-04-18 19:28:00,101.02,101.1,101.07,101.09,11.5985969
2023-04-18 19:27:00,100.96,101.07,100.97,101.05,18.13663085
2023-04-18 19:26:00,100.84,100.96,100.91,100.94,15.1796529
2023-04-18 19:25:00,100.92,101.06,101.04,100.92,132.01793272
2023-04-18 19:24:00,101.02,101.09,101.02,101.06,14.46721822
2023-04-18 19:23:00,101.02,101.09,101.04,101.04,19.89732367
2023-04-18 19:22:00,100.98,101.04,100.98,101.03,37.61097734
2023-04-18 19:21:00,101.03,101.1,101.08,101.03,61.32552972
2023-04-18 19:20:00,101.05,101.13,101.13,101.09,67.53934213
2023-04-18 19:19:00,101.11,101.2,101.11,101.13,88.29918431
2023-04-18 19:18:00,100.95,101.11,100.99,101.11,53.50253706
2023-04-18 19:17:00,100.92,101.04,101.04,101.02,161.95499292
2023-04-18 19:16:00,100.93,101.06,100.95,101.06,19.09381869
2023-04-18 19:15:00,100.88,100.95,100.88,100.95,17.8321522
2023-04-18 19:14:00,100.89,100.93,100.92,100.91,19.90474891
2023-04-18 19:13:00,100.89,100.95,100.92,100.94,27.82120517
2023-04-18 19:12:00,100.9,100.94,100.94,100.94,14.96860439
2023-04-18 19:11:00,100.83,100.95,100.83,100.92,112.74731106
2023-04-18 19:10:00,100.82,100.88,100.88,100.84,43.33820142
2023-04-18 19:09:00,100.78,100.9,100.79,100.9,66.49351513
2023-04-18 19:08:00,100.68,100.75,100.69,100.74,15.12575137
2023-04-18 19:07:00,100.68,100.72,100.71,100.68,77.63132399
2023-04-18 19:06:00,100.67,100.73,100.67,100.73,74.03608367
2023-04-18 19:05:00,100.62,100.69,100.63,100.67,312.06907787
2023-04-18 19:04:00,100.52,100.66,100.54,100.62,389.69384044
2023-04-18 19:03:00,100.48,100.55,100.52,100.55,54.10543845
2023-04-18 19:02:00,100.4,100.5,100.4,100.5,16.28251424
2023-04-18 19:01:00,100.4,100.47,100.45,100.4,37.88501444
2023-04-18 19:00:00,100.42,100.54,100.52,100.46,161.7147839
2023-04-18 18:59:00,100.49,100.56,100.5,100.5,98.11006331
2023-04-18 18:58:00,100.47,100.54,100.51,100.52,27.55647621
2023-04-18 18:57:00,100.45,100.52,100.49,100.52,29.41185113
2023-04-18 18:56:00,100.47,100.54,100.53,100.51,73.54928555
2023-04-18 18:55:00,100.5,100.56,100.52,100.51,46.73265717
2023-04-18 18:54:00,100.51,100.55,100.54,100.52,16.63614975
2023-04-18 18:53:00,100.51,100.55,100.53,100.53,20.63305131
2023-04-18 18:52:00,100.47,100.56,100.47,100.51,16.10134894
2023-04-18 18:51:00,100.44,100.5,100.47,100.47,28.91625245
2023-04-18 18:50:00,100.46,100.59,100.56,100.46,73.07965686
2023-04-18 18:49:00,100.47,100.58,100.5,100.58,15.33039529
2023-04-18 18:48:00,100.5,100.63,100.59,100.5,403.71960841
2023-04-18 18:47:00,100.48,100.6,100.59,100.6,157.30711334
2023-04-18 18:46:00,100.58,100.71,100.71,100.62,190.61943165
2023-04-18 18:45:00,100.65,100.72,100.68,100.7,53.76594105
2023-04-18 18:44:00,100.63,100.72,100.64,100.68,35.67618612
2023-04-18 18:43:00,100.61,100.69,100.64,100.63,70.12428332
2023-04-18 18:42:00,100.63,100.73,100.68,100.65,58.24171853
2023-04-18 18:41:00,100.64,100.69,100.66,100.68,16.98555529
2023-04-18 18:40:00,100.65,100.72,100.71,100.65,51.24728385
2023-04-18 18:39:00,100.68,100.76,100.76,100.71,31.61151774
2023-04-18 18:38:00,100.72,100.77,100.72,100.74,25.00075946
2023-04-18 18:37:00,100.72,100.78,100.73,100.78,23.67512515
2023-04-18 18:36:00,100.73,100.79,100.78,100.75,20.02782265
2023-04-18 18:35:00,100.74,100.84,100.83,100.74,30.64174082
2023-04-18 18:34:00,100.79,100.87,100.87,100.86,13.79242824
2023-04-18 18:33:00,100.86,100.96,100.93,100.89,75.36558583
2023-04-18 18:32:00,100.9,100.95,100.95,100.93,23.06775625
2023-04-18 18:31:00,100.83,100.96,100.85,100.93,35.42596114
2023-04-18 18:30:00,100.81,101.0,100.97,100.81,409.21747686
2023-04-18 18:29:00,100.91,101.09,100.91,100.98,298.73705363
2023-04-18 18:28:00,100.86,100.96,100.87,100.93,48.113611
2023-04-18 18:27:00,100.86,100.95,100.86,100.9,64.89786908
2023-04-18 18:26:00,100.84,100.88,100.87,100.88,35.54120504
2023-04-18 18:25:00,100.8,100.9,100.87,100.89,123.44390388
2023-04-18 18:24:00,100.78,100.92,100.82,100.87,270.21955115
2023-04-18 18:23:00,100.8,100.85,100.81,100.82,72.86626488
2023-04-18 18:22:00,100.77,100.81,100.8,100.8,299.15647976
2023-04-18 18:21:00,100.66,100.83,100.72,100.83,57.04745187
2023-04-18 18:20:00,100.65,100.77,100.73,100.75,30.72018678
2023-04-18 18:19:00,100.64,100.75,100.68,100.74,34.32709249
2023-04-18 18:18:00,100.63,100.72,100.66,100.72,82.88988541
2023-04-18 18:17:00,100.58,100.67,100.59,100.63,87.48590195
2023-04-18 18:16:00,100.58,100.65,100.64,100.59,73.13424114
2023-04-18 18:15:00,100.41,100.63,100.41,100.63,168.92614703
2023-04-18 18:14:00,100.4,100.53,100.48,100.4,126.19768477
2023-04-18 18:13:00,100.41,100.5,100.47,100.47,43.49088737
2023-04-18 18:12:00,100.26,100.48,100.26,100.45,98.40911463
2023-04-18 18:11:00,100.24,100.39,100.34,100.27,126.1871561
2023-04-18 18:10:00,100.28,100.47,100.47,100.36,346.16456241
2023-04-18 18:09:00,100.22,100.49,100.39,100.49,264.10694706
2023-04-18 18:08:00,100.35,100.49,100.49,100.42,178.21617362
2023-04-18 18:07:00,100.47,100.56,100.49,100.49,152.94323433
2023-04-18 18:06:00,100.42,100.56,100.55,100.46,70.20991848
2023-04-18 18:05:00,100.53,100.7,100.7,100.57,461.01025827
2023-04-18 18:04:00,100.62,100.71,100.62,100.69,419.44573024
2023-04-18 18:03:00,100.48,100.64,100.54,100.62,107.97920714
2023-04-18 18:02:00,100.48,100.62,100.59,100.52,104.47686609
2023-04-18 18:01:00,100.49,100.68,100.67,100.52,344.27535171
2023-04-18 18:00:00,100.63,100.7,100.66,100.7,82.35895495
2023-04-18 17:59:00,100.62,100.75,100.71,100.66,54.19150857
2023-04-18 17:58:00,100.69,100.77,100.75,100.69,24.43983887
2023-04-18 17:57:00,100.63,100.76,100.67,100.73,78.16003873
2023-04-18 17:56:00,100.62,100.77,100.77,100.68,219.63004371
2023-04-18 17:55:00,100.73,100.84,100.78,100.77,482.29286782
2023-04-18 17:54:00,100.69,100.85,100.78,100.8,287.83031588
2023-04-18 17:53:00,100.63,100.8,100.67,100.76,103.66000493
2023-04-18 17:52:00,100.59,100.74,100.71,100.64,192.53576275
2023-04-18 17:51:00,100.73,100.82,100.76,100.75,49.17606794
2023-04-18 17:50:00,100.77,100.95,100.92,100.77,212.15724572
2023-04-18 17:49:00,100.85,100.98,100.98,100.93,65.36249055
2023-04-18 17:48:00,100.81,101.0,100.82,101.0,102.297893
2023-04-18 17:47:00,100.73,100.86,100.84,100.84,62.94004828
2023-04-18 17:46:00,100.81,100.94,100.92,100.81,116.96785755
2023-04-18 17:45:00,100.72,100.9,100.78,100.9,50.09418232
2023-04-18 17:44:00,100.78,100.91,100.85,100.78,140.45534878
2023-04-18 17:43:00,100.78,100.86,100.78,100.82,58.46249013
2023-04-18 17:42:00,100.61,100.78,100.68,100.75,263.34813246
2023-04-18 17:41:00,100.64,101.04,101.04,100.71,575.47818398
2023-04-18 17:40:00,101.03,101.16,101.13,101.06,56.98115008
2023-04-18 17:39:00,101.14,101.25,101.23,101.15,24.18099987
2023-04-18 17:38:00,101.22,101.32,101.3,101.26,33.37419054
2023-04-18 17:37:00,101.23,101.3,101.27,101.3,44.85697942
2023-04-18 17:36:00,101.19,101.28,101.19,101.25,73.58283309
2023-04-18 17:35:00,101.17,101.31,101.31,101.17,96.84375266
2023-04-18 17:34:00,101.25,101.29,101.26,101.27,12.9774024
2023-04-18 17:33:00,101.24,101.34,101.24,101.28,105.52851021
2023-04-18 17:32:00,101.13,101.3,101.15,101.26,256.23619489
2023-04-18 17:31:00,101.12,101.21,101.13,101.14,186.23114778
2023-04-18 17:30:00,100.92,101.13,101.01,101.12,224.88801087
2023-04-18 17:29:00,101.01,101.14,101.07,101.07,71.32075908
2023-04-18 17:28:00,101.05,101.15,101.13,101.07,83.397903
2023-04-18 17:27:00,101.16,101.27,101.27,101.17,45.28835558
2023-04-18 17:26:00,101.23,101.29,101.23,101.25,13.77091867
2023-04-18 17:25:00,101.22,101.33,101.33,101.23,100.29249835
2023-04-18 17:24:00,101.22,101.35,101.25,101.31,92.49466226
2023-04-18 17:23:00,101.11,101.25,101.14,101.21,73.41692814
2023-04-18 17:22:00,101.13,101.28,101.21,101.14,72.52241935
2023-04-18 17:21:00,101.2,101.27,101.27,101.22,114.5624576
2023-04-18 17:20:00,101.28,101.37,101.37,101.28,63.02756997
2023-04-18 17:19:00,101.36,101.4,101.4,101.36,12.27732
2023-04-18 17:18:00,101.35,101.4,101.4,101.4,49.26971218
2023-04-18 17:17:00,101.38,101.41,101.41,101.4,10.57331959
2023-04-18 17:16:00,101.4,101.44,101.44,101.41,69.40699104
2023-04-18 17:15:00,101.35,101.44,101.41,101.44,40.82597241
2023-04-18 17:14:00,101.41,101.53,101.53,101.41,114.69676752
2023-04-18 17:13:00,101.52,101.58,101.58,101.53,25.6065494
2023-04-18 17:12:00,101.54,101.6,101.55,101.6,40.24769303
2023-04-18 17:11:00,101.53,101.61,101.53,101.54,21.28955311
2023-04-18 17:10:00,101.47,101.56,101.56,101.5,30.37511238
2023-04-18 17:09:00,101.55,101.6,101.59,101.58,50.4020894
2023-04-18 17:08:00,101.59,101.66,101.66,101.59,29.95777413
2023-04-18 17:07:00,101.5,101.65,101.52,101.65,63.83121567
2023-04-18 17:06:00,101.5,101.53,101.53,101.53,19.35053302
2023-04-18 17:05:00,101.44,101.53,101.46,101.53,46.00702165
2023-04-18 17:04:00,101.42,101.48,101.42,101.44,28.43902652
2023-04-18 17:03:00,101.41,101.47,101.45,101.43,55.82235969
2023-04-18 17:02:00,101.35,101.43,101.38,101.43,60.98411819
2023-04-18 17:01:00,101.29,101.37,101.3,101.37,51.07922236
2023-04-18 17:00:00,101.29,101.34,101.31,101.3,26.36428912
2023-04-18 16:59:00,101.31,101.35,101.32,101.35,13.04555058
2023-04-18 16:58:00,101.3,101.35,101.34,101.34,20.62699255
2023-04-18 16:57:00,101.33,101.39,101.38,101.38,16.63469531
2023-04-18 16:56:00,101.3,101.38,101.32,101.38,13.33926671
2023-04-18 16:55:00,101.32,101.41,101.35,101.32,64.59591147
2023-04-18 16:54:00,101.36,101.42,101.4,101.36,128.61206908
2023-04-18 16:53:00,101.27,101.43,101.27,101.41,33.54253718
2023-04-18 16:52:00,101.17,101.31,101.19,101.23,138.52828309
2023-04-18 16:51:00,101.2,101.45,101.45,101.2,134.11202862
2023-04-18 16:50:00,101.36,101.44,101.38,101.44,26.93636027
2023-04-18 16:49:00,101.35,101.42,101.35,101.42,7.36904817
2023-04-18 16:48:00,101.28,101.35,101.32,101.35,17.07668392
2023-04-18 16:47:00,101.32,101.4,101.38,101.32,32.51497127
2023-04-18 16:46:00,101.38,101.42,101.4,101.41,32.91898513
2023-04-18 16:45:00,101.36,101.43,101.37,101.38,27.06503456
2023-04-18 16:44:00,101.37,101.42,101.37,101.4,44.92870958
2023-04-18 16:43:00,101.38,101.41,101.4,101.38,15.0164952
2023-04-18 16:42:00,101.33,101.4,101.37,101.4,5.75851989
2023-04-19 02:42:00,101.1,101.19,101.16,101.16,74.5058639
2023-04-19 02:41:00,101.16,101.19,101.18,101.16,11.06363161
2023-04-19 02:40:00,101.13,101.21,101.21,101.18,43.56944333
2023-04-19 02:39:00,101.2,101.22,101.21,101.22,6.64779464
2023-04-19 02:38:00,101.17,101.22,101.2,101.22,28.9280169
2023-04-19 02:37:00,101.12,101.2,101.12,101.2,33.66337189
2023-04-19 02:36:00,101.1,101.17,101.17,101.12,22.26110898
2023-04-19 02:35:00,101.15,101.23,101.21,101.17,14.64391813
2023-04-19 02:34:00,101.19,101.28,101.28,101.19,36.20021736
2023-04-19 02:33:00,101.26,101.29,101.28,101.28,36.89980609
2023-04-19 02:32:00,101.27,101.29,101.28,101.29,41.0783466
2023-04-19 02:31:00,101.28,101.32,101.32,101.28,36.39080434
2023-04-19 02:30:00,101.28,101.34,101.28,101.32,77.70974865
2023-04-19 02:29:00,101.25,101.32,101.26,101.28,115.69397201
2023-04-19 02:28:00,101.21,101.26,101.21,101.26,13.59672136
2023-04-19 02:27:00,101.15,101.22,101.16,101.22,37.44019231
2023-04-19 02:26:00,101.15,101.18,101.18,101.18,26.99365521
2023-04-19 02:25:00,101.15,101.19,101.15,101.18,34.81567516
2023-04-19 02:24:00,101.14,101.19,101.16,101.19,66.69793214
2023-04-19 02:23:00,101.11,101.16,101.14,101.16,94.51633533
2023-04-19 02:22:00,101.07,101.15,101.09,101.15,24.987411
2023-04-19 02:21:00,101.08,101.13,101.09,101.13,35.23891858
2023-04-19 02:20:00,101.01,101.1,101.01,101.1,86.71045292
2023-04-19 02:19:00,101.02,101.07,101.02,101.03,169.91033492
2023-04-19 02:18:00,101.0,101.06,101.04,101.02,263.52048714
2023-04-19 02:17:00,100.99,101.09,100.99,101.05,58.530461
2023-04-19 02:16:00,101.03,101.08,101.08,101.03,42.93193141
2023-04-19 02:15:00,101.07,101.16,101.13,101.07,47.26570011
2023-04-19 02:14:00,100.98,101.13,101.12,101.13,112.70801531
2023-04-19 02:13:00,101.01,101.13,101.02,101.13,135.48358048
2023-04-19 02:12:00,100.97,101.03,101.0,101.03,30.52540605
2023-04-19 02:11:00,100.99,101.03,101.01,101.0,44.54057713
2023-04-19 02:10:00,100.97,101.06,101.03,101.01,29.35370403
2023-04-19 02:09:00,101.03,101.06,101.06,101.03,8.35545835
2023-04-19 02:08:00,100.95,101.04,100.95,101.01,48.13648792
2023-04-19 02:07:00,100.9,100.99,100.9,100.96,112.69422114
2023-04-19 02:06:00,100.91,101.08,101.05,100.96,160.38148902
2023-04-19 02:05:00,101.02,101.1,101.03,101.02,101.4362789
2023-04-19 02:04:00,101.03,101.23,101.23,101.04,238.06056862
2023-04-19 02:03:00,101.26,101.33,101.31,101.26,88.29394562
2023-04-19 02:02:00,101.3,101.33,101.3,101.31,38.06829556
2023-04-19 02:01:00,101.3,101.34,101.31,101.3,26.17118847
2023-04-19 02:00:00,101.25,101.33,101.25,101.3,30.9319562
2023-04-19 01:59:00,101.24,101.34,101.26,101.31,23.82572374
2023-04-19 01:58:00,101.23,101.32,101.24,101.27,142.6648162
2023-04-19 01:57:00,101.24,101.34,101.32,101.26,39.90756731
2023-04-19 01:56:00,101.32,101.36,101.35,101.32,29.8632429
2023-04-19 01:55:00,101.27,101.38,101.27,101.36,66.89148346
2023-04-19 01:54:00,101.27,101.3,101.28,101.27,40.89151522
2023-04-19 01:53:00,101.24,101.31,101.28,101.28,38.93224101
2023-04-19 01:52:00,101.27,101.3,101.27,101.28,70.67476978
2023-04-19 01:51:00,101.21,101.31,101.25,101.27,88.8117649
2023-04-19 01:50:00,101.16,101.26,101.17,101.24,80.16511581
2023-04-19 01:49:00,101.19,101.25,101.25,101.21,63.18011081
2023-04-19 01:48:00,101.24,101.29,101.24,101.29,19.04209649
2023-04-19 01:47:00,101.23,101.27,101.26,101.25,24.70873092
2023-04-19 01:46:00,101.2,101.33,101.33,101.23,211.97531228
2023-04-19 01:45:00,101.34,101.47,101.45,101.34,84.88054117
2023-04-19 01:44:00,101.41,101.47,101.42,101.44,33.33887442
2023-04-19 01:43:00,101.41,101.46,101.43,101.41,39.28358537
2023-04-19 01:42:00,101.27,101.44,101.28,101.43,56.8784631
2023-04-19 01:41:00,101.27,101.37,101.35,101.28,82.06429754
2023-04-19 01:40:00,101.28,101.41,101.31,101.38,165.10578287
2023-04-19 01:39:00,101.3,101.37,101.37,101.31,21.09703754
2023-04-19 01:38:00,101.36,101.45,101.45,101.37,18.58593609
2023-04-19 01:37:00,101.42,101.45,101.45,101.45,40.19032626
2023-04-19 01:36:00,101.4,101.44,101.43,101.42,25.9845498
2023-04-19 01:35:00,101.36,101.48,101.48,101.41,60.75464586
2023-04-19 01:34:00,101.49,101.52,101.49,101.5,46.36396988
2023-04-19 01:33:00,101.46,101.53,101.53,101.49,89.43883107
2023-04-19 01:32:00,101.46,101.56,101.48,101.53,428.05606686
2023-04-19 01:31:00,101.41,101.47,101.41,101.44,27.94388339
2023-04-19 01:30:00,101.3,101.43,101.32,101.43,119.60609258
2023-04-19 01:29:00,101.27,101.32,101.29,101.32,18.16451841
2023-04-19 01:28:00,101.21,101.29,101.21,101.29,71.0116321
2023-04-19 01:27:00,101.19,101.31,101.31,101.22,414.4428456
2023-04-19 01:26:00,101.31,101.37,101.37,101.31,182.1770424
2023-04-19 01:25:00,101.36,101.39,101.37,101.37,30.95056667
2023-04-19 01:24:00,101.33,101.39,101.35,101.36,47.30100387
2023-04-19 01:23:00,101.31,101.37,101.37,101.35,604.61978183
2023-04-19 01:22:00,101.35,101.43,101.41,101.35,41.32775427
2023-04-19 01:21:00,101.41,101.44,101.42,101.43,42.82998433
2023-04-19 01:20:00,101.41,101.48,101.43,101.43,65.20965154
2023-04-19 01:19:00,101.41,101.46,101.46,101.41,21.77843406
2023-04-19 01:18:00,101.38,101.46,101.4,101.44,34.81942188
2023-04-19 01:17:00,101.38,101.42,101.41,101.4,34.65137861
2023-04-19 01:16:00,101.36,101.4,101.36,101.38,22.59113831
2023-04-19 01:15:00,101.34,101.42,101.36,101.36,144.18737675
2023-04-19 01:14:00,101.31,101.39,101.35,101.35,199.98750319
2023-04-19 01:13:00,101.31,101.38,101.31,101.35,44.93988089
2023-04-19 01:12:00,101.28,101.37,101.35,101.31,43.20676667
2023-04-19 01:11:00,101.31,101.39,101.31,101.35,41.21898325
2023-04-19 01:10:00,101.23,101.33,101.25,101.3,40.39019791
2023-04-19 01:09:00,101.22,101.36,101.33,101.25,124.13950563
2023-04-19 01:08:00,101.29,101.37,101.33,101.36,232.97473288
2023-04-19 01:07:00,101.3,101.34,101.34,101.31,17.79612734
2023-04-19 01:06:00,101.3,101.41,101.32,101.38,60.35603456
2023-04-19 01:05:00,101.31,101.37,101.33,101.33,48.66513528
2023-04-19 01:04:00,101.29,101.38,101.38,101.33,18.35294588
2023-04-19 01:03:00,101.32,101.39,101.36,101.38,73.76784043
2023-04-19 01:02:00,101.33,101.47,101.46,101.35,62.42536476
2023-04-19 01:01:00,101.44,101.5,101.5,101.47,54.74625415
2023-04-19 01:00:00,101.48,101.52,101.48,101.52,18.85409068
2023-04-19 00:59:00,101.45,101.51,101.45,101.51,7.97624131
2023-04-19 00:58:00,101.45,101.47,101.46,101.47,10.00522903
2023-04-19 00:57:00,101.45,101.48,101.45,101.45,27.63561482
2023-04-19 00:56:00,101.42,101.52,101.52,101.46,80.16521836
2023-04-19 00:55:00,101.49,101.6,101.6,101.52,132.32473619
2023-04-19 00:54:00,101.62,101.71,101.68,101.62,20.07909668
2023-04-19 00:53:00,101.64,101.76,101.64,101.67,113.00445165
2023-04-19 00:52:00,101.55,101.65,101.57,101.64,104.02372629
2023-04-19 00:51:00,101.52,101.58,101.53,101.57,64.29366324
2023-04-19 00:50:00,101.5,101.53,101.5,101.53,93.44223342
2023-04-19 00:49:00,101.51,101.53,101.51,101.51,15.47116123
2023-04-19 00:48:00,101.52,101.59,101.56,101.52,11.64457552
2023-04-19 00:47:00,101.52,101.56,101.53,101.52,66.47824161
2023-04-19 00:46:00,101.46,101.54,101.46,101.54,5.34886038
2023-04-19 00:45:00,101.4,101.48,101.48,101.45,168.09740682
2023-04-19 00:44:00,101.48,101.52,101.51,101.51,39.70724709
2023-04-19 00:43:00,101.38,101.51,101.38,101.5,28.63851819
2023-04-19 00:42:00,101.36,101.42,101.36,101.4,65.26604536
2023-04-19 00:41:00,101.31,101.4,101.38,101.37,52.06254424
2023-04-19 00:40:00,101.29,101.4,101.33,101.39,78.22213908
2023-04-19 00:39:00,101.28,101.39,101.36,101.33,46.68782288
2023-04-19 00:38:00,101.38,101.44,101.42,101.38,32.57869334
2023-04-19 00:37:00,101.33,101.41,101.33,101.39,27.01516456
2023-04-19 00:36:00,101.34,101.39,101.39,101.35,53.95610182
2023-04-19 00:35:00,101.32,101.41,101.33,101.38,300.85802016
2023-04-19 00:34:00,101.23,101.35,101.25,101.35,125.10050416
2023-04-19 00:33:00,101.23,101.33,101.32,101.25,61.13648546
2023-04-19 00:32:00,101.31,101.43,101.4,101.31,101.03938359
2023-04-19 00:31:00,101.39,101.45,101.45,101.41,103.17917425
2023-04-19 00:30:00,101.41,101.47,101.47,101.45,99.94032222
2023-04-19 00:29:00,101.45,101.48,101.45,101.46,27.2636364
2023-04-19 00:28:00,101.42,101.48,101.45,101.48,87.82859879
2023-04-19 00:27:00,101.41,101.47,101.47,101.46,38.79540175
2023-04-19 00:26:00,101.44,101.48,101.46,101.48,61.53393686
2023-04-19 00:25:00,101.46,101.53,101.48,101.46,205.21347058
2023-04-19 00:24:00,101.47,101.54,101.5,101.47,24.55493253
2023-04-19 00:23:00,101.44,101.51,101.46,101.5,81.80707402
2023-04-19 00:22:00,101.44,101.52,101.52,101.45,70.16341945
2023-04-19 00:21:00,101.44,101.56,101.56,101.54,57.79059264
2023-04-19 00:20:00,101.55,101.68,101.63,101.57,253.74108876
2023-04-19 00:19:00,101.63,101.69,101.67,101.66,78.16773558
2023-04-19 00:18:00,101.67,101.72,101.71,101.67,112.5519018
2023-04-19 00:17:00,101.64,101.75,101.64,101.71,85.91604284
2023-04-19 00:16:00,101.51,101.61,101.59,101.61,93.39789542
2023-04-19 00:15:00,101.58,101.65,101.65,101.59,163.96235592
2023-04-19 00:14:00,101.61,101.67,101.67,101.65,29.06966304
2023-04-19 00:13:00,101.61,101.67,101.62,101.65,62.74014103
2023-04-19 00:12:00,101.61,101.66,101.65,101.64,155.96528615
2023-04-19 00:11:00,101.62,101.66,101.64,101.62,77.37731664
2023-04-19 00:10:00,101.63,101.71,101.68,101.65,22.327157
2023-04-19 00:09:00,101.64,101.71,101.64,101.69,43.4818622
2023-04-19 00:08:00,101.65,101.69,101.67,101.65,32.43968117
2023-04-19 00:07:00,101.65,101.72,101.68,101.67,56.39986188
2023-04-19 00:06:00,101.64,101.68,101.66,101.67,22.74415435
2023-04-19 00:05:00,101.64,101.7,101.7,101.66,128.77779502
2023-04-19 00:04:00,101.68,101.72,101.72,101.71,26.93731677
2023-04-19 00:03:00,101.67,101.75,101.7,101.73,98.91129434
2023-04-19 00:02:00,101.68,101.74,101.73,101.7,85.1928061
2023-04-19 00:01:00,101.72,101.79,101.79,101.72,84.54767367
2023-04-19 00:00:00,101.77,101.95,101.92,101.78,97.04325325
2023-04-18 23:59:00,101.77,101.95,101.8,101.95,98.56717718
2023-04-18 23:58:00,101.79,101.88,101.86,101.79,101.46780308
2023-04-18 23:57:00,101.84,101.91,101.84,101.87,39.09550924
2023-04-18 23:56:00,101.8,101.86,101.81,101.83,21.03832721
2023-04-18 23:55:00,101.79,101.83,101.8,101.82,43.80766104
2023-04-18 23:54:00,101.77,101.81,101.77,101.81,19.08347153
2023-04-18 23:53:00,101.77,101.81,101.8,101.79,13.31364801
2023-04-18 23:52:00,101.78,101.84,101.84,101.78,49.21572729
2023-04-18 23:51:00,101.76,101.82,101.77,101.82,22.07715896
2023-04-18 23:50:00,101.76,101.79,101.77,101.78,36.50791572
2023-04-18 23:49:00,101.76,101.82,101.76,101.79,22.5036854
2023-04-18 23:48:00,101.76,101.8,101.78,101.76,22.05672833
2023-04-18 23:47:00,101.76,101.79,101.76,101.77,37.44001503
2023-04-18 23:46:00,101.76,101.86,101.85,101.77,42.42661501
2023-04-18 23:45:00,101.83,101.94,101.92,101.85,34.62321044
2023-04-18 23:44:00,101.88,101.98,101.89,101.93,106.88777087
2023-04-18 23:43:00,101.86,101.9,101.86,101.9,11.08543565
2023-04-18 23:42:00,101.8,101.92,101.83,101.88,101.55068137
2023-04-18 23:41:00,101.84,101.91,101.87,101.86,42.34508148
2023-04-18 23:40:00,101.82,101.86,101.85,101.86,30.17867913
2023-04-18 23:39:00,101.72,101.86,101.72,101.86,101.24494917
2023-04-18 23:38:00,101.66,101.73,101.68,101.71,43.44260258
2023-04-18 23:37:00,101.67,101.73,101.71,101.69,25.54587499
2023-04-18 23:36:00,101.7,101.74,101.7,101.72,46.93322479
2023-04-18 23:35:00,101.66,101.87,101.81,101.68,364.35661013
2023-04-18 23:34:00,101.79,101.84,101.82,101.83,19.92165554
2023-04-18 23:33:00,101.8,101.83,101.81,101.82,61.90942317
2023-04-18 23:32:00,101.75,101.8,101.8,101.78,41.68007996
2023-04-18 23:31:00,101.76,101.81,101.76,101.8,21.28528724
2023-04-18 23:30:00,101.72,101.77,101.72,101.75,46.03479821
2023-04-18 23:29:00,101.72,101.77,101.76,101.74,52.12151874
2023-04-18 23:28:00,101.75,101.83,101.82,101.79,18.5089594
2023-04-18 23:27:00,101.83,101.95,101.94,101.85,126.5363429
2023-04-18 23:26:00,101.92,101.97,101.94,101.94,90.5248897
2023-04-18 23:25:00,101.77,101.91,101.9,101.91,1026.73530025
2023-04-18 23:24:00,101.88,101.96,101.89,101.93,47.52875394
2023-04-18 23:23:00,101.85,101.95,101.95,101.92,34.68207248
2023-04-18 23:22:00,101.92,101.99,101.96,101.96,140.07877203
2023-04-18 23:21:00,101.84,101.96,101.9,101.96,130.67923566
2023-04-18 23:20:00,101.88,101.95,101.91,101.89,75.48542726
2023-04-18 23:19:00,101.57,101.91,101.62,101.89,1080.97068116
2023-04-18 23:18:00,101.62,101.65,101.65,101.64,25.378425
2023-04-18 23:17:00,101.62,101.65,101.64,101.65,19.93102603
2023-04-18 23:16:00,101.62,101.72,101.72,101.63,7.12068331
2023-04-18 23:15:00,101.71,101.86,101.84,101.71,258.370175
2023-04-18 23:14:00,101.6,101.86,101.69,101.84,517.6364418
2023-04-18 23:13:00,101.54,101.68,101.54,101.66,183.20532089
2023-04-18 23:12:00,101.53,101.57,101.53,101.54,15.52634087
2023-04-18 23:11:00,101.5,101.53,101.52,101.53,13.67873517
2023-04-18 23:10:00,101.48,101.52,101.5,101.52,97.54142318
2023-04-18 23:09:00,101.44,101.52,101.48,101.52,127.21738539
2023-04-18 23:08:00,101.44,101.49,101.45,101.49,20.30653694
2023-04-18 23:07:00,101.4,101.47,101.41,101.4,71.82200966
2023-04-18 23:06:00,101.34,101.41,101.34,101.41,26.66108629
2023-04-18 23:05:00,101.23,101.32,101.32,101.32,82.36529994
2023-04-18 23:04:00,101.3,101.37,101.32,101.33,30.7715722
2023-04-18 23:03:00,101.27,101.33,101.31,101.3,71.51506184
2023-04-18 23:02:00,101.28,101.32,101.29,101.32,28.45215094
2023-04-18 23:01:00,101.27,101.44,101.34,101.28,232.64483229
2023-04-18 23:00:00,101.33,101.43,101.4,101.34,53.65324626
2023-04-18 22:59:00,101.32,101.41,101.39,101.39,10.08244625
2023-04-18 22:58:00,101.35,101.46,101.46,101.38,94.26624758
2023-04-18 22:57:00,101.37,101.45,101.41,101.45,42.17097981
2023-04-18 22:56:00,101.38,101.43,101.41,101.42,23.43107634
2023-04-18 22:55:00,101.35,101.44,101.38,101.41,28.16351667
2023-04-18 22:54:00,101.35,101.4,101.35,101.39,34.63332865
2023-04-18 22:53:00,101.32,101.4,101.33,101.38,23.25118113
2023-04-18 22:52:00,101.25,101.35,101.26,101.33,115.87650318
2023-04-18 22:51:00,101.21,101.29,101.21,101.27,39.02387225
2023-04-18 22:50:00,101.18,101.22,101.18,101.21,77.15199824
2023-04-18 22:49:00,101.17,101.21,101.21,101.18,12.08590992
2023-04-18 22:48:00,101.19,101.28,101.25,101.21,28.51383118
2023-04-18 22:47:00,101.25,101.33,101.33,101.27,56.05250982
2023-04-18 22:46:00,101.29,101.36,101.29,101.33,63.1280347
2023-04-18 22:45:00,101.26,101.31,101.28,101.3,51.79630822
2023-04-18 22:44:00,101.28,101.31,101.29,101.3,7.0847021
2023-04-18 22:43:00,101.28,101.33,101.31,101.29,32.08412141
2023-04-18 22:42:00,101.21,101.34,101.21,101.33,63.349482
2023-04-18 22:41:00,101.2,101.25,101.24,101.2,44.99020889
2023-04-18 22:40:00,101.21,101.29,101.24,101.22,42.78060231
2023-04-18 22:39:00,101.21,101.26,101.21,101.25,5.36646474
2023-04-18 22:38:00,101.16,101.25,101.24,101.23,122.45890109
2023-04-18 22:37:00,101.2,101.24,101.22,101.24,7.54052069
2023-04-18 22:36:00,101.14,101.21,101.14,101.2,32.09884296
2023-04-18 22:35:00,101.08,101.16,101.09,101.14,88.48526443
2023-04-18 22:34:00,101.09,101.14,101.1,101.12,30.55012713
2023-04-18 22:33:00,101.13,101.18,101.17,101.14,45.03391247
2023-04-18 22:32:00,101.12,101.18,101.13,101.18,54.00576736
2023-04-18 22:31:00,101.11,101.24,101.11,101.13,69.69184792
2023-04-18 22:30:00,101.08,101.26,101.16,101.09,103.66770086
2023-04-18 22:29:00,101.06,101.18,101.06,101.16,25.74726895
2023-04-18 22:28:00,101.04,101.1,101.06,101.09,273.85419705
2023-04-18 22:27:00,101.04,101.27,101.27,101.04,198.37178134
2023-04-18 22:26:00,101.24,101.33,101.28,101.27,126.71335257
2023-04-18 22:25:00,101.22,101.28,101.23,101.28,46.29624213
2023-04-18 22:24:00,101.22,101.28,101.27,101.26,72.02068518
2023-04-18 22:23:00,101.22,101.27,101.26,101.27,68.16148857
2023-04-18 22:22:00,101.23,101.28,101.27,101.26,16.48157633
2023-04-18 22:21:00,101.23,101.34,101.32,101.31,165.5169524
2023-04-18 22:20:00,101.28,101.35,101.33,101.31,11.02213205
2023-04-18 22:19:00,101.32,101.36,101.35,101.36,7.35136542
2023-04-18 22:18:00,101.29,101.34,101.32,101.31,45.18815746
2023-04-18 22:17:00,101.3,101.34,101.31,101.34,11.4203387
2023-04-18 22:16:00,101.28,101.38,101.38,101.34,21.34767339
2023-04-18 22:15:00,101.27,101.38,101.29,101.38,73.51708852
2023-04-18 22:14:00,101.23,101.33,101.32,101.33,143.74304664
2023-04-18 22:13:00,101.32,101.42,101.42,101.32,97.90284981
2023-04-18 22:12:00,101.38,101.43,101.39,101.42,38.30429642
2023-04-18 22:11:00,101.35,101.4,101.4,101.39,127.78631399
2023-04-18 22:10:00,101.35,101.44,101.44,101.4,42.46919086
2023-04-18 22:09:00,101.42,101.55,101.54,101.45,201.84403636
2023-04-18 22:08:00,101.53,101.6,101.59,101.57,172.98679982
2023-04-18 22:07:00,101.51,101.6,101.54,101.6,6.86089687
2023-04-18 22:06:00,101.53,101.59,101.54,101.54,42.95399427
2023-04-18 22:05:00,101.5,101.55,101.51,101.54,27.29555925
2023-04-18 22:04:00,101.51,101.57,101.56,101.51,18.69852287
2023-04-18 22:03:00,101.54,101.59,101.57,101.56,42.32439361
2023-04-18 22:02:00,101.52,101.57,101.52,101.57,29.18074492
2023-04-18 22:01:00,101.47,101.52,101.47,101.49,29.99283543
2023-04-18 22:00:00,101.47,101.52,101.49,101.48,16.69661056
2023-04-18 21:59:00,101.44,101.56,101.56,101.49,35.37251791
2023-04-18 21:58:00,101.47,101.56,101.49,101.56,44.24682577
2023-04-18 21:57:00,101.42,101.49,101.47,101.49,24.12022822
2023-04-18 21:56:00,101.4,101.49,101.4,101.44,42.96012641
2023-04-18 21:55:00,101.39,101.47,101.44,101.4,17.8168537
2023-04-18 21:54:00,101.43,101.5,101.5,101.44,30.84471596
2023-04-18 21:53:00,101.33,101.51,101.35,101.51,41.69179901
2023-04-18 21:52:00,101.29,101.34,101.32,101.34,32.93807963
2023-04-18 21:51:00,101.31,101.41,101.4,101.33,240.41776583
2023-04-18 21:50:00,101.36,101.46,101.4,101.41,75.25095986
2023-04-18 21:49:00,101.33,101.39,101.37,101.39,8.98783741
2023-04-18 21:48:00,101.32,101.37,101.34,101.34,42.26965431
2023-04-18 21:47:00,101.29,101.35,101.32,101.33,8.12126124
2023-04-18 21:46:00,101.29,101.33,101.33,101.32,34.84692733
2023-04-18 21:45:00,101.28,101.33,101.29,101.33,27.271411
2023-04-18 21:44:00,101.29,101.36,101.35,101.32,131.00461091
2023-04-18 21:43:00,101.34,101.41,101.4,101.34,103.23381117
2023-04-18 21:42:00,101.33,101.42,101.34,101.37,32.7622964
2023-04-19 07:42:00,99.75,99.9,99.75,99.9,106.96665045
2023-04-19 07:41:00,99.77,99.89,99.89,99.77,94.7807956
2023-04-19 07:40:00,99.88,99.91,99.89,99.88,49.79629376
2023-04-19 07:39:00,99.89,99.95,99.95,99.91,70.81941799
2023-04-19 07:38:00,99.93,99.98,99.95,99.95,12.71215788
2023-04-19 07:37:00,99.94,99.97,99.96,99.97,59.3990632
2023-04-19 07:36:00,99.92,99.99,99.92,99.99,44.61807493
2023-04-19 07:35:00,99.88,99.95,99.95,99.89,51.93407781
2023-04-19 07:34:00,99.89,99.97,99.89,99.94,116.54771241
2023-04-19 07:33:00,99.88,100.02,99.97,99.88,293.86213042
2023-04-19 07:32:00,99.88,99.99,99.94,99.97,452.80285391
2023-04-19 07:31:00,99.94,99.99,99.94,99.95,89.99571109
2023-04-19 07:30:00,99.93,100.05,99.99,99.97,238.5216299
2023-04-19 07:29:00,99.97,100.02,99.99,99.99,78.1646593
2023-04-19 07:28:00,99.97,100.03,99.99,100.0,263.72914449
2023-04-19 07:27:00,99.95,100.0,99.99,100.0,63.03041073
2023-04-19 07:26:00,99.89,99.96,99.9,99.96,44.36029735
2023-04-19 07:25:00,99.82,99.95,99.94,99.89,59.76298346
2023-04-19 07:24:00,99.92,100.02,99.96,99.95,362.44463483
2023-04-19 07:23:00,99.94,99.99,99.97,99.97,57.21177898
2023-04-19 07:22:00,99.84,99.99,99.84,99.94,56.36168389
2023-04-19 07:21:00,99.69,99.81,99.81,99.81,480.09044622
2023-04-19 07:20:00,99.8,99.9,99.88,99.81,87.98278444
2023-04-19 07:19:00,99.85,100.02,99.85,99.86,192.62677323
2023-04-19 07:18:00,99.84,100.04,100.03,99.84,353.45165109
2023-04-19 07:17:00,99.96,100.09,99.97,100.04,990.63011881
2023-04-19 07:16:00,99.79,100.22,100.21,99.96,1552.13266664
2023-04-19 07:15:00,100.2,100.37,100.33,100.2,515.46480673
2023-04-19 07:14:00,100.33,100.41,100.4,100.33,128.09758535
2023-04-19 07:13:00,100.37,100.44,100.37,100.42,74.62068557
2023-04-19 07:12:00,100.31,100.42,100.31,100.39,117.94731254
2023-04-19 07:11:00,100.29,100.36,100.29,100.31,279.93904664
2023-04-19 07:10:00,100.28,100.37,100.37,100.29,296.01939163
2023-04-19 07:09:00,100.34,100.47,100.46,100.38,163.5561155
2023-04-19 07:08:00,100.4,100.49,100.48,100.45,150.33211756
2023-04-19 07:07:00,100.41,100.55,100.45,100.49,430.38790715
2023-04-19 07:06:00,100.35,100.48,100.35,100.45,557.45236517
2023-04-19 07:05:00,100.31,100.56,100.54,100.31,154.48503807
2023-04-19 07:04:00,100.51,100.58,100.56,100.51,77.20761179
2023-04-19 07:03:00,100.56,100.62,100.6,100.56,85.97496385
2023-04-19 07:02:00,100.54,100.7,100.67,100.61,173.31240409
2023-04-19 07:01:00,100.62,100.69,100.64,100.67,159.30007406
2023-04-19 07:00:00,100.42,100.69,100.49,100.62,504.99961824
2023-04-19 06:59:00,100.43,100.58,100.51,100.5,1078.09315299
2023-04-19 06:58:00,100.5,100.71,100.61,100.5,254.07717701
2023-04-19 06:57:00,100.61,100.86,100.86,100.61,96.1177506
2023-04-19 06:56:00,100.82,100.87,100.86,100.86,41.82659388
2023-04-19 06:55:00,100.86,100.92,100.91,100.86,48.8207787
2023-04-19 06:54:00,100.89,100.95,100.95,100.93,4.13728469
2023-04-19 06:53:00,100.93,101.0,101.0,100.98,45.65373866
2023-04-19 06:52:00,100.93,101.01,100.99,101.01,54.4378503
2023-04-19 06:51:00,100.93,101.01,100.93,100.99,74.16800921
2023-04-19 06:50:00,100.81,100.93,100.9,100.93,84.626204
2023-04-19 06:49:00,100.77,100.93,100.8,100.9,67.63617137
2023-04-19 06:48:00,100.81,100.89,100.81,100.81,119.74249978
2023-04-19 06:47:00,100.8,100.99,100.92,100.81,372.34182919
2023-04-19 06:46:00,100.94,101.05,101.02,100.94,70.8438173
2023-04-19 06:45:00,101.01,101.05,101.05,101.03,93.88483062
2023-04-19 06:44:00,101.06,101.16,101.16,101.06,20.26124276
2023-04-19 06:43:00,101.09,101.15,101.12,101.15,38.39462112
2023-04-19 06:42:00,101.04,101.11,101.11,101.09,71.83626809
2023-04-19 06:41:00,101.1,101.18,101.14,101.11,351.11088707
2023-04-19 06:40:00,101.12,101.21,101.2,101.13,180.93190161
2023-04-19 06:39:00,101.11,101.21,101.12,101.2,54.63142843
2023-04-19 06:38:00,101.08,101.13,101.11,101.12,74.59969727
2023-04-19 06:37:00,101.08,101.13,101.13,101.12,211.35144933
2023-04-19 06:36:00,101.04,101.16,101.11,101.13,113.66258411
2023-04-19 06:35:00,101.11,101.14,101.14,101.11,20.33847879
2023-04-19 06:34:00,101.02,101.17,101.04,101.17,102.81542091
2023-04-19 06:33:00,100.99,101.04,101.01,101.04,21.13746974
2023-04-19 06:32:00,101.0,101.11,101.02,101.02,555.09190681
2023-04-19 06:31:00,100.99,101.05,101.02,101.02,87.86203291
2023-04-19 06:30:00,100.98,101.06,101.03,101.03,47.20094735
2023-04-19 06:29:00,101.02,101.07,101.06,101.02,35.9569283
2023-04-19 06:28:00,101.03,101.08,101.03,101.06,63.84698695
2023-04-19 06:27:00,100.93,101.06,100.95,101.05,127.00279592
2023-04-19 06:26:00,100.89,100.99,100.94,100.99,85.71412272
2023-04-19 06:25:00,100.98,101.06,100.99,100.98,76.14243899
2023-04-19 06:24:00,101.03,101.11,101.06,101.03,74.3333566
2023-04-19 06:23:00,100.98,101.15,101.14,101.07,53.03624699
2023-04-19 06:22:00,100.91,101.16,100.98,101.14,81.65350775
2023-04-19 06:21:00,101.04,101.16,101.13,101.08,200.32882023
2023-04-19 06:20:00,100.98,101.14,101.05,101.14,55.33342219
2023-04-19 06:19:00,100.93,101.07,100.94,101.04,113.9984902
2023-04-19 06:18:00,100.87,101.05,101.05,100.95,118.31638363
2023-04-19 06:17:00,100.98,101.15,101.15,101.07,377.31494334
2023-04-19 06:16:00,101.13,101.19,101.18,101.16,40.29825064
2023-04-19 06:15:00,101.15,101.22,101.21,101.19,59.15328954
2023-04-19 06:14:00,101.2,101.27,101.26,101.22,54.16165978
2023-04-19 06:13:00,101.23,101.31,101.25,101.24,33.34169662
2023-04-19 06:12:00,101.2,101.32,101.29,101.2,80.67072087
2023-04-19 06:11:00,101.28,101.36,101.28,101.29,66.37608834
2023-04-19 06:10:00,101.21,101.3,101.25,101.27,111.85133139
2023-04-19 06:09:00,101.28,101.36,101.35,101.31,19.49290205
2023-04-19 06:08:00,101.32,101.39,101.34,101.33,49.02225244
2023-04-19 06:07:00,101.34,101.4,101.4,101.36,139.23648666
2023-04-19 06:06:00,101.37,101.41,101.41,101.38,30.9419052
2023-04-19 06:05:00,101.4,101.46,101.44,101.4,49.75924762
2023-04-19 06:04:00,101.41,101.47,101.45,101.46,30.65554292
2023-04-19 06:03:00,101.44,101.5,101.44,101.44,69.14394846
2023-04-19 06:02:00,101.36,101.45,101.44,101.44,106.53423808
2023-04-19 06:01:00,101.44,101.47,101.47,101.47,49.80220239
2023-04-19 06:00:00,101.39,101.5,101.41,101.47,88.7240998
2023-04-19 05:59:00,101.43,101.5,101.49,101.43,39.26372955
2023-04-19 05:58:00,101.47,101.56,101.54,101.47,13.94491595
2023-04-19 05:57:00,101.49,101.57,101.5,101.55,45.800501
2023-04-19 05:56:00,101.45,101.53,101.51,101.49,122.14507967
2023-04-19 05:55:00,101.41,101.51,101.44,101.51,89.07191492
2023-04-19 05:54:00,101.42,101.48,101.44,101.48,38.65187145
2023-04-19 05:53:00,101.39,101.51,101.5,101.44,207.01692785
2023-04-19 05:52:00,101.49,101.56,101.56,101.52,189.02626179
2023-04-19 05:51:00,101.55,101.63,101.63,101.55,73.69582506
2023-04-19 05:50:00,101.6,101.68,101.68,101.61,85.82826817
2023-04-19 05:49:00,101.63,101.67,101.63,101.64,64.00512954
2023-04-19 05:48:00,101.62,101.67,101.64,101.62,170.78853236
2023-04-19 05:47:00,101.61,101.69,101.69,101.67,199.95789504
2023-04-19 05:46:00,101.58,101.66,101.61,101.64,144.09163309
2023-04-19 05:45:00,101.57,101.68,101.57,101.63,180.8198671
2023-04-19 05:44:00,101.59,101.68,101.61,101.61,368.1239349
2023-04-19 05:43:00,101.46,101.62,101.48,101.6,346.39005028
2023-04-19 05:42:00,101.47,101.5,101.48,101.48,50.56731648
2023-04-19 05:41:00,101.47,101.51,101.49,101.49,37.50566121
2023-04-19 05:40:00,101.43,101.51,101.43,101.48,156.20855646
2023-04-19 05:39:00,101.41,101.45,101.42,101.43,119.8963008
2023-04-19 05:38:00,101.41,101.45,101.44,101.45,115.73247204
2023-04-19 05:37:00,101.44,101.46,101.46,101.44,35.03592251
2023-04-19 05:36:00,101.44,101.46,101.46,101.46,22.47304926
2023-04-19 05:35:00,101.42,101.46,101.43,101.46,149.06385544
2023-04-19 05:34:00,101.39,101.52,101.43,101.43,347.82202319
2023-04-19 05:33:00,101.42,101.49,101.48,101.42,77.59889318
2023-04-19 05:32:00,101.38,101.51,101.39,101.48,114.49893225
2023-04-19 05:31:00,101.37,101.41,101.41,101.37,36.51634477
2023-04-19 05:30:00,101.39,101.41,101.39,101.41,24.92036266
2023-04-19 05:29:00,101.37,101.41,101.41,101.37,49.82926664
2023-04-19 05:28:00,101.4,101.42,101.41,101.42,40.08509081
2023-04-19 05:27:00,101.42,101.51,101.51,101.42,111.74794161
2023-04-19 05:26:00,101.45,101.52,101.47,101.52,2.8731323
2023-04-19 05:25:00,101.42,101.51,101.43,101.5,70.33504497
2023-04-19 05:24:00,101.44,101.52,101.52,101.44,98.58645888
2023-04-19 05:23:00,101.52,101.55,101.55,101.52,36.2100691
2023-04-19 05:22:00,101.49,101.54,101.51,101.49,165.18362602
2023-04-19 05:21:00,101.46,101.53,101.46,101.52,80.89180506
2023-04-19 05:20:00,101.33,101.46,101.33,101.46,447.61631037
2023-04-19 05:19:00,101.27,101.36,101.31,101.35,54.89594368
2023-04-19 05:18:00,101.3,101.37,101.32,101.3,51.0997017
2023-04-19 05:17:00,101.32,101.37,101.36,101.32,37.78739763
2023-04-19 05:16:00,101.32,101.35,101.35,101.35,31.47338242
2023-04-19 05:15:00,101.33,101.4,101.38,101.35,75.93503286
2023-04-19 05:14:00,101.38,101.4,101.39,101.4,12.21581898
2023-04-19 05:13:00,101.33,101.4,101.35,101.39,12.21776747
2023-04-19 05:12:00,101.35,101.41,101.38,101.36,38.6127853
2023-04-19 05:11:00,101.34,101.41,101.34,101.41,2.72915619
2023-04-19 05:10:00,101.32,101.44,101.44,101.34,310.14040505
2023-04-19 05:09:00,101.41,101.45,101.45,101.45,37.99076349
2023-04-19 05:08:00,101.46,101.51,101.47,101.5,5.58771615
2023-04-19 05:07:00,101.36,101.49,101.36,101.49,86.88969089
2023-04-19 05:06:00,101.35,101.48,101.38,101.37,402.14940074
2023-04-19 05:05:00,101.32,101.38,101.32,101.38,16.21925467
2023-04-19 05:04:00,101.3,101.34,101.34,101.33,48.0626653
2023-04-19 05:03:00,101.31,101.37,101.32,101.34,38.46058674
2023-04-19 05:02:00,101.31,101.34,101.31,101.32,15.57195215
2023-04-19 05:01:00,101.31,101.37,101.37,101.31,21.76311619
2023-04-19 05:00:00,101.33,101.47,101.37,101.35,84.79992598
2023-04-19 04:59:00,101.34,101.47,101.44,101.37,29.26694233
2023-04-19 04:58:00,101.41,101.48,101.43,101.45,54.82779146
2023-04-19 04:57:00,101.36,101.55,101.54,101.39,116.88852854
2023-04-19 04:56:00,101.32,101.53,101.39,101.53,127.41422983
2023-04-19 04:55:00,101.38,101.42,101.4,101.4,70.36506191
2023-04-19 04:54:00,101.36,101.44,101.41,101.42,45.99196903
2023-04-19 04:53:00,101.36,101.5,101.36,101.44,71.55977302
2023-04-19 04:52:00,101.38,101.48,101.45,101.38,142.25840208
2023-04-19 04:51:00,101.45,101.53,101.51,101.48,94.59822083
2023-04-19 04:50:00,101.3,101.59,101.36,101.53,470.36041363
2023-04-19 04:49:00,101.31,101.43,101.37,101.37,156.84805937
2023-04-19 04:48:00,101.3,101.4,101.39,101.36,55.26901896
2023-04-19 04:47:00,101.33,101.53,101.53,101.39,349.70735545
2023-04-19 04:46:00,101.53,101.67,101.61,101.53,357.79762863
2023-04-19 04:45:00,101.62,101.92,101.63,101.71,522.34440515
2023-04-19 04:44:00,101.64,101.87,101.87,101.64,558.86553434
2023-04-19 04:43:00,101.71,101.9,101.72,101.87,138.18081897
2023-04-19 04:42:00,101.38,101.72,101.38,101.72,516.98023545
2023-04-19 04:41:00,101.23,101.41,101.25,101.4,112.7558365
2023-04-19 04:40:00,101.24,101.34,101.33,101.26,141.72949283
2023-04-19 04:39:00,101.32,101.37,101.34,101.32,75.8986586
2023-04-19 04:38:00,101.21,101.36,101.23,101.34,124.75437314
2023-04-19 04:37:00,101.12,101.25,101.16,101.25,244.07712721
2023-04-19 04:36:00,101.16,101.23,101.23,101.17,63.91649089
2023-04-19 04:35:00,101.16,101.22,101.16,101.2,83.86005709
2023-04-19 04:34:00,101.16,101.18,101.16,101.17,6.61611415
2023-04-19 04:33:00,101.12,101.19,101.14,101.14,78.74751874
2023-04-19 04:32:00,101.03,101.13,101.04,101.13,43.57387039
2023-04-19 04:31:00,101.05,101.08,101.08,101.05,37.30137424
2023-04-19 04:30:00,101.06,101.11,101.1,101.08,94.4877115
2023-04-19 04:29:00,101.0,101.12,101.0,101.12,128.71981913
2023-04-19 04:28:00,100.97,101.01,100.98,101.0,10.55643762
2023-04-19 04:27:00,100.97,101.0,100.99,100.97,24.61054495
2023-04-19 04:26:00,100.94,101.0,100.97,100.96,155.92074595
2023-04-19 04:25:00,100.89,100.98,100.89,100.97,55.26516167
2023-04-19 04:24:00,100.84,100.91,100.86,100.91,44.11239027
2023-04-19 04:23:00,100.85,100.89,100.88,100.86,6.11472418
2023-04-19 04:22:00,100.89,100.95,100.94,100.89,31.73014188
2023-04-19 04:21:00,100.89,100.95,100.92,100.94,28.17110716
2023-04-19 04:20:00,100.82,100.96,100.96,100.93,104.18745461
2023-04-19 04:19:00,100.91,100.98,100.91,100.96,46.11303443
2023-04-19 04:18:00,100.88,100.92,100.88,100.91,15.02534409
2023-04-19 04:17:00,100.84,100.9,100.84,100.88,57.20038573
2023-04-19 04:16:00,100.68,100.81,100.69,100.81,87.20888466
2023-04-19 04:15:00,100.63,100.77,100.77,100.69,127.96502072
2023-04-19 04:14:00,100.77,100.79,100.77,100.77,9.91985053
2023-04-19 04:13:00,100.7,100.76,100.7,100.75,91.56484891
2023-04-19 04:12:00,100.65,100.72,100.68,100.71,100.12766067
2023-04-19 04:11:00,100.61,100.7,100.62,100.66,442.01835833
2023-04-19 04:10:00,100.59,100.64,100.64,100.62,57.76297126
2023-04-19 04:09:00,100.61,100.67,100.67,100.65,45.26430518
2023-04-19 04:08:00,100.5,100.64,100.51,100.64,53.17083002
2023-04-19 04:07:00,100.46,100.61,100.59,100.51,301.2950022
2023-04-19 04:06:00,100.59,100.63,100.61,100.59,49.38170289
2023-04-19 04:05:00,100.55,100.64,100.56,100.61,69.18974281
2023-04-19 04:04:00,100.54,100.64,100.64,100.54,124.0778039
2023-04-19 04:03:00,100.64,100.7,100.68,100.64,110.26765366
2023-04-19 04:02:00,100.66,100.69,100.68,100.68,31.20532839
2023-04-19 04:01:00,100.67,100.79,100.79,100.68,111.82516123
2023-04-19 04:00:00,100.74,100.79,100.78,100.79,68.26278615
2023-04-19 03:59:00,100.74,100.81,100.74,100.78,79.35191084
2023-04-19 03:58:00,100.73,100.77,100.74,100.77,27.38410941
2023-04-19 03:57:00,100.7,100.78,100.71,100.78,135.41501725
2023-04-19 03:56:00,100.69,100.76,100.69,100.74,324.46109188
2023-04-19 03:55:00,100.69,100.72,100.69,100.72,43.01072272
2023-04-19 03:54:00,100.66,100.75,100.75,100.72,74.08258535
2023-04-19 03:53:00,100.7,100.78,100.7,100.75,69.69149384
2023-04-19 03:52:00,100.63,100.68,100.63,100.68,39.19853168
2023-04-19 03:51:00,100.57,100.68,100.67,100.63,125.8510588
2023-04-19 03:50:00,100.71,100.77,100.77,100.71,46.57834083
2023-04-19 03:49:00,100.72,100.8,100.79,100.75,72.94554248
2023-04-19 03:48:00,100.74,100.78,100.74,100.78,41.54313393
2023-04-19 03:47:00,100.65,100.78,100.67,100.74,361.61669618
2023-04-19 03:46:00,100.59,100.68,100.68,100.66,100.40644848
2023-04-19 03:45:00,100.7,100.74,100.71,100.72,31.7500161
2023-04-19 03:44:00,100.68,100.75,100.71,100.71,37.01516835
2023-04-19 03:43:00,100.61,100.71,100.66,100.71,202.80920332
2023-04-19 03:42:00,100.65,100.77,100.76,100.66,134.15052103
2023-04-19 03:41:00,100.75,100.86,100.85,100.75,222.54712337
2023-04-19 03:40:00,100.85,100.88,100.86,100.85,71.0020075
2023-04-19 03:39:00,100.86,100.88,100.88,100.86,14.88796475
2023-04-19 03:38:00,100.85,100.87,100.86,100.85,70.66494864
2023-04-19 03:37:00,100.85,100.87,100.86,100.85,7.54055936
2023-04-19 03:36:00,100.81,100.88,100.88,100.86,247.41301677
2023-04-19 03:35:00,100.8,100.85,100.81,100.85,54.010431
2023-04-19 03:34:00,100.79,100.84,100.84,100.81,126.11916211
2023-04-19 03:33:00,100.83,100.84,100.84,100.84,63.5706125
2023-04-19 03:32:00,100.79,100.86,100.79,100.84,112.12304027
2023-04-19 03:31:00,100.73,100.92,100.92,100.8,739.59299077
2023-04-19 03:30:00,100.94,101.08,101.07,100.94,375.85640277
2023-04-19 03:29:00,101.06,101.08,101.06,101.06,14.43287798
2023-04-19 03:28:00,101.03,101.08,101.03,101.06,11.74811914
2023-04-19 03:27:00,101.03,101.07,101.04,101.04,63.35857237
2023-04-19 03:26:00,101.0,101.07,101.0,101.07,29.33729556
2023-04-19 03:25:00,101.0,101.03,101.02,101.03,33.26473405
2023-04-19 03:24:00,100.97,101.03,100.97,101.02,19.16085635
2023-04-19 03:23:00,100.96,100.99,100.98,100.96,72.66072827
2023-04-19 03:22:00,100.97,101.03,100.99,101.0,109.55408328
2023-04-19 03:21:00,100.98,101.03,101.0,101.02,94.51400715
2023-04-19 03:20:00,100.98,101.01,100.98,101.0,50.3373765
2023-04-19 03:19:00,100.98,101.04,101.02,100.98,85.50573746
2023-04-19 03:18:00,100.98,101.04,101.0,101.01,43.76974484
2023-04-19 03:17:00,100.99,101.06,101.04,101.0,84.14274915
2023-04-19 03:16:00,100.96,101.03,100.96,101.01,83.8341901
2023-04-19 03:15:00,100.91,100.97,100.92,100.97,88.08380764
2023-04-19 03:14:00,100.92,100.96,100.96,100.92,32.7764392
2023-04-19 03:13:00,100.94,101.03,101.03,100.96,75.34602748
2023-04-19 03:12:00,101.01,101.04,101.01,101.01,56.13215211
2023-04-19 03:11:00,100.97,101.02,101.0,101.01,65.96399918
2023-04-19 03:10:00,101.0,101.04,101.0,101.01,83.36214131
2023-04-19 03:09:00,100.91,101.02,100.91,101.02,71.34834117
2023-04-19 03:08:00,100.89,100.96,100.96,100.92,78.97715783
2023-04-19 03:07:00,100.94,101.02,101.01,100.94,29.37952189
2023-04-19 03:06:00,101.0,101.04,101.02,101.01,20.22520188
2023-04-19 03:05:00,101.0,101.16,101.12,101.02,89.29026918
2023-04-19 03:04:00,101.1,101.16,101.1,101.12,171.36128848
2023-04-19 03:03:00,101.05,101.13,101.05,101.1,14.77017007
2023-04-19 03:02:00,101.04,101.08,101.06,101.08,23.47141098
2023-04-19 03:01:00,101.02,101.08,101.05,101.06,82.91429704
2023-04-19 03:00:00,101.03,101.1,101.1,101.03,93.00138907
2023-04-19 02:59:00,101.07,101.12,101.07,101.11,92.17940465
2023-04-19 02:58:00,101.06,101.1,101.07,101.07,39.68487341
2023-04-19 02:57:00,101.1,101.19,101.17,101.1,44.36281471
2023-04-19 02:56:00,101.11,101.19,101.17,101.17,364.56784877
2023-04-19 02:55:00,101.1,101.17,101.1,101.14,40.85852356
2023-04-19 02:54:00,101.09,101.12,101.1,101.1,37.32096843
2023-04-19 02:53:00,101.08,101.14,101.11,101.12,36.4694725
2023-04-19 02:52:00,101.09,101.16,101.16,101.1,95.11777466
2023-04-19 02:51:00,101.12,101.18,101.14,101.14,98.67496774
2023-04-19 02:50:00,101.14,101.22,101.18,101.14,85.58771718
2023-04-19 02:49:00,101.16,101.23,101.23,101.17,50.93960462
2023-04-19 02:48:00,101.21,101.28,101.24,101.22,43.91413225
2023-04-19 02:47:00,101.15,101.23,101.2,101.23,90.89592571
2023-04-19 02:46:00,101.17,101.23,101.2,101.2,96.21289093
2023-04-19 02:45:00,101.18,101.31,101.26,101.19,82.26319319
2023-04-19 02:44:00,101.2,101.29,101.21,101.26,66.03809474
2023-04-19 02:43:00,101.16,101.23,101.19,101.21,35.25946707
2023-04-19 02:42:00,101.1,101.19,101.16,101.16,74.5058639
2023-04-19 12:42:00,95.23,95.31,95.24,95.31,81.96612513
2023-04-19 12:41:00,95.18,95.24,95.22,95.24,131.5309904
2023-04-19 12:40:00,95.18,95.25,95.2,95.22,48.68808652
2023-04-19 12:39:00,95.09,95.24,95.18,95.23,83.80634002
2023-04-19 12:38:00,95.17,95.21,95.2,95.18,19.8031602
2023-04-19 12:37:00,95.16,95.21,95.19,95.18,64.49476193
2023-04-19 12:36:00,95.2,95.25,95.25,95.2,19.04536524
2023-04-19 12:35:00,95.22,95.31,95.29,95.23,76.41831025
2023-04-19 12:34:00,95.21,95.34,95.26,95.3,66.22130642
2023-04-19 12:33:00,95.23,95.29,95.29,95.24,25.38968695
2023-04-19 12:32:00,95.27,95.36,95.33,95.3,70.34113291
2023-04-19 12:31:00,95.32,95.46,95.45,95.33,79.30494575
2023-04-19 12:30:00,95.4,95.46,95.4,95.45,61.90577483
2023-04-19 12:29:00,95.32,95.4,95.36,95.4,30.57838136
2023-04-19 12:28:00,95.31,95.36,95.36,95.34,25.0214962
2023-04-19 12:27:00,95.34,95.37,95.35,95.36,17.96132183
2023-04-19 12:26:00,95.29,95.38,95.29,95.37,39.80473844
2023-04-19 12:25:00,95.29,95.36,95.36,95.32,89.88082078
2023-04-19 12:24:00,95.33,95.36,95.35,95.33,13.26727197
2023-04-19 12:23:00,95.33,95.52,95.42,95.33,736.32059794
2023-04-19 12:22:00,95.33,95.39,95.35,95.38,27.65170349
2023-04-19 12:21:00,95.31,95.39,95.33,95.33,100.81642476
2023-04-19 12:20:00,95.24,95.33,95.26,95.32,32.44208834
2023-04-19 12:19:00,95.22,95.29,95.29,95.25,98.59134132
2023-04-19 12:18:00,95.18,95.37,95.29,95.32,372.28417851
2023-04-19 12:17:00,95.11,95.32,95.16,95.3,69.50605342
2023-04-19 12:16:00,95.15,95.18,95.18,95.16,49.05792098
2023-04-19 12:15:00,95.16,95.24,95.16,95.19,34.53969226
2023-04-19 12:14:00,95.17,95.26,95.17,95.22,58.45981805
2023-04-19 12:13:00,95.09,95.2,95.09,95.2,25.98777262
2023-04-19 12:12:00,95.11,95.18,95.17,95.11,110.79096083
2023-04-19 12:11:00,95.1,95.24,95.15,95.19,181.55727952
2023-04-19 12:10:00,95.16,95.26,95.26,95.2,36.42993966
2023-04-19 12:09:00,95.21,95.28,95.27,95.22,90.59145526
2023-04-19 12:08:00,95.19,95.28,95.23,95.24,65.46717232
2023-04-19 12:07:00,95.16,95.27,95.23,95.21,64.76078746
2023-04-19 12:06:00,95.22,95.25,95.25,95.24,99.93656368
2023-04-19 12:05:00,95.22,95.31,95.31,95.22,118.11626178
2023-04-19 12:04:00,95.25,95.34,95.29,95.32,261.01226076
2023-04-19 12:03:00,95.23,95.32,95.32,95.29,105.27054385
2023-04-19 12:02:00,95.29,95.34,95.29,95.32,202.60161956
2023-04-19 12:01:00,95.27,95.39,95.37,95.28,517.58142287
2023-04-19 12:00:00,95.25,95.51,95.48,95.38,592.39218762
2023-04-19 11:59:00,95.37,95.51,95.37,95.51,178.47938217
2023-04-19 11:58:00,95.38,95.55,95.51,95.39,574.28824601
2023-04-19 11:57:00,95.53,95.58,95.57,95.55,64.0228274
2023-04-19 11:56:00,95.47,95.56,95.5,95.55,89.7212943
2023-04-19 11:55:00,95.47,95.54,95.48,95.51,148.68748241
2023-04-19 11:54:00,95.48,95.52,95.49,95.51,8.51848278
2023-04-19 11:53:00,95.5,95.56,95.52,95.54,80.93022094
2023-04-19 11:52:00,95.48,95.54,95.54,95.5,33.4709423
2023-04-19 11:51:00,95.51,95.57,95.51,95.53,97.06187307
2023-04-19 11:50:00,95.43,95.52,95.52,95.49,60.51200379
2023-04-19 11:49:00,95.5,95.54,95.53,95.52,20.63976272
2023-04-19 11:48:00,95.55,95.59,95.59,95.55,15.52487837
2023-04-19 11:47:00,95.58,95.65,95.65,95.59,106.73152935
2023-04-19 11:46:00,95.68,95.72,95.68,95.68,39.55609846
2023-04-19 11:45:00,95.6,95.69,95.67,95.69,69.73127231
2023-04-19 11:44:00,95.64,95.73,95.73,95.65,86.83121086
2023-04-19 11:43:00,95.65,95.78,95.78,95.73,522.31814436
2023-04-19 11:42:00,95.77,95.83,95.82,95.77,3.69757787
2023-04-19 11:41:00,95.77,95.83,95.83,95.83,61.64416391
2023-04-19 11:40:00,95.78,95.85,95.84,95.84,55.50775433
2023-04-19 11:39:00,95.87,95.94,95.9,95.87,107.64747189
2023-04-19 11:38:00,95.84,95.9,95.84,95.9,65.03850253
2023-04-19 11:37:00,95.81,95.88,95.81,95.84,85.99922921
2023-04-19 11:36:00,95.68,95.81,95.68,95.79,180.27565411
2023-04-19 11:35:00,95.68,95.76,95.75,95.69,48.44835297
2023-04-19 11:34:00,95.66,95.78,95.71,95.75,253.01452059
2023-04-19 11:33:00,95.66,95.7,95.66,95.69,18.89991474
2023-04-19 11:32:00,95.67,95.7,95.69,95.69,17.03147999
2023-04-19 11:31:00,95.6,95.69,95.63,95.69,36.78468877
2023-04-19 11:30:00,95.54,95.62,95.59,95.61,26.80209491
2023-04-19 11:29:00,95.55,95.63,95.63,95.58,102.88999042
2023-04-19 11:28:00,95.54,95.63,95.54,95.6,91.53238751
2023-04-19 11:27:00,95.39,95.55,95.39,95.52,148.08934012
2023-04-19 11:26:00,95.34,95.46,95.38,95.34,142.80060892
2023-04-19 11:25:00,95.4,95.47,95.44,95.4,34.7739517
2023-04-19 11:24:00,95.42,95.48,95.48,95.45,11.3729441
2023-04-19 11:23:00,95.48,95.52,95.51,95.49,42.37209198
2023-04-19 11:22:00,95.37,95.51,95.39,95.51,78.46638768
2023-04-19 11:21:00,95.35,95.53,95.45,95.4,346.26786119
2023-04-19 11:20:00,95.46,95.6,95.6,95.46,194.8210909
2023-04-19 11:19:00,95.58,95.63,95.63,95.6,56.4813566
2023-04-19 11:18:00,95.6,95.65,95.65,95.62,43.549254
2023-04-19 11:17:00,95.56,95.65,95.56,95.64,112.58539719
2023-04-19 11:16:00,95.51,95.57,95.51,95.57,41.64291195
2023-04-19 11:15:00,95.42,95.49,95.42,95.49,62.32136305
2023-04-19 11:14:00,95.44,95.48,95.46,95.44,29.63680626
2023-04-19 11:13:00,95.42,95.46,95.42,95.46,23.47789285
2023-04-19 11:12:00,95.33,95.42,95.33,95.42,106.7724163
2023-04-19 11:11:00,95.29,95.34,95.29,95.34,24.78914599
2023-04-19 11:10:00,95.32,95.49,95.46,95.33,121.71256848
2023-04-19 11:09:00,95.37,95.45,95.38,95.45,68.87908823
2023-04-19 11:08:00,95.31,95.39,95.31,95.39,214.18276624
2023-04-19 11:07:00,95.29,95.35,95.33,95.3,203.5848249
2023-04-19 11:06:00,95.3,95.38,95.38,95.34,536.34635885
2023-04-19 11:05:00,95.38,95.47,95.42,95.39,98.75731395
2023-04-19 11:04:00,95.34,95.43,95.35,95.43,214.8993921
2023-04-19 11:03:00,95.3,95.39,95.39,95.35,292.09041264
2023-04-19 11:02:00,95.33,95.39,95.33,95.39,193.58053145
2023-04-19 11:01:00,95.29,95.38,95.29,95.34,188.23499567
2023-04-19 11:00:00,95.31,95.42,95.4,95.31,365.68084775
2023-04-19 10:59:00,95.42,95.5,95.47,95.42,65.88246068
2023-04-19 10:58:00,95.39,95.5,95.42,95.5,366.54315425
2023-04-19 10:57:00,95.39,95.44,95.39,95.43,511.60979261
2023-04-19 10:56:00,95.39,95.48,95.43,95.43,76.18906353
2023-04-19 10:55:00,95.39,95.49,95.4,95.44,492.52608839
2023-04-19 10:54:00,95.36,95.45,95.45,95.4,160.79487348
2023-04-19 10:53:00,95.35,95.42,95.4,95.4,59.44337065
2023-04-19 10:52:00,95.21,95.39,95.22,95.35,211.89116661
2023-04-19 10:51:00,95.2,95.3,95.28,95.26,73.59748443
2023-04-19 10:50:00,95.16,95.29,95.2,95.29,118.2924793
2023-04-19 10:49:00,95.17,95.23,95.2,95.17,58.86575196
2023-04-19 10:48:00,95.21,95.34,95.3,95.23,84.0512971
2023-04-19 10:47:00,95.25,95.39,95.38,95.28,71.94061946
2023-04-19 10:46:00,95.35,95.38,95.36,95.38,23.87102144
2023-04-19 10:45:00,95.25,95.36,95.32,95.36,160.10904678
2023-04-19 10:44:00,95.33,95.39,95.34,95.33,8.11084007
2023-04-19 10:43:00,95.36,95.5,95.5,95.37,54.35098052
2023-04-19 10:42:00,95.35,95.5,95.37,95.5,85.32334309
2023-04-19 10:41:00,95.37,95.46,95.46,95.37,115.57020731
2023-04-19 10:40:00,95.41,95.55,95.48,95.48,91.52033286
2023-04-19 10:39:00,95.48,95.57,95.55,95.51,105.51548978
2023-04-19 10:38:00,95.52,95.62,95.62,95.52,117.48597897
2023-04-19 10:37:00,95.46,95.64,95.5,95.62,253.23091501
2023-04-19 10:36:00,95.29,95.53,95.48,95.46,345.28068068
2023-04-19 10:35:00,95.43,95.56,95.46,95.51,358.96351706
2023-04-19 10:34:00,95.46,95.6,95.54,95.48,458.62216083
2023-04-19 10:33:00,95.54,95.66,95.64,95.54,907.08419696
2023-04-19 10:32:00,95.51,95.66,95.51,95.66,253.64611218
2023-04-19 10:31:00,95.46,95.56,95.53,95.49,65.20147345
2023-04-19 10:30:00,95.49,95.58,95.58,95.52,119.31940878
2023-04-19 10:29:00,95.61,95.71,95.67,95.63,193.33764345
2023-04-19 10:28:00,95.67,95.71,95.68,95.68,71.10489161
2023-04-19 10:27:00,95.66,95.71,95.67,95.71,27.71478891
2023-04-19 10:26:00,95.66,95.71,95.69,95.66,55.80734685
2023-04-19 10:25:00,95.63,95.71,95.68,95.69,159.62945677
2023-04-19 10:24:00,95.62,95.72,95.67,95.71,108.38465363
2023-04-19 10:23:00,95.59,95.67,95.61,95.67,272.99735404
2023-04-19 10:22:00,95.6,95.69,95.62,95.61,126.37530126
2023-04-19 10:21:00,95.55,95.64,95.57,95.62,171.04861465
2023-04-19 10:20:00,95.55,95.73,95.66,95.55,235.46183715
2023-04-19 10:19:00,95.5,95.69,95.5,95.66,170.25857072
2023-04-19 10:18:00,95.53,95.6,95.53,95.53,102.8896484
2023-04-19 10:17:00,95.42,95.61,95.43,95.53,213.68139112
2023-04-19 10:16:00,95.44,95.55,95.49,95.46,76.1304114
2023-04-19 10:15:00,95.43,95.58,95.58,95.44,145.74901738
2023-04-19 10:14:00,95.47,95.57,95.49,95.56,173.01730124
2023-04-19 10:13:00,95.42,95.51,95.5,95.47,71.39978585
2023-04-19 10:12:00,95.44,95.55,95.51,95.49,217.08918891
2023-04-19 10:11:00,95.43,95.54,95.43,95.52,328.30453009
2023-04-19 10:10:00,95.42,95.56,95.56,95.42,232.77097316
2023-04-19 10:09:00,95.54,95.59,95.57,95.59,66.70693142
2023-04-19 10:08:00,95.46,95.56,95.56,95.52,245.70560285
2023-04-19 10:07:00,95.51,95.56,95.51,95.55,117.57743769
2023-04-19 10:06:00,95.51,95.56,95.52,95.52,78.71067492
2023-04-19 10:05:00,95.39,95.52,95.41,95.52,137.69056851
2023-04-19 10:04:00,95.39,95.45,95.45,95.44,6.68399556
2023-04-19 10:03:00,95.32,95.45,95.32,95.45,29.261196
2023-04-19 10:02:00,95.28,95.32,95.32,95.32,23.84002301
2023-04-19 10:01:00,95.19,95.34,95.27,95.34,158.12048782
2023-04-19 10:00:00,95.19,95.29,95.25,95.28,158.24156169
2023-04-19 09:59:00,95.23,95.32,95.32,95.28,117.35625965
2023-04-19 09:58:00,95.31,95.34,95.33,95.34,41.36179741
2023-04-19 09:57:00,95.31,95.39,95.33,95.32,131.27044971
2023-04-19 09:56:00,95.31,95.4,95.34,95.35,73.14521152
2023-04-19 09:55:00,95.32,95.41,95.38,95.36,118.76877984
2023-04-19 09:54:00,95.37,95.46,95.46,95.38,18.87274098
2023-04-19 09:53:00,95.46,95.49,95.48,95.47,13.34271339
2023-04-19 09:52:00,95.46,95.51,95.48,95.5,33.28657821
2023-04-19 09:51:00,95.48,95.56,95.48,95.48,33.40059304
2023-04-19 09:50:00,95.42,95.51,95.46,95.49,30.71524263
2023-04-19 09:49:00,95.49,95.62,95.62,95.5,74.37736242
2023-04-19 09:48:00,95.47,95.61,95.54,95.6,78.67954853
2023-04-19 09:47:00,95.4,95.54,95.52,95.53,100.31091301
2023-04-19 09:46:00,95.51,95.57,95.57,95.52,72.99988821
2023-04-19 09:45:00,95.53,95.66,95.65,95.66,151.72033882
2023-04-19 09:44:00,95.63,95.73,95.72,95.66,183.31382143
2023-04-19 09:43:00,95.62,95.74,95.66,95.74,26.69487505
2023-04-19 09:42:00,95.56,95.67,95.57,95.64,76.05658006
2023-04-19 09:41:00,95.57,95.65,95.63,95.57,100.42594992
2023-04-19 09:40:00,95.6,95.71,95.69,95.63,160.56632547
2023-04-19 09:39:00,95.61,95.73,95.66,95.7,217.54575127
2023-04-19 09:38:00,95.59,95.74,95.68,95.61,134.55396515
2023-04-19 09:37:00,95.6,95.73,95.66,95.72,123.90611175
2023-04-19 09:36:00,95.51,95.74,95.54,95.65,256.33732926
2023-04-19 09:35:00,95.42,95.53,95.46,95.49,51.31106997
2023-04-19 09:34:00,95.38,95.51,95.38,95.5,88.46031729
2023-04-19 09:33:00,95.34,95.38,95.35,95.38,16.8982895
2023-04-19 09:32:00,95.31,95.39,95.34,95.35,70.85588108
2023-04-19 09:31:00,95.26,95.32,95.28,95.32,136.33598338
2023-04-19 09:30:00,95.25,95.38,95.38,95.25,82.47712736
2023-04-19 09:29:00,95.24,95.38,95.31,95.38,209.3431507
2023-04-19 09:28:00,95.32,95.45,95.44,95.32,135.55432062
2023-04-19 09:27:00,95.34,95.43,95.37,95.42,18.10562421
2023-04-19 09:26:00,95.26,95.4,95.38,95.32,118.67265604
2023-04-19 09:25:00,95.29,95.37,95.34,95.37,45.62178209
2023-04-19 09:24:00,95.24,95.35,95.26,95.35,201.97645255
2023-04-19 09:23:00,95.15,95.37,95.23,95.21,431.54281929
2023-04-19 09:22:00,95.2,95.31,95.28,95.25,248.10318133
2023-04-19 09:21:00,95.25,95.37,95.31,95.27,160.94242048
2023-04-19 09:20:00,95.3,95.46,95.45,95.35,102.02171095
2023-04-19 09:19:00,95.48,95.58,95.53,95.48,40.69873438
2023-04-19 09:18:00,95.4,95.51,95.47,95.48,235.83481397
2023-04-19 09:17:00,95.31,95.65,95.59,95.46,577.09288647
2023-04-19 09:16:00,95.58,95.7,95.58,95.62,314.67838633
2023-04-19 09:15:00,95.54,95.66,95.66,95.58,156.31974669
2023-04-19 09:14:00,95.66,95.73,95.72,95.66,120.11865377
2023-04-19 09:13:00,95.7,95.79,95.72,95.72,209.97790225
2023-04-19 09:12:00,95.53,95.74,95.53,95.74,503.0749599
2023-04-19 09:11:00,95.46,95.62,95.62,95.52,168.22845294
2023-04-19 09:10:00,95.44,95.6,95.54,95.57,125.884846
2023-04-19 09:09:00,95.31,95.54,95.32,95.54,237.76521603
2023-04-19 09:08:00,95.22,95.34,95.28,95.28,539.50534312
2023-04-19 09:07:00,95.13,95.29,95.18,95.28,429.00033041
2023-04-19 09:06:00,95.09,95.27,95.27,95.15,644.41329837
2023-04-19 09:05:00,95.23,95.33,95.33,95.27,298.39191146
2023-04-19 09:04:00,95.2,95.35,95.23,95.33,84.71886891
2023-04-19 09:03:00,95.1,95.25,95.13,95.24,357.91144355
2023-04-19 09:02:00,95.08,95.23,95.19,95.14,639.11971218
2023-04-19 09:01:00,95.14,95.4,95.35,95.18,307.44984073
2023-04-19 09:00:00,95.0,95.33,95.09,95.33,541.99074575
2023-04-19 08:59:00,95.08,95.22,95.22,95.08,141.97789448
2023-04-19 08:58:00,95.08,95.27,95.08,95.2,728.59047266
2023-04-19 08:57:00,95.06,95.45,95.44,95.08,222.34742224
2023-04-19 08:56:00,95.23,95.43,95.24,95.43,241.19929433
2023-04-19 08:55:00,95.21,95.42,95.42,95.27,66.09347877
2023-04-19 08:54:00,95.16,95.49,95.16,95.42,146.53454203
2023-04-19 08:53:00,95.16,95.31,95.31,95.16,133.07115319
2023-04-19 08:52:00,95.25,95.38,95.38,95.31,436.0935691
2023-04-19 08:51:00,95.39,95.6,95.49,95.4,463.9720054
2023-04-19 08:50:00,95.3,95.48,95.45,95.48,309.98617451
2023-04-19 08:49:00,95.33,95.46,95.34,95.46,268.21006366
2023-04-19 08:48:00,95.18,95.45,95.39,95.31,183.12556644
2023-04-19 08:47:00,95.37,95.67,95.61,95.38,690.87996077
2023-04-19 08:46:00,95.59,95.83,95.61,95.6,1283.24717764
2023-04-19 08:45:00,95.6,95.74,95.73,95.61,128.27307087
2023-04-19 08:44:00,95.57,95.79,95.62,95.76,514.37791301
2023-04-19 08:43:00,95.57,95.72,95.67,95.62,518.48219698
2023-04-19 08:42:00,95.6,95.76,95.7,95.69,239.34437616
2023-04-19 08:41:00,95.62,95.89,95.88,95.72,869.67259025
2023-04-19 08:40:00,95.74,95.95,95.81,95.91,321.79689175
2023-04-19 08:39:00,95.77,96.14,96.03,95.83,905.88940434
2023-04-19 08:38:00,95.56,96.09,95.89,96.01,2866.2888913
2023-04-19 08:37:00,95.84,96.17,96.01,95.87,623.4469453
2023-04-19 08:36:00,95.86,96.12,95.99,96.06,394.97963476
2023-04-19 08:35:00,95.56,95.99,95.8,95.98,432.2710577
2023-04-19 08:34:00,95.45,95.86,95.5,95.77,1117.93967642
2023-04-19 08:33:00,95.43,95.69,95.49,95.57,769.47952268
2023-04-19 08:32:00,95.16,95.56,95.26,95.47,606.73575094
2023-04-19 08:31:00,95.25,95.55,95.42,95.25,1009.49255504
2023-04-19 08:30:00,95.31,95.58,95.5,95.49,598.05426911
2023-04-19 08:29:00,95.5,95.85,95.7,95.5,477.13590936
2023-04-19 08:28:00,95.44,95.89,95.51,95.72,359.09061547
2023-04-19 08:27:00,95.28,95.85,95.4,95.44,746.92711938
2023-04-19 08:26:00,94.93,95.64,95.52,95.39,1624.27797139
2023-04-19 08:25:00,94.84,95.51,94.96,95.51,878.19210595
2023-04-19 08:24:00,94.35,95.05,94.42,94.93,798.23668213
2023-04-19 08:23:00,93.93,95.74,94.21,94.44,4714.55268797
2023-04-19 08:22:00,93.92,96.56,96.56,94.21,7419.6195649
2023-04-19 08:21:00,95.63,97.15,97.12,96.59,5203.96245395
2023-04-19 08:20:00,97.0,97.68,97.68,97.17,2365.98114009
2023-04-19 08:19:00,97.59,98.02,98.02,97.69,569.88394834
2023-04-19 08:18:00,97.81,98.35,98.31,98.05,535.1759465
2023-04-19 08:17:00,97.85,98.29,97.91,98.29,485.13601637
2023-04-19 08:16:00,97.69,97.93,97.91,97.83,515.85292489
2023-04-19 08:15:00,97.89,98.2,98.1,97.98,1171.72720236
2023-04-19 08:14:00,97.83,98.54,97.97,98.1,2900.49475496
2023-04-19 08:13:00,97.9,98.82,98.72,97.97,1645.19837223
2023-04-19 08:12:00,98.28,98.75,98.3,98.72,1875.51676352
2023-04-19 08:11:00,98.2,98.81,98.81,98.29,4068.50397015
2023-04-19 08:10:00,98.79,100.0,99.83,98.95,2664.27766307
2023-04-19 08:09:00,99.77,100.09,100.07,99.82,565.58368662
2023-04-19 08:08:00,100.08,100.31,100.3,100.08,59.69363242
2023-04-19 08:07:00,100.3,100.51,100.44,100.3,225.51658646
2023-04-19 08:06:00,100.17,100.44,100.18,100.44,135.93106062
2023-04-19 08:05:00,99.99,100.18,100.03,100.17,301.44088116
2023-04-19 08:04:00,99.75,100.03,99.94,100.03,261.85126486
2023-04-19 08:03:00,99.69,99.91,99.71,99.91,69.50022279
2023-04-19 08:02:00,99.71,99.82,99.82,99.71,43.44029506
2023-04-19 08:01:00,99.86,100.01,99.99,99.86,56.85361833
2023-04-19 08:00:00,99.95,100.01,99.95,99.99,80.85406826
2023-04-19 07:59:00,99.92,99.98,99.92,99.94,23.82594621
2023-04-19 07:58:00,99.89,99.97,99.97,99.9,84.04555749
2023-04-19 07:57:00,99.95,99.99,99.95,99.99,9.94056282
2023-04-19 07:56:00,99.9,99.93,99.9,99.93,3.36709973
2023-04-19 07:55:00,99.84,99.92,99.85,99.91,73.31687604
2023-04-19 07:54:00,99.73,99.86,99.76,99.86,61.17219616
2023-04-19 07:53:00,99.76,99.83,99.82,99.77,15.04344029
2023-04-19 07:52:00,99.79,99.85,99.8,99.79,29.10477403
2023-04-19 07:51:00,99.76,99.86,99.78,99.8,27.56813838
2023-04-19 07:50:00,99.76,99.83,99.82,99.8,52.40912822
2023-04-19 07:49:00,99.79,99.88,99.86,99.81,49.38879671
2023-04-19 07:48:00,99.83,99.9,99.85,99.9,6.51318905
2023-04-19 07:47:00,99.81,99.89,99.81,99.85,63.69432868
2023-04-19 07:46:00,99.81,99.86,99.86,99.82,41.65244776
2023-04-19 07:45:00,99.81,99.88,99.81,99.83,30.60719514
2023-04-19 07:44:00,99.84,99.96,99.96,99.84,305.06717009
2023-04-19 07:43:00,99.88,99.95,99.9,99.95,101.54740948
2023-04-19 07:42:00,99.75,99.9,99.75,99.9,106.96665045
2023-04-19 17:42:00,92.45,92.9,92.6,92.88,3329.5731624
2023-04-19 17:41:00,92.63,93.01,92.98,92.63,1010.46026046
2023-04-19 17:40:00,92.96,93.06,93.03,92.98,945.59608046
2023-04-19 17:39:00,92.92,93.08,92.92,93.01,1090.32913492
2023-04-19 17:38:00,92.92,93.17,93.17,92.92,678.6899432
2023-04-19 17:37:00,93.16,93.32,93.32,93.18,1582.4390103
2023-04-19 17:36:00,93.24,93.35,93.24,93.33,447.31109296
2023-04-19 17:35:00,93.13,93.25,93.25,93.24,805.64585263
2023-04-19 17:34:00,93.07,93.27,93.12,93.25,1339.47512163
2023-04-19 17:33:00,93.11,93.22,93.22,93.12,501.2171408
2023-04-19 17:32:00,93.1,93.25,93.11,93.23,1156.48458593
2023-04-19 17:31:00,93.11,93.22,93.19,93.11,1094.93979295
2023-04-19 17:30:00,93.15,93.44,93.39,93.18,975.84645065
2023-04-19 17:29:00,93.22,93.38,93.27,93.38,571.8354303
2023-04-19 17:28:00,93.23,93.33,93.23,93.27,791.13976859
2023-04-19 17:27:00,93.16,93.26,93.26,93.23,534.21867229
2023-04-19 17:26:00,93.23,93.37,93.29,93.27,847.40190548
2023-04-19 17:25:00,93.18,93.34,93.34,93.27,1838.73343819
2023-04-19 17:24:00,93.27,93.4,93.31,93.34,1242.11001042
2023-04-19 17:23:00,93.12,93.43,93.15,93.3,2447.25415768
2023-04-19 17:22:00,93.09,93.35,93.3,93.15,2186.75548681
2023-04-19 17:21:00,93.23,93.43,93.23,93.31,2047.1865477
2023-04-19 17:20:00,92.62,93.28,92.63,93.25,4989.07622985
2023-04-19 17:19:00,92.53,93.85,93.77,92.64,4433.31535303
2023-04-19 17:18:00,93.73,93.85,93.77,93.75,779.49543762
2023-04-19 17:17:00,93.74,93.91,93.91,93.78,770.0988473
2023-04-19 17:16:00,93.84,93.99,93.99,93.87,1023.87073026
2023-04-19 17:15:00,93.63,94.0,94.0,93.96,1334.50519328
2023-04-19 17:14:00,93.97,94.1,94.09,94.01,876.19765949
2023-04-19 17:13:00,94.12,94.21,94.19,94.12,677.41526576
2023-04-19 17:12:00,94.15,94.19,94.16,94.19,153.83514816
2023-04-19 17:11:00,94.12,94.21,94.13,94.15,341.73121072
2023-04-19 17:10:00,94.02,94.2,94.1,94.14,751.31527114
2023-04-19 17:09:00,94.1,94.26,94.26,94.11,660.3065782
2023-04-19 17:08:00,94.18,94.26,94.26,94.25,633.53047294
2023-04-19 17:07:00,94.26,94.37,94.37,94.26,439.6955546
2023-04-19 17:06:00,94.23,94.38,94.26,94.37,321.47592559
2023-04-19 17:05:00,94.22,94.27,94.22,94.25,531.59044751
2023-04-19 17:04:00,94.22,94.25,94.22,94.22,208.17100215
2023-04-19 17:03:00,94.21,94.34,94.34,94.23,424.41960888
2023-04-19 17:02:00,94.35,94.44,94.38,94.36,298.88287235
2023-04-19 17:01:00,94.33,94.45,94.45,94.39,357.16678585
2023-04-19 17:00:00,94.4,94.46,94.42,94.45,334.33282298
2023-04-19 16:59:00,94.42,94.44,94.44,94.43,87.58194486
2023-04-19 16:58:00,94.44,94.48,94.48,94.45,59.38603603
2023-04-19 16:57:00,94.41,94.51,94.49,94.48,265.31764042
2023-04-19 16:56:00,94.46,94.5,94.5,94.47,106.53195659
2023-04-19 16:55:00,94.4,94.49,94.4,94.48,210.42599665
2023-04-19 16:54:00,94.35,94.42,94.37,94.4,196.99648769
2023-04-19 16:53:00,94.37,94.39,94.38,94.38,6.28683998
2023-04-19 16:52:00,94.3,94.41,94.33,94.37,49.74164315
2023-04-19 16:51:00,94.3,94.36,94.33,94.33,101.60130767
2023-04-19 16:50:00,94.18,94.33,94.2,94.32,56.21427976
2023-04-19 16:49:00,94.17,94.28,94.25,94.17,82.45350876
2023-04-19 16:48:00,94.29,94.37,94.36,94.29,325.02313805
2023-04-19 16:47:00,94.3,94.36,94.33,94.35,32.87348876
2023-04-19 16:46:00,94.28,94.4,94.28,94.32,96.16488753
2023-04-19 16:45:00,94.16,94.32,94.27,94.28,574.47173272
2023-04-19 16:44:00,94.26,94.38,94.36,94.26,39.94430028
2023-04-19 16:43:00,94.31,94.37,94.35,94.33,87.19326978
2023-04-19 16:42:00,94.36,94.47,94.47,94.36,391.87480865
2023-04-19 16:41:00,94.46,94.57,94.55,94.49,99.06349249
2023-04-19 16:40:00,94.43,94.58,94.48,94.54,188.45237172
2023-04-19 16:39:00,94.47,94.53,94.52,94.48,76.47207113
2023-04-19 16:38:00,94.48,94.56,94.53,94.52,88.58419084
2023-04-19 16:37:00,94.53,94.58,94.57,94.55,110.25507652
2023-04-19 16:36:00,94.53,94.67,94.53,94.55,441.02633733
2023-04-19 16:35:00,94.49,94.59,94.59,94.53,349.28599756
2023-04-19 16:34:00,94.44,94.62,94.47,94.59,295.27421133
2023-04-19 16:33:00,94.39,94.46,94.41,94.45,78.25288539
2023-04-19 16:32:00,94.4,94.5,94.42,94.41,194.61104928
2023-04-19 16:31:00,94.34,94.45,94.34,94.37,162.32434843
2023-04-19 16:30:00,94.29,94.46,94.31,94.34,269.27428029
2023-04-19 16:29:00,94.24,94.32,94.32,94.31,126.11863678
2023-04-19 16:28:00,94.25,94.35,94.26,94.34,305.90060428
2023-04-19 16:27:00,94.26,94.38,94.32,94.26,138.45233515
2023-04-19 16:26:00,94.29,94.36,94.29,94.32,170.83368647
2023-04-19 16:25:00,94.28,94.4,94.37,94.28,11.38703931
2023-04-19 16:24:00,94.37,94.42,94.42,94.37,197.83451188
2023-04-19 16:23:00,94.43,94.56,94.54,94.43,180.0783307
2023-04-19 16:22:00,94.51,94.57,94.52,94.54,15.76149371
2023-04-19 16:21:00,94.5,94.55,94.5,94.52,58.45012892
2023-04-19 16:20:00,94.45,94.51,94.51,94.5,76.70176007
2023-04-19 16:19:00,94.45,94.55,94.45,94.51,107.95059824
2023-04-19 16:18:00,94.46,94.57,94.55,94.52,60.27549234
2023-04-19 16:17:00,94.49,94.56,94.53,94.53,104.95996406
2023-04-19 16:16:00,94.45,94.58,94.45,94.5,191.33071585
2023-04-19 16:15:00,94.28,94.48,94.38,94.48,543.1389222
2023-04-19 16:14:00,94.29,94.36,94.3,94.36,417.06900216
2023-04-19 16:13:00,94.27,94.31,94.28,94.28,61.69777301
2023-04-19 16:12:00,94.28,94.32,94.29,94.29,118.14274136
2023-04-19 16:11:00,94.21,94.29,94.22,94.29,29.88762024
2023-04-19 16:10:00,94.23,94.28,94.26,94.23,32.23575218
2023-04-19 16:09:00,94.2,94.27,94.25,94.22,88.37455021
2023-04-19 16:08:00,94.2,94.26,94.22,94.25,58.93526485
2023-04-19 16:07:00,94.18,94.27,94.21,94.22,257.04776791
2023-04-19 16:06:00,94.2,94.28,94.22,94.21,91.9685709
2023-04-19 16:05:00,94.07,94.28,94.09,94.21,554.16716321
2023-04-19 16:04:00,93.93,94.13,94.04,94.1,464.05721015
2023-04-19 16:03:00,93.91,94.4,94.4,94.02,624.89200565
2023-04-19 16:02:00,94.41,94.54,94.49,94.41,222.89795867
2023-04-19 16:01:00,94.32,94.45,94.34,94.41,88.863398
2023-04-19 16:00:00,94.27,94.35,94.31,94.34,241.43720487
2023-04-19 15:59:00,94.26,94.34,94.26,94.3,64.51097399
2023-04-19 15:58:00,94.23,94.55,94.54,94.26,423.34224191
2023-04-19 15:57:00,94.46,94.54,94.46,94.52,35.45017942
2023-04-19 15:56:00,94.41,94.51,94.42,94.43,73.53950788
2023-04-19 15:55:00,94.45,94.55,94.52,94.46,61.33342444
2023-04-19 15:54:00,94.47,94.58,94.53,94.52,225.98598359
2023-04-19 15:53:00,94.43,94.59,94.48,94.51,353.299271
2023-04-19 15:52:00,94.44,94.68,94.68,94.48,105.98277235
2023-04-19 15:51:00,94.63,94.76,94.75,94.65,100.75309104
2023-04-19 15:50:00,94.66,94.89,94.7,94.72,276.6546876
2023-04-19 15:49:00,94.67,94.75,94.67,94.7,180.52028673
2023-04-19 15:48:00,94.59,94.8,94.76,94.66,239.15233173
2023-04-19 15:47:00,94.6,94.89,94.84,94.72,375.84643215
2023-04-19 15:46:00,94.85,94.99,94.91,94.87,65.59496995
2023-04-19 15:45:00,94.84,95.06,94.89,94.94,75.47148115
2023-04-19 15:44:00,94.86,94.97,94.93,94.92,50.65252769
2023-04-19 15:43:00,94.94,95.05,95.02,94.94,128.25463324
2023-04-19 15:42:00,94.96,95.04,94.96,94.97,36.84779144
2023-04-19 15:41:00,94.89,95.02,94.95,94.98,283.73208086
2023-04-19 15:40:00,94.92,95.05,94.93,94.93,87.41054181
2023-04-19 15:39:00,94.75,94.9,94.75,94.9,57.27143578
2023-04-19 15:38:00,94.73,94.86,94.81,94.75,55.69139882
2023-04-19 15:37:00,94.65,94.79,94.79,94.78,187.65868875
2023-04-19 15:36:00,94.75,94.87,94.85,94.77,120.80184353
2023-04-19 15:35:00,94.6,94.83,94.6,94.83,356.94639694
2023-04-19 15:34:00,94.36,94.6,94.38,94.6,507.66861253
2023-04-19 15:33:00,94.25,94.65,94.65,94.4,953.99393883
2023-04-19 15:32:00,94.65,94.69,94.65,94.65,38.54808117
2023-04-19 15:31:00,94.64,94.74,94.72,94.66,273.65300242
2023-04-19 15:30:00,94.64,94.73,94.64,94.72,88.98607333
2023-04-19 15:29:00,94.52,94.65,94.57,94.63,147.91120534
2023-04-19 15:28:00,94.45,94.58,94.52,94.57,936.7782293
2023-04-19 15:27:00,94.33,94.77,94.64,94.45,1247.17878778
2023-04-19 15:26:00,94.5,94.87,94.81,94.61,3435.41091855
2023-04-19 15:25:00,94.78,95.06,95.06,94.82,654.36088614
2023-04-19 15:24:00,95.06,95.21,95.16,95.06,521.53845037
2023-04-19 15:23:00,95.13,95.23,95.19,95.16,79.555811
2023-04-19 15:22:00,95.09,95.21,95.14,95.19,99.14536378
2023-04-19 15:21:00,95.13,95.22,95.19,95.13,28.15274693
2023-04-19 15:20:00,95.15,95.24,95.17,95.18,123.5528756
2023-04-19 15:19:00,95.09,95.21,95.1,95.16,102.70113901
2023-04-19 15:18:00,95.03,95.13,95.1,95.07,79.60242613
2023-04-19 15:17:00,95.02,95.16,95.13,95.09,172.37075976
2023-04-19 15:16:00,95.1,95.17,95.12,95.13,108.03807069
2023-04-19 15:15:00,95.04,95.14,95.04,95.12,202.97943963
2023-04-19 15:14:00,94.95,95.06,94.97,95.06,94.83700153
2023-04-19 15:13:00,94.93,94.99,94.99,94.95,44.35171359
2023-04-19 15:12:00,95.0,95.05,95.01,95.0,207.47050802
2023-04-19 15:11:00,94.91,94.99,94.91,94.98,134.58645411
2023-04-19 15:10:00,94.84,95.03,94.85,94.92,205.58699177
2023-04-19 15:09:00,94.83,95.0,94.97,94.85,417.69270223
2023-04-19 15:08:00,94.97,95.06,95.03,94.99,241.50078791
2023-04-19 15:07:00,95.01,95.19,95.13,95.02,166.9397566
2023-04-19 15:06:00,95.0,95.15,95.1,95.15,157.40182457
2023-04-19 15:05:00,95.0,95.16,95.03,95.13,392.13634172
2023-04-19 15:04:00,95.01,95.27,95.25,95.03,774.88467806
2023-04-19 15:03:00,95.19,95.24,95.23,95.24,255.83301901
2023-04-19 15:02:00,95.2,95.34,95.32,95.25,616.36377452
2023-04-19 15:01:00,95.23,95.34,95.23,95.3,306.52794253
2023-04-19 15:00:00,95.09,95.26,95.15,95.2,1071.84092926
2023-04-19 14:59:00,95.12,95.17,95.16,95.16,583.13753485
2023-04-19 14:58:00,95.04,95.17,95.04,95.14,463.53983758
2023-04-19 14:57:00,95.02,95.29,95.26,95.03,1223.27481818
2023-04-19 14:56:00,95.07,95.55,95.55,95.21,2513.88588087
2023-04-19 14:55:00,95.48,95.57,95.5,95.54,298.02456856
2023-04-19 14:54:00,95.49,95.63,95.58,95.52,409.09686986
2023-04-19 14:53:00,95.54,95.61,95.58,95.58,80.36695003
2023-04-19 14:52:00,95.57,95.61,95.59,95.58,51.2942639
2023-04-19 14:51:00,95.58,95.63,95.58,95.6,15.24949868
2023-04-19 14:50:00,95.57,95.63,95.58,95.6,47.65997661
2023-04-19 14:49:00,95.57,95.61,95.58,95.61,210.83550643
2023-04-19 14:48:00,95.43,95.57,95.44,95.57,151.59862446
2023-04-19 14:47:00,95.39,95.48,95.48,95.47,76.77720221
2023-04-19 14:46:00,95.46,95.62,95.62,95.5,224.30439384
2023-04-19 14:45:00,95.54,95.63,95.56,95.63,182.48127246
2023-04-19 14:44:00,95.54,95.63,95.55,95.56,211.66156019
2023-04-19 14:43:00,95.54,95.57,95.56,95.56,71.20903118
2023-04-19 14:42:00,95.49,95.62,95.62,95.57,1252.21139594
2023-04-19 14:41:00,95.59,95.62,95.59,95.62,1206.19599048
2023-04-19 14:40:00,95.59,95.62,95.62,95.59,841.43422848
2023-04-19 14:39:00,95.53,95.62,95.58,95.6,90.15931693
2023-04-19 14:38:00,95.5,95.63,95.5,95.59,351.86458377
2023-04-19 14:37:00,95.42,95.55,95.42,95.5,467.94083206
2023-04-19 14:36:00,95.31,95.46,95.31,95.37,143.99946531
2023-04-19 14:35:00,95.24,95.33,95.27,95.31,111.30705832
2023-04-19 14:34:00,95.22,95.28,95.22,95.28,37.8540884
2023-04-19 14:33:00,95.17,95.23,95.22,95.22,123.62206848
2023-04-19 14:32:00,95.15,95.21,95.16,95.19,79.10659421
2023-04-19 14:31:00,95.17,95.22,95.19,95.17,30.11713836
2023-04-19 14:30:00,95.15,95.22,95.18,95.21,163.76143414
2023-04-19 14:29:00,95.12,95.18,95.17,95.18,67.07759143
2023-04-19 14:28:00,94.94,95.17,94.98,95.17,69.84411535
2023-04-19 14:27:00,94.93,95.15,95.08,94.96,119.63463198
2023-04-19 14:26:00,94.93,95.12,94.96,95.08,385.13195115
2023-04-19 14:25:00,94.98,95.13,95.13,94.98,177.31976777
2023-04-19 14:24:00,94.99,95.22,95.21,95.1,331.03859541
2023-04-19 14:23:00,95.06,95.22,95.1,95.22,431.15141802
2023-04-19 14:22:00,94.87,95.29,95.22,95.11,1777.20059972
2023-04-19 14:21:00,95.19,95.49,95.38,95.24,595.51680834
2023-04-19 14:20:00,95.34,95.49,95.49,95.37,469.40678722
2023-04-19 14:19:00,95.49,95.57,95.52,95.51,266.58746326
2023-04-19 14:18:00,95.47,95.51,95.48,95.5,168.07650618
2023-04-19 14:17:00,95.41,95.49,95.44,95.48,66.72205869
2023-04-19 14:16:00,95.39,95.48,95.48,95.44,130.98321647
2023-04-19 14:15:00,95.45,95.52,95.5,95.46,61.36161244
2023-04-19 14:14:00,95.44,95.58,95.56,95.5,341.08734009
2023-04-19 14:13:00,95.53,95.56,95.55,95.54,295.50690252
2023-04-19 14:12:00,95.5,95.54,95.5,95.54,111.18771077
2023-04-19 14:11:00,95.46,95.56,95.56,95.52,138.25063052
2023-04-19 14:10:00,95.53,95.64,95.57,95.54,633.27640589
2023-04-19 14:09:00,95.52,95.69,95.64,95.57,187.43837438
2023-04-19 14:08:00,95.5,95.66,95.53,95.66,179.37817158
2023-04-19 14:07:00,95.45,95.64,95.61,95.52,868.14057213
2023-04-19 14:06:00,95.45,95.61,95.49,95.61,123.77448219
2023-04-19 14:05:00,95.44,95.58,95.5,95.47,195.65756269
2023-04-19 14:04:00,95.48,95.6,95.51,95.48,307.30336746
2023-04-19 14:03:00,95.48,95.67,95.52,95.49,714.30401991
2023-04-19 14:02:00,95.38,95.56,95.45,95.54,338.5771389
2023-04-19 14:01:00,95.36,95.44,95.41,95.43,306.9565319
2023-04-19 14:00:00,95.34,95.41,95.35,95.4,392.74961002
2023-04-19 13:59:00,95.34,95.38,95.36,95.38,76.0992544
2023-04-19 13:58:00,95.33,95.39,95.36,95.36,56.77616804
2023-04-19 13:57:00,95.3,95.37,95.3,95.34,105.61109547
2023-04-19 13:56:00,95.24,95.39,95.24,95.33,469.43157167
2023-04-19 13:55:00,95.06,95.23,95.06,95.23,168.08662504
2023-04-19 13:54:00,95.01,95.15,95.1,95.05,451.86373859
2023-04-19 13:53:00,95.11,95.14,95.12,95.14,33.86708938
2023-04-19 13:52:00,95.1,95.24,95.22,95.12,645.2049727
2023-04-19 13:51:00,95.2,95.31,95.3,95.23,6.76296665
2023-04-19 13:50:00,95.22,95.28,95.26,95.28,28.21810798
2023-04-19 13:49:00,95.22,95.3,95.28,95.26,51.69495468
2023-04-19 13:48:00,95.19,95.3,95.21,95.25,227.77092233
2023-04-19 13:47:00,95.17,95.23,95.19,95.22,24.67594034
2023-04-19 13:46:00,95.15,95.23,95.18,95.18,21.95472841
2023-04-19 13:45:00,95.05,95.2,95.08,95.18,34.50102734
2023-04-19 13:44:00,95.05,95.13,95.06,95.08,56.54702268
2023-04-19 13:43:00,95.01,95.09,95.02,95.04,127.92938394
2023-04-19 13:42:00,94.98,95.03,94.98,95.0,63.64870873
2023-04-19 13:41:00,94.9,94.97,94.9,94.97,65.75310296
2023-04-19 13:40:00,94.88,94.95,94.93,94.92,244.28445801
2023-04-19 13:39:00,94.93,95.0,94.97,94.96,94.73243021
2023-04-19 13:38:00,94.94,94.97,94.95,94.96,5.64536232
2023-04-19 13:37:00,94.9,94.95,94.92,94.95,77.45085519
2023-04-19 13:36:00,94.93,95.04,95.01,94.93,145.43135244
2023-04-19 13:35:00,94.95,95.03,94.98,94.99,179.71103637
2023-04-19 13:34:00,94.91,95.01,94.97,95.01,135.39533961
2023-04-19 13:33:00,94.92,95.13,95.12,94.96,315.29324234
2023-04-19 13:32:00,95.04,95.11,95.07,95.11,139.14543074
2023-04-19 13:31:00,95.07,95.2,95.2,95.09,148.5486209
2023-04-19 13:30:00,95.07,95.26,95.14,95.22,302.56188115
2023-04-19 13:29:00,95.12,95.15,95.14,95.14,35.91169374
2023-04-19 13:28:00,95.05,95.14,95.14,95.14,32.21033249
2023-04-19 13:27:00,94.99,95.16,94.99,95.16,116.06874059
2023-04-19 13:26:00,94.94,95.02,95.02,94.98,80.34025525
2023-04-19 13:25:00,94.9,95.04,94.94,94.98,559.15074828
2023-04-19 13:24:00,94.74,95.09,95.09,94.96,756.14892867
2023-04-19 13:23:00,95.06,95.1,95.08,95.09,18.00414804
2023-04-19 13:22:00,95.06,95.18,95.17,95.06,252.3418429
2023-04-19 13:21:00,95.15,95.23,95.23,95.18,37.83177548
2023-04-19 13:20:00,95.14,95.26,95.21,95.24,375.62861901
2023-04-19 13:19:00,95.09,95.27,95.09,95.22,172.59033996
2023-04-19 13:18:00,95.07,95.13,95.1,95.11,49.90176193
2023-04-19 13:17:00,95.05,95.1,95.07,95.08,25.24799902
2023-04-19 13:16:00,95.05,95.13,95.07,95.07,120.13633531
2023-04-19 13:15:00,95.0,95.13,95.02,95.05,449.66001215
2023-04-19 13:14:00,95.01,95.08,95.08,95.01,87.91741896
2023-04-19 13:13:00,95.06,95.09,95.09,95.08,16.59038526
2023-04-19 13:12:00,95.03,95.1,95.08,95.09,154.95703116
2023-04-19 13:11:00,95.03,95.09,95.04,95.09,34.03844454
2023-04-19 13:10:00,95.04,95.07,95.05,95.04,39.37716682
2023-04-19 13:09:00,95.03,95.08,95.08,95.06,192.74346092
2023-04-19 13:08:00,95.03,95.09,95.07,95.09,152.75590425
2023-04-19 13:07:00,95.04,95.1,95.07,95.05,193.56803674
2023-04-19 13:06:00,95.02,95.07,95.06,95.07,143.79874384
2023-04-19 13:05:00,95.02,95.08,95.03,95.07,174.37559973
2023-04-19 13:04:00,95.03,95.18,95.14,95.06,291.87555559
2023-04-19 13:03:00,95.13,95.18,95.17,95.14,150.54409615
2023-04-19 13:02:00,95.11,95.2,95.2,95.17,312.26027154
2023-04-19 13:01:00,95.19,95.33,95.33,95.19,434.96454228
2023-04-19 13:00:00,95.29,95.37,95.34,95.34,175.41555447
2023-04-19 12:59:00,95.31,95.4,95.39,95.33,62.06191769
2023-04-19 12:58:00,95.31,95.39,95.32,95.39,20.33723858
2023-04-19 12:57:00,95.25,95.36,95.25,95.32,64.74820462
2023-04-19 12:56:00,95.19,95.35,95.34,95.27,71.55180975
2023-04-19 12:55:00,95.32,95.42,95.33,95.35,62.86435635
2023-04-19 12:54:00,95.25,95.33,95.25,95.33,21.88765175
2023-04-19 12:53:00,95.2,95.27,95.25,95.25,160.84147063
2023-04-19 12:52:00,95.21,95.29,95.28,95.27,66.27115047
2023-04-19 12:51:00,95.23,95.29,95.24,95.27,134.18735165
2023-04-19 12:50:00,95.19,95.31,95.22,95.19,143.91846871
2023-04-19 12:49:00,95.21,95.33,95.31,95.21,357.42421088
2023-04-19 12:48:00,95.23,95.36,95.23,95.31,75.33659273
2023-04-19 12:47:00,95.14,95.24,95.15,95.23,99.1122691
2023-04-19 12:46:00,95.17,95.23,95.23,95.17,27.25335428
2023-04-19 12:45:00,95.28,95.34,95.31,95.3,46.81156753
2023-04-19 12:44:00,95.24,95.31,95.27,95.31,43.85084066
2023-04-19 12:43:00,95.26,95.32,95.32,95.26,29.35470412
2023-04-19 12:42:00,95.23,95.31,95.24,95.31,81.96612513
2023-04-19 22:42:00,93.21,93.35,93.23,93.32,76.27372782
2023-04-19 22:41:00,93.14,93.24,93.17,93.23,28.33220991
2023-04-19 22:40:00,93.01,93.15,93.05,93.15,132.62612329
2023-04-19 22:39:00,92.99,93.08,93.02,93.06,74.14509074
2023-04-19 22:38:00,92.91,93.03,92.94,93.02,514.86175285
2023-04-19 22:37:00,92.91,92.94,92.93,92.94,22.87287915
2023-04-19 22:36:00,92.85,92.97,92.88,92.93,51.4226905
2023-04-19 22:35:00,92.84,93.04,93.04,92.87,44.89060741
2023-04-19 22:34:00,92.92,93.09,92.95,93.03,331.22092196
2023-04-19 22:33:00,92.82,92.97,92.97,92.94,46.73795305
2023-04-19 22:32:00,92.94,93.02,93.02,92.98,48.12861871
2023-04-19 22:31:00,92.96,93.03,92.96,93.02,15.62937568
2023-04-19 22:30:00,92.82,92.96,92.85,92.91,30.43909648
2023-04-19 22:29:00,92.84,92.88,92.84,92.86,38.00919807
2023-04-19 22:28:00,92.78,92.86,92.86,92.78,31.74158132
2023-04-19 22:27:00,92.75,92.87,92.83,92.86,49.84872482
2023-04-19 22:26:00,92.74,92.86,92.78,92.86,36.80376019
2023-04-19 22:25:00,92.78,92.9,92.9,92.84,18.60029437
2023-04-19 22:24:00,92.83,92.96,92.93,92.87,76.80360054
2023-04-19 22:23:00,92.91,93.07,93.07,92.92,55.4928486
2023-04-19 22:22:00,93.04,93.12,93.09,93.07,21.71781318
2023-04-19 22:21:00,93.03,93.14,93.14,93.06,262.37550821
2023-04-19 22:20:00,93.05,93.17,93.05,93.14,19.6228217
2023-04-19 22:19:00,93.04,93.15,93.15,93.08,12.20196426
2023-04-19 22:18:00,93.12,93.21,93.16,93.15,33.85874597
2023-04-19 22:17:00,93.15,93.21,93.16,93.2,18.18556018
2023-04-19 22:16:00,93.17,93.33,93.17,93.21,32.50549426
2023-04-19 22:15:00,93.16,93.21,93.21,93.2,11.53695001
2023-04-19 22:14:00,93.17,93.23,93.22,93.19,57.74191615
2023-04-19 22:13:00,93.17,93.25,93.18,93.22,34.11235605
2023-04-19 22:12:00,93.02,93.15,93.06,93.15,77.95372339
2023-04-19 22:11:00,92.99,93.09,93.09,93.06,17.41672989
2023-04-19 22:10:00,93.03,93.2,93.16,93.03,86.71992845
2023-04-19 22:09:00,93.0,93.16,93.03,93.16,31.78551681
2023-04-19 22:08:00,92.94,93.01,92.95,93.01,37.53889935
2023-04-19 22:07:00,92.93,92.99,92.97,92.99,6.78416829
2023-04-19 22:06:00,92.92,93.02,92.93,92.95,57.66513293
2023-04-19 22:05:00,92.9,93.01,92.9,92.94,22.89229237
2023-04-19 22:04:00,92.92,93.01,92.98,92.95,40.84829719
2023-04-19 22:03:00,92.81,92.98,92.81,92.98,51.1944068
2023-04-19 22:02:00,92.69,92.86,92.71,92.85,119.92396402
2023-04-19 22:01:00,92.68,92.83,92.83,92.72,19.75897227
2023-04-19 22:00:00,92.81,92.98,92.92,92.84,31.05345809
2023-04-19 21:59:00,92.9,92.97,92.97,92.9,160.73433741
2023-04-19 21:58:00,92.89,93.01,92.89,92.96,229.70767903
2023-04-19 21:57:00,92.73,92.89,92.76,92.89,31.89301679
2023-04-19 21:56:00,92.58,92.76,92.67,92.75,239.07033759
2023-04-19 21:55:00,92.63,92.74,92.66,92.67,70.45819216
2023-04-19 21:54:00,92.64,92.74,92.7,92.66,93.13307228
2023-04-19 21:53:00,92.68,92.74,92.69,92.74,26.65920888
2023-04-19 21:52:00,92.65,92.71,92.67,92.67,21.94051678
2023-04-19 21:51:00,92.64,92.7,92.67,92.67,21.54793514
2023-04-19 21:50:00,92.59,92.76,92.72,92.64,97.33728025
2023-04-19 21:49:00,92.58,92.78,92.61,92.73,109.63351228
2023-04-19 21:48:00,92.54,92.63,92.55,92.62,86.5206953
2023-04-19 21:47:00,92.36,92.58,92.41,92.54,436.85386212
2023-04-19 21:46:00,92.25,92.4,92.25,92.36,57.97967122
2023-04-19 21:45:00,91.88,92.25,91.9,92.15,517.18957998
2023-04-19 21:44:00,91.79,91.91,91.86,91.9,229.16515142
2023-04-19 21:43:00,91.7,91.91,91.91,91.76,102.70233805
2023-04-19 21:42:00,91.83,91.98,91.93,91.96,128.80090072
2023-04-19 21:41:00,91.8,91.98,91.98,91.91,28.35796599
2023-04-19 21:40:00,91.96,92.1,92.1,91.97,218.1062149
2023-04-19 21:39:00,92.01,92.13,92.11,92.06,93.02409951
2023-04-19 21:38:00,92.09,92.14,92.14,92.09,2.23265185
2023-04-19 21:37:00,92.01,92.14,92.05,92.13,86.18784077
2023-04-19 21:36:00,91.9,92.13,91.9,92.03,201.25850156
2023-04-19 21:35:00,91.85,92.0,92.0,91.94,169.09726587
2023-04-19 21:34:00,91.64,92.03,91.64,92.02,386.99204634
2023-04-19 21:33:00,91.62,91.83,91.82,91.64,148.37661681
2023-04-19 21:32:00,91.6,92.12,92.07,91.74,145.25928783
2023-04-19 21:31:00,91.81,92.15,91.85,92.15,37.71927012
2023-04-19 21:30:00,91.84,91.98,91.96,91.85,144.25485257
2023-04-19 21:29:00,91.86,92.02,91.92,91.95,391.44186658
2023-04-19 21:28:00,91.97,92.19,92.18,91.98,226.9759491
2023-04-19 21:27:00,92.18,92.28,92.18,92.19,51.84528899
2023-04-19 21:26:00,92.03,92.16,92.03,92.15,51.6646456
2023-04-19 21:25:00,92.0,92.17,92.13,92.03,77.83980629
2023-04-19 21:24:00,92.14,92.32,92.19,92.14,44.45363354
2023-04-19 21:23:00,91.52,92.18,91.63,92.14,541.10930899
2023-04-19 21:22:00,91.27,92.8,92.8,91.38,3549.41683344
2023-04-19 21:21:00,92.76,92.89,92.89,92.84,13.3533555
2023-04-19 21:20:00,92.83,93.09,93.04,92.88,93.55485221
2023-04-19 21:19:00,92.79,93.03,92.79,93.03,296.67443825
2023-04-19 21:18:00,92.67,92.78,92.68,92.74,237.0860491
2023-04-19 21:17:00,92.64,92.98,92.97,92.66,493.00671832
2023-04-19 21:16:00,92.96,93.08,93.08,92.98,359.59705973
2023-04-19 21:15:00,93.02,93.16,93.02,93.12,24.04351614
2023-04-19 21:14:00,92.93,93.05,92.97,93.05,31.70320024
2023-04-19 21:13:00,92.91,92.97,92.93,92.97,59.47439436
2023-04-19 21:12:00,92.91,93.05,93.02,92.93,79.10968939
2023-04-19 21:11:00,92.99,93.03,93.02,93.03,8.01546609
2023-04-19 21:10:00,92.98,93.04,93.04,92.99,63.72156975
2023-04-19 21:09:00,92.93,93.07,92.94,93.03,96.74515584
2023-04-19 21:08:00,92.9,93.04,93.04,92.94,143.02166521
2023-04-19 21:07:00,92.96,93.05,93.04,92.96,166.81540607
2023-04-19 21:06:00,92.99,93.08,92.99,93.07,94.16529789
2023-04-19 21:05:00,92.98,93.16,93.15,93.0,760.85788202
2023-04-19 21:04:00,93.15,93.3,93.3,93.15,103.55517521
2023-04-19 21:03:00,93.31,93.39,93.39,93.33,14.32484263
2023-04-19 21:02:00,93.33,93.41,93.4,93.37,42.8811718
2023-04-19 21:01:00,93.38,93.41,93.38,93.38,39.21227398
2023-04-19 21:00:00,93.22,93.37,93.28,93.37,130.50955799
2023-04-19 20:59:00,93.27,93.36,93.36,93.27,56.45766535
2023-04-19 20:58:00,93.31,93.38,93.38,93.36,190.01697416
2023-04-19 20:57:00,93.35,93.38,93.36,93.38,10.75093277
2023-04-19 20:56:00,93.27,93.37,93.3,93.36,320.65218048
2023-04-19 20:55:00,93.3,93.33,93.33,93.32,25.2840022
2023-04-19 20:54:00,93.19,93.3,93.26,93.3,156.26984447
2023-04-19 20:53:00,93.27,93.34,93.31,93.27,101.84134283
2023-04-19 20:52:00,93.27,93.35,93.32,93.32,21.33425901
2023-04-19 20:51:00,93.25,93.35,93.25,93.32,110.44569436
2023-04-19 20:50:00,93.17,93.31,93.23,93.31,296.9005182
2023-04-19 20:49:00,93.16,93.26,93.23,93.23,128.66502329
2023-04-19 20:48:00,93.23,93.3,93.24,93.28,10.00887198
2023-04-19 20:47:00,93.18,93.3,93.19,93.25,28.85771719
2023-04-19 20:46:00,93.19,93.26,93.2,93.21,54.37348298
2023-04-19 20:45:00,93.2,93.28,93.28,93.2,43.30206268
2023-04-19 20:44:00,93.27,93.36,93.35,93.28,78.92084755
2023-04-19 20:43:00,93.25,93.34,93.27,93.28,41.69996036
2023-04-19 20:42:00,93.25,93.34,93.34,93.27,66.51566535
2023-04-19 20:41:00,93.27,93.35,93.29,93.32,22.8909331
2023-04-19 20:40:00,93.26,93.32,93.31,93.28,63.83816121
2023-04-19 20:39:00,93.31,93.34,93.33,93.32,35.94527944
2023-04-19 20:38:00,93.3,93.34,93.34,93.32,12.90308325
2023-04-19 20:37:00,93.28,93.35,93.33,93.33,113.23151172
2023-04-19 20:36:00,93.31,93.34,93.31,93.32,19.41501497
2023-04-19 20:35:00,93.17,93.33,93.17,93.31,290.6811784
2023-04-19 20:34:00,93.16,93.26,93.25,93.21,50.38069575
2023-04-19 20:33:00,93.21,93.3,93.26,93.28,41.89666336
2023-04-19 20:32:00,93.08,93.27,93.24,93.25,276.77801282
2023-04-19 20:31:00,93.23,93.27,93.25,93.26,5.33744911
2023-04-19 20:30:00,93.22,93.29,93.29,93.25,27.99442908
2023-04-19 20:29:00,93.22,93.3,93.3,93.27,32.21375329
2023-04-19 20:28:00,93.23,93.38,93.33,93.3,283.81587018
2023-04-19 20:27:00,93.31,93.45,93.42,93.34,337.24785082
2023-04-19 20:26:00,93.18,93.43,93.28,93.43,386.39661877
2023-04-19 20:25:00,93.24,93.34,93.31,93.27,137.94941253
2023-04-19 20:24:00,93.25,93.37,93.28,93.35,108.23444325
2023-04-19 20:23:00,93.26,93.39,93.39,93.26,52.38727379
2023-04-19 20:22:00,93.39,93.45,93.4,93.39,84.25139904
2023-04-19 20:21:00,93.37,93.56,93.53,93.37,207.16768794
2023-04-19 20:20:00,93.41,93.57,93.54,93.53,137.00466714
2023-04-19 20:19:00,93.53,93.61,93.59,93.58,110.08300246
2023-04-19 20:18:00,93.41,93.6,93.45,93.56,276.11093755
2023-04-19 20:17:00,93.36,93.46,93.43,93.44,195.99487904
2023-04-19 20:16:00,93.4,93.55,93.53,93.4,144.88489134
2023-04-19 20:15:00,93.4,93.54,93.4,93.5,318.76233527
2023-04-19 20:14:00,93.39,93.56,93.56,93.42,184.36684968
2023-04-19 20:13:00,93.56,93.64,93.6,93.6,211.24680858
2023-04-19 20:12:00,93.48,93.62,93.48,93.61,352.60628623
2023-04-19 20:11:00,93.45,93.49,93.47,93.47,156.86763661
2023-04-19 20:10:00,93.45,93.57,93.52,93.45,75.34756246
2023-04-19 20:09:00,93.54,93.63,93.6,93.57,32.98306763
2023-04-19 20:08:00,93.43,93.62,93.43,93.6,242.50024155
2023-04-19 20:07:00,93.49,93.66,93.51,93.54,429.66645805
2023-04-19 20:06:00,93.21,93.51,93.24,93.51,202.99167895
2023-04-19 20:05:00,93.08,93.25,93.08,93.25,119.79549137
2023-04-19 20:04:00,93.05,93.24,93.24,93.08,195.34547183
2023-04-19 20:03:00,93.23,93.36,93.32,93.28,152.66180366
2023-04-19 20:02:00,93.28,93.43,93.43,93.33,44.50154555
2023-04-19 20:01:00,93.35,93.43,93.41,93.42,126.76729307
2023-04-19 20:00:00,93.24,93.42,93.28,93.41,219.8297213
2023-04-19 19:59:00,93.16,93.31,93.28,93.3,265.64719404
2023-04-19 19:58:00,93.22,93.32,93.24,93.31,67.59835696
2023-04-19 19:57:00,93.18,93.26,93.23,93.26,230.05115019
2023-04-19 19:56:00,93.2,93.31,93.3,93.23,39.67300427
2023-04-19 19:55:00,93.25,93.33,93.26,93.3,101.74752039
2023-04-19 19:54:00,93.25,93.36,93.36,93.31,204.62474539
2023-04-19 19:53:00,93.29,93.37,93.32,93.36,93.13469859
2023-04-19 19:52:00,93.25,93.34,93.31,93.28,37.80043784
2023-04-19 19:51:00,93.24,93.34,93.34,93.3,72.96630203
2023-04-19 19:50:00,93.25,93.36,93.33,93.34,87.61181657
2023-04-19 19:49:00,93.26,93.35,93.26,93.34,35.6597774
2023-04-19 19:48:00,93.27,93.41,93.3,93.28,308.25015627
2023-04-19 19:47:00,93.28,93.33,93.32,93.33,60.36340783
2023-04-19 19:46:00,93.21,93.35,93.35,93.26,275.72080537
2023-04-19 19:45:00,93.33,93.43,93.43,93.34,54.26452556
2023-04-19 19:44:00,93.4,93.46,93.4,93.45,119.26070174
2023-04-19 19:43:00,93.34,93.41,93.4,93.37,29.28445868
2023-04-19 19:42:00,93.33,93.44,93.43,93.41,50.74698551
2023-04-19 19:41:00,93.42,93.5,93.42,93.44,190.74346493
2023-04-19 19:40:00,93.3,93.45,93.31,93.41,253.32404106
2023-04-19 19:39:00,93.32,93.42,93.36,93.32,64.8771646
2023-04-19 19:38:00,93.31,93.38,93.33,93.38,198.01710591
2023-04-19 19:37:00,93.31,93.35,93.34,93.31,37.16339174
2023-04-19 19:36:00,93.34,93.41,93.41,93.35,88.45710433
2023-04-19 19:35:00,93.32,93.46,93.34,93.43,237.81827759
2023-04-19 19:34:00,93.34,93.39,93.37,93.34,88.17331203
2023-04-19 19:33:00,93.36,93.48,93.45,93.38,109.99343323
2023-04-19 19:32:00,93.44,93.49,93.47,93.47,65.80585851
2023-04-19 19:31:00,93.44,93.57,93.46,93.52,135.46722611
2023-04-19 19:30:00,93.28,93.43,93.35,93.43,271.41591656
2023-04-19 19:29:00,93.31,93.38,93.31,93.36,63.79512493
2023-04-19 19:28:00,93.29,93.39,93.38,93.29,146.21352859
2023-04-19 19:27:00,93.38,93.42,93.42,93.38,29.47240764
2023-04-19 19:26:00,93.31,93.42,93.34,93.42,49.18896672
2023-04-19 19:25:00,93.34,93.43,93.43,93.36,23.12044286
2023-04-19 19:24:00,93.38,93.44,93.42,93.44,44.93533297
2023-04-19 19:23:00,93.37,93.43,93.37,93.43,162.97983629
2023-04-19 19:22:00,93.32,93.41,93.41,93.4,9.19542725
2023-04-19 19:21:00,93.37,93.44,93.41,93.41,268.55376891
2023-04-19 19:20:00,93.35,93.42,93.38,93.38,91.07046767
2023-04-19 19:19:00,93.34,93.45,93.36,93.38,56.33244082
2023-04-19 19:18:00,93.31,93.4,93.4,93.36,96.11562362
2023-04-19 19:17:00,93.36,93.49,93.49,93.37,78.56481192
2023-04-19 19:16:00,93.33,93.46,93.38,93.46,74.70653869
2023-04-19 19:15:00,93.23,93.39,93.32,93.39,139.88396682
2023-04-19 19:14:00,93.28,93.34,93.28,93.34,63.39427
2023-04-19 19:13:00,93.2,93.31,93.2,93.29,345.87377004
2023-04-19 19:12:00,93.14,93.2,93.14,93.19,290.3204437
2023-04-19 19:11:00,93.12,93.15,93.15,93.14,9.07686577
2023-04-19 19:10:00,93.09,93.17,93.17,93.15,92.26005351
2023-04-19 19:09:00,93.1,93.18,93.11,93.17,42.98149591
2023-04-19 19:08:00,93.07,93.16,93.12,93.13,222.10237189
2023-04-19 19:07:00,92.97,93.14,93.01,93.13,406.18033284
2023-04-19 19:06:00,92.9,93.01,92.95,93.01,190.92751454
2023-04-19 19:05:00,92.91,93.0,93.0,92.96,140.37327167
2023-04-19 19:04:00,92.92,93.03,92.92,93.0,167.98275821
2023-04-19 19:03:00,92.87,92.96,92.87,92.92,44.08901644
2023-04-19 19:02:00,92.79,92.93,92.87,92.92,228.1484194
2023-04-19 19:01:00,92.84,92.99,92.98,92.84,77.15634425
2023-04-19 19:00:00,92.96,93.05,93.05,93.01,146.73620846
2023-04-19 18:59:00,93.04,93.14,93.09,93.06,181.57209452
2023-04-19 18:58:00,93.0,93.16,93.03,93.1,220.45780758
2023-04-19 18:57:00,92.82,93.04,92.87,93.03,332.63205591
2023-04-19 18:56:00,92.84,92.99,92.95,92.87,262.51831406
2023-04-19 18:55:00,92.94,93.0,93.0,92.95,99.35579716
2023-04-19 18:54:00,92.87,93.04,92.87,92.98,425.19389466
2023-04-19 18:53:00,92.87,92.97,92.96,92.88,377.57109721
2023-04-19 18:52:00,92.87,92.97,92.92,92.97,451.3425032
2023-04-19 18:51:00,92.86,93.05,92.98,92.91,438.73770569
2023-04-19 18:50:00,92.94,92.99,92.96,92.98,222.83642784
2023-04-19 18:49:00,92.95,92.99,92.95,92.98,264.16618061
2023-04-19 18:48:00,92.88,92.98,92.98,92.95,430.73981245
2023-04-19 18:47:00,92.83,92.99,92.84,92.96,740.93741432
2023-04-19 18:46:00,92.61,92.87,92.61,92.87,829.42982645
2023-04-19 18:45:00,92.55,92.65,92.64,92.61,329.29964012
2023-04-19 18:44:00,92.62,92.68,92.62,92.64,128.4363321
2023-04-19 18:43:00,92.56,92.63,92.56,92.63,93.21734072
2023-04-19 18:42:00,92.54,92.66,92.66,92.56,397.53595229
2023-04-19 18:41:00,92.59,92.68,92.63,92.67,309.17377924
2023-04-19 18:40:00,92.52,92.69,92.68,92.57,909.4361517
2023-04-19 18:39:00,92.65,92.74,92.65,92.68,737.34450985
2023-04-19 18:38:00,92.56,92.64,92.56,92.64,223.56775166
2023-04-19 18:37:00,92.56,92.68,92.62,92.57,449.19936695
2023-04-19 18:36:00,92.57,92.73,92.72,92.62,578.9167883
2023-04-19 18:35:00,92.68,92.73,92.7,92.72,92.69597471
2023-04-19 18:34:00,92.66,92.73,92.66,92.69,147.35941249
2023-04-19 18:33:00,92.6,92.69,92.63,92.67,529.88522205
2023-04-19 18:32:00,92.6,92.8,92.76,92.63,716.29347075
2023-04-19 18:31:00,92.74,92.91,92.87,92.76,514.09342292
2023-04-19 18:30:00,92.73,92.92,92.92,92.87,703.22213112
2023-04-19 18:29:00,92.75,92.92,92.75,92.92,826.84418491
2023-04-19 18:28:00,92.72,92.8,92.72,92.75,416.45979633
2023-04-19 18:27:00,92.74,92.83,92.83,92.75,428.02713406
2023-04-19 18:26:00,92.83,92.94,92.9,92.84,510.69194044
2023-04-19 18:25:00,92.9,93.03,93.01,92.9,608.81766924
2023-04-19 18:24:00,92.96,93.05,92.98,93.02,551.99826188
2023-04-19 18:23:00,92.91,93.03,93.03,92.95,328.46477537
2023-04-19 18:22:00,92.99,93.09,93.01,93.03,643.00211462
2023-04-19 18:21:00,92.95,93.18,93.18,93.01,759.84784578
2023-04-19 18:20:00,93.09,93.2,93.15,93.18,706.22612614
2023-04-19 18:19:00,93.16,93.37,93.37,93.17,943.33886399
2023-04-19 18:18:00,93.16,93.37,93.18,93.36,690.09055916
2023-04-19 18:17:00,93.19,93.34,93.32,93.19,433.05775478
2023-04-19 18:16:00,93.24,93.38,93.24,93.32,617.72040959
2023-04-19 18:15:00,93.1,93.25,93.16,93.24,360.99373101
2023-04-19 18:14:00,93.11,93.18,93.16,93.16,353.76514927
2023-04-19 18:13:00,93.13,93.23,93.23,93.16,388.85142992
2023-04-19 18:12:00,93.16,93.25,93.18,93.21,422.62063041
2023-04-19 18:11:00,93.16,93.26,93.26,93.19,588.62723359
2023-04-19 18:10:00,93.23,93.36,93.29,93.26,744.07658493
2023-04-19 18:09:00,93.26,93.36,93.3,93.29,583.70993309
2023-04-19 18:08:00,93.25,93.32,93.32,93.3,352.44949944
2023-04-19 18:07:00,93.31,93.4,93.36,93.32,575.19930815
2023-04-19 18:06:00,93.35,93.51,93.44,93.36,670.67500117
2023-04-19 18:05:00,93.4,93.52,93.44,93.44,513.40575139
2023-04-19 18:04:00,93.4,93.51,93.49,93.42,315.18132144
2023-04-19 18:03:00,93.45,93.56,93.56,93.45,543.21247698
2023-04-19 18:02:00,93.43,93.61,93.54,93.56,1337.26565439
2023-04-19 18:01:00,93.45,93.57,93.52,93.54,1162.7058749
2023-04-19 18:00:00,93.35,93.52,93.42,93.52,1445.6939727
2023-04-19 17:59:00,93.33,93.42,93.33,93.42,296.16857474
2023-04-19 17:58:00,93.34,93.37,93.36,93.34,128.00782123
2023-04-19 17:57:00,93.32,93.41,93.34,93.36,631.98643912
2023-04-19 17:56:00,93.31,93.42,93.31,93.34,1167.33963682
2023-04-19 17:55:00,93.3,93.4,93.36,93.32,559.61819753
2023-04-19 17:54:00,93.31,93.4,93.35,93.36,540.56244543
2023-04-19 17:53:00,93.27,93.44,93.43,93.34,1038.63292683
2023-04-19 17:52:00,93.3,93.44,93.34,93.44,791.6737374
2023-04-19 17:51:00,93.26,93.37,93.26,93.35,570.62678174
2023-04-19 17:50:00,93.23,93.39,93.35,93.26,379.26647683
2023-04-19 17:49:00,93.22,93.39,93.31,93.38,1139.62509228
2023-04-19 17:48:00,93.27,93.36,93.29,93.3,656.91986407
2023-04-19 17:47:00,93.29,93.43,93.34,93.3,702.24385239
2023-04-19 17:46:00,93.33,93.65,93.62,93.33,2390.47620748
2023-04-19 17:45:00,93.07,93.71,93.13,93.62,3360.09268004
2023-04-19 17:44:00,92.94,93.12,93.01,93.12,1191.17969245
2023-04-19 17:43:00,92.88,93.11,92.92,93.0,1571.0783498
2023-04-19 17:42:00,92.45,92.9,92.6,92.88,3329.5731624
2023-04-20 03:42:00,90.43,90.53,90.43,90.53,45.73808483
2023-04-20 03:41:00,90.4,90.49,90.43,90.44,76.89882124
2023-04-20 03:40:00,90.4,90.5,90.47,90.42,67.86101115
2023-04-20 03:39:00,90.44,90.54,90.54,90.47,112.24871973
2023-04-20 03:38:00,90.42,90.58,90.42,90.53,175.10899421
2023-04-20 03:37:00,90.42,90.59,90.48,90.42,390.064203
2023-04-20 03:36:00,90.42,90.49,90.42,90.49,208.70549457
2023-04-20 03:35:00,90.35,90.45,90.37,90.39,534.91770637
2023-04-20 03:34:00,90.32,90.4,90.38,90.36,525.24116992
2023-04-20 03:33:00,90.15,90.42,90.18,90.38,4091.97990643
2023-04-20 03:32:00,90.18,90.3,90.26,90.19,746.44005772
2023-04-20 03:31:00,90.27,90.43,90.38,90.27,282.56724295
2023-04-20 03:30:00,90.18,90.36,90.2,90.36,234.94836829
2023-04-20 03:29:00,90.08,90.37,90.08,90.23,2314.85403682
2023-04-20 03:28:00,90.04,90.14,90.07,90.12,107.99089697
2023-04-20 03:27:00,90.09,90.21,90.21,90.09,134.09378705
2023-04-20 03:26:00,90.2,90.27,90.2,90.22,56.97180265
2023-04-20 03:25:00,90.19,90.3,90.3,90.22,361.84223446
2023-04-20 03:24:00,90.27,90.39,90.27,90.31,509.18560893
2023-04-20 03:23:00,90.27,90.37,90.36,90.27,142.22663346
2023-04-20 03:22:00,90.23,90.43,90.23,90.32,430.50626064
2023-04-20 03:21:00,90.22,90.41,90.31,90.23,535.47176336
2023-04-20 03:20:00,90.22,90.3,90.23,90.29,163.44842518
2023-04-20 03:19:00,90.13,90.23,90.13,90.19,153.05480176
2023-04-20 03:18:00,90.12,90.18,90.12,90.16,121.3973188
2023-04-20 03:17:00,90.1,90.18,90.1,90.1,75.99916653
2023-04-20 03:16:00,89.92,90.21,89.97,90.14,191.985941
2023-04-20 03:15:00,89.93,90.1,90.1,89.96,131.58988771
2023-04-20 03:14:00,90.0,90.14,90.08,90.05,143.96558974
2023-04-20 03:13:00,89.92,90.07,89.98,90.07,80.55270863
2023-04-20 03:12:00,89.77,89.99,89.82,89.94,189.03524111
2023-04-20 03:11:00,89.76,89.86,89.76,89.82,253.97943789
2023-04-20 03:10:00,89.41,89.77,89.41,89.72,392.70776165
2023-04-20 03:09:00,89.25,89.36,89.28,89.36,471.48093929
2023-04-20 03:08:00,89.29,89.5,89.31,89.35,253.36102033
2023-04-20 03:07:00,89.26,89.54,89.48,89.3,604.88871707
2023-04-20 03:06:00,88.93,89.47,89.22,89.47,626.13266349
2023-04-20 03:05:00,88.8,89.29,89.29,89.21,3191.92364071
2023-04-20 03:04:00,89.26,89.49,89.42,89.3,320.59946572
2023-04-20 03:03:00,89.25,89.47,89.45,89.43,721.77576337
2023-04-20 03:02:00,89.3,89.53,89.48,89.46,750.57968166
2023-04-20 03:01:00,89.47,89.86,89.86,89.47,278.2954054
2023-04-20 03:00:00,89.53,89.84,89.57,89.83,664.83548763
2023-04-20 02:59:00,89.51,89.76,89.71,89.56,596.37674575
2023-04-20 02:58:00,89.58,89.82,89.8,89.67,645.06442148
2023-04-20 02:57:00,89.74,89.88,89.87,89.8,436.06913283
2023-04-20 02:56:00,89.87,89.97,89.95,89.9,55.13588731
2023-04-20 02:55:00,89.96,90.09,90.07,89.97,91.84301578
2023-04-20 02:54:00,90.01,90.11,90.07,90.07,79.8554057
2023-04-20 02:53:00,90.09,90.19,90.15,90.09,139.24474926
2023-04-20 02:52:00,90.04,90.17,90.06,90.14,33.15383284
2023-04-20 02:51:00,89.89,90.04,89.89,90.04,220.98624391
2023-04-20 02:50:00,89.84,90.01,90.01,89.84,88.00554159
2023-04-20 02:49:00,89.94,90.09,89.94,90.03,118.98019411
2023-04-20 02:48:00,89.79,90.01,89.8,89.93,93.33940485
2023-04-20 02:47:00,89.79,89.91,89.91,89.82,373.2743442
2023-04-20 02:46:00,89.88,90.1,90.08,89.91,251.67285016
2023-04-20 02:45:00,89.87,90.09,90.01,90.09,1414.08015557
2023-04-20 02:44:00,89.81,90.23,90.15,90.0,1735.9178837
2023-04-20 02:43:00,90.2,90.37,90.34,90.2,175.72050804
2023-04-20 02:42:00,90.28,90.44,90.28,90.36,120.81036242
2023-04-20 02:41:00,90.12,90.26,90.2,90.25,411.61292667
2023-04-20 02:40:00,90.21,90.38,90.38,90.21,227.80179422
2023-04-20 02:39:00,90.32,90.39,90.32,90.37,56.50212435
2023-04-20 02:38:00,90.32,90.37,90.37,90.34,15.45104361
2023-04-20 02:37:00,90.29,90.38,90.29,90.37,41.57305189
2023-04-20 02:36:00,90.35,90.41,90.4,90.35,42.94944284
2023-04-20 02:35:00,90.3,90.5,90.49,90.43,1504.57266962
2023-04-20 02:34:00,90.46,90.63,90.63,90.52,92.22929594
2023-04-20 02:33:00,90.52,90.72,90.72,90.62,263.56412928
2023-04-20 02:32:00,90.72,90.78,90.78,90.74,36.44608949
2023-04-20 02:31:00,90.69,90.78,90.69,90.78,39.02816202
2023-04-20 02:30:00,90.71,90.8,90.79,90.71,97.875018
2023-04-20 02:29:00,90.74,90.8,90.79,90.8,23.44568408
2023-04-20 02:28:00,90.76,90.85,90.85,90.79,79.02609482
2023-04-20 02:27:00,90.84,90.9,90.84,90.85,121.98734099
2023-04-20 02:26:00,90.73,90.83,90.74,90.82,10.96644755
2023-04-20 02:25:00,90.6,90.72,90.6,90.72,225.00546762
2023-04-20 02:24:00,90.54,90.6,90.57,90.59,100.68732523
2023-04-20 02:23:00,90.56,90.58,90.57,90.57,7.37644884
2023-04-20 02:22:00,90.54,90.59,90.54,90.56,79.93657832
2023-04-20 02:21:00,90.5,90.58,90.52,90.52,52.17501142
2023-04-20 02:20:00,90.41,90.56,90.56,90.45,240.886602
2023-04-20 02:19:00,90.5,90.58,90.5,90.58,130.87916635
2023-04-20 02:18:00,90.48,90.59,90.58,90.5,173.58798866
2023-04-20 02:17:00,90.56,90.6,90.6,90.59,54.75066118
2023-04-20 02:16:00,90.55,90.65,90.65,90.6,81.85190422
2023-04-20 02:15:00,90.65,90.77,90.74,90.65,93.18216339
2023-04-20 02:14:00,90.63,90.73,90.67,90.73,128.30202643
2023-04-20 02:13:00,90.63,90.7,90.7,90.69,26.72845297
2023-04-20 02:12:00,90.65,90.82,90.75,90.7,449.17966566
2023-04-20 02:11:00,90.59,90.9,90.9,90.75,599.49454137
2023-04-20 02:10:00,90.88,91.04,91.04,90.9,157.03787539
2023-04-20 02:09:00,91.03,91.08,91.03,91.06,28.278633
2023-04-20 02:08:00,91.04,91.08,91.08,91.07,22.98736911
2023-04-20 02:07:00,91.03,91.14,91.1,91.08,301.26577626
2023-04-20 02:06:00,91.05,91.11,91.06,91.09,53.55323274
2023-04-20 02:05:00,91.01,91.08,91.04,91.04,50.82836424
2023-04-20 02:04:00,91.0,91.12,91.09,91.05,446.26903074
2023-04-20 02:03:00,91.11,91.23,91.22,91.11,69.69993299
2023-04-20 02:02:00,91.21,91.3,91.3,91.22,117.54290086
2023-04-20 02:01:00,91.2,91.32,91.2,91.24,292.96360863
2023-04-20 02:00:00,91.19,91.32,91.32,91.22,132.58641387
2023-04-20 01:59:00,91.26,91.33,91.27,91.3,68.79916692
2023-04-20 01:58:00,91.16,91.27,91.19,91.27,357.04813481
2023-04-20 01:57:00,91.14,91.22,91.19,91.22,151.24660134
2023-04-20 01:56:00,91.12,91.2,91.12,91.18,83.9786011
2023-04-20 01:55:00,91.07,91.12,91.1,91.09,23.94266924
2023-04-20 01:54:00,91.08,91.14,91.12,91.1,19.46689749
2023-04-20 01:53:00,91.06,91.13,91.06,91.13,55.65095722
2023-04-20 01:52:00,91.02,91.12,91.07,91.09,109.39235448
2023-04-20 01:51:00,91.02,91.13,91.06,91.07,286.61540517
2023-04-20 01:50:00,91.03,91.07,91.07,91.05,60.27149462
2023-04-20 01:49:00,91.06,91.09,91.08,91.07,82.7800816
2023-04-20 01:48:00,91.04,91.1,91.06,91.05,96.74023413
2023-04-20 01:47:00,91.04,91.15,91.09,91.05,159.41405219
2023-04-20 01:46:00,91.09,91.13,91.13,91.09,49.75835544
2023-04-20 01:45:00,91.09,91.13,91.12,91.12,90.20702189
2023-04-20 01:44:00,91.09,91.15,91.13,91.14,70.58432746
2023-04-20 01:43:00,91.08,91.16,91.11,91.16,72.11622759
2023-04-20 01:42:00,91.1,91.18,91.16,91.1,366.74050766
2023-04-20 01:41:00,91.08,91.18,91.09,91.14,73.87371319
2023-04-20 01:40:00,91.02,91.11,91.03,91.06,192.84054751
2023-04-20 01:39:00,91.0,91.11,91.05,91.05,340.1476734
2023-04-20 01:38:00,90.98,91.08,90.99,91.06,92.64833889
2023-04-20 01:37:00,90.92,90.99,90.92,90.99,98.74458994
2023-04-20 01:36:00,90.87,90.92,90.87,90.92,22.99714209
2023-04-20 01:35:00,90.88,90.93,90.89,90.88,53.88786898
2023-04-20 01:34:00,90.82,90.94,90.84,90.85,204.51865188
2023-04-20 01:33:00,90.74,90.84,90.79,90.84,41.83647394
2023-04-20 01:32:00,90.75,90.84,90.75,90.8,372.20116062
2023-04-20 01:31:00,90.6,90.74,90.6,90.71,198.74479305
2023-04-20 01:30:00,90.51,90.64,90.52,90.63,288.926571
2023-04-20 01:29:00,90.5,90.57,90.53,90.54,34.56468885
2023-04-20 01:28:00,90.43,90.58,90.55,90.54,1035.03644593
2023-04-20 01:27:00,90.57,90.64,90.64,90.57,99.4577874
2023-04-20 01:26:00,90.63,90.72,90.66,90.63,207.29350751
2023-04-20 01:25:00,90.65,90.7,90.68,90.69,37.07290925
2023-04-20 01:24:00,90.66,90.68,90.66,90.66,12.55162608
2023-04-20 01:23:00,90.56,90.65,90.61,90.65,52.54344033
2023-04-20 01:22:00,90.55,90.62,90.56,90.58,111.79037049
2023-04-20 01:21:00,90.57,90.63,90.6,90.57,234.35735926
2023-04-20 01:20:00,90.55,90.6,90.58,90.59,32.43255729
2023-04-20 01:19:00,90.53,90.62,90.53,90.57,206.17525235
2023-04-20 01:18:00,90.47,90.54,90.47,90.51,17.02326105
2023-04-20 01:17:00,90.43,90.54,90.54,90.43,66.01626899
2023-04-20 01:16:00,90.41,90.51,90.41,90.49,53.65306398
2023-04-20 01:15:00,90.32,90.43,90.43,90.41,96.00436288
2023-04-20 01:14:00,90.38,90.47,90.4,90.45,54.63398782
2023-04-20 01:13:00,90.32,90.4,90.32,90.34,27.16180228
2023-04-20 01:12:00,90.3,90.42,90.32,90.3,158.93788785
2023-04-20 01:11:00,90.26,90.38,90.38,90.32,181.55747761
2023-04-20 01:10:00,90.2,90.43,90.43,90.39,440.4723441
2023-04-20 01:09:00,90.38,90.51,90.51,90.4,154.56854908
2023-04-20 01:08:00,90.35,90.54,90.51,90.43,371.62780531
2023-04-20 01:07:00,90.48,90.56,90.55,90.52,47.40552475
2023-04-20 01:06:00,90.51,90.62,90.62,90.55,151.5595794
2023-04-20 01:05:00,90.54,90.65,90.65,90.61,389.44202773
2023-04-20 01:04:00,90.61,90.7,90.7,90.66,36.28508486
2023-04-20 01:03:00,90.64,90.78,90.64,90.7,383.62272439
2023-04-20 01:02:00,90.58,90.72,90.7,90.62,1522.99880617
2023-04-20 01:01:00,90.63,90.93,90.92,90.7,396.62697404
2023-04-20 01:00:00,90.66,90.92,90.78,90.92,955.42536737
2023-04-20 00:59:00,90.78,90.83,90.81,90.78,243.23708413
2023-04-20 00:58:00,90.84,90.89,90.87,90.85,68.57735516
2023-04-20 00:57:00,90.82,90.88,90.84,90.86,196.2239728
2023-04-20 00:56:00,90.75,90.86,90.86,90.81,118.96487782
2023-04-20 00:55:00,90.76,90.9,90.77,90.83,122.31681141
2023-04-20 00:54:00,90.75,90.84,90.75,90.79,141.67237236
2023-04-20 00:53:00,90.71,90.8,90.8,90.72,132.78756635
2023-04-20 00:52:00,90.73,90.85,90.81,90.77,176.36395626
2023-04-20 00:51:00,90.76,90.84,90.79,90.83,70.37709038
2023-04-20 00:50:00,90.7,90.83,90.72,90.83,441.84962839
2023-04-20 00:49:00,90.7,90.87,90.87,90.74,110.45981599
2023-04-20 00:48:00,90.85,90.91,90.87,90.88,9.50671041
2023-04-20 00:47:00,90.8,90.87,90.82,90.87,67.90433999
2023-04-20 00:46:00,90.73,90.82,90.76,90.82,45.6030355
2023-04-20 00:45:00,90.69,90.85,90.69,90.76,175.35160778
2023-04-20 00:44:00,90.7,90.8,90.75,90.71,114.67167632
2023-04-20 00:43:00,90.71,90.9,90.9,90.71,89.08993539
2023-04-20 00:42:00,90.85,91.01,90.85,90.89,443.80914627
2023-04-20 00:41:00,90.73,90.87,90.73,90.83,82.70997767
2023-04-20 00:40:00,90.69,90.73,90.72,90.73,80.12725955
2023-04-20 00:39:00,90.66,90.73,90.71,90.7,151.71001885
2023-04-20 00:38:00,90.65,90.83,90.79,90.74,491.06143545
2023-04-20 00:37:00,90.68,90.82,90.79,90.81,143.94406163
2023-04-20 00:36:00,90.72,90.8,90.75,90.77,117.76463172
2023-04-20 00:35:00,90.67,90.77,90.69,90.77,75.86989409
2023-04-20 00:34:00,90.7,90.77,90.71,90.73,120.33269494
2023-04-20 00:33:00,90.55,90.75,90.67,90.72,472.08561602
2023-04-20 00:32:00,90.63,90.76,90.71,90.65,167.07216835
2023-04-20 00:31:00,90.68,90.83,90.73,90.68,479.96477739
2023-04-20 00:30:00,90.71,90.82,90.76,90.76,183.32403001
2023-04-20 00:29:00,90.57,90.89,90.57,90.8,604.68572485
2023-04-20 00:28:00,90.5,90.57,90.53,90.56,105.10232474
2023-04-20 00:27:00,90.4,90.55,90.48,90.52,438.33499686
2023-04-20 00:26:00,90.47,90.58,90.58,90.5,195.99077114
2023-04-20 00:25:00,90.33,90.59,90.33,90.59,844.75857736
2023-04-20 00:24:00,90.33,90.54,90.51,90.33,940.72342356
2023-04-20 00:23:00,90.47,90.69,90.59,90.47,408.84245164
2023-04-20 00:22:00,90.33,90.53,90.35,90.52,311.40034074
2023-04-20 00:21:00,90.21,90.34,90.23,90.34,650.97614148
2023-04-20 00:20:00,90.2,90.36,90.27,90.23,329.55590482
2023-04-20 00:19:00,90.14,90.27,90.14,90.25,318.5735986
2023-04-20 00:18:00,90.1,90.2,90.1,90.14,82.69668263
2023-04-20 00:17:00,89.92,90.08,90.02,90.08,130.04268535
2023-04-20 00:16:00,90.01,90.12,90.07,90.01,103.94867278
2023-04-20 00:15:00,89.95,90.1,89.95,90.08,488.12364131
2023-04-20 00:14:00,89.99,90.11,90.09,89.99,368.82746145
2023-04-20 00:13:00,90.0,90.13,90.04,90.09,289.02665334
2023-04-20 00:12:00,89.96,90.16,90.01,90.02,783.07760377
2023-04-20 00:11:00,90.0,90.14,90.07,90.0,210.04938423
2023-04-20 00:10:00,90.07,90.22,90.21,90.07,104.50842584
2023-04-20 00:09:00,90.15,90.24,90.17,90.21,26.26253682
2023-04-20 00:08:00,90.15,90.28,90.28,90.17,671.07440472
2023-04-20 00:07:00,90.24,90.31,90.27,90.28,68.08957984
2023-04-20 00:06:00,90.13,90.27,90.27,90.26,127.0206473
2023-04-20 00:05:00,90.21,90.4,90.39,90.27,142.20682126
2023-04-20 00:04:00,90.3,90.4,90.3,90.4,264.41409026
2023-04-20 00:03:00,90.15,90.27,90.18,90.27,144.86570184
2023-04-20 00:02:00,90.1,90.21,90.16,90.1,109.63326435
2023-04-20 00:01:00,90.19,90.38,90.28,90.19,187.99441438
2023-04-20 00:00:00,90.24,90.47,90.44,90.33,340.54603388
2023-04-19 23:59:00,90.5,90.6,90.5,90.51,232.83151324
2023-04-19 23:58:00,90.44,90.62,90.58,90.49,663.6655246
2023-04-19 23:57:00,90.47,90.58,90.49,90.58,210.20563682
2023-04-19 23:56:00,90.33,90.53,90.37,90.49,556.15098425
2023-04-19 23:55:00,90.34,90.43,90.34,90.38,76.8444209
2023-04-19 23:54:00,90.28,90.47,90.47,90.32,382.90844431
2023-04-19 23:53:00,90.32,90.49,90.32,90.45,307.26991879
2023-04-19 23:52:00,90.01,90.3,90.09,90.3,443.268837
2023-04-19 23:51:00,90.0,90.13,90.13,90.08,552.10259763
2023-04-19 23:50:00,90.02,90.17,90.16,90.13,257.54022251
2023-04-19 23:49:00,90.16,90.36,90.26,90.16,415.37826944
2023-04-19 23:48:00,90.17,90.29,90.19,90.25,541.65318367
2023-04-19 23:47:00,90.07,90.18,90.1,90.18,92.69111366
2023-04-19 23:46:00,90.03,90.18,90.07,90.08,594.632752
2023-04-19 23:45:00,90.02,90.28,90.03,90.03,1158.60798284
2023-04-19 23:44:00,90.03,90.15,90.14,90.05,565.04578458
2023-04-19 23:43:00,89.83,90.14,89.85,90.14,521.03242592
2023-04-19 23:42:00,89.86,90.05,90.04,89.87,244.57964495
2023-04-19 23:41:00,89.92,90.05,89.92,90.03,175.2825929
2023-04-19 23:40:00,89.83,89.98,89.95,89.97,584.67579326
2023-04-19 23:39:00,89.82,90.01,89.86,89.89,1369.42806268
2023-04-19 23:38:00,89.71,89.95,89.77,89.88,3478.38604247
2023-04-19 23:37:00,89.47,89.77,89.48,89.77,492.16256733
2023-04-19 23:36:00,89.23,89.51,89.32,89.51,599.03198923
2023-04-19 23:35:00,89.32,89.47,89.44,89.32,588.8250118
2023-04-19 23:34:00,89.38,89.55,89.49,89.42,775.74781191
2023-04-19 23:33:00,89.4,89.55,89.41,89.45,693.76883154
2023-04-19 23:32:00,89.11,89.45,89.14,89.38,799.37813906
2023-04-19 23:31:00,89.13,89.5,89.41,89.13,487.53288498
2023-04-19 23:30:00,89.18,89.5,89.18,89.46,307.21249946
2023-04-19 23:29:00,89.16,89.48,89.38,89.18,811.41019099
2023-04-19 23:28:00,89.25,89.38,89.31,89.36,211.78259819
2023-04-19 23:27:00,89.28,89.65,89.58,89.39,554.83095947
2023-04-19 23:26:00,89.12,89.56,89.16,89.56,790.62769968
2023-04-19 23:25:00,89.3,89.69,89.65,89.35,756.79451317
2023-04-19 23:24:00,89.41,89.72,89.52,89.59,1110.31813693
2023-04-19 23:23:00,89.21,89.68,89.6,89.53,811.6793468
2023-04-19 23:22:00,88.9,89.7,88.99,89.7,2570.89455648
2023-04-19 23:21:00,87.04,91.44,91.42,89.06,17440.28721434
2023-04-19 23:20:00,91.39,92.21,92.21,91.44,2228.19515986
2023-04-19 23:19:00,92.21,92.34,92.34,92.21,81.40145585
2023-04-19 23:18:00,92.23,92.37,92.32,92.36,137.06109904
2023-04-19 23:17:00,92.32,92.59,92.52,92.35,175.77819335
2023-04-19 23:16:00,92.43,92.61,92.46,92.52,99.1534572
2023-04-19 23:15:00,92.39,92.5,92.42,92.46,240.19076166
2023-04-19 23:14:00,92.37,92.46,92.46,92.37,39.27519292
2023-04-19 23:13:00,92.29,92.46,92.43,92.43,456.94649658
2023-04-19 23:12:00,92.45,92.57,92.54,92.45,59.9264376
2023-04-19 23:11:00,92.45,92.63,92.63,92.54,281.63145332
2023-04-19 23:10:00,92.6,92.73,92.73,92.62,69.71573392
2023-04-19 23:09:00,92.66,92.73,92.7,92.73,59.04903699
2023-04-19 23:08:00,92.72,92.81,92.74,92.72,27.22620039
2023-04-19 23:07:00,92.66,92.81,92.68,92.74,106.38595615
2023-04-19 23:06:00,92.68,92.78,92.74,92.71,30.53301259
2023-04-19 23:05:00,92.56,92.76,92.63,92.76,39.18710966
2023-04-19 23:04:00,92.57,92.72,92.71,92.6,326.84463798
2023-04-19 23:03:00,92.71,92.86,92.85,92.71,73.73482039
2023-04-19 23:02:00,92.73,92.92,92.83,92.83,405.98211335
2023-04-19 23:01:00,92.83,93.04,93.04,92.86,42.53599608
2023-04-19 23:00:00,92.99,93.07,93.07,93.04,48.90255298
2023-04-19 22:59:00,93.06,93.12,93.12,93.07,25.62081987
2023-04-19 22:58:00,93.06,93.14,93.08,93.14,36.4641153
2023-04-19 22:57:00,93.0,93.11,93.0,93.09,50.85716373
2023-04-19 22:56:00,92.96,93.07,93.07,93.01,91.99923902
2023-04-19 22:55:00,92.97,93.1,93.1,93.0,59.81344621
2023-04-19 22:54:00,93.08,93.13,93.09,93.1,116.68558077
2023-04-19 22:53:00,93.09,93.18,93.17,93.11,40.42190559
2023-04-19 22:52:00,93.12,93.19,93.15,93.18,41.46029704
2023-04-19 22:51:00,93.12,93.21,93.15,93.12,463.66482571
2023-04-19 22:50:00,93.15,93.25,93.23,93.15,126.80139248
2023-04-19 22:49:00,93.22,93.28,93.27,93.27,146.34987743
2023-04-19 22:48:00,93.22,93.3,93.29,93.27,101.44512166
2023-04-19 22:47:00,93.23,93.29,93.27,93.29,28.83854646
2023-04-19 22:46:00,93.17,93.26,93.21,93.25,33.21500477
2023-04-19 22:45:00,93.18,93.28,93.26,93.21,146.56151313
2023-04-19 22:44:00,93.25,93.3,93.3,93.27,125.36990721
2023-04-19 22:43:00,93.27,93.37,93.34,93.3,29.08997555
2023-04-19 22:42:00,93.21,93.35,93.23,93.32,76.27372782
2023-04-20 08:42:00,91.02,91.12,91.11,91.08,194.06244002
2023-04-20 08:41:00,91.03,91.12,91.1,91.1,359.40174901
2023-04-20 08:40:00,90.98,91.12,91.01,91.12,169.95446068
2023-04-20 08:39:00,90.87,91.04,91.02,91.0,277.35548568
2023-04-20 08:38:00,91.01,91.06,91.06,91.01,9.78206537
2023-04-20 08:37:00,91.02,91.11,91.09,91.05,47.47513622
2023-04-20 08:36:00,91.02,91.14,91.14,91.08,163.8501605
2023-04-20 08:35:00,91.07,91.17,91.12,91.12,387.31729668
2023-04-20 08:34:00,91.16,91.25,91.25,91.17,22.13188599
2023-04-20 08:33:00,91.25,91.31,91.25,91.25,67.4810179
2023-04-20 08:32:00,91.25,91.41,91.41,91.25,139.62969874
2023-04-20 08:31:00,91.42,91.5,91.47,91.42,150.96859488
2023-04-20 08:30:00,91.39,91.52,91.39,91.48,380.43924747
2023-04-20 08:29:00,91.33,91.41,91.33,91.41,17.71333963
2023-04-20 08:28:00,91.29,91.37,91.3,91.37,30.54573663
2023-04-20 08:27:00,91.24,91.32,91.25,91.32,123.23832239
2023-04-20 08:26:00,91.26,91.34,91.3,91.26,27.37704087
2023-04-20 08:25:00,91.31,91.36,91.32,91.32,18.51193453
2023-04-20 08:24:00,91.35,91.45,91.4,91.35,79.93965594
2023-04-20 08:23:00,91.36,91.45,91.37,91.38,187.00140901
2023-04-20 08:22:00,91.3,91.37,91.31,91.37,60.00125477
2023-04-20 08:21:00,91.31,91.37,91.31,91.32,30.39906795
2023-04-20 08:20:00,91.24,91.3,91.24,91.3,76.03150471
2023-04-20 08:19:00,91.1,91.25,91.1,91.24,113.82399886
2023-04-20 08:18:00,91.11,91.15,91.15,91.11,16.75376871
2023-04-20 08:17:00,91.11,91.16,91.16,91.15,82.0767097
2023-04-20 08:16:00,91.14,91.19,91.18,91.18,133.96957126
2023-04-20 08:15:00,91.16,91.23,91.19,91.19,267.48501767
2023-04-20 08:14:00,91.19,91.22,91.19,91.21,84.13581432
2023-04-20 08:13:00,91.05,91.2,91.13,91.2,389.80287832
2023-04-20 08:12:00,91.04,91.18,91.04,91.13,352.2162308
2023-04-20 08:11:00,90.93,91.05,90.93,91.03,208.12328665
2023-04-20 08:10:00,90.81,90.93,90.81,90.91,43.24463193
2023-04-20 08:09:00,90.78,90.82,90.82,90.79,63.05148604
2023-04-20 08:08:00,90.67,90.78,90.67,90.78,59.61751585
2023-04-20 08:07:00,90.64,90.76,90.75,90.66,41.56124289
2023-04-20 08:06:00,90.75,90.82,90.82,90.75,93.58406296
2023-04-20 08:05:00,90.59,90.81,90.59,90.81,141.49570622
2023-04-20 08:04:00,90.57,90.66,90.66,90.59,35.6186455
2023-04-20 08:03:00,90.62,90.68,90.62,90.68,37.61117866
2023-04-20 08:02:00,90.57,90.68,90.68,90.6,212.57635435
2023-04-20 08:01:00,90.63,90.69,90.67,90.67,200.20128637
2023-04-20 08:00:00,90.6,90.67,90.61,90.64,187.97400565
2023-04-20 07:59:00,90.46,90.62,90.62,90.57,350.02080016
2023-04-20 07:58:00,90.62,90.79,90.79,90.62,659.29970512
2023-04-20 07:57:00,90.79,90.82,90.82,90.79,3.40410137
2023-04-20 07:56:00,90.8,90.85,90.85,90.8,35.23651354
2023-04-20 07:55:00,90.8,90.88,90.8,90.88,128.39274437
2023-04-20 07:54:00,90.79,90.86,90.86,90.8,10.3180554
2023-04-20 07:53:00,90.85,90.91,90.91,90.86,46.66909726
2023-04-20 07:52:00,90.88,90.95,90.91,90.89,96.59202928
2023-04-20 07:51:00,90.83,90.9,90.83,90.9,45.81620192
2023-04-20 07:50:00,90.81,90.89,90.81,90.83,236.96939904
2023-04-20 07:49:00,90.73,90.8,90.77,90.8,102.31998528
2023-04-20 07:48:00,90.77,90.79,90.79,90.77,0.43320985
2023-04-20 07:47:00,90.75,90.81,90.8,90.75,94.05614482
2023-04-20 07:46:00,90.74,90.81,90.74,90.81,143.5554137
2023-04-20 07:45:00,90.72,90.78,90.77,90.73,187.53286471
2023-04-20 07:44:00,90.74,90.82,90.74,90.79,115.27016794
2023-04-20 07:43:00,90.74,90.89,90.89,90.74,275.46506022
2023-04-20 07:42:00,90.88,90.92,90.88,90.89,34.18630691
2023-04-20 07:41:00,90.74,90.83,90.81,90.83,30.0004176
2023-04-20 07:40:00,90.8,90.89,90.89,90.82,94.76395152
2023-04-20 07:39:00,90.72,90.91,90.73,90.89,252.70761388
2023-04-20 07:38:00,90.74,90.81,90.79,90.75,75.87916033
2023-04-20 07:37:00,90.7,90.81,90.81,90.81,114.67937647
2023-04-20 07:36:00,90.81,90.89,90.89,90.81,40.22678441
2023-04-20 07:35:00,90.85,90.9,90.9,90.9,45.18120923
2023-04-20 07:34:00,90.87,90.95,90.93,90.9,37.50037455
2023-04-20 07:33:00,90.79,90.91,90.81,90.91,215.89656734
2023-04-20 07:32:00,90.75,90.84,90.8,90.8,259.50919839
2023-04-20 07:31:00,90.79,90.91,90.9,90.79,253.43370294
2023-04-20 07:30:00,90.91,91.01,90.98,90.91,77.27160044
2023-04-20 07:29:00,90.96,91.01,90.96,90.99,98.02713691
2023-04-20 07:28:00,90.9,91.0,90.9,90.95,385.56040707
2023-04-20 07:27:00,90.92,91.03,91.02,90.92,52.33244317
2023-04-20 07:26:00,91.02,91.05,91.05,91.03,34.26470168
2023-04-20 07:25:00,91.03,91.17,91.12,91.06,512.40522566
2023-04-20 07:24:00,91.03,91.16,91.07,91.12,62.64706674
2023-04-20 07:23:00,91.03,91.21,91.2,91.08,37.31703087
2023-04-20 07:22:00,91.22,91.26,91.25,91.22,27.81941932
2023-04-20 07:21:00,91.17,91.25,91.19,91.23,18.7413261
2023-04-20 07:20:00,91.16,91.2,91.17,91.17,48.84219181
2023-04-20 07:19:00,91.18,91.23,91.2,91.18,70.14113862
2023-04-20 07:18:00,91.17,91.25,91.25,91.21,151.61253629
2023-04-20 07:17:00,91.21,91.26,91.21,91.25,24.89877087
2023-04-20 07:16:00,91.16,91.22,91.18,91.21,91.81359727
2023-04-20 07:15:00,91.17,91.23,91.17,91.18,73.62163418
2023-04-20 07:14:00,91.15,91.23,91.22,91.17,391.85594016
2023-04-20 07:13:00,91.22,91.28,91.28,91.22,97.90136285
2023-04-20 07:12:00,91.21,91.3,91.29,91.28,135.89329524
2023-04-20 07:11:00,91.21,91.31,91.21,91.28,111.68950235
2023-04-20 07:10:00,91.14,91.21,91.14,91.21,84.92136741
2023-04-20 07:09:00,91.12,91.22,91.19,91.12,34.4448475
2023-04-20 07:08:00,91.1,91.19,91.17,91.19,108.11827578
2023-04-20 07:07:00,91.11,91.16,91.15,91.15,84.55553221
2023-04-20 07:06:00,91.16,91.23,91.23,91.16,12.10570356
2023-04-20 07:05:00,91.21,91.3,91.23,91.25,146.61025603
2023-04-20 07:04:00,91.19,91.25,91.19,91.23,50.56814657
2023-04-20 07:03:00,91.09,91.2,91.13,91.2,68.11279426
2023-04-20 07:02:00,91.05,91.13,91.06,91.13,65.25367493
2023-04-20 07:01:00,91.07,91.2,91.19,91.08,100.9243094
2023-04-20 07:00:00,91.1,91.19,91.1,91.19,20.82679259
2023-04-20 06:59:00,91.08,91.18,91.18,91.12,10.03006376
2023-04-20 06:58:00,91.2,91.32,91.31,91.2,94.48231656
2023-04-20 06:57:00,91.29,91.37,91.29,91.33,16.30387746
2023-04-20 06:56:00,91.23,91.28,91.26,91.23,78.86733199
2023-04-20 06:55:00,91.09,91.26,91.09,91.25,133.91817025
2023-04-20 06:54:00,91.03,91.1,91.04,91.07,23.97162958
2023-04-20 06:53:00,91.06,91.12,91.06,91.06,127.90037779
2023-04-20 06:52:00,91.07,91.09,91.07,91.08,105.94217999
2023-04-20 06:51:00,91.07,91.15,91.07,91.09,108.14307881
2023-04-20 06:50:00,91.05,91.16,91.08,91.07,136.7683124
2023-04-20 06:49:00,91.05,91.08,91.08,91.06,16.22976946
2023-04-20 06:48:00,91.05,91.1,91.07,91.08,54.33352996
2023-04-20 06:47:00,91.07,91.12,91.1,91.07,34.72032881
2023-04-20 06:46:00,91.06,91.13,91.13,91.07,29.21013561
2023-04-20 06:45:00,91.06,91.24,91.06,91.14,183.3117675
2023-04-20 06:44:00,91.05,91.12,91.09,91.09,67.68217135
2023-04-20 06:43:00,91.08,91.11,91.1,91.11,55.56813455
2023-04-20 06:42:00,91.07,91.17,91.12,91.12,167.72950601
2023-04-20 06:41:00,91.13,91.23,91.23,91.13,80.73837412
2023-04-20 06:40:00,91.18,91.26,91.18,91.23,157.20798797
2023-04-20 06:39:00,91.07,91.18,91.1,91.18,54.25706219
2023-04-20 06:38:00,91.09,91.13,91.13,91.11,5.86920538
2023-04-20 06:37:00,91.07,91.13,91.13,91.1,95.63686839
2023-04-20 06:36:00,91.15,91.2,91.16,91.16,157.72950759
2023-04-20 06:35:00,91.12,91.17,91.12,91.16,48.1421818
2023-04-20 06:34:00,91.13,91.16,91.13,91.13,40.1559743
2023-04-20 06:33:00,91.12,91.21,91.2,91.17,173.53059674
2023-04-20 06:32:00,91.18,91.31,91.29,91.21,144.82859222
2023-04-20 06:31:00,91.3,91.38,91.38,91.31,77.60024789
2023-04-20 06:30:00,91.3,91.37,91.36,91.37,6.73092714
2023-04-20 06:29:00,91.28,91.35,91.28,91.34,21.25248978
2023-04-20 06:28:00,91.28,91.35,91.33,91.3,50.74223759
2023-04-20 06:27:00,91.33,91.37,91.37,91.33,34.01940347
2023-04-20 06:26:00,91.35,91.41,91.4,91.36,40.64170691
2023-04-20 06:25:00,91.37,91.45,91.38,91.4,154.6248171
2023-04-20 06:24:00,91.39,91.44,91.44,91.41,2.4823611
2023-04-20 06:23:00,91.38,91.44,91.44,91.38,6.89171634
2023-04-20 06:22:00,91.31,91.48,91.31,91.43,149.28598954
2023-04-20 06:21:00,91.26,91.46,91.46,91.28,121.26076053
2023-04-20 06:20:00,91.45,91.51,91.45,91.46,299.67102406
2023-04-20 06:19:00,91.42,91.47,91.45,91.46,70.43777983
2023-04-20 06:18:00,91.42,91.48,91.42,91.45,133.7701967
2023-04-20 06:17:00,91.39,91.46,91.41,91.44,337.20920528
2023-04-20 06:16:00,91.32,91.49,91.49,91.42,122.43857196
2023-04-20 06:15:00,91.34,91.47,91.34,91.47,389.58747092
2023-04-20 06:14:00,91.26,91.32,91.26,91.32,30.17078462
2023-04-20 06:13:00,91.13,91.26,91.15,91.26,62.5071638
2023-04-20 06:12:00,91.16,91.19,91.18,91.17,64.34845182
2023-04-20 06:11:00,91.19,91.24,91.22,91.19,98.08598457
2023-04-20 06:10:00,91.16,91.25,91.24,91.23,85.35693434
2023-04-20 06:09:00,91.23,91.38,91.33,91.24,107.07574264
2023-04-20 06:08:00,91.09,91.32,91.09,91.3,585.78232654
2023-04-20 06:07:00,91.04,91.09,91.06,91.06,53.03293757
2023-04-20 06:06:00,91.05,91.14,91.14,91.06,252.95669646
2023-04-20 06:05:00,91.06,91.15,91.06,91.13,59.76070752
2023-04-20 06:04:00,90.91,91.02,90.91,91.02,26.81885453
2023-04-20 06:03:00,90.93,91.0,90.93,90.94,330.10168538
2023-04-20 06:02:00,90.91,91.03,91.03,90.91,205.29089401
2023-04-20 06:01:00,91.02,91.09,91.08,91.04,68.00676003
2023-04-20 06:00:00,91.03,91.12,91.03,91.12,54.10880879
2023-04-20 05:59:00,90.92,91.05,90.95,91.05,89.29790024
2023-04-20 05:58:00,90.9,91.04,91.02,90.93,110.85753559
2023-04-20 05:57:00,90.97,91.11,91.02,91.01,88.11913611
2023-04-20 05:56:00,90.91,90.99,90.91,90.96,34.30312978
2023-04-20 05:55:00,90.73,90.88,90.76,90.88,52.26721029
2023-04-20 05:54:00,90.69,90.74,90.69,90.74,70.60414214
2023-04-20 05:53:00,90.65,90.69,90.67,90.66,28.86364176
2023-04-20 05:52:00,90.66,90.72,90.69,90.68,54.62989202
2023-04-20 05:51:00,90.63,90.69,90.63,90.66,54.40058271
2023-04-20 05:50:00,90.56,90.64,90.56,90.64,51.30591873
2023-04-20 05:49:00,90.45,90.55,90.55,90.54,80.16404247
2023-04-20 05:48:00,90.5,90.6,90.53,90.53,70.24990102
2023-04-20 05:47:00,90.48,90.54,90.53,90.53,162.8107397
2023-04-20 05:46:00,90.55,90.71,90.71,90.55,282.30270989
2023-04-20 05:45:00,90.62,90.71,90.62,90.71,11.08986404
2023-04-20 05:44:00,90.63,90.69,90.69,90.65,17.47969838
2023-04-20 05:43:00,90.63,90.7,90.69,90.67,51.45192039
2023-04-20 05:42:00,90.59,90.73,90.65,90.71,84.1083599
2023-04-20 05:41:00,90.58,90.74,90.74,90.6,37.98930382
2023-04-20 05:40:00,90.72,90.8,90.79,90.73,69.39373227
2023-04-20 05:39:00,90.71,90.8,90.72,90.8,13.93261355
2023-04-20 05:38:00,90.58,90.72,90.58,90.72,100.73380171
2023-04-20 05:37:00,90.56,90.63,90.62,90.58,196.37183618
2023-04-20 05:36:00,90.61,90.71,90.61,90.65,127.54055717
2023-04-20 05:35:00,90.55,90.65,90.62,90.6,175.17799733
2023-04-20 05:34:00,90.62,90.68,90.62,90.66,22.28003317
2023-04-20 05:33:00,90.65,90.76,90.73,90.67,104.43680986
2023-04-20 05:32:00,90.72,90.8,90.79,90.76,33.57104254
2023-04-20 05:31:00,90.75,90.81,90.81,90.75,63.12057714
2023-04-20 05:30:00,90.8,90.95,90.82,90.8,128.02950265
2023-04-20 05:29:00,90.74,90.82,90.77,90.82,52.43547772
2023-04-20 05:28:00,90.74,90.82,90.77,90.8,128.32967349
2023-04-20 05:27:00,90.77,90.89,90.89,90.81,331.24445094
2023-04-20 05:26:00,90.84,90.93,90.92,90.88,44.7913518
2023-04-20 05:25:00,90.81,90.89,90.83,90.89,38.16105144
2023-04-20 05:24:00,90.86,90.93,90.88,90.86,17.13146018
2023-04-20 05:23:00,90.86,90.97,90.93,90.88,49.97429326
2023-04-20 05:22:00,90.85,90.96,90.91,90.93,331.5599867
2023-04-20 05:21:00,90.77,90.93,90.87,90.93,82.85199506
2023-04-20 05:20:00,90.84,90.91,90.88,90.87,103.01896345
2023-04-20 05:19:00,90.88,90.96,90.96,90.88,3.30721391
2023-04-20 05:18:00,90.92,90.98,90.98,90.95,31.38955914
2023-04-20 05:17:00,90.95,91.05,91.0,91.0,69.24770547
2023-04-20 05:16:00,90.95,91.02,91.01,90.98,36.9050384
2023-04-20 05:15:00,91.0,91.12,91.12,91.05,158.92876329
2023-04-20 05:14:00,91.05,91.12,91.07,91.12,355.90572124
2023-04-20 05:13:00,90.97,91.06,90.98,91.06,110.41363377
2023-04-20 05:12:00,90.97,91.08,91.07,90.97,290.82831659
2023-04-20 05:11:00,91.07,91.09,91.07,91.09,12.24074395
2023-04-20 05:10:00,91.05,91.24,91.21,91.09,182.0179473
2023-04-20 05:09:00,91.16,91.22,91.21,91.21,63.02513014
2023-04-20 05:08:00,91.11,91.19,91.11,91.19,41.67147085
2023-04-20 05:07:00,91.05,91.14,91.05,91.14,57.661627
2023-04-20 05:06:00,91.04,91.1,91.09,91.05,28.98523472
2023-04-20 05:05:00,91.04,91.1,91.04,91.09,133.79651215
2023-04-20 05:04:00,91.03,91.06,91.04,91.05,66.6248668
2023-04-20 05:03:00,91.06,91.09,91.09,91.09,195.74182416
2023-04-20 05:02:00,90.99,91.1,91.0,91.06,58.74143625
2023-04-20 05:01:00,90.92,91.09,91.07,90.93,138.84600876
2023-04-20 05:00:00,90.98,91.09,90.98,91.09,79.44354398
2023-04-20 04:59:00,90.91,90.96,90.94,90.93,151.31058346
2023-04-20 04:58:00,90.89,91.0,90.92,90.96,46.90230136
2023-04-20 04:57:00,90.92,91.07,91.06,90.94,204.12378449
2023-04-20 04:56:00,90.95,91.06,91.04,91.06,75.23642436
2023-04-20 04:55:00,90.99,91.09,90.99,91.05,294.04170527
2023-04-20 04:54:00,91.0,91.07,91.07,91.01,504.13282105
2023-04-20 04:53:00,91.08,91.17,91.17,91.1,255.04298901
2023-04-20 04:52:00,91.14,91.19,91.14,91.17,52.60971448
2023-04-20 04:51:00,91.08,91.16,91.11,91.14,65.12627215
2023-04-20 04:50:00,91.09,91.11,91.1,91.11,3.94531228
2023-04-20 04:49:00,91.05,91.12,91.12,91.08,87.09817839
2023-04-20 04:48:00,91.05,91.13,91.1,91.12,50.56663647
2023-04-20 04:47:00,91.09,91.14,91.13,91.11,19.21684733
2023-04-20 04:46:00,91.07,91.14,91.07,91.11,71.15934781
2023-04-20 04:45:00,90.98,91.08,90.98,91.06,36.8003151
2023-04-20 04:44:00,90.96,91.04,91.01,90.96,76.1734681
2023-04-20 04:43:00,90.99,91.06,90.99,91.01,58.45937581
2023-04-20 04:42:00,91.0,91.07,91.0,91.0,38.82111619
2023-04-20 04:41:00,90.94,91.01,90.97,91.01,85.65251923
2023-04-20 04:40:00,90.9,91.01,90.98,90.96,138.24305456
2023-04-20 04:39:00,90.97,91.05,91.0,91.0,99.71085015
2023-04-20 04:38:00,90.97,91.03,91.02,91.01,72.8830136
2023-04-20 04:37:00,91.03,91.09,91.09,91.04,81.42246998
2023-04-20 04:36:00,91.09,91.14,91.1,91.09,35.63096427
2023-04-20 04:35:00,91.07,91.19,91.07,91.12,183.05327731
2023-04-20 04:34:00,91.11,91.16,91.13,91.12,189.35738327
2023-04-20 04:33:00,91.08,91.14,91.08,91.14,54.01428474
2023-04-20 04:32:00,91.03,91.19,91.19,91.09,132.20039247
2023-04-20 04:31:00,91.18,91.23,91.18,91.19,87.07602087
2023-04-20 04:30:00,91.08,91.18,91.1,91.18,136.62268721
2023-04-20 04:29:00,91.11,91.2,91.15,91.11,127.10611304
2023-04-20 04:28:00,91.11,91.17,91.12,91.17,20.82250952
2023-04-20 04:27:00,91.05,91.11,91.06,91.11,104.18760385
2023-04-20 04:26:00,91.04,91.11,91.05,91.07,473.72095913
2023-04-20 04:25:00,90.99,91.1,91.03,91.04,856.65390267
2023-04-20 04:24:00,90.98,91.09,90.98,91.06,74.8500372
2023-04-20 04:23:00,90.97,91.05,91.04,90.97,130.13552849
2023-04-20 04:22:00,91.02,91.14,91.05,91.03,341.1606342
2023-04-20 04:21:00,90.98,91.08,91.0,91.05,47.67852297
2023-04-20 04:20:00,90.96,91.03,90.96,91.0,74.49908553
2023-04-20 04:19:00,90.95,90.99,90.99,90.95,119.99799594
2023-04-20 04:18:00,90.94,91.0,90.94,90.99,103.45261594
2023-04-20 04:17:00,90.93,91.0,90.94,90.94,164.81918391
2023-04-20 04:16:00,90.92,90.96,90.93,90.95,95.92944298
2023-04-20 04:15:00,90.9,90.95,90.93,90.93,74.88412061
2023-04-20 04:14:00,90.94,90.96,90.94,90.95,29.82300587
2023-04-20 04:13:00,90.84,90.98,90.95,90.93,292.53383598
2023-04-20 04:12:00,90.92,90.96,90.93,90.95,100.57452132
2023-04-20 04:11:00,90.9,90.97,90.9,90.92,70.38580497
2023-04-20 04:10:00,90.88,90.96,90.96,90.9,69.07976035
2023-04-20 04:09:00,90.87,90.99,90.93,90.97,104.32914997
2023-04-20 04:08:00,90.88,90.98,90.94,90.93,153.1598207
2023-04-20 04:07:00,90.94,91.09,90.96,90.94,408.68507854
2023-04-20 04:06:00,90.88,90.96,90.91,90.96,134.37493561
2023-04-20 04:05:00,90.85,90.91,90.9,90.91,65.45448192
2023-04-20 04:04:00,90.85,90.92,90.87,90.89,28.17689885
2023-04-20 04:03:00,90.8,90.9,90.89,90.86,542.490743
2023-04-20 04:02:00,90.78,90.88,90.79,90.88,81.47320462
2023-04-20 04:01:00,90.53,90.79,90.55,90.76,338.21160948
2023-04-20 04:00:00,90.55,90.66,90.63,90.55,317.54186811
2023-04-20 03:59:00,90.55,90.63,90.55,90.62,58.55356618
2023-04-20 03:58:00,90.55,90.63,90.62,90.58,80.40825849
2023-04-20 03:57:00,90.6,90.67,90.66,90.62,48.64234312
2023-04-20 03:56:00,90.55,90.65,90.55,90.65,254.10852491
2023-04-20 03:55:00,90.55,90.61,90.57,90.55,80.714927
2023-04-20 03:54:00,90.53,90.64,90.64,90.58,109.88023102
2023-04-20 03:53:00,90.59,90.67,90.6,90.64,59.23652148
2023-04-20 03:52:00,90.52,90.68,90.58,90.59,366.95093139
2023-04-20 03:51:00,90.54,90.66,90.66,90.56,143.14640163
2023-04-20 03:50:00,90.63,90.7,90.69,90.68,64.89931654
2023-04-20 03:49:00,90.67,90.78,90.78,90.67,127.89537573
2023-04-20 03:48:00,90.69,90.85,90.76,90.81,123.95837701
2023-04-20 03:47:00,90.69,90.76,90.7,90.76,58.79794693
2023-04-20 03:46:00,90.65,90.7,90.66,90.7,51.96664074
2023-04-20 03:45:00,90.53,90.65,90.6,90.65,63.42950662
2023-04-20 03:44:00,90.53,90.69,90.53,90.57,316.63273165
2023-04-20 03:43:00,90.5,90.54,90.52,90.52,31.24250907
2023-04-20 03:42:00,90.43,90.53,90.43,90.53,45.73808483
2023-04-20 13:42:00,91.29,91.41,91.38,91.31,149.23793635
2023-04-20 13:41:00,91.34,91.46,91.36,91.35,319.4323271
2023-04-20 13:40:00,91.3,91.49,91.3,91.37,453.56613797
2023-04-20 13:39:00,91.26,91.38,91.29,91.34,224.58632662
2023-04-20 13:38:00,91.11,91.29,91.18,91.29,268.17448237
2023-04-20 13:37:00,91.14,91.35,91.32,91.2,1333.17662764
2023-04-20 13:36:00,91.29,91.59,91.59,91.29,362.1336183
2023-04-20 13:35:00,91.5,91.67,91.5,91.61,143.10545085
2023-04-20 13:34:00,91.36,91.53,91.52,91.52,782.87738284
2023-04-20 13:33:00,91.36,91.69,91.36,91.53,632.18134127
2023-04-20 13:32:00,91.28,91.42,91.28,91.38,601.07751004
2023-04-20 13:31:00,91.13,91.27,91.17,91.26,733.35486999
2023-04-20 13:30:00,91.16,91.25,91.21,91.17,137.44929319
2023-04-20 13:29:00,91.18,91.36,91.33,91.24,79.7502936
2023-04-20 13:28:00,91.13,91.44,91.42,91.32,1155.40612427
2023-04-20 13:27:00,91.36,91.44,91.38,91.42,49.44955375
2023-04-20 13:26:00,91.34,91.39,91.39,91.38,20.85356532
2023-04-20 13:25:00,91.32,91.45,91.4,91.45,124.48809152
2023-04-20 13:24:00,91.37,91.55,91.48,91.37,219.05736504
2023-04-20 13:23:00,91.35,91.5,91.37,91.5,654.31485661
2023-04-20 13:22:00,91.31,91.43,91.43,91.39,479.01552564
2023-04-20 13:21:00,91.42,91.55,91.55,91.43,221.91393904
2023-04-20 13:20:00,91.5,91.61,91.61,91.54,130.71780939
2023-04-20 13:19:00,91.58,91.66,91.64,91.61,92.93574958
2023-04-20 13:18:00,91.6,91.65,91.61,91.65,21.80570557
2023-04-20 13:17:00,91.61,91.74,91.73,91.62,96.54830978
2023-04-20 13:16:00,91.7,91.92,91.9,91.72,330.82274341
2023-04-20 13:15:00,91.74,91.91,91.91,91.88,347.45273136
2023-04-20 13:14:00,91.77,91.91,91.77,91.91,342.99922225
2023-04-20 13:13:00,91.74,91.8,91.8,91.77,20.89066244
2023-04-20 13:12:00,91.81,91.85,91.82,91.83,47.66778917
2023-04-20 13:11:00,91.8,91.86,91.86,91.82,6.00609702
2023-04-20 13:10:00,91.69,91.9,91.76,91.86,88.38705168
2023-04-20 13:09:00,91.73,91.77,91.76,91.74,5.76345222
2023-04-20 13:08:00,91.74,91.9,91.9,91.74,187.17075081
2023-04-20 13:07:00,91.65,91.86,91.77,91.86,320.39825846
2023-04-20 13:06:00,91.75,91.81,91.75,91.79,40.48859723
2023-04-20 13:05:00,91.71,91.79,91.74,91.75,21.74823459
2023-04-20 13:04:00,91.58,91.72,91.68,91.72,92.42465527
2023-04-20 13:03:00,91.62,91.69,91.68,91.63,28.23970759
2023-04-20 13:02:00,91.68,91.8,91.8,91.71,183.73410436
2023-04-20 13:01:00,91.77,91.85,91.85,91.84,164.38781684
2023-04-20 13:00:00,91.86,92.01,92.0,91.86,271.55161445
2023-04-20 12:59:00,91.94,92.09,92.09,92.0,73.05570587
2023-04-20 12:58:00,92.06,92.12,92.08,92.12,23.20490731
2023-04-20 12:57:00,92.05,92.12,92.08,92.09,54.47849999
2023-04-20 12:56:00,92.05,92.17,92.17,92.09,408.22786287
2023-04-20 12:55:00,92.08,92.24,92.1,92.13,473.2954409
2023-04-20 12:54:00,92.11,92.39,92.37,92.15,720.69674005
2023-04-20 12:53:00,92.15,92.39,92.15,92.36,758.11875262
2023-04-20 12:52:00,92.08,92.15,92.08,92.14,130.44531534
2023-04-20 12:51:00,92.02,92.17,92.04,92.09,536.4851191
2023-04-20 12:50:00,91.87,92.09,91.87,92.02,515.1279751
2023-04-20 12:49:00,91.86,91.9,91.87,91.9,17.25720499
2023-04-20 12:48:00,91.81,91.88,91.88,91.85,167.04827602
2023-04-20 12:47:00,91.87,91.94,91.92,91.88,81.22527726
2023-04-20 12:46:00,91.77,91.93,91.81,91.93,597.55660745
2023-04-20 12:45:00,91.67,91.93,91.68,91.81,516.35299216
2023-04-20 12:44:00,91.59,91.74,91.74,91.64,140.91079723
2023-04-20 12:43:00,91.72,91.83,91.76,91.75,519.69271203
2023-04-20 12:42:00,91.72,91.76,91.75,91.72,42.74819866
2023-04-20 12:41:00,91.64,91.78,91.67,91.72,237.64423606
2023-04-20 12:40:00,91.68,91.94,91.94,91.68,409.42001827
2023-04-20 12:39:00,91.84,91.98,91.98,91.91,407.11457468
2023-04-20 12:38:00,91.78,91.99,91.91,91.99,380.89118037
2023-04-20 12:37:00,91.68,91.92,91.79,91.92,195.64860021
2023-04-20 12:36:00,91.57,91.79,91.57,91.75,529.8682185
2023-04-20 12:35:00,91.51,91.59,91.51,91.57,77.52367136
2023-04-20 12:34:00,91.48,91.56,91.48,91.56,104.53830671
2023-04-20 12:33:00,91.45,91.57,91.57,91.48,461.92188926
2023-04-20 12:32:00,91.41,91.58,91.51,91.58,255.11030121
2023-04-20 12:31:00,91.4,91.56,91.4,91.53,290.9610565
2023-04-20 12:30:00,91.29,91.77,91.29,91.43,1085.60850969
2023-04-20 12:29:00,91.11,91.23,91.18,91.22,223.84891327
2023-04-20 12:28:00,91.17,91.28,91.17,91.19,54.8255746
2023-04-20 12:27:00,91.1,91.22,91.15,91.21,196.52187875
2023-04-20 12:26:00,91.13,91.31,91.31,91.13,268.46787012
2023-04-20 12:25:00,91.08,91.32,91.1,91.3,317.3451777
2023-04-20 12:24:00,91.07,91.36,91.07,91.14,99.62287831
2023-04-20 12:23:00,90.97,91.05,91.03,91.03,130.25599552
2023-04-20 12:22:00,90.98,91.13,91.0,91.0,284.08080981
2023-04-20 12:21:00,90.76,91.06,90.83,91.0,227.76191042
2023-04-20 12:20:00,90.64,90.96,90.66,90.82,192.86513728
2023-04-20 12:19:00,90.2,90.7,90.2,90.68,483.80310571
2023-04-20 12:18:00,89.99,90.21,89.99,90.19,600.34927377
2023-04-20 12:17:00,89.9,90.4,90.33,89.99,1060.94085906
2023-04-20 12:16:00,90.32,90.42,90.42,90.32,20.23075799
2023-04-20 12:15:00,90.41,90.44,90.43,90.41,55.68207209
2023-04-20 12:14:00,90.37,90.46,90.38,90.43,89.98995749
2023-04-20 12:13:00,90.32,90.43,90.34,90.36,116.63270278
2023-04-20 12:12:00,90.25,90.4,90.4,90.25,15.12359706
2023-04-20 12:11:00,90.42,90.55,90.55,90.42,64.15896994
2023-04-20 12:10:00,90.5,90.55,90.52,90.51,57.80279658
2023-04-20 12:09:00,90.43,90.5,90.46,90.5,25.81895194
2023-04-20 12:08:00,90.46,90.52,90.52,90.52,24.0543013
2023-04-20 12:07:00,90.46,90.61,90.61,90.46,184.06884226
2023-04-20 12:06:00,90.53,90.67,90.59,90.62,201.42046372
2023-04-20 12:05:00,90.45,90.6,90.47,90.57,108.33503375
2023-04-20 12:04:00,90.31,90.45,90.31,90.45,198.73835749
2023-04-20 12:03:00,90.17,90.33,90.17,90.28,240.92112762
2023-04-20 12:02:00,90.05,90.19,90.17,90.15,154.98382843
2023-04-20 12:01:00,89.95,90.2,89.96,90.18,267.14700428
2023-04-20 12:00:00,89.92,90.03,90.01,89.95,63.92905765
2023-04-20 11:59:00,89.98,90.1,90.03,89.99,95.30659092
2023-04-20 11:58:00,90.02,90.07,90.04,90.03,216.85112477
2023-04-20 11:57:00,90.05,90.18,90.13,90.08,212.71020364
2023-04-20 11:56:00,90.02,90.15,90.03,90.14,423.36283184
2023-04-20 11:55:00,89.94,90.04,89.95,90.04,125.80284429
2023-04-20 11:54:00,89.93,90.02,90.01,89.93,96.51010248
2023-04-20 11:53:00,89.84,90.09,90.03,89.97,296.61785076
2023-04-20 11:52:00,89.97,90.16,90.16,90.03,342.60932308
2023-04-20 11:51:00,90.14,90.25,90.14,90.18,176.68450935
2023-04-20 11:50:00,90.13,90.31,90.29,90.15,54.33859173
2023-04-20 11:49:00,90.19,90.33,90.2,90.3,104.95195389
2023-04-20 11:48:00,90.1,90.21,90.2,90.15,98.83421123
2023-04-20 11:47:00,90.19,90.26,90.22,90.25,103.18297841
2023-04-20 11:46:00,90.18,90.25,90.21,90.25,88.76629368
2023-04-20 11:45:00,90.28,90.37,90.33,90.28,70.89351071
2023-04-20 11:44:00,90.31,90.36,90.35,90.33,130.92427225
2023-04-20 11:43:00,90.24,90.36,90.26,90.35,61.06029745
2023-04-20 11:42:00,90.21,90.33,90.22,90.22,210.32694783
2023-04-20 11:41:00,90.21,90.4,90.21,90.21,764.91149267
2023-04-20 11:40:00,90.18,90.32,90.32,90.27,137.53338682
2023-04-20 11:39:00,90.2,90.34,90.34,90.31,335.80690093
2023-04-20 11:38:00,90.35,90.47,90.47,90.36,165.78393203
2023-04-20 11:37:00,90.43,90.51,90.45,90.51,51.86539819
2023-04-20 11:36:00,90.4,90.53,90.4,90.48,221.99893802
2023-04-20 11:35:00,90.45,90.53,90.45,90.46,90.57843199
2023-04-20 11:34:00,90.29,90.47,90.4,90.47,140.13807327
2023-04-20 11:33:00,90.33,90.57,90.56,90.42,214.27935563
2023-04-20 11:32:00,90.55,90.62,90.62,90.59,80.49872602
2023-04-20 11:31:00,90.59,90.61,90.61,90.61,15.466926
2023-04-20 11:30:00,90.55,90.61,90.61,90.61,22.85057622
2023-04-20 11:29:00,90.55,90.62,90.6,90.61,149.59410401
2023-04-20 11:28:00,90.54,90.61,90.54,90.61,46.91016977
2023-04-20 11:27:00,90.53,90.61,90.59,90.58,42.45982577
2023-04-20 11:26:00,90.54,90.64,90.54,90.59,149.03813861
2023-04-20 11:25:00,90.49,90.58,90.56,90.53,18.41778932
2023-04-20 11:24:00,90.54,90.6,90.58,90.55,14.68103891
2023-04-20 11:23:00,90.58,90.65,90.6,90.58,18.11333304
2023-04-20 11:22:00,90.53,90.65,90.53,90.58,306.53078378
2023-04-20 11:21:00,90.47,90.54,90.53,90.53,48.87197512
2023-04-20 11:20:00,90.41,90.58,90.41,90.49,270.72862902
2023-04-20 11:19:00,90.26,90.44,90.44,90.39,445.84653381
2023-04-20 11:18:00,90.42,90.54,90.54,90.43,69.2972159
2023-04-20 11:17:00,90.4,90.58,90.5,90.57,349.09340628
2023-04-20 11:16:00,90.48,90.55,90.55,90.5,261.88839098
2023-04-20 11:15:00,90.6,90.68,90.65,90.6,270.28669518
2023-04-20 11:14:00,90.62,90.71,90.62,90.67,106.43445618
2023-04-20 11:13:00,90.54,90.71,90.71,90.54,238.93888247
2023-04-20 11:12:00,90.68,90.71,90.71,90.71,5.81612969
2023-04-20 11:11:00,90.67,90.73,90.67,90.71,18.76663011
2023-04-20 11:10:00,90.62,90.71,90.65,90.67,375.42644832
2023-04-20 11:09:00,90.58,90.67,90.67,90.64,20.01517608
2023-04-20 11:08:00,90.61,90.68,90.68,90.66,59.8746058
2023-04-20 11:07:00,90.66,90.73,90.71,90.66,39.00869361
2023-04-20 11:06:00,90.69,90.8,90.73,90.69,177.85822532
2023-04-20 11:05:00,90.72,90.83,90.83,90.72,88.0398173
2023-04-20 11:04:00,90.8,90.97,90.91,90.83,260.57271588
2023-04-20 11:03:00,90.89,91.1,91.09,90.9,268.38621913
2023-04-20 11:02:00,91.09,91.12,91.09,91.09,34.96212334
2023-04-20 11:01:00,90.98,91.11,90.98,91.09,127.78182121
2023-04-20 11:00:00,90.96,91.07,91.07,90.97,39.12025257
2023-04-20 10:59:00,91.06,91.1,91.09,91.08,56.82663819
2023-04-20 10:58:00,91.09,91.15,91.13,91.11,134.59034101
2023-04-20 10:57:00,91.11,91.17,91.11,91.13,109.40936611
2023-04-20 10:56:00,91.07,91.13,91.07,91.1,47.6924535
2023-04-20 10:55:00,90.96,91.09,90.98,91.09,132.26369387
2023-04-20 10:54:00,90.96,90.99,90.98,90.98,6.52211382
2023-04-20 10:53:00,90.93,90.99,90.95,90.98,221.17902227
2023-04-20 10:52:00,90.98,91.02,90.99,90.98,44.11301756
2023-04-20 10:51:00,91.0,91.12,91.1,91.0,79.48633511
2023-04-20 10:50:00,91.04,91.14,91.07,91.12,46.92422434
2023-04-20 10:49:00,90.99,91.08,91.08,91.07,146.91759042
2023-04-20 10:48:00,91.06,91.13,91.13,91.09,124.47365812
2023-04-20 10:47:00,91.09,91.12,91.12,91.12,76.78699245
2023-04-20 10:46:00,91.1,91.13,91.12,91.11,60.50222696
2023-04-20 10:45:00,91.02,91.12,91.1,91.12,48.51226349
2023-04-20 10:44:00,91.05,91.1,91.05,91.1,66.93810002
2023-04-20 10:43:00,91.01,91.06,91.04,91.06,4.65673418
2023-04-20 10:42:00,91.01,91.1,91.1,91.01,151.56822874
2023-04-20 10:41:00,91.01,91.07,91.01,91.07,15.10473251
2023-04-20 10:40:00,90.91,91.0,90.92,91.0,42.32830983
2023-04-20 10:39:00,90.89,90.94,90.89,90.93,72.849795
2023-04-20 10:38:00,90.85,90.9,90.86,90.88,80.06312351
2023-04-20 10:37:00,90.83,90.88,90.88,90.88,87.23932728
2023-04-20 10:36:00,90.82,90.89,90.86,90.86,178.33611058
2023-04-20 10:35:00,90.8,90.86,90.8,90.86,27.90042222
2023-04-20 10:34:00,90.79,90.85,90.81,90.79,67.34599327
2023-04-20 10:33:00,90.72,90.83,90.83,90.8,99.43432589
2023-04-20 10:32:00,90.81,90.86,90.81,90.83,28.13449017
2023-04-20 10:31:00,90.66,90.81,90.7,90.79,103.88270863
2023-04-20 10:30:00,90.67,90.87,90.85,90.69,62.94269357
2023-04-20 10:29:00,90.81,90.85,90.83,90.81,37.24350857
2023-04-20 10:28:00,90.85,90.89,90.89,90.88,56.43628227
2023-04-20 10:27:00,90.87,90.91,90.89,90.9,70.61596847
2023-04-20 10:26:00,90.8,90.92,90.88,90.85,485.69878307
2023-04-20 10:25:00,90.77,90.88,90.83,90.85,159.53177263
2023-04-20 10:24:00,90.83,90.9,90.9,90.83,90.3222877
2023-04-20 10:23:00,90.82,90.91,90.89,90.88,157.62224227
2023-04-20 10:22:00,90.81,90.92,90.81,90.91,55.47429294
2023-04-20 10:21:00,90.81,90.9,90.88,90.82,43.82723863
2023-04-20 10:20:00,90.85,90.98,90.97,90.86,109.60437988
2023-04-20 10:19:00,91.01,91.08,91.04,91.01,53.86487461
2023-04-20 10:18:00,90.93,91.02,90.93,91.02,20.51009384
2023-04-20 10:17:00,90.89,90.99,90.89,90.99,46.97809871
2023-04-20 10:16:00,90.89,90.94,90.94,90.9,76.82775755
2023-04-20 10:15:00,90.93,91.03,91.03,90.94,70.94245269
2023-04-20 10:14:00,91.03,91.07,91.07,91.06,12.28557486
2023-04-20 10:13:00,91.04,91.1,91.05,91.08,64.60728742
2023-04-20 10:12:00,91.04,91.1,91.05,91.04,126.42574536
2023-04-20 10:11:00,91.06,91.16,91.16,91.06,151.86784617
2023-04-20 10:10:00,91.16,91.18,91.16,91.17,20.2744644
2023-04-20 10:09:00,91.15,91.26,91.26,91.16,45.00414151
2023-04-20 10:08:00,91.27,91.31,91.31,91.28,91.17376604
2023-04-20 10:07:00,91.29,91.31,91.31,91.3,57.38698847
2023-04-20 10:06:00,91.27,91.36,91.29,91.29,107.69272712
2023-04-20 10:05:00,91.24,91.35,91.33,91.32,93.63706788
2023-04-20 10:04:00,91.2,91.35,91.2,91.35,34.28622095
2023-04-20 10:03:00,91.17,91.19,91.17,91.19,45.78260442
2023-04-20 10:02:00,91.1,91.16,91.1,91.16,38.75583929
2023-04-20 10:01:00,91.05,91.15,91.07,91.11,248.67783153
2023-04-20 10:00:00,91.03,91.08,91.07,91.05,160.65336965
2023-04-20 09:59:00,91.05,91.07,91.06,91.06,4.59544117
2023-04-20 09:58:00,91.03,91.19,91.18,91.07,64.27992137
2023-04-20 09:57:00,91.18,91.22,91.19,91.2,29.17189611
2023-04-20 09:56:00,91.17,91.21,91.21,91.17,40.05496266
2023-04-20 09:55:00,91.1,91.21,91.19,91.21,78.6063221
2023-04-20 09:54:00,91.12,91.25,91.25,91.17,101.59942969
2023-04-20 09:53:00,91.14,91.26,91.17,91.26,60.94234075
2023-04-20 09:52:00,91.11,91.17,91.14,91.17,38.04934085
2023-04-20 09:51:00,91.13,91.15,91.15,91.14,57.46112607
2023-04-20 09:50:00,91.13,91.15,91.14,91.13,9.6553421
2023-04-20 09:49:00,91.09,91.14,91.09,91.14,111.86287457
2023-04-20 09:48:00,91.1,91.13,91.13,91.11,87.82676289
2023-04-20 09:47:00,91.12,91.21,91.18,91.14,33.88306761
2023-04-20 09:46:00,91.15,91.19,91.18,91.18,67.39542009
2023-04-20 09:45:00,91.16,91.26,91.26,91.17,72.44135752
2023-04-20 09:44:00,91.21,91.26,91.22,91.24,19.78119784
2023-04-20 09:43:00,91.18,91.26,91.18,91.25,172.66405296
2023-04-20 09:42:00,91.19,91.26,91.21,91.19,93.98221725
2023-04-20 09:41:00,91.18,91.26,91.25,91.19,200.00459729
2023-04-20 09:40:00,91.26,91.28,91.28,91.26,44.69063118
2023-04-20 09:39:00,91.2,91.28,91.28,91.2,85.89837069
2023-04-20 09:38:00,91.22,91.33,91.25,91.33,53.19712073
2023-04-20 09:37:00,91.19,91.26,91.26,91.23,76.63774603
2023-04-20 09:36:00,91.19,91.25,91.19,91.25,52.44088382
2023-04-20 09:35:00,91.11,91.17,91.16,91.17,50.62163445
2023-04-20 09:34:00,91.11,91.19,91.13,91.19,29.73243142
2023-04-20 09:33:00,91.11,91.17,91.17,91.11,48.0943149
2023-04-20 09:32:00,91.09,91.18,91.1,91.18,148.28618889
2023-04-20 09:31:00,91.02,91.12,91.02,91.1,114.13940055
2023-04-20 09:30:00,91.03,91.08,91.08,91.04,57.40655449
2023-04-20 09:29:00,91.04,91.08,91.04,91.07,66.61001546
2023-04-20 09:28:00,91.02,91.07,91.06,91.02,92.143641
2023-04-20 09:27:00,90.96,91.07,90.97,91.05,37.7495883
2023-04-20 09:26:00,90.91,90.98,90.98,90.95,65.1333467
2023-04-20 09:25:00,90.93,91.02,91.02,90.96,63.04734662
2023-04-20 09:24:00,90.9,91.1,91.1,91.04,1146.24025751
2023-04-20 09:23:00,91.07,91.12,91.1,91.07,59.72826847
2023-04-20 09:22:00,91.03,91.11,91.03,91.1,128.05546868
2023-04-20 09:21:00,90.97,91.03,90.98,91.03,127.00843697
2023-04-20 09:20:00,90.95,91.04,91.03,90.97,95.43892481
2023-04-20 09:19:00,90.97,91.05,90.97,91.05,156.428595
2023-04-20 09:18:00,90.88,90.97,90.9,90.97,109.13246263
2023-04-20 09:17:00,90.93,90.97,90.93,90.93,74.17743571
2023-04-20 09:16:00,90.95,91.02,91.02,90.96,482.71312383
2023-04-20 09:15:00,91.02,91.06,91.06,91.05,29.06894769
2023-04-20 09:14:00,91.08,91.14,91.14,91.08,17.29441021
2023-04-20 09:13:00,91.12,91.24,91.23,91.12,254.52978538
2023-04-20 09:12:00,91.22,91.24,91.23,91.24,25.91977049
2023-04-20 09:11:00,91.12,91.23,91.12,91.23,213.51772103
2023-04-20 09:10:00,91.06,91.11,91.08,91.1,33.98038891
2023-04-20 09:09:00,91.06,91.11,91.09,91.11,11.98592344
2023-04-20 09:08:00,91.09,91.14,91.13,91.09,12.94599062
2023-04-20 09:07:00,91.07,91.16,91.16,91.13,147.06398582
2023-04-20 09:06:00,91.11,91.15,91.15,91.14,76.68874544
2023-04-20 09:05:00,91.16,91.21,91.17,91.16,76.24809719
2023-04-20 09:04:00,91.12,91.23,91.22,91.14,220.51370717
2023-04-20 09:03:00,91.05,91.22,91.08,91.22,259.52366082
2023-04-20 09:02:00,91.04,91.12,91.12,91.08,75.89177173
2023-04-20 09:01:00,91.06,91.12,91.06,91.11,113.97389834
2023-04-20 09:00:00,90.99,91.08,90.99,91.08,244.97269081
2023-04-20 08:59:00,90.99,91.13,91.09,91.0,606.45574637
2023-04-20 08:58:00,91.04,91.11,91.11,91.08,45.82792441
2023-04-20 08:57:00,91.1,91.16,91.16,91.13,46.31768295
2023-04-20 08:56:00,91.15,91.21,91.16,91.16,55.33978764
2023-04-20 08:55:00,91.11,91.15,91.11,91.15,42.70646495
2023-04-20 08:54:00,91.11,91.19,91.17,91.15,20.29197497
2023-04-20 08:53:00,91.13,91.19,91.14,91.17,13.50043929
2023-04-20 08:52:00,91.09,91.15,91.09,91.14,169.69958305
2023-04-20 08:51:00,91.05,91.13,91.13,91.09,292.8899833
2023-04-20 08:50:00,91.05,91.14,91.05,91.1,151.16236156
2023-04-20 08:49:00,91.05,91.1,91.1,91.05,25.26090411
2023-04-20 08:48:00,91.08,91.13,91.12,91.11,43.75302013
2023-04-20 08:47:00,91.01,91.11,91.11,91.1,85.31308514
2023-04-20 08:46:00,91.03,91.16,91.03,91.13,149.01696025
2023-04-20 08:45:00,91.01,91.04,91.04,91.03,53.01652466
2023-04-20 08:44:00,91.06,91.1,91.07,91.07,3.5192851
2023-04-20 08:43:00,91.04,91.11,91.06,91.07,30.97495994
2023-04-20 08:42:00,91.02,91.12,91.11,91.08,194.06244002
2023-04-20 18:42:00,88.09,88.29,88.17,88.1,323.55328525
2023-04-20 18:41:00,88.09,88.25,88.12,88.14,316.47272605
2023-04-20 18:40:00,87.95,88.15,88.08,88.12,388.31037241
2023-04-20 18:39:00,88.06,88.23,88.22,88.13,329.72223258
2023-04-20 18:38:00,87.91,88.23,87.98,88.23,604.90531448
2023-04-20 18:37:00,87.77,88.03,87.97,87.96,996.83066293
2023-04-20 18:36:00,87.83,87.98,87.86,87.95,309.37605692
2023-04-20 18:35:00,87.89,88.06,88.03,87.94,115.97089943
2023-04-20 18:34:00,87.92,88.11,88.01,88.03,258.74311871
2023-04-20 18:33:00,87.73,88.03,87.83,87.97,235.31962171
2023-04-20 18:32:00,87.62,87.93,87.62,87.8,128.31107372
2023-04-20 18:31:00,87.48,87.8,87.51,87.64,447.86501371
2023-04-20 18:30:00,87.55,87.88,87.58,87.57,576.22474326
2023-04-20 18:29:00,87.45,87.64,87.62,87.58,1192.91043574
2023-04-20 18:28:00,87.58,87.89,87.86,87.6,344.21686742
2023-04-20 18:27:00,87.57,87.91,87.71,87.84,746.61282198
2023-04-20 18:26:00,87.7,87.95,87.95,87.8,498.4138617
2023-04-20 18:25:00,87.89,88.09,88.09,87.96,222.39382555
2023-04-20 18:24:00,87.9,88.06,88.05,88.06,212.33138911
2023-04-20 18:23:00,87.92,88.1,88.09,88.06,312.21176315
2023-04-20 18:22:00,87.9,88.1,87.9,88.1,629.5150569
2023-04-20 18:21:00,87.82,88.11,88.0,87.9,528.14393888
2023-04-20 18:20:00,87.99,88.19,88.16,88.09,442.52734953
2023-04-20 18:19:00,88.02,88.19,88.03,88.18,268.22032423
2023-04-20 18:18:00,88.05,88.23,88.22,88.08,267.26117823
2023-04-20 18:17:00,88.23,88.39,88.39,88.28,189.74774631
2023-04-20 18:16:00,88.39,88.51,88.46,88.39,280.13185176
2023-04-20 18:15:00,88.44,88.61,88.53,88.46,478.81927618
2023-04-20 18:14:00,88.44,88.59,88.5,88.57,111.42196515
2023-04-20 18:13:00,88.45,88.59,88.56,88.48,93.36801663
2023-04-20 18:12:00,88.58,88.65,88.63,88.59,33.68296567
2023-04-20 18:11:00,88.5,88.68,88.51,88.62,291.62428956
2023-04-20 18:10:00,88.31,88.64,88.31,88.53,410.29810168
2023-04-20 18:09:00,88.2,88.38,88.34,88.38,1112.53163994
2023-04-20 18:08:00,88.16,88.38,88.22,88.33,59.46649896
2023-04-20 18:07:00,88.06,88.28,88.14,88.2,494.86179467
2023-04-20 18:06:00,87.8,88.15,87.9,88.15,515.44279118
2023-04-20 18:05:00,87.82,88.09,88.06,87.87,286.07866831
2023-04-20 18:04:00,87.59,88.1,87.6,88.1,371.57007181
2023-04-20 18:03:00,87.51,87.75,87.65,87.64,1103.77110724
2023-04-20 18:02:00,87.6,87.92,87.86,87.6,344.56196832
2023-04-20 18:01:00,87.7,88.08,88.06,87.86,415.3848015
2023-04-20 18:00:00,87.89,88.18,88.13,88.03,1037.02388203
2023-04-20 17:59:00,88.11,88.36,88.36,88.12,672.97815733
2023-04-20 17:58:00,88.38,88.48,88.47,88.39,103.97373759
2023-04-20 17:57:00,88.43,88.52,88.52,88.49,138.49358984
2023-04-20 17:56:00,88.44,88.55,88.5,88.53,122.34583848
2023-04-20 17:55:00,88.45,88.6,88.6,88.49,380.99088503
2023-04-20 17:54:00,88.6,88.88,88.87,88.6,212.07720663
2023-04-20 17:53:00,88.64,88.84,88.64,88.84,72.36447486
2023-04-20 17:52:00,88.5,88.7,88.55,88.69,187.6580815
2023-04-20 17:51:00,88.54,88.66,88.61,88.56,296.51537424
2023-04-20 17:50:00,88.53,88.69,88.68,88.63,379.51918462
2023-04-20 17:49:00,88.63,88.78,88.78,88.66,106.0820067
2023-04-20 17:48:00,88.72,88.82,88.78,88.8,641.71188581
2023-04-20 17:47:00,88.78,88.96,88.95,88.81,212.22515285
2023-04-20 17:46:00,88.58,88.96,88.58,88.94,632.18888654
2023-04-20 17:45:00,88.47,88.74,88.74,88.54,522.60230288
2023-04-20 17:44:00,88.59,88.78,88.61,88.76,301.34118164
2023-04-20 17:43:00,88.6,88.72,88.7,88.6,112.51014652
2023-04-20 17:42:00,88.61,88.71,88.66,88.71,218.52823809
2023-04-20 17:41:00,88.62,88.87,88.86,88.68,283.33681363
2023-04-20 17:40:00,88.73,88.91,88.76,88.88,245.50267049
2023-04-20 17:39:00,88.7,88.89,88.89,88.77,271.09300159
2023-04-20 17:38:00,88.88,89.11,88.99,88.92,234.6885163
2023-04-20 17:37:00,88.99,89.14,89.14,89.0,175.31338684
2023-04-20 17:36:00,89.07,89.17,89.16,89.15,82.89741028
2023-04-20 17:35:00,89.06,89.2,89.06,89.18,230.78387434
2023-04-20 17:34:00,89.07,89.27,89.16,89.07,322.23480494
2023-04-20 17:33:00,89.23,89.34,89.23,89.27,58.6395364
2023-04-20 17:32:00,89.2,89.34,89.24,89.23,110.9316796
2023-04-20 17:31:00,89.25,89.34,89.3,89.25,75.60343177
2023-04-20 17:30:00,89.23,89.38,89.23,89.28,201.47450688
2023-04-20 17:29:00,89.24,89.44,89.33,89.25,201.43049598
2023-04-20 17:28:00,89.23,89.35,89.23,89.31,77.68117155
2023-04-20 17:27:00,89.08,89.24,89.18,89.21,246.97541527
2023-04-20 17:26:00,89.14,89.27,89.25,89.19,98.11368021
2023-04-20 17:25:00,89.09,89.26,89.12,89.26,301.50939653
2023-04-20 17:24:00,89.03,89.17,89.14,89.16,710.17614481
2023-04-20 17:23:00,89.11,89.28,89.18,89.15,309.58935337
2023-04-20 17:22:00,89.09,89.31,89.09,89.21,1899.22352455
2023-04-20 17:21:00,89.0,89.1,89.08,89.06,260.84165262
2023-04-20 17:20:00,89.01,89.17,89.06,89.1,183.55416109
2023-04-20 17:19:00,89.04,89.17,89.09,89.1,148.89324066
2023-04-20 17:18:00,88.75,89.08,88.85,89.08,446.01046371
2023-04-20 17:17:00,88.72,88.87,88.8,88.84,468.68649983
2023-04-20 17:16:00,88.61,88.76,88.7,88.76,138.58932528
2023-04-20 17:15:00,88.7,88.86,88.84,88.72,236.86105675
2023-04-20 17:14:00,88.44,88.85,88.44,88.84,651.51342104
2023-04-20 17:13:00,88.17,88.37,88.32,88.36,685.72389559
2023-04-20 17:12:00,88.33,88.52,88.49,88.33,501.71901314
2023-04-20 17:11:00,88.37,88.58,88.46,88.48,291.24895616
2023-04-20 17:10:00,88.16,88.56,88.22,88.48,2220.55520922
2023-04-20 17:09:00,88.21,88.43,88.4,88.22,1037.91838772
2023-04-20 17:08:00,88.27,88.58,88.52,88.35,569.489126
2023-04-20 17:07:00,88.51,88.82,88.72,88.52,241.36678027
2023-04-20 17:06:00,88.5,88.71,88.63,88.71,451.15578414
2023-04-20 17:05:00,88.53,88.87,88.85,88.67,643.55258504
2023-04-20 17:04:00,88.81,89.14,89.04,88.85,375.71600416
2023-04-20 17:03:00,88.9,89.08,88.9,89.02,107.3580199
2023-04-20 17:02:00,88.75,89.03,89.03,88.85,773.14841904
2023-04-20 17:01:00,89.0,89.28,89.27,89.05,555.44437354
2023-04-20 17:00:00,89.07,89.25,89.07,89.24,94.32026428
2023-04-20 16:59:00,89.05,89.25,89.21,89.13,167.90227614
2023-04-20 16:58:00,89.16,89.32,89.23,89.17,104.39316228
2023-04-20 16:57:00,89.04,89.18,89.17,89.17,79.72115531
2023-04-20 16:56:00,89.15,89.26,89.26,89.17,236.06094522
2023-04-20 16:55:00,89.0,89.41,89.41,89.22,751.71538744
2023-04-20 16:54:00,89.23,89.39,89.39,89.38,152.17232022
2023-04-20 16:53:00,89.25,89.45,89.45,89.39,529.70518412
2023-04-20 16:52:00,89.42,89.59,89.55,89.42,143.60500276
2023-04-20 16:51:00,89.55,89.66,89.63,89.56,93.47116579
2023-04-20 16:50:00,89.59,89.7,89.6,89.68,161.20392686
2023-04-20 16:49:00,89.54,89.72,89.72,89.64,228.34476172
2023-04-20 16:48:00,89.71,89.82,89.73,89.76,159.23803305
2023-04-20 16:47:00,89.73,89.86,89.76,89.78,82.42059694
2023-04-20 16:46:00,89.73,89.88,89.88,89.78,203.50874166
2023-04-20 16:45:00,89.86,90.05,90.04,89.87,527.30371084
2023-04-20 16:44:00,89.91,90.03,89.91,90.03,172.09497098
2023-04-20 16:43:00,89.86,90.0,90.0,89.89,140.86372934
2023-04-20 16:42:00,89.87,90.02,89.9,89.97,580.10098694
2023-04-20 16:41:00,89.84,89.93,89.87,89.93,25.06844635
2023-04-20 16:40:00,89.73,89.87,89.87,89.85,232.35772163
2023-04-20 16:39:00,89.84,90.04,89.87,89.89,318.83250336
2023-04-20 16:38:00,89.79,89.96,89.79,89.87,155.55757182
2023-04-20 16:37:00,89.76,89.93,89.93,89.76,335.68857508
2023-04-20 16:36:00,89.9,90.07,89.92,89.92,137.77053464
2023-04-20 16:35:00,89.89,90.02,90.02,89.95,173.85147771
2023-04-20 16:34:00,89.98,90.1,89.99,90.04,92.8604762
2023-04-20 16:33:00,89.94,90.13,90.07,89.96,201.55346471
2023-04-20 16:32:00,90.0,90.24,90.24,90.1,155.40927007
2023-04-20 16:31:00,90.15,90.3,90.15,90.27,67.60267442
2023-04-20 16:30:00,90.0,90.17,90.05,90.11,97.89871232
2023-04-20 16:29:00,89.97,90.15,90.15,90.09,117.93261885
2023-04-20 16:28:00,90.12,90.23,90.23,90.15,178.31879082
2023-04-20 16:27:00,90.22,90.32,90.28,90.22,98.24613325
2023-04-20 16:26:00,90.17,90.39,90.23,90.31,131.05353636
2023-04-20 16:25:00,90.11,90.26,90.23,90.2,475.55305906
2023-04-20 16:24:00,90.15,90.27,90.18,90.27,149.13488685
2023-04-20 16:23:00,90.16,90.32,90.21,90.16,468.82351568
2023-04-20 16:22:00,90.02,90.26,90.02,90.22,503.64564789
2023-04-20 16:21:00,89.78,90.01,89.78,90.01,89.40353117
2023-04-20 16:20:00,89.76,89.98,89.94,89.76,198.68277352
2023-04-20 16:19:00,89.74,89.93,89.74,89.93,128.84018681
2023-04-20 16:18:00,89.64,89.81,89.7,89.75,153.3391203
2023-04-20 16:17:00,89.74,89.88,89.82,89.75,356.2535842
2023-04-20 16:16:00,89.53,89.85,89.53,89.85,343.72426831
2023-04-20 16:15:00,89.4,89.62,89.51,89.58,191.71464079
2023-04-20 16:14:00,89.3,89.61,89.3,89.56,207.50339607
2023-04-20 16:13:00,89.1,89.28,89.16,89.28,186.89096753
2023-04-20 16:12:00,89.05,89.23,89.09,89.15,413.21187539
2023-04-20 16:11:00,89.06,89.26,89.15,89.09,117.17401552
2023-04-20 16:10:00,89.09,89.38,89.38,89.09,258.20003841
2023-04-20 16:09:00,89.15,89.34,89.28,89.34,155.55703998
2023-04-20 16:08:00,89.03,89.4,89.03,89.26,1327.99176945
2023-04-20 16:07:00,88.96,89.14,89.0,88.98,157.89487822
2023-04-20 16:06:00,88.92,89.21,88.96,89.06,214.61439862
2023-04-20 16:05:00,88.62,89.02,88.68,89.0,1016.07477318
2023-04-20 16:04:00,88.61,89.03,88.77,88.79,1220.85319138
2023-04-20 16:03:00,88.02,89.21,89.21,88.8,3805.00746425
2023-04-20 16:02:00,88.9,89.65,89.64,89.25,2726.54673462
2023-04-20 16:01:00,89.58,89.9,89.72,89.65,338.84277983
2023-04-20 16:00:00,89.57,89.8,89.78,89.68,335.89258245
2023-04-20 15:59:00,89.77,89.88,89.83,89.82,418.87730143
2023-04-20 15:58:00,89.57,89.89,89.89,89.84,329.13804752
2023-04-20 15:57:00,89.83,90.0,90.0,89.89,334.74106091
2023-04-20 15:56:00,89.91,90.01,89.91,90.0,10.58917663
2023-04-20 15:55:00,89.91,89.98,89.94,89.98,25.04170436
2023-04-20 15:54:00,89.93,90.07,90.03,89.93,169.72430954
2023-04-20 15:53:00,90.01,90.12,90.1,90.01,80.66940728
2023-04-20 15:52:00,90.06,90.16,90.07,90.14,122.21596584
2023-04-20 15:51:00,89.82,90.1,89.82,90.06,158.40608288
2023-04-20 15:50:00,89.79,89.9,89.9,89.79,71.96114965
2023-04-20 15:49:00,89.91,89.97,89.93,89.91,72.859541
2023-04-20 15:48:00,89.93,90.01,89.98,90.0,74.25478504
2023-04-20 15:47:00,89.63,90.01,89.66,89.98,413.41096807
2023-04-20 15:46:00,89.41,89.73,89.7,89.7,1543.84282391
2023-04-20 15:45:00,89.67,89.8,89.72,89.75,1301.43537808
2023-04-20 15:44:00,89.69,90.03,89.94,89.72,2572.94950978
2023-04-20 15:43:00,89.86,90.13,90.03,89.91,396.22450261
2023-04-20 15:42:00,89.95,90.21,90.21,90.0,867.39880231
2023-04-20 15:41:00,90.17,90.3,90.2,90.2,66.82899918
2023-04-20 15:40:00,90.16,90.2,90.16,90.19,29.19017916
2023-04-20 15:39:00,90.1,90.26,90.26,90.13,554.54176549
2023-04-20 15:38:00,90.24,90.34,90.34,90.25,144.75532316
2023-04-20 15:37:00,90.24,90.35,90.26,90.35,108.08521456
2023-04-20 15:36:00,90.26,90.35,90.31,90.26,188.59632702
2023-04-20 15:35:00,90.16,90.31,90.29,90.31,272.48462801
2023-04-20 15:34:00,90.29,90.45,90.33,90.3,69.83180341
2023-04-20 15:33:00,90.19,90.48,90.32,90.42,656.32328147
2023-04-20 15:32:00,90.32,90.43,90.4,90.35,109.62961226
2023-04-20 15:31:00,90.38,90.64,90.64,90.4,984.0647443
2023-04-20 15:30:00,90.56,90.64,90.62,90.62,54.7946319
2023-04-20 15:29:00,90.58,90.68,90.65,90.62,350.91956008
2023-04-20 15:28:00,90.61,90.66,90.66,90.64,99.8461205
2023-04-20 15:27:00,90.57,90.68,90.57,90.67,97.79750332
2023-04-20 15:26:00,90.54,90.63,90.59,90.63,79.40452682
2023-04-20 15:25:00,90.61,90.77,90.77,90.63,73.22530441
2023-04-20 15:24:00,90.69,90.8,90.71,90.73,361.82202398
2023-04-20 15:23:00,90.61,90.71,90.64,90.68,104.4269902
2023-04-20 15:22:00,90.61,90.71,90.63,90.63,60.66178987
2023-04-20 15:21:00,90.49,90.67,90.58,90.65,425.50250115
2023-04-20 15:20:00,90.58,90.75,90.72,90.58,300.91603754
2023-04-20 15:19:00,90.69,90.77,90.77,90.74,35.63813779
2023-04-20 15:18:00,90.71,90.8,90.74,90.78,77.59859727
2023-04-20 15:17:00,90.71,90.87,90.87,90.71,129.71703961
2023-04-20 15:16:00,90.7,90.87,90.83,90.87,94.61128924
2023-04-20 15:15:00,90.76,91.01,91.0,90.83,191.69567386
2023-04-20 15:14:00,90.98,91.03,91.0,91.0,145.74166446
2023-04-20 15:13:00,90.92,91.0,90.97,91.0,168.23405548
2023-04-20 15:12:00,90.92,90.99,90.94,90.97,146.97393638
2023-04-20 15:11:00,90.93,91.0,91.0,90.97,37.38912914
2023-04-20 15:10:00,90.98,91.05,90.98,90.98,68.1833412
2023-04-20 15:09:00,90.89,91.07,91.01,90.96,79.44091802
2023-04-20 15:08:00,90.97,91.09,90.97,90.98,174.92980006
2023-04-20 15:07:00,90.84,91.01,90.91,90.96,143.75693338
2023-04-20 15:06:00,90.91,91.04,91.01,90.94,82.04511146
2023-04-20 15:05:00,90.91,91.06,90.93,91.01,71.49772678
2023-04-20 15:04:00,90.9,90.96,90.96,90.92,118.25822903
2023-04-20 15:03:00,90.84,90.95,90.86,90.92,41.95502272
2023-04-20 15:02:00,90.8,90.91,90.8,90.9,287.94079016
2023-04-20 15:01:00,90.71,90.93,90.92,90.85,463.34878474
2023-04-20 15:00:00,90.83,90.99,90.93,90.91,177.16373363
2023-04-20 14:59:00,90.89,91.02,91.02,90.96,131.87545041
2023-04-20 14:58:00,91.02,91.12,91.08,91.04,162.06732447
2023-04-20 14:57:00,91.1,91.26,91.26,91.1,210.0762152
2023-04-20 14:56:00,91.2,91.3,91.21,91.24,51.38251141
2023-04-20 14:55:00,91.22,91.36,91.36,91.23,88.8875955
2023-04-20 14:54:00,91.31,91.39,91.34,91.35,10.57924769
2023-04-20 14:53:00,91.34,91.47,91.44,91.34,91.65392352
2023-04-20 14:52:00,91.36,91.47,91.36,91.47,92.12218885
2023-04-20 14:51:00,91.29,91.43,91.43,91.33,92.5362372
2023-04-20 14:50:00,91.35,91.42,91.36,91.41,139.83213342
2023-04-20 14:49:00,91.32,91.38,91.36,91.36,48.13985733
2023-04-20 14:48:00,91.35,91.41,91.41,91.36,94.52432369
2023-04-20 14:47:00,91.28,91.36,91.32,91.36,246.2926769
2023-04-20 14:46:00,91.31,91.41,91.33,91.35,143.40164454
2023-04-20 14:45:00,91.29,91.39,91.29,91.32,68.0659087
2023-04-20 14:44:00,91.29,91.32,91.32,91.29,7.22557104
2023-04-20 14:43:00,91.28,91.35,91.28,91.33,96.98384053
2023-04-20 14:42:00,91.27,91.33,91.31,91.3,55.87912506
2023-04-20 14:41:00,91.21,91.29,91.21,91.29,31.68146598
2023-04-20 14:40:00,91.16,91.21,91.18,91.21,211.72598073
2023-04-20 14:39:00,91.15,91.2,91.16,91.19,153.98147299
2023-04-20 14:38:00,91.11,91.23,91.22,91.19,150.80375828
2023-04-20 14:37:00,91.23,91.39,91.39,91.23,84.4396075
2023-04-20 14:36:00,91.38,91.44,91.42,91.38,265.72901984
2023-04-20 14:35:00,91.4,91.48,91.4,91.48,13.09299381
2023-04-20 14:34:00,91.39,91.51,91.42,91.39,47.4251013
2023-04-20 14:33:00,91.27,91.45,91.29,91.45,258.42417922
2023-04-20 14:32:00,91.22,91.31,91.28,91.31,190.68181236
2023-04-20 14:31:00,91.25,91.32,91.29,91.3,69.0215252
2023-04-20 14:30:00,91.27,91.36,91.36,91.28,50.30315967
2023-04-20 14:29:00,91.32,91.37,91.37,91.33,8.02690831
2023-04-20 14:28:00,91.35,91.39,91.37,91.36,10.47023135
2023-04-20 14:27:00,91.31,91.41,91.41,91.34,132.11480808
2023-04-20 14:26:00,91.41,91.51,91.42,91.43,256.36259069
2023-04-20 14:25:00,91.41,91.51,91.51,91.44,42.06768935
2023-04-20 14:24:00,91.38,91.48,91.39,91.48,242.98797483
2023-04-20 14:23:00,91.32,91.4,91.39,91.36,386.4705806
2023-04-20 14:22:00,91.41,91.47,91.47,91.41,92.82035776
2023-04-20 14:21:00,91.39,91.48,91.46,91.45,275.19378221
2023-04-20 14:20:00,91.42,91.5,91.45,91.46,56.10876066
2023-04-20 14:19:00,91.41,91.5,91.48,91.46,126.23186299
2023-04-20 14:18:00,91.44,91.59,91.59,91.44,317.09022975
2023-04-20 14:17:00,91.59,91.67,91.66,91.59,31.15000449
2023-04-20 14:16:00,91.64,91.69,91.65,91.69,29.28811775
2023-04-20 14:15:00,91.65,91.7,91.69,91.69,52.69104377
2023-04-20 14:14:00,91.66,91.74,91.73,91.68,342.38021614
2023-04-20 14:13:00,91.58,91.82,91.61,91.73,202.96900945
2023-04-20 14:12:00,91.53,91.62,91.58,91.61,138.30520095
2023-04-20 14:11:00,91.42,91.58,91.44,91.58,48.75674444
2023-04-20 14:10:00,91.44,91.5,91.5,91.44,66.36669645
2023-04-20 14:09:00,91.42,91.55,91.54,91.48,127.88486504
2023-04-20 14:08:00,91.41,91.55,91.43,91.47,321.30335385
2023-04-20 14:07:00,91.26,91.42,91.3,91.39,286.94768891
2023-04-20 14:06:00,91.32,91.37,91.34,91.33,33.06409453
2023-04-20 14:05:00,91.33,91.44,91.33,91.41,206.51585699
2023-04-20 14:04:00,91.35,91.47,91.46,91.35,59.8972618
2023-04-20 14:03:00,91.49,91.57,91.55,91.52,174.97070947
2023-04-20 14:02:00,91.48,91.56,91.56,91.55,65.76630325
2023-04-20 14:01:00,91.51,91.68,91.65,91.55,267.67170434
2023-04-20 14:00:00,91.53,91.72,91.53,91.68,196.68598864
2023-04-20 13:59:00,91.55,91.64,91.61,91.58,81.25583126
2023-04-20 13:58:00,91.54,91.69,91.6,91.64,252.39912579
2023-04-20 13:57:00,91.55,91.67,91.66,91.58,148.47479677
2023-04-20 13:56:00,91.62,91.7,91.67,91.65,104.61235173
2023-04-20 13:55:00,91.63,91.74,91.72,91.66,189.915875
2023-04-20 13:54:00,91.58,91.75,91.58,91.69,129.68607548
2023-04-20 13:53:00,91.46,91.56,91.47,91.56,150.07413801
2023-04-20 13:52:00,91.3,91.45,91.3,91.43,139.56349695
2023-04-20 13:51:00,91.2,91.29,91.23,91.29,45.86539925
2023-04-20 13:50:00,91.17,91.28,91.23,91.24,210.51433087
2023-04-20 13:49:00,91.2,91.29,91.2,91.2,250.51948727
2023-04-20 13:48:00,91.11,91.2,91.11,91.2,131.38919256
2023-04-20 13:47:00,91.03,91.16,91.07,91.11,146.64905801
2023-04-20 13:46:00,91.06,91.17,91.17,91.06,73.9603051
2023-04-20 13:45:00,91.09,91.21,91.14,91.15,82.21359035
2023-04-20 13:44:00,91.03,91.19,91.18,91.17,185.00218475
2023-04-20 13:43:00,91.19,91.28,91.27,91.19,294.67880004
2023-04-20 13:42:00,91.29,91.41,91.38,91.31,149.23793635
2023-04-20 23:42:00,90.18,90.34,90.18,90.31,535.61816273
2023-04-20 23:41:00,90.15,90.18,90.18,90.18,48.75903274
2023-04-20 23:40:00,90.13,90.21,90.13,90.2,359.18984136
2023-04-20 23:39:00,90.09,90.16,90.16,90.13,28.41553963
2023-04-20 23:38:00,90.13,90.22,90.13,90.21,958.07204177
2023-04-20 23:37:00,90.01,90.14,90.01,90.14,36.25543341
2023-04-20 23:36:00,90.01,90.08,90.01,90.07,13.98355349
2023-04-20 23:35:00,89.95,90.03,89.99,90.02,124.86783203
2023-04-20 23:34:00,89.96,90.03,90.03,89.99,95.94761096
2023-04-20 23:33:00,89.88,90.06,89.88,90.02,288.62264635
2023-04-20 23:32:00,89.8,89.9,89.82,89.88,341.61240952
2023-04-20 23:31:00,89.69,89.82,89.82,89.8,58.90800568
2023-04-20 23:30:00,89.8,89.89,89.89,89.86,92.32514065
2023-04-20 23:29:00,89.88,89.92,89.89,89.92,11.72157167
2023-04-20 23:28:00,89.85,90.01,89.93,89.86,93.53498238
2023-04-20 23:27:00,89.88,89.95,89.92,89.9,191.25194824
2023-04-20 23:26:00,89.85,89.96,89.96,89.9,184.29631962
2023-04-20 23:25:00,89.94,90.1,90.1,89.97,179.38177035
2023-04-20 23:24:00,89.94,90.2,90.17,90.13,287.52936086
2023-04-20 23:23:00,90.14,90.21,90.17,90.17,122.98552818
2023-04-20 23:22:00,90.14,90.26,90.26,90.17,64.23017462
2023-04-20 23:21:00,90.21,90.38,90.38,90.25,146.64820764
2023-04-20 23:20:00,90.37,90.57,90.57,90.37,260.89298284
2023-04-20 23:19:00,90.48,90.63,90.58,90.63,202.21703468
2023-04-20 23:18:00,90.56,90.74,90.73,90.56,135.42493118
2023-04-20 23:17:00,90.68,90.87,90.86,90.77,457.92396858
2023-04-20 23:16:00,90.82,91.05,90.92,90.84,437.9544308
2023-04-20 23:15:00,90.62,90.91,90.69,90.91,216.87633171
2023-04-20 23:14:00,90.65,90.81,90.71,90.76,145.66413996
2023-04-20 23:13:00,90.7,90.94,90.93,90.74,249.7193453
2023-04-20 23:12:00,90.57,90.93,90.65,90.93,707.84769122
2023-04-20 23:11:00,90.51,90.67,90.64,90.67,515.26709124
2023-04-20 23:10:00,90.43,90.78,90.52,90.63,1054.3374381
2023-04-20 23:09:00,90.47,90.69,90.5,90.53,392.3773068
2023-04-20 23:08:00,90.28,90.5,90.28,90.5,760.88286863
2023-04-20 23:07:00,90.25,90.43,90.41,90.26,263.74563717
2023-04-20 23:06:00,90.26,90.51,90.45,90.41,1151.49746852
2023-04-20 23:05:00,90.09,90.59,90.47,90.43,531.44394023
2023-04-20 23:04:00,90.02,90.5,90.05,90.49,247.42991979
2023-04-20 23:03:00,89.64,90.07,89.65,90.07,509.23825661
2023-04-20 23:02:00,89.61,89.69,89.62,89.68,178.47642575
2023-04-20 23:01:00,89.55,89.63,89.57,89.6,89.70766887
2023-04-20 23:00:00,89.51,89.56,89.55,89.56,20.39348658
2023-04-20 22:59:00,89.49,89.55,89.53,89.55,21.66028098
2023-04-20 22:58:00,89.54,89.59,89.59,89.55,21.06408323
2023-04-20 22:57:00,89.47,89.6,89.56,89.58,84.13827786
2023-04-20 22:56:00,89.49,89.54,89.49,89.54,1.02904378
2023-04-20 22:55:00,89.5,89.58,89.58,89.5,68.4932744
2023-04-20 22:54:00,89.57,89.61,89.59,89.61,38.91903222
2023-04-20 22:53:00,89.49,89.59,89.52,89.59,17.29942879
2023-04-20 22:52:00,89.49,89.58,89.53,89.52,147.73903796
2023-04-20 22:51:00,89.48,89.54,89.5,89.53,39.71625659
2023-04-20 22:50:00,89.52,89.57,89.55,89.53,15.84969194
2023-04-20 22:49:00,89.5,89.6,89.55,89.54,37.53919454
2023-04-20 22:48:00,89.51,89.62,89.62,89.54,133.68583982
2023-04-20 22:47:00,89.56,89.65,89.58,89.62,41.93267728
2023-04-20 22:46:00,89.55,89.64,89.57,89.55,195.09288005
2023-04-20 22:45:00,89.43,89.58,89.44,89.58,630.67242215
2023-04-20 22:44:00,89.47,89.5,89.5,89.49,9.25028533
2023-04-20 22:43:00,89.44,89.51,89.49,89.5,25.04863886
2023-04-20 22:42:00,89.49,89.57,89.56,89.5,51.23978516
2023-04-20 22:41:00,89.43,89.55,89.43,89.55,72.6189888
2023-04-20 22:40:00,89.43,89.61,89.6,89.43,43.86296094
2023-04-20 22:39:00,89.54,89.6,89.54,89.59,36.31210402
2023-04-20 22:38:00,89.5,89.54,89.5,89.54,2.83421634
2023-04-20 22:37:00,89.42,89.53,89.46,89.49,255.54104962
2023-04-20 22:36:00,89.4,89.46,89.43,89.46,73.28818013
2023-04-20 22:35:00,89.41,89.44,89.41,89.43,149.69489296
2023-04-20 22:34:00,89.36,89.45,89.4,89.41,69.84131809
2023-04-20 22:33:00,89.2,89.43,89.2,89.38,523.64732031
2023-04-20 22:32:00,89.07,89.2,89.08,89.2,62.3904683
2023-04-20 22:31:00,89.18,89.26,89.24,89.22,92.71144116
2023-04-20 22:30:00,89.27,89.46,89.45,89.31,150.8257247
2023-04-20 22:29:00,89.44,89.47,89.46,89.46,49.23369601
2023-04-20 22:28:00,89.42,89.47,89.47,89.47,45.42887861
2023-04-20 22:27:00,89.34,89.48,89.48,89.46,96.01003387
2023-04-20 22:26:00,89.34,89.48,89.44,89.48,32.20130271
2023-04-20 22:25:00,89.42,89.51,89.51,89.42,70.47690912
2023-04-20 22:24:00,89.49,89.53,89.52,89.52,29.20513644
2023-04-20 22:23:00,89.51,89.58,89.58,89.52,11.24268047
2023-04-20 22:22:00,89.48,89.58,89.58,89.53,51.72392194
2023-04-20 22:21:00,89.52,89.65,89.56,89.6,69.01554542
2023-04-20 22:20:00,89.39,89.54,89.39,89.54,75.75423173
2023-04-20 22:19:00,89.38,89.51,89.44,89.42,95.76941666
2023-04-20 22:18:00,89.43,89.58,89.58,89.43,43.58712815
2023-04-20 22:17:00,89.57,89.63,89.63,89.57,31.76014625
2023-04-20 22:16:00,89.59,89.65,89.61,89.64,45.06903223
2023-04-20 22:15:00,89.57,89.64,89.57,89.63,98.84383175
2023-04-20 22:14:00,89.5,89.58,89.54,89.58,24.45867618
2023-04-20 22:13:00,89.52,89.63,89.57,89.52,45.88579803
2023-04-20 22:12:00,89.51,89.6,89.54,89.6,113.35472704
2023-04-20 22:11:00,89.49,89.55,89.53,89.55,53.55501804
2023-04-20 22:10:00,89.47,89.57,89.52,89.53,40.73234447
2023-04-20 22:09:00,89.43,89.52,89.5,89.5,47.2645056
2023-04-20 22:08:00,89.43,89.5,89.43,89.5,40.87549477
2023-04-20 22:07:00,89.34,89.44,89.34,89.39,40.60557141
2023-04-20 22:06:00,89.25,89.42,89.39,89.4,157.64228481
2023-04-20 22:05:00,89.27,89.44,89.29,89.44,97.92892805
2023-04-20 22:04:00,89.22,89.34,89.26,89.32,357.13115252
2023-04-20 22:03:00,89.1,89.28,89.17,89.24,168.69794585
2023-04-20 22:02:00,89.09,89.2,89.12,89.14,143.35739979
2023-04-20 22:01:00,89.0,89.1,89.0,89.1,93.04269999
2023-04-20 22:00:00,88.81,89.04,89.04,88.99,113.80309912
2023-04-20 21:59:00,88.94,89.09,88.94,89.09,117.80393477
2023-04-20 21:58:00,88.87,88.94,88.9,88.94,30.80802535
2023-04-20 21:57:00,88.88,88.95,88.95,88.88,9.39976688
2023-04-20 21:56:00,88.93,88.98,88.97,88.94,29.67088198
2023-04-20 21:55:00,88.87,89.05,89.05,88.96,153.64679233
2023-04-20 21:54:00,89.01,89.05,89.05,89.05,16.75461829
2023-04-20 21:53:00,89.03,89.05,89.03,89.05,25.46491249
2023-04-20 21:52:00,88.97,89.02,88.98,88.99,60.15728677
2023-04-20 21:51:00,88.82,89.0,88.86,89.0,195.98587359
2023-04-20 21:50:00,88.78,88.81,88.81,88.81,61.41865593
2023-04-20 21:49:00,88.77,88.81,88.81,88.78,23.75441769
2023-04-20 21:48:00,88.78,88.81,88.8,88.78,6.41287843
2023-04-20 21:47:00,88.74,88.81,88.81,88.79,183.72241652
2023-04-20 21:46:00,88.8,88.82,88.82,88.81,22.08509981
2023-04-20 21:45:00,88.79,88.92,88.9,88.79,16.89648617
2023-04-20 21:44:00,88.76,88.9,88.77,88.87,150.4470716
2023-04-20 21:43:00,88.7,88.77,88.74,88.75,61.02829548
2023-04-20 21:42:00,88.73,88.79,88.79,88.73,78.04591132
2023-04-20 21:41:00,88.77,88.88,88.87,88.79,88.53499677
2023-04-20 21:40:00,88.7,88.87,88.7,88.87,145.21774629
2023-04-20 21:39:00,88.6,88.7,88.68,88.7,194.63744624
2023-04-20 21:38:00,88.68,88.72,88.72,88.68,79.46159811
2023-04-20 21:37:00,88.62,88.72,88.62,88.72,107.83248454
2023-04-20 21:36:00,88.56,88.61,88.56,88.61,131.66093068
2023-04-20 21:35:00,88.51,88.61,88.61,88.57,358.94498979
2023-04-20 21:34:00,88.62,88.77,88.74,88.62,96.82761753
2023-04-20 21:33:00,88.55,88.75,88.55,88.75,68.88844111
2023-04-20 21:32:00,88.5,88.56,88.5,88.52,117.66302883
2023-04-20 21:31:00,88.52,88.56,88.53,88.55,52.58899065
2023-04-20 21:30:00,88.48,88.55,88.52,88.55,129.37424434
2023-04-20 21:29:00,88.48,88.57,88.52,88.54,179.39970956
2023-04-20 21:28:00,88.44,88.52,88.48,88.52,124.34365975
2023-04-20 21:27:00,88.48,88.52,88.48,88.51,47.20244762
2023-04-20 21:26:00,88.47,88.52,88.52,88.5,35.61588227
2023-04-20 21:25:00,88.48,88.53,88.51,88.48,65.38829529
2023-04-20 21:24:00,88.51,88.56,88.55,88.55,30.95511291
2023-04-20 21:23:00,88.52,88.58,88.58,88.55,19.72692562
2023-04-20 21:22:00,88.53,88.65,88.65,88.62,158.22876893
2023-04-20 21:21:00,88.63,88.76,88.76,88.69,78.54206875
2023-04-20 21:20:00,88.56,88.78,88.58,88.78,204.71060065
2023-04-20 21:19:00,88.54,88.68,88.68,88.59,239.90757516
2023-04-20 21:18:00,88.64,88.77,88.64,88.71,88.56771394
2023-04-20 21:17:00,88.62,88.7,88.7,88.65,85.76026013
2023-04-20 21:16:00,88.6,88.7,88.6,88.66,214.64039898
2023-04-20 21:15:00,88.6,88.69,88.68,88.6,72.45835301
2023-04-20 21:14:00,88.57,88.68,88.57,88.67,115.68038266
2023-04-20 21:13:00,88.5,88.57,88.52,88.57,49.43027144
2023-04-20 21:12:00,88.48,88.56,88.48,88.53,66.19619813
2023-04-20 21:11:00,88.46,88.55,88.54,88.47,29.21503875
2023-04-20 21:10:00,88.44,88.56,88.44,88.56,114.04295532
2023-04-20 21:09:00,88.42,88.48,88.48,88.45,140.40112806
2023-04-20 21:08:00,88.45,88.51,88.45,88.49,329.80032746
2023-04-20 21:07:00,88.44,88.51,88.51,88.45,155.64343009
2023-04-20 21:06:00,88.36,88.52,88.36,88.52,45.2187669
2023-04-20 21:05:00,88.16,88.36,88.22,88.34,290.45873953
2023-04-20 21:04:00,88.23,88.37,88.37,88.25,78.75980051
2023-04-20 21:03:00,88.34,88.56,88.56,88.34,106.46980905
2023-04-20 21:02:00,88.31,88.57,88.32,88.54,326.35697708
2023-04-20 21:01:00,88.18,88.33,88.2,88.33,87.64154692
2023-04-20 21:00:00,88.19,88.31,88.31,88.2,147.97081738
2023-04-20 20:59:00,88.28,88.37,88.37,88.31,94.57090108
2023-04-20 20:58:00,88.29,88.39,88.31,88.35,194.36489164
2023-04-20 20:57:00,88.25,88.31,88.28,88.31,6.43172153
2023-04-20 20:56:00,88.28,88.32,88.32,88.28,18.46675471
2023-04-20 20:55:00,88.23,88.3,88.29,88.29,173.77915847
2023-04-20 20:54:00,88.26,88.37,88.36,88.3,47.46178543
2023-04-20 20:53:00,88.35,88.4,88.38,88.36,120.90866455
2023-04-20 20:52:00,88.34,88.42,88.42,88.38,195.83240481
2023-04-20 20:51:00,88.39,88.54,88.46,88.44,150.31911364
2023-04-20 20:50:00,88.41,88.48,88.46,88.46,63.86709909
2023-04-20 20:49:00,88.37,88.55,88.54,88.41,116.65337848
2023-04-20 20:48:00,88.47,88.53,88.47,88.53,65.29611233
2023-04-20 20:47:00,88.4,88.55,88.5,88.49,338.20448797
2023-04-20 20:46:00,88.43,88.51,88.48,88.5,52.74499741
2023-04-20 20:45:00,88.4,88.51,88.44,88.48,60.63054824
2023-04-20 20:44:00,88.39,88.44,88.42,88.44,20.12975692
2023-04-20 20:43:00,88.43,88.49,88.45,88.43,133.74606614
2023-04-20 20:42:00,88.41,88.49,88.46,88.42,136.05584363
2023-04-20 20:41:00,88.39,88.49,88.45,88.46,187.05556358
2023-04-20 20:40:00,88.45,88.52,88.52,88.49,115.34406727
2023-04-20 20:39:00,88.49,88.53,88.53,88.52,42.55799057
2023-04-20 20:38:00,88.52,88.61,88.61,88.55,403.19775862
2023-04-20 20:37:00,88.58,88.68,88.68,88.62,334.42590575
2023-04-20 20:36:00,88.45,88.73,88.45,88.69,366.96505642
2023-04-20 20:35:00,88.41,88.44,88.43,88.44,113.30630775
2023-04-20 20:34:00,88.37,88.44,88.38,88.44,74.32936407
2023-04-20 20:33:00,88.39,88.55,88.55,88.39,463.21920471
2023-04-20 20:32:00,88.44,88.57,88.48,88.54,1011.42523962
2023-04-20 20:31:00,88.39,88.47,88.43,88.45,34.16635257
2023-04-20 20:30:00,88.36,88.47,88.36,88.41,228.32502695
2023-04-20 20:29:00,88.19,88.38,88.2,88.36,246.68843394
2023-04-20 20:28:00,88.16,88.22,88.16,88.2,27.97146378
2023-04-20 20:27:00,88.16,88.24,88.19,88.2,125.87615455
2023-04-20 20:26:00,88.12,88.23,88.21,88.2,179.59695561
2023-04-20 20:25:00,88.14,88.26,88.26,88.18,259.38967262
2023-04-20 20:24:00,88.19,88.26,88.2,88.26,474.17471885
2023-04-20 20:23:00,88.18,88.2,88.18,88.18,17.32448003
2023-04-20 20:22:00,88.11,88.18,88.17,88.18,46.86155861
2023-04-20 20:21:00,88.06,88.17,88.12,88.17,88.68922814
2023-04-20 20:20:00,88.03,88.14,88.13,88.1,94.59546444
2023-04-20 20:19:00,88.01,88.14,88.03,88.12,116.16223398
2023-04-20 20:18:00,87.71,88.05,87.72,88.02,264.87001619
2023-04-20 20:17:00,87.63,87.88,87.88,87.75,233.08175301
2023-04-20 20:16:00,87.86,87.97,87.97,87.88,8.16846229
2023-04-20 20:15:00,87.95,88.01,87.98,87.96,148.40989196
2023-04-20 20:14:00,87.93,88.01,87.94,87.97,92.83331298
2023-04-20 20:13:00,87.91,87.99,87.91,87.99,75.98322414
2023-04-20 20:12:00,87.88,87.95,87.92,87.94,223.45603606
2023-04-20 20:11:00,87.93,87.99,87.95,87.98,55.3619265
2023-04-20 20:10:00,87.95,88.09,88.09,88.03,208.98814244
2023-04-20 20:09:00,88.09,88.17,88.17,88.12,55.85614684
2023-04-20 20:08:00,88.15,88.22,88.21,88.17,82.216102
2023-04-20 20:07:00,88.15,88.26,88.18,88.19,77.52578019
2023-04-20 20:06:00,88.16,88.24,88.18,88.18,24.86979076
2023-04-20 20:05:00,88.2,88.34,88.34,88.24,202.98582549
2023-04-20 20:04:00,88.3,88.47,88.44,88.34,77.22577175
2023-04-20 20:03:00,88.23,88.4,88.24,88.4,187.7100093
2023-04-20 20:02:00,88.14,88.23,88.19,88.23,81.13143044
2023-04-20 20:01:00,88.0,88.2,88.0,88.16,123.58358654
2023-04-20 20:00:00,87.84,88.02,87.97,88.0,130.04803317
2023-04-20 19:59:00,87.9,88.04,87.91,87.97,201.74989444
2023-04-20 19:58:00,87.9,88.11,88.11,87.9,227.43469664
2023-04-20 19:57:00,88.09,88.2,88.18,88.09,106.13946095
2023-04-20 19:56:00,88.06,88.15,88.15,88.1,92.16060934
2023-04-20 19:55:00,88.01,88.17,88.01,88.16,143.37715757
2023-04-20 19:54:00,87.99,88.12,88.09,88.05,155.000112
2023-04-20 19:53:00,87.94,88.1,88.04,88.04,143.51495018
2023-04-20 19:52:00,87.96,88.07,87.97,88.07,162.20930575
2023-04-20 19:51:00,87.88,88.01,87.99,87.94,91.17487776
2023-04-20 19:50:00,87.9,88.01,88.0,87.98,162.70920294
2023-04-20 19:49:00,87.95,88.05,88.04,88.05,147.63026727
2023-04-20 19:48:00,87.97,88.11,88.07,88.02,187.14105112
2023-04-20 19:47:00,88.04,88.19,88.14,88.07,104.59251463
2023-04-20 19:46:00,88.03,88.17,88.03,88.14,148.40697569
2023-04-20 19:45:00,87.94,88.09,87.95,88.01,83.49083891
2023-04-20 19:44:00,87.89,87.97,87.93,87.96,98.57992131
2023-04-20 19:43:00,87.78,87.97,87.82,87.93,321.90244945
2023-04-20 19:42:00,87.72,87.83,87.72,87.83,121.14734784
2023-04-20 19:41:00,87.54,87.72,87.61,87.71,117.84418695
2023-04-20 19:40:00,87.51,87.61,87.59,87.61,570.3619782
2023-04-20 19:39:00,87.52,87.61,87.56,87.55,127.43018982
2023-04-20 19:38:00,87.35,87.61,87.35,87.53,471.96385318
2023-04-20 19:37:00,87.27,87.39,87.33,87.37,195.42289467
2023-04-20 19:36:00,87.34,87.48,87.48,87.36,605.33295202
2023-04-20 19:35:00,87.34,87.62,87.37,87.5,152.3470472
2023-04-20 19:34:00,87.24,87.4,87.34,87.39,860.60573691
2023-04-20 19:33:00,87.29,87.47,87.44,87.32,433.99605187
2023-04-20 19:32:00,87.44,87.67,87.59,87.45,224.45215737
2023-04-20 19:31:00,87.51,87.67,87.53,87.54,297.11017159
2023-04-20 19:30:00,87.32,87.58,87.35,87.58,853.14258136
2023-04-20 19:29:00,87.18,87.41,87.18,87.35,530.3092577
2023-04-20 19:28:00,87.1,87.45,87.43,87.22,1114.33317442
2023-04-20 19:27:00,87.3,87.52,87.38,87.42,277.45177349
2023-04-20 19:26:00,87.34,87.5,87.34,87.38,167.05015245
2023-04-20 19:25:00,87.31,87.56,87.43,87.34,981.9631409
2023-04-20 19:24:00,87.32,87.53,87.45,87.43,553.64473556
2023-04-20 19:23:00,87.23,87.45,87.45,87.44,1678.08571928
2023-04-20 19:22:00,87.38,87.57,87.57,87.44,275.26137765
2023-04-20 19:21:00,87.53,87.67,87.65,87.64,744.17383128
2023-04-20 19:20:00,87.49,87.7,87.62,87.65,608.04974666
2023-04-20 19:19:00,87.62,87.69,87.69,87.62,208.56176155
2023-04-20 19:18:00,87.63,87.87,87.79,87.65,196.43258155
2023-04-20 19:17:00,87.81,87.95,87.84,87.81,570.8745625
2023-04-20 19:16:00,87.62,87.94,87.62,87.84,696.67947128
2023-04-20 19:15:00,87.61,87.74,87.63,87.62,894.41635553
2023-04-20 19:14:00,87.61,87.78,87.77,87.69,348.09575963
2023-04-20 19:13:00,87.57,87.82,87.72,87.78,451.25828669
2023-04-20 19:12:00,87.76,87.95,87.88,87.76,375.49728681
2023-04-20 19:11:00,87.68,87.86,87.81,87.84,78.31031856
2023-04-20 19:10:00,87.79,87.95,87.9,87.79,278.22046186
2023-04-20 19:09:00,87.89,88.03,88.03,87.93,588.2010909
2023-04-20 19:08:00,87.92,88.08,88.0,88.06,304.3266199
2023-04-20 19:07:00,87.98,88.15,88.15,88.02,197.28901168
2023-04-20 19:06:00,87.98,88.14,87.98,88.13,599.69461643
2023-04-20 19:05:00,87.71,87.98,87.78,87.98,268.21943376
2023-04-20 19:04:00,87.8,87.98,87.96,87.83,332.9244536
2023-04-20 19:03:00,87.98,88.23,88.23,87.99,90.58131117
2023-04-20 19:02:00,88.18,88.25,88.21,88.22,139.74998361
2023-04-20 19:01:00,88.16,88.27,88.19,88.2,141.53985784
2023-04-20 19:00:00,88.18,88.33,88.31,88.24,232.09138016
2023-04-20 18:59:00,88.3,88.43,88.38,88.3,389.13062481
2023-04-20 18:58:00,88.38,88.49,88.43,88.41,220.88537906
2023-04-20 18:57:00,88.22,88.45,88.24,88.44,263.41376517
2023-04-20 18:56:00,88.16,88.29,88.19,88.28,212.69270613
2023-04-20 18:55:00,88.15,88.34,88.34,88.19,368.86637134
2023-04-20 18:54:00,88.25,88.34,88.25,88.34,236.78787928
2023-04-20 18:53:00,88.19,88.27,88.24,88.25,171.93233246
2023-04-20 18:52:00,88.21,88.29,88.26,88.26,288.94556162
2023-04-20 18:51:00,88.28,88.37,88.29,88.34,133.76577519
2023-04-20 18:50:00,88.25,88.34,88.29,88.3,186.75935726
2023-04-20 18:49:00,88.15,88.3,88.15,88.3,435.24748928
2023-04-20 18:48:00,88.15,88.3,88.22,88.19,116.89922896
2023-04-20 18:47:00,88.17,88.32,88.3,88.23,225.80386837
2023-04-20 18:46:00,88.28,88.44,88.32,88.3,389.29671837
2023-04-20 18:45:00,88.1,88.34,88.27,88.34,225.43771244
2023-04-20 18:44:00,88.05,88.29,88.15,88.28,442.2163103
2023-04-20 18:43:00,87.97,88.12,88.1,88.12,272.44522656
2023-04-20 18:42:00,88.09,88.29,88.17,88.1,323.55328525
2023-04-21 04:42:00,90.14,90.19,90.19,90.16,3.63109464
2023-04-21 04:41:00,90.15,90.28,90.28,90.18,375.53462121
2023-04-21 04:40:00,90.22,90.28,90.24,90.27,40.05225402
2023-04-21 04:39:00,90.2,90.23,90.23,90.23,17.09661015
2023-04-21 04:38:00,90.22,90.3,90.24,90.26,31.91175741
2023-04-21 04:37:00,90.23,90.3,90.3,90.23,30.08575222
2023-04-21 04:36:00,90.24,90.29,90.26,90.27,7.36311849
2023-04-21 04:35:00,90.25,90.33,90.32,90.27,64.48021631
2023-04-21 04:34:00,90.3,90.35,90.32,90.32,68.54311459
2023-04-21 04:33:00,90.33,90.4,90.4,90.33,19.17385417
2023-04-21 04:32:00,90.4,90.56,90.53,90.4,343.52104635
2023-04-21 04:31:00,90.53,90.57,90.57,90.53,106.63269368
2023-04-21 04:30:00,90.5,90.56,90.53,90.55,106.20632286
2023-04-21 04:29:00,90.53,90.57,90.56,90.54,37.34000982
2023-04-21 04:28:00,90.5,90.61,90.5,90.57,737.90508953
2023-04-21 04:27:00,90.47,90.5,90.48,90.5,94.2448223
2023-04-21 04:26:00,90.46,90.48,90.47,90.46,28.44616236
2023-04-21 04:25:00,90.47,90.49,90.49,90.48,30.88561439
2023-04-21 04:24:00,90.45,90.49,90.49,90.48,70.76020169
2023-04-21 04:23:00,90.47,90.5,90.48,90.5,92.91202974
2023-04-21 04:22:00,90.41,90.5,90.41,90.47,849.68923002
2023-04-21 04:21:00,90.38,90.43,90.38,90.42,141.84928572
2023-04-21 04:20:00,90.35,90.41,90.4,90.36,73.80610993
2023-04-21 04:19:00,90.34,90.39,90.38,90.38,20.63331815
2023-04-21 04:18:00,90.37,90.45,90.45,90.37,28.07879592
2023-04-21 04:17:00,90.35,90.43,90.37,90.43,12.39348517
2023-04-21 04:16:00,90.26,90.39,90.34,90.39,249.86889662
2023-04-21 04:15:00,90.29,90.33,90.33,90.32,62.01880244
2023-04-21 04:14:00,90.32,90.37,90.37,90.35,35.29521569
2023-04-21 04:13:00,90.31,90.36,90.31,90.34,40.17935627
2023-04-21 04:12:00,90.22,90.31,90.22,90.31,29.32442091
2023-04-21 04:11:00,90.21,90.26,90.22,90.21,75.85858807
2023-04-21 04:10:00,90.21,90.23,90.23,90.21,8.31666666
2023-04-21 04:09:00,90.17,90.27,90.17,90.25,9.46060329
2023-04-21 04:08:00,90.16,90.23,90.2,90.17,40.83726788
2023-04-21 04:07:00,90.19,90.29,90.28,90.19,44.23668116
2023-04-21 04:06:00,90.24,90.31,90.27,90.29,22.31881657
2023-04-21 04:05:00,90.2,90.27,90.22,90.27,43.44310508
2023-04-21 04:04:00,90.19,90.24,90.22,90.23,29.77250876
2023-04-21 04:03:00,90.12,90.22,90.12,90.22,24.74462048
2023-04-21 04:02:00,90.1,90.14,90.1,90.14,50.30153691
2023-04-21 04:01:00,90.1,90.15,90.11,90.11,42.51753715
2023-04-21 04:00:00,90.1,90.23,90.22,90.1,137.92304595
2023-04-21 03:59:00,90.19,90.28,90.28,90.22,206.08202575
2023-04-21 03:58:00,90.27,90.3,90.3,90.28,34.04412745
2023-04-21 03:57:00,90.24,90.33,90.28,90.27,56.70677762
2023-04-21 03:56:00,90.21,90.29,90.23,90.29,6.4316061
2023-04-21 03:55:00,90.22,90.26,90.26,90.23,28.70621856
2023-04-21 03:54:00,90.21,90.26,90.23,90.25,144.31036626
2023-04-21 03:53:00,90.22,90.23,90.22,90.23,22.76202926
2023-04-21 03:52:00,90.17,90.23,90.21,90.2,1.37980458
2023-04-21 03:51:00,90.22,90.27,90.27,90.22,14.55868142
2023-04-21 03:50:00,90.24,90.3,90.27,90.29,31.83059222
2023-04-21 03:49:00,90.24,90.39,90.34,90.27,133.45157877
2023-04-21 03:48:00,90.26,90.32,90.3,90.28,17.95448943
2023-04-21 03:47:00,90.26,90.32,90.27,90.27,31.54735073
2023-04-21 03:46:00,90.24,90.29,90.26,90.27,34.11434719
2023-04-21 03:45:00,90.25,90.28,90.25,90.26,11.81268366
2023-04-21 03:44:00,90.19,90.26,90.24,90.23,69.80885388
2023-04-21 03:43:00,90.16,90.25,90.21,90.24,221.79225611
2023-04-21 03:42:00,90.23,90.29,90.29,90.23,51.97715396
2023-04-21 03:41:00,90.26,90.39,90.38,90.27,117.21742273
2023-04-21 03:40:00,90.38,90.45,90.44,90.39,41.55041981
2023-04-21 03:39:00,90.39,90.43,90.4,90.43,9.0365653
2023-04-21 03:38:00,90.4,90.43,90.42,90.4,12.27114587
2023-04-21 03:37:00,90.41,90.48,90.42,90.42,31.24061989
2023-04-21 03:36:00,90.39,90.56,90.53,90.41,192.45309129
2023-04-21 03:35:00,90.35,90.51,90.37,90.5,76.49617908
2023-04-21 03:34:00,90.34,90.42,90.42,90.37,14.09242757
2023-04-21 03:33:00,90.32,90.42,90.35,90.42,237.02164675
2023-04-21 03:32:00,90.31,90.34,90.32,90.33,15.16609183
2023-04-21 03:31:00,90.29,90.41,90.38,90.32,20.894742
2023-04-21 03:30:00,90.38,90.47,90.47,90.39,30.42219025
2023-04-21 03:29:00,90.42,90.48,90.48,90.48,34.4960625
2023-04-21 03:28:00,90.39,90.49,90.46,90.48,76.57411696
2023-04-21 03:27:00,90.46,90.5,90.48,90.47,24.85691401
2023-04-21 03:26:00,90.46,90.57,90.56,90.48,79.41394138
2023-04-21 03:25:00,90.53,90.57,90.56,90.57,9.32026685
2023-04-21 03:24:00,90.48,90.57,90.48,90.57,86.04851263
2023-04-21 03:23:00,90.49,90.56,90.49,90.53,11.62281937
2023-04-21 03:22:00,90.49,90.57,90.49,90.57,4.30290845
2023-04-21 03:21:00,90.49,90.63,90.63,90.49,18.60620024
2023-04-21 03:20:00,90.54,90.63,90.55,90.62,36.90994515
2023-04-21 03:19:00,90.57,90.68,90.63,90.62,248.0483993
2023-04-21 03:18:00,90.54,90.76,90.57,90.66,940.20335422
2023-04-21 03:17:00,90.2,90.55,90.22,90.55,1094.26098213
2023-04-21 03:16:00,90.08,90.24,90.12,90.18,383.71720463
2023-04-21 03:15:00,90.1,90.35,90.34,90.11,476.22150699
2023-04-21 03:14:00,90.35,90.43,90.43,90.35,160.3345021
2023-04-21 03:13:00,90.39,90.55,90.45,90.44,1214.26294066
2023-04-21 03:12:00,90.33,90.49,90.49,90.43,174.98635693
2023-04-21 03:11:00,90.44,90.49,90.44,90.49,31.81289967
2023-04-21 03:10:00,90.36,90.43,90.37,90.42,182.08231101
2023-04-21 03:09:00,90.24,90.39,90.25,90.36,186.35694032
2023-04-21 03:08:00,90.25,90.28,90.28,90.25,27.57273635
2023-04-21 03:07:00,90.21,90.29,90.29,90.25,244.47192043
2023-04-21 03:06:00,90.25,90.3,90.26,90.28,95.94636829
2023-04-21 03:05:00,90.2,90.26,90.24,90.25,23.76044075
2023-04-21 03:04:00,90.2,90.31,90.27,90.2,93.61870798
2023-04-21 03:03:00,90.22,90.25,90.25,90.25,24.08001475
2023-04-21 03:02:00,90.19,90.24,90.21,90.24,24.95599037
2023-04-21 03:01:00,90.16,90.24,90.16,90.2,116.89251149
2023-04-21 03:00:00,90.04,90.18,90.1,90.17,249.31646885
2023-04-21 02:59:00,90.09,90.16,90.16,90.11,189.8179084
2023-04-21 02:58:00,90.05,90.14,90.05,90.14,150.87872468
2023-04-21 02:57:00,90.02,90.14,90.1,90.02,1507.7216402
2023-04-21 02:56:00,89.95,90.09,89.95,90.08,512.49318767
2023-04-21 02:55:00,89.89,89.97,89.89,89.95,76.02154962
2023-04-21 02:54:00,89.87,89.94,89.94,89.87,111.23676318
2023-04-21 02:53:00,89.93,89.98,89.93,89.95,70.70586438
2023-04-21 02:52:00,89.91,89.99,89.95,89.91,95.24461555
2023-04-21 02:51:00,89.91,89.95,89.91,89.95,38.20248824
2023-04-21 02:50:00,89.87,89.98,89.96,89.91,141.00974117
2023-04-21 02:49:00,89.87,89.96,89.89,89.96,88.17214302
2023-04-21 02:48:00,89.8,89.9,89.8,89.9,149.14222184
2023-04-21 02:47:00,89.76,89.86,89.76,89.8,76.09402891
2023-04-21 02:46:00,89.74,89.83,89.8,89.76,275.54954429
2023-04-21 02:45:00,89.78,89.86,89.78,89.8,212.83253925
2023-04-21 02:44:00,89.72,89.81,89.78,89.78,87.10036736
2023-04-21 02:43:00,89.71,89.79,89.73,89.78,142.43860509
2023-04-21 02:42:00,89.72,89.81,89.79,89.73,377.50443154
2023-04-21 02:41:00,89.74,89.83,89.74,89.82,408.77029619
2023-04-21 02:40:00,89.62,89.74,89.74,89.71,824.2133069
2023-04-21 02:39:00,89.69,89.81,89.81,89.74,865.92542501
2023-04-21 02:38:00,89.78,89.9,89.88,89.81,66.53422964
2023-04-21 02:37:00,89.81,89.88,89.83,89.87,74.15461712
2023-04-21 02:36:00,89.76,89.85,89.79,89.84,46.49304151
2023-04-21 02:35:00,89.78,89.86,89.81,89.78,128.15652918
2023-04-21 02:34:00,89.77,89.9,89.77,89.83,57.3649415
2023-04-21 02:33:00,89.53,89.73,89.62,89.72,193.66801334
2023-04-21 02:32:00,89.62,89.67,89.65,89.64,283.59058565
2023-04-21 02:31:00,89.66,89.73,89.72,89.66,176.52727964
2023-04-21 02:30:00,89.74,89.81,89.77,89.75,115.8516262
2023-04-21 02:29:00,89.75,89.85,89.85,89.75,56.06544919
2023-04-21 02:28:00,89.78,89.92,89.92,89.85,108.58007085
2023-04-21 02:27:00,89.89,90.22,90.07,89.95,561.68548885
2023-04-21 02:26:00,89.56,90.06,89.56,90.06,820.91782717
2023-04-21 02:25:00,89.38,89.56,89.49,89.53,162.04667843
2023-04-21 02:24:00,89.46,89.5,89.5,89.47,15.4317759
2023-04-21 02:23:00,89.46,89.52,89.47,89.5,62.33257206
2023-04-21 02:22:00,89.4,89.47,89.47,89.45,85.83270095
2023-04-21 02:21:00,89.47,89.58,89.52,89.51,136.88534085
2023-04-21 02:20:00,89.41,89.55,89.41,89.53,242.14677687
2023-04-21 02:19:00,89.29,89.47,89.29,89.41,182.88694988
2023-04-21 02:18:00,89.19,89.42,89.42,89.27,377.10162496
2023-04-21 02:17:00,89.23,89.56,89.55,89.36,482.05502288
2023-04-21 02:16:00,89.54,89.8,89.8,89.55,230.03816915
2023-04-21 02:15:00,89.79,89.94,89.92,89.82,119.79550776
2023-04-21 02:14:00,89.65,89.92,89.67,89.92,170.95327419
2023-04-21 02:13:00,89.55,89.68,89.61,89.68,36.55329142
2023-04-21 02:12:00,89.56,89.64,89.57,89.59,89.96815384
2023-04-21 02:11:00,89.55,89.61,89.61,89.56,53.44345592
2023-04-21 02:10:00,89.6,89.65,89.65,89.6,37.51211841
2023-04-21 02:09:00,89.6,89.66,89.6,89.66,15.81544429
2023-04-21 02:08:00,89.61,89.67,89.66,89.61,72.89503583
2023-04-21 02:07:00,89.63,89.72,89.67,89.66,236.77917054
2023-04-21 02:06:00,89.61,89.71,89.64,89.71,141.7917236
2023-04-21 02:05:00,89.56,89.64,89.56,89.64,15.69420608
2023-04-21 02:04:00,89.51,89.58,89.51,89.55,100.48366861
2023-04-21 02:03:00,89.35,89.5,89.5,89.48,245.19802635
2023-04-21 02:02:00,89.49,89.62,89.6,89.5,123.04907427
2023-04-21 02:01:00,89.51,89.6,89.51,89.6,43.15333469
2023-04-21 02:00:00,89.37,89.6,89.37,89.53,195.97256888
2023-04-21 01:59:00,89.4,89.52,89.52,89.4,98.33305449
2023-04-21 01:58:00,89.5,89.57,89.53,89.52,86.4574545
2023-04-21 01:57:00,89.32,89.55,89.36,89.55,175.87329418
2023-04-21 01:56:00,89.35,89.54,89.5,89.38,293.60572875
2023-04-21 01:55:00,89.52,89.61,89.6,89.52,93.80202487
2023-04-21 01:54:00,89.6,89.7,89.62,89.6,77.72322287
2023-04-21 01:53:00,89.57,89.71,89.71,89.62,94.1028408
2023-04-21 01:52:00,89.65,89.77,89.75,89.7,125.49740814
2023-04-21 01:51:00,89.72,89.77,89.75,89.75,83.90694683
2023-04-21 01:50:00,89.73,89.82,89.82,89.73,95.35329172
2023-04-21 01:49:00,89.77,89.85,89.85,89.83,69.39533756
2023-04-21 01:48:00,89.82,89.88,89.82,89.85,60.1913628
2023-04-21 01:47:00,89.73,89.81,89.74,89.78,62.5000975
2023-04-21 01:46:00,89.71,89.8,89.73,89.77,113.1129427
2023-04-21 01:45:00,89.72,89.8,89.79,89.78,55.9846145
2023-04-21 01:44:00,89.69,89.79,89.79,89.76,199.35604286
2023-04-21 01:43:00,89.81,89.91,89.91,89.81,82.01636095
2023-04-21 01:42:00,89.85,89.9,89.89,89.89,37.95034842
2023-04-21 01:41:00,89.86,89.94,89.93,89.88,302.13773445
2023-04-21 01:40:00,89.93,90.01,89.95,89.93,139.38569751
2023-04-21 01:39:00,89.89,89.96,89.9,89.95,133.31204303
2023-04-21 01:38:00,89.87,89.95,89.87,89.94,101.49609998
2023-04-21 01:37:00,89.78,89.92,89.88,89.89,64.77508213
2023-04-21 01:36:00,89.79,89.87,89.8,89.87,39.11317383
2023-04-21 01:35:00,89.76,89.96,89.8,89.82,173.24356565
2023-04-21 01:34:00,89.8,89.89,89.85,89.82,97.4147848
2023-04-21 01:33:00,89.81,89.91,89.84,89.83,173.20158552
2023-04-21 01:32:00,89.76,89.88,89.84,89.84,97.61487823
2023-04-21 01:31:00,89.82,90.07,90.07,89.86,125.57203737
2023-04-21 01:30:00,89.98,90.14,89.98,90.06,605.70797142
2023-04-21 01:29:00,89.89,90.08,90.07,90.0,258.19693266
2023-04-21 01:28:00,90.09,90.15,90.1,90.09,45.44037063
2023-04-21 01:27:00,90.07,90.15,90.09,90.11,127.29230151
2023-04-21 01:26:00,90.09,90.16,90.12,90.09,228.21285881
2023-04-21 01:25:00,90.04,90.23,90.16,90.1,318.14087791
2023-04-21 01:24:00,90.15,90.26,90.25,90.15,128.39557776
2023-04-21 01:23:00,90.2,90.29,90.29,90.24,185.41328954
2023-04-21 01:22:00,90.27,90.32,90.32,90.28,91.43817444
2023-04-21 01:21:00,90.29,90.35,90.29,90.32,376.91019518
2023-04-21 01:20:00,90.24,90.31,90.27,90.3,99.51131021
2023-04-21 01:19:00,90.23,90.34,90.34,90.28,45.6995925
2023-04-21 01:18:00,90.31,90.38,90.38,90.35,71.2745765
2023-04-21 01:17:00,90.21,90.39,90.3,90.39,143.50262348
2023-04-21 01:16:00,90.28,90.37,90.35,90.29,63.26490582
2023-04-21 01:15:00,90.32,90.46,90.46,90.35,95.30560013
2023-04-21 01:14:00,90.39,90.48,90.39,90.46,12.8904837
2023-04-21 01:13:00,90.36,90.45,90.45,90.39,57.32953598
2023-04-21 01:12:00,90.35,90.47,90.36,90.46,60.24294677
2023-04-21 01:11:00,90.28,90.36,90.31,90.36,108.97447947
2023-04-21 01:10:00,90.16,90.32,90.2,90.32,62.82103449
2023-04-21 01:09:00,90.2,90.33,90.33,90.2,153.20900173
2023-04-21 01:08:00,90.3,90.37,90.36,90.33,107.18906786
2023-04-21 01:07:00,90.34,90.47,90.47,90.37,65.50743447
2023-04-21 01:06:00,90.47,90.55,90.55,90.47,95.70383458
2023-04-21 01:05:00,90.43,90.56,90.45,90.54,191.82165616
2023-04-21 01:04:00,90.31,90.46,90.4,90.43,261.18463825
2023-04-21 01:03:00,90.42,90.6,90.59,90.42,55.31107571
2023-04-21 01:02:00,90.51,90.65,90.65,90.58,79.17618889
2023-04-21 01:01:00,90.61,90.71,90.66,90.62,73.2476734
2023-04-21 01:00:00,90.45,90.7,90.45,90.65,29.47052467
2023-04-21 00:59:00,90.38,90.53,90.52,90.43,65.78299106
2023-04-21 00:58:00,90.44,90.54,90.53,90.53,84.25173958
2023-04-21 00:57:00,90.45,90.58,90.58,90.53,82.526031
2023-04-21 00:56:00,90.45,90.59,90.46,90.59,41.04063839
2023-04-21 00:55:00,90.39,90.55,90.55,90.46,105.51693614
2023-04-21 00:54:00,90.49,90.56,90.52,90.53,91.88484091
2023-04-21 00:53:00,90.52,90.61,90.6,90.55,85.41166761
2023-04-21 00:52:00,90.55,90.62,90.61,90.59,108.64594513
2023-04-21 00:51:00,90.49,90.66,90.66,90.61,617.91998337
2023-04-21 00:50:00,90.64,90.75,90.75,90.66,91.37294278
2023-04-21 00:49:00,90.67,90.9,90.89,90.76,600.09678433
2023-04-21 00:48:00,90.67,90.88,90.67,90.85,167.80478755
2023-04-21 00:47:00,90.59,90.7,90.66,90.65,227.78820922
2023-04-21 00:46:00,90.56,90.7,90.56,90.64,145.88337708
2023-04-21 00:45:00,90.32,90.56,90.41,90.56,139.58757681
2023-04-21 00:44:00,90.33,90.4,90.34,90.4,73.08552542
2023-04-21 00:43:00,90.37,90.51,90.44,90.37,188.03844314
2023-04-21 00:42:00,90.2,90.44,90.23,90.44,125.82524477
2023-04-21 00:41:00,90.22,90.33,90.31,90.25,377.81399056
2023-04-21 00:40:00,90.28,90.47,90.43,90.3,157.52522775
2023-04-21 00:39:00,90.35,90.51,90.4,90.43,165.09676958
2023-04-21 00:38:00,90.08,90.41,90.08,90.39,241.8806915
2023-04-21 00:37:00,89.87,90.12,89.91,90.09,907.4595911
2023-04-21 00:36:00,89.81,90.03,89.81,89.91,316.77963621
2023-04-21 00:35:00,89.79,89.95,89.94,89.79,203.48330073
2023-04-21 00:34:00,89.8,89.95,89.86,89.93,243.89512873
2023-04-21 00:33:00,89.79,89.88,89.85,89.83,236.86300291
2023-04-21 00:32:00,89.8,89.92,89.84,89.83,163.707916
2023-04-21 00:31:00,89.77,90.07,90.0,89.77,323.19695638
2023-04-21 00:30:00,89.81,90.03,89.81,89.99,426.38570114
2023-04-21 00:29:00,89.68,89.83,89.8,89.77,249.57854053
2023-04-21 00:28:00,89.75,89.88,89.87,89.78,275.92495727
2023-04-21 00:27:00,89.73,89.93,89.87,89.8,593.91236955
2023-04-21 00:26:00,89.82,89.97,89.9,89.86,385.33474367
2023-04-21 00:25:00,89.84,90.07,90.04,89.93,728.47181716
2023-04-21 00:24:00,89.93,90.09,89.94,89.98,402.00298424
2023-04-21 00:23:00,90.0,90.24,90.22,90.0,107.28127215
2023-04-21 00:22:00,90.23,90.4,90.4,90.23,28.53164282
2023-04-21 00:21:00,90.4,90.57,90.55,90.4,133.95990649
2023-04-21 00:20:00,90.5,90.63,90.61,90.56,461.09584144
2023-04-21 00:19:00,90.56,90.67,90.66,90.62,194.67972534
2023-04-21 00:18:00,90.54,90.66,90.54,90.65,117.25691348
2023-04-21 00:17:00,90.54,90.64,90.62,90.54,344.88953547
2023-04-21 00:16:00,90.46,90.63,90.48,90.6,549.22445444
2023-04-21 00:15:00,90.27,90.47,90.35,90.47,298.92746291
2023-04-21 00:14:00,90.35,90.43,90.35,90.36,48.98084202
2023-04-21 00:13:00,90.37,90.48,90.44,90.38,245.32048578
2023-04-21 00:12:00,90.34,90.45,90.43,90.4,79.68881253
2023-04-21 00:11:00,90.29,90.45,90.35,90.45,94.94458938
2023-04-21 00:10:00,90.3,90.46,90.45,90.37,160.58078001
2023-04-21 00:09:00,90.44,90.64,90.64,90.45,597.71771551
2023-04-21 00:08:00,90.43,90.64,90.44,90.64,312.75560725
2023-04-21 00:07:00,90.39,90.45,90.4,90.44,25.81295076
2023-04-21 00:06:00,90.31,90.4,90.35,90.4,68.5771438
2023-04-21 00:05:00,90.31,90.37,90.36,90.35,56.60903308
2023-04-21 00:04:00,90.34,90.4,90.39,90.37,29.91714599
2023-04-21 00:03:00,90.32,90.43,90.42,90.36,167.40036829
2023-04-21 00:02:00,90.36,90.5,90.36,90.42,256.61612337
2023-04-21 00:01:00,90.11,90.36,90.13,90.36,472.47162014
2023-04-21 00:00:00,90.12,90.25,90.23,90.13,128.02941392
2023-04-20 23:59:00,90.2,90.27,90.26,90.26,67.85221459
2023-04-20 23:58:00,90.22,90.3,90.28,90.26,117.81255876
2023-04-20 23:57:00,90.16,90.31,90.22,90.31,58.1953622
2023-04-20 23:56:00,90.14,90.29,90.27,90.18,292.40223524
2023-04-20 23:55:00,90.26,90.32,90.31,90.28,18.40030618
2023-04-20 23:54:00,90.32,90.44,90.44,90.32,72.39040657
2023-04-20 23:53:00,90.36,90.44,90.39,90.44,69.19567399
2023-04-20 23:52:00,90.3,90.37,90.31,90.37,12.30810334
2023-04-20 23:51:00,90.21,90.31,90.21,90.29,22.80987326
2023-04-20 23:50:00,90.14,90.21,90.18,90.21,63.45213128
2023-04-20 23:49:00,90.04,90.21,90.04,90.21,300.33259453
2023-04-20 23:48:00,90.04,90.18,90.18,90.04,81.99819247
2023-04-20 23:47:00,90.18,90.27,90.27,90.18,71.09987321
2023-04-20 23:46:00,90.17,90.32,90.32,90.28,204.80247849
2023-04-20 23:45:00,90.13,90.32,90.16,90.32,90.29187353
2023-04-20 23:44:00,90.14,90.18,90.17,90.14,30.65239112
2023-04-20 23:43:00,90.16,90.31,90.31,90.16,330.58187311
2023-04-20 23:42:00,90.18,90.34,90.18,90.31,535.61816273
2023-04-21 09:42:00,90.36,90.46,90.44,90.37,153.10782779
2023-04-21 09:41:00,90.42,90.49,90.49,90.45,97.06064082
2023-04-21 09:40:00,90.38,90.5,90.38,90.49,123.88287594
2023-04-21 09:39:00,90.26,90.37,90.34,90.37,77.40396558
2023-04-21 09:38:00,90.25,90.35,90.26,90.33,117.90423054
2023-04-21 09:37:00,90.21,90.36,90.36,90.21,191.40915532
2023-04-21 09:36:00,90.35,90.45,90.41,90.35,134.52935303
2023-04-21 09:35:00,90.45,90.56,90.54,90.46,43.29829512
2023-04-21 09:34:00,90.49,90.56,90.53,90.5,37.71567728
2023-04-21 09:33:00,90.5,90.67,90.67,90.54,173.91536601
2023-04-21 09:32:00,90.52,90.68,90.52,90.64,160.84158932
2023-04-21 09:31:00,90.46,90.61,90.61,90.48,90.09435259
2023-04-21 09:30:00,90.42,90.62,90.42,90.6,157.55915507
2023-04-21 09:29:00,90.38,90.46,90.42,90.42,21.27212405
2023-04-21 09:28:00,90.35,90.41,90.39,90.41,63.82536749
2023-04-21 09:27:00,90.34,90.45,90.34,90.38,79.87163427
2023-04-21 09:26:00,90.34,90.37,90.36,90.34,4.18579706
2023-04-21 09:25:00,90.35,90.42,90.42,90.35,68.25984649
2023-04-21 09:24:00,90.35,90.45,90.37,90.45,88.01037232
2023-04-21 09:23:00,90.39,90.43,90.43,90.41,105.0372975
2023-04-21 09:22:00,90.45,90.55,90.54,90.46,70.53249
2023-04-21 09:21:00,90.45,90.64,90.45,90.55,229.5925244
2023-04-21 09:20:00,90.43,90.46,90.43,90.45,52.45146471
2023-04-21 09:19:00,90.34,90.42,90.38,90.42,67.40840205
2023-04-21 09:18:00,90.38,90.43,90.38,90.38,28.98213609
2023-04-21 09:17:00,90.26,90.5,90.26,90.4,359.14245919
2023-04-21 09:16:00,90.24,90.31,90.24,90.24,15.42717132
2023-04-21 09:15:00,90.14,90.23,90.14,90.22,105.34821059
2023-04-21 09:14:00,90.04,90.14,90.09,90.14,108.10679847
2023-04-21 09:13:00,90.0,90.12,90.0,90.11,50.84815286
2023-04-21 09:12:00,90.01,90.06,90.02,90.02,139.357084
2023-04-21 09:11:00,89.99,90.06,90.02,90.0,148.61818353
2023-04-21 09:10:00,90.0,90.1,90.08,90.0,151.90977779
2023-04-21 09:09:00,89.96,90.06,90.0,90.06,95.08655354
2023-04-21 09:08:00,89.98,90.09,90.07,90.01,207.30716685
2023-04-21 09:07:00,90.07,90.12,90.12,90.07,59.50674735
2023-04-21 09:06:00,90.11,90.19,90.13,90.11,230.20958933
2023-04-21 09:05:00,90.12,90.21,90.13,90.13,102.39262504
2023-04-21 09:04:00,90.15,90.34,90.33,90.15,124.48413446
2023-04-21 09:03:00,90.32,90.42,90.32,90.35,145.78195083
2023-04-21 09:02:00,90.27,90.36,90.27,90.31,185.84119927
2023-04-21 09:01:00,90.18,90.29,90.28,90.26,343.75244043
2023-04-21 09:00:00,90.28,90.4,90.35,90.3,119.71748604
2023-04-21 08:59:00,90.28,90.4,90.29,90.35,217.94357089
2023-04-21 08:58:00,90.3,90.36,90.33,90.33,23.69832194
2023-04-21 08:57:00,90.33,90.42,90.35,90.33,164.42584339
2023-04-21 08:56:00,90.31,90.44,90.42,90.37,659.92211715
2023-04-21 08:55:00,90.17,90.45,90.18,90.39,1411.75101512
2023-04-21 08:54:00,90.1,90.18,90.11,90.18,60.93201288
2023-04-21 08:53:00,90.04,90.15,90.04,90.14,316.30371629
2023-04-21 08:52:00,89.93,90.04,89.93,90.01,70.78468196
2023-04-21 08:51:00,89.84,89.96,89.9,89.92,121.74631
2023-04-21 08:50:00,89.88,89.99,89.97,89.89,112.26478861
2023-04-21 08:49:00,89.98,90.05,90.03,89.98,232.16609072
2023-04-21 08:48:00,89.86,90.02,89.87,90.02,206.82510356
2023-04-21 08:47:00,89.81,89.87,89.83,89.86,149.80243933
2023-04-21 08:46:00,89.71,89.85,89.85,89.81,93.93809949
2023-04-21 08:45:00,89.78,89.84,89.78,89.84,58.27055111
2023-04-21 08:44:00,89.73,89.79,89.75,89.78,28.28448526
2023-04-21 08:43:00,89.71,89.79,89.71,89.77,92.20861227
2023-04-21 08:42:00,89.62,89.75,89.66,89.7,66.8060141
2023-04-21 08:41:00,89.65,89.79,89.73,89.65,82.17352112
2023-04-21 08:40:00,89.69,89.79,89.72,89.74,127.03582195
2023-04-21 08:39:00,89.72,89.81,89.8,89.73,150.83196723
2023-04-21 08:38:00,89.8,89.92,89.92,89.81,193.52495752
2023-04-21 08:37:00,89.86,89.94,89.9,89.92,132.48544183
2023-04-21 08:36:00,89.84,89.93,89.93,89.91,69.23838762
2023-04-21 08:35:00,89.88,89.97,89.93,89.93,132.46865817
2023-04-21 08:34:00,89.88,89.98,89.91,89.92,152.27362021
2023-04-21 08:33:00,89.88,90.02,89.99,89.91,190.20723816
2023-04-21 08:32:00,89.95,90.07,90.07,90.0,300.33587896
2023-04-21 08:31:00,89.92,90.13,89.92,90.09,237.04237988
2023-04-21 08:30:00,89.88,89.91,89.9,89.91,52.89012533
2023-04-21 08:29:00,89.87,89.93,89.87,89.91,48.50192688
2023-04-21 08:28:00,89.86,89.9,89.88,89.87,67.58595314
2023-04-21 08:27:00,89.86,89.93,89.91,89.86,78.06425043
2023-04-21 08:26:00,89.81,89.89,89.88,89.89,63.00075307
2023-04-21 08:25:00,89.9,90.03,90.01,89.9,101.4904322
2023-04-21 08:24:00,89.97,90.08,90.01,90.02,109.79711521
2023-04-21 08:23:00,89.91,89.99,89.92,89.99,50.29120575
2023-04-21 08:22:00,89.83,89.93,89.88,89.93,58.52513237
2023-04-21 08:21:00,89.83,89.91,89.86,89.89,71.00260126
2023-04-21 08:20:00,89.88,89.91,89.89,89.88,69.16186968
2023-04-21 08:19:00,89.83,89.91,89.83,89.87,48.9982416
2023-04-21 08:18:00,89.78,89.87,89.85,89.82,81.6813018
2023-04-21 08:17:00,89.77,89.92,89.92,89.86,47.66171223
2023-04-21 08:16:00,89.9,90.0,89.95,89.91,62.78320803
2023-04-21 08:15:00,89.75,89.95,89.75,89.94,129.78233935
2023-04-21 08:14:00,89.73,89.84,89.84,89.74,136.31174744
2023-04-21 08:13:00,89.83,89.88,89.88,89.84,20.47052627
2023-04-21 08:12:00,89.84,90.05,90.05,89.88,114.75450764
2023-04-21 08:11:00,89.94,90.02,89.98,90.01,49.55450279
2023-04-21 08:10:00,89.88,90.0,89.9,89.98,109.87157034
2023-04-21 08:09:00,89.88,89.94,89.91,89.92,41.56605023
2023-04-21 08:08:00,89.86,89.98,89.98,89.88,119.72123268
2023-04-21 08:07:00,89.94,90.1,90.1,89.98,255.79817599
2023-04-21 08:06:00,90.07,90.11,90.11,90.08,61.57769437
2023-04-21 08:05:00,90.05,90.12,90.05,90.09,107.60281568
2023-04-21 08:04:00,90.03,90.15,90.15,90.03,61.97040201
2023-04-21 08:03:00,90.14,90.44,90.44,90.15,165.84795736
2023-04-21 08:02:00,90.3,90.46,90.3,90.44,326.94296676
2023-04-21 08:01:00,90.18,90.33,90.2,90.3,478.68265874
2023-04-21 08:00:00,90.18,90.38,90.24,90.23,624.37779218
2023-04-21 07:59:00,90.09,90.24,90.15,90.24,391.62020281
2023-04-21 07:58:00,90.12,90.26,90.12,90.18,267.7523909
2023-04-21 07:57:00,90.02,90.13,90.02,90.13,198.42011914
2023-04-21 07:56:00,90.01,90.13,90.13,90.01,256.01105178
2023-04-21 07:55:00,89.96,90.17,89.98,90.13,537.66886897
2023-04-21 07:54:00,89.83,89.98,89.89,89.96,115.97942797
2023-04-21 07:53:00,89.86,89.96,89.9,89.91,318.16093863
2023-04-21 07:52:00,89.82,89.97,89.82,89.96,197.99285196
2023-04-21 07:51:00,89.73,89.86,89.77,89.83,147.50127552
2023-04-21 07:50:00,89.52,89.85,89.59,89.77,485.42467659
2023-04-21 07:49:00,89.45,89.6,89.45,89.6,145.92428646
2023-04-21 07:48:00,89.35,89.46,89.4,89.46,193.1520861
2023-04-21 07:47:00,89.28,89.39,89.28,89.39,109.92378985
2023-04-21 07:46:00,89.16,89.33,89.16,89.24,643.21308136
2023-04-21 07:45:00,89.03,89.15,89.05,89.15,50.52383958
2023-04-21 07:44:00,89.04,89.1,89.06,89.06,60.89775788
2023-04-21 07:43:00,89.02,89.08,89.05,89.08,103.20695894
2023-04-21 07:42:00,88.94,89.05,89.05,89.05,150.00544987
2023-04-21 07:41:00,88.97,89.11,89.05,89.05,58.66545053
2023-04-21 07:40:00,89.0,89.08,89.07,89.08,32.21347709
2023-04-21 07:39:00,89.03,89.11,89.06,89.09,106.56356692
2023-04-21 07:38:00,88.9,89.12,88.98,89.09,460.55383795
2023-04-21 07:37:00,88.92,89.0,88.92,89.0,28.92720578
2023-04-21 07:36:00,88.9,88.97,88.92,88.93,46.90322502
2023-04-21 07:35:00,88.8,88.95,88.8,88.92,198.99367775
2023-04-21 07:34:00,88.79,88.89,88.87,88.83,180.44761823
2023-04-21 07:33:00,88.7,88.91,88.7,88.88,207.80110585
2023-04-21 07:32:00,88.68,88.89,88.83,88.68,114.81119612
2023-04-21 07:31:00,88.7,88.82,88.7,88.8,173.451952
2023-04-21 07:30:00,88.65,88.82,88.72,88.72,266.97139659
2023-04-21 07:29:00,88.74,88.81,88.77,88.74,26.48912886
2023-04-21 07:28:00,88.73,88.79,88.75,88.78,70.10931702
2023-04-21 07:27:00,88.74,88.82,88.8,88.75,33.52944829
2023-04-21 07:26:00,88.77,88.9,88.9,88.79,549.09445722
2023-04-21 07:25:00,88.88,88.97,88.88,88.92,101.02784275
2023-04-21 07:24:00,88.82,88.85,88.84,88.85,56.22599913
2023-04-21 07:23:00,88.83,88.87,88.83,88.84,9.79051939
2023-04-21 07:22:00,88.81,88.96,88.91,88.86,330.81823368
2023-04-21 07:21:00,88.89,89.1,89.02,88.92,62.99547
2023-04-21 07:20:00,88.84,89.01,88.84,89.01,46.2243475
2023-04-21 07:19:00,88.88,88.97,88.94,88.88,173.13188092
2023-04-21 07:18:00,88.93,89.01,89.0,88.94,145.06568077
2023-04-21 07:17:00,89.0,89.08,89.06,89.0,98.87593195
2023-04-21 07:16:00,89.13,89.18,89.13,89.14,83.22765536
2023-04-21 07:15:00,89.03,89.16,89.05,89.13,293.15591761
2023-04-21 07:14:00,88.99,89.09,89.08,89.02,81.23269958
2023-04-21 07:13:00,89.05,89.15,89.08,89.05,63.86018996
2023-04-21 07:12:00,89.09,89.18,89.15,89.09,82.94333731
2023-04-21 07:11:00,89.08,89.16,89.1,89.13,69.09662502
2023-04-21 07:10:00,89.03,89.12,89.12,89.09,131.96031287
2023-04-21 07:09:00,88.94,89.16,88.94,89.16,441.59068016
2023-04-21 07:08:00,88.77,88.94,88.8,88.94,46.07571884
2023-04-21 07:07:00,88.75,88.95,88.95,88.78,133.26890165
2023-04-21 07:06:00,88.88,88.96,88.88,88.96,148.72381957
2023-04-21 07:05:00,88.73,88.84,88.75,88.83,163.95712187
2023-04-21 07:04:00,88.61,88.76,88.62,88.76,346.41946901
2023-04-21 07:03:00,88.48,88.64,88.5,88.62,205.37710086
2023-04-21 07:02:00,88.33,88.53,88.34,88.52,99.15987662
2023-04-21 07:01:00,88.35,88.52,88.52,88.37,156.22305379
2023-04-21 07:00:00,88.49,88.57,88.49,88.54,143.43346329
2023-04-21 06:59:00,88.32,88.5,88.41,88.45,356.03708186
2023-04-21 06:58:00,88.35,88.52,88.52,88.38,201.60898905
2023-04-21 06:57:00,88.27,88.53,88.28,88.51,119.27218932
2023-04-21 06:56:00,88.28,88.48,88.42,88.28,259.91298305
2023-04-21 06:55:00,88.34,88.55,88.34,88.41,315.90068268
2023-04-21 06:54:00,88.31,88.41,88.37,88.36,178.15237713
2023-04-21 06:53:00,88.21,88.55,88.44,88.36,623.86223791
2023-04-21 06:52:00,87.93,88.49,88.29,88.43,1255.31316406
2023-04-21 06:51:00,88.14,88.63,88.63,88.28,886.21856965
2023-04-21 06:50:00,88.6,88.79,88.75,88.63,105.84000927
2023-04-21 06:49:00,88.75,88.88,88.85,88.75,159.45394425
2023-04-21 06:48:00,88.78,89.0,88.78,88.85,1672.621248
2023-04-21 06:47:00,88.76,89.04,89.02,88.76,166.41495153
2023-04-21 06:46:00,88.91,89.06,88.92,88.98,177.47460264
2023-04-21 06:45:00,88.86,89.13,89.02,88.87,80.81599107
2023-04-21 06:44:00,88.99,89.16,89.13,88.99,325.7687931
2023-04-21 06:43:00,89.11,89.2,89.17,89.13,200.51364703
2023-04-21 06:42:00,88.76,89.16,88.76,89.16,169.85221753
2023-04-21 06:41:00,88.45,88.93,88.89,88.74,1355.23381357
2023-04-21 06:40:00,88.76,88.97,88.97,88.9,294.22773257
2023-04-21 06:39:00,88.86,89.08,88.99,88.98,236.35671924
2023-04-21 06:38:00,88.98,89.1,89.01,89.0,161.14041067
2023-04-21 06:37:00,88.97,89.11,89.08,88.99,219.30354364
2023-04-21 06:36:00,89.08,89.17,89.11,89.08,194.94207211
2023-04-21 06:35:00,89.09,89.22,89.09,89.1,113.35862979
2023-04-21 06:34:00,89.07,89.19,89.07,89.09,235.02027231
2023-04-21 06:33:00,88.82,89.11,89.09,89.09,578.19597583
2023-04-21 06:32:00,89.08,89.25,89.24,89.08,405.24430185
2023-04-21 06:31:00,89.24,89.43,89.43,89.24,111.90623217
2023-04-21 06:30:00,89.42,89.51,89.48,89.44,170.40874419
2023-04-21 06:29:00,89.48,89.55,89.55,89.5,62.17892734
2023-04-21 06:28:00,89.53,89.56,89.54,89.54,33.89325356
2023-04-21 06:27:00,89.53,89.6,89.6,89.54,62.11129167
2023-04-21 06:26:00,89.58,89.66,89.66,89.6,97.58748192
2023-04-21 06:25:00,89.63,89.66,89.63,89.66,7.9541458
2023-04-21 06:24:00,89.58,89.64,89.59,89.63,23.95199957
2023-04-21 06:23:00,89.59,89.66,89.66,89.6,31.92800057
2023-04-21 06:22:00,89.62,89.66,89.66,89.65,97.61041355
2023-04-21 06:21:00,89.61,89.66,89.66,89.66,55.31568508
2023-04-21 06:20:00,89.62,89.73,89.73,89.65,75.92693368
2023-04-21 06:19:00,89.68,89.74,89.68,89.73,91.8158436
2023-04-21 06:18:00,89.67,89.71,89.69,89.68,64.82479713
2023-04-21 06:17:00,89.59,89.67,89.61,89.67,56.60463029
2023-04-21 06:16:00,89.56,89.63,89.56,89.6,22.12941253
2023-04-21 06:15:00,89.42,89.59,89.48,89.58,162.85096732
2023-04-21 06:14:00,89.38,89.49,89.41,89.43,36.47333114
2023-04-21 06:13:00,89.36,89.46,89.37,89.46,45.61751082
2023-04-21 06:12:00,89.37,89.54,89.53,89.37,40.78247994
2023-04-21 06:11:00,89.49,89.56,89.49,89.56,32.78149128
2023-04-21 06:10:00,89.31,89.56,89.35,89.48,74.84280697
2023-04-21 06:09:00,89.3,89.4,89.4,89.37,113.05838199
2023-04-21 06:08:00,89.37,89.47,89.47,89.4,108.97641951
2023-04-21 06:07:00,89.38,89.45,89.38,89.45,100.30442999
2023-04-21 06:06:00,89.37,89.51,89.51,89.37,44.63143378
2023-04-21 06:05:00,89.42,89.53,89.46,89.51,72.08240408
2023-04-21 06:04:00,89.44,89.55,89.55,89.49,69.72405007
2023-04-21 06:03:00,89.5,89.62,89.58,89.55,172.74775153
2023-04-21 06:02:00,89.57,89.64,89.57,89.59,20.93051956
2023-04-21 06:01:00,89.48,89.57,89.49,89.55,82.34149345
2023-04-21 06:00:00,89.27,89.48,89.42,89.48,352.07188263
2023-04-21 05:59:00,89.42,89.53,89.44,89.44,64.58062298
2023-04-21 05:58:00,89.41,89.5,89.5,89.45,343.50203001
2023-04-21 05:57:00,89.49,89.6,89.54,89.51,220.51299023
2023-04-21 05:56:00,89.55,89.65,89.65,89.56,42.56296187
2023-04-21 05:55:00,89.65,89.67,89.65,89.66,3.27480455
2023-04-21 05:54:00,89.63,89.68,89.67,89.65,82.86945715
2023-04-21 05:53:00,89.53,89.67,89.53,89.67,124.86061011
2023-04-21 05:52:00,89.48,89.61,89.59,89.53,167.10496838
2023-04-21 05:51:00,89.54,89.79,89.79,89.56,194.81045151
2023-04-21 05:50:00,89.8,89.87,89.87,89.8,69.9272845
2023-04-21 05:49:00,89.87,89.9,89.89,89.89,8.26957769
2023-04-21 05:48:00,89.91,89.99,89.96,89.91,33.05326423
2023-04-21 05:47:00,89.93,89.97,89.94,89.95,10.52585738
2023-04-21 05:46:00,89.87,89.96,89.87,89.94,71.51330635
2023-04-21 05:45:00,89.77,89.86,89.82,89.85,97.92961536
2023-04-21 05:44:00,89.79,89.86,89.85,89.82,141.83212061
2023-04-21 05:43:00,89.83,89.88,89.87,89.85,23.07214901
2023-04-21 05:42:00,89.87,89.89,89.87,89.87,2.82177222
2023-04-21 05:41:00,89.86,89.93,89.87,89.88,85.27624426
2023-04-21 05:40:00,89.75,89.87,89.78,89.87,50.17400667
2023-04-21 05:39:00,89.76,89.86,89.86,89.77,28.24574411
2023-04-21 05:38:00,89.82,89.88,89.82,89.86,101.2126819
2023-04-21 05:37:00,89.76,89.84,89.76,89.8,494.39004794
2023-04-21 05:36:00,89.72,89.78,89.78,89.74,26.89359811
2023-04-21 05:35:00,89.73,89.8,89.73,89.75,112.19614658
2023-04-21 05:34:00,89.69,89.73,89.7,89.73,40.3815614
2023-04-21 05:33:00,89.65,89.71,89.68,89.71,26.08472037
2023-04-21 05:32:00,89.6,89.7,89.61,89.68,331.33878124
2023-04-21 05:31:00,89.5,89.65,89.5,89.61,844.34197822
2023-04-21 05:30:00,89.44,89.51,89.44,89.48,16.90582483
2023-04-21 05:29:00,89.44,89.49,89.49,89.44,57.17844811
2023-04-21 05:28:00,89.42,89.5,89.46,89.5,83.28739728
2023-04-21 05:27:00,89.47,89.56,89.52,89.47,389.7076676
2023-04-21 05:26:00,89.51,89.57,89.56,89.53,117.57207593
2023-04-21 05:25:00,89.56,89.69,89.69,89.56,260.94206125
2023-04-21 05:24:00,89.69,89.79,89.72,89.69,76.97522477
2023-04-21 05:23:00,89.65,89.7,89.68,89.7,25.94871688
2023-04-21 05:22:00,89.67,89.7,89.68,89.7,19.22141205
2023-04-21 05:21:00,89.67,89.75,89.75,89.67,83.28850153
2023-04-21 05:20:00,89.7,89.8,89.7,89.77,41.31334661
2023-04-21 05:19:00,89.72,89.82,89.82,89.72,141.98958611
2023-04-21 05:18:00,89.79,89.82,89.81,89.82,91.7565412
2023-04-21 05:17:00,89.75,89.83,89.75,89.8,85.24512064
2023-04-21 05:16:00,89.66,89.77,89.66,89.75,33.95307594
2023-04-21 05:15:00,89.66,89.76,89.75,89.66,51.78661115
2023-04-21 05:14:00,89.74,89.86,89.85,89.75,98.79833059
2023-04-21 05:13:00,89.73,89.84,89.74,89.84,134.11361266
2023-04-21 05:12:00,89.7,89.78,89.76,89.76,45.51537316
2023-04-21 05:11:00,89.75,89.79,89.78,89.75,28.89988734
2023-04-21 05:10:00,89.76,89.81,89.77,89.79,17.08674678
2023-04-21 05:09:00,89.72,89.76,89.76,89.76,96.17965818
2023-04-21 05:08:00,89.75,89.81,89.76,89.76,97.40338196
2023-04-21 05:07:00,89.75,89.93,89.9,89.75,537.94095071
2023-04-21 05:06:00,89.84,89.92,89.84,89.89,71.16493918
2023-04-21 05:05:00,89.76,89.85,89.76,89.84,387.63412085
2023-04-21 05:04:00,89.73,89.75,89.75,89.75,14.14345952
2023-04-21 05:03:00,89.72,89.84,89.84,89.74,62.6466907
2023-04-21 05:02:00,89.8,89.85,89.83,89.85,36.76201244
2023-04-21 05:01:00,89.82,89.88,89.85,89.84,44.12441613
2023-04-21 05:00:00,89.87,89.95,89.87,89.88,134.7791343
2023-04-21 04:59:00,89.84,89.9,89.89,89.87,121.0878269
2023-04-21 04:58:00,89.87,89.94,89.9,89.89,48.92243759
2023-04-21 04:57:00,89.86,89.92,89.91,89.88,84.18145098
2023-04-21 04:56:00,89.87,89.91,89.89,89.9,26.80274792
2023-04-21 04:55:00,89.88,89.95,89.94,89.88,21.79498098
2023-04-21 04:54:00,89.92,89.96,89.93,89.95,48.76878765
2023-04-21 04:53:00,89.91,89.97,89.95,89.92,38.702746
2023-04-21 04:52:00,89.97,90.05,90.02,89.97,189.33175624
2023-04-21 04:51:00,90.01,90.04,90.04,90.01,21.79186646
2023-04-21 04:50:00,90.02,90.07,90.02,90.04,27.3240786
2023-04-21 04:49:00,89.99,90.02,90.0,90.02,110.21101984
2023-04-21 04:48:00,89.98,90.04,89.99,90.0,131.99681694
2023-04-21 04:47:00,89.97,90.05,90.04,90.01,65.22200797
2023-04-21 04:46:00,90.02,90.08,90.05,90.03,19.26673349
2023-04-21 04:45:00,90.04,90.11,90.06,90.06,19.00253054
2023-04-21 04:44:00,90.0,90.06,90.05,90.01,119.13508151
2023-04-21 04:43:00,90.0,90.15,90.15,90.06,174.31863251
2023-04-21 04:42:00,90.14,90.19,90.19,90.16,3.63109464
2023-04-21 14:42:00,89.35,89.44,89.42,89.41,24.19724209
2023-04-21 14:41:00,89.46,89.54,89.54,89.47,33.33855259
2023-04-21 14:40:00,89.48,89.55,89.52,89.52,104.9226609
2023-04-21 14:39:00,89.48,89.55,89.52,89.5,78.8105749
2023-04-21 14:38:00,89.52,89.64,89.62,89.56,233.30283228
2023-04-21 14:37:00,89.61,89.7,89.61,89.65,256.3283667
2023-04-21 14:36:00,89.53,89.63,89.53,89.61,410.16651773
2023-04-21 14:35:00,89.51,89.62,89.62,89.54,105.08632599
2023-04-21 14:34:00,89.53,89.59,89.53,89.55,66.84794303
2023-04-21 14:33:00,89.52,89.58,89.57,89.55,46.49930679
2023-04-21 14:32:00,89.53,89.64,89.64,89.56,118.97117342
2023-04-21 14:31:00,89.55,89.63,89.58,89.61,62.0053135
2023-04-21 14:30:00,89.56,89.67,89.64,89.56,36.54998463
2023-04-21 14:29:00,89.55,89.61,89.57,89.61,64.32386121
2023-04-21 14:28:00,89.53,89.66,89.66,89.56,338.2600684
2023-04-21 14:27:00,89.59,89.73,89.59,89.66,84.87161002
2023-04-21 14:26:00,89.53,89.59,89.55,89.59,114.91169728
2023-04-21 14:25:00,89.43,89.55,89.46,89.55,92.77568932
2023-04-21 14:24:00,89.42,89.49,89.42,89.46,113.12903731
2023-04-21 14:23:00,89.36,89.44,89.36,89.43,19.42339958
2023-04-21 14:22:00,89.36,89.44,89.39,89.36,500.93779666
2023-04-21 14:21:00,89.4,89.49,89.43,89.42,30.18934433
2023-04-21 14:20:00,89.31,89.45,89.31,89.42,120.97862593
2023-04-21 14:19:00,89.23,89.32,89.25,89.3,10.9459477
2023-04-21 14:18:00,89.22,89.33,89.23,89.33,241.11987444
2023-04-21 14:17:00,88.98,89.26,88.98,89.22,699.19299651
2023-04-21 14:16:00,88.84,88.95,88.91,88.94,670.93935294
2023-04-21 14:15:00,88.85,89.15,89.06,88.95,396.8424662
2023-04-21 14:14:00,89.02,89.09,89.08,89.06,217.31786338
2023-04-21 14:13:00,89.04,89.17,89.07,89.08,1135.49515742
2023-04-21 14:12:00,89.06,89.27,89.26,89.06,1128.73068125
2023-04-21 14:11:00,89.21,89.28,89.26,89.25,168.73194149
2023-04-21 14:10:00,89.27,89.41,89.4,89.31,455.0236912
2023-04-21 14:09:00,89.32,89.38,89.33,89.38,57.97703763
2023-04-21 14:08:00,89.31,89.41,89.31,89.36,9.82356359
2023-04-21 14:07:00,89.26,89.41,89.33,89.29,103.25240783
2023-04-21 14:06:00,89.31,89.47,89.47,89.31,268.650047
2023-04-21 14:05:00,89.34,89.5,89.37,89.45,35.41904167
2023-04-21 14:04:00,89.24,89.36,89.24,89.36,26.63464416
2023-04-21 14:03:00,89.28,89.36,89.32,89.28,107.19454925
2023-04-21 14:02:00,89.13,89.32,89.24,89.32,21.93510063
2023-04-21 14:01:00,89.21,89.39,89.39,89.26,104.63883513
2023-04-21 14:00:00,89.25,89.42,89.28,89.42,67.70967056
2023-04-21 13:59:00,89.22,89.31,89.3,89.28,563.70683388
2023-04-21 13:58:00,89.3,89.43,89.38,89.33,151.26566953
2023-04-21 13:57:00,89.34,89.47,89.37,89.38,185.38270414
2023-04-21 13:56:00,89.17,89.37,89.31,89.33,580.50603647
2023-04-21 13:55:00,89.32,89.43,89.43,89.34,47.36233666
2023-04-21 13:54:00,89.38,89.5,89.46,89.48,405.02130765
2023-04-21 13:53:00,89.47,89.58,89.51,89.48,197.96738744
2023-04-21 13:52:00,89.47,89.64,89.47,89.54,31.3875361
2023-04-21 13:51:00,89.39,89.49,89.47,89.49,513.27737124
2023-04-21 13:50:00,89.55,89.78,89.78,89.56,106.04008487
2023-04-21 13:49:00,89.79,89.84,89.81,89.81,32.4401649
2023-04-21 13:48:00,89.78,89.92,89.91,89.78,18.58150009
2023-04-21 13:47:00,89.82,89.91,89.89,89.91,225.92723646
2023-04-21 13:46:00,89.88,89.95,89.95,89.9,186.57867269
2023-04-21 13:45:00,90.03,90.11,90.05,90.1,76.65168716
2023-04-21 13:44:00,89.95,90.04,90.04,90.03,89.30169264
2023-04-21 13:43:00,90.0,90.09,90.05,90.06,119.49086708
2023-04-21 13:42:00,90.03,90.16,90.1,90.05,555.98537242
2023-04-21 13:41:00,89.91,90.09,89.98,90.08,450.80993704
2023-04-21 13:40:00,89.8,90.01,89.81,90.01,97.00252657
2023-04-21 13:39:00,89.74,89.8,89.8,89.8,282.41950051
2023-04-21 13:38:00,89.75,89.88,89.88,89.81,719.64931673
2023-04-21 13:37:00,89.86,89.96,89.96,89.86,119.89518254
2023-04-21 13:36:00,89.91,90.04,89.91,89.99,140.05005498
2023-04-21 13:35:00,89.88,90.04,89.89,89.95,179.51632792
2023-04-21 13:34:00,89.93,90.07,90.0,89.93,32.1481685
2023-04-21 13:33:00,89.89,90.06,89.89,90.01,115.15125809
2023-04-21 13:32:00,89.81,89.91,89.82,89.88,228.68634845
2023-04-21 13:31:00,89.6,89.84,89.6,89.84,70.16608876
2023-04-21 13:30:00,89.55,89.64,89.61,89.62,87.41183594
2023-04-21 13:29:00,89.58,89.66,89.58,89.63,37.78247235
2023-04-21 13:28:00,89.6,89.66,89.61,89.6,34.9099301
2023-04-21 13:27:00,89.59,89.71,89.67,89.63,39.45152452
2023-04-21 13:26:00,89.69,89.76,89.74,89.69,18.30281602
2023-04-21 13:25:00,89.66,89.76,89.66,89.76,41.49255342
2023-04-21 13:24:00,89.61,89.65,89.64,89.64,22.2546548
2023-04-21 13:23:00,89.58,89.66,89.6,89.64,13.43581973
2023-04-21 13:22:00,89.56,89.57,89.56,89.56,13.20808963
2023-04-21 13:21:00,89.53,89.6,89.56,89.56,41.73930492
2023-04-21 13:20:00,89.49,89.62,89.53,89.57,281.64100025
2023-04-21 13:19:00,89.47,89.52,89.49,89.51,69.25163918
2023-04-21 13:18:00,89.47,89.57,89.55,89.48,119.17042731
2023-04-21 13:17:00,89.54,89.66,89.65,89.55,150.88130109
2023-04-21 13:16:00,89.67,89.74,89.74,89.67,110.16574785
2023-04-21 13:15:00,89.64,89.75,89.67,89.72,78.57619801
2023-04-21 13:14:00,89.66,89.71,89.69,89.67,129.45388765
2023-04-21 13:13:00,89.67,89.79,89.78,89.67,286.87150876
2023-04-21 13:12:00,89.76,89.83,89.81,89.76,211.82757441
2023-04-21 13:11:00,89.83,89.91,89.87,89.83,58.93191719
2023-04-21 13:10:00,89.73,89.87,89.73,89.87,34.83418265
2023-04-21 13:09:00,89.7,89.74,89.73,89.74,25.87457419
2023-04-21 13:08:00,89.72,89.75,89.75,89.73,3.66727571
2023-04-21 13:07:00,89.72,89.77,89.72,89.77,2.25584886
2023-04-21 13:06:00,89.7,89.75,89.74,89.72,41.94045384
2023-04-21 13:05:00,89.68,89.76,89.7,89.76,35.32179729
2023-04-21 13:04:00,89.68,89.74,89.71,89.69,23.73371879
2023-04-21 13:03:00,89.68,89.75,89.75,89.7,27.05917887
2023-04-21 13:02:00,89.72,89.83,89.83,89.75,149.58757892
2023-04-21 13:01:00,89.83,89.87,89.83,89.87,16.78043351
2023-04-21 13:00:00,89.71,89.82,89.71,89.82,16.37623154
2023-04-21 12:59:00,89.65,89.69,89.69,89.69,55.63698136
2023-04-21 12:58:00,89.68,89.72,89.68,89.69,31.56249392
2023-04-21 12:57:00,89.64,89.72,89.71,89.66,26.47081627
2023-04-21 12:56:00,89.65,89.71,89.66,89.71,37.24213968
2023-04-21 12:55:00,89.59,89.67,89.61,89.64,11.81734226
2023-04-21 12:54:00,89.62,89.65,89.63,89.62,5.14150306
2023-04-21 12:53:00,89.6,89.68,89.6,89.62,37.64239761
2023-04-21 12:52:00,89.5,89.6,89.5,89.6,35.35865404
2023-04-21 12:51:00,89.47,89.5,89.48,89.5,1.19663841
2023-04-21 12:50:00,89.46,89.51,89.46,89.47,14.75955014
2023-04-21 12:49:00,89.44,89.51,89.51,89.45,17.8235879
2023-04-21 12:48:00,89.47,89.54,89.51,89.5,23.97996928
2023-04-21 12:47:00,89.52,89.67,89.67,89.52,187.54823431
2023-04-21 12:46:00,89.47,89.56,89.5,89.56,167.35805112
2023-04-21 12:45:00,89.48,89.54,89.52,89.52,57.53854119
2023-04-21 12:44:00,89.47,89.55,89.49,89.55,110.9607636
2023-04-21 12:43:00,89.41,89.49,89.48,89.49,66.69520979
2023-04-21 12:42:00,89.43,89.54,89.49,89.44,40.66054581
2023-04-21 12:41:00,89.47,89.54,89.54,89.47,37.00622193
2023-04-21 12:40:00,89.51,89.61,89.6,89.54,115.97396619
2023-04-21 12:39:00,89.58,89.66,89.66,89.59,22.90112285
2023-04-21 12:38:00,89.65,89.73,89.73,89.65,23.39400048
2023-04-21 12:37:00,89.69,89.75,89.71,89.71,33.43385408
2023-04-21 12:36:00,89.76,89.79,89.77,89.76,56.49502425
2023-04-21 12:35:00,89.58,89.75,89.58,89.75,38.28957196
2023-04-21 12:34:00,89.54,89.65,89.56,89.65,54.00433215
2023-04-21 12:33:00,89.53,89.74,89.63,89.53,28.32209511
2023-04-21 12:32:00,89.54,89.63,89.62,89.63,64.61972832
2023-04-21 12:31:00,89.66,89.67,89.66,89.67,38.91257387
2023-04-21 12:30:00,89.62,89.69,89.63,89.69,58.96966192
2023-04-21 12:29:00,89.62,89.74,89.74,89.62,26.13192808
2023-04-21 12:28:00,89.68,89.77,89.73,89.71,41.66319637
2023-04-21 12:27:00,89.54,89.76,89.56,89.73,217.50548384
2023-04-21 12:26:00,89.4,89.58,89.4,89.57,14.79604577
2023-04-21 12:25:00,89.41,89.49,89.41,89.44,117.92630499
2023-04-21 12:24:00,89.39,89.46,89.43,89.43,19.10023441
2023-04-21 12:23:00,89.44,89.62,89.53,89.46,175.54192816
2023-04-21 12:22:00,89.42,89.52,89.49,89.5,110.652536
2023-04-21 12:21:00,89.35,89.45,89.42,89.45,87.24975422
2023-04-21 12:20:00,89.33,89.42,89.41,89.42,233.20095655
2023-04-21 12:19:00,89.34,89.42,89.42,89.41,56.64649032
2023-04-21 12:18:00,89.39,89.47,89.45,89.43,181.16555764
2023-04-21 12:17:00,89.38,89.47,89.4,89.45,321.11661311
2023-04-21 12:16:00,89.14,89.41,89.14,89.4,417.93128137
2023-04-21 12:15:00,89.13,89.21,89.18,89.13,45.94182582
2023-04-21 12:14:00,89.17,89.22,89.17,89.19,156.63595729
2023-04-21 12:13:00,89.09,89.16,89.09,89.15,60.1614999
2023-04-21 12:12:00,88.97,89.1,88.97,89.1,16.93986454
2023-04-21 12:11:00,88.87,89.0,88.87,88.96,72.77328174
2023-04-21 12:10:00,88.87,89.02,89.02,88.87,280.9702006
2023-04-21 12:09:00,89.0,89.11,89.01,89.09,20.28675678
2023-04-21 12:08:00,88.75,89.02,88.77,89.01,198.19270156
2023-04-21 12:07:00,88.54,88.78,88.6,88.78,938.30523846
2023-04-21 12:06:00,88.32,88.99,88.99,88.56,1652.54348543
2023-04-21 12:05:00,89.04,89.24,89.22,89.04,290.3438052
2023-04-21 12:04:00,89.16,89.24,89.24,89.21,27.33894045
2023-04-21 12:03:00,89.15,89.27,89.15,89.26,42.62345789
2023-04-21 12:02:00,89.11,89.24,89.24,89.12,26.39280728
2023-04-21 12:01:00,89.18,89.28,89.26,89.22,67.56897598
2023-04-21 12:00:00,89.21,89.3,89.24,89.3,88.83655051
2023-04-21 11:59:00,89.21,89.25,89.24,89.21,30.75643137
2023-04-21 11:58:00,89.26,89.31,89.26,89.31,31.52238435
2023-04-21 11:57:00,89.25,89.31,89.29,89.25,12.95563321
2023-04-21 11:56:00,89.27,89.35,89.35,89.32,100.1610751
2023-04-21 11:55:00,89.29,89.36,89.29,89.35,70.60161228
2023-04-21 11:54:00,89.22,89.28,89.25,89.28,132.87051814
2023-04-21 11:53:00,89.28,89.35,89.31,89.28,37.39325398
2023-04-21 11:52:00,89.26,89.35,89.29,89.33,80.15277702
2023-04-21 11:51:00,89.18,89.32,89.18,89.25,60.28883609
2023-04-21 11:50:00,89.07,89.21,89.08,89.17,58.87534458
2023-04-21 11:49:00,89.05,89.14,89.07,89.05,40.89175621
2023-04-21 11:48:00,88.9,89.09,88.95,89.07,82.10945808
2023-04-21 11:47:00,88.97,89.03,89.03,88.98,21.05762829
2023-04-21 11:46:00,89.03,89.17,89.05,89.06,53.98954154
2023-04-21 11:45:00,88.99,89.13,89.02,89.05,27.4448378
2023-04-21 11:44:00,89.04,89.19,89.19,89.04,487.03689655
2023-04-21 11:43:00,89.19,89.27,89.22,89.2,128.05737231
2023-04-21 11:42:00,89.11,89.23,89.14,89.23,82.03685936
2023-04-21 11:41:00,89.18,89.33,89.27,89.18,114.38293903
2023-04-21 11:40:00,89.3,89.35,89.33,89.3,31.97009003
2023-04-21 11:39:00,89.33,89.38,89.34,89.34,7.50634208
2023-04-21 11:38:00,89.29,89.36,89.29,89.36,59.63989909
2023-04-21 11:37:00,89.3,89.42,89.36,89.3,156.33201945
2023-04-21 11:36:00,89.36,89.44,89.4,89.38,64.87994983
2023-04-21 11:35:00,89.39,89.47,89.45,89.47,109.57609955
2023-04-21 11:34:00,89.46,89.53,89.47,89.49,13.95264078
2023-04-21 11:33:00,89.44,89.52,89.47,89.44,59.10084215
2023-04-21 11:32:00,89.3,89.48,89.3,89.48,644.17125546
2023-04-21 11:31:00,89.27,89.32,89.32,89.27,40.74134646
2023-04-21 11:30:00,89.27,89.38,89.38,89.32,688.69778329
2023-04-21 11:29:00,89.33,89.41,89.39,89.41,64.73368203
2023-04-21 11:28:00,89.38,89.42,89.41,89.39,13.95340689
2023-04-21 11:27:00,89.38,89.48,89.39,89.42,68.14801275
2023-04-21 11:26:00,89.35,89.4,89.37,89.35,61.64494346
2023-04-21 11:25:00,89.35,89.41,89.38,89.41,51.64689443
2023-04-21 11:24:00,89.26,89.36,89.27,89.36,30.44972264
2023-04-21 11:23:00,89.26,89.33,89.31,89.29,42.56911416
2023-04-21 11:22:00,89.14,89.29,89.18,89.26,157.44136082
2023-04-21 11:21:00,88.9,89.19,88.96,89.19,165.18811957
2023-04-21 11:20:00,88.91,89.27,89.25,88.96,379.51347765
2023-04-21 11:19:00,89.26,89.34,89.29,89.27,62.05512233
2023-04-21 11:18:00,89.19,89.32,89.22,89.29,70.37338971
2023-04-21 11:17:00,89.11,89.2,89.14,89.2,39.71428613
2023-04-21 11:16:00,89.06,89.16,89.13,89.06,156.75732398
2023-04-21 11:15:00,89.09,89.25,89.24,89.17,118.89563475
2023-04-21 11:14:00,89.11,89.26,89.18,89.21,57.046757
2023-04-21 11:13:00,89.18,89.25,89.25,89.21,26.50048028
2023-04-21 11:12:00,89.21,89.32,89.28,89.27,19.95614994
2023-04-21 11:11:00,89.14,89.31,89.31,89.28,79.02763159
2023-04-21 11:10:00,89.3,89.34,89.3,89.31,37.00296043
2023-04-21 11:09:00,89.24,89.31,89.28,89.31,198.40017122
2023-04-21 11:08:00,89.27,89.4,89.38,89.28,24.59517072
2023-04-21 11:07:00,89.29,89.34,89.33,89.33,40.64778318
2023-04-21 11:06:00,89.41,89.48,89.48,89.41,8.04410927
2023-04-21 11:05:00,89.3,89.42,89.36,89.42,192.79846204
2023-04-21 11:04:00,89.28,89.58,89.58,89.37,1009.58053089
2023-04-21 11:03:00,89.52,89.66,89.62,89.56,161.42170457
2023-04-21 11:02:00,89.47,89.61,89.47,89.58,115.14946913
2023-04-21 11:01:00,89.46,89.71,89.7,89.47,354.24402355
2023-04-21 11:00:00,89.65,89.74,89.7,89.71,97.00541825
2023-04-21 10:59:00,89.72,89.77,89.77,89.72,43.92328575
2023-04-21 10:58:00,89.7,89.77,89.74,89.75,37.04293342
2023-04-21 10:57:00,89.56,89.75,89.71,89.65,149.0181017
2023-04-21 10:56:00,89.66,89.77,89.77,89.76,197.75287289
2023-04-21 10:55:00,89.75,89.78,89.76,89.78,35.9785835
2023-04-21 10:54:00,89.75,89.82,89.82,89.78,58.14040562
2023-04-21 10:53:00,89.68,89.83,89.69,89.8,172.82022568
2023-04-21 10:52:00,89.72,89.77,89.75,89.74,37.55365549
2023-04-21 10:51:00,89.75,89.83,89.83,89.78,129.6190596
2023-04-21 10:50:00,89.79,89.91,89.91,89.84,90.55074643
2023-04-21 10:49:00,89.9,89.94,89.91,89.93,0.63934698
2023-04-21 10:48:00,89.88,89.94,89.94,89.89,61.81087154
2023-04-21 10:47:00,89.84,89.91,89.89,89.87,97.22695827
2023-04-21 10:46:00,89.8,89.96,89.93,89.8,18.47212346
2023-04-21 10:45:00,89.91,89.97,89.95,89.97,3.7496744
2023-04-21 10:44:00,89.92,89.98,89.92,89.98,28.5453591
2023-04-21 10:43:00,89.84,89.96,89.87,89.92,58.57516655
2023-04-21 10:42:00,89.81,89.87,89.81,89.83,69.16432751
2023-04-21 10:41:00,89.77,89.81,89.79,89.81,56.62740303
2023-04-21 10:40:00,89.75,89.85,89.83,89.83,122.88729072
2023-04-21 10:39:00,89.81,89.87,89.82,89.83,409.51122548
2023-04-21 10:38:00,89.79,89.87,89.86,89.81,50.13763067
2023-04-21 10:37:00,89.81,89.89,89.81,89.86,341.16466967
2023-04-21 10:36:00,89.8,90.02,90.02,89.82,406.09182458
2023-04-21 10:35:00,89.94,90.1,90.1,90.02,580.69321765
2023-04-21 10:34:00,90.1,90.2,90.2,90.14,127.04464872
2023-04-21 10:33:00,90.18,90.23,90.22,90.22,84.88861234
2023-04-21 10:32:00,90.21,90.32,90.32,90.22,6.55705288
2023-04-21 10:31:00,90.28,90.29,90.29,90.28,0.85514001
2023-04-21 10:30:00,90.29,90.31,90.29,90.31,12.59744126
2023-04-21 10:29:00,90.31,90.38,90.32,90.38,22.88605096
2023-04-21 10:28:00,90.32,90.37,90.37,90.34,55.14203209
2023-04-21 10:27:00,90.31,90.37,90.33,90.37,4.31838171
2023-04-21 10:26:00,90.34,90.38,90.38,90.35,230.35330598
2023-04-21 10:25:00,90.42,90.44,90.44,90.43,5.3141104
2023-04-21 10:24:00,90.43,90.47,90.47,90.46,4.27864294
2023-04-21 10:23:00,90.45,90.5,90.48,90.45,34.57826911
2023-04-21 10:22:00,90.44,90.5,90.5,90.44,102.44773841
2023-04-21 10:21:00,90.47,90.53,90.53,90.52,90.44087339
2023-04-21 10:20:00,90.52,90.63,90.62,90.53,42.37105517
2023-04-21 10:19:00,90.51,90.66,90.52,90.64,99.95104132
2023-04-21 10:18:00,90.49,90.53,90.52,90.51,34.84200206
2023-04-21 10:17:00,90.46,90.55,90.46,90.53,26.26423877
2023-04-21 10:16:00,90.44,90.55,90.54,90.44,35.85283551
2023-04-21 10:15:00,90.57,90.67,90.61,90.59,63.1918478
2023-04-21 10:14:00,90.44,90.61,90.44,90.6,47.33454601
2023-04-21 10:13:00,90.36,90.45,90.36,90.42,3.12585654
2023-04-21 10:12:00,90.41,90.49,90.49,90.41,7.68663169
2023-04-21 10:11:00,90.39,90.49,90.41,90.46,135.24761297
2023-04-21 10:10:00,90.4,90.5,90.5,90.41,39.58639331
2023-04-21 10:09:00,90.44,90.49,90.46,90.49,13.1418939
2023-04-21 10:08:00,90.32,90.45,90.34,90.44,32.88230734
2023-04-21 10:07:00,90.27,90.35,90.28,90.34,9.20612323
2023-04-21 10:06:00,90.28,90.33,90.28,90.28,20.21195283
2023-04-21 10:05:00,90.18,90.26,90.18,90.26,30.35266219
2023-04-21 10:04:00,90.15,90.24,90.24,90.17,10.01986927
2023-04-21 10:03:00,90.21,90.25,90.22,90.21,11.70017687
2023-04-21 10:02:00,90.26,90.31,90.28,90.26,15.98662252
2023-04-21 10:01:00,90.24,90.34,90.34,90.28,10.16047712
2023-04-21 10:00:00,90.32,90.36,90.36,90.33,22.15724129
2023-04-21 09:59:00,90.3,90.37,90.3,90.32,3.51216706
2023-04-21 09:58:00,90.28,90.34,90.28,90.34,32.19677403
2023-04-21 09:57:00,90.27,90.38,90.28,90.27,52.93714414
2023-04-21 09:56:00,90.28,90.43,90.43,90.28,22.48279728
2023-04-21 09:55:00,90.3,90.44,90.31,90.44,52.74770962
2023-04-21 09:54:00,90.33,90.4,90.39,90.37,21.59884039
2023-04-21 09:53:00,90.32,90.39,90.32,90.38,29.64573343
2023-04-21 09:52:00,90.3,90.34,90.33,90.32,7.60789397
2023-04-21 09:51:00,90.25,90.31,90.27,90.31,63.80254937
2023-04-21 09:50:00,90.26,90.28,90.26,90.28,4.81994485
2023-04-21 09:49:00,90.24,90.32,90.29,90.26,44.16254875
2023-04-21 09:48:00,90.26,90.32,90.31,90.26,6.16209598
2023-04-21 09:47:00,90.29,90.36,90.36,90.31,37.62035207
2023-04-21 09:46:00,90.34,90.44,90.44,90.35,30.0139644
2023-04-21 09:45:00,90.34,90.5,90.34,90.47,87.27245921
2023-04-21 09:44:00,90.31,90.36,90.36,90.34,4.7238596
2023-04-21 09:43:00,90.34,90.38,90.38,90.35,9.47596499
2023-04-21 09:42:00,90.36,90.46,90.44,90.37,153.10782779
2023-04-21 16:00:00,88.9,89.04,88.92,89.04,256.17613765
