datetime,open,high,low,close,volume
2022-03-11 11:28:00,103.01,103.38,103.25,103.01,229.69694892
2022-03-11 21:28:00,104.33,104.52,104.42,104.51,148.30432108
2022-03-11 21:27:00,104.37,104.51,104.4,104.47,152.40567895
2022-03-11 21:26:00,104.37,104.6,104.55,104.43,284.113736
2022-03-11 21:25:00,104.42,104.62,104.61,104.52,440.71567584
2022-03-11 21:24:00,104.32,104.82,104.34,104.62,363.18116139
2022-03-11 21:23:00,104.16,104.41,104.16,104.32,474.64546976
2022-03-11 21:22:00,103.93,104.17,104.12,104.17,436.72299217
2022-03-11 21:21:00,103.89,104.17,103.93,104.12,307.03101804
2022-03-11 21:20:00,103.87,103.92,103.89,103.92,148.86978922
2022-03-11 21:19:00,103.87,104.01,104.01,103.89,74.87594319
2022-03-11 21:18:00,103.94,104.01,103.96,104.0,36.84169471
2022-03-11 21:17:00,103.92,104.02,103.99,103.93,82.60757761
2022-03-11 21:16:00,103.97,104.03,103.98,103.99,108.92492589
2022-03-11 21:15:00,103.86,103.99,103.98,103.98,75.50198021
2022-03-11 21:14:00,103.87,104.02,103.88,104.0,153.40784878
2022-03-11 21:13:00,103.83,103.95,103.91,103.87,38.39905609
2022-03-11 21:12:00,103.84,103.95,103.93,103.95,214.60638982
2022-03-11 21:11:00,103.87,104.03,104.0,103.94,180.61579852
2022-03-11 21:10:00,103.94,104.06,103.96,103.99,312.65723106
2022-03-11 21:09:00,103.68,104.06,103.69,103.93,295.82133269
2022-03-11 21:08:00,103.53,103.72,103.63,103.71,90.48943
2022-03-11 21:07:00,103.56,103.65,103.63,103.59,111.44673137
2022-03-11 21:06:00,103.65,103.81,103.76,103.65,143.24525716
2022-03-11 21:05:00,103.38,103.74,103.38,103.74,222.12966394
2022-03-11 21:04:00,103.36,103.58,103.52,103.44,235.39167461
2022-03-11 21:03:00,103.5,103.67,103.62,103.55,92.14692355
2022-03-11 21:02:00,103.31,103.87,103.32,103.59,638.57275748
2022-03-11 21:01:00,102.79,103.41,102.81,103.32,882.98440719
2022-03-11 21:00:00,102.68,102.81,102.75,102.81,162.84299836
2022-03-11 20:59:00,102.56,102.81,102.81,102.64,246.44926703
2022-03-11 20:58:00,102.72,102.85,102.73,102.85,131.96308906
2022-03-11 20:57:00,102.69,102.75,102.72,102.74,58.19716309
2022-03-11 20:56:00,102.61,102.73,102.61,102.71,44.49537642
2022-03-11 20:55:00,102.53,102.7,102.53,102.62,746.88658849
2022-03-11 20:54:00,102.49,102.58,102.57,102.53,499.5207564
2022-03-11 20:53:00,102.53,102.77,102.75,102.57,467.33329057
2022-03-11 20:52:00,102.73,102.79,102.77,102.73,41.03199757
2022-03-11 20:51:00,102.66,102.8,102.66,102.78,316.88821156
2022-03-11 20:50:00,102.6,102.9,102.67,102.67,263.44743377
2022-03-11 20:49:00,102.65,102.93,102.89,102.68,868.01149184
2022-03-11 20:48:00,102.7,102.96,102.95,102.88,725.7839959
2022-03-11 20:47:00,102.93,103.05,103.0,102.96,118.39435228
2022-03-11 20:46:00,102.86,103.05,102.98,102.99,428.90280146
2022-03-11 20:45:00,102.96,103.36,103.34,102.96,545.50393057
2022-03-11 20:44:00,103.27,103.32,103.27,103.31,81.49919585
2022-03-11 20:43:00,103.29,103.41,103.37,103.29,89.73983053
2022-03-11 20:42:00,103.32,103.4,103.32,103.38,69.28251003
2022-03-11 20:41:00,103.21,103.35,103.22,103.3,95.76130812
2022-03-11 20:40:00,103.2,103.35,103.33,103.2,201.4372337
2022-03-11 20:39:00,103.33,103.42,103.4,103.36,190.85134836
2022-03-11 20:38:00,103.36,103.5,103.47,103.38,246.64898325
2022-03-11 20:37:00,103.42,103.56,103.43,103.5,156.59117912
2022-03-11 20:36:00,103.19,103.51,103.2,103.45,264.56307365
2022-03-11 20:35:00,103.09,103.24,103.09,103.18,80.96853364
2022-03-11 20:34:00,103.1,103.16,103.13,103.13,44.54006821
2022-03-11 20:33:00,103.06,103.11,103.09,103.1,139.47045875
2022-03-11 20:32:00,102.93,103.12,102.98,103.08,136.02258959
2022-03-11 20:31:00,102.95,103.07,103.04,102.98,483.96024943
2022-03-11 20:30:00,103.0,103.1,103.06,103.04,85.61644129
2022-03-11 20:29:00,102.99,103.1,102.99,103.09,144.31101319
2022-03-11 20:28:00,102.95,103.06,103.03,102.99,86.22840432
2022-03-11 20:27:00,103.0,103.21,103.19,103.01,362.3598123
2022-03-11 20:26:00,103.18,103.31,103.21,103.18,93.79475395
2022-03-11 20:25:00,103.21,103.34,103.27,103.24,215.24924541
2022-03-11 20:24:00,103.21,103.3,103.25,103.27,60.45882696
2022-03-11 20:23:00,103.2,103.28,103.25,103.27,129.617606
2022-03-11 20:22:00,103.2,103.29,103.28,103.27,124.44594268
2022-03-11 20:21:00,103.25,103.34,103.25,103.28,106.41530952
2022-03-11 20:20:00,103.23,103.29,103.23,103.25,30.07535999
2022-03-11 20:19:00,103.27,103.37,103.3,103.27,52.41872546
2022-03-11 20:18:00,103.21,103.33,103.21,103.28,129.76481021
2022-03-11 20:17:00,103.04,103.17,103.05,103.16,43.72997465
2022-03-11 20:16:00,102.95,103.04,103.0,103.01,46.58306325
2022-03-11 20:15:00,102.96,103.1,103.09,102.98,8.52043872
2022-03-11 20:14:00,103.08,103.31,103.27,103.08,217.34068716
2022-03-11 20:13:00,103.24,103.3,103.24,103.27,202.09742293
2022-03-11 20:12:00,103.23,103.31,103.23,103.31,83.40554338
2022-03-11 20:11:00,103.06,103.26,103.06,103.25,63.74212221
2022-03-11 20:10:00,102.96,103.08,102.96,103.08,122.51512229
2022-03-11 20:09:00,102.88,102.99,102.91,102.96,50.75364253
2022-03-11 20:08:00,102.88,102.97,102.91,102.88,78.08229758
2022-03-11 20:07:00,102.88,102.92,102.88,102.92,44.79193881
2022-03-11 20:06:00,102.85,102.94,102.92,102.85,227.41797604
2022-03-11 20:05:00,102.84,102.94,102.92,102.91,194.47920359
2022-03-11 20:04:00,102.78,102.93,102.83,102.93,113.53199345
2022-03-11 20:03:00,102.78,102.98,102.98,102.83,388.07048827
2022-03-11 20:02:00,103.0,103.1,103.1,103.02,235.87378459
2022-03-11 20:01:00,102.91,103.1,102.93,103.1,276.2959809
2022-03-11 20:00:00,102.88,103.0,103.0,102.93,218.86974836
2022-03-11 19:59:00,102.97,103.03,102.98,103.02,44.12362721
2022-03-11 19:58:00,102.98,103.13,103.11,103.02,196.29039573
2022-03-11 19:57:00,103.04,103.11,103.07,103.11,74.82762555
2022-03-11 19:56:00,102.99,103.07,103.02,103.04,61.70973278
2022-03-11 19:55:00,103.01,103.13,103.12,103.03,135.92346187
2022-03-11 19:54:00,103.05,103.14,103.05,103.13,72.08426375
2022-03-11 19:53:00,103.05,103.12,103.08,103.05,162.9412686
2022-03-11 19:52:00,103.06,103.18,103.14,103.06,266.16677847
2022-03-11 19:51:00,103.11,103.17,103.12,103.17,99.1500502
2022-03-11 19:50:00,103.07,103.14,103.14,103.12,171.73201918
2022-03-11 19:49:00,103.13,103.19,103.18,103.14,15.60865409
2022-03-11 19:48:00,103.08,103.16,103.15,103.15,60.59505494
2022-03-11 19:47:00,103.0,103.15,103.04,103.14,207.28898519
2022-03-11 19:46:00,102.96,103.05,103.04,103.01,55.61971945
2022-03-11 19:45:00,102.96,103.08,103.05,103.06,256.68402627
2022-03-11 19:44:00,102.93,103.16,103.16,103.03,531.78687509
2022-03-11 19:43:00,103.11,103.18,103.18,103.17,20.71732827
2022-03-11 19:42:00,103.11,103.18,103.11,103.18,53.58188397
2022-03-11 19:41:00,103.03,103.12,103.1,103.09,73.08121486
2022-03-11 19:40:00,103.06,103.22,103.21,103.1,223.88779008
2022-03-11 19:39:00,103.18,103.25,103.24,103.22,84.97476305
2022-03-11 19:38:00,103.19,103.26,103.24,103.2,90.40043975
2022-03-11 19:37:00,103.05,103.27,103.09,103.25,354.19098754
2022-03-11 19:36:00,102.96,103.11,103.0,103.11,238.72896393
2022-03-11 19:35:00,102.93,103.03,102.97,103.0,647.61481419
2022-03-11 19:34:00,102.95,103.06,103.02,102.95,120.32786936
2022-03-11 19:33:00,103.0,103.05,103.02,103.01,45.88398439
2022-03-11 19:32:00,103.04,103.1,103.07,103.06,45.46336291
2022-03-11 19:31:00,103.05,103.13,103.07,103.09,211.39997117
2022-03-11 19:30:00,103.06,103.1,103.1,103.08,40.09471129
2022-03-11 19:29:00,103.05,103.13,103.08,103.11,355.96996157
2022-03-11 19:28:00,102.92,103.11,103.05,103.1,201.72423073
2022-03-11 19:27:00,103.01,103.05,103.05,103.04,36.17246498
2022-03-11 19:26:00,103.05,103.16,103.14,103.07,244.05541871
2022-03-11 19:25:00,103.11,103.16,103.11,103.13,137.04176663
2022-03-11 19:24:00,103.09,103.15,103.11,103.09,41.28700636
2022-03-11 19:23:00,103.05,103.12,103.1,103.05,33.61204546
2022-03-11 19:22:00,103.07,103.15,103.12,103.12,149.51930083
2022-03-11 19:21:00,103.06,103.12,103.09,103.06,23.75867076
2022-03-11 19:20:00,103.04,103.14,103.05,103.05,198.78027629
2022-03-11 19:19:00,103.07,103.16,103.11,103.07,105.3409351
2022-03-11 19:18:00,103.08,103.16,103.14,103.11,61.36767725
2022-03-11 19:17:00,103.1,103.23,103.2,103.11,203.47188371
2022-03-11 19:16:00,103.09,103.18,103.09,103.18,39.22552882
2022-03-11 19:15:00,102.97,103.1,102.97,103.09,193.31697402
2022-03-11 19:14:00,102.8,102.97,102.81,102.97,118.57944827
2022-03-11 19:13:00,102.71,102.89,102.72,102.83,273.51701905
2022-03-11 19:12:00,102.69,102.76,102.71,102.74,147.22197935
2022-03-11 19:11:00,102.66,102.73,102.72,102.69,79.45699315
2022-03-11 19:10:00,102.69,102.78,102.76,102.73,77.02953819
2022-03-11 19:09:00,102.72,102.78,102.73,102.74,91.40653861
2022-03-11 19:08:00,102.35,102.73,102.47,102.73,143.36328897
2022-03-11 19:07:00,102.45,102.61,102.6,102.45,34.84061275
2022-03-11 19:06:00,102.55,102.62,102.58,102.61,239.6520228
2022-03-11 19:05:00,102.55,102.64,102.62,102.58,112.53256344
2022-03-11 19:04:00,102.52,102.64,102.52,102.63,166.59970848
2022-03-11 19:03:00,102.5,102.58,102.58,102.54,252.50389153
2022-03-11 19:02:00,102.53,102.62,102.56,102.57,189.33180811
2022-03-11 19:01:00,102.52,102.58,102.54,102.56,1322.86951405
2022-03-11 19:00:00,102.48,102.59,102.59,102.53,126.90860098
2022-03-11 18:59:00,102.55,102.66,102.61,102.55,108.5039932
2022-03-11 18:58:00,102.61,102.77,102.7,102.62,76.08677494
2022-03-11 18:57:00,102.69,102.83,102.83,102.74,150.0299387
2022-03-11 18:56:00,102.83,102.88,102.83,102.86,17.71849836
2022-03-11 18:55:00,102.77,102.88,102.79,102.86,257.05157597
2022-03-11 18:54:00,102.8,102.89,102.85,102.81,94.53624775
2022-03-11 18:53:00,102.73,102.85,102.73,102.82,53.1096967
2022-03-11 18:52:00,102.7,102.77,102.71,102.74,79.84782514
2022-03-11 18:51:00,102.66,102.77,102.73,102.72,119.95128206
2022-03-11 18:50:00,102.72,103.04,103.0,102.72,290.99681725
2022-03-11 18:49:00,102.88,102.92,102.92,102.91,133.66758992
2022-03-11 18:48:00,102.85,102.92,102.87,102.92,69.29348861
2022-03-11 18:47:00,102.84,102.92,102.88,102.89,145.53890141
2022-03-11 18:46:00,102.86,102.94,102.93,102.88,137.78199923
2022-03-11 18:45:00,102.84,102.93,102.88,102.93,414.75063386
2022-03-11 18:44:00,102.87,102.94,102.93,102.88,53.39341617
2022-03-11 18:43:00,102.88,102.94,102.93,102.89,56.79541109
2022-03-11 18:42:00,102.89,102.96,102.9,102.9,58.15289228
2022-03-11 18:41:00,102.8,102.91,102.84,102.9,26.49313714
2022-03-11 18:40:00,102.84,102.99,102.99,102.86,115.92240218
2022-03-11 18:39:00,102.93,103.2,103.2,103.0,109.33629805
2022-03-11 18:38:00,103.16,103.26,103.24,103.18,59.37169904
2022-03-11 18:37:00,103.21,103.29,103.29,103.26,95.29192464
2022-03-11 18:36:00,103.24,103.31,103.26,103.3,212.12288253
2022-03-11 18:35:00,103.22,103.28,103.26,103.26,47.05645672
2022-03-11 18:34:00,103.22,103.28,103.24,103.23,63.74565241
2022-03-11 18:33:00,103.22,103.27,103.22,103.26,36.43874217
2022-03-11 18:32:00,103.16,103.24,103.16,103.24,103.86251881
2022-03-11 18:31:00,103.09,103.22,103.18,103.17,276.58898408
2022-03-11 18:30:00,103.19,103.34,103.28,103.19,360.94992314
2022-03-11 18:29:00,103.26,103.28,103.27,103.26,66.72186511
2022-03-11 18:28:00,103.18,103.27,103.2,103.27,47.45369228
2022-03-11 18:27:00,103.18,103.22,103.19,103.22,27.50842817
2022-03-11 18:26:00,103.2,103.27,103.23,103.2,28.28459133
2022-03-11 18:25:00,103.21,103.32,103.29,103.22,112.5682223
2022-03-11 18:24:00,103.23,103.3,103.27,103.29,81.55443014
2022-03-11 18:23:00,103.2,103.3,103.25,103.27,47.08490672
2022-03-11 18:22:00,103.16,103.29,103.18,103.25,101.16503483
2022-03-11 18:21:00,103.08,103.2,103.11,103.18,91.25601697
2022-03-11 18:20:00,103.07,103.18,103.14,103.13,137.52723515
2022-03-11 18:19:00,103.02,103.12,103.12,103.12,149.0821025
2022-03-11 18:18:00,103.08,103.15,103.11,103.14,100.45137212
2022-03-11 18:17:00,103.08,103.2,103.12,103.13,57.09392414
2022-03-11 18:16:00,103.09,103.17,103.15,103.12,133.11531616
2022-03-11 18:15:00,103.11,103.21,103.13,103.11,250.7868794
2022-03-11 18:14:00,103.09,103.18,103.18,103.13,74.20387261
2022-03-11 18:13:00,103.1,103.2,103.1,103.17,88.95800303
2022-03-11 18:12:00,103.07,103.15,103.13,103.09,90.65556255
2022-03-11 18:11:00,103.08,103.15,103.12,103.1,98.54617816
2022-03-11 18:10:00,103.08,103.19,103.13,103.16,23.44876573
2022-03-11 18:09:00,103.07,103.22,103.19,103.12,154.76283802
2022-03-11 18:08:00,103.12,103.19,103.12,103.19,44.4718182
2022-03-11 18:07:00,103.04,103.15,103.09,103.12,88.31934183
2022-03-11 18:06:00,103.03,103.13,103.03,103.08,59.84340512
2022-03-11 18:05:00,102.93,103.04,102.93,103.03,185.33463875
2022-03-11 18:04:00,102.88,102.94,102.93,102.94,91.17850096
2022-03-11 18:03:00,102.94,103.12,103.12,102.94,242.20745926
2022-03-11 18:02:00,103.03,103.12,103.03,103.11,208.50565
2022-03-11 18:01:00,102.97,103.04,102.97,103.03,25.03103885
2022-03-11 18:00:00,102.95,103.05,103.02,102.97,203.15227209
2022-03-11 17:59:00,102.98,103.07,103.03,103.04,180.56609417
2022-03-11 17:58:00,102.95,103.03,102.96,103.03,104.92906237
2022-03-11 17:57:00,102.95,102.99,102.99,102.97,31.88289188
2022-03-11 17:56:00,102.94,103.03,102.94,103.03,43.54094394
2022-03-11 17:55:00,102.93,103.03,102.98,102.96,126.2725583
2022-03-11 17:54:00,103.0,103.05,103.03,103.0,148.7467797
2022-03-11 17:53:00,103.02,103.06,103.03,103.02,37.93716727
2022-03-11 17:52:00,103.01,103.08,103.08,103.04,110.79431821
2022-03-11 17:51:00,103.06,103.09,103.09,103.08,71.17865978
2022-03-11 17:50:00,103.04,103.13,103.09,103.12,126.0225221
2022-03-11 17:49:00,103.04,103.13,103.12,103.06,40.31827807
2022-03-11 17:48:00,103.04,103.12,103.04,103.12,87.45849681
2022-03-11 17:47:00,103.0,103.07,103.06,103.04,56.10642653
2022-03-11 17:46:00,103.0,103.09,103.02,103.06,47.49490959
2022-03-11 17:45:00,102.95,103.08,103.02,102.99,128.57896507
2022-03-11 17:44:00,102.91,103.03,102.92,103.03,325.22469094
2022-03-11 17:43:00,102.88,102.95,102.89,102.92,54.90980379
2022-03-11 17:42:00,102.77,102.9,102.81,102.89,100.06189802
2022-03-11 17:41:00,102.85,102.99,102.92,102.85,187.15310775
2022-03-11 17:40:00,102.78,102.95,102.8,102.94,61.47397396
2022-03-11 17:39:00,102.71,102.8,102.74,102.8,19.64659571
2022-03-11 17:38:00,102.69,102.75,102.75,102.74,45.00500812
2022-03-11 17:37:00,102.7,102.75,102.73,102.72,139.82504028
2022-03-11 17:36:00,102.67,102.81,102.78,102.67,96.01031648
2022-03-11 17:35:00,102.67,102.88,102.7,102.82,187.67367842
2022-03-11 17:34:00,102.64,102.75,102.71,102.7,58.56427436
2022-03-11 17:33:00,102.57,102.71,102.59,102.68,128.73026839
2022-03-11 17:32:00,102.57,102.64,102.64,102.59,114.16836247
2022-03-11 17:31:00,102.58,102.65,102.63,102.61,98.08831556
2022-03-11 17:30:00,102.42,102.64,102.44,102.64,64.80677817
2022-03-11 17:29:00,102.39,102.6,102.6,102.42,114.62787547
2022-03-11 17:28:00,102.53,102.61,102.56,102.57,69.5363462
2022-03-11 17:27:00,102.5,102.57,102.55,102.53,44.79555691
2022-03-11 17:26:00,102.55,102.67,102.67,102.56,167.71687625
2022-03-11 17:25:00,102.55,102.68,102.65,102.67,93.44981827
2022-03-11 17:24:00,102.57,102.63,102.63,102.63,213.00042538
2022-03-11 17:23:00,102.66,102.78,102.69,102.67,105.49532886
2022-03-11 17:22:00,102.68,102.74,102.74,102.72,101.23494752
2022-03-11 17:21:00,102.72,102.8,102.75,102.78,77.76694917
2022-03-11 17:20:00,102.61,102.81,102.64,102.81,121.95070426
2022-03-11 17:19:00,102.54,102.65,102.57,102.65,13.52860301
2022-03-11 17:18:00,102.49,102.56,102.52,102.54,112.37199488
2022-03-11 17:17:00,102.5,102.66,102.5,102.53,307.41383549
2022-03-11 17:16:00,102.28,102.56,102.33,102.51,383.25227239
2022-03-11 17:15:00,102.37,102.72,102.67,102.38,203.98274498
2022-03-11 17:14:00,102.58,102.72,102.68,102.64,483.82314134
2022-03-11 17:13:00,102.68,102.75,102.69,102.72,259.76081118
2022-03-11 17:12:00,102.69,102.78,102.74,102.71,66.6349524
2022-03-11 17:11:00,102.69,102.79,102.78,102.74,57.71779725
2022-03-11 17:10:00,102.72,102.76,102.73,102.76,54.9338137
2022-03-11 17:09:00,102.65,102.75,102.72,102.68,43.44916534
2022-03-11 17:08:00,102.66,102.74,102.74,102.7,41.99090411
2022-03-11 17:07:00,102.7,102.76,102.73,102.76,190.34125027
2022-03-11 17:06:00,102.78,102.83,102.8,102.78,18.36507068
2022-03-11 17:05:00,102.69,102.88,102.71,102.84,265.22478782
2022-03-11 17:04:00,102.59,102.73,102.59,102.71,56.92203052
2022-03-11 17:03:00,102.5,102.6,102.56,102.57,88.22651494
2022-03-11 17:02:00,102.57,102.71,102.66,102.57,202.45198521
2022-03-11 17:01:00,102.57,102.85,102.73,102.66,193.38682339
2022-03-11 17:00:00,102.36,102.79,102.48,102.77,376.67042926
2022-03-11 16:59:00,102.26,102.53,102.27,102.5,149.56285091
2022-03-11 16:58:00,102.24,102.33,102.3,102.29,79.38791314
2022-03-11 16:57:00,102.32,102.42,102.32,102.33,160.79788633
2022-03-11 16:56:00,102.3,102.36,102.34,102.33,137.86674509
2022-03-11 16:55:00,102.31,102.36,102.35,102.35,37.07097941
2022-03-11 16:54:00,102.26,102.33,102.3,102.32,144.40585324
2022-03-11 16:53:00,102.26,102.36,102.31,102.32,83.45348524
2022-03-11 16:52:00,102.29,102.46,102.38,102.3,135.28866303
2022-03-11 16:51:00,102.25,102.4,102.32,102.37,92.6718281
2022-03-11 16:50:00,102.23,102.35,102.3,102.34,111.18449431
2022-03-11 16:49:00,102.32,102.41,102.41,102.34,12.62842635
2022-03-11 16:48:00,102.32,102.39,102.38,102.39,136.915564
2022-03-11 16:47:00,102.39,102.49,102.41,102.4,70.86154593
2022-03-11 16:46:00,102.38,102.5,102.49,102.4,162.10569331
2022-03-11 16:45:00,102.38,102.57,102.4,102.49,247.97853229
2022-03-11 16:44:00,102.34,102.43,102.37,102.4,212.7446242
2022-03-11 16:43:00,102.31,102.4,102.34,102.4,144.66189344
2022-03-11 16:42:00,102.22,102.43,102.41,102.36,388.19008701
2022-03-11 16:41:00,102.35,102.62,102.46,102.42,509.44422359
2022-03-11 16:40:00,102.44,102.62,102.54,102.44,166.41358979
2022-03-11 16:39:00,102.34,102.66,102.65,102.52,1022.56077423
2022-03-11 16:38:00,102.51,102.68,102.51,102.66,122.07321944
2022-03-11 16:37:00,102.34,102.56,102.37,102.51,156.77705625
2022-03-11 16:36:00,102.36,102.44,102.4,102.36,190.68297164
2022-03-11 16:35:00,102.22,102.41,102.22,102.38,301.61377528
2022-03-11 16:34:00,102.2,102.47,102.47,102.2,135.52023958
2022-03-11 16:33:00,102.34,102.48,102.4,102.36,424.85567508
2022-03-11 16:32:00,102.37,102.63,102.59,102.42,298.35480382
2022-03-11 16:31:00,102.57,102.91,102.73,102.62,267.17802287
2022-03-11 16:30:00,102.49,102.84,102.6,102.7,248.76403646
2022-03-11 16:29:00,102.64,102.72,102.67,102.65,85.66741775
2022-03-11 16:28:00,102.63,102.81,102.81,102.7,156.98346843
2022-03-12 02:28:00,107.74,107.84,107.74,107.75,68.25049917
2022-03-12 02:27:00,107.67,107.74,107.72,107.74,118.98085066
2022-03-12 02:26:00,107.61,107.75,107.73,107.74,352.31204906
2022-03-12 02:25:00,107.7,107.78,107.78,107.72,67.99874515
2022-03-12 02:24:00,107.71,107.78,107.75,107.78,25.41428327
2022-03-12 02:23:00,107.69,107.78,107.71,107.75,65.52038309
2022-03-12 02:22:00,107.62,107.76,107.63,107.71,157.33623836
2022-03-12 02:21:00,107.62,107.87,107.86,107.62,314.64930327
2022-03-12 02:20:00,107.82,107.92,107.89,107.84,95.4627333
2022-03-12 02:19:00,107.81,107.95,107.94,107.9,140.88527238
2022-03-12 02:18:00,107.92,107.95,107.94,107.94,8.33331376
2022-03-12 02:17:00,107.81,107.95,107.86,107.94,131.41403252
2022-03-12 02:16:00,107.77,107.87,107.78,107.82,543.87750828
2022-03-12 02:15:00,107.7,107.79,107.75,107.79,543.18845529
2022-03-12 02:14:00,107.7,107.75,107.72,107.75,87.62244061
2022-03-12 02:13:00,107.58,107.76,107.58,107.72,185.54241094
2022-03-12 02:12:00,107.52,107.63,107.63,107.58,91.20827087
2022-03-12 02:11:00,107.63,107.7,107.69,107.63,61.74273766
2022-03-12 02:10:00,107.68,107.85,107.82,107.7,88.30525206
2022-03-12 02:09:00,107.79,107.94,107.89,107.81,73.38278185
2022-03-12 02:08:00,107.73,107.92,107.73,107.92,411.9190879
2022-03-12 02:07:00,107.67,107.73,107.72,107.72,38.80567704
2022-03-12 02:06:00,107.57,107.73,107.59,107.73,73.15975785
2022-03-12 02:05:00,107.49,107.67,107.64,107.57,253.93505775
2022-03-12 02:04:00,107.57,107.64,107.6,107.64,118.88649575
2022-03-12 02:03:00,107.46,107.59,107.46,107.57,83.43278193
2022-03-12 02:02:00,107.35,107.48,107.36,107.46,121.95362085
2022-03-12 02:01:00,107.33,107.39,107.39,107.33,19.6780959
2022-03-12 02:00:00,107.2,107.38,107.21,107.37,57.57015104
2022-03-12 01:59:00,107.15,107.23,107.23,107.17,152.55266778
2022-03-12 01:58:00,107.18,107.25,107.25,107.2,65.84253488
2022-03-12 01:57:00,107.2,107.28,107.2,107.26,25.03877244
2022-03-12 01:56:00,107.12,107.25,107.15,107.22,116.06440315
2022-03-12 01:55:00,107.13,107.2,107.16,107.13,46.32658654
2022-03-12 01:54:00,107.1,107.17,107.14,107.17,95.08661089
2022-03-12 01:53:00,107.14,107.24,107.23,107.16,26.04821262
2022-03-12 01:52:00,107.15,107.32,107.17,107.24,202.89401559
2022-03-12 01:51:00,107.1,107.16,107.15,107.14,26.70789686
2022-03-12 01:50:00,107.15,107.22,107.18,107.15,78.45068638
2022-03-12 01:49:00,107.15,107.36,107.34,107.19,351.69533269
2022-03-12 01:48:00,107.21,107.4,107.37,107.28,212.8721147
2022-03-12 01:47:00,107.13,107.5,107.14,107.4,731.94805969
2022-03-12 01:46:00,107.02,107.19,107.06,107.16,111.90175742
2022-03-12 01:45:00,106.94,107.09,107.08,107.05,62.33898396
2022-03-12 01:44:00,106.95,107.05,106.97,107.05,58.72359353
2022-03-12 01:43:00,106.92,106.99,106.93,106.98,14.213118
2022-03-12 01:42:00,106.93,107.06,106.98,106.98,915.30889198
2022-03-12 01:41:00,106.7,107.09,106.7,106.98,983.24145898
2022-03-12 01:40:00,106.66,106.75,106.75,106.69,42.10215706
2022-03-12 01:39:00,106.68,106.76,106.68,106.75,44.54651823
2022-03-12 01:38:00,106.65,106.76,106.67,106.69,116.89043974
2022-03-12 01:37:00,106.64,106.79,106.67,106.69,119.73766243
2022-03-12 01:36:00,106.62,106.88,106.86,106.67,272.04271662
2022-03-12 01:35:00,106.85,106.98,106.85,106.87,242.47887659
2022-03-12 01:34:00,106.73,106.84,106.82,106.84,25.40627679
2022-03-12 01:33:00,106.72,106.84,106.77,106.82,70.01199173
2022-03-12 01:32:00,106.73,106.91,106.89,106.76,215.14952363
2022-03-12 01:31:00,106.65,106.88,106.65,106.87,101.86851955
2022-03-12 01:30:00,106.57,106.71,106.64,106.66,42.58323191
2022-03-12 01:29:00,106.62,106.69,106.64,106.64,89.00428875
2022-03-12 01:28:00,106.53,106.6,106.6,106.6,85.11636841
2022-03-12 01:27:00,106.6,106.77,106.77,106.6,149.88780729
2022-03-12 01:26:00,106.61,106.69,106.61,106.69,70.86895929
2022-03-12 01:25:00,106.49,106.62,106.54,106.61,89.11188544
2022-03-12 01:24:00,106.52,106.61,106.54,106.55,540.43039128
2022-03-12 01:23:00,106.51,106.57,106.57,106.55,27.48432216
2022-03-12 01:22:00,106.53,106.57,106.57,106.54,13.31806627
2022-03-12 01:21:00,106.42,106.57,106.48,106.56,49.25522342
2022-03-12 01:20:00,106.34,106.52,106.46,106.44,147.88635471
2022-03-12 01:19:00,106.42,106.49,106.42,106.47,101.74108092
2022-03-12 01:18:00,106.4,106.48,106.41,106.44,135.20641219
2022-03-12 01:17:00,106.31,106.39,106.35,106.39,96.38066425
2022-03-12 01:16:00,106.32,106.67,106.66,106.36,279.46759672
2022-03-12 01:15:00,106.61,106.8,106.75,106.64,88.26468948
2022-03-12 01:14:00,106.71,106.8,106.71,106.73,121.34293334
2022-03-12 01:13:00,106.65,106.76,106.65,106.74,59.09337745
2022-03-12 01:12:00,106.62,106.95,106.75,106.66,232.89070456
2022-03-12 01:11:00,106.37,106.76,106.42,106.75,146.10908134
2022-03-12 01:10:00,106.24,106.41,106.28,106.4,124.05581026
2022-03-12 01:09:00,106.1,106.31,106.12,106.29,140.98072947
2022-03-12 01:08:00,106.1,106.16,106.14,106.1,119.90877214
2022-03-12 01:07:00,106.1,106.17,106.15,106.15,79.08444128
2022-03-12 01:06:00,106.05,106.17,106.05,106.16,49.20280209
2022-03-12 01:05:00,105.92,106.03,105.94,106.03,88.24192357
2022-03-12 01:04:00,105.82,106.03,105.82,105.95,283.59858257
2022-03-12 01:03:00,105.89,106.08,106.04,105.89,213.51414865
2022-03-12 01:02:00,105.92,106.1,105.99,106.06,129.81359704
2022-03-12 01:01:00,105.95,106.09,105.95,106.02,201.01210746
2022-03-12 01:00:00,105.76,105.93,105.81,105.93,181.66788895
2022-03-12 00:59:00,105.7,105.82,105.77,105.8,119.96606934
2022-03-12 00:58:00,105.76,105.85,105.79,105.77,42.25036222
2022-03-12 00:57:00,105.75,105.85,105.85,105.75,120.71355968
2022-03-12 00:56:00,105.72,105.88,105.72,105.83,59.20828249
2022-03-12 00:55:00,105.7,105.83,105.8,105.74,96.61610263
2022-03-12 00:54:00,105.69,105.81,105.74,105.79,95.3701907
2022-03-12 00:53:00,105.72,105.78,105.74,105.77,48.61937618
2022-03-12 00:52:00,105.7,105.77,105.77,105.76,37.24345517
2022-03-12 00:51:00,105.64,105.79,105.76,105.75,62.32985555
2022-03-12 00:50:00,105.76,105.88,105.87,105.76,77.46423347
2022-03-12 00:49:00,105.84,105.89,105.89,105.87,123.55212121
2022-03-12 00:48:00,105.85,105.91,105.85,105.89,42.70123614
2022-03-12 00:47:00,105.78,105.88,105.79,105.87,122.66220797
2022-03-12 00:46:00,105.76,105.9,105.88,105.76,120.90559572
2022-03-12 00:45:00,105.85,105.99,105.97,105.85,70.89261171
2022-03-12 00:44:00,105.84,105.97,105.9,105.96,78.68955008
2022-03-12 00:43:00,105.76,105.97,105.82,105.97,72.54175818
2022-03-12 00:42:00,105.72,105.84,105.72,105.8,34.73860049
2022-03-12 00:41:00,105.7,105.78,105.74,105.7,80.09758043
2022-03-12 00:40:00,105.72,105.85,105.84,105.76,24.77298083
2022-03-12 00:39:00,105.78,105.86,105.83,105.84,113.42352781
2022-03-12 00:38:00,105.75,105.87,105.8,105.8,103.23966189
2022-03-12 00:37:00,105.77,105.89,105.89,105.82,321.32232779
2022-03-12 00:36:00,105.7,105.85,105.7,105.85,305.63465351
2022-03-12 00:35:00,105.68,105.7,105.68,105.7,18.26394366
2022-03-12 00:34:00,105.62,105.7,105.66,105.7,65.00301339
2022-03-12 00:33:00,105.58,105.67,105.58,105.64,85.74347616
2022-03-12 00:32:00,105.57,105.66,105.57,105.61,66.42126731
2022-03-12 00:31:00,105.57,105.69,105.69,105.58,113.72038491
2022-03-12 00:30:00,105.73,105.93,105.81,105.73,70.67318468
2022-03-12 00:29:00,105.65,105.95,105.65,105.8,357.52822143
2022-03-12 00:28:00,105.58,105.65,105.64,105.63,158.57425973
2022-03-12 00:27:00,105.63,105.67,105.65,105.63,70.45267258
2022-03-12 00:26:00,105.43,105.64,105.44,105.64,286.21636658
2022-03-12 00:25:00,105.36,105.44,105.44,105.42,105.78990178
2022-03-12 00:24:00,105.45,105.56,105.47,105.46,119.47421849
2022-03-12 00:23:00,105.43,105.52,105.5,105.47,195.17477724
2022-03-12 00:22:00,105.44,105.58,105.44,105.46,187.20247077
2022-03-12 00:21:00,105.33,105.43,105.36,105.41,164.37025591
2022-03-12 00:20:00,105.34,105.39,105.35,105.39,63.96934654
2022-03-12 00:19:00,105.3,105.45,105.38,105.36,153.97971952
2022-03-12 00:18:00,105.28,105.39,105.34,105.38,98.7547808
2022-03-12 00:17:00,105.27,105.37,105.37,105.35,146.21008417
2022-03-12 00:16:00,105.3,105.39,105.3,105.39,333.50446782
2022-03-12 00:15:00,105.26,105.35,105.34,105.3,88.71171126
2022-03-12 00:14:00,105.33,105.46,105.35,105.33,200.68693978
2022-03-12 00:13:00,105.23,105.34,105.23,105.34,54.02000003
2022-03-12 00:12:00,105.14,105.22,105.15,105.22,25.31809747
2022-03-12 00:11:00,105.03,105.18,105.03,105.18,175.47422276
2022-03-12 00:10:00,105.0,105.18,105.18,105.0,253.87446264
2022-03-12 00:09:00,105.18,105.31,105.29,105.18,189.81738411
2022-03-12 00:08:00,105.33,105.4,105.38,105.33,52.70863788
2022-03-12 00:07:00,105.21,105.35,105.21,105.35,226.77711965
2022-03-12 00:06:00,105.19,105.44,105.28,105.19,343.60353231
2022-03-12 00:05:00,105.06,105.32,105.06,105.31,160.91680529
2022-03-12 00:04:00,104.84,105.04,104.86,105.04,37.53339282
2022-03-12 00:03:00,104.75,104.94,104.88,104.8,472.7572711
2022-03-12 00:02:00,104.76,104.92,104.82,104.9,147.06951442
2022-03-12 00:01:00,104.63,104.89,104.75,104.77,369.33967455
2022-03-12 00:00:00,104.51,104.78,104.58,104.73,281.84146859
2022-03-11 23:59:00,104.55,104.82,104.81,104.55,338.66400522
2022-03-11 23:58:00,104.83,104.95,104.83,104.84,345.82197701
2022-03-11 23:57:00,104.74,104.86,104.81,104.8,163.55164496
2022-03-11 23:56:00,104.77,104.85,104.85,104.8,83.0997338
2022-03-11 23:55:00,104.84,104.91,104.85,104.84,90.58122916
2022-03-11 23:54:00,104.81,105.08,105.04,104.84,122.89490443
2022-03-11 23:53:00,105.05,105.17,105.17,105.07,37.89038565
2022-03-11 23:52:00,104.83,105.2,104.83,105.13,177.86362742
2022-03-11 23:51:00,104.81,105.06,105.06,104.81,103.40376544
2022-03-11 23:50:00,105.06,105.45,105.45,105.07,248.35113095
2022-03-11 23:49:00,105.3,105.46,105.35,105.46,58.33209231
2022-03-11 23:48:00,105.33,105.38,105.36,105.35,51.46007697
2022-03-11 23:47:00,105.37,105.43,105.42,105.38,32.47624284
2022-03-11 23:46:00,105.38,105.46,105.43,105.4,219.20357603
2022-03-11 23:45:00,105.37,105.54,105.54,105.44,153.38632863
2022-03-11 23:44:00,105.48,105.58,105.49,105.58,70.40784414
2022-03-11 23:43:00,105.45,105.53,105.53,105.48,99.11667371
2022-03-11 23:42:00,105.51,105.58,105.52,105.54,109.71203309
2022-03-11 23:41:00,105.38,105.52,105.42,105.52,72.95574159
2022-03-11 23:40:00,105.4,105.44,105.42,105.42,62.77913712
2022-03-11 23:39:00,105.42,105.47,105.47,105.43,39.18938026
2022-03-11 23:38:00,105.41,105.49,105.48,105.48,230.13458286
2022-03-11 23:37:00,105.47,105.58,105.54,105.48,191.7038083
2022-03-11 23:36:00,105.45,105.57,105.57,105.53,1071.29191915
2022-03-11 23:35:00,105.53,105.58,105.56,105.58,60.96539627
2022-03-11 23:34:00,105.53,105.58,105.56,105.54,456.50840153
2022-03-11 23:33:00,105.52,105.58,105.52,105.56,40.41654145
2022-03-11 23:32:00,105.48,105.55,105.5,105.53,95.85425457
2022-03-11 23:31:00,105.36,105.51,105.41,105.51,298.68182205
2022-03-11 23:30:00,105.41,105.58,105.55,105.44,134.30544178
2022-03-11 23:29:00,105.49,105.56,105.49,105.55,155.43977322
2022-03-11 23:28:00,105.44,105.51,105.44,105.48,195.80108738
2022-03-11 23:27:00,105.31,105.49,105.35,105.46,1022.99686386
2022-03-11 23:26:00,105.27,105.36,105.28,105.34,220.95811908
2022-03-11 23:25:00,105.15,105.29,105.15,105.23,50.30616336
2022-03-11 23:24:00,105.13,105.25,105.25,105.17,113.89469018
2022-03-11 23:23:00,105.06,105.28,105.06,105.25,182.67866255
2022-03-11 23:22:00,105.03,105.08,105.03,105.06,47.44803017
2022-03-11 23:21:00,104.99,105.14,105.1,105.01,45.84723599
2022-03-11 23:20:00,105.02,105.13,105.02,105.1,142.9357512
2022-03-11 23:19:00,104.97,105.07,105.05,104.99,32.22334953
2022-03-11 23:18:00,105.06,105.21,105.2,105.06,122.91753244
2022-03-11 23:17:00,105.14,105.24,105.22,105.22,101.50362454
2022-03-11 23:16:00,105.13,105.22,105.22,105.2,203.52958723
2022-03-11 23:15:00,105.21,105.34,105.23,105.21,144.34103855
2022-03-11 23:14:00,105.12,105.25,105.12,105.25,466.29060235
2022-03-11 23:13:00,104.99,105.22,105.17,105.12,629.03580225
2022-03-11 23:12:00,105.03,105.19,105.03,105.16,312.05957394
2022-03-11 23:11:00,104.86,105.03,104.86,105.03,99.37101685
2022-03-11 23:10:00,104.88,105.01,104.98,104.9,218.51097056
2022-03-11 23:09:00,104.85,105.0,104.88,105.0,79.34023229
2022-03-11 23:08:00,104.86,105.01,104.87,104.93,112.48890515
2022-03-11 23:07:00,104.83,104.96,104.85,104.9,132.14896997
2022-03-11 23:06:00,104.79,104.89,104.83,104.83,41.56196783
2022-03-11 23:05:00,104.78,104.84,104.83,104.8,30.88675902
2022-03-11 23:04:00,104.76,104.86,104.83,104.83,143.87892304
2022-03-11 23:03:00,104.72,104.83,104.74,104.83,277.75497963
2022-03-11 23:02:00,104.7,104.79,104.78,104.73,31.84721407
2022-03-11 23:01:00,104.68,104.8,104.74,104.76,198.95861467
2022-03-11 23:00:00,104.63,104.88,104.85,104.73,1606.16252054
2022-03-11 22:59:00,104.77,104.92,104.77,104.86,65.19271637
2022-03-11 22:58:00,104.75,105.01,105.01,104.75,87.33387534
2022-03-11 22:57:00,104.89,105.01,104.94,105.01,12.46384256
2022-03-11 22:56:00,104.93,105.0,104.99,104.94,17.06286007
2022-03-11 22:55:00,104.94,105.06,105.04,104.97,31.52803557
2022-03-11 22:54:00,104.96,105.07,105.02,105.03,27.38985287
2022-03-11 22:53:00,104.97,105.05,105.05,105.01,49.42840152
2022-03-11 22:52:00,104.88,105.06,104.95,105.05,36.46716888
2022-03-11 22:51:00,104.94,105.09,105.09,104.96,32.87268932
2022-03-11 22:50:00,104.97,105.14,104.97,105.11,101.06182766
2022-03-11 22:49:00,104.91,105.02,104.94,104.98,87.06827855
2022-03-11 22:48:00,104.87,104.93,104.93,104.91,35.33817031
2022-03-11 22:47:00,104.82,104.95,104.83,104.93,50.30727275
2022-03-11 22:46:00,104.84,104.96,104.89,104.86,47.0998436
2022-03-11 22:45:00,104.67,104.95,104.67,104.91,152.8438376
2022-03-11 22:44:00,104.53,104.65,104.54,104.65,43.35962798
2022-03-11 22:43:00,104.52,104.64,104.63,104.52,102.52474872
2022-03-11 22:42:00,104.58,104.63,104.58,104.63,26.08771026
2022-03-11 22:41:00,104.49,104.57,104.52,104.57,25.2435028
2022-03-11 22:40:00,104.49,104.56,104.51,104.51,166.47603839
2022-03-11 22:39:00,104.47,104.55,104.51,104.5,66.87371744
2022-03-11 22:38:00,104.5,104.57,104.56,104.52,58.68869364
2022-03-11 22:37:00,104.49,104.58,104.57,104.52,609.92718384
2022-03-11 22:36:00,104.58,104.62,104.6,104.59,12.44899183
2022-03-11 22:35:00,104.52,104.62,104.52,104.6,53.38068994
2022-03-11 22:34:00,104.47,104.52,104.5,104.51,27.6811592
2022-03-11 22:33:00,104.47,104.52,104.49,104.5,48.83849165
2022-03-11 22:32:00,104.4,104.48,104.43,104.48,37.79849341
2022-03-11 22:31:00,104.36,104.43,104.39,104.43,15.62626238
2022-03-11 22:30:00,104.36,104.41,104.41,104.4,49.57744533
2022-03-11 22:29:00,104.36,104.47,104.45,104.4,107.57327026
2022-03-11 22:28:00,104.38,104.52,104.51,104.46,150.51426551
2022-03-11 22:27:00,104.45,104.52,104.49,104.45,32.94181809
2022-03-11 22:26:00,104.34,104.51,104.34,104.47,46.35480264
2022-03-11 22:25:00,104.36,104.63,104.63,104.37,47.85916076
2022-03-11 22:24:00,104.58,104.63,104.59,104.63,106.35945988
2022-03-11 22:23:00,104.58,104.62,104.61,104.61,39.76162301
2022-03-11 22:22:00,104.59,104.84,104.81,104.6,218.07450999
2022-03-11 22:21:00,104.82,104.99,104.99,104.83,1004.24940926
2022-03-11 22:20:00,104.9,104.99,104.9,104.95,494.40029186
2022-03-11 22:19:00,104.89,104.98,104.9,104.91,359.11409865
2022-03-11 22:18:00,104.88,104.9,104.88,104.88,65.02653983
2022-03-11 22:17:00,104.87,104.93,104.92,104.89,202.31192519
2022-03-11 22:16:00,104.9,104.95,104.95,104.93,117.45770164
2022-03-11 22:15:00,104.92,105.01,105.01,104.95,159.69147508
2022-03-11 22:14:00,104.9,105.02,104.9,105.01,60.06699897
2022-03-11 22:13:00,104.87,105.05,105.02,104.87,125.48019025
2022-03-11 22:12:00,104.86,105.0,104.87,105.0,79.68044455
2022-03-11 22:11:00,104.75,104.87,104.76,104.87,44.99114485
2022-03-11 22:10:00,104.74,104.82,104.78,104.75,173.48526026
2022-03-11 22:09:00,104.62,104.8,104.62,104.8,59.18964418
2022-03-11 22:08:00,104.57,104.74,104.71,104.62,40.79753105
2022-03-11 22:07:00,104.58,104.8,104.77,104.67,189.25676956
2022-03-11 22:06:00,104.74,104.84,104.74,104.74,129.14421513
2022-03-11 22:05:00,104.66,104.75,104.72,104.74,130.16114141
2022-03-11 22:04:00,104.69,104.76,104.72,104.76,173.59727008
2022-03-11 22:03:00,104.62,104.75,104.67,104.68,194.57327442
2022-03-11 22:02:00,104.65,104.74,104.66,104.71,161.6226449
2022-03-11 22:01:00,104.57,104.72,104.57,104.69,170.14494002
2022-03-11 22:00:00,104.46,104.61,104.48,104.54,150.41003367
2022-03-11 21:59:00,104.45,104.53,104.51,104.46,128.19920493
2022-03-11 21:58:00,104.4,104.58,104.53,104.47,203.64873889
2022-03-11 21:57:00,104.41,104.58,104.45,104.58,260.88891695
2022-03-11 21:56:00,104.35,104.45,104.43,104.45,80.87940928
2022-03-11 21:55:00,104.34,104.44,104.43,104.42,150.91283121
2022-03-11 21:54:00,104.35,104.45,104.41,104.43,87.93425145
2022-03-11 21:53:00,104.4,104.45,104.43,104.41,143.28248494
2022-03-11 21:52:00,104.4,104.56,104.56,104.43,216.36843298
2022-03-11 21:51:00,104.53,104.63,104.56,104.58,76.26777197
2022-03-11 21:50:00,104.49,104.69,104.69,104.55,354.62423408
2022-03-11 21:49:00,104.43,104.69,104.43,104.69,69.03785628
2022-03-11 21:48:00,104.39,104.48,104.41,104.47,76.03418741
2022-03-11 21:47:00,104.38,104.48,104.41,104.38,155.44209452
2022-03-11 21:46:00,104.37,104.46,104.44,104.41,184.28331888
2022-03-11 21:45:00,104.4,104.49,104.44,104.43,63.56976314
2022-03-11 21:44:00,104.27,104.44,104.34,104.43,47.61140898
2022-03-11 21:43:00,104.19,104.4,104.19,104.35,67.99026014
2022-03-11 21:42:00,104.24,104.34,104.3,104.24,468.15122199
2022-03-11 21:41:00,104.32,104.43,104.43,104.36,411.93412271
2022-03-11 21:40:00,104.42,104.51,104.5,104.43,206.98797948
2022-03-11 21:39:00,104.47,104.58,104.49,104.51,204.65879183
2022-03-11 21:38:00,104.43,104.52,104.43,104.5,185.64603034
2022-03-11 21:37:00,104.44,104.5,104.49,104.45,123.09890488
2022-03-11 21:36:00,104.45,104.65,104.49,104.53,251.9821641
2022-03-11 21:35:00,104.39,104.62,104.54,104.45,255.69389499
2022-03-11 21:34:00,104.29,104.54,104.3,104.54,319.00618624
2022-03-11 21:33:00,104.25,104.36,104.36,104.34,115.8785879
2022-03-11 21:32:00,104.32,104.46,104.34,104.34,153.10541649
2022-03-11 21:31:00,104.35,104.58,104.56,104.35,147.07213523
2022-03-11 21:30:00,104.35,104.52,104.41,104.48,224.96309061
2022-03-11 21:29:00,104.44,104.55,104.53,104.44,139.50997035
2022-03-11 21:28:00,104.33,104.52,104.42,104.51,148.30432108
2022-03-12 07:28:00,106.53,106.69,106.69,106.59,152.72163835
2022-03-12 07:27:00,106.69,106.79,106.74,106.69,100.87858811
2022-03-12 07:26:00,106.65,106.74,106.67,106.74,33.31111709
2022-03-12 07:25:00,106.48,106.67,106.48,106.67,170.29734096
2022-03-12 07:24:00,106.43,106.54,106.43,106.51,103.89175852
2022-03-12 07:23:00,106.28,106.42,106.34,106.41,124.04899253
2022-03-12 07:22:00,106.31,106.45,106.38,106.34,147.88104431
2022-03-12 07:21:00,106.4,106.92,106.9,106.4,477.05842621
2022-03-12 07:20:00,106.68,106.9,106.68,106.9,112.86747241
2022-03-12 07:19:00,106.61,106.68,106.65,106.68,12.8237929
2022-03-12 07:18:00,106.64,106.72,106.69,106.65,55.38320451
2022-03-12 07:17:00,106.67,106.72,106.68,106.69,58.35864158
2022-03-12 07:16:00,106.57,106.73,106.57,106.7,82.94091775
2022-03-12 07:15:00,106.49,106.57,106.49,106.54,68.43392871
2022-03-12 07:14:00,106.46,106.52,106.51,106.5,7.85737839
2022-03-12 07:13:00,106.44,106.5,106.44,106.45,36.81787219
2022-03-12 07:12:00,106.34,106.48,106.36,106.45,53.92721172
2022-03-12 07:11:00,106.28,106.43,106.29,106.36,114.34929688
2022-03-12 07:10:00,106.29,106.42,106.39,106.29,67.95331029
2022-03-12 07:09:00,106.42,106.44,106.44,106.42,0.30913615
2022-03-12 07:08:00,106.38,106.45,106.45,106.42,39.52493288
2022-03-12 07:07:00,106.46,106.49,106.49,106.47,10.39707959
2022-03-12 07:06:00,106.47,106.54,106.51,106.47,87.22865319
2022-03-12 07:05:00,106.4,106.54,106.43,106.5,101.73245168
2022-03-12 07:04:00,106.31,106.45,106.45,106.45,138.29091032
2022-03-12 07:03:00,106.48,106.59,106.59,106.49,92.54788517
2022-03-12 07:02:00,106.57,106.66,106.66,106.57,13.8628513
2022-03-12 07:01:00,106.6,106.67,106.61,106.67,120.62010013
2022-03-12 07:00:00,106.54,106.63,106.54,106.63,3.85812678
2022-03-12 06:59:00,106.49,106.58,106.49,106.56,100.46988319
2022-03-12 06:58:00,106.43,106.53,106.51,106.5,120.83547347
2022-03-12 06:57:00,106.51,106.55,106.54,106.51,50.71766548
2022-03-12 06:56:00,106.52,106.54,106.53,106.54,7.74934039
2022-03-12 06:55:00,106.48,106.56,106.5,106.53,77.12293695
2022-03-12 06:54:00,106.47,106.57,106.47,106.47,94.63066013
2022-03-12 06:53:00,106.43,106.47,106.43,106.46,17.73468184
2022-03-12 06:52:00,106.4,106.55,106.54,106.4,80.57847564
2022-03-12 06:51:00,106.49,106.57,106.55,106.53,45.46080112
2022-03-12 06:50:00,106.55,106.7,106.68,106.55,41.25669467
2022-03-12 06:49:00,106.65,106.71,106.7,106.69,47.40945519
2022-03-12 06:48:00,106.65,106.74,106.73,106.65,94.01714398
2022-03-12 06:47:00,106.67,106.75,106.7,106.73,81.49155039
2022-03-12 06:46:00,106.58,106.69,106.58,106.69,107.23521034
2022-03-12 06:45:00,106.54,106.57,106.56,106.57,240.75911556
2022-03-12 06:44:00,106.53,106.57,106.56,106.55,27.24436538
2022-03-12 06:43:00,106.5,106.56,106.55,106.55,4.97349737
2022-03-12 06:42:00,106.54,106.57,106.56,106.57,5.77483257
2022-03-12 06:41:00,106.53,106.6,106.56,106.57,35.41587171
2022-03-12 06:40:00,106.45,106.57,106.48,106.56,51.70905732
2022-03-12 06:39:00,106.44,106.52,106.44,106.51,38.08231619
2022-03-12 06:38:00,106.47,106.6,106.6,106.47,16.19478278
2022-03-12 06:37:00,106.52,106.59,106.55,106.59,68.13912938
2022-03-12 06:36:00,106.58,106.66,106.66,106.58,100.20629859
2022-03-12 06:35:00,106.66,106.84,106.8,106.67,195.0352815
2022-03-12 06:34:00,106.78,106.85,106.85,106.83,30.65066628
2022-03-12 06:33:00,106.87,106.97,106.92,106.87,64.31471369
2022-03-12 06:32:00,106.84,106.9,106.89,106.9,9.02851661
2022-03-12 06:31:00,106.84,106.89,106.85,106.89,23.64379226
2022-03-12 06:30:00,106.83,106.9,106.87,106.86,48.82667596
2022-03-12 06:29:00,106.82,106.91,106.91,106.87,42.02823573
2022-03-12 06:28:00,106.91,106.97,106.96,106.91,11.53190619
2022-03-12 06:27:00,106.94,106.98,106.97,106.98,11.47731443
2022-03-12 06:26:00,106.98,107.03,107.02,106.98,28.2113333
2022-03-12 06:25:00,106.97,107.03,106.99,107.03,92.15338596
2022-03-12 06:24:00,106.97,107.07,107.05,106.97,96.47076269
2022-03-12 06:23:00,106.94,107.05,106.98,107.03,57.50449258
2022-03-12 06:22:00,106.93,106.97,106.94,106.96,30.70784777
2022-03-12 06:21:00,106.93,106.97,106.95,106.95,31.65997668
2022-03-12 06:20:00,106.94,106.97,106.97,106.95,14.24483316
2022-03-12 06:19:00,106.88,106.93,106.91,106.93,38.01795639
2022-03-12 06:18:00,106.87,106.91,106.88,106.91,16.05935734
2022-03-12 06:17:00,106.91,106.94,106.93,106.93,7.08224775
2022-03-12 06:16:00,106.89,106.94,106.94,106.92,23.09951805
2022-03-12 06:15:00,106.94,107.04,107.03,106.94,37.3244888
2022-03-12 06:14:00,107.02,107.04,107.02,107.04,11.31050339
2022-03-12 06:13:00,106.96,107.05,106.97,107.02,71.20171166
2022-03-12 06:12:00,106.93,106.98,106.96,106.98,93.87542487
2022-03-12 06:11:00,106.92,107.03,107.0,106.92,17.31591276
2022-03-12 06:10:00,107.02,107.11,107.11,107.03,29.98199066
2022-03-12 06:09:00,107.06,107.14,107.13,107.06,85.53140703
2022-03-12 06:08:00,107.11,107.18,107.16,107.13,67.53737224
2022-03-12 06:07:00,107.15,107.23,107.22,107.15,41.05748393
2022-03-12 06:06:00,107.16,107.27,107.2,107.22,116.03382153
2022-03-12 06:05:00,107.07,107.21,107.15,107.18,236.45021481
2022-03-12 06:04:00,107.17,107.37,107.33,107.18,98.4723667
2022-03-12 06:03:00,107.28,107.37,107.28,107.33,261.0005135
2022-03-12 06:02:00,107.17,107.34,107.24,107.34,621.33511936
2022-03-12 06:01:00,107.17,107.25,107.19,107.22,222.23292481
2022-03-12 06:00:00,107.09,107.19,107.09,107.18,21.84447389
2022-03-12 05:59:00,107.07,107.13,107.12,107.1,125.48306161
2022-03-12 05:58:00,107.08,107.16,107.14,107.13,66.2128591
2022-03-12 05:57:00,107.11,107.14,107.11,107.14,19.63238591
2022-03-12 05:56:00,107.05,107.12,107.09,107.11,88.60015592
2022-03-12 05:55:00,107.01,107.1,107.03,107.1,61.09074105
2022-03-12 05:54:00,107.01,107.04,107.03,107.02,98.62348595
2022-03-12 05:53:00,107.01,107.05,107.04,107.03,92.7808448
2022-03-12 05:52:00,107.0,107.07,107.03,107.06,20.87982336
2022-03-12 05:51:00,106.91,107.04,106.91,107.04,97.14621373
2022-03-12 05:50:00,106.9,106.95,106.93,106.93,41.87468572
2022-03-12 05:49:00,106.92,106.95,106.94,106.95,8.82432753
2022-03-12 05:48:00,106.92,106.95,106.95,106.93,20.88159776
2022-03-12 05:47:00,106.9,106.95,106.93,106.95,18.93268362
2022-03-12 05:46:00,106.9,106.95,106.94,106.93,35.73606516
2022-03-12 05:45:00,106.93,106.99,106.96,106.94,33.12999128
2022-03-12 05:44:00,106.97,107.04,107.04,106.97,85.11996962
2022-03-12 05:43:00,106.94,107.05,107.04,107.02,98.267656
2022-03-12 05:42:00,107.03,107.09,107.04,107.03,31.63777585
2022-03-12 05:41:00,107.04,107.13,107.13,107.06,107.6256799
2022-03-12 05:40:00,107.11,107.22,107.22,107.13,30.94292471
2022-03-12 05:39:00,107.14,107.22,107.19,107.22,18.11847314
2022-03-12 05:38:00,107.15,107.26,107.17,107.2,71.1007949
2022-03-12 05:37:00,107.01,107.19,107.08,107.17,165.76237583
2022-03-12 05:36:00,107.08,107.13,107.12,107.1,43.2728276
2022-03-12 05:35:00,107.1,107.13,107.13,107.11,26.30369053
2022-03-12 05:34:00,107.06,107.13,107.13,107.13,94.29059503
2022-03-12 05:33:00,107.12,107.17,107.16,107.14,7.24861054
2022-03-12 05:32:00,107.14,107.22,107.16,107.2,23.71726941
2022-03-12 05:31:00,107.16,107.22,107.19,107.17,52.45615791
2022-03-12 05:30:00,107.19,107.22,107.19,107.2,26.09954359
2022-03-12 05:29:00,107.15,107.24,107.16,107.19,93.339496
2022-03-12 05:28:00,107.12,107.17,107.14,107.14,56.89935242
2022-03-12 05:27:00,107.1,107.25,107.21,107.15,65.30673214
2022-03-12 05:26:00,107.12,107.21,107.12,107.21,237.27791999
2022-03-12 05:25:00,107.05,107.13,107.05,107.13,35.56693786
2022-03-12 05:24:00,106.98,107.18,107.18,107.08,1586.12781988
2022-03-12 05:23:00,107.1,107.17,107.11,107.17,32.8760157
2022-03-12 05:22:00,107.04,107.12,107.04,107.09,18.0526681
2022-03-12 05:21:00,107.05,107.17,107.1,107.05,34.62588331
2022-03-12 05:20:00,107.0,107.11,107.05,107.11,106.25207527
2022-03-12 05:19:00,107.03,107.21,107.15,107.05,153.69974678
2022-03-12 05:18:00,107.08,107.17,107.08,107.17,242.19577349
2022-03-12 05:17:00,106.97,107.09,107.04,107.09,227.16961185
2022-03-12 05:16:00,106.97,107.06,107.06,107.0,105.31950015
2022-03-12 05:15:00,107.03,107.11,107.11,107.03,109.7022257
2022-03-12 05:14:00,107.06,107.15,107.06,107.11,54.12261466
2022-03-12 05:13:00,107.02,107.09,107.03,107.08,33.43300961
2022-03-12 05:12:00,107.01,107.07,107.04,107.05,27.16397349
2022-03-12 05:11:00,107.11,107.16,107.12,107.11,36.35896474
2022-03-12 05:10:00,107.09,107.18,107.16,107.11,52.08787002
2022-03-12 05:09:00,107.11,107.2,107.11,107.19,40.70813232
2022-03-12 05:08:00,107.06,107.11,107.09,107.1,54.89208105
2022-03-12 05:07:00,107.08,107.12,107.08,107.11,30.98916056
2022-03-12 05:06:00,107.02,107.08,107.08,107.08,46.1055224
2022-03-12 05:05:00,107.0,107.08,107.01,107.08,76.37578837
2022-03-12 05:04:00,106.89,107.01,106.96,107.01,107.9511878
2022-03-12 05:03:00,106.93,106.99,106.97,106.98,62.59577743
2022-03-12 05:02:00,106.86,107.01,106.87,106.96,316.31849609
2022-03-12 05:01:00,106.83,107.06,107.06,106.87,184.40281372
2022-03-12 05:00:00,107.02,107.14,107.13,107.06,60.85898314
2022-03-12 04:59:00,107.05,107.13,107.05,107.13,158.69576506
2022-03-12 04:58:00,107.04,107.08,107.08,107.07,24.13953578
2022-03-12 04:57:00,107.05,107.09,107.07,107.08,13.49075485
2022-03-12 04:56:00,107.04,107.08,107.07,107.07,55.653516
2022-03-12 04:55:00,107.01,107.1,107.02,107.1,81.89554253
2022-03-12 04:54:00,107.02,107.09,107.08,107.04,30.73670801
2022-03-12 04:53:00,107.03,107.11,107.11,107.03,68.13159437
2022-03-12 04:52:00,107.04,107.14,107.1,107.09,73.3323542
2022-03-12 04:51:00,107.08,107.29,107.29,107.08,138.64749276
2022-03-12 04:50:00,107.25,107.4,107.4,107.26,242.35414033
2022-03-12 04:49:00,107.4,107.49,107.43,107.4,70.45522431
2022-03-12 04:48:00,107.4,107.51,107.49,107.46,76.11852215
2022-03-12 04:47:00,107.41,107.52,107.41,107.52,39.19845902
2022-03-12 04:46:00,107.26,107.4,107.28,107.4,158.9743314
2022-03-12 04:45:00,107.25,107.44,107.43,107.25,106.99820033
2022-03-12 04:44:00,107.38,107.46,107.38,107.45,39.07828253
2022-03-12 04:43:00,107.36,107.43,107.39,107.37,283.15107103
2022-03-12 04:42:00,107.24,107.38,107.26,107.38,51.05403991
2022-03-12 04:41:00,107.12,107.22,107.13,107.22,30.75912371
2022-03-12 04:40:00,107.1,107.16,107.11,107.13,39.05937799
2022-03-12 04:39:00,107.1,107.15,107.11,107.12,88.33032354
2022-03-12 04:38:00,107.09,107.18,107.15,107.09,456.55008417
2022-03-12 04:37:00,107.1,107.18,107.12,107.16,85.91871555
2022-03-12 04:36:00,106.97,107.12,107.01,107.12,84.98072734
2022-03-12 04:35:00,107.0,107.11,107.01,107.05,307.97307009
2022-03-12 04:34:00,106.88,107.01,106.95,107.0,228.68568563
2022-03-12 04:33:00,106.93,107.04,107.01,106.96,162.49240307
2022-03-12 04:32:00,107.01,107.08,107.06,107.02,28.49552509
2022-03-12 04:31:00,107.0,107.09,107.07,107.06,82.29507643
2022-03-12 04:30:00,107.02,107.07,107.05,107.07,23.74072446
2022-03-12 04:29:00,106.87,107.05,106.87,107.02,83.91360969
2022-03-12 04:28:00,106.84,107.01,107.01,106.84,11.82245505
2022-03-12 04:27:00,106.86,107.0,106.86,107.0,44.46637153
2022-03-12 04:26:00,106.9,107.0,106.97,106.9,24.66926959
2022-03-12 04:25:00,106.93,107.08,107.04,106.97,458.64880682
2022-03-12 04:24:00,106.96,107.08,106.97,107.03,141.7106117
2022-03-12 04:23:00,106.93,106.98,106.94,106.98,43.3919275
2022-03-12 04:22:00,106.92,106.99,106.92,106.97,28.46843229
2022-03-12 04:21:00,106.83,106.93,106.83,106.93,123.48333219
2022-03-12 04:20:00,106.83,106.95,106.85,106.83,175.22428109
2022-03-12 04:19:00,106.83,106.86,106.83,106.86,25.27083352
2022-03-12 04:18:00,106.65,106.84,106.68,106.83,87.23615386
2022-03-12 04:17:00,106.65,106.71,106.66,106.65,62.54798142
2022-03-12 04:16:00,106.46,106.61,106.46,106.61,149.21462189
2022-03-12 04:15:00,106.33,106.48,106.44,106.46,76.9082286
2022-03-12 04:14:00,106.45,106.49,106.49,106.47,27.00216493
2022-03-12 04:13:00,106.37,106.49,106.38,106.49,113.6408993
2022-03-12 04:12:00,106.23,106.39,106.27,106.37,162.22981553
2022-03-12 04:11:00,106.16,106.34,106.34,106.28,192.33862738
2022-03-12 04:10:00,106.32,106.43,106.35,106.35,280.70029847
2022-03-12 04:09:00,106.34,106.54,106.47,106.36,204.46281212
2022-03-12 04:08:00,106.41,106.47,106.41,106.47,77.52513006
2022-03-12 04:07:00,106.24,106.41,106.29,106.4,127.96089002
2022-03-12 04:06:00,106.2,106.37,106.22,106.27,165.55508241
2022-03-12 04:05:00,106.16,106.3,106.24,106.22,74.97332227
2022-03-12 04:04:00,106.24,106.35,106.34,106.26,55.33360648
2022-03-12 04:03:00,106.15,106.32,106.22,106.32,233.71445237
2022-03-12 04:02:00,106.11,106.2,106.19,106.2,302.68634584
2022-03-12 04:01:00,106.14,106.26,106.26,106.16,160.98278597
2022-03-12 04:00:00,106.24,106.35,106.35,106.24,45.28475133
2022-03-12 03:59:00,106.29,106.35,106.33,106.35,77.04566175
2022-03-12 03:58:00,106.22,106.34,106.33,106.34,157.05182484
2022-03-12 03:57:00,106.24,106.38,106.24,106.29,346.21661536
2022-03-12 03:56:00,106.21,106.32,106.31,106.21,81.68369323
2022-03-12 03:55:00,106.16,106.45,106.45,106.33,192.59540417
2022-03-12 03:54:00,106.42,106.51,106.5,106.43,15.72624103
2022-03-12 03:53:00,106.46,106.62,106.61,106.48,130.2461634
2022-03-12 03:52:00,106.57,106.74,106.73,106.62,239.35113267
2022-03-12 03:51:00,106.63,106.73,106.63,106.72,216.15339963
2022-03-12 03:50:00,106.45,106.66,106.49,106.61,209.29041502
2022-03-12 03:49:00,106.44,106.5,106.48,106.5,13.62912878
2022-03-12 03:48:00,106.43,106.52,106.5,106.48,121.86174451
2022-03-12 03:47:00,106.47,106.51,106.48,106.47,108.85769291
2022-03-12 03:46:00,106.45,106.57,106.55,106.48,19.06983802
2022-03-12 03:45:00,106.54,106.59,106.58,106.56,44.18141834
2022-03-12 03:44:00,106.55,106.68,106.68,106.58,97.64655098
2022-03-12 03:43:00,106.65,106.69,106.67,106.69,10.79379344
2022-03-12 03:42:00,106.61,106.67,106.61,106.64,24.48499531
2022-03-12 03:41:00,106.55,106.61,106.56,106.61,131.71628109
2022-03-12 03:40:00,106.53,106.67,106.67,106.57,66.0670748
2022-03-12 03:39:00,106.52,106.7,106.7,106.62,1522.63208391
2022-03-12 03:38:00,106.7,106.74,106.7,106.7,78.6016235
2022-03-12 03:37:00,106.69,106.77,106.73,106.7,75.72010079
2022-03-12 03:36:00,106.71,107.03,106.95,106.73,267.40086747
2022-03-12 03:35:00,106.89,106.95,106.89,106.93,9.85128435
2022-03-12 03:34:00,106.85,106.92,106.92,106.85,14.11574469
2022-03-12 03:33:00,106.88,107.04,107.04,106.92,19.8869686
2022-03-12 03:32:00,106.95,107.04,106.99,107.04,43.94544713
2022-03-12 03:31:00,106.94,107.01,106.96,106.95,34.32653882
2022-03-12 03:30:00,106.95,107.1,107.04,106.96,223.45960165
2022-03-12 03:29:00,106.92,107.08,106.93,106.98,288.84382212
2022-03-12 03:28:00,106.87,106.93,106.88,106.93,56.86039511
2022-03-12 03:27:00,106.87,106.93,106.91,106.89,13.38272985
2022-03-12 03:26:00,106.86,106.97,106.94,106.9,197.95771027
2022-03-12 03:25:00,106.96,107.04,107.04,106.97,5.60698928
2022-03-12 03:24:00,106.98,107.04,107.04,107.02,30.96618361
2022-03-12 03:23:00,106.89,107.04,106.91,107.04,79.91858902
2022-03-12 03:22:00,106.89,106.93,106.91,106.91,30.61399441
2022-03-12 03:21:00,106.92,106.97,106.93,106.92,141.02846471
2022-03-12 03:20:00,106.9,106.95,106.9,106.93,37.32839122
2022-03-12 03:19:00,106.94,107.04,106.96,106.94,219.4235508
2022-03-12 03:18:00,106.84,107.01,106.86,106.94,173.46204114
2022-03-12 03:17:00,106.72,106.89,106.77,106.85,342.48619012
2022-03-12 03:16:00,106.77,106.87,106.87,106.8,864.72456005
2022-03-12 03:15:00,106.79,107.0,106.98,106.87,109.46939336
2022-03-12 03:14:00,106.87,106.99,106.88,106.99,579.79301811
2022-03-12 03:13:00,106.88,107.01,106.95,106.89,85.9534033
2022-03-12 03:12:00,106.89,106.95,106.89,106.95,24.3006518
2022-03-12 03:11:00,106.85,106.89,106.86,106.89,20.65640026
2022-03-12 03:10:00,106.87,106.96,106.91,106.89,96.47518354
2022-03-12 03:09:00,106.89,106.93,106.9,106.92,59.12528119
2022-03-12 03:08:00,106.83,106.92,106.92,106.9,47.29238112
2022-03-12 03:07:00,106.77,106.94,106.77,106.94,74.23894796
2022-03-12 03:06:00,106.75,106.88,106.78,106.78,157.8140455
2022-03-12 03:05:00,106.71,106.78,106.71,106.78,31.29107379
2022-03-12 03:04:00,106.61,106.73,106.63,106.7,223.83419263
2022-03-12 03:03:00,106.6,106.65,106.62,106.65,51.1630753
2022-03-12 03:02:00,106.6,106.72,106.69,106.62,55.43332963
2022-03-12 03:01:00,106.59,106.65,106.59,106.65,113.37953602
2022-03-12 03:00:00,106.49,106.65,106.59,106.56,1847.36818855
2022-03-12 02:59:00,106.63,106.64,106.63,106.64,23.82854878
2022-03-12 02:58:00,106.61,106.71,106.66,106.61,267.87985574
2022-03-12 02:57:00,106.59,106.84,106.66,106.63,126.36532492
2022-03-12 02:56:00,106.66,106.77,106.73,106.69,159.21674731
2022-03-12 02:55:00,106.74,106.88,106.8,106.74,167.24953409
2022-03-12 02:54:00,106.7,106.81,106.7,106.8,300.36873019
2022-03-12 02:53:00,106.71,106.9,106.89,106.71,83.65285733
2022-03-12 02:52:00,106.82,106.9,106.82,106.87,328.52405644
2022-03-12 02:51:00,106.64,106.79,106.64,106.79,203.07809129
2022-03-12 02:50:00,106.63,106.73,106.63,106.67,146.81340123
2022-03-12 02:49:00,106.56,106.66,106.64,106.61,1370.46248088
2022-03-12 02:48:00,106.63,106.83,106.83,106.65,252.36788039
2022-03-12 02:47:00,106.79,106.83,106.82,106.82,46.07589174
2022-03-12 02:46:00,106.68,106.83,106.7,106.8,235.29993625
2022-03-12 02:45:00,106.43,106.74,106.43,106.74,271.04102866
2022-03-12 02:44:00,106.46,106.73,106.65,106.47,433.02919606
2022-03-12 02:43:00,106.6,106.69,106.68,106.65,86.23014101
2022-03-12 02:42:00,106.59,106.72,106.59,106.66,107.04302141
2022-03-12 02:41:00,106.5,106.7,106.5,106.59,282.97058482
2022-03-12 02:40:00,106.5,106.8,106.76,106.5,135.42649241
2022-03-12 02:39:00,106.73,106.97,106.97,106.73,367.93758574
2022-03-12 02:38:00,106.97,107.08,107.06,106.98,79.80813614
2022-03-12 02:37:00,107.02,107.13,107.12,107.05,87.71170493
2022-03-12 02:36:00,107.05,107.14,107.11,107.11,438.51469681
2022-03-12 02:35:00,107.07,107.2,107.2,107.11,343.99345069
2022-03-12 02:34:00,107.08,107.25,107.14,107.25,1442.72628179
2022-03-12 02:33:00,107.06,107.29,107.28,107.14,133.41794317
2022-03-12 02:32:00,107.25,107.56,107.53,107.27,478.71552203
2022-03-12 02:31:00,107.51,107.57,107.54,107.56,56.81956825
2022-03-12 02:30:00,107.53,107.65,107.6,107.53,526.42583309
2022-03-12 02:29:00,107.56,107.75,107.74,107.59,80.57921867
2022-03-12 02:28:00,107.74,107.84,107.74,107.75,68.25049917
2022-03-12 12:28:00,105.56,105.58,105.56,105.56,14.15146596
2022-03-12 12:27:00,105.51,105.58,105.58,105.52,85.23628539
2022-03-12 12:26:00,105.52,105.58,105.53,105.58,33.43503867
2022-03-12 12:25:00,105.52,105.58,105.57,105.52,39.78443961
2022-03-12 12:24:00,105.54,105.58,105.57,105.58,17.81067988
2022-03-12 12:23:00,105.54,105.59,105.56,105.57,20.78454935
2022-03-12 12:22:00,105.54,105.57,105.54,105.55,60.45583058
2022-03-12 12:21:00,105.53,105.64,105.54,105.54,131.70782461
2022-03-12 12:20:00,105.46,105.56,105.5,105.54,112.98331865
2022-03-12 12:19:00,105.43,105.55,105.45,105.52,180.06966934
2022-03-12 12:18:00,105.38,105.48,105.38,105.47,68.54733814
2022-03-12 12:17:00,105.28,105.37,105.31,105.37,51.81424516
2022-03-12 12:16:00,105.22,105.3,105.27,105.3,99.27983703
2022-03-12 12:15:00,105.28,105.38,105.32,105.28,109.46541246
2022-03-12 12:14:00,105.25,105.32,105.27,105.32,5.15668856
2022-03-12 12:13:00,105.26,105.32,105.3,105.26,5.39423817
2022-03-12 12:12:00,105.29,105.36,105.36,105.29,61.72514443
2022-03-12 12:11:00,105.35,105.4,105.36,105.35,42.91988727
2022-03-12 12:10:00,105.33,105.41,105.33,105.36,18.90776488
2022-03-12 12:09:00,105.3,105.4,105.4,105.3,5.48613486
2022-03-12 12:08:00,105.28,105.41,105.29,105.41,38.90167266
2022-03-12 12:07:00,105.26,105.34,105.32,105.3,83.29142609
2022-03-12 12:06:00,105.26,105.33,105.31,105.33,169.5324421
2022-03-12 12:05:00,105.33,105.42,105.33,105.35,32.09505936
2022-03-12 12:04:00,105.22,105.33,105.26,105.33,55.75506676
2022-03-12 12:03:00,105.24,105.4,105.38,105.24,57.74802248
2022-03-12 12:02:00,105.37,105.46,105.41,105.38,49.1324266
2022-03-12 12:01:00,105.31,105.41,105.31,105.41,107.64623523
2022-03-12 12:00:00,105.29,105.49,105.38,105.29,107.42004587
2022-03-12 11:59:00,105.32,105.34,105.32,105.34,1.94966753
2022-03-12 11:58:00,105.17,105.34,105.32,105.33,223.15014415
2022-03-12 11:57:00,105.33,105.35,105.33,105.34,41.38481206
2022-03-12 11:56:00,105.28,105.35,105.31,105.35,68.98502274
2022-03-12 11:55:00,105.23,105.36,105.33,105.26,71.07380545
2022-03-12 11:54:00,105.29,105.35,105.29,105.33,65.37783454
2022-03-12 11:53:00,105.26,105.35,105.35,105.26,131.53815945
2022-03-12 11:52:00,105.15,105.33,105.15,105.33,209.66778525
2022-03-12 11:51:00,105.05,105.13,105.11,105.13,66.66971813
2022-03-12 11:50:00,105.12,105.22,105.12,105.15,67.52840532
2022-03-12 11:49:00,105.05,105.11,105.05,105.1,115.0284612
2022-03-12 11:48:00,105.02,105.08,105.07,105.05,39.37423024
2022-03-12 11:47:00,105.0,105.14,105.05,105.03,183.27978244
2022-03-12 11:46:00,105.05,105.45,105.37,105.05,530.33818348
2022-03-12 11:45:00,105.27,105.38,105.27,105.37,452.11883049
2022-03-12 11:44:00,105.28,105.33,105.31,105.28,143.30476504
2022-03-12 11:43:00,105.31,105.44,105.43,105.31,25.39710844
2022-03-12 11:42:00,105.36,105.45,105.38,105.45,262.8111948
2022-03-12 11:41:00,105.37,105.51,105.51,105.38,155.61234153
2022-03-12 11:40:00,105.43,105.56,105.43,105.51,54.46873221
2022-03-12 11:39:00,105.41,105.58,105.54,105.43,44.85569114
2022-03-12 11:38:00,105.54,105.62,105.6,105.56,94.17608639
2022-03-12 11:37:00,105.59,105.61,105.61,105.61,3.28144628
2022-03-12 11:36:00,105.59,105.66,105.63,105.59,307.24778568
2022-03-12 11:35:00,105.63,105.72,105.66,105.63,76.96949925
2022-03-12 11:34:00,105.69,105.72,105.71,105.72,3.74483655
2022-03-12 11:33:00,105.69,105.72,105.72,105.71,2.46607075
2022-03-12 11:32:00,105.6,105.64,105.63,105.64,57.4328131
2022-03-12 11:31:00,105.61,105.68,105.68,105.61,9.51455934
2022-03-12 11:30:00,105.56,105.7,105.59,105.68,60.18171546
2022-03-12 11:29:00,105.58,105.75,105.75,105.59,183.87220979
2022-03-12 11:28:00,105.78,105.93,105.93,105.78,84.35745435
2022-03-12 11:27:00,105.93,105.95,105.94,105.93,19.49810557
2022-03-12 11:26:00,105.86,105.95,105.86,105.94,41.79980263
2022-03-12 11:25:00,105.86,105.9,105.9,105.89,30.87275771
2022-03-12 11:24:00,105.89,106.0,106.0,105.89,30.94328812
2022-03-12 11:23:00,106.0,106.02,106.02,106.02,63.44143147
2022-03-12 11:22:00,105.92,105.98,105.94,105.98,21.63994793
2022-03-12 11:21:00,105.89,105.96,105.89,105.94,47.55445254
2022-03-12 11:20:00,105.86,105.93,105.87,105.89,45.13137047
2022-03-12 11:19:00,105.83,105.87,105.84,105.83,26.72891628
2022-03-12 11:18:00,105.77,105.83,105.77,105.83,25.03898841
2022-03-12 11:17:00,105.75,105.84,105.84,105.75,37.22771775
2022-03-12 11:16:00,105.81,105.89,105.86,105.84,2.81721078
2022-03-12 11:15:00,105.82,105.86,105.84,105.86,63.69837702
2022-03-12 11:14:00,105.78,105.87,105.8,105.86,56.5463721
2022-03-12 11:13:00,105.76,105.81,105.76,105.78,19.7632507
2022-03-12 11:12:00,105.75,105.81,105.8,105.75,21.45540661
2022-03-12 11:11:00,105.76,105.77,105.77,105.77,29.50159309
2022-03-12 11:10:00,105.71,105.82,105.81,105.77,135.12882209
2022-03-12 11:09:00,105.81,105.85,105.83,105.82,22.56388115
2022-03-12 11:08:00,105.77,105.8,105.78,105.8,15.43322502
2022-03-12 11:07:00,105.77,105.84,105.79,105.79,2.92040952
2022-03-12 11:06:00,105.79,105.82,105.8,105.81,23.36595577
2022-03-12 11:05:00,105.74,105.85,105.74,105.78,123.30061368
2022-03-12 11:04:00,105.71,105.87,105.79,105.74,314.00233093
2022-03-12 11:03:00,105.81,105.91,105.83,105.81,948.61190324
2022-03-12 11:02:00,105.81,105.96,105.96,105.81,252.55609058
2022-03-12 11:01:00,105.98,106.06,106.06,105.98,315.82345208
2022-03-12 11:00:00,106.05,106.1,106.1,106.07,28.44060438
2022-03-12 10:59:00,106.07,106.13,106.12,106.11,293.67541814
2022-03-12 10:58:00,106.07,106.11,106.11,106.1,8.51606008
2022-03-12 10:57:00,106.04,106.11,106.06,106.11,22.23993873
2022-03-12 10:56:00,106.03,106.1,106.03,106.06,29.43714149
2022-03-12 10:55:00,105.89,105.99,105.93,105.99,71.01238978
2022-03-12 10:54:00,105.87,105.93,105.87,105.92,1.62510715
2022-03-12 10:53:00,105.87,106.01,106.01,105.9,156.64332919
2022-03-12 10:52:00,106.01,106.06,106.05,106.01,142.00838492
2022-03-12 10:51:00,105.98,106.03,106.0,106.03,8.125152
2022-03-12 10:50:00,105.97,106.02,106.01,106.01,22.0787633
2022-03-12 10:49:00,105.96,106.06,106.01,105.98,209.52962075
2022-03-12 10:48:00,105.97,106.02,105.98,106.02,22.6603589
2022-03-12 10:47:00,105.95,106.01,105.95,106.01,10.48202165
2022-03-12 10:46:00,105.93,106.01,105.93,105.97,32.00931031
2022-03-12 10:45:00,105.94,106.08,106.06,105.94,140.65500836
2022-03-12 10:44:00,106.06,106.11,106.1,106.06,33.13993411
2022-03-12 10:43:00,106.12,106.16,106.13,106.12,258.74368905
2022-03-12 10:42:00,106.11,106.29,106.29,106.12,91.71138008
2022-03-12 10:41:00,106.28,106.45,106.34,106.29,385.97415227
2022-03-12 10:40:00,106.28,106.34,106.29,106.34,25.52560989
2022-03-12 10:39:00,106.25,106.34,106.27,106.29,88.23075842
2022-03-12 10:38:00,106.23,106.27,106.25,106.24,43.69455311
2022-03-12 10:37:00,106.16,106.22,106.16,106.2,24.96733897
2022-03-12 10:36:00,106.15,106.35,106.35,106.16,73.02648143
2022-03-12 10:35:00,106.27,106.34,106.3,106.34,2.8691483
2022-03-12 10:34:00,106.28,106.28,106.28,106.28,0.33633901
2022-03-12 10:33:00,106.24,106.3,106.28,106.3,77.57555697
2022-03-12 10:32:00,106.25,106.31,106.25,106.27,32.46274308
2022-03-12 10:31:00,106.2,106.27,106.27,106.22,4.12461026
2022-03-12 10:30:00,106.26,106.31,106.31,106.26,35.58286327
2022-03-12 10:29:00,106.22,106.32,106.22,106.31,385.769246
2022-03-12 10:28:00,106.17,106.2,106.2,106.17,77.09912346
2022-03-12 10:27:00,106.12,106.17,106.14,106.15,22.25806977
2022-03-12 10:26:00,106.1,106.2,106.15,106.11,84.64229461
2022-03-12 10:25:00,106.09,106.16,106.15,106.14,53.38193851
2022-03-12 10:24:00,106.15,106.19,106.19,106.17,19.55722384
2022-03-12 10:23:00,106.13,106.18,106.13,106.18,48.46408007
2022-03-12 10:22:00,106.11,106.13,106.12,106.11,12.95501966
2022-03-12 10:21:00,106.04,106.12,106.04,106.1,4.01014879
2022-03-12 10:20:00,105.99,106.06,106.03,106.02,43.04427425
2022-03-12 10:19:00,106.0,106.04,106.0,106.03,38.7476299
2022-03-12 10:18:00,105.97,106.03,106.0,106.0,21.56030379
2022-03-12 10:17:00,105.97,106.0,105.97,106.0,14.90618915
2022-03-12 10:16:00,105.96,106.1,106.1,106.01,174.0004363
2022-03-12 10:15:00,106.05,106.12,106.06,106.05,220.71384796
2022-03-12 10:14:00,106.03,106.12,106.07,106.06,176.73980533
2022-03-12 10:13:00,105.93,105.98,105.95,105.96,57.70399552
2022-03-12 10:12:00,105.93,106.05,105.98,105.93,172.38201001
2022-03-12 10:11:00,105.92,105.97,105.92,105.97,1.85824158
2022-03-12 10:10:00,105.87,105.96,105.87,105.9,28.94643575
2022-03-12 10:09:00,105.84,105.87,105.84,105.87,18.03478516
2022-03-12 10:08:00,105.77,105.85,105.81,105.85,22.89071042
2022-03-12 10:07:00,105.75,105.79,105.76,105.77,8.68028985
2022-03-12 10:06:00,105.79,105.88,105.83,105.8,66.46731013
2022-03-12 10:05:00,105.87,105.94,105.9,105.89,58.92199994
2022-03-12 10:04:00,105.89,105.98,105.98,105.91,101.75459592
2022-03-12 10:03:00,105.95,105.99,105.97,105.98,8.43052642
2022-03-12 10:02:00,105.93,105.99,105.96,105.95,5.91901723
2022-03-12 10:01:00,106.0,106.06,106.06,106.0,10.94596925
2022-03-12 10:00:00,105.94,106.09,105.97,106.09,15.49344705
2022-03-12 09:59:00,105.96,106.03,106.03,105.96,49.67455913
2022-03-12 09:58:00,106.0,106.07,106.07,106.01,16.40413271
2022-03-12 09:57:00,105.97,106.08,105.97,106.08,47.1631655
2022-03-12 09:56:00,105.96,106.02,105.96,105.99,37.62793193
2022-03-12 09:55:00,105.93,105.97,105.95,105.95,5.8992123
2022-03-12 09:54:00,105.83,105.94,105.86,105.93,11.90086016
2022-03-12 09:53:00,105.81,105.86,105.86,105.86,23.36711457
2022-03-12 09:52:00,105.78,105.89,105.78,105.88,56.54706182
2022-03-12 09:51:00,105.72,105.79,105.79,105.76,86.18507872
2022-03-12 09:50:00,105.81,106.0,106.0,105.81,69.9331455
2022-03-12 09:49:00,105.99,106.04,106.04,106.01,82.58891636
2022-03-12 09:48:00,106.1,106.14,106.1,106.1,28.94306161
2022-03-12 09:47:00,106.07,106.16,106.11,106.07,44.55922184
2022-03-12 09:46:00,106.12,106.22,106.17,106.12,219.38560407
2022-03-12 09:45:00,106.14,106.22,106.17,106.15,83.85855634
2022-03-12 09:44:00,106.14,106.21,106.15,106.21,87.74045862
2022-03-12 09:43:00,106.11,106.21,106.18,106.15,91.48044508
2022-03-12 09:42:00,106.13,106.2,106.13,106.16,50.69602007
2022-03-12 09:41:00,106.08,106.17,106.15,106.13,112.19845132
2022-03-12 09:40:00,106.14,106.29,106.29,106.15,25.89515134
2022-03-12 09:39:00,106.17,106.34,106.17,106.26,485.20368189
2022-03-12 09:38:00,106.15,106.22,106.22,106.15,94.08809373
2022-03-12 09:37:00,106.18,106.25,106.25,106.22,35.90714042
2022-03-12 09:36:00,106.23,106.29,106.28,106.24,68.78397031
2022-03-12 09:35:00,106.26,106.35,106.35,106.28,30.21869596
2022-03-12 09:34:00,106.24,106.35,106.27,106.28,114.65255154
2022-03-12 09:33:00,106.22,106.31,106.25,106.24,39.52938053
2022-03-12 09:32:00,106.19,106.24,106.21,106.24,62.04077875
2022-03-12 09:31:00,106.17,106.21,106.2,106.19,5.07797845
2022-03-12 09:30:00,106.17,106.21,106.17,106.19,30.51982524
2022-03-12 09:29:00,106.01,106.21,106.01,106.2,129.39523465
2022-03-12 09:28:00,105.96,106.02,105.97,106.02,28.01685201
2022-03-12 09:27:00,105.88,105.98,105.88,105.98,105.76752253
2022-03-12 09:26:00,105.8,105.88,105.8,105.88,21.74342375
2022-03-12 09:25:00,105.8,105.89,105.87,105.8,12.39435393
2022-03-12 09:24:00,105.87,105.95,105.94,105.87,76.70170795
2022-03-12 09:23:00,105.96,106.01,105.99,105.98,11.05872969
2022-03-12 09:22:00,106.0,106.03,106.02,106.0,26.59438064
2022-03-12 09:21:00,105.97,106.05,106.03,106.02,109.30894979
2022-03-12 09:20:00,105.91,106.03,106.0,106.03,123.22483113
2022-03-12 09:19:00,105.97,106.03,106.0,106.02,16.5635855
2022-03-12 09:18:00,105.96,106.0,105.97,105.99,10.22332908
2022-03-12 09:17:00,105.91,105.98,105.97,105.98,43.5186491
2022-03-12 09:16:00,105.95,105.98,105.95,105.98,25.71022534
2022-03-12 09:15:00,105.98,106.08,106.06,106.01,67.88815435
2022-03-12 09:14:00,106.01,106.06,106.06,106.04,39.96765698
2022-03-12 09:13:00,106.06,106.1,106.07,106.06,23.6599258
2022-03-12 09:12:00,106.06,106.14,106.14,106.07,31.21097915
2022-03-12 09:11:00,106.05,106.12,106.06,106.12,72.58353779
2022-03-12 09:10:00,105.95,106.03,105.95,106.03,82.7425157
2022-03-12 09:09:00,105.91,106.04,106.04,105.96,64.77217044
2022-03-12 09:08:00,105.98,106.06,105.98,106.06,56.81841687
2022-03-12 09:07:00,105.88,105.98,105.95,105.97,62.79419341
2022-03-12 09:06:00,105.96,106.08,106.08,105.96,60.46054765
2022-03-12 09:05:00,105.99,106.06,106.01,106.06,53.21937411
2022-03-12 09:04:00,105.93,106.01,105.93,106.01,43.76126139
2022-03-12 09:03:00,105.93,105.96,105.94,105.93,20.2069187
2022-03-12 09:02:00,105.88,105.91,105.9,105.91,8.15242981
2022-03-12 09:01:00,105.84,105.91,105.84,105.9,35.91313999
2022-03-12 09:00:00,105.76,105.92,105.87,105.86,154.67758166
2022-03-12 08:59:00,105.87,105.97,105.97,105.87,56.05219198
2022-03-12 08:58:00,105.99,106.04,106.01,105.99,2.82647375
2022-03-12 08:57:00,106.0,106.11,106.0,106.01,61.64816573
2022-03-12 08:56:00,105.98,106.04,106.04,106.02,135.20096997
2022-03-12 08:55:00,106.03,106.04,106.04,106.04,56.72131715
2022-03-12 08:54:00,106.04,106.06,106.06,106.06,3.71211611
2022-03-12 08:53:00,106.0,106.06,106.0,106.05,46.75621161
2022-03-12 08:52:00,106.0,106.06,106.03,106.02,98.4888662
2022-03-12 08:51:00,105.96,106.0,106.0,106.0,34.07570816
2022-03-12 08:50:00,106.0,106.08,106.02,106.0,59.16442232
2022-03-12 08:49:00,105.92,106.08,106.08,105.97,149.76890509
2022-03-12 08:48:00,105.98,106.13,106.08,106.08,117.08514137
2022-03-12 08:47:00,106.05,106.14,106.06,106.1,167.53238191
2022-03-12 08:46:00,106.02,106.07,106.06,106.05,86.06935885
2022-03-12 08:45:00,106.05,106.18,106.09,106.1,96.35103079
2022-03-12 08:44:00,105.99,106.08,106.0,106.08,98.49037129
2022-03-12 08:43:00,105.99,106.06,105.99,106.01,84.77642979
2022-03-12 08:42:00,105.91,105.99,105.95,105.99,126.20702257
2022-03-12 08:41:00,105.91,106.02,105.94,106.02,62.44870481
2022-03-12 08:40:00,105.93,105.97,105.93,105.95,92.56727061
2022-03-12 08:39:00,105.86,105.97,105.97,105.97,249.97098691
2022-03-12 08:38:00,105.89,105.98,105.95,105.94,73.60389025
2022-03-12 08:37:00,105.89,105.98,105.98,105.95,55.10820974
2022-03-12 08:36:00,105.88,105.95,105.9,105.95,53.22375544
2022-03-12 08:35:00,105.9,105.99,105.91,105.9,189.55973278
2022-03-12 08:34:00,105.82,105.91,105.87,105.91,52.7116617
2022-03-12 08:33:00,105.73,105.83,105.73,105.83,54.61098716
2022-03-12 08:32:00,105.59,105.79,105.76,105.79,226.18202118
2022-03-12 08:31:00,105.77,106.05,106.05,105.77,238.8154238
2022-03-12 08:30:00,105.97,106.05,105.97,106.04,18.56854419
2022-03-12 08:29:00,105.88,105.98,105.88,105.91,78.56120765
2022-03-12 08:28:00,105.79,105.91,105.79,105.88,20.61423004
2022-03-12 08:27:00,105.68,105.83,105.82,105.68,273.71997013
2022-03-12 08:26:00,105.73,105.86,105.77,105.83,82.40469496
2022-03-12 08:25:00,105.63,105.97,105.65,105.81,492.70278439
2022-03-12 08:24:00,105.59,106.21,106.2,105.68,1138.14677437
2022-03-12 08:23:00,106.18,106.34,106.32,106.21,114.32216137
2022-03-12 08:22:00,106.29,106.33,106.32,106.29,3.45118294
2022-03-12 08:21:00,106.23,106.35,106.26,106.33,26.39582484
2022-03-12 08:20:00,106.24,106.36,106.24,106.26,36.02205778
2022-03-12 08:19:00,106.2,106.25,106.25,106.2,51.05805011
2022-03-12 08:18:00,106.24,106.3,106.3,106.24,46.92576447
2022-03-12 08:17:00,106.24,106.46,106.46,106.3,101.58547449
2022-03-12 08:16:00,106.37,106.46,106.44,106.45,195.27435561
2022-03-12 08:15:00,106.37,106.48,106.37,106.44,92.11201416
2022-03-12 08:14:00,106.36,106.37,106.37,106.37,30.63563185
2022-03-12 08:13:00,106.3,106.36,106.33,106.36,68.68834196
2022-03-12 08:12:00,106.3,106.36,106.32,106.33,49.38257722
2022-03-12 08:11:00,106.31,106.4,106.39,106.33,134.97289445
2022-03-12 08:10:00,106.34,106.42,106.42,106.4,67.93227587
2022-03-12 08:09:00,106.31,106.41,106.37,106.39,130.51464613
2022-03-12 08:08:00,106.32,106.56,106.53,106.4,261.79882975
2022-03-12 08:07:00,106.48,106.68,106.68,106.53,211.92611995
2022-03-12 08:06:00,106.67,106.74,106.73,106.68,78.25438355
2022-03-12 08:05:00,106.7,106.78,106.76,106.75,246.10936108
2022-03-12 08:04:00,106.74,106.91,106.91,106.76,92.77032291
2022-03-12 08:03:00,106.9,106.97,106.92,106.9,129.23264669
2022-03-12 08:02:00,106.76,106.92,106.79,106.92,48.71629173
2022-03-12 08:01:00,106.65,106.79,106.65,106.79,187.82290036
2022-03-12 08:00:00,106.66,106.81,106.81,106.66,443.55490247
2022-03-12 07:59:00,106.79,106.85,106.83,106.81,24.39407125
2022-03-12 07:58:00,106.78,106.87,106.87,106.83,15.76993718
2022-03-12 07:57:00,106.85,106.88,106.87,106.87,10.76649892
2022-03-12 07:56:00,106.77,106.92,106.81,106.87,1395.29937103
2022-03-12 07:55:00,106.73,106.8,106.76,106.8,18.50085761
2022-03-12 07:54:00,106.73,106.78,106.77,106.74,14.54399141
2022-03-12 07:53:00,106.75,106.85,106.85,106.78,53.88872076
2022-03-12 07:52:00,106.78,106.85,106.78,106.83,86.02857234
2022-03-12 07:51:00,106.72,106.76,106.76,106.76,25.136424
2022-03-12 07:50:00,106.69,106.76,106.69,106.76,15.13524783
2022-03-12 07:49:00,106.62,106.68,106.66,106.66,42.72253794
2022-03-12 07:48:00,106.66,106.73,106.73,106.66,67.18629318
2022-03-12 07:47:00,106.58,106.73,106.59,106.73,63.15180273
2022-03-12 07:46:00,106.53,106.6,106.58,106.58,19.34855529
2022-03-12 07:45:00,106.56,106.62,106.59,106.57,25.6604607
2022-03-12 07:44:00,106.5,106.66,106.66,106.57,100.65623943
2022-03-12 07:43:00,106.55,106.68,106.57,106.68,66.01795416
2022-03-12 07:42:00,106.57,106.67,106.67,106.57,27.02864959
2022-03-12 07:41:00,106.68,106.73,106.71,106.68,52.78496371
2022-03-12 07:40:00,106.58,106.75,106.75,106.71,197.43007645
2022-03-12 07:39:00,106.65,106.74,106.68,106.72,155.52854087
2022-03-12 07:38:00,106.67,106.74,106.7,106.67,119.5301663
2022-03-12 07:37:00,106.67,106.76,106.74,106.7,82.16975452
2022-03-12 07:36:00,106.67,106.81,106.75,106.73,1002.77229438
2022-03-12 07:35:00,106.73,106.81,106.76,106.77,92.02653311
2022-03-12 07:34:00,106.76,106.88,106.84,106.77,251.62879379
2022-03-12 07:33:00,106.72,106.88,106.88,106.84,40.73618934
2022-03-12 07:32:00,106.86,106.96,106.87,106.86,50.68487045
2022-03-12 07:31:00,106.73,106.87,106.73,106.87,361.91977605
2022-03-12 07:30:00,106.69,106.73,106.69,106.73,31.4716316
2022-03-12 07:29:00,106.66,106.72,106.66,106.72,80.56844009
2022-03-12 07:28:00,106.53,106.69,106.69,106.59,152.72163835
2022-03-12 17:28:00,105.46,105.62,105.62,105.46,21.0452515
2022-03-12 17:27:00,105.53,105.6,105.55,105.6,51.83332084
2022-03-12 17:26:00,105.57,105.76,105.7,105.58,125.41231691
2022-03-12 17:25:00,105.66,105.75,105.75,105.68,129.10600069
2022-03-12 17:24:00,105.69,105.76,105.7,105.72,145.73961748
2022-03-12 17:23:00,105.65,105.8,105.8,105.66,237.19656973
2022-03-12 17:22:00,105.79,105.95,105.82,105.94,200.02410122
2022-03-12 17:21:00,105.82,105.95,105.94,105.82,69.64571386
2022-03-12 17:20:00,105.91,106.03,106.01,105.94,153.9756929
2022-03-12 17:19:00,105.95,106.01,105.97,105.99,27.75843296
2022-03-12 17:18:00,105.82,105.96,105.86,105.96,101.65711902
2022-03-12 17:17:00,105.7,105.84,105.72,105.84,58.92349837
2022-03-12 17:16:00,105.63,105.7,105.65,105.7,15.45812863
2022-03-12 17:15:00,105.6,105.67,105.66,105.64,208.4393287
2022-03-12 17:14:00,105.58,105.68,105.61,105.62,170.59329349
2022-03-12 17:13:00,105.61,105.7,105.67,105.62,23.95379983
2022-03-12 17:12:00,105.65,105.76,105.65,105.65,143.80393109
2022-03-12 17:11:00,105.52,105.69,105.65,105.69,210.12496902
2022-03-12 17:10:00,105.65,105.84,105.81,105.68,232.99602905
2022-03-12 17:09:00,105.7,105.95,105.71,105.93,164.69240341
2022-03-12 17:08:00,105.72,105.88,105.84,105.72,47.05211925
2022-03-12 17:07:00,105.83,106.22,106.21,105.83,174.08652652
2022-03-12 17:06:00,106.08,106.22,106.09,106.22,86.41985757
2022-03-12 17:05:00,105.77,106.11,105.85,106.08,158.7318183
2022-03-12 17:04:00,105.57,105.96,105.58,105.77,498.72115752
2022-03-12 17:03:00,105.65,105.77,105.68,105.65,91.96903543
2022-03-12 17:02:00,105.38,105.77,105.38,105.68,462.6809037
2022-03-12 17:01:00,105.27,105.4,105.27,105.38,79.98017897
2022-03-12 17:00:00,105.23,105.27,105.23,105.27,111.7443162
2022-03-12 16:59:00,105.11,105.25,105.19,105.23,79.944857
2022-03-12 16:58:00,105.16,105.2,105.18,105.17,18.34641072
2022-03-12 16:57:00,105.07,105.19,105.07,105.18,72.3731947
2022-03-12 16:56:00,105.07,105.12,105.12,105.07,27.86092395
2022-03-12 16:55:00,105.07,105.12,105.08,105.11,16.46515109
2022-03-12 16:54:00,105.08,105.11,105.08,105.1,26.01157276
2022-03-12 16:53:00,105.08,105.16,105.15,105.08,49.01013873
2022-03-12 16:52:00,105.11,105.2,105.14,105.18,101.2343871
2022-03-12 16:51:00,105.1,105.14,105.11,105.14,10.34938955
2022-03-12 16:50:00,105.09,105.17,105.15,105.12,73.09323978
2022-03-12 16:49:00,105.13,105.24,105.22,105.17,45.6061455
2022-03-12 16:48:00,105.21,105.24,105.22,105.22,14.35887479
2022-03-12 16:47:00,105.21,105.24,105.22,105.24,16.80747274
2022-03-12 16:46:00,105.2,105.24,105.21,105.22,33.58302667
2022-03-12 16:45:00,105.15,105.24,105.15,105.22,22.64198145
2022-03-12 16:44:00,105.13,105.18,105.13,105.17,49.96649437
2022-03-12 16:43:00,105.07,105.16,105.07,105.15,47.32781282
2022-03-12 16:42:00,105.07,105.12,105.12,105.07,13.28213939
2022-03-12 16:41:00,105.05,105.12,105.08,105.12,16.35734291
2022-03-12 16:40:00,105.02,105.09,105.06,105.08,87.08833573
2022-03-12 16:39:00,105.05,105.09,105.08,105.07,8.86405809
2022-03-12 16:38:00,105.03,105.08,105.04,105.06,21.54230554
2022-03-12 16:37:00,105.02,105.09,105.03,105.06,36.15002742
2022-03-12 16:36:00,105.02,105.07,105.05,105.05,29.66698209
2022-03-12 16:35:00,104.98,105.06,105.06,105.05,70.1758896
2022-03-12 16:34:00,105.1,105.17,105.17,105.1,18.84292373
2022-03-12 16:33:00,105.1,105.16,105.11,105.14,25.11377682
2022-03-12 16:32:00,104.89,105.16,104.94,105.1,356.96434701
2022-03-12 16:31:00,104.92,105.02,105.02,104.92,284.70235618
2022-03-12 16:30:00,104.93,105.04,105.04,105.02,63.35720871
2022-03-12 16:29:00,104.98,105.1,105.1,105.09,192.18171859
2022-03-12 16:28:00,105.05,105.13,105.08,105.08,88.02845311
2022-03-12 16:27:00,105.07,105.14,105.13,105.08,139.09175262
2022-03-12 16:26:00,105.1,105.23,105.18,105.1,172.92061435
2022-03-12 16:25:00,105.1,105.2,105.1,105.18,214.64439544
2022-03-12 16:24:00,105.06,105.12,105.11,105.08,68.06006795
2022-03-12 16:23:00,105.09,105.12,105.09,105.12,8.69048912
2022-03-12 16:22:00,105.09,105.16,105.14,105.12,138.23826426
2022-03-12 16:21:00,105.15,105.17,105.15,105.15,32.05242641
2022-03-12 16:20:00,105.11,105.18,105.17,105.15,408.02294698
2022-03-12 16:19:00,105.15,105.21,105.17,105.15,49.85015034
2022-03-12 16:18:00,105.19,105.24,105.21,105.21,74.73055683
2022-03-12 16:17:00,105.13,105.21,105.16,105.21,82.02208418
2022-03-12 16:16:00,105.14,105.23,105.21,105.16,321.53224999
2022-03-12 16:15:00,105.16,105.29,105.23,105.23,194.03799474
2022-03-12 16:14:00,105.19,105.25,105.22,105.19,71.86178859
2022-03-12 16:13:00,105.19,105.25,105.25,105.24,79.17932607
2022-03-12 16:12:00,105.19,105.31,105.26,105.25,292.08077778
2022-03-12 16:11:00,105.12,105.3,105.13,105.25,243.04985687
2022-03-12 16:10:00,105.09,105.16,105.14,105.14,142.94471356
2022-03-12 16:09:00,105.14,105.18,105.18,105.14,36.75410558
2022-03-12 16:08:00,105.09,105.18,105.14,105.18,1127.93597089
2022-03-12 16:07:00,105.1,105.13,105.13,105.11,85.42164047
2022-03-12 16:06:00,105.08,105.22,105.11,105.11,142.43352447
2022-03-12 16:05:00,105.07,105.16,105.1,105.09,65.65592115
2022-03-12 16:04:00,105.09,105.19,105.1,105.1,71.69597343
2022-03-12 16:03:00,105.11,105.19,105.18,105.11,119.98101446
2022-03-12 16:02:00,105.01,105.26,105.23,105.2,166.40402743
2022-03-12 16:01:00,105.19,105.43,105.43,105.25,151.46263898
2022-03-12 16:00:00,105.41,105.5,105.42,105.44,127.66349391
2022-03-12 15:59:00,105.42,105.64,105.62,105.44,191.03354349
2022-03-12 15:58:00,105.65,105.68,105.68,105.68,21.17286592
2022-03-12 15:57:00,105.51,105.64,105.51,105.63,64.62332965
2022-03-12 15:56:00,105.5,105.56,105.54,105.53,6.173327
2022-03-12 15:55:00,105.47,105.59,105.57,105.56,153.71135783
2022-03-12 15:54:00,105.56,105.62,105.61,105.6,119.9173307
2022-03-12 15:53:00,105.59,105.67,105.67,105.61,57.89270136
2022-03-12 15:52:00,105.58,105.67,105.61,105.66,139.89421657
2022-03-12 15:51:00,105.62,105.83,105.82,105.62,110.23268462
2022-03-12 15:50:00,105.75,105.92,105.92,105.79,107.75971778
2022-03-12 15:49:00,105.83,105.89,105.89,105.89,27.51307622
2022-03-12 15:48:00,105.79,105.9,105.8,105.89,35.34948344
2022-03-12 15:47:00,105.72,105.82,105.8,105.82,101.14289848
2022-03-12 15:46:00,105.77,105.89,105.83,105.8,121.41660568
2022-03-12 15:45:00,105.75,105.85,105.75,105.81,152.03668473
2022-03-12 15:44:00,105.71,105.88,105.71,105.75,178.39739723
2022-03-12 15:43:00,105.44,105.8,105.44,105.71,157.1368375
2022-03-12 15:42:00,105.31,105.54,105.34,105.47,53.54439234
2022-03-12 15:41:00,105.29,105.36,105.3,105.36,62.34537388
2022-03-12 15:40:00,105.28,105.32,105.31,105.29,30.46620923
2022-03-12 15:39:00,105.24,105.3,105.29,105.28,47.7443216
2022-03-12 15:38:00,105.28,105.32,105.32,105.28,29.57409646
2022-03-12 15:37:00,105.25,105.33,105.32,105.33,100.46645402
2022-03-12 15:36:00,105.28,105.34,105.28,105.33,49.79562924
2022-03-12 15:35:00,105.22,105.39,105.37,105.23,100.08493216
2022-03-12 15:34:00,105.33,105.39,105.35,105.33,34.41373573
2022-03-12 15:33:00,105.34,105.38,105.35,105.38,38.42013769
2022-03-12 15:32:00,105.32,105.37,105.34,105.35,20.31405408
2022-03-12 15:31:00,105.32,105.37,105.32,105.35,31.07517099
2022-03-12 15:30:00,105.31,105.38,105.34,105.33,71.40711553
2022-03-12 15:29:00,105.33,105.38,105.33,105.37,23.31432876
2022-03-12 15:28:00,105.33,105.41,105.35,105.33,104.79210979
2022-03-12 15:27:00,105.33,105.41,105.38,105.33,18.98839404
2022-03-12 15:26:00,105.32,105.38,105.36,105.37,26.20330812
2022-03-12 15:25:00,105.27,105.37,105.27,105.36,35.45459785
2022-03-12 15:24:00,105.24,105.33,105.24,105.29,130.09550524
2022-03-12 15:23:00,105.12,105.27,105.15,105.25,146.79028701
2022-03-12 15:22:00,105.1,105.12,105.12,105.12,20.28938753
2022-03-12 15:21:00,105.08,105.14,105.13,105.12,185.56077157
2022-03-12 15:20:00,105.08,105.16,105.13,105.14,90.39476017
2022-03-12 15:19:00,105.07,105.13,105.13,105.11,62.9218558
2022-03-12 15:18:00,105.11,105.16,105.15,105.11,109.06564609
2022-03-12 15:17:00,105.12,105.16,105.12,105.16,24.05101221
2022-03-12 15:16:00,105.11,105.21,105.2,105.12,88.06542019
2022-03-12 15:15:00,105.17,105.23,105.22,105.2,17.10139242
2022-03-12 15:14:00,105.16,105.23,105.18,105.2,82.45033508
2022-03-12 15:13:00,105.16,105.2,105.16,105.19,31.34904188
2022-03-12 15:12:00,105.13,105.25,105.24,105.13,95.05169603
2022-03-12 15:11:00,105.23,105.31,105.31,105.23,120.16911946
2022-03-12 15:10:00,105.27,105.32,105.29,105.3,75.09859049
2022-03-12 15:09:00,105.18,105.28,105.24,105.28,89.88114778
2022-03-12 15:08:00,105.24,105.27,105.25,105.26,20.01912174
2022-03-12 15:07:00,105.25,105.33,105.31,105.26,263.08584369
2022-03-12 15:06:00,105.28,105.32,105.31,105.31,68.79589813
2022-03-12 15:05:00,105.32,105.39,105.32,105.33,60.14972675
2022-03-12 15:04:00,105.23,105.32,105.26,105.32,46.99046502
2022-03-12 15:03:00,105.18,105.29,105.27,105.22,63.418469
2022-03-12 15:02:00,105.2,105.32,105.2,105.32,80.79275217
2022-03-12 15:01:00,105.09,105.22,105.13,105.19,448.01570874
2022-03-12 15:00:00,105.12,105.28,105.12,105.17,128.40923627
2022-03-12 14:59:00,105.09,105.15,105.14,105.14,90.32191322
2022-03-12 14:58:00,105.12,105.15,105.14,105.12,56.11479588
2022-03-12 14:57:00,105.12,105.15,105.14,105.14,66.08702964
2022-03-12 14:56:00,105.09,105.17,105.09,105.14,132.34146413
2022-03-12 14:55:00,105.07,105.12,105.12,105.1,15.84072145
2022-03-12 14:54:00,105.0,105.1,105.01,105.1,28.28723288
2022-03-12 14:53:00,104.95,105.09,105.0,105.06,129.72409084
2022-03-12 14:52:00,105.01,105.12,105.07,105.02,63.65762003
2022-03-12 14:51:00,104.95,105.07,104.96,105.07,119.86004616
2022-03-12 14:50:00,104.87,104.97,104.94,104.91,99.52762788
2022-03-12 14:49:00,104.82,104.95,104.95,104.92,171.27227298
2022-03-12 14:48:00,104.92,105.03,105.03,104.92,128.50153598
2022-03-12 14:47:00,104.97,105.16,105.15,104.99,141.88925396
2022-03-12 14:46:00,105.17,105.31,105.21,105.17,300.16454112
2022-03-12 14:45:00,105.13,105.28,105.15,105.24,89.25634323
2022-03-12 14:44:00,105.1,105.23,105.1,105.15,139.53426561
2022-03-12 14:43:00,104.94,105.09,104.96,105.09,56.83008479
2022-03-12 14:42:00,104.86,104.97,104.88,104.97,40.87115317
2022-03-12 14:41:00,104.86,104.94,104.94,104.9,128.99683829
2022-03-12 14:40:00,104.97,105.08,105.08,104.99,85.94766611
2022-03-12 14:39:00,104.98,105.11,105.04,105.04,237.17640454
2022-03-12 14:38:00,104.9,105.07,105.07,105.03,223.84570804
2022-03-12 14:37:00,104.69,105.09,104.93,105.09,471.90290123
2022-03-12 14:36:00,104.64,105.29,105.28,104.98,1188.3859069
2022-03-12 14:35:00,105.1,105.48,105.48,105.2,554.60673405
2022-03-12 14:34:00,105.48,105.56,105.54,105.52,57.25140596
2022-03-12 14:33:00,105.48,105.56,105.54,105.56,49.04367123
2022-03-12 14:32:00,105.54,105.68,105.66,105.54,46.00405151
2022-03-12 14:31:00,105.48,105.68,105.53,105.68,45.98664099
2022-03-12 14:30:00,105.52,105.6,105.58,105.54,173.13431778
2022-03-12 14:29:00,105.51,105.6,105.58,105.59,61.7944223
2022-03-12 14:28:00,105.56,105.62,105.6,105.59,45.27737235
2022-03-12 14:27:00,105.57,105.61,105.61,105.6,57.91660437
2022-03-12 14:26:00,105.59,105.63,105.61,105.61,69.42859472
2022-03-12 14:25:00,105.47,105.62,105.47,105.62,93.75942186
2022-03-12 14:24:00,105.45,105.6,105.6,105.47,422.969253
2022-03-12 14:23:00,105.59,105.68,105.68,105.59,220.69402653
2022-03-12 14:22:00,105.64,105.69,105.69,105.69,40.8180095
2022-03-12 14:21:00,105.59,105.69,105.61,105.69,106.54606233
2022-03-12 14:20:00,105.51,105.62,105.51,105.61,122.16443974
2022-03-12 14:19:00,105.48,105.52,105.49,105.52,31.72034379
2022-03-12 14:18:00,105.47,105.52,105.5,105.51,4.42521214
2022-03-12 14:17:00,105.43,105.6,105.58,105.5,554.95475204
2022-03-12 14:16:00,105.54,105.6,105.55,105.57,114.18351005
2022-03-12 14:15:00,105.48,105.55,105.48,105.54,38.16615982
2022-03-12 14:14:00,105.45,105.51,105.51,105.45,26.61165805
2022-03-12 14:13:00,105.48,105.55,105.55,105.51,85.53090401
2022-03-12 14:12:00,105.49,105.54,105.5,105.54,71.95136261
2022-03-12 14:11:00,105.38,105.48,105.39,105.47,144.20276028
2022-03-12 14:10:00,105.35,105.52,105.37,105.38,412.94832204
2022-03-12 14:09:00,105.27,105.44,105.42,105.34,206.67500282
2022-03-12 14:08:00,105.4,105.58,105.58,105.43,134.88106431
2022-03-12 14:07:00,105.56,105.62,105.56,105.6,51.38161566
2022-03-12 14:06:00,105.53,105.61,105.6,105.59,220.35457173
2022-03-12 14:05:00,105.58,105.64,105.64,105.61,42.65129949
2022-03-12 14:04:00,105.53,105.66,105.6,105.62,452.3080343
2022-03-12 14:03:00,105.35,105.58,105.37,105.58,135.37156688
2022-03-12 14:02:00,105.24,105.37,105.25,105.36,419.87180952
2022-03-12 14:01:00,105.12,105.27,105.23,105.21,186.98093151
2022-03-12 14:00:00,105.07,105.49,105.49,105.25,712.72161918
2022-03-12 13:59:00,105.47,105.54,105.53,105.49,68.4429709
2022-03-12 13:58:00,105.5,105.56,105.55,105.53,69.276393
2022-03-12 13:57:00,105.41,105.52,105.41,105.51,49.13663235
2022-03-12 13:56:00,105.39,105.51,105.47,105.41,51.67730368
2022-03-12 13:55:00,105.45,105.5,105.47,105.48,3.69470339
2022-03-12 13:54:00,105.29,105.51,105.3,105.51,159.01062239
2022-03-12 13:53:00,105.29,105.37,105.36,105.31,119.15925911
2022-03-12 13:52:00,105.37,105.46,105.44,105.37,34.52061512
2022-03-12 13:51:00,105.42,105.52,105.52,105.42,11.85825486
2022-03-12 13:50:00,105.35,105.44,105.44,105.44,44.04321361
2022-03-12 13:49:00,105.32,105.43,105.42,105.41,196.83529517
2022-03-12 13:48:00,105.35,105.43,105.38,105.43,106.50658411
2022-03-12 13:47:00,105.38,105.46,105.42,105.41,351.40670634
2022-03-12 13:46:00,105.37,105.5,105.48,105.37,319.55516502
2022-03-12 13:45:00,105.39,105.53,105.43,105.52,112.74462408
2022-03-12 13:44:00,105.37,105.43,105.4,105.43,35.63119851
2022-03-12 13:43:00,105.39,105.58,105.57,105.4,211.66204971
2022-03-12 13:42:00,105.52,105.76,105.76,105.57,66.0387456
2022-03-12 13:41:00,105.66,105.76,105.68,105.73,35.72161686
2022-03-12 13:40:00,105.63,105.73,105.66,105.72,44.52198797
2022-03-12 13:39:00,105.57,105.66,105.6,105.64,74.94686876
2022-03-12 13:38:00,105.58,105.6,105.6,105.6,32.93055548
2022-03-12 13:37:00,105.38,105.58,105.39,105.58,75.53577242
2022-03-12 13:36:00,105.37,105.43,105.38,105.41,10.09688986
2022-03-12 13:35:00,105.35,105.45,105.35,105.36,93.91211424
2022-03-12 13:34:00,105.26,105.39,105.32,105.31,87.73885171
2022-03-12 13:33:00,105.37,105.46,105.4,105.37,51.56365895
2022-03-12 13:32:00,105.29,105.41,105.41,105.33,187.34585051
2022-03-12 13:31:00,105.39,105.44,105.42,105.44,40.72416984
2022-03-12 13:30:00,105.39,105.54,105.54,105.41,89.19039344
2022-03-12 13:29:00,105.53,105.55,105.54,105.54,28.84084871
2022-03-12 13:28:00,105.53,105.59,105.58,105.53,22.51812085
2022-03-12 13:27:00,105.56,105.62,105.6,105.59,15.42833281
2022-03-12 13:26:00,105.59,105.61,105.6,105.61,30.63753696
2022-03-12 13:25:00,105.51,105.61,105.56,105.61,77.83051753
2022-03-12 13:24:00,105.56,105.62,105.59,105.62,25.3179761
2022-03-12 13:23:00,105.56,105.64,105.64,105.59,81.07537681
2022-03-12 13:22:00,105.59,105.65,105.59,105.63,50.43335503
2022-03-12 13:21:00,105.58,105.7,105.69,105.6,56.23416492
2022-03-12 13:20:00,105.68,105.77,105.77,105.69,84.69300013
2022-03-12 13:19:00,105.75,105.79,105.76,105.77,11.054703
2022-03-12 13:18:00,105.77,105.81,105.79,105.77,28.38483473
2022-03-12 13:17:00,105.76,105.83,105.83,105.78,88.67378278
2022-03-12 13:16:00,105.76,105.83,105.78,105.81,31.04946929
2022-03-12 13:15:00,105.71,105.79,105.71,105.78,85.04853326
2022-03-12 13:14:00,105.72,105.76,105.73,105.73,28.1064257
2022-03-12 13:13:00,105.71,105.74,105.74,105.74,46.28204459
2022-03-12 13:12:00,105.74,105.77,105.75,105.74,26.38334515
2022-03-12 13:11:00,105.77,105.81,105.78,105.77,20.94841768
2022-03-12 13:10:00,105.79,105.82,105.82,105.82,8.64221937
2022-03-12 13:09:00,105.73,105.82,105.73,105.82,31.46555931
2022-03-12 13:08:00,105.75,105.81,105.75,105.79,28.20296178
2022-03-12 13:07:00,105.74,105.81,105.8,105.77,37.98581521
2022-03-12 13:06:00,105.79,105.9,105.88,105.84,100.68350956
2022-03-12 13:05:00,105.85,105.94,105.94,105.9,105.42718583
2022-03-12 13:04:00,105.77,105.83,105.83,105.8,16.02830475
2022-03-12 13:03:00,105.72,105.83,105.73,105.83,14.37030177
2022-03-12 13:02:00,105.69,105.78,105.73,105.72,266.01417956
2022-03-12 13:01:00,105.74,105.8,105.74,105.78,25.81263715
2022-03-12 13:00:00,105.79,105.82,105.79,105.82,20.70316431
2022-03-12 12:59:00,105.79,105.83,105.83,105.79,18.72195983
2022-03-12 12:58:00,105.79,105.87,105.83,105.87,92.69728607
2022-03-12 12:57:00,105.8,105.89,105.83,105.83,143.73124979
2022-03-12 12:56:00,105.79,105.85,105.79,105.83,39.20576707
2022-03-12 12:55:00,105.74,105.81,105.77,105.79,34.28811753
2022-03-12 12:54:00,105.79,105.87,105.87,105.83,25.72335712
2022-03-12 12:53:00,105.79,105.84,105.84,105.79,81.44591947
2022-03-12 12:52:00,105.81,105.87,105.81,105.86,23.25925665
2022-03-12 12:51:00,105.78,105.88,105.88,105.83,15.32293703
2022-03-12 12:50:00,105.83,105.88,105.84,105.88,39.60931489
2022-03-12 12:49:00,105.86,105.93,105.89,105.86,124.83734965
2022-03-12 12:48:00,105.8,105.89,105.8,105.89,238.33583261
2022-03-12 12:47:00,105.7,105.79,105.7,105.74,103.53847989
2022-03-12 12:46:00,105.75,105.76,105.75,105.75,1.58805431
2022-03-12 12:45:00,105.53,105.78,105.54,105.78,176.16253847
2022-03-12 12:44:00,105.46,105.67,105.67,105.54,404.74632751
2022-03-12 12:43:00,105.63,105.69,105.67,105.63,6.74500837
2022-03-12 12:42:00,105.62,105.68,105.67,105.68,6.83815526
2022-03-12 12:41:00,105.6,105.69,105.63,105.65,346.74234113
2022-03-12 12:40:00,105.61,105.68,105.64,105.64,180.24461547
2022-03-12 12:39:00,105.62,105.65,105.63,105.64,91.25551885
2022-03-12 12:38:00,105.61,105.63,105.61,105.63,37.40202987
2022-03-12 12:37:00,105.58,105.63,105.61,105.63,70.03466827
2022-03-12 12:36:00,105.54,105.59,105.59,105.57,81.17775435
2022-03-12 12:35:00,105.58,105.61,105.58,105.61,15.07738499
2022-03-12 12:34:00,105.52,105.58,105.52,105.58,22.45409456
2022-03-12 12:33:00,105.51,105.58,105.54,105.51,53.49444074
2022-03-12 12:32:00,105.54,105.58,105.56,105.56,22.28486328
2022-03-12 12:31:00,105.5,105.54,105.53,105.54,21.73842186
2022-03-12 12:30:00,105.5,105.57,105.52,105.5,60.30490085
2022-03-12 12:29:00,105.5,105.56,105.56,105.52,24.720649
2022-03-12 12:28:00,105.56,105.58,105.56,105.56,14.15146596
2022-03-12 22:28:00,105.64,105.74,105.74,105.69,165.06896446
2022-03-12 22:27:00,105.71,105.83,105.82,105.72,51.00265288
2022-03-12 22:26:00,105.78,105.89,105.87,105.82,124.74055814
2022-03-12 22:25:00,105.84,105.87,105.86,105.86,20.09781211
2022-03-12 22:24:00,105.8,105.88,105.84,105.83,47.35674748
2022-03-12 22:23:00,105.82,105.88,105.87,105.86,58.7324783
2022-03-12 22:22:00,105.81,105.88,105.84,105.87,225.70250292
2022-03-12 22:21:00,105.8,105.85,105.82,105.81,125.00764039
2022-03-12 22:20:00,105.77,105.84,105.8,105.83,197.82564283
2022-03-12 22:19:00,105.79,105.86,105.82,105.79,155.42135672
2022-03-12 22:18:00,105.75,105.82,105.79,105.81,18.64968809
2022-03-12 22:17:00,105.74,105.79,105.74,105.77,32.0900284
2022-03-12 22:16:00,105.71,105.76,105.75,105.74,15.10332093
2022-03-12 22:15:00,105.74,105.78,105.78,105.77,67.87627752
2022-03-12 22:14:00,105.75,105.81,105.81,105.77,25.74657677
2022-03-12 22:13:00,105.81,105.87,105.86,105.83,60.15801201
2022-03-12 22:12:00,105.82,105.93,105.91,105.86,41.63706846
2022-03-12 22:11:00,105.9,105.98,105.96,105.93,38.37005792
2022-03-12 22:10:00,105.94,105.99,105.95,105.95,26.90947538
2022-03-12 22:09:00,105.89,105.94,105.92,105.94,34.95433484
2022-03-12 22:08:00,105.9,105.94,105.94,105.93,17.42436244
2022-03-12 22:07:00,105.86,105.97,105.92,105.93,42.70322672
2022-03-12 22:06:00,105.89,105.92,105.89,105.91,16.0217572
2022-03-12 22:05:00,105.83,105.89,105.85,105.89,25.75959969
2022-03-12 22:04:00,105.77,105.87,105.8,105.83,21.05770367
2022-03-12 22:03:00,105.78,105.86,105.84,105.8,170.48439285
2022-03-12 22:02:00,105.78,105.91,105.91,105.81,221.34519936
2022-03-12 22:01:00,105.88,105.93,105.9,105.91,55.21777156
2022-03-12 22:00:00,105.74,105.89,105.86,105.89,114.04326735
2022-03-12 21:59:00,105.77,105.87,105.78,105.83,80.96858431
2022-03-12 21:58:00,105.76,105.89,105.89,105.78,60.4541309
2022-03-12 21:57:00,105.69,105.89,105.73,105.89,59.45152416
2022-03-12 21:56:00,105.71,105.9,105.89,105.71,63.01898709
2022-03-12 21:55:00,105.83,105.96,105.89,105.9,127.82488327
2022-03-12 21:54:00,105.86,105.95,105.95,105.92,205.18905618
2022-03-12 21:53:00,105.92,106.01,106.01,105.96,24.33254393
2022-03-12 21:52:00,105.93,106.03,105.94,106.01,15.87680002
2022-03-12 21:51:00,105.91,105.95,105.95,105.91,70.80138091
2022-03-12 21:50:00,105.87,105.96,105.94,105.95,60.62288872
2022-03-12 21:49:00,105.95,106.07,106.07,105.95,70.40859916
2022-03-12 21:48:00,106.07,106.11,106.1,106.07,41.77051994
2022-03-12 21:47:00,106.04,106.1,106.08,106.1,34.61279647
2022-03-12 21:46:00,106.04,106.1,106.09,106.08,136.18761236
2022-03-12 21:45:00,106.04,106.09,106.06,106.09,13.6393485
2022-03-12 21:44:00,106.06,106.14,106.08,106.13,32.16452886
2022-03-12 21:43:00,106.06,106.15,106.07,106.06,108.19046455
2022-03-12 21:42:00,106.0,106.07,106.03,106.07,21.01066962
2022-03-12 21:41:00,105.99,106.03,106.03,106.0,23.48466492
2022-03-12 21:40:00,106.0,106.03,106.03,106.02,17.80927688
2022-03-12 21:39:00,106.01,106.1,106.1,106.01,88.62662734
2022-03-12 21:38:00,106.07,106.12,106.09,106.11,32.04031487
2022-03-12 21:37:00,105.96,106.11,105.96,106.11,69.8703411
2022-03-12 21:36:00,105.92,106.02,106.02,105.95,53.41439938
2022-03-12 21:35:00,105.97,106.02,106.01,106.02,44.26316692
2022-03-12 21:34:00,105.97,106.02,106.0,106.01,43.40270845
2022-03-12 21:33:00,105.91,106.0,105.94,106.0,15.4590442
2022-03-12 21:32:00,105.84,105.95,105.89,105.95,102.79214995
2022-03-12 21:31:00,105.86,105.91,105.89,105.89,63.76910583
2022-03-12 21:30:00,105.87,105.93,105.92,105.93,38.14061654
2022-03-12 21:29:00,105.88,105.98,105.98,105.91,51.31811832
2022-03-12 21:28:00,105.94,106.03,106.01,105.97,160.34237738
2022-03-12 21:27:00,105.96,106.04,106.01,106.03,89.96679631
2022-03-12 21:26:00,106.01,106.06,106.06,106.01,30.99943335
2022-03-12 21:25:00,105.94,106.05,105.97,106.05,107.15126922
2022-03-12 21:24:00,105.92,105.98,105.97,105.98,68.66737397
2022-03-12 21:23:00,105.95,106.04,106.03,105.96,25.26558124
2022-03-12 21:22:00,106.01,106.05,106.05,106.03,28.76083631
2022-03-12 21:21:00,106.01,106.07,106.01,106.06,48.43527828
2022-03-12 21:20:00,105.92,105.99,105.95,105.92,176.89543686
2022-03-12 21:19:00,105.92,106.06,106.06,105.96,108.37989486
2022-03-12 21:18:00,106.0,106.09,106.09,106.03,88.95246626
2022-03-12 21:17:00,106.03,106.12,106.03,106.12,72.74054388
2022-03-12 21:16:00,106.04,106.09,106.05,106.06,123.06557073
2022-03-12 21:15:00,105.96,106.07,105.96,106.06,67.08935436
2022-03-12 21:14:00,105.91,105.97,105.94,105.94,35.54473647
2022-03-12 21:13:00,105.9,105.96,105.92,105.96,35.16142883
2022-03-12 21:12:00,105.92,105.96,105.95,105.96,23.89501438
2022-03-12 21:11:00,105.92,105.97,105.94,105.92,43.36548632
2022-03-12 21:10:00,105.89,105.99,105.99,105.93,73.19928733
2022-03-12 21:09:00,105.96,106.02,105.96,105.97,5.67890834
2022-03-12 21:08:00,105.93,106.01,105.98,105.93,87.16012563
2022-03-12 21:07:00,105.93,105.99,105.96,105.98,75.24366816
2022-03-12 21:06:00,105.96,106.02,105.99,105.99,50.34721816
2022-03-12 21:05:00,105.9,105.97,105.95,105.96,26.80691955
2022-03-12 21:04:00,105.94,105.98,105.97,105.97,39.11361794
2022-03-12 21:03:00,105.95,106.01,105.98,105.98,85.16241306
2022-03-12 21:02:00,105.91,106.01,106.0,105.97,34.4040278
2022-03-12 21:01:00,105.92,106.01,105.94,106.01,25.60911386
2022-03-12 21:00:00,105.79,105.94,105.86,105.92,140.61870373
2022-03-12 20:59:00,105.76,105.87,105.81,105.86,74.65369306
2022-03-12 20:58:00,105.72,105.84,105.81,105.81,117.23846119
2022-03-12 20:57:00,105.81,105.88,105.81,105.81,50.85062521
2022-03-12 20:56:00,105.83,105.9,105.89,105.85,51.01416867
2022-03-12 20:55:00,105.83,105.88,105.85,105.88,16.00270049
2022-03-12 20:54:00,105.81,105.93,105.86,105.85,191.33508111
2022-03-12 20:53:00,105.82,105.88,105.85,105.87,196.66469312
2022-03-12 20:52:00,105.77,105.84,105.77,105.83,23.55720683
2022-03-12 20:51:00,105.71,105.78,105.71,105.78,57.6594157
2022-03-12 20:50:00,105.68,105.84,105.83,105.72,371.97833445
2022-03-12 20:49:00,105.79,105.86,105.84,105.86,76.09344981
2022-03-12 20:48:00,105.83,105.9,105.88,105.83,18.00909003
2022-03-12 20:47:00,105.85,106.01,106.0,105.9,112.98395185
2022-03-12 20:46:00,105.89,105.98,105.89,105.98,124.57484673
2022-03-12 20:45:00,105.81,105.92,105.85,105.92,154.87489902
2022-03-12 20:44:00,105.84,105.86,105.85,105.85,11.82605831
2022-03-12 20:43:00,105.84,105.86,105.85,105.85,6.69010037
2022-03-12 20:42:00,105.8,105.87,105.8,105.86,60.157538
2022-03-12 20:41:00,105.82,105.91,105.91,105.82,18.77060913
2022-03-12 20:40:00,105.78,105.87,105.84,105.86,144.84924565
2022-03-12 20:39:00,105.83,105.96,105.87,105.88,145.36202715
2022-03-12 20:38:00,105.8,105.87,105.85,105.87,95.06381605
2022-03-12 20:37:00,105.83,105.9,105.85,105.83,64.74659251
2022-03-12 20:36:00,105.8,105.84,105.81,105.84,22.21648296
2022-03-12 20:35:00,105.81,105.85,105.83,105.83,33.93524865
2022-03-12 20:34:00,105.74,105.83,105.78,105.83,36.8573483
2022-03-12 20:33:00,105.68,105.82,105.81,105.79,231.86957116
2022-03-12 20:32:00,105.81,105.93,105.9,105.81,76.68703396
2022-03-12 20:31:00,105.86,105.92,105.89,105.9,36.2819082
2022-03-12 20:30:00,105.84,105.94,105.87,105.89,11.85566475
2022-03-12 20:29:00,105.82,105.87,105.86,105.85,89.25163483
2022-03-12 20:28:00,105.82,105.88,105.87,105.83,44.03148191
2022-03-12 20:27:00,105.73,105.81,105.73,105.8,15.55911389
2022-03-12 20:26:00,105.71,105.79,105.71,105.76,23.75225465
2022-03-12 20:25:00,105.59,105.83,105.83,105.71,17.65588903
2022-03-12 20:24:00,105.76,105.84,105.76,105.84,33.15558689
2022-03-12 20:23:00,105.73,105.8,105.76,105.73,22.91946637
2022-03-12 20:22:00,105.69,105.81,105.73,105.79,183.17475202
2022-03-12 20:21:00,105.69,105.75,105.73,105.72,35.56955546
2022-03-12 20:20:00,105.64,105.73,105.65,105.73,172.84565352
2022-03-12 20:19:00,105.62,105.66,105.66,105.63,16.67448652
2022-03-12 20:18:00,105.62,105.68,105.63,105.62,12.33984328
2022-03-12 20:17:00,105.59,105.73,105.73,105.65,50.77606016
2022-03-12 20:16:00,105.65,105.71,105.65,105.71,73.25364245
2022-03-12 20:15:00,105.62,105.67,105.65,105.66,30.06448055
2022-03-12 20:14:00,105.6,105.69,105.69,105.67,24.67605391
2022-03-12 20:13:00,105.63,105.7,105.66,105.7,77.44939792
2022-03-12 20:12:00,105.61,105.68,105.63,105.61,58.549763
2022-03-12 20:11:00,105.59,105.67,105.59,105.62,46.03792657
2022-03-12 20:10:00,105.6,105.66,105.66,105.6,163.57973616
2022-03-12 20:09:00,105.59,105.64,105.61,105.64,50.29914951
2022-03-12 20:08:00,105.56,105.62,105.58,105.58,21.47930328
2022-03-12 20:07:00,105.5,105.57,105.53,105.57,86.60925302
2022-03-12 20:06:00,105.45,105.53,105.46,105.53,99.08622643
2022-03-12 20:05:00,105.41,105.51,105.42,105.45,117.99274885
2022-03-12 20:04:00,105.37,105.49,105.39,105.45,149.73326727
2022-03-12 20:03:00,105.33,105.45,105.44,105.4,53.9373267
2022-03-12 20:02:00,105.36,105.53,105.52,105.43,141.23546836
2022-03-12 20:01:00,105.49,105.56,105.53,105.52,21.15379613
2022-03-12 20:00:00,105.52,105.6,105.52,105.56,42.67717018
2022-03-12 19:59:00,105.5,105.57,105.54,105.53,109.60789271
2022-03-12 19:58:00,105.5,105.55,105.51,105.55,22.42939
2022-03-12 19:57:00,105.52,105.56,105.56,105.52,51.3607821
2022-03-12 19:56:00,105.5,105.58,105.53,105.56,59.23175898
2022-03-12 19:55:00,105.48,105.58,105.55,105.52,108.18439516
2022-03-12 19:54:00,105.52,105.56,105.54,105.54,40.19094819
2022-03-12 19:53:00,105.49,105.59,105.59,105.52,39.57735097
2022-03-12 19:52:00,105.5,105.54,105.5,105.54,58.36493718
2022-03-12 19:51:00,105.42,105.5,105.46,105.5,30.62921235
2022-03-12 19:50:00,105.42,105.51,105.42,105.45,28.65168568
2022-03-12 19:49:00,105.42,105.48,105.48,105.46,15.21395053
2022-03-12 19:48:00,105.47,105.64,105.61,105.48,100.54011
2022-03-12 19:47:00,105.6,105.65,105.61,105.61,49.41970201
2022-03-12 19:46:00,105.6,105.8,105.79,105.61,129.72265558
2022-03-12 19:45:00,105.78,105.85,105.85,105.78,24.98890316
2022-03-12 19:44:00,105.79,105.85,105.8,105.85,18.15110711
2022-03-12 19:43:00,105.8,105.89,105.89,105.8,36.05880536
2022-03-12 19:42:00,105.76,105.9,105.76,105.9,146.69249964
2022-03-12 19:41:00,105.74,105.81,105.79,105.76,35.96237738
2022-03-12 19:40:00,105.68,105.79,105.7,105.76,6.72028671
2022-03-12 19:39:00,105.7,105.79,105.78,105.7,30.27824901
2022-03-12 19:38:00,105.77,105.84,105.8,105.78,19.56595685
2022-03-12 19:37:00,105.74,105.8,105.74,105.8,118.40191504
2022-03-12 19:36:00,105.67,105.76,105.7,105.73,121.0313647
2022-03-12 19:35:00,105.64,105.72,105.69,105.71,71.94950506
2022-03-12 19:34:00,105.65,105.69,105.67,105.67,47.43921568
2022-03-12 19:33:00,105.61,105.67,105.64,105.67,52.42139661
2022-03-12 19:32:00,105.57,105.69,105.68,105.6,44.95332695
2022-03-12 19:31:00,105.64,105.71,105.7,105.68,9.02202642
2022-03-12 19:30:00,105.65,105.79,105.78,105.65,37.16944901
2022-03-12 19:29:00,105.64,105.81,105.65,105.81,98.09772091
2022-03-12 19:28:00,105.6,105.69,105.69,105.61,6.14092531
2022-03-12 19:27:00,105.59,105.69,105.63,105.69,112.25304003
2022-03-12 19:26:00,105.61,105.73,105.73,105.63,32.3540158
2022-03-12 19:25:00,105.7,105.75,105.72,105.73,35.69363764
2022-03-12 19:24:00,105.7,105.75,105.7,105.75,22.16834001
2022-03-12 19:23:00,105.69,105.75,105.7,105.71,109.67106481
2022-03-12 19:22:00,105.69,105.75,105.73,105.72,34.2863392
2022-03-12 19:21:00,105.66,105.8,105.8,105.71,76.83534555
2022-03-12 19:20:00,105.78,105.82,105.79,105.8,39.27206742
2022-03-12 19:19:00,105.69,105.81,105.69,105.79,145.90162801
2022-03-12 19:18:00,105.62,105.69,105.65,105.68,65.25504162
2022-03-12 19:17:00,105.64,105.7,105.64,105.65,16.94520804
2022-03-12 19:16:00,105.59,105.66,105.63,105.66,19.13492721
2022-03-12 19:15:00,105.62,105.71,105.71,105.67,73.14562667
2022-03-12 19:14:00,105.74,105.9,105.84,105.76,209.39488334
2022-03-12 19:13:00,105.66,105.82,105.67,105.82,369.95593823
2022-03-12 19:12:00,105.59,105.68,105.68,105.61,12.15186828
2022-03-12 19:11:00,105.65,105.7,105.68,105.68,55.62338029
2022-03-12 19:10:00,105.62,105.67,105.67,105.67,37.91779047
2022-03-12 19:09:00,105.68,105.76,105.71,105.68,135.40419484
2022-03-12 19:08:00,105.71,105.8,105.73,105.75,49.83575714
2022-03-12 19:07:00,105.71,105.76,105.71,105.74,70.87751236
2022-03-12 19:06:00,105.6,105.69,105.64,105.69,59.30061788
2022-03-12 19:05:00,105.56,105.67,105.56,105.62,41.77602083
2022-03-12 19:04:00,105.58,105.68,105.68,105.6,148.86702599
2022-03-12 19:03:00,105.6,105.82,105.82,105.68,412.08120602
2022-03-12 19:02:00,105.8,105.89,105.82,105.82,37.66839781
2022-03-12 19:01:00,105.77,105.86,105.83,105.77,76.40438723
2022-03-12 19:00:00,105.88,106.08,106.08,105.88,152.91044004
2022-03-12 18:59:00,106.06,106.14,106.06,106.09,130.27687778
2022-03-12 18:58:00,106.05,106.12,106.12,106.05,74.33950525
2022-03-12 18:57:00,106.02,106.14,106.02,106.11,627.70094713
2022-03-12 18:56:00,105.9,106.15,106.15,106.02,162.21056015
2022-03-12 18:55:00,106.12,106.19,106.17,106.14,132.47096137
2022-03-12 18:54:00,106.1,106.17,106.1,106.17,12.05051776
2022-03-12 18:53:00,106.07,106.11,106.1,106.09,80.01030436
2022-03-12 18:52:00,106.11,106.16,106.16,106.12,12.03186354
2022-03-12 18:51:00,106.1,106.17,106.12,106.17,115.99478651
2022-03-12 18:50:00,105.99,106.12,106.06,106.11,58.04731101
2022-03-12 18:49:00,105.97,106.13,105.99,106.13,70.13518238
2022-03-12 18:48:00,105.93,106.0,105.94,105.95,22.78841123
2022-03-12 18:47:00,105.9,106.01,105.92,105.94,54.5279356
2022-03-12 18:46:00,105.83,105.98,105.87,105.92,96.77729382
2022-03-12 18:45:00,105.74,105.89,105.89,105.87,100.46364962
2022-03-12 18:44:00,105.88,105.94,105.94,105.89,38.4013264
2022-03-12 18:43:00,105.9,105.97,105.95,105.94,89.91031556
2022-03-12 18:42:00,105.92,106.1,106.1,105.97,152.24433401
2022-03-12 18:41:00,106.09,106.15,106.12,106.11,44.83623707
2022-03-12 18:40:00,106.01,106.26,106.23,106.1,163.76012692
2022-03-12 18:39:00,106.19,106.26,106.21,106.26,65.4175247
2022-03-12 18:38:00,106.13,106.25,106.14,106.23,129.80773513
2022-03-12 18:37:00,106.1,106.15,106.15,106.12,33.84895478
2022-03-12 18:36:00,106.09,106.18,106.13,106.11,80.27015949
2022-03-12 18:35:00,106.05,106.15,106.15,106.12,129.22062716
2022-03-12 18:34:00,106.12,106.17,106.14,106.15,12.02391946
2022-03-12 18:33:00,106.12,106.18,106.16,106.14,30.21742584
2022-03-12 18:32:00,106.11,106.18,106.17,106.13,122.28881795
2022-03-12 18:31:00,105.92,106.12,105.96,106.12,250.77651681
2022-03-12 18:30:00,105.87,105.95,105.95,105.92,49.97731114
2022-03-12 18:29:00,105.78,105.95,105.78,105.93,41.1904527
2022-03-12 18:28:00,105.8,105.88,105.8,105.87,104.36097705
2022-03-12 18:27:00,105.79,105.83,105.81,105.82,20.62552082
2022-03-12 18:26:00,105.71,105.8,105.73,105.8,181.2403786
2022-03-12 18:25:00,105.67,105.78,105.67,105.74,80.4550163
2022-03-12 18:24:00,105.55,105.72,105.71,105.67,235.84600267
2022-03-12 18:23:00,105.62,105.71,105.63,105.71,43.69133658
2022-03-12 18:22:00,105.63,105.72,105.7,105.66,37.62380891
2022-03-12 18:21:00,105.64,105.73,105.73,105.64,33.7496578
2022-03-12 18:20:00,105.64,105.75,105.75,105.7,92.08996118
2022-03-12 18:19:00,105.71,105.75,105.75,105.75,28.7673517
2022-03-12 18:18:00,105.75,105.86,105.86,105.75,63.71451406
2022-03-12 18:17:00,105.79,105.88,105.79,105.86,388.2722797
2022-03-12 18:16:00,105.79,105.85,105.83,105.79,72.32569013
2022-03-12 18:15:00,105.72,105.84,105.76,105.83,74.28057894
2022-03-12 18:14:00,105.73,105.82,105.82,105.78,78.00786877
2022-03-12 18:13:00,105.74,105.82,105.75,105.82,26.71363077
2022-03-12 18:12:00,105.61,105.78,105.63,105.75,97.71021565
2022-03-12 18:11:00,105.59,105.63,105.6,105.63,30.61277951
2022-03-12 18:10:00,105.63,105.73,105.73,105.65,27.56731189
2022-03-12 18:09:00,105.7,105.74,105.74,105.73,13.08885873
2022-03-12 18:08:00,105.7,105.74,105.71,105.74,23.75939001
2022-03-12 18:07:00,105.72,105.74,105.73,105.74,11.9433966
2022-03-12 18:06:00,105.72,105.74,105.72,105.74,10.76895444
2022-03-12 18:05:00,105.7,105.77,105.77,105.71,55.33430023
2022-03-12 18:04:00,105.75,105.81,105.76,105.77,37.49884916
2022-03-12 18:03:00,105.65,105.74,105.67,105.74,10.83115416
2022-03-12 18:02:00,105.58,105.64,105.61,105.64,39.00978281
2022-03-12 18:01:00,105.58,105.64,105.6,105.6,49.74117175
2022-03-12 18:00:00,105.6,105.76,105.72,105.62,133.81005421
2022-03-12 17:59:00,105.68,105.73,105.68,105.72,18.53110738
2022-03-12 17:58:00,105.61,105.7,105.62,105.7,39.02451319
2022-03-12 17:57:00,105.63,105.7,105.7,105.63,103.96685343
2022-03-12 17:56:00,105.63,105.7,105.65,105.7,8.28968448
2022-03-12 17:55:00,105.65,105.68,105.67,105.65,33.92186298
2022-03-12 17:54:00,105.63,105.69,105.65,105.66,114.71826407
2022-03-12 17:53:00,105.62,105.66,105.64,105.65,43.93518783
2022-03-12 17:52:00,105.61,105.65,105.64,105.62,8.58476792
2022-03-12 17:51:00,105.57,105.65,105.59,105.62,136.98091807
2022-03-12 17:50:00,105.54,105.58,105.56,105.55,113.00870461
2022-03-12 17:49:00,105.58,105.66,105.66,105.58,123.66621941
2022-03-12 17:48:00,105.58,105.65,105.62,105.65,106.56517851
2022-03-12 17:47:00,105.59,105.69,105.68,105.65,37.34019079
2022-03-12 17:46:00,105.61,105.67,105.61,105.67,36.1530258
2022-03-12 17:45:00,105.55,105.62,105.6,105.6,158.56957518
2022-03-12 17:44:00,105.58,105.62,105.6,105.62,29.7314937
2022-03-12 17:43:00,105.52,105.61,105.56,105.6,72.20793601
2022-03-12 17:42:00,105.49,105.57,105.57,105.55,85.44291778
2022-03-12 17:41:00,105.5,105.56,105.56,105.56,43.12030506
2022-03-12 17:40:00,105.52,105.56,105.56,105.56,4.67246984
2022-03-12 17:39:00,105.54,105.58,105.58,105.58,15.64225155
2022-03-12 17:38:00,105.5,105.58,105.52,105.58,25.72908088
2022-03-12 17:37:00,105.44,105.54,105.48,105.45,58.2136128
2022-03-12 17:36:00,105.41,105.5,105.44,105.49,43.19398194
2022-03-12 17:35:00,105.39,105.48,105.42,105.42,84.28169874
2022-03-12 17:34:00,105.42,105.54,105.44,105.51,62.49766572
2022-03-12 17:33:00,105.43,105.5,105.43,105.5,26.89315125
2022-03-12 17:32:00,105.36,105.51,105.45,105.41,256.17252178
2022-03-12 17:31:00,105.5,105.67,105.67,105.51,42.21084732
2022-03-12 17:30:00,105.52,105.68,105.57,105.66,74.77679722
2022-03-12 17:29:00,105.48,105.61,105.51,105.6,50.29711727
2022-03-12 17:28:00,105.46,105.62,105.62,105.46,21.0452515
2022-03-13 03:28:00,106.82,106.87,106.87,106.82,70.26412702
2022-03-13 03:27:00,106.84,106.91,106.88,106.85,40.14728351
2022-03-13 03:26:00,106.89,106.92,106.91,106.89,22.74060221
2022-03-13 03:25:00,106.89,106.99,106.94,106.89,572.28870259
2022-03-13 03:24:00,106.91,106.94,106.92,106.94,124.07793796
2022-03-13 03:23:00,106.88,106.92,106.91,106.91,20.68978404
2022-03-13 03:22:00,106.89,106.96,106.96,106.89,65.96607291
2022-03-13 03:21:00,106.92,106.97,106.95,106.94,77.9232314
2022-03-13 03:20:00,106.89,106.95,106.94,106.94,53.12154838
2022-03-13 03:19:00,106.89,106.95,106.92,106.93,87.44191318
2022-03-13 03:18:00,106.81,106.92,106.88,106.92,123.71598105
2022-03-13 03:17:00,106.85,106.91,106.85,106.89,62.98275485
2022-03-13 03:16:00,106.72,106.84,106.74,106.84,112.08203414
2022-03-13 03:15:00,106.7,106.9,106.89,106.71,141.13702658
2022-03-13 03:14:00,106.88,107.02,107.0,106.88,28.77963707
2022-03-13 03:13:00,106.96,107.01,106.99,107.01,18.8981313
2022-03-13 03:12:00,106.97,107.02,106.97,106.99,67.61511979
2022-03-13 03:11:00,106.94,106.99,106.99,106.98,79.64742884
2022-03-13 03:10:00,106.95,107.01,106.96,106.98,33.13425716
2022-03-13 03:09:00,106.94,107.02,106.99,106.94,63.48530785
2022-03-13 03:08:00,106.92,106.99,106.94,106.99,95.28189759
2022-03-13 03:07:00,106.89,106.96,106.91,106.95,122.35051032
2022-03-13 03:06:00,106.88,106.93,106.91,106.93,58.29680744
2022-03-13 03:05:00,106.86,106.92,106.86,106.91,67.94923133
2022-03-13 03:04:00,106.7,106.96,106.96,106.84,359.1872189
2022-03-13 03:03:00,106.97,107.04,107.01,106.97,79.14205078
2022-03-13 03:02:00,107.02,107.09,107.06,107.04,28.15116406
2022-03-13 03:01:00,107.08,107.14,107.14,107.09,68.88663769
2022-03-13 03:00:00,107.02,107.2,107.02,107.14,289.18554879
2022-03-13 02:59:00,106.99,107.07,107.04,107.01,168.59736406
2022-03-13 02:58:00,107.03,107.08,107.08,107.05,19.37273055
2022-03-13 02:57:00,107.0,107.1,107.1,107.06,196.61337993
2022-03-13 02:56:00,107.07,107.14,107.12,107.07,66.43578969
2022-03-13 02:55:00,107.1,107.14,107.12,107.12,40.00313739
2022-03-13 02:54:00,107.09,107.12,107.11,107.1,73.19573777
2022-03-13 02:53:00,107.1,107.16,107.16,107.11,64.0159879
2022-03-13 02:52:00,107.14,107.21,107.16,107.2,33.53322178
2022-03-13 02:51:00,107.13,107.17,107.13,107.15,24.287614
2022-03-13 02:50:00,107.1,107.21,107.21,107.16,326.66271081
2022-03-13 02:49:00,107.16,107.23,107.21,107.21,187.60820201
2022-03-13 02:48:00,107.19,107.29,107.19,107.23,1015.79595498
2022-03-13 02:47:00,107.13,107.19,107.13,107.19,42.33669253
2022-03-13 02:46:00,107.1,107.14,107.11,107.14,5.69319087
2022-03-13 02:45:00,107.14,107.21,107.19,107.14,58.8493928
2022-03-13 02:44:00,107.14,107.18,107.17,107.18,10.34869743
2022-03-13 02:43:00,107.14,107.17,107.15,107.15,29.8816813
2022-03-13 02:42:00,107.08,107.15,107.08,107.12,66.42660963
2022-03-13 02:41:00,107.04,107.11,107.11,107.07,157.41255812
2022-03-13 02:40:00,107.08,107.13,107.12,107.09,25.31139081
2022-03-13 02:39:00,107.07,107.15,107.14,107.12,101.04389367
2022-03-13 02:38:00,107.11,107.15,107.14,107.11,15.18815072
2022-03-13 02:37:00,107.11,107.15,107.12,107.14,12.37962549
2022-03-13 02:36:00,107.11,107.18,107.15,107.11,21.74894059
2022-03-13 02:35:00,107.14,107.24,107.23,107.17,17.40206654
2022-03-13 02:34:00,107.2,107.24,107.21,107.22,83.17709718
2022-03-13 02:33:00,107.2,107.24,107.2,107.24,42.72750415
2022-03-13 02:32:00,107.2,107.22,107.2,107.21,42.82081167
2022-03-13 02:31:00,107.16,107.2,107.16,107.17,20.79648507
2022-03-13 02:30:00,107.16,107.27,107.27,107.16,62.23642427
2022-03-13 02:29:00,107.2,107.25,107.22,107.25,49.19537242
2022-03-13 02:28:00,107.18,107.31,107.3,107.23,18.23688655
2022-03-13 02:27:00,107.25,107.32,107.3,107.31,57.29745187
2022-03-13 02:26:00,107.29,107.32,107.32,107.3,4.10989758
2022-03-13 02:25:00,107.24,107.3,107.26,107.29,102.82283113
2022-03-13 02:24:00,107.2,107.32,107.28,107.24,54.27031837
2022-03-13 02:23:00,107.16,107.28,107.16,107.25,18.16029081
2022-03-13 02:22:00,107.11,107.22,107.14,107.18,116.47954559
2022-03-13 02:21:00,107.11,107.15,107.12,107.14,41.14462866
2022-03-13 02:20:00,107.11,107.18,107.18,107.12,35.22990552
2022-03-13 02:19:00,107.13,107.18,107.16,107.18,79.58560521
2022-03-13 02:18:00,107.05,107.15,107.05,107.13,171.94612377
2022-03-13 02:17:00,106.98,107.04,106.99,107.04,47.56606625
2022-03-13 02:16:00,106.97,107.03,106.99,106.97,69.35380589
2022-03-13 02:15:00,106.97,107.06,107.06,107.01,30.63387764
2022-03-13 02:14:00,107.03,107.09,107.05,107.06,16.73781673
2022-03-13 02:13:00,107.04,107.12,107.12,107.12,127.56787491
2022-03-13 02:12:00,107.08,107.14,107.13,107.08,8.09653152
2022-03-13 02:11:00,107.11,107.14,107.14,107.11,15.51845066
2022-03-13 02:10:00,107.12,107.15,107.12,107.14,57.36705754
2022-03-13 02:09:00,107.12,107.14,107.12,107.13,19.8914428
2022-03-13 02:08:00,107.03,107.14,107.06,107.13,90.60238963
2022-03-13 02:07:00,107.06,107.15,107.15,107.06,61.14686636
2022-03-13 02:06:00,107.02,107.16,107.13,107.15,195.96423135
2022-03-13 02:05:00,107.08,107.18,107.13,107.11,78.56587136
2022-03-13 02:04:00,107.1,107.35,107.13,107.17,503.4546146
2022-03-13 02:03:00,106.93,107.13,107.0,107.12,1228.57117784
2022-03-13 02:02:00,106.92,106.99,106.92,106.99,32.24751178
2022-03-13 02:01:00,106.85,106.92,106.86,106.92,43.84180572
2022-03-13 02:00:00,106.79,106.87,106.84,106.84,39.189257
2022-03-13 01:59:00,106.82,106.89,106.82,106.87,94.17225197
2022-03-13 01:58:00,106.82,106.85,106.82,106.84,25.41573168
2022-03-13 01:57:00,106.81,106.9,106.85,106.82,59.0536639
2022-03-13 01:56:00,106.79,106.89,106.81,106.85,74.2624675
2022-03-13 01:55:00,106.75,106.86,106.83,106.79,164.97334415
2022-03-13 01:54:00,106.79,106.85,106.85,106.83,21.75246293
2022-03-13 01:53:00,106.8,106.85,106.84,106.85,32.05136511
2022-03-13 01:52:00,106.81,106.88,106.81,106.85,42.86576151
2022-03-13 01:51:00,106.74,106.83,106.74,106.81,84.66904991
2022-03-13 01:50:00,106.7,106.85,106.82,106.74,320.55602574
2022-03-13 01:49:00,106.75,106.84,106.8,106.78,65.74370726
2022-03-13 01:48:00,106.76,106.87,106.79,106.82,73.38294474
2022-03-13 01:47:00,106.75,106.81,106.75,106.78,32.23196436
2022-03-13 01:46:00,106.76,106.89,106.88,106.76,107.41032454
2022-03-13 01:45:00,106.88,106.93,106.93,106.91,40.24938581
2022-03-13 01:44:00,106.87,106.99,106.87,106.94,31.62980545
2022-03-13 01:43:00,106.84,106.89,106.89,106.87,22.30637577
2022-03-13 01:42:00,106.78,106.89,106.81,106.89,65.16735913
2022-03-13 01:41:00,106.8,106.84,106.82,106.8,47.56793632
2022-03-13 01:40:00,106.79,106.84,106.8,106.84,48.94759501
2022-03-13 01:39:00,106.78,106.85,106.8,106.83,90.11132715
2022-03-13 01:38:00,106.79,106.84,106.84,106.83,13.28161618
2022-03-13 01:37:00,106.71,106.85,106.71,106.83,92.0010556
2022-03-13 01:36:00,106.69,106.74,106.74,106.71,36.56243385
2022-03-13 01:35:00,106.73,106.82,106.81,106.74,170.30270307
2022-03-13 01:34:00,106.79,106.87,106.87,106.81,220.75543495
2022-03-13 01:33:00,106.82,106.87,106.82,106.87,58.09848459
2022-03-13 01:32:00,106.71,106.9,106.9,106.71,369.11621728
2022-03-13 01:31:00,106.86,106.93,106.91,106.9,78.81580798
2022-03-13 01:30:00,106.86,106.93,106.92,106.9,130.83980074
2022-03-13 01:29:00,106.92,106.95,106.93,106.92,70.2916869
2022-03-13 01:28:00,106.89,106.95,106.89,106.95,53.67852387
2022-03-13 01:27:00,106.81,106.89,106.81,106.87,97.05780638
2022-03-13 01:26:00,106.81,106.88,106.88,106.81,33.20323707
2022-03-13 01:25:00,106.78,106.96,106.96,106.88,287.1202119
2022-03-13 01:24:00,106.92,106.98,106.94,106.95,35.81463
2022-03-13 01:23:00,106.88,107.05,106.91,106.95,190.152891
2022-03-13 01:22:00,106.81,106.96,106.87,106.96,135.05560585
2022-03-13 01:21:00,106.84,106.92,106.89,106.89,154.88981792
2022-03-13 01:20:00,106.86,107.0,106.93,106.89,192.65001295
2022-03-13 01:19:00,106.91,107.04,107.01,106.96,140.90713196
2022-03-13 01:18:00,106.94,107.09,107.09,107.01,95.80283458
2022-03-13 01:17:00,106.98,107.12,107.04,107.12,119.57327302
2022-03-13 01:16:00,107.08,107.38,107.11,107.08,358.04517215
2022-03-13 01:15:00,106.82,107.14,106.82,107.09,294.48239531
2022-03-13 01:14:00,106.81,106.85,106.82,106.82,105.02363223
2022-03-13 01:13:00,106.75,106.84,106.75,106.84,60.47467203
2022-03-13 01:12:00,106.67,106.75,106.67,106.74,51.68705365
2022-03-13 01:11:00,106.55,106.69,106.56,106.67,66.29197437
2022-03-13 01:10:00,106.52,106.58,106.52,106.57,77.56089872
2022-03-13 01:09:00,106.5,106.68,106.67,106.53,158.97183379
2022-03-13 01:08:00,106.59,106.69,106.6,106.69,148.73424731
2022-03-13 01:07:00,106.47,106.7,106.48,106.61,247.69093059
2022-03-13 01:06:00,106.41,106.53,106.41,106.48,116.24563457
2022-03-13 01:05:00,106.38,106.43,106.4,106.38,18.30152677
2022-03-13 01:04:00,106.37,106.4,106.38,106.4,26.77454989
2022-03-13 01:03:00,106.38,106.41,106.41,106.4,31.47147216
2022-03-13 01:02:00,106.35,106.44,106.44,106.38,38.23994765
2022-03-13 01:01:00,106.35,106.52,106.49,106.44,435.27067086
2022-03-13 01:00:00,106.45,106.6,106.52,106.47,671.63563895
2022-03-13 00:59:00,106.45,106.5,106.45,106.49,53.85820335
2022-03-13 00:58:00,106.47,106.59,106.49,106.52,214.88934997
2022-03-13 00:57:00,106.3,106.51,106.33,106.5,231.88034935
2022-03-13 00:56:00,106.19,106.3,106.19,106.3,178.64710843
2022-03-13 00:55:00,106.11,106.18,106.16,106.16,274.33322771
2022-03-13 00:54:00,106.11,106.16,106.14,106.16,293.63474855
2022-03-13 00:53:00,106.12,106.16,106.14,106.15,34.41941846
2022-03-13 00:52:00,106.02,106.14,106.04,106.14,89.55455207
2022-03-13 00:51:00,106.03,106.07,106.06,106.04,34.86084804
2022-03-13 00:50:00,106.01,106.1,106.04,106.05,144.86929423
2022-03-13 00:49:00,106.0,106.04,106.03,106.04,48.64639047
2022-03-13 00:48:00,105.99,106.04,106.03,106.0,70.18747013
2022-03-13 00:47:00,105.99,106.1,106.1,106.01,107.60136743
2022-03-13 00:46:00,106.09,106.13,106.11,106.13,32.88299681
2022-03-13 00:45:00,106.09,106.13,106.09,106.11,51.50744247
2022-03-13 00:44:00,106.02,106.09,106.05,106.09,59.39113165
2022-03-13 00:43:00,105.99,106.07,106.02,106.03,82.00378868
2022-03-13 00:42:00,105.97,106.04,106.04,106.02,77.40773429
2022-03-13 00:41:00,105.94,106.03,106.0,106.03,144.64649216
2022-03-13 00:40:00,106.0,106.04,106.02,106.0,62.73291086
2022-03-13 00:39:00,105.98,106.03,105.98,106.01,79.96065045
2022-03-13 00:38:00,105.95,106.01,105.95,105.95,20.32943918
2022-03-13 00:37:00,105.98,106.0,106.0,106.0,8.986363
2022-03-13 00:36:00,105.93,106.03,105.93,106.0,66.99283949
2022-03-13 00:35:00,105.88,105.96,105.91,105.94,96.29968662
2022-03-13 00:34:00,105.86,105.93,105.88,105.92,93.37327429
2022-03-13 00:33:00,105.88,105.97,105.97,105.88,92.67241261
2022-03-13 00:32:00,105.86,105.98,105.95,105.97,48.01419221
2022-03-13 00:31:00,105.89,106.06,106.05,105.9,229.15487847
2022-03-13 00:30:00,106.04,106.25,106.2,106.05,123.2475514
2022-03-13 00:29:00,106.18,106.21,106.21,106.2,35.96723946
2022-03-13 00:28:00,106.08,106.2,106.17,106.19,284.31988346
2022-03-13 00:27:00,106.03,106.17,106.09,106.17,75.81473765
2022-03-13 00:26:00,106.04,106.25,106.04,106.09,298.00405652
2022-03-13 00:25:00,105.92,106.07,105.94,106.04,308.96387148
2022-03-13 00:24:00,105.93,105.98,105.96,105.94,83.59659878
2022-03-13 00:23:00,105.93,105.96,105.96,105.96,23.25195395
2022-03-13 00:22:00,105.85,106.02,106.02,105.96,56.85908506
2022-03-13 00:21:00,106.0,106.04,106.04,106.03,39.83402869
2022-03-13 00:20:00,105.99,106.03,105.99,106.03,29.78329784
2022-03-13 00:19:00,105.92,106.0,105.94,105.98,133.8677274
2022-03-13 00:18:00,105.84,105.95,105.84,105.92,67.18832062
2022-03-13 00:17:00,105.83,105.97,105.91,105.87,215.26601168
2022-03-13 00:16:00,105.81,105.91,105.83,105.91,8.90884304
2022-03-13 00:15:00,105.79,105.95,105.91,105.83,136.13600273
2022-03-13 00:14:00,105.75,105.91,105.88,105.9,169.39933229
2022-03-13 00:13:00,105.9,106.01,105.94,105.9,188.7475782
2022-03-13 00:12:00,105.8,105.95,105.8,105.92,64.05960671
2022-03-13 00:11:00,105.52,105.77,105.56,105.77,163.77774167
2022-03-13 00:10:00,105.44,105.61,105.61,105.56,627.41352061
2022-03-13 00:09:00,105.57,105.62,105.58,105.61,13.98086852
2022-03-13 00:08:00,105.55,105.61,105.58,105.6,53.86289325
2022-03-13 00:07:00,105.54,105.61,105.56,105.57,135.83720948
2022-03-13 00:06:00,105.56,105.65,105.62,105.61,73.8691627
2022-03-13 00:05:00,105.56,105.66,105.57,105.57,100.58758478
2022-03-13 00:04:00,105.45,105.61,105.46,105.52,88.45630494
2022-03-13 00:03:00,105.15,105.46,105.17,105.46,264.70693074
2022-03-13 00:02:00,105.16,105.62,105.59,105.16,288.6721011
2022-03-13 00:01:00,105.51,105.65,105.51,105.6,118.68275731
2022-03-13 00:00:00,105.46,105.59,105.56,105.49,57.24837211
2022-03-12 23:59:00,105.37,105.58,105.37,105.58,170.46574501
2022-03-12 23:58:00,105.38,105.67,105.65,105.38,137.9509261
2022-03-12 23:57:00,105.65,105.72,105.67,105.65,19.59269652
2022-03-12 23:56:00,105.66,105.71,105.69,105.67,48.46118613
2022-03-12 23:55:00,105.68,105.78,105.74,105.71,162.75778872
2022-03-12 23:54:00,105.72,105.84,105.84,105.72,135.02290506
2022-03-12 23:53:00,105.79,105.84,105.8,105.82,54.51322952
2022-03-12 23:52:00,105.71,105.78,105.73,105.78,41.23864655
2022-03-12 23:51:00,105.66,105.73,105.66,105.73,42.56923765
2022-03-12 23:50:00,105.64,105.7,105.65,105.66,158.58784397
2022-03-12 23:49:00,105.6,105.68,105.66,105.62,104.01468354
2022-03-12 23:48:00,105.64,105.72,105.66,105.66,244.0546006
2022-03-12 23:47:00,105.63,105.73,105.69,105.66,40.92048632
2022-03-12 23:46:00,105.52,105.7,105.54,105.7,273.87661008
2022-03-12 23:45:00,105.56,105.84,105.83,105.59,293.21785398
2022-03-12 23:44:00,105.81,105.88,105.85,105.84,102.31213763
2022-03-12 23:43:00,105.82,105.88,105.85,105.86,117.77609581
2022-03-12 23:42:00,105.86,105.9,105.88,105.86,83.54559932
2022-03-12 23:41:00,105.87,105.98,105.97,105.87,94.78140646
2022-03-12 23:40:00,105.91,106.05,105.91,105.97,88.27593805
2022-03-12 23:39:00,105.74,105.95,105.78,105.89,670.41931513
2022-03-12 23:38:00,105.8,106.46,106.45,105.8,926.01349022
2022-03-12 23:37:00,106.46,106.52,106.48,106.48,34.66181308
2022-03-12 23:36:00,106.45,106.51,106.46,106.48,65.36502322
2022-03-12 23:35:00,106.43,106.55,106.54,106.48,97.40521689
2022-03-12 23:34:00,106.51,106.56,106.51,106.54,23.72352417
2022-03-12 23:33:00,106.44,106.59,106.57,106.51,159.5936393
2022-03-12 23:32:00,106.54,106.59,106.58,106.56,23.66501079
2022-03-12 23:31:00,106.55,106.68,106.67,106.59,116.31829907
2022-03-12 23:30:00,106.65,106.69,106.68,106.68,14.33505142
2022-03-12 23:29:00,106.61,106.74,106.63,106.7,73.5666666
2022-03-12 23:28:00,106.58,106.62,106.6,106.61,57.6357708
2022-03-12 23:27:00,106.54,106.63,106.56,106.63,25.29422911
2022-03-12 23:26:00,106.55,106.6,106.58,106.56,23.08137485
2022-03-12 23:25:00,106.52,106.59,106.59,106.55,88.07333912
2022-03-12 23:24:00,106.53,106.58,106.57,106.58,34.42444191
2022-03-12 23:23:00,106.5,106.59,106.54,106.59,13.85965106
2022-03-12 23:22:00,106.47,106.54,106.53,106.54,88.68001372
2022-03-12 23:21:00,106.5,106.57,106.54,106.53,15.3812571
2022-03-12 23:20:00,106.46,106.56,106.47,106.54,37.89054762
2022-03-12 23:19:00,106.45,106.49,106.48,106.48,49.97645842
2022-03-12 23:18:00,106.43,106.5,106.49,106.43,163.6562156
2022-03-12 23:17:00,106.46,106.5,106.48,106.5,9.44194141
2022-03-12 23:16:00,106.45,106.57,106.55,106.47,77.32268071
2022-03-12 23:15:00,106.51,106.55,106.52,106.55,28.84982097
2022-03-12 23:14:00,106.53,106.57,106.57,106.53,67.81523884
2022-03-12 23:13:00,106.51,106.57,106.55,106.57,66.69573767
2022-03-12 23:12:00,106.51,106.56,106.52,106.56,35.07247724
2022-03-12 23:11:00,106.48,106.6,106.57,106.51,156.28014686
2022-03-12 23:10:00,106.45,106.56,106.47,106.55,43.8558657
2022-03-12 23:09:00,106.32,106.49,106.32,106.46,49.64640401
2022-03-12 23:08:00,106.33,106.53,106.52,106.33,57.86307883
2022-03-12 23:07:00,106.34,106.53,106.45,106.51,96.72318142
2022-03-12 23:06:00,106.34,106.47,106.37,106.47,66.41189098
2022-03-12 23:05:00,106.33,106.46,106.43,106.35,283.32882574
2022-03-12 23:04:00,106.29,106.47,106.31,106.45,172.89249676
2022-03-12 23:03:00,106.19,106.29,106.2,106.29,48.44259678
2022-03-12 23:02:00,106.2,106.23,106.2,106.21,22.52710167
2022-03-12 23:01:00,106.22,106.31,106.25,106.22,95.97951177
2022-03-12 23:00:00,106.18,106.28,106.19,106.26,97.20063261
2022-03-12 22:59:00,106.16,106.19,106.17,106.17,33.03956699
2022-03-12 22:58:00,106.15,106.18,106.15,106.15,32.00442452
2022-03-12 22:57:00,106.16,106.37,106.3,106.17,244.95601477
2022-03-12 22:56:00,106.12,106.33,106.13,106.31,26.858151
2022-03-12 22:55:00,106.08,106.17,106.16,106.12,59.70580379
2022-03-12 22:54:00,106.18,106.36,106.34,106.19,235.30794538
2022-03-12 22:53:00,106.31,106.35,106.35,106.34,36.07031743
2022-03-12 22:52:00,106.31,106.35,106.33,106.35,46.4000439
2022-03-12 22:51:00,106.28,106.34,106.28,106.33,27.99616269
2022-03-12 22:50:00,106.25,106.3,106.29,106.3,140.66769845
2022-03-12 22:49:00,106.18,106.3,106.2,106.29,218.93837216
2022-03-12 22:48:00,106.13,106.2,106.2,106.17,320.68181607
2022-03-12 22:47:00,106.14,106.2,106.15,106.2,70.67339487
2022-03-12 22:46:00,106.11,106.18,106.16,106.18,50.04666961
2022-03-12 22:45:00,106.12,106.18,106.16,106.16,12.19480754
2022-03-12 22:44:00,106.04,106.14,106.06,106.14,71.27029099
2022-03-12 22:43:00,106.01,106.06,106.03,106.06,24.93982065
2022-03-12 22:42:00,106.01,106.06,106.06,106.04,27.62980228
2022-03-12 22:41:00,105.94,106.06,105.97,106.06,20.59936259
2022-03-12 22:40:00,105.85,105.98,105.85,105.97,371.37622339
2022-03-12 22:39:00,105.85,105.88,105.86,105.85,48.93525418
2022-03-12 22:38:00,105.82,105.86,105.83,105.85,14.00630551
2022-03-12 22:37:00,105.76,105.84,105.8,105.84,122.12646603
2022-03-12 22:36:00,105.74,105.8,105.75,105.78,68.34390815
2022-03-12 22:35:00,105.7,105.75,105.74,105.74,25.74318385
2022-03-12 22:34:00,105.68,105.73,105.7,105.73,19.08566911
2022-03-12 22:33:00,105.63,105.71,105.68,105.71,69.94378895
2022-03-12 22:32:00,105.63,105.68,105.66,105.68,35.37928576
2022-03-12 22:31:00,105.64,105.71,105.68,105.67,113.99207259
2022-03-12 22:30:00,105.63,105.72,105.71,105.68,16.53837199
2022-03-12 22:29:00,105.67,105.72,105.68,105.72,63.35517516
2022-03-12 22:28:00,105.64,105.74,105.74,105.69,165.06896446
2022-03-13 08:28:00,105.89,105.97,105.9,105.92,98.32507984
2022-03-13 08:27:00,105.87,105.91,105.88,105.9,5.75344158
2022-03-13 08:26:00,105.86,105.92,105.86,105.87,21.02185583
2022-03-13 08:25:00,105.85,105.92,105.87,105.89,150.58328171
2022-03-13 08:24:00,105.85,105.9,105.85,105.87,27.42391739
2022-03-13 08:23:00,105.84,105.91,105.89,105.84,21.66907712
2022-03-13 08:22:00,105.87,105.91,105.91,105.89,39.16766956
2022-03-13 08:21:00,105.88,105.97,105.89,105.91,38.44805141
2022-03-13 08:20:00,105.88,105.92,105.89,105.88,49.56754537
2022-03-13 08:19:00,105.88,105.91,105.9,105.89,116.52719543
2022-03-13 08:18:00,105.87,105.95,105.95,105.89,47.99259491
2022-03-13 08:17:00,105.9,106.0,105.94,105.98,60.00507792
2022-03-13 08:16:00,105.93,106.03,106.03,105.95,8.42425092
2022-03-13 08:15:00,105.86,106.04,105.86,106.04,78.88583149
2022-03-13 08:14:00,105.85,105.93,105.89,105.87,135.77559279
2022-03-13 08:13:00,105.86,105.93,105.9,105.89,37.40567752
2022-03-13 08:12:00,105.92,105.93,105.93,105.93,6.86125245
2022-03-13 08:11:00,105.9,105.93,105.93,105.9,11.45229346
2022-03-13 08:10:00,105.92,105.95,105.95,105.93,2.56571922
2022-03-13 08:09:00,105.92,105.97,105.97,105.97,44.83747638
2022-03-13 08:08:00,105.96,106.0,105.97,105.98,15.22736305
2022-03-13 08:07:00,105.93,106.01,106.01,105.96,28.60542238
2022-03-13 08:06:00,105.98,106.06,106.03,106.0,6.97873603
2022-03-13 08:05:00,106.04,106.16,106.09,106.05,228.97982365
2022-03-13 08:04:00,106.07,106.09,106.07,106.09,7.88688132
2022-03-13 08:03:00,106.03,106.08,106.07,106.08,108.30495967
2022-03-13 08:02:00,106.01,106.11,106.11,106.06,174.07983412
2022-03-13 08:01:00,106.11,106.11,106.11,106.11,7.15439916
2022-03-13 08:00:00,105.98,106.11,105.98,106.09,252.44506045
2022-03-13 07:59:00,105.95,106.01,105.99,105.99,25.17406681
2022-03-13 07:58:00,105.96,106.0,105.99,106.0,5.68145096
2022-03-13 07:57:00,105.96,106.04,106.0,105.96,15.81651482
2022-03-13 07:56:00,105.91,106.03,105.91,105.99,97.62681818
2022-03-13 07:55:00,105.96,106.04,105.96,105.97,143.03359308
2022-03-13 07:54:00,105.9,105.96,105.96,105.95,16.50120459
2022-03-13 07:53:00,105.93,105.97,105.94,105.95,23.79116847
2022-03-13 07:52:00,105.91,105.98,105.97,105.97,236.20407289
2022-03-13 07:51:00,105.97,105.99,105.99,105.97,4.29190306
2022-03-13 07:50:00,105.97,105.99,105.99,105.99,3.9276086
2022-03-13 07:49:00,105.97,106.01,106.01,105.98,47.26661586
2022-03-13 07:48:00,105.97,106.01,105.99,105.97,16.88524899
2022-03-13 07:47:00,105.98,106.02,106.01,105.98,31.82453753
2022-03-13 07:46:00,105.99,106.03,106.02,106.01,23.27543286
2022-03-13 07:45:00,106.02,106.05,106.02,106.03,19.03578828
2022-03-13 07:44:00,106.01,106.04,106.02,106.03,6.35270816
2022-03-13 07:43:00,106.07,106.15,106.12,106.07,232.38421634
2022-03-13 07:42:00,106.06,106.12,106.07,106.12,33.22478773
2022-03-13 07:41:00,106.05,106.08,106.05,106.06,16.21351321
2022-03-13 07:40:00,106.02,106.08,106.02,106.08,25.21658996
2022-03-13 07:39:00,106.04,106.07,106.04,106.05,11.0601082
2022-03-13 07:38:00,106.0,106.03,106.02,106.02,59.19216064
2022-03-13 07:37:00,105.97,106.04,106.01,106.02,236.09044239
2022-03-13 07:36:00,105.96,106.05,106.04,106.0,63.92600342
2022-03-13 07:35:00,105.96,106.05,105.99,106.05,41.28028379
2022-03-13 07:34:00,105.97,105.99,105.98,105.99,1.04362011
2022-03-13 07:33:00,106.01,106.08,106.07,106.01,8.45799416
2022-03-13 07:32:00,106.04,106.08,106.05,106.05,23.38712101
2022-03-13 07:31:00,106.01,106.08,106.02,106.07,16.73538014
2022-03-13 07:30:00,106.0,106.05,106.02,106.03,17.68890364
2022-03-13 07:29:00,105.97,106.04,106.02,106.01,40.15890592
2022-03-13 07:28:00,106.03,106.05,106.04,106.05,6.58516851
2022-03-13 07:27:00,106.02,106.05,106.03,106.05,9.91294157
2022-03-13 07:26:00,105.98,106.04,105.98,106.04,14.28319138
2022-03-13 07:25:00,105.92,106.01,105.98,106.0,40.54107695
2022-03-13 07:24:00,105.86,105.99,105.86,105.99,11.63594096
2022-03-13 07:23:00,105.83,105.87,105.84,105.86,29.81891342
2022-03-13 07:22:00,105.84,105.87,105.87,105.87,9.27568425
2022-03-13 07:21:00,105.84,105.87,105.85,105.84,13.46426298
2022-03-13 07:20:00,105.8,105.88,105.8,105.86,76.07916652
2022-03-13 07:19:00,105.76,105.82,105.76,105.82,54.52428026
2022-03-13 07:18:00,105.77,105.86,105.84,105.77,24.72275797
2022-03-13 07:17:00,105.83,105.86,105.85,105.86,8.1888137
2022-03-13 07:16:00,105.83,105.85,105.84,105.84,37.96698232
2022-03-13 07:15:00,105.85,105.87,105.87,105.85,43.18536413
2022-03-13 07:14:00,105.96,106.05,106.0,105.98,59.21020887
2022-03-13 07:13:00,105.87,106.01,105.88,106.01,110.71880131
2022-03-13 07:12:00,105.86,105.92,105.86,105.87,87.28800678
2022-03-13 07:11:00,105.82,105.93,105.93,105.87,136.20163154
2022-03-13 07:10:00,105.91,105.98,105.97,105.94,33.71934098
2022-03-13 07:09:00,105.95,105.98,105.96,105.98,11.60996486
2022-03-13 07:08:00,105.94,106.06,106.06,105.97,40.49755596
2022-03-13 07:07:00,106.01,106.09,106.04,106.05,44.47057338
2022-03-13 07:06:00,106.0,106.04,106.01,106.04,36.45189393
2022-03-13 07:05:00,105.99,106.02,106.02,106.02,4.03485415
2022-03-13 07:04:00,105.97,106.04,105.97,105.99,145.08954811
2022-03-13 07:03:00,105.97,105.99,105.99,105.99,6.70540394
2022-03-13 07:02:00,105.92,105.98,105.96,105.98,45.28293477
2022-03-13 07:01:00,105.93,105.97,105.93,105.97,47.30755078
2022-03-13 07:00:00,105.9,105.99,105.99,105.91,25.71287079
2022-03-13 06:59:00,105.98,105.99,105.98,105.99,6.45523631
2022-03-13 06:58:00,105.97,106.02,105.97,106.01,15.46027018
2022-03-13 06:57:00,105.99,106.03,106.03,105.99,9.34746672
2022-03-13 06:56:00,106.0,106.03,106.03,106.03,16.3804834
2022-03-13 06:55:00,105.99,106.07,106.07,106.03,26.29408182
2022-03-13 06:54:00,106.01,106.06,106.04,106.06,190.19265789
2022-03-13 06:53:00,106.02,106.04,106.04,106.03,28.01043617
2022-03-13 06:52:00,106.0,106.04,106.03,106.04,42.03718179
2022-03-13 06:51:00,105.97,106.07,106.05,106.01,32.98110745
2022-03-13 06:50:00,106.0,106.07,106.0,106.05,78.71789289
2022-03-13 06:49:00,105.97,106.0,105.98,106.0,13.93582156
2022-03-13 06:48:00,105.92,105.99,105.94,105.99,30.80354328
2022-03-13 06:47:00,105.8,105.97,105.84,105.92,90.59991991
2022-03-13 06:46:00,105.73,105.83,105.81,105.83,241.52555975
2022-03-13 06:45:00,105.8,105.92,105.92,105.82,39.40303664
2022-03-13 06:44:00,105.87,105.92,105.87,105.91,49.28059234
2022-03-13 06:43:00,105.85,105.89,105.89,105.85,64.75262894
2022-03-13 06:42:00,105.86,105.98,105.97,105.89,48.77696641
2022-03-13 06:41:00,105.97,105.99,105.97,105.99,34.11069654
2022-03-13 06:40:00,105.92,105.97,105.94,105.97,23.31532981
2022-03-13 06:39:00,105.93,105.97,105.95,105.93,7.42862269
2022-03-13 06:38:00,106.01,106.03,106.03,106.01,45.1050329
2022-03-13 06:37:00,106.02,106.04,106.02,106.04,46.26986836
2022-03-13 06:36:00,106.01,106.03,106.01,106.03,114.23768077
2022-03-13 06:35:00,106.01,106.02,106.02,106.02,3.90889511
2022-03-13 06:34:00,105.95,106.02,105.95,106.02,42.72883737
2022-03-13 06:33:00,105.88,105.95,105.88,105.95,43.79314924
2022-03-13 06:32:00,105.87,105.9,105.88,105.89,44.14987245
2022-03-13 06:31:00,105.85,105.89,105.86,105.86,36.18781117
2022-03-13 06:30:00,105.81,105.88,105.81,105.88,27.16024969
2022-03-13 06:29:00,105.81,105.85,105.81,105.84,9.56832188
2022-03-13 06:28:00,105.81,105.92,105.88,105.82,15.04880374
2022-03-13 06:27:00,105.81,105.89,105.83,105.89,33.64603187
2022-03-13 06:26:00,105.81,105.87,105.82,105.84,100.00966819
2022-03-13 06:25:00,105.78,105.81,105.78,105.78,23.63511224
2022-03-13 06:24:00,105.72,105.78,105.78,105.74,52.2125054
2022-03-13 06:23:00,105.77,105.82,105.79,105.82,24.90072367
2022-03-13 06:22:00,105.78,105.82,105.79,105.81,21.26302115
2022-03-13 06:21:00,105.72,105.79,105.74,105.76,43.77272143
2022-03-13 06:20:00,105.72,105.8,105.8,105.74,244.5391458
2022-03-13 06:19:00,105.75,105.8,105.76,105.79,30.01015603
2022-03-13 06:18:00,105.74,105.81,105.78,105.79,13.22868196
2022-03-13 06:17:00,105.74,105.83,105.83,105.75,101.46474124
2022-03-13 06:16:00,105.82,105.88,105.88,105.82,33.94926025
2022-03-13 06:15:00,105.86,105.94,105.93,105.87,44.22181547
2022-03-13 06:14:00,105.87,105.95,105.93,105.93,245.5565273
2022-03-13 06:13:00,105.86,105.93,105.92,105.91,85.21403357
2022-03-13 06:12:00,105.85,105.88,105.87,105.87,4.42384045
2022-03-13 06:11:00,105.81,105.86,105.81,105.85,48.55764345
2022-03-13 06:10:00,105.78,105.83,105.78,105.81,23.0057969
2022-03-13 06:09:00,105.73,105.77,105.73,105.76,45.99589154
2022-03-13 06:08:00,105.71,105.77,105.72,105.73,7.71475761
2022-03-13 06:07:00,105.71,105.74,105.74,105.71,4.2310211
2022-03-13 06:06:00,105.68,105.75,105.74,105.74,56.91384616
2022-03-13 06:05:00,105.61,105.81,105.78,105.74,378.66177448
2022-03-13 06:04:00,105.75,105.84,105.79,105.77,158.4137538
2022-03-13 06:03:00,105.75,105.82,105.81,105.79,81.20899825
2022-03-13 06:02:00,105.73,105.83,105.83,105.81,517.06288394
2022-03-13 06:01:00,105.84,105.86,105.85,105.84,967.51842766
2022-03-13 06:00:00,105.83,105.88,105.86,105.87,40.62729637
2022-03-13 05:59:00,105.82,106.0,106.0,105.92,141.22412038
2022-03-13 05:58:00,105.97,106.01,106.01,106.01,49.29575575
2022-03-13 05:57:00,105.98,106.06,106.04,105.98,13.67506807
2022-03-13 05:56:00,106.03,106.12,106.12,106.06,42.18703065
2022-03-13 05:55:00,106.08,106.12,106.1,106.12,74.68337149
2022-03-13 05:54:00,106.06,106.09,106.08,106.09,2.44795683
2022-03-13 05:53:00,106.07,106.12,106.09,106.08,33.47312032
2022-03-13 05:52:00,106.09,106.13,106.1,106.13,6.07773551
2022-03-13 05:51:00,106.03,106.11,106.03,106.11,107.67209529
2022-03-13 05:50:00,105.95,106.03,105.96,106.03,44.83067204
2022-03-13 05:49:00,105.91,106.0,106.0,105.93,146.17885486
2022-03-13 05:48:00,105.98,106.01,105.98,106.01,2.62669316
2022-03-13 05:47:00,105.98,106.01,106.0,106.01,2.34870442
2022-03-13 05:46:00,105.98,106.03,106.02,106.01,128.28707823
2022-03-13 05:45:00,106.0,106.05,106.02,106.01,27.27621717
2022-03-13 05:44:00,105.98,106.04,106.01,106.02,94.178974
2022-03-13 05:43:00,105.96,106.01,106.01,106.0,46.70064406
2022-03-13 05:42:00,106.0,106.04,106.04,106.0,45.2803069
2022-03-13 05:41:00,106.04,106.06,106.06,106.05,6.94457581
2022-03-13 05:40:00,106.01,106.07,106.05,106.06,60.71837177
2022-03-13 05:39:00,106.03,106.09,106.03,106.06,26.33845788
2022-03-13 05:38:00,106.0,106.04,106.03,106.02,20.87856191
2022-03-13 05:37:00,105.94,106.04,105.94,106.02,407.29622587
2022-03-13 05:36:00,105.91,105.97,105.97,105.94,13.57436877
2022-03-13 05:35:00,105.95,106.03,106.01,105.97,33.24900291
2022-03-13 05:34:00,106.0,106.04,106.0,106.04,35.56836729
2022-03-13 05:33:00,106.01,106.03,106.03,106.03,15.79890514
2022-03-13 05:32:00,106.01,106.08,106.08,106.04,20.420411
2022-03-13 05:31:00,106.02,106.11,106.1,106.06,92.40190254
2022-03-13 05:30:00,106.09,106.16,106.16,106.09,81.66701771
2022-03-13 05:29:00,106.13,106.17,106.16,106.16,17.14234128
2022-03-13 05:28:00,106.09,106.17,106.15,106.17,14.03903631
2022-03-13 05:27:00,106.08,106.15,106.1,106.12,119.04914005
2022-03-13 05:26:00,106.08,106.11,106.11,106.11,5.8302146
2022-03-13 05:25:00,106.06,106.14,106.12,106.08,57.98675805
2022-03-13 05:24:00,106.09,106.12,106.11,106.12,83.44085836
2022-03-13 05:23:00,106.1,106.16,106.16,106.11,45.69977232
2022-03-13 05:22:00,106.09,106.16,106.12,106.14,116.73421724
2022-03-13 05:21:00,106.08,106.13,106.08,106.13,65.66100239
2022-03-13 05:20:00,106.05,106.08,106.05,106.08,121.57619959
2022-03-13 05:19:00,106.03,106.06,106.04,106.05,37.06365482
2022-03-13 05:18:00,106.03,106.07,106.07,106.04,7.05820113
2022-03-13 05:17:00,105.99,106.07,106.02,106.07,56.22566551
2022-03-13 05:16:00,105.96,106.02,105.97,106.02,44.49959547
2022-03-13 05:15:00,105.95,106.07,105.96,105.95,257.34640885
2022-03-13 05:14:00,105.96,106.1,106.09,105.98,105.35592058
2022-03-13 05:13:00,106.08,106.12,106.12,106.08,23.97851311
2022-03-13 05:12:00,106.08,106.16,106.08,106.12,240.70798758
2022-03-13 05:11:00,106.08,106.09,106.09,106.08,2.39338884
2022-03-13 05:10:00,106.08,106.13,106.12,106.1,4.73835031
2022-03-13 05:09:00,106.11,106.14,106.12,106.11,79.44874152
2022-03-13 05:08:00,106.1,106.23,106.2,106.1,104.47711346
2022-03-13 05:07:00,106.24,106.25,106.24,106.24,48.95816202
2022-03-13 05:06:00,106.17,106.25,106.17,106.25,269.12886295
2022-03-13 05:05:00,106.16,106.2,106.17,106.17,111.09280456
2022-03-13 05:04:00,106.11,106.19,106.11,106.19,229.84926265
2022-03-13 05:03:00,106.05,106.14,106.08,106.14,104.24986301
2022-03-13 05:02:00,106.03,106.16,106.15,106.09,1560.60726002
2022-03-13 05:01:00,106.15,106.16,106.15,106.16,48.38905288
2022-03-13 05:00:00,106.07,106.19,106.07,106.15,310.43624713
2022-03-13 04:59:00,105.98,106.07,106.03,106.05,153.76023461
2022-03-13 04:58:00,106.02,106.07,106.07,106.03,116.31958353
2022-03-13 04:57:00,106.05,106.09,106.09,106.07,26.02165893
2022-03-13 04:56:00,106.06,106.12,106.11,106.06,153.30581123
2022-03-13 04:55:00,106.12,106.14,106.14,106.12,13.38273027
2022-03-13 04:54:00,106.09,106.14,106.11,106.14,10.91939403
2022-03-13 04:53:00,106.06,106.21,106.21,106.13,153.74504337
2022-03-13 04:52:00,106.2,106.29,106.28,106.21,77.56404393
2022-03-13 04:51:00,106.24,106.32,106.32,106.24,168.62858208
2022-03-13 04:50:00,106.3,106.33,106.33,106.3,10.23555999
2022-03-13 04:49:00,106.33,106.35,106.35,106.35,8.10619403
2022-03-13 04:48:00,106.26,106.35,106.26,106.35,6.82262595
2022-03-13 04:47:00,106.17,106.34,106.17,106.26,225.40462134
2022-03-13 04:46:00,106.17,106.23,106.23,106.2,24.98872186
2022-03-13 04:45:00,106.22,106.24,106.22,106.23,40.43909104
2022-03-13 04:44:00,106.2,106.25,106.23,106.23,16.95097743
2022-03-13 04:43:00,106.2,106.3,106.2,106.24,95.09753821
2022-03-13 04:42:00,106.15,106.2,106.16,106.2,37.24404623
2022-03-13 04:41:00,106.16,106.21,106.2,106.18,66.96657839
2022-03-13 04:40:00,106.12,106.24,106.12,106.17,193.82811849
2022-03-13 04:39:00,106.11,106.16,106.13,106.11,59.2394111
2022-03-13 04:38:00,106.05,106.17,106.14,106.13,139.816013
2022-03-13 04:37:00,106.15,106.19,106.19,106.17,44.51918544
2022-03-13 04:36:00,106.17,106.21,106.17,106.19,13.61804732
2022-03-13 04:35:00,106.17,106.22,106.19,106.17,59.15312499
2022-03-13 04:34:00,106.19,106.26,106.26,106.19,155.10764381
2022-03-13 04:33:00,106.27,106.37,106.36,106.27,29.24012359
2022-03-13 04:32:00,106.3,106.36,106.32,106.36,56.50629606
2022-03-13 04:31:00,106.3,106.38,106.34,106.3,81.4259812
2022-03-13 04:30:00,106.29,106.43,106.43,106.32,97.11076333
2022-03-13 04:29:00,106.4,106.45,106.4,106.43,170.04587971
2022-03-13 04:28:00,106.39,106.45,106.42,106.42,280.31877606
2022-03-13 04:27:00,106.39,106.49,106.44,106.42,122.16578782
2022-03-13 04:26:00,106.42,106.46,106.44,106.44,82.45096026
2022-03-13 04:25:00,106.38,106.44,106.38,106.42,32.17534446
2022-03-13 04:24:00,106.34,106.48,106.47,106.37,189.67701928
2022-03-13 04:23:00,106.46,106.52,106.52,106.48,76.19188781
2022-03-13 04:22:00,106.49,106.52,106.5,106.52,13.42727581
2022-03-13 04:21:00,106.45,106.52,106.47,106.52,67.13833284
2022-03-13 04:20:00,106.43,106.49,106.45,106.48,169.82098281
2022-03-13 04:19:00,106.44,106.54,106.51,106.46,80.77653567
2022-03-13 04:18:00,106.48,106.54,106.51,106.51,152.6865542
2022-03-13 04:17:00,106.44,106.49,106.44,106.49,29.44726485
2022-03-13 04:16:00,106.41,106.47,106.41,106.45,75.9092178
2022-03-13 04:15:00,106.4,106.45,106.4,106.43,298.12380232
2022-03-13 04:14:00,106.36,106.43,106.42,106.37,72.0831145
2022-03-13 04:13:00,106.37,106.43,106.41,106.41,233.18106812
2022-03-13 04:12:00,106.42,106.46,106.43,106.44,39.43536628
2022-03-13 04:11:00,106.41,106.46,106.43,106.46,27.78750938
2022-03-13 04:10:00,106.36,106.48,106.38,106.41,192.82279069
2022-03-13 04:09:00,106.34,106.41,106.41,106.41,39.62991475
2022-03-13 04:08:00,106.44,106.55,106.52,106.44,74.00216681
2022-03-13 04:07:00,106.52,106.81,106.81,106.55,350.18695694
2022-03-13 04:06:00,106.82,106.95,106.83,106.82,142.5173443
2022-03-13 04:05:00,106.81,106.85,106.82,106.83,16.73738189
2022-03-13 04:04:00,106.8,106.85,106.85,106.83,53.8187611
2022-03-13 04:03:00,106.82,106.85,106.84,106.85,37.07435211
2022-03-13 04:02:00,106.81,106.89,106.89,106.83,81.30717761
2022-03-13 04:01:00,106.86,106.89,106.88,106.89,20.49387779
2022-03-13 04:00:00,106.81,106.89,106.82,106.88,51.97587421
2022-03-13 03:59:00,106.78,106.84,106.8,106.81,69.14449718
2022-03-13 03:58:00,106.78,106.82,106.8,106.8,44.45392139
2022-03-13 03:57:00,106.78,106.81,106.8,106.8,20.58791908
2022-03-13 03:56:00,106.78,106.86,106.82,106.79,130.98158352
2022-03-13 03:55:00,106.75,106.82,106.78,106.82,9.62196935
2022-03-13 03:54:00,106.75,106.81,106.8,106.78,12.06272922
2022-03-13 03:53:00,106.76,106.82,106.79,106.82,38.74399804
2022-03-13 03:52:00,106.78,106.89,106.85,106.78,129.46041321
2022-03-13 03:51:00,106.83,106.91,106.86,106.85,26.38961046
2022-03-13 03:50:00,106.8,106.86,106.82,106.84,28.1379478
2022-03-13 03:49:00,106.74,106.83,106.74,106.82,118.86395023
2022-03-13 03:48:00,106.73,106.78,106.73,106.76,15.76440369
2022-03-13 03:47:00,106.75,106.85,106.82,106.75,235.21332238
2022-03-13 03:46:00,106.8,106.85,106.83,106.83,72.19943473
2022-03-13 03:45:00,106.77,106.86,106.77,106.85,166.4354447
2022-03-13 03:44:00,106.75,106.77,106.76,106.77,16.51285831
2022-03-13 03:43:00,106.74,106.77,106.77,106.77,4.81800938
2022-03-13 03:42:00,106.74,106.79,106.74,106.79,151.2120569
2022-03-13 03:41:00,106.7,106.75,106.72,106.71,15.41368888
2022-03-13 03:40:00,106.71,106.75,106.71,106.74,67.4364822
2022-03-13 03:39:00,106.72,106.77,106.75,106.74,34.24514857
2022-03-13 03:38:00,106.73,106.77,106.73,106.77,30.51689238
2022-03-13 03:37:00,106.73,106.82,106.82,106.76,40.76968938
2022-03-13 03:36:00,106.7,106.82,106.76,106.79,128.01276889
2022-03-13 03:35:00,106.73,106.78,106.77,106.76,110.1556122
2022-03-13 03:34:00,106.77,106.8,106.79,106.8,22.58264144
2022-03-13 03:33:00,106.78,106.83,106.81,106.78,30.31888882
2022-03-13 03:32:00,106.8,106.86,106.83,106.8,52.51218422
2022-03-13 03:31:00,106.72,106.86,106.74,106.82,83.12273184
2022-03-13 03:30:00,106.76,106.85,106.81,106.77,75.86140135
2022-03-13 03:29:00,106.75,106.84,106.82,106.83,113.98128322
2022-03-13 03:28:00,106.82,106.87,106.87,106.82,70.26412702
2022-03-13 13:28:00,104.3,104.34,104.3,104.31,15.45288403
2022-03-13 13:27:00,104.29,104.34,104.32,104.32,16.5848692
2022-03-13 13:26:00,104.21,104.37,104.37,104.29,144.15571054
2022-03-13 13:25:00,104.31,104.43,104.43,104.37,206.78388397
2022-03-13 13:24:00,104.32,104.49,104.32,104.49,320.67772823
2022-03-13 13:23:00,104.3,104.5,104.37,104.31,248.06838449
2022-03-13 13:22:00,104.13,104.34,104.13,104.33,241.77773756
2022-03-13 13:21:00,104.02,104.1,104.02,104.1,23.97367209
2022-03-13 13:20:00,103.9,104.04,104.0,104.01,253.17261211
2022-03-13 13:19:00,103.95,104.06,104.06,103.97,38.0995346
2022-03-13 13:18:00,104.04,104.09,104.06,104.06,22.62312267
2022-03-13 13:17:00,104.03,104.11,104.1,104.09,191.88857538
2022-03-13 13:16:00,104.01,104.15,104.05,104.12,216.93522843
2022-03-13 13:15:00,103.8,104.05,103.88,104.05,226.89136838
2022-03-13 13:14:00,103.86,104.05,104.05,103.88,233.42582278
2022-03-13 13:13:00,104.0,104.1,104.03,104.05,391.65534177
2022-03-13 13:12:00,104.03,104.11,104.11,104.03,74.89948061
2022-03-13 13:11:00,104.1,104.27,104.22,104.15,106.08337942
2022-03-13 13:10:00,104.05,104.38,104.05,104.22,347.34422432
2022-03-13 13:09:00,104.01,104.18,104.16,104.03,311.72555293
2022-03-13 13:08:00,104.11,104.28,104.13,104.2,431.68050708
2022-03-13 13:07:00,103.85,104.18,103.92,104.1,330.36292654
2022-03-13 13:06:00,103.75,103.9,103.75,103.9,102.05620585
2022-03-13 13:05:00,103.71,103.77,103.71,103.73,49.00257002
2022-03-13 13:04:00,103.67,103.77,103.67,103.72,11.70584497
2022-03-13 13:03:00,103.63,103.68,103.67,103.67,27.0927795
2022-03-13 13:02:00,103.61,103.66,103.63,103.66,31.21768843
2022-03-13 13:01:00,103.62,103.74,103.72,103.64,36.77360269
2022-03-13 13:00:00,103.62,103.75,103.75,103.71,425.30698906
2022-03-13 12:59:00,103.72,103.78,103.75,103.73,50.7297903
2022-03-13 12:58:00,103.74,103.88,103.8,103.74,140.21831197
2022-03-13 12:57:00,103.78,103.83,103.83,103.79,9.65365731
2022-03-13 12:56:00,103.77,103.83,103.82,103.83,94.35542054
2022-03-13 12:55:00,103.73,103.82,103.73,103.79,315.34799176
2022-03-13 12:54:00,103.69,103.84,103.82,103.75,1095.83682402
2022-03-13 12:53:00,103.76,103.84,103.82,103.84,37.11378825
2022-03-13 12:52:00,103.71,103.81,103.74,103.81,157.03480405
2022-03-13 12:51:00,103.7,103.79,103.74,103.75,36.17553435
2022-03-13 12:50:00,103.73,103.88,103.84,103.77,65.01227263
2022-03-13 12:49:00,103.82,103.87,103.87,103.84,110.08569671
2022-03-13 12:48:00,103.88,104.0,104.0,103.88,117.85465163
2022-03-13 12:47:00,103.84,104.01,103.84,104.01,203.8347472
2022-03-13 12:46:00,103.67,103.84,103.67,103.84,80.42432633
2022-03-13 12:45:00,103.56,103.93,103.88,103.67,534.66199596
2022-03-13 12:44:00,103.86,104.04,103.92,103.9,191.04845848
2022-03-13 12:43:00,103.89,104.06,104.02,103.93,283.26299894
2022-03-13 12:42:00,103.82,104.02,103.83,104.02,396.36386605
2022-03-13 12:41:00,103.78,103.89,103.88,103.86,91.13157369
2022-03-13 12:40:00,103.61,103.87,103.82,103.85,767.83768426
2022-03-13 12:39:00,103.76,103.86,103.84,103.77,189.4101191
2022-03-13 12:38:00,103.84,103.93,103.92,103.87,92.10547269
2022-03-13 12:37:00,103.88,103.94,103.93,103.93,44.84010223
2022-03-13 12:36:00,103.89,103.95,103.91,103.91,68.93265997
2022-03-13 12:35:00,103.86,103.93,103.9,103.91,49.17701047
2022-03-13 12:34:00,103.83,103.9,103.84,103.9,19.39611817
2022-03-13 12:33:00,103.77,103.86,103.82,103.86,120.81378483
2022-03-13 12:32:00,103.68,103.82,103.77,103.82,98.551258
2022-03-13 12:31:00,103.76,103.87,103.86,103.81,400.25671899
2022-03-13 12:30:00,103.67,103.89,103.89,103.85,506.70469165
2022-03-13 12:29:00,103.8,103.93,103.82,103.91,205.68313238
2022-03-13 12:28:00,103.79,103.94,103.86,103.84,234.66720414
2022-03-13 12:27:00,103.78,103.98,103.93,103.85,382.84369192
2022-03-13 12:26:00,103.7,103.94,103.85,103.93,855.07775182
2022-03-13 12:25:00,103.69,104.05,104.05,103.88,478.08781986
2022-03-13 12:24:00,104.09,104.28,104.22,104.09,138.04945032
2022-03-13 12:23:00,104.06,104.27,104.06,104.25,305.27078624
2022-03-13 12:22:00,104.04,104.65,104.53,104.09,624.26041624
2022-03-13 12:21:00,104.35,104.99,104.87,104.59,728.66941985
2022-03-13 12:20:00,104.77,104.85,104.83,104.85,103.51475459
2022-03-13 12:19:00,104.79,104.87,104.86,104.84,109.6017762
2022-03-13 12:18:00,104.67,104.9,104.9,104.89,263.5589118
2022-03-13 12:17:00,104.9,105.0,105.0,104.9,137.12024541
2022-03-13 12:16:00,104.97,105.04,105.03,105.01,56.21199759
2022-03-13 12:15:00,104.97,105.24,105.22,105.01,403.54031988
2022-03-13 12:14:00,105.18,105.25,105.21,105.25,27.64636024
2022-03-13 12:13:00,105.15,105.18,105.15,105.18,24.81511293
2022-03-13 12:12:00,105.08,105.21,105.17,105.15,89.67449754
2022-03-13 12:11:00,105.16,105.2,105.18,105.19,65.90834593
2022-03-13 12:10:00,105.17,105.21,105.18,105.18,46.91940672
2022-03-13 12:09:00,105.08,105.21,105.08,105.16,59.6399704
2022-03-13 12:08:00,104.98,105.07,105.01,105.07,75.09548711
2022-03-13 12:07:00,104.96,105.09,104.96,105.02,166.80308972
2022-03-13 12:06:00,104.85,105.12,105.1,104.95,339.78564698
2022-03-13 12:05:00,105.14,105.26,105.25,105.14,67.33762908
2022-03-13 12:04:00,105.27,105.31,105.3,105.31,13.02564601
2022-03-13 12:03:00,105.17,105.29,105.23,105.26,341.84324128
2022-03-13 12:02:00,105.24,105.35,105.35,105.24,195.6340177
2022-03-13 12:01:00,105.28,105.37,105.37,105.34,210.22582861
2022-03-13 12:00:00,105.23,105.37,105.33,105.37,181.76219943
2022-03-13 11:59:00,105.35,105.39,105.38,105.37,13.95358508
2022-03-13 11:58:00,105.37,105.43,105.41,105.37,45.77100279
2022-03-13 11:57:00,105.36,105.41,105.37,105.38,100.40257209
2022-03-13 11:56:00,105.34,105.37,105.34,105.36,36.71335267
2022-03-13 11:55:00,105.33,105.38,105.34,105.36,51.105232
2022-03-13 11:54:00,105.34,105.39,105.37,105.37,13.92157872
2022-03-13 11:53:00,105.32,105.49,105.49,105.38,114.03506122
2022-03-13 11:52:00,105.32,105.48,105.33,105.48,215.82395484
2022-03-13 11:51:00,105.17,105.33,105.17,105.33,103.42322499
2022-03-13 11:50:00,105.12,105.39,105.37,105.2,356.79307988
2022-03-13 11:49:00,105.4,105.45,105.42,105.4,19.28626914
2022-03-13 11:48:00,105.39,105.44,105.4,105.44,4.78458998
2022-03-13 11:47:00,105.39,105.49,105.47,105.39,121.11012485
2022-03-13 11:46:00,105.43,105.48,105.43,105.46,35.00707204
2022-03-13 11:45:00,105.39,105.47,105.39,105.43,182.44358572
2022-03-13 11:44:00,105.4,105.47,105.41,105.43,100.54727443
2022-03-13 11:43:00,105.42,105.52,105.52,105.43,105.54267418
2022-03-13 11:42:00,105.39,105.48,105.41,105.48,146.84881463
2022-03-13 11:41:00,105.26,105.44,105.35,105.4,567.88399661
2022-03-13 11:40:00,105.35,105.56,105.53,105.39,456.54037425
2022-03-13 11:39:00,105.46,105.53,105.52,105.53,81.46572396
2022-03-13 11:38:00,105.52,105.52,105.52,105.52,13.73969603
2022-03-13 11:37:00,105.5,105.56,105.54,105.51,115.91981995
2022-03-13 11:36:00,105.46,105.55,105.53,105.54,212.02320728
2022-03-13 11:35:00,105.5,105.63,105.61,105.53,50.28475436
2022-03-13 11:34:00,105.55,105.61,105.57,105.6,75.55541946
2022-03-13 11:33:00,105.47,105.65,105.65,105.58,206.38275644
2022-03-13 11:32:00,105.63,105.75,105.74,105.69,118.36698408
2022-03-13 11:31:00,105.69,105.74,105.74,105.72,91.50746322
2022-03-13 11:30:00,105.73,105.91,105.9,105.75,462.09755958
2022-03-13 11:29:00,105.9,105.95,105.94,105.92,7.45016048
2022-03-13 11:28:00,105.9,105.95,105.91,105.94,85.52615618
2022-03-13 11:27:00,105.82,105.91,105.89,105.91,810.92708897
2022-03-13 11:26:00,105.87,105.92,105.92,105.89,11.5460033
2022-03-13 11:25:00,105.86,105.91,105.89,105.91,53.77912466
2022-03-13 11:24:00,105.85,105.92,105.85,105.89,88.24213757
2022-03-13 11:23:00,105.88,105.95,105.9,105.88,73.73235002
2022-03-13 11:22:00,105.83,105.9,105.88,105.9,1.31493902
2022-03-13 11:21:00,105.79,105.89,105.88,105.89,126.3516367
2022-03-13 11:20:00,105.88,106.0,106.0,105.88,70.2942211
2022-03-13 11:19:00,105.99,106.08,106.05,105.99,67.60063371
2022-03-13 11:18:00,106.05,106.11,106.1,106.05,13.27665156
2022-03-13 11:17:00,106.09,106.16,106.15,106.1,159.12418467
2022-03-13 11:16:00,106.11,106.21,106.11,106.16,185.08620377
2022-03-13 11:15:00,106.11,106.12,106.11,106.11,5.18630419
2022-03-13 11:14:00,106.12,106.14,106.12,106.12,8.43472169
2022-03-13 11:13:00,106.11,106.14,106.13,106.14,0.37697159
2022-03-13 11:12:00,106.09,106.13,106.11,106.13,2.15326992
2022-03-13 11:11:00,106.07,106.11,106.07,106.08,36.30724635
2022-03-13 11:10:00,106.05,106.07,106.06,106.07,7.51155074
2022-03-13 11:09:00,106.03,106.08,106.03,106.07,17.82113011
2022-03-13 11:08:00,106.05,106.13,106.11,106.05,6.86234567
2022-03-13 11:07:00,106.04,106.09,106.09,106.09,0.18560741
2022-03-13 11:06:00,106.06,106.1,106.06,106.09,0.96332968
2022-03-13 11:05:00,106.12,106.14,106.13,106.13,6.95195511
2022-03-13 11:04:00,106.09,106.17,106.14,106.14,40.70944542
2022-03-13 11:03:00,106.11,106.14,106.14,106.11,23.19112188
2022-03-13 11:02:00,106.1,106.13,106.13,106.13,28.72371052
2022-03-13 11:01:00,106.06,106.12,106.06,106.12,33.75753593
2022-03-13 11:00:00,106.02,106.06,106.02,106.06,32.68861811
2022-03-13 10:59:00,106.02,106.04,106.04,106.02,0.97304909
2022-03-13 10:58:00,106.03,106.07,106.06,106.03,19.21794131
2022-03-13 10:57:00,106.03,106.07,106.03,106.06,160.25487422
2022-03-13 10:56:00,106.03,106.04,106.04,106.03,17.80902289
2022-03-13 10:55:00,106.01,106.04,106.02,106.04,2.18415976
2022-03-13 10:54:00,105.99,106.06,106.06,106.0,155.46889195
2022-03-13 10:53:00,106.04,106.08,106.04,106.06,13.66400159
2022-03-13 10:52:00,105.96,106.04,105.96,106.03,137.06340119
2022-03-13 10:51:00,105.93,105.95,105.93,105.95,13.54753654
2022-03-13 10:50:00,105.94,105.98,105.98,105.95,3.06806454
2022-03-13 10:49:00,105.86,105.97,105.86,105.96,87.39436319
2022-03-13 10:48:00,105.83,105.86,105.84,105.86,7.74169849
2022-03-13 10:47:00,105.79,105.83,105.83,105.81,70.11090022
2022-03-13 10:46:00,105.83,105.9,105.9,105.85,36.71514229
2022-03-13 10:45:00,105.87,105.94,105.94,105.87,54.99257738
2022-03-13 10:44:00,105.89,105.94,105.94,105.94,7.35167167
2022-03-13 10:43:00,105.89,105.94,105.89,105.92,27.3633882
2022-03-13 10:42:00,105.87,105.9,105.9,105.87,7.18963023
2022-03-13 10:41:00,105.87,105.91,105.88,105.91,7.72657775
2022-03-13 10:40:00,105.88,105.93,105.89,105.93,33.19005123
2022-03-13 10:39:00,105.94,105.99,105.99,105.94,23.17592367
2022-03-13 10:38:00,106.0,106.04,106.03,106.01,140.51557939
2022-03-13 10:37:00,106.02,106.05,106.04,106.03,9.57079833
2022-03-13 10:36:00,105.99,106.05,106.0,106.05,38.43991343
2022-03-13 10:35:00,105.99,106.02,106.01,106.0,20.89672516
2022-03-13 10:34:00,105.95,105.99,105.98,105.96,52.94811093
2022-03-13 10:33:00,105.98,106.01,105.99,105.99,14.00964331
2022-03-13 10:32:00,105.99,106.06,106.02,105.99,52.51264361
2022-03-13 10:31:00,106.03,106.15,106.07,106.07,90.60618921
2022-03-13 10:30:00,105.99,106.04,105.99,106.03,20.66056068
2022-03-13 10:29:00,105.93,105.99,105.95,105.99,30.12402691
2022-03-13 10:28:00,105.91,105.95,105.95,105.91,7.77248886
2022-03-13 10:27:00,105.89,105.92,105.91,105.92,13.30506167
2022-03-13 10:26:00,105.89,105.97,105.93,105.9,90.34972514
2022-03-13 10:25:00,105.9,105.94,105.93,105.94,22.67292098
2022-03-13 10:24:00,105.89,105.94,105.93,105.92,76.29077712
2022-03-13 10:23:00,105.97,106.03,106.03,105.97,33.68717543
2022-03-13 10:22:00,105.98,106.04,105.99,106.02,28.68471132
2022-03-13 10:21:00,105.99,106.05,106.05,105.99,3.27867278
2022-03-13 10:20:00,105.97,106.05,106.01,106.05,35.99806474
2022-03-13 10:19:00,105.93,105.99,105.94,105.99,43.37952919
2022-03-13 10:18:00,105.94,106.06,106.04,105.94,194.005516
2022-03-13 10:17:00,106.02,106.07,106.07,106.04,4.11568017
2022-03-13 10:16:00,106.02,106.08,106.06,106.05,16.15799047
2022-03-13 10:15:00,106.04,106.09,106.08,106.04,27.57007241
2022-03-13 10:14:00,106.05,106.09,106.05,106.09,8.11919036
2022-03-13 10:13:00,106.08,106.12,106.09,106.08,74.70169052
2022-03-13 10:12:00,106.02,106.13,106.11,106.08,645.74959805
2022-03-13 10:11:00,106.1,106.17,106.17,106.1,4.88799875
2022-03-13 10:10:00,106.1,106.18,106.1,106.16,61.25351903
2022-03-13 10:09:00,106.08,106.14,106.12,106.1,158.3461127
2022-03-13 10:08:00,106.08,106.13,106.13,106.12,39.36012563
2022-03-13 10:07:00,106.1,106.16,106.16,106.12,60.53027616
2022-03-13 10:06:00,106.15,106.19,106.15,106.18,5.69972241
2022-03-13 10:05:00,106.13,106.2,106.18,106.18,26.5479323
2022-03-13 10:04:00,106.14,106.2,106.17,106.18,160.23650283
2022-03-13 10:03:00,106.07,106.19,106.19,106.14,159.88688999
2022-03-13 10:02:00,106.09,106.14,106.13,106.14,17.73181702
2022-03-13 10:01:00,106.06,106.17,106.11,106.08,59.55826337
2022-03-13 10:00:00,106.06,106.12,106.1,106.09,116.8375806
2022-03-13 09:59:00,106.05,106.12,106.05,106.11,48.72650077
2022-03-13 09:58:00,106.0,106.06,106.01,106.03,102.44984383
2022-03-13 09:57:00,105.96,106.02,105.96,106.0,17.5498221
2022-03-13 09:56:00,105.76,105.94,105.9,105.92,288.32580877
2022-03-13 09:55:00,105.87,106.03,105.97,105.87,196.31971973
2022-03-13 09:54:00,105.93,106.04,106.02,105.98,103.91422698
2022-03-13 09:53:00,105.99,106.05,106.02,106.05,72.63986434
2022-03-13 09:52:00,105.96,106.01,105.99,105.98,57.78228472
2022-03-13 09:51:00,105.93,105.99,105.93,105.97,48.13804796
2022-03-13 09:50:00,105.83,105.9,105.83,105.9,5.70236278
2022-03-13 09:49:00,105.78,105.88,105.87,105.79,51.98719932
2022-03-13 09:48:00,105.86,105.93,105.92,105.86,126.77673458
2022-03-13 09:47:00,105.89,105.92,105.92,105.89,4.84399031
2022-03-13 09:46:00,105.89,105.98,105.92,105.89,60.56911667
2022-03-13 09:45:00,105.76,105.91,105.76,105.9,54.55627226
2022-03-13 09:44:00,105.72,105.95,105.94,105.76,143.82126856
2022-03-13 09:43:00,105.93,105.97,105.93,105.94,45.72744783
2022-03-13 09:42:00,105.94,105.98,105.97,105.98,36.36088857
2022-03-13 09:41:00,105.92,106.05,106.05,105.92,88.9032742
2022-03-13 09:40:00,106.02,106.05,106.02,106.05,26.09267513
2022-03-13 09:39:00,106.0,106.03,106.02,106.01,70.76047557
2022-03-13 09:38:00,106.02,106.05,106.04,106.02,26.40523214
2022-03-13 09:37:00,106.01,106.04,106.02,106.04,31.6800147
2022-03-13 09:36:00,105.99,106.04,106.01,106.03,23.41010279
2022-03-13 09:35:00,106.03,106.05,106.05,106.03,15.8752234
2022-03-13 09:34:00,106.03,106.04,106.04,106.03,29.32335844
2022-03-13 09:33:00,106.01,106.04,106.01,106.02,1.29372462
2022-03-13 09:32:00,105.98,106.03,106.01,106.02,16.37477746
2022-03-13 09:31:00,105.99,106.05,106.05,106.02,34.86163325
2022-03-13 09:30:00,106.01,106.08,106.06,106.05,54.03501037
2022-03-13 09:29:00,106.04,106.06,106.04,106.06,16.54719934
2022-03-13 09:28:00,106.05,106.06,106.05,106.06,2.05490737
2022-03-13 09:27:00,106.04,106.14,106.1,106.04,79.94103442
2022-03-13 09:26:00,106.05,106.09,106.09,106.08,48.0006635
2022-03-13 09:25:00,105.94,106.06,105.97,106.06,190.86310573
2022-03-13 09:24:00,105.94,106.01,105.94,105.98,52.74189686
2022-03-13 09:23:00,105.94,106.02,105.99,105.94,104.74620175
2022-03-13 09:22:00,105.9,105.96,105.93,105.96,52.61544745
2022-03-13 09:21:00,105.9,106.0,106.0,105.91,199.69195068
2022-03-13 09:20:00,105.97,106.03,106.01,106.03,92.15941437
2022-03-13 09:19:00,106.0,106.09,106.03,106.0,272.25571048
2022-03-13 09:18:00,106.04,106.13,106.13,106.04,127.69257591
2022-03-13 09:17:00,106.1,106.12,106.1,106.12,2.36379407
2022-03-13 09:16:00,106.09,106.11,106.09,106.1,38.40459753
2022-03-13 09:15:00,106.09,106.13,106.13,106.09,12.8174299
2022-03-13 09:14:00,106.03,106.11,106.05,106.11,13.76523595
2022-03-13 09:13:00,106.02,106.05,106.04,106.05,5.53017675
2022-03-13 09:12:00,105.97,106.08,105.97,106.03,58.66264301
2022-03-13 09:11:00,105.84,105.98,105.93,105.95,121.07436754
2022-03-13 09:10:00,105.89,105.93,105.91,105.93,206.32807401
2022-03-13 09:09:00,105.88,105.95,105.95,105.93,83.80820203
2022-03-13 09:08:00,105.94,106.03,105.99,105.95,110.24821459
2022-03-13 09:07:00,105.96,106.0,106.0,105.99,3.33927064
2022-03-13 09:06:00,105.95,106.04,105.96,106.0,85.21588946
2022-03-13 09:05:00,105.9,105.97,105.97,105.95,44.56875468
2022-03-13 09:04:00,105.95,106.01,106.01,105.96,83.01038613
2022-03-13 09:03:00,106.0,106.04,106.04,106.03,23.95963422
2022-03-13 09:02:00,106.04,106.07,106.04,106.04,22.24803056
2022-03-13 09:01:00,106.03,106.06,106.05,106.06,88.90787266
2022-03-13 09:00:00,105.96,106.07,105.96,106.06,41.91938352
2022-03-13 08:59:00,106.0,106.07,106.04,106.0,70.97907964
2022-03-13 08:58:00,106.02,106.05,106.05,106.03,41.09947029
2022-03-13 08:57:00,105.99,106.09,105.99,106.06,50.65079888
2022-03-13 08:56:00,106.01,106.02,106.01,106.02,0.39024155
2022-03-13 08:55:00,105.94,106.03,105.97,106.03,167.24638647
2022-03-13 08:54:00,105.88,106.02,105.98,105.94,397.37338371
2022-03-13 08:53:00,105.94,105.98,105.95,105.96,29.76448747
2022-03-13 08:52:00,105.95,106.05,106.03,105.95,63.07189608
2022-03-13 08:51:00,105.98,106.02,105.99,106.02,8.97945816
2022-03-13 08:50:00,105.98,106.06,106.02,105.99,134.94383577
2022-03-13 08:49:00,105.89,106.05,105.9,106.04,37.80071679
2022-03-13 08:48:00,105.89,105.97,105.97,105.9,67.96895442
2022-03-13 08:47:00,105.97,106.0,105.99,105.98,42.98712886
2022-03-13 08:46:00,105.94,105.99,105.95,105.97,10.7822452
2022-03-13 08:45:00,105.87,105.94,105.88,105.94,6.11291711
2022-03-13 08:44:00,105.86,105.9,105.87,105.9,91.32977915
2022-03-13 08:43:00,105.84,105.97,105.97,105.86,170.30380109
2022-03-13 08:42:00,105.96,105.97,105.97,105.96,5.04738666
2022-03-13 08:41:00,105.95,106.01,105.99,105.97,20.78636913
2022-03-13 08:40:00,105.98,106.0,106.0,105.99,18.19761694
2022-03-13 08:39:00,105.98,106.02,106.02,105.99,49.76260039
2022-03-13 08:38:00,105.98,106.02,106.02,106.01,33.47191774
2022-03-13 08:37:00,105.98,106.08,106.08,106.01,114.42015791
2022-03-13 08:36:00,106.06,106.11,106.09,106.06,8.22795724
2022-03-13 08:35:00,106.08,106.13,106.12,106.08,72.63070445
2022-03-13 08:34:00,106.09,106.19,106.15,106.11,198.13958219
2022-03-13 08:33:00,106.09,106.14,106.09,106.14,72.59468804
2022-03-13 08:32:00,106.05,106.12,106.1,106.06,275.47959305
2022-03-13 08:31:00,106.1,106.12,106.12,106.1,20.55785794
2022-03-13 08:30:00,105.93,106.14,105.93,106.13,157.09445974
2022-03-13 08:29:00,105.9,105.94,105.93,105.94,79.4975563
2022-03-13 08:28:00,105.89,105.97,105.9,105.92,98.32507984
2022-03-13 18:28:00,105.58,105.65,105.58,105.65,6.26226259
2022-03-13 18:27:00,105.52,105.58,105.54,105.58,16.24274906
2022-03-13 18:26:00,105.53,105.56,105.55,105.53,15.90374701
2022-03-13 18:25:00,105.52,105.59,105.59,105.53,101.6142191
2022-03-13 18:24:00,105.58,105.62,105.61,105.59,32.95160648
2022-03-13 18:23:00,105.55,105.62,105.56,105.59,48.56423263
2022-03-13 18:22:00,105.52,105.62,105.53,105.55,97.49545824
2022-03-13 18:21:00,105.41,105.53,105.42,105.5,78.80771488
2022-03-13 18:20:00,105.4,105.44,105.43,105.41,36.21243764
2022-03-13 18:19:00,105.39,105.44,105.41,105.42,108.29847237
2022-03-13 18:18:00,105.4,105.45,105.41,105.43,22.88861651
2022-03-13 18:17:00,105.42,105.46,105.42,105.44,41.91581774
2022-03-13 18:16:00,105.37,105.44,105.43,105.43,100.7245361
2022-03-13 18:15:00,105.39,105.44,105.41,105.44,42.75218096
2022-03-13 18:14:00,105.35,105.46,105.41,105.43,71.42363072
2022-03-13 18:13:00,105.41,105.55,105.54,105.41,164.1921502
2022-03-13 18:12:00,105.51,105.54,105.51,105.54,9.80474752
2022-03-13 18:11:00,105.49,105.53,105.49,105.53,48.33953981
2022-03-13 18:10:00,105.42,105.48,105.43,105.48,111.98219685
2022-03-13 18:09:00,105.4,105.44,105.44,105.43,58.83430681
2022-03-13 18:08:00,105.39,105.48,105.39,105.45,99.74416465
2022-03-13 18:07:00,105.39,105.55,105.55,105.39,37.93545247
2022-03-13 18:06:00,105.51,105.55,105.52,105.54,32.02430502
2022-03-13 18:05:00,105.43,105.5,105.43,105.5,185.76198911
2022-03-13 18:04:00,105.36,105.43,105.37,105.43,182.35282594
2022-03-13 18:03:00,105.33,105.4,105.33,105.37,82.81809216
2022-03-13 18:02:00,105.29,105.35,105.31,105.34,34.9437621
2022-03-13 18:01:00,105.31,105.37,105.34,105.31,51.391268
2022-03-13 18:00:00,105.34,105.44,105.44,105.34,15.82041717
2022-03-13 17:59:00,105.35,105.43,105.4,105.39,165.58032438
2022-03-13 17:58:00,105.4,105.45,105.45,105.41,23.7985686
2022-03-13 17:57:00,105.4,105.44,105.42,105.44,4.07871228
2022-03-13 17:56:00,105.33,105.42,105.36,105.42,14.58980873
2022-03-13 17:55:00,105.3,105.38,105.37,105.32,44.03443954
2022-03-13 17:54:00,105.33,105.38,105.37,105.38,23.06135559
2022-03-13 17:53:00,105.33,105.41,105.33,105.37,43.4894964
2022-03-13 17:52:00,105.26,105.37,105.26,105.35,33.14912403
2022-03-13 17:51:00,105.26,105.32,105.28,105.29,49.07093648
2022-03-13 17:50:00,105.29,105.37,105.31,105.3,52.44378416
2022-03-13 17:49:00,105.28,105.36,105.32,105.32,133.78391975
2022-03-13 17:48:00,105.27,105.32,105.27,105.31,128.03833716
2022-03-13 17:47:00,105.23,105.29,105.25,105.25,53.67344333
2022-03-13 17:46:00,105.24,105.42,105.42,105.27,130.08534482
2022-03-13 17:45:00,105.35,105.42,105.38,105.41,15.98532008
2022-03-13 17:44:00,105.34,105.43,105.42,105.38,45.36009788
2022-03-13 17:43:00,105.41,105.5,105.49,105.41,47.41607165
2022-03-13 17:42:00,105.46,105.54,105.54,105.46,37.48518998
2022-03-13 17:41:00,105.47,105.56,105.54,105.53,23.91609341
2022-03-13 17:40:00,105.46,105.55,105.53,105.51,93.26013652
2022-03-13 17:39:00,105.52,105.56,105.56,105.54,36.94255149
2022-03-13 17:38:00,105.46,105.56,105.46,105.56,61.2844577
2022-03-13 17:37:00,105.35,105.43,105.37,105.43,6.64843777
2022-03-13 17:36:00,105.37,105.42,105.41,105.39,28.40037401
2022-03-13 17:35:00,105.4,105.46,105.45,105.42,166.47579945
2022-03-13 17:34:00,105.4,105.44,105.42,105.43,7.89570473
2022-03-13 17:33:00,105.39,105.45,105.45,105.44,86.93064915
2022-03-13 17:32:00,105.32,105.4,105.35,105.39,12.92469553
2022-03-13 17:31:00,105.28,105.37,105.37,105.36,159.93251496
2022-03-13 17:30:00,105.34,105.41,105.39,105.39,38.84975289
2022-03-13 17:29:00,105.3,105.42,105.42,105.36,62.9010386
2022-03-13 17:28:00,105.39,105.42,105.41,105.42,36.30037931
2022-03-13 17:27:00,105.31,105.4,105.32,105.38,63.84012907
2022-03-13 17:26:00,105.27,105.4,105.32,105.27,54.87583981
2022-03-13 17:25:00,105.33,105.44,105.43,105.33,180.50876723
2022-03-13 17:24:00,105.37,105.44,105.37,105.44,70.03707351
2022-03-13 17:23:00,105.33,105.4,105.34,105.36,6.87585878
2022-03-13 17:22:00,105.35,105.38,105.36,105.35,30.93321772
2022-03-13 17:21:00,105.32,105.38,105.32,105.36,79.0073549
2022-03-13 17:20:00,105.3,105.5,105.44,105.3,383.70927843
2022-03-13 17:19:00,105.43,105.45,105.43,105.44,45.62875218
2022-03-13 17:18:00,105.37,105.44,105.4,105.44,268.32723812
2022-03-13 17:17:00,105.26,105.42,105.26,105.39,133.78517723
2022-03-13 17:16:00,105.25,105.33,105.27,105.27,121.62763672
2022-03-13 17:15:00,105.14,105.25,105.14,105.24,72.97295303
2022-03-13 17:14:00,105.11,105.17,105.16,105.17,60.04772629
2022-03-13 17:13:00,105.13,105.21,105.15,105.16,205.63685964
2022-03-13 17:12:00,105.13,105.25,105.22,105.13,146.5079254
2022-03-13 17:11:00,105.13,105.24,105.17,105.24,109.45407218
2022-03-13 17:10:00,105.15,105.22,105.15,105.19,15.69343893
2022-03-13 17:09:00,105.09,105.19,105.09,105.18,185.1193586
2022-03-13 17:08:00,105.06,105.13,105.13,105.07,70.8527478
2022-03-13 17:07:00,105.09,105.18,105.15,105.13,166.08235627
2022-03-13 17:06:00,105.14,105.25,105.24,105.15,145.19019138
2022-03-13 17:05:00,105.16,105.25,105.16,105.25,38.47485723
2022-03-13 17:04:00,105.13,105.23,105.13,105.13,47.09558194
2022-03-13 17:03:00,105.09,105.17,105.11,105.15,109.43140006
2022-03-13 17:02:00,105.05,105.12,105.05,105.11,113.60018516
2022-03-13 17:01:00,105.02,105.1,105.1,105.04,40.59560682
2022-03-13 17:00:00,105.05,105.16,105.05,105.12,73.10230533
2022-03-13 16:59:00,105.04,105.13,105.11,105.05,140.06390135
2022-03-13 16:58:00,105.1,105.17,105.14,105.12,43.73449801
2022-03-13 16:57:00,104.96,105.15,104.99,105.11,94.91231314
2022-03-13 16:56:00,105.02,105.09,105.09,105.03,57.52588103
2022-03-13 16:55:00,105.07,105.11,105.11,105.09,64.67761878
2022-03-13 16:54:00,105.12,105.16,105.15,105.12,36.75322368
2022-03-13 16:53:00,105.15,105.18,105.18,105.17,24.07129443
2022-03-13 16:52:00,105.1,105.18,105.14,105.18,88.21272728
2022-03-13 16:51:00,105.11,105.19,105.19,105.14,81.7217946
2022-03-13 16:50:00,105.16,105.21,105.21,105.19,67.84186651
2022-03-13 16:49:00,105.2,105.29,105.29,105.2,69.45520031
2022-03-13 16:48:00,105.26,105.29,105.29,105.29,24.68683904
2022-03-13 16:47:00,105.26,105.29,105.26,105.29,4.73448399
2022-03-13 16:46:00,105.22,105.3,105.25,105.28,215.92453447
2022-03-13 16:45:00,105.19,105.26,105.23,105.26,129.34345753
2022-03-13 16:44:00,105.04,105.21,105.12,105.2,901.93073609
2022-03-13 16:43:00,105.09,105.17,105.17,105.09,30.81062835
2022-03-13 16:42:00,105.14,105.17,105.15,105.17,39.80302382
2022-03-13 16:41:00,105.13,105.15,105.14,105.15,5.61488256
2022-03-13 16:40:00,105.13,105.19,105.15,105.13,76.06603174
2022-03-13 16:39:00,105.11,105.18,105.13,105.15,153.1571894
2022-03-13 16:38:00,105.11,105.15,105.15,105.13,84.4772427
2022-03-13 16:37:00,105.11,105.17,105.17,105.13,61.71254181
2022-03-13 16:36:00,105.14,105.19,105.18,105.15,57.30262978
2022-03-13 16:35:00,105.13,105.2,105.13,105.16,84.05955094
2022-03-13 16:34:00,105.11,105.15,105.15,105.15,34.05068739
2022-03-13 16:33:00,105.15,105.16,105.16,105.16,52.41736874
2022-03-13 16:32:00,105.08,105.16,105.08,105.15,67.37930535
2022-03-13 16:31:00,105.05,105.12,105.09,105.07,32.74895465
2022-03-13 16:30:00,105.02,105.15,105.15,105.08,64.34308731
2022-03-13 16:29:00,105.14,105.18,105.15,105.14,34.04461083
2022-03-13 16:28:00,105.12,105.19,105.19,105.12,3.21939518
2022-03-13 16:27:00,105.06,105.19,105.08,105.16,19.50794533
2022-03-13 16:26:00,105.06,105.17,105.16,105.09,68.44065204
2022-03-13 16:25:00,105.16,105.2,105.17,105.18,66.5841242
2022-03-13 16:24:00,105.09,105.2,105.11,105.2,114.49350695
2022-03-13 16:23:00,105.03,105.13,105.03,105.13,74.7572196
2022-03-13 16:22:00,105.01,105.1,105.05,105.01,50.73273363
2022-03-13 16:21:00,105.01,105.06,105.04,105.06,26.57496053
2022-03-13 16:20:00,104.93,105.05,104.93,105.05,89.54786443
2022-03-13 16:19:00,104.9,105.03,105.0,104.9,68.57110391
2022-03-13 16:18:00,104.91,105.03,104.91,105.02,158.12554359
2022-03-13 16:17:00,104.93,105.12,105.12,104.98,109.75692926
2022-03-13 16:16:00,105.1,105.29,105.29,105.13,110.45294454
2022-03-13 16:15:00,105.26,105.35,105.26,105.31,118.33043139
2022-03-13 16:14:00,105.25,105.29,105.28,105.26,12.96599472
2022-03-13 16:13:00,105.26,105.33,105.33,105.27,23.92403788
2022-03-13 16:12:00,105.25,105.34,105.34,105.31,132.4244318
2022-03-13 16:11:00,105.32,105.38,105.36,105.34,30.18625502
2022-03-13 16:10:00,105.35,105.39,105.37,105.35,80.49089867
2022-03-13 16:09:00,105.33,105.39,105.33,105.39,101.84547786
2022-03-13 16:08:00,105.25,105.38,105.35,105.3,168.09699863
2022-03-13 16:07:00,105.33,105.37,105.33,105.34,98.3769136
2022-03-13 16:06:00,105.18,105.35,105.18,105.35,13.24328812
2022-03-13 16:05:00,105.16,105.29,105.25,105.2,69.35661531
2022-03-13 16:04:00,105.17,105.28,105.17,105.28,22.15470024
2022-03-13 16:03:00,105.14,105.19,105.19,105.17,37.36701015
2022-03-13 16:02:00,105.13,105.2,105.15,105.18,47.47450456
2022-03-13 16:01:00,105.05,105.18,105.05,105.16,103.44877869
2022-03-13 16:00:00,105.02,105.17,105.17,105.02,87.04166665
2022-03-13 15:59:00,105.07,105.21,105.07,105.17,108.72401026
2022-03-13 15:58:00,105.11,105.24,105.24,105.11,44.17918904
2022-03-13 15:57:00,105.22,105.33,105.33,105.27,17.14582545
2022-03-13 15:56:00,105.29,105.36,105.32,105.32,32.76281527
2022-03-13 15:55:00,105.17,105.39,105.17,105.31,91.30087733
2022-03-13 15:54:00,105.14,105.19,105.14,105.17,34.65477991
2022-03-13 15:53:00,105.08,105.14,105.11,105.11,75.28372994
2022-03-13 15:52:00,105.11,105.18,105.11,105.11,59.60657196
2022-03-13 15:51:00,105.13,105.16,105.14,105.15,14.96953614
2022-03-13 15:50:00,105.12,105.18,105.17,105.16,39.12322614
2022-03-13 15:49:00,105.12,105.18,105.15,105.15,77.09436061
2022-03-13 15:48:00,105.08,105.16,105.13,105.15,153.92242649
2022-03-13 15:47:00,105.12,105.16,105.14,105.12,7.77659802
2022-03-13 15:46:00,105.16,105.22,105.21,105.17,15.56647769
2022-03-13 15:45:00,105.18,105.23,105.21,105.21,3.90209845
2022-03-13 15:44:00,105.15,105.26,105.15,105.21,1117.2362728
2022-03-13 15:43:00,105.13,105.25,105.25,105.16,31.45733652
2022-03-13 15:42:00,105.16,105.25,105.17,105.25,50.54598065
2022-03-13 15:41:00,105.14,105.25,105.16,105.14,75.64310957
2022-03-13 15:40:00,105.12,105.18,105.14,105.14,58.97829275
2022-03-13 15:39:00,105.1,105.19,105.1,105.13,59.76844079
2022-03-13 15:38:00,105.13,105.2,105.2,105.15,94.2281119
2022-03-13 15:37:00,105.19,105.26,105.19,105.21,33.61661741
2022-03-13 15:36:00,105.18,105.21,105.18,105.21,11.01455434
2022-03-13 15:35:00,105.14,105.22,105.17,105.16,73.8927748
2022-03-13 15:34:00,105.17,105.23,105.2,105.19,60.91846399
2022-03-13 15:33:00,105.12,105.21,105.15,105.21,45.74921271
2022-03-13 15:32:00,105.12,105.18,105.16,105.15,51.14028496
2022-03-13 15:31:00,105.09,105.19,105.17,105.19,76.19124887
2022-03-13 15:30:00,105.14,105.19,105.16,105.19,20.56009934
2022-03-13 15:29:00,105.15,105.19,105.15,105.15,90.90074079
2022-03-13 15:28:00,105.08,105.14,105.09,105.14,43.49645577
2022-03-13 15:27:00,105.06,105.1,105.09,105.06,14.00503145
2022-03-13 15:26:00,105.05,105.12,105.05,105.1,155.71791736
2022-03-13 15:25:00,105.03,105.18,105.18,105.04,358.98088221
2022-03-13 15:24:00,105.09,105.19,105.11,105.19,513.88407636
2022-03-13 15:23:00,105.05,105.18,105.05,105.1,141.16577891
2022-03-13 15:22:00,105.04,105.22,105.18,105.08,232.422667
2022-03-13 15:21:00,105.13,105.22,105.21,105.18,173.91280711
2022-03-13 15:20:00,105.13,105.21,105.13,105.14,142.66579996
2022-03-13 15:19:00,105.1,105.13,105.1,105.13,14.13762345
2022-03-13 15:18:00,105.04,105.11,105.09,105.1,32.83946147
2022-03-13 15:17:00,105.0,105.15,105.15,105.1,132.98542075
2022-03-13 15:16:00,105.1,105.17,105.1,105.15,52.76959599
2022-03-13 15:15:00,105.09,105.14,105.1,105.12,8.30843199
2022-03-13 15:14:00,105.08,105.14,105.11,105.12,30.04272703
2022-03-13 15:13:00,105.08,105.16,105.13,105.08,152.40676931
2022-03-13 15:12:00,105.05,105.17,105.15,105.1,22.32381343
2022-03-13 15:11:00,105.09,105.15,105.13,105.14,76.4945208
2022-03-13 15:10:00,105.05,105.2,105.11,105.14,15.1939077
2022-03-13 15:09:00,105.1,105.16,105.1,105.15,41.62905015
2022-03-13 15:08:00,105.04,105.1,105.08,105.09,31.64635812
2022-03-13 15:07:00,104.96,105.09,105.04,105.09,61.42397753
2022-03-13 15:06:00,105.04,105.13,105.1,105.04,349.680765
2022-03-13 15:05:00,105.05,105.14,105.13,105.12,13.32410769
2022-03-13 15:04:00,105.05,105.18,105.09,105.05,124.48877604
2022-03-13 15:03:00,104.91,105.12,104.91,105.09,373.93173749
2022-03-13 15:02:00,104.72,104.89,104.85,104.86,143.95288517
2022-03-13 15:01:00,104.73,104.82,104.73,104.82,51.3940232
2022-03-13 15:00:00,104.53,104.72,104.54,104.72,103.95401623
2022-03-13 14:59:00,104.51,104.65,104.62,104.53,65.37738381
2022-03-13 14:58:00,104.62,104.65,104.63,104.62,42.65231573
2022-03-13 14:57:00,104.53,104.66,104.55,104.66,36.61526644
2022-03-13 14:56:00,104.49,104.57,104.54,104.55,31.68674789
2022-03-13 14:55:00,104.49,104.52,104.51,104.52,26.51414842
2022-03-13 14:54:00,104.48,104.6,104.53,104.48,445.0758286
2022-03-13 14:53:00,104.42,104.53,104.42,104.53,126.57301275
2022-03-13 14:52:00,104.47,104.52,104.51,104.48,21.91848384
2022-03-13 14:51:00,104.42,104.52,104.43,104.5,65.0287168
2022-03-13 14:50:00,104.43,104.49,104.48,104.44,103.24003586
2022-03-13 14:49:00,104.44,104.49,104.48,104.48,145.81845233
2022-03-13 14:48:00,104.47,104.51,104.51,104.51,85.88355538
2022-03-13 14:47:00,104.5,104.55,104.55,104.5,91.27708752
2022-03-13 14:46:00,104.58,104.68,104.67,104.59,48.98265332
2022-03-13 14:45:00,104.56,104.69,104.59,104.68,109.08205464
2022-03-13 14:44:00,104.51,104.6,104.51,104.59,101.82454796
2022-03-13 14:43:00,104.47,104.51,104.49,104.48,430.91629515
2022-03-13 14:42:00,104.41,104.52,104.44,104.52,44.05072007
2022-03-13 14:41:00,104.36,104.44,104.42,104.44,189.00068004
2022-03-13 14:40:00,104.43,104.47,104.44,104.43,19.53213369
2022-03-13 14:39:00,104.41,104.52,104.52,104.44,153.63699646
2022-03-13 14:38:00,104.46,104.56,104.56,104.52,236.62617078
2022-03-13 14:37:00,104.52,104.6,104.52,104.57,49.14224827
2022-03-13 14:36:00,104.43,104.48,104.43,104.46,40.458558
2022-03-13 14:35:00,104.34,104.43,104.34,104.43,77.79412371
2022-03-13 14:34:00,104.28,104.43,104.41,104.3,214.30088952
2022-03-13 14:33:00,104.4,104.44,104.4,104.42,3.67584318
2022-03-13 14:32:00,104.42,104.54,104.54,104.42,112.10229895
2022-03-13 14:31:00,104.53,104.57,104.53,104.55,12.00579633
2022-03-13 14:30:00,104.51,104.56,104.51,104.52,43.46955127
2022-03-13 14:29:00,104.53,104.64,104.64,104.55,43.04809349
2022-03-13 14:28:00,104.58,104.64,104.64,104.63,310.53651083
2022-03-13 14:27:00,104.58,104.68,104.61,104.67,524.92805312
2022-03-13 14:26:00,104.57,104.62,104.57,104.62,28.87741645
2022-03-13 14:25:00,104.54,104.6,104.57,104.58,10.53011976
2022-03-13 14:24:00,104.45,104.61,104.53,104.59,107.83194525
2022-03-13 14:23:00,104.51,104.57,104.51,104.56,34.32751929
2022-03-13 14:22:00,104.5,104.59,104.58,104.5,166.76654709
2022-03-13 14:21:00,104.47,104.58,104.5,104.58,83.50439787
2022-03-13 14:20:00,104.44,104.51,104.47,104.51,76.32605283
2022-03-13 14:19:00,104.41,104.5,104.41,104.5,181.29853858
2022-03-13 14:18:00,104.36,104.44,104.36,104.41,66.17957991
2022-03-13 14:17:00,104.28,104.36,104.33,104.36,753.53924719
2022-03-13 14:16:00,104.27,104.32,104.28,104.3,61.16183488
2022-03-13 14:15:00,104.23,104.33,104.25,104.29,236.37979022
2022-03-13 14:14:00,104.13,104.22,104.13,104.22,82.08436983
2022-03-13 14:13:00,104.1,104.14,104.14,104.12,54.45998206
2022-03-13 14:12:00,104.16,104.21,104.19,104.18,74.13445359
2022-03-13 14:11:00,104.2,104.26,104.26,104.2,60.85405227
2022-03-13 14:10:00,104.16,104.24,104.16,104.24,171.7620043
2022-03-13 14:09:00,104.05,104.17,104.05,104.16,50.63237672
2022-03-13 14:08:00,104.03,104.07,104.06,104.05,63.59461737
2022-03-13 14:07:00,104.02,104.11,104.11,104.07,128.44513124
2022-03-13 14:06:00,104.1,104.16,104.1,104.14,70.99045703
2022-03-13 14:05:00,104.0,104.1,104.07,104.1,84.54252298
2022-03-13 14:04:00,104.01,104.08,104.03,104.07,26.25222654
2022-03-13 14:03:00,104.02,104.09,104.07,104.02,98.1500896
2022-03-13 14:02:00,104.04,104.2,104.2,104.11,97.92643241
2022-03-13 14:01:00,104.07,104.18,104.08,104.18,156.01060442
2022-03-13 14:00:00,104.0,104.12,104.11,104.06,136.22475824
2022-03-13 13:59:00,104.04,104.15,104.15,104.1,208.54331421
2022-03-13 13:58:00,104.08,104.19,104.12,104.16,278.36935832
2022-03-13 13:57:00,104.07,104.19,104.07,104.13,172.31076106
2022-03-13 13:56:00,103.95,104.08,103.96,104.07,116.60228587
2022-03-13 13:55:00,103.88,103.96,103.93,103.94,184.87995883
2022-03-13 13:54:00,103.83,103.98,103.94,103.93,1353.58679576
2022-03-13 13:53:00,103.91,104.1,104.07,103.93,266.31968626
2022-03-13 13:52:00,104.06,104.09,104.09,104.09,34.81625609
2022-03-13 13:51:00,104.01,104.09,104.01,104.09,55.0711894
2022-03-13 13:50:00,103.99,104.16,104.08,104.0,206.68774875
2022-03-13 13:49:00,103.91,104.07,104.01,104.07,131.73137699
2022-03-13 13:48:00,103.94,104.05,103.94,104.0,242.00859026
2022-03-13 13:47:00,103.91,103.99,103.92,103.92,38.21592442
2022-03-13 13:46:00,103.88,104.12,104.11,103.9,455.20283977
2022-03-13 13:45:00,104.07,104.24,104.17,104.12,125.89138464
2022-03-13 13:44:00,104.15,104.34,104.34,104.15,202.15273213
2022-03-13 13:43:00,104.29,104.36,104.35,104.34,60.40554643
2022-03-13 13:42:00,104.32,104.37,104.34,104.36,28.81116045
2022-03-13 13:41:00,104.3,104.37,104.32,104.34,180.65217447
2022-03-13 13:40:00,104.26,104.38,104.36,104.34,199.23616811
2022-03-13 13:39:00,104.3,104.44,104.44,104.35,121.61620433
2022-03-13 13:38:00,104.35,104.46,104.36,104.44,521.76351849
2022-03-13 13:37:00,104.28,104.39,104.28,104.36,28.9880688
2022-03-13 13:36:00,104.26,104.45,104.42,104.26,224.66033796
2022-03-13 13:35:00,104.4,104.46,104.46,104.44,39.6971265
2022-03-13 13:34:00,104.43,104.57,104.45,104.51,85.99334528
2022-03-13 13:33:00,104.4,104.49,104.43,104.41,213.19157615
2022-03-13 13:32:00,104.3,104.45,104.32,104.42,641.48291725
2022-03-13 13:31:00,104.27,104.35,104.33,104.35,64.20992419
2022-03-13 13:30:00,104.16,104.34,104.19,104.32,118.03432727
2022-03-13 13:29:00,104.14,104.2,104.14,104.2,29.5099055
2022-03-13 13:28:00,104.3,104.34,104.3,104.31,15.45288403
2022-03-13 23:28:00,101.9,102.16,102.16,102.02,374.18681547
2022-03-13 23:27:00,102.11,102.18,102.16,102.14,220.15574702
2022-03-13 23:26:00,101.82,102.16,101.85,102.15,540.19767112
2022-03-13 23:25:00,101.84,101.98,101.92,101.84,106.64080273
2022-03-13 23:24:00,101.87,101.99,101.92,101.9,424.24900084
2022-03-13 23:23:00,101.93,102.08,102.08,101.98,716.32526278
2022-03-13 23:22:00,101.98,102.1,102.01,102.08,611.26826878
2022-03-13 23:21:00,101.95,102.05,101.98,102.01,346.99745812
2022-03-13 23:20:00,101.75,101.99,101.76,101.98,447.90673224
2022-03-13 23:19:00,101.71,101.87,101.84,101.77,272.40590969
2022-03-13 23:18:00,101.76,101.94,101.77,101.85,422.8785581
2022-03-13 23:17:00,101.78,101.95,101.91,101.78,376.10136776
2022-03-13 23:16:00,101.78,101.88,101.87,101.88,150.17605251
2022-03-13 23:15:00,101.77,101.96,101.78,101.87,230.08529981
2022-03-13 23:14:00,101.68,101.87,101.7,101.77,542.5875179
2022-03-13 23:13:00,101.54,101.71,101.58,101.7,255.09467153
2022-03-13 23:12:00,101.43,101.61,101.61,101.58,233.74748989
2022-03-13 23:11:00,101.54,101.77,101.76,101.6,271.3254385
2022-03-13 23:10:00,101.53,101.76,101.55,101.76,509.13840666
2022-03-13 23:09:00,101.49,101.73,101.73,101.54,1459.56068765
2022-03-13 23:08:00,101.6,101.95,101.95,101.77,798.81736235
2022-03-13 23:07:00,101.85,102.08,102.05,101.93,281.89664883
2022-03-13 23:06:00,101.97,102.11,102.09,102.06,312.63131467
2022-03-13 23:05:00,101.82,102.13,101.93,102.08,489.12195423
2022-03-13 23:04:00,101.46,102.01,101.53,101.95,431.85011623
2022-03-13 23:03:00,101.38,101.62,101.54,101.55,424.64820211
2022-03-13 23:02:00,101.52,101.71,101.61,101.56,207.82963316
2022-03-13 23:01:00,101.45,101.87,101.8,101.61,317.06562604
2022-03-13 23:00:00,101.64,102.07,102.07,101.75,639.48772478
2022-03-13 22:59:00,102.0,102.18,102.07,102.1,417.28955858
2022-03-13 22:58:00,101.87,102.08,101.99,102.01,198.06590309
2022-03-13 22:57:00,101.62,102.05,101.67,102.0,646.65422958
2022-03-13 22:56:00,101.64,102.08,102.03,101.64,333.394082
2022-03-13 22:55:00,102.01,102.5,102.15,102.02,1166.90830672
2022-03-13 22:54:00,101.59,102.2,101.94,102.19,754.41314758
2022-03-13 22:53:00,101.82,102.39,101.87,101.95,812.87819561
2022-03-13 22:52:00,101.05,101.82,101.46,101.8,616.93351067
2022-03-13 22:51:00,101.42,102.09,101.69,101.48,941.11720057
2022-03-13 22:50:00,101.41,102.55,102.52,101.45,4753.0184426
2022-03-13 22:49:00,102.51,104.19,104.16,102.51,1453.4769957
2022-03-13 22:48:00,104.17,104.48,104.47,104.17,265.9696509
2022-03-13 22:47:00,104.39,104.52,104.43,104.44,123.02202217
2022-03-13 22:46:00,104.43,104.54,104.51,104.45,202.7631718
2022-03-13 22:45:00,104.41,104.51,104.41,104.51,100.74660529
2022-03-13 22:44:00,104.35,104.51,104.5,104.41,413.06749425
2022-03-13 22:43:00,104.51,104.57,104.55,104.52,100.29432325
2022-03-13 22:42:00,104.51,104.66,104.64,104.57,146.90635881
2022-03-13 22:41:00,104.63,104.68,104.64,104.66,116.24544839
2022-03-13 22:40:00,104.56,104.63,104.57,104.63,110.48248662
2022-03-13 22:39:00,104.55,104.66,104.64,104.58,84.80754101
2022-03-13 22:38:00,104.63,104.74,104.74,104.63,100.73543805
2022-03-13 22:37:00,104.73,104.84,104.84,104.75,146.13024403
2022-03-13 22:36:00,104.79,104.84,104.82,104.84,34.62813422
2022-03-13 22:35:00,104.81,104.85,104.84,104.82,61.76800779
2022-03-13 22:34:00,104.83,104.95,104.92,104.83,45.64767022
2022-03-13 22:33:00,104.72,104.89,104.73,104.89,102.98991837
2022-03-13 22:32:00,104.52,104.72,104.52,104.71,76.80258362
2022-03-13 22:31:00,104.46,104.53,104.51,104.53,48.73511747
2022-03-13 22:30:00,104.49,104.62,104.55,104.5,101.95684519
2022-03-13 22:29:00,104.47,104.55,104.5,104.54,68.35887652
2022-03-13 22:28:00,104.43,104.51,104.49,104.48,45.77933715
2022-03-13 22:27:00,104.4,104.54,104.44,104.5,101.71756677
2022-03-13 22:26:00,104.4,104.46,104.46,104.4,60.44885448
2022-03-13 22:25:00,104.37,104.43,104.43,104.42,117.81811017
2022-03-13 22:24:00,104.41,104.46,104.44,104.46,78.57860581
2022-03-13 22:23:00,104.33,104.44,104.33,104.43,95.14294938
2022-03-13 22:22:00,104.33,104.39,104.37,104.33,63.64020264
2022-03-13 22:21:00,104.27,104.36,104.27,104.35,139.36383288
2022-03-13 22:20:00,104.27,104.31,104.31,104.3,75.56369244
2022-03-13 22:19:00,104.25,104.3,104.3,104.29,24.02415175
2022-03-13 22:18:00,104.24,104.34,104.34,104.3,180.49440146
2022-03-13 22:17:00,104.23,104.34,104.31,104.34,183.92613888
2022-03-13 22:16:00,104.33,104.53,104.53,104.33,319.74131297
2022-03-13 22:15:00,104.54,104.68,104.68,104.54,37.79126681
2022-03-13 22:14:00,104.63,104.72,104.64,104.72,76.09054736
2022-03-13 22:13:00,104.6,104.66,104.62,104.63,19.2491743
2022-03-13 22:12:00,104.57,104.68,104.65,104.62,88.57798319
2022-03-13 22:11:00,104.6,104.68,104.61,104.65,257.01639729
2022-03-13 22:10:00,104.61,104.75,104.66,104.61,88.19090222
2022-03-13 22:09:00,104.61,104.72,104.69,104.66,23.867706
2022-03-13 22:08:00,104.61,104.73,104.61,104.7,33.71618124
2022-03-13 22:07:00,104.57,104.62,104.59,104.61,70.2820286
2022-03-13 22:06:00,104.59,104.71,104.7,104.6,75.35942445
2022-03-13 22:05:00,104.67,104.77,104.77,104.67,40.34580384
2022-03-13 22:04:00,104.65,104.73,104.65,104.73,42.2506724
2022-03-13 22:03:00,104.63,104.7,104.63,104.68,50.19694809
2022-03-13 22:02:00,104.61,104.76,104.73,104.61,114.33805776
2022-03-13 22:01:00,104.63,104.74,104.63,104.73,30.44016786
2022-03-13 22:00:00,104.55,104.7,104.57,104.64,67.39691894
2022-03-13 21:59:00,104.49,104.55,104.51,104.53,31.34005379
2022-03-13 21:58:00,104.45,104.58,104.46,104.58,15.05928395
2022-03-13 21:57:00,104.47,104.49,104.49,104.49,14.17754116
2022-03-13 21:56:00,104.46,104.52,104.51,104.47,53.05312796
2022-03-13 21:55:00,104.48,104.52,104.52,104.51,19.54659869
2022-03-13 21:54:00,104.47,104.58,104.47,104.52,91.39336689
2022-03-13 21:53:00,104.44,104.63,104.59,104.47,127.19067661
2022-03-13 21:52:00,104.55,104.61,104.6,104.55,19.47700512
2022-03-13 21:51:00,104.58,104.65,104.64,104.61,5.83944853
2022-03-13 21:50:00,104.45,104.64,104.45,104.64,54.17909221
2022-03-13 21:49:00,104.41,104.45,104.43,104.45,39.45891546
2022-03-13 21:48:00,104.41,104.43,104.42,104.43,2.69384199
2022-03-13 21:47:00,104.4,104.43,104.4,104.43,9.2857364
2022-03-13 21:46:00,104.36,104.51,104.51,104.39,27.92184277
2022-03-13 21:45:00,104.48,104.54,104.52,104.51,20.48916677
2022-03-13 21:44:00,104.47,104.53,104.52,104.49,136.88994251
2022-03-13 21:43:00,104.47,104.62,104.62,104.53,66.45615376
2022-03-13 21:42:00,104.59,104.62,104.59,104.62,7.57196875
2022-03-13 21:41:00,104.56,104.61,104.58,104.58,23.79054884
2022-03-13 21:40:00,104.56,104.64,104.62,104.56,131.1108677
2022-03-13 21:39:00,104.6,104.63,104.63,104.63,11.95672167
2022-03-13 21:38:00,104.6,104.64,104.63,104.63,16.64428494
2022-03-13 21:37:00,104.61,104.64,104.64,104.63,5.6932552
2022-03-13 21:36:00,104.57,104.63,104.57,104.63,10.77168341
2022-03-13 21:35:00,104.52,104.57,104.54,104.57,8.70383607
2022-03-13 21:34:00,104.5,104.54,104.5,104.54,6.67670824
2022-03-13 21:33:00,104.53,104.62,104.61,104.54,13.19381297
2022-03-13 21:32:00,104.55,104.61,104.57,104.6,29.49607582
2022-03-13 21:31:00,104.53,104.63,104.61,104.58,146.34038954
2022-03-13 21:30:00,104.59,104.67,104.65,104.62,83.57474219
2022-03-13 21:29:00,104.6,104.67,104.62,104.67,33.86825331
2022-03-13 21:28:00,104.52,104.63,104.58,104.62,130.53357608
2022-03-13 21:27:00,104.52,104.57,104.56,104.57,8.6148493
2022-03-13 21:26:00,104.5,104.59,104.54,104.52,73.39459883
2022-03-13 21:25:00,104.48,104.56,104.56,104.5,36.72317354
2022-03-13 21:24:00,104.53,104.56,104.55,104.56,32.33619772
2022-03-13 21:23:00,104.52,104.6,104.59,104.55,24.40575895
2022-03-13 21:22:00,104.51,104.56,104.55,104.51,72.2082463
2022-03-13 21:21:00,104.49,104.63,104.63,104.54,33.34965232
2022-03-13 21:20:00,104.58,104.78,104.7,104.63,119.48224201
2022-03-13 21:19:00,104.71,104.78,104.76,104.73,50.06793744
2022-03-13 21:18:00,104.74,104.79,104.77,104.76,53.88942234
2022-03-13 21:17:00,104.7,104.79,104.71,104.79,29.25067294
2022-03-13 21:16:00,104.68,104.73,104.71,104.72,36.71446443
2022-03-13 21:15:00,104.73,104.77,104.73,104.74,25.68277719
2022-03-13 21:14:00,104.74,104.82,104.78,104.74,56.47310844
2022-03-13 21:13:00,104.72,104.78,104.73,104.77,127.54990912
2022-03-13 21:12:00,104.66,104.74,104.72,104.73,48.37039188
2022-03-13 21:11:00,104.67,104.73,104.72,104.72,229.32524323
2022-03-13 21:10:00,104.61,104.74,104.63,104.74,23.91701327
2022-03-13 21:09:00,104.53,104.65,104.55,104.63,97.82783225
2022-03-13 21:08:00,104.44,104.59,104.45,104.55,265.96877704
2022-03-13 21:07:00,104.37,104.46,104.4,104.46,135.34628047
2022-03-13 21:06:00,104.33,104.4,104.35,104.39,145.30265559
2022-03-13 21:05:00,104.34,104.38,104.35,104.35,76.07251539
2022-03-13 21:04:00,104.29,104.35,104.3,104.35,31.08443063
2022-03-13 21:03:00,104.3,104.35,104.32,104.31,182.20769014
2022-03-13 21:02:00,104.24,104.31,104.25,104.3,196.0820578
2022-03-13 21:01:00,104.21,104.28,104.25,104.28,342.58424402
2022-03-13 21:00:00,104.2,104.28,104.2,104.25,279.58237766
2022-03-13 20:59:00,104.25,104.33,104.3,104.28,35.78485959
2022-03-13 20:58:00,104.25,104.33,104.25,104.29,180.2485976
2022-03-13 20:57:00,104.21,104.26,104.21,104.25,89.77758103
2022-03-13 20:56:00,104.19,104.25,104.19,104.24,69.74978007
2022-03-13 20:55:00,104.19,104.33,104.28,104.21,251.98605484
2022-03-13 20:54:00,104.25,104.31,104.3,104.28,11.8717414
2022-03-13 20:53:00,104.23,104.3,104.27,104.27,86.04108438
2022-03-13 20:52:00,104.26,104.34,104.33,104.28,68.99991921
2022-03-13 20:51:00,104.24,104.34,104.32,104.33,164.04160082
2022-03-13 20:50:00,104.33,104.44,104.44,104.34,208.9057239
2022-03-13 20:49:00,104.39,104.48,104.4,104.45,119.72468695
2022-03-13 20:48:00,104.36,104.41,104.41,104.41,55.46172177
2022-03-13 20:47:00,104.37,104.43,104.43,104.41,143.29287569
2022-03-13 20:46:00,104.33,104.41,104.33,104.41,151.31850232
2022-03-13 20:45:00,104.31,104.41,104.41,104.34,149.44964411
2022-03-13 20:44:00,104.37,104.41,104.39,104.41,35.00551947
2022-03-13 20:43:00,104.31,104.39,104.31,104.39,144.24729316
2022-03-13 20:42:00,104.29,104.39,104.39,104.31,342.76351316
2022-03-13 20:41:00,104.34,104.44,104.42,104.37,76.55685892
2022-03-13 20:40:00,104.39,104.46,104.41,104.44,174.881871
2022-03-13 20:39:00,104.3,104.42,104.33,104.42,228.27002557
2022-03-13 20:38:00,104.19,104.29,104.19,104.26,148.12493554
2022-03-13 20:37:00,104.18,104.28,104.28,104.19,70.61940635
2022-03-13 20:36:00,104.16,104.28,104.18,104.28,94.07592374
2022-03-13 20:35:00,104.1,104.19,104.14,104.19,224.08635318
2022-03-13 20:34:00,104.11,104.14,104.11,104.14,14.02259364
2022-03-13 20:33:00,104.11,104.14,104.14,104.13,13.83850047
2022-03-13 20:32:00,104.12,104.17,104.13,104.17,45.98728248
2022-03-13 20:31:00,104.06,104.16,104.1,104.16,170.42437588
2022-03-13 20:30:00,104.09,104.16,104.12,104.14,57.71688167
2022-03-13 20:29:00,104.03,104.15,104.08,104.13,63.93245338
2022-03-13 20:28:00,104.0,104.25,104.24,104.07,103.41143952
2022-03-13 20:27:00,104.18,104.25,104.23,104.25,121.78212486
2022-03-13 20:26:00,104.22,104.27,104.22,104.27,9.89483301
2022-03-13 20:25:00,104.17,104.29,104.19,104.24,128.86706777
2022-03-13 20:24:00,104.15,104.25,104.15,104.22,117.40155469
2022-03-13 20:23:00,104.05,104.18,104.18,104.14,83.27744894
2022-03-13 20:22:00,103.98,104.16,103.98,104.16,145.4081346
2022-03-13 20:21:00,103.84,104.02,103.84,103.97,321.3342153
2022-03-13 20:20:00,103.71,103.94,103.94,103.86,550.89794655
2022-03-13 20:19:00,103.96,104.26,104.26,103.99,148.21873226
2022-03-13 20:18:00,104.25,104.33,104.25,104.25,293.51462146
2022-03-13 20:17:00,104.25,104.33,104.32,104.25,96.51729763
2022-03-13 20:16:00,104.31,104.37,104.33,104.32,39.6961418
2022-03-13 20:15:00,104.15,104.33,104.19,104.33,283.74615277
2022-03-13 20:14:00,104.03,104.25,104.16,104.24,873.00430074
2022-03-13 20:13:00,104.16,104.46,104.32,104.18,439.53300868
2022-03-13 20:12:00,104.28,104.37,104.36,104.32,66.7254474
2022-03-13 20:11:00,104.18,104.35,104.34,104.34,338.46390827
2022-03-13 20:10:00,104.31,104.58,104.56,104.31,179.62239473
2022-03-13 20:09:00,104.43,104.55,104.49,104.55,209.22588871
2022-03-13 20:08:00,104.5,104.62,104.58,104.5,212.8145029
2022-03-13 20:07:00,104.57,104.7,104.66,104.6,188.97539635
2022-03-13 20:06:00,104.52,104.8,104.77,104.65,296.90320852
2022-03-13 20:05:00,104.63,104.79,104.63,104.78,242.92300496
2022-03-13 20:04:00,104.54,105.03,105.0,104.6,4451.4381123
2022-03-13 20:03:00,104.99,105.06,105.05,104.99,31.07271954
2022-03-13 20:02:00,105.01,105.09,105.09,105.06,130.64557817
2022-03-13 20:01:00,105.05,105.16,105.09,105.07,92.41789857
2022-03-13 20:00:00,104.96,105.3,105.3,105.07,933.96186074
2022-03-13 19:59:00,105.23,105.32,105.3,105.27,205.85120767
2022-03-13 19:58:00,105.27,105.3,105.28,105.29,486.39155193
2022-03-13 19:57:00,105.28,105.39,105.37,105.28,136.00543077
2022-03-13 19:56:00,105.36,105.47,105.43,105.37,272.72644241
2022-03-13 19:55:00,105.41,105.51,105.5,105.43,86.44298578
2022-03-13 19:54:00,105.41,105.5,105.47,105.5,61.22413754
2022-03-13 19:53:00,105.41,105.51,105.5,105.45,121.45571907
2022-03-13 19:52:00,105.48,105.54,105.54,105.48,12.20476698
2022-03-13 19:51:00,105.45,105.54,105.46,105.54,56.24865341
2022-03-13 19:50:00,105.44,105.48,105.44,105.48,48.0695711
2022-03-13 19:49:00,105.44,105.48,105.44,105.44,27.0179482
2022-03-13 19:48:00,105.44,105.47,105.44,105.45,1.14905155
2022-03-13 19:47:00,105.43,105.49,105.43,105.46,186.2744709
2022-03-13 19:46:00,105.33,105.43,105.33,105.4,32.0807996
2022-03-13 19:45:00,105.34,105.47,105.44,105.34,88.28028727
2022-03-13 19:44:00,105.44,105.51,105.48,105.44,8.80281655
2022-03-13 19:43:00,105.31,105.49,105.31,105.49,327.0069036
2022-03-13 19:42:00,105.3,105.38,105.35,105.31,45.58633604
2022-03-13 19:41:00,105.3,105.45,105.45,105.39,77.5021336
2022-03-13 19:40:00,105.42,105.49,105.48,105.42,57.5110517
2022-03-13 19:39:00,105.34,105.61,105.6,105.48,632.77129998
2022-03-13 19:38:00,105.58,105.65,105.65,105.61,76.45584748
2022-03-13 19:37:00,105.62,105.66,105.63,105.62,12.16746081
2022-03-13 19:36:00,105.61,105.68,105.63,105.62,48.33348908
2022-03-13 19:35:00,105.59,105.65,105.63,105.63,110.96115576
2022-03-13 19:34:00,105.62,105.66,105.65,105.63,21.84563485
2022-03-13 19:33:00,105.62,105.67,105.65,105.64,59.33858878
2022-03-13 19:32:00,105.62,105.66,105.65,105.64,73.51636244
2022-03-13 19:31:00,105.6,105.65,105.62,105.65,14.41234834
2022-03-13 19:30:00,105.6,105.67,105.67,105.63,10.4805698
2022-03-13 19:29:00,105.63,105.72,105.63,105.64,33.81330355
2022-03-13 19:28:00,105.5,105.66,105.57,105.66,69.8311451
2022-03-13 19:27:00,105.58,105.65,105.65,105.58,43.6460371
2022-03-13 19:26:00,105.59,105.65,105.64,105.65,52.74278368
2022-03-13 19:25:00,105.62,105.69,105.65,105.68,48.00121689
2022-03-13 19:24:00,105.64,105.7,105.7,105.66,27.11879974
2022-03-13 19:23:00,105.67,105.71,105.69,105.67,12.967218
2022-03-13 19:22:00,105.66,105.75,105.69,105.67,28.19423296
2022-03-13 19:21:00,105.68,105.76,105.76,105.69,34.1301343
2022-03-13 19:20:00,105.72,105.86,105.85,105.72,83.03204469
2022-03-13 19:19:00,105.81,105.91,105.83,105.86,117.78282168
2022-03-13 19:18:00,105.78,105.9,105.82,105.82,216.24372776
2022-03-13 19:17:00,105.73,105.84,105.74,105.82,45.46819687
2022-03-13 19:16:00,105.73,105.76,105.75,105.74,79.84776667
2022-03-13 19:15:00,105.63,105.74,105.68,105.74,65.23313872
2022-03-13 19:14:00,105.64,105.68,105.68,105.68,17.46922032
2022-03-13 19:13:00,105.62,105.74,105.73,105.69,155.23467136
2022-03-13 19:12:00,105.69,105.74,105.74,105.72,28.01101751
2022-03-13 19:11:00,105.66,105.75,105.75,105.74,71.46887903
2022-03-13 19:10:00,105.75,105.77,105.77,105.76,0.55078796
2022-03-13 19:09:00,105.7,105.79,105.73,105.79,59.28039018
2022-03-13 19:08:00,105.7,105.75,105.7,105.73,38.97387907
2022-03-13 19:07:00,105.69,105.74,105.74,105.69,20.98708024
2022-03-13 19:06:00,105.72,105.77,105.77,105.74,21.12164896
2022-03-13 19:05:00,105.72,105.78,105.77,105.75,106.71856884
2022-03-13 19:04:00,105.71,105.8,105.72,105.8,95.57209489
2022-03-13 19:03:00,105.7,105.75,105.73,105.74,40.58068103
2022-03-13 19:02:00,105.68,105.81,105.78,105.73,46.90450642
2022-03-13 19:01:00,105.79,105.84,105.8,105.79,19.74324582
2022-03-13 19:00:00,105.74,105.86,105.74,105.8,138.1879057
2022-03-13 18:59:00,105.7,105.79,105.77,105.73,146.55772561
2022-03-13 18:58:00,105.76,105.81,105.76,105.76,15.99716922
2022-03-13 18:57:00,105.74,105.79,105.74,105.76,19.87322909
2022-03-13 18:56:00,105.76,105.81,105.81,105.76,26.34968898
2022-03-13 18:55:00,105.74,105.79,105.77,105.79,50.65804045
2022-03-13 18:54:00,105.75,105.81,105.79,105.77,38.34616706
2022-03-13 18:53:00,105.72,105.81,105.74,105.81,8.85525776
2022-03-13 18:52:00,105.72,105.75,105.72,105.72,25.16391299
2022-03-13 18:51:00,105.74,105.81,105.77,105.77,32.99284247
2022-03-13 18:50:00,105.72,105.78,105.75,105.75,21.82407104
2022-03-13 18:49:00,105.72,105.76,105.76,105.75,25.81127787
2022-03-13 18:48:00,105.73,105.78,105.77,105.78,30.91684659
2022-03-13 18:47:00,105.71,105.78,105.75,105.74,24.17029804
2022-03-13 18:46:00,105.65,105.79,105.65,105.79,96.87712475
2022-03-13 18:45:00,105.6,105.68,105.6,105.65,20.1018364
2022-03-13 18:44:00,105.6,105.65,105.62,105.6,169.2192104
2022-03-13 18:43:00,105.57,105.64,105.61,105.62,143.32794278
2022-03-13 18:42:00,105.61,105.67,105.65,105.61,11.07363506
2022-03-13 18:41:00,105.6,105.68,105.63,105.68,42.9912016
2022-03-13 18:40:00,105.6,105.68,105.62,105.61,63.77024197
2022-03-13 18:39:00,105.56,105.64,105.59,105.64,77.78437641
2022-03-13 18:38:00,105.56,105.67,105.64,105.58,59.30052488
2022-03-13 18:37:00,105.64,105.72,105.71,105.65,17.24672541
2022-03-13 18:36:00,105.65,105.71,105.65,105.7,79.42300303
2022-03-13 18:35:00,105.63,105.7,105.66,105.65,23.20310873
2022-03-13 18:34:00,105.62,105.69,105.65,105.66,25.31569181
2022-03-13 18:33:00,105.56,105.65,105.57,105.65,40.90258433
2022-03-13 18:32:00,105.45,105.55,105.46,105.55,34.528434
2022-03-13 18:31:00,105.47,105.56,105.54,105.47,25.78492032
2022-03-13 18:30:00,105.51,105.55,105.52,105.53,70.68629157
2022-03-13 18:29:00,105.51,105.65,105.63,105.53,59.68567571
2022-03-13 18:28:00,105.58,105.65,105.58,105.65,6.26226259
2022-03-14 04:28:00,103.99,104.08,104.06,104.01,43.73649531
2022-03-14 04:27:00,104.05,104.26,104.19,104.05,191.49066368
2022-03-14 04:26:00,104.06,104.25,104.06,104.22,544.42421583
2022-03-14 04:25:00,104.03,104.14,104.14,104.07,425.10731519
2022-03-14 04:24:00,104.05,104.29,104.29,104.13,2538.6768919
2022-03-14 04:23:00,104.21,104.42,104.21,104.28,2686.96160672
2022-03-14 04:22:00,104.08,104.19,104.1,104.19,112.94838509
2022-03-14 04:21:00,104.14,104.33,104.3,104.14,196.40897253
2022-03-14 04:20:00,104.25,104.6,104.42,104.31,687.73929341
2022-03-14 04:19:00,104.22,104.48,104.45,104.44,405.88726153
2022-03-14 04:18:00,104.42,104.73,104.45,104.6,563.98701119
2022-03-14 04:17:00,104.27,104.46,104.39,104.41,382.72180968
2022-03-14 04:16:00,104.01,104.49,104.02,104.35,888.11777387
2022-03-14 04:15:00,103.68,104.19,103.68,103.98,653.20331583
2022-03-14 04:14:00,103.54,104.0,103.54,103.69,819.82926753
2022-03-14 04:13:00,103.27,103.53,103.46,103.53,739.69418581
2022-03-14 04:12:00,102.59,103.45,102.61,103.44,637.78300573
2022-03-14 04:11:00,102.4,102.66,102.4,102.6,140.80769882
2022-03-14 04:10:00,102.28,102.43,102.28,102.4,85.79099069
2022-03-14 04:09:00,102.25,102.34,102.26,102.31,940.70260297
2022-03-14 04:08:00,102.19,102.32,102.19,102.28,309.02160418
2022-03-14 04:07:00,102.14,102.22,102.17,102.16,33.85081693
2022-03-14 04:06:00,102.15,102.26,102.19,102.17,696.0324155
2022-03-14 04:05:00,102.16,102.19,102.17,102.19,49.94070009
2022-03-14 04:04:00,102.15,102.19,102.15,102.17,58.62594475
2022-03-14 04:03:00,101.97,102.09,101.98,102.09,44.55434311
2022-03-14 04:02:00,101.91,102.0,101.97,101.97,135.45015569
2022-03-14 04:01:00,101.99,102.06,102.04,102.0,46.22178009
2022-03-14 04:00:00,101.96,102.07,102.0,102.07,76.26070167
2022-03-14 03:59:00,101.98,102.08,102.02,101.98,135.65163672
2022-03-14 03:58:00,101.91,102.04,101.93,102.02,282.72609808
2022-03-14 03:57:00,101.9,101.94,101.94,101.94,37.54915495
2022-03-14 03:56:00,101.89,101.93,101.92,101.93,20.60967945
2022-03-14 03:55:00,101.9,101.92,101.92,101.92,11.13008345
2022-03-14 03:54:00,101.84,101.94,101.84,101.93,98.37658324
2022-03-14 03:53:00,101.82,101.87,101.87,101.87,103.56582503
2022-03-14 03:52:00,101.83,101.87,101.84,101.87,6.73589361
2022-03-14 03:51:00,101.83,101.87,101.87,101.85,31.01637273
2022-03-14 03:50:00,101.81,101.89,101.86,101.85,152.53666982
2022-03-14 03:49:00,101.81,101.86,101.84,101.86,112.4684383
2022-03-14 03:48:00,101.79,101.91,101.91,101.84,194.17640714
2022-03-14 03:47:00,101.85,101.93,101.92,101.91,427.30974895
2022-03-14 03:46:00,101.91,101.95,101.93,101.92,145.85560665
2022-03-14 03:45:00,101.91,101.95,101.95,101.95,39.46978734
2022-03-14 03:44:00,101.92,101.95,101.95,101.95,15.87351361
2022-03-14 03:43:00,101.89,101.94,101.94,101.94,65.8804387
2022-03-14 03:42:00,101.89,101.97,101.91,101.95,81.72200935
2022-03-14 03:41:00,101.89,101.93,101.91,101.93,26.03427699
2022-03-14 03:40:00,101.84,101.87,101.85,101.87,29.20955895
2022-03-14 03:39:00,101.83,101.93,101.88,101.86,120.50406619
2022-03-14 03:38:00,101.85,101.91,101.86,101.88,33.01544612
2022-03-14 03:37:00,101.83,101.89,101.83,101.87,88.40818724
2022-03-14 03:36:00,101.8,101.89,101.85,101.82,35.20745328
2022-03-14 03:35:00,101.82,101.92,101.91,101.85,168.58541062
2022-03-14 03:34:00,101.88,101.94,101.92,101.94,111.05734399
2022-03-14 03:33:00,101.81,101.89,101.85,101.89,21.39607985
2022-03-14 03:32:00,101.81,101.85,101.83,101.85,22.49770362
2022-03-14 03:31:00,101.8,101.87,101.81,101.82,85.59976163
2022-03-14 03:30:00,101.74,101.88,101.74,101.8,228.86042796
2022-03-14 03:29:00,101.72,101.77,101.73,101.77,37.47763926
2022-03-14 03:28:00,101.71,101.77,101.76,101.71,108.26851247
2022-03-14 03:27:00,101.74,101.79,101.75,101.79,145.54942874
2022-03-14 03:26:00,101.73,101.75,101.73,101.73,94.70992235
2022-03-14 03:25:00,101.68,101.78,101.75,101.68,101.03461816
2022-03-14 03:24:00,101.65,101.72,101.68,101.72,21.47353607
2022-03-14 03:23:00,101.65,101.72,101.69,101.68,77.12451932
2022-03-14 03:22:00,101.7,101.78,101.78,101.7,73.941999
2022-03-14 03:21:00,101.61,101.75,101.61,101.73,25.23473717
2022-03-14 03:20:00,101.58,101.68,101.59,101.59,112.88643306
2022-03-14 03:19:00,101.57,101.66,101.65,101.57,19.5541051
2022-03-14 03:18:00,101.63,101.68,101.67,101.67,47.61213418
2022-03-14 03:17:00,101.63,101.69,101.66,101.69,49.12879355
2022-03-14 03:16:00,101.64,101.68,101.64,101.64,16.82208761
2022-03-14 03:15:00,101.49,101.59,101.58,101.57,45.16162751
2022-03-14 03:14:00,101.55,101.6,101.6,101.57,71.81561373
2022-03-14 03:13:00,101.5,101.6,101.51,101.6,74.3030315
2022-03-14 03:12:00,101.48,101.51,101.5,101.49,16.54529715
2022-03-14 03:11:00,101.48,101.54,101.5,101.51,32.36482014
2022-03-14 03:10:00,101.45,101.52,101.48,101.49,50.91637727
2022-03-14 03:09:00,101.37,101.46,101.46,101.45,73.25305321
2022-03-14 03:08:00,101.41,101.52,101.5,101.41,213.33947502
2022-03-14 03:07:00,101.5,101.57,101.56,101.5,90.89606444
2022-03-14 03:06:00,101.53,101.57,101.55,101.57,33.48272952
2022-03-14 03:05:00,101.51,101.59,101.59,101.52,84.12159099
2022-03-14 03:04:00,101.56,101.63,101.57,101.61,278.48357854
2022-03-14 03:03:00,101.45,101.58,101.46,101.58,53.24552341
2022-03-14 03:02:00,101.43,101.49,101.43,101.43,82.73270462
2022-03-14 03:01:00,101.37,101.51,101.47,101.43,447.45477823
2022-03-14 03:00:00,101.48,101.58,101.54,101.5,95.95356341
2022-03-14 02:59:00,101.51,101.61,101.61,101.56,54.28321377
2022-03-14 02:58:00,101.51,101.66,101.53,101.63,145.17921231
2022-03-14 02:57:00,101.46,101.56,101.51,101.52,63.66430222
2022-03-14 02:56:00,101.51,101.55,101.55,101.51,19.05311734
2022-03-14 02:55:00,101.51,101.56,101.56,101.53,104.87671143
2022-03-14 02:54:00,101.53,101.56,101.54,101.56,6.47856918
2022-03-14 02:53:00,101.52,101.55,101.53,101.54,43.33532839
2022-03-14 02:52:00,101.48,101.54,101.52,101.54,113.59669052
2022-03-14 02:51:00,101.5,101.55,101.52,101.53,18.84911589
2022-03-14 02:50:00,101.5,101.59,101.51,101.53,94.82381726
2022-03-14 02:49:00,101.47,101.56,101.52,101.49,305.65902861
2022-03-14 02:48:00,101.47,101.55,101.5,101.53,133.98929815
2022-03-14 02:47:00,101.46,101.62,101.62,101.51,108.38045581
2022-03-14 02:46:00,101.56,101.66,101.59,101.62,364.47772428
2022-03-14 02:45:00,101.56,101.67,101.6,101.61,192.69559249
2022-03-14 02:44:00,101.61,101.67,101.64,101.61,245.92735164
2022-03-14 02:43:00,101.61,101.66,101.63,101.66,86.44855972
2022-03-14 02:42:00,101.6,101.66,101.65,101.63,46.58507159
2022-03-14 02:41:00,101.63,101.66,101.66,101.66,69.8306825
2022-03-14 02:40:00,101.6,101.67,101.66,101.66,64.88010745
2022-03-14 02:39:00,101.6,101.67,101.65,101.64,100.08621735
2022-03-14 02:38:00,101.61,101.83,101.81,101.61,348.06093347
2022-03-14 02:37:00,101.65,101.78,101.71,101.78,120.80513308
2022-03-14 02:36:00,101.68,101.8,101.79,101.71,76.4026895
2022-03-14 02:35:00,101.72,101.82,101.72,101.82,65.45087124
2022-03-14 02:34:00,101.71,101.76,101.73,101.76,88.48267593
2022-03-14 02:33:00,101.75,101.81,101.77,101.76,36.18115736
2022-03-14 02:32:00,101.77,101.83,101.77,101.82,116.12103853
2022-03-14 02:31:00,101.77,101.8,101.77,101.79,45.98196952
2022-03-14 02:30:00,101.7,101.81,101.76,101.77,149.3753814
2022-03-14 02:29:00,101.72,101.82,101.82,101.74,103.19603988
2022-03-14 02:28:00,101.68,101.82,101.68,101.82,87.65886657
2022-03-14 02:27:00,101.65,101.74,101.74,101.65,101.06391434
2022-03-14 02:26:00,101.66,101.74,101.68,101.74,220.61365465
2022-03-14 02:25:00,101.68,101.92,101.8,101.68,486.02605992
2022-03-14 02:24:00,101.71,101.82,101.74,101.79,101.95283893
2022-03-14 02:23:00,101.62,101.73,101.64,101.73,255.66103793
2022-03-14 02:22:00,101.57,101.63,101.57,101.63,25.44632451
2022-03-14 02:21:00,101.59,101.7,101.68,101.61,55.86340338
2022-03-14 02:20:00,101.66,101.7,101.7,101.69,56.64286276
2022-03-14 02:19:00,101.61,101.7,101.65,101.7,117.32177533
2022-03-14 02:18:00,101.61,101.68,101.68,101.65,21.0424451
2022-03-14 02:17:00,101.51,101.63,101.62,101.63,96.09009308
2022-03-14 02:16:00,101.59,101.65,101.59,101.63,72.24614242
2022-03-14 02:15:00,101.56,101.63,101.62,101.63,70.44043122
2022-03-14 02:14:00,101.58,101.65,101.65,101.6,58.39324439
2022-03-14 02:13:00,101.62,101.66,101.65,101.62,80.5968572
2022-03-14 02:12:00,101.59,101.78,101.68,101.65,148.92828909
2022-03-14 02:11:00,101.6,101.74,101.61,101.69,41.53091265
2022-03-14 02:10:00,101.51,101.58,101.54,101.58,31.52123438
2022-03-14 02:09:00,101.5,101.58,101.51,101.56,40.16664318
2022-03-14 02:08:00,101.49,101.6,101.54,101.49,190.40872467
2022-03-14 02:07:00,101.54,101.62,101.57,101.61,200.64461302
2022-03-14 02:06:00,101.55,101.66,101.6,101.59,93.54871085
2022-03-14 02:05:00,101.61,101.68,101.66,101.63,97.27748494
2022-03-14 02:04:00,101.61,101.76,101.64,101.66,83.63938561
2022-03-14 02:03:00,101.5,101.69,101.5,101.62,158.94728413
2022-03-14 02:02:00,101.46,101.7,101.65,101.5,66.785752
2022-03-14 02:01:00,101.59,101.65,101.6,101.65,124.28088806
2022-03-14 02:00:00,101.59,101.82,101.82,101.63,73.41593403
2022-03-14 01:59:00,101.74,101.79,101.79,101.77,228.01915648
2022-03-14 01:58:00,101.8,101.94,101.89,101.83,133.3301574
2022-03-14 01:57:00,101.84,101.92,101.86,101.92,15.50117585
2022-03-14 01:56:00,101.81,101.87,101.81,101.87,50.0332996
2022-03-14 01:55:00,101.72,101.83,101.75,101.83,57.60320908
2022-03-14 01:54:00,101.73,101.91,101.9,101.73,223.74320943
2022-03-14 01:53:00,101.81,101.89,101.81,101.87,84.90334166
2022-03-14 01:52:00,101.77,101.83,101.8,101.83,71.60182586
2022-03-14 01:51:00,101.74,101.81,101.76,101.74,60.98895533
2022-03-14 01:50:00,101.64,101.78,101.64,101.76,137.53597818
2022-03-14 01:49:00,101.62,101.75,101.73,101.62,129.72837165
2022-03-14 01:48:00,101.63,101.71,101.67,101.69,107.32968956
2022-03-14 01:47:00,101.63,101.7,101.7,101.66,15.84690983
2022-03-14 01:46:00,101.57,101.7,101.6,101.7,220.28474162
2022-03-14 01:45:00,101.61,101.66,101.62,101.61,51.90893415
2022-03-14 01:44:00,101.59,101.66,101.63,101.63,101.50298307
2022-03-14 01:43:00,101.56,101.64,101.64,101.6,94.8885064
2022-03-14 01:42:00,101.46,101.66,101.47,101.63,91.49338135
2022-03-14 01:41:00,101.46,101.64,101.61,101.46,111.81057817
2022-03-14 01:40:00,101.57,101.65,101.64,101.62,218.10083617
2022-03-14 01:39:00,101.63,101.78,101.73,101.67,165.29371553
2022-03-14 01:38:00,101.66,101.73,101.66,101.72,18.02158794
2022-03-14 01:37:00,101.57,101.67,101.59,101.65,95.37143864
2022-03-14 01:36:00,101.62,101.85,101.79,101.62,182.12801639
2022-03-14 01:35:00,101.78,101.87,101.79,101.81,201.70702135
2022-03-14 01:34:00,101.78,101.87,101.87,101.8,242.8395433
2022-03-14 01:33:00,101.83,101.91,101.88,101.86,103.466695
2022-03-14 01:32:00,101.76,101.88,101.78,101.87,68.6183796
2022-03-14 01:31:00,101.76,101.93,101.88,101.77,90.89949665
2022-03-14 01:30:00,101.79,101.89,101.87,101.89,105.92678244
2022-03-14 01:29:00,101.81,101.91,101.84,101.91,70.14246131
2022-03-14 01:28:00,101.83,101.96,101.96,101.84,90.96386417
2022-03-14 01:27:00,101.93,101.98,101.98,101.96,103.60195604
2022-03-14 01:26:00,101.78,101.99,101.79,101.95,315.647357
2022-03-14 01:25:00,101.74,101.88,101.86,101.74,77.69690178
2022-03-14 01:24:00,101.86,102.02,102.0,101.88,145.96665354
2022-03-14 01:23:00,101.96,102.13,102.11,102.0,215.18194979
2022-03-14 01:22:00,102.1,102.22,102.22,102.11,18.86119056
2022-03-14 01:21:00,102.16,102.22,102.16,102.22,40.21316971
2022-03-14 01:20:00,102.17,102.24,102.24,102.17,23.992593
2022-03-14 01:19:00,102.18,102.23,102.19,102.23,95.27924634
2022-03-14 01:18:00,102.14,102.36,102.31,102.18,151.01565533
2022-03-14 01:17:00,102.19,102.33,102.24,102.33,302.16884812
2022-03-14 01:16:00,102.24,102.39,102.3,102.25,84.58053912
2022-03-14 01:15:00,102.29,102.39,102.35,102.34,55.56132284
2022-03-14 01:14:00,102.31,102.38,102.34,102.38,59.75276045
2022-03-14 01:13:00,102.31,102.44,102.4,102.38,147.35163016
2022-03-14 01:12:00,102.36,102.49,102.4,102.44,106.24538847
2022-03-14 01:11:00,102.36,102.56,102.5,102.38,231.97315307
2022-03-14 01:10:00,102.52,102.73,102.72,102.52,135.68644119
2022-03-14 01:09:00,102.68,102.89,102.82,102.71,391.19200215
2022-03-14 01:08:00,102.53,102.8,102.58,102.8,257.69349945
2022-03-14 01:07:00,102.48,102.58,102.52,102.58,169.22704807
2022-03-14 01:06:00,102.43,102.58,102.52,102.53,235.32526758
2022-03-14 01:05:00,102.52,102.63,102.53,102.55,333.29119236
2022-03-14 01:04:00,102.45,102.59,102.45,102.56,174.04965732
2022-03-14 01:03:00,102.4,102.66,102.59,102.4,361.98988844
2022-03-14 01:02:00,102.36,102.65,102.38,102.55,463.96243829
2022-03-14 01:01:00,101.76,102.46,101.76,102.46,866.48565591
2022-03-14 01:00:00,101.63,101.76,101.63,101.75,90.53033595
2022-03-14 00:59:00,101.55,101.64,101.6,101.6,331.66342984
2022-03-14 00:58:00,101.56,101.63,101.62,101.58,134.25571313
2022-03-14 00:57:00,101.57,101.63,101.6,101.63,139.20086073
2022-03-14 00:56:00,101.51,101.59,101.52,101.58,60.62041525
2022-03-14 00:55:00,101.4,101.48,101.41,101.48,60.04374176
2022-03-14 00:54:00,101.37,101.46,101.44,101.41,269.75048614
2022-03-14 00:53:00,101.38,101.48,101.38,101.48,90.21807885
2022-03-14 00:52:00,101.29,101.38,101.31,101.38,94.41426778
2022-03-14 00:51:00,101.28,101.37,101.33,101.31,181.07578718
2022-03-14 00:50:00,101.25,101.4,101.4,101.33,242.01917392
2022-03-14 00:49:00,101.41,101.44,101.44,101.41,36.28162864
2022-03-14 00:48:00,101.38,101.47,101.46,101.44,9.65992721
2022-03-14 00:47:00,101.44,101.52,101.46,101.45,91.16276291
2022-03-14 00:46:00,101.3,101.48,101.3,101.44,83.99950185
2022-03-14 00:45:00,101.23,101.36,101.29,101.3,102.96612819
2022-03-14 00:44:00,101.2,101.3,101.23,101.26,173.07737454
2022-03-14 00:43:00,101.23,101.33,101.33,101.24,235.25469439
2022-03-14 00:42:00,101.29,101.38,101.31,101.34,107.85699984
2022-03-14 00:41:00,101.25,101.38,101.25,101.34,97.88023125
2022-03-14 00:40:00,101.28,101.4,101.4,101.33,386.88384504
2022-03-14 00:39:00,101.24,101.39,101.31,101.39,71.97976052
2022-03-14 00:38:00,101.15,101.32,101.3,101.31,238.92289364
2022-03-14 00:37:00,101.32,101.42,101.41,101.33,34.83631486
2022-03-14 00:36:00,101.32,101.55,101.53,101.39,169.71827741
2022-03-14 00:35:00,101.5,101.58,101.56,101.52,371.17471581
2022-03-14 00:34:00,101.59,101.68,101.64,101.59,169.45320609
2022-03-14 00:33:00,101.62,101.7,101.66,101.64,139.46908513
2022-03-14 00:32:00,101.62,101.75,101.64,101.65,114.18565332
2022-03-14 00:31:00,101.6,101.64,101.6,101.62,52.66888158
2022-03-14 00:30:00,101.52,101.65,101.53,101.59,255.75407081
2022-03-14 00:29:00,101.48,101.71,101.71,101.53,245.46590439
2022-03-14 00:28:00,101.7,101.79,101.74,101.72,62.4596721
2022-03-14 00:27:00,101.7,101.77,101.73,101.74,122.67253935
2022-03-14 00:26:00,101.62,101.72,101.65,101.72,93.70081082
2022-03-14 00:25:00,101.6,101.7,101.7,101.68,276.60220448
2022-03-14 00:24:00,101.7,101.77,101.72,101.72,61.3012168
2022-03-14 00:23:00,101.71,101.8,101.74,101.74,61.97880578
2022-03-14 00:22:00,101.73,101.85,101.73,101.74,110.74306039
2022-03-14 00:21:00,101.62,101.73,101.66,101.73,130.82774264
2022-03-14 00:20:00,101.66,101.77,101.75,101.68,63.84619786
2022-03-14 00:19:00,101.69,101.82,101.75,101.82,264.74523745
2022-03-14 00:18:00,101.69,101.85,101.84,101.75,279.78445514
2022-03-14 00:17:00,101.68,101.97,101.68,101.86,194.29422731
2022-03-14 00:16:00,101.49,101.72,101.51,101.71,214.44418709
2022-03-14 00:15:00,101.04,101.48,101.06,101.48,149.59217417
2022-03-14 00:14:00,100.94,101.08,101.05,101.08,263.29392223
2022-03-14 00:13:00,100.85,101.19,101.18,101.05,717.49082052
2022-03-14 00:12:00,101.16,101.26,101.26,101.16,792.81620546
2022-03-14 00:11:00,101.15,101.29,101.24,101.28,224.56103959
2022-03-14 00:10:00,101.24,101.36,101.32,101.24,250.62399341
2022-03-14 00:09:00,101.27,101.4,101.39,101.32,182.65391983
2022-03-14 00:08:00,101.31,101.42,101.32,101.39,280.2251187
2022-03-14 00:07:00,101.18,101.41,101.18,101.38,1148.40132559
2022-03-14 00:06:00,101.15,101.4,101.4,101.17,463.07033645
2022-03-14 00:05:00,101.4,101.67,101.63,101.41,359.7709132
2022-03-14 00:04:00,101.38,101.62,101.38,101.62,164.48410725
2022-03-14 00:03:00,101.14,101.57,101.55,101.36,802.15903157
2022-03-14 00:02:00,101.4,101.55,101.47,101.55,204.33037874
2022-03-14 00:01:00,101.41,101.57,101.57,101.45,842.65295875
2022-03-14 00:00:00,101.46,101.7,101.68,101.56,278.33734096
2022-03-13 23:59:00,101.6,101.83,101.82,101.69,138.50281567
2022-03-13 23:58:00,101.71,101.9,101.88,101.82,201.21051245
2022-03-13 23:57:00,101.87,101.96,101.93,101.89,137.54327874
2022-03-13 23:56:00,101.82,101.89,101.82,101.88,135.31268719
2022-03-13 23:55:00,101.78,101.84,101.79,101.82,86.10930156
2022-03-13 23:54:00,101.74,101.88,101.79,101.8,168.53806072
2022-03-13 23:53:00,101.7,101.77,101.7,101.77,215.78369414
2022-03-13 23:52:00,101.64,101.73,101.73,101.67,105.57372516
2022-03-13 23:51:00,101.69,101.76,101.75,101.75,205.20216942
2022-03-13 23:50:00,101.69,101.81,101.81,101.75,457.3518527
2022-03-13 23:49:00,101.73,101.81,101.76,101.81,72.93374168
2022-03-13 23:48:00,101.68,101.77,101.7,101.7,219.21280647
2022-03-13 23:47:00,101.61,101.71,101.61,101.69,156.84066329
2022-03-13 23:46:00,101.57,101.68,101.6,101.62,241.59002636
2022-03-13 23:45:00,101.44,101.69,101.54,101.58,202.15713819
2022-03-13 23:44:00,101.3,101.56,101.55,101.52,774.2424357
2022-03-13 23:43:00,101.55,101.61,101.58,101.55,228.20175854
2022-03-13 23:42:00,101.52,101.6,101.58,101.6,41.10142023
2022-03-13 23:41:00,101.45,101.59,101.59,101.55,138.075103
2022-03-13 23:40:00,101.55,101.67,101.65,101.6,80.01632297
2022-03-13 23:39:00,101.55,101.69,101.65,101.63,159.91856378
2022-03-13 23:38:00,101.62,101.7,101.66,101.65,139.6472943
2022-03-13 23:37:00,101.64,101.75,101.75,101.72,191.6805216
2022-03-13 23:36:00,101.68,101.75,101.73,101.75,97.72989681
2022-03-13 23:35:00,101.58,101.78,101.68,101.75,427.8409206
2022-03-13 23:34:00,101.67,101.77,101.74,101.69,233.61709593
2022-03-13 23:33:00,101.76,101.91,101.78,101.76,375.08557065
2022-03-13 23:32:00,101.8,101.98,101.98,101.81,164.80995498
2022-03-13 23:31:00,101.91,102.03,101.95,102.0,72.65086295
2022-03-13 23:30:00,101.89,101.95,101.89,101.95,239.86670687
2022-03-13 23:29:00,101.89,102.06,102.03,101.92,118.60385378
2022-03-13 23:28:00,101.9,102.16,102.16,102.02,374.18681547
2022-03-14 09:28:00,104.97,105.04,105.03,105.04,78.47938255
2022-03-14 09:27:00,104.93,105.04,105.03,105.03,91.74159905
2022-03-14 09:26:00,104.99,105.06,105.03,104.99,173.43586388
2022-03-14 09:25:00,104.98,105.04,105.02,105.04,180.75430977
2022-03-14 09:24:00,104.97,105.11,105.11,105.0,177.01021376
2022-03-14 09:23:00,105.09,105.15,105.09,105.11,129.12926677
2022-03-14 09:22:00,105.08,105.12,105.11,105.12,51.72307875
2022-03-14 09:21:00,105.08,105.15,105.15,105.08,42.41584257
2022-03-14 09:20:00,105.06,105.17,105.07,105.16,201.969197
2022-03-14 09:19:00,105.0,105.09,105.07,105.02,75.71120071
2022-03-14 09:18:00,104.98,105.04,105.03,105.02,7.65727385
2022-03-14 09:17:00,104.86,105.02,104.95,104.99,206.37260049
2022-03-14 09:16:00,104.95,105.05,105.05,104.96,138.07811109
2022-03-14 09:15:00,104.98,105.11,104.98,105.05,96.40688335
2022-03-14 09:14:00,104.97,105.04,105.0,104.97,62.20555292
2022-03-14 09:13:00,104.82,104.99,104.97,104.95,241.49437746
2022-03-14 09:12:00,104.95,105.05,104.99,104.97,130.49576388
2022-03-14 09:11:00,104.89,104.98,104.89,104.95,46.79192509
2022-03-14 09:10:00,104.67,104.9,104.68,104.87,196.79061791
2022-03-14 09:09:00,104.58,104.67,104.58,104.63,114.70150748
2022-03-14 09:08:00,104.57,104.71,104.69,104.61,118.03293196
2022-03-14 09:07:00,104.68,104.92,104.92,104.76,132.922813
2022-03-14 09:06:00,104.79,104.93,104.87,104.93,97.68186532
2022-03-14 09:05:00,104.77,104.89,104.88,104.89,211.2596534
2022-03-14 09:04:00,104.85,104.88,104.86,104.88,22.33014542
2022-03-14 09:03:00,104.87,105.02,104.94,104.87,183.80970939
2022-03-14 09:02:00,104.84,104.97,104.87,104.93,68.56385277
2022-03-14 09:01:00,104.82,104.99,104.91,104.89,495.67215078
2022-03-14 09:00:00,104.93,105.23,105.12,104.95,1782.99651324
2022-03-14 08:59:00,105.05,105.15,105.05,105.1,133.82953568
2022-03-14 08:58:00,105.0,105.16,105.16,105.0,109.78013622
2022-03-14 08:57:00,105.03,105.26,105.09,105.19,302.52244055
2022-03-14 08:56:00,105.09,105.2,105.16,105.14,174.8214568
2022-03-14 08:55:00,105.09,105.24,105.23,105.23,55.96512411
2022-03-14 08:54:00,105.18,105.35,105.22,105.21,325.85602099
2022-03-14 08:53:00,104.91,105.34,105.05,105.25,665.43461927
2022-03-14 08:52:00,103.85,105.27,103.91,105.08,5231.33122414
2022-03-14 08:51:00,103.88,103.93,103.91,103.92,64.22691893
2022-03-14 08:50:00,103.85,103.95,103.86,103.95,105.56788833
2022-03-14 08:49:00,103.8,103.82,103.8,103.81,28.4369491
2022-03-14 08:48:00,103.72,103.84,103.8,103.72,85.03132967
2022-03-14 08:47:00,103.75,103.83,103.82,103.8,281.59369319
2022-03-14 08:46:00,103.81,103.88,103.84,103.81,26.06649014
2022-03-14 08:45:00,103.68,103.83,103.68,103.81,61.84354823
2022-03-14 08:44:00,103.66,103.73,103.73,103.67,20.26785446
2022-03-14 08:43:00,103.68,103.74,103.74,103.7,18.06575122
2022-03-14 08:42:00,103.7,103.75,103.73,103.73,28.67367683
2022-03-14 08:41:00,103.71,103.76,103.71,103.72,28.20892702
2022-03-14 08:40:00,103.7,103.74,103.7,103.7,76.29204022
2022-03-14 08:39:00,103.59,103.71,103.63,103.71,44.82441888
2022-03-14 08:38:00,103.61,103.8,103.8,103.61,22.90983758
2022-03-14 08:37:00,103.79,103.86,103.83,103.79,48.31051268
2022-03-14 08:36:00,103.71,103.8,103.71,103.79,43.76355654
2022-03-14 08:35:00,103.69,103.79,103.72,103.7,58.14155417
2022-03-14 08:34:00,103.66,103.73,103.72,103.69,133.61342135
2022-03-14 08:33:00,103.68,103.73,103.73,103.68,95.84407664
2022-03-14 08:32:00,103.7,103.76,103.76,103.7,98.59617109
2022-03-14 08:31:00,103.75,103.82,103.79,103.75,60.18581918
2022-03-14 08:30:00,103.78,103.83,103.78,103.79,108.38139003
2022-03-14 08:29:00,103.75,103.78,103.78,103.75,3.04165526
2022-03-14 08:28:00,103.76,103.8,103.8,103.76,16.38141573
2022-03-14 08:27:00,103.71,103.8,103.71,103.8,17.582923
2022-03-14 08:26:00,103.69,103.82,103.78,103.77,85.74744967
2022-03-14 08:25:00,103.82,103.96,103.88,103.84,56.94036369
2022-03-14 08:24:00,103.85,103.9,103.87,103.86,32.73628838
2022-03-14 08:23:00,103.87,103.91,103.9,103.91,12.5881651
2022-03-14 08:22:00,103.86,103.91,103.86,103.9,11.03003433
2022-03-14 08:21:00,103.88,103.92,103.9,103.89,20.20218554
2022-03-14 08:20:00,103.8,103.9,103.8,103.9,71.09475581
2022-03-14 08:19:00,103.74,103.83,103.83,103.78,89.96848588
2022-03-14 08:18:00,103.82,103.88,103.83,103.83,1.47063123
2022-03-14 08:17:00,103.83,103.9,103.88,103.83,21.533943
2022-03-14 08:16:00,103.8,103.9,103.84,103.87,63.96555001
2022-03-14 08:15:00,103.84,103.94,103.92,103.84,222.03904697
2022-03-14 08:14:00,103.89,104.08,104.08,103.95,168.71554913
2022-03-14 08:13:00,104.08,104.2,104.14,104.08,209.43524371
2022-03-14 08:12:00,104.04,104.2,104.04,104.17,41.9494257
2022-03-14 08:11:00,103.98,104.05,104.03,104.04,125.81554359
2022-03-14 08:10:00,104.02,104.06,104.05,104.04,90.08263256
2022-03-14 08:09:00,104.03,104.12,104.04,104.04,436.38271195
2022-03-14 08:08:00,104.0,104.04,104.0,104.02,274.59793744
2022-03-14 08:07:00,103.89,103.95,103.94,103.94,78.9627669
2022-03-14 08:06:00,103.88,103.96,103.9,103.95,51.8511974
2022-03-14 08:05:00,103.87,104.0,104.0,103.9,420.68516379
2022-03-14 08:04:00,103.81,103.99,103.86,103.95,169.62795031
2022-03-14 08:03:00,103.65,103.87,103.65,103.87,269.76778327
2022-03-14 08:02:00,103.63,103.72,103.72,103.68,134.75282368
2022-03-14 08:01:00,103.67,103.78,103.73,103.73,1000.99358373
2022-03-14 08:00:00,103.67,103.74,103.69,103.74,682.51560543
2022-03-14 07:59:00,103.64,103.77,103.77,103.69,370.43688551
2022-03-14 07:58:00,103.78,103.84,103.79,103.78,68.33828368
2022-03-14 07:57:00,103.76,103.84,103.77,103.76,33.05887156
2022-03-14 07:56:00,103.73,103.79,103.76,103.79,65.02072223
2022-03-14 07:55:00,103.71,103.82,103.71,103.74,77.7442548
2022-03-14 07:54:00,103.66,103.71,103.71,103.7,34.26154178
2022-03-14 07:53:00,103.64,103.72,103.67,103.72,37.29929115
2022-03-14 07:52:00,103.68,103.74,103.71,103.73,14.68050901
2022-03-14 07:51:00,103.65,103.69,103.68,103.65,5.72941759
2022-03-14 07:50:00,103.67,103.71,103.7,103.67,30.42607417
2022-03-14 07:49:00,103.66,103.72,103.7,103.66,22.1355637
2022-03-14 07:48:00,103.68,103.74,103.68,103.71,42.70424114
2022-03-14 07:47:00,103.68,103.77,103.71,103.74,80.64028932
2022-03-14 07:46:00,103.75,103.88,103.87,103.79,52.27559899
2022-03-14 07:45:00,103.76,103.87,103.76,103.84,173.03432656
2022-03-14 07:44:00,103.73,103.78,103.75,103.76,10.36830599
2022-03-14 07:43:00,103.68,103.76,103.73,103.75,31.27024022
2022-03-14 07:42:00,103.69,103.79,103.77,103.73,96.18065719
2022-03-14 07:41:00,103.69,103.8,103.79,103.71,195.13201656
2022-03-14 07:40:00,103.67,103.77,103.72,103.77,71.27802726
2022-03-14 07:39:00,103.53,103.7,103.56,103.69,44.60442818
2022-03-14 07:38:00,103.55,103.59,103.57,103.56,36.74371562
2022-03-14 07:37:00,103.5,103.58,103.5,103.58,3.6071157
2022-03-14 07:36:00,103.43,103.57,103.57,103.54,27.95418399
2022-03-14 07:35:00,103.58,103.84,103.84,103.58,144.44628116
2022-03-14 07:34:00,103.76,103.98,103.77,103.79,202.50893786
2022-03-14 07:33:00,103.61,103.86,103.67,103.75,161.52475081
2022-03-14 07:32:00,103.51,103.68,103.51,103.55,175.77097475
2022-03-14 07:31:00,103.41,103.5,103.41,103.5,126.20838119
2022-03-14 07:30:00,103.38,103.51,103.38,103.45,96.97483751
2022-03-14 07:29:00,103.32,103.38,103.35,103.38,206.58171046
2022-03-14 07:28:00,103.37,103.44,103.44,103.4,25.30794973
2022-03-14 07:27:00,103.38,103.45,103.45,103.45,36.69612838
2022-03-14 07:26:00,103.38,103.44,103.44,103.42,132.65222845
2022-03-14 07:25:00,103.37,103.44,103.37,103.44,17.05998592
2022-03-14 07:24:00,103.34,103.44,103.44,103.34,52.48465233
2022-03-14 07:23:00,103.42,103.49,103.46,103.42,28.03894591
2022-03-14 07:22:00,103.52,103.67,103.67,103.53,48.17266908
2022-03-14 07:21:00,103.46,103.67,103.46,103.65,194.67258618
2022-03-14 07:20:00,103.31,103.46,103.35,103.42,214.03672003
2022-03-14 07:19:00,103.26,103.34,103.3,103.31,27.93212222
2022-03-14 07:18:00,103.19,103.29,103.29,103.23,212.0480168
2022-03-14 07:17:00,103.26,103.3,103.29,103.27,17.61589618
2022-03-14 07:16:00,103.21,103.42,103.42,103.26,175.53481062
2022-03-14 07:15:00,103.31,103.41,103.32,103.31,113.65444453
2022-03-14 07:14:00,103.28,103.33,103.28,103.33,14.6734399
2022-03-14 07:13:00,103.27,103.41,103.41,103.28,44.58268976
2022-03-14 07:12:00,103.33,103.41,103.33,103.41,16.90776147
2022-03-14 07:11:00,103.33,103.4,103.36,103.36,35.63034064
2022-03-14 07:10:00,103.34,103.39,103.39,103.36,82.43827142
2022-03-14 07:09:00,103.29,103.39,103.32,103.37,262.17397384
2022-03-14 07:08:00,103.33,103.38,103.38,103.33,7.62797846
2022-03-14 07:07:00,103.31,103.38,103.34,103.33,59.71232723
2022-03-14 07:06:00,103.32,103.36,103.34,103.34,86.25840076
2022-03-14 07:05:00,103.32,103.39,103.37,103.34,91.22223602
2022-03-14 07:04:00,103.36,103.42,103.39,103.37,47.32750721
2022-03-14 07:03:00,103.36,103.39,103.36,103.39,30.72003137
2022-03-14 07:02:00,103.37,103.37,103.37,103.37,4.1461777
2022-03-14 07:01:00,103.31,103.47,103.31,103.33,251.30290804
2022-03-14 07:00:00,103.23,103.31,103.26,103.31,60.30610289
2022-03-14 06:59:00,103.22,103.3,103.3,103.28,48.97988735
2022-03-14 06:58:00,103.28,103.33,103.33,103.3,90.41908838
2022-03-14 06:57:00,103.24,103.31,103.27,103.31,51.84691705
2022-03-14 06:56:00,103.23,103.31,103.26,103.27,14.76666073
2022-03-14 06:55:00,103.23,103.26,103.24,103.26,47.17985858
2022-03-14 06:54:00,103.18,103.27,103.22,103.18,108.78603924
2022-03-14 06:53:00,103.2,103.27,103.21,103.25,43.09122696
2022-03-14 06:52:00,103.21,103.28,103.21,103.26,23.82061743
2022-03-14 06:51:00,103.18,103.3,103.24,103.2,131.77988798
2022-03-14 06:50:00,103.19,103.24,103.19,103.24,23.30576167
2022-03-14 06:49:00,103.16,103.21,103.16,103.19,44.49697518
2022-03-14 06:48:00,103.11,103.19,103.14,103.11,138.60846437
2022-03-14 06:47:00,103.14,103.23,103.19,103.15,68.67018795
2022-03-14 06:46:00,103.19,103.27,103.22,103.23,66.4501076
2022-03-14 06:45:00,103.18,103.25,103.21,103.25,57.99038609
2022-03-14 06:44:00,103.14,103.26,103.23,103.18,95.71383937
2022-03-14 06:43:00,103.23,103.28,103.23,103.26,44.82501913
2022-03-14 06:42:00,103.2,103.23,103.2,103.23,24.94716759
2022-03-14 06:41:00,103.23,103.4,103.4,103.24,34.85659816
2022-03-14 06:40:00,103.36,103.43,103.4,103.36,113.14689092
2022-03-14 06:39:00,103.4,103.45,103.42,103.45,71.83583014
2022-03-14 06:38:00,103.37,103.45,103.41,103.42,102.34967097
2022-03-14 06:37:00,103.41,103.45,103.43,103.43,38.84079883
2022-03-14 06:36:00,103.42,103.5,103.44,103.49,108.63854768
2022-03-14 06:35:00,103.4,103.45,103.45,103.42,30.11536373
2022-03-14 06:34:00,103.4,103.47,103.4,103.44,49.55053866
2022-03-14 06:33:00,103.39,103.53,103.53,103.39,107.68508674
2022-03-14 06:32:00,103.41,103.59,103.41,103.51,54.87003985
2022-03-14 06:31:00,103.33,103.5,103.34,103.42,125.58939645
2022-03-14 06:30:00,103.22,103.33,103.32,103.32,146.22471453
2022-03-14 06:29:00,103.19,103.32,103.32,103.3,499.21247115
2022-03-14 06:28:00,103.33,103.58,103.58,103.34,473.69806632
2022-03-14 06:27:00,103.2,103.62,103.2,103.62,428.58168917
2022-03-14 06:26:00,103.16,103.2,103.16,103.18,27.09672788
2022-03-14 06:25:00,103.08,103.17,103.09,103.16,281.91568371
2022-03-14 06:24:00,103.07,103.14,103.1,103.09,78.79214564
2022-03-14 06:23:00,103.02,103.12,103.08,103.11,53.75683034
2022-03-14 06:22:00,103.03,103.08,103.06,103.08,8.42746681
2022-03-14 06:21:00,103.02,103.08,103.08,103.02,11.70323129
2022-03-14 06:20:00,103.03,103.15,103.15,103.05,79.25790573
2022-03-14 06:19:00,102.98,103.08,103.01,103.08,81.28441023
2022-03-14 06:18:00,102.97,103.01,102.97,103.0,3.59904245
2022-03-14 06:17:00,102.96,103.02,102.96,102.97,40.91274719
2022-03-14 06:16:00,102.96,103.11,103.11,103.0,92.77085211
2022-03-14 06:15:00,103.0,103.14,103.1,103.14,98.8095031
2022-03-14 06:14:00,103.07,103.1,103.07,103.1,25.55562363
2022-03-14 06:13:00,103.07,103.16,103.16,103.1,67.50913995
2022-03-14 06:12:00,103.15,103.19,103.17,103.18,33.13004635
2022-03-14 06:11:00,103.12,103.17,103.16,103.16,18.86223581
2022-03-14 06:10:00,103.12,103.16,103.16,103.16,45.06864025
2022-03-14 06:09:00,103.03,103.18,103.18,103.14,84.40309931
2022-03-14 06:08:00,103.17,103.18,103.18,103.17,5.55455107
2022-03-14 06:07:00,103.17,103.2,103.2,103.18,17.52078777
2022-03-14 06:06:00,103.15,103.21,103.19,103.21,36.56559772
2022-03-14 06:05:00,103.13,103.2,103.14,103.2,31.65390714
2022-03-14 06:04:00,103.14,103.2,103.2,103.14,17.49021332
2022-03-14 06:03:00,103.13,103.19,103.18,103.19,41.97226604
2022-03-14 06:02:00,103.1,103.24,103.1,103.18,202.29610558
2022-03-14 06:01:00,103.04,103.13,103.04,103.13,35.66994393
2022-03-14 06:00:00,103.0,103.1,103.0,103.04,49.65355399
2022-03-14 05:59:00,103.01,103.14,103.11,103.03,64.44648779
2022-03-14 05:58:00,103.06,103.11,103.1,103.08,13.08323808
2022-03-14 05:57:00,103.06,103.12,103.06,103.09,18.05226539
2022-03-14 05:56:00,103.06,103.08,103.06,103.07,7.92745962
2022-03-14 05:55:00,103.06,103.09,103.06,103.06,52.168026
2022-03-14 05:54:00,103.08,103.11,103.09,103.08,36.83144014
2022-03-14 05:53:00,103.08,103.13,103.12,103.09,58.25097085
2022-03-14 05:52:00,103.13,103.2,103.2,103.13,24.62955621
2022-03-14 05:51:00,103.07,103.1,103.08,103.1,4.98524047
2022-03-14 05:50:00,103.01,103.1,103.01,103.1,67.02169078
2022-03-14 05:49:00,102.98,103.03,102.99,103.03,175.52008704
2022-03-14 05:48:00,103.0,103.1,103.1,103.0,66.75246529
2022-03-14 05:47:00,103.06,103.11,103.09,103.1,29.30267815
2022-03-14 05:46:00,103.1,103.19,103.17,103.1,32.56687061
2022-03-14 05:45:00,103.01,103.18,103.01,103.16,284.98697383
2022-03-14 05:44:00,102.97,103.06,103.03,103.04,207.53773912
2022-03-14 05:43:00,102.99,103.05,103.04,102.99,143.30075865
2022-03-14 05:42:00,103.02,103.08,103.04,103.02,116.6947222
2022-03-14 05:41:00,103.0,103.13,103.12,103.0,84.23410206
2022-03-14 05:40:00,103.09,103.12,103.12,103.1,69.43842593
2022-03-14 05:39:00,103.05,103.13,103.1,103.12,68.14328328
2022-03-14 05:38:00,103.06,103.11,103.07,103.08,183.32461662
2022-03-14 05:37:00,103.05,103.11,103.09,103.05,30.26928009
2022-03-14 05:36:00,103.06,103.12,103.11,103.07,30.60731334
2022-03-14 05:35:00,103.04,103.17,103.17,103.04,67.51397312
2022-03-14 05:34:00,103.08,103.23,103.21,103.16,209.29648767
2022-03-14 05:33:00,103.17,103.23,103.19,103.21,17.60917562
2022-03-14 05:32:00,103.15,103.26,103.25,103.15,47.43023663
2022-03-14 05:31:00,103.26,103.32,103.32,103.27,63.99335965
2022-03-14 05:30:00,103.24,103.29,103.25,103.29,41.93487596
2022-03-14 05:29:00,103.2,103.28,103.24,103.22,128.42560608
2022-03-14 05:28:00,103.21,103.26,103.25,103.24,26.14526796
2022-03-14 05:27:00,103.17,103.34,103.34,103.24,26.78412328
2022-03-14 05:26:00,103.3,103.38,103.38,103.32,62.42018458
2022-03-14 05:25:00,103.37,103.41,103.38,103.37,35.82728243
2022-03-14 05:24:00,103.38,103.43,103.42,103.38,48.2811701
2022-03-14 05:23:00,103.38,103.48,103.38,103.45,62.21671335
2022-03-14 05:22:00,103.37,103.45,103.39,103.37,78.47440896
2022-03-14 05:21:00,103.29,103.4,103.37,103.4,56.21768376
2022-03-14 05:20:00,103.29,103.39,103.35,103.37,119.77106023
2022-03-14 05:19:00,103.29,103.53,103.53,103.37,166.01415359
2022-03-14 05:18:00,103.49,103.55,103.55,103.54,39.3858787
2022-03-14 05:17:00,103.52,103.59,103.57,103.52,53.79566505
2022-03-14 05:16:00,103.49,103.62,103.55,103.57,75.09821447
2022-03-14 05:15:00,103.5,103.6,103.54,103.54,205.91621573
2022-03-14 05:14:00,103.5,103.57,103.54,103.56,143.51950551
2022-03-14 05:13:00,103.5,103.64,103.64,103.53,45.0274948
2022-03-14 05:12:00,103.57,103.67,103.6,103.65,97.71008163
2022-03-14 05:11:00,103.45,103.65,103.52,103.65,103.6983496
2022-03-14 05:10:00,103.46,103.58,103.46,103.54,356.79159107
2022-03-14 05:09:00,103.36,103.49,103.37,103.49,125.94244291
2022-03-14 05:08:00,103.3,103.41,103.37,103.36,179.24991416
2022-03-14 05:07:00,103.32,103.39,103.35,103.37,107.82089397
2022-03-14 05:06:00,103.34,103.4,103.34,103.38,47.68217008
2022-03-14 05:05:00,103.25,103.34,103.25,103.33,201.677735
2022-03-14 05:04:00,103.22,103.26,103.25,103.24,94.78273615
2022-03-14 05:03:00,103.19,103.35,103.35,103.25,125.88771783
2022-03-14 05:02:00,103.26,103.49,103.43,103.34,102.49072844
2022-03-14 05:01:00,103.45,103.57,103.57,103.48,33.17185328
2022-03-14 05:00:00,103.43,103.58,103.49,103.58,179.3875406
2022-03-14 04:59:00,103.42,103.54,103.43,103.49,173.1795694
2022-03-14 04:58:00,103.43,103.51,103.44,103.49,67.61822182
2022-03-14 04:57:00,103.36,103.45,103.4,103.45,113.48629545
2022-03-14 04:56:00,103.35,103.4,103.39,103.4,15.59627429
2022-03-14 04:55:00,103.32,103.4,103.36,103.39,57.31908876
2022-03-14 04:54:00,103.25,103.38,103.35,103.38,159.69370923
2022-03-14 04:53:00,103.39,103.49,103.45,103.39,176.93044529
2022-03-14 04:52:00,103.47,103.51,103.5,103.47,33.12530277
2022-03-14 04:51:00,103.43,103.59,103.53,103.48,90.70910092
2022-03-14 04:50:00,103.39,103.55,103.39,103.49,125.17390996
2022-03-14 04:49:00,103.4,103.47,103.45,103.43,97.2663378
2022-03-14 04:48:00,103.38,103.46,103.42,103.45,312.78361928
2022-03-14 04:47:00,103.37,103.49,103.45,103.38,56.32759955
2022-03-14 04:46:00,103.39,103.47,103.45,103.46,39.28047942
2022-03-14 04:45:00,103.4,103.5,103.49,103.43,131.83685891
2022-03-14 04:44:00,103.44,103.51,103.51,103.48,82.75125878
2022-03-14 04:43:00,103.46,103.51,103.46,103.51,34.91724561
2022-03-14 04:42:00,103.45,103.61,103.49,103.45,156.5514744
2022-03-14 04:41:00,103.48,103.66,103.66,103.48,102.46212009
2022-03-14 04:40:00,103.64,103.77,103.73,103.65,234.47653104
2022-03-14 04:39:00,103.57,103.74,103.57,103.71,375.80467631
2022-03-14 04:38:00,103.51,103.77,103.75,103.54,323.84543214
2022-03-14 04:37:00,103.6,103.8,103.6,103.79,93.60975205
2022-03-14 04:36:00,103.67,103.89,103.85,103.67,85.69280571
2022-03-14 04:35:00,103.72,103.95,103.85,103.85,196.23304234
2022-03-14 04:34:00,103.81,103.99,103.81,103.88,149.34855496
2022-03-14 04:33:00,103.75,103.92,103.75,103.81,283.59853791
2022-03-14 04:32:00,103.49,103.75,103.49,103.69,297.54516836
2022-03-14 04:31:00,103.46,103.69,103.69,103.48,300.88221163
2022-03-14 04:30:00,103.71,103.88,103.76,103.75,185.10719817
2022-03-14 04:29:00,103.69,104.02,104.0,103.7,136.22003434
2022-03-14 04:28:00,103.99,104.08,104.06,104.01,43.73649531
2022-03-14 14:28:00,104.86,104.96,104.89,104.9,110.99173101
2022-03-14 14:27:00,104.86,104.94,104.89,104.89,92.39123894
2022-03-14 14:26:00,104.85,105.02,105.02,104.85,321.62612871
2022-03-14 14:25:00,105.03,105.11,105.05,105.03,67.91575
2022-03-14 14:24:00,105.0,105.15,105.11,105.01,91.37381526
2022-03-14 14:23:00,105.07,105.14,105.13,105.14,114.21911116
2022-03-14 14:22:00,105.01,105.12,105.02,105.12,113.73357962
2022-03-14 14:21:00,104.98,105.14,105.11,105.03,101.80875757
2022-03-14 14:20:00,105.11,105.32,105.25,105.12,54.54046239
2022-03-14 14:19:00,105.23,105.38,105.38,105.23,88.23321224
2022-03-14 14:18:00,105.33,105.44,105.33,105.4,88.82394642
2022-03-14 14:17:00,105.28,105.49,105.46,105.28,187.64842295
2022-03-14 14:16:00,105.37,105.52,105.39,105.45,181.73323578
2022-03-14 14:15:00,105.32,105.43,105.33,105.41,125.30232927
2022-03-14 14:14:00,105.31,105.38,105.38,105.35,61.97255891
2022-03-14 14:13:00,105.37,105.5,105.49,105.38,191.0196215
2022-03-14 14:12:00,105.29,105.48,105.44,105.48,498.69511577
2022-03-14 14:11:00,105.24,105.55,105.28,105.43,62.47851292
2022-03-14 14:10:00,105.07,105.28,105.08,105.2,396.3918153
2022-03-14 14:09:00,105.07,105.15,105.15,105.12,110.15920214
2022-03-14 14:08:00,105.12,105.19,105.17,105.16,147.19429523
2022-03-14 14:07:00,105.06,105.16,105.1,105.15,66.31970168
2022-03-14 14:06:00,105.04,105.13,105.11,105.11,71.65527704
2022-03-14 14:05:00,104.96,105.11,104.99,105.11,50.93291021
2022-03-14 14:04:00,104.91,105.06,105.06,104.97,175.00023187
2022-03-14 14:03:00,105.02,105.12,105.12,105.1,360.0143937
2022-03-14 14:02:00,104.98,105.13,104.98,105.13,185.88147274
2022-03-14 14:01:00,104.84,104.99,104.85,104.99,160.31502327
2022-03-14 14:00:00,104.8,104.95,104.95,104.84,96.54226003
2022-03-14 13:59:00,104.9,105.03,104.9,105.02,134.60009403
2022-03-14 13:58:00,104.78,104.9,104.83,104.9,67.64901705
2022-03-14 13:57:00,104.79,104.87,104.81,104.82,33.95697117
2022-03-14 13:56:00,104.77,105.04,104.96,104.84,390.73783155
2022-03-14 13:55:00,104.92,104.97,104.95,104.95,98.35612302
2022-03-14 13:54:00,104.91,105.01,104.98,104.91,136.03501095
2022-03-14 13:53:00,104.91,105.0,104.93,104.97,48.97422439
2022-03-14 13:52:00,104.87,104.98,104.92,104.97,190.20564873
2022-03-14 13:51:00,104.91,104.99,104.97,104.96,238.69689505
2022-03-14 13:50:00,104.91,105.01,104.92,104.98,51.43682212
2022-03-14 13:49:00,104.83,104.97,104.97,104.89,143.27353725
2022-03-14 13:48:00,104.77,105.02,104.77,104.99,123.29345598
2022-03-14 13:47:00,104.78,104.88,104.83,104.8,929.97414687
2022-03-14 13:46:00,104.83,104.98,104.96,104.85,144.9683358
2022-03-14 13:45:00,104.94,105.04,105.02,104.96,136.53005014
2022-03-14 13:44:00,104.84,104.99,104.84,104.99,127.93412131
2022-03-14 13:43:00,104.74,104.83,104.75,104.83,126.45139553
2022-03-14 13:42:00,104.64,104.73,104.72,104.71,36.61702355
2022-03-14 13:41:00,104.63,104.77,104.69,104.7,187.47915089
2022-03-14 13:40:00,104.46,104.64,104.47,104.64,97.18600775
2022-03-14 13:39:00,104.31,104.52,104.34,104.5,84.57654565
2022-03-14 13:38:00,104.34,104.84,104.84,104.34,186.56723488
2022-03-14 13:37:00,104.76,104.83,104.77,104.8,92.95911263
2022-03-14 13:36:00,104.59,104.83,104.71,104.83,100.28863359
2022-03-14 13:35:00,104.62,104.72,104.66,104.65,107.00782316
2022-03-14 13:34:00,104.53,104.73,104.53,104.66,127.45052947
2022-03-14 13:33:00,104.48,104.81,104.77,104.48,163.14269866
2022-03-14 13:32:00,104.82,105.0,104.98,104.82,194.46659627
2022-03-14 13:31:00,104.92,105.04,104.97,104.97,114.90332495
2022-03-14 13:30:00,104.89,105.18,104.89,104.98,111.20183828
2022-03-14 13:29:00,104.85,104.93,104.87,104.88,153.13531103
2022-03-14 13:28:00,104.87,105.0,104.87,104.91,288.53756828
2022-03-14 13:27:00,104.85,104.95,104.95,104.9,127.57490176
2022-03-14 13:26:00,104.89,105.0,105.0,104.92,70.61918407
2022-03-14 13:25:00,104.98,105.05,105.02,105.0,139.28889119
2022-03-14 13:24:00,105.02,105.06,105.06,105.03,1.42381107
2022-03-14 13:23:00,104.97,105.13,104.98,105.09,231.63232375
2022-03-14 13:22:00,104.83,105.16,105.16,104.96,444.77893319
2022-03-14 13:21:00,105.11,105.22,105.21,105.18,126.0890006
2022-03-14 13:20:00,105.3,105.5,105.4,105.32,272.94712837
2022-03-14 13:19:00,105.1,105.43,105.1,105.43,48.49692749
2022-03-14 13:18:00,104.92,105.08,105.07,105.02,233.433882
2022-03-14 13:17:00,105.07,105.24,105.22,105.09,98.65604688
2022-03-14 13:16:00,105.24,105.34,105.34,105.27,125.09154047
2022-03-14 13:15:00,105.29,105.35,105.3,105.31,64.21165054
2022-03-14 13:14:00,105.24,105.32,105.25,105.32,19.56480112
2022-03-14 13:13:00,105.08,105.25,105.1,105.24,140.59685255
2022-03-14 13:12:00,105.07,105.12,105.08,105.1,71.21060758
2022-03-14 13:11:00,105.01,105.14,105.11,105.01,40.90407483
2022-03-14 13:10:00,105.08,105.14,105.14,105.14,139.28852738
2022-03-14 13:09:00,105.11,105.16,105.13,105.11,10.41747415
2022-03-14 13:08:00,105.07,105.15,105.09,105.13,79.73912747
2022-03-14 13:07:00,105.02,105.11,105.04,105.07,91.71406759
2022-03-14 13:06:00,105.02,105.16,105.14,105.02,59.22418971
2022-03-14 13:05:00,105.11,105.2,105.11,105.16,41.51286887
2022-03-14 13:04:00,105.15,105.22,105.16,105.16,25.48397298
2022-03-14 13:03:00,105.15,105.35,105.15,105.17,216.35261231
2022-03-14 13:02:00,104.93,105.13,104.93,105.12,223.44843787
2022-03-14 13:01:00,104.82,104.98,104.83,104.96,204.10564326
2022-03-14 13:00:00,104.77,104.86,104.85,104.85,189.94626217
2022-03-14 12:59:00,104.79,104.9,104.79,104.9,107.43831978
2022-03-14 12:58:00,104.74,104.81,104.75,104.8,13.14581365
2022-03-14 12:57:00,104.7,104.77,104.7,104.77,99.18607462
2022-03-14 12:56:00,104.54,104.68,104.54,104.67,149.8305557
2022-03-14 12:55:00,104.53,104.61,104.55,104.54,181.42246152
2022-03-14 12:54:00,104.42,104.59,104.46,104.55,97.7725458
2022-03-14 12:53:00,104.35,104.5,104.44,104.46,273.35757594
2022-03-14 12:52:00,104.44,104.52,104.5,104.44,111.78744777
2022-03-14 12:51:00,104.45,104.54,104.52,104.49,102.47946175
2022-03-14 12:50:00,104.56,104.72,104.63,104.57,261.15251833
2022-03-14 12:49:00,104.57,104.64,104.6,104.64,69.08366948
2022-03-14 12:48:00,104.57,104.65,104.62,104.58,222.41286538
2022-03-14 12:47:00,104.56,104.64,104.6,104.62,356.63171048
2022-03-14 12:46:00,104.56,104.63,104.63,104.63,202.48463336
2022-03-14 12:45:00,104.63,104.69,104.67,104.65,42.84416349
2022-03-14 12:44:00,104.55,104.67,104.63,104.65,164.79936685
2022-03-14 12:43:00,104.58,104.71,104.71,104.63,239.00558557
2022-03-14 12:42:00,104.67,104.72,104.72,104.71,58.1164861
2022-03-14 12:41:00,104.71,104.75,104.72,104.71,69.78693387
2022-03-14 12:40:00,104.64,104.7,104.64,104.7,76.5840202
2022-03-14 12:39:00,104.57,104.62,104.59,104.61,92.71169209
2022-03-14 12:38:00,104.6,104.62,104.61,104.61,29.38652688
2022-03-14 12:37:00,104.49,104.73,104.73,104.63,156.75985522
2022-03-14 12:36:00,104.73,104.75,104.75,104.73,13.96566371
2022-03-14 12:35:00,104.74,104.76,104.74,104.75,20.91081106
2022-03-14 12:34:00,104.66,104.74,104.68,104.74,92.83498504
2022-03-14 12:33:00,104.59,104.63,104.59,104.63,17.67164609
2022-03-14 12:32:00,104.51,104.66,104.54,104.57,350.9948948
2022-03-14 12:31:00,104.55,104.66,104.63,104.56,122.25555935
2022-03-14 12:30:00,104.63,104.67,104.65,104.64,14.07153763
2022-03-14 12:29:00,104.64,104.68,104.67,104.64,25.09794837
2022-03-14 12:28:00,104.62,104.69,104.65,104.66,31.98759646
2022-03-14 12:27:00,104.64,104.73,104.64,104.68,58.47001353
2022-03-14 12:26:00,104.6,104.66,104.65,104.66,142.18877363
2022-03-14 12:25:00,104.65,104.72,104.68,104.7,28.96917538
2022-03-14 12:24:00,104.64,104.73,104.73,104.65,34.37978186
2022-03-14 12:23:00,104.64,104.73,104.71,104.71,8.60839299
2022-03-14 12:22:00,104.71,104.78,104.72,104.73,92.4341307
2022-03-14 12:21:00,104.73,104.87,104.73,104.74,113.17587997
2022-03-14 12:20:00,104.65,104.78,104.65,104.75,18.37672352
2022-03-14 12:19:00,104.62,104.76,104.76,104.62,146.87846092
2022-03-14 12:18:00,104.71,104.83,104.83,104.73,172.74013969
2022-03-14 12:17:00,104.83,104.91,104.9,104.83,179.93995197
2022-03-14 12:16:00,104.91,105.01,104.98,104.93,107.05389338
2022-03-14 12:15:00,104.81,105.03,104.81,105.01,371.78739465
2022-03-14 12:14:00,104.69,104.83,104.8,104.8,136.22524202
2022-03-14 12:13:00,104.79,104.9,104.9,104.79,57.46947585
2022-03-14 12:12:00,104.82,104.9,104.82,104.9,39.24322456
2022-03-14 12:11:00,104.77,104.93,104.85,104.78,319.54900197
2022-03-14 12:10:00,104.8,105.0,104.98,104.84,160.85928439
2022-03-14 12:09:00,104.93,105.09,105.03,104.93,211.33571074
2022-03-14 12:08:00,104.97,105.01,104.97,105.01,38.62146634
2022-03-14 12:07:00,104.92,104.98,104.98,104.95,29.81214821
2022-03-14 12:06:00,104.9,104.98,104.95,104.95,53.58760675
2022-03-14 12:05:00,104.86,104.99,104.86,104.91,138.77769117
2022-03-14 12:04:00,104.89,104.98,104.97,104.89,109.4573197
2022-03-14 12:03:00,104.86,104.96,104.88,104.94,385.03122666
2022-03-14 12:02:00,104.89,105.02,105.02,104.91,71.30837762
2022-03-14 12:01:00,104.97,105.04,105.0,104.98,47.58191492
2022-03-14 12:00:00,104.79,104.99,104.9,104.95,346.42377648
2022-03-14 11:59:00,104.86,105.03,105.02,104.91,377.67266565
2022-03-14 11:58:00,104.98,105.04,105.0,104.98,249.21742199
2022-03-14 11:57:00,104.95,105.01,104.99,105.0,94.77256676
2022-03-14 11:56:00,104.96,105.05,105.01,105.0,145.96691182
2022-03-14 11:55:00,104.95,105.04,104.95,104.97,332.4831438
2022-03-14 11:54:00,104.94,104.99,104.95,104.95,22.21653514
2022-03-14 11:53:00,104.95,105.01,105.01,104.95,29.92892406
2022-03-14 11:52:00,104.99,105.02,104.99,105.01,47.35918417
2022-03-14 11:51:00,104.96,105.0,105.0,104.96,93.96899376
2022-03-14 11:50:00,104.95,105.02,104.97,104.96,207.57293237
2022-03-14 11:49:00,104.88,104.97,104.89,104.97,24.94450427
2022-03-14 11:48:00,104.81,105.0,105.0,104.86,120.57770558
2022-03-14 11:47:00,104.99,105.05,105.03,105.03,38.40760981
2022-03-14 11:46:00,104.9,105.02,105.02,105.01,129.27772309
2022-03-14 11:45:00,104.88,105.04,104.94,104.99,76.59723717
2022-03-14 11:44:00,104.96,105.05,105.05,104.96,30.34236236
2022-03-14 11:43:00,104.97,105.05,105.02,105.03,23.61196254
2022-03-14 11:42:00,104.97,105.09,105.09,105.0,37.45944272
2022-03-14 11:41:00,104.99,105.13,104.99,105.09,52.94589716
2022-03-14 11:40:00,104.9,104.99,104.93,104.99,110.77413949
2022-03-14 11:39:00,104.87,104.94,104.87,104.9,81.72307269
2022-03-14 11:38:00,104.88,104.92,104.9,104.88,54.14075597
2022-03-14 11:37:00,104.92,104.98,104.94,104.94,23.77985241
2022-03-14 11:36:00,104.91,104.97,104.91,104.95,103.29284021
2022-03-14 11:35:00,104.84,104.92,104.89,104.91,73.17187798
2022-03-14 11:34:00,104.82,104.88,104.85,104.88,73.85434411
2022-03-14 11:33:00,104.84,104.87,104.87,104.85,72.0133643
2022-03-14 11:32:00,104.84,104.97,104.95,104.84,209.09525528
2022-03-14 11:31:00,104.94,105.03,105.03,104.95,107.51035773
2022-03-14 11:30:00,104.76,105.03,104.76,105.0,94.51439738
2022-03-14 11:29:00,104.75,104.9,104.84,104.79,190.62870483
2022-03-14 11:28:00,104.88,105.08,105.08,104.88,58.67819615
2022-03-14 11:27:00,105.02,105.07,105.06,105.07,40.54377453
2022-03-14 11:26:00,105.03,105.11,105.07,105.05,225.45581319
2022-03-14 11:25:00,105.02,105.16,105.15,105.05,282.70443822
2022-03-14 11:24:00,105.09,105.18,105.17,105.17,75.0771192
2022-03-14 11:23:00,105.07,105.2,105.2,105.14,154.18891274
2022-03-14 11:22:00,105.17,105.22,105.18,105.18,55.82110419
2022-03-14 11:21:00,105.15,105.25,105.25,105.17,137.6267269
2022-03-14 11:20:00,105.17,105.25,105.21,105.25,18.26570462
2022-03-14 11:19:00,105.11,105.22,105.21,105.22,134.86719883
2022-03-14 11:18:00,105.23,105.27,105.25,105.23,41.95008148
2022-03-14 11:17:00,105.22,105.27,105.23,105.22,9.87032402
2022-03-14 11:16:00,105.16,105.21,105.2,105.2,27.27236433
2022-03-14 11:15:00,105.16,105.22,105.16,105.2,304.93183295
2022-03-14 11:14:00,105.16,105.23,105.23,105.16,216.15114831
2022-03-14 11:13:00,105.17,105.23,105.21,105.21,58.45443044
2022-03-14 11:12:00,105.17,105.21,105.17,105.21,22.7834509
2022-03-14 11:11:00,105.14,105.17,105.16,105.14,37.7809747
2022-03-14 11:10:00,105.08,105.14,105.08,105.14,43.53012167
2022-03-14 11:09:00,105.07,105.15,105.13,105.07,67.48153211
2022-03-14 11:08:00,105.13,105.19,105.18,105.16,7.37601043
2022-03-14 11:07:00,105.13,105.15,105.14,105.13,2.0598965
2022-03-14 11:06:00,105.17,105.22,105.19,105.17,18.85574301
2022-03-14 11:05:00,105.13,105.22,105.13,105.21,40.97717776
2022-03-14 11:04:00,105.16,105.27,105.27,105.16,47.44870604
2022-03-14 11:03:00,105.23,105.3,105.27,105.23,49.64580305
2022-03-14 11:02:00,105.28,105.34,105.3,105.3,25.09590753
2022-03-14 11:01:00,105.27,105.33,105.3,105.27,155.43965546
2022-03-14 11:00:00,105.25,105.34,105.25,105.32,45.47770845
2022-03-14 10:59:00,105.2,105.23,105.2,105.23,5.27954129
2022-03-14 10:58:00,105.2,105.27,105.27,105.23,74.23142585
2022-03-14 10:57:00,105.22,105.27,105.26,105.24,49.25323772
2022-03-14 10:56:00,105.21,105.28,105.21,105.26,61.80736555
2022-03-14 10:55:00,105.15,105.21,105.2,105.18,8.30269168
2022-03-14 10:54:00,105.17,105.19,105.17,105.17,14.67315895
2022-03-14 10:53:00,105.12,105.2,105.17,105.14,36.91519682
2022-03-14 10:52:00,105.18,105.27,105.25,105.2,64.36842068
2022-03-14 10:51:00,105.16,105.24,105.16,105.24,150.08456929
2022-03-14 10:50:00,105.13,105.15,105.13,105.13,41.14188881
2022-03-14 10:49:00,105.06,105.11,105.09,105.06,181.8909478
2022-03-14 10:48:00,105.07,105.13,105.12,105.13,124.14224829
2022-03-14 10:47:00,105.11,105.15,105.12,105.11,94.97326295
2022-03-14 10:46:00,105.06,105.12,105.06,105.11,21.89997447
2022-03-14 10:45:00,105.05,105.13,105.07,105.05,38.62197409
2022-03-14 10:44:00,105.02,105.19,105.08,105.05,226.43129273
2022-03-14 10:43:00,105.05,105.09,105.06,105.09,29.67613151
2022-03-14 10:42:00,105.01,105.09,105.07,105.05,7.19939283
2022-03-14 10:41:00,104.97,105.05,104.97,105.05,23.01226211
2022-03-14 10:40:00,104.94,105.05,105.0,104.94,57.52788472
2022-03-14 10:39:00,105.01,105.09,105.09,105.01,22.71898611
2022-03-14 10:38:00,105.07,105.12,105.12,105.09,57.44308956
2022-03-14 10:37:00,105.11,105.19,105.17,105.13,38.02757286
2022-03-14 10:36:00,105.08,105.2,105.08,105.2,100.13015477
2022-03-14 10:35:00,105.09,105.15,105.12,105.1,137.5035171
2022-03-14 10:34:00,105.06,105.12,105.1,105.12,48.15428831
2022-03-14 10:33:00,105.08,105.1,105.08,105.09,24.27831451
2022-03-14 10:32:00,105.07,105.14,105.14,105.08,124.64548823
2022-03-14 10:31:00,105.1,105.14,105.14,105.14,73.62466917
2022-03-14 10:30:00,105.02,105.14,105.02,105.14,72.2904335
2022-03-14 10:29:00,105.03,105.08,105.03,105.04,225.05608914
2022-03-14 10:28:00,105.01,105.04,105.02,105.02,41.22170677
2022-03-14 10:27:00,104.99,105.04,105.02,105.04,17.37740206
2022-03-14 10:26:00,104.99,105.04,105.01,105.01,93.16170493
2022-03-14 10:25:00,105.01,105.09,105.09,105.01,89.91947031
2022-03-14 10:24:00,104.95,105.07,104.95,105.07,67.20806376
2022-03-14 10:23:00,104.91,104.96,104.93,104.93,90.39836382
2022-03-14 10:22:00,104.96,105.01,105.01,104.96,52.97803208
2022-03-14 10:21:00,105.01,105.04,105.04,105.02,46.23414348
2022-03-14 10:20:00,105.0,105.07,105.02,105.02,203.85471583
2022-03-14 10:19:00,105.01,105.05,105.05,105.03,136.17651925
2022-03-14 10:18:00,105.04,105.15,105.15,105.06,84.16338179
2022-03-14 10:17:00,105.12,105.16,105.16,105.14,53.39918146
2022-03-14 10:16:00,105.06,105.22,105.06,105.2,69.85562436
2022-03-14 10:15:00,105.02,105.07,105.06,105.05,65.79410056
2022-03-14 10:14:00,105.0,105.05,105.03,105.05,23.36488884
2022-03-14 10:13:00,104.97,105.05,104.99,105.02,76.1429689
2022-03-14 10:12:00,104.99,105.05,105.05,105.01,79.33269007
2022-03-14 10:11:00,105.04,105.09,105.06,105.04,74.3600004
2022-03-14 10:10:00,105.02,105.09,105.07,105.05,85.28727402
2022-03-14 10:09:00,105.01,105.07,105.05,105.04,20.93894839
2022-03-14 10:08:00,105.07,105.1,105.09,105.09,25.40554672
2022-03-14 10:07:00,105.07,105.12,105.07,105.08,94.67987287
2022-03-14 10:06:00,105.04,105.12,105.06,105.1,242.73996276
2022-03-14 10:05:00,104.99,105.09,105.02,105.03,38.9350315
2022-03-14 10:04:00,105.04,105.15,105.14,105.04,100.2746443
2022-03-14 10:03:00,105.09,105.16,105.16,105.11,18.41385925
2022-03-14 10:02:00,105.09,105.3,105.22,105.14,434.4336136
2022-03-14 10:01:00,105.22,105.26,105.24,105.24,68.22225512
2022-03-14 10:00:00,105.22,105.32,105.22,105.24,135.37325655
2022-03-14 09:59:00,105.17,105.22,105.19,105.2,41.52962061
2022-03-14 09:58:00,105.18,105.26,105.26,105.22,170.43745606
2022-03-14 09:57:00,105.29,105.47,105.45,105.29,450.10615559
2022-03-14 09:56:00,105.45,105.57,105.5,105.45,743.48956785
2022-03-14 09:55:00,105.29,105.49,105.31,105.4,280.51112662
2022-03-14 09:54:00,105.28,105.3,105.3,105.3,4.35413312
2022-03-14 09:53:00,105.24,105.28,105.25,105.28,108.65408546
2022-03-14 09:52:00,105.22,105.27,105.22,105.22,23.38097116
2022-03-14 09:51:00,105.22,105.27,105.22,105.27,22.6770637
2022-03-14 09:50:00,105.21,105.26,105.24,105.21,211.51797997
2022-03-14 09:49:00,105.22,105.28,105.23,105.24,75.99644827
2022-03-14 09:48:00,105.2,105.26,105.22,105.2,128.43555331
2022-03-14 09:47:00,105.11,105.23,105.11,105.2,58.38043364
2022-03-14 09:46:00,105.12,105.31,105.21,105.16,637.16290122
2022-03-14 09:45:00,105.2,105.31,105.31,105.22,248.83073124
2022-03-14 09:44:00,105.27,105.35,105.33,105.35,94.28434091
2022-03-14 09:43:00,105.18,105.4,105.18,105.33,95.30758512
2022-03-14 09:42:00,105.18,105.26,105.22,105.19,86.33516788
2022-03-14 09:41:00,105.21,105.23,105.22,105.22,21.66104898
2022-03-14 09:40:00,105.21,105.34,105.32,105.23,203.43671768
2022-03-14 09:39:00,105.16,105.34,105.16,105.28,108.19915506
2022-03-14 09:38:00,105.14,105.18,105.14,105.17,23.83715519
2022-03-14 09:37:00,105.02,105.12,105.03,105.11,66.7801794
2022-03-14 09:36:00,105.03,105.07,105.06,105.05,2.34349952
2022-03-14 09:35:00,105.01,105.09,105.07,105.04,189.49145491
2022-03-14 09:34:00,105.01,105.13,105.12,105.1,84.419977
2022-03-14 09:33:00,105.08,105.14,105.08,105.14,16.19200016
2022-03-14 09:32:00,105.07,105.13,105.07,105.09,102.11716943
2022-03-14 09:31:00,104.98,105.08,104.98,105.07,709.61787216
2022-03-14 09:30:00,104.96,105.03,105.03,105.0,71.92905801
2022-03-14 09:29:00,105.01,105.08,105.01,105.04,10.45572138
2022-03-14 09:28:00,104.97,105.04,105.03,105.04,78.47938255
2022-03-14 19:28:00,102.32,102.45,102.4,102.39,79.02086353
2022-03-14 19:27:00,102.38,102.55,102.44,102.4,945.40845539
2022-03-14 19:26:00,102.38,102.45,102.41,102.44,117.69934759
2022-03-14 19:25:00,102.38,102.45,102.4,102.45,59.58675278
2022-03-14 19:24:00,102.35,102.44,102.39,102.41,354.04462074
2022-03-14 19:23:00,102.31,102.4,102.31,102.36,279.25089574
2022-03-14 19:22:00,102.29,102.32,102.3,102.31,25.77802953
2022-03-14 19:21:00,102.29,102.4,102.35,102.31,202.60247662
2022-03-14 19:20:00,102.2,102.36,102.28,102.34,267.91639253
2022-03-14 19:19:00,102.19,102.32,102.23,102.28,40.61940001
2022-03-14 19:18:00,102.23,102.31,102.31,102.23,46.44062981
2022-03-14 19:17:00,102.25,102.42,102.25,102.34,157.36972479
2022-03-14 19:16:00,102.11,102.27,102.14,102.26,31.83014469
2022-03-14 19:15:00,102.15,102.25,102.16,102.17,191.55873104
2022-03-14 19:14:00,102.09,102.17,102.13,102.14,17.4379045
2022-03-14 19:13:00,102.07,102.15,102.07,102.14,116.71824497
2022-03-14 19:12:00,102.01,102.09,102.05,102.07,144.61501047
2022-03-14 19:11:00,101.96,102.04,101.96,102.03,126.69276823
2022-03-14 19:10:00,101.86,102.03,101.89,102.01,118.03040455
2022-03-14 19:09:00,101.89,101.96,101.9,101.93,69.25351866
2022-03-14 19:08:00,101.89,102.04,102.03,101.96,192.83022611
2022-03-14 19:07:00,102.05,102.15,102.11,102.05,63.07295737
2022-03-14 19:06:00,102.05,102.16,102.09,102.15,248.79768065
2022-03-14 19:05:00,102.11,102.18,102.17,102.12,46.94554544
2022-03-14 19:04:00,102.16,102.22,102.17,102.21,172.44046566
2022-03-14 19:03:00,102.15,102.21,102.19,102.18,78.30589235
2022-03-14 19:02:00,102.08,102.24,102.1,102.24,275.59166006
2022-03-14 19:01:00,102.06,102.12,102.06,102.09,114.94583144
2022-03-14 19:00:00,102.02,102.1,102.04,102.07,87.10619623
2022-03-14 18:59:00,101.98,102.14,101.98,102.04,175.83012321
2022-03-14 18:58:00,101.96,102.05,102.03,102.01,1087.99885166
2022-03-14 18:57:00,102.02,102.16,102.09,102.02,208.17622863
2022-03-14 18:56:00,102.07,102.19,102.19,102.09,64.83979567
2022-03-14 18:55:00,101.87,102.23,101.87,102.21,213.69612735
2022-03-14 18:54:00,101.81,101.86,101.86,101.86,51.9801792
2022-03-14 18:53:00,101.78,101.86,101.85,101.84,130.15039961
2022-03-14 18:52:00,101.69,101.85,101.71,101.82,415.90008454
2022-03-14 18:51:00,101.67,101.78,101.71,101.71,447.89538659
2022-03-14 18:50:00,101.64,101.83,101.79,101.69,629.56886569
2022-03-14 18:49:00,101.76,101.9,101.84,101.79,241.45630997
2022-03-14 18:48:00,101.82,101.93,101.89,101.82,713.18894436
2022-03-14 18:47:00,101.84,101.94,101.93,101.87,1062.30601002
2022-03-14 18:46:00,101.84,101.91,101.87,101.89,172.35708855
2022-03-14 18:45:00,101.81,101.9,101.85,101.87,660.13992815
2022-03-14 18:44:00,101.75,101.87,101.84,101.87,172.019489
2022-03-14 18:43:00,101.81,101.88,101.86,101.81,79.18607074
2022-03-14 18:42:00,101.84,101.93,101.91,101.9,91.48573138
2022-03-14 18:41:00,101.86,101.93,101.91,101.89,94.09923582
2022-03-14 18:40:00,101.79,101.95,101.87,101.95,485.58820515
2022-03-14 18:39:00,101.82,101.89,101.86,101.88,49.9047337
2022-03-14 18:38:00,101.8,101.92,101.91,101.86,57.70768116
2022-03-14 18:37:00,101.78,101.92,101.9,101.9,306.87756101
2022-03-14 18:36:00,101.86,101.93,101.93,101.89,157.97597444
2022-03-14 18:35:00,101.91,102.04,102.02,101.91,108.0450381
2022-03-14 18:34:00,101.91,102.02,101.97,102.02,106.3884022
2022-03-14 18:33:00,101.83,101.96,101.95,101.94,209.17352036
2022-03-14 18:32:00,101.89,101.97,101.89,101.95,170.57568501
2022-03-14 18:31:00,101.68,101.89,101.68,101.89,262.7651762
2022-03-14 18:30:00,101.68,101.91,101.91,101.68,288.75256264
2022-03-14 18:29:00,101.84,101.94,101.87,101.94,318.0256654
2022-03-14 18:28:00,101.88,101.98,101.94,101.9,52.87245168
2022-03-14 18:27:00,101.94,102.08,102.03,101.96,285.0378056
2022-03-14 18:26:00,101.96,102.02,102.0,102.02,124.36365257
2022-03-14 18:25:00,101.95,102.18,102.16,102.0,241.33142621
2022-03-14 18:24:00,102.14,102.29,102.29,102.14,145.14012769
2022-03-14 18:23:00,102.13,102.31,102.31,102.29,235.94307409
2022-03-14 18:22:00,102.26,102.36,102.31,102.32,158.90024666
2022-03-14 18:21:00,102.27,102.4,102.4,102.27,46.59603728
2022-03-14 18:20:00,102.35,102.44,102.36,102.4,153.85119315
2022-03-14 18:19:00,102.25,102.4,102.32,102.35,319.18383928
2022-03-14 18:18:00,102.29,102.34,102.32,102.32,38.43761026
2022-03-14 18:17:00,102.28,102.32,102.3,102.31,218.39118527
2022-03-14 18:16:00,102.25,102.35,102.33,102.3,376.5774308
2022-03-14 18:15:00,102.32,102.4,102.39,102.33,35.70882836
2022-03-14 18:14:00,102.32,102.41,102.32,102.37,120.14463146
2022-03-14 18:13:00,102.33,102.46,102.46,102.33,74.4144329
2022-03-14 18:12:00,102.46,102.48,102.46,102.46,111.13714186
2022-03-14 18:11:00,102.4,102.45,102.42,102.44,73.97188779
2022-03-14 18:10:00,102.45,102.5,102.47,102.45,63.05795097
2022-03-14 18:09:00,102.42,102.48,102.44,102.48,120.87935915
2022-03-14 18:08:00,102.34,102.49,102.34,102.43,123.05211005
2022-03-14 18:07:00,102.34,102.39,102.35,102.37,73.76675637
2022-03-14 18:06:00,102.34,102.42,102.39,102.36,517.8484316
2022-03-14 18:05:00,102.35,102.4,102.38,102.36,168.23764633
2022-03-14 18:04:00,102.31,102.38,102.36,102.34,177.92654192
2022-03-14 18:03:00,102.32,102.37,102.32,102.37,139.30413946
2022-03-14 18:02:00,102.26,102.38,102.37,102.32,341.22085895
2022-03-14 18:01:00,102.32,102.41,102.41,102.37,1384.39779479
2022-03-14 18:00:00,102.37,102.46,102.4,102.38,62.43098307
2022-03-14 17:59:00,102.4,102.51,102.43,102.4,93.00018688
2022-03-14 17:58:00,102.43,102.54,102.48,102.48,125.73023035
2022-03-14 17:57:00,102.41,102.52,102.52,102.49,112.1794055
2022-03-14 17:56:00,102.52,102.63,102.59,102.53,86.56661146
2022-03-14 17:55:00,102.54,102.62,102.58,102.59,162.29908069
2022-03-14 17:54:00,102.56,102.63,102.61,102.57,27.51676097
2022-03-14 17:53:00,102.55,102.63,102.6,102.62,138.94896469
2022-03-14 17:52:00,102.54,102.62,102.54,102.6,383.57332325
2022-03-14 17:51:00,102.48,102.56,102.48,102.54,30.02802635
2022-03-14 17:50:00,102.37,102.53,102.42,102.53,95.53590864
2022-03-14 17:49:00,102.37,102.51,102.43,102.39,75.73879201
2022-03-14 17:48:00,102.35,102.45,102.35,102.4,105.7348503
2022-03-14 17:47:00,102.34,102.48,102.46,102.34,53.62216971
2022-03-14 17:46:00,102.47,102.6,102.54,102.47,80.28724036
2022-03-14 17:45:00,102.31,102.64,102.33,102.58,218.40070927
2022-03-14 17:44:00,102.27,102.36,102.3,102.33,117.65474313
2022-03-14 17:43:00,102.25,102.36,102.3,102.32,271.24562202
2022-03-14 17:42:00,102.29,102.38,102.38,102.31,72.80446371
2022-03-14 17:41:00,102.32,102.41,102.38,102.4,234.9618186
2022-03-14 17:40:00,102.35,102.41,102.35,102.37,384.76901902
2022-03-14 17:39:00,102.26,102.39,102.28,102.39,79.11707104
2022-03-14 17:38:00,102.2,102.31,102.24,102.28,171.72537823
2022-03-14 17:37:00,102.21,102.33,102.24,102.21,222.64350202
2022-03-14 17:36:00,102.12,102.42,102.38,102.24,193.92242387
2022-03-14 17:35:00,102.15,102.33,102.21,102.32,157.66837286
2022-03-14 17:34:00,101.98,102.49,102.49,102.22,396.21902999
2022-03-14 17:33:00,102.47,102.61,102.5,102.5,147.1294452
2022-03-14 17:32:00,102.42,102.75,102.72,102.51,257.33611256
2022-03-14 17:31:00,102.65,102.81,102.79,102.69,241.32105204
2022-03-14 17:30:00,102.61,102.77,102.7,102.77,174.84656858
2022-03-14 17:29:00,102.44,102.64,102.53,102.64,489.54167765
2022-03-14 17:28:00,102.55,102.66,102.65,102.55,106.25921717
2022-03-14 17:27:00,102.57,102.7,102.64,102.69,185.41432361
2022-03-14 17:26:00,102.54,102.62,102.61,102.59,165.3910682
2022-03-14 17:25:00,102.5,102.69,102.69,102.57,299.81255492
2022-03-14 17:24:00,102.49,102.66,102.56,102.66,164.31455743
2022-03-14 17:23:00,102.51,102.58,102.56,102.58,106.79335936
2022-03-14 17:22:00,102.54,102.7,102.7,102.55,351.39193954
2022-03-14 17:21:00,102.56,102.72,102.58,102.72,518.78980133
2022-03-14 17:20:00,102.58,102.95,102.95,102.58,2752.71252799
2022-03-14 17:19:00,102.93,103.02,102.96,102.95,386.98408712
2022-03-14 17:18:00,102.91,103.09,103.0,102.96,1124.30148823
2022-03-14 17:17:00,103.0,103.11,103.11,103.0,235.91216339
2022-03-14 17:16:00,103.01,103.13,103.07,103.1,563.83366931
2022-03-14 17:15:00,103.09,103.26,103.26,103.09,712.28094817
2022-03-14 17:14:00,103.21,103.35,103.33,103.27,1374.57994045
2022-03-14 17:13:00,103.27,103.35,103.32,103.3,185.52883313
2022-03-14 17:12:00,103.3,103.39,103.32,103.31,90.92104109
2022-03-14 17:11:00,103.25,103.35,103.28,103.35,208.94242077
2022-03-14 17:10:00,103.2,103.32,103.2,103.3,165.07903552
2022-03-14 17:09:00,103.09,103.2,103.19,103.2,401.02658827
2022-03-14 17:08:00,103.16,103.3,103.28,103.18,1303.28540374
2022-03-14 17:07:00,103.25,103.32,103.25,103.27,137.15148776
2022-03-14 17:06:00,103.06,103.26,103.23,103.26,286.07094517
2022-03-14 17:05:00,103.21,103.36,103.31,103.23,210.32072051
2022-03-14 17:04:00,103.17,103.32,103.28,103.28,44.74369945
2022-03-14 17:03:00,103.15,103.37,103.33,103.3,298.03028372
2022-03-14 17:02:00,103.31,103.71,103.7,103.36,490.44233816
2022-03-14 17:01:00,103.7,103.79,103.79,103.72,30.71349028
2022-03-14 17:00:00,103.76,103.79,103.77,103.79,53.51017736
2022-03-14 16:59:00,103.75,103.9,103.9,103.75,94.87354174
2022-03-14 16:58:00,103.86,103.9,103.9,103.89,40.88257646
2022-03-14 16:57:00,103.85,103.9,103.89,103.89,262.04795898
2022-03-14 16:56:00,103.89,103.94,103.93,103.89,15.88875818
2022-03-14 16:55:00,103.91,103.99,103.99,103.92,8.75003324
2022-03-14 16:54:00,103.97,104.03,104.03,103.97,15.26874172
2022-03-14 16:53:00,103.96,104.02,104.01,104.01,235.5285455
2022-03-14 16:52:00,103.99,104.09,104.09,104.02,360.47919292
2022-03-14 16:51:00,104.09,104.19,104.19,104.09,98.37939025
2022-03-14 16:50:00,104.17,104.23,104.21,104.2,238.32387801
2022-03-14 16:49:00,104.15,104.23,104.17,104.17,165.41212735
2022-03-14 16:48:00,104.15,104.23,104.19,104.17,67.92173841
2022-03-14 16:47:00,104.24,104.31,104.3,104.26,374.98529396
2022-03-14 16:46:00,104.3,104.36,104.34,104.36,112.72865006
2022-03-14 16:45:00,104.31,104.36,104.31,104.34,4.50641556
2022-03-14 16:44:00,104.29,104.41,104.39,104.31,75.1793632
2022-03-14 16:43:00,104.36,104.39,104.38,104.39,22.64820752
2022-03-14 16:42:00,104.38,104.43,104.38,104.4,140.33634795
2022-03-14 16:41:00,104.32,104.39,104.36,104.39,64.11142815
2022-03-14 16:40:00,104.31,104.4,104.31,104.37,101.38157372
2022-03-14 16:39:00,104.31,104.37,104.36,104.31,70.47231469
2022-03-14 16:38:00,104.3,104.41,104.36,104.35,75.82257632
2022-03-14 16:37:00,104.35,104.4,104.39,104.39,33.95312432
2022-03-14 16:36:00,104.3,104.36,104.34,104.36,104.27773648
2022-03-14 16:35:00,104.31,104.4,104.38,104.34,54.97559351
2022-03-14 16:34:00,104.31,104.39,104.36,104.35,32.74509773
2022-03-14 16:33:00,104.35,104.41,104.35,104.35,230.12519521
2022-03-14 16:32:00,104.32,104.37,104.33,104.35,138.75599266
2022-03-14 16:31:00,104.28,104.33,104.3,104.33,60.93059727
2022-03-14 16:30:00,104.32,104.48,104.45,104.32,128.75495525
2022-03-14 16:29:00,104.43,104.54,104.43,104.48,110.0486013
2022-03-14 16:28:00,104.36,104.44,104.39,104.43,211.13950204
2022-03-14 16:27:00,104.32,104.41,104.35,104.36,97.09821092
2022-03-14 16:26:00,104.32,104.41,104.41,104.36,42.14941926
2022-03-14 16:25:00,104.28,104.43,104.3,104.43,138.22432985
2022-03-14 16:24:00,104.29,104.38,104.35,104.29,155.16537551
2022-03-14 16:23:00,104.32,104.39,104.35,104.39,56.75183453
2022-03-14 16:22:00,104.27,104.36,104.27,104.35,49.62207893
2022-03-14 16:21:00,104.19,104.25,104.21,104.22,296.60411958
2022-03-14 16:20:00,104.19,104.25,104.2,104.24,114.08036627
2022-03-14 16:19:00,104.11,104.27,104.11,104.23,262.17753514
2022-03-14 16:18:00,104.07,104.11,104.11,104.11,212.84605169
2022-03-14 16:17:00,104.07,104.13,104.07,104.09,260.00414401
2022-03-14 16:16:00,104.0,104.11,104.1,104.04,384.33476008
2022-03-14 16:15:00,104.06,104.13,104.07,104.07,76.29068441
2022-03-14 16:14:00,104.04,104.11,104.11,104.07,135.8162682
2022-03-14 16:13:00,104.08,104.21,104.2,104.1,213.86269036
2022-03-14 16:12:00,104.17,104.25,104.25,104.2,214.73471438
2022-03-14 16:11:00,104.14,104.23,104.14,104.22,186.56143638
2022-03-14 16:10:00,104.16,104.19,104.16,104.17,6.48705037
2022-03-14 16:09:00,104.15,104.28,104.28,104.17,113.76326245
2022-03-14 16:08:00,104.26,104.31,104.28,104.26,104.66570927
2022-03-14 16:07:00,104.2,104.32,104.2,104.32,19.33955583
2022-03-14 16:06:00,104.12,104.22,104.13,104.17,277.79179444
2022-03-14 16:05:00,104.12,104.19,104.12,104.12,66.26292467
2022-03-14 16:04:00,104.14,104.28,104.23,104.14,43.23778677
2022-03-14 16:03:00,104.29,104.32,104.31,104.29,44.40897224
2022-03-14 16:02:00,104.26,104.35,104.32,104.29,186.72901817
2022-03-14 16:01:00,104.23,104.33,104.25,104.32,331.86936534
2022-03-14 16:00:00,104.22,104.27,104.25,104.22,73.67047121
2022-03-14 15:59:00,104.18,104.27,104.2,104.27,192.19374475
2022-03-14 15:58:00,104.09,104.19,104.11,104.19,94.50810693
2022-03-14 15:57:00,104.08,104.16,104.11,104.12,326.80223991
2022-03-14 15:56:00,104.09,104.15,104.11,104.15,87.47601571
2022-03-14 15:55:00,104.05,104.19,104.19,104.1,1854.87007402
2022-03-14 15:54:00,104.14,104.23,104.14,104.23,139.44521676
2022-03-14 15:53:00,104.04,104.13,104.05,104.13,87.83266781
2022-03-14 15:52:00,104.09,104.16,104.13,104.11,74.77705383
2022-03-14 15:51:00,104.1,104.17,104.11,104.14,66.66855014
2022-03-14 15:50:00,103.97,104.17,104.1,104.12,298.94771885
2022-03-14 15:49:00,103.74,104.14,103.78,104.07,574.8689955
2022-03-14 15:48:00,103.76,104.13,104.13,103.76,429.65498192
2022-03-14 15:47:00,104.14,104.23,104.21,104.18,312.51846559
2022-03-14 15:46:00,104.16,104.25,104.2,104.19,52.46407952
2022-03-14 15:45:00,104.16,104.32,104.31,104.2,158.43889524
2022-03-14 15:44:00,104.27,104.31,104.28,104.29,57.44977169
2022-03-14 15:43:00,104.31,104.52,104.52,104.31,107.11738249
2022-03-14 15:42:00,104.44,104.57,104.47,104.52,175.41893344
2022-03-14 15:41:00,104.42,104.47,104.45,104.47,64.57677181
2022-03-14 15:40:00,104.44,104.54,104.5,104.49,147.7056272
2022-03-14 15:39:00,104.49,104.56,104.53,104.51,65.52107297
2022-03-14 15:38:00,104.42,104.56,104.42,104.5,118.08757569
2022-03-14 15:37:00,104.43,104.62,104.62,104.47,303.24411128
2022-03-14 15:36:00,104.56,104.69,104.69,104.62,299.46421519
2022-03-14 15:35:00,104.64,104.71,104.69,104.69,34.29760492
2022-03-14 15:34:00,104.65,104.72,104.67,104.7,161.44351589
2022-03-14 15:33:00,104.6,104.67,104.65,104.67,53.2823152
2022-03-14 15:32:00,104.59,104.67,104.62,104.67,104.38863915
2022-03-14 15:31:00,104.6,104.71,104.71,104.6,96.71972597
2022-03-14 15:30:00,104.69,104.76,104.73,104.74,53.18567949
2022-03-14 15:29:00,104.64,104.74,104.68,104.72,83.499053
2022-03-14 15:28:00,104.7,104.81,104.76,104.7,18.16497153
2022-03-14 15:27:00,104.76,104.82,104.82,104.79,53.0960447
2022-03-14 15:26:00,104.77,104.85,104.82,104.83,98.62058508
2022-03-14 15:25:00,104.78,104.84,104.81,104.82,75.39051248
2022-03-14 15:24:00,104.79,104.85,104.79,104.81,152.43044178
2022-03-14 15:23:00,104.77,104.83,104.8,104.79,77.46646182
2022-03-14 15:22:00,104.78,104.83,104.83,104.81,5.30768496
2022-03-14 15:21:00,104.78,104.83,104.79,104.81,120.06158178
2022-03-14 15:20:00,104.76,104.83,104.83,104.8,73.04775968
2022-03-14 15:19:00,104.79,104.87,104.8,104.82,48.11088945
2022-03-14 15:18:00,104.75,104.9,104.89,104.85,78.61461124
2022-03-14 15:17:00,104.83,104.89,104.86,104.89,6.63532579
2022-03-14 15:16:00,104.86,104.93,104.93,104.89,43.77750336
2022-03-14 15:15:00,104.88,104.94,104.88,104.93,73.58501813
2022-03-14 15:14:00,104.84,104.96,104.96,104.88,67.71866093
2022-03-14 15:13:00,104.96,105.03,105.02,104.98,62.72342124
2022-03-14 15:12:00,104.98,105.09,105.07,104.98,86.41620842
2022-03-14 15:11:00,104.98,105.07,105.05,105.07,120.29961232
2022-03-14 15:10:00,105.03,105.13,105.03,105.07,58.64282387
2022-03-14 15:09:00,104.92,105.02,104.92,105.0,117.47901319
2022-03-14 15:08:00,104.86,104.97,104.88,104.92,22.34459763
2022-03-14 15:07:00,104.82,104.97,104.85,104.97,88.1872018
2022-03-14 15:06:00,104.85,105.02,104.98,104.86,78.30647461
2022-03-14 15:05:00,104.99,105.08,105.02,105.02,140.73467039
2022-03-14 15:04:00,104.92,105.0,104.94,105.0,49.36957947
2022-03-14 15:03:00,104.9,105.0,105.0,104.92,103.22706102
2022-03-14 15:02:00,104.97,105.13,105.13,105.01,321.33071895
2022-03-14 15:01:00,105.09,105.15,105.1,105.12,87.52566808
2022-03-14 15:00:00,105.1,105.21,105.19,105.1,83.96201522
2022-03-14 14:59:00,105.07,105.17,105.1,105.13,18.1771158
2022-03-14 14:58:00,105.01,105.11,105.05,105.09,115.54045772
2022-03-14 14:57:00,104.99,105.06,105.0,104.99,227.11871768
2022-03-14 14:56:00,104.99,105.05,105.04,105.0,169.35296787
2022-03-14 14:55:00,104.78,104.93,104.81,104.93,114.15942951
2022-03-14 14:54:00,104.78,104.87,104.78,104.81,160.67055867
2022-03-14 14:53:00,104.75,104.83,104.81,104.8,86.05985888
2022-03-14 14:52:00,104.78,104.88,104.78,104.82,65.93365792
2022-03-14 14:51:00,104.6,104.83,104.62,104.83,222.68482605
2022-03-14 14:50:00,104.56,104.74,104.72,104.61,341.58055822
2022-03-14 14:49:00,104.7,104.77,104.77,104.72,39.13709648
2022-03-14 14:48:00,104.69,104.78,104.78,104.72,51.99959915
2022-03-14 14:47:00,104.67,104.76,104.72,104.76,152.95551868
2022-03-14 14:46:00,104.54,104.7,104.55,104.7,53.3475443
2022-03-14 14:45:00,104.49,104.66,104.6,104.54,117.02254455
2022-03-14 14:44:00,104.43,104.61,104.6,104.61,162.50370124
2022-03-14 14:43:00,104.53,104.62,104.54,104.6,100.80986622
2022-03-14 14:42:00,104.43,104.66,104.66,104.53,264.95409277
2022-03-14 14:41:00,104.66,104.76,104.76,104.66,291.9318795
2022-03-14 14:40:00,104.78,104.92,104.9,104.78,130.53904755
2022-03-14 14:39:00,104.84,104.88,104.85,104.84,20.8852197
2022-03-14 14:38:00,104.82,104.94,104.94,104.82,120.23159406
2022-03-14 14:37:00,104.87,104.97,104.97,104.93,91.92034787
2022-03-14 14:36:00,104.94,105.05,104.96,104.97,204.07391038
2022-03-14 14:35:00,104.92,104.99,104.92,104.95,25.3099995
2022-03-14 14:34:00,104.84,104.94,104.84,104.89,165.31479878
2022-03-14 14:33:00,104.79,104.86,104.83,104.86,384.00431164
2022-03-14 14:32:00,104.79,104.89,104.85,104.79,82.43624819
2022-03-14 14:31:00,104.79,104.88,104.84,104.84,381.40613567
2022-03-14 14:30:00,104.79,104.87,104.87,104.82,100.69483007
2022-03-14 14:29:00,104.85,104.91,104.86,104.91,41.22289191
2022-03-14 14:28:00,104.86,104.96,104.89,104.9,110.99173101
2022-03-15 00:28:00,105.3,105.36,105.36,105.35,17.33090027
2022-03-15 00:27:00,105.31,105.39,105.37,105.36,72.23160377
2022-03-15 00:26:00,105.29,105.41,105.29,105.37,89.38772958
2022-03-15 00:25:00,105.28,105.37,105.33,105.31,120.90064233
2022-03-15 00:24:00,105.25,105.34,105.27,105.31,139.12790882
2022-03-15 00:23:00,105.16,105.28,105.16,105.28,107.93336378
2022-03-15 00:22:00,105.11,105.17,105.11,105.13,235.77383296
2022-03-15 00:21:00,104.99,105.09,104.99,105.09,128.65934738
2022-03-15 00:20:00,104.94,105.16,105.12,104.96,70.81040522
2022-03-15 00:19:00,105.05,105.19,105.17,105.09,59.90276572
2022-03-15 00:18:00,105.02,105.18,105.1,105.17,109.99923577
2022-03-15 00:17:00,104.97,105.12,104.97,105.1,113.1282845
2022-03-15 00:16:00,104.83,105.0,104.94,104.93,251.65230615
2022-03-15 00:15:00,104.84,105.08,105.08,104.96,509.57726123
2022-03-15 00:14:00,105.05,105.35,105.33,105.05,357.57989595
2022-03-15 00:13:00,105.32,105.51,105.49,105.32,279.04135895
2022-03-15 00:12:00,105.43,105.51,105.5,105.5,43.38073523
2022-03-15 00:11:00,105.45,105.54,105.54,105.51,84.56787694
2022-03-15 00:10:00,105.4,105.51,105.5,105.51,71.80103305
2022-03-15 00:09:00,105.43,105.52,105.45,105.52,281.42704595
2022-03-15 00:08:00,105.39,105.5,105.49,105.43,189.20591238
2022-03-15 00:07:00,105.48,105.54,105.51,105.5,150.40993407
2022-03-15 00:06:00,105.35,105.5,105.43,105.5,288.89414832
2022-03-15 00:05:00,105.36,105.61,105.59,105.46,956.45178897
2022-03-15 00:04:00,105.48,105.69,105.68,105.6,494.38554847
2022-03-15 00:03:00,105.67,105.95,105.8,105.71,763.39209664
2022-03-15 00:02:00,105.62,105.87,105.69,105.75,346.03038907
2022-03-15 00:01:00,105.58,105.75,105.58,105.71,303.84475946
2022-03-15 00:00:00,105.5,105.71,105.58,105.6,1578.40333528
2022-03-14 23:59:00,105.57,105.73,105.7,105.58,128.41901001
2022-03-14 23:58:00,105.7,105.76,105.75,105.7,42.20220701
2022-03-14 23:57:00,105.72,105.8,105.72,105.74,107.87206394
2022-03-14 23:56:00,105.67,105.75,105.72,105.72,94.02679426
2022-03-14 23:55:00,105.6,105.73,105.62,105.71,275.11583102
2022-03-14 23:54:00,105.57,105.64,105.63,105.62,54.57241578
2022-03-14 23:53:00,105.6,105.67,105.67,105.65,54.53489441
2022-03-14 23:52:00,105.59,105.69,105.59,105.66,87.69010079
2022-03-14 23:51:00,105.5,105.61,105.5,105.6,157.36613113
2022-03-14 23:50:00,105.5,105.59,105.55,105.52,106.27339713
2022-03-14 23:49:00,105.56,105.62,105.57,105.57,129.48430842
2022-03-14 23:48:00,105.53,105.61,105.56,105.53,72.56384006
2022-03-14 23:47:00,105.55,105.63,105.58,105.58,83.1583786
2022-03-14 23:46:00,105.41,105.58,105.43,105.58,22.58278783
2022-03-14 23:45:00,105.4,105.56,105.53,105.4,288.2366885
2022-03-14 23:44:00,105.47,105.71,105.67,105.49,217.34506547
2022-03-14 23:43:00,105.63,105.69,105.69,105.68,95.10388204
2022-03-14 23:42:00,105.62,105.71,105.63,105.71,147.23770359
2022-03-14 23:41:00,105.6,105.67,105.62,105.63,123.22832707
2022-03-14 23:40:00,105.6,105.66,105.62,105.61,254.99936825
2022-03-14 23:39:00,105.6,105.68,105.67,105.62,116.1907386
2022-03-14 23:38:00,105.56,105.65,105.56,105.65,120.57854086
2022-03-14 23:37:00,105.54,105.65,105.57,105.54,29.62768797
2022-03-14 23:36:00,105.61,105.76,105.71,105.63,71.73224677
2022-03-14 23:35:00,105.7,105.78,105.78,105.76,173.9472431
2022-03-14 23:34:00,105.69,105.86,105.86,105.78,119.20101962
2022-03-14 23:33:00,105.69,105.87,105.7,105.87,183.07853849
2022-03-14 23:32:00,105.63,105.77,105.77,105.71,110.51536355
2022-03-14 23:31:00,105.77,105.82,105.82,105.8,8.01751931
2022-03-14 23:30:00,105.79,105.91,105.89,105.81,149.55388111
2022-03-14 23:29:00,105.74,105.89,105.74,105.87,56.87373802
2022-03-14 23:28:00,105.64,105.74,105.73,105.73,328.55098071
2022-03-14 23:27:00,105.7,105.73,105.73,105.72,20.9201405
2022-03-14 23:26:00,105.7,105.75,105.75,105.7,46.49196606
2022-03-14 23:25:00,105.67,105.82,105.74,105.74,483.46661413
2022-03-14 23:24:00,105.69,105.79,105.73,105.74,92.51281502
2022-03-14 23:23:00,105.57,105.8,105.58,105.69,385.93995712
2022-03-14 23:22:00,105.5,105.59,105.53,105.59,178.83611606
2022-03-14 23:21:00,105.5,105.58,105.55,105.5,43.04776392
2022-03-14 23:20:00,105.53,105.6,105.57,105.59,15.93610824
2022-03-14 23:19:00,105.46,105.56,105.52,105.51,139.4412535
2022-03-14 23:18:00,105.55,105.7,105.68,105.56,111.80321046
2022-03-14 23:17:00,105.57,105.69,105.59,105.68,93.31391539
2022-03-14 23:16:00,105.56,105.73,105.7,105.57,574.52257799
2022-03-14 23:15:00,105.64,105.76,105.73,105.7,690.46995639
2022-03-14 23:14:00,105.56,105.79,105.59,105.72,1087.8395095
2022-03-14 23:13:00,105.44,105.67,105.44,105.64,211.55440089
2022-03-14 23:12:00,105.43,105.52,105.44,105.48,167.38878878
2022-03-14 23:11:00,105.34,105.48,105.36,105.46,384.26381645
2022-03-14 23:10:00,105.26,105.39,105.39,105.36,201.06303968
2022-03-14 23:09:00,105.34,105.39,105.37,105.37,48.02649301
2022-03-14 23:08:00,105.23,105.37,105.31,105.36,111.82293135
2022-03-14 23:07:00,105.32,105.44,105.34,105.32,39.76942739
2022-03-14 23:06:00,105.35,105.51,105.49,105.37,127.33091392
2022-03-14 23:05:00,105.4,105.52,105.4,105.52,109.09201754
2022-03-14 23:04:00,105.3,105.42,105.38,105.39,72.41331167
2022-03-14 23:03:00,105.15,105.38,105.15,105.38,272.91512379
2022-03-14 23:02:00,104.94,105.15,104.94,105.15,109.36349792
2022-03-14 23:01:00,104.97,105.21,105.11,104.97,331.39904945
2022-03-14 23:00:00,104.98,105.11,104.98,105.11,198.34611549
2022-03-14 22:59:00,104.79,104.96,104.87,104.93,193.57647274
2022-03-14 22:58:00,104.86,104.97,104.95,104.87,124.23174976
2022-03-14 22:57:00,104.89,105.01,104.89,104.95,137.65049752
2022-03-14 22:56:00,104.79,104.89,104.83,104.83,135.63979946
2022-03-14 22:55:00,104.78,104.96,104.84,104.87,270.47141313
2022-03-14 22:54:00,104.77,105.12,104.92,104.78,270.47102831
2022-03-14 22:53:00,104.8,105.2,105.19,104.93,612.87047727
2022-03-14 22:52:00,105.05,105.62,105.62,105.14,261.62064797
2022-03-14 22:51:00,105.59,106.06,105.93,105.61,460.00423986
2022-03-14 22:50:00,105.84,106.4,105.92,106.01,1002.82393143
2022-03-14 22:49:00,105.07,106.12,105.07,105.99,3386.16590874
2022-03-14 22:48:00,104.4,105.07,104.44,105.07,2350.78302968
2022-03-14 22:47:00,104.36,104.52,104.52,104.44,138.29637644
2022-03-14 22:46:00,104.44,104.52,104.48,104.51,85.57677863
2022-03-14 22:45:00,104.42,104.54,104.52,104.48,110.69518248
2022-03-14 22:44:00,104.37,104.52,104.41,104.52,139.56538445
2022-03-14 22:43:00,104.42,104.58,104.5,104.42,220.91439128
2022-03-14 22:42:00,104.35,104.53,104.43,104.49,175.40841928
2022-03-14 22:41:00,104.39,104.47,104.47,104.42,182.3817714
2022-03-14 22:40:00,104.37,104.47,104.44,104.47,177.35890702
2022-03-14 22:39:00,104.38,104.45,104.4,104.44,197.78479853
2022-03-14 22:38:00,104.36,104.45,104.45,104.44,105.24134561
2022-03-14 22:37:00,104.39,104.51,104.46,104.45,261.86456779
2022-03-14 22:36:00,104.38,104.46,104.38,104.44,23.17683395
2022-03-14 22:35:00,104.39,104.46,104.45,104.44,106.34179526
2022-03-14 22:34:00,104.37,104.44,104.4,104.44,104.35261752
2022-03-14 22:33:00,104.36,104.45,104.45,104.4,85.12687631
2022-03-14 22:32:00,104.29,104.44,104.3,104.44,199.80224062
2022-03-14 22:31:00,104.22,104.31,104.25,104.3,190.08098082
2022-03-14 22:30:00,104.19,104.27,104.25,104.25,90.7950235
2022-03-14 22:29:00,104.22,104.45,104.38,104.29,359.43224208
2022-03-14 22:28:00,104.24,104.38,104.29,104.38,54.36972402
2022-03-14 22:27:00,104.19,104.28,104.27,104.26,170.26168782
2022-03-14 22:26:00,104.24,104.3,104.26,104.29,33.45359023
2022-03-14 22:25:00,104.22,104.29,104.23,104.22,60.17241942
2022-03-14 22:24:00,104.22,104.29,104.26,104.29,97.5317522
2022-03-14 22:23:00,104.23,104.4,104.33,104.29,100.54362207
2022-03-14 22:22:00,104.29,104.4,104.31,104.33,298.93460117
2022-03-14 22:21:00,104.13,104.46,104.14,104.35,349.71459405
2022-03-14 22:20:00,103.93,104.13,104.01,104.13,184.21454358
2022-03-14 22:19:00,103.97,104.04,103.97,104.01,146.6972831
2022-03-14 22:18:00,103.89,103.97,103.9,103.97,153.89482438
2022-03-14 22:17:00,103.89,104.07,104.05,103.92,374.99237451
2022-03-14 22:16:00,104.05,104.11,104.07,104.08,68.52255331
2022-03-14 22:15:00,104.07,104.24,104.13,104.07,91.45615254
2022-03-14 22:14:00,104.0,104.1,104.0,104.1,83.34500126
2022-03-14 22:13:00,103.98,104.12,104.12,104.06,128.99903901
2022-03-14 22:12:00,104.03,104.16,104.16,104.15,118.74953597
2022-03-14 22:11:00,103.73,104.22,103.74,104.14,263.85680848
2022-03-14 22:10:00,103.54,103.8,103.58,103.75,234.56982993
2022-03-14 22:09:00,103.55,103.64,103.64,103.55,189.25663783
2022-03-14 22:08:00,103.47,103.64,103.63,103.64,106.39757121
2022-03-14 22:07:00,103.57,103.63,103.57,103.63,41.50164162
2022-03-14 22:06:00,103.53,103.63,103.61,103.62,223.84292084
2022-03-14 22:05:00,103.55,103.72,103.55,103.63,1000.48832733
2022-03-14 22:04:00,103.54,103.58,103.57,103.54,8.53319394
2022-03-14 22:03:00,103.45,103.57,103.47,103.57,70.96229825
2022-03-14 22:02:00,103.4,103.48,103.48,103.46,74.85567664
2022-03-14 22:01:00,103.32,103.48,103.36,103.48,32.59245555
2022-03-14 22:00:00,103.33,103.41,103.37,103.39,17.04168692
2022-03-14 21:59:00,103.37,103.41,103.4,103.4,7.50709275
2022-03-14 21:58:00,103.32,103.38,103.36,103.37,20.17464062
2022-03-14 21:57:00,103.31,103.37,103.34,103.36,29.84074414
2022-03-14 21:56:00,103.26,103.35,103.31,103.35,78.96277008
2022-03-14 21:55:00,103.27,103.34,103.34,103.31,123.78066027
2022-03-14 21:54:00,103.33,103.36,103.36,103.34,153.40634908
2022-03-14 21:53:00,103.32,103.36,103.36,103.36,24.52002183
2022-03-14 21:52:00,103.3,103.36,103.31,103.33,24.75750201
2022-03-14 21:51:00,103.31,103.36,103.32,103.34,31.34974332
2022-03-14 21:50:00,103.28,103.36,103.36,103.35,36.30643471
2022-03-14 21:49:00,103.31,103.36,103.35,103.35,7.5422432
2022-03-14 21:48:00,103.31,103.36,103.36,103.36,17.24159891
2022-03-14 21:47:00,103.29,103.39,103.34,103.36,12.91382708
2022-03-14 21:46:00,103.19,103.34,103.2,103.32,219.07410159
2022-03-14 21:45:00,103.21,103.3,103.29,103.24,46.35312929
2022-03-14 21:44:00,103.28,103.35,103.35,103.29,231.60363483
2022-03-14 21:43:00,103.31,103.34,103.33,103.33,170.91249633
2022-03-14 21:42:00,103.32,103.39,103.39,103.33,56.96758724
2022-03-14 21:41:00,103.37,103.4,103.39,103.39,26.00066382
2022-03-14 21:40:00,103.38,103.53,103.52,103.4,29.62838176
2022-03-14 21:39:00,103.48,103.54,103.5,103.5,91.0146608
2022-03-14 21:38:00,103.52,103.66,103.66,103.52,136.55855065
2022-03-14 21:37:00,103.6,103.75,103.71,103.69,860.02824981
2022-03-14 21:36:00,103.7,103.75,103.73,103.75,14.97217754
2022-03-14 21:35:00,103.71,103.75,103.72,103.71,23.53087938
2022-03-14 21:34:00,103.72,103.75,103.73,103.75,83.22919247
2022-03-14 21:33:00,103.72,103.74,103.74,103.72,116.27990005
2022-03-14 21:32:00,103.73,103.74,103.74,103.73,51.63395248
2022-03-14 21:31:00,103.74,103.81,103.8,103.74,61.00831631
2022-03-14 21:30:00,103.77,103.81,103.81,103.79,52.97039993
2022-03-14 21:29:00,103.77,103.81,103.78,103.81,15.74852335
2022-03-14 21:28:00,103.43,103.83,103.67,103.79,6232.69686411
2022-03-14 21:27:00,103.63,103.69,103.66,103.65,235.74096897
2022-03-14 21:26:00,103.58,103.68,103.6,103.66,264.18557062
2022-03-14 21:25:00,103.52,103.6,103.57,103.58,411.74606564
2022-03-14 21:24:00,103.51,103.59,103.53,103.53,460.31457029
2022-03-14 21:23:00,103.46,103.56,103.56,103.52,883.37914381
2022-03-14 21:22:00,103.53,103.6,103.56,103.57,629.88363688
2022-03-14 21:21:00,103.5,103.65,103.5,103.56,895.37815281
2022-03-14 21:20:00,103.22,103.52,103.22,103.51,695.16625996
2022-03-14 21:19:00,103.12,103.27,103.27,103.24,1133.65761276
2022-03-14 21:18:00,103.23,103.27,103.27,103.27,501.8759377
2022-03-14 21:17:00,102.92,103.29,102.92,103.27,2159.31882354
2022-03-14 21:16:00,102.86,102.92,102.9,102.92,18.35188823
2022-03-14 21:15:00,102.87,102.91,102.88,102.91,17.79541518
2022-03-14 21:14:00,102.83,102.9,102.84,102.88,48.17775489
2022-03-14 21:13:00,102.8,102.89,102.85,102.87,136.23124584
2022-03-14 21:12:00,102.83,102.89,102.87,102.85,161.1252281
2022-03-14 21:11:00,102.82,102.87,102.83,102.86,327.49252172
2022-03-14 21:10:00,102.81,102.88,102.87,102.83,35.93922445
2022-03-14 21:09:00,102.83,102.99,102.83,102.88,244.45844038
2022-03-14 21:08:00,102.69,102.89,102.72,102.84,163.13153983
2022-03-14 21:07:00,102.7,102.72,102.72,102.71,43.39700095
2022-03-14 21:06:00,102.58,102.72,102.64,102.65,305.55683734
2022-03-14 21:05:00,102.6,102.67,102.67,102.64,140.51930268
2022-03-14 21:04:00,102.6,102.67,102.65,102.66,84.71344543
2022-03-14 21:03:00,102.65,102.74,102.65,102.68,216.17903572
2022-03-14 21:02:00,102.63,102.78,102.76,102.65,238.36271238
2022-03-14 21:01:00,102.71,102.79,102.72,102.78,22.10074247
2022-03-14 21:00:00,102.63,102.75,102.65,102.75,70.62055424
2022-03-14 20:59:00,102.57,102.67,102.57,102.64,122.23585055
2022-03-14 20:58:00,102.55,102.62,102.6,102.55,34.46390917
2022-03-14 20:57:00,102.6,102.68,102.66,102.6,48.16467084
2022-03-14 20:56:00,102.58,102.68,102.61,102.68,113.93256036
2022-03-14 20:55:00,102.59,102.7,102.7,102.6,40.97105913
2022-03-14 20:54:00,102.63,102.73,102.7,102.73,110.67475098
2022-03-14 20:53:00,102.66,102.78,102.78,102.7,50.03446046
2022-03-14 20:52:00,102.75,102.78,102.78,102.78,43.39628245
2022-03-14 20:51:00,102.75,102.82,102.81,102.75,21.60828083
2022-03-14 20:50:00,102.75,102.85,102.85,102.75,29.84943634
2022-03-14 20:49:00,102.75,102.86,102.84,102.84,155.26967558
2022-03-14 20:48:00,102.86,103.0,102.92,102.87,144.03296813
2022-03-14 20:47:00,102.92,103.02,103.02,102.95,23.58810014
2022-03-14 20:46:00,102.99,103.07,103.07,102.99,46.88073749
2022-03-14 20:45:00,102.97,103.07,103.06,103.07,57.50199825
2022-03-14 20:44:00,103.04,103.11,103.11,103.06,62.19341236
2022-03-14 20:43:00,103.07,103.14,103.1,103.07,212.47041154
2022-03-14 20:42:00,103.04,103.1,103.07,103.08,16.68770403
2022-03-14 20:41:00,103.04,103.09,103.05,103.09,66.22958527
2022-03-14 20:40:00,103.01,103.1,103.08,103.05,30.72298024
2022-03-14 20:39:00,103.07,103.12,103.11,103.07,30.07582705
2022-03-14 20:38:00,103.04,103.14,103.04,103.09,93.59459003
2022-03-14 20:37:00,103.03,103.08,103.03,103.08,37.66629012
2022-03-14 20:36:00,102.98,103.1,102.99,103.06,46.45941354
2022-03-14 20:35:00,102.92,102.99,102.95,102.98,302.90354903
2022-03-14 20:34:00,102.87,102.97,102.87,102.95,79.86165994
2022-03-14 20:33:00,102.84,102.91,102.84,102.91,21.44939409
2022-03-14 20:32:00,102.84,102.88,102.87,102.88,7.41172372
2022-03-14 20:31:00,102.83,102.86,102.86,102.86,2.44564984
2022-03-14 20:30:00,102.86,102.88,102.87,102.87,28.53890079
2022-03-14 20:29:00,102.81,102.9,102.83,102.87,39.42275925
2022-03-14 20:28:00,102.76,102.87,102.79,102.87,218.22925418
2022-03-14 20:27:00,102.77,102.84,102.77,102.84,104.65411856
2022-03-14 20:26:00,102.74,102.81,102.8,102.8,37.58994027
2022-03-14 20:25:00,102.76,102.83,102.83,102.8,70.30565782
2022-03-14 20:24:00,102.75,102.8,102.79,102.8,36.30252125
2022-03-14 20:23:00,102.74,102.83,102.83,102.79,37.75324631
2022-03-14 20:22:00,102.79,102.85,102.84,102.84,76.00344089
2022-03-14 20:21:00,102.76,102.85,102.84,102.84,68.7096781
2022-03-14 20:20:00,102.79,102.85,102.84,102.84,178.11483085
2022-03-14 20:19:00,102.78,102.86,102.84,102.86,41.54062095
2022-03-14 20:18:00,102.8,102.87,102.82,102.86,7.87883303
2022-03-14 20:17:00,102.78,102.85,102.81,102.85,27.17909926
2022-03-14 20:16:00,102.79,102.86,102.86,102.83,61.33483853
2022-03-14 20:15:00,102.79,102.87,102.87,102.87,105.07473253
2022-03-14 20:14:00,102.89,102.99,102.93,102.89,58.79779411
2022-03-14 20:13:00,102.93,103.0,103.0,102.99,58.11335391
2022-03-14 20:12:00,102.93,103.01,102.97,102.98,123.28666547
2022-03-14 20:11:00,102.93,103.02,103.01,102.97,178.21853889
2022-03-14 20:10:00,102.99,103.04,103.04,103.01,90.65488059
2022-03-14 20:09:00,102.95,103.17,103.17,103.1,1532.88855916
2022-03-14 20:08:00,103.02,103.2,103.04,103.17,315.10479589
2022-03-14 20:07:00,102.96,103.06,103.01,103.03,106.80224215
2022-03-14 20:06:00,102.97,103.04,103.04,102.98,24.15953323
2022-03-14 20:05:00,102.98,103.07,103.01,103.02,185.03196915
2022-03-14 20:04:00,102.87,103.07,102.9,103.04,133.23857508
2022-03-14 20:03:00,102.76,102.9,102.85,102.9,464.45076226
2022-03-14 20:02:00,102.77,102.9,102.85,102.88,285.5501811
2022-03-14 20:01:00,102.78,102.87,102.78,102.85,8.45102513
2022-03-14 20:00:00,102.75,102.92,102.77,102.87,68.30008919
2022-03-14 19:59:00,102.74,102.8,102.79,102.74,271.96498268
2022-03-14 19:58:00,102.69,102.81,102.76,102.81,30.67323556
2022-03-14 19:57:00,102.71,102.78,102.77,102.74,91.01035248
2022-03-14 19:56:00,102.67,102.76,102.73,102.72,37.78653386
2022-03-14 19:55:00,102.66,102.8,102.71,102.72,53.47152055
2022-03-14 19:54:00,102.64,102.71,102.69,102.71,31.11394653
2022-03-14 19:53:00,102.68,102.75,102.75,102.71,61.1057167
2022-03-14 19:52:00,102.76,102.9,102.85,102.8,346.72770966
2022-03-14 19:51:00,102.77,102.86,102.8,102.86,139.49001495
2022-03-14 19:50:00,102.74,102.84,102.79,102.84,62.51540335
2022-03-14 19:49:00,102.83,102.92,102.85,102.83,34.85395562
2022-03-14 19:48:00,102.79,102.89,102.79,102.88,42.4152432
2022-03-14 19:47:00,102.68,102.81,102.71,102.81,156.66670683
2022-03-14 19:46:00,102.66,102.73,102.71,102.72,51.40348638
2022-03-14 19:45:00,102.7,102.8,102.8,102.71,176.61840289
2022-03-14 19:44:00,102.56,102.8,102.56,102.8,178.25027148
2022-03-14 19:43:00,102.47,102.55,102.52,102.55,73.47304592
2022-03-14 19:42:00,102.42,102.53,102.45,102.51,382.35939488
2022-03-14 19:41:00,102.4,102.52,102.52,102.46,125.39224245
2022-03-14 19:40:00,102.46,102.6,102.5,102.52,40.47659564
2022-03-14 19:39:00,102.38,102.57,102.41,102.51,263.60138548
2022-03-14 19:38:00,102.38,102.41,102.39,102.38,18.16492656
2022-03-14 19:37:00,102.38,102.49,102.45,102.38,90.46173484
2022-03-14 19:36:00,102.29,102.43,102.33,102.43,83.49897106
2022-03-14 19:35:00,102.24,102.33,102.28,102.32,114.9786168
2022-03-14 19:34:00,102.19,102.33,102.2,102.31,71.13342825
2022-03-14 19:33:00,102.19,102.32,102.32,102.22,166.7038956
2022-03-14 19:32:00,102.31,102.36,102.31,102.33,42.64243933
2022-03-14 19:31:00,102.34,102.45,102.41,102.34,103.31800435
2022-03-14 19:30:00,102.39,102.45,102.42,102.41,49.82090511
2022-03-14 19:29:00,102.4,102.46,102.42,102.42,80.9658521
2022-03-14 19:28:00,102.32,102.45,102.4,102.39,79.02086353
2022-03-15 05:28:00,104.47,104.59,104.47,104.56,24.03264411
2022-03-15 05:27:00,104.47,104.55,104.55,104.47,188.57778994
2022-03-15 05:26:00,104.55,104.62,104.58,104.57,10.45107892
2022-03-15 05:25:00,104.55,104.61,104.58,104.58,6.75490605
2022-03-15 05:24:00,104.51,104.62,104.53,104.58,115.56726464
2022-03-15 05:23:00,104.51,104.6,104.57,104.52,178.87849407
2022-03-15 05:22:00,104.56,104.61,104.56,104.58,45.59164416
2022-03-15 05:21:00,104.57,104.64,104.64,104.6,23.0080382
2022-03-15 05:20:00,104.6,104.65,104.61,104.62,36.77900822
2022-03-15 05:19:00,104.64,104.77,104.73,104.65,78.62576581
2022-03-15 05:18:00,104.71,104.82,104.82,104.71,102.76335594
2022-03-15 05:17:00,104.81,104.93,104.85,104.87,108.43848366
2022-03-15 05:16:00,104.73,104.85,104.75,104.85,101.46391261
2022-03-15 05:15:00,104.66,104.76,104.66,104.76,199.41461748
2022-03-15 05:14:00,104.59,104.68,104.68,104.65,29.85092061
2022-03-15 05:13:00,104.68,104.72,104.72,104.7,6.66734682
2022-03-15 05:12:00,104.68,104.74,104.7,104.7,75.65179106
2022-03-15 05:11:00,104.72,104.75,104.75,104.72,11.24387359
2022-03-15 05:10:00,104.7,104.75,104.72,104.74,20.77309593
2022-03-15 05:09:00,104.7,104.77,104.77,104.72,28.70045991
2022-03-15 05:08:00,104.75,104.81,104.81,104.75,15.52681935
2022-03-15 05:07:00,104.8,104.85,104.82,104.82,76.37332321
2022-03-15 05:06:00,104.81,104.89,104.85,104.82,48.02603624
2022-03-15 05:05:00,104.84,104.89,104.87,104.87,14.10137226
2022-03-15 05:04:00,104.86,104.87,104.87,104.86,5.21006251
2022-03-15 05:03:00,104.83,104.89,104.84,104.83,34.11785394
2022-03-15 05:02:00,104.76,104.85,104.76,104.84,90.77589119
2022-03-15 05:01:00,104.67,104.76,104.7,104.72,107.92653623
2022-03-15 05:00:00,104.7,104.85,104.85,104.72,62.32439263
2022-03-15 04:59:00,104.85,104.88,104.87,104.86,36.69346005
2022-03-15 04:58:00,104.84,104.88,104.84,104.85,21.60698389
2022-03-15 04:57:00,104.77,104.86,104.82,104.84,218.4212292
2022-03-15 04:56:00,104.76,104.82,104.79,104.82,25.79385908
2022-03-15 04:55:00,104.73,104.83,104.76,104.8,23.3159039
2022-03-15 04:54:00,104.78,104.82,104.81,104.78,46.34688721
2022-03-15 04:53:00,104.75,104.8,104.75,104.8,5.44612127
2022-03-15 04:52:00,104.75,104.82,104.82,104.75,193.84789402
2022-03-15 04:51:00,104.77,104.83,104.83,104.82,97.99208427
2022-03-15 04:50:00,104.71,104.84,104.75,104.83,21.95849475
2022-03-15 04:49:00,104.73,104.86,104.83,104.75,106.92209666
2022-03-15 04:48:00,104.77,104.86,104.86,104.83,70.82728398
2022-03-15 04:47:00,104.88,104.94,104.93,104.88,143.45440516
2022-03-15 04:46:00,104.93,104.98,104.94,104.96,25.33840195
2022-03-15 04:45:00,104.85,104.95,104.87,104.95,93.42007684
2022-03-15 04:44:00,104.79,104.87,104.82,104.87,55.52949071
2022-03-15 04:43:00,104.81,104.85,104.82,104.85,11.44344977
2022-03-15 04:42:00,104.78,104.86,104.81,104.78,229.44197709
2022-03-15 04:41:00,104.81,104.86,104.83,104.85,22.9237825
2022-03-15 04:40:00,104.77,104.85,104.78,104.81,93.54999191
2022-03-15 04:39:00,104.72,104.81,104.72,104.76,93.06703546
2022-03-15 04:38:00,104.68,104.74,104.69,104.74,35.47368601
2022-03-15 04:37:00,104.69,104.77,104.77,104.7,50.75982328
2022-03-15 04:36:00,104.77,104.82,104.8,104.77,32.72109677
2022-03-15 04:35:00,104.78,104.84,104.84,104.78,23.15553384
2022-03-15 04:34:00,104.81,104.87,104.84,104.82,6.33860953
2022-03-15 04:33:00,104.75,104.84,104.84,104.81,85.74333059
2022-03-15 04:32:00,104.77,104.84,104.84,104.84,105.27970969
2022-03-15 04:31:00,104.75,104.85,104.75,104.84,55.56584681
2022-03-15 04:30:00,104.74,104.77,104.74,104.75,12.02519381
2022-03-15 04:29:00,104.73,104.81,104.81,104.76,89.00253866
2022-03-15 04:28:00,104.78,104.83,104.81,104.81,76.34246212
2022-03-15 04:27:00,104.83,104.88,104.88,104.84,80.51522779
2022-03-15 04:26:00,104.89,104.95,104.95,104.89,34.0906864
2022-03-15 04:25:00,104.85,104.95,104.85,104.95,49.23562173
2022-03-15 04:24:00,104.76,104.82,104.78,104.82,6.09046158
2022-03-15 04:23:00,104.74,104.84,104.8,104.75,140.82250631
2022-03-15 04:22:00,104.76,104.84,104.76,104.78,83.69850454
2022-03-15 04:21:00,104.72,104.81,104.72,104.74,102.16828099
2022-03-15 04:20:00,104.66,104.72,104.67,104.72,52.90093554
2022-03-15 04:19:00,104.66,104.71,104.71,104.66,182.18659375
2022-03-15 04:18:00,104.67,104.75,104.69,104.73,273.75988158
2022-03-15 04:17:00,104.62,104.67,104.62,104.65,40.94140826
2022-03-15 04:16:00,104.55,104.65,104.6,104.65,120.57384537
2022-03-15 04:15:00,104.52,104.71,104.68,104.6,637.29499458
2022-03-15 04:14:00,104.62,104.7,104.62,104.65,88.56828224
2022-03-15 04:13:00,104.58,104.68,104.6,104.61,54.80869603
2022-03-15 04:12:00,104.61,104.7,104.65,104.62,13.03267147
2022-03-15 04:11:00,104.56,104.65,104.56,104.65,278.60805687
2022-03-15 04:10:00,104.54,104.66,104.64,104.59,209.92205404
2022-03-15 04:09:00,104.62,104.71,104.68,104.64,71.86032289
2022-03-15 04:08:00,104.66,104.73,104.66,104.68,85.28990545
2022-03-15 04:07:00,104.62,104.8,104.8,104.64,126.50991416
2022-03-15 04:06:00,104.76,104.93,104.93,104.8,24.49402251
2022-03-15 04:05:00,104.83,104.92,104.85,104.92,170.31641838
2022-03-15 04:04:00,104.82,105.03,105.0,104.86,578.69122437
2022-03-15 04:03:00,104.94,105.06,104.96,105.02,150.81263767
2022-03-15 04:02:00,104.86,104.93,104.93,104.91,115.75396357
2022-03-15 04:01:00,104.88,104.94,104.89,104.92,35.34363293
2022-03-15 04:00:00,104.85,104.96,104.95,104.9,77.37783767
2022-03-15 03:59:00,104.99,105.04,105.03,105.04,18.04585452
2022-03-15 03:58:00,104.96,105.03,104.99,105.0,73.37765586
2022-03-15 03:57:00,104.99,105.07,105.03,105.01,68.65618573
2022-03-15 03:56:00,104.95,105.01,104.96,105.0,61.76024381
2022-03-15 03:55:00,104.91,104.96,104.95,104.93,109.83475291
2022-03-15 03:54:00,104.95,105.05,105.02,104.95,141.39287253
2022-03-15 03:53:00,104.94,105.02,104.97,105.01,143.99549838
2022-03-15 03:52:00,104.93,104.99,104.96,104.99,57.73742308
2022-03-15 03:51:00,104.97,105.05,105.05,105.03,47.66835054
2022-03-15 03:50:00,105.03,105.19,105.15,105.1,451.24846005
2022-03-15 03:49:00,105.03,105.28,105.06,105.15,540.29396066
2022-03-15 03:48:00,104.8,105.09,104.82,105.02,551.94213678
2022-03-15 03:47:00,104.82,104.9,104.88,104.82,46.1804174
2022-03-15 03:46:00,104.83,104.9,104.9,104.88,6.89452102
2022-03-15 03:45:00,104.8,104.87,104.83,104.84,82.47771154
2022-03-15 03:44:00,104.79,104.92,104.92,104.84,72.30008167
2022-03-15 03:43:00,104.86,104.99,104.93,104.91,186.24302901
2022-03-15 03:42:00,104.84,105.19,105.18,104.92,775.12049627
2022-03-15 03:41:00,105.2,105.26,105.21,105.2,104.7274634
2022-03-15 03:40:00,105.25,105.34,105.33,105.28,93.99258697
2022-03-15 03:39:00,105.33,105.42,105.4,105.33,44.59756868
2022-03-15 03:38:00,105.32,105.37,105.37,105.36,24.89889605
2022-03-15 03:37:00,105.3,105.38,105.31,105.34,51.54136317
2022-03-15 03:36:00,105.3,105.34,105.33,105.33,16.61201834
2022-03-15 03:35:00,105.25,105.37,105.25,105.3,215.34396323
2022-03-15 03:34:00,105.21,105.29,105.24,105.24,7.29337264
2022-03-15 03:33:00,105.21,105.3,105.29,105.25,46.95005291
2022-03-15 03:32:00,105.22,105.3,105.25,105.3,43.82895789
2022-03-15 03:31:00,105.18,105.24,105.24,105.2,28.86778601
2022-03-15 03:30:00,105.19,105.25,105.21,105.19,18.20884915
2022-03-15 03:29:00,105.16,105.2,105.17,105.16,11.37252323
2022-03-15 03:28:00,105.15,105.21,105.21,105.2,68.166907
2022-03-15 03:27:00,105.09,105.22,105.09,105.22,59.68731942
2022-03-15 03:26:00,105.09,105.13,105.1,105.09,3.89361639
2022-03-15 03:25:00,105.06,105.13,105.1,105.1,128.03587842
2022-03-15 03:24:00,105.12,105.2,105.19,105.15,36.25851762
2022-03-15 03:23:00,105.17,105.22,105.2,105.22,17.37160181
2022-03-15 03:22:00,105.17,105.24,105.18,105.2,64.74884805
2022-03-15 03:21:00,105.14,105.23,105.14,105.18,47.33624918
2022-03-15 03:20:00,105.08,105.15,105.11,105.1,66.07779394
2022-03-15 03:19:00,105.07,105.34,105.33,105.11,318.66882176
2022-03-15 03:18:00,105.25,105.33,105.26,105.33,105.5782773
2022-03-15 03:17:00,105.24,105.29,105.27,105.26,28.70825084
2022-03-15 03:16:00,105.24,105.27,105.25,105.27,7.11909486
2022-03-15 03:15:00,105.22,105.28,105.24,105.27,47.86850349
2022-03-15 03:14:00,105.26,105.32,105.32,105.26,49.24959434
2022-03-15 03:13:00,105.17,105.34,105.22,105.32,176.98700041
2022-03-15 03:12:00,105.17,105.22,105.2,105.22,107.68926656
2022-03-15 03:11:00,105.16,105.24,105.22,105.24,68.74395718
2022-03-15 03:10:00,105.17,105.24,105.2,105.24,77.83795119
2022-03-15 03:09:00,105.16,105.3,105.26,105.2,188.6937865
2022-03-15 03:08:00,105.22,105.27,105.27,105.22,13.24820164
2022-03-15 03:07:00,105.2,105.25,105.21,105.25,83.88073801
2022-03-15 03:06:00,105.22,105.3,105.24,105.24,33.69766415
2022-03-15 03:05:00,105.22,105.33,105.32,105.24,167.80219436
2022-03-15 03:04:00,105.32,105.46,105.46,105.32,81.14506201
2022-03-15 03:03:00,105.44,105.58,105.58,105.5,286.59199538
2022-03-15 03:02:00,105.54,105.59,105.55,105.57,17.97224047
2022-03-15 03:01:00,105.55,105.66,105.6,105.55,162.46867159
2022-03-15 03:00:00,105.5,105.62,105.62,105.58,131.05245353
2022-03-15 02:59:00,105.57,105.64,105.63,105.6,23.02294247
2022-03-15 02:58:00,105.61,105.65,105.65,105.62,12.25602568
2022-03-15 02:57:00,105.58,105.67,105.67,105.64,131.85888654
2022-03-15 02:56:00,105.68,105.72,105.72,105.71,17.94237866
2022-03-15 02:55:00,105.62,105.71,105.64,105.71,202.42503132
2022-03-15 02:54:00,105.6,105.68,105.61,105.65,136.67868616
2022-03-15 02:53:00,105.61,105.71,105.67,105.61,163.20472366
2022-03-15 02:52:00,105.65,105.78,105.78,105.65,26.16467502
2022-03-15 02:51:00,105.7,105.76,105.76,105.76,184.18192878
2022-03-15 02:50:00,105.64,105.79,105.73,105.73,137.42695375
2022-03-15 02:49:00,105.71,105.77,105.74,105.73,58.66768742
2022-03-15 02:48:00,105.68,105.77,105.71,105.77,81.71250968
2022-03-15 02:47:00,105.68,105.73,105.69,105.71,23.04218762
2022-03-15 02:46:00,105.68,105.79,105.79,105.68,233.65711146
2022-03-15 02:45:00,105.79,105.86,105.86,105.82,26.57937461
2022-03-15 02:44:00,105.8,105.94,105.94,105.83,82.7043624
2022-03-15 02:43:00,105.88,105.94,105.88,105.93,36.49867074
2022-03-15 02:42:00,105.87,105.95,105.87,105.88,19.90212142
2022-03-15 02:41:00,105.84,105.97,105.93,105.95,29.70148899
2022-03-15 02:40:00,105.91,106.0,105.93,105.95,80.47274757
2022-03-15 02:39:00,105.89,106.01,106.01,105.93,165.60372065
2022-03-15 02:38:00,105.95,106.03,106.0,106.01,166.14733034
2022-03-15 02:37:00,105.9,106.03,105.9,105.98,215.86970597
2022-03-15 02:36:00,105.79,105.89,105.79,105.89,100.14620017
2022-03-15 02:35:00,105.62,105.84,105.62,105.77,223.01785427
2022-03-15 02:34:00,105.53,105.67,105.6,105.61,136.67566231
2022-03-15 02:33:00,105.43,105.59,105.55,105.59,569.23729462
2022-03-15 02:32:00,105.43,105.55,105.48,105.55,165.40654221
2022-03-15 02:31:00,105.43,105.55,105.5,105.49,76.2940181
2022-03-15 02:30:00,105.5,105.58,105.52,105.53,103.68531835
2022-03-15 02:29:00,105.54,105.62,105.61,105.56,113.05261614
2022-03-15 02:28:00,105.49,105.63,105.53,105.59,82.72705406
2022-03-15 02:27:00,105.5,105.56,105.55,105.55,9.90867913
2022-03-15 02:26:00,105.53,105.62,105.62,105.55,35.03751545
2022-03-15 02:25:00,105.5,105.65,105.58,105.65,52.1434631
2022-03-15 02:24:00,105.5,105.6,105.5,105.58,49.8420134
2022-03-15 02:23:00,105.47,105.6,105.6,105.5,167.53058551
2022-03-15 02:22:00,105.49,105.62,105.5,105.61,131.28151017
2022-03-15 02:21:00,105.51,105.6,105.6,105.52,242.99455552
2022-03-15 02:20:00,105.47,105.57,105.51,105.57,202.83965582
2022-03-15 02:19:00,105.52,105.66,105.66,105.52,156.40977796
2022-03-15 02:18:00,105.62,105.69,105.64,105.66,112.90698505
2022-03-15 02:17:00,105.51,105.62,105.54,105.59,110.32597475
2022-03-15 02:16:00,105.47,105.53,105.47,105.52,37.30219898
2022-03-15 02:15:00,105.39,105.47,105.46,105.43,93.82509871
2022-03-15 02:14:00,105.4,105.45,105.43,105.45,19.18057005
2022-03-15 02:13:00,105.39,105.44,105.4,105.43,17.75465365
2022-03-15 02:12:00,105.28,105.44,105.32,105.44,131.62938939
2022-03-15 02:11:00,105.28,105.35,105.35,105.29,22.83958713
2022-03-15 02:10:00,105.3,105.43,105.41,105.3,60.45354389
2022-03-15 02:09:00,105.36,105.43,105.43,105.41,79.41212741
2022-03-15 02:08:00,105.33,105.43,105.37,105.43,38.9828635
2022-03-15 02:07:00,105.32,105.39,105.35,105.36,166.49047614
2022-03-15 02:06:00,105.25,105.35,105.31,105.33,248.37324273
2022-03-15 02:05:00,105.24,105.31,105.3,105.28,35.28087904
2022-03-15 02:04:00,105.23,105.32,105.28,105.3,334.40895453
2022-03-15 02:03:00,105.19,105.26,105.21,105.26,93.50295399
2022-03-15 02:02:00,105.13,105.26,105.13,105.22,34.12589072
2022-03-15 02:01:00,105.08,105.16,105.14,105.13,161.03733427
2022-03-15 02:00:00,105.0,105.13,105.01,105.13,50.34965687
2022-03-15 01:59:00,105.11,105.18,105.15,105.12,31.21203616
2022-03-15 01:58:00,105.1,105.16,105.12,105.16,44.30542627
2022-03-15 01:57:00,105.07,105.13,105.07,105.1,73.5575236
2022-03-15 01:56:00,105.0,105.09,105.09,105.07,75.62705816
2022-03-15 01:55:00,105.06,105.17,105.17,105.09,94.52608866
2022-03-15 01:54:00,105.09,105.14,105.14,105.14,68.11825284
2022-03-15 01:53:00,105.06,105.17,105.06,105.13,82.00169866
2022-03-15 01:52:00,105.0,105.15,105.15,105.03,148.71848323
2022-03-15 01:51:00,105.15,105.23,105.23,105.17,19.60045944
2022-03-15 01:50:00,105.22,105.33,105.24,105.23,98.14493186
2022-03-15 01:49:00,105.16,105.27,105.16,105.27,90.11693329
2022-03-15 01:48:00,105.11,105.15,105.14,105.15,39.87485329
2022-03-15 01:47:00,105.17,105.29,105.19,105.19,285.80127001
2022-03-15 01:46:00,105.15,105.23,105.2,105.2,85.52953609
2022-03-15 01:45:00,105.17,105.24,105.2,105.22,135.54892276
2022-03-15 01:44:00,105.17,105.25,105.23,105.21,42.37932753
2022-03-15 01:43:00,105.2,105.24,105.21,105.21,66.35274333
2022-03-15 01:42:00,105.01,105.25,105.04,105.2,61.83954572
2022-03-15 01:41:00,105.0,105.07,105.04,105.04,168.39696093
2022-03-15 01:40:00,104.87,105.05,104.88,105.03,139.53595363
2022-03-15 01:39:00,104.88,104.99,104.96,104.88,89.50610698
2022-03-15 01:38:00,104.93,105.02,104.94,104.97,150.82134045
2022-03-15 01:37:00,104.9,105.0,104.92,104.95,105.32200319
2022-03-15 01:36:00,104.8,104.97,104.81,104.97,274.65872539
2022-03-15 01:35:00,104.8,104.86,104.82,104.8,182.92690893
2022-03-15 01:34:00,104.83,104.91,104.89,104.85,33.12735659
2022-03-15 01:33:00,104.87,104.99,104.99,104.9,341.51079332
2022-03-15 01:32:00,104.99,105.13,105.11,105.03,314.02836603
2022-03-15 01:31:00,105.09,105.16,105.16,105.16,83.30387263
2022-03-15 01:30:00,105.11,105.23,105.16,105.17,173.64130758
2022-03-15 01:29:00,105.13,105.2,105.18,105.2,153.94244457
2022-03-15 01:28:00,105.13,105.19,105.17,105.16,110.50689123
2022-03-15 01:27:00,105.14,105.24,105.19,105.15,919.70101181
2022-03-15 01:26:00,105.13,105.24,105.23,105.23,84.71671359
2022-03-15 01:25:00,105.11,105.26,105.11,105.22,266.56856374
2022-03-15 01:24:00,105.06,105.12,105.06,105.1,120.66069461
2022-03-15 01:23:00,104.96,105.11,105.04,105.05,102.03216794
2022-03-15 01:22:00,104.89,105.1,104.94,104.99,155.08178655
2022-03-15 01:21:00,104.9,105.08,105.08,104.97,157.57979505
2022-03-15 01:20:00,104.94,105.15,105.15,105.1,411.28319077
2022-03-15 01:19:00,105.13,105.27,105.21,105.18,120.34894183
2022-03-15 01:18:00,105.11,105.27,105.17,105.21,151.21402278
2022-03-15 01:17:00,105.04,105.26,105.26,105.1,136.49392134
2022-03-15 01:16:00,105.22,105.31,105.25,105.25,199.30237065
2022-03-15 01:15:00,105.08,105.58,105.55,105.24,302.6303553
2022-03-15 01:14:00,105.56,105.77,105.77,105.62,79.79756755
2022-03-15 01:13:00,105.59,105.76,105.68,105.71,152.20647503
2022-03-15 01:12:00,105.51,105.71,105.52,105.65,199.20477549
2022-03-15 01:11:00,105.43,105.61,105.6,105.54,358.3208883
2022-03-15 01:10:00,105.49,105.93,105.82,105.55,542.16164883
2022-03-15 01:09:00,105.78,106.19,106.19,105.8,486.3131753
2022-03-15 01:08:00,106.12,106.25,106.14,106.15,200.67046358
2022-03-15 01:07:00,105.98,106.2,106.01,106.15,73.34336402
2022-03-15 01:06:00,105.83,106.01,105.92,106.01,230.88522219
2022-03-15 01:05:00,105.86,106.09,106.05,105.92,170.91585611
2022-03-15 01:04:00,106.02,106.36,106.36,106.08,356.75338524
2022-03-15 01:03:00,106.29,106.47,106.46,106.32,168.89391229
2022-03-15 01:02:00,106.42,106.46,106.44,106.46,37.68829593
2022-03-15 01:01:00,106.42,106.46,106.46,106.45,7.02102529
2022-03-15 01:00:00,106.41,106.51,106.45,106.44,83.68039516
2022-03-15 00:59:00,106.37,106.43,106.37,106.43,120.61804683
2022-03-15 00:58:00,106.25,106.37,106.27,106.35,87.31941235
2022-03-15 00:57:00,106.22,106.33,106.28,106.29,151.46459068
2022-03-15 00:56:00,106.21,106.28,106.21,106.25,57.43030501
2022-03-15 00:55:00,106.21,106.39,106.22,106.22,159.24546548
2022-03-15 00:54:00,106.15,106.21,106.15,106.21,34.87294272
2022-03-15 00:53:00,106.12,106.21,106.12,106.13,55.65364149
2022-03-15 00:52:00,106.0,106.17,106.02,106.15,232.0209527
2022-03-15 00:51:00,105.93,106.04,105.93,106.0,117.14129353
2022-03-15 00:50:00,105.93,106.09,105.95,105.95,157.89508487
2022-03-15 00:49:00,105.95,106.24,106.2,105.97,1218.06444308
2022-03-15 00:48:00,105.53,106.36,105.59,106.31,2186.01635266
2022-03-15 00:47:00,105.6,105.71,105.69,105.6,319.69686018
2022-03-15 00:46:00,105.64,105.7,105.68,105.68,90.89457725
2022-03-15 00:45:00,105.67,105.84,105.74,105.67,1121.66277575
2022-03-15 00:44:00,105.62,105.76,105.64,105.72,156.44662101
2022-03-15 00:43:00,105.58,105.64,105.6,105.64,74.59777376
2022-03-15 00:42:00,105.57,105.63,105.58,105.6,39.18901626
2022-03-15 00:41:00,105.53,105.65,105.65,105.6,129.91285521
2022-03-15 00:40:00,105.47,105.64,105.49,105.64,209.22076236
2022-03-15 00:39:00,105.42,105.59,105.48,105.51,357.02775082
2022-03-15 00:38:00,105.45,105.52,105.48,105.48,14.41817556
2022-03-15 00:37:00,105.47,105.55,105.47,105.48,93.97184346
2022-03-15 00:36:00,105.39,105.48,105.45,105.43,57.98748999
2022-03-15 00:35:00,105.37,105.47,105.45,105.43,67.12059773
2022-03-15 00:34:00,105.33,105.42,105.33,105.42,61.02873863
2022-03-15 00:33:00,105.26,105.35,105.35,105.32,148.29654931
2022-03-15 00:32:00,105.4,105.5,105.44,105.4,123.81972379
2022-03-15 00:31:00,105.41,105.49,105.45,105.43,52.15454626
2022-03-15 00:30:00,105.31,105.5,105.33,105.47,136.36187155
2022-03-15 00:29:00,105.29,105.35,105.35,105.33,101.68404165
2022-03-15 00:28:00,105.3,105.36,105.36,105.35,17.33090027
2022-03-15 10:28:00,103.56,103.6,103.56,103.59,11.31220393
2022-03-15 10:27:00,103.56,103.61,103.56,103.61,11.29053409
2022-03-15 10:26:00,103.59,103.62,103.6,103.61,3.34467846
2022-03-15 10:25:00,103.56,103.61,103.56,103.59,2.64831286
2022-03-15 10:24:00,103.52,103.56,103.56,103.56,81.961876
2022-03-15 10:23:00,103.55,103.61,103.55,103.56,36.21542034
2022-03-15 10:22:00,103.39,103.56,103.39,103.56,189.57041557
2022-03-15 10:21:00,103.37,103.4,103.4,103.38,2.07040675
2022-03-15 10:20:00,103.36,103.4,103.36,103.4,47.7407632
2022-03-15 10:19:00,103.33,103.37,103.36,103.36,41.82267556
2022-03-15 10:18:00,103.37,103.42,103.42,103.37,5.39371335
2022-03-15 10:17:00,103.37,103.55,103.55,103.44,286.71799964
2022-03-15 10:16:00,103.58,103.63,103.63,103.58,40.23712155
2022-03-15 10:15:00,103.63,103.68,103.64,103.64,38.05185729
2022-03-15 10:14:00,103.62,103.73,103.63,103.65,244.71697198
2022-03-15 10:13:00,103.57,103.67,103.57,103.64,176.43108283
2022-03-15 10:12:00,103.55,103.58,103.58,103.56,14.28535519
2022-03-15 10:11:00,103.55,103.58,103.58,103.55,11.16279401
2022-03-15 10:10:00,103.48,103.58,103.54,103.56,220.0931663
2022-03-15 10:09:00,103.54,103.58,103.57,103.57,184.21414228
2022-03-15 10:08:00,103.49,103.57,103.53,103.57,125.48287688
2022-03-15 10:07:00,103.55,103.59,103.58,103.55,5.36097332
2022-03-15 10:06:00,103.54,103.6,103.6,103.55,28.43746176
2022-03-15 10:05:00,103.55,103.66,103.63,103.66,348.84320433
2022-03-15 10:04:00,103.61,103.66,103.65,103.64,41.07480758
2022-03-15 10:03:00,103.58,103.66,103.58,103.64,87.89102886
2022-03-15 10:02:00,103.46,103.56,103.48,103.56,7.18702025
2022-03-15 10:01:00,103.39,103.45,103.43,103.45,20.18733042
2022-03-15 10:00:00,103.29,103.39,103.39,103.38,156.91514454
2022-03-15 09:59:00,103.26,103.35,103.32,103.35,282.73208072
2022-03-15 09:58:00,103.29,103.36,103.3,103.36,57.20020155
2022-03-15 09:57:00,103.3,103.35,103.35,103.3,10.65643966
2022-03-15 09:56:00,103.31,103.34,103.31,103.31,108.19206018
2022-03-15 09:55:00,103.3,103.35,103.3,103.34,50.91699141
2022-03-15 09:54:00,103.27,103.33,103.3,103.33,160.40740513
2022-03-15 09:53:00,103.3,103.34,103.34,103.31,70.58691856
2022-03-15 09:52:00,103.31,103.4,103.4,103.32,401.11730598
2022-03-15 09:51:00,103.38,103.44,103.42,103.44,28.95294488
2022-03-15 09:50:00,103.39,103.43,103.4,103.43,126.8673177
2022-03-15 09:49:00,103.39,103.44,103.39,103.41,5.40567721
2022-03-15 09:48:00,103.42,103.44,103.44,103.42,35.98512488
2022-03-15 09:47:00,103.38,103.43,103.43,103.42,20.3776113
2022-03-15 09:46:00,103.44,103.61,103.5,103.45,60.23993906
2022-03-15 09:45:00,103.42,103.5,103.45,103.5,123.45864119
2022-03-15 09:44:00,103.41,103.5,103.5,103.43,148.20522816
2022-03-15 09:43:00,103.47,103.5,103.47,103.5,49.16861775
2022-03-15 09:42:00,103.45,103.49,103.46,103.47,52.54718262
2022-03-15 09:41:00,103.39,103.46,103.4,103.46,65.1448445
2022-03-15 09:40:00,103.23,103.41,103.25,103.41,170.87939096
2022-03-15 09:39:00,103.12,103.26,103.16,103.24,142.98881622
2022-03-15 09:38:00,103.15,103.17,103.16,103.16,122.86412868
2022-03-15 09:37:00,103.14,103.23,103.23,103.15,44.10210493
2022-03-15 09:36:00,103.19,103.24,103.24,103.23,15.83897478
2022-03-15 09:35:00,103.18,103.26,103.22,103.21,64.99841056
2022-03-15 09:34:00,103.22,103.25,103.25,103.24,91.7545618
2022-03-15 09:33:00,103.19,103.28,103.28,103.22,189.99288195
2022-03-15 09:32:00,103.26,103.31,103.27,103.26,13.01248991
2022-03-15 09:31:00,103.27,103.33,103.33,103.31,51.82952093
2022-03-15 09:30:00,103.23,103.33,103.23,103.3,43.54607603
2022-03-15 09:29:00,103.22,103.35,103.31,103.23,121.1096509
2022-03-15 09:28:00,103.26,103.35,103.26,103.35,327.03492587
2022-03-15 09:27:00,103.22,103.28,103.28,103.28,138.99054579
2022-03-15 09:26:00,103.22,103.35,103.35,103.29,299.0956156
2022-03-15 09:25:00,103.21,103.4,103.22,103.4,127.86602392
2022-03-15 09:24:00,103.1,103.28,103.16,103.25,290.01356067
2022-03-15 09:23:00,103.14,103.17,103.14,103.17,169.56074993
2022-03-15 09:22:00,103.07,103.14,103.14,103.14,269.56399443
2022-03-15 09:21:00,103.12,103.15,103.12,103.15,37.34942838
2022-03-15 09:20:00,103.06,103.14,103.09,103.14,38.17091036
2022-03-15 09:19:00,103.02,103.09,103.05,103.07,273.17867976
2022-03-15 09:18:00,103.03,103.09,103.09,103.04,58.81103398
2022-03-15 09:17:00,103.06,103.14,103.08,103.07,137.96088026
2022-03-15 09:16:00,102.95,103.16,102.95,103.1,34.23479563
2022-03-15 09:15:00,102.9,103.03,102.94,103.03,217.57470594
2022-03-15 09:14:00,102.73,102.92,102.73,102.88,72.83434509
2022-03-15 09:13:00,102.71,102.79,102.79,102.72,65.58196888
2022-03-15 09:12:00,102.67,102.79,102.67,102.79,79.82618332
2022-03-15 09:11:00,102.67,102.71,102.71,102.69,77.8664521
2022-03-15 09:10:00,102.64,102.71,102.64,102.71,515.15534752
2022-03-15 09:09:00,102.6,102.64,102.6,102.61,64.11370614
2022-03-15 09:08:00,102.56,102.58,102.56,102.58,53.41914309
2022-03-15 09:07:00,102.53,102.64,102.62,102.57,36.79521084
2022-03-15 09:06:00,102.66,102.75,102.73,102.66,87.09455342
2022-03-15 09:05:00,102.73,102.76,102.74,102.76,27.94154925
2022-03-15 09:04:00,102.69,102.74,102.69,102.74,49.35479153
2022-03-15 09:03:00,102.67,102.74,102.68,102.69,86.52481763
2022-03-15 09:02:00,102.67,102.82,102.8,102.7,199.79390575
2022-03-15 09:01:00,102.78,102.9,102.9,102.78,122.0414579
2022-03-15 09:00:00,102.78,102.9,102.78,102.89,159.96845296
2022-03-15 08:59:00,102.78,102.86,102.85,102.82,68.95914388
2022-03-15 08:58:00,102.8,102.86,102.8,102.85,83.30731396
2022-03-15 08:57:00,102.8,102.87,102.86,102.82,168.05870512
2022-03-15 08:56:00,102.8,102.89,102.8,102.87,105.08207937
2022-03-15 08:55:00,102.91,102.97,102.94,102.91,53.78327884
2022-03-15 08:54:00,102.92,103.11,103.1,102.92,136.20250794
2022-03-15 08:53:00,103.07,103.1,103.07,103.1,74.58562768
2022-03-15 08:52:00,103.06,103.12,103.1,103.07,36.28853372
2022-03-15 08:51:00,103.08,103.12,103.08,103.12,11.50522031
2022-03-15 08:50:00,103.05,103.1,103.1,103.05,18.37692517
2022-03-15 08:49:00,103.01,103.15,103.02,103.15,232.74059997
2022-03-15 08:48:00,103.02,103.05,103.03,103.03,40.77037789
2022-03-15 08:47:00,103.01,103.11,103.01,103.03,63.18880111
2022-03-15 08:46:00,102.95,103.1,103.07,102.98,51.144236
2022-03-15 08:45:00,103.06,103.18,103.16,103.07,127.92112257
2022-03-15 08:44:00,103.11,103.2,103.2,103.18,128.21691462
2022-03-15 08:43:00,103.1,103.21,103.12,103.18,48.49753909
2022-03-15 08:42:00,103.13,103.19,103.15,103.13,10.06389323
2022-03-15 08:41:00,103.14,103.19,103.15,103.16,129.12636378
2022-03-15 08:40:00,103.1,103.15,103.14,103.15,59.10556148
2022-03-15 08:39:00,103.1,103.16,103.16,103.11,120.575293
2022-03-15 08:38:00,103.16,103.24,103.21,103.16,68.79416334
2022-03-15 08:37:00,103.18,103.23,103.19,103.22,64.76528774
2022-03-15 08:36:00,103.2,103.28,103.26,103.21,93.97505916
2022-03-15 08:35:00,103.25,103.31,103.25,103.27,19.32309406
2022-03-15 08:34:00,103.24,103.28,103.25,103.28,58.07175775
2022-03-15 08:33:00,103.15,103.22,103.21,103.22,118.18659796
2022-03-15 08:32:00,103.1,103.2,103.15,103.2,36.14224915
2022-03-15 08:31:00,103.12,103.17,103.12,103.17,38.31644573
2022-03-15 08:30:00,103.08,103.18,103.18,103.12,97.12331375
2022-03-15 08:29:00,103.16,103.21,103.19,103.21,47.36241819
2022-03-15 08:28:00,103.18,103.25,103.22,103.19,55.09858886
2022-03-15 08:27:00,103.16,103.27,103.16,103.26,43.30246873
2022-03-15 08:26:00,103.16,103.21,103.21,103.16,19.60957631
2022-03-15 08:25:00,103.16,103.26,103.16,103.19,171.86685297
2022-03-15 08:24:00,103.11,103.15,103.15,103.15,7.01276843
2022-03-15 08:23:00,103.03,103.1,103.03,103.1,42.49031082
2022-03-15 08:22:00,102.96,103.03,103.0,103.03,165.62179734
2022-03-15 08:21:00,102.99,103.08,102.99,103.06,40.50842329
2022-03-15 08:20:00,102.92,103.01,102.97,103.0,187.57877959
2022-03-15 08:19:00,102.92,103.01,103.0,102.98,104.13979416
2022-03-15 08:18:00,103.0,103.1,103.09,103.02,114.44334718
2022-03-15 08:17:00,103.06,103.12,103.07,103.06,52.81097463
2022-03-15 08:16:00,102.96,103.07,102.96,103.06,112.71480754
2022-03-15 08:15:00,102.99,103.17,103.12,102.99,315.04154472
2022-03-15 08:14:00,103.13,103.19,103.15,103.19,124.90260526
2022-03-15 08:13:00,103.08,103.18,103.08,103.16,157.96750179
2022-03-15 08:12:00,103.02,103.09,103.09,103.08,201.0592352
2022-03-15 08:11:00,103.03,103.15,103.14,103.06,53.39491341
2022-03-15 08:10:00,103.04,103.15,103.14,103.14,148.18037658
2022-03-15 08:09:00,103.15,103.33,103.33,103.15,621.03275931
2022-03-15 08:08:00,103.3,103.42,103.4,103.31,143.78908258
2022-03-15 08:07:00,103.14,103.36,103.14,103.36,466.51005974
2022-03-15 08:06:00,103.09,103.14,103.14,103.14,423.24056201
2022-03-15 08:05:00,102.99,103.16,103.07,103.1,122.5379721
2022-03-15 08:04:00,102.94,103.1,102.99,103.02,92.52625253
2022-03-15 08:03:00,102.9,103.04,103.01,102.97,364.28647642
2022-03-15 08:02:00,103.0,103.13,103.13,103.04,297.46240803
2022-03-15 08:01:00,103.13,103.34,103.33,103.14,426.8172163
2022-03-15 08:00:00,103.23,103.34,103.34,103.29,1062.4751756
2022-03-15 07:59:00,103.21,103.38,103.22,103.38,164.67011966
2022-03-15 07:58:00,103.18,103.22,103.19,103.22,1.00410506
2022-03-15 07:57:00,103.12,103.18,103.17,103.13,74.09651211
2022-03-15 07:56:00,103.18,103.24,103.21,103.18,33.78218164
2022-03-15 07:55:00,103.14,103.23,103.18,103.22,134.25415525
2022-03-15 07:54:00,103.08,103.3,103.3,103.18,614.73067092
2022-03-15 07:53:00,103.28,103.46,103.28,103.35,157.942592
2022-03-15 07:52:00,103.25,103.33,103.32,103.25,104.78617551
2022-03-15 07:51:00,103.29,103.39,103.32,103.39,114.6740789
2022-03-15 07:50:00,103.26,103.39,103.26,103.33,75.14089781
2022-03-15 07:49:00,103.13,103.27,103.16,103.27,45.34889049
2022-03-15 07:48:00,103.13,103.22,103.2,103.16,76.31764031
2022-03-15 07:47:00,103.18,103.27,103.26,103.18,78.40202094
2022-03-15 07:46:00,103.28,103.33,103.3,103.28,46.18894502
2022-03-15 07:45:00,103.26,103.32,103.26,103.3,49.01582616
2022-03-15 07:44:00,103.22,103.28,103.28,103.26,37.39423284
2022-03-15 07:43:00,103.21,103.32,103.21,103.32,198.87284988
2022-03-15 07:42:00,103.17,103.23,103.17,103.2,42.55209612
2022-03-15 07:41:00,103.13,103.27,103.18,103.17,268.39887799
2022-03-15 07:40:00,103.18,103.28,103.28,103.2,62.06208337
2022-03-15 07:39:00,103.28,103.37,103.34,103.28,45.65425934
2022-03-15 07:38:00,103.28,103.36,103.35,103.34,73.71385729
2022-03-15 07:37:00,103.3,103.38,103.32,103.38,18.66657151
2022-03-15 07:36:00,103.23,103.34,103.23,103.34,90.18031157
2022-03-15 07:35:00,103.22,103.27,103.24,103.27,29.1149057
2022-03-15 07:34:00,103.13,103.23,103.18,103.23,105.48537998
2022-03-15 07:33:00,103.12,103.18,103.14,103.15,56.74611564
2022-03-15 07:32:00,103.21,103.36,103.36,103.21,45.27998405
2022-03-15 07:31:00,103.31,103.45,103.34,103.45,197.04193516
2022-03-15 07:30:00,103.17,103.3,103.17,103.3,112.22202101
2022-03-15 07:29:00,103.18,103.25,103.22,103.18,116.96177332
2022-03-15 07:28:00,103.07,103.22,103.12,103.22,63.82423283
2022-03-15 07:27:00,103.11,103.22,103.22,103.11,70.03967414
2022-03-15 07:26:00,103.17,103.26,103.26,103.19,59.88207727
2022-03-15 07:25:00,103.17,103.21,103.19,103.21,21.39073137
2022-03-15 07:24:00,103.17,103.28,103.26,103.2,269.57554144
2022-03-15 07:23:00,103.25,103.36,103.25,103.26,153.50994111
2022-03-15 07:22:00,103.12,103.24,103.19,103.24,90.37053258
2022-03-15 07:21:00,103.1,103.19,103.13,103.1,104.49034343
2022-03-15 07:20:00,103.11,103.32,103.15,103.17,199.22490742
2022-03-15 07:19:00,103.11,103.19,103.15,103.11,137.97796891
2022-03-15 07:18:00,102.82,103.15,102.99,103.11,242.54696111
2022-03-15 07:17:00,102.99,103.1,102.99,103.1,16.57146054
2022-03-15 07:16:00,103.08,103.25,103.11,103.09,86.35811959
2022-03-15 07:15:00,102.73,103.11,102.81,103.09,287.18647619
2022-03-15 07:14:00,102.64,102.96,102.67,102.89,389.92303024
2022-03-15 07:13:00,102.51,103.44,103.39,102.61,927.18665595
2022-03-15 07:12:00,103.32,103.98,103.8,103.4,437.76143278
2022-03-15 07:11:00,103.73,104.57,104.57,103.75,1110.97987554
2022-03-15 07:10:00,104.54,104.64,104.64,104.54,75.84300933
2022-03-15 07:09:00,104.55,104.61,104.57,104.58,26.5115799
2022-03-15 07:08:00,104.53,104.61,104.61,104.56,98.79815379
2022-03-15 07:07:00,104.54,104.61,104.57,104.57,5.67129605
2022-03-15 07:06:00,104.56,104.64,104.57,104.59,123.12163365
2022-03-15 07:05:00,104.47,104.63,104.48,104.54,52.67788257
2022-03-15 07:04:00,104.52,104.64,104.64,104.54,96.56593978
2022-03-15 07:03:00,104.67,104.74,104.7,104.67,98.97579387
2022-03-15 07:02:00,104.57,104.7,104.62,104.69,61.20743698
2022-03-15 07:01:00,104.72,104.82,104.79,104.72,99.8254299
2022-03-15 07:00:00,104.79,104.94,104.94,104.79,103.93666025
2022-03-15 06:59:00,104.91,104.99,104.99,104.91,97.62244913
2022-03-15 06:58:00,104.97,105.02,104.97,104.99,8.63500817
2022-03-15 06:57:00,104.9,104.98,104.98,104.97,108.28611349
2022-03-15 06:56:00,104.96,104.99,104.99,104.98,4.17678631
2022-03-15 06:55:00,104.91,105.01,104.91,104.99,136.73854713
2022-03-15 06:54:00,104.94,105.0,105.0,104.94,56.42656172
2022-03-15 06:53:00,104.99,105.02,105.02,105.0,45.31761937
2022-03-15 06:52:00,104.97,105.02,105.0,105.02,11.84811325
2022-03-15 06:51:00,104.97,105.01,105.01,105.0,4.63975582
2022-03-15 06:50:00,104.96,105.05,105.02,105.03,82.17052628
2022-03-15 06:49:00,105.02,105.07,105.04,105.02,4.79367002
2022-03-15 06:48:00,105.02,105.1,105.1,105.08,45.2573241
2022-03-15 06:47:00,105.02,105.07,105.07,105.05,136.19222858
2022-03-15 06:46:00,105.06,105.08,105.08,105.07,4.56202096
2022-03-15 06:45:00,105.05,105.1,105.1,105.09,31.27449916
2022-03-15 06:44:00,105.08,105.11,105.11,105.08,6.61961261
2022-03-15 06:43:00,105.05,105.12,105.05,105.12,32.57681874
2022-03-15 06:42:00,105.0,105.08,105.05,105.08,67.63086802
2022-03-15 06:41:00,104.99,105.07,105.01,105.07,34.13074693
2022-03-15 06:40:00,105.01,105.15,105.14,105.01,51.58196423
2022-03-15 06:39:00,105.08,105.14,105.08,105.1,20.94922835
2022-03-15 06:38:00,105.08,105.18,105.15,105.09,56.74291131
2022-03-15 06:37:00,105.15,105.19,105.18,105.18,16.33004681
2022-03-15 06:36:00,105.14,105.27,105.25,105.17,87.05728412
2022-03-15 06:35:00,105.01,105.28,105.03,105.22,272.40202897
2022-03-15 06:34:00,105.01,105.09,105.01,105.05,74.77401788
2022-03-15 06:33:00,105.01,105.08,105.08,105.04,61.90237602
2022-03-15 06:32:00,105.05,105.12,105.12,105.05,4.21550384
2022-03-15 06:31:00,105.02,105.12,105.02,105.1,34.62708945
2022-03-15 06:30:00,105.01,105.08,105.02,105.03,34.12831347
2022-03-15 06:29:00,105.02,105.1,105.1,105.02,61.40841488
2022-03-15 06:28:00,105.1,105.14,105.14,105.1,7.21653165
2022-03-15 06:27:00,105.08,105.19,105.19,105.08,22.0404099
2022-03-15 06:26:00,105.14,105.18,105.16,105.17,8.2853646
2022-03-15 06:25:00,105.16,105.25,105.25,105.19,34.66479683
2022-03-15 06:24:00,105.22,105.27,105.24,105.23,97.08480562
2022-03-15 06:23:00,105.24,105.29,105.28,105.26,63.88463221
2022-03-15 06:22:00,105.26,105.32,105.32,105.28,21.68624651
2022-03-15 06:21:00,105.28,105.31,105.3,105.31,18.93355583
2022-03-15 06:20:00,105.22,105.29,105.25,105.24,73.79892622
2022-03-15 06:19:00,105.14,105.36,105.14,105.27,704.4886132
2022-03-15 06:18:00,105.09,105.26,105.26,105.15,215.77249948
2022-03-15 06:17:00,105.1,105.37,105.15,105.24,349.08305792
2022-03-15 06:16:00,105.02,105.13,105.02,105.12,297.24555914
2022-03-15 06:15:00,104.99,105.05,104.99,105.04,41.12762446
2022-03-15 06:14:00,104.98,105.04,105.04,104.99,169.46984972
2022-03-15 06:13:00,105.02,105.08,105.04,105.02,13.5527131
2022-03-15 06:12:00,105.01,105.11,105.11,105.08,114.56248151
2022-03-15 06:11:00,104.97,105.05,105.01,105.04,40.52219634
2022-03-15 06:10:00,104.86,105.01,104.89,105.01,215.03507879
2022-03-15 06:09:00,104.88,104.92,104.92,104.9,34.9395378
2022-03-15 06:08:00,104.77,104.89,104.77,104.89,93.90953247
2022-03-15 06:07:00,104.76,104.8,104.79,104.77,9.28732196
2022-03-15 06:06:00,104.73,104.8,104.73,104.76,38.07017138
2022-03-15 06:05:00,104.72,104.82,104.72,104.72,111.76277681
2022-03-15 06:04:00,104.64,104.71,104.64,104.71,59.0942104
2022-03-15 06:03:00,104.63,104.66,104.63,104.64,76.08369709
2022-03-15 06:02:00,104.63,104.69,104.67,104.64,109.95633601
2022-03-15 06:01:00,104.68,104.76,104.7,104.68,661.94838421
2022-03-15 06:00:00,104.68,104.74,104.74,104.68,71.29575254
2022-03-15 05:59:00,104.7,104.75,104.74,104.73,79.16296078
2022-03-15 05:58:00,104.71,104.79,104.71,104.74,30.93750656
2022-03-15 05:57:00,104.67,104.73,104.73,104.72,44.9710193
2022-03-15 05:56:00,104.75,104.75,104.75,104.75,4.05294076
2022-03-15 05:55:00,104.71,104.76,104.71,104.75,6.10473991
2022-03-15 05:54:00,104.68,104.77,104.74,104.68,167.78120196
2022-03-15 05:53:00,104.67,104.76,104.71,104.74,129.25308789
2022-03-15 05:52:00,104.71,104.8,104.79,104.74,69.66125059
2022-03-15 05:51:00,104.76,104.81,104.81,104.79,52.04005312
2022-03-15 05:50:00,104.74,104.81,104.79,104.8,69.88654451
2022-03-15 05:49:00,104.75,104.79,104.75,104.78,43.47711399
2022-03-15 05:48:00,104.73,104.75,104.74,104.74,33.14713244
2022-03-15 05:47:00,104.74,104.8,104.77,104.76,30.83454602
2022-03-15 05:46:00,104.72,104.82,104.72,104.82,158.10842762
2022-03-15 05:45:00,104.72,104.79,104.79,104.72,83.90477716
2022-03-15 05:44:00,104.74,104.83,104.81,104.8,197.53055297
2022-03-15 05:43:00,104.81,104.86,104.86,104.81,216.93565258
2022-03-15 05:42:00,104.8,104.86,104.82,104.86,40.74355386
2022-03-15 05:41:00,104.78,104.82,104.81,104.81,15.92457323
2022-03-15 05:40:00,104.78,104.83,104.81,104.81,154.31003766
2022-03-15 05:39:00,104.81,104.85,104.85,104.84,12.38775101
2022-03-15 05:38:00,104.82,104.9,104.84,104.84,144.06131992
2022-03-15 05:37:00,104.84,104.88,104.86,104.85,38.1672736
2022-03-15 05:36:00,104.82,104.87,104.82,104.82,129.25318619
2022-03-15 05:35:00,104.81,104.92,104.82,104.85,293.52964138
2022-03-15 05:34:00,104.71,104.8,104.71,104.8,89.20858958
2022-03-15 05:33:00,104.66,104.69,104.68,104.69,18.05584804
2022-03-15 05:32:00,104.63,104.69,104.63,104.69,6.93633771
2022-03-15 05:31:00,104.62,104.69,104.62,104.66,110.32503812
2022-03-15 05:30:00,104.57,104.63,104.57,104.62,8.77580777
2022-03-15 05:29:00,104.51,104.56,104.53,104.54,201.29297253
2022-03-15 05:28:00,104.47,104.59,104.47,104.56,24.03264411
2022-03-15 15:28:00,104.69,104.79,104.69,104.78,202.22351014
2022-03-15 15:27:00,104.61,104.69,104.65,104.66,86.50153387
2022-03-15 15:26:00,104.63,104.73,104.7,104.63,205.71418905
2022-03-15 15:25:00,104.73,104.89,104.79,104.77,146.59556874
2022-03-15 15:24:00,104.73,104.86,104.86,104.79,57.2638935
2022-03-15 15:23:00,104.82,104.87,104.84,104.85,74.36325798
2022-03-15 15:22:00,104.8,104.87,104.86,104.84,89.97572726
2022-03-15 15:21:00,104.78,104.86,104.86,104.85,160.22236184
2022-03-15 15:20:00,104.81,104.88,104.85,104.88,253.43388072
2022-03-15 15:19:00,104.71,104.82,104.74,104.82,145.90397018
2022-03-15 15:18:00,104.63,104.74,104.73,104.74,203.594868
2022-03-15 15:17:00,104.63,104.72,104.64,104.72,134.75517058
2022-03-15 15:16:00,104.59,104.68,104.66,104.62,184.49851058
2022-03-15 15:15:00,104.68,104.77,104.71,104.68,135.63154787
2022-03-15 15:14:00,104.56,104.74,104.57,104.74,162.77253737
2022-03-15 15:13:00,104.51,104.58,104.51,104.58,78.18146174
2022-03-15 15:12:00,104.45,104.54,104.48,104.54,46.4159798
2022-03-15 15:11:00,104.46,104.54,104.51,104.48,279.50458502
2022-03-15 15:10:00,104.47,104.56,104.56,104.47,78.40256549
2022-03-15 15:09:00,104.5,104.57,104.56,104.56,222.84359333
2022-03-15 15:08:00,104.5,104.57,104.51,104.56,96.72249878
2022-03-15 15:07:00,104.47,104.52,104.49,104.51,11.37020462
2022-03-15 15:06:00,104.42,104.5,104.46,104.48,145.26154021
2022-03-15 15:05:00,104.45,104.57,104.52,104.47,84.79777645
2022-03-15 15:04:00,104.45,104.54,104.5,104.52,33.92292955
2022-03-15 15:03:00,104.37,104.47,104.37,104.47,107.130644
2022-03-15 15:02:00,104.35,104.53,104.52,104.36,181.36555857
2022-03-15 15:01:00,104.43,104.56,104.49,104.55,794.29173573
2022-03-15 15:00:00,104.5,104.59,104.54,104.5,315.96844539
2022-03-15 14:59:00,104.53,104.62,104.59,104.53,188.76931319
2022-03-15 14:58:00,104.52,104.61,104.61,104.59,208.44814567
2022-03-15 14:57:00,104.58,104.65,104.64,104.59,254.46815325
2022-03-15 14:56:00,104.53,104.64,104.62,104.64,200.18550577
2022-03-15 14:55:00,104.62,104.71,104.71,104.64,167.74720948
2022-03-15 14:54:00,104.51,104.78,104.51,104.78,225.92199206
2022-03-15 14:53:00,104.49,104.53,104.5,104.5,87.95017947
2022-03-15 14:52:00,104.47,104.63,104.6,104.53,380.566799
2022-03-15 14:51:00,104.57,104.69,104.69,104.6,31.06058835
2022-03-15 14:50:00,104.62,104.71,104.65,104.68,792.91207811
2022-03-15 14:49:00,104.59,104.67,104.59,104.63,185.66250105
2022-03-15 14:48:00,104.45,104.59,104.47,104.55,61.31508368
2022-03-15 14:47:00,104.42,104.61,104.57,104.47,75.10908478
2022-03-15 14:46:00,104.54,104.6,104.59,104.57,70.35168878
2022-03-15 14:45:00,104.54,104.64,104.63,104.57,134.68392679
2022-03-15 14:44:00,104.59,104.66,104.59,104.61,105.67623279
2022-03-15 14:43:00,104.51,104.63,104.51,104.63,93.33547598
2022-03-15 14:42:00,104.5,104.58,104.5,104.5,91.42419883
2022-03-15 14:41:00,104.43,104.5,104.49,104.5,49.49940421
2022-03-15 14:40:00,104.4,104.49,104.43,104.48,44.16311712
2022-03-15 14:39:00,104.39,104.44,104.41,104.43,54.97616272
2022-03-15 14:38:00,104.41,104.53,104.44,104.51,204.92801008
2022-03-15 14:37:00,104.36,104.48,104.42,104.45,167.1654205
2022-03-15 14:36:00,104.36,104.51,104.36,104.46,85.18473954
2022-03-15 14:35:00,104.14,104.31,104.14,104.27,93.62016627
2022-03-15 14:34:00,104.1,104.32,104.32,104.13,151.10285671
2022-03-15 14:33:00,104.28,104.63,104.63,104.28,353.9170171
2022-03-15 14:32:00,104.64,104.69,104.66,104.67,17.39662623
2022-03-15 14:31:00,104.59,104.75,104.7,104.67,192.76942522
2022-03-15 14:30:00,104.44,104.78,104.44,104.68,319.36593415
2022-03-15 14:29:00,104.27,104.41,104.31,104.38,299.3061127
2022-03-15 14:28:00,103.92,104.34,103.95,104.34,226.33135147
2022-03-15 14:27:00,103.81,103.95,103.82,103.95,38.41072913
2022-03-15 14:26:00,103.81,103.86,103.86,103.84,38.46891858
2022-03-15 14:25:00,103.82,103.88,103.85,103.82,47.17159508
2022-03-15 14:24:00,103.67,103.84,103.73,103.84,210.63381708
2022-03-15 14:23:00,103.67,103.75,103.7,103.72,172.17480521
2022-03-15 14:22:00,103.69,103.77,103.77,103.69,36.18104098
2022-03-15 14:21:00,103.69,103.79,103.69,103.75,59.35438427
2022-03-15 14:20:00,103.65,103.72,103.7,103.68,48.39393946
2022-03-15 14:19:00,103.66,103.79,103.75,103.7,112.70602992
2022-03-15 14:18:00,103.7,103.81,103.73,103.75,49.73840883
2022-03-15 14:17:00,103.7,103.84,103.84,103.73,302.7541003
2022-03-15 14:16:00,103.58,103.86,103.58,103.84,150.43372958
2022-03-15 14:15:00,103.57,103.94,103.89,103.59,423.54436053
2022-03-15 14:14:00,103.85,103.95,103.95,103.91,233.27504715
2022-03-15 14:13:00,103.84,103.97,103.91,103.92,157.42916193
2022-03-15 14:12:00,103.86,104.0,103.86,103.93,57.44028743
2022-03-15 14:11:00,103.82,103.97,103.82,103.86,312.72110353
2022-03-15 14:10:00,103.82,104.04,103.96,103.82,298.88022654
2022-03-15 14:09:00,103.88,104.02,104.02,103.94,75.83253123
2022-03-15 14:08:00,103.99,104.15,103.99,104.1,168.60164693
2022-03-15 14:07:00,103.9,104.06,103.99,103.99,237.93455442
2022-03-15 14:06:00,103.98,104.19,104.13,103.99,69.68074417
2022-03-15 14:05:00,103.8,104.12,103.81,104.11,327.40358659
2022-03-15 14:04:00,103.78,103.9,103.78,103.82,101.10118375
2022-03-15 14:03:00,103.72,103.79,103.74,103.76,58.96648765
2022-03-15 14:02:00,103.7,103.76,103.73,103.76,281.48899385
2022-03-15 14:01:00,103.73,103.98,103.92,103.73,464.88008469
2022-03-15 14:00:00,103.82,103.91,103.82,103.91,110.02264043
2022-03-15 13:59:00,103.72,103.79,103.73,103.79,70.99341177
2022-03-15 13:58:00,103.68,103.74,103.71,103.74,115.61771
2022-03-15 13:57:00,103.68,103.82,103.82,103.7,79.95511652
2022-03-15 13:56:00,103.72,103.8,103.72,103.73,214.9916169
2022-03-15 13:55:00,103.6,103.73,103.62,103.71,196.23566133
2022-03-15 13:54:00,103.59,103.81,103.81,103.6,132.70531124
2022-03-15 13:53:00,103.78,103.84,103.79,103.79,129.64854746
2022-03-15 13:52:00,103.81,103.99,103.81,103.84,375.56751125
2022-03-15 13:51:00,103.62,103.82,103.65,103.79,48.86824522
2022-03-15 13:50:00,103.61,103.74,103.61,103.64,225.08572857
2022-03-15 13:49:00,103.45,103.58,103.45,103.56,107.28441124
2022-03-15 13:48:00,103.41,103.52,103.52,103.45,146.39197492
2022-03-15 13:47:00,103.41,103.56,103.44,103.5,184.10862072
2022-03-15 13:46:00,103.4,103.55,103.53,103.44,16.78196512
2022-03-15 13:45:00,103.53,103.66,103.64,103.55,77.53639322
2022-03-15 13:44:00,103.53,103.59,103.53,103.59,108.76303145
2022-03-15 13:43:00,103.39,103.49,103.39,103.48,500.1523808
2022-03-15 13:42:00,103.29,103.52,103.52,103.37,318.07871561
2022-03-15 13:41:00,103.42,103.89,103.89,103.51,1103.53766737
2022-03-15 13:40:00,103.89,103.99,103.89,103.9,123.4437208
2022-03-15 13:39:00,103.8,103.93,103.83,103.91,650.62896056
2022-03-15 13:38:00,103.8,104.08,104.07,103.82,840.31927092
2022-03-15 13:37:00,104.02,104.11,104.05,104.02,154.14584355
2022-03-15 13:36:00,104.03,104.22,104.22,104.05,113.22417796
2022-03-15 13:35:00,104.16,104.31,104.16,104.22,275.05644098
2022-03-15 13:34:00,104.06,104.28,104.28,104.13,146.37333465
2022-03-15 13:33:00,104.21,104.28,104.24,104.23,36.15568147
2022-03-15 13:32:00,104.2,104.28,104.2,104.27,41.47948156
2022-03-15 13:31:00,104.18,104.3,104.22,104.23,284.39774269
2022-03-15 13:30:00,104.2,104.31,104.21,104.22,125.51278103
2022-03-15 13:29:00,104.16,104.24,104.24,104.19,60.77637453
2022-03-15 13:28:00,104.16,104.24,104.16,104.24,67.61077151
2022-03-15 13:27:00,104.18,104.2,104.18,104.19,92.67812152
2022-03-15 13:26:00,104.09,104.19,104.09,104.19,31.9782091
2022-03-15 13:25:00,104.06,104.21,104.17,104.08,44.44757618
2022-03-15 13:24:00,104.17,104.29,104.28,104.17,49.92605907
2022-03-15 13:23:00,104.22,104.36,104.36,104.28,307.8667787
2022-03-15 13:22:00,104.31,104.39,104.38,104.36,158.6632217
2022-03-15 13:21:00,104.33,104.42,104.42,104.35,29.83464725
2022-03-15 13:20:00,104.39,104.44,104.4,104.43,51.48969296
2022-03-15 13:19:00,104.4,104.44,104.44,104.43,11.19158643
2022-03-15 13:18:00,104.41,104.46,104.43,104.44,44.98321831
2022-03-15 13:17:00,104.44,104.52,104.5,104.46,64.23212917
2022-03-15 13:16:00,104.47,104.54,104.48,104.54,39.53696564
2022-03-15 13:15:00,104.44,104.5,104.48,104.47,69.29833594
2022-03-15 13:14:00,104.47,104.56,104.55,104.47,171.07922086
2022-03-15 13:13:00,104.5,104.56,104.54,104.5,134.87297217
2022-03-15 13:12:00,104.54,104.62,104.56,104.57,116.35680842
2022-03-15 13:11:00,104.48,104.59,104.51,104.56,100.83462367
2022-03-15 13:10:00,104.4,104.51,104.43,104.51,143.65033382
2022-03-15 13:09:00,104.39,104.46,104.46,104.43,14.79399405
2022-03-15 13:08:00,104.38,104.48,104.39,104.48,83.35510814
2022-03-15 13:07:00,104.36,104.4,104.37,104.4,67.22461964
2022-03-15 13:06:00,104.36,104.39,104.39,104.37,5.20881209
2022-03-15 13:05:00,104.38,104.43,104.38,104.38,139.27255895
2022-03-15 13:04:00,104.45,104.5,104.5,104.45,71.57928366
2022-03-15 13:03:00,104.43,104.5,104.48,104.45,41.83990933
2022-03-15 13:02:00,104.44,104.57,104.55,104.46,215.28332893
2022-03-15 13:01:00,104.53,104.57,104.55,104.57,45.46288196
2022-03-15 13:00:00,104.5,104.57,104.55,104.53,70.95050636
2022-03-15 12:59:00,104.53,104.59,104.56,104.55,25.67801156
2022-03-15 12:58:00,104.52,104.57,104.55,104.53,137.89280561
2022-03-15 12:57:00,104.5,104.54,104.51,104.54,9.07315875
2022-03-15 12:56:00,104.46,104.53,104.51,104.49,32.55689277
2022-03-15 12:55:00,104.48,104.59,104.56,104.48,165.55707985
2022-03-15 12:54:00,104.51,104.56,104.51,104.55,12.39990855
2022-03-15 12:53:00,104.47,104.49,104.47,104.48,19.63258463
2022-03-15 12:52:00,104.44,104.52,104.46,104.47,68.22680374
2022-03-15 12:51:00,104.42,104.48,104.43,104.46,151.94666602
2022-03-15 12:50:00,104.4,104.52,104.49,104.43,79.12987075
2022-03-15 12:49:00,104.5,104.52,104.52,104.52,18.60602992
2022-03-15 12:48:00,104.47,104.5,104.48,104.49,14.01820909
2022-03-15 12:47:00,104.48,104.53,104.52,104.51,43.12770898
2022-03-15 12:46:00,104.49,104.54,104.49,104.54,24.54736311
2022-03-15 12:45:00,104.5,104.61,104.58,104.51,68.97164244
2022-03-15 12:44:00,104.6,104.67,104.66,104.6,79.85489119
2022-03-15 12:43:00,104.52,104.67,104.56,104.65,239.47512282
2022-03-15 12:42:00,104.5,104.58,104.58,104.56,61.75674699
2022-03-15 12:41:00,104.56,104.62,104.58,104.62,92.74964457
2022-03-15 12:40:00,104.55,104.59,104.59,104.58,47.13803638
2022-03-15 12:39:00,104.56,104.63,104.61,104.56,58.35226914
2022-03-15 12:38:00,104.54,104.61,104.56,104.6,115.17543695
2022-03-15 12:37:00,104.55,104.61,104.57,104.56,80.85852183
2022-03-15 12:36:00,104.52,104.58,104.55,104.57,46.69124606
2022-03-15 12:35:00,104.57,104.66,104.66,104.57,33.40800885
2022-03-15 12:34:00,104.6,104.78,104.75,104.66,84.08038166
2022-03-15 12:33:00,104.59,104.75,104.61,104.75,68.01762243
2022-03-15 12:32:00,104.52,104.63,104.52,104.61,276.00486801
2022-03-15 12:31:00,104.43,104.5,104.46,104.5,111.64018611
2022-03-15 12:30:00,104.2,104.58,104.24,104.49,676.06673401
2022-03-15 12:29:00,104.19,104.25,104.24,104.23,41.60718141
2022-03-15 12:28:00,104.21,104.26,104.23,104.26,71.95586061
2022-03-15 12:27:00,104.13,104.26,104.14,104.26,230.09982687
2022-03-15 12:26:00,104.1,104.22,104.14,104.14,296.69768767
2022-03-15 12:25:00,104.13,104.19,104.19,104.17,60.59639861
2022-03-15 12:24:00,104.16,104.19,104.19,104.17,28.74386521
2022-03-15 12:23:00,104.17,104.26,104.23,104.17,53.50965491
2022-03-15 12:22:00,104.18,104.27,104.22,104.25,131.49588938
2022-03-15 12:21:00,104.22,104.29,104.25,104.22,215.44246501
2022-03-15 12:20:00,104.23,104.32,104.3,104.23,81.10268885
2022-03-15 12:19:00,104.28,104.33,104.28,104.33,22.39550337
2022-03-15 12:18:00,104.19,104.31,104.25,104.31,69.53270286
2022-03-15 12:17:00,104.19,104.25,104.19,104.23,10.16503826
2022-03-15 12:16:00,104.17,104.24,104.22,104.19,130.06024035
2022-03-15 12:15:00,104.13,104.23,104.13,104.2,97.52740078
2022-03-15 12:14:00,104.13,104.23,104.21,104.15,36.48173897
2022-03-15 12:13:00,104.2,104.25,104.25,104.21,42.0696714
2022-03-15 12:12:00,104.17,104.26,104.21,104.26,35.14034596
2022-03-15 12:11:00,104.09,104.24,104.09,104.24,48.45916349
2022-03-15 12:10:00,104.07,104.15,104.13,104.09,27.41026489
2022-03-15 12:09:00,104.04,104.13,104.06,104.13,83.35080632
2022-03-15 12:08:00,104.02,104.06,104.02,104.06,6.59714821
2022-03-15 12:07:00,104.06,104.13,104.13,104.06,21.90968361
2022-03-15 12:06:00,104.1,104.15,104.13,104.11,3.6909942
2022-03-15 12:05:00,104.1,104.13,104.11,104.11,118.13627897
2022-03-15 12:04:00,104.08,104.1,104.08,104.09,70.4246592
2022-03-15 12:03:00,104.0,104.12,104.03,104.09,317.86125521
2022-03-15 12:02:00,103.96,104.12,104.06,104.03,169.45653682
2022-03-15 12:01:00,104.03,104.17,104.08,104.06,231.28675023
2022-03-15 12:00:00,103.87,104.04,103.93,104.04,145.32404776
2022-03-15 11:59:00,103.95,104.0,103.96,103.96,73.9436976
2022-03-15 11:58:00,103.93,103.98,103.96,103.96,7.73854833
2022-03-15 11:57:00,103.91,104.0,103.92,104.0,78.64359507
2022-03-15 11:56:00,103.9,103.94,103.94,103.92,18.54055229
2022-03-15 11:55:00,103.82,103.89,103.84,103.86,112.94408981
2022-03-15 11:54:00,103.79,103.88,103.82,103.84,37.67326953
2022-03-15 11:53:00,103.79,103.82,103.79,103.82,30.51690128
2022-03-15 11:52:00,103.76,103.79,103.76,103.79,5.07056029
2022-03-15 11:51:00,103.71,103.79,103.72,103.79,68.50704385
2022-03-15 11:50:00,103.72,103.77,103.72,103.72,16.5805892
2022-03-15 11:49:00,103.73,103.84,103.84,103.78,94.57851459
2022-03-15 11:48:00,103.78,103.89,103.86,103.88,394.52142205
2022-03-15 11:47:00,103.84,103.95,103.93,103.84,23.22169194
2022-03-15 11:46:00,103.92,103.98,103.95,103.97,153.22237953
2022-03-15 11:45:00,103.93,104.0,104.0,103.95,29.82069391
2022-03-15 11:44:00,104.02,104.06,104.03,104.05,59.80678723
2022-03-15 11:43:00,104.03,104.08,104.05,104.04,56.53392226
2022-03-15 11:42:00,104.01,104.09,104.06,104.01,1.54983228
2022-03-15 11:41:00,103.99,104.06,103.99,104.06,86.42034457
2022-03-15 11:40:00,103.99,104.06,104.05,104.02,89.67706363
2022-03-15 11:39:00,104.05,104.07,104.07,104.06,23.14180543
2022-03-15 11:38:00,103.97,104.07,103.97,104.05,48.99847613
2022-03-15 11:37:00,103.96,103.98,103.98,103.96,2.13920348
2022-03-15 11:36:00,103.93,104.04,103.97,104.02,38.14341043
2022-03-15 11:35:00,103.92,103.94,103.92,103.94,9.30769505
2022-03-15 11:34:00,103.88,103.94,103.94,103.92,150.99156635
2022-03-15 11:33:00,103.86,103.96,103.9,103.95,419.42283586
2022-03-15 11:32:00,103.89,103.94,103.91,103.94,151.21373991
2022-03-15 11:31:00,103.93,103.96,103.93,103.93,63.99681675
2022-03-15 11:30:00,103.93,103.97,103.93,103.93,131.24906339
2022-03-15 11:29:00,103.88,103.96,103.88,103.96,159.28938233
2022-03-15 11:28:00,103.86,103.88,103.86,103.88,0.4623615
2022-03-15 11:27:00,103.84,103.89,103.88,103.89,41.33075029
2022-03-15 11:26:00,103.86,103.89,103.86,103.89,30.13582926
2022-03-15 11:25:00,103.85,103.9,103.87,103.85,64.377799
2022-03-15 11:24:00,103.83,103.9,103.83,103.9,44.41887323
2022-03-15 11:23:00,103.84,103.89,103.87,103.87,29.70144014
2022-03-15 11:22:00,103.87,103.97,103.97,103.92,273.21618362
2022-03-15 11:21:00,103.93,103.99,103.97,103.97,56.42734714
2022-03-15 11:20:00,103.93,104.01,104.01,103.97,2.83992224
2022-03-15 11:19:00,103.93,104.01,103.98,103.97,107.18295373
2022-03-15 11:18:00,103.98,104.02,103.98,104.0,4.5579554
2022-03-15 11:17:00,103.89,103.98,103.92,103.98,4.95677927
2022-03-15 11:16:00,103.91,103.99,103.93,103.91,61.00208999
2022-03-15 11:15:00,103.85,103.99,103.85,103.93,109.30131478
2022-03-15 11:14:00,103.87,103.92,103.87,103.88,22.48232758
2022-03-15 11:13:00,103.82,103.87,103.84,103.83,64.69646097
2022-03-15 11:12:00,103.81,103.9,103.84,103.81,41.72385963
2022-03-15 11:11:00,103.81,103.88,103.81,103.88,192.89049958
2022-03-15 11:10:00,103.77,103.82,103.8,103.78,10.43037421
2022-03-15 11:09:00,103.8,103.86,103.83,103.82,155.62036138
2022-03-15 11:08:00,103.78,103.84,103.84,103.83,35.33422135
2022-03-15 11:07:00,103.8,103.89,103.85,103.8,59.04647632
2022-03-15 11:06:00,103.81,103.88,103.84,103.84,20.32516805
2022-03-15 11:05:00,103.77,103.9,103.89,103.81,212.37151442
2022-03-15 11:04:00,103.88,103.91,103.91,103.88,121.94834559
2022-03-15 11:03:00,103.79,103.94,103.82,103.91,108.56895967
2022-03-15 11:02:00,103.8,103.84,103.84,103.84,24.64666756
2022-03-15 11:01:00,103.8,103.83,103.82,103.83,54.25732369
2022-03-15 11:00:00,103.82,103.86,103.83,103.84,38.95252632
2022-03-15 10:59:00,103.76,103.77,103.76,103.77,66.39307
2022-03-15 10:58:00,103.7,103.77,103.77,103.76,123.18056671
2022-03-15 10:57:00,103.77,103.8,103.8,103.77,20.76356566
2022-03-15 10:56:00,103.79,103.88,103.82,103.83,63.5462317
2022-03-15 10:55:00,103.65,103.81,103.68,103.81,154.2950918
2022-03-15 10:54:00,103.6,103.67,103.64,103.65,91.51996601
2022-03-15 10:53:00,103.53,103.65,103.53,103.6,69.10692891
2022-03-15 10:52:00,103.46,103.51,103.49,103.48,102.30774596
2022-03-15 10:51:00,103.43,103.49,103.45,103.47,51.60688017
2022-03-15 10:50:00,103.39,103.45,103.39,103.45,105.04705339
2022-03-15 10:49:00,103.43,103.46,103.43,103.44,6.74684173
2022-03-15 10:48:00,103.43,103.5,103.49,103.47,144.79762628
2022-03-15 10:47:00,103.49,103.53,103.53,103.5,18.95329542
2022-03-15 10:46:00,103.46,103.52,103.47,103.48,35.74738569
2022-03-15 10:45:00,103.5,103.53,103.53,103.52,52.63256997
2022-03-15 10:44:00,103.5,103.62,103.62,103.5,40.71959761
2022-03-15 10:43:00,103.61,103.64,103.62,103.63,78.0173122
2022-03-15 10:42:00,103.59,103.63,103.6,103.62,21.27816653
2022-03-15 10:41:00,103.6,103.63,103.62,103.6,3.03291555
2022-03-15 10:40:00,103.55,103.62,103.55,103.58,64.30365542
2022-03-15 10:39:00,103.5,103.55,103.51,103.52,76.10776389
2022-03-15 10:38:00,103.52,103.55,103.55,103.52,2.19215173
2022-03-15 10:37:00,103.5,103.55,103.51,103.54,9.78043844
2022-03-15 10:36:00,103.5,103.58,103.58,103.53,69.59389575
2022-03-15 10:35:00,103.54,103.64,103.64,103.54,207.62172936
2022-03-15 10:34:00,103.62,103.67,103.63,103.67,84.22452361
2022-03-15 10:33:00,103.62,103.69,103.65,103.62,46.81668415
2022-03-15 10:32:00,103.65,103.74,103.65,103.71,147.61195802
2022-03-15 10:31:00,103.59,103.68,103.65,103.68,51.43054383
2022-03-15 10:30:00,103.59,103.67,103.6,103.65,135.79270552
2022-03-15 10:29:00,103.59,103.63,103.6,103.6,12.06776176
2022-03-15 10:28:00,103.56,103.6,103.56,103.59,11.31220393
2022-03-15 20:28:00,107.69,107.74,107.72,107.69,75.01890873
2022-03-15 20:27:00,107.66,107.8,107.79,107.72,157.72328385
2022-03-15 20:26:00,107.75,107.9,107.88,107.77,197.82361017
2022-03-15 20:25:00,107.78,107.91,107.79,107.88,390.27931984
2022-03-15 20:24:00,107.75,107.82,107.78,107.82,53.4622063
2022-03-15 20:23:00,107.63,107.8,107.7,107.73,268.87906858
2022-03-15 20:22:00,107.66,107.78,107.78,107.66,66.2558021
2022-03-15 20:21:00,107.75,107.85,107.83,107.75,87.61572706
2022-03-15 20:20:00,107.8,107.88,107.8,107.84,71.09243006
2022-03-15 20:19:00,107.78,107.87,107.84,107.82,55.23793117
2022-03-15 20:18:00,107.71,107.83,107.71,107.81,96.05621795
2022-03-15 20:17:00,107.65,107.73,107.71,107.68,93.57384589
2022-03-15 20:16:00,107.67,107.89,107.88,107.71,243.85493565
2022-03-15 20:15:00,107.86,108.18,108.03,107.87,349.52041607
2022-03-15 20:14:00,107.94,108.03,107.94,107.99,191.59488501
2022-03-15 20:13:00,107.94,108.16,108.12,107.97,454.3893719
2022-03-15 20:12:00,108.1,108.26,108.21,108.18,349.10977752
2022-03-15 20:11:00,108.1,108.3,108.19,108.24,181.97531072
2022-03-15 20:10:00,108.08,108.24,108.08,108.24,171.68374452
2022-03-15 20:09:00,108.05,108.14,108.09,108.05,98.34166135
2022-03-15 20:08:00,108.07,108.16,108.1,108.08,115.48380053
2022-03-15 20:07:00,108.07,108.25,108.22,108.1,227.7975439
2022-03-15 20:06:00,108.26,108.48,108.48,108.27,163.17557034
2022-03-15 20:05:00,108.47,108.55,108.51,108.51,96.76867714
2022-03-15 20:04:00,108.43,108.53,108.5,108.51,107.9396528
2022-03-15 20:03:00,108.53,108.62,108.56,108.53,304.06138495
2022-03-15 20:02:00,108.49,108.59,108.58,108.56,482.9695377
2022-03-15 20:01:00,108.5,108.64,108.5,108.56,157.38025945
2022-03-15 20:00:00,108.22,108.49,108.22,108.49,617.56466994
2022-03-15 19:59:00,108.09,108.23,108.15,108.23,229.54331608
2022-03-15 19:58:00,108.07,108.17,108.17,108.09,571.26439707
2022-03-15 19:57:00,108.09,108.2,108.2,108.17,239.86547659
2022-03-15 19:56:00,108.17,108.26,108.17,108.2,111.43230036
2022-03-15 19:55:00,108.15,108.27,108.27,108.18,193.19935985
2022-03-15 19:54:00,108.16,108.34,108.19,108.29,324.29919556
2022-03-15 19:53:00,107.97,108.19,108.0,108.19,414.30355364
2022-03-15 19:52:00,107.93,108.04,107.94,107.99,132.34156529
2022-03-15 19:51:00,107.9,108.13,108.12,107.95,358.23333909
2022-03-15 19:50:00,108.02,108.13,108.1,108.12,249.40341643
2022-03-15 19:49:00,108.01,108.09,108.07,108.09,85.09398259
2022-03-15 19:48:00,107.99,108.07,108.02,108.07,78.24534123
2022-03-15 19:47:00,107.98,108.06,108.03,107.98,68.32575888
2022-03-15 19:46:00,107.96,108.08,108.03,108.03,204.80032392
2022-03-15 19:45:00,108.03,108.23,108.21,108.03,53.59448269
2022-03-15 19:44:00,108.06,108.2,108.06,108.13,203.62407373
2022-03-15 19:43:00,108.03,108.14,108.05,108.03,146.05605605
2022-03-15 19:42:00,108.03,108.12,108.09,108.12,118.19017072
2022-03-15 19:41:00,108.0,108.13,108.05,108.09,424.21266594
2022-03-15 19:40:00,108.02,108.15,108.09,108.02,209.69218547
2022-03-15 19:39:00,108.06,108.13,108.06,108.12,96.55487825
2022-03-15 19:38:00,108.06,108.13,108.13,108.09,146.39800515
2022-03-15 19:37:00,108.06,108.15,108.08,108.09,198.04129842
2022-03-15 19:36:00,107.88,108.14,107.95,108.12,714.10512781
2022-03-15 19:35:00,107.82,107.98,107.86,107.96,180.40516381
2022-03-15 19:34:00,107.87,107.95,107.95,107.9,154.21420917
2022-03-15 19:33:00,107.94,108.03,107.94,107.97,124.11551318
2022-03-15 19:32:00,107.81,107.95,107.81,107.93,123.87830891
2022-03-15 19:31:00,107.77,107.92,107.89,107.79,436.23530498
2022-03-15 19:30:00,107.84,107.99,107.92,107.89,345.89630676
2022-03-15 19:29:00,107.84,107.91,107.86,107.87,160.06169727
2022-03-15 19:28:00,107.72,107.86,107.77,107.84,218.13506976
2022-03-15 19:27:00,107.72,107.86,107.81,107.72,395.40072208
2022-03-15 19:26:00,107.81,107.89,107.85,107.85,125.38534634
2022-03-15 19:25:00,107.83,107.89,107.89,107.85,155.19682652
2022-03-15 19:24:00,107.83,107.91,107.89,107.89,178.03190749
2022-03-15 19:23:00,107.85,107.99,107.99,107.89,34.04380632
2022-03-15 19:22:00,107.95,108.0,107.96,107.95,78.39113882
2022-03-15 19:21:00,107.67,108.03,107.72,107.97,340.15737142
2022-03-15 19:20:00,107.68,107.94,107.85,107.74,318.86065514
2022-03-15 19:19:00,107.85,108.08,108.04,107.85,179.43907315
2022-03-15 19:18:00,107.94,108.03,107.94,108.03,67.81797065
2022-03-15 19:17:00,107.86,107.94,107.86,107.94,66.46766548
2022-03-15 19:16:00,107.9,108.01,107.92,107.93,60.72818133
2022-03-15 19:15:00,107.82,107.92,107.85,107.92,55.78168785
2022-03-15 19:14:00,107.8,108.01,108.01,107.84,268.48442788
2022-03-15 19:13:00,107.92,108.05,108.03,108.01,276.31004272
2022-03-15 19:12:00,108.01,108.12,108.04,108.03,93.25040522
2022-03-15 19:11:00,107.97,108.2,107.97,108.11,315.7669407
2022-03-15 19:10:00,107.85,107.99,107.85,107.97,151.44488987
2022-03-15 19:09:00,107.78,107.98,107.98,107.85,258.32702735
2022-03-15 19:08:00,107.93,108.03,107.95,107.95,171.86594238
2022-03-15 19:07:00,107.82,107.94,107.87,107.94,204.19012041
2022-03-15 19:06:00,107.76,107.94,107.76,107.9,273.1556026
2022-03-15 19:05:00,107.53,107.76,107.53,107.76,192.19854561
2022-03-15 19:04:00,107.53,107.61,107.58,107.56,50.22988925
2022-03-15 19:03:00,107.58,107.65,107.6,107.58,92.15938846
2022-03-15 19:02:00,107.52,107.78,107.52,107.65,644.25272788
2022-03-15 19:01:00,107.42,107.54,107.47,107.51,205.71366459
2022-03-15 19:00:00,107.36,107.51,107.47,107.49,251.95941121
2022-03-15 18:59:00,107.2,107.62,107.23,107.48,1200.44835649
2022-03-15 18:58:00,107.08,107.25,107.08,107.25,132.59850526
2022-03-15 18:57:00,107.03,107.14,107.06,107.11,71.05188045
2022-03-15 18:56:00,107.03,107.11,107.06,107.05,31.39468827
2022-03-15 18:55:00,107.05,107.09,107.06,107.09,39.49730754
2022-03-15 18:54:00,107.03,107.07,107.05,107.07,53.44404244
2022-03-15 18:53:00,107.01,107.05,107.04,107.04,47.1967741
2022-03-15 18:52:00,107.02,107.15,107.12,107.04,210.63147422
2022-03-15 18:51:00,106.99,107.12,106.99,107.12,339.08717063
2022-03-15 18:50:00,106.99,107.06,107.0,107.03,166.23409888
2022-03-15 18:49:00,106.93,107.02,107.02,106.97,179.32546097
2022-03-15 18:48:00,106.97,107.06,107.02,106.99,284.34190987
2022-03-15 18:47:00,107.01,107.05,107.03,107.05,69.84773452
2022-03-15 18:46:00,106.89,107.16,106.91,107.04,1547.14158124
2022-03-15 18:45:00,106.81,106.93,106.81,106.91,250.57091081
2022-03-15 18:44:00,106.78,106.84,106.78,106.78,68.55470952
2022-03-15 18:43:00,106.75,106.91,106.91,106.79,146.05859126
2022-03-15 18:42:00,106.89,106.99,106.98,106.89,264.98739865
2022-03-15 18:41:00,106.9,106.99,106.91,106.97,190.13071683
2022-03-15 18:40:00,106.81,106.92,106.81,106.88,44.30574204
2022-03-15 18:39:00,106.79,106.85,106.85,106.82,212.10283175
2022-03-15 18:38:00,106.78,106.85,106.79,106.85,275.35337789
2022-03-15 18:37:00,106.75,106.92,106.9,106.79,62.97028314
2022-03-15 18:36:00,106.87,106.93,106.92,106.9,196.60935881
2022-03-15 18:35:00,106.92,106.98,106.98,106.94,107.5496349
2022-03-15 18:34:00,106.95,107.03,106.95,106.99,1245.06982678
2022-03-15 18:33:00,106.85,106.91,106.89,106.91,66.87968932
2022-03-15 18:32:00,106.83,106.93,106.83,106.88,163.25975287
2022-03-15 18:31:00,106.83,106.89,106.88,106.87,36.18310417
2022-03-15 18:30:00,106.82,106.94,106.94,106.88,187.42450699
2022-03-15 18:29:00,106.87,106.94,106.9,106.94,93.519961
2022-03-15 18:28:00,106.9,106.98,106.91,106.9,79.61613094
2022-03-15 18:27:00,106.88,107.03,107.02,106.91,74.76606384
2022-03-15 18:26:00,106.95,107.13,106.98,107.03,266.11817923
2022-03-15 18:25:00,106.94,107.01,106.94,106.98,119.31987266
2022-03-15 18:24:00,106.9,107.0,106.97,106.97,78.87832502
2022-03-15 18:23:00,106.96,107.01,106.97,107.01,24.91547542
2022-03-15 18:22:00,106.95,107.05,107.03,107.01,94.96104328
2022-03-15 18:21:00,106.92,107.02,106.96,107.01,27.60540105
2022-03-15 18:20:00,106.9,106.98,106.9,106.97,77.44206858
2022-03-15 18:19:00,106.89,106.98,106.97,106.93,170.22847929
2022-03-15 18:18:00,106.91,107.01,107.0,106.94,157.19749328
2022-03-15 18:17:00,107.0,107.06,107.03,107.02,33.459653
2022-03-15 18:16:00,106.95,107.02,107.01,107.02,70.95122726
2022-03-15 18:15:00,106.92,107.03,106.98,107.03,18.99367415
2022-03-15 18:14:00,106.94,107.09,107.08,106.99,29.45701027
2022-03-15 18:13:00,106.94,107.07,106.97,107.04,115.94044435
2022-03-15 18:12:00,106.94,107.03,107.01,106.94,55.72509657
2022-03-15 18:11:00,106.82,107.03,106.88,107.03,147.13140743
2022-03-15 18:10:00,106.85,106.89,106.89,106.89,41.48888077
2022-03-15 18:09:00,106.88,106.93,106.92,106.89,77.98448229
2022-03-15 18:08:00,106.85,106.95,106.85,106.91,230.43083288
2022-03-15 18:07:00,106.84,106.87,106.85,106.87,29.95433182
2022-03-15 18:06:00,106.79,106.85,106.85,106.83,51.01389579
2022-03-15 18:05:00,106.78,106.93,106.86,106.84,539.36939443
2022-03-15 18:04:00,106.85,107.09,107.09,106.85,134.95141308
2022-03-15 18:03:00,107.09,107.21,107.16,107.09,141.1790799
2022-03-15 18:02:00,107.09,107.2,107.09,107.15,114.43060605
2022-03-15 18:01:00,107.07,107.16,107.09,107.16,46.92771944
2022-03-15 18:00:00,106.97,107.11,107.0,107.09,41.56402127
2022-03-15 17:59:00,106.97,107.04,107.03,107.0,67.76100856
2022-03-15 17:58:00,106.95,107.03,106.98,107.03,116.52168539
2022-03-15 17:57:00,106.94,107.0,106.97,106.99,133.10366453
2022-03-15 17:56:00,106.91,107.0,106.98,107.0,29.61021547
2022-03-15 17:55:00,106.81,106.97,106.86,106.93,95.97620129
2022-03-15 17:54:00,106.82,106.88,106.86,106.86,29.35359068
2022-03-15 17:53:00,106.84,106.89,106.89,106.87,116.14105859
2022-03-15 17:52:00,106.82,106.89,106.84,106.87,142.25161415
2022-03-15 17:51:00,106.77,106.88,106.81,106.88,141.11049464
2022-03-15 17:50:00,106.74,106.82,106.78,106.81,56.36259849
2022-03-15 17:49:00,106.76,106.84,106.81,106.78,17.00455847
2022-03-15 17:48:00,106.78,106.85,106.78,106.85,185.63021876
2022-03-15 17:47:00,106.74,106.78,106.78,106.77,19.20927485
2022-03-15 17:46:00,106.62,106.73,106.62,106.73,103.27885696
2022-03-15 17:45:00,106.62,106.66,106.66,106.64,43.2594099
2022-03-15 17:44:00,106.64,106.7,106.7,106.7,122.00081713
2022-03-15 17:43:00,106.65,106.74,106.65,106.69,53.21517085
2022-03-15 17:42:00,106.58,106.64,106.58,106.64,52.9966882
2022-03-15 17:41:00,106.57,106.64,106.62,106.58,12.97166578
2022-03-15 17:40:00,106.55,106.6,106.57,106.58,163.85625499
2022-03-15 17:39:00,106.55,106.63,106.63,106.6,254.25177625
2022-03-15 17:38:00,106.57,106.67,106.59,106.67,91.49424717
2022-03-15 17:37:00,106.58,106.66,106.6,106.6,47.13084708
2022-03-15 17:36:00,106.56,106.67,106.67,106.6,83.98734078
2022-03-15 17:35:00,106.48,106.67,106.49,106.67,35.4089204
2022-03-15 17:34:00,106.45,106.54,106.5,106.5,271.41359799
2022-03-15 17:33:00,106.46,106.54,106.46,106.5,288.75305722
2022-03-15 17:32:00,106.38,106.46,106.41,106.46,104.00442751
2022-03-15 17:31:00,106.34,106.45,106.38,106.41,105.41812921
2022-03-15 17:30:00,106.25,106.38,106.29,106.37,105.68326224
2022-03-15 17:29:00,106.27,106.37,106.37,106.3,251.18516472
2022-03-15 17:28:00,106.27,106.37,106.31,106.37,57.38733729
2022-03-15 17:27:00,106.27,106.39,106.37,106.32,188.84003867
2022-03-15 17:26:00,106.36,106.47,106.47,106.4,96.63845547
2022-03-15 17:25:00,106.37,106.47,106.37,106.44,54.45690055
2022-03-15 17:24:00,106.36,106.52,106.48,106.36,112.3130283
2022-03-15 17:23:00,106.44,106.52,106.46,106.48,189.43802056
2022-03-15 17:22:00,106.44,106.48,106.44,106.46,130.95451
2022-03-15 17:21:00,106.36,106.46,106.4,106.44,624.81632418
2022-03-15 17:20:00,106.42,106.51,106.51,106.42,664.47352702
2022-03-15 17:19:00,106.46,106.52,106.51,106.47,82.24882001
2022-03-15 17:18:00,106.5,106.55,106.54,106.54,83.16396694
2022-03-15 17:17:00,106.49,106.56,106.51,106.56,177.1182721
2022-03-15 17:16:00,106.46,106.58,106.53,106.51,287.15355871
2022-03-15 17:15:00,106.38,106.61,106.38,106.53,189.72975709
2022-03-15 17:14:00,106.35,106.63,106.59,106.42,517.27504259
2022-03-15 17:13:00,106.6,106.72,106.7,106.61,102.99189449
2022-03-15 17:12:00,106.65,106.72,106.65,106.71,41.87586899
2022-03-15 17:11:00,106.63,106.77,106.77,106.68,46.26108257
2022-03-15 17:10:00,106.71,106.79,106.75,106.74,61.14892706
2022-03-15 17:09:00,106.77,106.86,106.78,106.78,265.58515174
2022-03-15 17:08:00,106.71,106.76,106.76,106.75,56.67084944
2022-03-15 17:07:00,106.65,106.82,106.67,106.74,132.72495233
2022-03-15 17:06:00,106.58,106.93,106.91,106.69,1100.61988482
2022-03-15 17:05:00,106.9,106.98,106.98,106.9,100.48083988
2022-03-15 17:04:00,106.93,107.06,107.06,106.98,527.82385105
2022-03-15 17:03:00,107.05,107.14,107.09,107.08,169.03757632
2022-03-15 17:02:00,106.96,107.1,106.97,107.07,66.89969297
2022-03-15 17:01:00,106.94,106.99,106.95,106.96,39.98637376
2022-03-15 17:00:00,106.93,107.05,106.96,106.96,113.24105404
2022-03-15 16:59:00,106.87,106.96,106.87,106.96,117.66264468
2022-03-15 16:58:00,106.81,106.92,106.89,106.86,62.96470007
2022-03-15 16:57:00,106.78,106.95,106.78,106.92,71.6702716
2022-03-15 16:56:00,106.72,106.8,106.76,106.78,9.99495703
2022-03-15 16:55:00,106.65,106.76,106.76,106.74,142.43767576
2022-03-15 16:54:00,106.73,106.82,106.8,106.73,78.90208359
2022-03-15 16:53:00,106.7,106.8,106.75,106.8,45.58066997
2022-03-15 16:52:00,106.65,106.76,106.69,106.75,293.85181976
2022-03-15 16:51:00,106.61,106.77,106.77,106.67,446.33907658
2022-03-15 16:50:00,106.68,106.79,106.76,106.77,253.11761198
2022-03-15 16:49:00,106.69,106.89,106.85,106.77,225.11297944
2022-03-15 16:48:00,106.79,106.89,106.82,106.87,179.24838196
2022-03-15 16:47:00,106.8,107.0,106.98,106.8,194.00710057
2022-03-15 16:46:00,106.92,107.02,106.99,106.99,60.97486021
2022-03-15 16:45:00,106.72,107.23,106.73,107.03,850.22769731
2022-03-15 16:44:00,106.72,106.81,106.72,106.75,85.83744361
2022-03-15 16:43:00,106.73,106.8,106.79,106.76,45.09273433
2022-03-15 16:42:00,106.75,106.82,106.79,106.75,48.27940448
2022-03-15 16:41:00,106.68,106.75,106.73,106.75,44.12834769
2022-03-15 16:40:00,106.68,106.8,106.8,106.7,282.57987101
2022-03-15 16:39:00,106.52,106.85,106.52,106.76,257.30884809
2022-03-15 16:38:00,106.44,106.57,106.47,106.5,190.75708757
2022-03-15 16:37:00,106.41,106.53,106.53,106.47,9.02290824
2022-03-15 16:36:00,106.42,106.74,106.74,106.55,331.10592319
2022-03-15 16:35:00,106.49,106.9,106.51,106.81,141.84551951
2022-03-15 16:34:00,106.31,106.54,106.34,106.47,232.41588508
2022-03-15 16:33:00,106.29,106.41,106.36,106.34,139.29786721
2022-03-15 16:32:00,106.33,106.46,106.46,106.37,164.41967191
2022-03-15 16:31:00,106.41,106.51,106.5,106.45,114.74385705
2022-03-15 16:30:00,106.4,106.54,106.42,106.54,97.71219338
2022-03-15 16:29:00,106.28,106.46,106.3,106.41,146.96276464
2022-03-15 16:28:00,106.18,106.37,106.18,106.35,141.23685877
2022-03-15 16:27:00,106.19,106.32,106.32,106.21,76.31331415
2022-03-15 16:26:00,106.28,106.35,106.34,106.32,111.50232574
2022-03-15 16:25:00,106.21,106.34,106.22,106.32,92.80053835
2022-03-15 16:24:00,106.1,106.26,106.13,106.2,207.64731912
2022-03-15 16:23:00,106.03,106.15,106.11,106.1,39.04774195
2022-03-15 16:22:00,106.04,106.17,106.09,106.06,160.33301741
2022-03-15 16:21:00,105.94,106.19,105.95,106.11,213.75459463
2022-03-15 16:20:00,105.92,106.17,106.09,105.95,155.06256726
2022-03-15 16:19:00,106.02,106.25,106.15,106.14,227.94271854
2022-03-15 16:18:00,106.1,106.64,106.59,106.13,574.0852839
2022-03-15 16:17:00,106.46,106.7,106.68,106.65,205.36639153
2022-03-15 16:16:00,106.49,106.81,106.66,106.68,420.99068114
2022-03-15 16:15:00,105.28,107.19,105.31,106.69,5912.09858055
2022-03-15 16:14:00,105.25,105.36,105.25,105.29,80.21959681
2022-03-15 16:13:00,105.21,105.25,105.24,105.25,45.09230945
2022-03-15 16:12:00,105.17,105.25,105.21,105.24,66.52410639
2022-03-15 16:11:00,105.2,105.29,105.29,105.23,21.55639105
2022-03-15 16:10:00,105.27,105.54,105.5,105.29,155.09245171
2022-03-15 16:09:00,105.12,105.49,105.12,105.49,463.28149619
2022-03-15 16:08:00,105.07,105.17,105.14,105.13,238.41575979
2022-03-15 16:07:00,105.13,105.22,105.22,105.14,136.08399242
2022-03-15 16:06:00,104.94,105.2,104.94,105.16,438.51862463
2022-03-15 16:05:00,104.88,104.94,104.91,104.94,98.94897448
2022-03-15 16:04:00,104.89,104.98,104.94,104.89,280.30754436
2022-03-15 16:03:00,104.62,104.94,104.63,104.94,206.15960633
2022-03-15 16:02:00,104.61,104.68,104.67,104.64,323.79506992
2022-03-15 16:01:00,104.68,104.87,104.81,104.68,1179.07633139
2022-03-15 16:00:00,104.76,104.87,104.76,104.82,176.44962725
2022-03-15 15:59:00,104.7,104.79,104.74,104.79,262.85562111
2022-03-15 15:58:00,104.7,104.81,104.7,104.78,41.60259268
2022-03-15 15:57:00,104.68,104.77,104.68,104.68,116.8396985
2022-03-15 15:56:00,104.55,104.72,104.72,104.71,195.77238077
2022-03-15 15:55:00,104.72,104.95,104.95,104.72,145.27663779
2022-03-15 15:54:00,104.9,105.09,105.03,104.91,220.87358639
2022-03-15 15:53:00,105.03,105.07,105.05,105.06,148.84931513
2022-03-15 15:52:00,104.99,105.05,105.01,105.03,40.55966048
2022-03-15 15:51:00,104.91,105.0,105.0,105.0,186.3835739
2022-03-15 15:50:00,105.05,105.12,105.09,105.12,42.41690127
2022-03-15 15:49:00,105.04,105.1,105.05,105.08,147.60697707
2022-03-15 15:48:00,104.99,105.08,105.06,105.04,145.12572331
2022-03-15 15:47:00,105.03,105.18,105.11,105.06,82.11329646
2022-03-15 15:46:00,105.1,105.14,105.14,105.13,21.28051882
2022-03-15 15:45:00,105.11,105.21,105.14,105.11,110.06142274
2022-03-15 15:44:00,105.1,105.17,105.12,105.12,138.79876339
2022-03-15 15:43:00,105.13,105.18,105.18,105.13,9.9840841
2022-03-15 15:42:00,105.09,105.18,105.13,105.17,214.07778236
2022-03-15 15:41:00,105.08,105.23,105.11,105.17,316.46084862
2022-03-15 15:40:00,105.07,105.11,105.11,105.09,57.77448465
2022-03-15 15:39:00,105.02,105.1,105.05,105.1,156.93113691
2022-03-15 15:38:00,105.0,105.06,105.05,105.05,115.3177003
2022-03-15 15:37:00,104.98,105.07,105.02,105.05,136.77342176
2022-03-15 15:36:00,104.93,105.05,104.94,105.02,131.55923261
2022-03-15 15:35:00,104.86,104.96,104.89,104.94,150.39627311
2022-03-15 15:34:00,104.81,104.91,104.91,104.84,112.39108884
2022-03-15 15:33:00,104.84,104.95,104.84,104.85,334.14684516
2022-03-15 15:32:00,104.81,104.87,104.81,104.85,28.20649223
2022-03-15 15:31:00,104.71,104.81,104.75,104.81,16.98025439
2022-03-15 15:30:00,104.75,104.85,104.82,104.77,64.6342711
2022-03-15 15:29:00,104.74,104.81,104.77,104.81,31.50236772
2022-03-15 15:28:00,104.69,104.79,104.69,104.78,202.22351014
2022-03-16 01:28:00,107.36,107.45,107.36,107.45,42.57031462
2022-03-16 01:27:00,107.33,107.36,107.34,107.36,65.1577304
2022-03-16 01:26:00,107.25,107.37,107.37,107.29,151.08530287
2022-03-16 01:25:00,107.34,107.48,107.48,107.34,30.98837696
2022-03-16 01:24:00,107.38,107.48,107.38,107.48,82.63538636
2022-03-16 01:23:00,107.37,107.42,107.4,107.4,53.2290587
2022-03-16 01:22:00,107.35,107.39,107.35,107.39,39.48029857
2022-03-16 01:21:00,107.28,107.48,107.45,107.33,126.41664544
2022-03-16 01:20:00,107.4,107.44,107.4,107.44,40.62686549
2022-03-16 01:19:00,107.36,107.45,107.45,107.4,157.89738027
2022-03-16 01:18:00,107.41,107.47,107.41,107.47,10.76812101
2022-03-16 01:17:00,107.38,107.42,107.38,107.42,74.4924034
2022-03-16 01:16:00,107.3,107.42,107.41,107.35,52.79811714
2022-03-16 01:15:00,107.26,107.42,107.26,107.4,172.07098424
2022-03-16 01:14:00,107.22,107.29,107.23,107.26,205.62676525
2022-03-16 01:13:00,107.21,107.29,107.23,107.25,77.3643421
2022-03-16 01:12:00,107.13,107.23,107.16,107.23,99.17623932
2022-03-16 01:11:00,107.12,107.16,107.15,107.16,20.58345181
2022-03-16 01:10:00,107.07,107.16,107.16,107.12,42.09256858
2022-03-16 01:09:00,107.09,107.14,107.12,107.14,199.63683594
2022-03-16 01:08:00,107.05,107.12,107.05,107.09,26.22270052
2022-03-16 01:07:00,107.0,107.12,107.12,107.05,92.86465316
2022-03-16 01:06:00,107.04,107.12,107.04,107.1,8.71180009
2022-03-16 01:05:00,106.89,107.09,106.92,107.04,166.93712467
2022-03-16 01:04:00,106.79,106.93,106.81,106.93,127.92387276
2022-03-16 01:03:00,106.65,106.81,106.72,106.81,184.41950563
2022-03-16 01:02:00,106.7,106.79,106.76,106.72,79.02372979
2022-03-16 01:01:00,106.74,106.78,106.76,106.77,33.37456276
2022-03-16 01:00:00,106.67,106.79,106.79,106.76,543.18770267
2022-03-16 00:59:00,106.79,106.83,106.82,106.82,49.07600066
2022-03-16 00:58:00,106.71,106.81,106.72,106.81,94.33011355
2022-03-16 00:57:00,106.69,106.79,106.79,106.73,101.51436148
2022-03-16 00:56:00,106.77,106.86,106.82,106.79,93.11115057
2022-03-16 00:55:00,106.79,106.85,106.83,106.82,63.75728034
2022-03-16 00:54:00,106.81,106.89,106.84,106.83,73.5122476
2022-03-16 00:53:00,106.82,106.9,106.87,106.83,86.36415491
2022-03-16 00:52:00,106.85,107.03,107.03,106.85,36.09420121
2022-03-16 00:51:00,106.98,107.05,107.02,107.0,88.08004572
2022-03-16 00:50:00,106.93,107.04,106.95,106.99,84.95191387
2022-03-16 00:49:00,106.87,106.94,106.89,106.94,7.46766685
2022-03-16 00:48:00,106.88,106.95,106.9,106.91,58.29708911
2022-03-16 00:47:00,106.91,107.06,107.04,106.91,31.45771974
2022-03-16 00:46:00,107.0,107.06,107.04,107.04,53.35800053
2022-03-16 00:45:00,107.0,107.12,107.02,107.05,74.18204777
2022-03-16 00:44:00,106.97,107.08,107.08,107.01,95.96497939
2022-03-16 00:43:00,107.06,107.11,107.06,107.08,65.11538824
2022-03-16 00:42:00,107.05,107.15,107.05,107.1,46.77703181
2022-03-16 00:41:00,106.92,107.06,106.95,107.05,56.02321039
2022-03-16 00:40:00,107.01,107.09,107.05,107.02,191.58004618
2022-03-16 00:39:00,107.04,107.09,107.06,107.08,102.26735154
2022-03-16 00:38:00,107.04,107.1,107.1,107.06,25.56771958
2022-03-16 00:37:00,107.02,107.11,107.07,107.1,54.80411947
2022-03-16 00:36:00,107.01,107.22,107.22,107.05,387.01668462
2022-03-16 00:35:00,107.18,107.41,107.41,107.22,354.51185783
2022-03-16 00:34:00,107.37,107.42,107.38,107.41,33.56084089
2022-03-16 00:33:00,107.32,107.41,107.34,107.41,54.67717723
2022-03-16 00:32:00,107.05,107.43,107.06,107.35,178.414826
2022-03-16 00:31:00,107.01,107.1,107.09,107.01,50.53573032
2022-03-16 00:30:00,107.06,107.11,107.09,107.07,33.7276388
2022-03-16 00:29:00,106.96,107.09,106.96,107.06,53.88684649
2022-03-16 00:28:00,106.88,106.96,106.9,106.96,26.47018271
2022-03-16 00:27:00,106.88,107.04,107.03,106.88,170.13856894
2022-03-16 00:26:00,106.79,107.06,106.79,107.06,57.7113733
2022-03-16 00:25:00,106.71,106.82,106.72,106.76,41.77274085
2022-03-16 00:24:00,106.61,106.7,106.61,106.69,103.5389987
2022-03-16 00:23:00,106.51,106.74,106.74,106.61,306.19983182
2022-03-16 00:22:00,106.67,106.97,106.96,106.69,193.44780995
2022-03-16 00:21:00,106.95,107.13,107.12,106.99,183.92903923
2022-03-16 00:20:00,107.12,107.14,107.13,107.13,11.23926169
2022-03-16 00:19:00,107.04,107.12,107.09,107.12,23.28490119
2022-03-16 00:18:00,107.09,107.15,107.13,107.12,14.60285412
2022-03-16 00:17:00,107.13,107.18,107.14,107.16,31.68461441
2022-03-16 00:16:00,107.08,107.16,107.14,107.1,59.23006619
2022-03-16 00:15:00,107.12,107.24,107.2,107.12,157.50420379
2022-03-16 00:14:00,107.21,107.29,107.29,107.24,54.57278906
2022-03-16 00:13:00,107.17,107.29,107.2,107.29,35.89458468
2022-03-16 00:12:00,107.17,107.22,107.22,107.17,37.69382606
2022-03-16 00:11:00,107.19,107.22,107.22,107.19,33.3824746
2022-03-16 00:10:00,107.1,107.24,107.24,107.22,43.93485995
2022-03-16 00:09:00,107.19,107.28,107.2,107.27,95.46607284
2022-03-16 00:08:00,107.21,107.37,107.25,107.21,136.73690947
2022-03-16 00:07:00,107.0,107.24,107.0,107.24,39.88908686
2022-03-16 00:06:00,106.75,106.97,106.93,106.96,504.90967511
2022-03-16 00:05:00,106.92,107.1,107.06,106.92,178.38964141
2022-03-16 00:04:00,107.01,107.07,107.04,107.03,394.12951687
2022-03-16 00:03:00,106.94,107.06,106.96,107.04,174.29649864
2022-03-16 00:02:00,106.96,107.05,107.03,106.96,143.29305642
2022-03-16 00:01:00,106.9,107.02,107.02,106.98,190.15204031
2022-03-16 00:00:00,106.9,107.05,106.91,107.02,251.11733997
2022-03-15 23:59:00,106.89,106.97,106.96,106.94,37.37183434
2022-03-15 23:58:00,106.93,107.0,106.95,106.93,202.3329565
2022-03-15 23:57:00,106.92,107.06,107.06,106.93,80.5970455
2022-03-15 23:56:00,106.99,107.06,106.99,107.06,11.66030874
2022-03-15 23:55:00,106.89,107.02,106.89,106.98,100.93727997
2022-03-15 23:54:00,106.9,106.99,106.99,106.9,103.93352348
2022-03-15 23:53:00,106.92,106.99,106.97,106.98,94.65845958
2022-03-15 23:52:00,106.94,107.0,106.94,106.98,161.50171598
2022-03-15 23:51:00,106.93,107.05,107.02,106.93,119.91475832
2022-03-15 23:50:00,107.0,107.16,107.13,107.02,61.65687105
2022-03-15 23:49:00,107.11,107.14,107.14,107.11,67.52264529
2022-03-15 23:48:00,107.11,107.2,107.14,107.18,92.51252624
2022-03-15 23:47:00,107.13,107.25,107.25,107.14,99.68221342
2022-03-15 23:46:00,107.23,107.29,107.29,107.23,116.83926139
2022-03-15 23:45:00,107.22,107.31,107.23,107.29,42.0078535
2022-03-15 23:44:00,107.21,107.28,107.28,107.22,54.71462326
2022-03-15 23:43:00,107.24,107.31,107.26,107.26,45.01781943
2022-03-15 23:42:00,107.18,107.31,107.2,107.25,112.44839085
2022-03-15 23:41:00,107.08,107.2,107.15,107.2,55.58872343
2022-03-15 23:40:00,107.04,107.16,107.05,107.13,42.02616867
2022-03-15 23:39:00,107.02,107.04,107.03,107.03,43.47557106
2022-03-15 23:38:00,106.99,107.03,107.01,106.99,111.36459603
2022-03-15 23:37:00,106.98,107.09,107.04,107.03,55.35627657
2022-03-15 23:36:00,106.92,107.1,106.92,107.07,216.39042158
2022-03-15 23:35:00,106.83,106.89,106.89,106.85,98.936107
2022-03-15 23:34:00,106.81,106.89,106.81,106.85,58.69074951
2022-03-15 23:33:00,106.79,106.83,106.79,106.83,27.16521803
2022-03-15 23:32:00,106.74,106.84,106.83,106.81,240.4137011
2022-03-15 23:31:00,106.83,106.96,106.96,106.85,185.96927136
2022-03-15 23:30:00,106.92,106.97,106.95,106.96,17.54786189
2022-03-15 23:29:00,106.92,106.96,106.95,106.92,12.54821395
2022-03-15 23:28:00,106.91,107.02,107.02,106.95,95.01553924
2022-03-15 23:27:00,106.94,107.07,106.94,107.01,210.19859664
2022-03-15 23:26:00,106.71,106.92,106.77,106.91,212.66198434
2022-03-15 23:25:00,106.7,106.79,106.71,106.79,63.04466795
2022-03-15 23:24:00,106.64,106.75,106.7,106.73,431.28417462
2022-03-15 23:23:00,106.67,106.75,106.74,106.7,97.61286171
2022-03-15 23:22:00,106.69,106.85,106.85,106.74,387.72701001
2022-03-15 23:21:00,106.78,106.83,106.81,106.82,35.80084246
2022-03-15 23:20:00,106.64,106.82,106.65,106.82,137.40390619
2022-03-15 23:19:00,106.64,106.75,106.67,106.67,71.07485155
2022-03-15 23:18:00,106.67,106.8,106.79,106.67,131.69974169
2022-03-15 23:17:00,106.69,106.77,106.69,106.77,42.82438016
2022-03-15 23:16:00,106.6,106.69,106.64,106.68,49.12592556
2022-03-15 23:15:00,106.69,106.84,106.69,106.8,130.68694634
2022-03-15 23:14:00,106.52,106.7,106.52,106.7,174.91121754
2022-03-15 23:13:00,106.54,107.01,106.98,106.54,327.82170537
2022-03-15 23:12:00,106.98,107.14,107.11,106.98,128.34014981
2022-03-15 23:11:00,107.11,107.18,107.16,107.14,92.57640394
2022-03-15 23:10:00,107.12,107.2,107.16,107.18,296.2398601
2022-03-15 23:09:00,107.13,107.22,107.14,107.14,88.91149618
2022-03-15 23:08:00,107.08,107.16,107.08,107.16,35.21552651
2022-03-15 23:07:00,107.08,107.13,107.12,107.08,25.03905381
2022-03-15 23:06:00,107.09,107.15,107.11,107.11,107.95444444
2022-03-15 23:05:00,107.09,107.2,107.13,107.14,106.86780259
2022-03-15 23:04:00,107.15,107.22,107.19,107.15,35.3741544
2022-03-15 23:03:00,107.14,107.22,107.15,107.21,187.41512167
2022-03-15 23:02:00,107.15,107.25,107.23,107.17,57.91429405
2022-03-15 23:01:00,107.09,107.3,107.09,107.28,152.74379179
2022-03-15 23:00:00,106.96,107.09,107.0,107.09,306.13778406
2022-03-15 22:59:00,106.96,107.02,107.0,106.96,7.55975219
2022-03-15 22:58:00,107.0,107.12,107.05,107.02,77.37121206
2022-03-15 22:57:00,107.01,107.06,107.04,107.04,25.67055815
2022-03-15 22:56:00,107.02,107.04,107.04,107.04,32.92467025
2022-03-15 22:55:00,106.99,107.04,107.0,107.04,34.90841456
2022-03-15 22:54:00,106.99,107.03,106.99,107.03,26.81334889
2022-03-15 22:53:00,107.0,107.04,107.04,107.0,54.36205679
2022-03-15 22:52:00,107.02,107.06,107.06,107.04,64.44970051
2022-03-15 22:51:00,107.01,107.08,107.07,107.03,42.52994046
2022-03-15 22:50:00,106.96,107.07,106.96,107.05,29.04832137
2022-03-15 22:49:00,106.92,107.02,106.96,106.99,72.33812638
2022-03-15 22:48:00,106.96,107.0,107.0,107.0,29.41242733
2022-03-15 22:47:00,106.96,107.06,107.02,107.0,229.29891659
2022-03-15 22:46:00,106.95,107.04,106.95,107.0,19.17419956
2022-03-15 22:45:00,106.92,107.02,106.93,107.02,38.63059796
2022-03-15 22:44:00,106.89,106.98,106.96,106.92,103.83410231
2022-03-15 22:43:00,106.88,106.95,106.95,106.92,84.17411747
2022-03-15 22:42:00,106.92,106.97,106.93,106.95,38.38906917
2022-03-15 22:41:00,106.91,107.0,106.97,106.95,169.31335114
2022-03-15 22:40:00,106.85,107.0,106.85,107.0,232.489217
2022-03-15 22:39:00,106.81,106.96,106.85,106.9,283.27639934
2022-03-15 22:38:00,106.81,106.91,106.84,106.85,114.09403372
2022-03-15 22:37:00,106.82,106.93,106.86,106.83,95.64650357
2022-03-15 22:36:00,106.84,106.93,106.89,106.9,180.789065
2022-03-15 22:35:00,106.89,106.96,106.95,106.94,66.62101874
2022-03-15 22:34:00,106.71,106.98,106.75,106.95,394.61640524
2022-03-15 22:33:00,106.7,106.85,106.82,106.77,135.46674582
2022-03-15 22:32:00,106.77,106.9,106.86,106.79,49.07892611
2022-03-15 22:31:00,106.84,107.14,107.09,106.84,175.85342369
2022-03-15 22:30:00,107.05,107.2,107.16,107.12,87.40981791
2022-03-15 22:29:00,107.12,107.21,107.14,107.16,35.06067017
2022-03-15 22:28:00,107.15,107.28,107.21,107.15,74.12014979
2022-03-15 22:27:00,107.15,107.3,107.24,107.22,199.97162402
2022-03-15 22:26:00,107.14,107.23,107.14,107.23,18.63703933
2022-03-15 22:25:00,107.1,107.14,107.14,107.14,16.29251266
2022-03-15 22:24:00,107.13,107.24,107.22,107.14,125.69027459
2022-03-15 22:23:00,107.22,107.34,107.34,107.26,47.6529498
2022-03-15 22:22:00,107.28,107.45,107.45,107.31,84.15801347
2022-03-15 22:21:00,107.4,107.45,107.43,107.45,39.65977031
2022-03-15 22:20:00,107.39,107.48,107.4,107.44,92.64173015
2022-03-15 22:19:00,107.4,107.56,107.56,107.42,39.92831085
2022-03-15 22:18:00,107.53,107.59,107.59,107.57,29.56458821
2022-03-15 22:17:00,107.49,107.59,107.49,107.59,45.24422285
2022-03-15 22:16:00,107.39,107.53,107.46,107.46,344.24577607
2022-03-15 22:15:00,107.43,107.71,107.69,107.47,87.87520597
2022-03-15 22:14:00,107.63,107.89,107.89,107.69,84.69529073
2022-03-15 22:13:00,107.79,107.95,107.95,107.89,342.28153382
2022-03-15 22:12:00,107.92,108.0,107.98,107.95,38.06553375
2022-03-15 22:11:00,107.95,108.03,108.03,107.97,54.17572174
2022-03-15 22:10:00,107.78,108.0,107.82,107.98,109.82139952
2022-03-15 22:09:00,107.78,107.83,107.82,107.82,20.42389004
2022-03-15 22:08:00,107.75,107.83,107.83,107.81,33.22989031
2022-03-15 22:07:00,107.75,107.84,107.76,107.82,74.78154485
2022-03-15 22:06:00,107.69,107.76,107.71,107.76,30.53892631
2022-03-15 22:05:00,107.69,107.79,107.79,107.69,44.96525655
2022-03-15 22:04:00,107.75,107.83,107.83,107.81,57.23927028
2022-03-15 22:03:00,107.61,107.84,107.61,107.83,178.36691701
2022-03-15 22:02:00,107.51,107.61,107.52,107.61,63.75850891
2022-03-15 22:01:00,107.5,107.64,107.6,107.53,144.24118464
2022-03-15 22:00:00,107.61,107.75,107.61,107.62,134.2123094
2022-03-15 21:59:00,107.56,107.69,107.67,107.61,123.46810336
2022-03-15 21:58:00,107.61,107.74,107.66,107.61,299.80987177
2022-03-15 21:57:00,107.64,107.69,107.68,107.65,67.25525593
2022-03-15 21:56:00,107.57,107.69,107.59,107.68,80.5661872
2022-03-15 21:55:00,107.56,107.65,107.59,107.62,61.74394423
2022-03-15 21:54:00,107.5,107.64,107.56,107.59,71.42726668
2022-03-15 21:53:00,107.5,107.59,107.58,107.55,72.30038121
2022-03-15 21:52:00,107.55,107.64,107.63,107.58,37.03985452
2022-03-15 21:51:00,107.52,107.65,107.57,107.63,26.94611707
2022-03-15 21:50:00,107.52,107.58,107.53,107.58,19.55489693
2022-03-15 21:49:00,107.5,107.57,107.55,107.57,74.18861527
2022-03-15 21:48:00,107.54,107.64,107.64,107.59,46.86087354
2022-03-15 21:47:00,107.51,107.59,107.55,107.59,47.75516832
2022-03-15 21:46:00,107.44,107.5,107.47,107.47,29.08552588
2022-03-15 21:45:00,107.43,107.48,107.45,107.43,47.23924165
2022-03-15 21:44:00,107.4,107.49,107.4,107.45,12.25423065
2022-03-15 21:43:00,107.39,107.49,107.49,107.39,34.92902588
2022-03-15 21:42:00,107.41,107.49,107.45,107.48,29.66606931
2022-03-15 21:41:00,107.38,107.58,107.58,107.44,69.23368463
2022-03-15 21:40:00,107.46,107.5,107.5,107.47,14.41131676
2022-03-15 21:39:00,107.44,107.53,107.5,107.53,61.74445028
2022-03-15 21:38:00,107.45,107.6,107.56,107.46,65.95411985
2022-03-15 21:37:00,107.56,107.66,107.59,107.56,64.38633532
2022-03-15 21:36:00,107.59,107.65,107.65,107.63,16.92766072
2022-03-15 21:35:00,107.52,107.65,107.52,107.65,27.8080528
2022-03-15 21:34:00,107.52,107.69,107.64,107.55,53.61740806
2022-03-15 21:33:00,107.48,107.68,107.53,107.68,16.46494299
2022-03-15 21:32:00,107.52,107.57,107.57,107.54,31.89845275
2022-03-15 21:31:00,107.54,107.69,107.66,107.57,60.80638798
2022-03-15 21:30:00,107.4,107.71,107.4,107.7,567.19348445
2022-03-15 21:29:00,107.34,107.38,107.37,107.36,8.52182444
2022-03-15 21:28:00,107.33,107.39,107.34,107.35,205.14412505
2022-03-15 21:27:00,107.26,107.35,107.26,107.34,151.96237987
2022-03-15 21:26:00,107.19,107.31,107.31,107.24,152.10545662
2022-03-15 21:25:00,107.27,107.33,107.29,107.33,53.76076734
2022-03-15 21:24:00,107.23,107.29,107.25,107.26,85.83501571
2022-03-15 21:23:00,107.25,107.29,107.29,107.25,77.46895972
2022-03-15 21:22:00,107.29,107.33,107.3,107.29,19.0951687
2022-03-15 21:21:00,107.28,107.32,107.32,107.28,17.50337865
2022-03-15 21:20:00,107.24,107.3,107.25,107.3,279.05216489
2022-03-15 21:19:00,107.25,107.36,107.31,107.28,94.28058739
2022-03-15 21:18:00,107.31,107.38,107.38,107.34,57.2283682
2022-03-15 21:17:00,107.35,107.39,107.36,107.37,81.3321133
2022-03-15 21:16:00,107.35,107.39,107.35,107.39,20.40993058
2022-03-15 21:15:00,107.3,107.39,107.33,107.39,37.38599254
2022-03-15 21:14:00,107.29,107.37,107.34,107.33,101.33945635
2022-03-15 21:13:00,107.1,107.37,107.12,107.36,341.49535013
2022-03-15 21:12:00,107.12,107.18,107.17,107.13,46.26629396
2022-03-15 21:11:00,107.14,107.2,107.18,107.14,99.95591698
2022-03-15 21:10:00,107.17,107.24,107.17,107.2,54.74199869
2022-03-15 21:09:00,107.16,107.21,107.17,107.17,292.42646967
2022-03-15 21:08:00,107.06,107.2,107.12,107.16,84.80351764
2022-03-15 21:07:00,107.07,107.23,107.23,107.14,371.85866853
2022-03-15 21:06:00,107.15,107.42,107.39,107.25,258.51703968
2022-03-15 21:05:00,107.38,107.51,107.38,107.41,148.49253272
2022-03-15 21:04:00,107.37,107.47,107.43,107.37,102.55443989
2022-03-15 21:03:00,107.4,107.43,107.42,107.43,27.36657841
2022-03-15 21:02:00,107.31,107.43,107.31,107.41,94.56900405
2022-03-15 21:01:00,107.26,107.35,107.33,107.31,169.65201838
2022-03-15 21:00:00,107.26,107.54,107.46,107.33,548.00278439
2022-03-15 20:59:00,107.32,107.45,107.33,107.45,109.01483112
2022-03-15 20:58:00,107.27,107.4,107.37,107.32,192.97077953
2022-03-15 20:57:00,107.37,107.45,107.44,107.4,259.32600112
2022-03-15 20:56:00,107.41,107.45,107.42,107.41,51.34713261
2022-03-15 20:55:00,107.37,107.45,107.37,107.45,204.46320869
2022-03-15 20:54:00,107.32,107.37,107.33,107.37,102.15034381
2022-03-15 20:53:00,107.28,107.36,107.35,107.3,77.2904162
2022-03-15 20:52:00,107.28,107.39,107.28,107.33,67.5599516
2022-03-15 20:51:00,107.28,107.38,107.35,107.31,182.66961988
2022-03-15 20:50:00,107.3,107.36,107.33,107.36,72.15712488
2022-03-15 20:49:00,107.25,107.36,107.29,107.3,173.30013565
2022-03-15 20:48:00,107.29,107.44,107.41,107.33,372.22679396
2022-03-15 20:47:00,107.32,107.45,107.44,107.36,53.88494676
2022-03-15 20:46:00,107.44,107.56,107.53,107.44,87.2898584
2022-03-15 20:45:00,107.52,107.6,107.52,107.56,159.57229536
2022-03-15 20:44:00,107.39,107.55,107.52,107.51,256.95269379
2022-03-15 20:43:00,107.51,107.82,107.82,107.51,795.4106977
2022-03-15 20:42:00,107.72,107.82,107.77,107.82,120.23334069
2022-03-15 20:41:00,107.72,107.84,107.83,107.78,148.9710317
2022-03-15 20:40:00,107.73,107.86,107.73,107.86,156.84324709
2022-03-15 20:39:00,107.59,107.74,107.61,107.68,335.53310963
2022-03-15 20:38:00,107.54,107.61,107.58,107.61,31.34635728
2022-03-15 20:37:00,107.52,107.61,107.61,107.58,64.99040844
2022-03-15 20:36:00,107.53,107.65,107.6,107.57,128.0766
2022-03-15 20:35:00,107.59,107.7,107.59,107.61,34.76986425
2022-03-15 20:34:00,107.54,107.69,107.58,107.6,280.48507912
2022-03-15 20:33:00,107.56,107.62,107.6,107.58,113.31070766
2022-03-15 20:32:00,107.49,107.63,107.49,107.6,154.06136978
2022-03-15 20:31:00,107.37,107.82,107.82,107.46,552.40355707
2022-03-15 20:30:00,107.76,107.83,107.76,107.81,47.34374904
2022-03-15 20:29:00,107.66,107.76,107.66,107.75,12.36106617
2022-03-15 20:28:00,107.69,107.74,107.72,107.69,75.01890873
2022-03-16 06:28:00,107.04,107.07,107.05,107.06,11.92020317
2022-03-16 06:27:00,107.05,107.09,107.05,107.08,27.30222589
2022-03-16 06:26:00,107.06,107.09,107.09,107.06,2.00864498
2022-03-16 06:25:00,107.08,107.16,107.16,107.1,25.32818741
2022-03-16 06:24:00,107.09,107.17,107.11,107.16,58.74127995
2022-03-16 06:23:00,107.05,107.09,107.06,107.07,20.65427214
2022-03-16 06:22:00,107.03,107.07,107.06,107.07,14.59180252
2022-03-16 06:21:00,107.03,107.07,107.07,107.06,50.95397437
2022-03-16 06:20:00,107.03,107.13,107.13,107.04,71.0076486
2022-03-16 06:19:00,107.02,107.13,107.02,107.13,77.92539154
2022-03-16 06:18:00,107.04,107.3,107.21,107.04,145.89914719
2022-03-16 06:17:00,107.03,107.21,107.03,107.21,121.08748995
2022-03-16 06:16:00,106.97,107.03,106.99,107.03,38.61262317
2022-03-16 06:15:00,106.9,106.99,106.95,106.99,76.470565
2022-03-16 06:14:00,106.94,106.97,106.96,106.95,7.70630506
2022-03-16 06:13:00,106.94,107.05,107.05,106.96,97.87649584
2022-03-16 06:12:00,106.93,107.04,106.98,107.04,101.90454987
2022-03-16 06:11:00,106.94,106.99,106.94,106.95,5.49591854
2022-03-16 06:10:00,106.87,107.0,106.87,107.0,11.295658
2022-03-16 06:09:00,106.87,106.94,106.94,106.89,14.60696082
2022-03-16 06:08:00,106.91,106.96,106.91,106.96,44.06010221
2022-03-16 06:07:00,106.79,106.91,106.79,106.91,122.61680421
2022-03-16 06:06:00,106.77,106.81,106.79,106.77,12.46078995
2022-03-16 06:05:00,106.74,106.8,106.76,106.77,148.91986066
2022-03-16 06:04:00,106.65,106.76,106.67,106.76,99.62077457
2022-03-16 06:03:00,106.59,106.65,106.65,106.63,44.41407181
2022-03-16 06:02:00,106.65,106.69,106.68,106.67,14.57860838
2022-03-16 06:01:00,106.66,106.72,106.72,106.66,11.17453635
2022-03-16 06:00:00,106.67,106.73,106.72,106.7,8.11765401
2022-03-16 05:59:00,106.65,106.73,106.65,106.73,38.02610002
2022-03-16 05:58:00,106.63,106.69,106.67,106.69,44.78578574
2022-03-16 05:57:00,106.55,106.67,106.55,106.67,49.96891971
2022-03-16 05:56:00,106.52,106.55,106.55,106.55,22.49973791
2022-03-16 05:55:00,106.54,106.59,106.57,106.55,20.77630564
2022-03-16 05:54:00,106.51,106.62,106.54,106.62,525.02337975
2022-03-16 05:53:00,106.5,106.54,106.5,106.54,10.29205579
2022-03-16 05:52:00,106.48,106.53,106.48,106.53,58.91281208
2022-03-16 05:51:00,106.48,106.58,106.55,106.48,160.45060836
2022-03-16 05:50:00,106.52,106.58,106.57,106.54,77.49307011
2022-03-16 05:49:00,106.56,106.65,106.65,106.56,85.82127152
2022-03-16 05:48:00,106.62,106.76,106.76,106.62,312.75776618
2022-03-16 05:47:00,106.65,106.76,106.67,106.76,36.24633142
2022-03-16 05:46:00,106.67,106.71,106.7,106.67,25.14646007
2022-03-16 05:45:00,106.65,106.79,106.7,106.73,112.55581228
2022-03-16 05:44:00,106.53,106.77,106.53,106.69,219.70395803
2022-03-16 05:43:00,106.42,106.53,106.44,106.52,56.22884874
2022-03-16 05:42:00,106.34,106.45,106.42,106.45,38.38967678
2022-03-16 05:41:00,106.29,106.39,106.31,106.36,117.68551685
2022-03-16 05:40:00,106.26,106.32,106.28,106.3,9.86719819
2022-03-16 05:39:00,106.17,106.32,106.18,106.32,66.69029787
2022-03-16 05:38:00,106.16,106.19,106.18,106.18,21.37619401
2022-03-16 05:37:00,106.15,106.19,106.15,106.15,25.68490509
2022-03-16 05:36:00,106.07,106.14,106.14,106.1,15.73112308
2022-03-16 05:35:00,106.07,106.14,106.07,106.14,14.17664579
2022-03-16 05:34:00,106.05,106.1,106.07,106.09,13.36650992
2022-03-16 05:33:00,105.93,106.08,105.93,106.08,95.54600553
2022-03-16 05:32:00,105.83,105.95,105.83,105.92,87.11020413
2022-03-16 05:31:00,105.78,105.87,105.85,105.83,205.50660471
2022-03-16 05:30:00,105.84,105.92,105.91,105.88,96.75466977
2022-03-16 05:29:00,105.83,105.91,105.87,105.87,120.04666049
2022-03-16 05:28:00,105.87,105.92,105.89,105.88,12.6107192
2022-03-16 05:27:00,105.86,105.92,105.9,105.9,13.31950086
2022-03-16 05:26:00,105.86,105.9,105.86,105.86,38.4076851
2022-03-16 05:25:00,105.86,105.89,105.87,105.86,9.68257578
2022-03-16 05:24:00,105.79,105.89,105.79,105.88,58.63442598
2022-03-16 05:23:00,105.77,105.87,105.84,105.79,166.32261743
2022-03-16 05:22:00,105.79,105.85,105.85,105.81,124.50129894
2022-03-16 05:21:00,105.82,105.88,105.84,105.84,34.81199436
2022-03-16 05:20:00,105.87,105.99,105.99,105.87,60.20380893
2022-03-16 05:19:00,105.95,106.03,105.95,105.95,166.28029018
2022-03-16 05:18:00,105.96,105.99,105.96,105.99,19.00905312
2022-03-16 05:17:00,105.93,106.02,106.02,105.97,41.61470171
2022-03-16 05:16:00,105.99,106.06,106.05,106.02,42.14777655
2022-03-16 05:15:00,106.01,106.08,106.04,106.05,139.25490361
2022-03-16 05:14:00,106.0,106.06,106.02,106.01,28.04953731
2022-03-16 05:13:00,105.99,106.04,106.0,106.02,29.63114747
2022-03-16 05:12:00,105.97,106.05,106.04,106.0,161.03641618
2022-03-16 05:11:00,105.98,106.05,106.04,106.0,173.10596238
2022-03-16 05:10:00,106.01,106.07,106.04,106.01,64.50916271
2022-03-16 05:09:00,105.91,106.06,105.91,106.05,72.24240409
2022-03-16 05:08:00,105.88,105.94,105.92,105.91,100.91813999
2022-03-16 05:07:00,105.9,105.96,105.9,105.93,46.96980785
2022-03-16 05:06:00,105.87,105.96,105.87,105.9,135.21085164
2022-03-16 05:05:00,105.77,105.89,105.77,105.87,117.71981485
2022-03-16 05:04:00,105.73,105.84,105.77,105.77,90.51580871
2022-03-16 05:03:00,105.69,105.97,105.97,105.79,556.06423583
2022-03-16 05:02:00,105.91,106.05,106.05,105.96,127.58568959
2022-03-16 05:01:00,106.06,106.11,106.06,106.08,8.17686749
2022-03-16 05:00:00,106.03,106.1,106.08,106.08,698.00453985
2022-03-16 04:59:00,106.07,106.12,106.12,106.09,28.57803308
2022-03-16 04:58:00,106.06,106.14,106.09,106.1,41.60350546
2022-03-16 04:57:00,106.06,106.11,106.08,106.06,76.68930792
2022-03-16 04:56:00,106.04,106.13,106.13,106.05,79.20516868
2022-03-16 04:55:00,106.09,106.17,106.16,106.09,89.58470387
2022-03-16 04:54:00,106.13,106.18,106.18,106.15,142.7110705
2022-03-16 04:53:00,106.14,106.19,106.15,106.18,105.57615709
2022-03-16 04:52:00,106.08,106.19,106.15,106.17,210.41797613
2022-03-16 04:51:00,106.08,106.19,106.11,106.15,155.60826279
2022-03-16 04:50:00,106.07,106.11,106.07,106.11,15.84766069
2022-03-16 04:49:00,105.98,106.06,106.04,106.05,50.39414166
2022-03-16 04:48:00,106.01,106.06,106.03,106.06,123.61464637
2022-03-16 04:47:00,105.98,106.08,105.99,106.08,60.20539142
2022-03-16 04:46:00,105.99,106.05,106.05,106.01,25.97570885
2022-03-16 04:45:00,105.96,106.06,105.96,106.04,50.37882188
2022-03-16 04:44:00,105.93,105.99,105.96,105.98,83.34764467
2022-03-16 04:43:00,105.95,106.05,105.97,105.95,60.87105747
2022-03-16 04:42:00,105.88,105.99,105.89,105.98,39.81698639
2022-03-16 04:41:00,105.85,106.0,106.0,105.91,26.76659751
2022-03-16 04:40:00,105.97,106.08,106.01,106.0,38.01612997
2022-03-16 04:39:00,106.0,106.03,106.03,106.02,35.36714795
2022-03-16 04:38:00,105.93,106.07,105.96,106.01,151.65888193
2022-03-16 04:37:00,105.88,105.97,105.93,105.96,272.75859964
2022-03-16 04:36:00,105.89,105.98,105.91,105.96,74.35865348
2022-03-16 04:35:00,105.91,106.01,105.98,105.93,513.98762498
2022-03-16 04:34:00,105.95,106.0,105.97,105.99,51.44959374
2022-03-16 04:33:00,105.88,106.01,105.9,105.97,269.25858114
2022-03-16 04:32:00,105.79,105.98,105.98,105.83,142.59078412
2022-03-16 04:31:00,105.87,105.99,105.95,105.99,92.30519032
2022-03-16 04:30:00,105.99,106.12,106.04,106.0,128.97624705
2022-03-16 04:29:00,105.99,106.15,105.99,106.08,110.35991302
2022-03-16 04:28:00,105.98,106.11,106.07,106.01,138.15103352
2022-03-16 04:27:00,105.95,106.07,106.07,106.05,75.212955
2022-03-16 04:26:00,106.03,106.12,106.11,106.07,53.58926073
2022-03-16 04:25:00,105.99,106.18,106.0,106.12,248.61469139
2022-03-16 04:24:00,105.88,106.06,105.97,106.02,101.98917471
2022-03-16 04:23:00,105.83,106.14,106.13,105.97,175.37775719
2022-03-16 04:22:00,106.17,106.27,106.25,106.17,61.05484675
2022-03-16 04:21:00,106.23,106.35,106.33,106.23,43.56579161
2022-03-16 04:20:00,106.25,106.36,106.26,106.36,81.82643033
2022-03-16 04:19:00,106.18,106.27,106.18,106.27,101.99768159
2022-03-16 04:18:00,106.06,106.23,106.18,106.16,61.09815582
2022-03-16 04:17:00,106.06,106.23,106.22,106.16,126.33009672
2022-03-16 04:16:00,106.2,106.45,106.42,106.2,316.99256503
2022-03-16 04:15:00,106.43,106.67,106.62,106.43,134.75552068
2022-03-16 04:14:00,106.6,106.67,106.66,106.63,109.17471664
2022-03-16 04:13:00,106.61,106.68,106.64,106.65,26.9012952
2022-03-16 04:12:00,106.61,106.7,106.62,106.65,24.28369103
2022-03-16 04:11:00,106.6,106.65,106.63,106.65,20.40058308
2022-03-16 04:10:00,106.63,106.8,106.66,106.65,258.88174427
2022-03-16 04:09:00,106.62,106.67,106.67,106.63,86.15176541
2022-03-16 04:08:00,106.68,106.76,106.76,106.7,161.17691061
2022-03-16 04:07:00,106.65,106.8,106.69,106.8,93.39525677
2022-03-16 04:06:00,106.65,106.74,106.7,106.72,640.75630245
2022-03-16 04:05:00,106.59,106.81,106.78,106.62,439.74528544
2022-03-16 04:04:00,106.69,106.78,106.72,106.78,57.14853987
2022-03-16 04:03:00,106.52,106.76,106.52,106.73,1457.35281818
2022-03-16 04:02:00,106.4,106.65,106.65,106.51,137.28175473
2022-03-16 04:01:00,106.57,106.69,106.57,106.65,102.50890734
2022-03-16 04:00:00,106.5,106.67,106.62,106.57,44.23475378
2022-03-16 03:59:00,106.66,106.81,106.77,106.7,13.86288658
2022-03-16 03:58:00,106.67,106.82,106.77,106.8,45.90130361
2022-03-16 03:57:00,106.72,106.82,106.77,106.76,53.19928324
2022-03-16 03:56:00,106.76,106.9,106.81,106.76,135.44185654
2022-03-16 03:55:00,106.54,106.81,106.54,106.81,872.74827543
2022-03-16 03:54:00,106.49,106.59,106.49,106.56,112.97398896
2022-03-16 03:53:00,106.38,106.53,106.52,106.5,257.58153793
2022-03-16 03:52:00,106.54,106.73,106.73,106.56,173.41223941
2022-03-16 03:51:00,106.7,106.93,106.91,106.71,46.07854939
2022-03-16 03:50:00,106.9,107.04,106.98,106.91,83.70398709
2022-03-16 03:49:00,106.97,107.06,107.02,106.97,182.22882229
2022-03-16 03:48:00,106.99,107.09,107.09,106.99,161.64630733
2022-03-16 03:47:00,107.06,107.23,107.16,107.08,108.13479299
2022-03-16 03:46:00,107.13,107.29,107.21,107.16,53.40486932
2022-03-16 03:45:00,106.97,107.24,106.98,107.13,163.93614327
2022-03-16 03:44:00,106.93,107.13,107.13,106.97,563.13834372
2022-03-16 03:43:00,106.89,107.17,107.11,107.14,1105.84845345
2022-03-16 03:42:00,106.69,107.15,106.69,107.11,276.96338798
2022-03-16 03:41:00,106.28,106.69,106.55,106.69,512.52071472
2022-03-16 03:40:00,106.21,107.53,107.4,106.55,1067.15822194
2022-03-16 03:39:00,107.28,107.47,107.4,107.4,453.03754207
2022-03-16 03:38:00,107.35,107.48,107.43,107.44,130.27366957
2022-03-16 03:37:00,107.44,107.63,107.62,107.45,85.61135995
2022-03-16 03:36:00,107.46,107.65,107.61,107.61,82.41781908
2022-03-16 03:35:00,107.56,107.75,107.6,107.64,135.37663906
2022-03-16 03:34:00,107.46,107.59,107.5,107.59,66.84899676
2022-03-16 03:33:00,107.49,107.71,107.71,107.49,100.72969549
2022-03-16 03:32:00,107.57,107.76,107.73,107.71,189.24447929
2022-03-16 03:31:00,107.72,107.96,107.96,107.72,103.23210772
2022-03-16 03:30:00,107.88,108.14,108.07,107.93,152.21788967
2022-03-16 03:29:00,107.94,108.07,107.99,108.03,55.94402592
2022-03-16 03:28:00,107.97,108.11,108.08,107.99,34.07840538
2022-03-16 03:27:00,108.07,108.19,108.19,108.13,94.39151239
2022-03-16 03:26:00,108.05,108.21,108.13,108.21,227.87463854
2022-03-16 03:25:00,107.96,108.17,107.98,108.15,122.17370413
2022-03-16 03:24:00,107.81,108.05,108.05,107.96,1266.04014784
2022-03-16 03:23:00,107.88,108.09,107.91,108.01,216.11446924
2022-03-16 03:22:00,107.69,107.89,107.78,107.89,74.65460612
2022-03-16 03:21:00,107.78,108.21,107.82,107.79,1018.10481699
2022-03-16 03:20:00,107.57,107.79,107.59,107.79,128.54794028
2022-03-16 03:19:00,107.45,107.68,107.48,107.52,145.44354528
2022-03-16 03:18:00,107.24,107.55,107.37,107.5,280.46504646
2022-03-16 03:17:00,107.35,107.69,107.69,107.43,241.43014433
2022-03-16 03:16:00,107.31,107.75,107.31,107.58,641.45437444
2022-03-16 03:15:00,106.8,107.49,107.15,107.38,673.0422211
2022-03-16 03:14:00,107.03,107.77,107.08,107.1,731.61020748
2022-03-16 03:13:00,106.94,107.99,107.98,107.12,2016.06336121
2022-03-16 03:12:00,107.62,109.44,109.44,107.92,3747.61023653
2022-03-16 03:11:00,109.36,109.5,109.5,109.46,206.06166122
2022-03-16 03:10:00,109.41,109.49,109.42,109.49,58.57590174
2022-03-16 03:09:00,109.38,109.5,109.46,109.44,220.50393787
2022-03-16 03:08:00,109.46,109.51,109.5,109.47,39.22430562
2022-03-16 03:07:00,109.46,109.54,109.49,109.46,73.29863171
2022-03-16 03:06:00,109.46,109.53,109.46,109.52,134.71598036
2022-03-16 03:05:00,109.46,109.56,109.48,109.46,253.2650184
2022-03-16 03:04:00,109.47,109.59,109.5,109.48,298.68202196
2022-03-16 03:03:00,109.5,109.61,109.6,109.54,84.33640955
2022-03-16 03:02:00,109.55,109.62,109.61,109.59,68.9876042
2022-03-16 03:01:00,109.58,109.64,109.62,109.62,94.45509204
2022-03-16 03:00:00,109.51,109.72,109.51,109.61,266.1015428
2022-03-16 02:59:00,109.47,109.54,109.5,109.54,369.81783541
2022-03-16 02:58:00,109.47,109.5,109.5,109.49,86.16532464
2022-03-16 02:57:00,109.42,109.51,109.42,109.49,645.30131176
2022-03-16 02:56:00,109.34,109.48,109.48,109.45,420.92333141
2022-03-16 02:55:00,109.49,109.66,109.66,109.49,264.42318956
2022-03-16 02:54:00,109.65,109.8,109.78,109.65,58.36137892
2022-03-16 02:53:00,109.74,109.8,109.74,109.78,33.57748481
2022-03-16 02:52:00,109.68,109.77,109.74,109.68,78.6936389
2022-03-16 02:51:00,109.72,109.79,109.74,109.75,16.38393345
2022-03-16 02:50:00,109.59,109.75,109.62,109.72,182.38002489
2022-03-16 02:49:00,109.53,109.69,109.56,109.65,179.2047613
2022-03-16 02:48:00,109.55,109.74,109.66,109.6,185.55023923
2022-03-16 02:47:00,109.63,109.81,109.76,109.66,141.75883205
2022-03-16 02:46:00,109.8,109.89,109.84,109.8,187.10596792
2022-03-16 02:45:00,109.72,109.89,109.72,109.87,506.60440058
2022-03-16 02:44:00,109.69,109.77,109.69,109.71,154.57070826
2022-03-16 02:43:00,109.64,109.68,109.64,109.65,72.66866654
2022-03-16 02:42:00,109.69,109.82,109.8,109.69,297.47966458
2022-03-16 02:41:00,109.76,109.89,109.85,109.82,141.48856585
2022-03-16 02:40:00,109.77,109.87,109.81,109.82,94.81337788
2022-03-16 02:39:00,109.72,109.82,109.72,109.78,268.8989296
2022-03-16 02:38:00,109.68,109.86,109.7,109.72,184.24770453
2022-03-16 02:37:00,109.55,109.71,109.63,109.66,152.46530801
2022-03-16 02:36:00,109.45,109.88,109.81,109.62,443.94263561
2022-03-16 02:35:00,109.77,109.93,109.93,109.81,272.86379381
2022-03-16 02:34:00,109.83,110.1,110.02,109.96,373.14869922
2022-03-16 02:33:00,109.84,110.01,109.88,109.98,68.15751421
2022-03-16 02:32:00,109.63,109.87,109.63,109.87,160.96330268
2022-03-16 02:31:00,109.43,109.59,109.47,109.59,450.63512877
2022-03-16 02:30:00,109.39,109.66,109.62,109.43,977.93165653
2022-03-16 02:29:00,109.65,109.88,109.84,109.66,343.62706115
2022-03-16 02:28:00,109.66,109.85,109.83,109.85,512.2231124
2022-03-16 02:27:00,109.76,109.98,109.79,109.86,342.61335866
2022-03-16 02:26:00,109.76,109.98,109.95,109.79,398.20006245
2022-03-16 02:25:00,109.9,110.25,110.25,109.93,574.45749108
2022-03-16 02:24:00,110.2,110.38,110.32,110.24,219.09543079
2022-03-16 02:23:00,110.32,110.63,110.57,110.34,376.22629303
2022-03-16 02:22:00,110.4,110.61,110.6,110.56,498.70032764
2022-03-16 02:21:00,110.57,110.68,110.6,110.63,135.58865699
2022-03-16 02:20:00,110.47,110.72,110.61,110.62,206.20383506
2022-03-16 02:19:00,110.44,110.76,110.56,110.61,456.31728956
2022-03-16 02:18:00,110.57,111.0,110.87,110.61,388.75779196
2022-03-16 02:17:00,110.52,110.95,110.54,110.79,827.53776483
2022-03-16 02:16:00,110.27,110.69,110.58,110.51,857.3793845
2022-03-16 02:15:00,110.61,111.09,110.86,110.63,714.92634388
2022-03-16 02:14:00,110.61,110.85,110.79,110.8,371.27918477
2022-03-16 02:13:00,110.6,111.15,110.99,110.8,1063.26559055
2022-03-16 02:12:00,110.82,111.16,110.84,111.04,1910.83461099
2022-03-16 02:11:00,110.78,111.5,111.24,110.78,2943.4350024
2022-03-16 02:10:00,110.93,111.4,111.01,111.26,3354.36775613
2022-03-16 02:09:00,110.69,111.93,111.39,110.92,2120.35330601
2022-03-16 02:08:00,109.92,111.89,109.93,111.46,13246.28371656
2022-03-16 02:07:00,108.48,109.94,108.6,109.88,8035.77891818
2022-03-16 02:06:00,108.53,108.68,108.63,108.59,2245.82833884
2022-03-16 02:05:00,108.38,108.66,108.38,108.63,481.38154945
2022-03-16 02:04:00,108.33,108.5,108.47,108.43,2925.5617931
2022-03-16 02:03:00,108.12,108.47,108.21,108.47,322.79788004
2022-03-16 02:02:00,108.1,108.21,108.1,108.21,67.09591819
2022-03-16 02:01:00,107.99,108.15,107.99,108.13,185.6197228
2022-03-16 02:00:00,108.01,108.1,108.04,108.03,129.37052272
2022-03-16 01:59:00,107.98,108.09,107.98,108.03,235.84395797
2022-03-16 01:58:00,107.86,107.99,107.99,107.95,99.03343763
2022-03-16 01:57:00,107.97,108.06,107.99,107.99,135.09706535
2022-03-16 01:56:00,107.85,107.96,107.86,107.96,123.43549871
2022-03-16 01:55:00,107.8,107.96,107.96,107.84,245.16731627
2022-03-16 01:54:00,107.91,108.28,108.27,107.99,253.28371368
2022-03-16 01:53:00,108.24,108.3,108.3,108.28,90.92825357
2022-03-16 01:52:00,108.16,108.25,108.2,108.23,156.6193962
2022-03-16 01:51:00,108.13,108.24,108.22,108.21,168.96474261
2022-03-16 01:50:00,108.19,108.32,108.32,108.24,261.56128889
2022-03-16 01:49:00,108.24,108.38,108.38,108.35,214.45829273
2022-03-16 01:48:00,108.22,108.46,108.29,108.39,199.7201461
2022-03-16 01:47:00,108.05,108.45,108.08,108.27,321.62084318
2022-03-16 01:46:00,107.7,108.14,107.7,108.02,378.87033167
2022-03-16 01:45:00,107.44,107.7,107.54,107.7,127.82481754
2022-03-16 01:44:00,107.46,107.65,107.65,107.54,133.38144416
2022-03-16 01:43:00,107.61,107.88,107.69,107.61,140.43739964
2022-03-16 01:42:00,107.31,107.64,107.33,107.64,250.79700397
2022-03-16 01:41:00,107.17,107.34,107.23,107.34,79.014961
2022-03-16 01:40:00,107.08,107.28,107.28,107.19,159.771815
2022-03-16 01:39:00,107.28,107.4,107.4,107.31,197.92213285
2022-03-16 01:38:00,107.38,107.46,107.38,107.41,67.71516388
2022-03-16 01:37:00,107.3,107.4,107.3,107.4,122.87154555
2022-03-16 01:36:00,107.23,107.31,107.28,107.3,148.09526096
2022-03-16 01:35:00,107.28,107.34,107.3,107.31,47.16994538
2022-03-16 01:34:00,107.28,107.4,107.37,107.31,90.28052908
2022-03-16 01:33:00,107.39,107.44,107.4,107.39,22.24237121
2022-03-16 01:32:00,107.38,107.46,107.45,107.4,519.28686626
2022-03-16 01:31:00,107.42,107.48,107.47,107.47,471.36692619
2022-03-16 01:30:00,107.46,107.5,107.46,107.48,485.19359125
2022-03-16 01:29:00,107.41,107.45,107.41,107.45,64.53048891
2022-03-16 01:28:00,107.36,107.45,107.36,107.45,42.57031462
2022-03-16 09:28:00,108.14,108.23,108.18,108.18,105.39269876
