datetime,open,high,low,close,volume
2023-10-30 22:25:00,69.12,69.17,69.15,69.14,64.7291293
2023-10-31 08:25:00,68.57,68.63,68.62,68.63,123.64110161
2023-10-31 08:24:00,68.6,68.62,68.6,68.62,12.19087421
2023-10-31 08:23:00,68.61,68.62,68.61,68.61,50.96324985
2023-10-31 08:22:00,68.61,68.63,68.63,68.61,9.28363141
2023-10-31 08:21:00,68.6,68.62,68.62,68.62,2.16305238
2023-10-31 08:20:00,68.6,68.64,68.61,68.6,26.02643961
2023-10-31 08:19:00,68.57,68.64,68.64,68.6,142.71144846
2023-10-31 08:18:00,68.59,68.6,68.6,68.59,13.65543838
2023-10-31 08:17:00,68.59,68.63,68.63,68.59,34.22656658
2023-10-31 08:16:00,68.6,68.68,68.6,68.64,39.66747038
2023-10-31 08:15:00,68.54,68.64,68.54,68.64,44.0394516
2023-10-31 08:14:00,68.54,68.58,68.57,68.55,39.09543674
2023-10-31 08:13:00,68.51,68.55,68.51,68.55,4.69887735
2023-10-31 08:12:00,68.46,68.5,68.49,68.5,76.65999755
2023-10-31 08:11:00,68.4,68.47,68.43,68.46,74.1684278
2023-10-31 08:10:00,68.33,68.4,68.36,68.4,91.90108276
2023-10-31 08:09:00,68.31,68.35,68.31,68.35,44.37580584
2023-10-31 08:08:00,68.26,68.29,68.28,68.29,25.94649503
2023-10-31 08:07:00,68.13,68.26,68.16,68.23,225.20589446
2023-10-31 08:06:00,67.88,68.23,68.21,68.19,836.88425031
2023-10-31 08:05:00,68.22,68.33,68.31,68.24,253.19235379
2023-10-31 08:04:00,68.36,68.39,68.39,68.38,42.51721377
2023-10-31 08:03:00,68.38,68.45,68.45,68.41,34.59326123
2023-10-31 08:02:00,68.46,68.53,68.53,68.46,5.73939098
2023-10-31 08:01:00,68.52,68.55,68.55,68.55,19.46603618
2023-10-31 08:00:00,68.58,68.6,68.6,68.58,35.35848342
2023-10-31 07:59:00,68.6,68.64,68.64,68.61,42.9896285
2023-10-31 07:58:00,68.64,68.66,68.64,68.66,27.24999131
2023-10-31 07:57:00,68.61,68.71,68.68,68.61,181.83405028
2023-10-31 07:56:00,68.68,68.68,68.68,68.68,0.84004106
2023-10-31 07:55:00,68.6,68.71,68.61,68.71,303.96760563
2023-10-31 07:54:00,68.57,68.64,68.57,68.62,17.63838847
2023-10-31 07:53:00,68.55,68.57,68.57,68.57,3.93161981
2023-10-31 07:52:00,68.56,68.64,68.64,68.56,4.48695614
2023-10-31 07:51:00,68.63,68.66,68.66,68.65,12.85757787
2023-10-31 07:50:00,68.67,68.69,68.69,68.67,4.89065184
2023-10-31 07:49:00,68.66,68.68,68.67,68.66,2.39229582
2023-10-31 07:48:00,68.66,68.72,68.66,68.72,11.64703376
2023-10-31 07:47:00,68.67,68.72,68.7,68.67,9.700291
2023-10-31 07:46:00,68.7,68.72,68.72,68.72,53.96745123
2023-10-31 07:45:00,68.7,68.72,68.72,68.7,2.96218309
2023-10-31 07:44:00,68.69,68.72,68.71,68.7,1.78139601
2023-10-31 07:43:00,68.7,68.81,68.81,68.7,10.74119456
2023-10-31 07:42:00,68.77,68.83,68.78,68.81,34.13348853
2023-10-31 07:41:00,68.75,68.78,68.75,68.78,22.48933165
2023-10-31 07:40:00,68.65,68.75,68.67,68.75,90.84221578
2023-10-31 07:39:00,68.65,68.66,68.66,68.65,20.16564976
2023-10-31 07:38:00,68.6,68.69,68.6,68.67,43.85183026
2023-10-31 07:37:00,68.56,68.62,68.56,68.62,254.54781258
2023-10-31 07:36:00,68.48,68.51,68.48,68.51,18.30641287
2023-10-31 07:35:00,68.45,68.53,68.45,68.53,43.69789995
2023-10-31 07:34:00,68.35,68.44,68.44,68.44,230.5781495
2023-10-31 07:33:00,68.43,68.49,68.49,68.43,5.72482049
2023-10-31 07:32:00,68.47,68.55,68.49,68.48,77.89782724
2023-10-31 07:31:00,68.44,68.54,68.54,68.53,1446.95735368
2023-10-31 07:30:00,68.55,68.63,68.63,68.57,151.00045982
2023-10-31 07:29:00,68.59,68.67,68.59,68.62,765.75970154
2023-10-31 07:28:00,68.57,68.62,68.62,68.6,4.09369368
2023-10-31 07:27:00,68.58,68.66,68.64,68.66,111.14527967
2023-10-31 07:26:00,68.61,68.71,68.71,68.62,38.46525231
2023-10-31 07:25:00,68.62,68.71,68.63,68.7,135.02136185
2023-10-31 07:24:00,68.63,68.68,68.63,68.67,23.1626804
2023-10-31 07:23:00,68.63,68.72,68.72,68.63,11.48518301
2023-10-31 07:22:00,68.73,68.75,68.74,68.73,14.62648038
2023-10-31 07:21:00,68.72,68.76,68.75,68.76,3.69351249
2023-10-31 07:20:00,68.71,68.76,68.76,68.73,30.41935369
2023-10-31 07:19:00,68.78,68.81,68.81,68.78,18.10836375
2023-10-31 07:18:00,68.83,68.89,68.89,68.83,17.19256623
2023-10-31 07:17:00,68.89,68.95,68.94,68.89,9.6852018
2023-10-31 07:16:00,68.95,68.95,68.95,68.95,6.24528984
2023-10-31 07:15:00,68.88,68.94,68.88,68.93,110.04324903
2023-10-31 07:14:00,68.85,68.89,68.85,68.88,28.0801581
2023-10-31 07:13:00,68.85,68.87,68.87,68.87,1.45978487
2023-10-31 07:11:00,68.89,68.94,68.94,68.89,48.63117936
2023-10-31 07:10:00,68.93,68.95,68.95,68.93,32.15327679
2023-10-31 07:09:00,68.94,68.97,68.94,68.96,3.50044729
2023-10-31 07:08:00,68.92,68.96,68.92,68.96,1.79056415
2023-10-31 07:07:00,68.91,68.94,68.91,68.94,7.18734544
2023-10-31 07:06:00,68.91,68.92,68.91,68.92,29.53168298
2023-10-31 07:05:00,68.86,68.92,68.86,68.9,15.66944016
2023-10-31 07:04:00,68.87,68.88,68.88,68.87,30.37763306
2023-10-31 07:03:00,68.9,68.95,68.9,68.93,1.66664769
2023-10-31 07:02:00,68.86,68.89,68.86,68.86,14.64547476
2023-10-31 07:01:00,68.81,68.87,68.81,68.83,9.51218785
2023-10-31 07:00:00,68.81,68.91,68.9,68.83,138.51717602
2023-10-31 06:59:00,68.87,68.91,68.88,68.9,23.01695417
2023-10-31 06:58:00,68.89,68.94,68.9,68.89,89.90835237
2023-10-31 06:56:00,68.82,68.86,68.85,68.85,5.66697173
2023-10-31 06:55:00,68.85,68.9,68.9,68.85,5.16216662
2023-10-31 06:54:00,68.87,68.92,68.92,68.89,2.34784205
2023-10-31 06:53:00,68.89,68.96,68.96,68.9,8.36485824
2023-10-31 06:52:00,68.95,68.99,68.97,68.99,19.20118314
2023-10-31 06:51:00,68.95,68.96,68.95,68.96,5.81856273
2023-10-31 06:50:00,68.95,69.03,69.03,68.95,0.12834196
2023-10-31 06:49:00,69.03,69.05,69.05,69.03,1.32687345
2023-10-31 06:48:00,69.06,69.12,69.09,69.06,15.70724142
2023-10-31 06:47:00,69.06,69.14,69.14,69.07,145.20750558
2023-10-31 06:46:00,69.12,69.17,69.14,69.16,58.81190928
2023-10-31 06:45:00,69.07,69.16,69.16,69.15,80.01302694
2023-10-31 06:44:00,69.17,69.2,69.18,69.19,56.62307486
2023-10-31 06:43:00,69.15,69.18,69.15,69.18,51.82501982
2023-10-31 06:42:00,69.13,69.15,69.14,69.13,10.88570847
2023-10-31 06:41:00,69.02,69.11,69.02,69.11,38.90416904
2023-10-31 06:40:00,69.04,69.06,69.04,69.04,17.60913791
2023-10-31 06:39:00,69.04,69.13,69.12,69.04,17.64328795
2023-10-31 06:38:00,69.02,69.11,69.04,69.11,5.31208192
2023-10-31 06:37:00,68.96,69.02,68.97,69.0,19.29759822
2023-10-31 06:36:00,68.91,68.97,68.91,68.95,25.96353066
2023-10-31 06:35:00,68.83,68.93,68.83,68.93,44.14882891
2023-10-31 06:34:00,68.78,68.89,68.78,68.82,111.0714985
2023-10-31 06:33:00,68.53,68.92,68.91,68.76,866.24547167
2023-10-31 06:32:00,68.9,69.08,69.04,68.92,226.51957909
2023-10-31 06:31:00,69.07,69.09,69.09,69.07,4.28422804
2023-10-31 06:30:00,69.09,69.1,69.1,69.1,15.29859079
2023-10-31 06:29:00,69.09,69.12,69.09,69.09,16.46186992
2023-10-31 06:28:00,69.11,69.19,69.13,69.19,9.15790011
2023-10-31 06:27:00,69.13,69.17,69.17,69.13,11.37763614
2023-10-31 06:26:00,69.17,69.24,69.23,69.18,207.38564325
2023-10-31 06:25:00,69.25,69.28,69.28,69.25,4.10276361
2023-10-31 06:24:00,69.26,69.3,69.3,69.26,8.56480025
2023-10-31 06:23:00,69.29,69.31,69.29,69.31,5.99469628
2023-10-31 06:22:00,69.26,69.34,69.28,69.32,24.63814739
2023-10-31 06:21:00,69.28,69.3,69.3,69.28,42.01392946
2023-10-31 06:20:00,69.3,69.33,69.3,69.31,81.08290131
2023-10-31 06:19:00,69.32,69.49,69.49,69.32,97.69652177
2023-10-31 06:18:00,69.34,69.5,69.34,69.49,59.60954585
2023-10-31 06:17:00,69.23,69.31,69.23,69.31,440.45812549
2023-10-31 06:16:00,69.2,69.22,69.21,69.21,15.30384365
2023-10-31 06:15:00,69.2,69.25,69.24,69.2,9.9363533
2023-10-31 06:14:00,69.24,69.28,69.24,69.26,32.27477705
2023-10-31 06:13:00,69.23,69.29,69.23,69.25,220.91579489
2023-10-31 06:12:00,69.2,69.24,69.21,69.24,14.8297046
2023-10-31 06:11:00,69.17,69.21,69.21,69.21,56.34022211
2023-10-31 06:10:00,69.14,69.21,69.14,69.21,14.49199509
2023-10-31 06:09:00,69.16,69.17,69.16,69.17,3.10755605
2023-10-31 06:08:00,69.08,69.18,69.08,69.18,2.79924646
2023-10-31 06:07:00,69.07,69.1,69.07,69.1,18.58809296
2023-10-31 06:06:00,69.03,69.06,69.03,69.06,5.82935784
2023-10-31 06:05:00,69.05,69.07,69.07,69.05,11.92938403
2023-10-31 06:04:00,69.04,69.07,69.04,69.07,9.03793014
2023-10-31 06:03:00,69.02,69.05,69.04,69.05,25.10082956
2023-10-31 06:02:00,69.02,69.05,69.05,69.04,6.10280225
2023-10-31 06:01:00,69.04,69.1,69.1,69.05,29.72966811
2023-10-31 06:00:00,69.08,69.11,69.09,69.1,56.74156854
2023-10-31 05:59:00,69.1,69.11,69.11,69.1,7.14294852
2023-10-31 05:58:00,69.11,69.11,69.11,69.11,5.54566227
2023-10-31 05:57:00,69.09,69.13,69.09,69.13,14.38423884
2023-10-31 05:56:00,69.09,69.11,69.09,69.09,24.16731329
2023-10-31 05:55:00,69.08,69.11,69.11,69.09,27.64807667
2023-10-31 05:54:00,69.08,69.11,69.09,69.11,1.88156174
2023-10-31 05:53:00,69.08,69.09,69.08,69.08,12.18335982
2023-10-31 05:52:00,69.07,69.1,69.09,69.08,32.33460677
2023-10-31 05:51:00,69.09,69.12,69.12,69.09,21.91217836
2023-10-31 05:50:00,69.08,69.13,69.13,69.1,64.20578329
2023-10-31 05:49:00,69.13,69.18,69.13,69.13,4.62274913
2023-10-31 05:48:00,69.1,69.13,69.1,69.13,15.34591853
2023-10-31 05:47:00,69.07,69.09,69.09,69.08,16.78667191
2023-10-31 05:46:00,69.06,69.09,69.09,69.06,17.97777221
2023-10-31 05:45:00,69.07,69.08,69.07,69.08,5.86375475
2023-10-31 05:44:00,69.04,69.08,69.08,69.06,28.74101779
2023-10-31 05:43:00,69.06,69.09,69.07,69.09,39.44654005
2023-10-31 05:42:00,69.05,69.08,69.06,69.08,40.95956641
2023-10-31 05:41:00,69.03,69.06,69.06,69.06,133.03215619
2023-10-31 05:40:00,69.03,69.08,69.05,69.07,11.49040347
2023-10-31 05:39:00,68.99,69.06,69.0,69.03,33.75882707
2023-10-31 05:38:00,68.99,69.02,69.01,69.0,11.13793305
2023-10-31 05:37:00,68.97,69.03,68.97,69.01,11.66265919
2023-10-31 05:36:00,68.97,69.01,68.98,68.98,18.15355049
2023-10-31 05:35:00,68.98,69.0,69.0,68.98,2.38096422
2023-10-31 05:34:00,68.99,68.99,68.99,68.99,1.32103599
2023-10-31 05:33:00,69.02,69.08,69.07,69.02,20.28937512
2023-10-31 05:32:00,69.04,69.08,69.05,69.08,60.46943438
2023-10-31 05:31:00,69.03,69.04,69.03,69.03,13.11884335
2023-10-31 05:30:00,68.99,69.01,69.0,69.0,16.49035443
2023-10-31 05:29:00,68.97,68.99,68.97,68.99,16.43919315
2023-10-31 05:28:00,68.96,68.98,68.96,68.98,7.01135849
2023-10-31 05:27:00,68.94,68.96,68.94,68.96,5.8225141
2023-10-31 05:26:00,68.93,68.95,68.95,68.93,15.48326808
2023-10-31 05:25:00,68.9,68.99,68.9,68.96,27.44878187
2023-10-31 05:24:00,68.89,68.94,68.92,68.9,12.87599689
2023-10-31 05:23:00,68.92,68.96,68.96,68.93,18.3601623
2023-10-31 05:22:00,68.93,68.95,68.95,68.94,6.6241568
2023-10-31 05:21:00,68.9,68.94,68.9,68.94,9.95197371
2023-10-31 05:20:00,68.85,68.9,68.86,68.9,105.00733348
2023-10-31 05:19:00,68.75,68.81,68.75,68.81,6.71570891
2023-10-31 05:18:00,68.7,68.73,68.7,68.73,218.35974316
2023-10-31 05:17:00,68.68,68.72,68.68,68.69,11.35506725
2023-10-31 05:16:00,68.67,68.71,68.7,68.71,34.07813786
2023-10-31 05:15:00,68.71,68.75,68.73,68.71,41.28056486
2023-10-31 05:14:00,68.74,68.75,68.74,68.75,48.99656521
2023-10-31 05:13:00,68.73,68.76,68.76,68.73,21.87162587
2023-10-31 05:12:00,68.77,68.8,68.79,68.77,70.44532265
2023-10-31 05:11:00,68.78,68.81,68.78,68.79,35.33751034
2023-10-31 05:10:00,68.74,68.81,68.74,68.78,46.06405677
2023-10-31 05:09:00,68.68,68.78,68.78,68.72,55.05577367
2023-10-31 05:08:00,68.77,68.86,68.85,68.77,17.95675608
2023-10-31 05:07:00,68.83,68.87,68.86,68.85,14.60112334
2023-10-31 05:06:00,68.85,68.93,68.93,68.85,22.11524005
2023-10-31 05:05:00,68.88,68.91,68.88,68.88,26.4441253
2023-10-31 05:04:00,68.89,68.95,68.94,68.89,14.57776971
2023-10-31 05:03:00,68.9,68.94,68.94,68.94,66.83761722
2023-10-31 05:02:00,68.9,68.96,68.96,68.9,33.64162389
2023-10-31 05:01:00,68.82,68.96,68.83,68.96,242.59968111
2023-10-31 05:00:00,68.85,68.92,68.92,68.85,129.5677927
2023-10-31 04:59:00,68.87,68.92,68.87,68.92,96.22852006
2023-10-31 04:58:00,68.77,68.87,68.78,68.87,156.58413925
2023-10-31 04:57:00,68.8,68.85,68.83,68.81,335.28357122
2023-10-31 04:56:00,68.83,68.85,68.85,68.83,24.76148819
2023-10-31 04:55:00,68.86,68.87,68.87,68.87,3.87795866
2023-10-31 04:54:00,68.81,68.85,68.84,68.84,28.0016988
2023-10-31 04:53:00,68.85,68.86,68.85,68.85,5.80741564
2023-10-31 04:52:00,68.83,68.85,68.84,68.84,142.63350009
2023-10-31 04:51:00,68.84,68.9,68.9,68.85,32.08148216
2023-10-31 04:50:00,68.9,68.95,68.91,68.91,213.25224931
2023-10-31 04:49:00,68.89,68.93,68.89,68.91,308.053344
2023-10-31 04:48:00,68.9,68.92,68.9,68.9,19.32843972
2023-10-31 04:47:00,68.91,68.95,68.95,68.93,597.90549757
2023-10-31 04:46:00,68.92,68.98,68.98,68.94,310.0498562
2023-10-31 04:45:00,68.93,68.99,68.93,68.97,8.75735363
2023-10-31 04:44:00,68.91,68.95,68.95,68.92,37.92831339
2023-10-31 04:43:00,68.93,68.97,68.96,68.93,28.89425135
2023-10-31 04:42:00,68.93,68.96,68.95,68.94,51.55234031
2023-10-31 04:41:00,68.93,68.96,68.94,68.95,10.3786328
2023-10-31 04:40:00,68.98,68.98,68.98,68.98,0.69438576
2023-10-31 04:39:00,68.92,68.97,68.97,68.97,88.49394149
2023-10-31 04:38:00,68.97,69.03,68.99,69.03,27.58488523
2023-10-31 04:37:00,68.94,69.01,69.01,68.99,52.59121964
2023-10-31 04:36:00,69.0,69.02,69.01,69.01,21.00273381
2023-10-31 04:35:00,69.02,69.04,69.04,69.02,13.87818176
2023-10-31 04:34:00,69.0,69.04,69.0,69.04,29.38092508
2023-10-31 04:33:00,68.97,69.01,69.01,68.99,32.61073707
2023-10-31 04:32:00,69.0,69.04,69.04,69.01,7.72295439
2023-10-31 04:31:00,69.0,69.04,69.0,69.04,25.96931268
2023-10-31 04:30:00,68.97,69.01,68.99,69.0,55.11210128
2023-10-31 04:29:00,68.97,69.01,69.01,68.97,44.77996973
2023-10-31 04:28:00,68.98,69.01,69.0,69.01,10.68049745
2023-10-31 04:27:00,68.98,69.0,68.98,69.0,8.73146128
2023-10-31 04:26:00,68.98,69.0,69.0,68.98,1.75335563
2023-10-31 04:25:00,68.95,69.0,68.95,69.0,29.41045029
2023-10-31 04:24:00,68.96,68.99,68.97,68.98,43.32325495
2023-10-31 04:23:00,68.96,68.99,68.96,68.99,7.45633088
2023-10-31 04:22:00,68.95,68.99,68.96,68.97,9.15874649
2023-10-31 04:21:00,68.9,68.96,68.94,68.94,20.42141978
2023-10-31 04:20:00,68.93,68.96,68.96,68.95,108.73076443
2023-10-31 04:19:00,68.97,68.99,68.97,68.97,13.4022712
2023-10-31 04:18:00,68.92,68.97,68.93,68.97,18.4410567
2023-10-31 04:17:00,68.91,68.95,68.91,68.91,15.33722845
2023-10-31 04:16:00,68.9,68.93,68.93,68.92,56.60523639
2023-10-31 04:15:00,68.89,68.95,68.89,68.94,82.54866258
2023-10-31 04:14:00,68.84,68.89,68.84,68.89,27.29391006
2023-10-31 04:13:00,68.78,68.81,68.8,68.81,17.51325059
2023-10-31 04:12:00,68.78,68.82,68.82,68.8,42.47697141
2023-10-31 04:11:00,68.8,68.85,68.85,68.82,109.18560868
2023-10-31 04:10:00,68.83,68.88,68.83,68.87,102.67152901
2023-10-31 04:09:00,68.75,68.81,68.75,68.81,50.22928906
2023-10-31 04:08:00,68.72,68.78,68.76,68.75,21.34852237
2023-10-31 04:07:00,68.72,68.75,68.73,68.75,24.11289731
2023-10-31 04:06:00,68.73,68.81,68.78,68.73,247.34617895
2023-10-31 04:05:00,68.81,68.83,68.82,68.82,6.16047408
2023-10-31 04:04:00,68.83,68.87,68.86,68.83,1.81686124
2023-10-31 04:03:00,68.82,68.9,68.88,68.82,5.03727759
2023-10-31 04:02:00,68.89,68.91,68.91,68.89,2.07152866
2023-10-31 04:01:00,68.86,68.91,68.88,68.91,22.27565439
2023-10-31 04:00:00,68.83,68.86,68.83,68.86,23.11888859
2023-10-31 03:59:00,68.77,68.8,68.77,68.8,14.56440721
2023-10-31 03:58:00,68.78,68.79,68.79,68.78,17.90004452
2023-10-31 03:57:00,68.77,68.81,68.81,68.77,17.09462726
2023-10-31 03:56:00,68.77,68.83,68.79,68.82,81.45242216
2023-10-31 03:55:00,68.8,68.83,68.8,68.8,5.04724601
2023-10-31 03:54:00,68.82,68.85,68.85,68.82,5.17703635
2023-10-31 03:53:00,68.83,68.87,68.84,68.85,7.25296394
2023-10-31 03:52:00,68.83,68.87,68.83,68.87,39.94425516
2023-10-31 03:51:00,68.8,68.86,68.86,68.82,12.28698993
2023-10-31 03:50:00,68.83,68.87,68.85,68.86,6.33716992
2023-10-31 03:49:00,68.86,68.87,68.87,68.86,7.8662926
2023-10-31 03:48:00,68.85,68.88,68.88,68.86,20.90213846
2023-10-31 03:47:00,68.86,68.91,68.86,68.91,36.48537628
2023-10-31 03:46:00,68.85,68.91,68.91,68.86,148.85151279
2023-10-31 03:45:00,68.82,68.9,68.83,68.9,12.10938192
2023-10-31 03:44:00,68.82,68.87,68.86,68.87,7.59769388
2023-10-31 03:43:00,68.76,68.87,68.78,68.87,156.02289372
2023-10-31 03:42:00,68.78,68.82,68.82,68.78,2.28203748
2023-10-31 03:41:00,68.82,68.9,68.87,68.84,15.71656339
2023-10-31 03:40:00,68.86,68.87,68.87,68.86,13.01836557
2023-10-31 03:39:00,68.83,68.87,68.84,68.87,24.03463961
2023-10-31 03:38:00,68.83,68.87,68.83,68.86,63.39072871
2023-10-31 03:37:00,68.81,68.92,68.92,68.83,26.95632511
2023-10-31 03:36:00,68.89,68.95,68.94,68.9,3.8975391
2023-10-31 03:35:00,68.95,69.0,68.99,68.95,25.42933333
2023-10-31 03:34:00,69.0,69.04,69.04,69.0,13.27716366
2023-10-31 03:33:00,69.03,69.09,69.08,69.06,6.89595182
2023-10-31 03:32:00,69.06,69.11,69.11,69.08,12.21375922
2023-10-31 03:31:00,69.09,69.16,69.11,69.13,58.15675554
2023-10-31 03:30:00,69.12,69.14,69.13,69.12,18.682238
2023-10-31 03:29:00,69.11,69.13,69.11,69.12,3.88797434
2023-10-31 03:28:00,69.09,69.12,69.1,69.11,6.77242238
2023-10-31 03:27:00,69.06,69.11,69.06,69.11,73.6853101
2023-10-31 03:26:00,69.05,69.09,69.08,69.05,25.05609614
2023-10-31 03:25:00,69.04,69.08,69.07,69.08,31.39340693
2023-10-31 13:25:00,69.87,69.93,69.91,69.91,124.45202667
2023-10-31 13:24:00,69.94,70.19,70.08,69.94,240.41786662
2023-10-31 13:23:00,69.85,70.07,69.85,70.06,1216.84973181
2023-10-31 13:22:00,69.77,69.89,69.77,69.83,41.95084686
2023-10-31 13:21:00,69.73,69.86,69.86,69.77,91.92707054
2023-10-31 13:20:00,69.84,69.94,69.84,69.87,593.54846976
2023-10-31 13:19:00,69.82,69.86,69.83,69.82,43.24342954
2023-10-31 13:18:00,69.74,69.83,69.81,69.83,67.67873096
2023-10-31 13:17:00,69.74,69.79,69.77,69.79,16.16470248
2023-10-31 13:16:00,69.63,69.77,69.64,69.77,17.44801661
2023-10-31 13:15:00,69.56,69.65,69.57,69.64,3.6399118
2023-10-31 13:14:00,69.45,69.58,69.5,69.58,256.89308936
2023-10-31 13:13:00,69.5,69.61,69.61,69.5,71.47886063
2023-10-31 13:12:00,69.64,69.69,69.66,69.64,7.47829208
2023-10-31 13:11:00,69.6,69.66,69.6,69.66,9.49593198
2023-10-31 13:10:00,69.58,69.69,69.64,69.6,39.30988465
2023-10-31 13:09:00,69.61,69.68,69.62,69.64,30.86501055
2023-10-31 13:08:00,69.54,69.63,69.55,69.63,10.80444162
2023-10-31 13:07:00,69.53,69.64,69.55,69.64,178.18959898
2023-10-31 13:06:00,69.52,69.62,69.58,69.52,5.76713866
2023-10-31 13:05:00,69.56,69.63,69.56,69.58,3.54131378
2023-10-31 13:04:00,69.59,69.7,69.69,69.59,80.92162897
2023-10-31 13:03:00,69.65,69.74,69.65,69.71,85.99533248
2023-10-31 13:02:00,69.52,69.67,69.53,69.67,48.31146702
2023-10-31 13:01:00,69.4,69.51,69.47,69.51,53.49018875
2023-10-31 13:00:00,69.42,69.48,69.46,69.47,57.25755991
2023-10-31 12:59:00,69.45,69.49,69.49,69.46,13.1672659
2023-10-31 12:58:00,69.45,69.53,69.45,69.48,106.33272863
2023-10-31 12:57:00,69.38,69.45,69.42,69.45,38.27942393
2023-10-31 12:56:00,69.4,69.43,69.41,69.4,13.24722078
2023-10-31 12:55:00,69.4,69.51,69.43,69.44,26.45219711
2023-10-31 12:54:00,69.33,69.44,69.44,69.38,21.0791877
2023-10-31 12:53:00,69.27,69.45,69.27,69.41,116.33075747
2023-10-31 12:52:00,69.27,69.48,69.48,69.27,37.58976125
2023-10-31 12:51:00,69.33,69.49,69.39,69.49,97.88801342
2023-10-31 12:50:00,69.22,69.31,69.22,69.31,92.78569624
2023-10-31 12:49:00,69.24,69.4,69.3,69.26,135.2523087
2023-10-31 12:48:00,69.12,69.41,69.24,69.31,526.77900924
2023-10-31 12:47:00,69.27,69.57,69.55,69.27,544.42721512
2023-10-31 12:46:00,69.48,69.56,69.53,69.55,144.96824137
2023-10-31 12:45:00,69.56,69.72,69.7,69.56,111.50456705
2023-10-31 12:44:00,69.61,69.71,69.62,69.69,52.54201743
2023-10-31 12:43:00,69.7,69.78,69.78,69.7,47.17258742
2023-10-31 12:42:00,69.81,69.9,69.88,69.81,26.52474956
2023-10-31 12:41:00,69.83,69.91,69.85,69.88,36.13052623
2023-10-31 12:40:00,69.85,69.91,69.86,69.88,10.04959898
2023-10-31 12:39:00,69.86,69.93,69.93,69.86,84.12981973
2023-10-31 12:38:00,69.95,70.0,70.0,69.95,45.43019655
2023-10-31 12:37:00,69.94,69.99,69.99,69.99,17.46302851
2023-10-31 12:36:00,69.96,70.01,69.97,70.01,17.1685373
2023-10-31 12:35:00,69.91,70.0,69.94,69.99,40.27482274
2023-10-31 12:34:00,69.95,70.02,70.0,69.95,42.46436461
2023-10-31 12:33:00,69.84,70.0,69.86,70.0,141.61818931
2023-10-31 12:32:00,69.68,69.83,69.68,69.8,144.57643098
2023-10-31 12:31:00,69.42,69.62,69.59,69.62,255.04946474
2023-10-31 12:30:00,69.62,69.79,69.75,69.65,61.06552388
2023-10-31 12:29:00,69.74,69.85,69.79,69.76,11.88397607
2023-10-31 12:28:00,69.83,69.96,69.96,69.83,110.16890813
2023-10-31 12:27:00,69.97,70.01,70.0,69.97,60.45104504
2023-10-31 12:26:00,69.95,70.04,70.04,69.98,64.09091023
2023-10-31 12:25:00,70.02,70.1,70.04,70.02,46.54899713
2023-10-31 12:24:00,70.05,70.08,70.05,70.05,51.33697324
2023-10-31 12:23:00,70.05,70.11,70.11,70.05,210.20077264
2023-10-31 12:22:00,70.12,70.17,70.15,70.12,61.08635456
2023-10-31 12:21:00,70.18,70.25,70.25,70.18,6.50143394
2023-10-31 12:20:00,70.29,70.36,70.35,70.3,25.9814852
2023-10-31 12:19:00,70.33,70.4,70.33,70.4,21.82400694
2023-10-31 12:18:00,70.28,70.34,70.34,70.3,1.35810563
2023-10-31 12:17:00,70.26,70.33,70.3,70.33,57.29479853
2023-10-31 12:16:00,70.32,70.37,70.37,70.32,15.49514951
2023-10-31 12:15:00,70.32,70.34,70.34,70.32,6.73935114
2023-10-31 12:14:00,70.31,70.41,70.31,70.4,53.0617769
2023-10-31 12:13:00,70.25,70.34,70.26,70.3,11.61847355
2023-10-31 12:12:00,70.26,70.33,70.33,70.26,20.4532936
2023-10-31 12:11:00,70.23,70.32,70.24,70.32,143.85679819
2023-10-31 12:10:00,70.28,70.4,70.4,70.3,20.62197143
2023-10-31 12:09:00,70.4,70.41,70.4,70.4,21.33677361
2023-10-31 12:08:00,70.38,70.41,70.41,70.39,8.27312525
2023-10-31 12:07:00,70.31,70.41,70.31,70.39,168.50800053
2023-10-31 12:06:00,70.26,70.3,70.26,70.3,7.00196847
2023-10-31 12:05:00,70.25,70.3,70.29,70.25,35.95243677
2023-10-31 12:04:00,70.25,70.26,70.25,70.26,3.89671869
2023-10-31 12:03:00,70.18,70.2,70.19,70.2,41.17870427
2023-10-31 12:02:00,70.12,70.16,70.15,70.16,101.44023076
2023-10-31 12:01:00,70.06,70.14,70.07,70.14,37.81476035
2023-10-31 12:00:00,70.04,70.12,70.04,70.08,9.17794707
2023-10-31 11:59:00,70.02,70.16,70.16,70.03,37.3602558
2023-10-31 11:58:00,70.14,70.19,70.17,70.16,188.84740476
2023-10-31 11:57:00,70.08,70.22,70.2,70.15,375.46280953
2023-10-31 11:56:00,70.19,70.27,70.27,70.19,151.5551992
2023-10-31 11:55:00,70.27,70.39,70.35,70.28,640.62704057
2023-10-31 11:54:00,70.33,70.42,70.42,70.38,76.10645884
2023-10-31 11:53:00,70.41,70.46,70.42,70.45,79.58717317
2023-10-31 11:52:00,70.38,70.44,70.38,70.42,114.88510774
2023-10-31 11:51:00,70.34,70.39,70.34,70.35,37.15014163
2023-10-31 11:50:00,70.3,70.36,70.32,70.36,64.44591985
2023-10-31 11:49:00,70.31,70.34,70.34,70.33,131.26198739
2023-10-31 11:48:00,70.33,70.37,70.33,70.35,89.1044943
2023-10-31 11:47:00,70.29,70.33,70.31,70.32,24.55441058
2023-10-31 11:46:00,70.23,70.29,70.25,70.29,25.39565577
2023-10-31 11:44:00,70.18,70.31,70.28,70.27,132.9549481
2023-10-31 11:43:00,70.21,70.28,70.21,70.28,143.0886663
2023-10-31 11:42:00,70.12,70.18,70.12,70.18,11.21534242
2023-10-31 11:41:00,70.15,70.15,70.15,70.15,0.36997739
2023-10-31 11:40:00,70.05,70.13,70.07,70.1,159.21549223
2023-10-31 11:39:00,70.03,70.13,70.13,70.03,22.41176911
2023-10-31 11:38:00,70.11,70.17,70.11,70.13,308.35490478
2023-10-31 11:37:00,70.08,70.14,70.08,70.14,60.52962555
2023-10-31 11:36:00,70.02,70.1,70.1,70.05,416.51113214
2023-10-31 11:35:00,70.0,70.12,70.0,70.1,349.34220382
2023-10-31 11:34:00,69.93,70.01,69.93,69.97,269.12143226
2023-10-31 11:33:00,69.88,69.89,69.88,69.89,5.40798516
2023-10-31 11:32:00,69.84,69.91,69.85,69.91,66.37533266
2023-10-31 11:31:00,69.83,69.89,69.87,69.84,45.17071634
2023-10-31 11:30:00,69.84,69.88,69.87,69.85,39.47587514
2023-10-31 11:29:00,69.81,69.84,69.81,69.84,40.54281635
2023-10-31 11:28:00,69.8,69.85,69.85,69.8,53.08031274
2023-10-31 11:27:00,69.86,69.92,69.87,69.86,39.44073152
2023-10-31 11:26:00,69.8,69.87,69.8,69.86,83.75300006
2023-10-31 11:25:00,69.79,69.82,69.8,69.82,2.1875781
2023-10-31 11:24:00,69.75,69.79,69.78,69.79,17.78862968
2023-10-31 11:23:00,69.67,69.77,69.67,69.77,17.84762113
2023-10-31 11:22:00,69.68,69.77,69.76,69.68,255.9069798
2023-10-31 11:21:00,69.8,69.84,69.82,69.8,19.89562985
2023-10-31 11:20:00,69.81,69.9,69.89,69.85,10.7022375
2023-10-31 11:19:00,69.82,69.87,69.82,69.87,36.64233046
2023-10-31 11:18:00,69.81,69.88,69.88,69.83,170.74095995
2023-10-31 11:17:00,69.89,69.92,69.91,69.89,61.5606914
2023-10-31 11:16:00,69.81,69.91,69.81,69.91,32.68401306
2023-10-31 11:15:00,69.74,69.8,69.76,69.8,31.92600433
2023-10-31 11:14:00,69.77,69.78,69.78,69.77,7.39467982
2023-10-31 11:13:00,69.73,69.78,69.77,69.76,2.93896999
2023-10-31 11:12:00,69.74,69.89,69.88,69.75,41.90939374
2023-10-31 11:11:00,69.86,69.9,69.87,69.88,17.50159479
2023-10-31 11:10:00,69.81,69.89,69.86,69.83,130.86516394
2023-10-31 11:09:00,69.78,69.83,69.83,69.83,49.28221016
2023-10-31 11:08:00,69.84,69.89,69.88,69.84,10.41383572
2023-10-31 11:07:00,69.82,69.91,69.82,69.88,11.32841695
2023-10-31 11:06:00,69.73,69.85,69.74,69.85,36.78875164
2023-10-31 11:05:00,69.85,69.92,69.89,69.85,98.69266071
2023-10-31 11:04:00,69.75,69.92,69.75,69.9,136.26259519
2023-10-31 11:03:00,69.73,69.76,69.74,69.76,54.9477585
2023-10-31 11:02:00,69.61,69.73,69.63,69.73,108.45988287
2023-10-31 11:01:00,69.65,69.79,69.73,69.65,222.64766686
2023-10-31 11:00:00,69.68,69.72,69.68,69.71,7.2580412
2023-10-31 10:59:00,69.56,69.63,69.61,69.63,2.61523906
2023-10-31 10:58:00,69.61,69.65,69.61,69.63,60.86549309
2023-10-31 10:57:00,69.53,69.6,69.55,69.56,163.06316127
2023-10-31 10:56:00,69.46,69.54,69.46,69.54,49.765847
2023-10-31 10:55:00,69.47,69.56,69.49,69.51,95.25803822
2023-10-31 10:54:00,69.45,69.49,69.45,69.49,36.93495808
2023-10-31 10:53:00,69.43,69.48,69.47,69.44,14.60528973
2023-10-31 10:52:00,69.45,69.47,69.47,69.47,0.77456766
2023-10-31 10:51:00,69.47,69.48,69.47,69.48,6.74793684
2023-10-31 10:50:00,69.44,69.45,69.45,69.44,5.35857575
2023-10-31 10:49:00,69.41,69.45,69.45,69.43,11.90507536
2023-10-31 10:48:00,69.45,69.46,69.45,69.46,2.9180355
2023-10-31 10:47:00,69.42,69.43,69.42,69.43,7.15561531
2023-10-31 10:46:00,69.41,69.41,69.41,69.41,1.16745394
2023-10-31 10:45:00,69.41,69.42,69.41,69.42,3.63938747
2023-10-31 10:44:00,69.4,69.49,69.49,69.4,45.71567725
2023-10-31 10:43:00,69.46,69.49,69.46,69.49,6.34029991
2023-10-31 10:42:00,69.46,69.48,69.46,69.48,0.90510707
2023-10-31 10:41:00,69.4,69.45,69.42,69.45,1.94840149
2023-10-31 10:40:00,69.39,69.47,69.43,69.43,112.4228851
2023-10-31 10:39:00,69.44,69.54,69.48,69.44,252.3378042
2023-10-31 10:38:00,69.44,69.52,69.45,69.49,45.14026237
2023-10-31 10:37:00,69.48,69.51,69.49,69.48,5.86200836
2023-10-31 10:35:00,69.44,69.47,69.45,69.44,27.46591648
2023-10-31 10:34:00,69.46,69.49,69.48,69.46,3.27974722
2023-10-31 10:33:00,69.47,69.5,69.5,69.47,83.00253822
2023-10-31 10:32:00,69.44,69.51,69.44,69.51,50.68125565
2023-10-31 10:31:00,69.43,69.44,69.43,69.44,5.32867145
2023-10-31 10:30:00,69.28,69.41,69.32,69.41,28.89868094
2023-10-31 10:29:00,69.27,69.38,69.38,69.27,106.42236338
2023-10-31 10:28:00,69.36,69.39,69.39,69.36,57.24883457
2023-10-31 10:27:00,69.34,69.4,69.4,69.38,63.28846578
2023-10-31 10:26:00,69.42,69.44,69.42,69.44,57.85757487
2023-10-31 10:25:00,69.42,69.47,69.44,69.43,13.57222986
2023-10-31 10:24:00,69.39,69.53,69.53,69.4,36.48531347
2023-10-31 10:23:00,69.44,69.52,69.44,69.52,69.1227758
2023-10-31 10:22:00,69.41,69.46,69.44,69.41,363.36551162
2023-10-31 10:21:00,69.47,69.48,69.47,69.47,11.4243432
2023-10-31 10:20:00,69.44,69.5,69.49,69.5,113.40692849
2023-10-31 10:19:00,69.48,69.51,69.48,69.51,16.78984607
2023-10-31 10:18:00,69.47,69.49,69.48,69.49,12.77512346
2023-10-31 10:17:00,69.49,69.59,69.55,69.49,176.67134376
2023-10-31 10:16:00,69.5,69.54,69.51,69.53,95.1163155
2023-10-31 10:15:00,69.36,69.57,69.57,69.46,267.23531843
2023-10-31 10:14:00,69.55,69.63,69.59,69.63,62.31181066
2023-10-31 10:13:00,69.57,69.64,69.6,69.57,17.89857446
2023-10-31 10:12:00,69.6,69.69,69.67,69.6,42.05220684
2023-10-31 10:11:00,69.68,69.71,69.68,69.71,17.60920033
2023-10-31 10:10:00,69.6,69.66,69.6,69.63,104.45240971
2023-10-31 10:09:00,69.56,69.65,69.59,69.58,174.24022908
2023-10-31 10:08:00,69.56,69.62,69.59,69.59,120.12489651
2023-10-31 10:07:00,69.43,70.11,70.11,69.57,2547.89620956
2023-10-31 10:06:00,70.15,70.28,70.28,70.15,237.39489534
2023-10-31 10:05:00,70.17,70.29,70.17,70.29,29.71148145
2023-10-31 10:04:00,70.09,70.14,70.14,70.09,18.2005888
2023-10-31 10:03:00,70.11,70.11,70.11,70.11,6.48203129
2023-10-31 10:02:00,70.03,70.07,70.06,70.07,89.76431556
2023-10-31 10:01:00,70.07,70.17,70.09,70.07,73.54397406
2023-10-31 10:00:00,70.08,70.14,70.13,70.08,28.30369459
2023-10-31 09:59:00,70.13,70.22,70.22,70.13,88.6145561
2023-10-31 09:58:00,70.18,70.23,70.2,70.21,11.02579183
2023-10-31 09:57:00,70.17,70.27,70.27,70.19,650.1643262
2023-10-31 09:56:00,70.27,70.32,70.32,70.27,210.04120018
2023-10-31 09:55:00,70.3,70.34,70.32,70.31,21.32561592
2023-10-31 09:54:00,70.3,70.33,70.32,70.3,7.99772998
2023-10-31 09:53:00,70.28,70.32,70.28,70.31,12.34114343
2023-10-31 09:52:00,70.24,70.34,70.31,70.3,30.86999492
2023-10-31 09:51:00,70.3,70.33,70.3,70.3,41.91886541
2023-10-31 09:50:00,70.26,70.33,70.26,70.29,1097.49653832
2023-10-31 09:49:00,70.22,70.26,70.23,70.25,19.35817577
2023-10-31 09:48:00,70.08,70.18,70.1,70.18,146.32079229
2023-10-31 09:47:00,70.08,70.12,70.08,70.11,16.61420804
2023-10-31 09:46:00,70.0,70.1,70.0,70.1,65.81788341
2023-10-31 09:45:00,69.97,70.02,70.02,70.01,4.18426008
2023-10-31 09:44:00,69.97,70.08,70.08,70.01,90.92436701
2023-10-31 09:43:00,70.09,70.15,70.15,70.09,39.64651848
2023-10-31 09:42:00,70.08,70.17,70.09,70.17,23.63430858
2023-10-31 09:41:00,69.98,70.12,70.0,70.12,227.11281723
2023-10-31 09:40:00,70.03,70.06,70.05,70.03,38.47836913
2023-10-31 09:39:00,69.92,70.06,69.93,70.05,73.14584651
2023-10-31 09:38:00,69.94,69.96,69.96,69.94,1.42336261
2023-10-31 09:37:00,69.93,69.99,69.95,69.96,52.80508392
2023-10-31 09:36:00,69.92,69.95,69.92,69.95,6.16429704
2023-10-31 09:35:00,69.92,69.97,69.93,69.92,74.44010348
2023-10-31 09:34:00,69.84,69.9,69.85,69.9,32.14380197
2023-10-31 09:33:00,69.89,70.0,70.0,69.89,34.8099556
2023-10-31 09:32:00,69.99,70.07,70.07,70.02,43.77430435
2023-10-31 09:31:00,69.96,70.11,70.07,70.04,479.89363403
2023-10-31 09:30:00,69.95,70.09,69.98,70.09,91.65473724
2023-10-31 09:29:00,69.9,69.99,69.98,69.9,392.82752855
2023-10-31 09:28:00,69.85,70.0,69.85,70.0,57.17124289
2023-10-31 09:27:00,69.83,69.93,69.92,69.83,36.15093174
2023-10-31 09:26:00,69.91,69.95,69.94,69.91,11.88557532
2023-10-31 09:25:00,69.92,69.99,69.93,69.94,46.40933375
2023-10-31 09:24:00,69.83,69.98,69.91,69.95,66.56570558
2023-10-31 09:23:00,69.92,70.05,70.05,69.92,17.24118285
2023-10-31 09:22:00,70.0,70.05,70.04,70.05,109.55847153
2023-10-31 09:21:00,70.02,70.08,70.08,70.02,33.57480384
2023-10-31 09:20:00,70.1,70.19,70.19,70.1,11.17732082
2023-10-31 09:19:00,70.18,70.25,70.22,70.18,25.85774372
2023-10-31 09:18:00,70.26,70.29,70.28,70.27,20.32765257
2023-10-31 09:17:00,70.24,70.31,70.24,70.31,58.74048376
2023-10-31 09:16:00,70.16,70.33,70.2,70.16,162.59366553
2023-10-31 09:15:00,70.2,70.31,70.3,70.2,218.47949571
2023-10-31 09:14:00,70.28,70.4,70.38,70.28,228.15495294
2023-10-31 09:13:00,70.31,70.56,70.41,70.53,342.22329224
2023-10-31 09:12:00,70.35,70.42,70.37,70.4,25.37194231
2023-10-31 09:11:00,70.19,70.4,70.19,70.38,452.08079839
2023-10-31 09:10:00,70.03,70.19,70.03,70.19,389.82236476
2023-10-31 09:09:00,69.96,70.03,69.99,70.03,102.67257401
2023-10-31 09:08:00,69.92,70.06,69.92,69.99,1060.54826599
2023-10-31 09:07:00,69.78,70.02,69.81,69.96,1101.17659821
2023-10-31 09:06:00,69.81,69.86,69.83,69.83,16.53206539
2023-10-31 09:05:00,69.77,69.84,69.77,69.83,114.2044998
2023-10-31 09:04:00,69.69,69.78,69.72,69.71,81.16026637
2023-10-31 09:03:00,69.63,69.71,69.63,69.71,3.1709425
2023-10-31 09:02:00,69.66,69.87,69.84,69.66,76.43856265
2023-10-31 09:01:00,69.65,69.86,69.65,69.86,188.3643864
2023-10-31 09:00:00,69.52,69.65,69.58,69.65,417.45098986
2023-10-31 08:59:00,69.53,69.61,69.53,69.58,59.93007946
2023-10-31 08:58:00,69.49,69.56,69.56,69.54,83.69772283
2023-10-31 08:57:00,69.53,69.56,69.55,69.56,5.83910914
2023-10-31 08:56:00,69.52,69.59,69.52,69.55,201.37465321
2023-10-31 08:55:00,69.38,69.51,69.43,69.51,1492.40830737
2023-10-31 08:54:00,69.0,69.57,69.0,69.41,4196.23586124
2023-10-31 08:53:00,68.93,69.0,68.93,68.96,2.2307691
2023-10-31 08:52:00,68.96,68.96,68.96,68.96,0.87843876
2023-10-31 08:51:00,68.92,68.96,68.94,68.96,16.10083758
2023-10-31 08:50:00,68.92,68.95,68.95,68.94,18.92503556
2023-10-31 08:49:00,68.98,69.0,68.98,68.98,3.47064528
2023-10-31 08:48:00,68.97,68.98,68.97,68.97,3.85938828
2023-10-31 08:47:00,68.92,68.97,68.92,68.97,50.60458275
2023-10-31 08:46:00,68.87,68.9,68.87,68.9,17.07920861
2023-10-31 08:45:00,68.83,68.87,68.85,68.87,14.76857626
2023-10-31 08:44:00,68.82,68.89,68.83,68.87,2.68083499
2023-10-31 08:43:00,68.82,68.9,68.89,68.83,194.02300559
2023-10-31 08:42:00,68.87,68.9,68.88,68.87,9.55825919
2023-10-31 08:41:00,68.87,68.91,68.88,68.88,2.92228279
2023-10-31 08:40:00,68.86,68.87,68.87,68.86,2.82721568
2023-10-31 08:39:00,68.81,68.86,68.83,68.86,42.09009352
2023-10-31 08:38:00,68.81,68.89,68.88,68.82,71.40497545
2023-10-31 08:37:00,68.81,68.88,68.81,68.88,12.78698828
2023-10-31 08:36:00,68.75,68.8,68.77,68.78,134.16577396
2023-10-31 08:35:00,68.74,68.76,68.76,68.75,9.52735732
2023-10-31 08:34:00,68.75,68.79,68.75,68.76,13.45305296
2023-10-31 08:33:00,68.72,68.74,68.73,68.73,7.01638656
2023-10-31 08:32:00,68.72,68.74,68.74,68.74,6.65274825
2023-10-31 08:31:00,68.71,68.74,68.72,68.73,103.16251071
2023-10-31 08:30:00,68.7,68.73,68.72,68.7,54.8557566
2023-10-31 08:29:00,68.73,68.75,68.73,68.74,18.68855311
2023-10-31 08:28:00,68.69,68.74,68.69,68.72,7.69058743
2023-10-31 08:27:00,68.65,68.69,68.68,68.66,13.94528393
2023-10-31 08:26:00,68.64,68.66,68.65,68.64,43.40140232
2023-10-31 08:25:00,68.57,68.63,68.62,68.63,123.64110161
2023-10-31 18:25:00,68.45,68.5,68.46,68.47,11.08952158
2023-10-31 18:24:00,68.45,68.49,68.49,68.47,20.97109695
2023-10-31 18:23:00,68.5,68.52,68.5,68.5,101.07306113
2023-10-31 18:22:00,68.46,68.5,68.46,68.5,19.32358206
2023-10-31 18:21:00,68.46,68.53,68.53,68.46,13.06739888
2023-10-31 18:20:00,68.49,68.53,68.5,68.53,35.06920805
2023-10-31 18:19:00,68.5,68.51,68.5,68.51,11.52442678
2023-10-31 18:18:00,68.47,68.5,68.49,68.5,120.88717475
2023-10-31 18:17:00,68.46,68.49,68.48,68.48,99.13937598
2023-10-31 18:16:00,68.48,68.52,68.49,68.48,84.33581005
2023-10-31 18:15:00,68.47,68.52,68.49,68.5,141.17974771
2023-10-31 18:14:00,68.51,68.61,68.61,68.51,49.57115145
2023-10-31 18:13:00,68.61,68.64,68.64,68.62,54.3242788
2023-10-31 18:12:00,68.61,68.65,68.62,68.64,64.86766342
2023-10-31 18:11:00,68.55,68.63,68.55,68.61,56.26097414
2023-10-31 18:10:00,68.47,68.55,68.5,68.55,28.1341802
2023-10-31 18:09:00,68.45,68.51,68.49,68.48,228.22646587
2023-10-31 18:08:00,68.49,68.51,68.51,68.5,138.75956571
2023-10-31 18:07:00,68.51,68.63,68.63,68.51,47.26841529
2023-10-31 18:06:00,68.58,68.66,68.66,68.62,136.01577434
2023-10-31 18:05:00,68.66,68.7,68.69,68.67,131.65796653
2023-10-31 18:04:00,68.68,68.71,68.7,68.69,16.44192534
2023-10-31 18:03:00,68.66,68.71,68.71,68.7,38.97259845
2023-10-31 18:02:00,68.65,68.71,68.68,68.71,171.85892448
2023-10-31 18:01:00,68.65,68.69,68.66,68.68,54.04193327
2023-10-31 18:00:00,68.62,68.64,68.64,68.63,131.92796509
2023-10-31 17:59:00,68.59,68.67,68.59,68.65,106.23184916
2023-10-31 17:58:00,68.61,68.65,68.62,68.62,18.65161703
2023-10-31 17:57:00,68.58,68.63,68.59,68.62,35.55626679
2023-10-31 17:56:00,68.59,68.66,68.62,68.61,41.738266
2023-10-31 17:55:00,68.57,68.65,68.6,68.62,46.66599615
2023-10-31 17:54:00,68.6,68.64,68.64,68.6,37.0925071
2023-10-31 17:53:00,68.63,68.67,68.66,68.65,128.37891353
2023-10-31 17:52:00,68.65,68.68,68.68,68.68,120.11186835
2023-10-31 17:51:00,68.63,68.7,68.63,68.69,209.32130168
2023-10-31 17:50:00,68.52,68.63,68.54,68.63,86.8780351
2023-10-31 17:49:00,68.51,68.54,68.51,68.54,7.12560652
2023-10-31 17:48:00,68.44,68.5,68.44,68.5,119.93929217
2023-10-31 17:47:00,68.41,68.48,68.48,68.45,237.46225432
2023-10-31 17:46:00,68.46,68.48,68.47,68.48,5.30017147
2023-10-31 17:45:00,68.44,68.49,68.48,68.46,21.1368288
2023-10-31 17:44:00,68.45,68.52,68.5,68.48,111.60059
2023-10-31 17:43:00,68.5,68.52,68.5,68.51,8.87711075
2023-10-31 17:42:00,68.38,68.48,68.38,68.48,37.93632115
2023-10-31 17:41:00,68.38,68.44,68.44,68.39,21.95367853
2023-10-31 17:40:00,68.42,68.47,68.46,68.43,12.97891973
2023-10-31 17:39:00,68.43,68.48,68.43,68.45,32.06953448
2023-10-31 17:38:00,68.44,68.51,68.45,68.48,74.08864338
2023-10-31 17:37:00,68.39,68.46,68.39,68.44,25.55474318
2023-10-31 17:36:00,68.38,68.42,68.4,68.38,75.8952524
2023-10-31 17:35:00,68.41,68.48,68.48,68.41,9.97367024
2023-10-31 17:34:00,68.46,68.48,68.47,68.48,20.73264514
2023-10-31 17:33:00,68.48,68.52,68.48,68.49,61.59573333
2023-10-31 17:32:00,68.46,68.51,68.51,68.47,49.99246047
2023-10-31 17:31:00,68.48,68.55,68.55,68.51,31.98681159
2023-10-31 17:30:00,68.55,68.64,68.63,68.55,50.54845609
2023-10-31 17:29:00,68.56,68.63,68.57,68.63,30.72823534
2023-10-31 17:28:00,68.5,68.56,68.5,68.55,41.61063718
2023-10-31 17:27:00,68.46,68.49,68.46,68.49,31.09114027
2023-10-31 17:26:00,68.41,68.5,68.5,68.43,133.30465223
2023-10-31 17:25:00,68.5,68.55,68.51,68.51,81.84743568
2023-10-31 17:24:00,68.52,68.6,68.58,68.52,14.11583766
2023-10-31 17:23:00,68.56,68.59,68.59,68.58,40.51712524
2023-10-31 17:22:00,68.56,68.61,68.6,68.58,33.03499579
2023-10-31 17:21:00,68.61,68.65,68.65,68.62,21.55268906
2023-10-31 17:20:00,68.63,68.68,68.64,68.66,16.26324316
2023-10-31 17:19:00,68.65,68.7,68.66,68.65,159.81334731
2023-10-31 17:18:00,68.65,68.7,68.66,68.68,37.9548993
2023-10-31 17:17:00,68.68,68.75,68.74,68.68,324.8640052
2023-10-31 17:16:00,68.74,68.77,68.76,68.74,78.82729184
2023-10-31 17:15:00,68.69,68.78,68.69,68.76,28.42844706
2023-10-31 17:14:00,68.69,68.71,68.71,68.71,15.3913135
2023-10-31 17:13:00,68.69,68.71,68.71,68.71,11.31751802
2023-10-31 17:12:00,68.68,68.73,68.69,68.69,21.66871204
2023-10-31 17:11:00,68.61,68.71,68.66,68.69,76.96815069
2023-10-31 17:10:00,68.61,68.65,68.62,68.64,35.44777802
2023-10-31 17:09:00,68.54,68.64,68.64,68.63,1631.50927224
2023-10-31 17:08:00,68.64,68.69,68.69,68.66,25.87642438
2023-10-31 17:07:00,68.68,68.75,68.74,68.72,47.96329388
2023-10-31 17:06:00,68.73,68.77,68.73,68.75,41.09478526
2023-10-31 17:05:00,68.73,68.77,68.76,68.73,13.52638852
2023-10-31 17:04:00,68.72,68.76,68.74,68.76,29.83416586
2023-10-31 17:03:00,68.73,68.87,68.83,68.73,75.93321667
2023-10-31 17:02:00,68.79,68.86,68.79,68.83,88.54245606
2023-10-31 17:01:00,68.77,68.91,68.9,68.77,82.24575915
2023-10-31 17:00:00,68.87,68.92,68.9,68.89,124.81581632
2023-10-31 16:59:00,68.9,68.98,68.97,68.9,39.23812135
2023-10-31 16:58:00,68.97,69.05,69.03,68.97,58.99972079
2023-10-31 16:57:00,69.01,69.05,69.01,69.04,21.23056371
2023-10-31 16:56:00,68.95,69.02,68.97,69.02,28.20789171
2023-10-31 16:55:00,68.85,68.99,68.85,68.95,32.94868985
2023-10-31 16:54:00,68.85,68.89,68.85,68.87,11.62557505
2023-10-31 16:53:00,68.72,68.85,68.74,68.85,39.18284582
2023-10-31 16:52:00,68.72,68.77,68.73,68.75,82.27083703
2023-10-31 16:51:00,68.74,68.79,68.79,68.74,17.88488012
2023-10-31 16:50:00,68.76,68.85,68.85,68.78,45.35205239
2023-10-31 16:49:00,68.78,68.86,68.83,68.85,21.70689282
2023-10-31 16:48:00,68.77,68.87,68.85,68.84,78.56034905
2023-10-31 16:47:00,68.81,68.87,68.85,68.86,30.54289334
2023-10-31 16:46:00,68.76,68.84,68.76,68.84,27.62467277
2023-10-31 16:45:00,68.73,68.8,68.8,68.74,60.30057613
2023-10-31 16:44:00,68.79,68.93,68.83,68.81,103.49469642
2023-10-31 16:43:00,68.85,68.98,68.92,68.85,120.24550919
2023-10-31 16:42:00,68.79,68.97,68.82,68.94,420.72613669
2023-10-31 16:41:00,68.78,68.84,68.79,68.8,76.78186887
2023-10-31 16:40:00,68.66,68.79,68.67,68.73,212.69689993
2023-10-31 16:39:00,68.62,68.67,68.67,68.66,52.28579515
2023-10-31 16:38:00,68.52,68.64,68.54,68.64,354.8632836
2023-10-31 16:37:00,68.45,68.57,68.46,68.55,120.13199642
2023-10-31 16:36:00,68.44,68.53,68.52,68.44,73.92434921
2023-10-31 16:35:00,68.48,68.55,68.53,68.5,54.97285964
2023-10-31 16:34:00,68.47,68.54,68.47,68.54,24.60587954
2023-10-31 16:33:00,68.44,68.52,68.5,68.47,27.48904272
2023-10-31 16:32:00,68.51,68.59,68.56,68.51,36.34978838
2023-10-31 16:31:00,68.5,68.66,68.66,68.55,77.66112374
2023-10-31 16:30:00,68.62,68.69,68.65,68.66,155.74520319
2023-10-31 16:29:00,68.64,68.71,68.71,68.67,9.14972657
2023-10-31 16:28:00,68.62,68.71,68.65,68.71,134.87700953
2023-10-31 16:27:00,68.62,68.68,68.64,68.67,35.65816436
2023-10-31 16:26:00,68.57,68.63,68.57,68.63,44.04012985
2023-10-31 16:25:00,68.46,68.56,68.46,68.56,50.14824614
2023-10-31 16:24:00,68.45,68.51,68.51,68.45,17.60810945
2023-10-31 16:23:00,68.43,68.51,68.5,68.51,39.19308628
2023-10-31 16:22:00,68.48,68.57,68.54,68.48,29.59340329
2023-10-31 16:21:00,68.53,68.57,68.54,68.54,35.26278029
2023-10-31 16:20:00,68.48,68.54,68.52,68.5,31.27428755
2023-10-31 16:19:00,68.49,68.54,68.49,68.52,35.59202497
2023-10-31 16:18:00,68.44,68.51,68.44,68.51,15.30618388
2023-10-31 16:17:00,68.38,68.45,68.38,68.44,21.75524793
2023-10-31 16:16:00,68.28,68.41,68.37,68.4,419.57571189
2023-10-31 16:15:00,68.35,68.38,68.37,68.37,13.84880624
2023-10-31 16:14:00,68.36,68.45,68.43,68.36,26.47976421
2023-10-31 16:13:00,68.42,68.51,68.5,68.43,53.92607468
2023-10-31 16:12:00,68.43,68.49,68.46,68.48,172.42187097
2023-10-31 16:11:00,68.47,68.55,68.55,68.47,59.37221041
2023-10-31 16:10:00,68.52,68.55,68.54,68.54,35.49798131
2023-10-31 16:09:00,68.48,68.58,68.51,68.56,105.10801995
2023-10-31 16:08:00,68.49,68.58,68.55,68.52,7.64375273
2023-10-31 16:07:00,68.51,68.57,68.56,68.55,19.69324561
2023-10-31 16:06:00,68.43,68.58,68.52,68.56,381.15901283
2023-10-31 16:05:00,68.35,68.51,68.36,68.51,18.90580865
2023-10-31 16:04:00,68.31,68.48,68.42,68.36,89.04115725
2023-10-31 16:03:00,68.32,68.41,68.33,68.41,120.04005805
2023-10-31 16:02:00,68.24,68.32,68.25,68.32,65.83538761
2023-10-31 16:01:00,68.24,68.36,68.35,68.25,251.02617331
2023-10-31 16:00:00,68.34,68.51,68.51,68.34,428.12783107
2023-10-31 15:59:00,68.51,68.55,68.54,68.53,24.2484006
2023-10-31 15:58:00,68.56,68.61,68.58,68.59,83.52840399
2023-10-31 15:57:00,68.52,68.58,68.54,68.58,60.81403601
2023-10-31 15:56:00,68.5,68.56,68.56,68.53,98.45801339
2023-10-31 15:55:00,68.54,68.57,68.54,68.56,63.83222958
2023-10-31 15:54:00,68.48,68.54,68.48,68.54,46.73898396
2023-10-31 15:53:00,68.4,68.51,68.4,68.48,56.16012522
2023-10-31 15:52:00,68.4,68.48,68.48,68.42,160.49259879
2023-10-31 15:51:00,68.4,68.47,68.42,68.47,25.60407084
2023-10-31 15:50:00,68.42,68.5,68.45,68.42,89.45599511
2023-10-31 15:49:00,68.41,68.45,68.41,68.45,130.40074995
2023-10-31 15:48:00,68.26,68.43,68.29,68.42,76.08102168
2023-10-31 15:47:00,68.28,68.39,68.38,68.32,69.26764383
2023-10-31 15:46:00,68.25,68.38,68.29,68.34,56.81198854
2023-10-31 15:45:00,68.18,68.36,68.18,68.26,296.2463471
2023-10-31 15:44:00,68.12,68.22,68.14,68.17,68.54498426
2023-10-31 15:43:00,68.09,68.2,68.2,68.15,143.22695692
2023-10-31 15:42:00,68.23,68.3,68.24,68.23,334.98590154
2023-10-31 15:41:00,68.24,68.48,68.48,68.24,299.92560953
2023-10-31 15:40:00,68.4,68.48,68.44,68.48,415.04626923
2023-10-31 15:39:00,68.43,68.53,68.53,68.44,46.72642389
2023-10-31 15:38:00,68.51,68.61,68.6,68.53,126.01034263
2023-10-31 15:37:00,68.61,68.77,68.74,68.62,82.30759486
2023-10-31 15:36:00,68.75,68.88,68.88,68.77,71.33657339
2023-10-31 15:35:00,68.88,69.01,69.01,68.89,36.64377929
2023-10-31 15:34:00,68.92,69.03,68.96,69.03,129.42425445
2023-10-31 15:33:00,68.81,68.95,68.87,68.95,336.71532678
2023-10-31 15:32:00,68.77,68.86,68.78,68.84,63.53987846
2023-10-31 15:31:00,68.73,68.77,68.73,68.77,28.0035565
2023-10-31 15:30:00,68.62,68.75,68.63,68.7,80.41032845
2023-10-31 15:29:00,68.62,68.76,68.69,68.62,130.6353913
2023-10-31 15:28:00,68.63,68.72,68.64,68.69,52.53873617
2023-10-31 15:27:00,68.56,68.65,68.56,68.64,44.34299835
2023-10-31 15:26:00,68.5,68.62,68.58,68.59,206.09594134
2023-10-31 15:25:00,68.45,68.63,68.51,68.54,94.20208013
2023-10-31 15:24:00,68.5,68.58,68.57,68.5,89.82810891
2023-10-31 15:23:00,68.44,68.57,68.48,68.56,576.96782307
2023-10-31 15:22:00,68.38,68.5,68.38,68.45,81.98104631
2023-10-31 15:21:00,68.29,68.42,68.31,68.38,173.12431413
2023-10-31 15:20:00,68.22,68.35,68.33,68.34,126.02392145
2023-10-31 15:19:00,68.22,68.34,68.3,68.32,52.75616881
2023-10-31 15:18:00,68.2,68.39,68.23,68.3,421.26023173
2023-10-31 15:17:00,67.6,68.58,68.58,68.2,2917.92049402
2023-10-31 15:16:00,68.58,68.86,68.86,68.58,250.63879736
2023-10-31 15:15:00,68.82,68.92,68.88,68.9,480.21215228
2023-10-31 15:14:00,68.82,68.95,68.88,68.86,359.93625308
2023-10-31 15:13:00,68.69,69.01,68.76,68.87,861.11467204
2023-10-31 15:12:00,68.41,69.31,69.31,68.75,3266.41973298
2023-10-31 15:11:00,69.31,69.48,69.45,69.31,165.73176076
2023-10-31 15:10:00,69.45,69.52,69.45,69.5,29.98724877
2023-10-31 15:09:00,69.42,69.49,69.45,69.46,134.93912979
2023-10-31 15:08:00,69.47,69.52,69.51,69.47,71.19709137
2023-10-31 15:07:00,69.49,69.64,69.64,69.5,201.99860171
2023-10-31 15:06:00,69.63,69.67,69.66,69.63,78.68564685
2023-10-31 15:05:00,69.66,69.74,69.69,69.66,66.7470443
2023-10-31 15:04:00,69.67,69.73,69.73,69.7,42.80737399
2023-10-31 15:03:00,69.7,69.78,69.78,69.7,55.291821
2023-10-31 15:02:00,69.79,69.92,69.91,69.79,86.34771835
2023-10-31 15:01:00,69.92,70.08,69.97,69.93,453.07689629
2023-10-31 15:00:00,69.82,69.99,69.83,69.97,245.20390709
2023-10-31 14:59:00,69.72,69.83,69.78,69.82,124.43891692
2023-10-31 14:58:00,69.67,69.78,69.72,69.78,408.53785442
2023-10-31 14:57:00,69.64,69.76,69.64,69.73,572.00255699
2023-10-31 14:56:00,69.55,69.63,69.6,69.61,59.9919648
2023-10-31 14:55:00,69.58,69.64,69.61,69.59,317.08442005
2023-10-31 14:54:00,69.57,69.63,69.58,69.63,240.11955386
2023-10-31 14:53:00,69.51,69.57,69.51,69.57,34.03280147
2023-10-31 14:52:00,69.41,69.5,69.44,69.5,947.01228561
2023-10-31 14:51:00,69.35,69.45,69.36,69.41,831.00876202
2023-10-31 14:50:00,69.36,69.44,69.41,69.36,86.20917667
2023-10-31 14:49:00,69.37,69.44,69.37,69.39,455.89332686
2023-10-31 14:48:00,69.38,69.46,69.42,69.39,501.05563324
2023-10-31 14:47:00,69.35,69.43,69.42,69.42,116.3507926
2023-10-31 14:46:00,69.42,69.55,69.52,69.42,762.68833932
2023-10-31 14:45:00,69.4,69.56,69.43,69.55,816.06020807
2023-10-31 14:44:00,69.33,69.43,69.33,69.4,42.25476371
2023-10-31 14:43:00,69.26,69.33,69.3,69.33,83.98971543
2023-10-31 14:42:00,69.3,69.37,69.33,69.3,33.5179302
2023-10-31 14:41:00,69.22,69.31,69.25,69.31,168.53063422
2023-10-31 14:40:00,69.05,69.24,69.1,69.24,97.7757398
2023-10-31 14:39:00,69.05,69.16,69.05,69.15,48.55387561
2023-10-31 14:38:00,69.04,69.15,69.09,69.05,86.63541541
2023-10-31 14:37:00,69.07,69.21,69.11,69.08,46.15075946
2023-10-31 14:36:00,69.11,69.29,69.21,69.11,170.20078826
2023-10-31 14:35:00,69.24,69.48,69.48,69.24,204.76138738
2023-10-31 14:34:00,69.46,69.5,69.5,69.48,2.21468515
2023-10-31 14:33:00,69.49,69.57,69.52,69.49,60.69979113
2023-10-31 14:32:00,69.45,69.53,69.53,69.53,179.37099828
2023-10-31 14:31:00,69.54,69.6,69.6,69.55,15.17802073
2023-10-31 14:30:00,69.54,69.58,69.54,69.58,192.67526234
2023-10-31 14:29:00,69.4,69.53,69.48,69.53,364.40096283
2023-10-31 14:28:00,69.49,69.61,69.59,69.49,297.1580501
2023-10-31 14:27:00,69.59,69.63,69.62,69.62,9.82761166
2023-10-31 14:26:00,69.6,69.65,69.62,69.6,14.81961818
2023-10-31 14:25:00,69.61,69.72,69.69,69.61,268.52484034
2023-10-31 14:24:00,69.69,69.76,69.69,69.7,48.42518328
2023-10-31 14:23:00,69.71,69.76,69.74,69.72,31.62431297
2023-10-31 14:22:00,69.7,69.82,69.8,69.73,100.85845208
2023-10-31 14:21:00,69.75,69.84,69.8,69.82,435.08765212
2023-10-31 14:20:00,69.68,69.8,69.77,69.79,61.33958908
2023-10-31 14:19:00,69.72,69.75,69.72,69.75,16.03352293
2023-10-31 14:18:00,69.69,69.78,69.78,69.71,70.07902196
2023-10-31 14:17:00,69.7,69.82,69.7,69.79,18.51141081
2023-10-31 14:16:00,69.68,69.83,69.81,69.68,175.70637095
2023-10-31 14:15:00,69.7,69.81,69.75,69.8,26.07600667
2023-10-31 14:14:00,69.67,69.75,69.68,69.74,60.39969923
2023-10-31 14:13:00,69.67,69.77,69.75,69.7,130.00321343
2023-10-31 14:12:00,69.55,69.75,69.57,69.75,188.68009485
2023-10-31 14:11:00,69.41,69.56,69.43,69.56,226.27827926
2023-10-31 14:10:00,69.4,69.49,69.4,69.43,50.56832208
2023-10-31 14:09:00,69.26,69.41,69.26,69.41,230.88792045
2023-10-31 14:08:00,69.06,69.26,69.06,69.26,378.90473208
2023-10-31 14:07:00,68.96,69.11,69.06,69.11,468.03509276
2023-10-31 14:06:00,68.93,69.12,69.12,69.04,499.13509847
2023-10-31 14:05:00,69.11,69.23,69.18,69.11,276.41269046
2023-10-31 14:04:00,69.18,69.31,69.31,69.18,60.4520627
2023-10-31 14:03:00,69.33,69.38,69.38,69.35,44.17918611
2023-10-31 14:02:00,69.38,69.47,69.46,69.39,38.52915241
2023-10-31 14:01:00,69.36,69.46,69.46,69.39,48.69893861
2023-10-31 14:00:00,69.37,69.52,69.52,69.45,96.77161948
2023-10-31 13:59:00,69.46,69.53,69.48,69.53,315.91382027
2023-10-31 13:58:00,69.43,69.49,69.43,69.49,73.55971306
2023-10-31 13:57:00,69.29,69.41,69.3,69.41,208.71746478
2023-10-31 13:56:00,69.17,69.35,69.2,69.35,168.14999192
2023-10-31 13:55:00,69.24,69.39,69.39,69.24,118.73695388
2023-10-31 13:54:00,69.34,69.46,69.39,69.34,118.77689844
2023-10-31 13:53:00,69.15,69.47,69.46,69.43,1035.68435947
2023-10-31 13:52:00,69.48,69.67,69.65,69.48,133.20808868
2023-10-31 13:51:00,69.69,69.8,69.8,69.7,12.29046634
2023-10-31 13:50:00,69.79,69.88,69.88,69.79,83.53684633
2023-10-31 13:49:00,69.88,69.91,69.89,69.9,39.4827153
2023-10-31 13:48:00,69.86,69.94,69.92,69.89,197.92395225
2023-10-31 13:47:00,69.86,69.97,69.86,69.95,220.90920006
2023-10-31 13:46:00,69.69,69.84,69.75,69.84,331.24630082
2023-10-31 13:45:00,69.73,69.94,69.83,69.74,475.88004435
2023-10-31 13:44:00,69.82,69.98,69.92,69.82,72.61833523
2023-10-31 13:43:00,69.88,69.95,69.95,69.94,22.91356603
2023-10-31 13:42:00,69.87,70.0,69.87,69.95,62.75159809
2023-10-31 13:41:00,69.71,69.86,69.73,69.86,112.2213745
2023-10-31 13:40:00,69.65,69.75,69.74,69.71,190.82970742
2023-10-31 13:39:00,69.71,69.78,69.75,69.72,73.2037931
2023-10-31 13:38:00,69.75,69.82,69.78,69.76,250.61829262
2023-10-31 13:37:00,69.68,69.8,69.69,69.78,349.03857592
2023-10-31 13:36:00,69.69,69.83,69.83,69.73,306.74791712
2023-10-31 13:35:00,69.82,70.01,70.0,69.84,175.99369633
2023-10-31 13:34:00,69.97,70.04,69.99,70.01,146.02045071
2023-10-31 13:33:00,69.94,70.0,69.96,69.99,43.39629382
2023-10-31 13:32:00,69.95,70.07,69.95,69.99,382.88981134
2023-10-31 13:31:00,69.95,70.0,70.0,70.0,16.62652755
2023-10-31 13:30:00,69.94,70.0,69.96,69.97,40.52837538
2023-10-31 13:29:00,69.87,69.95,69.87,69.95,28.86376921
2023-10-31 13:28:00,69.87,69.96,69.95,69.88,16.56176241
2023-10-31 13:27:00,69.93,69.98,69.93,69.94,11.10385529
2023-10-31 13:26:00,69.91,70.03,69.91,69.93,78.23348724
2023-10-31 13:25:00,69.87,69.93,69.91,69.91,124.45202667
2023-10-31 23:25:00,68.57,68.65,68.57,68.65,30.99248066
2023-10-31 23:24:00,68.57,68.61,68.6,68.57,53.1568385
2023-10-31 23:23:00,68.58,68.62,68.62,68.58,29.13551508
2023-10-31 23:22:00,68.58,68.66,68.66,68.58,61.28039566
2023-10-31 23:21:00,68.64,68.72,68.7,68.65,101.03218302
2023-10-31 23:20:00,68.68,68.71,68.71,68.68,41.37428822
2023-10-31 23:19:00,68.68,68.71,68.68,68.7,3.35824821
2023-10-31 23:18:00,68.67,68.72,68.72,68.7,47.60494079
2023-10-31 23:17:00,68.67,68.72,68.71,68.72,35.90554126
2023-10-31 23:16:00,68.67,68.74,68.72,68.71,42.36859432
2023-10-31 23:15:00,68.67,68.75,68.67,68.74,202.53681604
2023-10-31 23:14:00,68.66,68.69,68.68,68.67,96.37636034
2023-10-31 23:13:00,68.68,68.72,68.69,68.69,231.79165591
2023-10-31 23:12:00,68.7,68.75,68.74,68.7,61.0513532
2023-10-31 23:11:00,68.73,68.79,68.79,68.74,9.53283701
2023-10-31 23:10:00,68.8,68.83,68.81,68.8,18.46805108
2023-10-31 23:09:00,68.83,68.88,68.87,68.83,36.76598629
2023-10-31 23:08:00,68.84,68.88,68.84,68.87,40.54194263
2023-10-31 23:07:00,68.81,68.84,68.82,68.82,131.78455878
2023-10-31 23:06:00,68.79,68.83,68.81,68.82,28.72913141
2023-10-31 23:05:00,68.72,68.81,68.72,68.81,59.58203147
2023-10-31 23:04:00,68.66,68.73,68.66,68.73,25.86354068
2023-10-31 23:03:00,68.65,68.68,68.68,68.66,9.75742263
2023-10-31 23:02:00,68.61,68.69,68.66,68.69,189.44187727
2023-10-31 23:01:00,68.66,68.73,68.72,68.67,89.28318054
2023-10-31 23:00:00,68.69,68.75,68.75,68.73,231.12004769
2023-10-31 22:59:00,68.71,68.76,68.73,68.76,299.27511018
2023-10-31 22:58:00,68.61,68.73,68.61,68.73,461.2387742
2023-10-31 22:57:00,68.6,68.64,68.62,68.6,159.66997067
2023-10-31 22:56:00,68.61,68.68,68.67,68.62,29.45732908
2023-10-31 22:55:00,68.66,68.68,68.66,68.67,8.89410805
2023-10-31 22:54:00,68.66,68.7,68.7,68.66,20.49050798
2023-10-31 22:53:00,68.69,68.73,68.7,68.7,11.7818294
2023-10-31 22:52:00,68.69,68.74,68.74,68.69,12.70894283
2023-10-31 22:51:00,68.65,68.71,68.65,68.71,14.85598843
2023-10-31 22:50:00,68.67,68.72,68.72,68.67,61.45833745
2023-10-31 22:49:00,68.68,68.73,68.7,68.72,242.80332971
2023-10-31 22:48:00,68.69,68.76,68.76,68.7,187.22194585
2023-10-31 22:47:00,68.76,68.8,68.8,68.76,46.49619956
2023-10-31 22:46:00,68.77,68.79,68.78,68.79,187.29236578
2023-10-31 22:45:00,68.73,68.78,68.73,68.78,80.15834935
2023-10-31 22:44:00,68.67,68.74,68.67,68.74,538.07858797
2023-10-31 22:43:00,68.67,68.73,68.73,68.67,41.01235059
2023-10-31 22:42:00,68.71,68.74,68.71,68.73,62.51521413
2023-10-31 22:41:00,68.7,68.72,68.7,68.72,18.37136213
2023-10-31 22:40:00,68.66,68.7,68.66,68.7,427.07863001
2023-10-31 22:39:00,68.62,68.67,68.62,68.67,31.14108113
2023-10-31 22:38:00,68.54,68.63,68.54,68.63,105.21588185
2023-10-31 22:37:00,68.51,68.54,68.51,68.54,780.228812
2023-10-31 22:36:00,68.51,68.51,68.51,68.51,34.1487495
2023-10-31 22:35:00,68.49,68.52,68.52,68.51,154.78593443
2023-10-31 22:34:00,68.53,68.55,68.53,68.53,345.17002264
2023-10-31 22:33:00,68.52,68.53,68.53,68.53,76.56031409
2023-10-31 22:32:00,68.48,68.53,68.48,68.53,413.62747824
2023-10-31 22:31:00,68.48,68.54,68.5,68.48,390.10704037
2023-10-31 22:30:00,68.49,68.57,68.56,68.5,377.06414445
2023-10-31 22:29:00,68.55,68.56,68.55,68.56,156.71886977
2023-10-31 22:28:00,68.54,68.59,68.59,68.55,1560.76800174
2023-10-31 22:27:00,68.59,68.66,68.66,68.59,67.43028124
2023-10-31 22:26:00,68.63,68.66,68.63,68.66,360.1200291
2023-10-31 22:25:00,68.62,68.63,68.62,68.63,28.24036031
2023-10-31 22:24:00,68.6,68.63,68.6,68.63,411.71219928
2023-10-31 22:23:00,68.57,68.61,68.6,68.6,526.46744709
2023-10-31 22:22:00,68.57,68.65,68.65,68.6,115.85837097
2023-10-31 22:21:00,68.64,68.65,68.65,68.65,12.82567938
2023-10-31 22:20:00,68.63,68.68,68.68,68.65,32.38590406
2023-10-31 22:19:00,68.65,68.69,68.67,68.69,62.85814628
2023-10-31 22:18:00,68.66,68.68,68.66,68.67,30.06729122
2023-10-31 22:17:00,68.59,68.64,68.59,68.64,496.57474447
2023-10-31 22:16:00,68.59,68.67,68.64,68.59,196.23174338
2023-10-31 22:15:00,68.59,68.64,68.6,68.64,462.09836359
2023-10-31 22:14:00,68.59,68.6,68.59,68.6,24.93952418
2023-10-31 22:13:00,68.54,68.6,68.57,68.6,334.92856257
2023-10-31 22:12:00,68.54,68.6,68.6,68.57,48.43285272
2023-10-31 22:11:00,68.58,68.61,68.61,68.58,17.67244256
2023-10-31 22:10:00,68.59,68.61,68.59,68.61,387.36880807
2023-10-31 22:09:00,68.59,68.62,68.62,68.6,31.38074262
2023-10-31 22:08:00,68.58,68.62,68.61,68.62,20.79454937
2023-10-31 22:07:00,68.56,68.62,68.56,68.6,14.98459416
2023-10-31 22:06:00,68.51,68.55,68.52,68.54,108.90998253
2023-10-31 22:05:00,68.49,68.55,68.55,68.49,6.11926625
2023-10-31 22:04:00,68.58,68.59,68.59,68.58,0.93384961
2023-10-31 22:03:00,68.5,68.54,68.54,68.53,10.87445028
2023-10-31 22:02:00,68.53,68.61,68.54,68.55,35.91990951
2023-10-31 22:01:00,68.47,68.53,68.47,68.53,95.91419471
2023-10-31 22:00:00,68.42,68.48,68.48,68.46,12.41947695
2023-10-31 21:59:00,68.4,68.49,68.4,68.47,22.69409429
2023-10-31 21:58:00,68.36,68.4,68.4,68.39,37.27675414
2023-10-31 21:57:00,68.4,68.44,68.44,68.4,58.23729743
2023-10-31 21:56:00,68.42,68.46,68.46,68.45,13.95193258
2023-10-31 21:55:00,68.44,68.47,68.44,68.44,35.77491969
2023-10-31 21:54:00,68.44,68.46,68.46,68.46,25.47842488
2023-10-31 21:53:00,68.45,68.47,68.47,68.47,2.34795117
2023-10-31 21:52:00,68.44,68.47,68.45,68.47,42.56297108
2023-10-31 21:51:00,68.41,68.45,68.42,68.45,26.25014254
2023-10-31 21:50:00,68.42,68.43,68.42,68.42,12.19058997
2023-10-31 21:49:00,68.4,68.42,68.42,68.42,6.14393728
2023-10-31 21:48:00,68.42,68.54,68.53,68.42,144.16317452
2023-10-31 21:47:00,68.54,68.54,68.54,68.54,12.39344689
2023-10-31 21:46:00,68.53,68.58,68.58,68.54,107.04931905
2023-10-31 21:45:00,68.6,68.61,68.6,68.61,23.81853897
2023-10-31 21:44:00,68.58,68.65,68.65,68.62,156.95115373
2023-10-31 21:43:00,68.63,68.67,68.64,68.65,22.01433075
2023-10-31 21:42:00,68.63,68.65,68.63,68.63,14.17890315
2023-10-31 21:41:00,68.6,68.65,68.6,68.62,48.77524822
2023-10-31 21:40:00,68.6,68.64,68.62,68.6,169.72939535
2023-10-31 21:39:00,68.58,68.62,68.61,68.61,36.83404938
2023-10-31 21:38:00,68.59,68.61,68.61,68.61,6.21466838
2023-10-31 21:37:00,68.62,68.64,68.63,68.64,8.43255834
2023-10-31 21:36:00,68.61,68.63,68.61,68.62,9.33153847
2023-10-31 21:35:00,68.61,68.64,68.63,68.61,17.69022706
2023-10-31 21:34:00,68.61,68.64,68.61,68.63,25.95827515
2023-10-31 21:33:00,68.62,68.63,68.62,68.63,5.5794107
2023-10-31 21:32:00,68.61,68.65,68.64,68.61,4.70602255
2023-10-31 21:31:00,68.64,68.68,68.68,68.65,3.97183671
2023-10-31 21:30:00,68.66,68.77,68.74,68.66,49.48857971
2023-10-31 21:29:00,68.74,68.76,68.76,68.76,3.86637265
2023-10-31 21:28:00,68.79,68.81,68.81,68.79,20.03140141
2023-10-31 21:27:00,68.8,68.83,68.83,68.81,11.03334404
2023-10-31 21:26:00,68.79,68.83,68.79,68.82,83.52499393
2023-10-31 21:25:00,68.79,68.87,68.8,68.79,138.06906802
2023-10-31 21:24:00,68.73,68.81,68.73,68.79,10.93216636
2023-10-31 21:23:00,68.63,68.79,68.79,68.7,123.95874508
2023-10-31 21:22:00,68.8,68.91,68.89,68.8,191.00489361
2023-10-31 21:21:00,68.89,68.95,68.94,68.91,31.26737689
2023-10-31 21:20:00,68.75,68.94,68.75,68.94,217.01877883
2023-10-31 21:19:00,68.67,68.73,68.67,68.73,441.70013391
2023-10-31 21:18:00,68.67,68.69,68.69,68.67,237.72100361
2023-10-31 21:17:00,68.64,68.69,68.64,68.67,18.546691
2023-10-31 21:16:00,68.65,68.7,68.69,68.66,41.54821749
2023-10-31 21:15:00,68.69,68.72,68.69,68.71,17.22280377
2023-10-31 21:14:00,68.67,68.69,68.69,68.69,18.12071633
2023-10-31 21:13:00,68.68,68.7,68.68,68.7,7.03628346
2023-10-31 21:12:00,68.65,68.7,68.66,68.68,177.97877496
2023-10-31 21:11:00,68.66,68.7,68.68,68.66,6.17386306
2023-10-31 21:10:00,68.68,68.75,68.71,68.69,15.55810643
2023-10-31 21:09:00,68.7,68.76,68.74,68.7,70.4426508
2023-10-31 21:08:00,68.71,68.76,68.71,68.75,31.47454931
2023-10-31 21:07:00,68.7,68.72,68.7,68.72,48.99219513
2023-10-31 21:06:00,68.69,68.73,68.69,68.71,56.75889688
2023-10-31 21:05:00,68.71,68.78,68.78,68.71,20.48041387
2023-10-31 21:04:00,68.77,68.78,68.78,68.78,198.36179657
2023-10-31 21:03:00,68.73,68.78,68.73,68.76,101.46721839
2023-10-31 21:02:00,68.7,68.76,68.76,68.71,97.66826863
2023-10-31 21:01:00,68.74,68.85,68.85,68.74,225.54947478
2023-10-31 21:00:00,68.86,68.88,68.88,68.86,16.7080898
2023-10-31 20:59:00,68.81,68.86,68.81,68.83,98.58167965
2023-10-31 20:58:00,68.77,68.84,68.8,68.82,91.50307305
2023-10-31 20:57:00,68.83,68.89,68.89,68.83,284.35790274
2023-10-31 20:56:00,68.88,68.89,68.89,68.89,7.52872074
2023-10-31 20:55:00,68.87,68.94,68.87,68.91,33.88119512
2023-10-31 20:54:00,68.86,68.89,68.89,68.87,38.4261363
2023-10-31 20:53:00,68.81,68.93,68.81,68.93,72.5781463
2023-10-31 20:52:00,68.79,68.96,68.96,68.79,153.27783557
2023-10-31 20:51:00,68.96,69.04,69.02,68.99,70.18845347
2023-10-31 20:50:00,69.01,69.04,69.04,69.02,78.64673443
2023-10-31 20:49:00,69.03,69.06,69.05,69.04,45.15274408
2023-10-31 20:48:00,68.96,69.05,68.96,69.05,10.04441687
2023-10-31 20:47:00,68.95,69.07,69.0,68.95,97.35813724
2023-10-31 20:46:00,68.92,69.0,68.96,69.0,40.91216325
2023-10-31 20:45:00,68.93,68.95,68.95,68.93,18.61892461
2023-10-31 20:44:00,68.89,68.94,68.89,68.94,35.61820823
2023-10-31 20:43:00,68.89,68.93,68.89,68.9,1.37162321
2023-10-31 20:42:00,68.86,68.9,68.88,68.89,13.94131214
2023-10-31 20:41:00,68.78,68.85,68.79,68.85,11.60677744
2023-10-31 20:40:00,68.77,68.82,68.79,68.81,59.61732231
2023-10-31 20:39:00,68.73,68.78,68.78,68.74,84.42542412
2023-10-31 20:38:00,68.83,68.86,68.85,68.83,22.51657435
2023-10-31 20:37:00,68.85,68.87,68.86,68.87,18.35535581
2023-10-31 20:36:00,68.84,68.88,68.85,68.84,54.2740072
2023-10-31 20:35:00,68.84,68.86,68.84,68.84,60.8137255
2023-10-31 20:34:00,68.78,68.87,68.78,68.83,142.19797651
2023-10-31 20:33:00,68.74,68.77,68.75,68.77,15.06325793
2023-10-31 20:32:00,68.71,68.75,68.72,68.75,7.30717173
2023-10-31 20:31:00,68.67,68.73,68.67,68.72,17.55497029
2023-10-31 20:30:00,68.65,68.7,68.68,68.67,89.88778458
2023-10-31 20:29:00,68.65,68.69,68.67,68.69,104.71774692
2023-10-31 20:28:00,68.63,68.67,68.63,68.65,236.30825749
2023-10-31 20:27:00,68.61,68.63,68.61,68.63,18.90540266
2023-10-31 20:26:00,68.57,68.62,68.6,68.59,27.34464057
2023-10-31 20:25:00,68.59,68.66,68.64,68.59,93.83752312
2023-10-31 20:24:00,68.62,68.67,68.66,68.66,74.93050607
2023-10-31 20:23:00,68.64,68.67,68.64,68.67,87.35801064
2023-10-31 20:22:00,68.6,68.65,68.64,68.65,13.05532762
2023-10-31 20:21:00,68.56,68.6,68.56,68.6,10.9176425
2023-10-31 20:20:00,68.49,68.55,68.54,68.55,6.44154793
2023-10-31 20:19:00,68.53,68.55,68.55,68.53,14.89828501
2023-10-31 20:18:00,68.53,68.55,68.54,68.55,6.92781969
2023-10-31 20:17:00,68.45,68.53,68.48,68.52,69.28075867
2023-10-31 20:16:00,68.39,68.46,68.39,68.46,37.03879662
2023-10-31 20:15:00,68.39,68.44,68.44,68.39,9.16314444
2023-10-31 20:14:00,68.38,68.44,68.38,68.43,11.41128723
2023-10-31 20:13:00,68.36,68.43,68.43,68.36,27.31583995
2023-10-31 20:12:00,68.38,68.41,68.41,68.38,32.11843558
2023-10-31 20:11:00,68.33,68.38,68.34,68.38,19.78640239
2023-10-31 20:10:00,68.31,68.35,68.31,68.34,53.12091372
2023-10-31 20:09:00,68.31,68.37,68.35,68.31,24.362513
2023-10-31 20:08:00,68.34,68.38,68.38,68.37,13.57617193
2023-10-31 20:07:00,68.41,68.45,68.45,68.41,149.35771562
2023-10-31 20:06:00,68.44,68.47,68.44,68.47,26.08489469
2023-10-31 20:05:00,68.44,68.5,68.49,68.44,50.16076922
2023-10-31 20:04:00,68.41,68.49,68.41,68.47,574.70056281
2023-10-31 20:03:00,68.4,68.45,68.4,68.43,226.7171587
2023-10-31 20:02:00,68.37,68.4,68.38,68.38,124.68752983
2023-10-31 20:01:00,68.33,68.41,68.34,68.38,61.12540909
2023-10-31 20:00:00,68.33,68.39,68.39,68.38,67.22581301
2023-10-31 19:59:00,68.33,68.44,68.33,68.43,149.38541292
2023-10-31 19:58:00,68.31,68.35,68.35,68.33,38.86798632
2023-10-31 19:57:00,68.34,68.36,68.35,68.35,95.07895482
2023-10-31 19:56:00,68.33,68.37,68.37,68.36,27.96250118
2023-10-31 19:55:00,68.28,68.35,68.3,68.35,91.90679676
2023-10-31 19:54:00,68.3,68.34,68.33,68.3,117.7318853
2023-10-31 19:53:00,68.23,68.32,68.25,68.32,78.94964433
2023-10-31 19:52:00,68.25,68.31,68.28,68.25,9.91843623
2023-10-31 19:51:00,68.27,68.31,68.28,68.3,26.67220232
2023-10-31 19:50:00,68.26,68.29,68.28,68.29,20.95110016
2023-10-31 19:49:00,68.29,68.35,68.35,68.29,135.33921734
2023-10-31 19:48:00,68.32,68.41,68.41,68.32,36.51836649
2023-10-31 19:47:00,68.37,68.42,68.38,68.4,36.57476612
2023-10-31 19:46:00,68.38,68.39,68.38,68.38,8.89329314
2023-10-31 19:45:00,68.39,68.46,68.45,68.39,15.89697347
2023-10-31 19:44:00,68.41,68.45,68.41,68.45,41.93042945
2023-10-31 19:43:00,68.39,68.46,68.46,68.39,185.34175051
2023-10-31 19:42:00,68.46,68.5,68.5,68.48,28.90621411
2023-10-31 19:41:00,68.49,68.51,68.51,68.5,19.0202065
2023-10-31 19:40:00,68.52,68.57,68.57,68.53,74.82232986
2023-10-31 19:39:00,68.55,68.58,68.57,68.56,51.53598397
2023-10-31 19:38:00,68.57,68.59,68.58,68.57,12.73288057
2023-10-31 19:37:00,68.58,68.6,68.6,68.58,37.85171701
2023-10-31 19:36:00,68.63,68.65,68.63,68.63,475.73315162
2023-10-31 19:35:00,68.62,68.66,68.62,68.63,20.06684102
2023-10-31 19:34:00,68.62,68.7,68.7,68.64,27.94043858
2023-10-31 19:33:00,68.65,68.71,68.65,68.7,101.78002997
2023-10-31 19:32:00,68.63,68.69,68.69,68.65,24.61877966
2023-10-31 19:31:00,68.67,68.7,68.7,68.67,127.32685163
2023-10-31 19:30:00,68.67,68.72,68.71,68.7,89.23360256
2023-10-31 19:29:00,68.71,68.73,68.71,68.73,24.00759584
2023-10-31 19:28:00,68.66,68.72,68.66,68.7,65.73513591
2023-10-31 19:27:00,68.61,68.67,68.61,68.67,70.71420504
2023-10-31 19:26:00,68.57,68.61,68.6,68.59,94.27725609
2023-10-31 19:25:00,68.58,68.61,68.59,68.59,13.04111573
2023-10-31 19:24:00,68.58,68.61,68.58,68.61,17.63233522
2023-10-31 19:23:00,68.52,68.59,68.56,68.59,46.33325288
2023-10-31 19:22:00,68.54,68.55,68.54,68.55,35.53545358
2023-10-31 19:21:00,68.5,68.56,68.53,68.53,57.16471074
2023-10-31 19:20:00,68.54,68.63,68.63,68.54,17.56201944
2023-10-31 19:19:00,68.63,68.68,68.67,68.64,36.14782706
2023-10-31 19:18:00,68.66,68.7,68.7,68.66,15.87064251
2023-10-31 19:17:00,68.66,68.7,68.69,68.7,24.00706111
2023-10-31 19:16:00,68.68,68.73,68.73,68.68,8.50148536
2023-10-31 19:15:00,68.7,68.75,68.72,68.7,19.08211504
2023-10-31 19:14:00,68.66,68.7,68.7,68.68,3.61490012
2023-10-31 19:13:00,68.7,68.77,68.77,68.7,40.82894121
2023-10-31 19:12:00,68.72,68.77,68.74,68.77,120.62475056
2023-10-31 19:11:00,68.66,68.76,68.74,68.74,181.45940159
2023-10-31 19:10:00,68.68,68.75,68.68,68.75,14.68333426
2023-10-31 19:09:00,68.64,68.66,68.64,68.66,2.01342126
2023-10-31 19:08:00,68.58,68.65,68.65,68.59,92.27961082
2023-10-31 19:07:00,68.63,68.66,68.64,68.65,14.64065939
2023-10-31 19:06:00,68.67,68.73,68.67,68.69,284.1659313
2023-10-31 19:05:00,68.68,68.78,68.73,68.69,48.83039047
2023-10-31 19:04:00,68.71,68.77,68.74,68.71,148.5643372
2023-10-31 19:03:00,68.73,68.8,68.78,68.73,21.89021985
2023-10-31 19:02:00,68.81,68.89,68.85,68.84,288.22708659
2023-10-31 19:01:00,68.67,68.86,68.7,68.86,212.51730056
2023-10-31 19:00:00,68.67,68.71,68.67,68.7,36.44194805
2023-10-31 18:59:00,68.65,68.69,68.69,68.69,52.01257098
2023-10-31 18:58:00,68.66,68.68,68.67,68.66,11.09285931
2023-10-31 18:57:00,68.66,68.7,68.67,68.67,36.10741952
2023-10-31 18:56:00,68.64,68.68,68.64,68.65,23.30695032
2023-10-31 18:55:00,68.61,68.66,68.62,68.63,16.90672853
2023-10-31 18:54:00,68.65,68.7,68.69,68.65,14.49060686
2023-10-31 18:53:00,68.64,68.71,68.71,68.69,7.95895374
2023-10-31 18:52:00,68.63,68.7,68.64,68.69,102.86228574
2023-10-31 18:51:00,68.62,68.66,68.63,68.66,38.05588459
2023-10-31 18:50:00,68.55,68.58,68.57,68.58,72.30357787
2023-10-31 18:49:00,68.5,68.58,68.56,68.57,1099.02834851
2023-10-31 18:48:00,68.49,68.56,68.5,68.56,9.53357538
2023-10-31 18:47:00,68.49,68.54,68.52,68.5,15.50428084
2023-10-31 18:46:00,68.5,68.56,68.56,68.5,11.77952522
2023-10-31 18:45:00,68.56,68.63,68.63,68.56,23.59398477
2023-10-31 18:44:00,68.58,68.65,68.6,68.61,35.97761677
2023-10-31 18:43:00,68.58,68.62,68.61,68.6,27.76215438
2023-10-31 18:42:00,68.61,68.68,68.67,68.62,7.9447565
2023-10-31 18:41:00,68.66,68.72,68.7,68.67,98.27197212
2023-10-31 18:40:00,68.57,68.65,68.59,68.65,452.31845509
2023-10-31 18:39:00,68.57,68.59,68.59,68.59,16.54267149
2023-10-31 18:38:00,68.55,68.59,68.57,68.59,64.03301589
2023-10-31 18:37:00,68.56,68.57,68.56,68.57,44.23947782
2023-10-31 18:36:00,68.43,68.56,68.43,68.54,33.71284038
2023-10-31 18:35:00,68.39,68.42,68.4,68.41,59.75747233
2023-10-31 18:34:00,68.39,68.43,68.43,68.4,15.44064195
2023-10-31 18:33:00,68.42,68.45,68.43,68.42,61.30688471
2023-10-31 18:32:00,68.43,68.47,68.46,68.43,41.24532568
2023-10-31 18:31:00,68.43,68.46,68.45,68.45,18.48995813
2023-10-31 18:30:00,68.44,68.48,68.45,68.46,30.46492623
2023-10-31 18:29:00,68.44,68.5,68.5,68.44,16.47589312
2023-10-31 18:28:00,68.52,68.52,68.52,68.52,0.00213478
2023-10-31 18:27:00,68.5,68.52,68.52,68.5,22.63809194
2023-10-31 18:26:00,68.46,68.52,68.47,68.52,8.73835286
2023-10-31 18:25:00,68.45,68.5,68.46,68.47,11.08952158
2023-11-01 04:25:00,68.28,68.32,68.3,68.28,124.38025025
2023-11-01 04:24:00,68.28,68.32,68.29,68.29,65.23707384
2023-11-01 04:23:00,68.22,68.29,68.22,68.28,225.53227992
2023-11-01 04:22:00,68.21,68.24,68.23,68.23,281.54761273
2023-11-01 04:21:00,68.23,68.23,68.23,68.23,8.93074895
2023-11-01 04:20:00,68.23,68.27,68.27,68.23,142.34588011
2023-11-01 04:19:00,68.2,68.25,68.2,68.25,375.8091217
2023-11-01 04:18:00,68.21,68.31,68.3,68.21,88.15128243
2023-11-01 04:17:00,68.28,68.32,68.31,68.3,86.19883366
2023-11-01 04:16:00,68.26,68.32,68.26,68.3,187.55035016
2023-11-01 04:15:00,68.17,68.26,68.17,68.26,181.20816608
2023-11-01 04:14:00,68.16,68.23,68.23,68.16,44.18214473
2023-11-01 04:13:00,68.17,68.25,68.17,68.23,7.6510694
2023-11-01 04:12:00,68.12,68.19,68.19,68.17,422.46803937
2023-11-01 04:11:00,68.19,68.22,68.22,68.21,122.84443935
2023-11-01 04:10:00,68.14,68.18,68.14,68.18,376.40000506
2023-11-01 04:09:00,68.12,68.21,68.21,68.12,343.70094961
2023-11-01 04:08:00,68.22,68.24,68.23,68.22,165.72158139
2023-11-01 04:07:00,68.14,68.22,68.2,68.22,798.42711713
2023-11-01 04:06:00,68.1,68.2,68.11,68.19,337.31277966
2023-11-01 04:05:00,68.11,68.25,68.25,68.12,362.03101514
2023-11-01 04:04:00,68.15,68.26,68.16,68.24,483.56983717
2023-11-01 04:03:00,68.17,68.26,68.26,68.17,332.53617129
2023-11-01 04:02:00,68.26,68.27,68.26,68.26,204.06025667
2023-11-01 04:01:00,68.25,68.27,68.27,68.26,236.05653791
2023-11-01 04:00:00,68.28,68.31,68.31,68.28,91.89630274
2023-11-01 03:59:00,68.26,68.3,68.26,68.3,68.71752131
2023-11-01 03:58:00,68.25,68.28,68.28,68.25,94.95542049
2023-11-01 03:57:00,68.22,68.3,68.25,68.28,146.74120473
2023-11-01 03:56:00,68.23,68.25,68.23,68.25,246.67802842
2023-11-01 03:55:00,68.22,68.3,68.26,68.22,259.25941931
2023-11-01 03:54:00,68.26,68.3,68.3,68.26,133.46498665
2023-11-01 03:53:00,68.29,68.3,68.3,68.3,12.15532288
2023-11-01 03:52:00,68.29,68.33,68.29,68.3,75.39274132
2023-11-01 03:51:00,68.22,68.29,68.22,68.28,107.6424541
2023-11-01 03:50:00,68.19,68.22,68.22,68.2,280.20919313
2023-11-01 03:49:00,68.17,68.25,68.17,68.22,245.53374762
2023-11-01 03:48:00,68.17,68.21,68.21,68.17,143.2719636
2023-11-01 03:47:00,68.21,68.24,68.24,68.21,104.70997291
2023-11-01 03:46:00,68.17,68.26,68.17,68.23,325.65062469
2023-11-01 03:45:00,68.19,68.28,68.27,68.19,77.06257518
2023-11-01 03:44:00,68.24,68.27,68.25,68.27,12.74607877
2023-11-01 03:43:00,68.2,68.24,68.2,68.24,243.25794912
2023-11-01 03:42:00,68.2,68.25,68.25,68.2,105.30847365
2023-11-01 03:41:00,68.14,68.25,68.14,68.25,98.67719791
2023-11-01 03:40:00,68.11,68.18,68.11,68.15,424.72788991
2023-11-01 03:39:00,68.09,68.15,68.12,68.11,439.91074901
2023-11-01 03:38:00,68.09,68.14,68.11,68.12,279.05915902
2023-11-01 03:37:00,68.11,68.24,68.24,68.11,144.97779514
2023-11-01 03:36:00,68.17,68.24,68.17,68.24,62.63747132
2023-11-01 03:35:00,68.13,68.19,68.19,68.17,274.00107577
2023-11-01 03:34:00,68.18,68.2,68.18,68.2,2.91803703
2023-11-01 03:33:00,68.05,68.17,68.05,68.17,348.98459019
2023-11-01 03:32:00,68.04,68.11,68.08,68.06,408.60319073
2023-11-01 03:31:00,68.0,68.08,68.0,68.08,278.44866058
2023-11-01 03:30:00,68.0,68.11,68.11,68.0,255.58102194
2023-11-01 03:29:00,68.11,68.13,68.13,68.11,69.35141765
2023-11-01 03:28:00,68.12,68.16,68.16,68.14,211.26252472
2023-11-01 03:27:00,68.16,68.18,68.16,68.16,45.5580803
2023-11-01 03:26:00,68.17,68.21,68.21,68.18,45.57649095
2023-11-01 03:25:00,68.19,68.23,68.2,68.22,15.05434851
2023-11-01 03:24:00,68.19,68.23,68.21,68.2,217.56037097
2023-11-01 03:23:00,68.11,68.19,68.13,68.19,446.73446195
2023-11-01 03:22:00,68.13,68.22,68.2,68.15,290.5156796
2023-11-01 03:21:00,68.2,68.27,68.27,68.2,255.51872112
2023-11-01 03:20:00,68.27,68.33,68.3,68.27,63.12196366
2023-11-01 03:19:00,68.26,68.31,68.28,68.31,252.97182111
2023-11-01 03:18:00,68.2,68.29,68.25,68.28,273.91673021
2023-11-01 03:17:00,68.25,68.27,68.27,68.26,31.18998485
2023-11-01 03:16:00,68.25,68.32,68.32,68.26,405.58209023
2023-11-01 03:15:00,68.32,68.36,68.34,68.32,259.1379476
2023-11-01 03:14:00,68.34,68.35,68.34,68.34,164.82628984
2023-11-01 03:13:00,68.33,68.36,68.34,68.34,248.64698949
2023-11-01 03:12:00,68.31,68.34,68.31,68.34,237.98178544
2023-11-01 03:11:00,68.23,68.33,68.24,68.31,295.77199039
2023-11-01 03:10:00,68.26,68.32,68.32,68.26,227.00075148
2023-11-01 03:09:00,68.32,68.33,68.33,68.32,13.77746731
2023-11-01 03:08:00,68.32,68.38,68.38,68.33,251.74111379
2023-11-01 03:07:00,68.38,68.45,68.45,68.38,132.94324994
2023-11-01 03:06:00,68.4,68.46,68.44,68.44,192.39869714
2023-11-01 03:05:00,68.43,68.51,68.51,68.43,76.81509742
2023-11-01 03:04:00,68.44,68.51,68.44,68.51,197.62503164
2023-11-01 03:03:00,68.44,68.49,68.48,68.44,51.55386698
2023-11-01 03:02:00,68.49,68.53,68.53,68.49,105.58318618
2023-11-01 03:01:00,68.47,68.49,68.47,68.49,19.6751991
2023-11-01 03:00:00,68.42,68.47,68.46,68.46,293.22808965
2023-11-01 02:59:00,68.44,68.47,68.45,68.47,139.44829204
2023-11-01 02:58:00,68.43,68.46,68.44,68.45,167.23182756
2023-11-01 02:57:00,68.43,68.46,68.43,68.45,181.73748357
2023-11-01 02:56:00,68.44,68.5,68.5,68.44,94.39472643
2023-11-01 02:55:00,68.48,68.53,68.53,68.5,77.17723647
2023-11-01 02:54:00,68.51,68.56,68.51,68.53,52.65536633
2023-11-01 02:53:00,68.43,68.52,68.44,68.51,78.37788624
2023-11-01 02:52:00,68.42,68.48,68.48,68.42,52.41579591
2023-11-01 02:51:00,68.41,68.47,68.43,68.47,154.0319019
2023-11-01 02:50:00,68.42,68.45,68.45,68.42,71.99265096
2023-11-01 02:49:00,68.38,68.44,68.44,68.4,810.04952523
2023-11-01 02:48:00,68.43,68.48,68.48,68.44,92.56146772
2023-11-01 02:47:00,68.46,68.49,68.47,68.49,57.2743824
2023-11-01 02:46:00,68.48,68.55,68.54,68.48,97.36550888
2023-11-01 02:45:00,68.49,68.53,68.49,68.53,163.31869574
2023-11-01 02:44:00,68.48,68.51,68.48,68.5,214.04166497
2023-11-01 02:43:00,68.47,68.53,68.53,68.48,572.91958304
2023-11-01 02:42:00,68.53,68.55,68.55,68.53,20.47439321
2023-11-01 02:41:00,68.54,68.59,68.59,68.55,72.07291687
2023-11-01 02:40:00,68.51,68.6,68.51,68.6,209.7423665
2023-11-01 02:39:00,68.52,68.54,68.54,68.52,147.69200213
2023-11-01 02:38:00,68.5,68.6,68.52,68.54,527.35401453
2023-11-01 02:37:00,68.52,68.55,68.55,68.52,246.34604367
2023-11-01 02:36:00,68.54,68.61,68.61,68.55,42.63969708
2023-11-01 02:35:00,68.62,68.66,68.66,68.62,49.54603732
2023-11-01 02:34:00,68.6,68.66,68.6,68.66,352.82495658
2023-11-01 02:33:00,68.56,68.62,68.57,68.62,74.29737866
2023-11-01 02:32:00,68.57,68.6,68.57,68.57,145.40783025
2023-11-01 02:31:00,68.56,68.59,68.59,68.57,73.2334474
2023-11-01 02:30:00,68.56,68.61,68.56,68.6,84.59198245
2023-11-01 02:29:00,68.53,68.56,68.53,68.56,168.71215755
2023-11-01 02:28:00,68.53,68.54,68.53,68.53,35.94075823
2023-11-01 02:27:00,68.53,68.56,68.56,68.54,35.94558447
2023-11-01 02:26:00,68.54,68.56,68.54,68.56,154.95881449
2023-11-01 02:25:00,68.52,68.56,68.53,68.55,139.87017502
2023-11-01 02:24:00,68.52,68.55,68.54,68.53,69.98452509
2023-11-01 02:23:00,68.51,68.54,68.51,68.54,15.31201696
2023-11-01 02:22:00,68.5,68.52,68.51,68.51,148.34913771
2023-11-01 02:21:00,68.51,68.53,68.51,68.51,377.16143192
2023-11-01 02:20:00,68.49,68.54,68.54,68.51,271.31707906
2023-11-01 02:19:00,68.54,68.56,68.56,68.55,124.51746716
2023-11-01 02:18:00,68.57,68.63,68.63,68.57,65.77643882
2023-11-01 02:17:00,68.55,68.63,68.55,68.63,155.00589888
2023-11-01 02:16:00,68.55,68.56,68.56,68.56,52.83624913
2023-11-01 02:15:00,68.56,68.61,68.59,68.56,277.91151632
2023-11-01 02:14:00,68.57,68.64,68.64,68.59,658.42286178
2023-11-01 02:13:00,68.57,68.64,68.57,68.64,420.17003217
2023-11-01 02:12:00,68.56,68.6,68.6,68.58,97.53174223
2023-11-01 02:11:00,68.55,68.61,68.56,68.61,254.23630084
2023-11-01 02:10:00,68.54,68.56,68.55,68.56,125.07209815
2023-11-01 02:09:00,68.5,68.59,68.59,68.55,789.15908848
2023-11-01 02:08:00,68.59,68.61,68.6,68.6,39.99235314
2023-11-01 02:07:00,68.53,68.62,68.55,68.62,179.59874742
2023-11-01 02:06:00,68.54,68.61,68.57,68.55,62.58040472
2023-11-01 02:05:00,68.53,68.64,68.64,68.54,285.83817725
2023-11-01 02:04:00,68.57,68.65,68.57,68.64,145.99543988
2023-11-01 02:03:00,68.56,68.61,68.59,68.58,162.16765042
2023-11-01 02:02:00,68.59,68.64,68.6,68.59,213.20475757
2023-11-01 02:01:00,68.52,68.64,68.64,68.58,691.45855313
2023-11-01 02:00:00,68.64,68.72,68.71,68.64,210.48380656
2023-11-01 01:59:00,68.68,68.71,68.69,68.71,163.49921157
2023-11-01 01:58:00,68.69,68.71,68.71,68.69,105.31580118
2023-11-01 01:57:00,68.71,68.72,68.72,68.71,42.01289159
2023-11-01 01:56:00,68.68,68.73,68.69,68.72,226.1000487
2023-11-01 01:55:00,68.66,68.71,68.71,68.69,267.8386614
2023-11-01 01:54:00,68.71,68.72,68.71,68.71,136.35591105
2023-11-01 01:53:00,68.67,68.74,68.7,68.71,563.30823625
2023-11-01 01:52:00,68.7,68.72,68.72,68.7,153.72207047
2023-11-01 01:51:00,68.7,68.79,68.79,68.72,173.73952364
2023-11-01 01:50:00,68.78,68.8,68.8,68.8,45.87132165
2023-11-01 01:49:00,68.73,68.83,68.74,68.81,488.77056542
2023-11-01 01:48:00,68.74,68.83,68.83,68.74,276.67820439
2023-11-01 01:47:00,68.79,68.83,68.79,68.83,98.78741108
2023-11-01 01:46:00,68.78,68.82,68.82,68.79,276.71641082
2023-11-01 01:45:00,68.78,68.86,68.86,68.81,399.6590829
2023-11-01 01:44:00,68.8,68.89,68.81,68.89,372.10185167
2023-11-01 01:43:00,68.8,68.81,68.81,68.81,62.39135169
2023-11-01 01:42:00,68.78,68.83,68.83,68.79,164.8859863
2023-11-01 01:41:00,68.8,68.84,68.81,68.83,646.9260574
2023-11-01 01:40:00,68.81,68.92,68.92,68.82,203.18259483
2023-11-01 01:39:00,68.91,68.93,68.93,68.92,53.71316639
2023-11-01 01:38:00,68.93,68.93,68.93,68.93,27.11585586
2023-11-01 01:37:00,68.94,68.99,68.97,68.94,287.02850594
2023-11-01 01:36:00,68.92,68.98,68.92,68.97,434.44795654
2023-11-01 01:35:00,68.91,68.98,68.98,68.92,406.73637334
2023-11-01 01:34:00,68.98,68.99,68.99,68.98,33.68444245
2023-11-01 01:33:00,68.96,68.99,68.96,68.99,89.81030437
2023-11-01 01:32:00,68.89,68.97,68.89,68.97,345.49727601
2023-11-01 01:31:00,68.88,68.89,68.89,68.89,32.22412963
2023-11-01 01:30:00,68.89,68.9,68.9,68.89,160.39581221
2023-11-01 01:29:00,68.86,68.9,68.87,68.9,253.14634611
2023-11-01 01:28:00,68.83,68.87,68.83,68.87,282.68443414
2023-11-01 01:27:00,68.8,68.83,68.8,68.83,340.29430445
2023-11-01 01:26:00,68.8,68.88,68.88,68.8,207.55167783
2023-11-01 01:25:00,68.86,68.89,68.87,68.89,174.9504006
2023-11-01 01:24:00,68.87,68.93,68.93,68.87,54.66393155
2023-11-01 01:23:00,68.88,68.95,68.88,68.93,164.82851825
2023-11-01 01:22:00,68.87,68.88,68.88,68.88,142.32092372
2023-11-01 01:21:00,68.83,68.88,68.83,68.88,35.74792331
2023-11-01 01:20:00,68.74,68.84,68.74,68.83,56.74652183
2023-11-01 01:19:00,68.68,68.74,68.68,68.74,486.43225279
2023-11-01 01:18:00,68.67,68.7,68.69,68.67,189.45904273
2023-11-01 01:17:00,68.68,68.71,68.71,68.69,42.15606496
2023-11-01 01:16:00,68.7,68.75,68.72,68.71,292.51709879
2023-11-01 01:15:00,68.72,68.79,68.77,68.72,340.35285905
2023-11-01 01:14:00,68.75,68.81,68.75,68.78,75.03047253
2023-11-01 01:13:00,68.7,68.73,68.7,68.72,578.91647812
2023-11-01 01:12:00,68.7,68.79,68.79,68.7,151.44259812
2023-11-01 01:11:00,68.78,68.81,68.78,68.79,357.08273436
2023-11-01 01:10:00,68.78,68.86,68.78,68.8,335.5840366
2023-11-01 01:09:00,68.76,68.8,68.8,68.78,468.21846658
2023-11-01 01:08:00,68.75,68.8,68.78,68.8,512.51258028
2023-11-01 01:07:00,68.72,68.8,68.72,68.79,692.09750137
2023-11-01 01:06:00,68.72,68.75,68.72,68.72,771.74927687
2023-11-01 01:05:00,68.73,68.86,68.86,68.73,182.15670453
2023-11-01 01:04:00,68.79,68.86,68.8,68.86,316.61242907
2023-11-01 01:03:00,68.77,68.81,68.77,68.8,307.55031764
2023-11-01 01:02:00,68.75,68.8,68.8,68.75,121.38548067
2023-11-01 01:01:00,68.8,68.85,68.83,68.8,770.7572514
2023-11-01 01:00:00,68.79,68.87,68.8,68.84,642.47514967
2023-11-01 00:59:00,68.77,68.86,68.84,68.79,364.14166004
2023-11-01 00:58:00,68.83,68.87,68.86,68.85,34.69214992
2023-11-01 00:57:00,68.78,68.88,68.78,68.86,1077.28558235
2023-11-01 00:56:00,68.78,68.85,68.85,68.78,218.64464364
2023-11-01 00:55:00,68.81,68.85,68.83,68.85,795.1336428
2023-11-01 00:54:00,68.81,68.83,68.83,68.83,188.74848558
2023-11-01 00:53:00,68.83,68.9,68.89,68.83,287.59873406
2023-11-01 00:52:00,68.88,69.0,68.88,68.9,905.28006736
2023-11-01 00:51:00,68.89,68.96,68.96,68.89,133.86678015
2023-11-01 00:50:00,68.93,68.97,68.94,68.96,256.80457854
2023-11-01 00:49:00,68.92,69.01,69.01,68.94,501.42440861
2023-11-01 00:48:00,68.96,69.01,69.01,69.01,257.89125713
2023-11-01 00:47:00,68.97,69.01,68.97,69.0,56.44487307
2023-11-01 00:46:00,68.97,69.07,69.07,68.97,180.85687211
2023-11-01 00:45:00,68.92,69.05,68.92,69.05,736.35515625
2023-11-01 00:44:00,68.9,68.93,68.93,68.92,794.97135528
2023-11-01 00:43:00,68.93,68.99,68.99,68.93,209.92411762
2023-11-01 00:42:00,68.95,69.06,69.04,68.99,436.41808749
2023-11-01 00:41:00,69.0,69.09,69.09,69.05,610.5535988
2023-11-01 00:40:00,69.1,69.21,69.16,69.1,673.57111778
2023-11-01 00:39:00,69.16,69.24,69.21,69.16,663.56019012
2023-11-01 00:38:00,69.14,69.21,69.17,69.21,471.86248095
2023-11-01 00:37:00,69.17,69.23,69.19,69.19,789.33374081
2023-11-01 00:36:00,69.13,69.21,69.13,69.2,640.52597991
2023-11-01 00:35:00,69.09,69.21,69.17,69.13,884.85523355
2023-11-01 00:34:00,69.07,69.17,69.12,69.17,504.91739012
2023-11-01 00:33:00,68.97,69.13,68.97,69.13,542.84975928
2023-11-01 00:32:00,68.91,68.97,68.91,68.97,562.51180213
2023-11-01 00:31:00,68.89,68.91,68.9,68.91,307.94810371
2023-11-01 00:30:00,68.9,68.93,68.92,68.9,354.21605024
2023-11-01 00:29:00,68.89,68.95,68.89,68.92,317.60918324
2023-11-01 00:28:00,68.88,68.89,68.89,68.88,117.52374302
2023-11-01 00:27:00,68.89,68.93,68.91,68.89,571.3085993
2023-11-01 00:26:00,68.88,68.95,68.95,68.92,208.26511518
2023-11-01 00:25:00,68.92,68.97,68.94,68.97,750.48292344
2023-11-01 00:24:00,68.92,68.96,68.92,68.95,674.9335872
2023-11-01 00:23:00,68.89,68.98,68.98,68.92,512.00467545
2023-11-01 00:22:00,68.97,69.08,69.08,68.99,395.9322552
2023-11-01 00:21:00,69.09,69.19,69.17,69.09,750.4710985
2023-11-01 00:20:00,69.17,69.26,69.2,69.17,691.3464353
2023-11-01 00:19:00,69.19,69.21,69.2,69.2,340.3281077
2023-11-01 00:18:00,69.12,69.21,69.12,69.2,969.34752065
2023-11-01 00:17:00,69.12,69.18,69.17,69.12,510.69503346
2023-11-01 00:16:00,69.02,69.16,69.02,69.16,790.52986346
2023-11-01 00:15:00,69.0,69.1,69.08,69.01,101.25157867
2023-11-01 00:14:00,69.03,69.07,69.06,69.07,33.59233815
2023-11-01 00:13:00,69.0,69.07,69.04,69.07,26.56526841
2023-11-01 00:12:00,68.98,69.04,68.98,69.04,23.25223812
2023-11-01 00:11:00,68.97,69.0,69.0,68.97,46.81087058
2023-11-01 00:10:00,68.96,69.04,69.03,69.01,119.52592503
2023-11-01 00:09:00,69.02,69.06,69.02,69.04,256.56607938
2023-11-01 00:08:00,68.99,69.07,69.05,69.02,175.10562962
2023-11-01 00:07:00,69.04,69.07,69.04,69.05,48.02320176
2023-11-01 00:06:00,68.94,68.98,68.95,68.98,165.33824492
2023-11-01 00:05:00,68.82,68.95,68.82,68.95,1004.91130827
2023-11-01 00:04:00,68.8,68.84,68.84,68.82,604.98114486
2023-11-01 00:03:00,68.8,68.83,68.83,68.83,402.54659458
2023-11-01 00:02:00,68.78,68.85,68.8,68.83,1294.03916176
2023-11-01 00:01:00,68.8,68.92,68.9,68.8,1368.96479749
2023-11-01 00:00:00,68.89,68.92,68.91,68.9,331.46274024
2023-10-31 23:59:00,68.91,68.93,68.93,68.91,363.85299137
2023-10-31 23:58:00,68.92,68.95,68.95,68.93,116.69453341
2023-10-31 23:57:00,68.92,68.96,68.95,68.95,224.70510294
2023-10-31 23:56:00,68.91,68.96,68.95,68.95,39.51237354
2023-10-31 23:55:00,68.89,68.98,68.97,68.97,77.6034927
2023-10-31 23:54:00,68.97,69.05,69.01,68.99,163.03417007
2023-10-31 23:53:00,68.96,69.01,68.97,69.0,79.88447802
2023-10-31 23:52:00,68.94,68.97,68.97,68.96,18.88200068
2023-10-31 23:51:00,68.92,68.97,68.96,68.97,75.08212746
2023-10-31 23:50:00,68.84,68.95,68.85,68.94,696.61855709
2023-10-31 23:49:00,68.83,68.84,68.84,68.84,11.33437262
2023-10-31 23:48:00,68.8,68.85,68.8,68.84,84.54365242
2023-10-31 23:47:00,68.81,68.85,68.84,68.81,93.83182808
2023-10-31 23:46:00,68.76,68.85,68.76,68.85,17.60884357
2023-10-31 23:45:00,68.75,68.83,68.81,68.79,33.7014787
2023-10-31 23:44:00,68.81,68.84,68.83,68.81,52.29722729
2023-10-31 23:43:00,68.81,68.86,68.84,68.86,166.73854049
2023-10-31 23:42:00,68.83,68.87,68.84,68.84,15.28390044
2023-10-31 23:41:00,68.81,68.87,68.84,68.85,160.12650386
2023-10-31 23:40:00,68.84,68.92,68.92,68.84,7.77792791
2023-10-31 23:39:00,68.88,68.92,68.88,68.92,67.22382522
2023-10-31 23:38:00,68.83,68.89,68.86,68.86,97.58681264
2023-10-31 23:37:00,68.82,68.91,68.82,68.88,19.65963797
2023-10-31 23:36:00,68.74,68.85,68.74,68.85,42.63818738
2023-10-31 23:35:00,68.71,68.8,68.79,68.71,110.11793837
2023-10-31 23:34:00,68.8,68.85,68.85,68.8,141.07779606
2023-10-31 23:33:00,68.82,68.86,68.84,68.85,172.12384557
2023-10-31 23:32:00,68.84,68.87,68.87,68.84,57.16814688
2023-10-31 23:31:00,68.75,68.86,68.76,68.86,73.47682456
2023-10-31 23:30:00,68.74,68.78,68.74,68.75,26.42796589
2023-10-31 23:29:00,68.65,68.68,68.67,68.68,27.86225336
2023-10-31 23:28:00,68.62,68.67,68.64,68.67,7.15523315
2023-10-31 23:27:00,68.64,68.69,68.69,68.64,32.84176873
2023-10-31 23:26:00,68.62,68.66,68.62,68.64,15.3430888
2023-10-31 23:25:00,68.57,68.65,68.57,68.65,30.99248066
2023-11-01 09:25:00,68.11,68.13,68.13,68.11,13.7238728
2023-11-01 09:24:00,68.07,68.09,68.07,68.08,18.21794953
2023-11-01 09:23:00,68.07,68.11,68.11,68.07,160.34417291
2023-11-01 09:22:00,68.11,68.12,68.11,68.12,0.42411487
2023-11-01 09:21:00,68.07,68.11,68.09,68.11,48.28345121
2023-11-01 09:20:00,68.09,68.11,68.11,68.1,0.79560625
2023-11-01 09:19:00,68.1,68.12,68.1,68.12,1.55503542
2023-11-01 09:18:00,68.07,68.12,68.07,68.12,36.1550757
2023-11-01 09:17:00,68.07,68.13,68.13,68.07,9.07585287
2023-11-01 09:16:00,68.12,68.15,68.12,68.15,9.64494913
2023-11-01 09:15:00,68.09,68.13,68.11,68.12,12.19446629
2023-11-01 09:14:00,68.12,68.16,68.12,68.12,41.62608866
2023-11-01 09:13:00,68.13,68.15,68.15,68.13,3.69761705
2023-11-01 09:12:00,68.13,68.17,68.13,68.15,136.0750584
2023-11-01 09:11:00,68.1,68.12,68.11,68.11,34.68935841
2023-11-01 09:10:00,68.07,68.12,68.07,68.12,6.43199711
2023-11-01 09:09:00,68.04,68.1,68.06,68.1,13.10184689
2023-11-01 09:08:00,68.1,68.1,68.1,68.1,4.3459
2023-11-01 09:07:00,68.11,68.11,68.11,68.11,0.78051187
2023-11-01 09:06:00,68.08,68.11,68.08,68.09,11.85295139
2023-11-01 09:05:00,67.97,68.03,68.02,68.03,367.80417397
2023-11-01 09:04:00,68.0,68.04,68.04,68.0,4.4899636
2023-11-01 09:03:00,68.01,68.04,68.01,68.04,12.09621119
2023-11-01 09:02:00,67.97,68.0,68.0,67.97,77.52399723
2023-11-01 09:01:00,67.98,68.08,68.08,68.0,121.83795375
2023-11-01 09:00:00,68.05,68.08,68.06,68.07,26.80642035
2023-11-01 08:59:00,68.01,68.07,68.07,68.03,1.9221076
2023-11-01 08:58:00,68.04,68.07,68.04,68.06,12.95340436
2023-11-01 08:57:00,68.04,68.06,68.06,68.04,6.53559698
2023-11-01 08:56:00,68.07,68.09,68.08,68.09,3.63944775
2023-11-01 08:55:00,68.06,68.08,68.06,68.08,0.46921732
2023-11-01 08:54:00,68.02,68.05,68.03,68.05,15.53840256
2023-11-01 08:53:00,68.03,68.07,68.07,68.06,181.40245055
2023-11-01 08:52:00,68.02,68.08,68.08,68.06,104.04632046
2023-11-01 08:51:00,68.07,68.09,68.09,68.08,25.38431909
2023-11-01 08:50:00,68.05,68.11,68.05,68.11,7.20167869
2023-11-01 08:49:00,68.04,68.07,68.04,68.07,3.13689707
2023-11-01 08:48:00,68.03,68.06,68.05,68.03,1.10108845
2023-11-01 08:47:00,68.05,68.11,68.09,68.05,31.70515444
2023-11-01 08:46:00,68.07,68.09,68.07,68.09,17.27180228
2023-11-01 08:45:00,68.07,68.1,68.1,68.07,12.20937065
2023-11-01 08:44:00,68.11,68.11,68.11,68.11,0.74053097
2023-11-01 08:43:00,68.15,68.15,68.15,68.15,6.27884264
2023-11-01 08:42:00,68.13,68.16,68.16,68.13,15.79245238
2023-11-01 08:41:00,68.16,68.17,68.17,68.16,1.83712359
2023-11-01 08:39:00,68.14,68.2,68.2,68.14,22.46853947
2023-11-01 08:38:00,68.18,68.2,68.18,68.2,1.54227229
2023-11-01 08:37:00,68.18,68.22,68.19,68.2,0.91429499
2023-11-01 08:36:00,68.17,68.18,68.18,68.18,28.04064062
2023-11-01 08:35:00,68.15,68.21,68.21,68.17,23.02061426
2023-11-01 08:34:00,68.12,68.17,68.15,68.17,19.87249564
2023-11-01 08:33:00,68.11,68.15,68.15,68.13,19.64018847
2023-11-01 08:32:00,68.09,68.12,68.11,68.11,22.76644751
2023-11-01 08:31:00,68.11,68.15,68.15,68.11,12.49324572
2023-11-01 08:30:00,68.12,68.14,68.14,68.14,69.7164773
2023-11-01 08:29:00,68.15,68.24,68.24,68.15,313.94924453
2023-11-01 08:28:00,68.23,68.23,68.23,68.23,2.92086196
2023-11-01 08:27:00,68.2,68.22,68.21,68.22,338.30900761
2023-11-01 08:26:00,68.22,68.24,68.24,68.22,10.88659457
2023-11-01 08:25:00,68.2,68.24,68.22,68.24,1.03149413
2023-11-01 08:24:00,68.19,68.22,68.21,68.22,12.78305905
2023-11-01 08:23:00,68.19,68.21,68.21,68.21,6.07922866
2023-11-01 08:22:00,68.17,68.21,68.2,68.19,17.27222292
2023-11-01 08:21:00,68.17,68.18,68.17,68.18,3.1160461
2023-11-01 08:20:00,68.14,68.18,68.14,68.18,3.17655892
2023-11-01 08:19:00,68.11,68.12,68.12,68.11,8.98680183
2023-11-01 08:18:00,68.08,68.13,68.08,68.13,6.14152618
2023-11-01 08:17:00,68.1,68.19,68.19,68.1,33.78126959
2023-11-01 08:16:00,68.19,68.21,68.19,68.21,2.81178838
2023-11-01 08:15:00,68.15,68.17,68.17,68.16,30.18495534
2023-11-01 08:14:00,68.14,68.19,68.14,68.19,0.37608586
2023-11-01 08:13:00,68.13,68.14,68.14,68.14,8.14259499
2023-11-01 08:12:00,68.09,68.13,68.11,68.13,56.05650858
2023-11-01 08:11:00,68.06,68.08,68.08,68.08,529.61342829
2023-11-01 08:10:00,68.1,68.11,68.11,68.1,11.35004568
2023-11-01 08:09:00,68.11,68.2,68.2,68.11,152.36243746
2023-11-01 08:08:00,68.01,68.22,68.04,68.19,1504.78269795
2023-11-01 08:07:00,67.95,68.03,67.95,68.03,212.17852163
2023-11-01 08:06:00,67.94,67.97,67.97,67.95,229.55188574
2023-11-01 08:05:00,67.93,68.01,67.93,67.96,293.40789056
2023-11-01 08:04:00,67.93,68.09,68.07,67.94,879.54894634
2023-11-01 08:03:00,68.05,68.08,68.05,68.06,90.06273818
2023-11-01 08:02:00,68.03,68.07,68.03,68.07,173.61689329
2023-11-01 08:01:00,68.0,68.03,68.01,68.03,285.19083887
2023-11-01 08:00:00,68.03,68.1,68.06,68.03,308.75036107
2023-11-01 07:59:00,68.01,68.09,68.01,68.07,86.1340061
2023-11-01 07:58:00,68.01,68.08,68.08,68.01,323.06965633
2023-11-01 07:57:00,68.06,68.1,68.06,68.1,12.63995736
2023-11-01 07:56:00,68.06,68.1,68.09,68.06,17.53374457
2023-11-01 07:55:00,68.05,68.11,68.08,68.06,409.57410209
2023-11-01 07:54:00,68.08,68.2,68.2,68.08,312.62268769
2023-11-01 07:53:00,68.16,68.2,68.2,68.16,215.86819454
2023-11-01 07:52:00,68.2,68.25,68.23,68.2,181.09474052
2023-11-01 07:51:00,68.22,68.26,68.22,68.22,96.44414923
2023-11-01 07:50:00,68.14,68.22,68.2,68.22,551.38687007
2023-11-01 07:49:00,68.17,68.23,68.2,68.2,427.16160618
2023-11-01 07:48:00,68.19,68.3,68.3,68.19,95.87698729
2023-11-01 07:47:00,68.25,68.32,68.32,68.26,291.38277916
2023-11-01 07:46:00,68.23,68.32,68.23,68.32,38.7740694
2023-11-01 07:45:00,68.23,68.31,68.31,68.23,189.82927361
2023-11-01 07:44:00,68.27,68.32,68.27,68.32,144.20687584
2023-11-01 07:43:00,68.17,68.24,68.17,68.24,83.30874191
2023-11-01 07:42:00,68.09,68.13,68.09,68.13,7.04279773
2023-11-01 07:41:00,68.08,68.12,68.1,68.08,229.51135297
2023-11-01 07:40:00,68.05,68.09,68.05,68.09,0.87973959
2023-11-01 07:39:00,67.99,68.04,67.99,68.04,178.73286783
2023-11-01 07:38:00,67.97,67.99,67.99,67.99,169.30653132
2023-11-01 07:37:00,67.98,68.01,68.0,68.0,710.64348065
2023-11-01 07:36:00,68.01,68.03,68.03,68.01,72.4319102
2023-11-01 07:35:00,68.03,68.07,68.05,68.03,125.2300101
2023-11-01 07:34:00,68.03,68.05,68.04,68.05,217.55562584
2023-11-01 07:33:00,68.04,68.12,68.04,68.04,43.71790246
2023-11-01 07:32:00,68.02,68.07,68.07,68.02,145.22550465
2023-11-01 07:31:00,68.06,68.07,68.07,68.06,283.41565071
2023-11-01 07:30:00,68.07,68.1,68.08,68.07,363.10202693
2023-11-01 07:29:00,68.07,68.1,68.1,68.07,3.84665837
2023-11-01 07:28:00,68.1,68.16,68.12,68.1,178.32286974
2023-11-01 07:27:00,68.07,68.15,68.09,68.13,384.52587757
2023-11-01 07:26:00,68.07,68.14,68.12,68.08,622.44225777
2023-11-01 07:25:00,68.06,68.19,68.19,68.12,816.11961549
2023-11-01 07:24:00,68.23,68.29,68.29,68.23,21.90827551
2023-11-01 07:23:00,68.27,68.31,68.29,68.3,59.72879623
2023-11-01 07:22:00,68.31,68.39,68.32,68.37,49.99640636
2023-11-01 07:21:00,68.28,68.49,68.34,68.3,752.52312377
2023-11-01 07:20:00,68.04,68.42,68.08,68.33,1369.0190668
2023-11-01 07:19:00,67.96,68.08,67.97,68.06,655.48105767
2023-11-01 07:18:00,67.99,68.02,68.0,67.99,335.46435312
2023-11-01 07:17:00,67.97,67.99,67.98,67.99,191.2170639
2023-11-01 07:16:00,67.97,67.99,67.98,67.97,27.39382301
2023-11-01 07:15:00,67.97,68.02,68.01,67.97,184.30583181
2023-11-01 07:14:00,67.97,68.04,68.02,68.02,191.81732003
2023-11-01 07:13:00,67.98,68.02,67.98,68.02,10.42798735
2023-11-01 07:12:00,67.95,67.99,67.95,67.99,15.48713614
2023-11-01 07:11:00,67.94,67.98,67.97,67.94,24.10495935
2023-11-01 07:09:00,67.95,67.98,67.95,67.98,26.09644902
2023-11-01 07:08:00,67.91,67.94,67.91,67.93,14.61351385
2023-11-01 07:07:00,67.85,67.92,67.88,67.92,454.18949368
2023-11-01 07:06:00,67.86,67.91,67.86,67.89,81.30787394
2023-11-01 07:05:00,67.85,67.87,67.87,67.86,81.33950618
2023-11-01 07:04:00,67.78,67.85,67.79,67.85,533.26366103
2023-11-01 07:03:00,67.78,67.83,67.83,67.8,41.63612249
2023-11-01 07:02:00,67.83,67.94,67.93,67.83,474.84356234
2023-11-01 07:01:00,67.91,67.94,67.91,67.91,185.79130463
2023-11-01 07:00:00,67.86,67.91,67.86,67.91,96.31780367
2023-11-01 06:59:00,67.83,67.86,67.83,67.86,153.11841373
2023-11-01 06:58:00,67.83,67.85,67.85,67.83,9.87248729
2023-11-01 06:57:00,67.79,67.85,67.8,67.83,234.55776467
2023-11-01 06:56:00,67.8,67.82,67.82,67.8,62.67321391
2023-11-01 06:55:00,67.76,67.86,67.77,67.84,185.54431359
2023-11-01 06:54:00,67.77,67.81,67.81,67.77,78.82966349
2023-11-01 06:53:00,67.78,67.84,67.78,67.82,21.88371103
2023-11-01 06:52:00,67.75,67.78,67.76,67.78,2.34051046
2023-11-01 06:51:00,67.73,67.75,67.75,67.74,48.24533197
2023-11-01 06:50:00,67.72,67.75,67.73,67.75,177.5032748
2023-11-01 06:49:00,67.73,67.74,67.73,67.74,256.2275751
2023-11-01 06:48:00,67.73,67.79,67.79,67.73,68.18631981
2023-11-01 06:47:00,67.77,67.8,67.8,67.79,96.34390151
2023-11-01 06:46:00,67.79,67.82,67.8,67.8,12.37041175
2023-11-01 06:45:00,67.79,67.8,67.8,67.8,3.93353186
2023-11-01 06:44:00,67.82,67.86,67.83,67.82,249.26079485
2023-11-01 06:43:00,67.8,67.83,67.81,67.81,219.28892134
2023-11-01 06:42:00,67.81,67.82,67.81,67.82,159.23809812
2023-11-01 06:41:00,67.83,67.85,67.85,67.83,83.72388489
2023-11-01 06:40:00,67.76,67.85,67.78,67.85,309.63660628
2023-11-01 06:39:00,67.78,67.8,67.8,67.79,11.90949921
2023-11-01 06:38:00,67.77,67.83,67.81,67.8,286.5610413
2023-11-01 06:37:00,67.82,67.86,67.83,67.82,200.39271071
2023-11-01 06:36:00,67.82,67.86,67.82,67.85,158.33135059
2023-11-01 06:35:00,67.79,67.82,67.79,67.8,69.32076957
2023-11-01 06:34:00,67.77,67.79,67.77,67.78,37.81025555
2023-11-01 06:33:00,67.73,67.78,67.73,67.78,30.46476701
2023-11-01 06:32:00,67.67,67.73,67.67,67.72,160.57560057
2023-11-01 06:31:00,67.65,67.72,67.72,67.65,269.22394275
2023-11-01 06:30:00,67.71,67.73,67.72,67.73,16.99057278
2023-11-01 06:29:00,67.68,67.71,67.68,67.71,17.23976501
2023-11-01 06:28:00,67.67,67.69,67.68,67.69,4.08329913
2023-11-01 06:27:00,67.64,67.68,67.67,67.66,181.75618217
2023-11-01 06:26:00,67.64,67.68,67.65,67.68,145.7432717
2023-11-01 06:25:00,67.64,67.66,67.66,67.64,22.1317962
2023-11-01 06:24:00,67.66,67.67,67.66,67.66,10.25330101
2023-11-01 06:23:00,67.65,67.66,67.66,67.66,128.84466486
2023-11-01 06:22:00,67.57,67.67,67.57,67.67,200.907403
2023-11-01 06:21:00,67.55,67.66,67.66,67.56,165.58900694
2023-11-01 06:20:00,67.64,67.68,67.64,67.67,181.1752527
2023-11-01 06:19:00,67.6,67.65,67.61,67.64,173.00225867
2023-11-01 06:18:00,67.61,67.67,67.67,67.61,201.78140105
2023-11-01 06:17:00,67.6,67.66,67.6,67.65,339.68680261
2023-11-01 06:16:00,67.57,67.62,67.57,67.61,49.18800477
2023-11-01 06:15:00,67.52,67.6,67.58,67.59,375.50137092
2023-11-01 06:14:00,67.53,67.57,67.53,67.57,234.89816156
2023-11-01 06:13:00,67.49,67.57,67.56,67.53,365.47741948
2023-11-01 06:12:00,67.56,67.6,67.59,67.56,156.84978492
2023-11-01 06:11:00,67.6,67.63,67.63,67.62,66.3233514
2023-11-01 06:10:00,67.53,67.6,67.55,67.6,631.75423442
2023-11-01 06:09:00,67.5,67.57,67.5,67.56,57.55423263
2023-11-01 06:08:00,67.43,67.52,67.43,67.5,797.367259
2023-11-01 06:07:00,67.36,67.43,67.36,67.42,262.87057258
2023-11-01 06:06:00,67.21,67.38,67.21,67.37,440.74584702
2023-11-01 06:05:00,67.2,67.36,67.3,67.2,224.38428483
2023-11-01 06:04:00,67.25,67.29,67.26,67.29,315.50961187
2023-11-01 06:03:00,67.12,67.3,67.14,67.22,470.16822585
2023-11-01 06:02:00,67.12,67.4,67.4,67.14,997.61344781
2023-11-01 06:01:00,67.36,67.47,67.47,67.42,536.33633549
2023-11-01 06:00:00,67.43,67.5,67.5,67.49,570.3380716
2023-11-01 05:59:00,67.45,67.51,67.46,67.51,91.83400404
2023-11-01 05:58:00,67.43,67.49,67.44,67.47,216.94353546
2023-11-01 05:57:00,67.43,67.48,67.47,67.43,377.23302895
2023-11-01 05:56:00,67.44,67.5,67.45,67.48,402.10664953
2023-11-01 05:55:00,67.46,67.54,67.49,67.46,239.4923863
2023-11-01 05:54:00,67.48,67.56,67.55,67.5,558.57916357
2023-11-01 05:53:00,67.48,67.66,67.66,67.56,404.40598639
2023-11-01 05:52:00,67.66,67.71,67.67,67.67,212.70665238
2023-11-01 05:51:00,67.65,67.68,67.67,67.67,494.08706535
2023-11-01 05:50:00,67.67,67.74,67.72,67.67,77.81646229
2023-11-01 05:49:00,67.72,67.79,67.79,67.72,130.61480877
2023-11-01 05:48:00,67.77,67.81,67.8,67.78,277.17961847
2023-11-01 05:47:00,67.73,67.79,67.77,67.79,203.48977724
2023-11-01 05:46:00,67.68,67.75,67.68,67.75,162.22387691
2023-11-01 05:45:00,67.67,67.71,67.69,67.68,57.36729141
2023-11-01 05:44:00,67.63,67.68,67.63,67.68,303.20634574
2023-11-01 05:43:00,67.6,67.68,67.62,67.64,412.53093527
2023-11-01 05:42:00,67.59,67.68,67.68,67.6,698.66427132
2023-11-01 05:41:00,67.67,67.79,67.79,67.69,664.81733268
2023-11-01 05:40:00,67.82,67.88,67.88,67.82,199.32139521
2023-11-01 05:39:00,67.85,67.92,67.89,67.88,817.61320943
2023-11-01 05:38:00,67.88,67.89,67.88,67.89,12.03466103
2023-11-01 05:37:00,67.84,67.88,67.88,67.84,391.88490574
2023-11-01 05:36:00,67.82,67.9,67.83,67.88,88.42825361
2023-11-01 05:35:00,67.8,67.89,67.89,67.82,133.00935152
2023-11-01 05:34:00,67.82,67.88,67.82,67.87,195.25459353
2023-11-01 05:33:00,67.8,67.86,67.81,67.82,135.24235727
2023-11-01 05:32:00,67.82,67.84,67.84,67.82,173.39744878
2023-11-01 05:31:00,67.84,67.9,67.9,67.84,181.04180959
2023-11-01 05:30:00,67.88,67.9,67.89,67.9,356.48669027
2023-11-01 05:29:00,67.89,67.93,67.93,67.9,74.61893319
2023-11-01 05:28:00,67.89,67.94,67.93,67.93,437.7063232
2023-11-01 05:27:00,67.92,67.95,67.93,67.92,28.16841995
2023-11-01 05:26:00,67.89,67.93,67.89,67.93,90.4032577
2023-11-01 05:25:00,67.88,67.94,67.91,67.89,92.81015295
2023-11-01 05:24:00,67.82,67.89,67.83,67.89,178.0917032
2023-11-01 05:23:00,67.82,67.88,67.86,67.85,309.42591036
2023-11-01 05:22:00,67.81,67.88,67.84,67.86,83.6401442
2023-11-01 05:21:00,67.78,67.83,67.79,67.83,261.88457889
2023-11-01 05:20:00,67.75,67.84,67.76,67.81,64.05579202
2023-11-01 05:19:00,67.75,67.84,67.84,67.76,524.32636445
2023-11-01 05:18:00,67.8,67.87,67.87,67.8,209.51788901
2023-11-01 05:17:00,67.79,67.87,67.79,67.87,81.52334021
2023-11-01 05:16:00,67.77,67.85,67.85,67.79,527.09682271
2023-11-01 05:15:00,67.83,67.89,67.89,67.86,53.7865392
2023-11-01 05:14:00,67.89,67.94,67.92,67.89,276.58883552
2023-11-01 05:13:00,67.88,67.93,67.93,67.92,414.3846029
2023-11-01 05:12:00,67.89,67.93,67.9,67.93,229.43659527
2023-11-01 05:11:00,67.9,67.94,67.94,67.9,313.90265016
2023-11-01 05:10:00,67.96,68.0,68.0,67.96,530.1846634
2023-11-01 05:09:00,68.0,68.08,68.08,68.0,179.40109692
2023-11-01 05:08:00,67.98,68.09,67.98,68.09,39.02643202
2023-11-01 05:07:00,67.96,67.98,67.97,67.97,184.6160899
2023-11-01 05:06:00,67.95,68.04,67.99,67.98,415.32924483
2023-11-01 05:05:00,67.99,68.04,68.02,67.99,152.92342354
2023-11-01 05:04:00,68.03,68.06,68.05,68.03,366.6047455
2023-11-01 05:03:00,68.04,68.09,68.09,68.05,141.34829298
2023-11-01 05:02:00,68.04,68.07,68.07,68.07,388.13180779
2023-11-01 05:01:00,68.06,68.11,68.1,68.06,225.3746836
2023-11-01 05:00:00,68.12,68.2,68.2,68.12,128.42703043
2023-11-01 04:59:00,68.18,68.21,68.19,68.18,363.60869097
2023-11-01 04:58:00,68.18,68.23,68.19,68.18,131.45616695
2023-11-01 04:57:00,68.14,68.2,68.19,68.19,191.70579734
2023-11-01 04:56:00,68.08,68.18,68.13,68.18,260.48397045
2023-11-01 04:55:00,68.11,68.15,68.12,68.14,225.46481609
2023-11-01 04:54:00,68.11,68.16,68.16,68.12,406.11237464
2023-11-01 04:53:00,68.17,68.22,68.19,68.18,292.62075006
2023-11-01 04:52:00,68.19,68.25,68.25,68.19,124.9375596
2023-11-01 04:51:00,68.24,68.28,68.25,68.25,327.33068858
2023-11-01 04:50:00,68.24,68.27,68.27,68.24,48.85170879
2023-11-01 04:49:00,68.27,68.35,68.33,68.27,62.86501136
2023-11-01 04:48:00,68.29,68.34,68.29,68.33,273.35651533
2023-11-01 04:47:00,68.28,68.32,68.31,68.28,73.82345499
2023-11-01 04:46:00,68.26,68.32,68.27,68.32,323.85898302
2023-11-01 04:45:00,68.26,68.3,68.3,68.26,45.33044443
2023-11-01 04:44:00,68.29,68.3,68.3,68.3,163.10488586
2023-11-01 04:43:00,68.28,68.31,68.3,68.3,149.20070886
2023-11-01 04:42:00,68.3,68.36,68.36,68.3,181.72377424
2023-11-01 04:41:00,68.33,68.36,68.33,68.36,231.79725544
2023-11-01 04:40:00,68.31,68.35,68.32,68.34,217.70265629
2023-11-01 04:39:00,68.31,68.36,68.36,68.31,32.26268082
2023-11-01 04:38:00,68.28,68.34,68.3,68.34,190.48660249
2023-11-01 04:37:00,68.3,68.31,68.31,68.3,27.40975482
2023-11-01 04:36:00,68.31,68.34,68.34,68.31,13.68269633
2023-11-01 04:35:00,68.3,68.33,68.31,68.32,4.99268985
2023-11-01 04:34:00,68.27,68.3,68.29,68.27,53.26080283
2023-11-01 04:33:00,68.21,68.26,68.21,68.26,437.8536315
2023-11-01 04:32:00,68.19,68.21,68.21,68.21,126.38519054
2023-11-01 04:31:00,68.18,68.23,68.18,68.22,138.74369915
2023-11-01 04:30:00,68.18,68.2,68.2,68.18,64.4971354
2023-11-01 04:29:00,68.18,68.23,68.23,68.19,215.68451073
2023-11-01 04:28:00,68.23,68.25,68.25,68.23,42.64026002
2023-11-01 04:27:00,68.26,68.29,68.27,68.26,160.98454337
2023-11-01 04:26:00,68.27,68.27,68.27,68.27,33.63056582
2023-11-01 04:25:00,68.28,68.32,68.3,68.28,124.38025025
2023-11-01 14:25:00,67.85,67.91,67.9,67.91,95.48643578
2023-11-01 14:24:00,67.91,67.96,67.96,67.91,3.67241105
2023-11-01 14:23:00,67.88,67.95,67.88,67.92,228.17771987
2023-11-01 14:22:00,67.89,67.93,67.92,67.89,81.78152677
2023-11-01 14:21:00,67.86,67.94,67.88,67.94,1.26929584
2023-11-01 14:20:00,67.82,67.9,67.86,67.89,18.24032932
2023-11-01 14:19:00,67.86,67.88,67.86,67.86,9.97431516
2023-11-01 14:18:00,67.87,67.94,67.94,67.87,5.75371818
2023-11-01 14:17:00,67.91,67.98,67.91,67.93,203.7293875
2023-11-01 14:16:00,67.85,67.9,67.85,67.88,32.74074995
2023-11-01 14:15:00,67.78,67.84,67.83,67.84,33.56858553
2023-11-01 14:14:00,67.79,67.83,67.8,67.8,98.96210377
2023-11-01 14:13:00,67.71,67.83,67.74,67.8,76.68140722
2023-11-01 14:12:00,67.66,67.69,67.66,67.69,33.16242816
2023-11-01 14:11:00,67.64,67.71,67.7,67.64,110.42579238
2023-11-01 14:10:00,67.74,67.8,67.75,67.74,542.85312375
2023-11-01 14:09:00,67.72,67.75,67.73,67.74,9.69923514
2023-11-01 14:08:00,67.66,67.76,67.66,67.76,39.84780444
2023-11-01 14:07:00,67.67,67.75,67.71,67.67,135.22047148
2023-11-01 14:06:00,67.67,67.73,67.67,67.73,24.31836366
2023-11-01 14:05:00,67.66,67.71,67.71,67.67,28.29159478
2023-11-01 14:04:00,67.72,67.72,67.72,67.72,17.87500585
2023-11-01 14:03:00,67.74,67.81,67.81,67.77,26.92652357
2023-11-01 14:02:00,67.8,67.82,67.81,67.82,42.11998766
2023-11-01 14:01:00,67.77,67.85,67.78,67.85,19.10573723
2023-11-01 14:00:00,67.8,67.91,67.8,67.8,183.00144497
2023-11-01 13:59:00,67.75,67.79,67.77,67.77,35.95986193
2023-11-01 13:58:00,67.68,67.79,67.72,67.76,527.41529065
2023-11-01 13:57:00,67.63,67.74,67.63,67.71,305.40679453
2023-11-01 13:56:00,67.62,67.68,67.65,67.66,505.72562364
2023-11-01 13:55:00,67.59,67.66,67.63,67.65,82.91469499
2023-11-01 13:54:00,67.65,67.71,67.7,67.65,195.28953346
2023-11-01 13:53:00,67.59,67.69,67.64,67.69,103.41196689
2023-11-01 13:52:00,67.57,67.66,67.57,67.65,43.39321653
2023-11-01 13:51:00,67.54,67.58,67.57,67.55,4.76744304
2023-11-01 13:50:00,67.35,67.53,67.35,67.53,68.6831733
2023-11-01 13:49:00,67.28,67.37,67.34,67.37,176.83289746
2023-11-01 13:48:00,67.07,67.5,67.49,67.31,521.04424543
2023-11-01 13:47:00,67.43,67.59,67.57,67.48,275.31467161
2023-11-01 13:46:00,67.58,67.68,67.66,67.58,65.36120387
2023-11-01 13:45:00,67.58,67.73,67.72,67.65,127.43288463
2023-11-01 13:44:00,67.67,67.88,67.88,67.71,458.7069976
2023-11-01 13:43:00,67.73,67.86,67.76,67.84,160.98187566
2023-11-01 13:42:00,67.69,67.76,67.73,67.75,45.05759418
2023-11-01 13:41:00,67.72,67.81,67.73,67.72,93.60128228
2023-11-01 13:40:00,67.67,67.85,67.85,67.75,184.93719764
2023-11-01 13:39:00,67.82,67.91,67.91,67.83,25.98495573
2023-11-01 13:38:00,67.83,67.91,67.86,67.88,65.83349448
2023-11-01 13:37:00,67.84,67.96,67.93,67.85,114.12952573
2023-11-01 13:36:00,67.94,67.95,67.95,67.94,10.70307735
2023-11-01 13:35:00,67.76,67.91,67.82,67.91,129.71991579
2023-11-01 13:34:00,67.71,67.85,67.8,67.84,37.38118479
2023-11-01 13:33:00,67.73,67.94,67.75,67.81,42.44009117
2023-11-01 13:32:00,67.77,67.9,67.82,67.83,340.24159423
2023-11-01 13:31:00,67.32,67.85,67.85,67.8,2216.8348394
2023-11-01 13:30:00,67.86,68.15,68.15,67.86,192.98414796
2023-11-01 13:29:00,68.01,68.19,68.17,68.09,1252.44849841
2023-11-01 13:28:00,68.17,68.38,68.38,68.17,140.73322887
2023-11-01 13:27:00,68.28,68.4,68.37,68.31,58.09490181
2023-11-01 13:26:00,68.31,68.45,68.45,68.37,165.20896725
2023-11-01 13:25:00,68.33,68.46,68.34,68.44,86.97872012
2023-11-01 13:24:00,68.26,68.45,68.44,68.36,578.3970544
2023-11-01 13:23:00,68.42,68.52,68.5,68.43,91.75033961
2023-11-01 13:22:00,68.51,68.8,68.73,68.52,623.65781831
2023-11-01 13:21:00,68.65,68.82,68.7,68.73,513.31503289
2023-11-01 13:20:00,68.59,68.67,68.6,68.64,194.91287216
2023-11-01 13:19:00,68.57,68.62,68.58,68.6,369.10959517
2023-11-01 13:18:00,68.51,68.57,68.55,68.55,228.02865802
2023-11-01 13:17:00,68.5,68.55,68.5,68.55,223.54027948
2023-11-01 13:16:00,68.46,68.5,68.49,68.49,113.20353786
2023-11-01 13:15:00,68.47,68.51,68.48,68.5,173.3712527
2023-11-01 13:14:00,68.36,68.44,68.36,68.44,189.62103113
2023-11-01 13:13:00,68.25,68.4,68.26,68.36,2016.96729471
2023-11-01 13:12:00,68.2,68.28,68.23,68.23,598.20538716
2023-11-01 13:11:00,68.23,68.37,68.37,68.25,209.27062283
2023-11-01 13:10:00,68.28,68.38,68.28,68.38,15.35993024
2023-11-01 13:09:00,68.24,68.25,68.24,68.25,13.2991219
2023-11-01 13:08:00,68.22,68.27,68.27,68.24,53.39102516
2023-11-01 13:07:00,68.24,68.28,68.28,68.27,254.71246286
2023-11-01 13:06:00,68.23,68.37,68.37,68.29,339.94745336
2023-11-01 13:05:00,68.4,68.48,68.48,68.4,1442.89692608
2023-11-01 13:04:00,68.49,68.58,68.51,68.49,219.27531466
2023-11-01 13:03:00,68.52,68.57,68.52,68.53,19.67191579
2023-11-01 13:02:00,68.35,68.52,68.35,68.51,51.21224135
2023-11-01 13:01:00,68.31,68.4,68.31,68.37,68.3232806
2023-11-01 13:00:00,68.26,68.42,68.42,68.28,125.07644614
2023-11-01 12:59:00,68.34,68.47,68.46,68.4,549.95486572
2023-11-01 12:58:00,68.48,68.54,68.51,68.48,13.41983229
2023-11-01 12:57:00,68.5,68.62,68.58,68.5,39.65936202
2023-11-01 12:56:00,68.5,68.57,68.52,68.55,125.76093178
2023-11-01 12:55:00,68.4,68.5,68.4,68.5,124.30441428
2023-11-01 12:54:00,68.34,68.52,68.35,68.43,569.67575235
2023-11-01 12:53:00,68.25,68.38,68.25,68.36,366.48527563
2023-11-01 12:52:00,68.22,68.26,68.25,68.26,169.54148174
2023-11-01 12:51:00,68.16,68.24,68.16,68.24,53.57849858
2023-11-01 12:50:00,68.07,68.17,68.1,68.17,72.60152374
2023-11-01 12:49:00,68.01,68.09,68.03,68.08,72.9186859
2023-11-01 12:48:00,68.03,68.04,68.03,68.04,2.73649175
2023-11-01 12:47:00,68.0,68.03,68.03,68.02,23.5716911
2023-11-01 12:46:00,67.97,68.02,67.97,68.0,16.20184016
2023-11-01 12:45:00,67.9,67.99,67.9,67.99,6.52217287
2023-11-01 12:44:00,67.86,67.89,67.88,67.86,9.43076653
2023-11-01 12:43:00,67.87,67.92,67.92,67.88,43.91048404
2023-11-01 12:42:00,67.89,67.92,67.89,67.9,41.34641688
2023-11-01 12:41:00,67.92,68.02,67.99,67.92,52.34221313
2023-11-01 12:40:00,67.9,67.97,67.94,67.94,159.30883178
2023-11-01 12:39:00,67.92,68.0,68.0,67.92,57.34786712
2023-11-01 12:38:00,67.89,67.99,67.89,67.99,76.00953707
2023-11-01 12:37:00,67.82,67.91,67.82,67.89,158.41019823
2023-11-01 12:36:00,67.75,67.83,67.78,67.83,46.71471225
2023-11-01 12:35:00,67.77,67.8,67.79,67.8,4.63002376
2023-11-01 12:34:00,67.7,67.75,67.7,67.75,47.82237103
2023-11-01 12:33:00,67.68,67.71,67.68,67.69,4.27978553
2023-11-01 12:32:00,67.68,67.71,67.71,67.69,4.19825158
2023-11-01 12:31:00,67.62,67.71,67.62,67.7,89.94153
2023-11-01 12:30:00,67.57,67.69,67.68,67.59,32.13538557
2023-11-01 12:29:00,67.61,67.68,67.61,67.67,42.64270413
2023-11-01 12:28:00,67.61,67.63,67.61,67.63,17.6776285
2023-11-01 12:27:00,67.59,67.62,67.62,67.61,28.54211565
2023-11-01 12:26:00,67.62,67.65,67.64,67.62,51.86054763
2023-11-01 12:25:00,67.65,67.71,67.71,67.65,157.10039613
2023-11-01 12:24:00,67.66,67.73,67.66,67.73,4.22602987
2023-11-01 12:23:00,67.65,67.71,67.71,67.67,50.91528299
2023-11-01 12:22:00,67.7,67.75,67.73,67.7,29.98971329
2023-11-01 12:21:00,67.76,67.8,67.8,67.77,124.54158061
2023-11-01 12:20:00,67.82,67.88,67.88,67.82,17.80087831
2023-11-01 12:19:00,67.9,67.92,67.92,67.9,7.14452114
2023-11-01 12:18:00,67.93,67.95,67.93,67.93,12.3461252
2023-11-01 12:17:00,67.9,67.95,67.95,67.93,24.41868943
2023-11-01 12:16:00,67.88,67.96,67.88,67.96,9.13828007
2023-11-01 12:15:00,67.89,67.95,67.95,67.89,19.28384999
2023-11-01 12:14:00,67.89,67.91,67.89,67.91,14.86263245
2023-11-01 12:13:00,67.9,67.92,67.9,67.91,11.52504529
2023-11-01 12:12:00,67.9,67.91,67.9,67.9,3.82874779
2023-11-01 12:11:00,67.88,67.91,67.89,67.88,114.35874873
2023-11-01 12:10:00,67.88,67.91,67.89,67.9,237.71285059
2023-11-01 12:09:00,67.86,67.89,67.87,67.88,122.25278497
2023-11-01 12:08:00,67.86,67.89,67.86,67.88,255.24222568
2023-11-01 12:07:00,67.87,67.99,67.99,67.87,608.03710886
2023-11-01 12:06:00,67.98,67.99,67.99,67.99,2.91969724
2023-11-01 12:05:00,67.99,68.01,68.0,68.01,13.9649024
2023-11-01 12:04:00,67.99,68.02,67.99,68.02,6.98327866
2023-11-01 12:03:00,67.98,68.01,67.99,67.99,7.4164844
2023-11-01 12:02:00,67.95,67.99,67.95,67.99,6.1736014
2023-11-01 12:01:00,67.92,67.95,67.93,67.95,22.51576097
2023-11-01 12:00:00,67.9,68.0,68.0,67.9,102.91117308
2023-11-01 11:59:00,68.0,68.06,68.03,68.01,133.0202708
2023-11-01 11:58:00,68.01,68.04,68.01,68.04,12.51941933
2023-11-01 11:57:00,68.0,68.03,68.03,68.01,40.6056423
2023-11-01 11:56:00,68.01,68.03,68.01,68.02,11.12665872
2023-11-01 11:55:00,67.97,68.04,67.97,68.01,192.24386759
2023-11-01 11:54:00,67.95,67.98,67.95,67.97,14.52709517
2023-11-01 11:53:00,67.93,67.96,67.96,67.93,9.73206542
2023-11-01 11:52:00,67.91,67.93,67.91,67.93,9.07217373
2023-11-01 11:51:00,67.87,67.93,67.87,67.92,135.9447342
2023-11-01 11:50:00,67.83,67.89,67.89,67.87,88.5354743
2023-11-01 11:49:00,67.84,67.87,67.84,67.87,36.11213256
2023-11-01 11:48:00,67.84,67.85,67.84,67.84,41.48345438
2023-11-01 11:47:00,67.8,67.86,67.8,67.84,15.87604983
2023-11-01 11:46:00,67.81,67.86,67.86,67.81,77.23210142
2023-11-01 11:45:00,67.88,67.91,67.91,67.88,50.65401035
2023-11-01 11:44:00,67.92,67.93,67.93,67.93,4.96029007
2023-11-01 11:43:00,67.89,67.93,67.91,67.92,14.54689955
2023-11-01 11:42:00,67.87,67.93,67.87,67.93,2.3375366
2023-11-01 11:41:00,67.85,67.92,67.92,67.85,106.09972577
2023-11-01 11:40:00,67.9,67.94,67.9,67.94,12.77634972
2023-11-01 11:39:00,67.88,67.89,67.89,67.89,2.51998635
2023-11-01 11:38:00,67.88,67.89,67.89,67.89,3.44904675
2023-11-01 11:37:00,67.84,67.88,67.88,67.88,62.13658204
2023-11-01 11:36:00,67.87,67.92,67.89,67.91,92.4458218
2023-11-01 11:35:00,67.86,67.91,67.86,67.87,265.91360475
2023-11-01 11:34:00,67.83,67.88,67.84,67.86,18.85945845
2023-11-01 11:32:00,67.76,67.82,67.81,67.82,76.70431972
2023-11-01 11:31:00,67.82,67.85,67.82,67.83,17.39243309
2023-11-01 11:30:00,67.8,67.82,67.8,67.82,1.33295855
2023-11-01 11:29:00,67.8,67.85,67.85,67.8,34.98644778
2023-11-01 11:28:00,67.79,67.86,67.79,67.85,192.21748867
2023-11-01 11:27:00,67.72,67.78,67.77,67.75,18.75252175
2023-11-01 11:26:00,67.76,67.78,67.76,67.78,11.06641852
2023-11-01 11:25:00,67.76,67.83,67.81,67.76,142.29914775
2023-11-01 11:24:00,67.73,67.83,67.73,67.82,48.32620569
2023-11-01 11:23:00,67.71,67.73,67.71,67.73,48.95094265
2023-11-01 11:22:00,67.69,67.73,67.69,67.71,9.69913154
2023-11-01 11:21:00,67.67,67.7,67.7,67.69,12.11457969
2023-11-01 11:20:00,67.66,67.68,67.67,67.68,66.43004543
2023-11-01 11:19:00,67.67,67.78,67.78,67.68,129.93996533
2023-11-01 11:18:00,67.71,67.78,67.71,67.78,216.45484979
2023-11-01 11:17:00,67.7,67.73,67.7,67.71,28.40170533
2023-11-01 11:16:00,67.7,67.76,67.76,67.7,44.10003103
2023-11-01 11:15:00,67.76,67.78,67.77,67.76,54.13766354
2023-11-01 11:14:00,67.78,67.81,67.8,67.8,425.18539096
2023-11-01 11:13:00,67.78,67.83,67.83,67.8,179.84370892
2023-11-01 11:12:00,67.83,67.86,67.85,67.83,119.54088047
2023-11-01 11:11:00,67.85,67.87,67.86,67.85,37.90369639
2023-11-01 11:10:00,67.81,67.87,67.85,67.87,77.45557895
2023-11-01 11:09:00,67.82,67.85,67.84,67.84,21.17193258
2023-11-01 11:08:00,67.82,67.85,67.82,67.85,2.52216624
2023-11-01 11:07:00,67.82,67.87,67.84,67.82,20.14631195
2023-11-01 11:06:00,67.84,67.86,67.84,67.84,7.9818997
2023-11-01 11:04:00,67.82,67.84,67.84,67.82,39.12145481
2023-11-01 11:03:00,67.73,67.8,67.73,67.8,5.36851606
2023-11-01 11:02:00,67.69,67.77,67.77,67.71,62.52371553
2023-11-01 11:01:00,67.73,67.77,67.73,67.76,35.29504079
2023-11-01 11:00:00,67.66,67.73,67.69,67.73,50.19130129
2023-11-01 10:59:00,67.68,67.73,67.71,67.71,187.94213603
2023-11-01 10:58:00,67.67,67.73,67.73,67.69,3.26136001
2023-11-01 10:57:00,67.71,67.74,67.72,67.72,114.08774083
2023-11-01 10:56:00,67.7,67.71,67.7,67.71,2.33653609
2023-11-01 10:55:00,67.61,67.7,67.62,67.7,40.2726724
2023-11-01 10:54:00,67.63,67.73,67.63,67.68,95.82115562
2023-11-01 10:53:00,67.62,67.69,67.69,67.62,0.68106868
2023-11-01 10:52:00,67.72,67.75,67.75,67.72,20.97086791
2023-11-01 10:51:00,67.75,67.79,67.79,67.76,43.31953753
2023-11-01 10:50:00,67.75,67.77,67.75,67.76,61.24498394
2023-11-01 10:49:00,67.69,67.73,67.69,67.73,0.58584318
2023-11-01 10:48:00,67.64,67.71,67.67,67.68,59.58323916
2023-11-01 10:47:00,67.65,67.74,67.71,67.65,38.51514189
2023-11-01 10:46:00,67.67,67.75,67.75,67.71,104.13879535
2023-11-01 10:45:00,67.75,67.8,67.78,67.75,51.71850964
2023-11-01 10:44:00,67.79,67.82,67.82,67.79,19.51229695
2023-11-01 10:43:00,67.83,67.87,67.87,67.83,13.12775502
2023-11-01 10:42:00,67.87,67.92,67.92,67.87,7.16291014
2023-11-01 10:41:00,67.9,67.92,67.91,67.92,48.97515087
2023-11-01 10:40:00,67.79,67.9,67.82,67.9,47.69221769
2023-11-01 10:39:00,67.81,67.85,67.85,67.81,0.09314038
2023-11-01 10:38:00,67.82,67.85,67.85,67.85,8.33620396
2023-11-01 10:37:00,67.8,67.85,67.84,67.83,71.95328786
2023-11-01 10:36:00,67.86,67.91,67.91,67.88,82.74841626
2023-11-01 10:35:00,67.9,67.92,67.91,67.91,46.59616371
2023-11-01 10:34:00,67.91,67.96,67.96,67.91,21.60607165
2023-11-01 10:33:00,67.94,67.98,67.97,67.94,283.86120751
2023-11-01 10:32:00,68.01,68.02,68.02,68.01,16.06206792
2023-11-01 10:31:00,68.04,68.06,68.04,68.04,0.42698478
2023-11-01 10:30:00,68.01,68.06,68.04,68.05,86.61744303
2023-11-01 10:29:00,68.03,68.07,68.07,68.06,2.71511914
2023-11-01 10:28:00,68.06,68.12,68.12,68.07,69.84495248
2023-11-01 10:27:00,68.09,68.13,68.1,68.11,57.82314729
2023-11-01 10:26:00,68.05,68.11,68.07,68.09,55.77405218
2023-11-01 10:25:00,67.99,68.08,68.06,68.07,508.85835988
2023-11-01 10:24:00,68.08,68.1,68.1,68.08,13.66693744
2023-11-01 10:23:00,68.08,68.1,68.08,68.08,1.38902651
2023-11-01 10:22:00,68.08,68.1,68.1,68.08,32.78172027
2023-11-01 10:21:00,68.1,68.12,68.12,68.1,0.67626294
2023-11-01 10:20:00,68.09,68.11,68.11,68.09,6.19105414
2023-11-01 10:18:00,68.12,68.12,68.12,68.12,1.7448702
2023-11-01 10:17:00,68.11,68.13,68.13,68.11,70.09993604
2023-11-01 10:16:00,68.13,68.17,68.17,68.14,37.54251627
2023-11-01 10:15:00,68.14,68.17,68.14,68.17,7.43422421
2023-11-01 10:14:00,68.13,68.17,68.17,68.14,30.66092049
2023-11-01 10:13:00,68.16,68.18,68.18,68.16,0.50190181
2023-11-01 10:12:00,68.16,68.19,68.17,68.19,14.14910955
2023-11-01 10:11:00,68.16,68.19,68.18,68.17,16.10736204
2023-11-01 10:10:00,68.2,68.21,68.21,68.2,1.02631504
2023-11-01 10:09:00,68.17,68.21,68.17,68.21,21.87344992
2023-11-01 10:08:00,68.13,68.19,68.19,68.14,44.01941155
2023-11-01 10:07:00,68.2,68.21,68.2,68.2,3.26462757
2023-11-01 10:06:00,68.2,68.2,68.2,68.2,18.00326772
2023-11-01 10:05:00,68.19,68.22,68.19,68.2,6.37704947
2023-11-01 10:04:00,68.16,68.2,68.16,68.2,41.31342139
2023-11-01 10:03:00,68.16,68.2,68.19,68.16,101.30849044
2023-11-01 10:02:00,68.2,68.25,68.25,68.2,229.75768784
2023-11-01 10:01:00,68.26,68.3,68.3,68.27,35.75091698
2023-11-01 10:00:00,68.26,68.29,68.29,68.26,40.49772115
2023-11-01 09:59:00,68.26,68.28,68.26,68.26,9.10815767
2023-11-01 09:58:00,68.24,68.25,68.24,68.25,122.6597474
2023-11-01 09:57:00,68.21,68.24,68.21,68.24,383.75763814
2023-11-01 09:56:00,68.2,68.21,68.21,68.2,0.89148864
2023-11-01 09:55:00,68.19,68.23,68.19,68.22,19.64150022
2023-11-01 09:54:00,68.16,68.21,68.16,68.2,385.26607694
2023-11-01 09:53:00,68.14,68.15,68.14,68.15,9.50669625
2023-11-01 09:52:00,68.15,68.17,68.17,68.16,1.99523556
2023-11-01 09:51:00,68.15,68.19,68.19,68.15,16.20439877
2023-11-01 09:50:00,68.17,68.2,68.18,68.18,17.13696681
2023-11-01 09:48:00,68.17,68.19,68.19,68.17,80.92876725
2023-11-01 09:47:00,68.21,68.22,68.22,68.21,13.64376872
2023-11-01 09:46:00,68.2,68.22,68.21,68.21,15.96227554
2023-11-01 09:45:00,68.19,68.21,68.21,68.21,14.75356552
2023-11-01 09:44:00,68.19,68.22,68.22,68.2,11.13529456
2023-11-01 09:43:00,68.19,68.23,68.19,68.23,28.32267703
2023-11-01 09:42:00,68.19,68.23,68.19,68.21,38.96587701
2023-11-01 09:41:00,68.19,68.23,68.2,68.2,23.66348254
2023-11-01 09:40:00,68.19,68.21,68.21,68.19,3.1003605
2023-11-01 09:39:00,68.2,68.21,68.21,68.21,3.16082932
2023-11-01 09:38:00,68.19,68.23,68.21,68.23,45.18766546
2023-11-01 09:37:00,68.19,68.23,68.23,68.19,99.39193331
2023-11-01 09:36:00,68.22,68.24,68.23,68.22,4.1791567
2023-11-01 09:35:00,68.22,68.24,68.22,68.23,1.64796363
2023-11-01 09:34:00,68.21,68.23,68.21,68.22,581.49077364
2023-11-01 09:32:00,68.12,68.18,68.12,68.18,20.65906798
2023-11-01 09:31:00,68.08,68.13,68.13,68.11,87.38620772
2023-11-01 09:30:00,68.13,68.19,68.19,68.13,70.98356499
2023-11-01 09:29:00,68.14,68.19,68.14,68.19,117.16125041
2023-11-01 09:27:00,68.07,68.09,68.09,68.09,10.47808748
2023-11-01 09:26:00,68.07,68.1,68.1,68.09,73.77604677
2023-11-01 09:25:00,68.11,68.13,68.13,68.11,13.7238728
2023-11-01 19:25:00,68.36,68.45,68.38,68.36,114.36157809
2023-11-01 19:24:00,68.32,68.37,68.37,68.33,10.9502833
2023-11-01 19:23:00,68.3,68.38,68.33,68.38,15.5248369
2023-11-01 19:22:00,68.26,68.32,68.26,68.32,34.51857712
2023-11-01 19:21:00,68.22,68.28,68.26,68.24,56.53003712
2023-11-01 19:20:00,68.15,68.24,68.17,68.24,32.45429262
2023-11-01 19:19:00,68.12,68.22,68.12,68.17,78.01288544
2023-11-01 19:18:00,68.02,68.11,68.08,68.11,196.20347563
2023-11-01 19:17:00,68.0,68.08,68.0,68.08,80.85822409
2023-11-01 19:16:00,67.94,68.04,67.94,67.99,79.17894912
2023-11-01 19:15:00,67.9,67.96,67.94,67.93,143.4164638
2023-11-01 19:14:00,67.96,68.02,68.0,67.96,45.31198574
2023-11-01 19:13:00,67.99,68.11,68.11,68.03,126.21483393
2023-11-01 19:12:00,68.13,68.26,68.26,68.15,119.89420731
2023-11-01 19:11:00,68.21,68.27,68.27,68.25,49.2853573
2023-11-01 19:10:00,68.2,68.28,68.24,68.24,193.01583664
2023-11-01 19:09:00,68.24,68.3,68.3,68.24,34.03802157
2023-11-01 19:08:00,68.21,68.25,68.23,68.25,62.13194383
2023-11-01 19:07:00,68.22,68.35,68.35,68.22,223.87209431
2023-11-01 19:06:00,68.21,68.36,68.25,68.35,133.01990983
2023-11-01 19:05:00,68.25,68.39,68.37,68.26,251.75765168
2023-11-01 19:04:00,68.32,68.42,68.41,68.38,51.56398956
2023-11-01 19:03:00,68.34,68.43,68.42,68.4,91.7312976
2023-11-01 19:02:00,68.26,68.43,68.32,68.41,315.48613608
2023-11-01 19:01:00,68.27,68.38,68.3,68.33,214.72036206
2023-11-01 19:00:00,68.17,68.31,68.19,68.29,32.44521497
2023-11-01 18:59:00,68.12,68.23,68.23,68.16,30.09778257
2023-11-01 18:58:00,68.21,68.27,68.21,68.24,14.67628354
2023-11-01 18:57:00,68.17,68.24,68.24,68.22,270.69420585
2023-11-01 18:56:00,68.07,68.23,68.07,68.22,62.51075572
2023-11-01 18:55:00,67.98,68.06,67.98,68.06,132.14090405
2023-11-01 18:54:00,67.93,68.01,67.97,67.93,41.99307571
2023-11-01 18:53:00,67.94,67.99,67.99,67.96,80.16034909
2023-11-01 18:52:00,67.87,67.97,67.87,67.97,67.39589518
2023-11-01 18:51:00,67.84,67.92,67.87,67.9,25.15891679
2023-11-01 18:50:00,67.74,67.9,67.77,67.89,169.67103641
2023-11-01 18:49:00,67.63,67.83,67.72,67.82,172.77748553
2023-11-01 18:48:00,67.76,67.93,67.93,67.76,379.03747874
2023-11-01 18:47:00,67.88,67.99,67.9,67.94,212.08604635
2023-11-01 18:46:00,67.87,68.03,67.99,67.91,158.97153998
2023-11-01 18:45:00,67.89,67.99,67.9,67.97,79.60385443
2023-11-01 18:44:00,67.81,67.91,67.86,67.9,47.35089848
2023-11-01 18:43:00,67.73,67.94,67.73,67.87,1480.41740179
2023-11-01 18:42:00,67.66,67.98,67.98,67.78,362.68668931
2023-11-01 18:41:00,67.98,68.1,68.1,67.98,233.09488448
2023-11-01 18:40:00,68.14,68.29,68.23,68.14,46.86508864
2023-11-01 18:39:00,68.09,68.28,68.2,68.24,327.94837551
2023-11-01 18:38:00,68.21,68.54,68.38,68.23,977.65453629
2023-11-01 18:37:00,68.34,68.61,68.47,68.37,531.00773882
2023-11-01 18:36:00,68.34,68.49,68.37,68.47,118.61483875
2023-11-01 18:35:00,68.29,68.4,68.35,68.38,433.81977748
2023-11-01 18:34:00,68.26,68.35,68.27,68.34,148.19611001
2023-11-01 18:33:00,68.07,68.26,68.07,68.25,681.76520858
2023-11-01 18:32:00,68.02,68.09,68.02,68.05,24.06280129
2023-11-01 18:31:00,67.84,67.97,67.95,67.97,138.30927212
2023-11-01 18:30:00,67.93,68.0,67.97,67.95,23.14081711
2023-11-01 18:29:00,67.92,68.0,68.0,67.95,89.59673731
2023-11-01 18:28:00,68.0,68.08,68.0,68.02,186.11342009
2023-11-01 18:27:00,67.91,68.0,67.91,68.0,79.32362171
2023-11-01 18:26:00,67.86,67.92,67.89,67.92,32.77671835
2023-11-01 18:25:00,67.85,67.89,67.86,67.88,64.10363992
2023-11-01 18:24:00,67.84,67.89,67.85,67.88,26.97237067
2023-11-01 18:23:00,67.86,67.91,67.9,67.89,95.03025083
2023-11-01 18:22:00,67.8,67.89,67.8,67.88,42.34872486
2023-11-01 18:21:00,67.83,67.89,67.85,67.83,136.71395237
2023-11-01 18:20:00,67.79,67.86,67.8,67.85,53.25559802
2023-11-01 18:19:00,67.76,67.83,67.76,67.77,57.57994769
2023-11-01 18:18:00,67.69,67.76,67.69,67.75,78.73649995
2023-11-01 18:17:00,67.66,67.71,67.71,67.69,93.88605058
2023-11-01 18:16:00,67.57,67.71,67.65,67.71,230.74966199
2023-11-01 18:15:00,67.62,67.74,67.74,67.64,58.86810902
2023-11-01 18:14:00,67.68,67.76,67.7,67.7,46.9693364
2023-11-01 18:13:00,67.66,67.73,67.71,67.7,250.3321263
2023-11-01 18:12:00,67.63,67.73,67.67,67.7,126.20908774
2023-11-01 18:11:00,67.56,67.66,67.57,67.66,55.48780778
2023-11-01 18:10:00,67.49,67.57,67.5,67.57,243.20299922
2023-11-01 18:09:00,67.43,67.5,67.43,67.5,675.04460346
2023-11-01 18:08:00,67.38,67.46,67.38,67.41,429.4896047
2023-11-01 18:07:00,67.39,67.42,67.42,67.39,291.28784075
2023-11-01 18:06:00,67.38,67.45,67.41,67.42,38.76408668
2023-11-01 18:05:00,67.39,67.46,67.44,67.43,57.4727228
2023-11-01 18:04:00,67.37,67.47,67.45,67.47,28.75867969
2023-11-01 18:03:00,67.35,67.46,67.4,67.45,237.8247312
2023-11-01 18:02:00,67.24,67.4,67.24,67.4,166.38136127
2023-11-01 18:01:00,67.18,67.49,67.44,67.22,84.03356316
2023-11-01 18:00:00,67.31,67.45,67.39,67.45,249.76761794
2023-11-01 17:59:00,67.28,67.42,67.28,67.36,109.97538637
2023-11-01 17:58:00,67.27,67.38,67.32,67.3,134.88278618
2023-11-01 17:57:00,67.26,67.34,67.26,67.31,142.77717523
2023-11-01 17:56:00,67.18,67.26,67.25,67.26,221.24820226
2023-11-01 17:55:00,67.23,67.33,67.33,67.25,183.75675614
2023-11-01 17:54:00,67.3,67.37,67.34,67.35,57.92863623
2023-11-01 17:53:00,67.21,67.33,67.21,67.31,27.59029091
2023-11-01 17:52:00,67.2,67.26,67.23,67.2,99.11380055
2023-11-01 17:51:00,67.18,67.24,67.18,67.24,9.30595419
2023-11-01 17:50:00,67.17,67.2,67.2,67.19,11.53029299
2023-11-01 17:49:00,67.16,67.2,67.2,67.2,38.97717565
2023-11-01 17:48:00,67.18,67.23,67.18,67.2,28.03859518
2023-11-01 17:47:00,67.14,67.18,67.14,67.18,9.97596675
2023-11-01 17:46:00,67.13,67.18,67.13,67.14,17.93332444
2023-11-01 17:45:00,67.13,67.21,67.21,67.13,36.15256061
2023-11-01 17:44:00,67.2,67.23,67.21,67.21,29.68009184
2023-11-01 17:43:00,67.12,67.22,67.14,67.2,177.33115455
2023-11-01 17:42:00,67.11,67.22,67.22,67.11,392.33803291
2023-11-01 17:41:00,67.14,67.21,67.14,67.21,121.81211992
2023-11-01 17:40:00,67.08,67.13,67.11,67.13,65.57237165
2023-11-01 17:39:00,67.11,67.16,67.16,67.12,74.8825295
2023-11-01 17:38:00,67.14,67.23,67.23,67.17,36.18687396
2023-11-01 17:37:00,67.23,67.29,67.27,67.25,50.49821061
2023-11-01 17:36:00,67.18,67.27,67.18,67.26,85.31190124
2023-11-01 17:35:00,67.14,67.18,67.14,67.18,43.11797513
2023-11-01 17:33:00,67.09,67.14,67.09,67.14,51.67909975
2023-11-01 17:32:00,67.08,67.12,67.1,67.08,49.59268453
2023-11-01 17:31:00,67.04,67.21,67.21,67.1,261.40048817
2023-11-01 17:30:00,67.18,67.25,67.2,67.21,38.216284
2023-11-01 17:29:00,67.18,67.32,67.31,67.18,140.1863492
2023-11-01 17:28:00,67.28,67.31,67.29,67.3,5.62707713
2023-11-01 17:27:00,67.24,67.27,67.25,67.27,17.37798591
2023-11-01 17:26:00,67.11,67.26,67.12,67.26,120.66179287
2023-11-01 17:25:00,67.12,67.16,67.16,67.12,7.49016086
2023-11-01 17:24:00,67.13,67.18,67.18,67.15,7.02765199
2023-11-01 17:23:00,67.15,67.21,67.21,67.19,263.06925202
2023-11-01 17:22:00,67.22,67.27,67.23,67.22,25.53671741
2023-11-01 17:21:00,67.18,67.23,67.18,67.22,66.92007233
2023-11-01 17:20:00,67.17,67.25,67.18,67.17,98.24366949
2023-11-01 17:19:00,67.18,67.27,67.27,67.2,48.98261751
2023-11-01 17:18:00,67.17,67.27,67.19,67.27,55.04640973
2023-11-01 17:17:00,67.17,67.2,67.2,67.19,6.99150973
2023-11-01 17:16:00,67.22,67.27,67.26,67.22,37.2290133
2023-11-01 17:15:00,67.24,67.27,67.27,67.26,60.1553945
2023-11-01 17:14:00,67.24,67.29,67.24,67.29,18.19706966
2023-11-01 17:13:00,67.23,67.28,67.27,67.23,332.61805969
2023-11-01 17:12:00,67.22,67.26,67.25,67.26,80.84043735
2023-11-01 17:11:00,67.16,67.25,67.18,67.25,31.70305539
2023-11-01 17:10:00,67.14,67.18,67.15,67.16,45.77459209
2023-11-01 17:09:00,67.12,67.15,67.13,67.15,96.45030554
2023-11-01 17:08:00,67.16,67.2,67.17,67.16,2.54084261
2023-11-01 17:07:00,67.16,67.22,67.16,67.22,54.71311962
2023-11-01 17:06:00,67.1,67.14,67.13,67.14,50.86607286
2023-11-01 17:05:00,67.02,67.12,67.05,67.12,274.06889683
2023-11-01 17:04:00,67.05,67.16,67.14,67.05,73.59117324
2023-11-01 17:03:00,67.13,67.18,67.15,67.15,168.52417949
2023-11-01 17:02:00,67.13,67.17,67.13,67.17,71.79607786
2023-11-01 17:01:00,67.09,67.15,67.12,67.12,124.16974203
2023-11-01 17:00:00,67.11,67.14,67.14,67.11,3.20885341
2023-11-01 16:59:00,67.11,67.18,67.13,67.12,33.35468194
2023-11-01 16:58:00,67.08,67.17,67.08,67.15,68.48736214
2023-11-01 16:57:00,67.07,67.11,67.1,67.09,16.01099957
2023-11-01 16:56:00,67.07,67.09,67.09,67.09,6.77788514
2023-11-01 16:55:00,67.09,67.15,67.14,67.09,27.05879975
2023-11-01 16:54:00,67.1,67.16,67.12,67.13,17.54024988
2023-11-01 16:53:00,67.06,67.15,67.06,67.13,50.19547747
2023-11-01 16:52:00,67.07,67.08,67.07,67.07,7.8392122
2023-11-01 16:51:00,67.03,67.07,67.04,67.06,23.57079506
2023-11-01 16:50:00,67.02,67.08,67.05,67.05,112.78230967
2023-11-01 16:49:00,67.0,67.1,67.03,67.03,158.72488093
2023-11-01 16:48:00,67.01,67.05,67.02,67.04,234.08827415
2023-11-01 16:47:00,66.95,66.99,66.95,66.99,15.18585166
2023-11-01 16:46:00,66.89,66.96,66.96,66.93,64.36228021
2023-11-01 16:45:00,66.96,67.0,66.97,66.98,25.28026975
2023-11-01 16:44:00,66.95,66.98,66.97,66.96,44.82190919
2023-11-01 16:43:00,66.95,67.04,67.03,66.96,41.57574523
2023-11-01 16:42:00,66.89,67.05,66.96,67.03,327.08398669
2023-11-01 16:41:00,66.87,66.96,66.9,66.96,88.24261527
2023-11-01 16:40:00,66.91,67.01,67.0,66.92,168.91995171
2023-11-01 16:39:00,66.98,67.06,67.06,66.98,62.0041281
2023-11-01 16:38:00,67.07,67.14,67.07,67.07,79.23756204
2023-11-01 16:37:00,67.07,67.25,67.23,67.07,223.45915603
2023-11-01 16:36:00,67.21,67.27,67.21,67.23,169.44026699
2023-11-01 16:35:00,67.19,67.22,67.22,67.2,42.36286586
2023-11-01 16:34:00,67.19,67.22,67.2,67.22,2.63930028
2023-11-01 16:33:00,67.14,67.2,67.19,67.18,212.6281169
2023-11-01 16:32:00,67.11,67.16,67.12,67.14,11.75071613
2023-11-01 16:31:00,67.12,67.19,67.17,67.12,20.78870132
2023-11-01 16:30:00,67.1,67.17,67.1,67.17,146.50430213
2023-11-01 16:29:00,67.07,67.1,67.08,67.1,60.83042891
2023-11-01 16:28:00,67.06,67.09,67.09,67.08,6.2046742
2023-11-01 16:27:00,67.03,67.09,67.07,67.08,107.28220444
2023-11-01 16:26:00,67.0,67.08,67.01,67.07,59.34753981
2023-11-01 16:25:00,66.98,67.04,67.04,67.01,55.60946102
2023-11-01 16:24:00,67.04,67.07,67.05,67.07,40.05363972
2023-11-01 16:23:00,66.97,67.05,67.01,67.04,25.8388489
2023-11-01 16:22:00,66.98,67.05,67.05,67.02,54.63084663
2023-11-01 16:21:00,67.03,67.06,67.06,67.03,65.14276828
2023-11-01 16:20:00,67.0,67.08,67.0,67.08,102.95452157
2023-11-01 16:19:00,66.98,67.02,67.0,67.02,16.64229935
2023-11-01 16:18:00,66.94,67.02,66.94,67.01,199.07601855
2023-11-01 16:17:00,66.9,66.96,66.93,66.93,65.64641302
2023-11-01 16:16:00,66.87,66.94,66.88,66.92,19.82199573
2023-11-01 16:15:00,66.9,66.96,66.96,66.9,46.20280553
2023-11-01 16:14:00,66.91,66.96,66.91,66.94,19.37879299
2023-11-01 16:13:00,66.89,66.93,66.89,66.93,17.29116271
2023-11-01 16:12:00,66.85,66.93,66.91,66.89,57.79993888
2023-11-01 16:11:00,66.91,66.98,66.96,66.91,79.71962696
2023-11-01 16:10:00,66.86,66.97,66.86,66.96,412.98727508
2023-11-01 16:09:00,66.81,66.86,66.82,66.85,10.53354323
2023-11-01 16:08:00,66.8,66.83,66.83,66.82,57.73630545
2023-11-01 16:07:00,66.73,66.83,66.73,66.83,129.4031483
2023-11-01 16:06:00,66.69,66.75,66.74,66.71,37.2922129
2023-11-01 16:05:00,66.61,66.71,66.7,66.69,215.40132928
2023-11-01 16:04:00,66.7,66.78,66.74,66.73,108.52535373
2023-11-01 16:03:00,66.79,66.84,66.84,66.8,56.84420888
2023-11-01 16:02:00,66.8,66.83,66.83,66.83,5.84841811
2023-11-01 16:01:00,66.75,66.84,66.83,66.81,116.57241877
2023-11-01 16:00:00,66.79,66.85,66.83,66.83,43.94558692
2023-11-01 15:59:00,66.82,66.85,66.84,66.84,34.18241066
2023-11-01 15:58:00,66.83,66.89,66.89,66.84,47.18482103
2023-11-01 15:57:00,66.91,66.98,66.98,66.91,49.27495434
2023-11-01 15:56:00,66.95,66.99,66.95,66.96,6.42162896
2023-11-01 15:55:00,66.89,66.98,66.9,66.96,271.13215182
2023-11-01 15:54:00,66.88,66.95,66.91,66.88,37.14355633
2023-11-01 15:53:00,66.81,66.88,66.82,66.88,48.66847479
2023-11-01 15:52:00,66.7,66.83,66.7,66.81,57.72946803
2023-11-01 15:51:00,66.69,66.82,66.82,66.7,204.36454371
2023-11-01 15:50:00,66.81,66.9,66.88,66.81,121.64029306
2023-11-01 15:49:00,66.88,66.95,66.92,66.88,12.55385768
2023-11-01 15:48:00,66.92,66.99,66.98,66.95,42.23922498
2023-11-01 15:47:00,66.89,67.0,66.9,67.0,23.89311379
2023-11-01 15:46:00,66.88,66.96,66.9,66.91,37.74447826
2023-11-01 15:45:00,66.85,66.94,66.85,66.94,41.39019429
2023-11-01 15:44:00,66.83,66.88,66.88,66.83,74.58256476
2023-11-01 15:43:00,66.84,66.91,66.84,66.86,48.00396098
2023-11-01 15:42:00,66.85,66.96,66.92,66.86,7.0762032
2023-11-01 15:41:00,66.9,67.0,66.99,66.9,80.66992816
2023-11-01 15:40:00,66.94,67.0,66.96,66.99,250.47345412
2023-11-01 15:39:00,66.96,67.02,66.99,66.96,35.236566
2023-11-01 15:38:00,66.97,67.04,67.04,66.97,13.85721594
2023-11-01 15:37:00,66.94,67.04,66.94,67.04,80.03081741
2023-11-01 15:36:00,66.94,67.06,67.0,66.95,73.00174602
2023-11-01 15:35:00,66.86,67.0,66.87,67.0,26.59445408
2023-11-01 15:34:00,66.81,66.87,66.83,66.87,128.95067605
2023-11-01 15:33:00,66.8,66.84,66.82,66.81,115.03936961
2023-11-01 15:32:00,66.83,66.95,66.94,66.86,257.53245273
2023-11-01 15:31:00,66.92,67.03,67.03,66.94,41.05076471
2023-11-01 15:30:00,66.93,67.03,66.94,67.03,7.74665398
2023-11-01 15:29:00,66.93,66.95,66.95,66.93,52.82914111
2023-11-01 15:28:00,67.0,67.11,67.1,67.0,20.52240565
2023-11-01 15:27:00,67.01,67.12,67.03,67.11,17.9256353
2023-11-01 15:26:00,66.99,67.05,66.99,67.05,73.98865425
2023-11-01 15:25:00,66.93,67.02,67.02,66.96,78.78780526
2023-11-01 15:24:00,66.96,67.02,66.96,67.02,216.47557709
2023-11-01 15:23:00,66.94,66.99,66.96,66.96,68.10807351
2023-11-01 15:22:00,66.96,67.0,66.99,66.96,239.04125639
2023-11-01 15:21:00,66.99,67.04,67.04,67.01,37.37026901
2023-11-01 15:20:00,67.03,67.11,67.11,67.03,62.63055181
2023-11-01 15:19:00,67.07,67.11,67.07,67.11,7.01510155
2023-11-01 15:18:00,67.06,67.12,67.07,67.1,14.88746639
2023-11-01 15:17:00,67.01,67.07,67.01,67.04,70.60399898
2023-11-01 15:16:00,66.96,67.03,67.0,66.96,11.97756857
2023-11-01 15:15:00,66.92,66.99,66.99,66.97,45.29157396
2023-11-01 15:14:00,66.94,67.02,66.96,67.0,1.28926005
2023-11-01 15:13:00,66.91,66.95,66.94,66.93,133.71148089
2023-11-01 15:12:00,66.92,67.0,67.0,66.94,140.14383056
2023-11-01 15:11:00,67.02,67.08,67.08,67.02,54.68535294
2023-11-01 15:10:00,67.04,67.16,67.08,67.16,9.26424927
2023-11-01 15:09:00,67.04,67.19,67.15,67.04,412.05166612
2023-11-01 15:08:00,67.13,67.18,67.15,67.18,63.45760466
2023-11-01 15:07:00,67.09,67.17,67.13,67.15,33.80640234
2023-11-01 15:06:00,67.02,67.21,67.05,67.14,195.7425293
2023-11-01 15:05:00,66.96,67.05,66.99,67.05,35.94000376
2023-11-01 15:04:00,67.0,67.11,67.02,67.0,444.38137259
2023-11-01 15:03:00,66.96,67.05,66.97,67.05,163.78379314
2023-11-01 15:02:00,66.87,66.98,66.88,66.98,85.65113694
2023-11-01 15:01:00,66.86,66.93,66.92,66.9,144.10461134
2023-11-01 15:00:00,66.79,66.88,66.84,66.87,115.54882892
2023-11-01 14:59:00,66.84,66.91,66.91,66.85,28.39213317
2023-11-01 14:58:00,66.87,66.97,66.87,66.94,321.57916098
2023-11-01 14:57:00,66.64,66.86,66.7,66.86,627.2328739
2023-11-01 14:56:00,66.56,66.75,66.73,66.64,1015.25803695
2023-11-01 14:55:00,66.55,66.85,66.82,66.72,286.45041189
2023-11-01 14:54:00,66.75,66.84,66.81,66.83,303.84079687
2023-11-01 14:53:00,66.53,66.79,66.65,66.79,776.64761489
2023-11-01 14:52:00,66.65,66.97,66.97,66.65,165.75010989
2023-11-01 14:51:00,66.95,67.08,67.01,66.95,307.41162785
2023-11-01 14:50:00,66.94,67.1,67.05,66.99,767.2950241
2023-11-01 14:49:00,66.55,67.4,67.34,67.05,4714.48322912
2023-11-01 14:48:00,67.36,67.59,67.58,67.37,625.63490792
2023-11-01 14:47:00,67.53,67.68,67.68,67.54,73.43305914
2023-11-01 14:46:00,67.68,67.72,67.71,67.68,2.37672468
2023-11-01 14:45:00,67.74,67.82,67.82,67.77,5.36595537
2023-11-01 14:44:00,67.78,67.87,67.87,67.84,310.78015706
2023-11-01 14:43:00,67.87,67.9,67.87,67.87,26.32108486
2023-11-01 14:42:00,67.87,67.94,67.94,67.88,25.31420314
2023-11-01 14:41:00,67.89,67.94,67.91,67.94,44.59098387
2023-11-01 14:40:00,67.84,67.91,67.84,67.88,160.97138169
2023-11-01 14:39:00,67.79,67.83,67.81,67.83,46.03913554
2023-11-01 14:38:00,67.79,67.87,67.87,67.79,63.58346907
2023-11-01 14:37:00,67.76,67.87,67.77,67.87,120.41620563
2023-11-01 14:36:00,67.74,67.78,67.76,67.78,175.08625611
2023-11-01 14:35:00,67.72,67.81,67.77,67.72,12.13371735
2023-11-01 14:34:00,67.72,67.78,67.72,67.76,13.82033039
2023-11-01 14:33:00,67.7,67.76,67.7,67.71,57.8950486
2023-11-01 14:32:00,67.67,67.72,67.67,67.72,0.4036256
2023-11-01 14:31:00,67.6,67.65,67.62,67.63,109.23360111
2023-11-01 14:30:00,67.67,67.76,67.76,67.67,788.34318891
2023-11-01 14:29:00,67.67,67.76,67.67,67.76,85.70274003
2023-11-01 14:28:00,67.65,67.81,67.81,67.65,376.60187255
2023-11-01 14:27:00,67.8,67.85,67.81,67.82,69.07861658
2023-11-01 14:26:00,67.84,67.95,67.92,67.84,46.24728399
2023-11-01 14:25:00,67.85,67.91,67.9,67.91,95.48643578
2023-11-02 00:25:00,70.02,70.07,70.04,70.06,211.80337009
2023-11-02 00:24:00,70.05,70.07,70.05,70.06,174.82588623
2023-11-02 00:23:00,69.95,70.08,69.97,70.07,480.25993955
2023-11-02 00:22:00,69.94,69.97,69.96,69.94,21.97828275
2023-11-02 00:21:00,69.89,69.96,69.89,69.96,102.38668511
2023-11-02 00:20:00,69.88,69.95,69.92,69.91,192.78239392
2023-11-02 00:19:00,69.88,69.93,69.88,69.93,139.31456921
2023-11-02 00:18:00,69.84,69.92,69.92,69.87,199.53552411
2023-11-02 00:17:00,69.86,69.92,69.91,69.92,32.85573008
2023-11-02 00:16:00,69.91,70.0,70.0,69.91,33.8543722
2023-11-02 00:15:00,69.97,70.04,70.0,69.97,54.05225738
2023-11-02 00:14:00,69.94,69.98,69.94,69.98,22.0070041
2023-11-02 00:13:00,69.93,70.05,70.02,69.95,145.51824323
2023-11-02 00:12:00,69.94,70.04,69.97,70.02,147.58754561
2023-11-02 00:11:00,69.97,70.01,69.98,69.97,93.79285048
2023-11-02 00:10:00,69.83,69.97,69.84,69.97,76.72792836
2023-11-02 00:09:00,69.8,69.91,69.91,69.85,570.65841752
2023-11-02 00:08:00,69.92,70.03,70.0,69.92,319.25010188
2023-11-02 00:07:00,69.96,70.01,69.96,70.0,260.6489183
2023-11-02 00:06:00,69.92,69.97,69.93,69.97,312.01666896
2023-11-02 00:05:00,69.92,70.01,69.97,69.94,538.94632693
2023-11-02 00:04:00,69.95,69.99,69.95,69.97,174.83399434
2023-11-02 00:03:00,69.96,70.05,70.04,69.97,385.39786276
2023-11-02 00:02:00,69.99,70.07,70.07,70.04,685.95680893
2023-11-02 00:01:00,69.99,70.08,69.99,70.07,1115.3818845
2023-11-02 00:00:00,69.94,70.05,69.96,70.01,750.77401071
2023-11-01 23:59:00,69.95,69.98,69.97,69.97,234.83193159
2023-11-01 23:58:00,69.94,69.98,69.98,69.97,155.58582119
2023-11-01 23:57:00,69.91,69.98,69.91,69.98,120.03603603
2023-11-01 23:56:00,69.83,69.91,69.89,69.91,768.87599548
2023-11-01 23:55:00,69.87,69.89,69.87,69.89,81.88246795
2023-11-01 23:54:00,69.87,69.91,69.89,69.88,35.18093907
2023-11-01 23:53:00,69.9,69.93,69.93,69.91,94.35006045
2023-11-01 23:52:00,69.91,69.93,69.92,69.93,11.71042665
2023-11-01 23:51:00,69.89,69.94,69.89,69.94,195.08535644
2023-11-01 23:50:00,69.86,69.89,69.88,69.88,38.19242699
2023-11-01 23:49:00,69.86,69.88,69.87,69.87,50.24699522
2023-11-01 23:48:00,69.86,69.88,69.88,69.88,107.19914681
2023-11-01 23:47:00,69.85,69.93,69.93,69.88,65.94387287
2023-11-01 23:46:00,69.92,69.93,69.93,69.92,29.14244617
2023-11-01 23:45:00,69.83,69.95,69.86,69.92,209.81227229
2023-11-01 23:44:00,69.82,69.86,69.82,69.85,89.46916769
2023-11-01 23:43:00,69.77,69.82,69.77,69.82,70.92272119
2023-11-01 23:42:00,69.73,69.76,69.74,69.75,118.64265499
2023-11-01 23:41:00,69.72,69.77,69.77,69.75,152.74861881
2023-11-01 23:40:00,69.74,69.78,69.76,69.77,62.36162148
2023-11-01 23:39:00,69.73,69.76,69.74,69.76,10.65395301
2023-11-01 23:38:00,69.73,69.77,69.73,69.74,191.52825285
2023-11-01 23:37:00,69.7,69.74,69.73,69.73,128.04555283
2023-11-01 23:36:00,69.73,69.77,69.77,69.74,49.94951613
2023-11-01 23:35:00,69.76,69.79,69.77,69.77,53.88997878
2023-11-01 23:34:00,69.76,69.79,69.79,69.78,50.72440619
2023-11-01 23:33:00,69.74,69.83,69.81,69.75,129.39607475
2023-11-01 23:32:00,69.79,69.87,69.82,69.8,216.33275977
2023-11-01 23:31:00,69.81,69.88,69.88,69.82,84.95477936
2023-11-01 23:30:00,69.87,69.88,69.88,69.88,31.81026232
2023-11-01 23:29:00,69.85,69.88,69.85,69.86,30.50054608
2023-11-01 23:28:00,69.83,69.89,69.83,69.85,18.47557469
2023-11-01 23:27:00,69.83,69.91,69.91,69.85,34.48809201
2023-11-01 23:26:00,69.89,69.92,69.9,69.91,24.34557681
2023-11-01 23:25:00,69.84,69.9,69.84,69.89,79.80958532
2023-11-01 23:24:00,69.83,69.92,69.87,69.83,57.02518312
2023-11-01 23:23:00,69.78,69.87,69.84,69.87,34.86573173
2023-11-01 23:22:00,69.82,69.87,69.87,69.82,69.13051392
2023-11-01 23:21:00,69.79,69.92,69.84,69.9,346.21773536
2023-11-01 23:20:00,69.79,69.87,69.79,69.85,98.45257187
2023-11-01 23:19:00,69.74,69.79,69.77,69.79,144.47158519
2023-11-01 23:18:00,69.79,69.87,69.83,69.79,126.9999782
2023-11-01 23:17:00,69.81,69.98,69.98,69.81,387.91951363
2023-11-01 23:16:00,69.83,69.98,69.83,69.97,85.42137721
2023-11-01 23:15:00,69.83,69.91,69.86,69.83,176.41308155
2023-11-01 23:14:00,69.81,69.86,69.83,69.86,83.85263773
2023-11-01 23:13:00,69.85,69.9,69.9,69.85,42.7790362
2023-11-01 23:12:00,69.86,69.94,69.94,69.9,20.34453033
2023-11-01 23:11:00,69.94,70.02,69.99,69.97,215.89692379
2023-11-01 23:10:00,69.98,70.05,70.0,69.99,185.85361072
2023-11-01 23:09:00,70.0,70.1,70.1,70.0,240.44672431
2023-11-01 23:08:00,70.07,70.1,70.08,70.09,8.46460951
2023-11-01 23:07:00,69.97,70.1,69.97,70.08,235.93090641
2023-11-01 23:06:00,69.98,70.03,69.99,69.99,355.07908608
2023-11-01 23:05:00,69.93,69.99,69.96,69.99,47.50883641
2023-11-01 23:04:00,69.91,69.97,69.93,69.97,6.99133822
2023-11-01 23:03:00,69.78,69.89,69.78,69.86,179.64055199
2023-11-01 23:02:00,69.79,69.94,69.94,69.79,81.35511479
2023-11-01 23:01:00,69.82,69.96,69.82,69.93,120.78331448
2023-11-01 23:00:00,69.83,69.95,69.89,69.83,80.92272041
2023-11-01 22:59:00,69.78,69.87,69.79,69.87,736.86946759
2023-11-01 22:58:00,69.78,69.81,69.8,69.8,87.84487425
2023-11-01 22:57:00,69.77,69.8,69.79,69.79,23.57381235
2023-11-01 22:56:00,69.78,69.87,69.87,69.79,324.0734944
2023-11-01 22:55:00,69.82,69.86,69.82,69.86,59.02950198
2023-11-01 22:54:00,69.83,69.86,69.83,69.83,9.49765739
2023-11-01 22:53:00,69.82,69.85,69.85,69.84,45.89601441
2023-11-01 22:52:00,69.86,69.92,69.89,69.87,36.83760079
2023-11-01 22:51:00,69.85,69.94,69.87,69.9,40.43051632
2023-11-01 22:50:00,69.85,69.96,69.96,69.85,150.05409652
2023-11-01 22:49:00,69.95,69.98,69.95,69.97,9.8770869
2023-11-01 22:48:00,69.94,69.99,69.99,69.95,17.65588929
2023-11-01 22:47:00,70.0,70.06,70.06,70.0,40.52712858
2023-11-01 22:46:00,69.97,70.06,69.99,70.06,30.30166038
2023-11-01 22:45:00,69.91,69.97,69.95,69.97,77.06081888
2023-11-01 22:44:00,69.83,69.93,69.85,69.93,382.99643235
2023-11-01 22:43:00,69.79,69.85,69.81,69.85,97.98590737
2023-11-01 22:42:00,69.8,69.85,69.81,69.82,56.61611858
2023-11-01 22:41:00,69.81,69.85,69.84,69.82,98.32198129
2023-11-01 22:40:00,69.83,69.87,69.86,69.84,365.3454986
2023-11-01 22:39:00,69.8,69.88,69.86,69.86,371.74633637
2023-11-01 22:38:00,69.84,69.89,69.85,69.88,116.92863619
2023-11-01 22:37:00,69.84,69.89,69.89,69.87,109.8959712
2023-11-01 22:36:00,69.85,69.91,69.89,69.91,111.0889426
2023-11-01 22:35:00,69.88,69.94,69.92,69.88,86.1074411
2023-11-01 22:34:00,69.86,69.92,69.88,69.91,22.38345743
2023-11-01 22:33:00,69.87,69.91,69.91,69.88,38.7100667
2023-11-01 22:32:00,69.9,69.98,69.98,69.9,241.72020421
2023-11-01 22:31:00,69.96,70.01,69.97,69.98,205.60124586
2023-11-01 22:30:00,69.9,69.99,69.9,69.94,708.54260492
2023-11-01 22:29:00,69.88,69.93,69.9,69.9,408.38782452
2023-11-01 22:28:00,69.89,69.95,69.9,69.9,124.57298509
2023-11-01 22:27:00,69.87,69.97,69.94,69.9,886.45311326
2023-11-01 22:26:00,69.93,70.04,70.01,69.95,720.36737846
2023-11-01 22:25:00,69.99,70.11,70.11,70.01,485.61935909
2023-11-01 22:24:00,70.08,70.15,70.08,70.11,417.53974382
2023-11-01 22:23:00,69.97,70.1,70.01,70.08,860.26056183
2023-11-01 22:22:00,69.95,70.03,70.03,70.02,818.12596247
2023-11-01 22:21:00,70.03,70.18,70.17,70.03,581.03575985
2023-11-01 22:20:00,70.15,70.28,70.24,70.16,874.78972871
2023-11-01 22:19:00,70.21,70.24,70.22,70.24,66.20956073
2023-11-01 22:18:00,70.19,70.22,70.2,70.21,13.07307576
2023-11-01 22:17:00,70.06,70.21,70.08,70.19,204.56987101
2023-11-01 22:16:00,70.04,70.11,70.1,70.08,324.13022668
2023-11-01 22:15:00,70.11,70.2,70.17,70.11,439.08671273
2023-11-01 22:14:00,70.13,70.19,70.13,70.16,60.35876515
2023-11-01 22:13:00,70.06,70.17,70.17,70.13,796.04362984
2023-11-01 22:12:00,70.08,70.17,70.08,70.17,692.61121704
2023-11-01 22:11:00,70.03,70.07,70.05,70.06,300.02681933
2023-11-01 22:10:00,70.05,70.08,70.05,70.05,23.28157
2023-11-01 22:09:00,70.05,70.11,70.08,70.08,33.53370586
2023-11-01 22:08:00,70.01,70.08,70.07,70.05,205.87897075
2023-11-01 22:07:00,70.03,70.11,70.09,70.05,725.84542526
2023-11-01 22:06:00,70.06,70.2,70.08,70.08,258.14314376
2023-11-01 22:05:00,70.07,70.29,70.28,70.1,1164.6342067
2023-11-01 22:04:00,70.27,70.46,70.41,70.29,322.99532826
2023-11-01 22:03:00,70.32,70.44,70.36,70.41,219.95728072
2023-11-01 22:02:00,70.31,70.49,70.39,70.34,855.51623878
2023-11-01 22:01:00,70.31,70.39,70.32,70.39,215.50812286
2023-11-01 22:00:00,70.27,70.34,70.28,70.31,221.82459111
2023-11-01 21:59:00,70.23,70.31,70.29,70.27,51.40358316
2023-11-01 21:58:00,70.24,70.29,70.24,70.27,621.97571503
2023-11-01 21:57:00,70.1,70.23,70.13,70.22,371.61879778
2023-11-01 21:56:00,70.06,70.13,70.06,70.13,25.00468783
2023-11-01 21:55:00,70.02,70.05,70.02,70.05,59.41088762
2023-11-01 21:54:00,70.04,70.09,70.08,70.05,300.18372986
2023-11-01 21:53:00,70.07,70.1,70.1,70.08,103.78947934
2023-11-01 21:52:00,70.1,70.14,70.12,70.1,256.07532664
2023-11-01 21:51:00,70.11,70.13,70.13,70.13,19.17033909
2023-11-01 21:50:00,70.12,70.14,70.12,70.13,23.66709332
2023-11-01 21:49:00,70.07,70.14,70.08,70.13,45.37055859
2023-11-01 21:48:00,70.04,70.09,70.04,70.09,61.87420016
2023-11-01 21:47:00,69.99,70.06,70.06,70.04,582.59374538
2023-11-01 21:46:00,69.96,70.06,69.96,70.03,114.043158
2023-11-01 21:45:00,69.93,70.06,70.06,69.93,330.20113301
2023-11-01 21:44:00,70.04,70.07,70.05,70.06,71.27255964
2023-11-01 21:43:00,70.03,70.11,70.11,70.05,351.26778331
2023-11-01 21:42:00,70.13,70.19,70.13,70.14,475.8805453
2023-11-01 21:41:00,70.1,70.13,70.12,70.12,191.38959466
2023-11-01 21:40:00,70.04,70.12,70.04,70.12,121.37570456
2023-11-01 21:39:00,70.0,70.04,70.01,70.03,100.84053423
2023-11-01 21:38:00,69.99,70.03,70.0,70.01,121.67174937
2023-11-01 21:37:00,69.98,70.03,70.0,69.98,232.14459584
2023-11-01 21:36:00,69.88,70.0,69.97,70.0,611.76979878
2023-11-01 21:35:00,69.95,69.98,69.97,69.98,58.96500645
2023-11-01 21:34:00,69.92,69.97,69.97,69.97,159.02354816
2023-11-01 21:33:00,69.91,69.98,69.93,69.97,34.74395668
2023-11-01 21:32:00,69.87,69.95,69.91,69.93,62.02877354
2023-11-01 21:31:00,69.88,69.93,69.9,69.91,227.18885576
2023-11-01 21:30:00,69.79,69.9,69.79,69.87,1060.7571156
2023-11-01 21:29:00,69.74,69.79,69.77,69.79,309.07584536
2023-11-01 21:28:00,69.72,69.79,69.79,69.76,38.91021904
2023-11-01 21:27:00,69.68,69.78,69.68,69.77,40.40466886
2023-11-01 21:26:00,69.63,69.69,69.63,69.69,69.95954463
2023-11-01 21:25:00,69.53,69.66,69.6,69.64,121.62481626
2023-11-01 21:24:00,69.64,69.75,69.73,69.64,464.66329892
2023-11-01 21:23:00,69.69,69.73,69.72,69.73,461.57830295
2023-11-01 21:22:00,69.72,69.86,69.85,69.72,248.10665887
2023-11-01 21:21:00,69.83,69.87,69.83,69.85,56.43654628
2023-11-01 21:20:00,69.8,69.89,69.84,69.82,122.39222739
2023-11-01 21:19:00,69.77,69.89,69.87,69.83,1334.78718626
2023-11-01 21:18:00,69.85,69.95,69.94,69.87,172.12188367
2023-11-01 21:17:00,69.9,69.97,69.94,69.97,65.90950875
2023-11-01 21:16:00,69.82,69.95,69.91,69.94,322.83904627
2023-11-01 21:15:00,69.83,69.96,69.89,69.94,216.43887713
2023-11-01 21:14:00,69.86,69.92,69.86,69.9,198.06592749
2023-11-01 21:13:00,69.79,69.87,69.85,69.87,348.57013175
2023-11-01 21:12:00,69.75,69.92,69.75,69.87,458.76923449
2023-11-01 21:11:00,69.65,69.75,69.68,69.75,90.09674116
2023-11-01 21:10:00,69.6,69.72,69.67,69.72,133.0845498
2023-11-01 21:09:00,69.43,69.64,69.54,69.64,260.72727886
2023-11-01 21:08:00,69.53,69.67,69.64,69.54,242.29574312
2023-11-01 21:07:00,69.67,69.82,69.82,69.67,111.99299603
2023-11-01 21:06:00,69.82,70.02,69.97,69.82,104.22692218
2023-11-01 21:05:00,69.87,69.99,69.92,69.93,277.41120378
2023-11-01 21:04:00,69.8,70.01,69.8,69.94,323.2932676
2023-11-01 21:03:00,69.78,69.97,69.9,69.78,224.71614474
2023-11-01 21:02:00,69.64,69.91,69.64,69.91,131.7431812
2023-11-01 21:01:00,69.61,69.79,69.73,69.62,159.94626339
2023-11-01 21:00:00,69.8,70.03,69.89,69.8,1794.91163512
2023-11-01 20:59:00,69.71,69.95,69.71,69.9,640.90631257
2023-11-01 20:58:00,69.64,69.99,69.67,69.72,1650.73207853
2023-11-01 20:57:00,69.62,69.72,69.62,69.67,192.93543737
2023-11-01 20:56:00,69.61,69.68,69.68,69.62,75.54586605
2023-11-01 20:55:00,69.56,69.69,69.57,69.68,285.46947315
2023-11-01 20:54:00,69.49,69.61,69.49,69.58,197.03083768
2023-11-01 20:53:00,69.43,69.8,69.8,69.49,659.227143
2023-11-01 20:52:00,69.74,69.8,69.8,69.74,97.8769798
2023-11-01 20:51:00,69.73,69.81,69.73,69.79,243.75579019
2023-11-01 20:50:00,69.72,69.78,69.75,69.76,105.90837969
2023-11-01 20:49:00,69.66,69.77,69.66,69.77,935.94324341
2023-11-01 20:48:00,69.57,69.68,69.63,69.67,255.65704826
2023-11-01 20:47:00,69.6,69.74,69.63,69.61,393.38543802
2023-11-01 20:46:00,69.56,69.63,69.59,69.62,290.63457701
2023-11-01 20:45:00,69.54,69.62,69.57,69.59,37.80255991
2023-11-01 20:44:00,69.49,69.59,69.49,69.56,226.19093003
2023-11-01 20:43:00,69.48,69.66,69.64,69.48,377.17698246
2023-11-01 20:42:00,69.52,69.64,69.52,69.64,137.90592097
2023-11-01 20:41:00,69.52,69.63,69.53,69.52,875.0975932
2023-11-01 20:40:00,69.47,69.56,69.47,69.52,239.63057605
2023-11-01 20:39:00,69.41,69.49,69.41,69.49,145.38294302
2023-11-01 20:38:00,69.39,69.49,69.49,69.41,716.62050427
2023-11-01 20:37:00,69.37,69.49,69.41,69.48,1212.98698589
2023-11-01 20:36:00,69.38,69.47,69.47,69.42,292.85941591
2023-11-01 20:35:00,69.4,69.5,69.4,69.47,212.9480644
2023-11-01 20:34:00,69.23,69.44,69.27,69.42,307.78711421
2023-11-01 20:33:00,69.25,69.29,69.25,69.28,531.68441471
2023-11-01 20:32:00,69.11,69.24,69.2,69.24,151.38907338
2023-11-01 20:31:00,69.12,69.23,69.12,69.22,283.14626173
2023-11-01 20:30:00,69.11,69.14,69.12,69.12,56.42153776
2023-11-01 20:29:00,69.07,69.13,69.07,69.11,113.27275283
2023-11-01 20:28:00,69.02,69.08,69.04,69.08,119.33532986
2023-11-01 20:27:00,69.0,69.07,69.04,69.06,355.10813353
2023-11-01 20:26:00,68.95,69.03,68.95,69.03,223.50634802
2023-11-01 20:25:00,68.86,68.97,68.86,68.92,62.19407355
2023-11-01 20:24:00,68.86,68.91,68.87,68.87,87.89789368
2023-11-01 20:23:00,68.89,69.02,69.02,68.89,250.31671389
2023-11-01 20:22:00,68.94,69.04,68.98,69.02,156.64656915
2023-11-01 20:21:00,68.96,69.0,68.99,68.97,282.6461656
2023-11-01 20:20:00,68.92,69.0,68.93,68.99,202.97577697
2023-11-01 20:19:00,68.89,68.94,68.94,68.91,48.41078429
2023-11-01 20:18:00,68.91,69.01,68.92,68.94,411.55084652
2023-11-01 20:17:00,68.87,68.93,68.92,68.92,147.44357614
2023-11-01 20:16:00,68.86,68.92,68.89,68.91,488.69804472
2023-11-01 20:15:00,68.82,68.9,68.82,68.89,256.45566879
2023-11-01 20:14:00,68.73,68.85,68.77,68.84,142.83396996
2023-11-01 20:13:00,68.76,68.89,68.89,68.78,262.03042592
2023-11-01 20:12:00,68.75,68.88,68.8,68.88,341.08456736
2023-11-01 20:11:00,68.69,68.82,68.71,68.82,24.95500651
2023-11-01 20:10:00,68.65,68.78,68.68,68.68,57.36663383
2023-11-01 20:09:00,68.65,68.75,68.72,68.66,50.18258304
2023-11-01 20:08:00,68.62,68.73,68.66,68.71,101.48056352
2023-11-01 20:07:00,68.65,68.72,68.69,68.65,282.09782447
2023-11-01 20:06:00,68.65,68.71,68.65,68.67,99.40401332
2023-11-01 20:05:00,68.6,68.64,68.62,68.64,156.64564343
2023-11-01 20:04:00,68.67,68.76,68.72,68.69,56.74486942
2023-11-01 20:03:00,68.7,68.81,68.81,68.74,53.44389304
2023-11-01 20:02:00,68.72,68.81,68.78,68.8,212.05616776
2023-11-01 20:01:00,68.57,68.78,68.57,68.78,504.44112715
2023-11-01 20:00:00,68.42,68.55,68.42,68.55,151.67152143
2023-11-01 19:59:00,68.38,68.45,68.43,68.43,74.60368787
2023-11-01 19:58:00,68.37,68.43,68.41,68.43,53.31525933
2023-11-01 19:57:00,68.29,68.4,68.36,68.4,376.7385561
2023-11-01 19:56:00,68.33,68.38,68.33,68.34,62.06876985
2023-11-01 19:55:00,68.22,68.34,68.22,68.34,57.96658391
2023-11-01 19:54:00,68.18,68.27,68.18,68.22,37.11195874
2023-11-01 19:53:00,68.07,68.16,68.09,68.15,61.81114042
2023-11-01 19:52:00,68.11,68.2,68.14,68.14,85.65047187
2023-11-01 19:51:00,68.12,68.31,68.31,68.16,74.55605945
2023-11-01 19:50:00,68.3,68.41,68.41,68.3,85.10807183
2023-11-01 19:49:00,68.39,68.55,68.52,68.41,213.50829406
2023-11-01 19:48:00,68.42,68.51,68.42,68.51,174.71850985
2023-11-01 19:47:00,68.31,68.42,68.31,68.42,60.91155113
2023-11-01 19:46:00,68.33,68.43,68.41,68.33,22.95225519
2023-11-01 19:45:00,68.34,68.44,68.37,68.44,98.50852937
2023-11-01 19:44:00,68.37,68.43,68.39,68.37,94.25544691
2023-11-01 19:43:00,68.3,68.39,68.3,68.38,138.87561728
2023-11-01 19:42:00,68.28,68.35,68.3,68.3,107.76595785
2023-11-01 19:41:00,68.2,68.36,68.21,68.31,80.8331821
2023-11-01 19:40:00,68.21,68.45,68.45,68.24,314.99487768
2023-11-01 19:39:00,68.32,68.42,68.38,68.42,202.97627334
2023-11-01 19:38:00,68.36,68.47,68.46,68.38,831.74889641
2023-11-01 19:37:00,68.45,68.55,68.49,68.45,409.2209262
2023-11-01 19:36:00,68.5,68.63,68.56,68.52,77.85921767
2023-11-01 19:35:00,68.5,68.54,68.53,68.54,297.3154154
2023-11-01 19:34:00,68.53,68.59,68.56,68.56,22.32661501
2023-11-01 19:33:00,68.48,68.64,68.48,68.59,705.92756195
2023-11-01 19:32:00,68.41,68.82,68.74,68.53,899.58934076
2023-11-01 19:31:00,68.64,68.77,68.74,68.74,569.23492545
2023-11-01 19:30:00,68.58,68.74,68.58,68.74,487.87606957
2023-11-01 19:29:00,68.42,68.58,68.44,68.57,143.5891204
2023-11-01 19:28:00,68.46,68.53,68.47,68.46,139.7679275
2023-11-01 19:27:00,68.34,68.49,68.34,68.46,242.10980608
2023-11-01 19:26:00,68.32,68.37,68.35,68.35,30.78183514
2023-11-01 19:25:00,68.36,68.45,68.38,68.36,114.36157809
2023-11-02 05:25:00,69.29,69.45,69.44,69.34,623.92095214
2023-11-02 05:24:00,69.41,69.53,69.51,69.44,1141.358284
2023-11-02 05:23:00,69.54,69.59,69.58,69.54,266.87983719
2023-11-02 05:22:00,69.58,69.65,69.65,69.58,120.28372605
2023-11-02 05:21:00,69.62,69.72,69.68,69.63,190.03931298
2023-11-02 05:20:00,69.67,69.71,69.7,69.69,94.48972983
2023-11-02 05:19:00,69.66,69.76,69.76,69.69,204.37259306
2023-11-02 05:18:00,69.64,69.76,69.64,69.76,113.03873702
2023-11-02 05:17:00,69.54,69.57,69.57,69.57,169.29200791
2023-11-02 05:16:00,69.44,69.57,69.46,69.54,218.6318414
2023-11-02 05:15:00,69.47,69.61,69.61,69.5,527.79893939
2023-11-02 05:14:00,69.53,69.83,69.82,69.61,634.24425062
2023-11-02 05:13:00,69.69,70.01,70.0,69.83,4701.97137323
2023-11-02 05:12:00,70.0,70.01,70.0,70.0,3472.19822306
2023-11-02 05:11:00,70.0,70.01,70.0,70.0,2098.22835889
2023-11-02 05:10:00,70.0,70.01,70.0,70.0,2537.72930296
2023-11-02 05:09:00,70.0,70.0,70.0,70.0,1067.67045545
2023-11-02 05:08:00,70.0,70.02,70.0,70.0,922.13981361
2023-11-02 05:07:00,70.0,70.01,70.0,70.01,651.66477286
2023-11-02 05:06:00,70.0,70.03,70.0,70.01,887.29564475
2023-11-02 05:05:00,70.0,70.02,70.02,70.0,2176.54700175
2023-11-02 05:04:00,70.03,70.05,70.04,70.03,69.0780083
2023-11-02 05:03:00,70.03,70.1,70.08,70.06,189.49518661
2023-11-02 05:02:00,70.0,70.07,70.02,70.07,166.38501036
2023-11-02 05:01:00,70.0,70.07,70.07,70.03,352.67768116
2023-11-02 05:00:00,70.0,70.07,70.02,70.07,132.27412265
2023-11-02 04:59:00,70.03,70.05,70.03,70.05,162.59279066
2023-11-02 04:58:00,70.02,70.07,70.02,70.05,231.76309727
2023-11-02 04:57:00,70.0,70.03,70.0,70.03,291.59527362
2023-11-02 04:56:00,70.0,70.06,70.0,70.0,438.43782581
2023-11-02 04:55:00,70.0,70.02,70.01,70.01,650.61906632
2023-11-02 04:54:00,70.0,70.03,70.03,70.0,876.43306939
2023-11-02 04:53:00,70.03,70.08,70.08,70.03,64.27610897
2023-11-02 04:52:00,70.08,70.17,70.16,70.08,70.24154331
2023-11-02 04:51:00,70.12,70.16,70.13,70.16,192.55568317
2023-11-02 04:50:00,70.11,70.13,70.12,70.13,66.20851659
2023-11-02 04:49:00,70.1,70.13,70.12,70.13,131.53056188
2023-11-02 04:48:00,70.08,70.15,70.08,70.13,128.48595989
2023-11-02 04:47:00,70.06,70.1,70.06,70.09,163.5449915
2023-11-02 04:46:00,70.04,70.1,70.07,70.04,145.03931182
2023-11-02 04:45:00,70.08,70.14,70.1,70.09,120.48230909
2023-11-02 04:44:00,70.09,70.13,70.13,70.1,94.7260742
2023-11-02 04:43:00,70.14,70.17,70.15,70.14,41.36507259
2023-11-02 04:42:00,70.12,70.17,70.17,70.15,205.9476067
2023-11-02 04:41:00,70.17,70.24,70.24,70.17,281.65929272
2023-11-02 04:40:00,70.18,70.24,70.21,70.24,95.77743943
2023-11-02 04:39:00,70.21,70.24,70.24,70.21,66.7840357
2023-11-02 04:38:00,70.17,70.26,70.23,70.24,369.40152271
2023-11-02 04:37:00,70.25,70.29,70.27,70.25,100.08910865
2023-11-02 04:36:00,70.27,70.29,70.28,70.27,75.17509076
2023-11-02 04:35:00,70.28,70.31,70.29,70.28,28.70543436
2023-11-02 04:34:00,70.27,70.34,70.34,70.29,139.17579352
2023-11-02 04:33:00,70.27,70.32,70.31,70.32,137.4315255
2023-11-02 04:32:00,70.26,70.31,70.31,70.29,127.20208134
2023-11-02 04:31:00,70.26,70.32,70.28,70.29,299.71832334
2023-11-02 04:30:00,70.25,70.29,70.27,70.27,136.08326581
2023-11-02 04:29:00,70.22,70.29,70.24,70.29,183.26716189
2023-11-02 04:28:00,70.25,70.32,70.32,70.25,161.18188146
2023-11-02 04:27:00,70.28,70.36,70.36,70.3,162.6765821
2023-11-02 04:26:00,70.3,70.36,70.3,70.36,135.5296697
2023-11-02 04:25:00,70.3,70.38,70.37,70.3,185.38571112
2023-11-02 04:24:00,70.36,70.42,70.42,70.37,53.39644353
2023-11-02 04:23:00,70.35,70.4,70.36,70.4,140.40742432
2023-11-02 04:22:00,70.31,70.41,70.31,70.37,202.98261861
2023-11-02 04:21:00,70.28,70.37,70.36,70.32,129.95420135
2023-11-02 04:20:00,70.37,70.44,70.43,70.37,115.62683272
2023-11-02 04:19:00,70.39,70.44,70.39,70.43,305.06179616
2023-11-02 04:18:00,70.38,70.52,70.52,70.39,96.6464181
2023-11-02 04:17:00,70.52,70.56,70.52,70.52,140.00771962
2023-11-02 04:16:00,70.47,70.53,70.47,70.51,143.56909827
2023-11-02 04:15:00,70.47,70.5,70.5,70.47,218.99963183
2023-11-02 04:14:00,70.47,70.51,70.51,70.49,150.56415804
2023-11-02 04:13:00,70.5,70.52,70.52,70.51,73.29271115
2023-11-02 04:12:00,70.5,70.53,70.52,70.51,211.37932565
2023-11-02 04:11:00,70.46,70.53,70.52,70.51,210.92534927
2023-11-02 04:10:00,70.38,70.53,70.41,70.5,982.79717947
2023-11-02 04:09:00,70.4,70.43,70.4,70.4,113.98528622
2023-11-02 04:08:00,70.32,70.4,70.32,70.4,162.49262629
2023-11-02 04:07:00,70.28,70.34,70.34,70.32,184.79366521
2023-11-02 04:06:00,70.35,70.48,70.42,70.35,143.72846738
2023-11-02 04:05:00,70.4,70.46,70.42,70.4,100.32404102
2023-11-02 04:04:00,70.4,70.53,70.53,70.41,735.41101651
2023-11-02 04:03:00,70.47,70.53,70.49,70.53,796.11985488
2023-11-02 04:02:00,70.45,70.49,70.48,70.49,357.90758633
2023-11-02 04:01:00,70.45,70.49,70.45,70.49,175.77103028
2023-11-02 04:00:00,70.36,70.45,70.36,70.45,926.45978226
2023-11-02 03:59:00,70.33,70.37,70.33,70.36,115.66492185
2023-11-02 03:58:00,70.33,70.36,70.35,70.33,117.4259707
2023-11-02 03:57:00,70.35,70.39,70.38,70.36,96.7469714
2023-11-02 03:56:00,70.37,70.42,70.37,70.38,130.09870125
2023-11-02 03:55:00,70.35,70.37,70.37,70.37,85.00714209
2023-11-02 03:54:00,70.33,70.37,70.34,70.37,85.76200478
2023-11-02 03:53:00,70.32,70.37,70.36,70.33,388.62750374
2023-11-02 03:52:00,70.37,70.4,70.4,70.37,58.54488975
2023-11-02 03:51:00,70.38,70.41,70.39,70.4,184.20958965
2023-11-02 03:50:00,70.36,70.41,70.41,70.39,49.38751902
2023-11-02 03:49:00,70.41,70.47,70.42,70.41,210.60258701
2023-11-02 03:48:00,70.3,70.41,70.3,70.41,309.89069442
2023-11-02 03:47:00,70.29,70.39,70.39,70.3,263.84905832
2023-11-02 03:46:00,70.38,70.51,70.49,70.38,33.29296636
2023-11-02 03:45:00,70.42,70.49,70.42,70.49,186.86462806
2023-11-02 03:44:00,70.38,70.44,70.43,70.42,880.11689169
2023-11-02 03:43:00,70.41,70.48,70.42,70.44,302.15292555
2023-11-02 03:42:00,70.41,70.53,70.48,70.42,376.98805619
2023-11-02 03:41:00,70.45,70.52,70.46,70.48,160.34772109
2023-11-02 03:40:00,70.45,70.52,70.5,70.48,156.98564595
2023-11-02 03:39:00,70.51,70.55,70.53,70.51,100.03860788
2023-11-02 03:38:00,70.53,70.66,70.66,70.53,135.58227998
2023-11-02 03:37:00,70.64,70.71,70.64,70.66,161.39681681
2023-11-02 03:36:00,70.6,70.7,70.66,70.63,624.76687487
2023-11-02 03:35:00,70.54,70.65,70.54,70.65,282.95666185
2023-11-02 03:34:00,70.54,70.57,70.56,70.54,201.30725128
2023-11-02 03:33:00,70.51,70.58,70.52,70.56,214.44827264
2023-11-02 03:32:00,70.44,70.52,70.47,70.51,368.46375371
2023-11-02 03:31:00,70.42,70.49,70.49,70.45,166.03855255
2023-11-02 03:30:00,70.45,70.56,70.55,70.48,275.9507996
2023-11-02 03:29:00,70.53,70.56,70.54,70.55,183.37890824
2023-11-02 03:28:00,70.52,70.58,70.58,70.56,367.94842687
2023-11-02 03:27:00,70.56,70.6,70.58,70.58,283.65635024
2023-11-02 03:26:00,70.56,70.65,70.6,70.58,251.0563282
2023-11-02 03:25:00,70.55,70.67,70.55,70.62,358.98468934
2023-11-02 03:24:00,70.52,70.58,70.58,70.55,302.15528647
2023-11-02 03:23:00,70.58,70.72,70.72,70.58,695.49842809
2023-11-02 03:22:00,70.7,70.8,70.78,70.73,236.09255359
2023-11-02 03:21:00,70.68,70.8,70.71,70.8,170.62054382
2023-11-02 03:20:00,70.66,70.77,70.66,70.72,407.06939379
2023-11-02 03:19:00,70.64,70.74,70.72,70.67,253.18456547
2023-11-02 03:18:00,70.53,70.78,70.53,70.73,778.29122002
2023-11-02 03:17:00,70.53,70.57,70.55,70.53,357.69377231
2023-11-02 03:16:00,70.47,70.58,70.54,70.56,260.4208781
2023-11-02 03:15:00,70.47,70.53,70.47,70.53,315.4554533
2023-11-02 03:14:00,70.43,70.52,70.49,70.49,225.55399722
2023-11-02 03:13:00,70.47,70.56,70.54,70.47,451.49178832
2023-11-02 03:12:00,70.41,70.53,70.42,70.53,760.0028481
2023-11-02 03:11:00,70.37,70.43,70.37,70.42,196.0753547
2023-11-02 03:10:00,70.32,70.38,70.36,70.38,224.7114604
2023-11-02 03:09:00,70.34,70.42,70.42,70.34,747.63331424
2023-11-02 03:08:00,70.32,70.43,70.32,70.43,345.45608584
2023-11-02 03:07:00,70.31,70.44,70.41,70.32,311.59400952
2023-11-02 03:06:00,70.26,70.42,70.39,70.42,548.85056523
2023-11-02 03:05:00,70.31,70.39,70.31,70.39,168.72294996
2023-11-02 03:04:00,70.24,70.34,70.24,70.32,387.49744267
2023-11-02 03:03:00,70.24,70.4,70.4,70.24,277.47953274
2023-11-02 03:02:00,70.34,70.4,70.35,70.39,254.90518143
2023-11-02 03:01:00,70.21,70.32,70.21,70.31,195.90324099
2023-11-02 03:00:00,70.21,70.35,70.27,70.23,290.70317355
2023-11-02 02:59:00,70.25,70.33,70.25,70.31,82.86799069
2023-11-02 02:58:00,70.2,70.28,70.25,70.23,146.3735242
2023-11-02 02:57:00,70.24,70.32,70.32,70.25,128.63114841
2023-11-02 02:56:00,70.32,70.39,70.37,70.33,275.06644334
2023-11-02 02:55:00,70.37,70.46,70.44,70.4,90.50297946
2023-11-02 02:54:00,70.4,70.44,70.41,70.44,140.446093
2023-11-02 02:53:00,70.37,70.5,70.48,70.39,311.0037148
2023-11-02 02:52:00,70.39,70.51,70.41,70.51,221.90038094
2023-11-02 02:51:00,70.35,70.44,70.36,70.41,801.10577322
2023-11-02 02:50:00,70.37,70.45,70.39,70.37,353.3730641
2023-11-02 02:49:00,70.27,70.39,70.3,70.38,307.44916897
2023-11-02 02:48:00,70.26,70.36,70.36,70.3,502.08953237
2023-11-02 02:47:00,70.22,70.4,70.25,70.33,668.29922161
2023-11-02 02:46:00,70.22,70.28,70.22,70.27,696.2124038
2023-11-02 02:45:00,70.17,70.28,70.23,70.17,170.02962764
2023-11-02 02:44:00,70.19,70.24,70.2,70.23,458.76806561
2023-11-02 02:43:00,70.13,70.19,70.13,70.18,267.9638595
2023-11-02 02:42:00,70.13,70.34,70.26,70.13,632.63786789
2023-11-02 02:41:00,70.19,70.38,70.19,70.25,565.79943347
2023-11-02 02:40:00,70.19,70.21,70.19,70.19,71.04407991
2023-11-02 02:39:00,70.17,70.22,70.17,70.19,229.67464001
2023-11-02 02:38:00,70.16,70.17,70.17,70.16,57.95892784
2023-11-02 02:37:00,70.16,70.21,70.19,70.17,99.66755892
2023-11-02 02:36:00,70.12,70.2,70.12,70.18,250.86237816
2023-11-02 02:35:00,70.09,70.15,70.15,70.12,272.69354692
2023-11-02 02:34:00,70.11,70.15,70.11,70.15,113.00032663
2023-11-02 02:33:00,70.11,70.15,70.12,70.12,107.24256184
2023-11-02 02:32:00,70.11,70.19,70.19,70.12,100.3479303
2023-11-02 02:31:00,70.1,70.19,70.1,70.19,146.3460543
2023-11-02 02:30:00,70.08,70.14,70.1,70.11,121.58175344
2023-11-02 02:29:00,70.1,70.13,70.12,70.1,91.50014207
2023-11-02 02:28:00,70.09,70.14,70.1,70.13,41.31230233
2023-11-02 02:27:00,70.06,70.1,70.06,70.1,77.56426381
2023-11-02 02:26:00,70.05,70.07,70.07,70.07,227.34169427
2023-11-02 02:25:00,70.02,70.07,70.06,70.06,220.55331569
2023-11-02 02:24:00,70.0,70.07,70.01,70.07,206.61723678
2023-11-02 02:23:00,70.0,70.01,70.01,70.01,45.4533785
2023-11-02 02:22:00,70.0,70.02,70.02,70.01,81.65854695
2023-11-02 02:21:00,70.02,70.09,70.09,70.02,305.31201101
2023-11-02 02:20:00,70.07,70.2,70.16,70.09,410.50425023
2023-11-02 02:19:00,70.11,70.16,70.11,70.15,137.11982592
2023-11-02 02:18:00,70.11,70.15,70.13,70.12,173.31993442
2023-11-02 02:17:00,70.12,70.15,70.14,70.13,237.55217191
2023-11-02 02:16:00,70.12,70.14,70.13,70.13,59.19173753
2023-11-02 02:15:00,70.03,70.11,70.04,70.11,221.29876318
2023-11-02 02:14:00,70.0,70.04,70.02,70.04,76.41201231
2023-11-02 02:13:00,70.02,70.04,70.04,70.02,33.42999687
2023-11-02 02:12:00,70.02,70.07,70.06,70.02,355.84447616
2023-11-02 02:11:00,70.05,70.07,70.05,70.05,173.21006862
2023-11-02 02:10:00,70.0,70.05,70.0,70.05,498.61496713
2023-11-02 02:09:00,70.0,70.01,70.0,70.0,96.36311439
2023-11-02 02:08:00,70.0,70.04,70.0,70.0,2326.17520753
2023-11-02 02:07:00,70.0,70.01,70.01,70.0,146.68736799
2023-11-02 02:06:00,70.0,70.03,70.01,70.0,261.08025062
2023-11-02 02:05:00,70.0,70.03,70.0,70.03,355.51837622
2023-11-02 02:04:00,70.0,70.01,70.01,70.0,440.98303815
2023-11-02 02:03:00,70.0,70.01,70.0,70.0,417.68824865
2023-11-02 02:02:00,70.0,70.03,70.03,70.01,74.84269796
2023-11-02 02:01:00,70.0,70.02,70.01,70.02,265.56497886
2023-11-02 02:00:00,70.0,70.04,70.0,70.01,258.39077944
2023-11-02 01:59:00,70.0,70.0,70.0,70.0,933.36511639
2023-11-02 01:58:00,70.0,70.01,70.01,70.0,109.84548261
2023-11-02 01:57:00,70.0,70.01,70.0,70.01,696.12322013
2023-11-02 01:56:00,70.0,70.03,70.03,70.0,398.24206936
2023-11-02 01:55:00,70.0,70.03,70.01,70.03,162.02629652
2023-11-02 01:54:00,70.0,70.01,70.0,70.0,100.56601529
2023-11-02 01:53:00,70.0,70.01,70.0,70.0,2697.72431512
2023-11-02 01:52:00,70.0,70.01,70.0,70.01,1723.79673449
2023-11-02 01:51:00,70.0,70.03,70.0,70.0,423.75364272
2023-11-02 01:50:00,70.0,70.02,70.0,70.01,150.48261237
2023-11-02 01:49:00,70.0,70.03,70.02,70.01,528.77928915
2023-11-02 01:48:00,70.0,70.04,70.02,70.03,1129.5625425
2023-11-02 01:47:00,70.03,70.09,70.09,70.04,73.46018646
2023-11-02 01:46:00,70.01,70.08,70.03,70.07,227.97339428
2023-11-02 01:45:00,70.02,70.14,70.14,70.05,190.4800937
2023-11-02 01:44:00,70.03,70.16,70.03,70.14,344.49461557
2023-11-02 01:43:00,70.01,70.07,70.07,70.03,209.27821145
2023-11-02 01:42:00,70.04,70.08,70.08,70.07,147.60488976
2023-11-02 01:41:00,70.07,70.13,70.08,70.07,254.87445982
2023-11-02 01:40:00,70.05,70.15,70.1,70.06,282.95623059
2023-11-02 01:39:00,70.07,70.14,70.11,70.11,136.83080375
2023-11-02 01:38:00,70.13,70.17,70.13,70.13,375.50453843
2023-11-02 01:37:00,70.05,70.14,70.08,70.14,587.38052526
2023-11-02 01:36:00,70.04,70.18,70.09,70.05,1160.28817657
2023-11-02 01:35:00,70.09,70.25,70.24,70.1,223.57045327
2023-11-02 01:34:00,70.19,70.24,70.24,70.23,572.81159026
2023-11-02 01:33:00,70.23,70.32,70.29,70.23,302.05668096
2023-11-02 01:32:00,70.29,70.35,70.29,70.29,171.51550334
2023-11-02 01:31:00,70.29,70.42,70.41,70.3,325.57878824
2023-11-02 01:30:00,70.41,70.54,70.53,70.41,39.02847673
2023-11-02 01:29:00,70.38,70.53,70.42,70.5,285.56248238
2023-11-02 01:28:00,70.38,70.47,70.38,70.43,224.57024287
2023-11-02 01:27:00,70.35,70.4,70.38,70.4,324.92293338
2023-11-02 01:26:00,70.38,70.48,70.48,70.39,353.13837968
2023-11-02 01:25:00,70.49,70.53,70.5,70.49,317.94662899
2023-11-02 01:24:00,70.44,70.52,70.46,70.49,377.84668211
2023-11-02 01:23:00,70.36,70.57,70.4,70.46,730.4230654
2023-11-02 01:22:00,70.38,70.45,70.44,70.38,231.17531861
2023-11-02 01:21:00,70.33,70.45,70.33,70.44,189.55216217
2023-11-02 01:20:00,70.24,70.3,70.24,70.3,277.60783803
2023-11-02 01:19:00,70.23,70.35,70.35,70.23,589.81932019
2023-11-02 01:18:00,70.31,70.39,70.31,70.37,261.39067814
2023-11-02 01:17:00,70.26,70.33,70.26,70.31,286.56715473
2023-11-02 01:16:00,70.21,70.27,70.24,70.26,304.46739928
2023-11-02 01:15:00,70.16,70.23,70.16,70.23,168.43592777
2023-11-02 01:14:00,70.08,70.16,70.1,70.16,204.83016467
2023-11-02 01:13:00,70.07,70.1,70.08,70.08,92.41550864
2023-11-02 01:12:00,70.09,70.14,70.11,70.09,116.8451516
2023-11-02 01:11:00,70.07,70.14,70.07,70.1,235.41826394
2023-11-02 01:10:00,70.07,70.12,70.12,70.07,136.61338253
2023-11-02 01:09:00,70.06,70.12,70.06,70.12,321.40238416
2023-11-02 01:08:00,70.05,70.09,70.09,70.06,284.41470904
2023-11-02 01:07:00,70.08,70.15,70.15,70.09,201.830536
2023-11-02 01:06:00,70.11,70.14,70.11,70.13,248.40650937
2023-11-02 01:05:00,70.09,70.12,70.12,70.1,200.36271702
2023-11-02 01:04:00,70.11,70.15,70.11,70.12,310.2146771
2023-11-02 01:03:00,70.09,70.14,70.13,70.12,242.09060812
2023-11-02 01:02:00,70.13,70.23,70.21,70.14,155.4573998
2023-11-02 01:01:00,70.1,70.22,70.1,70.22,355.47225827
2023-11-02 01:00:00,70.07,70.12,70.08,70.09,184.31521508
2023-11-02 00:59:00,70.08,70.12,70.11,70.08,120.11038342
2023-11-02 00:58:00,70.02,70.11,70.04,70.11,163.35063192
2023-11-02 00:57:00,69.99,70.05,69.99,70.04,154.4754737
2023-11-02 00:56:00,70.0,70.03,70.03,70.0,99.34879427
2023-11-02 00:55:00,70.01,70.08,70.08,70.03,125.64866728
2023-11-02 00:54:00,70.05,70.09,70.08,70.09,65.20076535
2023-11-02 00:53:00,70.07,70.13,70.13,70.09,103.69174628
2023-11-02 00:52:00,70.11,70.15,70.15,70.13,238.91555067
2023-11-02 00:51:00,70.07,70.15,70.07,70.15,321.83502255
2023-11-02 00:50:00,70.02,70.07,70.02,70.07,260.32755652
2023-11-02 00:49:00,69.95,70.02,69.95,70.02,304.33204911
2023-11-02 00:48:00,69.88,69.94,69.9,69.94,220.39376582
2023-11-02 00:47:00,69.87,69.92,69.87,69.91,169.02758057
2023-11-02 00:46:00,69.87,69.89,69.87,69.87,101.68639938
2023-11-02 00:45:00,69.79,69.91,69.79,69.88,363.8383621
2023-11-02 00:44:00,69.73,69.82,69.73,69.79,313.30458117
2023-11-02 00:43:00,69.73,69.78,69.74,69.73,327.06994952
2023-11-02 00:42:00,69.75,69.85,69.83,69.77,202.67694535
2023-11-02 00:41:00,69.76,69.84,69.84,69.83,223.26794334
2023-11-02 00:40:00,69.81,69.91,69.91,69.81,229.9606993
2023-11-02 00:39:00,69.75,69.91,69.78,69.91,350.7679918
2023-11-02 00:38:00,69.77,69.84,69.82,69.77,87.45316815
2023-11-02 00:37:00,69.83,69.91,69.91,69.83,54.01204411
2023-11-02 00:36:00,69.91,69.99,69.98,69.91,271.50371347
2023-11-02 00:35:00,69.99,70.08,70.03,69.99,234.87370086
2023-11-02 00:34:00,69.99,70.03,70.01,70.03,679.28807994
2023-11-02 00:33:00,70.01,70.08,70.06,70.01,188.13585902
2023-11-02 00:32:00,70.02,70.08,70.06,70.06,288.47289888
2023-11-02 00:31:00,70.02,70.12,70.03,70.08,256.42203791
2023-11-02 00:30:00,69.99,70.11,70.07,70.03,332.93965606
2023-11-02 00:29:00,70.08,70.15,70.14,70.08,170.31990961
2023-11-02 00:28:00,70.11,70.15,70.12,70.15,126.1022455
2023-11-02 00:27:00,70.05,70.13,70.05,70.11,414.89619773
2023-11-02 00:26:00,70.05,70.07,70.06,70.06,257.11521996
2023-11-02 00:25:00,70.02,70.07,70.04,70.06,211.80337009
2023-11-02 10:25:00,70.29,70.34,70.32,70.29,64.2159088
2023-11-02 10:24:00,70.31,70.33,70.31,70.32,7.26564115
2023-11-02 10:23:00,70.3,70.35,70.35,70.3,51.66104404
2023-11-02 10:22:00,70.32,70.38,70.32,70.37,14.46320625
2023-11-02 10:21:00,70.32,70.33,70.32,70.32,15.58472316
2023-11-02 10:20:00,70.27,70.33,70.31,70.27,227.34793135
2023-11-02 10:19:00,70.29,70.31,70.3,70.31,166.05959871
2023-11-02 10:18:00,70.27,70.33,70.33,70.3,576.22899602
2023-11-02 10:17:00,70.33,70.34,70.33,70.33,61.90689442
2023-11-02 10:16:00,70.3,70.34,70.33,70.32,130.71452219
2023-11-02 10:15:00,70.27,70.37,70.29,70.34,306.39388453
2023-11-02 10:14:00,70.24,70.29,70.26,70.29,249.5562761
2023-11-02 10:13:00,70.26,70.32,70.32,70.26,131.38456172
2023-11-02 10:12:00,70.23,70.32,70.27,70.32,185.07521669
2023-11-02 10:11:00,70.22,70.28,70.22,70.25,230.6151567
2023-11-02 10:10:00,70.19,70.26,70.23,70.22,215.36480455
2023-11-02 10:09:00,70.21,70.26,70.21,70.25,220.84662101
2023-11-02 10:08:00,70.18,70.22,70.22,70.21,142.22038487
2023-11-02 10:07:00,70.18,70.2,70.18,70.2,192.34423687
2023-11-02 10:06:00,70.1,70.19,70.19,70.17,260.47837178
2023-11-02 10:05:00,70.17,70.21,70.17,70.21,170.21006596
2023-11-02 10:04:00,70.13,70.15,70.14,70.15,111.61364949
2023-11-02 10:03:00,70.11,70.14,70.13,70.14,48.89565011
2023-11-02 10:02:00,70.06,70.09,70.06,70.07,24.18141902
2023-11-02 10:01:00,69.98,70.03,69.98,70.03,50.78659463
2023-11-02 10:00:00,70.01,70.13,70.12,70.01,71.48112505
2023-11-02 09:59:00,70.14,70.2,70.2,70.14,28.39387911
2023-11-02 09:58:00,70.15,70.22,70.17,70.22,19.72338083
2023-11-02 09:57:00,70.16,70.24,70.24,70.16,14.04225149
2023-11-02 09:56:00,70.19,70.24,70.21,70.23,78.17655479
2023-11-02 09:55:00,70.16,70.23,70.2,70.19,76.77065592
2023-11-02 09:54:00,70.17,70.2,70.17,70.2,48.30266653
2023-11-02 09:53:00,70.14,70.19,70.14,70.17,32.24176891
2023-11-02 09:52:00,70.1,70.19,70.1,70.17,60.30620854
2023-11-02 09:51:00,70.08,70.12,70.12,70.11,2.60866869
2023-11-02 09:50:00,70.13,70.16,70.14,70.13,59.27987404
2023-11-02 09:49:00,70.07,70.17,70.07,70.12,10.13330031
2023-11-02 09:48:00,70.04,70.13,70.13,70.07,405.30277908
2023-11-02 09:47:00,70.13,70.15,70.15,70.13,5.36002435
2023-11-02 09:46:00,70.13,70.23,70.2,70.13,42.9075601
2023-11-02 09:45:00,70.11,70.2,70.16,70.2,144.69627895
2023-11-02 09:44:00,70.11,70.17,70.11,70.17,247.65936385
2023-11-02 09:43:00,70.03,70.14,70.03,70.11,253.25146764
2023-11-02 09:42:00,69.98,70.05,70.05,70.01,75.11274323
2023-11-02 09:41:00,69.99,70.05,70.05,70.01,146.2223461
2023-11-02 09:40:00,69.93,70.12,69.93,70.01,1126.32245341
2023-11-02 09:39:00,69.91,69.94,69.92,69.93,77.88173273
2023-11-02 09:38:00,69.78,69.93,69.8,69.93,669.61448645
2023-11-02 09:37:00,69.8,69.82,69.81,69.82,9.51500956
2023-11-02 09:36:00,69.8,69.84,69.81,69.83,10.38130605
2023-11-02 09:35:00,69.81,69.89,69.89,69.81,173.80136422
2023-11-02 09:34:00,69.86,69.91,69.89,69.91,30.25036808
2023-11-02 09:33:00,69.89,69.93,69.93,69.89,31.65408118
2023-11-02 09:32:00,69.86,69.93,69.9,69.91,405.62698217
2023-11-02 09:31:00,69.86,69.89,69.86,69.88,2.06546534
2023-11-02 09:30:00,69.86,69.9,69.87,69.89,20.45036404
2023-11-02 09:29:00,69.88,69.91,69.9,69.88,32.54130521
2023-11-02 09:28:00,69.88,69.93,69.91,69.88,221.7854599
2023-11-02 09:27:00,69.86,69.91,69.87,69.91,45.10681057
2023-11-02 09:26:00,69.83,69.88,69.84,69.88,252.15497639
2023-11-02 09:25:00,69.84,69.88,69.84,69.86,49.84731001
2023-11-02 09:24:00,69.82,69.84,69.82,69.84,42.22417664
2023-11-02 09:23:00,69.75,69.8,69.75,69.8,16.20113386
2023-11-02 09:22:00,69.68,69.75,69.71,69.75,12.85160585
2023-11-02 09:21:00,69.71,69.73,69.72,69.72,23.85319519
2023-11-02 09:20:00,69.69,69.73,69.71,69.7,93.97548848
2023-11-02 09:19:00,69.71,69.82,69.82,69.71,112.0081456
2023-11-02 09:18:00,69.83,69.86,69.86,69.83,20.19697907
2023-11-02 09:17:00,69.86,69.9,69.87,69.89,27.61149778
2023-11-02 09:16:00,69.8,69.86,69.8,69.86,2.84864455
2023-11-02 09:15:00,69.8,69.86,69.81,69.8,133.569284
2023-11-02 09:14:00,69.8,69.82,69.81,69.82,36.39549695
2023-11-02 09:13:00,69.75,69.83,69.83,69.81,144.24088438
2023-11-02 09:12:00,69.83,69.83,69.83,69.83,80.1391002
2023-11-02 09:11:00,69.76,69.84,69.76,69.84,193.73356934
2023-11-02 09:10:00,69.78,69.85,69.85,69.78,81.76541154
2023-11-02 09:09:00,69.81,69.84,69.83,69.84,149.02345791
2023-11-02 09:08:00,69.81,69.84,69.83,69.84,136.38137563
2023-11-02 09:07:00,69.77,69.81,69.78,69.81,68.01712345
2023-11-02 09:06:00,69.69,69.79,69.7,69.79,155.32290481
2023-11-02 09:05:00,69.68,69.71,69.69,69.71,13.62518388
2023-11-02 09:04:00,69.66,69.72,69.72,69.69,197.36533836
2023-11-02 09:03:00,69.72,69.79,69.79,69.72,64.42157061
2023-11-02 09:02:00,69.76,69.8,69.8,69.79,241.30594805
2023-11-02 09:01:00,69.82,69.88,69.82,69.84,343.44769586
2023-11-02 09:00:00,69.77,69.83,69.82,69.82,164.48386509
2023-11-02 08:59:00,69.8,69.83,69.81,69.81,165.97959091
2023-11-02 08:58:00,69.8,69.82,69.81,69.82,127.5495157
2023-11-02 08:57:00,69.82,69.85,69.84,69.82,148.38792742
2023-11-02 08:56:00,69.77,69.84,69.77,69.84,159.06384577
2023-11-02 08:55:00,69.74,69.86,69.81,69.76,280.32260919
2023-11-02 08:54:00,69.77,69.82,69.77,69.81,28.4732651
2023-11-02 08:53:00,69.74,69.76,69.75,69.76,75.71224311
2023-11-02 08:52:00,69.73,69.76,69.73,69.76,183.71639723
2023-11-02 08:51:00,69.71,69.74,69.74,69.72,169.09742065
2023-11-02 08:50:00,69.61,69.74,69.64,69.74,471.07865408
2023-11-02 08:49:00,69.63,69.65,69.65,69.63,95.78129129
2023-11-02 08:48:00,69.65,69.67,69.65,69.66,119.53904529
2023-11-02 08:47:00,69.63,69.65,69.65,69.65,146.6421785
2023-11-02 08:46:00,69.63,69.69,69.68,69.63,233.25298326
2023-11-02 08:45:00,69.68,69.72,69.69,69.69,74.06733394
2023-11-02 08:44:00,69.66,69.72,69.66,69.68,184.69676552
2023-11-02 08:43:00,69.66,69.75,69.69,69.66,184.51453838
2023-11-02 08:42:00,69.65,69.68,69.65,69.68,190.69429198
2023-11-02 08:41:00,69.58,69.63,69.58,69.63,116.30044797
2023-11-02 08:40:00,69.6,69.69,69.68,69.6,274.65692304
2023-11-02 08:39:00,69.68,69.73,69.73,69.68,13.85034707
2023-11-02 08:38:00,69.72,69.77,69.72,69.73,75.46192362
2023-11-02 08:37:00,69.72,69.74,69.74,69.73,248.68245967
2023-11-02 08:36:00,69.6,69.71,69.6,69.71,210.288102
2023-11-02 08:35:00,69.6,69.7,69.7,69.64,204.58168498
2023-11-02 08:34:00,69.7,69.71,69.7,69.71,37.08909136
2023-11-02 08:33:00,69.67,69.69,69.69,69.68,59.11090643
2023-11-02 08:32:00,69.63,69.68,69.67,69.67,101.19560763
2023-11-02 08:31:00,69.62,69.7,69.66,69.66,339.35241363
2023-11-02 08:30:00,69.51,69.66,69.51,69.66,315.04510577
2023-11-02 08:29:00,69.5,69.55,69.52,69.53,126.40087395
2023-11-02 08:28:00,69.5,69.65,69.65,69.51,153.12191324
2023-11-02 08:27:00,69.61,69.68,69.67,69.63,100.3929093
2023-11-02 08:26:00,69.67,69.72,69.72,69.67,173.35360105
2023-11-02 08:25:00,69.67,69.73,69.67,69.72,270.64714229
2023-11-02 08:24:00,69.66,69.71,69.71,69.67,55.03634739
2023-11-02 08:23:00,69.66,69.68,69.66,69.66,59.77073727
2023-11-02 08:22:00,69.65,69.72,69.65,69.68,158.59896577
2023-11-02 08:21:00,69.64,69.7,69.68,69.64,130.13736499
2023-11-02 08:20:00,69.65,69.7,69.66,69.7,94.97714657
2023-11-02 08:19:00,69.63,69.71,69.69,69.66,370.306423
2023-11-02 08:18:00,69.68,69.83,69.68,69.69,1154.23483576
2023-11-02 08:17:00,69.59,69.65,69.59,69.65,91.4021195
2023-11-02 08:16:00,69.51,69.58,69.54,69.58,277.43989281
2023-11-02 08:15:00,69.42,69.54,69.49,69.54,365.05391528
2023-11-02 08:14:00,69.5,69.52,69.51,69.5,146.61451773
2023-11-02 08:13:00,69.49,69.55,69.5,69.55,331.79234401
2023-11-02 08:12:00,69.35,69.47,69.35,69.47,449.3655479
2023-11-02 08:11:00,69.27,69.34,69.34,69.33,161.34399856
2023-11-02 08:10:00,69.34,69.47,69.47,69.34,245.6403153
2023-11-02 08:09:00,69.44,69.51,69.46,69.47,565.47409151
2023-11-02 08:08:00,69.47,69.56,69.52,69.47,149.2245156
2023-11-02 08:07:00,69.5,69.59,69.59,69.5,132.79196744
2023-11-02 08:06:00,69.55,69.64,69.64,69.61,216.54074429
2023-11-02 08:05:00,69.47,69.63,69.52,69.63,571.14416306
2023-11-02 08:04:00,69.53,69.63,69.62,69.54,385.10315914
2023-11-02 08:03:00,69.62,69.72,69.72,69.62,48.0118128
2023-11-02 08:02:00,69.68,69.76,69.74,69.73,174.35917912
2023-11-02 08:01:00,69.7,69.79,69.78,69.72,76.50464178
2023-11-02 08:00:00,69.76,69.84,69.79,69.81,223.68963893
2023-11-02 07:59:00,69.8,69.86,69.8,69.85,189.85293999
2023-11-02 07:58:00,69.74,69.8,69.75,69.8,35.50643493
2023-11-02 07:57:00,69.71,69.74,69.73,69.74,6.12820042
2023-11-02 07:56:00,69.69,69.72,69.69,69.72,10.01172685
2023-11-02 07:55:00,69.67,69.72,69.71,69.67,57.66431281
2023-11-02 07:54:00,69.68,69.72,69.68,69.72,30.05257173
2023-11-02 07:53:00,69.64,69.69,69.67,69.69,13.04696718
2023-11-02 07:52:00,69.66,69.7,69.66,69.7,16.56678754
2023-11-02 07:51:00,69.63,69.66,69.63,69.66,9.89746217
2023-11-02 07:50:00,69.66,69.71,69.71,69.66,7.35571226
2023-11-02 07:49:00,69.67,69.73,69.67,69.7,33.10957813
2023-11-02 07:48:00,69.67,69.7,69.7,69.68,24.31668139
2023-11-02 07:47:00,69.63,69.7,69.63,69.7,37.73877034
2023-11-02 07:46:00,69.64,69.71,69.7,69.64,16.30507391
2023-11-02 07:45:00,69.62,69.71,69.64,69.69,114.70889751
2023-11-02 07:44:00,69.63,69.67,69.64,69.63,455.5435148
2023-11-02 07:43:00,69.64,69.69,69.69,69.64,1.37833212
2023-11-02 07:42:00,69.69,69.73,69.73,69.69,14.24371461
2023-11-02 07:41:00,69.71,69.77,69.76,69.72,76.84262854
2023-11-02 07:40:00,69.78,69.87,69.87,69.78,145.86072749
2023-11-02 07:39:00,69.88,69.9,69.89,69.88,22.38603598
2023-11-02 07:38:00,69.88,69.93,69.93,69.89,21.08969766
2023-11-02 07:37:00,69.92,69.96,69.94,69.95,56.67264118
2023-11-02 07:36:00,69.91,69.93,69.91,69.93,8.11381316
2023-11-02 07:35:00,69.87,69.93,69.87,69.92,227.74721083
2023-11-02 07:34:00,69.81,69.88,69.82,69.88,30.22862584
2023-11-02 07:33:00,69.78,69.82,69.78,69.82,90.48119683
2023-11-02 07:32:00,69.74,69.8,69.8,69.76,55.65394402
2023-11-02 07:31:00,69.74,69.83,69.77,69.83,16.98854216
2023-11-02 07:30:00,69.73,69.8,69.77,69.73,247.77827744
2023-11-02 07:29:00,69.77,69.77,69.77,69.77,3.27113492
2023-11-02 07:28:00,69.76,69.81,69.81,69.76,161.39706834
2023-11-02 07:27:00,69.76,69.81,69.76,69.81,203.10917392
2023-11-02 07:26:00,69.74,69.8,69.8,69.74,123.32760921
2023-11-02 07:25:00,69.77,69.82,69.82,69.8,305.6291263
2023-11-02 07:24:00,69.79,69.82,69.81,69.82,118.26838535
2023-11-02 07:23:00,69.81,69.84,69.81,69.82,44.49424165
2023-11-02 07:22:00,69.79,69.82,69.81,69.81,4.70247817
2023-11-02 07:21:00,69.76,69.8,69.76,69.76,130.76111414
2023-11-02 07:20:00,69.74,69.78,69.78,69.77,77.98638529
2023-11-02 07:19:00,69.76,69.79,69.78,69.77,94.76404685
2023-11-02 07:18:00,69.79,69.82,69.82,69.8,70.45188959
2023-11-02 07:17:00,69.8,69.89,69.89,69.82,30.67942356
2023-11-02 07:16:00,69.86,69.94,69.94,69.89,470.43513942
2023-11-02 07:15:00,69.94,70.03,70.03,69.95,77.74258524
2023-11-02 07:14:00,70.02,70.05,70.02,70.04,81.2198391
2023-11-02 07:13:00,69.98,70.03,69.98,70.02,48.37421546
2023-11-02 07:12:00,69.96,70.01,69.96,69.98,98.94307187
2023-11-02 07:11:00,69.95,69.98,69.98,69.96,118.42214975
2023-11-02 07:10:00,69.95,69.99,69.99,69.98,131.36890168
2023-11-02 07:09:00,69.92,70.01,69.92,70.0,267.57950678
2023-11-02 07:08:00,69.9,69.94,69.91,69.93,72.65406904
2023-11-02 07:07:00,69.91,69.95,69.95,69.91,26.4541329
2023-11-02 07:06:00,69.92,69.96,69.92,69.96,77.21769623
2023-11-02 07:05:00,69.93,70.02,70.02,69.93,175.36985333
2023-11-02 07:04:00,69.99,70.01,69.99,70.01,32.68058291
2023-11-02 07:03:00,69.98,70.02,70.02,70.0,117.69582489
2023-11-02 07:02:00,69.95,70.02,69.95,70.02,24.01976688
2023-11-02 07:01:00,69.87,69.95,69.92,69.94,135.17431707
2023-11-02 07:00:00,69.83,69.9,69.83,69.9,278.8943915
2023-11-02 06:59:00,69.83,69.88,69.85,69.84,221.12469209
2023-11-02 06:58:00,69.84,69.89,69.88,69.85,70.52267654
2023-11-02 06:57:00,69.79,69.92,69.92,69.85,234.00063169
2023-11-02 06:56:00,69.93,69.95,69.94,69.94,98.57031849
2023-11-02 06:55:00,69.93,69.99,69.93,69.96,183.87215473
2023-11-02 06:54:00,69.91,69.96,69.91,69.91,170.98165865
2023-11-02 06:53:00,69.81,69.92,69.81,69.92,318.34418537
2023-11-02 06:52:00,69.78,69.82,69.82,69.81,74.83519494
2023-11-02 06:51:00,69.8,69.84,69.83,69.8,196.54976795
2023-11-02 06:50:00,69.73,69.84,69.74,69.84,500.40838134
2023-11-02 06:49:00,69.75,69.81,69.8,69.75,12.90414735
2023-11-02 06:48:00,69.81,69.85,69.81,69.81,118.60752336
2023-11-02 06:47:00,69.71,69.82,69.72,69.82,280.36972429
2023-11-02 06:46:00,69.71,69.81,69.81,69.72,224.69276366
2023-11-02 06:45:00,69.79,69.82,69.82,69.82,257.97123524
2023-11-02 06:44:00,69.79,69.83,69.8,69.81,164.83276643
2023-11-02 06:43:00,69.72,69.87,69.85,69.72,479.06188351
2023-11-02 06:42:00,69.86,69.91,69.91,69.86,102.823548
2023-11-02 06:41:00,69.89,69.94,69.92,69.91,441.09638315
2023-11-02 06:40:00,69.9,69.94,69.9,69.92,257.18141733
2023-11-02 06:39:00,69.9,70.03,70.03,69.9,399.6157742
2023-11-02 06:38:00,70.04,70.09,70.08,70.04,113.51086493
2023-11-02 06:37:00,70.05,70.1,70.06,70.09,146.9532784
2023-11-02 06:36:00,70.05,70.07,70.07,70.07,64.67850718
2023-11-02 06:35:00,70.03,70.06,70.06,70.06,164.22526123
2023-11-02 06:34:00,70.04,70.07,70.07,70.07,28.9673225
2023-11-02 06:33:00,70.04,70.13,70.11,70.08,148.43954092
2023-11-02 06:32:00,70.08,70.16,70.1,70.1,237.85059303
2023-11-02 06:31:00,70.02,70.1,70.02,70.09,109.31990171
2023-11-02 06:30:00,69.96,70.04,70.04,70.02,210.08272596
2023-11-02 06:29:00,70.02,70.09,70.09,70.02,208.38266229
2023-11-02 06:28:00,70.07,70.09,70.08,70.08,78.54293333
2023-11-02 06:27:00,70.09,70.16,70.16,70.1,108.09067837
2023-11-02 06:26:00,70.02,70.18,70.05,70.09,414.21195255
2023-11-02 06:25:00,69.97,70.52,70.51,70.05,2633.24631809
2023-11-02 06:24:00,70.49,70.52,70.51,70.51,146.13702727
2023-11-02 06:23:00,70.4,70.52,70.49,70.52,517.69540272
2023-11-02 06:22:00,70.35,70.49,70.35,70.48,269.36246484
2023-11-02 06:21:00,70.3,70.44,70.44,70.32,457.87364258
2023-11-02 06:20:00,70.43,70.52,70.52,70.44,308.58222695
2023-11-02 06:19:00,70.49,70.54,70.53,70.52,282.94482868
2023-11-02 06:18:00,70.45,70.55,70.5,70.53,298.73752595
2023-11-02 06:17:00,70.44,70.53,70.44,70.48,327.29797586
2023-11-02 06:16:00,70.35,70.46,70.36,70.44,387.85289375
2023-11-02 06:15:00,70.27,70.47,70.47,70.36,589.602357
2023-11-02 06:14:00,70.36,70.5,70.43,70.46,881.09993969
2023-11-02 06:13:00,70.44,70.52,70.5,70.45,515.7073367
2023-11-02 06:12:00,70.47,70.52,70.47,70.5,183.76941802
2023-11-02 06:11:00,70.38,70.49,70.38,70.46,103.25142723
2023-11-02 06:10:00,70.34,70.45,70.41,70.37,164.81481429
2023-11-02 06:09:00,70.34,70.64,70.34,70.41,986.92119288
2023-11-02 06:08:00,70.25,70.36,70.25,70.32,182.62905788
2023-11-02 06:07:00,70.2,70.26,70.21,70.23,220.29510741
2023-11-02 06:06:00,70.21,70.35,70.35,70.21,79.65971728
2023-11-02 06:05:00,70.25,70.34,70.26,70.34,71.50341182
2023-11-02 06:04:00,70.22,70.28,70.27,70.28,106.3880983
2023-11-02 06:03:00,70.2,70.29,70.22,70.27,257.08605614
2023-11-02 06:02:00,70.2,70.28,70.25,70.24,204.90179254
2023-11-02 06:01:00,70.08,70.26,70.08,70.25,152.6722045
2023-11-02 06:00:00,70.04,70.15,70.04,70.11,85.70564698
2023-11-02 05:59:00,70.04,70.08,70.08,70.04,135.96587632
2023-11-02 05:58:00,70.08,70.25,70.24,70.09,217.79256218
2023-11-02 05:57:00,70.09,70.29,70.1,70.27,251.09922601
2023-11-02 05:56:00,69.93,70.12,69.94,70.12,218.42363049
2023-11-02 05:55:00,69.89,69.95,69.94,69.94,492.53980901
2023-11-02 05:54:00,69.9,69.96,69.9,69.95,110.56447279
2023-11-02 05:53:00,69.88,69.91,69.89,69.9,103.82178337
2023-11-02 05:52:00,69.84,69.95,69.89,69.92,205.86450341
2023-11-02 05:51:00,69.81,69.91,69.83,69.89,273.47413617
2023-11-02 05:50:00,69.82,69.9,69.84,69.86,166.76232285
2023-11-02 05:49:00,69.81,69.89,69.84,69.86,271.56337142
2023-11-02 05:48:00,69.83,69.99,69.99,69.83,460.94019276
2023-11-02 05:47:00,69.84,70.01,70.0,70.0,2827.23700797
2023-11-02 05:46:00,69.5,70.19,69.5,69.99,5520.16499756
2023-11-02 05:45:00,69.5,69.58,69.58,69.5,25.24794383
2023-11-02 05:44:00,69.57,69.65,69.63,69.57,170.42849888
2023-11-02 05:43:00,69.62,69.64,69.63,69.62,19.64226689
2023-11-02 05:42:00,69.54,69.62,69.55,69.62,85.18848304
2023-11-02 05:41:00,69.53,69.6,69.55,69.53,226.40159899
2023-11-02 05:40:00,69.53,69.61,69.54,69.53,205.43716262
2023-11-02 05:39:00,69.51,69.56,69.52,69.54,101.38644569
2023-11-02 05:38:00,69.42,69.52,69.43,69.5,148.10319649
2023-11-02 05:37:00,69.36,69.49,69.43,69.45,322.94446165
2023-11-02 05:36:00,69.43,69.54,69.5,69.43,248.7964546
2023-11-02 05:35:00,69.49,69.6,69.59,69.5,137.44729235
2023-11-02 05:34:00,69.56,69.62,69.57,69.62,44.56660129
2023-11-02 05:33:00,69.48,69.56,69.48,69.56,196.14018026
2023-11-02 05:32:00,69.38,69.5,69.49,69.44,80.50267331
2023-11-02 05:31:00,69.34,69.49,69.34,69.49,165.98481822
2023-11-02 05:30:00,69.26,69.37,69.32,69.37,231.03733215
2023-11-02 05:29:00,69.26,69.34,69.3,69.31,87.38647431
2023-11-02 05:28:00,69.26,69.39,69.38,69.28,175.36900397
2023-11-02 05:27:00,69.19,69.36,69.23,69.29,1055.40985281
2023-11-02 05:26:00,69.22,69.37,69.37,69.23,1120.73913105
2023-11-02 05:25:00,69.29,69.45,69.44,69.34,623.92095214
2023-11-02 15:25:00,68.94,69.03,68.96,69.02,563.19555184
2023-11-02 15:24:00,68.97,69.05,69.04,68.99,19.76425274
2023-11-02 15:23:00,68.9,69.01,68.98,69.01,278.84490451
2023-11-02 15:22:00,68.9,69.11,68.93,69.02,114.13552685
2023-11-02 15:21:00,68.5,68.99,68.99,68.91,756.39397998
2023-11-02 15:20:00,69.03,69.22,69.2,69.03,76.99573349
2023-11-02 15:19:00,69.16,69.28,69.28,69.17,71.05498551
2023-11-02 15:18:00,69.23,69.3,69.26,69.29,83.86488567
2023-11-02 15:17:00,69.15,69.23,69.15,69.23,79.68095805
2023-11-02 15:16:00,69.06,69.14,69.06,69.13,734.3396789
2023-11-02 15:15:00,69.0,69.09,69.04,69.05,177.5434248
2023-11-02 15:14:00,69.04,69.21,69.2,69.04,99.90403747
2023-11-02 15:13:00,69.16,69.22,69.18,69.2,281.88898809
2023-11-02 15:12:00,69.18,69.24,69.21,69.19,69.11605947
2023-11-02 15:11:00,69.13,69.21,69.14,69.15,19.92865672
2023-11-02 15:10:00,69.1,69.2,69.19,69.1,61.81760971
2023-11-02 15:09:00,69.03,69.17,69.04,69.15,373.00839198
2023-11-02 15:08:00,69.02,69.16,69.02,69.03,256.73914729
2023-11-02 15:07:00,68.75,69.1,68.94,69.02,763.87937931
2023-11-02 15:06:00,68.92,69.24,69.21,68.98,521.26687149
2023-11-02 15:05:00,69.27,69.35,69.34,69.32,16.1617171
2023-11-02 15:04:00,69.31,69.47,69.46,69.33,75.52822534
2023-11-02 15:03:00,69.4,69.47,69.45,69.4,165.12921568
2023-11-02 15:02:00,69.44,69.57,69.53,69.49,197.05979245
2023-11-02 15:01:00,69.52,69.69,69.68,69.54,329.11545831
2023-11-02 15:00:00,69.67,69.71,69.71,69.68,195.88474419
2023-11-02 14:59:00,69.69,69.75,69.69,69.71,64.33934918
2023-11-02 14:58:00,69.7,69.75,69.75,69.71,11.4774212
2023-11-02 14:57:00,69.66,69.75,69.66,69.72,35.96871814
2023-11-02 14:56:00,69.65,69.73,69.71,69.67,56.95534641
2023-11-02 14:55:00,69.65,69.72,69.65,69.7,59.51567199
2023-11-02 14:54:00,69.67,69.76,69.72,69.67,3.96671679
2023-11-02 14:53:00,69.64,69.72,69.64,69.72,6.54749016
2023-11-02 14:52:00,69.64,69.72,69.67,69.65,25.03127768
2023-11-02 14:51:00,69.62,69.72,69.69,69.72,30.76825379
2023-11-02 14:50:00,69.67,69.77,69.76,69.67,60.2835391
2023-11-02 14:49:00,69.69,69.76,69.71,69.75,10.49856773
2023-11-02 14:48:00,69.66,69.71,69.68,69.7,18.44515386
2023-11-02 14:47:00,69.58,69.67,69.58,69.64,184.01146473
2023-11-02 14:46:00,69.45,69.58,69.46,69.58,86.61781171
2023-11-02 14:45:00,69.48,69.55,69.54,69.49,19.76772079
2023-11-02 14:44:00,69.5,69.57,69.52,69.57,30.54230721
2023-11-02 14:43:00,69.54,69.57,69.57,69.56,4.57304742
2023-11-02 14:42:00,69.51,69.64,69.61,69.54,9.17100443
2023-11-02 14:41:00,69.59,69.63,69.6,69.62,35.88835723
2023-11-02 14:40:00,69.45,69.59,69.45,69.59,33.29318977
2023-11-02 14:39:00,69.39,69.5,69.39,69.5,40.95567395
2023-11-02 14:38:00,69.3,69.36,69.3,69.32,64.23529024
2023-11-02 14:37:00,69.07,69.34,69.34,69.31,1121.30517134
2023-11-02 14:36:00,69.34,69.45,69.39,69.36,235.46706328
2023-11-02 14:35:00,69.39,69.57,69.56,69.4,361.56110951
2023-11-02 14:34:00,69.56,69.67,69.67,69.57,47.05711658
2023-11-02 14:33:00,69.61,69.73,69.61,69.72,3.69164447
2023-11-02 14:32:00,69.57,69.76,69.76,69.58,120.31191023
2023-11-02 14:31:00,69.7,69.8,69.8,69.73,10.33355449
2023-11-02 14:30:00,69.72,69.81,69.76,69.8,13.52628824
2023-11-02 14:29:00,69.77,69.82,69.78,69.77,30.41645336
2023-11-02 14:28:00,69.72,69.86,69.72,69.83,38.48113612
2023-11-02 14:27:00,69.66,69.77,69.72,69.71,45.82693358
2023-11-02 14:26:00,69.63,69.7,69.65,69.7,99.33652522
2023-11-02 14:25:00,69.63,69.74,69.73,69.66,54.38114743
2023-11-02 14:24:00,69.64,69.76,69.68,69.76,32.29608013
2023-11-02 14:23:00,69.69,69.81,69.81,69.7,218.71500406
2023-11-02 14:22:00,69.8,69.88,69.88,69.8,45.82191833
2023-11-02 14:21:00,69.86,69.97,69.91,69.93,130.35797106
2023-11-02 14:20:00,69.96,70.04,69.99,69.97,83.15432135
2023-11-02 14:19:00,69.96,70.01,70.0,69.98,11.05992597
2023-11-02 14:18:00,70.01,70.13,70.13,70.01,65.21579097
2023-11-02 14:17:00,70.07,70.14,70.07,70.07,171.73323158
2023-11-02 14:16:00,69.82,70.05,69.88,70.0,121.05056698
2023-11-02 14:15:00,69.82,69.94,69.82,69.94,225.01473766
2023-11-02 14:14:00,69.75,69.86,69.79,69.79,7.3834345
2023-11-02 14:13:00,69.7,69.79,69.71,69.79,106.38169587
2023-11-02 14:12:00,69.75,69.82,69.82,69.81,251.61031796
2023-11-02 14:11:00,69.52,69.85,69.73,69.84,494.98816989
2023-11-02 14:10:00,69.68,69.77,69.73,69.74,26.35022106
2023-11-02 14:09:00,69.72,69.81,69.81,69.75,88.67061445
2023-11-02 14:08:00,69.78,69.86,69.81,69.84,232.16676772
2023-11-02 14:07:00,69.81,69.92,69.91,69.81,532.25621103
2023-11-02 14:06:00,69.92,70.08,70.08,69.93,144.02498642
2023-11-02 14:05:00,70.06,70.16,70.07,70.08,527.78335696
2023-11-02 14:04:00,70.08,70.16,70.08,70.1,189.09847626
2023-11-02 14:03:00,70.07,70.12,70.12,70.07,51.40099331
2023-11-02 14:02:00,70.12,70.21,70.18,70.14,27.96260341
2023-11-02 14:01:00,70.12,70.21,70.13,70.21,96.23091305
2023-11-02 14:00:00,70.08,70.15,70.08,70.13,56.23355335
2023-11-02 13:59:00,70.0,70.05,70.02,70.05,34.20689741
2023-11-02 13:58:00,69.99,70.05,70.05,69.99,22.06770218
2023-11-02 13:57:00,70.04,70.15,70.15,70.07,35.3212776
2023-11-02 13:56:00,70.09,70.18,70.15,70.16,143.96721021
2023-11-02 13:55:00,70.16,70.21,70.21,70.16,42.73657409
2023-11-02 13:54:00,70.21,70.29,70.25,70.23,44.32972002
2023-11-02 13:53:00,70.22,70.31,70.22,70.22,45.88499613
2023-11-02 13:52:00,70.19,70.29,70.28,70.21,47.51312355
2023-11-02 13:51:00,70.25,70.35,70.27,70.28,317.81425006
2023-11-02 13:50:00,70.2,70.29,70.24,70.25,150.58016739
2023-11-02 13:49:00,70.06,70.22,70.07,70.22,208.16782716
2023-11-02 13:48:00,70.05,70.15,70.08,70.05,88.05161275
2023-11-02 13:47:00,69.91,70.08,70.02,70.08,45.64230794
2023-11-02 13:46:00,69.84,70.05,69.84,70.05,428.6850326
2023-11-02 13:45:00,69.59,69.87,69.77,69.87,480.9905755
2023-11-02 13:44:00,69.37,69.89,69.89,69.81,2819.13751135
2023-11-02 13:43:00,69.9,70.01,69.99,69.93,224.18312055
2023-11-02 13:42:00,69.98,70.04,70.04,69.98,19.67878357
2023-11-02 13:41:00,69.98,70.18,70.18,70.03,923.53550782
2023-11-02 13:40:00,70.15,70.27,70.27,70.15,294.54291275
2023-11-02 13:39:00,70.26,70.32,70.32,70.26,130.58456705
2023-11-02 13:38:00,70.3,70.34,70.32,70.34,111.07022116
2023-11-02 13:37:00,70.29,70.37,70.29,70.35,18.28509516
2023-11-02 13:36:00,70.29,70.36,70.3,70.33,53.94508635
2023-11-02 13:35:00,70.21,70.31,70.25,70.31,155.47588527
2023-11-02 13:34:00,70.23,70.31,70.31,70.26,42.20597563
2023-11-02 13:33:00,70.18,70.36,70.36,70.27,564.23037394
2023-11-02 13:32:00,70.19,70.31,70.19,70.28,64.20882628
2023-11-02 13:31:00,70.04,70.29,70.04,70.25,287.84456412
2023-11-02 13:30:00,69.97,70.14,70.11,70.0,147.75798371
2023-11-02 13:29:00,70.05,70.16,70.16,70.08,114.15930582
2023-11-02 13:28:00,70.11,70.33,70.11,70.16,584.53065137
2023-11-02 13:27:00,70.02,70.19,70.13,70.1,1052.75617938
2023-11-02 13:26:00,70.06,70.17,70.09,70.16,203.49325378
2023-11-02 13:25:00,70.03,70.2,70.07,70.11,651.96862747
2023-11-02 13:24:00,70.11,70.25,70.22,70.11,22.11945094
2023-11-02 13:23:00,70.2,70.51,70.49,70.2,196.88136038
2023-11-02 13:22:00,70.34,70.49,70.41,70.49,164.00957285
2023-11-02 13:21:00,70.2,70.43,70.2,70.43,983.1610406
2023-11-02 13:20:00,70.14,70.22,70.16,70.2,37.14171653
2023-11-02 13:19:00,70.13,70.22,70.22,70.21,103.58428652
2023-11-02 13:18:00,70.16,70.19,70.18,70.16,40.11472162
2023-11-02 13:17:00,70.01,70.19,70.01,70.16,130.35671653
2023-11-02 13:16:00,69.9,70.04,69.91,70.01,117.69226
2023-11-02 13:15:00,69.75,69.93,69.84,69.88,166.52022957
2023-11-02 13:14:00,69.61,69.86,69.64,69.85,115.81085488
2023-11-02 13:13:00,69.64,69.92,69.92,69.69,591.84165276
2023-11-02 13:12:00,69.94,70.06,70.06,69.94,118.21205169
2023-11-02 13:11:00,69.93,70.05,69.94,70.05,148.51916605
2023-11-02 13:10:00,69.82,69.95,69.92,69.87,167.31419412
2023-11-02 13:09:00,69.88,69.96,69.9,69.95,141.58070727
2023-11-02 13:08:00,69.77,69.92,69.89,69.82,406.54995715
2023-11-02 13:07:00,69.8,70.01,69.91,69.9,318.32873408
2023-11-02 13:06:00,69.94,70.2,70.2,69.95,421.91218685
2023-11-02 13:05:00,70.19,70.34,70.34,70.19,674.64477575
2023-11-02 13:04:00,70.34,70.44,70.42,70.34,12.34603886
2023-11-02 13:03:00,70.34,70.4,70.35,70.37,64.80061071
2023-11-02 13:02:00,70.31,70.4,70.31,70.37,125.27832174
2023-11-02 13:01:00,70.28,70.37,70.29,70.35,44.50228781
2023-11-02 13:00:00,70.3,70.37,70.32,70.32,9.31925822
2023-11-02 12:59:00,70.31,70.39,70.38,70.33,38.28951947
2023-11-02 12:58:00,70.36,70.47,70.45,70.42,318.16778997
2023-11-02 12:57:00,70.45,70.5,70.5,70.46,25.733508
2023-11-02 12:56:00,70.49,70.53,70.51,70.5,22.7213914
2023-11-02 12:55:00,70.5,70.63,70.59,70.5,306.10108212
2023-11-02 12:54:00,70.43,70.58,70.44,70.57,761.05229318
2023-11-02 12:53:00,70.44,70.48,70.48,70.44,21.6890618
2023-11-02 12:52:00,70.46,70.52,70.46,70.48,653.82399338
2023-11-02 12:51:00,70.44,70.48,70.45,70.44,142.39267774
2023-11-02 12:50:00,70.44,70.48,70.46,70.47,34.30382979
2023-11-02 12:49:00,70.46,70.49,70.46,70.49,20.65756871
2023-11-02 12:48:00,70.42,70.48,70.42,70.47,22.67514208
2023-11-02 12:47:00,70.38,70.42,70.42,70.41,158.53920723
2023-11-02 12:46:00,70.38,70.44,70.38,70.42,13.91459621
2023-11-02 12:45:00,70.32,70.42,70.42,70.33,25.7476665
2023-11-02 12:44:00,70.39,70.41,70.4,70.41,8.64565302
2023-11-02 12:43:00,70.35,70.4,70.38,70.4,83.94401161
2023-11-02 12:42:00,70.35,70.39,70.39,70.37,28.73380842
2023-11-02 12:41:00,70.38,70.42,70.42,70.42,20.94271585
2023-11-02 12:40:00,70.42,70.47,70.46,70.43,88.52980616
2023-11-02 12:39:00,70.44,70.5,70.44,70.48,311.31159498
2023-11-02 12:38:00,70.38,70.44,70.38,70.44,49.82614546
2023-11-02 12:37:00,70.35,70.4,70.35,70.38,104.74956379
2023-11-02 12:36:00,70.35,70.39,70.39,70.37,37.53067493
2023-11-02 12:35:00,70.39,70.44,70.42,70.39,48.26549445
2023-11-02 12:34:00,70.35,70.42,70.35,70.42,31.7309422
2023-11-02 12:33:00,70.31,70.36,70.31,70.36,20.72786634
2023-11-02 12:32:00,70.27,70.34,70.34,70.32,10.61193368
2023-11-02 12:31:00,70.26,70.37,70.36,70.26,30.1737682
2023-11-02 12:30:00,70.3,70.35,70.32,70.35,53.03954362
2023-11-02 12:29:00,70.18,70.27,70.24,70.27,20.16044143
2023-11-02 12:28:00,70.25,70.28,70.28,70.25,4.03270983
2023-11-02 12:27:00,70.3,70.41,70.41,70.32,36.31167327
2023-11-02 12:26:00,70.39,70.43,70.4,70.39,103.21704827
2023-11-02 12:25:00,70.37,70.41,70.37,70.4,75.08204023
2023-11-02 12:24:00,70.4,70.43,70.4,70.4,55.90322873
2023-11-02 12:23:00,70.34,70.41,70.35,70.39,137.46429977
2023-11-02 12:22:00,70.31,70.34,70.31,70.33,41.81093815
2023-11-02 12:21:00,70.28,70.33,70.3,70.28,50.00561504
2023-11-02 12:20:00,70.31,70.36,70.33,70.31,56.36871868
2023-11-02 12:19:00,70.31,70.36,70.31,70.34,74.14405933
2023-11-02 12:18:00,70.26,70.29,70.28,70.29,32.53854953
2023-11-02 12:17:00,70.25,70.29,70.25,70.28,43.98172105
2023-11-02 12:16:00,70.22,70.24,70.22,70.24,29.82205978
2023-11-02 12:15:00,70.22,70.29,70.22,70.22,330.25046861
2023-11-02 12:14:00,70.22,70.24,70.22,70.24,48.19314654
2023-11-02 12:13:00,70.22,70.26,70.24,70.23,21.80452088
2023-11-02 12:12:00,70.17,70.25,70.19,70.25,179.03143517
2023-11-02 12:11:00,70.18,70.22,70.2,70.18,39.84600606
2023-11-02 12:10:00,70.17,70.23,70.17,70.21,63.70099499
2023-11-02 12:09:00,70.16,70.19,70.16,70.19,57.74972456
2023-11-02 12:08:00,70.16,70.21,70.19,70.16,64.87950241
2023-11-02 12:07:00,70.15,70.2,70.16,70.2,56.6827055
2023-11-02 12:06:00,70.15,70.19,70.17,70.19,39.02172464
2023-11-02 12:05:00,70.13,70.2,70.15,70.18,83.51234356
2023-11-02 12:04:00,70.16,70.19,70.18,70.17,150.30266463
2023-11-02 12:03:00,70.16,70.21,70.21,70.16,110.50729408
2023-11-02 12:02:00,70.21,70.24,70.22,70.22,43.67403497
2023-11-02 12:01:00,70.16,70.26,70.16,70.21,326.87829849
2023-11-02 12:00:00,70.14,70.25,70.23,70.16,589.38453406
2023-11-02 11:59:00,70.23,70.24,70.23,70.24,48.65575538
2023-11-02 11:58:00,70.21,70.25,70.21,70.23,140.01119023
2023-11-02 11:57:00,70.2,70.22,70.21,70.22,72.86494323
2023-11-02 11:56:00,70.18,70.23,70.18,70.21,333.87474233
2023-11-02 11:55:00,70.17,70.21,70.21,70.18,352.85520683
2023-11-02 11:54:00,70.2,70.23,70.23,70.21,606.66730311
2023-11-02 11:53:00,70.22,70.27,70.25,70.22,152.80247128
2023-11-02 11:52:00,70.16,70.24,70.16,70.24,174.51112555
2023-11-02 11:51:00,70.19,70.25,70.25,70.19,417.53903655
2023-11-02 11:50:00,70.23,70.25,70.23,70.25,78.9561706
2023-11-02 11:49:00,70.21,70.26,70.26,70.22,562.03790639
2023-11-02 11:48:00,70.26,70.33,70.32,70.27,276.45131659
2023-11-02 11:47:00,70.34,70.36,70.35,70.34,157.74442026
2023-11-02 11:46:00,70.34,70.41,70.41,70.34,664.60718637
2023-11-02 11:45:00,70.43,70.46,70.46,70.43,218.50512507
2023-11-02 11:44:00,70.45,70.47,70.45,70.46,55.05010626
2023-11-02 11:43:00,70.43,70.45,70.43,70.45,103.69349587
2023-11-02 11:42:00,70.41,70.44,70.42,70.43,13.1226666
2023-11-02 11:41:00,70.41,70.47,70.44,70.43,181.62438265
2023-11-02 11:40:00,70.4,70.45,70.41,70.43,521.45433405
2023-11-02 11:39:00,70.4,70.44,70.41,70.4,104.59514528
2023-11-02 11:38:00,70.42,70.43,70.42,70.42,41.40944537
2023-11-02 11:37:00,70.4,70.43,70.42,70.4,128.11457964
2023-11-02 11:36:00,70.35,70.42,70.35,70.42,52.84336444
2023-11-02 11:35:00,70.35,70.37,70.35,70.36,175.46654784
2023-11-02 11:34:00,70.32,70.35,70.32,70.35,6.69388262
2023-11-02 11:33:00,70.27,70.33,70.32,70.32,247.94585935
2023-11-02 11:32:00,70.24,70.31,70.24,70.29,47.49545607
2023-11-02 11:31:00,70.23,70.25,70.25,70.24,228.8885412
2023-11-02 11:30:00,70.22,70.27,70.26,70.24,122.11559899
2023-11-02 11:29:00,70.22,70.25,70.22,70.23,41.65615435
2023-11-02 11:28:00,70.16,70.22,70.17,70.22,0.55813357
2023-11-02 11:27:00,70.1,70.18,70.12,70.18,181.71463279
2023-11-02 11:26:00,70.11,70.21,70.21,70.14,55.7368962
2023-11-02 11:25:00,70.17,70.23,70.22,70.21,49.8516761
2023-11-02 11:24:00,70.25,70.3,70.3,70.27,140.43619958
2023-11-02 11:23:00,70.3,70.3,70.3,70.3,2.24628932
2023-11-02 11:22:00,70.26,70.31,70.29,70.26,88.70093997
2023-11-02 11:21:00,70.28,70.32,70.32,70.29,2.22952467
2023-11-02 11:20:00,70.25,70.31,70.25,70.31,54.59644228
2023-11-02 11:19:00,70.2,70.23,70.23,70.2,0.87640877
2023-11-02 11:18:00,70.26,70.28,70.28,70.26,0.70159433
2023-11-02 11:17:00,70.16,70.29,70.19,70.29,25.57501332
2023-11-02 11:16:00,70.22,70.26,70.22,70.26,42.40499525
2023-11-02 11:15:00,70.17,70.21,70.17,70.21,39.14810198
2023-11-02 11:14:00,70.13,70.15,70.15,70.14,7.30710282
2023-11-02 11:13:00,70.16,70.21,70.16,70.21,72.26791886
2023-11-02 11:12:00,70.16,70.19,70.18,70.19,3.27028899
2023-11-02 11:11:00,70.15,70.19,70.19,70.15,8.30262312
2023-11-02 11:10:00,70.13,70.18,70.13,70.18,35.87210233
2023-11-02 11:09:00,70.03,70.12,70.11,70.11,349.3941024
2023-11-02 11:08:00,70.13,70.21,70.2,70.13,21.92431929
2023-11-02 11:07:00,70.17,70.21,70.2,70.19,28.62959611
2023-11-02 11:06:00,70.19,70.24,70.19,70.24,23.53100555
2023-11-02 11:05:00,70.19,70.25,70.22,70.2,29.10983345
2023-11-02 11:04:00,70.18,70.24,70.18,70.24,190.67407234
2023-11-02 11:03:00,70.11,70.17,70.17,70.11,9.56900326
2023-11-02 11:02:00,70.08,70.16,70.08,70.16,13.20126165
2023-11-02 11:01:00,70.0,70.08,70.01,70.08,117.39637974
2023-11-02 11:00:00,70.05,70.11,70.11,70.05,57.67584968
2023-11-02 10:59:00,70.07,70.17,70.17,70.09,19.98276353
2023-11-02 10:58:00,70.14,70.2,70.14,70.17,22.14076483
2023-11-02 10:57:00,70.08,70.13,70.08,70.13,5.16444768
2023-11-02 10:56:00,70.07,70.1,70.07,70.09,501.2129603
2023-11-02 10:55:00,70.03,70.07,70.07,70.07,127.9702217
2023-11-02 10:54:00,70.04,70.09,70.09,70.05,18.99631483
2023-11-02 10:53:00,70.07,70.09,70.08,70.09,6.86990493
2023-11-02 10:52:00,70.08,70.14,70.11,70.08,16.69342307
2023-11-02 10:51:00,70.1,70.13,70.1,70.13,2.4731351
2023-11-02 10:50:00,70.09,70.14,70.14,70.09,26.44401036
2023-11-02 10:49:00,70.12,70.17,70.12,70.15,16.44927899
2023-11-02 10:48:00,70.1,70.16,70.13,70.1,26.76192616
2023-11-02 10:47:00,70.1,70.16,70.11,70.13,196.38180949
2023-11-02 10:46:00,70.11,70.16,70.15,70.11,25.18885799
2023-11-02 10:45:00,70.18,70.2,70.2,70.19,8.52296218
2023-11-02 10:44:00,70.2,70.22,70.22,70.2,1.0275038
2023-11-02 10:43:00,70.16,70.23,70.22,70.17,12.79074812
2023-11-02 10:42:00,70.18,70.21,70.18,70.21,10.13542676
2023-11-02 10:41:00,70.17,70.2,70.17,70.19,14.18371604
2023-11-02 10:40:00,70.11,70.17,70.17,70.11,24.38154109
2023-11-02 10:39:00,70.18,70.21,70.18,70.18,5.61498498
2023-11-02 10:38:00,70.16,70.19,70.16,70.19,12.60417505
2023-11-02 10:37:00,70.16,70.18,70.16,70.17,22.95725313
2023-11-02 10:36:00,70.18,70.21,70.19,70.2,50.74915913
2023-11-02 10:35:00,70.2,70.25,70.23,70.23,35.58470911
2023-11-02 10:34:00,70.2,70.25,70.22,70.25,25.03789447
2023-11-02 10:33:00,70.24,70.31,70.25,70.24,139.93596998
2023-11-02 10:32:00,70.22,70.25,70.25,70.24,19.42305078
2023-11-02 10:31:00,70.14,70.27,70.19,70.27,185.3194803
2023-11-02 10:30:00,70.19,70.28,70.25,70.19,37.99918403
2023-11-02 10:29:00,70.27,70.28,70.28,70.28,26.29596932
2023-11-02 10:28:00,70.23,70.29,70.23,70.26,74.10889257
2023-11-02 10:27:00,70.18,70.37,70.35,70.23,947.84370102
2023-11-02 10:26:00,70.29,70.35,70.29,70.34,79.25786962
2023-11-02 10:25:00,70.29,70.34,70.32,70.29,64.2159088
2023-11-02 20:25:00,69.3,69.36,69.34,69.3,2.79101472
2023-11-02 20:24:00,69.33,69.39,69.34,69.38,30.63626161
2023-11-02 20:23:00,69.29,69.43,69.39,69.32,65.38996575
2023-11-02 20:22:00,69.36,69.52,69.51,69.36,20.2661886
2023-11-02 20:21:00,69.46,69.51,69.46,69.5,5.34889313
2023-11-02 20:20:00,69.4,69.48,69.42,69.48,105.2014032
2023-11-02 20:19:00,69.42,69.53,69.53,69.42,80.21710025
2023-11-02 20:18:00,69.53,69.59,69.53,69.56,103.2030299
2023-11-02 20:17:00,69.49,69.54,69.54,69.54,57.54961715
2023-11-02 20:16:00,69.55,69.62,69.6,69.55,78.19907995
2023-11-02 20:15:00,69.57,69.62,69.61,69.59,152.40997184
2023-11-02 20:14:00,69.55,69.59,69.56,69.59,34.18719954
2023-11-02 20:13:00,69.5,69.55,69.53,69.55,98.03600474
2023-11-02 20:12:00,69.5,69.55,69.55,69.54,45.09842384
2023-11-02 20:11:00,69.53,69.6,69.58,69.54,44.84515122
2023-11-02 20:10:00,69.53,69.61,69.54,69.57,74.47062461
2023-11-02 20:09:00,69.52,69.57,69.54,69.57,10.65816589
2023-11-02 20:08:00,69.51,69.56,69.51,69.55,98.84406785
2023-11-02 20:07:00,69.37,69.5,69.37,69.5,15.44600516
2023-11-02 20:06:00,69.38,69.42,69.42,69.39,8.62555372
2023-11-02 20:05:00,69.39,69.45,69.4,69.45,64.70239897
2023-11-02 20:04:00,69.33,69.4,69.35,69.4,32.51397689
2023-11-02 20:03:00,69.32,69.45,69.41,69.35,32.70267445
2023-11-02 20:02:00,69.4,69.5,69.5,69.4,94.99657015
2023-11-02 20:01:00,69.54,69.6,69.57,69.54,61.41070584
2023-11-02 20:00:00,69.54,69.59,69.56,69.59,48.77566639
2023-11-02 19:59:00,69.52,69.57,69.57,69.53,9.60496572
2023-11-02 19:58:00,69.53,69.58,69.55,69.54,142.68898808
2023-11-02 19:57:00,69.48,69.56,69.48,69.54,177.92765572
2023-11-02 19:56:00,69.45,69.5,69.47,69.48,48.35295744
2023-11-02 19:55:00,69.42,69.49,69.42,69.45,95.53540498
2023-11-02 19:54:00,69.42,69.45,69.44,69.45,9.6997117
2023-11-02 19:53:00,69.41,69.44,69.41,69.44,5.83121486
2023-11-02 19:52:00,69.4,69.44,69.4,69.41,15.46756916
2023-11-02 19:51:00,69.28,69.4,69.32,69.4,45.16499815
2023-11-02 19:50:00,69.26,69.37,69.33,69.3,29.60434295
2023-11-02 19:49:00,69.35,69.39,69.39,69.37,35.20581755
2023-11-02 19:48:00,69.37,69.42,69.4,69.42,40.89875719
2023-11-02 19:47:00,69.4,69.42,69.42,69.41,13.80683686
2023-11-02 19:46:00,69.39,69.43,69.4,69.41,33.96469287
2023-11-02 19:45:00,69.39,69.43,69.39,69.39,40.862648
2023-11-02 19:44:00,69.35,69.41,69.4,69.37,80.37013918
2023-11-02 19:43:00,69.36,69.41,69.36,69.38,40.84034325
2023-11-02 19:42:00,69.31,69.39,69.36,69.39,52.24209264
2023-11-02 19:41:00,69.31,69.39,69.39,69.36,82.61016642
2023-11-02 19:40:00,69.37,69.42,69.38,69.42,65.55605129
2023-11-02 19:39:00,69.32,69.4,69.32,69.38,104.62673848
2023-11-02 19:38:00,69.28,69.35,69.34,69.31,60.25968988
2023-11-02 19:37:00,69.31,69.36,69.32,69.31,122.3334812
2023-11-02 19:36:00,69.27,69.32,69.31,69.3,62.07746807
2023-11-02 19:35:00,69.22,69.31,69.24,69.31,32.35027763
2023-11-02 19:34:00,69.12,69.24,69.12,69.24,306.22907177
2023-11-02 19:33:00,69.09,69.2,69.16,69.09,138.43736118
2023-11-02 19:32:00,69.12,69.18,69.16,69.12,4.24544237
2023-11-02 19:31:00,69.15,69.21,69.16,69.17,69.33007248
2023-11-02 19:30:00,69.19,69.27,69.27,69.19,74.08357013
2023-11-02 19:29:00,69.25,69.3,69.28,69.27,15.43758966
2023-11-02 19:28:00,69.29,69.33,69.33,69.29,60.77738482
2023-11-02 19:27:00,69.27,69.32,69.28,69.32,12.92136446
2023-11-02 19:26:00,69.2,69.3,69.2,69.27,104.53038968
2023-11-02 19:25:00,69.17,69.24,69.17,69.2,17.27778925
2023-11-02 19:24:00,69.15,69.19,69.16,69.19,2.80956539
2023-11-02 19:23:00,69.18,69.26,69.26,69.19,12.27608593
2023-11-02 19:22:00,69.15,69.26,69.16,69.26,203.78429813
2023-11-02 19:21:00,69.1,69.16,69.1,69.16,38.25870784
2023-11-02 19:20:00,69.09,69.15,69.13,69.09,42.97789641
2023-11-02 19:19:00,69.14,69.21,69.21,69.15,3.15560619
2023-11-02 19:18:00,69.19,69.25,69.25,69.22,14.43002029
2023-11-02 19:17:00,69.21,69.27,69.21,69.26,569.54698149
2023-11-02 19:16:00,69.22,69.25,69.22,69.23,15.14815851
2023-11-02 19:15:00,69.16,69.23,69.21,69.23,23.1933515
2023-11-02 19:14:00,69.18,69.26,69.18,69.25,115.93031024
2023-11-02 19:13:00,69.15,69.22,69.15,69.18,32.00064866
2023-11-02 19:12:00,69.14,69.21,69.21,69.14,18.38020479
2023-11-02 19:11:00,69.1,69.19,69.19,69.14,13.24980266
2023-11-02 19:10:00,69.2,69.26,69.25,69.2,36.25229328
2023-11-02 19:09:00,69.18,69.25,69.25,69.24,38.79206707
2023-11-02 19:08:00,69.25,69.28,69.28,69.25,21.15094217
2023-11-02 19:07:00,69.23,69.27,69.24,69.26,14.61371318
2023-11-02 19:06:00,69.25,69.3,69.29,69.25,47.76650276
2023-11-02 19:05:00,69.18,69.28,69.2,69.28,126.69536054
2023-11-02 19:04:00,69.2,69.24,69.2,69.23,8.4802664
2023-11-02 19:03:00,69.1,69.21,69.1,69.2,57.24518945
2023-11-02 19:02:00,69.11,69.23,69.15,69.11,62.98088498
2023-11-02 19:01:00,69.01,69.15,69.03,69.15,22.93805196
2023-11-02 19:00:00,69.03,69.13,69.13,69.03,51.88255204
2023-11-02 18:59:00,69.11,69.17,69.17,69.11,23.66387579
2023-11-02 18:58:00,69.16,69.21,69.21,69.18,34.21872002
2023-11-02 18:57:00,69.19,69.25,69.25,69.22,76.20988532
2023-11-02 18:56:00,69.28,69.32,69.31,69.29,10.62939
2023-11-02 18:55:00,69.23,69.29,69.25,69.29,57.7656483
2023-11-02 18:54:00,69.23,69.28,69.26,69.23,93.74103182
2023-11-02 18:53:00,69.24,69.28,69.26,69.25,23.03199268
2023-11-02 18:52:00,69.18,69.24,69.2,69.21,21.67860815
2023-11-02 18:51:00,69.2,69.25,69.22,69.21,56.46429585
2023-11-02 18:50:00,69.14,69.23,69.15,69.2,125.87143735
2023-11-02 18:49:00,69.04,69.15,69.09,69.15,27.91064146
2023-11-02 18:48:00,69.07,69.16,69.16,69.08,295.04040811
2023-11-02 18:47:00,69.13,69.18,69.18,69.14,10.70537097
2023-11-02 18:46:00,69.18,69.23,69.19,69.18,18.87841569
2023-11-02 18:45:00,69.17,69.22,69.18,69.22,130.43154408
2023-11-02 18:44:00,69.18,69.23,69.22,69.21,27.4607963
2023-11-02 18:43:00,69.13,69.22,69.16,69.21,26.15912731
2023-11-02 18:42:00,69.11,69.19,69.19,69.15,132.46749367
2023-11-02 18:41:00,69.1,69.18,69.11,69.18,3.48748065
2023-11-02 18:40:00,69.1,69.15,69.13,69.1,31.89409651
2023-11-02 18:39:00,69.03,69.12,69.04,69.12,2.53742712
2023-11-02 18:38:00,69.01,69.12,69.11,69.04,81.6351896
2023-11-02 18:37:00,69.1,69.15,69.15,69.13,224.10619385
2023-11-02 18:36:00,69.12,69.16,69.15,69.13,150.43263421
2023-11-02 18:35:00,69.01,69.15,69.01,69.14,541.01700607
2023-11-02 18:34:00,68.86,69.03,68.86,69.03,7.5818229
2023-11-02 18:33:00,68.88,68.96,68.95,68.88,21.62952485
2023-11-02 18:32:00,68.92,69.0,68.97,68.92,128.00291737
2023-11-02 18:31:00,68.94,69.01,69.01,68.96,22.49617431
2023-11-02 18:30:00,68.98,69.02,68.98,69.01,33.25331525
2023-11-02 18:29:00,68.99,69.04,69.02,69.0,8.60322413
2023-11-02 18:28:00,68.94,69.09,68.94,69.02,825.65106624
2023-11-02 18:27:00,68.86,68.96,68.93,68.94,188.51851914
2023-11-02 18:26:00,68.81,68.92,68.84,68.92,23.93955158
2023-11-02 18:25:00,68.79,68.84,68.83,68.81,267.53170131
2023-11-02 18:24:00,68.8,68.86,68.8,68.86,35.89457033
2023-11-02 18:23:00,68.77,68.81,68.81,68.8,141.70746996
2023-11-02 18:22:00,68.83,68.88,68.83,68.87,73.56100224
2023-11-02 18:21:00,68.79,68.86,68.79,68.81,142.52360169
2023-11-02 18:20:00,68.77,68.84,68.84,68.8,52.91011169
2023-11-02 18:19:00,68.77,68.83,68.83,68.81,4.80564884
2023-11-02 18:18:00,68.78,68.83,68.8,68.82,115.16861042
2023-11-02 18:17:00,68.82,68.93,68.91,68.82,9.69742545
2023-11-02 18:16:00,68.89,69.0,69.0,68.9,20.12239835
2023-11-02 18:15:00,68.96,69.01,68.99,69.0,125.99244034
2023-11-02 18:14:00,68.97,69.01,68.98,69.0,109.60968299
2023-11-02 18:13:00,68.9,69.02,68.91,68.99,278.12713915
2023-11-02 18:12:00,68.8,68.91,68.8,68.91,75.64084862
2023-11-02 18:11:00,68.77,68.79,68.78,68.79,80.3978336
2023-11-02 18:10:00,68.72,68.79,68.78,68.77,56.14804352
2023-11-02 18:09:00,68.73,68.78,68.73,68.78,44.09573881
2023-11-02 18:08:00,68.67,68.7,68.7,68.68,48.36538958
2023-11-02 18:07:00,68.68,68.74,68.69,68.71,47.39904668
2023-11-02 18:06:00,68.67,68.71,68.7,68.68,74.96931996
2023-11-02 18:05:00,68.68,68.72,68.7,68.7,18.61995977
2023-11-02 18:04:00,68.69,68.79,68.72,68.7,107.00212295
2023-11-02 18:03:00,68.75,68.87,68.85,68.75,122.80988724
2023-11-02 18:02:00,68.86,69.02,69.0,68.86,178.33654983
2023-11-02 18:01:00,68.94,69.01,68.99,68.96,32.17759758
2023-11-02 18:00:00,68.94,68.99,68.97,68.96,104.38380768
2023-11-02 17:59:00,68.96,69.04,69.04,68.96,56.35935703
2023-11-02 17:58:00,68.95,69.05,68.95,69.03,140.23960928
2023-11-02 17:57:00,68.96,69.0,68.97,68.98,37.07371731
2023-11-02 17:56:00,68.93,68.96,68.93,68.96,35.92278085
2023-11-02 17:55:00,68.92,68.98,68.92,68.92,138.26873838
2023-11-02 17:54:00,68.91,68.97,68.94,68.92,31.31114593
2023-11-02 17:53:00,68.93,68.95,68.95,68.93,33.92443001
2023-11-02 17:52:00,68.84,68.96,68.85,68.95,317.06211729
2023-11-02 17:51:00,68.87,68.93,68.88,68.87,43.50116168
2023-11-02 17:50:00,68.83,68.89,68.86,68.88,95.82507471
2023-11-02 17:49:00,68.83,68.94,68.91,68.87,288.71180434
2023-11-02 17:48:00,68.83,68.9,68.83,68.9,12.83013208
2023-11-02 17:47:00,68.77,68.85,68.77,68.83,273.28948898
2023-11-02 17:46:00,68.7,68.79,68.74,68.79,253.90477747
2023-11-02 17:45:00,68.74,68.8,68.77,68.74,74.9273256
2023-11-02 17:44:00,68.7,68.8,68.7,68.78,38.68584914
2023-11-02 17:43:00,68.67,68.76,68.76,68.7,24.24478995
2023-11-02 17:42:00,68.69,68.76,68.72,68.76,50.41853992
2023-11-02 17:41:00,68.68,68.73,68.68,68.73,80.60570584
2023-11-02 17:40:00,68.64,68.71,68.65,68.68,87.74523942
2023-11-02 17:39:00,68.65,68.72,68.7,68.65,27.37295468
2023-11-02 17:38:00,68.6,68.7,68.63,68.69,310.64932695
2023-11-02 17:37:00,68.56,68.65,68.56,68.64,386.35908605
2023-11-02 17:36:00,68.55,68.61,68.61,68.57,31.8977959
2023-11-02 17:35:00,68.59,68.64,68.61,68.62,21.51277901
2023-11-02 17:34:00,68.54,68.6,68.54,68.58,63.85054564
2023-11-02 17:33:00,68.51,68.59,68.53,68.55,19.11788828
2023-11-02 17:32:00,68.51,68.56,68.51,68.54,128.69055636
2023-11-02 17:31:00,68.45,68.5,68.47,68.5,57.76862698
2023-11-02 17:30:00,68.34,68.46,68.35,68.43,181.76299087
2023-11-02 17:29:00,68.32,68.37,68.33,68.34,80.07072441
2023-11-02 17:28:00,68.29,68.34,68.33,68.33,54.48472652
2023-11-02 17:27:00,68.24,68.34,68.24,68.34,34.30590845
2023-11-02 17:26:00,68.19,68.25,68.22,68.23,115.64435266
2023-11-02 17:25:00,68.21,68.27,68.26,68.24,101.32171681
2023-11-02 17:24:00,68.26,68.3,68.29,68.27,42.31399944
2023-11-02 17:23:00,68.31,68.35,68.31,68.32,86.79668711
2023-11-02 17:22:00,68.25,68.3,68.3,68.28,222.96202574
2023-11-02 17:21:00,68.29,68.34,68.34,68.31,272.03634823
2023-11-02 17:20:00,68.23,68.34,68.25,68.34,116.01756327
2023-11-02 17:19:00,68.14,68.25,68.14,68.25,137.05690243
2023-11-02 17:18:00,68.04,68.11,68.05,68.11,102.80717836
2023-11-02 17:17:00,67.96,68.04,67.99,68.04,64.77952824
2023-11-02 17:16:00,67.99,68.05,68.05,67.99,68.57817065
2023-11-02 17:15:00,68.03,68.11,68.1,68.04,87.83845329
2023-11-02 17:14:00,68.11,68.2,68.2,68.12,45.63962186
2023-11-02 17:13:00,68.18,68.24,68.24,68.21,140.32771825
2023-11-02 17:12:00,68.24,68.28,68.26,68.24,143.81528629
2023-11-02 17:11:00,68.18,68.25,68.18,68.25,10.36998054
2023-11-02 17:10:00,68.16,68.26,68.26,68.16,34.48162672
2023-11-02 17:09:00,68.17,68.26,68.2,68.26,3.59013533
2023-11-02 17:08:00,68.16,68.23,68.21,68.19,10.79208899
2023-11-02 17:07:00,68.19,68.27,68.19,68.19,26.44770539
2023-11-02 17:06:00,68.17,68.33,68.26,68.19,44.44373296
2023-11-02 17:05:00,68.2,68.27,68.2,68.22,106.3463167
2023-11-02 17:04:00,68.22,68.29,68.24,68.22,4.36264485
2023-11-02 17:03:00,68.22,68.4,68.38,68.24,23.21649984
2023-11-02 17:02:00,68.22,68.37,68.22,68.37,103.27548258
2023-11-02 17:01:00,68.17,68.26,68.22,68.17,63.56868353
2023-11-02 17:00:00,68.24,68.35,68.35,68.24,34.65150459
2023-11-02 16:59:00,68.29,68.36,68.33,68.36,79.50067322
2023-11-02 16:58:00,68.29,68.38,68.38,68.35,209.99374534
2023-11-02 16:57:00,68.34,68.43,68.36,68.39,169.98756097
2023-11-02 16:56:00,68.28,68.37,68.33,68.31,174.88546839
2023-11-02 16:55:00,68.34,68.41,68.38,68.36,34.48435219
2023-11-02 16:54:00,68.36,68.48,68.44,68.37,7.48301731
2023-11-02 16:53:00,68.37,68.48,68.37,68.48,83.43274971
2023-11-02 16:52:00,68.29,68.36,68.29,68.36,13.13899092
2023-11-02 16:51:00,68.14,68.31,68.17,68.31,347.40400209
2023-11-02 16:50:00,68.16,68.28,68.24,68.17,18.60993664
2023-11-02 16:49:00,68.21,68.35,68.35,68.21,116.19627471
2023-11-02 16:48:00,68.33,68.39,68.37,68.34,40.63446884
2023-11-02 16:47:00,68.37,68.45,68.45,68.39,73.25321152
2023-11-02 16:46:00,68.38,68.48,68.39,68.43,133.07710703
2023-11-02 16:45:00,68.27,68.39,68.37,68.39,85.75318081
2023-11-02 16:44:00,68.29,68.39,68.37,68.35,20.74920073
2023-11-02 16:43:00,68.3,68.4,68.3,68.38,49.26205494
2023-11-02 16:42:00,68.27,68.37,68.3,68.28,40.16825184
2023-11-02 16:41:00,68.27,68.36,68.35,68.32,41.82236524
2023-11-02 16:40:00,68.33,68.44,68.38,68.33,111.17113912
2023-11-02 16:39:00,68.34,68.41,68.35,68.38,162.24816721
2023-11-02 16:38:00,68.25,68.35,68.25,68.35,89.54076103
2023-11-02 16:37:00,68.23,68.3,68.23,68.26,22.20660806
2023-11-02 16:36:00,68.21,68.28,68.23,68.21,115.59919662
2023-11-02 16:35:00,68.11,68.25,68.17,68.2,125.72725874
2023-11-02 16:34:00,68.06,68.14,68.13,68.14,67.14599604
2023-11-02 16:33:00,67.97,68.12,67.98,68.08,63.98859992
2023-11-02 16:32:00,67.84,68.04,67.86,68.0,174.8571763
2023-11-02 16:31:00,67.43,67.86,67.75,67.84,965.9861693
2023-11-02 16:30:00,67.75,68.1,68.1,67.75,988.69629915
2023-11-02 16:29:00,68.09,68.21,68.21,68.09,77.84815948
2023-11-02 16:28:00,68.13,68.23,68.17,68.23,11.87551979
2023-11-02 16:27:00,68.08,68.25,68.14,68.14,266.86524676
2023-11-02 16:26:00,67.99,68.16,68.11,68.13,161.01088494
2023-11-02 16:25:00,68.13,68.26,68.26,68.13,178.27836738
2023-11-02 16:24:00,68.19,68.31,68.23,68.25,355.1379234
2023-11-02 16:23:00,68.16,68.28,68.21,68.23,30.28751497
2023-11-02 16:22:00,68.17,68.37,68.29,68.2,120.10572588
2023-11-02 16:21:00,67.95,68.32,68.26,68.31,1245.51579758
2023-11-02 16:20:00,68.27,68.4,68.35,68.3,251.10337239
2023-11-02 16:19:00,68.33,68.52,68.45,68.36,577.5131417
2023-11-02 16:18:00,68.46,68.67,68.67,68.46,348.7125535
2023-11-02 16:17:00,68.65,68.77,68.77,68.67,272.73551748
2023-11-02 16:16:00,68.75,68.92,68.92,68.76,42.60739088
2023-11-02 16:15:00,68.81,68.95,68.81,68.94,45.2459936
2023-11-02 16:14:00,68.83,68.91,68.85,68.84,380.97437036
2023-11-02 16:13:00,68.72,68.86,68.74,68.86,105.70553544
2023-11-02 16:12:00,68.74,68.83,68.82,68.74,42.60210884
2023-11-02 16:11:00,68.77,68.87,68.77,68.82,74.6294933
2023-11-02 16:10:00,68.79,68.85,68.83,68.8,113.06350085
2023-11-02 16:09:00,68.79,68.86,68.82,68.85,76.78863867
2023-11-02 16:08:00,68.77,68.83,68.78,68.83,105.17419964
2023-11-02 16:07:00,68.68,68.76,68.71,68.76,76.9211609
2023-11-02 16:06:00,68.7,68.81,68.77,68.7,97.5990203
2023-11-02 16:05:00,68.66,68.77,68.69,68.77,106.37800772
2023-11-02 16:04:00,68.59,68.69,68.61,68.69,260.71164865
2023-11-02 16:03:00,68.52,68.57,68.52,68.56,947.94068246
2023-11-02 16:02:00,68.49,68.58,68.51,68.49,22.35348989
2023-11-02 16:01:00,68.51,68.69,68.69,68.54,47.67229228
2023-11-02 16:00:00,68.42,68.71,68.56,68.71,814.6297491
2023-11-02 15:59:00,68.57,68.76,68.76,68.59,231.60484988
2023-11-02 15:58:00,68.71,68.87,68.81,68.77,367.6474182
2023-11-02 15:57:00,68.77,68.87,68.86,68.79,237.36728124
2023-11-02 15:56:00,68.81,68.91,68.91,68.88,83.00955846
2023-11-02 15:55:00,68.89,68.98,68.95,68.92,48.41060903
2023-11-02 15:54:00,68.88,68.96,68.89,68.94,27.68482751
2023-11-02 15:53:00,68.91,68.95,68.95,68.93,1.83234305
2023-11-02 15:52:00,68.96,69.03,69.0,68.96,29.75268566
2023-11-02 15:51:00,68.97,69.08,69.06,69.01,16.08919803
2023-11-02 15:50:00,69.0,69.05,69.05,69.01,6.7486542
2023-11-02 15:49:00,69.05,69.09,69.09,69.05,11.36192322
2023-11-02 15:48:00,69.07,69.15,69.1,69.07,12.71103671
2023-11-02 15:47:00,69.11,69.19,69.17,69.11,115.63482024
2023-11-02 15:46:00,69.15,69.2,69.16,69.19,5.67807677
2023-11-02 15:45:00,69.07,69.16,69.1,69.16,15.82713059
2023-11-02 15:44:00,69.08,69.14,69.08,69.11,28.63504312
2023-11-02 15:43:00,69.03,69.12,69.07,69.07,139.26232439
2023-11-02 15:42:00,69.0,69.06,69.01,69.04,20.70139544
2023-11-02 15:41:00,69.03,69.07,69.03,69.07,10.07123991
2023-11-02 15:40:00,68.95,69.05,69.05,69.02,77.29721958
2023-11-02 15:39:00,69.02,69.09,69.09,69.04,117.92176133
2023-11-02 15:38:00,69.05,69.15,69.05,69.1,84.25014062
2023-11-02 15:37:00,69.02,69.07,69.07,69.06,33.07216306
2023-11-02 15:36:00,68.99,69.08,69.04,69.06,257.2672517
2023-11-02 15:35:00,68.8,69.04,68.84,68.99,317.03367868
2023-11-02 15:34:00,68.81,68.94,68.81,68.85,237.14791524
2023-11-02 15:33:00,68.67,68.85,68.75,68.84,169.45574508
2023-11-02 15:32:00,68.54,68.76,68.58,68.75,801.03717755
2023-11-02 15:31:00,68.61,68.87,68.87,68.62,75.61488526
2023-11-02 15:30:00,68.86,68.96,68.88,68.88,124.14320393
2023-11-02 15:29:00,68.9,69.0,69.0,68.93,27.09900745
2023-11-02 15:28:00,69.0,69.11,69.11,69.01,239.12861846
2023-11-02 15:27:00,69.05,69.11,69.06,69.11,66.03150542
2023-11-02 15:26:00,69.03,69.13,69.05,69.06,123.42372241
2023-11-02 15:25:00,68.94,69.03,68.96,69.02,563.19555184
2023-11-03 01:25:00,67.92,68.03,67.98,68.02,264.41552571
2023-11-03 01:24:00,67.91,68.01,67.91,67.98,110.13289479
2023-11-03 01:23:00,67.83,67.91,67.88,67.91,93.90827034
2023-11-03 01:22:00,67.77,67.84,67.84,67.83,15.50733126
2023-11-03 01:21:00,67.68,67.82,67.82,67.73,73.287404
2023-11-03 01:20:00,67.72,67.83,67.74,67.82,296.01333969
2023-11-03 01:19:00,67.51,67.76,67.57,67.72,283.08993821
2023-11-03 01:18:00,67.57,67.95,67.95,67.6,473.85835938
2023-11-03 01:17:00,67.84,67.93,67.87,67.91,260.12967691
2023-11-03 01:16:00,67.85,68.02,67.99,67.86,270.82067448
2023-11-03 01:15:00,67.94,68.18,68.11,67.99,446.25846752
2023-11-03 01:14:00,68.1,68.27,68.27,68.1,220.48806392
2023-11-03 01:13:00,68.27,68.3,68.29,68.28,14.14658541
2023-11-03 01:12:00,68.23,68.35,68.28,68.23,310.07704569
2023-11-03 01:11:00,68.29,68.43,68.43,68.32,160.9154805
2023-11-03 01:10:00,68.4,68.47,68.41,68.44,83.44551809
2023-11-03 01:09:00,68.4,68.48,68.48,68.4,72.61192795
2023-11-03 01:08:00,68.45,68.56,68.53,68.49,191.84455837
2023-11-03 01:07:00,68.44,68.54,68.44,68.51,176.2750002
2023-11-03 01:06:00,68.37,68.45,68.37,68.4,79.01984662
2023-11-03 01:05:00,68.12,68.32,68.27,68.32,416.25972521
2023-11-03 01:04:00,68.21,68.53,68.53,68.27,282.80511504
2023-11-03 01:03:00,68.42,68.52,68.43,68.52,193.10377131
2023-11-03 01:02:00,68.46,68.51,68.5,68.5,63.71366766
2023-11-03 01:01:00,68.52,68.67,68.67,68.54,219.51093727
2023-11-03 01:00:00,68.62,68.69,68.69,68.64,96.96596294
2023-11-03 00:59:00,68.6,68.67,68.6,68.62,253.00929563
2023-11-03 00:58:00,68.51,68.61,68.57,68.56,154.49698113
2023-11-03 00:57:00,68.32,68.6,68.46,68.6,431.96836427
2023-11-03 00:56:00,68.42,68.62,68.62,68.42,83.23537669
2023-11-03 00:55:00,68.5,68.64,68.56,68.6,431.21539672
2023-11-03 00:54:00,68.46,68.66,68.51,68.59,431.01724788
2023-11-03 00:53:00,68.44,68.73,68.7,68.48,447.91675805
2023-11-03 00:52:00,68.65,68.77,68.77,68.68,356.06172765
2023-11-03 00:51:00,68.75,68.83,68.82,68.77,92.54751852
2023-11-03 00:50:00,68.79,68.85,68.79,68.82,4.14701092
2023-11-03 00:49:00,68.76,68.82,68.8,68.8,128.51836702
2023-11-03 00:48:00,68.81,68.89,68.89,68.81,37.21831165
2023-11-03 00:47:00,68.88,68.99,68.98,68.88,24.18033619
2023-11-03 00:46:00,68.94,69.11,69.11,68.98,45.90911841
2023-11-03 00:45:00,68.98,69.1,69.01,69.1,237.14615191
2023-11-03 00:44:00,69.04,69.08,69.05,69.04,9.85621206
2023-11-03 00:43:00,68.99,69.05,68.99,69.05,44.5975227
2023-11-03 00:42:00,68.95,69.05,69.05,68.99,66.61932877
2023-11-03 00:41:00,69.02,69.14,69.1,69.02,45.54296056
2023-11-03 00:40:00,68.94,69.09,69.01,69.09,66.32228798
2023-11-03 00:39:00,68.87,69.04,68.88,69.03,23.88381688
2023-11-03 00:38:00,68.79,68.87,68.87,68.85,47.99001789
2023-11-03 00:37:00,68.83,68.92,68.9,68.89,3.52197874
2023-11-03 00:36:00,68.79,68.97,68.95,68.87,242.43480644
2023-11-03 00:35:00,68.95,69.01,69.01,68.95,9.25466724
2023-11-03 00:34:00,68.89,69.05,69.04,68.94,116.11781901
2023-11-03 00:33:00,69.07,69.16,69.13,69.07,13.38226473
2023-11-03 00:32:00,69.08,69.13,69.11,69.12,25.94465554
2023-11-03 00:31:00,69.02,69.09,69.09,69.09,162.16601157
2023-11-03 00:30:00,69.03,69.11,69.04,69.1,57.30081849
2023-11-03 00:29:00,69.03,69.12,69.12,69.03,12.43241139
2023-11-03 00:28:00,69.08,69.13,69.09,69.11,31.39047668
2023-11-03 00:27:00,69.04,69.13,69.12,69.13,126.41993331
2023-11-03 00:26:00,69.11,69.3,69.3,69.15,55.21889258
2023-11-03 00:25:00,69.24,69.32,69.32,69.27,52.05155672
2023-11-03 00:24:00,69.29,69.39,69.37,69.38,56.70612135
2023-11-03 00:23:00,69.22,69.35,69.24,69.35,39.44642545
2023-11-03 00:22:00,69.24,69.34,69.33,69.24,148.50653576
2023-11-03 00:21:00,69.3,69.38,69.37,69.33,29.93601828
2023-11-03 00:20:00,69.23,69.41,69.4,69.41,26.66918641
2023-11-03 00:19:00,69.21,69.38,69.3,69.38,28.41704201
2023-11-03 00:18:00,69.22,69.3,69.24,69.28,63.4887947
2023-11-03 00:17:00,69.23,69.45,69.45,69.23,64.60393162
2023-11-03 00:16:00,69.33,69.45,69.33,69.45,140.69527874
2023-11-03 00:15:00,69.28,69.49,69.45,69.31,71.04594927
2023-11-03 00:14:00,69.42,69.53,69.53,69.42,33.80788562
2023-11-03 00:13:00,69.44,69.51,69.49,69.49,13.02387973
2023-11-03 00:12:00,69.47,69.59,69.5,69.5,205.64893864
2023-11-03 00:11:00,69.39,69.46,69.4,69.45,10.17536568
2023-11-03 00:10:00,69.23,69.36,69.23,69.36,74.84407084
2023-11-03 00:09:00,69.25,69.32,69.27,69.25,41.45377943
2023-11-03 00:08:00,69.2,69.34,69.34,69.28,97.19744536
2023-11-03 00:07:00,69.1,69.33,69.13,69.33,90.09241053
2023-11-03 00:06:00,69.17,69.31,69.29,69.18,73.59065109
2023-11-03 00:05:00,69.3,69.36,69.31,69.32,27.18791296
2023-11-03 00:04:00,69.3,69.38,69.38,69.3,22.69243277
2023-11-03 00:03:00,69.37,69.43,69.38,69.37,19.87765959
2023-11-03 00:02:00,69.27,69.37,69.31,69.37,37.73706666
2023-11-03 00:01:00,69.33,69.46,69.42,69.33,38.79163593
2023-11-03 00:00:00,69.4,69.44,69.44,69.42,19.57989147
2023-11-02 23:59:00,69.37,69.46,69.41,69.46,40.42196972
2023-11-02 23:58:00,69.38,69.42,69.4,69.4,20.95765179
2023-11-02 23:57:00,69.38,69.43,69.4,69.4,21.21406317
2023-11-02 23:56:00,69.33,69.42,69.35,69.41,38.58353832
2023-11-02 23:55:00,69.25,69.35,69.32,69.35,55.69609153
2023-11-02 23:54:00,69.31,69.34,69.32,69.32,4.36493894
2023-11-02 23:53:00,69.32,69.41,69.41,69.35,21.18490817
2023-11-02 23:52:00,69.38,69.41,69.41,69.4,12.65594707
2023-11-02 23:51:00,69.36,69.48,69.48,69.42,142.70587075
2023-11-02 23:50:00,69.42,69.48,69.48,69.48,5.94923256
2023-11-02 23:49:00,69.45,69.5,69.46,69.45,10.39790595
2023-11-02 23:48:00,69.34,69.48,69.34,69.45,94.99413965
2023-11-02 23:47:00,69.23,69.33,69.23,69.33,56.46986457
2023-11-02 23:46:00,69.21,69.3,69.28,69.25,18.28295576
2023-11-02 23:45:00,69.27,69.36,69.31,69.28,109.09737684
2023-11-02 23:44:00,69.3,69.33,69.32,69.32,63.67049704
2023-11-02 23:43:00,69.31,69.34,69.34,69.32,23.13571709
2023-11-02 23:42:00,69.32,69.35,69.33,69.34,30.16551391
2023-11-02 23:41:00,69.3,69.36,69.3,69.35,33.52226523
2023-11-02 23:40:00,69.24,69.29,69.26,69.29,8.97877728
2023-11-02 23:39:00,69.27,69.3,69.29,69.29,4.39398795
2023-11-02 23:38:00,69.19,69.3,69.24,69.3,45.98694922
2023-11-02 23:37:00,69.23,69.29,69.25,69.29,19.44333956
2023-11-02 23:36:00,69.11,69.27,69.17,69.27,65.43831414
2023-11-02 23:35:00,69.19,69.34,69.34,69.19,14.71972927
2023-11-02 23:34:00,69.33,69.36,69.34,69.36,17.4755829
2023-11-02 23:33:00,69.34,69.42,69.39,69.34,19.13360071
2023-11-02 23:32:00,69.39,69.47,69.46,69.41,24.36707801
2023-11-02 23:31:00,69.44,69.5,69.44,69.5,29.31528934
2023-11-02 23:30:00,69.41,69.47,69.43,69.46,48.34568349
2023-11-02 23:29:00,69.36,69.41,69.36,69.41,24.51320646
2023-11-02 23:28:00,69.35,69.45,69.45,69.37,123.32436075
2023-11-02 23:27:00,69.45,69.49,69.48,69.49,26.43850156
2023-11-02 23:26:00,69.47,69.5,69.48,69.48,10.19416118
2023-11-02 23:25:00,69.42,69.49,69.42,69.47,48.79709594
2023-11-02 23:24:00,69.43,69.46,69.45,69.44,30.91120339
2023-11-02 23:23:00,69.41,69.47,69.45,69.44,57.50571722
2023-11-02 23:22:00,69.34,69.44,69.37,69.44,27.68877906
2023-11-02 23:21:00,69.34,69.41,69.35,69.36,49.02756187
2023-11-02 23:20:00,69.33,69.37,69.35,69.35,34.25009373
2023-11-02 23:19:00,69.3,69.35,69.3,69.34,63.25434409
2023-11-02 23:18:00,69.27,69.32,69.29,69.28,20.35511153
2023-11-02 23:17:00,69.18,69.28,69.19,69.27,51.14503002
2023-11-02 23:16:00,69.11,69.19,69.13,69.19,8.32688355
2023-11-02 23:15:00,69.07,69.14,69.08,69.11,20.82603707
2023-11-02 23:14:00,69.04,69.09,69.08,69.08,30.68630755
2023-11-02 23:13:00,69.06,69.09,69.09,69.08,13.29036269
2023-11-02 23:12:00,68.97,69.05,69.03,69.05,45.3130719
2023-11-02 23:11:00,69.03,69.1,69.1,69.03,13.34226744
2023-11-02 23:10:00,69.07,69.13,69.13,69.07,41.68218878
2023-11-02 23:09:00,69.09,69.13,69.11,69.13,29.90693113
2023-11-02 23:08:00,69.08,69.13,69.11,69.08,22.088397
2023-11-02 23:07:00,69.16,69.2,69.19,69.16,19.09670384
2023-11-02 23:06:00,69.13,69.2,69.13,69.2,8.62043672
2023-11-02 23:05:00,69.12,69.18,69.18,69.13,29.53292328
2023-11-02 23:04:00,69.09,69.16,69.09,69.15,12.24559048
2023-11-02 23:03:00,69.07,69.12,69.09,69.11,111.41769787
2023-11-02 23:02:00,69.08,69.12,69.09,69.09,21.99325459
2023-11-02 23:01:00,69.07,69.18,69.17,69.07,81.12032395
2023-11-02 23:00:00,69.15,69.2,69.2,69.15,15.14013177
2023-11-02 22:59:00,69.17,69.25,69.25,69.19,29.17808872
2023-11-02 22:58:00,69.24,69.26,69.26,69.25,6.53392564
2023-11-02 22:57:00,69.25,69.33,69.33,69.25,23.06321972
2023-11-02 22:56:00,69.24,69.34,69.24,69.34,78.45621602
2023-11-02 22:55:00,69.18,69.22,69.19,69.2,7.48824618
2023-11-02 22:54:00,69.17,69.22,69.2,69.19,112.44357461
2023-11-02 22:53:00,69.18,69.23,69.21,69.18,55.08495931
2023-11-02 22:52:00,69.19,69.24,69.19,69.24,3.90357409
2023-11-02 22:51:00,69.2,69.26,69.26,69.21,4.88565232
2023-11-02 22:50:00,69.16,69.26,69.22,69.26,15.06799274
2023-11-02 22:49:00,69.2,69.23,69.2,69.23,57.80745475
2023-11-02 22:48:00,69.15,69.26,69.26,69.17,57.16136811
2023-11-02 22:47:00,69.24,69.28,69.24,69.26,9.60751104
2023-11-02 22:46:00,69.19,69.29,69.26,69.25,26.51501821
2023-11-02 22:45:00,69.23,69.27,69.26,69.23,15.04896152
2023-11-02 22:44:00,69.18,69.23,69.23,69.23,20.6205769
2023-11-02 22:43:00,69.16,69.27,69.22,69.17,251.16745492
2023-11-02 22:42:00,69.1,69.2,69.19,69.2,51.62545731
2023-11-02 22:41:00,69.18,69.28,69.28,69.19,74.98577131
2023-11-02 22:40:00,69.21,69.33,69.33,69.27,254.85854758
2023-11-02 22:39:00,69.31,69.35,69.32,69.34,13.26025474
2023-11-02 22:38:00,69.24,69.3,69.27,69.3,173.86589525
2023-11-02 22:37:00,69.29,69.41,69.41,69.29,13.05148541
2023-11-02 22:36:00,69.39,69.42,69.41,69.39,13.21739072
2023-11-02 22:35:00,69.38,69.42,69.39,69.41,16.70956762
2023-11-02 22:34:00,69.4,69.45,69.44,69.4,9.26399492
2023-11-02 22:33:00,69.44,69.47,69.47,69.44,12.80093088
2023-11-02 22:32:00,69.4,69.47,69.4,69.47,6.36549624
2023-11-02 22:31:00,69.34,69.41,69.35,69.41,44.43847912
2023-11-02 22:30:00,69.33,69.35,69.34,69.35,77.60813996
2023-11-02 22:29:00,69.34,69.37,69.35,69.34,24.95664864
2023-11-02 22:28:00,69.34,69.38,69.34,69.37,18.63581497
2023-11-02 22:27:00,69.3,69.38,69.3,69.36,13.17334223
2023-11-02 22:26:00,69.27,69.3,69.28,69.29,66.64378822
2023-11-02 22:25:00,69.27,69.32,69.32,69.27,16.36431228
2023-11-02 22:24:00,69.28,69.33,69.33,69.28,8.91005507
2023-11-02 22:23:00,69.26,69.33,69.27,69.33,37.76768572
2023-11-02 22:22:00,69.29,69.41,69.41,69.29,15.32480146
2023-11-02 22:21:00,69.39,69.43,69.43,69.41,43.99868082
2023-11-02 22:20:00,69.34,69.44,69.34,69.44,21.21884227
2023-11-02 22:19:00,69.29,69.35,69.29,69.34,18.04749862
2023-11-02 22:18:00,69.25,69.29,69.27,69.29,49.73135277
2023-11-02 22:17:00,69.21,69.27,69.24,69.27,7.92456026
2023-11-02 22:16:00,69.15,69.24,69.16,69.24,117.03890776
2023-11-02 22:15:00,69.13,69.17,69.16,69.16,16.57006509
2023-11-02 22:14:00,69.1,69.16,69.1,69.16,71.8423731
2023-11-02 22:13:00,69.08,69.13,69.13,69.08,18.14810233
2023-11-02 22:12:00,69.15,69.2,69.2,69.15,5.96304948
2023-11-02 22:11:00,69.17,69.2,69.18,69.19,41.57081647
2023-11-02 22:10:00,69.15,69.24,69.24,69.21,29.2456131
2023-11-02 22:09:00,69.26,69.31,69.31,69.26,8.00040863
2023-11-02 22:08:00,69.2,69.32,69.32,69.28,24.81152895
2023-11-02 22:07:00,69.31,69.35,69.34,69.31,9.66271871
2023-11-02 22:06:00,69.32,69.33,69.33,69.33,14.02023802
2023-11-02 22:05:00,69.26,69.32,69.26,69.32,12.66410997
2023-11-02 22:04:00,69.27,69.32,69.32,69.3,11.52685883
2023-11-02 22:03:00,69.22,69.32,69.22,69.32,15.63310662
2023-11-02 22:02:00,69.19,69.25,69.2,69.25,8.28590275
2023-11-02 22:01:00,69.2,69.33,69.33,69.2,50.94704095
2023-11-02 22:00:00,69.3,69.32,69.32,69.32,7.23371746
2023-11-02 21:59:00,69.27,69.31,69.27,69.28,28.41244466
2023-11-02 21:58:00,69.26,69.29,69.26,69.29,3.47665045
2023-11-02 21:57:00,69.26,69.28,69.28,69.26,1.04455966
2023-11-02 21:56:00,69.24,69.28,69.27,69.28,56.14150324
2023-11-02 21:55:00,69.22,69.27,69.23,69.27,21.26727022
2023-11-02 21:54:00,69.2,69.23,69.22,69.2,5.86455291
2023-11-02 21:53:00,69.2,69.23,69.23,69.23,2.76702095
2023-11-02 21:52:00,69.19,69.23,69.22,69.23,11.32212988
2023-11-02 21:51:00,69.2,69.23,69.22,69.23,13.72069349
2023-11-02 21:50:00,69.17,69.22,69.19,69.22,7.77711106
2023-11-02 21:49:00,69.19,69.21,69.2,69.21,23.02088652
2023-11-02 21:48:00,69.14,69.2,69.15,69.2,150.77350573
2023-11-02 21:47:00,69.15,69.17,69.17,69.17,2.18625182
2023-11-02 21:46:00,69.14,69.17,69.14,69.17,21.4871322
2023-11-02 21:45:00,69.1,69.15,69.12,69.14,38.94155844
2023-11-02 21:44:00,69.1,69.13,69.11,69.12,2.88971701
2023-11-02 21:43:00,69.07,69.11,69.09,69.11,22.17102879
2023-11-02 21:42:00,69.06,69.1,69.06,69.07,13.92426807
2023-11-02 21:41:00,69.05,69.12,69.12,69.05,6.89178316
2023-11-02 21:40:00,69.11,69.14,69.14,69.13,11.35207302
2023-11-02 21:39:00,69.11,69.2,69.13,69.16,40.75534094
2023-11-02 21:38:00,69.09,69.12,69.12,69.12,23.53142033
2023-11-02 21:37:00,69.12,69.16,69.16,69.12,17.65996714
2023-11-02 21:36:00,69.18,69.21,69.18,69.19,3.89568662
2023-11-02 21:35:00,69.17,69.21,69.21,69.18,14.53513315
2023-11-02 21:34:00,69.1,69.21,69.11,69.21,28.10596664
2023-11-02 21:33:00,69.09,69.11,69.09,69.09,0.64793544
2023-11-02 21:32:00,69.09,69.11,69.1,69.11,13.37467038
2023-11-02 21:31:00,69.06,69.16,69.15,69.09,3.99837721
2023-11-02 21:30:00,69.12,69.18,69.18,69.13,65.40799417
2023-11-02 21:29:00,69.1,69.18,69.1,69.18,2.54135652
2023-11-02 21:28:00,69.12,69.17,69.16,69.14,36.61009636
2023-11-02 21:27:00,69.07,69.14,69.09,69.14,2.32417658
2023-11-02 21:26:00,68.94,69.04,69.03,69.04,230.40379948
2023-11-02 21:25:00,69.04,69.09,69.09,69.04,22.20426434
2023-11-02 21:24:00,69.13,69.21,69.21,69.13,5.7167331
2023-11-02 21:23:00,69.21,69.25,69.24,69.22,40.16950252
2023-11-02 21:22:00,69.2,69.27,69.27,69.23,5.88646902
2023-11-02 21:21:00,69.23,69.26,69.24,69.26,14.39318174
2023-11-02 21:20:00,69.16,69.24,69.21,69.24,102.53825408
2023-11-02 21:19:00,69.17,69.18,69.18,69.18,39.5095526
2023-11-02 21:18:00,69.12,69.18,69.14,69.16,4.27649836
2023-11-02 21:17:00,69.02,69.12,69.06,69.11,79.21745042
2023-11-02 21:16:00,69.04,69.08,69.06,69.07,30.91696619
2023-11-02 21:15:00,69.09,69.14,69.14,69.09,7.22454496
2023-11-02 21:14:00,69.14,69.17,69.16,69.14,11.73995954
2023-11-02 21:13:00,69.06,69.16,69.11,69.16,25.42184533
2023-11-02 21:12:00,69.05,69.15,69.1,69.13,219.36009878
2023-11-02 21:11:00,69.06,69.11,69.06,69.11,1.30296317
2023-11-02 21:10:00,69.02,69.07,69.04,69.04,7.64014028
2023-11-02 21:09:00,69.01,69.03,69.03,69.02,58.11156482
2023-11-02 21:08:00,69.03,69.21,69.21,69.03,9.69558878
2023-11-02 21:07:00,69.2,69.25,69.24,69.23,32.39640522
2023-11-02 21:06:00,69.21,69.26,69.21,69.26,68.4114975
2023-11-02 21:05:00,69.16,69.19,69.18,69.17,13.76003312
2023-11-02 21:04:00,69.1,69.15,69.15,69.14,47.22589286
2023-11-02 21:03:00,69.14,69.2,69.2,69.14,12.7342746
2023-11-02 21:02:00,69.2,69.27,69.25,69.2,244.32451688
2023-11-02 21:01:00,69.2,69.26,69.26,69.21,19.64251569
2023-11-02 21:00:00,69.26,69.29,69.26,69.28,44.98905901
2023-11-02 20:59:00,69.28,69.3,69.29,69.28,11.19323583
2023-11-02 20:58:00,69.26,69.31,69.26,69.27,5.41987868
2023-11-02 20:57:00,69.23,69.25,69.23,69.23,17.29281262
2023-11-02 20:56:00,69.27,69.33,69.29,69.27,16.23216257
2023-11-02 20:55:00,69.21,69.29,69.22,69.29,22.10960521
2023-11-02 20:54:00,69.21,69.3,69.24,69.23,14.26106845
2023-11-02 20:53:00,69.12,69.25,69.12,69.22,34.49509485
2023-11-02 20:52:00,69.08,69.12,69.08,69.12,6.2344341
2023-11-02 20:51:00,69.0,69.08,69.04,69.08,12.42065989
2023-11-02 20:50:00,69.04,69.15,69.14,69.05,119.4959833
2023-11-02 20:49:00,69.15,69.24,69.24,69.15,30.51999296
2023-11-02 20:48:00,69.18,69.25,69.2,69.23,21.10401119
2023-11-02 20:47:00,69.14,69.21,69.15,69.2,29.13611644
2023-11-02 20:46:00,69.09,69.16,69.16,69.14,15.30495912
2023-11-02 20:45:00,69.07,69.16,69.1,69.16,36.08519352
2023-11-02 20:44:00,69.12,69.19,69.19,69.14,39.5103218
2023-11-02 20:43:00,69.18,69.23,69.2,69.18,16.25734498
2023-11-02 20:42:00,69.12,69.17,69.13,69.17,7.63828514
2023-11-02 20:41:00,69.14,69.19,69.19,69.15,53.89127826
2023-11-02 20:40:00,69.19,69.24,69.22,69.19,153.83151935
2023-11-02 20:39:00,69.24,69.29,69.25,69.24,20.88638437
2023-11-02 20:38:00,69.21,69.26,69.21,69.26,50.16121933
2023-11-02 20:37:00,69.16,69.24,69.24,69.19,63.67655098
2023-11-02 20:36:00,69.11,69.24,69.13,69.24,547.24968497
2023-11-02 20:35:00,69.03,69.13,69.05,69.11,69.32654385
2023-11-02 20:34:00,69.04,69.1,69.05,69.1,91.2822431
2023-11-02 20:33:00,69.08,69.14,69.13,69.09,10.17871487
2023-11-02 20:32:00,69.06,69.16,69.06,69.13,79.06329359
2023-11-02 20:31:00,69.05,69.14,69.12,69.05,26.86624118
2023-11-02 20:30:00,69.11,69.27,69.22,69.12,313.31475064
2023-11-02 20:29:00,69.22,69.26,69.22,69.24,22.50363192
2023-11-02 20:28:00,69.24,69.29,69.25,69.24,29.97182375
2023-11-02 20:27:00,69.24,69.27,69.27,69.24,18.52638877
2023-11-02 20:26:00,69.24,69.33,69.27,69.28,27.74589871
2023-11-02 20:25:00,69.3,69.36,69.34,69.3,2.79101472
2023-11-03 06:25:00,69.21,69.25,69.22,69.25,7.5857021
2023-11-03 06:24:00,69.2,69.23,69.2,69.22,17.40581173
2023-11-03 06:23:00,69.23,69.29,69.27,69.23,2.40940861
2023-11-03 06:22:00,69.21,69.26,69.21,69.26,8.0926013
2023-11-03 06:21:00,69.19,69.22,69.19,69.21,19.48649107
2023-11-03 06:20:00,69.17,69.21,69.21,69.19,38.19675659
2023-11-03 06:19:00,69.18,69.21,69.18,69.21,19.35435013
2023-11-03 06:18:00,69.12,69.2,69.17,69.2,620.40256651
2023-11-03 06:17:00,69.14,69.21,69.17,69.14,23.85217576
2023-11-03 06:16:00,69.15,69.22,69.21,69.15,35.55127973
2023-11-03 06:15:00,69.24,69.32,69.31,69.25,116.32731779
2023-11-03 06:14:00,69.3,69.32,69.31,69.31,10.46881712
2023-11-03 06:13:00,69.33,69.39,69.39,69.33,22.38129604
2023-11-03 06:12:00,69.37,69.41,69.37,69.4,8.56449105
2023-11-03 06:11:00,69.35,69.4,69.36,69.39,171.61067202
2023-11-03 06:10:00,69.38,69.4,69.4,69.38,21.29145532
2023-11-03 06:09:00,69.37,69.4,69.4,69.39,28.52615089
2023-11-03 06:08:00,69.36,69.43,69.37,69.43,14.29987131
2023-11-03 06:07:00,69.35,69.38,69.36,69.35,27.75962287
2023-11-03 06:06:00,69.33,69.37,69.35,69.34,54.4314889
2023-11-03 06:05:00,69.28,69.35,69.28,69.35,19.82764307
2023-11-03 06:04:00,69.31,69.35,69.35,69.32,15.11173676
2023-11-03 06:03:00,69.33,69.37,69.34,69.37,175.68850852
2023-11-03 06:02:00,69.32,69.36,69.35,69.33,47.2678325
2023-11-03 06:01:00,69.34,69.38,69.35,69.35,290.69343626
2023-11-03 06:00:00,69.32,69.35,69.32,69.35,369.24442001
2023-11-03 05:59:00,69.31,69.33,69.33,69.31,23.61810676
2023-11-03 05:58:00,69.27,69.35,69.27,69.33,8.6844279
2023-11-03 05:57:00,69.26,69.32,69.26,69.28,5.78454974
2023-11-03 05:56:00,69.28,69.31,69.29,69.29,59.67458015
2023-11-03 05:55:00,69.27,69.34,69.33,69.27,27.64234102
2023-11-03 05:54:00,69.27,69.32,69.3,69.32,26.89254227
2023-11-03 05:53:00,69.31,69.34,69.31,69.31,10.23745085
2023-11-03 05:52:00,69.27,69.29,69.27,69.29,29.28106801
2023-11-03 05:51:00,69.22,69.28,69.25,69.28,84.86725616
2023-11-03 05:50:00,69.21,69.25,69.21,69.25,26.09738637
2023-11-03 05:49:00,69.18,69.22,69.18,69.22,109.85385335
2023-11-03 05:48:00,69.12,69.18,69.12,69.16,68.31177042
2023-11-03 05:47:00,69.1,69.12,69.1,69.12,15.42740073
2023-11-03 05:46:00,69.05,69.11,69.05,69.11,3.36453881
2023-11-03 05:45:00,69.04,69.12,69.11,69.04,49.9567352
2023-11-03 05:44:00,69.06,69.12,69.06,69.12,135.99089113
2023-11-03 05:43:00,68.99,69.06,69.05,69.06,43.84207832
2023-11-03 05:42:00,69.03,69.12,69.1,69.05,56.80355272
2023-11-03 05:41:00,69.07,69.1,69.07,69.1,33.86986164
2023-11-03 05:40:00,69.03,69.09,69.08,69.05,6.14074649
2023-11-03 05:39:00,69.0,69.08,69.06,69.08,12.49133104
2023-11-03 05:38:00,68.98,69.05,68.98,69.05,12.34515465
2023-11-03 05:37:00,68.93,69.02,68.94,68.99,10.00571046
2023-11-03 05:36:00,68.92,69.01,69.01,68.92,6.27853981
2023-11-03 05:35:00,69.0,69.04,69.01,69.01,107.08681064
2023-11-03 05:34:00,69.02,69.07,69.07,69.03,37.32208348
2023-11-03 05:33:00,69.01,69.08,69.06,69.07,50.8760751
2023-11-03 05:32:00,69.04,69.07,69.06,69.07,72.25434502
2023-11-03 05:31:00,69.03,69.06,69.03,69.04,29.62959742
2023-11-03 05:30:00,69.02,69.05,69.02,69.04,52.39937831
2023-11-03 05:29:00,69.02,69.05,69.03,69.05,29.05034897
2023-11-03 05:28:00,68.93,69.03,68.93,69.03,117.38284507
2023-11-03 05:27:00,68.89,68.93,68.91,68.93,38.67179156
2023-11-03 05:26:00,68.84,68.92,68.84,68.92,43.44069858
2023-11-03 05:25:00,68.73,68.84,68.84,68.84,48.91133188
2023-11-03 05:24:00,68.82,68.86,68.82,68.84,48.68031325
2023-11-03 05:23:00,68.82,68.84,68.82,68.84,19.14573607
2023-11-03 05:22:00,68.8,68.84,68.8,68.84,8.29626305
2023-11-03 05:21:00,68.7,68.8,68.7,68.8,37.3731554
2023-11-03 05:20:00,68.72,68.79,68.77,68.72,67.48576548
2023-11-03 05:19:00,68.68,68.8,68.72,68.8,45.25061279
2023-11-03 05:18:00,68.73,68.75,68.74,68.73,15.20657281
2023-11-03 05:17:00,68.63,68.74,68.64,68.74,19.51768444
2023-11-03 05:16:00,68.57,68.64,68.63,68.64,42.04916981
2023-11-03 05:15:00,68.65,68.71,68.67,68.65,25.3171863
2023-11-03 05:14:00,68.63,68.7,68.63,68.65,43.07243345
2023-11-03 05:13:00,68.63,68.72,68.71,68.63,35.95953105
2023-11-03 05:12:00,68.71,68.75,68.75,68.73,8.91185893
2023-11-03 05:11:00,68.76,68.81,68.8,68.78,34.74640056
2023-11-03 05:10:00,68.78,68.86,68.78,68.81,54.147503
2023-11-03 05:09:00,68.73,68.8,68.75,68.8,49.46697545
2023-11-03 05:08:00,68.69,68.77,68.69,68.75,30.05437831
2023-11-03 05:07:00,68.63,68.69,68.66,68.69,68.65043354
2023-11-03 05:06:00,68.58,68.69,68.61,68.69,18.54596428
2023-11-03 05:05:00,68.59,68.72,68.71,68.59,36.16725414
2023-11-03 05:04:00,68.69,68.8,68.8,68.71,58.32035717
2023-11-03 05:03:00,68.75,68.79,68.78,68.79,94.14939042
2023-11-03 05:02:00,68.77,68.83,68.78,68.81,138.41138887
2023-11-03 05:01:00,68.68,68.8,68.7,68.78,9.89995877
2023-11-03 05:00:00,68.65,68.71,68.66,68.7,199.11133591
2023-11-03 04:59:00,68.65,68.7,68.69,68.65,50.80504852
2023-11-03 04:58:00,68.63,68.67,68.63,68.67,13.6962753
2023-11-03 04:57:00,68.52,68.64,68.52,68.64,99.51196916
2023-11-03 04:56:00,68.54,68.64,68.54,68.56,84.62188085
2023-11-03 04:55:00,68.49,68.55,68.55,68.53,33.52575045
2023-11-03 04:54:00,68.54,68.62,68.62,68.54,23.98602326
2023-11-03 04:53:00,68.52,68.71,68.71,68.65,375.2293217
2023-11-03 04:52:00,68.66,68.71,68.66,68.71,31.25797192
2023-11-03 04:51:00,68.6,68.65,68.6,68.65,11.65039299
2023-11-03 04:50:00,68.5,68.61,68.5,68.6,22.91319644
2023-11-03 04:49:00,68.39,68.51,68.39,68.5,70.3540683
2023-11-03 04:48:00,68.35,68.46,68.44,68.4,98.68016126
2023-11-03 04:47:00,68.25,68.45,68.41,68.44,306.87495476
2023-11-03 04:46:00,68.38,68.5,68.5,68.38,105.48873699
2023-11-03 04:45:00,68.49,68.56,68.51,68.5,111.10307004
2023-11-03 04:44:00,68.49,68.56,68.56,68.52,17.55833242
2023-11-03 04:43:00,68.56,68.57,68.57,68.56,24.29122203
2023-11-03 04:42:00,68.58,68.6,68.6,68.59,41.2712896
2023-11-03 04:41:00,68.61,68.67,68.64,68.67,2.87213936
2023-11-03 04:40:00,68.66,68.69,68.69,68.66,29.80787233
2023-11-03 04:39:00,68.69,68.77,68.77,68.7,25.37651345
2023-11-03 04:38:00,68.74,68.82,68.76,68.78,216.34814209
2023-11-03 04:37:00,68.73,68.79,68.73,68.76,73.43934343
2023-11-03 04:36:00,68.7,68.73,68.7,68.73,29.90225515
2023-11-03 04:35:00,68.71,68.75,68.73,68.71,41.49244231
2023-11-03 04:34:00,68.72,68.78,68.77,68.72,92.82464442
2023-11-03 04:33:00,68.77,68.83,68.83,68.77,32.92429704
2023-11-03 04:32:00,68.83,68.86,68.86,68.83,6.17867446
2023-11-03 04:31:00,68.82,68.87,68.87,68.87,26.59527917
2023-11-03 04:30:00,68.89,68.91,68.91,68.89,12.22628558
2023-11-03 04:29:00,68.89,68.93,68.92,68.89,20.04823835
2023-11-03 04:28:00,68.91,68.92,68.91,68.92,3.86121131
2023-11-03 04:27:00,68.88,68.92,68.88,68.89,25.87195012
2023-11-03 04:26:00,68.82,68.88,68.84,68.88,28.42868565
2023-11-03 04:25:00,68.83,68.87,68.87,68.85,12.12000831
2023-11-03 04:24:00,68.82,68.89,68.89,68.86,16.0616189
2023-11-03 04:23:00,68.87,68.94,68.92,68.87,72.48982323
2023-11-03 04:22:00,68.86,68.91,68.88,68.91,4.67927292
2023-11-03 04:21:00,68.83,68.86,68.83,68.86,1.85760576
2023-11-03 04:20:00,68.8,68.89,68.88,68.83,37.15702702
2023-11-03 04:19:00,68.84,68.88,68.85,68.88,40.86313437
2023-11-03 04:18:00,68.86,68.89,68.89,68.87,74.97481833
2023-11-03 04:17:00,68.88,68.91,68.9,68.88,108.57097085
2023-11-03 04:16:00,68.84,68.9,68.88,68.9,161.16023052
2023-11-03 04:15:00,68.86,68.91,68.86,68.9,3.81243175
2023-11-03 04:14:00,68.85,68.87,68.86,68.87,7.10660374
2023-11-03 04:13:00,68.85,68.89,68.89,68.86,50.860557
2023-11-03 04:12:00,68.81,68.89,68.81,68.89,23.3583754
2023-11-03 04:11:00,68.85,68.87,68.86,68.85,31.61857036
2023-11-03 04:10:00,68.84,68.88,68.84,68.85,18.30125751
2023-11-03 04:09:00,68.81,68.88,68.81,68.88,161.14406864
2023-11-03 04:08:00,68.71,68.75,68.72,68.75,20.44651086
2023-11-03 04:07:00,68.71,68.76,68.76,68.72,20.97016452
2023-11-03 04:06:00,68.76,68.8,68.79,68.76,10.47361241
2023-11-03 04:05:00,68.78,68.84,68.84,68.79,31.88591673
2023-11-03 04:04:00,68.83,68.89,68.86,68.83,65.75073995
2023-11-03 04:03:00,68.8,68.86,68.8,68.86,2.69971335
2023-11-03 04:02:00,68.76,68.83,68.81,68.82,33.78775082
2023-11-03 04:01:00,68.76,68.82,68.76,68.81,33.57906176
2023-11-03 04:00:00,68.71,68.74,68.71,68.74,20.65053997
2023-11-03 03:59:00,68.71,68.81,68.8,68.73,55.05917978
2023-11-03 03:58:00,68.77,68.8,68.79,68.8,33.15392434
2023-11-03 03:57:00,68.77,68.79,68.78,68.78,17.14636195
2023-11-03 03:56:00,68.78,68.8,68.79,68.8,18.29711111
2023-11-03 03:55:00,68.76,68.79,68.78,68.78,14.56042176
2023-11-03 03:54:00,68.76,68.8,68.79,68.79,78.23737928
2023-11-03 03:53:00,68.78,68.8,68.8,68.79,7.28067077
2023-11-03 03:52:00,68.78,68.82,68.78,68.79,80.49769869
2023-11-03 03:51:00,68.77,68.78,68.77,68.77,18.58402477
2023-11-03 03:50:00,68.74,68.77,68.74,68.77,44.73982204
2023-11-03 03:49:00,68.66,68.74,68.66,68.73,45.78717523
2023-11-03 03:48:00,68.65,68.7,68.68,68.67,29.67654528
2023-11-03 03:47:00,68.63,68.69,68.69,68.63,12.60282242
2023-11-03 03:46:00,68.67,68.7,68.68,68.7,59.8685101
2023-11-03 03:45:00,68.68,68.73,68.73,68.69,29.01965957
2023-11-03 03:44:00,68.68,68.7,68.68,68.7,56.96703209
2023-11-03 03:43:00,68.65,68.68,68.68,68.68,22.10432501
2023-11-03 03:42:00,68.64,68.69,68.64,68.69,13.65259002
2023-11-03 03:41:00,68.62,68.68,68.67,68.62,32.548545
2023-11-03 03:40:00,68.62,68.68,68.66,68.67,75.92903537
2023-11-03 03:39:00,68.57,68.67,68.62,68.65,260.91728955
2023-11-03 03:38:00,68.61,68.66,68.66,68.62,20.65876825
2023-11-03 03:37:00,68.64,68.67,68.67,68.66,3.3520143
2023-11-03 03:36:00,68.64,68.7,68.7,68.65,38.08937982
2023-11-03 03:35:00,68.65,68.72,68.67,68.72,59.41183041
2023-11-03 03:34:00,68.62,68.67,68.65,68.67,14.53356606
2023-11-03 03:33:00,68.66,68.72,68.7,68.66,43.48497986
2023-11-03 03:32:00,68.64,68.68,68.65,68.68,7.42861571
2023-11-03 03:31:00,68.62,68.67,68.63,68.66,12.46014176
2023-11-03 03:30:00,68.61,68.67,68.61,68.64,33.82419667
2023-11-03 03:29:00,68.51,68.59,68.52,68.59,57.42089829
2023-11-03 03:28:00,68.53,68.56,68.56,68.53,36.60794677
2023-11-03 03:27:00,68.54,68.57,68.55,68.57,28.28898689
2023-11-03 03:26:00,68.58,68.64,68.61,68.58,83.414915
2023-11-03 03:25:00,68.5,68.62,68.5,68.62,32.6084231
2023-11-03 03:24:00,68.52,68.59,68.59,68.52,42.48064224
2023-11-03 03:23:00,68.59,68.64,68.63,68.61,64.38684003
2023-11-03 03:22:00,68.64,68.68,68.68,68.64,49.64932543
2023-11-03 03:21:00,68.62,68.66,68.62,68.66,19.68965527
2023-11-03 03:20:00,68.61,68.63,68.63,68.63,5.38893406
2023-11-03 03:19:00,68.6,68.63,68.61,68.61,24.38930768
2023-11-03 03:18:00,68.57,68.6,68.58,68.6,8.11230609
2023-11-03 03:17:00,68.55,68.58,68.56,68.57,41.68833391
2023-11-03 03:16:00,68.53,68.55,68.55,68.54,14.81394836
2023-11-03 03:15:00,68.53,68.56,68.53,68.55,8.26729925
2023-11-03 03:14:00,68.47,68.54,68.47,68.47,7.22206615
2023-11-03 03:13:00,68.46,68.48,68.47,68.48,32.99550731
2023-11-03 03:12:00,68.51,68.57,68.57,68.51,244.09811027
2023-11-03 03:11:00,68.57,68.58,68.58,68.58,37.24224679
2023-11-03 03:10:00,68.58,68.6,68.58,68.58,76.08483011
2023-11-03 03:09:00,68.59,68.64,68.64,68.61,34.19961772
2023-11-03 03:08:00,68.61,68.64,68.64,68.64,172.29667
2023-11-03 03:07:00,68.6,68.64,68.6,68.63,38.81099773
2023-11-03 03:06:00,68.53,68.61,68.53,68.6,31.76206445
2023-11-03 03:05:00,68.53,68.54,68.53,68.53,20.31222789
2023-11-03 03:04:00,68.6,68.72,68.72,68.6,56.48858372
2023-11-03 03:03:00,68.72,68.74,68.72,68.73,25.97402034
2023-11-03 03:02:00,68.69,68.71,68.69,68.69,27.72165282
2023-11-03 03:01:00,68.69,68.76,68.76,68.69,36.11747654
2023-11-03 03:00:00,68.73,68.76,68.74,68.75,18.81733754
2023-11-03 02:59:00,68.72,68.75,68.72,68.75,2.99755151
2023-11-03 02:58:00,68.71,68.73,68.73,68.73,34.69766691
2023-11-03 02:57:00,68.63,68.72,68.63,68.71,45.7470761
2023-11-03 02:56:00,68.63,68.71,68.69,68.63,23.72696692
2023-11-03 02:55:00,68.66,68.7,68.66,68.69,7.02393817
2023-11-03 02:54:00,68.63,68.68,68.66,68.66,64.57450363
2023-11-03 02:53:00,68.62,68.67,68.62,68.67,15.7972904
2023-11-03 02:52:00,68.62,68.65,68.63,68.62,39.33750004
2023-11-03 02:51:00,68.6,68.66,68.66,68.6,103.29430882
2023-11-03 02:50:00,68.65,68.68,68.65,68.65,45.69326982
2023-11-03 02:49:00,68.59,68.64,68.59,68.64,15.70608072
2023-11-03 02:48:00,68.53,68.58,68.58,68.58,43.09412595
2023-11-03 02:47:00,68.58,68.61,68.59,68.59,13.76741917
2023-11-03 02:46:00,68.56,68.62,68.6,68.6,36.89848633
2023-11-03 02:45:00,68.59,68.66,68.64,68.6,39.34747681
2023-11-03 02:44:00,68.62,68.7,68.7,68.64,32.25966843
2023-11-03 02:43:00,68.64,68.68,68.65,68.65,316.76934825
2023-11-03 02:42:00,68.6,68.67,68.6,68.65,12.40607489
2023-11-03 02:41:00,68.58,68.61,68.6,68.58,16.38808601
2023-11-03 02:40:00,68.6,68.66,68.66,68.6,64.12907204
2023-11-03 02:39:00,68.6,68.67,68.6,68.67,155.42325957
2023-11-03 02:38:00,68.56,68.59,68.57,68.58,13.48513844
2023-11-03 02:37:00,68.57,68.6,68.57,68.59,22.27156974
2023-11-03 02:36:00,68.55,68.61,68.61,68.56,103.24128834
2023-11-03 02:35:00,68.62,68.73,68.73,68.62,65.54656545
2023-11-03 02:34:00,68.63,68.71,68.71,68.7,439.62753658
2023-11-03 02:33:00,68.68,68.75,68.69,68.7,14.01549717
2023-11-03 02:32:00,68.69,68.73,68.72,68.71,34.69697269
2023-11-03 02:31:00,68.67,68.72,68.67,68.72,13.45326437
2023-11-03 02:30:00,68.64,68.75,68.75,68.64,114.62586241
2023-11-03 02:29:00,68.71,68.74,68.72,68.74,68.16118421
2023-11-03 02:28:00,68.71,68.74,68.73,68.74,27.79326137
2023-11-03 02:27:00,68.64,68.73,68.64,68.73,8.84421556
2023-11-03 02:26:00,68.63,68.69,68.68,68.65,66.12195802
2023-11-03 02:25:00,68.63,68.69,68.63,68.68,48.97018933
2023-11-03 02:24:00,68.6,68.63,68.61,68.63,7.80888597
2023-11-03 02:23:00,68.6,68.62,68.62,68.62,18.84096697
2023-11-03 02:22:00,68.6,68.61,68.6,68.61,10.00855321
2023-11-03 02:21:00,68.56,68.62,68.59,68.59,22.53851868
2023-11-03 02:20:00,68.56,68.59,68.58,68.57,3.53125946
2023-11-03 02:19:00,68.5,68.59,68.5,68.56,57.66276153
2023-11-03 02:18:00,68.52,68.55,68.52,68.53,10.22616491
2023-11-03 02:17:00,68.49,68.53,68.53,68.51,41.14279715
2023-11-03 02:16:00,68.43,68.53,68.45,68.53,27.13146655
2023-11-03 02:15:00,68.45,68.54,68.53,68.45,73.45602071
2023-11-03 02:14:00,68.48,68.54,68.52,68.48,82.78132852
2023-11-03 02:13:00,68.47,68.52,68.49,68.52,13.65097626
2023-11-03 02:12:00,68.41,68.48,68.47,68.45,13.15309975
2023-11-03 02:11:00,68.42,68.5,68.44,68.46,57.46063311
2023-11-03 02:10:00,68.41,68.5,68.41,68.43,254.74323691
2023-11-03 02:09:00,68.36,68.43,68.36,68.41,48.36670663
2023-11-03 02:08:00,68.25,68.33,68.32,68.32,394.86803743
2023-11-03 02:07:00,68.32,68.34,68.34,68.32,8.86568901
2023-11-03 02:06:00,68.31,68.45,68.4,68.36,76.80018419
2023-11-03 02:05:00,68.42,68.48,68.46,68.42,125.61177165
2023-11-03 02:04:00,68.39,68.47,68.39,68.46,45.84538319
2023-11-03 02:03:00,68.34,68.43,68.34,68.39,24.79523296
2023-11-03 02:02:00,68.24,68.31,68.24,68.29,77.51154602
2023-11-03 02:01:00,68.11,68.21,68.16,68.21,61.94657632
2023-11-03 02:00:00,68.15,68.25,68.22,68.16,122.45394293
2023-11-03 01:59:00,68.22,68.33,68.31,68.23,115.69514358
2023-11-03 01:58:00,68.25,68.3,68.26,68.28,37.24003535
2023-11-03 01:57:00,68.13,68.22,68.19,68.22,18.51365779
2023-11-03 01:56:00,68.05,68.22,68.07,68.19,434.03931844
2023-11-03 01:55:00,68.05,68.15,68.15,68.05,145.06325745
2023-11-03 01:54:00,67.99,68.15,68.03,68.15,130.77875732
2023-11-03 01:53:00,67.93,68.0,67.93,68.0,115.10611681
2023-11-03 01:52:00,67.87,67.93,67.93,67.92,163.38025137
2023-11-03 01:51:00,67.95,68.07,68.07,67.95,105.80925358
2023-11-03 01:50:00,68.05,68.14,68.08,68.1,72.77109202
2023-11-03 01:49:00,68.0,68.09,68.09,68.07,20.40402846
2023-11-03 01:48:00,68.0,68.1,68.09,68.1,57.85546264
2023-11-03 01:47:00,68.01,68.14,68.01,68.12,49.13297723
2023-11-03 01:46:00,68.0,68.08,68.05,68.01,91.66416601
2023-11-03 01:45:00,68.02,68.23,68.13,68.05,208.11292776
2023-11-03 01:44:00,68.14,68.18,68.15,68.14,16.30474513
2023-11-03 01:43:00,68.12,68.18,68.14,68.17,60.41926796
2023-11-03 01:42:00,67.98,68.1,68.01,68.08,27.36921488
2023-11-03 01:41:00,68.01,68.1,68.06,68.04,185.11779035
2023-11-03 01:40:00,68.05,68.19,68.15,68.05,73.70648687
2023-11-03 01:39:00,68.14,68.23,68.23,68.16,57.91835064
2023-11-03 01:38:00,68.16,68.24,68.16,68.22,170.67010814
2023-11-03 01:37:00,68.18,68.32,68.22,68.18,290.98726557
2023-11-03 01:36:00,68.21,68.37,68.37,68.22,227.39832255
2023-11-03 01:35:00,68.39,68.52,68.51,68.39,63.3095778
2023-11-03 01:34:00,68.47,68.53,68.51,68.5,230.67125418
2023-11-03 01:33:00,68.42,68.53,68.42,68.51,104.70141598
2023-11-03 01:32:00,68.39,68.45,68.39,68.42,76.51058383
2023-11-03 01:31:00,68.33,68.38,68.36,68.35,221.42438518
2023-11-03 01:30:00,68.24,68.37,68.24,68.37,156.01014981
2023-11-03 01:29:00,68.17,68.24,68.17,68.24,16.7317722
2023-11-03 01:28:00,68.14,68.19,68.18,68.18,85.60392807
2023-11-03 01:27:00,68.02,68.18,68.08,68.17,77.47835286
2023-11-03 01:26:00,68.0,68.08,68.0,68.08,114.06205922
2023-11-03 01:25:00,67.92,68.03,67.98,68.02,264.41552571
2023-11-03 11:25:00,68.39,68.44,68.39,68.43,37.03563841
2023-11-03 11:24:00,68.35,68.42,68.35,68.4,5.97744432
2023-11-03 11:23:00,68.32,68.35,68.35,68.35,56.41509529
2023-11-03 11:22:00,68.33,68.37,68.35,68.33,9.09375019
2023-11-03 11:21:00,68.37,68.48,68.43,68.37,2.72307363
2023-11-03 11:20:00,68.43,68.46,68.46,68.43,9.01934651
2023-11-03 11:19:00,68.42,68.5,68.5,68.44,14.47332058
2023-11-03 11:18:00,68.5,68.54,68.54,68.51,9.55545574
2023-11-03 11:17:00,68.51,68.56,68.53,68.54,12.94287491
2023-11-03 11:16:00,68.41,68.53,68.41,68.53,15.30535125
2023-11-03 11:15:00,68.41,68.48,68.42,68.43,57.85805785
2023-11-03 11:14:00,68.41,68.45,68.41,68.44,2.76916617
2023-11-03 11:13:00,68.4,68.48,68.48,68.42,54.94413413
2023-11-03 11:12:00,68.45,68.51,68.47,68.48,17.17981808
2023-11-03 11:11:00,68.41,68.53,68.41,68.5,306.61371954
2023-11-03 11:10:00,68.35,68.39,68.37,68.38,23.8643444
2023-11-03 11:09:00,68.32,68.36,68.36,68.36,17.80825451
2023-11-03 11:08:00,68.34,68.37,68.37,68.34,2.30914414
2023-11-03 11:07:00,68.37,68.42,68.42,68.37,0.73754582
2023-11-03 11:06:00,68.39,68.41,68.41,68.39,35.22906248
2023-11-03 11:05:00,68.44,68.48,68.48,68.44,64.09298588
2023-11-03 11:04:00,68.48,68.52,68.52,68.49,4.12625929
2023-11-03 11:03:00,68.5,68.52,68.51,68.52,2.36368599
2023-11-03 11:02:00,68.45,68.5,68.45,68.5,102.23499534
2023-11-03 11:01:00,68.46,68.48,68.46,68.48,9.19379927
2023-11-03 11:00:00,68.4,68.47,68.44,68.4,35.516913
2023-11-03 10:59:00,68.41,68.47,68.41,68.47,45.86637137
2023-11-03 10:58:00,68.38,68.39,68.38,68.39,8.34676642
2023-11-03 10:57:00,68.34,68.42,68.37,68.34,53.76861004
2023-11-03 10:56:00,68.35,68.38,68.35,68.37,8.1976321
2023-11-03 10:55:00,68.32,68.37,68.37,68.34,7.6373223
2023-11-03 10:54:00,68.32,68.36,68.34,68.36,6.6829732
2023-11-03 10:53:00,68.33,68.37,68.37,68.33,15.28051289
2023-11-03 10:52:00,68.34,68.39,68.39,68.36,6.80867402
2023-11-03 10:51:00,68.37,68.41,68.37,68.41,5.7033701
2023-11-03 10:50:00,68.28,68.36,68.28,68.35,244.35708984
2023-11-03 10:49:00,68.26,68.34,68.26,68.3,16.17144211
2023-11-03 10:48:00,68.28,68.32,68.32,68.29,18.19328128
2023-11-03 10:47:00,68.35,68.39,68.39,68.35,22.30149874
2023-11-03 10:46:00,68.42,68.43,68.42,68.42,21.31909447
2023-11-03 10:45:00,68.4,68.44,68.42,68.41,27.9874467
2023-11-03 10:44:00,68.37,68.42,68.37,68.42,23.70195908
2023-11-03 10:43:00,68.3,68.38,68.3,68.36,27.30719198
2023-11-03 10:42:00,68.3,68.37,68.3,68.32,219.22471501
2023-11-03 10:41:00,68.2,68.3,68.22,68.27,50.27181748
2023-11-03 10:40:00,68.13,68.23,68.18,68.23,428.77497381
2023-11-03 10:39:00,68.17,68.21,68.21,68.17,212.71350648
2023-11-03 10:38:00,68.21,68.28,68.28,68.22,13.62217144
2023-11-03 10:37:00,68.3,68.33,68.32,68.31,13.98895132
2023-11-03 10:36:00,68.29,68.33,68.29,68.32,37.32633141
2023-11-03 10:35:00,68.28,68.35,68.35,68.28,35.175619
2023-11-03 10:34:00,68.35,68.43,68.39,68.35,8.63765129
2023-11-03 10:33:00,68.36,68.41,68.36,68.39,124.56318143
2023-11-03 10:32:00,68.3,68.36,68.3,68.35,195.49968354
2023-11-03 10:31:00,68.24,68.31,68.26,68.27,51.15992568
2023-11-03 10:30:00,68.22,68.33,68.32,68.25,46.47206059
2023-11-03 10:29:00,68.27,68.42,68.42,68.28,265.46417338
2023-11-03 10:28:00,68.36,68.42,68.36,68.42,4.88790725
2023-11-03 10:27:00,68.35,68.4,68.35,68.38,6.28050347
2023-11-03 10:26:00,68.34,68.43,68.42,68.4,68.99974459
2023-11-03 10:25:00,68.37,68.42,68.42,68.37,28.3008057
2023-11-03 10:24:00,68.4,68.44,68.41,68.4,41.54075147
2023-11-03 10:23:00,68.35,68.41,68.35,68.41,39.12847731
2023-11-03 10:22:00,68.34,68.4,68.34,68.39,49.23487709
2023-11-03 10:21:00,68.29,68.36,68.29,68.33,55.7931827
2023-11-03 10:20:00,68.06,68.2,68.06,68.18,96.57811445
2023-11-03 10:19:00,68.02,68.09,68.09,68.04,34.40370463
2023-11-03 10:18:00,68.03,68.1,68.08,68.1,33.76008227
2023-11-03 10:17:00,68.09,68.16,68.16,68.09,44.40220136
2023-11-03 10:16:00,68.08,68.18,68.08,68.18,4.69794107
2023-11-03 10:15:00,68.1,68.21,68.2,68.11,6.22939782
2023-11-03 10:14:00,68.18,68.24,68.18,68.18,19.90985328
2023-11-03 10:13:00,68.18,68.21,68.21,68.18,4.9677207
2023-11-03 10:12:00,68.22,68.24,68.24,68.23,11.67375565
2023-11-03 10:11:00,68.27,68.32,68.32,68.28,14.29815489
2023-11-03 10:10:00,68.27,68.33,68.29,68.33,305.44465585
2023-11-03 10:09:00,68.28,68.31,68.3,68.31,16.39007158
2023-11-03 10:08:00,68.28,68.34,68.3,68.28,9.61691566
2023-11-03 10:07:00,68.32,68.37,68.37,68.32,15.49856671
2023-11-03 10:06:00,68.2,68.33,68.23,68.33,34.48113866
2023-11-03 10:05:00,68.18,68.25,68.23,68.25,114.86198546
2023-11-03 10:04:00,68.14,68.21,68.19,68.21,41.39549266
2023-11-03 10:03:00,68.16,68.25,68.25,68.21,21.65537493
2023-11-03 10:02:00,68.2,68.25,68.22,68.21,75.27335495
2023-11-03 10:01:00,68.22,68.34,68.34,68.22,23.50293844
2023-11-03 10:00:00,68.26,68.35,68.35,68.26,21.08004642
2023-11-03 09:59:00,68.27,68.36,68.31,68.36,175.94571257
2023-11-03 09:58:00,68.2,68.32,68.25,68.32,65.62999769
2023-11-03 09:57:00,68.26,68.36,68.34,68.26,41.80380365
2023-11-03 09:56:00,68.25,68.35,68.29,68.35,21.9827468
2023-11-03 09:55:00,68.28,68.38,68.36,68.29,34.01179601
2023-11-03 09:54:00,68.3,68.37,68.37,68.33,55.55164808
2023-11-03 09:53:00,68.36,68.5,68.5,68.38,28.62317233
2023-11-03 09:52:00,68.43,68.49,68.43,68.49,17.19159766
2023-11-03 09:51:00,68.43,68.47,68.47,68.43,4.78488442
2023-11-03 09:50:00,68.46,68.51,68.51,68.46,132.15741912
2023-11-03 09:49:00,68.5,68.53,68.52,68.51,78.46314682
2023-11-03 09:48:00,68.54,68.58,68.58,68.54,7.51587025
2023-11-03 09:47:00,68.58,68.63,68.63,68.58,83.22992246
2023-11-03 09:46:00,68.6,68.66,68.6,68.65,43.47471673
2023-11-03 09:45:00,68.52,68.59,68.53,68.59,20.0755509
2023-11-03 09:44:00,68.51,68.56,68.53,68.53,35.78923548
2023-11-03 09:43:00,68.54,68.56,68.54,68.55,25.51568393
2023-11-03 09:42:00,68.51,68.57,68.53,68.56,7.50993642
2023-11-03 09:41:00,68.52,68.58,68.52,68.56,11.904803
2023-11-03 09:40:00,68.5,68.55,68.55,68.53,40.12836806
2023-11-03 09:39:00,68.56,68.64,68.58,68.58,33.14571822
2023-11-03 09:38:00,68.57,68.62,68.61,68.6,29.23363278
2023-11-03 09:37:00,68.58,68.64,68.61,68.64,6.29550331
2023-11-03 09:36:00,68.56,68.61,68.61,68.61,13.4495644
2023-11-03 09:35:00,68.61,68.67,68.67,68.61,95.39384139
2023-11-03 09:34:00,68.6,68.68,68.68,68.66,611.55383536
2023-11-03 09:33:00,68.74,68.79,68.74,68.76,13.93604537
2023-11-03 09:32:00,68.57,68.73,68.57,68.73,97.50980043
2023-11-03 09:31:00,68.59,68.71,68.71,68.59,179.39362389
2023-11-03 09:30:00,68.73,68.8,68.78,68.73,120.54579472
2023-11-03 09:29:00,68.71,68.8,68.72,68.78,126.84919187
2023-11-03 09:28:00,68.73,68.76,68.74,68.75,125.60392909
2023-11-03 09:27:00,68.74,68.8,68.78,68.74,108.88128644
2023-11-03 09:26:00,68.78,68.79,68.78,68.78,20.14913074
2023-11-03 09:25:00,68.75,68.78,68.77,68.75,16.76643106
2023-11-03 09:24:00,68.74,68.77,68.74,68.77,13.03425798
2023-11-03 09:23:00,68.77,68.81,68.77,68.78,27.26001205
2023-11-03 09:22:00,68.75,68.76,68.76,68.75,0.75972684
2023-11-03 09:21:00,68.71,68.8,68.8,68.72,46.88281068
2023-11-03 09:20:00,68.82,68.9,68.9,68.82,31.45936252
2023-11-03 09:19:00,68.91,68.94,68.93,68.92,9.63034603
2023-11-03 09:18:00,68.87,68.96,68.87,68.96,36.7785871
2023-11-03 09:17:00,68.88,68.96,68.96,68.88,31.11623003
2023-11-03 09:16:00,68.78,68.88,68.84,68.88,272.10762627
2023-11-03 09:15:00,68.78,68.94,68.79,68.86,565.23223345
2023-11-03 09:14:00,68.75,68.82,68.77,68.8,69.26463801
2023-11-03 09:13:00,68.79,68.94,68.94,68.79,556.29481752
2023-11-03 09:12:00,68.86,68.95,68.9,68.94,34.86588125
2023-11-03 09:11:00,68.95,69.06,69.04,68.95,43.67649402
2023-11-03 09:10:00,68.95,69.04,68.95,69.04,48.74690708
2023-11-03 09:09:00,68.95,68.99,68.96,68.95,17.81559635
2023-11-03 09:08:00,68.95,69.0,68.95,68.97,2.48050848
2023-11-03 09:07:00,68.97,69.01,69.01,68.97,22.43170619
2023-11-03 09:06:00,68.93,69.01,68.93,69.01,24.09403628
2023-11-03 09:05:00,68.82,68.91,68.89,68.91,36.87537991
2023-11-03 09:04:00,68.84,68.9,68.84,68.9,38.78434156
2023-11-03 09:03:00,68.83,68.88,68.87,68.83,11.43829901
2023-11-03 09:02:00,68.85,68.91,68.9,68.87,13.184234
2023-11-03 09:01:00,68.89,68.93,68.93,68.9,5.77946914
2023-11-03 09:00:00,68.94,68.98,68.98,68.94,12.73541694
2023-11-03 08:59:00,68.98,69.04,68.99,68.98,13.77413707
2023-11-03 08:58:00,69.01,69.03,69.03,69.01,72.39993384
2023-11-03 08:57:00,68.97,69.04,69.0,69.02,52.84041056
2023-11-03 08:56:00,68.96,69.02,68.96,69.0,49.86919676
2023-11-03 08:55:00,68.94,69.0,68.96,68.98,142.0110046
2023-11-03 08:54:00,68.91,68.98,68.91,68.98,1.79116847
2023-11-03 08:53:00,68.85,68.91,68.86,68.91,7.04320041
2023-11-03 08:52:00,68.8,68.9,68.8,68.87,1.71842671
2023-11-03 08:51:00,68.79,68.83,68.8,68.8,285.30044822
2023-11-03 08:50:00,68.67,68.77,68.74,68.77,67.07588011
2023-11-03 08:49:00,68.49,68.76,68.6,68.76,257.92911668
2023-11-03 08:48:00,68.65,68.71,68.71,68.65,331.30470009
2023-11-03 08:47:00,68.71,68.84,68.84,68.71,37.58255299
2023-11-03 08:46:00,68.82,68.9,68.85,68.82,3.11000809
2023-11-03 08:45:00,68.8,68.86,68.86,68.85,54.20697046
2023-11-03 08:44:00,68.83,68.86,68.83,68.86,34.3433338
2023-11-03 08:43:00,68.78,68.84,68.78,68.83,32.95644208
2023-11-03 08:42:00,68.71,68.82,68.71,68.82,55.64697619
2023-11-03 08:41:00,68.63,68.87,68.87,68.63,1319.93473078
2023-11-03 08:40:00,68.9,69.07,69.07,68.9,262.29760543
2023-11-03 08:39:00,68.93,69.07,68.94,69.07,257.38506634
2023-11-03 08:38:00,68.91,68.97,68.97,68.91,274.6078233
2023-11-03 08:37:00,68.99,69.01,69.01,69.01,13.04847138
2023-11-03 08:36:00,69.0,69.02,69.02,69.0,5.74176762
2023-11-03 08:35:00,69.02,69.06,69.06,69.04,53.52610199
2023-11-03 08:34:00,69.03,69.07,69.07,69.06,13.21893307
2023-11-03 08:33:00,69.08,69.13,69.1,69.08,25.23692022
2023-11-03 08:32:00,69.08,69.11,69.11,69.11,3.78538775
2023-11-03 08:31:00,69.09,69.12,69.1,69.11,7.59504834
2023-11-03 08:30:00,69.1,69.12,69.12,69.11,42.0635796
2023-11-03 08:29:00,69.08,69.12,69.11,69.09,11.9037651
2023-11-03 08:28:00,69.13,69.19,69.19,69.13,17.78403889
2023-11-03 08:27:00,69.17,69.2,69.18,69.19,9.83147914
2023-11-03 08:26:00,69.11,69.17,69.12,69.17,12.5886302
2023-11-03 08:25:00,69.12,69.17,69.17,69.13,15.51985699
2023-11-03 08:24:00,69.13,69.17,69.13,69.17,2.37335212
2023-11-03 08:23:00,69.13,69.19,69.18,69.15,303.60873255
2023-11-03 08:22:00,69.17,69.2,69.2,69.19,44.11432598
2023-11-03 08:21:00,69.13,69.17,69.17,69.13,56.0155287
2023-11-03 08:20:00,69.12,69.19,69.12,69.19,47.34380284
2023-11-03 08:19:00,69.11,69.13,69.11,69.13,40.6585361
2023-11-03 08:18:00,69.09,69.16,69.16,69.13,84.05821186
2023-11-03 08:17:00,69.12,69.17,69.13,69.17,72.95756135
2023-11-03 08:16:00,69.13,69.16,69.16,69.13,8.08149766
2023-11-03 08:15:00,69.14,69.19,69.19,69.15,17.45721369
2023-11-03 08:14:00,69.15,69.19,69.16,69.19,28.00595058
2023-11-03 08:13:00,69.15,69.21,69.16,69.15,57.57617666
2023-11-03 08:12:00,69.1,69.16,69.12,69.16,29.63029859
2023-11-03 08:11:00,69.11,69.16,69.15,69.11,91.05482347
2023-11-03 08:10:00,69.09,69.15,69.09,69.15,7.26365995
2023-11-03 08:09:00,69.05,69.08,69.05,69.08,25.35322678
2023-11-03 08:08:00,69.07,69.09,69.09,69.07,36.55596024
2023-11-03 08:07:00,69.06,69.12,69.11,69.09,5.29943034
2023-11-03 08:06:00,69.02,69.1,69.04,69.08,16.74814832
2023-11-03 08:05:00,68.93,68.99,68.94,68.99,183.35888865
2023-11-03 08:04:00,68.93,68.94,68.93,68.94,0.2030596
2023-11-03 08:03:00,68.92,68.95,68.94,68.92,30.08634482
2023-11-03 08:02:00,68.96,68.97,68.96,68.97,58.49961363
2023-11-03 08:01:00,68.97,69.04,68.98,69.0,583.27235486
2023-11-03 08:00:00,68.97,69.03,69.02,68.97,45.83969077
2023-11-03 07:59:00,69.03,69.06,69.06,69.03,12.44016706
2023-11-03 07:58:00,68.99,69.08,69.0,69.06,39.41239978
2023-11-03 07:57:00,68.98,69.03,69.01,68.98,9.14298044
2023-11-03 07:56:00,68.97,69.01,68.99,69.01,37.01719846
2023-11-03 07:55:00,68.94,68.98,68.94,68.98,8.23486955
2023-11-03 07:54:00,68.91,68.96,68.96,68.94,32.61818718
2023-11-03 07:53:00,68.95,69.0,68.99,68.95,83.15952234
2023-11-03 07:52:00,68.93,68.97,68.93,68.97,1.48396932
2023-11-03 07:51:00,68.88,68.92,68.88,68.92,15.78841377
2023-11-03 07:50:00,68.89,68.9,68.9,68.9,15.52351317
2023-11-03 07:49:00,68.89,68.91,68.91,68.89,4.1527381
2023-11-03 07:48:00,68.91,68.92,68.92,68.91,11.1088005
2023-11-03 07:47:00,68.88,68.94,68.89,68.94,132.83204489
2023-11-03 07:46:00,68.86,68.9,68.9,68.89,19.58894895
2023-11-03 07:45:00,68.86,68.9,68.89,68.9,13.71227712
2023-11-03 07:44:00,68.86,68.89,68.88,68.89,82.84799759
2023-11-03 07:43:00,68.86,68.9,68.88,68.89,43.25601595
2023-11-03 07:42:00,68.88,68.95,68.95,68.89,18.19732587
2023-11-03 07:41:00,68.93,68.94,68.94,68.93,2.08129824
2023-11-03 07:40:00,68.92,68.97,68.97,68.95,3.96629152
2023-11-03 07:39:00,68.98,69.03,69.03,68.98,1.34189964
2023-11-03 07:38:00,68.99,69.01,69.01,69.01,50.25550159
2023-11-03 07:37:00,69.0,69.03,69.03,69.03,3.19533169
2023-11-03 07:36:00,69.0,69.03,69.02,69.03,9.25951189
2023-11-03 07:35:00,68.97,69.01,68.99,69.01,2.08673146
2023-11-03 07:34:00,68.99,69.02,69.02,68.99,8.62791804
2023-11-03 07:33:00,69.01,69.09,69.08,69.01,16.43631437
2023-11-03 07:32:00,68.93,69.06,68.94,69.06,8.6693763
2023-11-03 07:31:00,68.95,69.0,69.0,68.95,5.94853022
2023-11-03 07:30:00,68.97,69.04,69.04,68.97,13.62518948
2023-11-03 07:29:00,69.0,69.05,69.03,69.04,15.90937312
2023-11-03 07:28:00,69.01,69.02,69.01,69.02,10.2522993
2023-11-03 07:27:00,69.01,69.05,69.04,69.01,16.98978246
2023-11-03 07:26:00,69.02,69.07,69.02,69.07,15.34888597
2023-11-03 07:25:00,69.01,69.04,69.02,69.04,3.83812429
2023-11-03 07:24:00,69.02,69.04,69.03,69.02,17.87318418
2023-11-03 07:23:00,69.02,69.04,69.04,69.03,28.61761847
2023-11-03 07:22:00,69.03,69.06,69.03,69.04,24.18398473
2023-11-03 07:21:00,69.05,69.08,69.07,69.05,3.76009671
2023-11-03 07:20:00,69.03,69.07,69.03,69.07,7.43025129
2023-11-03 07:19:00,69.01,69.06,69.06,69.03,5.56632847
2023-11-03 07:18:00,69.01,69.04,69.02,69.03,15.06471203
2023-11-03 07:17:00,69.01,69.07,69.07,69.01,70.18179341
2023-11-03 07:16:00,69.08,69.09,69.09,69.08,51.60013487
2023-11-03 07:15:00,69.05,69.09,69.05,69.09,1.13661977
2023-11-03 07:14:00,69.04,69.08,69.04,69.05,91.8029404
2023-11-03 07:13:00,69.02,69.07,69.07,69.04,14.36379788
2023-11-03 07:12:00,69.05,69.1,69.07,69.09,18.65338812
2023-11-03 07:11:00,69.04,69.08,69.04,69.08,1.59272279
2023-11-03 07:10:00,69.06,69.1,69.08,69.07,23.74606847
2023-11-03 07:09:00,69.07,69.12,69.12,69.08,23.51659209
2023-11-03 07:08:00,69.1,69.12,69.1,69.12,1.48468254
2023-11-03 07:07:00,69.11,69.16,69.16,69.11,12.90486357
2023-11-03 07:06:00,69.14,69.16,69.15,69.16,23.27277474
2023-11-03 07:05:00,69.11,69.16,69.11,69.16,61.83137435
2023-11-03 07:04:00,69.01,69.08,69.01,69.08,1.61303182
2023-11-03 07:03:00,68.99,69.01,69.0,69.0,1.84695597
2023-11-03 07:02:00,68.86,68.97,68.86,68.97,2.62906218
2023-11-03 07:01:00,68.87,68.99,68.99,68.87,11.14624071
2023-11-03 07:00:00,68.98,69.01,68.98,68.98,22.89716199
2023-11-03 06:59:00,69.01,69.04,69.02,69.01,5.56371069
2023-11-03 06:58:00,68.99,69.06,68.99,69.06,38.87710013
2023-11-03 06:57:00,69.01,69.04,69.04,69.02,6.77910433
2023-11-03 06:56:00,68.99,69.05,68.99,69.05,10.46884056
2023-11-03 06:55:00,68.97,68.99,68.98,68.98,101.55718977
2023-11-03 06:54:00,69.02,69.02,69.02,69.02,1.49941769
2023-11-03 06:53:00,68.89,69.04,68.9,69.04,84.51256299
2023-11-03 06:52:00,68.91,69.01,68.98,68.91,367.35603932
2023-11-03 06:51:00,68.98,69.0,68.98,69.0,15.82126537
2023-11-03 06:50:00,69.0,69.1,69.1,69.0,23.1630923
2023-11-03 06:49:00,69.07,69.11,69.07,69.11,80.68189671
2023-11-03 06:48:00,69.05,69.12,69.12,69.08,67.89111343
2023-11-03 06:47:00,69.11,69.14,69.13,69.11,26.89747976
2023-11-03 06:46:00,69.12,69.16,69.16,69.13,27.56745015
2023-11-03 06:45:00,69.14,69.2,69.19,69.14,36.7037537
2023-11-03 06:44:00,69.19,69.22,69.22,69.19,13.53733193
2023-11-03 06:43:00,69.18,69.21,69.18,69.21,19.57263037
2023-11-03 06:42:00,69.18,69.21,69.19,69.21,25.05722478
2023-11-03 06:41:00,69.16,69.19,69.17,69.19,2.95417761
2023-11-03 06:40:00,69.16,69.19,69.16,69.16,54.02326541
2023-11-03 06:39:00,69.15,69.2,69.18,69.2,32.50682239
2023-11-03 06:38:00,69.19,69.21,69.2,69.19,1.88524019
2023-11-03 06:37:00,69.14,69.19,69.14,69.19,10.19365663
2023-11-03 06:36:00,69.17,69.24,69.24,69.17,15.58860977
2023-11-03 06:35:00,69.2,69.26,69.2,69.24,15.68595932
2023-11-03 06:34:00,69.17,69.19,69.17,69.19,41.56160589
2023-11-03 06:33:00,69.18,69.25,69.18,69.21,79.00853063
2023-11-03 06:32:00,69.23,69.29,69.29,69.23,5.72261454
2023-11-03 06:31:00,69.3,69.32,69.32,69.32,13.03239394
2023-11-03 06:30:00,69.26,69.33,69.33,69.29,0.54609483
2023-11-03 06:29:00,69.28,69.32,69.29,69.32,35.48653141
2023-11-03 06:28:00,69.26,69.32,69.31,69.28,24.01816798
2023-11-03 06:27:00,69.28,69.31,69.28,69.31,50.47457513
2023-11-03 06:26:00,69.23,69.28,69.24,69.28,27.59092533
2023-11-03 06:25:00,69.21,69.25,69.22,69.25,7.5857021
2023-11-03 16:25:00,69.09,69.19,69.1,69.18,124.89580207
2023-11-03 16:24:00,69.05,69.1,69.08,69.1,213.33824422
2023-11-03 16:23:00,69.06,69.1,69.09,69.08,23.50748821
2023-11-03 16:22:00,69.09,69.11,69.1,69.1,28.34759932
2023-11-03 16:21:00,69.06,69.14,69.12,69.08,51.26819689
2023-11-03 16:20:00,69.11,69.16,69.16,69.11,36.87828801
2023-11-03 16:19:00,69.13,69.18,69.14,69.15,43.23514981
2023-11-03 16:18:00,69.13,69.19,69.17,69.13,102.28681857
2023-11-03 16:17:00,69.14,69.22,69.17,69.2,31.47713973
2023-11-03 16:16:00,69.14,69.26,69.26,69.14,172.24505279
2023-11-03 16:15:00,69.26,69.3,69.3,69.27,62.18041682
2023-11-03 16:14:00,69.29,69.34,69.34,69.3,55.09998941
2023-11-03 16:13:00,69.33,69.39,69.37,69.35,118.71292222
2023-11-03 16:12:00,69.35,69.38,69.36,69.38,18.83476305
2023-11-03 16:11:00,69.35,69.37,69.35,69.35,50.12546185
2023-11-03 16:10:00,69.22,69.34,69.22,69.34,277.7763251
2023-11-03 16:09:00,69.18,69.24,69.19,69.21,83.66738408
2023-11-03 16:08:00,69.13,69.2,69.17,69.2,109.11363106
2023-11-03 16:07:00,69.17,69.3,69.3,69.17,175.07864301
2023-11-03 16:06:00,69.3,69.36,69.35,69.3,29.29015201
2023-11-03 16:05:00,69.35,69.4,69.37,69.35,113.06220784
2023-11-03 16:04:00,69.35,69.37,69.36,69.37,37.90200374
2023-11-03 16:03:00,69.36,69.37,69.37,69.37,9.51305868
2023-11-03 16:02:00,69.33,69.37,69.33,69.35,36.27368042
2023-11-03 16:01:00,69.32,69.38,69.33,69.36,128.23504514
2023-11-03 16:00:00,69.28,69.33,69.29,69.33,20.29601103
2023-11-03 15:59:00,69.29,69.33,69.32,69.3,39.12642067
2023-11-03 15:58:00,69.3,69.33,69.32,69.32,97.69380834
2023-11-03 15:57:00,69.29,69.33,69.29,69.32,75.08440284
2023-11-03 15:56:00,69.23,69.28,69.24,69.27,590.71015396
2023-11-03 15:55:00,69.18,69.22,69.19,69.22,49.09836299
2023-11-03 15:54:00,69.19,69.22,69.21,69.19,61.42776731
2023-11-03 15:53:00,69.16,69.24,69.24,69.2,4.99449301
2023-11-03 15:52:00,69.22,69.26,69.24,69.26,156.09833724
2023-11-03 15:51:00,69.18,69.24,69.23,69.22,88.642659
2023-11-03 15:50:00,69.16,69.25,69.17,69.24,110.88086912
2023-11-03 15:49:00,69.13,69.18,69.14,69.17,31.47106679
2023-11-03 15:48:00,69.13,69.18,69.18,69.14,143.74374236
2023-11-03 15:47:00,69.14,69.19,69.15,69.19,53.08956627
2023-11-03 15:46:00,69.15,69.2,69.2,69.16,15.53640414
2023-11-03 15:45:00,69.18,69.25,69.25,69.2,21.07192537
2023-11-03 15:44:00,69.22,69.25,69.22,69.25,17.95434824
2023-11-03 15:43:00,69.17,69.22,69.18,69.22,26.52154323
2023-11-03 15:42:00,69.17,69.24,69.22,69.17,33.72101284
2023-11-03 15:41:00,69.18,69.24,69.2,69.24,28.15036467
2023-11-03 15:40:00,69.17,69.21,69.19,69.19,16.77631308
2023-11-03 15:39:00,69.19,69.26,69.26,69.19,13.82137729
2023-11-03 15:38:00,69.27,69.31,69.3,69.27,7.22830493
2023-11-03 15:37:00,69.31,69.34,69.34,69.31,26.47855996
2023-11-03 15:36:00,69.29,69.34,69.3,69.34,72.75076112
2023-11-03 15:35:00,69.23,69.31,69.23,69.31,71.06220243
2023-11-03 15:34:00,69.19,69.23,69.2,69.22,39.04567598
2023-11-03 15:33:00,69.21,69.25,69.24,69.23,37.80629313
2023-11-03 15:32:00,69.14,69.23,69.19,69.23,59.2994687
2023-11-03 15:31:00,69.22,69.25,69.24,69.24,21.3190739
2023-11-03 15:30:00,69.21,69.25,69.21,69.24,10.23327355
2023-11-03 15:29:00,69.21,69.26,69.26,69.22,58.18234499
2023-11-03 15:28:00,69.22,69.27,69.27,69.25,63.74967578
2023-11-03 15:27:00,69.28,69.31,69.3,69.28,13.68053926
2023-11-03 15:26:00,69.3,69.34,69.31,69.3,151.99627231
2023-11-03 15:25:00,69.3,69.33,69.3,69.31,84.93153289
2023-11-03 15:24:00,69.29,69.33,69.29,69.3,110.68131571
2023-11-03 15:23:00,69.28,69.3,69.3,69.3,38.88025405
2023-11-03 15:22:00,69.25,69.32,69.25,69.32,59.2789939
2023-11-03 15:21:00,69.21,69.26,69.25,69.23,185.94484438
2023-11-03 15:20:00,69.15,69.25,69.16,69.24,143.07962399
2023-11-03 15:19:00,69.16,69.18,69.16,69.18,7.15389978
2023-11-03 15:18:00,69.15,69.17,69.15,69.16,19.03191571
2023-11-03 15:17:00,69.14,69.16,69.14,69.15,54.42213457
2023-11-03 15:16:00,69.12,69.16,69.15,69.12,46.62876645
2023-11-03 15:15:00,69.13,69.15,69.14,69.13,29.38489196
2023-11-03 15:14:00,69.12,69.16,69.13,69.14,43.99976115
2023-11-03 15:13:00,69.09,69.14,69.1,69.14,35.09314918
2023-11-03 15:12:00,69.0,69.1,69.0,69.09,145.18559558
2023-11-03 15:11:00,69.0,69.04,69.04,69.0,45.7414692
2023-11-03 15:10:00,69.05,69.09,69.09,69.05,56.76821967
2023-11-03 15:09:00,69.08,69.1,69.1,69.09,3.79797027
2023-11-03 15:08:00,69.05,69.11,69.11,69.06,74.97393631
2023-11-03 15:07:00,69.11,69.14,69.11,69.12,34.78033425
2023-11-03 15:06:00,69.09,69.15,69.15,69.11,52.19518148
2023-11-03 15:05:00,69.15,69.19,69.18,69.15,84.63236132
2023-11-03 15:04:00,69.14,69.2,69.18,69.18,176.78844435
2023-11-03 15:03:00,69.07,69.18,69.11,69.16,90.54342147
2023-11-03 15:02:00,69.07,69.15,69.07,69.12,28.21989037
2023-11-03 15:01:00,69.08,69.14,69.14,69.08,58.17770925
2023-11-03 15:00:00,69.08,69.14,69.12,69.14,248.47072349
2023-11-03 14:59:00,69.07,69.12,69.1,69.11,167.6153526
2023-11-03 14:58:00,69.07,69.13,69.11,69.13,21.72898415
2023-11-03 14:57:00,69.05,69.09,69.08,69.09,23.4090257
2023-11-03 14:56:00,69.04,69.13,69.13,69.13,1301.67148389
2023-11-03 14:55:00,69.1,69.15,69.1,69.15,34.19327455
2023-11-03 14:54:00,69.09,69.12,69.1,69.12,10.35513851
2023-11-03 14:53:00,69.1,69.16,69.16,69.11,17.19221742
2023-11-03 14:52:00,69.12,69.15,69.12,69.15,14.62831968
2023-11-03 14:51:00,69.16,69.25,69.25,69.16,167.15796358
2023-11-03 14:50:00,69.21,69.26,69.21,69.24,54.72168004
2023-11-03 14:49:00,69.17,69.23,69.23,69.21,80.8156712
2023-11-03 14:48:00,69.2,69.25,69.21,69.22,152.83386288
2023-11-03 14:47:00,69.19,69.33,69.33,69.19,635.71514442
2023-11-03 14:46:00,69.29,69.35,69.29,69.3,88.59744983
2023-11-03 14:45:00,69.28,69.33,69.3,69.28,243.73138316
2023-11-03 14:44:00,69.31,69.38,69.38,69.31,185.37827899
2023-11-03 14:43:00,69.36,69.4,69.39,69.38,133.63739382
2023-11-03 14:42:00,69.35,69.41,69.35,69.37,92.44131916
2023-11-03 14:41:00,69.33,69.39,69.37,69.36,8.46769099
2023-11-03 14:40:00,69.27,69.36,69.27,69.36,62.53923114
2023-11-03 14:39:00,69.24,69.3,69.25,69.26,72.73258782
2023-11-03 14:38:00,69.26,69.36,69.26,69.31,86.35170896
2023-11-03 14:37:00,69.21,69.27,69.21,69.27,76.35616215
2023-11-03 14:36:00,69.17,69.26,69.26,69.18,88.41784136
2023-11-03 14:35:00,69.18,69.25,69.21,69.24,50.40818814
2023-11-03 14:34:00,69.14,69.23,69.19,69.21,459.88932188
2023-11-03 14:33:00,69.21,69.28,69.25,69.21,140.4283464
2023-11-03 14:32:00,69.24,69.32,69.29,69.24,270.3481176
2023-11-03 14:31:00,69.29,69.42,69.37,69.29,775.51982531
2023-11-03 14:30:00,69.32,69.38,69.32,69.37,277.51292516
2023-11-03 14:29:00,69.33,69.37,69.33,69.33,223.80903643
2023-11-03 14:28:00,69.3,69.38,69.33,69.31,143.27833581
2023-11-03 14:27:00,69.3,69.34,69.34,69.33,41.93623039
2023-11-03 14:26:00,69.3,69.35,69.33,69.3,79.46256575
2023-11-03 14:25:00,69.18,69.34,69.21,69.32,280.31827996
2023-11-03 14:24:00,69.2,69.26,69.2,69.23,183.81630914
2023-11-03 14:23:00,69.17,69.22,69.18,69.19,58.49825808
2023-11-03 14:22:00,69.17,69.2,69.17,69.18,96.62865657
2023-11-03 14:21:00,69.12,69.2,69.12,69.18,91.9615098
2023-11-03 14:20:00,69.06,69.12,69.06,69.12,18.18012807
2023-11-03 14:19:00,69.03,69.07,69.07,69.05,57.96385973
2023-11-03 14:18:00,69.06,69.1,69.06,69.08,94.24614885
2023-11-03 14:17:00,68.95,69.06,68.99,69.06,489.01315112
2023-11-03 14:16:00,69.0,69.05,69.03,69.01,90.06898837
2023-11-03 14:15:00,68.97,69.01,68.98,69.01,200.65526999
2023-11-03 14:14:00,68.97,69.0,68.97,68.97,8.4945036
2023-11-03 14:13:00,68.98,69.01,68.98,68.98,9.40693327
2023-11-03 14:12:00,68.96,68.99,68.96,68.97,9.18325204
2023-11-03 14:11:00,68.99,69.07,69.07,69.04,38.96191659
2023-11-03 14:10:00,69.05,69.09,69.06,69.05,14.46826559
2023-11-03 14:09:00,69.03,69.1,69.04,69.08,116.09643942
2023-11-03 14:08:00,69.04,69.14,69.09,69.04,24.36435365
2023-11-03 14:07:00,69.07,69.11,69.1,69.1,18.01884996
2023-11-03 14:06:00,68.99,69.18,69.15,69.05,1135.72398241
2023-11-03 14:05:00,69.04,69.19,69.06,69.13,586.70050359
2023-11-03 14:04:00,69.02,69.1,69.05,69.04,29.21436334
2023-11-03 14:03:00,69.03,69.13,69.13,69.04,91.1222993
2023-11-03 14:02:00,69.09,69.15,69.12,69.14,89.97796543
2023-11-03 14:01:00,69.0,69.1,69.08,69.1,189.6944022
2023-11-03 14:00:00,69.03,69.16,69.16,69.07,81.74971432
2023-11-03 13:59:00,69.1,69.18,69.11,69.15,58.2086924
2023-11-03 13:58:00,68.99,69.11,68.99,69.06,192.71315018
2023-11-03 13:57:00,68.96,69.0,68.98,69.0,8.95675604
2023-11-03 13:56:00,68.91,68.98,68.95,68.98,26.33039702
2023-11-03 13:55:00,68.89,68.96,68.93,68.94,80.15820185
2023-11-03 13:54:00,68.91,68.96,68.94,68.94,13.76710314
2023-11-03 13:53:00,68.92,68.95,68.93,68.93,15.79985108
2023-11-03 13:52:00,68.93,69.0,68.97,68.93,78.57478454
2023-11-03 13:51:00,68.89,68.99,68.89,68.98,49.53549227
2023-11-03 13:50:00,68.82,68.87,68.84,68.87,51.65690488
2023-11-03 13:49:00,68.77,68.83,68.78,68.83,36.55535269
2023-11-03 13:48:00,68.77,68.8,68.79,68.79,47.71818026
2023-11-03 13:47:00,68.68,68.8,68.68,68.8,27.47373685
2023-11-03 13:46:00,68.66,68.72,68.72,68.7,18.32892156
2023-11-03 13:45:00,68.66,68.76,68.67,68.71,15.34639791
2023-11-03 13:44:00,68.66,68.71,68.71,68.66,14.10185119
2023-11-03 13:43:00,68.67,68.74,68.72,68.71,31.08762232
2023-11-03 13:42:00,68.72,68.78,68.74,68.73,87.41528142
2023-11-03 13:41:00,68.67,68.76,68.67,68.73,138.35103467
2023-11-03 13:40:00,68.61,68.7,68.7,68.68,1089.94709597
2023-11-03 13:39:00,68.69,68.77,68.76,68.69,470.01432423
2023-11-03 13:38:00,68.75,68.78,68.76,68.77,148.97031881
2023-11-03 13:37:00,68.73,68.78,68.77,68.77,72.46273559
2023-11-03 13:36:00,68.75,68.79,68.79,68.76,251.10482059
2023-11-03 13:35:00,68.68,68.76,68.68,68.76,109.86617431
2023-11-03 13:34:00,68.68,68.78,68.77,68.69,97.79975649
2023-11-03 13:33:00,68.68,68.78,68.72,68.77,596.94911756
2023-11-03 13:32:00,68.67,68.72,68.69,68.72,89.36899431
2023-11-03 13:31:00,68.6,68.7,68.61,68.67,45.58842462
2023-11-03 13:30:00,68.6,68.66,68.62,68.6,48.63720996
2023-11-03 13:29:00,68.59,68.66,68.65,68.62,71.02298477
2023-11-03 13:28:00,68.64,68.69,68.69,68.65,34.23006561
2023-11-03 13:27:00,68.67,68.68,68.68,68.67,19.10859806
2023-11-03 13:26:00,68.64,68.69,68.64,68.69,24.64043056
2023-11-03 13:25:00,68.62,68.65,68.64,68.65,28.03211916
2023-11-03 13:24:00,68.6,68.63,68.6,68.62,80.9141367
2023-11-03 13:23:00,68.59,68.61,68.61,68.61,16.12657269
2023-11-03 13:22:00,68.61,68.67,68.66,68.61,110.79392308
2023-11-03 13:21:00,68.65,68.68,68.66,68.66,13.01589783
2023-11-03 13:20:00,68.63,68.65,68.64,68.64,126.44923444
2023-11-03 13:19:00,68.61,68.65,68.65,68.61,1.68711144
2023-11-03 13:18:00,68.62,68.66,68.66,68.66,10.25936337
2023-11-03 13:17:00,68.66,68.75,68.75,68.67,33.83160601
2023-11-03 13:16:00,68.7,68.76,68.76,68.71,186.02035374
2023-11-03 13:15:00,68.63,68.75,68.65,68.75,23.54800063
2023-11-03 13:14:00,68.63,68.68,68.66,68.63,85.3103812
2023-11-03 13:13:00,68.61,68.62,68.62,68.62,36.38850942
2023-11-03 13:12:00,68.61,68.68,68.68,68.61,32.84209826
2023-11-03 13:11:00,68.62,68.67,68.65,68.66,197.21490737
2023-11-03 13:10:00,68.63,68.72,68.72,68.63,77.93357528
2023-11-03 13:09:00,68.66,68.71,68.67,68.71,110.5085236
2023-11-03 13:08:00,68.67,68.75,68.74,68.69,184.79538548
2023-11-03 13:07:00,68.69,68.76,68.71,68.76,70.97556972
2023-11-03 13:06:00,68.71,68.77,68.75,68.71,129.10900775
2023-11-03 13:05:00,68.79,68.85,68.84,68.79,151.18433951
2023-11-03 13:04:00,68.89,68.93,68.93,68.9,39.60987439
2023-11-03 13:03:00,68.89,68.94,68.89,68.93,7.65192192
2023-11-03 13:02:00,68.88,68.93,68.89,68.89,29.35031699
2023-11-03 13:01:00,68.84,68.92,68.85,68.88,61.50228963
2023-11-03 13:00:00,68.82,68.86,68.82,68.86,3.2983825
2023-11-03 12:59:00,68.78,68.8,68.8,68.79,6.72948042
2023-11-03 12:58:00,68.77,68.81,68.77,68.78,16.12564091
2023-11-03 12:57:00,68.7,68.81,68.81,68.7,258.48297041
2023-11-03 12:56:00,68.81,68.86,68.85,68.81,3.58660795
2023-11-03 12:55:00,68.86,68.88,68.87,68.87,34.72431129
2023-11-03 12:54:00,68.89,68.93,68.93,68.89,33.70093782
2023-11-03 12:53:00,68.88,68.94,68.88,68.94,24.52824318
2023-11-03 12:52:00,68.86,68.91,68.91,68.89,37.63534969
2023-11-03 12:51:00,68.91,68.95,68.93,68.91,17.76715579
2023-11-03 12:50:00,68.93,69.0,69.0,68.97,11.93700093
2023-11-03 12:49:00,68.99,69.05,69.01,69.02,137.0906531
2023-11-03 12:48:00,68.93,68.99,68.94,68.99,32.64280888
2023-11-03 12:47:00,68.85,68.92,68.85,68.91,162.07406474
2023-11-03 12:46:00,68.84,68.92,68.92,68.85,363.91086218
2023-11-03 12:45:00,68.86,68.92,68.86,68.92,123.73525032
2023-11-03 12:44:00,68.83,68.9,68.9,68.83,288.42012395
2023-11-03 12:43:00,68.89,69.01,68.93,68.89,1403.59050042
2023-11-03 12:42:00,68.93,68.99,68.98,68.93,741.74643558
2023-11-03 12:41:00,68.93,68.97,68.94,68.97,29.96767357
2023-11-03 12:40:00,68.84,68.93,68.87,68.93,98.17455367
2023-11-03 12:39:00,68.81,68.9,68.81,68.89,336.03070123
2023-11-03 12:38:00,68.7,68.79,68.7,68.79,15.71001575
2023-11-03 12:37:00,68.68,68.75,68.75,68.69,91.99280403
2023-11-03 12:36:00,68.66,68.77,68.68,68.75,43.77342695
2023-11-03 12:35:00,68.68,68.74,68.7,68.7,8.72680011
2023-11-03 12:34:00,68.62,68.74,68.62,68.74,27.65818174
2023-11-03 12:33:00,68.63,68.78,68.78,68.64,37.46744521
2023-11-03 12:32:00,68.71,68.79,68.76,68.79,14.64256005
2023-11-03 12:31:00,68.76,68.89,68.77,68.82,105.47985579
2023-11-03 12:30:00,68.62,68.85,68.62,68.79,467.01573429
2023-11-03 12:29:00,68.57,68.61,68.57,68.61,27.9366734
2023-11-03 12:28:00,68.53,68.58,68.53,68.58,14.52289324
2023-11-03 12:27:00,68.53,68.57,68.53,68.54,23.00916318
2023-11-03 12:26:00,68.49,68.53,68.49,68.52,38.99988279
2023-11-03 12:25:00,68.46,68.51,68.49,68.46,20.83198368
2023-11-03 12:24:00,68.45,68.49,68.47,68.49,14.26304979
2023-11-03 12:23:00,68.47,68.53,68.53,68.48,148.23198638
2023-11-03 12:22:00,68.54,68.58,68.56,68.54,3.07126886
2023-11-03 12:21:00,68.49,68.56,68.49,68.56,121.88677281
2023-11-03 12:20:00,68.44,68.52,68.44,68.52,67.53892025
2023-11-03 12:19:00,68.41,68.45,68.41,68.45,32.22293424
2023-11-03 12:18:00,68.37,68.41,68.41,68.4,14.56098822
2023-11-03 12:17:00,68.38,68.42,68.42,68.39,3.6810321
2023-11-03 12:16:00,68.31,68.42,68.31,68.42,29.38593311
2023-11-03 12:15:00,68.33,68.4,68.39,68.33,46.23182175
2023-11-03 12:14:00,68.37,68.41,68.37,68.38,10.74738017
2023-11-03 12:13:00,68.32,68.38,68.33,68.36,28.62636367
2023-11-03 12:11:00,68.33,68.36,68.36,68.33,6.82790786
2023-11-03 12:10:00,68.33,68.38,68.37,68.38,31.46436739
2023-11-03 12:09:00,68.31,68.4,68.38,68.37,29.22464281
2023-11-03 12:08:00,68.39,68.42,68.39,68.41,7.05899327
2023-11-03 12:07:00,68.36,68.39,68.39,68.39,20.44127511
2023-11-03 12:06:00,68.35,68.39,68.38,68.37,23.58316138
2023-11-03 12:05:00,68.37,68.46,68.44,68.39,42.56986446
2023-11-03 12:04:00,68.43,68.45,68.43,68.45,33.55642891
2023-11-03 12:03:00,68.41,68.49,68.49,68.42,15.28851514
2023-11-03 12:02:00,68.47,68.48,68.48,68.47,28.37727393
2023-11-03 12:01:00,68.48,68.57,68.56,68.48,96.0127629
2023-11-03 12:00:00,68.55,68.62,68.61,68.56,30.40197704
2023-11-03 11:59:00,68.62,68.66,68.65,68.62,43.56486402
2023-11-03 11:58:00,68.62,68.66,68.62,68.66,14.58015338
2023-11-03 11:57:00,68.63,68.64,68.64,68.63,10.91426754
2023-11-03 11:56:00,68.6,68.64,68.61,68.63,47.05865294
2023-11-03 11:55:00,68.61,68.64,68.62,68.61,36.79310612
2023-11-03 11:54:00,68.62,68.64,68.63,68.63,8.03899584
2023-11-03 11:53:00,68.6,68.62,68.6,68.62,6.99955956
2023-11-03 11:52:00,68.57,68.6,68.57,68.59,22.73002281
2023-11-03 11:51:00,68.5,68.57,68.5,68.56,2.74110351
2023-11-03 11:50:00,68.49,68.56,68.55,68.5,30.70854056
2023-11-03 11:49:00,68.55,68.55,68.55,68.55,9.40385792
2023-11-03 11:48:00,68.54,68.57,68.55,68.54,2.81424841
2023-11-03 11:47:00,68.53,68.57,68.57,68.54,5.5112605
2023-11-03 11:46:00,68.56,68.59,68.57,68.59,19.48216212
2023-11-03 11:45:00,68.56,68.58,68.56,68.58,37.11819335
2023-11-03 11:44:00,68.55,68.58,68.55,68.58,30.13701337
2023-11-03 11:43:00,68.55,68.57,68.55,68.57,0.62861235
2023-11-03 11:42:00,68.52,68.56,68.53,68.56,59.48453983
2023-11-03 11:41:00,68.53,68.56,68.56,68.54,4.96068757
2023-11-03 11:40:00,68.51,68.56,68.51,68.56,103.01657966
2023-11-03 11:39:00,68.51,68.52,68.51,68.52,15.03440202
2023-11-03 11:38:00,68.48,68.5,68.48,68.5,17.93828603
2023-11-03 11:37:00,68.45,68.48,68.45,68.46,19.79575559
2023-11-03 11:36:00,68.44,68.46,68.46,68.44,20.86576502
2023-11-03 11:35:00,68.42,68.45,68.44,68.45,40.45791804
2023-11-03 11:34:00,68.41,68.45,68.45,68.44,6.01388606
2023-11-03 11:33:00,68.44,68.48,68.44,68.47,4.85764167
2023-11-03 11:32:00,68.41,68.46,68.41,68.46,5.21578314
2023-11-03 11:31:00,68.34,68.43,68.36,68.43,24.99050878
2023-11-03 11:30:00,68.34,68.4,68.39,68.34,27.89031218
2023-11-03 11:29:00,68.36,68.47,68.45,68.41,599.89542654
2023-11-03 11:28:00,68.44,68.45,68.44,68.45,5.38576241
2023-11-03 11:27:00,68.43,68.46,68.44,68.44,36.24045532
2023-11-03 11:26:00,68.39,68.48,68.39,68.48,13.86045895
2023-11-03 11:25:00,68.39,68.44,68.39,68.43,37.03563841
2023-11-03 21:25:00,69.47,69.5,69.49,69.47,21.07174072
2023-11-03 21:24:00,69.5,69.53,69.52,69.5,7.880721
2023-11-03 21:23:00,69.49,69.55,69.54,69.53,176.01089399
2023-11-03 21:22:00,69.52,69.54,69.52,69.54,23.84705957
2023-11-03 21:21:00,69.51,69.54,69.52,69.54,31.45510736
2023-11-03 21:20:00,69.48,69.52,69.5,69.52,49.65815529
2023-11-03 21:19:00,69.48,69.5,69.49,69.48,15.44830445
2023-11-03 21:18:00,69.44,69.49,69.49,69.47,17.35893097
2023-11-03 21:17:00,69.43,69.49,69.43,69.49,21.35488047
2023-11-03 21:16:00,69.39,69.43,69.39,69.43,9.10483069
2023-11-03 21:15:00,69.4,69.43,69.43,69.41,16.49832984
2023-11-03 21:14:00,69.41,69.44,69.44,69.41,6.89532507
2023-11-03 21:13:00,69.41,69.45,69.41,69.45,27.30173575
2023-11-03 21:12:00,69.39,69.41,69.39,69.41,0.26692981
2023-11-03 21:11:00,69.37,69.43,69.42,69.38,20.63007835
2023-11-03 21:10:00,69.44,69.46,69.46,69.44,35.75817616
2023-11-03 21:09:00,69.39,69.47,69.42,69.46,181.68147392
2023-11-03 21:08:00,69.41,69.42,69.41,69.42,12.75382751
2023-11-03 21:07:00,69.41,69.43,69.43,69.42,3.00361991
2023-11-03 21:06:00,69.45,69.53,69.5,69.46,89.21064022
2023-11-03 21:05:00,69.5,69.55,69.52,69.5,248.11319375
2023-11-03 21:04:00,69.5,69.52,69.51,69.52,4.13490422
2023-11-03 21:03:00,69.5,69.52,69.51,69.52,17.13342575
2023-11-03 21:02:00,69.51,69.54,69.53,69.51,79.41320461
2023-11-03 21:01:00,69.47,69.53,69.48,69.52,33.69200476
2023-11-03 21:00:00,69.42,69.48,69.42,69.48,15.13223212
2023-11-03 20:59:00,69.39,69.41,69.39,69.4,3.14274399
2023-11-03 20:58:00,69.38,69.44,69.42,69.38,9.63497014
2023-11-03 20:57:00,69.41,69.47,69.47,69.42,38.29722196
2023-11-03 20:56:00,69.47,69.51,69.5,69.47,101.02209648
2023-11-03 20:55:00,69.47,69.52,69.48,69.52,6.89368343
2023-11-03 20:54:00,69.47,69.52,69.51,69.47,58.08416855
2023-11-03 20:53:00,69.51,69.52,69.52,69.52,9.1099501
2023-11-03 20:52:00,69.5,69.52,69.5,69.51,3.19080332
2023-11-03 20:51:00,69.47,69.52,69.47,69.49,18.69786405
2023-11-03 20:50:00,69.48,69.49,69.48,69.48,16.80289226
2023-11-03 20:49:00,69.45,69.49,69.46,69.48,50.2978179
2023-11-03 20:48:00,69.44,69.48,69.45,69.46,55.42706108
2023-11-03 20:47:00,69.39,69.45,69.39,69.45,94.28061247
2023-11-03 20:46:00,69.37,69.39,69.37,69.39,68.73536741
2023-11-03 20:45:00,69.34,69.37,69.35,69.36,37.32158071
2023-11-03 20:44:00,69.3,69.37,69.34,69.37,27.28799609
2023-11-03 20:43:00,69.27,69.31,69.29,69.31,25.33738507
2023-11-03 20:42:00,69.31,69.33,69.32,69.31,7.31416706
2023-11-03 20:41:00,69.29,69.32,69.29,69.3,14.9020694
2023-11-03 20:40:00,69.25,69.32,69.26,69.3,69.43062571
2023-11-03 20:39:00,69.21,69.27,69.21,69.26,15.66523356
2023-11-03 20:38:00,69.2,69.25,69.22,69.2,7.63148176
2023-11-03 20:37:00,69.19,69.24,69.23,69.22,21.67489825
2023-11-03 20:36:00,69.22,69.26,69.24,69.23,18.71043181
2023-11-03 20:35:00,69.16,69.27,69.16,69.27,194.5345634
2023-11-03 20:34:00,69.13,69.17,69.17,69.15,13.67285561
2023-11-03 20:33:00,69.16,69.25,69.23,69.17,23.89146034
2023-11-03 20:32:00,69.16,69.25,69.16,69.25,9.03024376
2023-11-03 20:31:00,69.15,69.3,69.3,69.16,102.41531686
2023-11-03 20:30:00,69.3,69.34,69.3,69.31,51.41142256
2023-11-03 20:29:00,69.29,69.31,69.3,69.31,13.42476038
2023-11-03 20:28:00,69.28,69.31,69.3,69.3,23.76405047
2023-11-03 20:27:00,69.27,69.31,69.27,69.31,9.75565592
2023-11-03 20:26:00,69.23,69.28,69.25,69.27,16.02793598
2023-11-03 20:25:00,69.25,69.29,69.25,69.26,99.55602544
2023-11-03 20:24:00,69.25,69.26,69.25,69.25,8.16693791
2023-11-03 20:23:00,69.24,69.27,69.27,69.26,41.61985694
2023-11-03 20:22:00,69.23,69.31,69.3,69.27,41.23556112
2023-11-03 20:21:00,69.29,69.32,69.31,69.31,36.37776977
2023-11-03 20:20:00,69.26,69.32,69.27,69.31,178.92639545
2023-11-03 20:19:00,69.26,69.29,69.27,69.28,465.04109221
2023-11-03 20:18:00,69.21,69.27,69.22,69.27,229.72287856
2023-11-03 20:17:00,69.19,69.23,69.22,69.22,23.65525108
2023-11-03 20:16:00,69.15,69.24,69.16,69.22,11.76166474
2023-11-03 20:15:00,69.16,69.2,69.17,69.16,32.93114625
2023-11-03 20:14:00,69.12,69.18,69.15,69.18,67.46836949
2023-11-03 20:13:00,69.13,69.17,69.16,69.15,204.94075086
2023-11-03 20:12:00,69.17,69.2,69.17,69.17,22.82849086
2023-11-03 20:11:00,69.14,69.19,69.19,69.17,17.17478478
2023-11-03 20:10:00,69.15,69.18,69.16,69.18,14.39313998
2023-11-03 20:09:00,69.15,69.2,69.19,69.15,49.34562124
2023-11-03 20:08:00,69.16,69.2,69.17,69.19,6.86213215
2023-11-03 20:07:00,69.16,69.19,69.17,69.16,132.1033226
2023-11-03 20:06:00,69.13,69.16,69.15,69.15,31.34037812
2023-11-03 20:05:00,69.12,69.15,69.12,69.13,14.50209872
2023-11-03 20:04:00,69.08,69.12,69.08,69.11,58.54992921
2023-11-03 20:03:00,69.07,69.1,69.09,69.07,69.74646594
2023-11-03 20:02:00,68.99,69.08,69.0,69.08,18.37492303
2023-11-03 20:01:00,68.93,69.03,68.96,69.02,57.94293137
2023-11-03 20:00:00,68.95,69.04,69.03,68.95,122.54289739
2023-11-03 19:59:00,68.98,69.03,69.03,69.03,108.75409969
2023-11-03 19:58:00,69.03,69.08,69.05,69.03,56.65826869
2023-11-03 19:57:00,69.02,69.09,69.05,69.03,99.5472481
2023-11-03 19:56:00,69.0,69.08,69.02,69.07,106.80044649
2023-11-03 19:55:00,68.94,69.02,68.95,69.02,48.34870156
2023-11-03 19:54:00,68.93,68.97,68.95,68.94,10.36879465
2023-11-03 19:53:00,68.92,68.95,68.95,68.95,15.76853882
2023-11-03 19:52:00,68.93,68.96,68.96,68.95,37.80893406
2023-11-03 19:51:00,68.91,68.96,68.94,68.96,40.65989558
2023-11-03 19:50:00,68.89,68.95,68.89,68.95,23.19027961
2023-11-03 19:49:00,68.9,68.94,68.94,68.9,10.87619041
2023-11-03 19:48:00,68.95,68.97,68.96,68.95,22.9244457
2023-11-03 19:47:00,68.94,68.97,68.96,68.95,26.56297342
2023-11-03 19:46:00,68.94,68.98,68.97,68.97,35.59319469
2023-11-03 19:45:00,68.91,68.97,68.94,68.97,10.10168792
2023-11-03 19:44:00,68.91,68.98,68.96,68.91,15.77221181
2023-11-03 19:43:00,68.95,68.99,68.99,68.97,14.53008185
2023-11-03 19:42:00,68.97,69.02,68.97,69.02,40.79826894
2023-11-03 19:41:00,68.98,69.01,69.0,68.98,42.82110753
2023-11-03 19:40:00,68.98,69.0,69.0,69.0,10.80670293
2023-11-03 19:39:00,68.94,68.97,68.94,68.97,34.41897416
2023-11-03 19:38:00,68.91,68.98,68.98,68.93,32.97492945
2023-11-03 19:37:00,68.98,69.01,69.0,68.98,34.43675152
2023-11-03 19:36:00,69.0,69.05,69.01,69.0,199.88426329
2023-11-03 19:35:00,68.96,69.01,69.01,69.01,81.93561937
2023-11-03 19:34:00,68.99,69.01,69.01,69.0,4.30121376
2023-11-03 19:33:00,68.92,69.01,68.96,68.99,18.90558656
2023-11-03 19:32:00,68.94,68.97,68.95,68.96,12.83878597
2023-11-03 19:31:00,68.9,68.95,68.9,68.94,5.96731308
2023-11-03 19:30:00,68.91,68.97,68.97,68.91,94.69125713
2023-11-03 19:29:00,68.95,68.99,68.99,68.97,111.55955238
2023-11-03 19:28:00,68.96,69.0,68.97,69.0,11.10101034
2023-11-03 19:27:00,68.94,68.99,68.96,68.98,43.6297301
2023-11-03 19:26:00,68.89,68.96,68.89,68.96,126.87032784
2023-11-03 19:25:00,68.87,68.89,68.87,68.89,15.32762625
2023-11-03 19:24:00,68.85,68.89,68.87,68.85,29.95394192
2023-11-03 19:23:00,68.85,68.91,68.88,68.86,119.57811746
2023-11-03 19:22:00,68.86,68.91,68.91,68.87,19.13028115
2023-11-03 19:21:00,68.85,68.9,68.86,68.9,88.27872362
2023-11-03 19:20:00,68.82,68.89,68.89,68.83,65.19845964
2023-11-03 19:19:00,68.86,68.9,68.86,68.88,171.03862464
2023-11-03 19:18:00,68.82,68.91,68.82,68.88,136.18349152
2023-11-03 19:17:00,68.78,68.82,68.78,68.82,75.00836343
2023-11-03 19:16:00,68.72,68.77,68.77,68.77,198.22593417
2023-11-03 19:15:00,68.75,68.79,68.79,68.78,76.76066444
2023-11-03 19:14:00,68.77,68.82,68.82,68.77,41.45523384
2023-11-03 19:13:00,68.81,68.84,68.84,68.82,0.91216646
2023-11-03 19:12:00,68.78,68.84,68.84,68.79,546.83338012
2023-11-03 19:11:00,68.83,68.89,68.89,68.84,17.95833609
2023-11-03 19:10:00,68.87,68.98,68.97,68.88,37.21880995
2023-11-03 19:09:00,68.97,69.01,69.0,68.97,78.86601904
2023-11-03 19:08:00,69.0,69.03,69.02,69.0,7.53438841
2023-11-03 19:07:00,68.99,69.03,68.99,69.02,71.69873799
2023-11-03 19:06:00,68.94,68.98,68.96,68.98,13.3352454
2023-11-03 19:05:00,68.93,68.95,68.93,68.95,34.92500297
2023-11-03 19:04:00,68.93,68.95,68.95,68.93,6.1298427
2023-11-03 19:03:00,68.94,68.97,68.97,68.95,28.67365598
2023-11-03 19:02:00,68.95,68.98,68.95,68.96,42.87580731
2023-11-03 19:01:00,68.94,68.97,68.94,68.95,9.49470122
2023-11-03 19:00:00,68.91,68.95,68.92,68.92,2.57112082
2023-11-03 18:59:00,68.9,68.92,68.9,68.9,92.83810423
2023-11-03 18:58:00,68.88,68.92,68.88,68.92,10.86585679
2023-11-03 18:57:00,68.85,68.89,68.85,68.87,14.31166706
2023-11-03 18:56:00,68.85,68.96,68.96,68.85,27.57386544
2023-11-03 18:55:00,68.94,68.99,68.97,68.96,5.19505288
2023-11-03 18:54:00,68.96,69.0,68.99,68.97,42.17328695
2023-11-03 18:53:00,68.97,69.01,69.0,68.98,9.46399923
2023-11-03 18:52:00,68.91,69.01,68.92,69.01,42.22488548
2023-11-03 18:51:00,68.93,68.97,68.97,68.94,31.68849198
2023-11-03 18:50:00,68.95,68.98,68.95,68.97,60.60060668
2023-11-03 18:49:00,68.88,68.95,68.88,68.95,22.35820759
2023-11-03 18:48:00,68.87,68.88,68.87,68.88,6.60179496
2023-11-03 18:47:00,68.84,68.88,68.84,68.85,20.97357602
2023-11-03 18:46:00,68.84,68.89,68.87,68.84,40.17508856
2023-11-03 18:45:00,68.88,68.91,68.91,68.88,24.86547736
2023-11-03 18:44:00,68.89,68.93,68.91,68.91,48.36520094
2023-11-03 18:43:00,68.89,68.91,68.89,68.9,18.73628537
2023-11-03 18:42:00,68.88,68.91,68.89,68.91,80.76177389
2023-11-03 18:41:00,68.85,68.93,68.91,68.87,59.56372626
2023-11-03 18:40:00,68.88,68.95,68.88,68.91,74.34812352
2023-11-03 18:39:00,68.84,68.86,68.85,68.86,5.78223881
2023-11-03 18:38:00,68.81,68.85,68.82,68.85,12.22854499
2023-11-03 18:37:00,68.79,68.84,68.82,68.8,49.53750424
2023-11-03 18:36:00,68.78,68.87,68.87,68.82,54.48715851
2023-11-03 18:35:00,68.84,68.89,68.89,68.87,140.68717821
2023-11-03 18:34:00,68.91,68.94,68.93,68.91,8.52994497
2023-11-03 18:33:00,68.9,68.97,68.97,68.93,149.06859749
2023-11-03 18:32:00,68.97,69.02,69.0,68.97,24.79320404
2023-11-03 18:31:00,68.86,69.0,68.91,68.99,53.32214445
2023-11-03 18:30:00,68.92,68.98,68.98,68.94,15.53556353
2023-11-03 18:29:00,68.92,69.0,68.92,68.99,135.76072235
2023-11-03 18:28:00,68.92,68.96,68.94,68.94,69.89612177
2023-11-03 18:27:00,68.83,68.93,68.85,68.93,28.09808479
2023-11-03 18:26:00,68.85,68.88,68.87,68.85,13.57790749
2023-11-03 18:25:00,68.75,68.86,68.75,68.86,23.46680904
2023-11-03 18:24:00,68.72,68.75,68.72,68.75,10.53604469
2023-11-03 18:23:00,68.73,68.78,68.77,68.73,59.72881025
2023-11-03 18:22:00,68.74,68.79,68.75,68.77,60.59884181
2023-11-03 18:21:00,68.67,68.74,68.67,68.74,26.03515702
2023-11-03 18:20:00,68.63,68.68,68.63,68.67,39.07829221
2023-11-03 18:19:00,68.59,68.63,68.6,68.63,53.4849861
2023-11-03 18:18:00,68.6,68.62,68.61,68.62,32.08059908
2023-11-03 18:17:00,68.56,68.61,68.56,68.61,104.08066339
2023-11-03 18:16:00,68.53,68.59,68.59,68.57,78.34938797
2023-11-03 18:15:00,68.58,68.61,68.6,68.58,67.21603404
2023-11-03 18:14:00,68.58,68.61,68.61,68.6,51.99903817
2023-11-03 18:13:00,68.6,68.65,68.65,68.6,25.95012757
2023-11-03 18:12:00,68.62,68.65,68.64,68.65,116.09255076
2023-11-03 18:11:00,68.65,68.67,68.65,68.66,33.05694006
2023-11-03 18:10:00,68.59,68.66,68.59,68.65,38.50248727
2023-11-03 18:09:00,68.59,68.61,68.6,68.59,11.22172053
2023-11-03 18:08:00,68.59,68.62,68.6,68.61,42.40107237
2023-11-03 18:07:00,68.59,68.68,68.67,68.59,68.17973269
2023-11-03 18:06:00,68.65,68.75,68.75,68.66,25.36992795
2023-11-03 18:05:00,68.76,68.79,68.76,68.76,39.22647159
2023-11-03 18:04:00,68.7,68.76,68.7,68.76,60.42227691
2023-11-03 18:03:00,68.66,68.72,68.72,68.67,98.5676136
2023-11-03 18:02:00,68.7,68.76,68.76,68.7,26.36720536
2023-11-03 18:01:00,68.7,68.75,68.75,68.75,75.41713706
2023-11-03 18:00:00,68.74,68.77,68.77,68.76,25.18101127
2023-11-03 17:59:00,68.76,68.81,68.79,68.78,73.3439572
2023-11-03 17:58:00,68.74,68.8,68.79,68.79,426.75378207
2023-11-03 17:57:00,68.76,68.79,68.76,68.79,260.08354979
2023-11-03 17:56:00,68.68,68.76,68.69,68.76,401.20016064
2023-11-03 17:55:00,68.65,68.69,68.67,68.69,42.03624186
2023-11-03 17:54:00,68.61,68.66,68.61,68.66,165.56179119
2023-11-03 17:53:00,68.6,68.65,68.64,68.62,82.45134148
2023-11-03 17:52:00,68.64,68.65,68.64,68.64,87.66692316
2023-11-03 17:51:00,68.63,68.7,68.68,68.66,61.01915745
2023-11-03 17:50:00,68.69,68.73,68.72,68.69,72.53483822
2023-11-03 17:49:00,68.66,68.73,68.68,68.72,142.2641421
2023-11-03 17:48:00,68.61,68.68,68.62,68.68,72.34738455
2023-11-03 17:47:00,68.58,68.69,68.67,68.62,46.69109059
2023-11-03 17:46:00,68.57,68.67,68.62,68.67,83.77476781
2023-11-03 17:45:00,68.64,68.7,68.64,68.65,39.64282453
2023-11-03 17:44:00,68.66,68.71,68.71,68.66,8.89010027
2023-11-03 17:43:00,68.72,68.76,68.74,68.72,14.34361996
2023-11-03 17:42:00,68.74,68.81,68.81,68.74,38.79918723
2023-11-03 17:41:00,68.75,68.81,68.76,68.8,37.82464539
2023-11-03 17:40:00,68.72,68.76,68.73,68.76,8.35155671
2023-11-03 17:39:00,68.74,68.78,68.76,68.74,34.12764288
2023-11-03 17:38:00,68.75,68.77,68.77,68.76,8.29731606
2023-11-03 17:37:00,68.64,68.76,68.64,68.76,67.75325768
2023-11-03 17:36:00,68.6,68.74,68.74,68.64,153.39587357
2023-11-03 17:35:00,68.74,68.79,68.76,68.74,41.74021519
2023-11-03 17:34:00,68.72,68.8,68.8,68.77,220.7628479
2023-11-03 17:33:00,68.8,68.85,68.82,68.81,228.97743794
2023-11-03 17:32:00,68.77,68.82,68.81,68.81,164.39590708
2023-11-03 17:31:00,68.8,68.84,68.84,68.8,143.9052673
2023-11-03 17:30:00,68.81,68.85,68.83,68.84,58.25457993
2023-11-03 17:29:00,68.81,68.84,68.84,68.83,66.7635234
2023-11-03 17:28:00,68.83,68.85,68.84,68.85,20.25879776
2023-11-03 17:27:00,68.79,68.84,68.83,68.84,29.09081387
2023-11-03 17:26:00,68.83,68.88,68.86,68.83,42.52828242
2023-11-03 17:25:00,68.8,68.86,68.8,68.86,23.51505737
2023-11-03 17:24:00,68.73,68.8,68.73,68.8,39.99528259
2023-11-03 17:23:00,68.72,68.76,68.75,68.74,57.89436455
2023-11-03 17:22:00,68.74,68.8,68.79,68.74,33.92371702
2023-11-03 17:21:00,68.77,68.9,68.9,68.8,278.53199719
2023-11-03 17:20:00,68.83,68.91,68.9,68.9,1271.96585944
2023-11-03 17:19:00,68.91,69.01,69.01,68.91,84.48450948
2023-11-03 17:18:00,68.99,69.03,69.01,69.02,35.45304822
2023-11-03 17:17:00,69.0,69.04,69.0,69.03,40.87526306
2023-11-03 17:16:00,68.98,69.01,69.0,69.01,11.5728106
2023-11-03 17:15:00,68.97,69.0,68.97,69.0,42.04379324
2023-11-03 17:14:00,68.94,68.98,68.96,68.98,54.74316154
2023-11-03 17:13:00,68.96,68.98,68.97,68.98,9.45210586
2023-11-03 17:12:00,68.97,69.0,69.0,68.98,6.83515871
2023-11-03 17:11:00,68.97,69.0,68.99,69.0,10.23251633
2023-11-03 17:10:00,68.96,68.99,68.99,68.98,7.32229993
2023-11-03 17:09:00,68.99,69.04,69.04,68.99,31.57634018
2023-11-03 17:08:00,68.98,69.04,69.0,69.04,5.00926482
2023-11-03 17:07:00,68.99,69.06,69.06,69.0,34.96227198
2023-11-03 17:06:00,69.04,69.08,69.08,69.06,26.47799799
2023-11-03 17:05:00,69.05,69.1,69.06,69.07,15.93930361
2023-11-03 17:04:00,69.08,69.1,69.09,69.08,16.20543499
2023-11-03 17:03:00,69.05,69.1,69.09,69.07,22.16190159
2023-11-03 17:02:00,69.09,69.14,69.13,69.09,22.08070366
2023-11-03 17:01:00,69.09,69.13,69.1,69.13,15.10215171
2023-11-03 17:00:00,69.08,69.14,69.14,69.1,76.319275
2023-11-03 16:59:00,69.11,69.12,69.11,69.12,57.83406192
2023-11-03 16:58:00,69.04,69.08,69.04,69.08,52.820358
2023-11-03 16:57:00,69.03,69.06,69.04,69.03,50.11370572
2023-11-03 16:56:00,68.94,69.04,68.96,69.04,72.73792093
2023-11-03 16:55:00,68.94,68.98,68.94,68.94,62.20383628
2023-11-03 16:54:00,68.91,68.97,68.93,68.97,41.4691371
2023-11-03 16:53:00,68.93,69.02,69.02,68.93,22.66941728
2023-11-03 16:52:00,69.02,69.04,69.04,69.02,30.27899461
2023-11-03 16:51:00,69.04,69.08,69.08,69.05,44.03215558
2023-11-03 16:50:00,69.05,69.07,69.05,69.07,17.12013761
2023-11-03 16:49:00,69.02,69.04,69.03,69.03,22.02437477
2023-11-03 16:48:00,69.03,69.05,69.05,69.03,1.36165315
2023-11-03 16:47:00,69.03,69.06,69.06,69.05,21.52182093
2023-11-03 16:46:00,69.04,69.09,69.09,69.05,42.98470819
2023-11-03 16:45:00,69.06,69.1,69.09,69.07,18.41369292
2023-11-03 16:44:00,69.07,69.09,69.08,69.09,12.71326854
2023-11-03 16:43:00,69.04,69.08,69.07,69.06,18.40077166
2023-11-03 16:42:00,69.05,69.12,69.12,69.07,63.5271565
2023-11-03 16:41:00,69.03,69.11,69.06,69.11,574.67104392
2023-11-03 16:40:00,69.04,69.07,69.06,69.07,114.8189029
2023-11-03 16:39:00,69.03,69.07,69.04,69.06,44.09262965
2023-11-03 16:38:00,69.02,69.08,69.05,69.06,157.61299139
2023-11-03 16:37:00,69.04,69.15,69.12,69.05,223.74515028
2023-11-03 16:36:00,69.11,69.18,69.18,69.12,32.2104756
2023-11-03 16:35:00,69.13,69.19,69.14,69.19,59.77888913
2023-11-03 16:34:00,69.1,69.15,69.1,69.15,57.03026202
2023-11-03 16:33:00,69.07,69.11,69.09,69.09,67.70191047
2023-11-03 16:32:00,69.09,69.16,69.16,69.09,15.91204909
2023-11-03 16:31:00,69.14,69.22,69.21,69.17,44.46968792
2023-11-03 16:30:00,69.17,69.22,69.17,69.21,120.28945545
2023-11-03 16:29:00,69.15,69.19,69.17,69.19,92.37233011
2023-11-03 16:28:00,69.11,69.18,69.11,69.17,146.40342677
2023-11-03 16:27:00,69.11,69.16,69.15,69.11,17.37481316
2023-11-03 16:26:00,69.12,69.21,69.2,69.13,118.0056551
2023-11-03 16:25:00,69.09,69.19,69.1,69.18,124.89580207
2023-11-04 02:25:00,69.53,69.59,69.59,69.55,4.17698407
2023-11-04 02:24:00,69.59,69.61,69.61,69.6,10.74644035
2023-11-04 02:23:00,69.61,69.64,69.62,69.62,34.97896383
2023-11-04 02:22:00,69.61,69.66,69.64,69.62,6.17887471
2023-11-04 02:21:00,69.63,69.66,69.63,69.64,4.7109214
2023-11-04 02:20:00,69.59,69.64,69.62,69.64,28.21080913
2023-11-04 02:19:00,69.6,69.63,69.62,69.63,3.28442769
2023-11-04 02:18:00,69.59,69.62,69.6,69.61,91.56583499
2023-11-04 02:17:00,69.58,69.65,69.58,69.62,26.3881204
2023-11-04 02:16:00,69.54,69.6,69.54,69.6,19.15123568
2023-11-04 02:15:00,69.52,69.59,69.58,69.52,57.80305263
2023-11-04 02:14:00,69.57,69.59,69.57,69.59,3.53075573
2023-11-04 02:13:00,69.54,69.57,69.54,69.57,17.96362502
2023-11-04 02:12:00,69.53,69.56,69.54,69.53,19.6549254
2023-11-04 02:11:00,69.5,69.53,69.5,69.53,16.27386473
2023-11-04 02:10:00,69.5,69.54,69.53,69.51,19.01413743
2023-11-04 02:09:00,69.51,69.54,69.52,69.52,9.48087685
2023-11-04 02:08:00,69.48,69.53,69.53,69.52,17.08476394
2023-11-04 02:07:00,69.5,69.57,69.5,69.56,15.53985336
2023-11-04 02:06:00,69.47,69.53,69.47,69.5,43.14394375
2023-11-04 02:05:00,69.47,69.5,69.5,69.49,115.34179226
2023-11-04 02:04:00,69.5,69.55,69.55,69.5,31.58020905
2023-11-04 02:03:00,69.56,69.62,69.62,69.56,22.94586773
2023-11-04 02:02:00,69.6,69.64,69.6,69.6,23.87494294
2023-11-04 02:01:00,69.58,69.65,69.65,69.6,61.27961621
2023-11-04 02:00:00,69.58,69.63,69.59,69.63,91.1286297
2023-11-04 01:59:00,69.59,69.62,69.62,69.61,40.47931983
2023-11-04 01:58:00,69.59,69.64,69.59,69.62,160.27021135
2023-11-04 01:57:00,69.56,69.6,69.59,69.6,75.17323365
2023-11-04 01:56:00,69.59,69.65,69.64,69.6,240.18110414
2023-11-04 01:55:00,69.56,69.65,69.56,69.63,173.73530514
2023-11-04 01:54:00,69.53,69.59,69.55,69.58,103.91546489
2023-11-04 01:53:00,69.51,69.55,69.51,69.53,40.84292034
2023-11-04 01:52:00,69.5,69.53,69.51,69.51,54.77814756
2023-11-04 01:51:00,69.48,69.53,69.5,69.53,81.13405292
2023-11-04 01:50:00,69.47,69.49,69.47,69.49,7.7440634
2023-11-04 01:49:00,69.42,69.48,69.42,69.46,37.17194544
2023-11-04 01:48:00,69.39,69.45,69.45,69.42,110.42233469
2023-11-04 01:47:00,69.43,69.45,69.45,69.45,11.72175495
2023-11-04 01:46:00,69.43,69.46,69.44,69.45,68.73515768
2023-11-04 01:45:00,69.41,69.47,69.41,69.47,22.37952222
2023-11-04 01:44:00,69.42,69.46,69.44,69.45,8.23279456
2023-11-04 01:43:00,69.44,69.46,69.44,69.46,23.08605415
2023-11-04 01:42:00,69.39,69.44,69.42,69.44,10.91606924
2023-11-04 01:41:00,69.37,69.43,69.37,69.42,38.07686123
2023-11-04 01:40:00,69.31,69.38,69.34,69.38,39.81662256
2023-11-04 01:39:00,69.31,69.33,69.32,69.32,21.02733785
2023-11-04 01:38:00,69.3,69.34,69.3,69.34,29.95677253
2023-11-04 01:37:00,69.26,69.35,69.26,69.31,208.46767793
2023-11-04 01:36:00,69.23,69.27,69.26,69.27,26.57602362
2023-11-04 01:35:00,69.22,69.26,69.22,69.26,18.50599024
2023-11-04 01:34:00,69.22,69.24,69.23,69.23,12.17660525
2023-11-04 01:33:00,69.21,69.27,69.27,69.23,63.98284101
2023-11-04 01:32:00,69.25,69.32,69.32,69.27,40.02446943
2023-11-04 01:31:00,69.32,69.34,69.34,69.32,36.73610701
2023-11-04 01:30:00,69.27,69.31,69.27,69.29,7.55751225
2023-11-04 01:29:00,69.26,69.3,69.26,69.28,4.60378053
2023-11-04 01:28:00,69.22,69.26,69.22,69.25,8.83391151
2023-11-04 01:27:00,69.2,69.26,69.25,69.24,44.37335575
2023-11-04 01:26:00,69.21,69.26,69.21,69.24,24.15060042
2023-11-04 01:25:00,69.23,69.28,69.28,69.23,9.77913462
2023-11-04 01:24:00,69.21,69.28,69.28,69.28,315.7273707
2023-11-04 01:23:00,69.28,69.33,69.32,69.29,19.62976744
2023-11-04 01:22:00,69.34,69.39,69.39,69.34,27.21579896
2023-11-04 01:21:00,69.37,69.4,69.38,69.39,44.40116795
2023-11-04 01:20:00,69.36,69.39,69.39,69.37,24.84280304
2023-11-04 01:19:00,69.38,69.44,69.43,69.39,84.21340001
2023-11-04 01:18:00,69.42,69.45,69.45,69.43,16.17516712
2023-11-04 01:17:00,69.43,69.46,69.44,69.46,259.69509573
2023-11-04 01:16:00,69.44,69.47,69.45,69.44,23.33928579
2023-11-04 01:15:00,69.43,69.45,69.44,69.43,13.58644718
2023-11-04 01:14:00,69.44,69.46,69.45,69.44,21.35837993
2023-11-04 01:13:00,69.41,69.44,69.41,69.44,30.24577876
2023-11-04 01:12:00,69.42,69.45,69.45,69.42,32.03550382
2023-11-04 01:11:00,69.41,69.48,69.47,69.45,17.97725132
2023-11-04 01:10:00,69.4,69.46,69.41,69.46,24.61777299
2023-11-04 01:09:00,69.39,69.43,69.43,69.41,87.83977068
2023-11-04 01:08:00,69.42,69.43,69.42,69.42,31.87384267
2023-11-04 01:07:00,69.38,69.41,69.38,69.41,35.24003787
2023-11-04 01:06:00,69.36,69.4,69.39,69.36,5.33493537
2023-11-04 01:05:00,69.32,69.4,69.32,69.38,20.1370329
2023-11-04 01:04:00,69.3,69.32,69.3,69.32,80.75930293
2023-11-04 01:03:00,69.22,69.31,69.24,69.31,258.10936561
2023-11-04 01:02:00,69.2,69.25,69.22,69.23,86.78261487
2023-11-04 01:01:00,69.22,69.24,69.22,69.23,3.61692268
2023-11-04 01:00:00,69.21,69.29,69.29,69.21,19.72241098
2023-11-04 00:59:00,69.29,69.32,69.32,69.29,10.96584408
2023-11-04 00:58:00,69.28,69.3,69.28,69.28,30.19359702
2023-11-04 00:57:00,69.24,69.29,69.28,69.28,32.72825061
2023-11-04 00:56:00,69.27,69.31,69.29,69.27,19.54969129
2023-11-04 00:55:00,69.26,69.28,69.27,69.28,15.1629284
2023-11-04 00:54:00,69.26,69.3,69.3,69.28,18.70753306
2023-11-04 00:53:00,69.28,69.29,69.29,69.29,17.88360911
2023-11-04 00:52:00,69.19,69.26,69.2,69.26,39.32223786
2023-11-04 00:51:00,69.2,69.24,69.24,69.2,46.39716459
2023-11-04 00:50:00,69.2,69.23,69.22,69.22,37.25960334
2023-11-04 00:49:00,69.19,69.22,69.2,69.22,30.87719762
2023-11-04 00:48:00,69.18,69.2,69.2,69.18,46.80873237
2023-11-04 00:47:00,69.19,69.21,69.2,69.2,92.06205549
2023-11-04 00:46:00,69.21,69.25,69.23,69.21,100.98137952
2023-11-04 00:45:00,69.2,69.25,69.22,69.22,37.44302401
2023-11-04 00:44:00,69.2,69.26,69.2,69.21,50.01011113
2023-11-04 00:43:00,69.19,69.21,69.19,69.21,12.6365025
2023-11-04 00:42:00,69.14,69.22,69.21,69.19,92.00354729
2023-11-04 00:41:00,69.21,69.3,69.28,69.23,30.69596191
2023-11-04 00:40:00,69.25,69.32,69.28,69.29,617.83366312
2023-11-04 00:39:00,69.25,69.28,69.28,69.27,16.18032821
2023-11-04 00:38:00,69.21,69.28,69.21,69.27,221.01444838
2023-11-04 00:37:00,69.19,69.29,69.29,69.21,34.30686957
2023-11-04 00:36:00,69.29,69.32,69.32,69.29,37.72523631
2023-11-04 00:35:00,69.29,69.32,69.3,69.32,31.15187111
2023-11-04 00:34:00,69.31,69.35,69.34,69.32,37.46741978
2023-11-04 00:33:00,69.3,69.36,69.36,69.33,14.11270648
2023-11-04 00:32:00,69.32,69.37,69.32,69.37,15.90555424
2023-11-04 00:31:00,69.26,69.31,69.28,69.31,10.33146086
2023-11-04 00:30:00,69.28,69.32,69.32,69.28,20.34995761
2023-11-04 00:29:00,69.32,69.33,69.32,69.33,27.4330878
2023-11-04 00:28:00,69.31,69.34,69.33,69.31,28.31762012
2023-11-04 00:27:00,69.29,69.34,69.32,69.34,7.50934453
2023-11-04 00:26:00,69.3,69.34,69.31,69.32,5.46828377
2023-11-04 00:25:00,69.29,69.32,69.32,69.32,3.32604624
2023-11-04 00:24:00,69.3,69.33,69.33,69.32,47.55256802
2023-11-04 00:23:00,69.37,69.44,69.44,69.37,27.37265278
2023-11-04 00:22:00,69.38,69.43,69.38,69.43,15.58503857
2023-11-04 00:21:00,69.36,69.41,69.39,69.39,5.05359125
2023-11-04 00:20:00,69.37,69.41,69.39,69.39,21.03873555
2023-11-04 00:19:00,69.34,69.38,69.35,69.38,10.6330328
2023-11-04 00:18:00,69.33,69.37,69.35,69.35,70.93142282
2023-11-04 00:17:00,69.31,69.36,69.31,69.36,34.28946714
2023-11-04 00:16:00,69.3,69.35,69.32,69.31,46.10104754
2023-11-04 00:15:00,69.33,69.39,69.38,69.34,56.57466072
2023-11-04 00:14:00,69.35,69.39,69.38,69.35,9.41784518
2023-11-04 00:13:00,69.35,69.4,69.39,69.38,23.31391504
2023-11-04 00:12:00,69.38,69.51,69.51,69.38,97.51736943
2023-11-04 00:11:00,69.46,69.53,69.47,69.52,120.40917285
2023-11-04 00:10:00,69.39,69.46,69.41,69.46,15.34804239
2023-11-04 00:09:00,69.39,69.41,69.39,69.41,8.81188466
2023-11-04 00:08:00,69.33,69.39,69.33,69.39,71.09089739
2023-11-04 00:07:00,69.33,69.35,69.34,69.33,10.5417196
2023-11-04 00:06:00,69.33,69.35,69.35,69.34,5.87955086
2023-11-04 00:05:00,69.33,69.37,69.37,69.35,19.20333527
2023-11-04 00:04:00,69.35,69.39,69.39,69.37,41.14277022
2023-11-04 00:03:00,69.32,69.37,69.34,69.37,7.96187411
2023-11-04 00:02:00,69.3,69.34,69.32,69.34,117.5876519
2023-11-04 00:01:00,69.34,69.45,69.44,69.34,351.60553753
2023-11-04 00:00:00,69.41,69.5,69.5,69.47,49.99538746
2023-11-03 23:59:00,69.45,69.5,69.47,69.5,13.27876347
2023-11-03 23:58:00,69.46,69.47,69.47,69.46,1.39171612
2023-11-03 23:57:00,69.41,69.46,69.44,69.46,7.58575546
2023-11-03 23:56:00,69.44,69.46,69.46,69.44,14.38174638
2023-11-03 23:55:00,69.46,69.52,69.49,69.47,26.9502716
2023-11-03 23:54:00,69.49,69.53,69.51,69.49,75.56730157
2023-11-03 23:53:00,69.51,69.54,69.52,69.51,7.21593701
2023-11-03 23:52:00,69.5,69.51,69.5,69.51,33.17618803
2023-11-03 23:51:00,69.5,69.52,69.52,69.51,21.59548728
2023-11-03 23:50:00,69.52,69.54,69.54,69.53,69.37302217
2023-11-03 23:49:00,69.48,69.56,69.48,69.56,62.07978842
2023-11-03 23:48:00,69.45,69.49,69.47,69.49,19.91625144
2023-11-03 23:47:00,69.45,69.46,69.45,69.46,14.36430872
2023-11-03 23:46:00,69.41,69.42,69.42,69.42,45.22315754
2023-11-03 23:45:00,69.41,69.45,69.45,69.42,14.75046
2023-11-03 23:44:00,69.38,69.45,69.42,69.45,353.09126488
2023-11-03 23:43:00,69.4,69.44,69.44,69.42,33.41052455
2023-11-03 23:42:00,69.41,69.44,69.42,69.44,19.05382576
2023-11-03 23:41:00,69.34,69.41,69.34,69.41,75.80842171
2023-11-03 23:40:00,69.37,69.4,69.39,69.37,13.94774899
2023-11-03 23:39:00,69.36,69.39,69.39,69.37,21.13281626
2023-11-03 23:38:00,69.35,69.4,69.4,69.35,30.28995821
2023-11-03 23:37:00,69.36,69.39,69.38,69.39,20.22969171
2023-11-03 23:36:00,69.38,69.45,69.45,69.38,26.03086456
2023-11-03 23:35:00,69.43,69.45,69.44,69.44,12.44276406
2023-11-03 23:34:00,69.44,69.53,69.52,69.44,47.75211072
2023-11-03 23:33:00,69.51,69.55,69.55,69.51,43.84767521
2023-11-03 23:32:00,69.54,69.57,69.55,69.56,17.87690614
2023-11-03 23:31:00,69.49,69.55,69.49,69.55,60.70095457
2023-11-03 23:30:00,69.48,69.53,69.51,69.48,17.51229853
2023-11-03 23:29:00,69.48,69.52,69.51,69.52,47.96846815
2023-11-03 23:28:00,69.47,69.52,69.48,69.51,10.97800187
2023-11-03 23:27:00,69.37,69.47,69.39,69.47,173.06865898
2023-11-03 23:26:00,69.39,69.42,69.41,69.4,18.00399304
2023-11-03 23:25:00,69.4,69.43,69.4,69.42,14.16443529
2023-11-03 23:24:00,69.37,69.41,69.37,69.38,28.36447694
2023-11-03 23:23:00,69.39,69.43,69.42,69.4,22.37029757
2023-11-03 23:22:00,69.4,69.45,69.42,69.4,24.43714767
2023-11-03 23:21:00,69.41,69.45,69.45,69.43,39.97023028
2023-11-03 23:20:00,69.43,69.46,69.44,69.46,57.74105106
2023-11-03 23:19:00,69.45,69.47,69.46,69.46,29.90588493
2023-11-03 23:18:00,69.48,69.51,69.49,69.48,21.25449975
2023-11-03 23:17:00,69.47,69.5,69.5,69.5,10.73597593
2023-11-03 23:16:00,69.5,69.53,69.51,69.5,38.44400639
2023-11-03 23:15:00,69.5,69.54,69.51,69.52,11.97826748
2023-11-03 23:14:00,69.55,69.56,69.56,69.55,2.88957055
2023-11-03 23:13:00,69.53,69.56,69.56,69.56,63.09007187
2023-11-03 23:12:00,69.54,69.56,69.56,69.56,8.78955074
2023-11-03 23:11:00,69.54,69.57,69.57,69.54,8.4748802
2023-11-03 23:10:00,69.49,69.57,69.5,69.57,89.47542655
2023-11-03 23:09:00,69.46,69.49,69.47,69.47,15.89072988
2023-11-03 23:08:00,69.44,69.51,69.51,69.45,41.07665424
2023-11-03 23:07:00,69.52,69.54,69.52,69.53,8.75667904
2023-11-03 23:06:00,69.47,69.51,69.51,69.49,53.86788799
2023-11-03 23:05:00,69.49,69.53,69.49,69.52,23.34521631
2023-11-03 23:04:00,69.47,69.49,69.47,69.49,19.48659374
2023-11-03 23:03:00,69.46,69.52,69.52,69.46,10.71424252
2023-11-03 23:02:00,69.52,69.57,69.57,69.52,24.0956053
2023-11-03 23:01:00,69.55,69.58,69.55,69.57,55.93857686
2023-11-03 23:00:00,69.51,69.54,69.51,69.54,23.00454812
2023-11-03 22:59:00,69.5,69.5,69.5,69.5,8.7106126
2023-11-03 22:58:00,69.46,69.49,69.48,69.49,19.39568822
2023-11-03 22:57:00,69.48,69.49,69.48,69.48,43.29761129
2023-11-03 22:56:00,69.47,69.49,69.48,69.48,54.43942742
2023-11-03 22:55:00,69.47,69.5,69.49,69.47,15.65706064
2023-11-03 22:54:00,69.47,69.5,69.49,69.47,49.33883151
2023-11-03 22:53:00,69.43,69.46,69.46,69.46,11.86223897
2023-11-03 22:52:00,69.43,69.46,69.46,69.45,16.69688864
2023-11-03 22:51:00,69.46,69.48,69.47,69.46,2.3663101
2023-11-03 22:50:00,69.44,69.47,69.46,69.47,13.64274901
2023-11-03 22:49:00,69.44,69.47,69.44,69.45,37.12564028
2023-11-03 22:48:00,69.45,69.47,69.45,69.46,26.96663372
2023-11-03 22:47:00,69.43,69.47,69.43,69.47,10.50256337
2023-11-03 22:46:00,69.43,69.45,69.45,69.43,5.55681952
2023-11-03 22:45:00,69.37,69.44,69.39,69.44,28.36606812
2023-11-03 22:44:00,69.36,69.39,69.39,69.39,1.19243526
2023-11-03 22:43:00,69.37,69.39,69.39,69.39,17.56076277
2023-11-03 22:42:00,69.36,69.41,69.36,69.4,17.78466151
2023-11-03 22:41:00,69.34,69.39,69.38,69.34,17.53159925
2023-11-03 22:40:00,69.37,69.39,69.37,69.38,1.80056204
2023-11-03 22:39:00,69.36,69.37,69.37,69.36,8.65858008
2023-11-03 22:38:00,69.36,69.41,69.39,69.37,37.63521088
2023-11-03 22:37:00,69.33,69.39,69.34,69.39,22.1421983
2023-11-03 22:36:00,69.32,69.34,69.33,69.33,42.3907587
2023-11-03 22:35:00,69.31,69.38,69.38,69.32,87.91317855
2023-11-03 22:34:00,69.39,69.4,69.4,69.4,18.07599772
2023-11-03 22:33:00,69.36,69.42,69.42,69.38,1.42193667
2023-11-03 22:32:00,69.45,69.47,69.46,69.45,78.92942411
2023-11-03 22:31:00,69.4,69.46,69.41,69.45,36.59027109
2023-11-03 22:30:00,69.4,69.43,69.4,69.42,7.9510997
2023-11-03 22:29:00,69.39,69.42,69.4,69.4,8.06933465
2023-11-03 22:28:00,69.39,69.41,69.41,69.39,21.5576167
2023-11-03 22:27:00,69.36,69.41,69.41,69.4,16.5627727
2023-11-03 22:26:00,69.35,69.41,69.36,69.41,42.91488156
2023-11-03 22:25:00,69.33,69.36,69.34,69.36,39.7662679
2023-11-03 22:24:00,69.33,69.34,69.34,69.33,13.45551795
2023-11-03 22:23:00,69.28,69.34,69.28,69.34,6.16396005
2023-11-03 22:22:00,69.26,69.31,69.3,69.26,55.32853753
2023-11-03 22:21:00,69.3,69.32,69.32,69.3,19.52226284
2023-11-03 22:20:00,69.34,69.37,69.36,69.35,24.25727297
2023-11-03 22:19:00,69.36,69.39,69.39,69.36,5.41049184
2023-11-03 22:18:00,69.4,69.43,69.43,69.41,23.15640011
2023-11-03 22:17:00,69.42,69.44,69.43,69.42,20.21421328
2023-11-03 22:16:00,69.43,69.45,69.45,69.44,3.5470241
2023-11-03 22:15:00,69.42,69.44,69.43,69.43,10.17945896
2023-11-03 22:14:00,69.43,69.44,69.44,69.43,18.06376425
2023-11-03 22:13:00,69.42,69.44,69.44,69.44,22.27342964
2023-11-03 22:12:00,69.43,69.46,69.43,69.44,21.15388045
2023-11-03 22:11:00,69.43,69.45,69.45,69.44,11.34092905
2023-11-03 22:10:00,69.37,69.45,69.38,69.45,11.12764676
2023-11-03 22:09:00,69.38,69.4,69.4,69.4,17.01597076
2023-11-03 22:08:00,69.39,69.41,69.41,69.4,7.08542957
2023-11-03 22:07:00,69.42,69.46,69.42,69.44,99.47831059
2023-11-03 22:06:00,69.41,69.45,69.41,69.45,3.98536252
2023-11-03 22:05:00,69.36,69.41,69.41,69.41,66.06656197
2023-11-03 22:04:00,69.36,69.41,69.36,69.41,14.25260792
2023-11-03 22:03:00,69.33,69.39,69.39,69.34,4.48071775
2023-11-03 22:02:00,69.27,69.38,69.27,69.38,82.75365078
2023-11-03 22:01:00,69.27,69.39,69.39,69.27,1.88822998
2023-11-03 22:00:00,69.34,69.4,69.34,69.39,44.27670888
2023-11-03 21:59:00,69.29,69.33,69.3,69.33,14.72220631
2023-11-03 21:58:00,69.28,69.31,69.31,69.31,15.52525443
2023-11-03 21:57:00,69.32,69.36,69.35,69.32,59.47852613
2023-11-03 21:56:00,69.33,69.38,69.38,69.35,14.82851517
2023-11-03 21:55:00,69.35,69.38,69.35,69.35,19.04399567
2023-11-03 21:54:00,69.35,69.38,69.37,69.38,1.04573877
2023-11-03 21:53:00,69.34,69.36,69.36,69.36,2.12404817
2023-11-03 21:52:00,69.38,69.4,69.4,69.38,8.95435281
2023-11-03 21:51:00,69.39,69.5,69.49,69.39,20.30810816
2023-11-03 21:50:00,69.47,69.51,69.5,69.49,35.83282422
2023-11-03 21:49:00,69.49,69.51,69.51,69.49,9.70464071
2023-11-03 21:48:00,69.5,69.51,69.5,69.5,5.98180528
2023-11-03 21:47:00,69.48,69.5,69.48,69.5,1.62644423
2023-11-03 21:46:00,69.46,69.5,69.48,69.5,33.17577189
2023-11-03 21:45:00,69.46,69.49,69.49,69.48,48.93278184
2023-11-03 21:44:00,69.49,69.51,69.5,69.5,20.632888
2023-11-03 21:43:00,69.49,69.52,69.52,69.5,9.67146815
2023-11-03 21:42:00,69.45,69.52,69.45,69.52,32.007089
2023-11-03 21:41:00,69.4,69.43,69.41,69.43,15.38757133
2023-11-03 21:40:00,69.41,69.45,69.45,69.41,13.71450366
2023-11-03 21:39:00,69.44,69.48,69.48,69.44,2.41667335
2023-11-03 21:38:00,69.43,69.48,69.48,69.48,173.42161609
2023-11-03 21:37:00,69.46,69.47,69.46,69.46,21.66873597
2023-11-03 21:36:00,69.46,69.49,69.47,69.47,228.10858745
2023-11-03 21:35:00,69.45,69.48,69.45,69.47,25.02358637
2023-11-03 21:34:00,69.43,69.46,69.46,69.45,22.71864521
2023-11-03 21:33:00,69.48,69.57,69.57,69.48,7.37431911
2023-11-03 21:32:00,69.55,69.57,69.55,69.57,43.3434735
2023-11-03 21:31:00,69.53,69.56,69.53,69.56,30.64697039
2023-11-03 21:30:00,69.52,69.54,69.54,69.53,14.61871796
2023-11-03 21:29:00,69.52,69.55,69.53,69.53,28.67871457
2023-11-03 21:28:00,69.49,69.53,69.5,69.51,29.49655703
2023-11-03 21:27:00,69.49,69.51,69.5,69.51,46.78569465
2023-11-03 21:26:00,69.44,69.49,69.44,69.49,19.80111789
2023-11-03 21:25:00,69.47,69.5,69.49,69.47,21.07174072
2023-11-04 07:25:00,69.6,69.65,69.63,69.62,31.35518488
2023-11-04 07:24:00,69.6,69.62,69.61,69.62,34.72265335
2023-11-04 07:23:00,69.62,69.63,69.63,69.62,21.39504185
2023-11-04 07:22:00,69.61,69.63,69.61,69.63,13.6102184
2023-11-04 07:21:00,69.55,69.6,69.55,69.6,5.82823255
2023-11-04 07:20:00,69.53,69.56,69.53,69.55,6.35859406
2023-11-04 07:19:00,69.51,69.55,69.52,69.55,1.78723974
2023-11-04 07:18:00,69.51,69.57,69.57,69.52,65.55440623
2023-11-04 07:17:00,69.55,69.56,69.56,69.56,27.17391009
2023-11-04 07:16:00,69.51,69.55,69.52,69.55,87.30561689
2023-11-04 07:15:00,69.5,69.53,69.52,69.51,8.18092711
2023-11-04 07:14:00,69.51,69.56,69.55,69.51,4.54182448
2023-11-04 07:13:00,69.53,69.56,69.55,69.53,48.71595002
2023-11-04 07:12:00,69.52,69.53,69.52,69.53,44.48433482
2023-11-04 07:11:00,69.5,69.52,69.5,69.52,287.71641585
2023-11-04 07:10:00,69.48,69.53,69.52,69.49,325.12472578
2023-11-04 07:09:00,69.52,69.53,69.52,69.52,86.44130794
2023-11-04 07:08:00,69.54,69.57,69.56,69.54,58.55636326
2023-11-04 07:07:00,69.55,69.58,69.55,69.57,146.58703162
2023-11-04 07:06:00,69.55,69.57,69.57,69.55,118.16884101
2023-11-04 07:05:00,69.58,69.66,69.66,69.58,73.41508007
2023-11-04 07:04:00,69.64,69.66,69.65,69.66,19.6806962
2023-11-04 07:03:00,69.63,69.66,69.64,69.65,35.09858331
2023-11-04 07:02:00,69.63,69.65,69.65,69.63,14.63360041
2023-11-04 07:01:00,69.6,69.63,69.62,69.63,36.51714013
2023-11-04 07:00:00,69.61,69.63,69.62,69.62,8.0209829
2023-11-04 06:59:00,69.58,69.61,69.58,69.61,3.94000714
2023-11-04 06:58:00,69.57,69.64,69.64,69.58,21.34276318
2023-11-04 06:57:00,69.61,69.61,69.61,69.61,3.54472342
2023-11-04 06:56:00,69.55,69.61,69.61,69.59,5.73808127
2023-11-04 06:55:00,69.6,69.65,69.65,69.6,2.76541964
2023-11-04 06:54:00,69.63,69.65,69.64,69.63,1.56653444
2023-11-04 06:53:00,69.64,69.7,69.7,69.64,36.97645706
2023-11-04 06:52:00,69.67,69.7,69.67,69.7,10.47699489
2023-11-04 06:51:00,69.66,69.7,69.7,69.67,33.71257548
2023-11-04 06:50:00,69.64,69.7,69.64,69.69,42.09236187
2023-11-04 06:49:00,69.64,69.69,69.69,69.66,5.41208197
2023-11-04 06:48:00,69.68,69.73,69.72,69.7,29.03715376
2023-11-04 06:47:00,69.72,69.72,69.72,69.72,5.4418651
2023-11-04 06:46:00,69.68,69.74,69.74,69.7,63.48440494
2023-11-04 06:45:00,69.69,69.73,69.69,69.73,10.01149458
2023-11-04 06:44:00,69.68,69.69,69.69,69.68,4.36328184
2023-11-04 06:43:00,69.65,69.68,69.66,69.68,61.41830151
2023-11-04 06:42:00,69.66,69.71,69.69,69.66,10.72861819
2023-11-04 06:41:00,69.66,69.71,69.66,69.7,8.06252454
2023-11-04 06:40:00,69.63,69.67,69.64,69.67,20.05179144
2023-11-04 06:39:00,69.62,69.67,69.67,69.64,20.00231526
2023-11-04 06:38:00,69.66,69.69,69.68,69.69,13.56983924
2023-11-04 06:37:00,69.63,69.68,69.63,69.67,31.1841074
2023-11-04 06:36:00,69.63,69.71,69.69,69.63,10.77195796
2023-11-04 06:35:00,69.68,69.72,69.71,69.69,31.48801845
2023-11-04 06:34:00,69.61,69.7,69.62,69.7,18.95643559
2023-11-04 06:33:00,69.61,69.61,69.61,69.61,0.37286823
2023-11-04 06:32:00,69.52,69.57,69.52,69.55,5.75795161
2023-11-04 06:31:00,69.48,69.57,69.57,69.51,13.98971279
2023-11-04 06:30:00,69.52,69.57,69.57,69.56,47.20729713
2023-11-04 06:29:00,69.57,69.6,69.59,69.6,17.76733362
2023-11-04 06:28:00,69.59,69.6,69.6,69.59,6.51559203
2023-11-04 06:27:00,69.59,69.6,69.6,69.59,5.44370776
2023-11-04 06:26:00,69.56,69.58,69.56,69.58,30.664811
2023-11-04 06:25:00,69.55,69.6,69.56,69.59,16.19762103
2023-11-04 06:24:00,69.49,69.55,69.52,69.53,18.91807295
2023-11-04 06:23:00,69.52,69.59,69.52,69.55,50.85631324
2023-11-04 06:22:00,69.54,69.56,69.55,69.55,8.01279374
2023-11-04 06:21:00,69.48,69.54,69.53,69.54,134.19128879
2023-11-04 06:20:00,69.56,69.56,69.56,69.56,0.09864668
2023-11-04 06:19:00,69.57,69.6,69.6,69.57,21.81277711
2023-11-04 06:18:00,69.62,69.69,69.66,69.69,126.90679032
2023-11-04 06:17:00,69.66,69.71,69.71,69.66,9.10274087
2023-11-04 06:16:00,69.65,69.71,69.66,69.7,331.03725565
2023-11-04 06:15:00,69.64,69.71,69.67,69.71,60.71812392
2023-11-04 06:14:00,69.62,69.67,69.63,69.67,83.66415348
2023-11-04 06:12:00,69.62,69.63,69.63,69.62,3.65718552
2023-11-04 06:11:00,69.59,69.67,69.66,69.59,56.6791731
2023-11-04 06:10:00,69.64,69.73,69.71,69.66,46.24006847
2023-11-04 06:09:00,69.69,69.78,69.78,69.73,155.52063763
2023-11-04 06:08:00,69.65,69.82,69.65,69.72,630.67518274
2023-11-04 06:07:00,69.58,69.64,69.64,69.64,5.12576647
2023-11-04 06:06:00,69.63,69.66,69.66,69.63,26.4720313
2023-11-04 06:05:00,69.64,69.67,69.67,69.65,19.65893324
2023-11-04 06:04:00,69.61,69.69,69.61,69.66,39.96797787
2023-11-04 06:03:00,69.6,69.62,69.61,69.61,51.12351599
2023-11-04 06:02:00,69.58,69.63,69.58,69.63,12.07919025
2023-11-04 06:01:00,69.57,69.61,69.6,69.57,2.64331909
2023-11-04 06:00:00,69.54,69.59,69.55,69.59,62.94501771
2023-11-04 05:59:00,69.5,69.56,69.51,69.56,50.76910234
2023-11-04 05:58:00,69.46,69.51,69.47,69.51,83.33930546
2023-11-04 05:57:00,69.46,69.49,69.48,69.48,14.67054462
2023-11-04 05:56:00,69.43,69.48,69.44,69.47,23.12556247
2023-11-04 05:55:00,69.42,69.44,69.42,69.44,9.41261382
2023-11-04 05:54:00,69.4,69.42,69.41,69.42,22.50252174
2023-11-04 05:53:00,69.39,69.42,69.39,69.42,3.00098814
2023-11-04 05:52:00,69.33,69.38,69.35,69.38,115.04575574
2023-11-04 05:51:00,69.34,69.39,69.37,69.34,31.60703511
2023-11-04 05:50:00,69.35,69.37,69.36,69.37,29.69674989
2023-11-04 05:49:00,69.36,69.37,69.36,69.37,13.71755374
2023-11-04 05:48:00,69.33,69.36,69.34,69.36,25.61559927
2023-11-04 05:47:00,69.34,69.36,69.35,69.35,15.31290275
2023-11-04 05:46:00,69.35,69.4,69.4,69.36,47.95862244
2023-11-04 05:45:00,69.38,69.41,69.39,69.4,54.28084105
2023-11-04 05:44:00,69.38,69.41,69.39,69.41,21.97559883
2023-11-04 05:43:00,69.4,69.44,69.41,69.4,587.60344066
2023-11-04 05:42:00,69.3,69.42,69.3,69.4,357.37803692
2023-11-04 05:41:00,69.3,69.31,69.3,69.3,20.63051754
2023-11-04 05:40:00,69.3,69.33,69.3,69.31,37.57247977
2023-11-04 05:39:00,69.3,69.32,69.32,69.31,28.30310203
2023-11-04 05:38:00,69.3,69.32,69.31,69.32,23.31097652
2023-11-04 05:37:00,69.33,69.35,69.34,69.33,9.18287166
2023-11-04 05:36:00,69.32,69.34,69.32,69.34,11.36748405
2023-11-04 05:35:00,69.27,69.33,69.27,69.31,32.2017952
2023-11-04 05:34:00,69.25,69.27,69.25,69.26,38.69993439
2023-11-04 05:33:00,69.24,69.26,69.25,69.25,26.95174937
2023-11-04 05:32:00,69.26,69.29,69.28,69.26,5.13135325
2023-11-04 05:31:00,69.29,69.32,69.32,69.29,11.68798457
2023-11-04 05:30:00,69.3,69.33,69.32,69.31,3.36207704
2023-11-04 05:29:00,69.31,69.32,69.31,69.31,1.52157265
2023-11-04 05:28:00,69.29,69.33,69.33,69.29,37.35832978
2023-11-04 05:27:00,69.31,69.36,69.34,69.31,37.27182549
2023-11-04 05:26:00,69.33,69.35,69.35,69.34,14.04948546
2023-11-04 05:25:00,69.33,69.37,69.34,69.35,30.43096503
2023-11-04 05:24:00,69.34,69.37,69.34,69.37,14.96316927
2023-11-04 05:23:00,69.32,69.34,69.33,69.32,56.3578964
2023-11-04 05:22:00,69.3,69.35,69.35,69.3,73.75382991
2023-11-04 05:21:00,69.27,69.31,69.28,69.31,71.05505573
2023-11-04 05:20:00,69.28,69.32,69.32,69.28,121.68376728
2023-11-04 05:19:00,69.28,69.33,69.28,69.33,87.10284931
2023-11-04 05:18:00,69.27,69.29,69.29,69.28,4.71743941
2023-11-04 05:17:00,69.29,69.33,69.33,69.3,6.31266291
2023-11-04 05:16:00,69.34,69.38,69.35,69.34,5.63230336
2023-11-04 05:15:00,69.3,69.34,69.3,69.33,22.34319162
2023-11-04 05:14:00,69.29,69.31,69.31,69.31,45.38822552
2023-11-04 05:13:00,69.28,69.31,69.3,69.31,38.86575538
2023-11-04 05:12:00,69.3,69.33,69.33,69.3,8.75996351
2023-11-04 05:11:00,69.3,69.35,69.3,69.33,21.9735318
2023-11-04 05:10:00,69.28,69.36,69.35,69.3,24.94724891
2023-11-04 05:09:00,69.34,69.38,69.38,69.34,8.09787191
2023-11-04 05:08:00,69.35,69.37,69.36,69.37,1.80601937
2023-11-04 05:07:00,69.32,69.35,69.33,69.35,17.04398219
2023-11-04 05:06:00,69.29,69.33,69.29,69.32,18.325298
2023-11-04 05:05:00,69.26,69.29,69.29,69.29,42.05487928
2023-11-04 05:04:00,69.28,69.3,69.29,69.28,52.04684747
2023-11-04 05:03:00,69.28,69.3,69.3,69.29,1.83113323
2023-11-04 05:02:00,69.31,69.36,69.36,69.32,175.11410027
2023-11-04 05:01:00,69.33,69.35,69.35,69.35,22.83060175
2023-11-04 05:00:00,69.33,69.36,69.35,69.36,20.13826675
2023-11-04 04:59:00,69.33,69.35,69.35,69.34,11.18973062
2023-11-04 04:58:00,69.36,69.38,69.36,69.36,28.76235912
2023-11-04 04:57:00,69.33,69.36,69.34,69.36,32.39732716
2023-11-04 04:56:00,69.34,69.36,69.36,69.34,4.63304711
2023-11-04 04:55:00,69.37,69.38,69.38,69.37,12.44054398
2023-11-04 04:54:00,69.37,69.38,69.38,69.38,9.52074955
2023-11-04 04:53:00,69.37,69.4,69.37,69.37,6.41813573
2023-11-04 04:52:00,69.39,69.4,69.39,69.39,7.9263587
2023-11-04 04:51:00,69.36,69.39,69.36,69.37,44.84384905
2023-11-04 04:50:00,69.35,69.39,69.39,69.36,31.4801672
2023-11-04 04:49:00,69.35,69.43,69.43,69.39,19.45356677
2023-11-04 04:48:00,69.41,69.44,69.42,69.43,42.11497101
2023-11-04 04:47:00,69.39,69.43,69.39,69.43,17.64259874
2023-11-04 04:46:00,69.36,69.39,69.37,69.39,37.20435544
2023-11-04 04:45:00,69.34,69.38,69.34,69.37,22.83786792
2023-11-04 04:44:00,69.34,69.37,69.36,69.36,12.38591005
2023-11-04 04:43:00,69.36,69.38,69.38,69.37,44.72265614
2023-11-04 04:42:00,69.36,69.38,69.38,69.38,37.36389539
2023-11-04 04:41:00,69.34,69.41,69.41,69.36,31.00944404
2023-11-04 04:40:00,69.4,69.43,69.43,69.43,31.49975299
2023-11-04 04:39:00,69.41,69.44,69.44,69.43,73.24605176
2023-11-04 04:38:00,69.44,69.48,69.48,69.44,16.54222234
2023-11-04 04:37:00,69.46,69.52,69.52,69.46,73.60014611
2023-11-04 04:36:00,69.51,69.56,69.51,69.52,52.23458543
2023-11-04 04:35:00,69.49,69.52,69.49,69.51,37.97692167
2023-11-04 04:34:00,69.46,69.49,69.46,69.49,7.8489134
2023-11-04 04:33:00,69.46,69.49,69.48,69.47,48.18396379
2023-11-04 04:32:00,69.48,69.5,69.48,69.49,34.69169048
2023-11-04 04:31:00,69.48,69.51,69.49,69.48,583.85294665
2023-11-04 04:30:00,69.49,69.53,69.53,69.49,3.32811753
2023-11-04 04:29:00,69.51,69.57,69.57,69.53,61.43692061
2023-11-04 04:28:00,69.55,69.57,69.57,69.57,7.64286553
2023-11-04 04:27:00,69.52,69.57,69.52,69.57,29.29596361
2023-11-04 04:26:00,69.51,69.54,69.51,69.53,33.76864161
2023-11-04 04:25:00,69.49,69.53,69.52,69.51,142.97065908
2023-11-04 04:24:00,69.5,69.53,69.52,69.53,4.91656043
2023-11-04 04:23:00,69.5,69.52,69.5,69.52,19.63506839
2023-11-04 04:22:00,69.46,69.5,69.47,69.5,9.07293498
2023-11-04 04:21:00,69.46,69.5,69.48,69.49,29.02900537
2023-11-04 04:20:00,69.49,69.51,69.5,69.49,26.73338302
2023-11-04 04:19:00,69.49,69.53,69.49,69.51,22.32689227
2023-11-04 04:18:00,69.48,69.5,69.49,69.5,5.14679868
2023-11-04 04:17:00,69.49,69.5,69.5,69.49,4.56765853
2023-11-04 04:16:00,69.48,69.58,69.57,69.48,203.72377493
2023-11-04 04:15:00,69.58,69.6,69.6,69.58,24.01896704
2023-11-04 04:14:00,69.56,69.6,69.59,69.6,61.06790259
2023-11-04 04:13:00,69.58,69.6,69.6,69.59,4.2989338
2023-11-04 04:12:00,69.57,69.59,69.57,69.59,12.28735539
2023-11-04 04:11:00,69.57,69.6,69.59,69.57,29.38571617
2023-11-04 04:10:00,69.59,69.62,69.61,69.6,11.37789565
2023-11-04 04:09:00,69.57,69.59,69.59,69.57,81.02303924
2023-11-04 04:08:00,69.58,69.6,69.6,69.59,31.08740444
2023-11-04 04:07:00,69.56,69.6,69.57,69.6,6.67392509
2023-11-04 04:06:00,69.56,69.57,69.57,69.57,22.93820589
2023-11-04 04:05:00,69.55,69.58,69.55,69.57,188.92036054
2023-11-04 04:04:00,69.57,69.6,69.6,69.59,56.30460086
2023-11-04 04:03:00,69.59,69.63,69.63,69.6,57.56026269
2023-11-04 04:02:00,69.62,69.65,69.64,69.64,51.83591936
2023-11-04 04:01:00,69.62,69.68,69.67,69.64,52.92777533
2023-11-04 04:00:00,69.69,69.72,69.71,69.69,25.88633372
2023-11-04 03:59:00,69.69,69.7,69.69,69.7,24.86619439
2023-11-04 03:58:00,69.65,69.67,69.66,69.67,60.01985813
2023-11-04 03:57:00,69.66,69.69,69.69,69.68,18.66854838
2023-11-04 03:56:00,69.67,69.69,69.67,69.69,38.64853372
2023-11-04 03:55:00,69.63,69.71,69.65,69.69,141.51964235
2023-11-04 03:54:00,69.63,69.67,69.63,69.67,17.37489384
2023-11-04 03:53:00,69.62,69.63,69.63,69.63,10.62982512
2023-11-04 03:52:00,69.59,69.63,69.62,69.61,90.3759558
2023-11-04 03:51:00,69.6,69.63,69.6,69.62,25.06953321
2023-11-04 03:50:00,69.6,69.63,69.62,69.6,15.10084244
2023-11-04 03:49:00,69.59,69.61,69.59,69.6,10.3202359
2023-11-04 03:48:00,69.58,69.62,69.61,69.59,13.00856261
2023-11-04 03:47:00,69.57,69.6,69.57,69.6,25.375393
2023-11-04 03:46:00,69.58,69.61,69.58,69.6,49.06576705
2023-11-04 03:45:00,69.56,69.59,69.59,69.56,90.92111542
2023-11-04 03:44:00,69.56,69.59,69.57,69.57,12.37606505
2023-11-04 03:43:00,69.54,69.57,69.56,69.57,99.053467
2023-11-04 03:42:00,69.54,69.57,69.54,69.55,16.04040084
2023-11-04 03:41:00,69.55,69.57,69.57,69.55,10.84934735
2023-11-04 03:40:00,69.54,69.58,69.54,69.57,63.69316464
2023-11-04 03:39:00,69.54,69.58,69.55,69.56,47.41939313
2023-11-04 03:38:00,69.45,69.56,69.45,69.56,24.57309661
2023-11-04 03:37:00,69.45,69.47,69.47,69.47,3.21272254
2023-11-04 03:36:00,69.46,69.5,69.5,69.47,133.01571167
2023-11-04 03:35:00,69.49,69.5,69.5,69.5,4.24532499
2023-11-04 03:34:00,69.4,69.43,69.41,69.43,35.51016177
2023-11-04 03:33:00,69.41,69.44,69.44,69.41,11.56990319
2023-11-04 03:32:00,69.41,69.45,69.44,69.44,34.7511829
2023-11-04 03:31:00,69.42,69.46,69.42,69.44,228.47083353
2023-11-04 03:30:00,69.4,69.43,69.43,69.41,21.74784217
2023-11-04 03:29:00,69.41,69.43,69.43,69.42,5.95091252
2023-11-04 03:28:00,69.42,69.44,69.44,69.43,13.75653926
2023-11-04 03:27:00,69.41,69.43,69.43,69.43,16.55729937
2023-11-04 03:26:00,69.45,69.49,69.47,69.45,20.39798991
2023-11-04 03:25:00,69.44,69.47,69.44,69.47,67.96115451
2023-11-04 03:24:00,69.43,69.44,69.43,69.44,45.1659816
2023-11-04 03:23:00,69.38,69.44,69.41,69.42,155.23317446
2023-11-04 03:22:00,69.41,69.43,69.42,69.41,5.98398173
2023-11-04 03:21:00,69.4,69.44,69.44,69.42,12.40819655
2023-11-04 03:20:00,69.41,69.44,69.42,69.44,17.56045234
2023-11-04 03:19:00,69.4,69.43,69.42,69.42,10.91881328
2023-11-04 03:18:00,69.4,69.48,69.48,69.4,46.32355524
2023-11-04 03:17:00,69.46,69.49,69.48,69.46,20.50881859
2023-11-04 03:16:00,69.46,69.49,69.47,69.47,27.66255624
2023-11-04 03:15:00,69.47,69.48,69.48,69.47,22.41622497
2023-11-04 03:14:00,69.46,69.48,69.48,69.46,21.12526611
2023-11-04 03:13:00,69.46,69.53,69.52,69.46,37.17672541
2023-11-04 03:12:00,69.48,69.51,69.48,69.5,19.62012179
2023-11-04 03:11:00,69.46,69.49,69.48,69.48,44.59039022
2023-11-04 03:10:00,69.42,69.49,69.45,69.49,35.28078966
2023-11-04 03:09:00,69.38,69.45,69.41,69.45,8.53729
2023-11-04 03:08:00,69.4,69.44,69.42,69.4,112.95566179
2023-11-04 03:07:00,69.4,69.43,69.41,69.43,49.42240491
2023-11-04 03:06:00,69.41,69.46,69.43,69.42,36.53028451
2023-11-04 03:05:00,69.4,69.44,69.43,69.42,8.06700192
2023-11-04 03:04:00,69.43,69.46,69.44,69.43,16.00823945
2023-11-04 03:03:00,69.42,69.49,69.42,69.49,20.81513501
2023-11-04 03:02:00,69.42,69.45,69.45,69.44,10.5554622
2023-11-04 03:01:00,69.44,69.49,69.49,69.44,29.21765813
2023-11-04 03:00:00,69.49,69.51,69.51,69.49,19.58198348
2023-11-04 02:59:00,69.47,69.52,69.52,69.49,69.23298165
2023-11-04 02:58:00,69.5,69.55,69.5,69.52,10.33876811
2023-11-04 02:57:00,69.47,69.51,69.47,69.51,14.93037993
2023-11-04 02:56:00,69.44,69.5,69.45,69.48,24.64323461
2023-11-04 02:55:00,69.43,69.5,69.44,69.46,90.10400677
2023-11-04 02:54:00,69.41,69.44,69.43,69.43,64.63838425
2023-11-04 02:53:00,69.41,69.46,69.45,69.43,129.04725976
2023-11-04 02:52:00,69.43,69.46,69.45,69.44,16.02776023
2023-11-04 02:51:00,69.43,69.46,69.46,69.44,42.94741811
2023-11-04 02:50:00,69.45,69.5,69.5,69.46,60.588287
2023-11-04 02:49:00,69.5,69.51,69.5,69.5,18.68360611
2023-11-04 02:48:00,69.53,69.55,69.53,69.55,11.00594368
2023-11-04 02:47:00,69.53,69.56,69.56,69.55,2.23777798
2023-11-04 02:46:00,69.51,69.57,69.51,69.56,12.58647119
2023-11-04 02:45:00,69.49,69.52,69.52,69.51,29.48551884
2023-11-04 02:44:00,69.51,69.55,69.55,69.52,29.00101239
2023-11-04 02:43:00,69.54,69.57,69.56,69.57,5.59239144
2023-11-04 02:42:00,69.54,69.57,69.56,69.56,28.47892726
2023-11-04 02:41:00,69.52,69.58,69.52,69.58,30.10088662
2023-11-04 02:40:00,69.51,69.54,69.53,69.51,8.55955179
2023-11-04 02:39:00,69.5,69.53,69.52,69.53,10.16757035
2023-11-04 02:38:00,69.52,69.55,69.55,69.53,32.33536511
2023-11-04 02:37:00,69.5,69.53,69.52,69.53,10.54925481
2023-11-04 02:36:00,69.52,69.55,69.55,69.53,13.82316109
2023-11-04 02:35:00,69.5,69.57,69.57,69.54,17.20889298
2023-11-04 02:34:00,69.55,69.59,69.58,69.56,51.57555763
2023-11-04 02:33:00,69.52,69.59,69.52,69.57,44.79762164
2023-11-04 02:32:00,69.52,69.54,69.54,69.54,20.33917908
2023-11-04 02:31:00,69.46,69.54,69.46,69.54,46.44109508
2023-11-04 02:30:00,69.46,69.51,69.51,69.46,36.34777439
2023-11-04 02:29:00,69.53,69.55,69.55,69.53,13.82419047
2023-11-04 02:28:00,69.54,69.58,69.57,69.56,8.80133375
2023-11-04 02:27:00,69.53,69.57,69.53,69.57,39.50889545
2023-11-04 02:26:00,69.47,69.56,69.56,69.53,144.20172145
2023-11-04 02:25:00,69.53,69.59,69.59,69.55,4.17698407
2023-11-04 12:25:00,69.65,69.71,69.65,69.68,17.9869802
2023-11-04 12:24:00,69.62,69.66,69.66,69.64,9.05839653
2023-11-04 12:23:00,69.65,69.67,69.67,69.67,7.55381117
2023-11-04 12:22:00,69.66,69.7,69.66,69.68,6.42381472
2023-11-04 12:21:00,69.62,69.65,69.63,69.65,32.47191454
2023-11-04 12:20:00,69.61,69.66,69.63,69.61,4.02428353
2023-11-04 12:19:00,69.6,69.62,69.6,69.6,1.75335899
2023-11-04 12:18:00,69.59,69.6,69.6,69.6,31.64397301
2023-11-04 12:17:00,69.59,69.61,69.59,69.61,3.46965727
2023-11-04 12:16:00,69.58,69.61,69.6,69.59,7.84079681
2023-11-04 12:15:00,69.59,69.62,69.61,69.6,6.07357622
2023-11-04 12:14:00,69.58,69.61,69.58,69.61,23.74955158
2023-11-04 12:13:00,69.58,69.64,69.62,69.58,142.36249088
2023-11-04 12:12:00,69.6,69.61,69.6,69.61,15.04883791
2023-11-04 12:11:00,69.56,69.56,69.56,69.56,11.7177
2023-11-04 12:10:00,69.53,69.57,69.53,69.57,14.89373325
2023-11-04 12:09:00,69.49,69.56,69.56,69.54,60.67086505
2023-11-04 12:08:00,69.54,69.58,69.56,69.54,20.75576382
2023-11-04 12:07:00,69.55,69.61,69.61,69.57,141.05976166
2023-11-04 12:06:00,69.59,69.63,69.59,69.61,17.53839651
2023-11-04 12:05:00,69.58,69.66,69.65,69.58,106.27028946
2023-11-04 12:04:00,69.64,69.65,69.65,69.64,1.1364826
2023-11-04 12:03:00,69.58,69.64,69.61,69.64,81.42160313
2023-11-04 12:02:00,69.58,69.59,69.58,69.59,26.02207398
2023-11-04 12:01:00,69.57,69.6,69.6,69.59,118.07252699
2023-11-04 12:00:00,69.6,69.62,69.61,69.61,88.91571512
2023-11-04 11:59:00,69.6,69.62,69.6,69.62,82.99626156
2023-11-04 11:58:00,69.58,69.61,69.59,69.61,31.46275107
2023-11-04 11:57:00,69.6,69.62,69.62,69.6,144.71044002
2023-11-04 11:56:00,69.59,69.61,69.59,69.61,44.46313
2023-11-04 11:55:00,69.57,69.66,69.66,69.59,85.54731753
2023-11-04 11:54:00,69.62,69.66,69.62,69.65,109.28251206
2023-11-04 11:53:00,69.61,69.63,69.63,69.62,44.16574041
2023-11-04 11:52:00,69.61,69.67,69.67,69.62,62.79028769
2023-11-04 11:51:00,69.66,69.72,69.72,69.66,200.86008057
2023-11-04 11:50:00,69.74,69.75,69.75,69.74,11.08268217
2023-11-04 11:49:00,69.72,69.77,69.77,69.73,207.79499618
2023-11-04 11:48:00,69.76,69.78,69.77,69.78,16.76693167
2023-11-04 11:47:00,69.78,69.8,69.79,69.78,2.2180827
2023-11-04 11:46:00,69.78,69.8,69.8,69.79,16.95281387
2023-11-04 11:45:00,69.73,69.8,69.75,69.8,10.82163682
2023-11-04 11:44:00,69.75,69.78,69.78,69.75,34.58695852
2023-11-04 11:43:00,69.78,69.8,69.78,69.8,36.89065255
2023-11-04 11:42:00,69.8,69.8,69.8,69.8,8.62779789
2023-11-04 11:41:00,69.74,69.79,69.74,69.79,11.64581109
2023-11-04 11:40:00,69.73,69.73,69.73,69.73,6.9469804
2023-11-04 11:39:00,69.72,69.76,69.76,69.74,121.108185
2023-11-04 11:38:00,69.76,69.78,69.76,69.78,33.80953161
2023-11-04 11:37:00,69.71,69.75,69.71,69.75,4.38996058
2023-11-04 11:36:00,69.7,69.71,69.7,69.71,0.17038786
2023-11-04 11:35:00,69.68,69.72,69.7,69.68,16.6080757
2023-11-04 11:34:00,69.66,69.71,69.66,69.71,16.78044348
2023-11-04 11:33:00,69.65,69.67,69.66,69.66,91.9749933
2023-11-04 11:32:00,69.66,69.7,69.69,69.67,24.57309824
2023-11-04 11:31:00,69.66,69.68,69.68,69.68,24.28833806
2023-11-04 11:30:00,69.65,69.67,69.67,69.67,14.66692837
2023-11-04 11:29:00,69.66,69.69,69.66,69.68,58.23700172
2023-11-04 11:28:00,69.66,69.67,69.66,69.66,4.16488959
2023-11-04 11:27:00,69.64,69.66,69.64,69.66,26.81711995
2023-11-04 11:26:00,69.63,69.66,69.66,69.64,32.99946194
2023-11-04 11:25:00,69.67,69.67,69.67,69.67,36.4431047
2023-11-04 11:24:00,69.67,69.68,69.67,69.67,257.91984572
2023-11-04 11:23:00,69.67,69.68,69.68,69.68,3.69942688
2023-11-04 11:22:00,69.63,69.69,69.63,69.68,25.75722425
2023-11-04 11:21:00,69.63,69.66,69.64,69.64,14.15820495
2023-11-04 11:20:00,69.67,69.73,69.73,69.67,8.29209122
2023-11-04 11:19:00,69.72,69.74,69.73,69.73,14.70778799
2023-11-04 11:18:00,69.65,69.75,69.65,69.75,12.91993297
2023-11-04 11:17:00,69.62,69.67,69.67,69.65,27.56742839
2023-11-04 11:16:00,69.65,69.69,69.69,69.67,7.93152745
2023-11-04 11:15:00,69.67,69.71,69.69,69.69,12.27018135
2023-11-04 11:14:00,69.65,69.7,69.66,69.69,12.87922068
2023-11-04 11:13:00,69.66,69.67,69.67,69.66,5.19858838
2023-11-04 11:12:00,69.65,69.69,69.69,69.66,28.64659307
2023-11-04 11:11:00,69.69,69.74,69.74,69.69,44.52659154
2023-11-04 11:10:00,69.73,69.74,69.73,69.74,0.27922658
2023-11-04 11:09:00,69.74,69.78,69.75,69.74,9.62392867
2023-11-04 11:08:00,69.74,69.8,69.79,69.74,26.49566477
2023-11-04 11:07:00,69.77,69.79,69.78,69.79,20.952201
2023-11-04 11:06:00,69.73,69.78,69.73,69.78,43.11258695
2023-11-04 11:05:00,69.7,69.73,69.71,69.73,1.83897417
2023-11-04 11:04:00,69.7,69.73,69.72,69.71,16.86894041
2023-11-04 11:03:00,69.7,69.73,69.71,69.71,33.43889139
2023-11-04 11:02:00,69.65,69.71,69.65,69.71,54.21427649
2023-11-04 11:01:00,69.61,69.65,69.61,69.64,25.29506217
2023-11-04 11:00:00,69.6,69.64,69.63,69.61,4.54024727
2023-11-04 10:59:00,69.61,69.65,69.65,69.63,39.93189381
2023-11-04 10:58:00,69.65,69.71,69.69,69.65,9.58671347
2023-11-04 10:57:00,69.65,69.69,69.67,69.69,4.67836387
2023-11-04 10:56:00,69.62,69.65,69.63,69.64,2.57466092
2023-11-04 10:55:00,69.62,69.64,69.63,69.63,8.48549214
2023-11-04 10:54:00,69.6,69.67,69.67,69.6,80.08418098
2023-11-04 10:53:00,69.67,69.7,69.7,69.68,0.67157021
2023-11-04 10:52:00,69.7,69.75,69.7,69.71,20.33846253
2023-11-04 10:51:00,69.68,69.69,69.68,69.69,0.18212589
2023-11-04 10:50:00,69.67,69.71,69.71,69.67,6.47149876
2023-11-04 10:49:00,69.68,69.7,69.68,69.7,14.92453679
2023-11-04 10:48:00,69.65,69.69,69.69,69.67,32.95369338
2023-11-04 10:47:00,69.67,69.71,69.68,69.71,44.06512322
2023-11-04 10:46:00,69.66,69.72,69.71,69.68,122.50524896
2023-11-04 10:45:00,69.68,69.72,69.69,69.7,19.91400361
2023-11-04 10:44:00,69.69,69.7,69.69,69.69,4.91959444
2023-11-04 10:43:00,69.69,69.69,69.69,69.69,22.16217311
2023-11-04 10:42:00,69.69,69.73,69.7,69.7,144.87432193
2023-11-04 10:41:00,69.67,69.74,69.74,69.67,59.04471903
2023-11-04 10:40:00,69.71,69.73,69.73,69.73,6.11819676
2023-11-04 10:39:00,69.71,69.73,69.73,69.71,52.17270677
2023-11-04 10:38:00,69.69,69.74,69.69,69.72,6.36832486
2023-11-04 10:37:00,69.65,69.69,69.65,69.69,22.9998245
2023-11-04 10:36:00,69.64,69.71,69.7,69.64,42.10984505
2023-11-04 10:35:00,69.7,69.72,69.71,69.7,20.64455841
2023-11-04 10:34:00,69.69,69.74,69.74,69.71,131.47730552
2023-11-04 10:33:00,69.7,69.74,69.73,69.73,57.0094144
2023-11-04 10:32:00,69.73,69.79,69.79,69.73,135.42044749
2023-11-04 10:31:00,69.77,69.8,69.79,69.78,119.41302873
2023-11-04 10:30:00,69.77,69.81,69.77,69.8,113.62349902
2023-11-04 10:29:00,69.76,69.78,69.77,69.76,63.46031243
2023-11-04 10:28:00,69.76,69.79,69.79,69.77,116.81162023
2023-11-04 10:27:00,69.78,69.79,69.79,69.79,5.53783
2023-11-04 10:26:00,69.76,69.78,69.76,69.78,6.41480326
2023-11-04 10:25:00,69.74,69.81,69.81,69.76,82.12661099
2023-11-04 10:24:00,69.81,69.85,69.84,69.81,59.22288702
2023-11-04 10:23:00,69.84,69.87,69.85,69.84,14.73489464
2023-11-04 10:22:00,69.83,69.85,69.85,69.85,4.23332467
2023-11-04 10:21:00,69.84,69.85,69.84,69.85,117.52506276
2023-11-04 10:20:00,69.83,69.85,69.83,69.85,1.24337746
2023-11-04 10:19:00,69.8,69.84,69.82,69.84,17.21405036
2023-11-04 10:18:00,69.78,69.8,69.79,69.8,12.99892445
2023-11-04 10:17:00,69.78,69.79,69.79,69.78,3.71958294
2023-11-04 10:16:00,69.79,69.82,69.79,69.8,9.64965224
2023-11-04 10:15:00,69.75,69.78,69.75,69.78,20.44505897
2023-11-04 10:14:00,69.75,69.79,69.78,69.79,14.45687283
2023-11-04 10:13:00,69.78,69.79,69.79,69.79,20.13086653
2023-11-04 10:12:00,69.74,69.77,69.74,69.77,149.26752366
2023-11-04 10:11:00,69.72,69.74,69.72,69.74,21.3027881
2023-11-04 10:10:00,69.68,69.7,69.69,69.68,0.27475192
2023-11-04 10:09:00,69.71,69.74,69.74,69.71,15.53817554
2023-11-04 10:08:00,69.63,69.71,69.63,69.71,89.32819336
2023-11-04 10:07:00,69.61,69.64,69.63,69.63,4.23842766
2023-11-04 10:06:00,69.6,69.64,69.61,69.64,13.2843988
2023-11-04 10:05:00,69.58,69.62,69.58,69.6,20.7389227
2023-11-04 10:04:00,69.51,69.57,69.54,69.57,108.01118302
2023-11-04 10:03:00,69.57,69.61,69.61,69.57,10.05447344
2023-11-04 10:02:00,69.61,69.62,69.62,69.61,16.27943703
2023-11-04 10:01:00,69.63,69.68,69.64,69.68,10.51388024
2023-11-04 10:00:00,69.64,69.64,69.64,69.64,1.10337114
2023-11-04 09:59:00,69.63,69.65,69.65,69.65,4.29246171
2023-11-04 09:58:00,69.66,69.69,69.66,69.69,13.39943235
2023-11-04 09:57:00,69.63,69.73,69.73,69.64,490.60700088
2023-11-04 09:56:00,69.71,69.74,69.73,69.72,46.02521812
2023-11-04 09:55:00,69.72,69.75,69.72,69.73,6.58449116
2023-11-04 09:54:00,69.74,69.78,69.78,69.74,3.35015774
2023-11-04 09:53:00,69.72,69.76,69.72,69.75,16.42182101
2023-11-04 09:52:00,69.64,69.71,69.65,69.71,159.5674859
2023-11-04 09:51:00,69.7,69.75,69.75,69.7,0.33039441
2023-11-04 09:50:00,69.75,69.78,69.76,69.77,26.87398449
2023-11-04 09:49:00,69.74,69.77,69.74,69.77,3.37823467
2023-11-04 09:48:00,69.77,69.78,69.77,69.77,22.01787043
2023-11-04 09:47:00,69.77,69.79,69.77,69.79,23.23884042
2023-11-04 09:46:00,69.75,69.8,69.78,69.79,1132.63003035
2023-11-04 09:45:00,69.81,69.86,69.86,69.81,13.97915828
2023-11-04 09:44:00,69.79,69.84,69.84,69.82,26.88627519
2023-11-04 09:43:00,69.84,69.89,69.89,69.84,7.28375712
2023-11-04 09:42:00,69.93,69.95,69.95,69.93,23.98258448
2023-11-04 09:41:00,69.92,69.96,69.93,69.96,5.46583964
2023-11-04 09:40:00,69.95,69.98,69.98,69.96,7.13279786
2023-11-04 09:39:00,69.96,69.99,69.96,69.97,376.56819782
2023-11-04 09:38:00,69.94,69.97,69.97,69.94,12.21535759
2023-11-04 09:37:00,69.97,69.97,69.97,69.97,0.67911481
2023-11-04 09:36:00,69.92,69.97,69.93,69.97,22.73485921
2023-11-04 09:35:00,69.93,69.96,69.94,69.96,80.09944391
2023-11-04 09:34:00,69.92,69.94,69.94,69.92,30.78231455
2023-11-04 09:33:00,69.92,69.97,69.92,69.94,549.10164193
2023-11-04 09:32:00,69.87,69.92,69.87,69.92,11.63188588
2023-11-04 09:31:00,69.86,69.87,69.86,69.87,2.50564124
2023-11-04 09:30:00,69.85,69.88,69.87,69.86,18.30102538
2023-11-04 09:29:00,69.83,69.87,69.83,69.87,584.80856356
2023-11-04 09:28:00,69.86,69.88,69.88,69.86,2.83481632
2023-11-04 09:27:00,69.87,69.9,69.9,69.88,33.44123029
2023-11-04 09:26:00,69.82,69.9,69.82,69.9,2.87128735
2023-11-04 09:25:00,69.83,69.84,69.83,69.83,5.69760226
2023-11-04 09:24:00,69.88,69.91,69.91,69.88,20.58163324
2023-11-04 09:23:00,69.87,69.91,69.89,69.89,32.39534774
2023-11-04 09:22:00,69.82,69.89,69.82,69.89,4.65562323
2023-11-04 09:21:00,69.83,69.91,69.91,69.83,10.69285675
2023-11-04 09:20:00,69.86,69.93,69.88,69.9,59.26147918
2023-11-04 09:19:00,69.82,69.89,69.82,69.89,13.94278541
2023-11-04 09:18:00,69.83,69.89,69.89,69.83,22.92844096
2023-11-04 09:17:00,69.88,69.92,69.91,69.89,126.38886934
2023-11-04 09:16:00,69.87,69.91,69.87,69.9,29.76174702
2023-11-04 09:15:00,69.84,69.9,69.84,69.87,137.57907583
2023-11-04 09:14:00,69.8,69.85,69.8,69.82,126.64537561
2023-11-04 09:13:00,69.76,69.8,69.8,69.78,2.20082832
2023-11-04 09:12:00,69.8,69.81,69.8,69.8,6.14809935
2023-11-04 09:10:00,69.78,69.81,69.78,69.81,7.1559328
2023-11-04 09:09:00,69.76,69.78,69.77,69.76,20.05304322
2023-11-04 09:08:00,69.75,69.77,69.77,69.75,7.36505829
2023-11-04 09:07:00,69.77,69.78,69.77,69.78,10.94383335
2023-11-04 09:06:00,69.77,69.8,69.78,69.77,5.83497197
2023-11-04 09:05:00,69.75,69.78,69.75,69.78,10.5
2023-11-04 09:04:00,69.71,69.75,69.72,69.75,2.37207478
2023-11-04 09:03:00,69.69,69.75,69.74,69.73,116.14831924
2023-11-04 09:01:00,69.71,69.75,69.71,69.74,14.97906019
2023-11-04 09:00:00,69.66,69.78,69.66,69.76,890.17206226
2023-11-04 08:59:00,69.65,69.69,69.69,69.66,11.65748672
2023-11-04 08:57:00,69.63,69.67,69.64,69.67,13.79560414
2023-11-04 08:56:00,69.62,69.67,69.67,69.62,10.88994687
2023-11-04 08:55:00,69.67,69.7,69.68,69.67,19.0854845
2023-11-04 08:54:00,69.67,69.7,69.67,69.69,8.98633839
2023-11-04 08:53:00,69.69,69.71,69.69,69.69,16.74867598
2023-11-04 08:52:00,69.68,69.69,69.69,69.69,3.62013616
2023-11-04 08:51:00,69.66,69.67,69.67,69.67,2.13013771
2023-11-04 08:50:00,69.68,69.7,69.7,69.68,2.43120774
2023-11-04 08:49:00,69.67,69.71,69.67,69.69,44.29863563
2023-11-04 08:48:00,69.66,69.67,69.67,69.66,19.83392553
2023-11-04 08:47:00,69.64,69.67,69.64,69.67,8.10764764
2023-11-04 08:46:00,69.62,69.63,69.62,69.62,25.4976799
2023-11-04 08:45:00,69.6,69.63,69.6,69.62,45.52842991
2023-11-04 08:44:00,69.59,69.6,69.59,69.59,2.30536619
2023-11-04 08:43:00,69.57,69.61,69.61,69.59,38.59949624
2023-11-04 08:42:00,69.61,69.62,69.61,69.61,0.59445147
2023-11-04 08:41:00,69.6,69.61,69.61,69.61,11.6592915
2023-11-04 08:40:00,69.6,69.63,69.63,69.61,4.27163573
2023-11-04 08:39:00,69.58,69.6,69.58,69.6,1.41616725
2023-11-04 08:38:00,69.56,69.59,69.58,69.59,17.38798114
2023-11-04 08:37:00,69.56,69.58,69.57,69.56,7.23111773
2023-11-04 08:36:00,69.58,69.63,69.63,69.58,39.35496374
2023-11-04 08:35:00,69.57,69.65,69.59,69.65,17.29699662
2023-11-04 08:34:00,69.59,69.61,69.61,69.59,4.93675535
2023-11-04 08:33:00,69.61,69.62,69.61,69.62,6.68192428
2023-11-04 08:32:00,69.59,69.66,69.65,69.61,169.85230207
2023-11-04 08:31:00,69.62,69.66,69.63,69.64,8.14597673
2023-11-04 08:30:00,69.53,69.6,69.55,69.6,67.19870233
2023-11-04 08:29:00,69.54,69.56,69.54,69.56,1.3452626
2023-11-04 08:28:00,69.53,69.56,69.53,69.56,3.6860423
2023-11-04 08:27:00,69.49,69.55,69.55,69.51,3.44873893
2023-11-04 08:26:00,69.55,69.57,69.57,69.56,1.94934382
2023-11-04 08:25:00,69.54,69.6,69.6,69.55,14.11629647
2023-11-04 08:24:00,69.54,69.57,69.57,69.57,4.20871253
2023-11-04 08:23:00,69.55,69.59,69.59,69.56,11.50842268
2023-11-04 08:22:00,69.59,69.61,69.6,69.59,12.09728277
2023-11-04 08:21:00,69.57,69.64,69.64,69.6,9.39325845
2023-11-04 08:20:00,69.62,69.67,69.66,69.63,106.70836278
2023-11-04 08:19:00,69.66,69.69,69.68,69.66,57.8600506
2023-11-04 08:18:00,69.66,69.7,69.7,69.69,63.98014183
2023-11-04 08:17:00,69.64,69.7,69.64,69.69,52.29043621
2023-11-04 08:16:00,69.6,69.66,69.61,69.66,23.69344392
2023-11-04 08:15:00,69.58,69.62,69.58,69.62,33.25741749
2023-11-04 08:14:00,69.56,69.58,69.58,69.58,14.32689192
2023-11-04 08:13:00,69.55,69.58,69.55,69.55,2.29118071
2023-11-04 08:12:00,69.51,69.54,69.51,69.54,5.60562803
2023-11-04 08:11:00,69.49,69.5,69.49,69.5,1.68635736
2023-11-04 08:10:00,69.47,69.5,69.5,69.5,37.46517061
2023-11-04 08:09:00,69.46,69.48,69.47,69.48,42.20147146
2023-11-04 08:08:00,69.48,69.49,69.49,69.48,9.22221535
2023-11-04 08:07:00,69.45,69.48,69.45,69.48,0.29695568
2023-11-04 08:06:00,69.39,69.44,69.39,69.44,16.54254576
2023-11-04 08:05:00,69.35,69.42,69.35,69.39,5.50868884
2023-11-04 08:04:00,69.35,69.4,69.37,69.35,40.71586285
2023-11-04 08:03:00,69.3,69.4,69.3,69.38,155.60258062
2023-11-04 08:02:00,69.28,69.38,69.38,69.28,450.65947756
2023-11-04 08:01:00,69.37,69.46,69.46,69.39,68.9845797
2023-11-04 08:00:00,69.44,69.46,69.46,69.46,18.92590884
2023-11-04 07:59:00,69.43,69.47,69.46,69.44,6.82819537
2023-11-04 07:58:00,69.46,69.49,69.49,69.46,17.56916678
2023-11-04 07:57:00,69.47,69.49,69.49,69.48,24.65987167
2023-11-04 07:56:00,69.48,69.51,69.5,69.49,15.15132556
2023-11-04 07:55:00,69.52,69.55,69.54,69.53,34.62645163
2023-11-04 07:54:00,69.53,69.54,69.54,69.54,21.56168572
2023-11-04 07:53:00,69.52,69.53,69.52,69.53,3.48281583
2023-11-04 07:52:00,69.53,69.57,69.55,69.53,48.02927717
2023-11-04 07:51:00,69.54,69.56,69.55,69.54,15.76833259
2023-11-04 07:50:00,69.54,69.56,69.54,69.56,5.09306688
2023-11-04 07:49:00,69.54,69.55,69.54,69.55,12.42406817
2023-11-04 07:48:00,69.49,69.55,69.49,69.54,7.42090489
2023-11-04 07:47:00,69.49,69.58,69.58,69.49,11.32862679
2023-11-04 07:46:00,69.57,69.62,69.62,69.59,52.89945606
2023-11-04 07:45:00,69.62,69.66,69.64,69.63,58.42032447
2023-11-04 07:44:00,69.64,69.64,69.64,69.64,7.46961391
2023-11-04 07:43:00,69.63,69.64,69.64,69.63,18.44971697
2023-11-04 07:42:00,69.59,69.63,69.61,69.62,241.75200381
2023-11-04 07:41:00,69.55,69.6,69.55,69.6,18.41752885
2023-11-04 07:40:00,69.55,69.57,69.57,69.55,1.36658711
2023-11-04 07:39:00,69.49,69.54,69.52,69.54,13.91787895
2023-11-04 07:38:00,69.49,69.51,69.5,69.5,28.25888213
2023-11-04 07:37:00,69.45,69.52,69.45,69.52,80.21365489
2023-11-04 07:36:00,69.44,69.49,69.49,69.45,56.73954685
2023-11-04 07:35:00,69.5,69.56,69.56,69.51,42.42529418
2023-11-04 07:34:00,69.55,69.58,69.56,69.56,21.35610174
2023-11-04 07:33:00,69.53,69.56,69.55,69.55,16.81540339
2023-11-04 07:32:00,69.53,69.57,69.57,69.56,9.73401239
2023-11-04 07:31:00,69.56,69.61,69.59,69.56,125.94220923
2023-11-04 07:30:00,69.6,69.63,69.63,69.6,1.85740123
2023-11-04 07:29:00,69.6,69.64,69.6,69.64,6.8644385
2023-11-04 07:28:00,69.61,69.65,69.63,69.61,15.87043878
2023-11-04 07:27:00,69.62,69.63,69.62,69.62,7.53608952
2023-11-04 07:26:00,69.58,69.62,69.61,69.62,72.59726016
2023-11-04 07:25:00,69.6,69.65,69.63,69.62,31.35518488
2023-11-04 17:02:00,69.19,69.24,69.23,69.2,39.53347199
