datetime,open,high,low,close,volume
2022-12-02 23:16:00,77.65,77.71,77.7,77.66,64.88518048
2022-12-03 09:16:00,76.48,76.53,76.5,76.48,221.89333918
2022-12-03 09:15:00,76.45,76.5,76.48,76.5,23.07120767
2022-12-03 09:14:00,76.47,76.49,76.48,76.49,15.98557009
2022-12-03 09:13:00,76.48,76.5,76.5,76.48,63.25179819
2022-12-03 09:12:00,76.47,76.51,76.51,76.5,3.00877468
2022-12-03 09:11:00,76.49,76.51,76.51,76.51,7.8317441
2022-12-03 09:10:00,76.44,76.51,76.5,76.51,24.56615386
2022-12-03 09:09:00,76.46,76.5,76.48,76.5,32.51708852
2022-12-03 09:08:00,76.45,76.49,76.49,76.46,12.73606843
2022-12-03 09:07:00,76.46,76.49,76.49,76.49,27.57491089
2022-12-03 09:06:00,76.42,76.47,76.44,76.47,20.40536359
2022-12-03 09:05:00,76.34,76.48,76.47,76.45,111.06687798
2022-12-03 09:04:00,76.37,76.49,76.38,76.49,115.57741606
2022-12-03 09:03:00,76.25,76.43,76.25,76.4,267.98405283
2022-12-03 09:02:00,76.21,76.25,76.22,76.23,37.69830122
2022-12-03 09:01:00,75.87,76.21,76.14,76.21,384.97467334
2022-12-03 09:00:00,76.1,76.28,76.28,76.14,99.52404757
2022-12-03 08:59:00,76.26,76.36,76.35,76.3,1338.11078692
2022-12-03 08:58:00,76.38,76.44,76.38,76.39,82.62689911
2022-12-03 08:57:00,76.35,76.44,76.42,76.35,52.08006043
2022-12-03 08:56:00,76.33,76.44,76.4,76.42,93.32569603
2022-12-03 08:55:00,76.4,76.46,76.45,76.46,18.99463558
2022-12-03 08:54:00,76.41,76.48,76.48,76.46,42.89159047
2022-12-03 08:53:00,76.39,76.49,76.49,76.47,52.90100241
2022-12-03 08:52:00,76.4,76.5,76.47,76.48,41.44470236
2022-12-03 08:51:00,76.39,76.47,76.46,76.47,81.29998572
2022-12-03 08:50:00,76.43,76.52,76.52,76.46,79.76557691
2022-12-03 08:49:00,76.53,76.6,76.56,76.53,23.02976345
2022-12-03 08:48:00,76.5,76.56,76.53,76.55,219.53757648
2022-12-03 08:47:00,76.51,76.56,76.53,76.56,35.68740519
2022-12-03 08:46:00,76.44,76.56,76.44,76.5,63.52982542
2022-12-03 08:45:00,76.3,76.44,76.42,76.35,404.83329933
2022-12-03 08:44:00,76.39,76.45,76.4,76.43,834.1999854
2022-12-03 08:43:00,76.31,76.61,76.61,76.4,2799.33654542
2022-12-03 08:42:00,76.6,76.68,76.68,76.62,98.97317821
2022-12-03 08:41:00,76.6,76.79,76.79,76.66,322.30835551
2022-12-03 08:40:00,76.77,76.82,76.82,76.77,40.46615857
2022-12-03 08:39:00,76.79,76.82,76.82,76.82,30.12502328
2022-12-03 08:38:00,76.8,76.83,76.81,76.82,66.56837335
2022-12-03 08:37:00,76.74,76.83,76.76,76.83,163.88379957
2022-12-03 08:36:00,76.71,76.76,76.74,76.76,82.20679748
2022-12-03 08:35:00,76.72,76.79,76.79,76.73,138.79859814
2022-12-03 08:34:00,76.78,76.82,76.82,76.79,48.35183061
2022-12-03 08:33:00,76.8,76.85,76.85,76.81,29.86871903
2022-12-03 08:32:00,76.88,76.91,76.9,76.88,27.84363113
2022-12-03 08:31:00,76.88,76.91,76.88,76.91,14.89436011
2022-12-03 08:30:00,76.86,76.9,76.9,76.88,11.27947206
2022-12-03 08:29:00,76.92,77.0,77.0,76.92,270.79692061
2022-12-03 08:28:00,76.99,77.0,77.0,77.0,231.70823918
2022-12-03 08:27:00,76.97,77.0,76.97,77.0,52.92913364
2022-12-03 08:26:00,76.94,76.97,76.97,76.97,92.88654075
2022-12-03 08:25:00,76.95,76.98,76.98,76.97,57.60570985
2022-12-03 08:24:00,76.97,77.0,76.99,76.99,168.76281425
2022-12-03 08:23:00,76.96,77.0,76.96,77.0,1872.60050708
2022-12-03 08:22:00,76.92,76.98,76.92,76.96,30.60003227
2022-12-03 08:21:00,76.89,76.94,76.94,76.92,12.09321392
2022-12-03 08:20:00,76.91,76.97,76.97,76.91,12.1579831
2022-12-03 08:19:00,76.89,76.99,76.89,76.99,50.81278681
2022-12-03 08:18:00,76.89,76.92,76.91,76.92,44.45028643
2022-12-03 08:17:00,76.89,76.95,76.94,76.89,29.99671456
2022-12-03 08:16:00,76.93,76.97,76.94,76.93,28.9535207
2022-12-03 08:15:00,76.94,76.97,76.97,76.94,4.80128434
2022-12-03 08:14:00,76.91,76.97,76.91,76.97,128.15952587
2022-12-03 08:13:00,76.89,76.92,76.9,76.92,38.48230217
2022-12-03 08:12:00,76.89,77.0,77.0,76.89,195.95500975
2022-12-03 08:11:00,76.96,77.0,76.99,77.0,37.01651874
2022-12-03 08:10:00,76.97,76.99,76.97,76.98,43.92904366
2022-12-03 08:09:00,76.91,76.97,76.96,76.97,36.77794255
2022-12-03 08:08:00,76.94,76.97,76.94,76.95,25.59844513
2022-12-03 08:07:00,76.94,76.99,76.95,76.97,30.3729141
2022-12-03 08:06:00,76.95,76.99,76.95,76.95,34.67879448
2022-12-03 08:05:00,76.91,76.95,76.95,76.94,34.3890214
2022-12-03 08:04:00,76.9,76.95,76.95,76.94,88.52192402
2022-12-03 08:03:00,76.89,76.95,76.89,76.95,39.84504685
2022-12-03 08:02:00,76.79,76.89,76.84,76.89,361.39464859
2022-12-03 08:01:00,76.87,76.93,76.93,76.89,40.24195628
2022-12-03 08:00:00,76.88,76.93,76.9,76.93,170.98971923
2022-12-03 07:59:00,76.88,76.93,76.93,76.91,47.89738863
2022-12-03 07:58:00,76.93,76.98,76.98,76.93,28.09269448
2022-12-03 07:57:00,76.98,77.0,76.98,76.98,508.70031151
2022-12-03 07:56:00,76.95,76.99,76.99,76.98,9.09430424
2022-12-03 07:55:00,76.95,76.99,76.96,76.99,45.02307139
2022-12-03 07:54:00,76.94,76.99,76.99,76.94,51.04843107
2022-12-03 07:53:00,76.96,77.0,77.0,76.99,78.05849985
2022-12-03 07:52:00,76.98,77.0,77.0,77.0,61.21601736
2022-12-03 07:51:00,76.97,77.0,76.98,77.0,3.70544578
2022-12-03 07:50:00,76.94,76.99,76.99,76.98,20.07865224
2022-12-03 07:49:00,76.94,76.99,76.94,76.99,61.66778719
2022-12-03 07:48:00,76.92,76.96,76.96,76.92,46.68230181
2022-12-03 07:47:00,76.89,76.96,76.95,76.89,29.36269633
2022-12-03 07:46:00,76.91,76.96,76.96,76.96,36.70677718
2022-12-03 07:45:00,76.89,76.96,76.91,76.96,19.24551116
2022-12-03 07:44:00,76.87,76.94,76.87,76.92,224.14309732
2022-12-03 07:43:00,76.84,76.87,76.85,76.87,19.80086502
2022-12-03 07:42:00,76.83,76.85,76.85,76.85,9.63653138
2022-12-03 07:41:00,76.81,76.88,76.85,76.88,34.57309809
2022-12-03 07:40:00,76.82,76.87,76.84,76.85,14.55709967
2022-12-03 07:39:00,76.84,76.89,76.89,76.87,19.19842781
2022-12-03 07:38:00,76.84,76.9,76.86,76.89,70.95420876
2022-12-03 07:37:00,76.8,76.86,76.82,76.85,12.33032677
2022-12-03 07:36:00,76.78,76.88,76.78,76.88,178.99259993
2022-12-03 07:35:00,76.74,76.82,76.74,76.82,23.65681019
2022-12-03 07:34:00,76.68,76.79,76.73,76.74,253.7740576
2022-12-03 07:33:00,76.7,76.74,76.7,76.71,12.45910618
2022-12-03 07:32:00,76.7,76.75,76.75,76.73,27.11006941
2022-12-03 07:31:00,76.71,76.82,76.75,76.71,27.66815332
2022-12-03 07:30:00,76.7,76.81,76.7,76.76,32.17590444
2022-12-03 07:29:00,76.73,76.79,76.78,76.76,29.65435579
2022-12-03 07:28:00,76.69,76.8,76.8,76.77,51.62418254
2022-12-03 07:27:00,76.75,76.86,76.86,76.81,451.13637725
2022-12-03 07:26:00,76.87,76.93,76.87,76.87,32.15996775
2022-12-03 07:25:00,76.69,76.87,76.76,76.87,86.12591659
2022-12-03 07:24:00,76.76,76.79,76.78,76.79,20.26922122
2022-12-03 07:23:00,76.74,76.84,76.84,76.77,282.91363699
2022-12-03 07:22:00,76.79,76.86,76.85,76.84,44.40126311
2022-12-03 07:21:00,76.84,76.92,76.89,76.84,24.32310171
2022-12-03 07:20:00,76.86,76.9,76.86,76.9,7.84756484
2022-12-03 07:19:00,76.87,76.9,76.88,76.89,26.07668355
2022-12-03 07:18:00,76.87,76.92,76.91,76.88,23.71830669
2022-12-03 07:17:00,76.89,76.93,76.91,76.93,70.13917537
2022-12-03 07:16:00,76.88,76.93,76.88,76.91,6.46952437
2022-12-03 07:15:00,76.89,76.93,76.93,76.91,22.71257796
2022-12-03 07:14:00,76.89,76.93,76.89,76.9,23.09904294
2022-12-03 07:13:00,76.89,76.94,76.94,76.92,115.32364167
2022-12-03 07:12:00,76.89,76.94,76.89,76.94,40.69032505
2022-12-03 07:11:00,76.88,76.91,76.88,76.9,10.92221042
2022-12-03 07:10:00,76.87,76.9,76.87,76.9,29.24864877
2022-12-03 07:09:00,76.84,76.88,76.88,76.86,33.49719737
2022-12-03 07:08:00,76.83,76.9,76.83,76.87,26.72670189
2022-12-03 07:07:00,76.81,76.87,76.87,76.81,59.13578725
2022-12-03 07:06:00,76.83,76.87,76.86,76.85,68.17350528
2022-12-03 07:05:00,76.83,76.9,76.9,76.84,54.65025571
2022-12-03 07:04:00,76.88,76.91,76.91,76.91,56.55204068
2022-12-03 07:03:00,76.91,76.96,76.96,76.93,66.65466071
2022-12-03 07:02:00,76.91,76.96,76.94,76.96,82.81806152
2022-12-03 07:01:00,76.93,76.97,76.97,76.95,19.25437678
2022-12-03 07:00:00,76.96,76.98,76.98,76.97,18.2835885
2022-12-03 06:59:00,76.97,77.0,77.0,76.97,126.27486225
2022-12-03 06:58:00,76.95,77.0,76.97,77.0,217.22165667
2022-12-03 06:57:00,76.96,77.0,76.97,76.96,49.37267804
2022-12-03 06:56:00,76.95,77.0,76.98,76.97,74.25130516
2022-12-03 06:55:00,76.99,77.0,76.99,76.99,95.24442359
2022-12-03 06:54:00,76.98,77.01,77.0,76.99,154.03400028
2022-12-03 06:53:00,77.01,77.02,77.02,77.02,109.14326445
2022-12-03 06:52:00,76.98,77.02,76.99,77.02,26.76702857
2022-12-03 06:51:00,76.96,77.01,76.96,76.99,28.35000854
2022-12-03 06:50:00,76.94,76.99,76.94,76.99,34.47045502
2022-12-03 06:49:00,76.92,76.95,76.95,76.95,13.08579361
2022-12-03 06:48:00,76.92,76.95,76.92,76.95,14.3747497
2022-12-03 06:47:00,76.9,76.96,76.94,76.95,96.96563606
2022-12-03 06:46:00,76.94,76.99,76.96,76.94,34.71156568
2022-12-03 06:45:00,76.9,76.97,76.93,76.96,14.76674812
2022-12-03 06:44:00,76.92,76.97,76.95,76.93,23.63985236
2022-12-03 06:43:00,76.96,77.0,76.97,76.98,14.36922085
2022-12-03 06:42:00,76.95,77.0,76.99,77.0,4.87640824
2022-12-03 06:41:00,76.94,76.99,76.99,76.99,48.51513418
2022-12-03 06:40:00,76.98,77.02,76.99,76.99,6.06568651
2022-12-03 06:39:00,77.0,77.01,77.01,77.01,10.60773389
2022-12-03 06:38:00,76.98,77.01,76.99,76.99,41.60087685
2022-12-03 06:37:00,76.97,77.03,77.01,76.99,1.74872474
2022-12-03 06:36:00,77.0,77.03,77.0,77.03,39.97635139
2022-12-03 06:35:00,76.95,77.0,76.98,77.0,29.08150406
2022-12-03 06:34:00,76.93,77.07,77.03,76.98,25.63006761
2022-12-03 06:33:00,77.0,77.06,77.04,77.04,47.09208331
2022-12-03 06:32:00,76.99,77.04,76.99,77.04,38.02601908
2022-12-03 06:31:00,76.97,77.02,77.01,76.99,22.71420641
2022-12-03 06:30:00,76.99,77.08,77.05,77.04,53.50557472
2022-12-03 06:29:00,77.0,77.1,77.0,77.07,84.00875017
2022-12-03 06:28:00,76.98,77.03,77.0,77.03,27.9770446
2022-12-03 06:27:00,77.0,77.05,77.05,77.0,2.48891484
2022-12-03 06:26:00,77.01,77.05,77.01,77.05,97.69090223
2022-12-03 06:25:00,76.99,77.04,76.99,77.04,26.77731317
2022-12-03 06:24:00,77.01,77.06,77.04,77.06,38.68318818
2022-12-03 06:23:00,76.93,77.02,76.94,77.01,52.24154935
2022-12-03 06:22:00,76.91,76.95,76.94,76.95,49.49295658
2022-12-03 06:21:00,76.88,76.95,76.9,76.94,15.30145781
2022-12-03 06:20:00,76.84,76.91,76.88,76.9,72.16642207
2022-12-03 06:19:00,76.88,76.94,76.92,76.89,19.62780263
2022-12-03 06:18:00,76.8,76.91,76.84,76.88,140.1119498
2022-12-03 06:17:00,76.84,76.96,76.96,76.84,20.34589643
2022-12-03 06:16:00,76.87,76.98,76.87,76.95,34.38799615
2022-12-03 06:15:00,76.8,76.94,76.8,76.93,56.24925919
2022-12-03 06:14:00,76.72,76.83,76.72,76.83,33.22714586
2022-12-03 06:13:00,76.74,76.81,76.78,76.79,372.54418699
2022-12-03 06:12:00,76.72,76.84,76.84,76.76,92.27724107
2022-12-03 06:11:00,76.76,76.86,76.77,76.84,220.06265397
2022-12-03 06:10:00,76.74,76.9,76.86,76.75,16.92138873
2022-12-03 06:09:00,76.69,76.84,76.72,76.84,34.42312508
2022-12-03 06:08:00,76.69,76.78,76.74,76.76,151.51459475
2022-12-03 06:07:00,76.75,76.88,76.79,76.75,419.80452969
2022-12-03 06:06:00,76.78,77.05,77.02,76.78,274.54865915
2022-12-03 06:05:00,76.95,77.06,77.04,77.05,188.0711299
2022-12-03 06:04:00,77.0,77.18,77.18,77.03,303.83598302
2022-12-03 06:03:00,77.21,77.31,77.27,77.21,142.04938181
2022-12-03 06:02:00,77.21,77.32,77.21,77.26,99.95261952
2022-12-03 06:01:00,77.23,77.29,77.26,77.25,91.37430503
2022-12-03 06:00:00,77.09,77.25,77.09,77.25,462.70403268
2022-12-03 05:59:00,77.06,77.09,77.06,77.06,2.77178432
2022-12-03 05:58:00,77.02,77.07,77.05,77.07,40.71154561
2022-12-03 05:57:00,77.02,77.07,77.07,77.02,17.93744245
2022-12-03 05:56:00,77.05,77.08,77.06,77.06,43.67876703
2022-12-03 05:55:00,77.04,77.11,77.09,77.08,48.44087027
2022-12-03 05:54:00,77.06,77.09,77.09,77.09,68.33316489
2022-12-03 05:53:00,77.05,77.13,77.11,77.08,187.12155377
2022-12-03 05:52:00,77.09,77.13,77.1,77.11,35.63826095
2022-12-03 05:51:00,77.07,77.15,77.15,77.15,86.66116664
2022-12-03 05:50:00,77.09,77.15,77.1,77.13,237.87424284
2022-12-03 05:49:00,77.13,77.17,77.17,77.14,3.97772371
2022-12-03 05:48:00,77.13,77.18,77.16,77.17,25.7991256
2022-12-03 05:47:00,77.12,77.16,77.13,77.16,128.90179762
2022-12-03 05:46:00,77.13,77.17,77.14,77.16,34.21118979
2022-12-03 05:45:00,77.17,77.22,77.2,77.17,54.39057615
2022-12-03 05:44:00,77.18,77.22,77.18,77.22,14.14854098
2022-12-03 05:43:00,77.19,77.24,77.19,77.22,26.5418911
2022-12-03 05:42:00,77.16,77.19,77.18,77.19,10.68446453
2022-12-03 05:41:00,77.13,77.21,77.16,77.2,39.11317912
2022-12-03 05:40:00,77.13,77.19,77.13,77.16,39.44562834
2022-12-03 05:39:00,77.1,77.14,77.13,77.14,27.08421313
2022-12-03 05:38:00,77.08,77.13,77.09,77.13,44.05366391
2022-12-03 05:37:00,77.09,77.12,77.12,77.09,16.2357315
2022-12-03 05:36:00,77.09,77.13,77.13,77.09,20.55958032
2022-12-03 05:35:00,77.12,77.17,77.13,77.16,52.52378605
2022-12-03 05:34:00,77.11,77.13,77.11,77.12,20.73938658
2022-12-03 05:33:00,77.17,77.17,77.17,77.17,7.95535534
2022-12-03 05:32:00,77.15,77.19,77.17,77.16,37.36128673
2022-12-03 05:31:00,77.15,77.19,77.15,77.19,30.03458132
2022-12-03 05:30:00,77.12,77.16,77.16,77.15,20.72053965
2022-12-03 05:29:00,77.14,77.17,77.14,77.16,20.89876325
2022-12-03 05:28:00,77.13,77.21,77.2,77.13,55.80763569
2022-12-03 05:27:00,77.15,77.2,77.17,77.2,62.27994953
2022-12-03 05:26:00,77.14,77.18,77.16,77.17,36.20445278
2022-12-03 05:25:00,77.14,77.18,77.18,77.18,116.64474279
2022-12-03 05:24:00,77.15,77.18,77.17,77.18,119.94405459
2022-12-03 05:23:00,77.14,77.18,77.14,77.17,101.76425918
2022-12-03 05:22:00,77.13,77.19,77.16,77.15,41.56786938
2022-12-03 05:21:00,77.18,77.21,77.18,77.19,31.97709309
2022-12-03 05:20:00,77.17,77.21,77.21,77.17,37.60332137
2022-12-03 05:19:00,77.21,77.27,77.25,77.22,190.98999346
2022-12-03 05:18:00,77.21,77.23,77.23,77.23,72.410528
2022-12-03 05:17:00,77.16,77.23,77.16,77.22,184.49865179
2022-12-03 05:16:00,77.14,77.18,77.16,77.18,47.99777532
2022-12-03 05:15:00,77.14,77.2,77.19,77.17,58.09173327
2022-12-03 05:14:00,77.19,77.2,77.2,77.2,3.92846181
2022-12-03 05:13:00,77.17,77.2,77.2,77.19,61.30558603
2022-12-03 05:12:00,77.16,77.2,77.19,77.2,51.02928578
2022-12-03 05:11:00,77.15,77.19,77.15,77.17,142.37850227
2022-12-03 05:10:00,77.13,77.14,77.14,77.14,82.07845373
2022-12-03 05:09:00,77.1,77.14,77.1,77.14,22.53456348
2022-12-03 05:08:00,77.1,77.15,77.15,77.13,58.87797977
2022-12-03 05:07:00,77.13,77.18,77.18,77.13,11.14023394
2022-12-03 05:06:00,77.14,77.19,77.14,77.18,20.56701408
2022-12-03 05:05:00,77.12,77.2,77.2,77.12,60.04141991
2022-12-03 05:04:00,77.18,77.2,77.19,77.2,111.92877045
2022-12-03 05:03:00,77.17,77.2,77.18,77.2,296.51797945
2022-12-03 05:02:00,77.14,77.2,77.14,77.18,348.59195237
2022-12-03 05:01:00,77.11,77.15,77.14,77.11,32.80492398
2022-12-03 05:00:00,77.03,77.18,77.03,77.16,517.23169592
2022-12-03 04:59:00,77.05,77.17,77.15,77.05,92.8036242
2022-12-03 04:58:00,77.15,77.21,77.21,77.17,91.495826
2022-12-03 04:57:00,77.1,77.2,77.13,77.19,220.29285915
2022-12-03 04:56:00,77.11,77.16,77.13,77.14,31.64130093
2022-12-03 04:55:00,77.12,77.24,77.22,77.15,116.11699784
2022-12-03 04:54:00,77.22,77.26,77.26,77.22,24.45743121
2022-12-03 04:53:00,77.22,77.28,77.27,77.26,60.27960346
2022-12-03 04:52:00,77.25,77.33,77.33,77.25,169.24257426
2022-12-03 04:51:00,77.3,77.34,77.33,77.33,19.22902279
2022-12-03 04:50:00,77.3,77.33,77.32,77.33,32.70267572
2022-12-03 04:49:00,77.3,77.33,77.33,77.3,86.85471132
2022-12-03 04:48:00,77.3,77.37,77.3,77.32,115.62498714
2022-12-03 04:47:00,77.29,77.32,77.32,77.29,3.656666
2022-12-03 04:46:00,77.3,77.39,77.37,77.32,335.55546438
2022-12-03 04:45:00,77.36,77.43,77.37,77.39,47.9297044
2022-12-03 04:44:00,77.31,77.38,77.34,77.38,43.68905366
2022-12-03 04:43:00,77.31,77.35,77.33,77.32,42.99462714
2022-12-03 04:42:00,77.33,77.41,77.41,77.34,50.83914996
2022-12-03 04:41:00,77.39,77.43,77.43,77.41,95.79755292
2022-12-03 04:40:00,77.39,77.43,77.41,77.43,126.69518381
2022-12-03 04:39:00,77.41,77.46,77.46,77.41,166.81025341
2022-12-03 04:38:00,77.45,77.47,77.46,77.46,8.65862089
2022-12-03 04:37:00,77.38,77.45,77.39,77.45,53.28294233
2022-12-03 04:36:00,77.39,77.44,77.41,77.39,42.20684205
2022-12-03 04:35:00,77.39,77.43,77.4,77.43,54.75355937
2022-12-03 04:34:00,77.4,77.46,77.46,77.4,39.21522001
2022-12-03 04:33:00,77.47,77.51,77.47,77.49,45.77953791
2022-12-03 04:32:00,77.45,77.48,77.47,77.48,90.25300802
2022-12-03 04:31:00,77.48,77.53,77.51,77.5,153.49339633
2022-12-03 04:30:00,77.46,77.53,77.5,77.53,192.58701602
2022-12-03 04:29:00,77.46,77.5,77.48,77.5,32.05385711
2022-12-03 04:28:00,77.42,77.49,77.46,77.42,213.76546368
2022-12-03 04:27:00,77.41,77.45,77.44,77.45,188.32344957
2022-12-03 04:26:00,77.44,77.47,77.44,77.45,77.91895582
2022-12-03 04:25:00,77.38,77.49,77.39,77.46,373.33892458
2022-12-03 04:24:00,77.35,77.39,77.35,77.39,128.00355491
2022-12-03 04:23:00,77.32,77.4,77.39,77.32,939.22915594
2022-12-03 04:22:00,77.39,77.4,77.4,77.4,586.33730109
2022-12-03 04:21:00,77.39,77.4,77.4,77.39,184.91342909
2022-12-03 04:20:00,77.33,77.4,77.33,77.4,48.99709213
2022-12-03 04:19:00,77.32,77.37,77.33,77.34,35.40341888
2022-12-03 04:18:00,77.28,77.33,77.28,77.31,59.89292315
2022-12-03 04:17:00,77.27,77.31,77.31,77.28,110.25009946
2022-12-03 04:16:00,77.28,77.33,77.3,77.31,114.73468809
2022-12-03 14:16:00,76.79,76.85,76.85,76.8,8.18439792
2022-12-03 14:15:00,76.82,76.87,76.84,76.85,10.8617205
2022-12-03 14:14:00,76.81,76.86,76.84,76.82,29.08579062
2022-12-03 14:13:00,76.78,76.84,76.83,76.84,54.2817485
2022-12-03 14:12:00,76.78,76.83,76.82,76.83,56.18157003
2022-12-03 14:11:00,76.76,76.82,76.78,76.82,17.41189774
2022-12-03 14:10:00,76.75,76.83,76.83,76.78,38.60507665
2022-12-03 14:09:00,76.8,76.84,76.81,76.83,52.23384049
2022-12-03 14:08:00,76.75,76.81,76.75,76.81,33.04858791
2022-12-03 14:07:00,76.72,76.76,76.72,76.72,8.29009982
2022-12-03 14:06:00,76.66,76.73,76.66,76.73,63.11717776
2022-12-03 14:05:00,76.66,76.73,76.69,76.7,10.99799275
2022-12-03 14:04:00,76.7,76.74,76.73,76.7,10.93377416
2022-12-03 14:03:00,76.7,76.75,76.75,76.72,17.89779492
2022-12-03 14:02:00,76.74,76.79,76.77,76.79,23.14776319
2022-12-03 14:01:00,76.69,76.77,76.74,76.77,83.81921533
2022-12-03 14:00:00,76.72,76.84,76.84,76.73,17.84670819
2022-12-03 13:59:00,76.79,76.85,76.85,76.84,3.09026294
2022-12-03 13:58:00,76.8,76.85,76.85,76.85,10.92462381
2022-12-03 13:57:00,76.84,76.89,76.87,76.85,5.04083902
2022-12-03 13:56:00,76.78,76.87,76.82,76.85,77.21002564
2022-12-03 13:55:00,76.82,76.88,76.84,76.82,25.21185441
2022-12-03 13:54:00,76.83,76.88,76.87,76.84,159.08185092
2022-12-03 13:53:00,76.83,76.88,76.86,76.87,41.94983039
2022-12-03 13:52:00,76.8,76.86,76.81,76.82,33.18481288
2022-12-03 13:51:00,76.77,76.85,76.77,76.84,36.60000569
2022-12-03 13:50:00,76.76,76.81,76.81,76.8,41.14375854
2022-12-03 13:49:00,76.78,76.81,76.78,76.78,28.60660176
2022-12-03 13:48:00,76.75,76.8,76.8,76.78,10.16845367
2022-12-03 13:47:00,76.76,76.8,76.8,76.79,5.10612075
2022-12-03 13:46:00,76.77,76.8,76.8,76.8,20.30911301
2022-12-03 13:45:00,76.71,76.8,76.74,76.8,16.76742618
2022-12-03 13:44:00,76.72,76.77,76.74,76.74,55.00676171
2022-12-03 13:43:00,76.76,76.81,76.78,76.79,12.72413274
2022-12-03 13:42:00,76.75,76.78,76.75,76.76,10.03392636
2022-12-03 13:41:00,76.74,76.78,76.76,76.78,19.62875764
2022-12-03 13:40:00,76.72,76.76,76.73,76.75,21.96830139
2022-12-03 13:39:00,76.74,76.77,76.75,76.77,59.57501225
2022-12-03 13:38:00,76.74,76.78,76.75,76.78,63.45467443
2022-12-03 13:37:00,76.74,76.8,76.8,76.78,5.38111511
2022-12-03 13:36:00,76.77,76.81,76.81,76.8,5.14124628
2022-12-03 13:35:00,76.75,76.8,76.8,76.8,19.96553503
2022-12-03 13:34:00,76.8,76.82,76.81,76.8,11.98731453
2022-12-03 13:33:00,76.78,76.85,76.81,76.82,28.62295267
2022-12-03 13:32:00,76.79,76.84,76.79,76.84,10.08165963
2022-12-03 13:31:00,76.81,76.88,76.88,76.81,14.59362116
2022-12-03 13:30:00,76.84,76.88,76.84,76.85,6.0351877
2022-12-03 13:29:00,76.83,76.88,76.84,76.84,6.33843858
2022-12-03 13:28:00,76.82,76.87,76.82,76.84,12.89837549
2022-12-03 13:27:00,76.82,76.89,76.85,76.87,42.68251289
2022-12-03 13:26:00,76.8,76.87,76.84,76.85,12.43710431
2022-12-03 13:25:00,76.82,76.85,76.83,76.85,9.09386868
2022-12-03 13:24:00,76.78,76.82,76.78,76.82,15.14988824
2022-12-03 13:23:00,76.76,76.82,76.8,76.82,18.32805162
2022-12-03 13:22:00,76.75,76.8,76.75,76.8,3.67766712
2022-12-03 13:21:00,76.71,76.8,76.74,76.78,52.7945977
2022-12-03 13:20:00,76.66,76.77,76.7,76.77,35.01886409
2022-12-03 13:19:00,76.59,76.66,76.63,76.62,49.25082736
2022-12-03 13:18:00,76.63,76.77,76.76,76.63,39.70208418
2022-12-03 13:17:00,76.7,76.77,76.7,76.76,7.08959023
2022-12-03 13:16:00,76.7,76.78,76.78,76.7,67.15799132
2022-12-03 13:15:00,76.73,76.81,76.74,76.79,34.92425364
2022-12-03 13:14:00,76.73,76.77,76.73,76.73,7.92477582
2022-12-03 13:13:00,76.73,76.81,76.77,76.73,54.99790929
2022-12-03 13:12:00,76.76,76.83,76.83,76.79,6.7044919
2022-12-03 13:11:00,76.82,76.86,76.82,76.86,41.98574927
2022-12-03 13:10:00,76.8,76.86,76.8,76.86,12.51329037
2022-12-03 13:09:00,76.8,76.83,76.83,76.83,14.21602711
2022-12-03 13:08:00,76.76,76.83,76.76,76.83,10.60576022
2022-12-03 13:07:00,76.76,76.81,76.76,76.8,35.71344187
2022-12-03 13:06:00,76.77,76.85,76.85,76.77,14.85268122
2022-12-03 13:05:00,76.8,76.9,76.89,76.81,18.05016033
2022-12-03 13:04:00,76.76,76.88,76.79,76.88,173.43092046
2022-12-03 13:03:00,76.74,76.8,76.76,76.79,29.54814691
2022-12-03 13:02:00,76.75,76.84,76.81,76.75,24.94621536
2022-12-03 13:01:00,76.8,76.85,76.85,76.84,45.32512272
2022-12-03 13:00:00,76.88,76.92,76.91,76.88,108.65569566
2022-12-03 12:59:00,76.89,76.91,76.9,76.91,7.99041817
2022-12-03 12:58:00,76.89,76.92,76.91,76.92,33.14235533
2022-12-03 12:57:00,76.89,76.92,76.89,76.92,7.96702752
2022-12-03 12:56:00,76.91,76.92,76.92,76.91,9.8785058
2022-12-03 12:55:00,76.88,76.92,76.91,76.92,17.57570631
2022-12-03 12:54:00,76.89,76.92,76.91,76.89,1.77394594
2022-12-03 12:53:00,76.89,76.92,76.91,76.91,12.51437003
2022-12-03 12:52:00,76.81,76.89,76.84,76.89,90.67325814
2022-12-03 12:51:00,76.8,76.84,76.8,76.84,8.39409365
2022-12-03 12:50:00,76.77,76.85,76.82,76.81,3.85905478
2022-12-03 12:49:00,76.81,76.86,76.86,76.85,10.84741745
2022-12-03 12:48:00,76.78,76.85,76.81,76.85,24.68720516
2022-12-03 12:47:00,76.77,76.82,76.78,76.8,131.56990652
2022-12-03 12:46:00,76.74,76.78,76.78,76.77,5.05861665
2022-12-03 12:45:00,76.68,76.76,76.68,76.75,69.21107164
2022-12-03 12:44:00,76.64,76.71,76.68,76.71,15.59936192
2022-12-03 12:43:00,76.64,76.7,76.7,76.67,104.87919068
2022-12-03 12:42:00,76.72,76.76,76.72,76.73,7.63277888
2022-12-03 12:41:00,76.71,76.76,76.73,76.72,78.70398541
2022-12-03 12:40:00,76.72,76.8,76.72,76.73,9.41128196
2022-12-03 12:39:00,76.7,76.74,76.74,76.72,114.12696244
2022-12-03 12:38:00,76.71,76.8,76.79,76.73,37.16171675
2022-12-03 12:37:00,76.72,76.8,76.76,76.77,19.96259188
2022-12-03 12:36:00,76.78,76.79,76.78,76.78,2.92565856
2022-12-03 12:35:00,76.76,76.81,76.79,76.79,29.49166027
2022-12-03 12:34:00,76.76,76.81,76.81,76.76,48.61185618
2022-12-03 12:33:00,76.78,76.83,76.83,76.78,12.46656307
2022-12-03 12:32:00,76.81,76.9,76.9,76.86,3.84621297
2022-12-03 12:31:00,76.86,76.91,76.86,76.9,9.77532519
2022-12-03 12:30:00,76.84,76.89,76.85,76.89,6.19966332
2022-12-03 12:29:00,76.85,76.89,76.87,76.85,14.25493902
2022-12-03 12:28:00,76.87,76.92,76.92,76.87,29.12196154
2022-12-03 12:27:00,76.9,76.92,76.91,76.9,3.45404436
2022-12-03 12:26:00,76.89,76.92,76.9,76.92,28.08460183
2022-12-03 12:25:00,76.88,76.92,76.92,76.92,31.3210614
2022-12-03 12:24:00,76.85,76.91,76.85,76.91,18.5456327
2022-12-03 12:23:00,76.81,76.91,76.91,76.89,134.33929329
2022-12-03 12:22:00,76.85,76.92,76.85,76.89,45.02175283
2022-12-03 12:21:00,76.88,76.91,76.91,76.88,6.83862463
2022-12-03 12:20:00,76.87,76.92,76.88,76.91,33.60290546
2022-12-03 12:19:00,76.9,76.94,76.94,76.93,22.87632668
2022-12-03 12:18:00,76.91,76.96,76.91,76.95,4.08307306
2022-12-03 12:17:00,76.9,76.94,76.91,76.94,8.15701989
2022-12-03 12:16:00,76.93,76.94,76.93,76.94,5.08225588
2022-12-03 12:15:00,76.89,76.94,76.94,76.93,64.21684172
2022-12-03 12:14:00,76.94,76.98,76.96,76.94,36.02888578
2022-12-03 12:13:00,76.95,76.97,76.95,76.97,27.44213842
2022-12-03 12:12:00,76.95,76.97,76.97,76.95,7.84952508
2022-12-03 12:11:00,76.93,77.01,77.01,76.97,9.16009937
2022-12-03 12:10:00,76.96,77.02,76.99,77.01,16.40687209
2022-12-03 12:09:00,76.94,77.01,76.99,76.99,8.69368784
2022-12-03 12:08:00,76.94,76.98,76.95,76.98,0.93965512
2022-12-03 12:07:00,76.99,77.07,77.06,76.99,52.38162982
2022-12-03 12:06:00,77.01,77.06,77.02,77.06,74.05577002
2022-12-03 12:05:00,77.0,77.05,77.03,77.02,73.57960136
2022-12-03 12:04:00,77.01,77.07,77.06,77.01,25.55346024
2022-12-03 12:03:00,77.02,77.07,77.05,77.07,34.37425794
2022-12-03 12:02:00,77.04,77.11,77.06,77.07,116.58732763
2022-12-03 12:01:00,77.04,77.07,77.07,77.07,9.96189884
2022-12-03 12:00:00,76.98,77.08,77.02,77.08,118.40046509
2022-12-03 11:59:00,76.92,77.07,76.92,77.02,82.98664745
2022-12-03 11:58:00,76.88,76.96,76.88,76.91,101.25371057
2022-12-03 11:57:00,76.89,76.99,76.99,76.9,37.89156915
2022-12-03 11:56:00,76.99,77.06,77.01,77.02,16.24505647
2022-12-03 11:55:00,76.95,77.1,77.01,76.97,130.23003034
2022-12-03 11:54:00,76.99,77.03,77.02,77.02,31.07311164
2022-12-03 11:53:00,76.96,77.08,76.96,77.0,166.61060862
2022-12-03 11:52:00,76.88,76.97,76.88,76.96,28.95207371
2022-12-03 11:51:00,76.87,76.92,76.9,76.92,13.56495623
2022-12-03 11:50:00,76.82,76.92,76.82,76.92,70.75660108
2022-12-03 11:49:00,76.83,76.87,76.86,76.85,5.85011857
2022-12-03 11:48:00,76.79,76.87,76.82,76.87,26.64297147
2022-12-03 11:47:00,76.79,76.84,76.81,76.79,58.30491834
2022-12-03 11:46:00,76.81,76.85,76.84,76.81,26.20137146
2022-12-03 11:45:00,76.8,76.87,76.87,76.8,42.00095814
2022-12-03 11:44:00,76.81,76.87,76.81,76.84,22.38733087
2022-12-03 11:43:00,76.81,76.85,76.84,76.83,29.73598284
2022-12-03 11:42:00,76.8,76.88,76.83,76.82,10.02757196
2022-12-03 11:41:00,76.78,76.86,76.8,76.85,195.26127046
2022-12-03 11:40:00,76.74,76.79,76.74,76.78,16.03411002
2022-12-03 11:39:00,76.77,76.79,76.79,76.77,2.0239431
2022-12-03 11:38:00,76.72,76.82,76.72,76.76,13.34641484
2022-12-03 11:37:00,76.72,76.82,76.82,76.72,31.04126193
2022-12-03 11:36:00,76.82,76.84,76.84,76.83,1.62383742
2022-12-03 11:35:00,76.83,76.9,76.89,76.83,58.65342518
2022-12-03 11:34:00,76.84,76.88,76.88,76.88,7.58060084
2022-12-03 11:33:00,76.84,76.88,76.85,76.84,2.17403568
2022-12-03 11:32:00,76.84,76.88,76.85,76.84,34.94166901
2022-12-03 11:31:00,76.83,76.88,76.85,76.86,14.01064203
2022-12-03 11:30:00,76.83,76.87,76.83,76.84,5.06738602
2022-12-03 11:29:00,76.85,76.87,76.85,76.87,10.33213576
2022-12-03 11:28:00,76.76,76.84,76.77,76.84,32.91160487
2022-12-03 11:27:00,76.76,76.8,76.76,76.8,5.30899837
2022-12-03 11:26:00,76.77,76.81,76.8,76.77,15.83600887
2022-12-03 11:25:00,76.75,76.8,76.8,76.8,20.14063886
2022-12-03 11:24:00,76.76,76.79,76.76,76.79,10.91123796
2022-12-03 11:23:00,76.74,76.8,76.77,76.78,2.47132707
2022-12-03 11:22:00,76.68,76.76,76.68,76.76,51.42117849
2022-12-03 11:21:00,76.65,76.69,76.68,76.68,32.97426671
2022-12-03 11:20:00,76.67,76.73,76.67,76.71,49.04101324
2022-12-03 11:19:00,76.64,76.68,76.64,76.67,47.5587531
2022-12-03 11:18:00,76.61,76.64,76.61,76.62,11.42196359
2022-12-03 11:17:00,76.45,76.6,76.47,76.6,30.06576823
2022-12-03 11:16:00,76.48,76.51,76.49,76.51,3.91008985
2022-12-03 11:15:00,76.49,76.54,76.5,76.49,101.55128625
2022-12-03 11:14:00,76.51,76.55,76.51,76.53,7.5051725
2022-12-03 11:13:00,76.5,76.56,76.55,76.5,56.01067863
2022-12-03 11:12:00,76.49,76.55,76.49,76.52,49.79694238
2022-12-03 11:11:00,76.46,76.53,76.46,76.53,11.13508033
2022-12-03 11:10:00,76.45,76.51,76.48,76.45,15.70027514
2022-12-03 11:09:00,76.42,76.53,76.47,76.52,27.34497163
2022-12-03 11:08:00,76.31,76.48,76.34,76.48,113.71728502
2022-12-03 11:07:00,76.33,76.59,76.59,76.33,478.05710306
2022-12-03 11:06:00,76.55,76.59,76.59,76.59,20.54374063
2022-12-03 11:05:00,76.54,76.58,76.55,76.58,10.69510089
2022-12-03 11:04:00,76.57,76.63,76.57,76.6,22.99884176
2022-12-03 11:03:00,76.53,76.6,76.57,76.59,20.32524629
2022-12-03 11:02:00,76.53,76.58,76.57,76.57,7.21921495
2022-12-03 11:01:00,76.55,76.6,76.57,76.55,4.47574319
2022-12-03 11:00:00,76.61,76.65,76.61,76.62,29.21376817
2022-12-03 10:59:00,76.63,76.67,76.65,76.65,7.25178503
2022-12-03 10:58:00,76.61,76.66,76.64,76.64,1.99780395
2022-12-03 10:57:00,76.59,76.64,76.63,76.64,8.39026971
2022-12-03 10:56:00,76.58,76.62,76.62,76.58,18.84635984
2022-12-03 10:55:00,76.57,76.62,76.59,76.57,5.55253004
2022-12-03 10:54:00,76.58,76.64,76.62,76.62,3.63845841
2022-12-03 10:53:00,76.56,76.64,76.56,76.59,53.99492749
2022-12-03 10:52:00,76.56,76.57,76.57,76.57,1.76289768
2022-12-03 10:51:00,76.52,76.58,76.52,76.57,10.28867185
2022-12-03 10:50:00,76.55,76.55,76.55,76.55,0.99871629
2022-12-03 10:49:00,76.54,76.59,76.59,76.55,2.77549079
2022-12-03 10:48:00,76.55,76.59,76.55,76.58,10.67753489
2022-12-03 10:47:00,76.55,76.59,76.59,76.55,7.81230455
2022-12-03 10:46:00,76.54,76.6,76.6,76.58,21.00316499
2022-12-03 10:45:00,76.53,76.61,76.53,76.61,11.99064742
2022-12-03 10:44:00,76.5,76.6,76.6,76.5,41.70730357
2022-12-03 10:43:00,76.57,76.62,76.62,76.6,18.56705919
2022-12-03 10:42:00,76.58,76.62,76.58,76.62,27.29353697
2022-12-03 10:41:00,76.58,76.62,76.58,76.61,32.40171535
2022-12-03 10:40:00,76.59,76.64,76.59,76.61,40.97658926
2022-12-03 10:39:00,76.62,76.63,76.62,76.62,2.02970139
2022-12-03 10:38:00,76.58,76.63,76.59,76.59,24.68604346
2022-12-03 10:37:00,76.58,76.64,76.64,76.6,15.61424083
2022-12-03 10:36:00,76.57,76.65,76.57,76.65,44.78245111
2022-12-03 10:35:00,76.54,76.61,76.61,76.57,7.75300578
2022-12-03 10:34:00,76.58,76.63,76.59,76.58,17.37606797
2022-12-03 10:33:00,76.61,76.65,76.61,76.62,17.57664357
2022-12-03 10:32:00,76.59,76.65,76.62,76.65,6.65414842
2022-12-03 10:31:00,76.63,76.73,76.7,76.63,28.71939794
2022-12-03 10:30:00,76.66,76.73,76.69,76.69,33.89337901
2022-12-03 10:29:00,76.65,76.69,76.65,76.69,14.40886911
2022-12-03 10:28:00,76.65,76.69,76.65,76.65,59.07927432
2022-12-03 10:27:00,76.64,76.68,76.67,76.68,7.43873872
2022-12-03 10:26:00,76.62,76.67,76.63,76.67,5.37180162
2022-12-03 10:25:00,76.61,76.65,76.65,76.64,11.13606639
2022-12-03 10:24:00,76.63,76.69,76.67,76.63,4.34374267
2022-12-03 10:23:00,76.64,76.71,76.71,76.68,2.76832607
2022-12-03 10:22:00,76.67,76.71,76.7,76.68,5.96837547
2022-12-03 10:21:00,76.68,76.72,76.72,76.68,1.3086276
2022-12-03 10:20:00,76.64,76.73,76.73,76.65,111.16321663
2022-12-03 10:19:00,76.66,76.73,76.7,76.73,49.37946234
2022-12-03 10:18:00,76.69,76.7,76.69,76.7,5.18471025
2022-12-03 10:17:00,76.71,76.74,76.73,76.71,33.21875192
2022-12-03 10:16:00,76.65,76.73,76.65,76.72,24.13012131
2022-12-03 10:15:00,76.65,76.72,76.69,76.65,9.62993157
2022-12-03 10:14:00,76.7,76.74,76.73,76.73,14.15159091
2022-12-03 10:13:00,76.7,76.73,76.7,76.73,13.78983141
2022-12-03 10:12:00,76.7,76.7,76.7,76.7,3.2963485
2022-12-03 10:11:00,76.65,76.69,76.68,76.67,13.73427779
2022-12-03 10:10:00,76.64,76.73,76.73,76.67,30.02413492
2022-12-03 10:09:00,76.69,76.73,76.69,76.73,7.41792217
2022-12-03 10:08:00,76.7,76.73,76.72,76.72,36.89344427
2022-12-03 10:07:00,76.66,76.72,76.66,76.72,51.26475773
2022-12-03 10:06:00,76.62,76.66,76.64,76.65,65.29517022
2022-12-03 10:05:00,76.6,76.63,76.62,76.63,3.02744209
2022-12-03 10:04:00,76.61,76.65,76.62,76.65,13.61147098
2022-12-03 10:03:00,76.62,76.65,76.65,76.65,5.17774062
2022-12-03 10:02:00,76.6,76.65,76.61,76.65,65.95782556
2022-12-03 10:01:00,76.6,76.63,76.63,76.63,5.14294306
2022-12-03 10:00:00,76.57,76.63,76.62,76.63,39.75733521
2022-12-03 09:59:00,76.61,76.64,76.63,76.63,43.88764599
2022-12-03 09:58:00,76.63,76.64,76.63,76.63,11.03251813
2022-12-03 09:57:00,76.63,76.64,76.64,76.63,4.60795117
2022-12-03 09:56:00,76.63,76.64,76.64,76.63,3.29419137
2022-12-03 09:55:00,76.62,76.68,76.68,76.65,3.38057305
2022-12-03 09:54:00,76.67,76.69,76.69,76.67,8.07151948
2022-12-03 09:53:00,76.66,76.69,76.68,76.69,53.90831273
2022-12-03 09:52:00,76.64,76.68,76.64,76.68,67.9384909
2022-12-03 09:51:00,76.61,76.65,76.61,76.65,7.41144522
2022-12-03 09:50:00,76.56,76.64,76.56,76.62,2.68707296
2022-12-03 09:49:00,76.56,76.69,76.69,76.57,56.55083177
2022-12-03 09:48:00,76.64,76.69,76.64,76.68,49.59447207
2022-12-03 09:47:00,76.61,76.66,76.64,76.61,23.56942853
2022-12-03 09:46:00,76.57,76.65,76.57,76.64,68.30591885
2022-12-03 09:45:00,76.49,76.61,76.49,76.61,23.97381325
2022-12-03 09:44:00,76.45,76.49,76.47,76.49,42.08176176
2022-12-03 09:43:00,76.46,76.49,76.47,76.46,6.03936382
2022-12-03 09:42:00,76.47,76.49,76.47,76.49,14.94747636
2022-12-03 09:41:00,76.46,76.47,76.47,76.46,1.71604639
2022-12-03 09:40:00,76.44,76.51,76.5,76.46,30.58398126
2022-12-03 09:39:00,76.43,76.5,76.44,76.5,78.37455939
2022-12-03 09:38:00,76.46,76.48,76.46,76.46,16.04550504
2022-12-03 09:37:00,76.51,76.56,76.56,76.52,76.82308842
2022-12-03 09:36:00,76.51,76.56,76.55,76.56,2.88817411
2022-12-03 09:35:00,76.56,76.62,76.56,76.57,72.50890547
2022-12-03 09:34:00,76.57,76.65,76.57,76.61,90.39673451
2022-12-03 09:33:00,76.48,76.51,76.51,76.51,47.75436046
2022-12-03 09:32:00,76.45,76.53,76.52,76.51,51.45664945
2022-12-03 09:31:00,76.45,76.48,76.48,76.48,27.08187966
2022-12-03 09:30:00,76.44,76.52,76.52,76.44,37.39604232
2022-12-03 09:29:00,76.5,76.52,76.52,76.51,7.44239999
2022-12-03 09:28:00,76.48,76.52,76.49,76.52,59.97362538
2022-12-03 09:27:00,76.46,76.51,76.49,76.5,50.79146508
2022-12-03 09:26:00,76.48,76.54,76.5,76.54,23.37948989
2022-12-03 09:25:00,76.47,76.52,76.47,76.5,175.93200213
2022-12-03 09:24:00,76.42,76.47,76.44,76.47,134.1433364
2022-12-03 09:23:00,76.4,76.44,76.44,76.42,53.0906795
2022-12-03 09:22:00,76.41,76.47,76.47,76.44,45.07851309
2022-12-03 09:21:00,76.45,76.48,76.45,76.47,23.48860246
2022-12-03 09:20:00,76.45,76.5,76.45,76.5,2.24419917
2022-12-03 09:19:00,76.43,76.47,76.45,76.45,5.68404733
2022-12-03 09:18:00,76.44,76.52,76.52,76.44,11.32286128
2022-12-03 09:17:00,76.47,76.5,76.47,76.5,29.01479231
2022-12-03 09:16:00,76.48,76.53,76.5,76.48,221.89333918
2022-12-03 19:16:00,76.11,76.15,76.15,76.15,13.41694258
2022-12-03 19:15:00,76.08,76.14,76.13,76.14,22.96325505
2022-12-03 19:14:00,76.11,76.15,76.14,76.13,8.60413449
2022-12-03 19:13:00,76.09,76.14,76.14,76.14,35.03708621
2022-12-03 19:12:00,76.09,76.14,76.13,76.14,41.20947867
2022-12-03 19:11:00,76.1,76.17,76.13,76.1,9.36759306
2022-12-03 19:10:00,76.11,76.17,76.17,76.13,11.54511153
2022-12-03 19:09:00,76.15,76.24,76.23,76.17,27.72777416
2022-12-03 19:08:00,76.16,76.23,76.2,76.23,58.34968695
2022-12-03 19:07:00,76.16,76.21,76.19,76.18,12.57235118
2022-12-03 19:06:00,76.16,76.21,76.18,76.2,23.28101749
2022-12-03 19:05:00,76.17,76.23,76.21,76.2,26.15362537
2022-12-03 19:04:00,76.15,76.23,76.18,76.23,41.53605576
2022-12-03 19:03:00,76.15,76.2,76.2,76.18,20.21289839
2022-12-03 19:02:00,76.14,76.21,76.15,76.2,43.14426101
2022-12-03 19:01:00,76.15,76.2,76.18,76.18,18.53945605
2022-12-03 19:00:00,76.17,76.2,76.19,76.18,54.12379427
2022-12-03 18:59:00,76.16,76.2,76.17,76.19,30.05036569
2022-12-03 18:58:00,76.15,76.22,76.22,76.2,13.17109995
2022-12-03 18:57:00,76.19,76.26,76.23,76.23,33.72812659
2022-12-03 18:56:00,76.25,76.26,76.25,76.26,44.47318195
2022-12-03 18:55:00,76.2,76.25,76.21,76.25,29.99585529
2022-12-03 18:54:00,76.19,76.25,76.25,76.24,18.4530001
2022-12-03 18:53:00,76.22,76.27,76.26,76.27,61.66885679
2022-12-03 18:52:00,76.23,76.27,76.25,76.23,11.42987198
2022-12-03 18:51:00,76.16,76.23,76.17,76.23,12.32819854
2022-12-03 18:50:00,76.2,76.28,76.27,76.22,66.3155426
2022-12-03 18:49:00,76.24,76.32,76.32,76.25,67.59926902
2022-12-03 18:48:00,76.29,76.33,76.33,76.29,21.29337196
2022-12-03 18:47:00,76.24,76.33,76.24,76.33,51.53315007
2022-12-03 18:46:00,76.24,76.28,76.26,76.27,52.32077089
2022-12-03 18:45:00,76.25,76.3,76.3,76.28,25.76017329
2022-12-03 18:44:00,76.28,76.3,76.28,76.29,44.07917916
2022-12-03 18:43:00,76.25,76.29,76.29,76.28,13.38109317
2022-12-03 18:42:00,76.25,76.29,76.29,76.29,6.46290036
2022-12-03 18:41:00,76.25,76.29,76.29,76.29,53.36413304
2022-12-03 18:40:00,76.26,76.3,76.29,76.29,8.44349434
2022-12-03 18:39:00,76.24,76.33,76.25,76.3,138.42989614
2022-12-03 18:38:00,76.25,76.31,76.31,76.28,46.06219785
2022-12-03 18:37:00,76.28,76.32,76.32,76.31,3.70042764
2022-12-03 18:36:00,76.29,76.34,76.33,76.32,21.57628679
2022-12-03 18:35:00,76.28,76.33,76.28,76.3,41.08292765
2022-12-03 18:34:00,76.26,76.33,76.26,76.3,9.15651733
2022-12-03 18:33:00,76.26,76.3,76.3,76.26,18.63128375
2022-12-03 18:32:00,76.25,76.3,76.29,76.3,35.58911883
2022-12-03 18:31:00,76.28,76.37,76.34,76.29,55.21884492
2022-12-03 18:30:00,76.26,76.37,76.29,76.37,97.58866051
2022-12-03 18:29:00,76.28,76.31,76.31,76.31,8.985368
2022-12-03 18:28:00,76.28,76.32,76.31,76.31,9.93701997
2022-12-03 18:27:00,76.28,76.32,76.32,76.32,11.16554713
2022-12-03 18:26:00,76.27,76.37,76.35,76.32,272.21000325
2022-12-03 18:25:00,76.32,76.38,76.32,76.37,24.44851479
2022-12-03 18:24:00,76.31,76.33,76.32,76.32,32.6076635
2022-12-03 18:23:00,76.29,76.34,76.34,76.33,12.47721401
2022-12-03 18:22:00,76.29,76.34,76.33,76.34,33.11922939
2022-12-03 18:21:00,76.29,76.35,76.34,76.33,12.18322686
2022-12-03 18:20:00,76.3,76.37,76.34,76.35,195.15615748
2022-12-03 18:19:00,76.31,76.38,76.38,76.34,14.56966727
2022-12-03 18:18:00,76.34,76.38,76.37,76.38,62.52431204
2022-12-03 18:17:00,76.3,76.38,76.33,76.38,17.35228629
2022-12-03 18:16:00,76.28,76.36,76.28,76.33,22.17465408
2022-12-03 18:15:00,76.3,76.35,76.32,76.32,26.08133831
2022-12-03 18:14:00,76.32,76.38,76.35,76.35,12.28114625
2022-12-03 18:13:00,76.33,76.37,76.33,76.36,104.58231277
2022-12-03 18:12:00,76.3,76.38,76.34,76.33,26.82248365
2022-12-03 18:11:00,76.31,76.36,76.31,76.36,4.57584159
2022-12-03 18:10:00,76.31,76.37,76.33,76.33,63.74563422
2022-12-03 18:09:00,76.3,76.34,76.31,76.33,17.99534029
2022-12-03 18:08:00,76.31,76.38,76.38,76.31,9.44040165
2022-12-03 18:07:00,76.35,76.4,76.4,76.38,20.54758911
2022-12-03 18:06:00,76.35,76.42,76.42,76.35,58.97942237
2022-12-03 18:05:00,76.36,76.42,76.42,76.42,5.80002429
2022-12-03 18:04:00,76.37,76.42,76.4,76.38,26.18234622
2022-12-03 18:03:00,76.36,76.41,76.41,76.4,27.65358088
2022-12-03 18:02:00,76.39,76.48,76.47,76.43,75.28310203
2022-12-03 18:01:00,76.36,76.45,76.4,76.45,35.52526669
2022-12-03 18:00:00,76.37,76.41,76.4,76.37,30.24269013
2022-12-03 17:59:00,76.37,76.42,76.41,76.41,40.90263548
2022-12-03 17:58:00,76.38,76.42,76.4,76.41,50.74233264
2022-12-03 17:57:00,76.38,76.43,76.42,76.39,9.37434566
2022-12-03 17:56:00,76.36,76.41,76.4,76.41,35.44070543
2022-12-03 17:55:00,76.38,76.43,76.38,76.4,52.31717507
2022-12-03 17:54:00,76.34,76.39,76.34,76.39,14.97046617
2022-12-03 17:53:00,76.34,76.4,76.39,76.37,59.94464855
2022-12-03 17:52:00,76.32,76.4,76.34,76.4,19.89895117
2022-12-03 17:51:00,76.31,76.38,76.32,76.35,54.98566224
2022-12-03 17:50:00,76.3,76.34,76.34,76.34,18.32857156
2022-12-03 17:49:00,76.3,76.34,76.34,76.34,19.08658305
2022-12-03 17:48:00,76.3,76.34,76.31,76.34,24.59685267
2022-12-03 17:47:00,76.27,76.31,76.27,76.29,16.80001796
2022-12-03 17:46:00,76.27,76.34,76.33,76.28,65.31082248
2022-12-03 17:45:00,76.31,76.37,76.33,76.34,32.79033464
2022-12-03 17:44:00,76.3,76.37,76.3,76.37,97.67480353
2022-12-03 17:43:00,76.3,76.32,76.32,76.31,67.89000062
2022-12-03 17:42:00,76.29,76.34,76.32,76.33,72.44075483
2022-12-03 17:41:00,76.29,76.34,76.33,76.32,17.03849314
2022-12-03 17:40:00,76.3,76.36,76.32,76.33,31.08386353
2022-12-03 17:39:00,76.32,76.39,76.35,76.36,26.32088205
2022-12-03 17:38:00,76.37,76.43,76.4,76.4,11.45597751
2022-12-03 17:37:00,76.36,76.42,76.42,76.37,35.38941184
2022-12-03 17:36:00,76.37,76.42,76.37,76.39,17.68801676
2022-12-03 17:35:00,76.4,76.45,76.42,76.41,64.55222609
2022-12-03 17:34:00,76.38,76.46,76.38,76.45,24.27281814
2022-12-03 17:33:00,76.32,76.43,76.35,76.42,36.69967366
2022-12-03 17:32:00,76.32,76.36,76.35,76.32,2.42508063
2022-12-03 17:31:00,76.32,76.4,76.4,76.34,19.57819288
2022-12-03 17:30:00,76.36,76.42,76.41,76.4,34.48534719
2022-12-03 17:29:00,76.39,76.43,76.43,76.42,21.44613824
2022-12-03 17:28:00,76.36,76.43,76.36,76.43,3.47605348
2022-12-03 17:27:00,76.34,76.39,76.36,76.38,30.11621608
2022-12-03 17:26:00,76.33,76.4,76.39,76.39,7.07293984
2022-12-03 17:25:00,76.35,76.45,76.44,76.41,34.30025381
2022-12-03 17:24:00,76.41,76.45,76.45,76.44,33.29043791
2022-12-03 17:23:00,76.39,76.46,76.46,76.44,39.35255331
2022-12-03 17:22:00,76.4,76.47,76.43,76.46,61.25334956
2022-12-03 17:21:00,76.38,76.46,76.4,76.44,72.29130814
2022-12-03 17:20:00,76.4,76.49,76.48,76.4,56.72315706
2022-12-03 17:19:00,76.34,76.52,76.36,76.43,197.75216606
2022-12-03 17:18:00,76.26,76.36,76.28,76.35,138.17117659
2022-12-03 17:17:00,76.19,76.28,76.19,76.27,14.68537185
2022-12-03 17:16:00,76.14,76.24,76.18,76.23,25.78766817
2022-12-03 17:15:00,76.13,76.19,76.19,76.16,17.78330885
2022-12-03 17:14:00,76.09,76.17,76.16,76.17,47.18787625
2022-12-03 17:13:00,76.11,76.16,76.15,76.16,32.30545819
2022-12-03 17:12:00,76.09,76.17,76.13,76.16,48.1170439
2022-12-03 17:11:00,76.12,76.2,76.17,76.13,63.01597762
2022-12-03 17:10:00,76.14,76.2,76.15,76.2,22.49242348
2022-12-03 17:09:00,76.11,76.2,76.2,76.15,48.87326733
2022-12-03 17:08:00,76.1,76.19,76.17,76.16,31.47810612
2022-12-03 17:07:00,76.14,76.19,76.14,76.14,21.89811246
2022-12-03 17:06:00,76.12,76.17,76.16,76.15,20.03427711
2022-12-03 17:05:00,76.1,76.15,76.11,76.15,71.14813461
2022-12-03 17:04:00,76.1,76.13,76.13,76.13,30.0909668
2022-12-03 17:03:00,76.08,76.14,76.08,76.14,72.17602245
2022-12-03 17:02:00,76.04,76.1,76.08,76.07,71.61705842
2022-12-03 17:01:00,76.08,76.12,76.11,76.08,64.90999867
2022-12-03 17:00:00,76.09,76.2,76.2,76.11,139.82745558
2022-12-03 16:59:00,76.05,76.24,76.1,76.2,537.2902103
2022-12-03 16:58:00,76.04,76.1,76.07,76.06,45.81321811
2022-12-03 16:57:00,75.99,76.07,76.06,76.06,73.70359156
2022-12-03 16:56:00,76.0,76.07,76.03,76.05,123.40974474
2022-12-03 16:55:00,76.03,76.13,76.12,76.03,52.56658791
2022-12-03 16:54:00,76.08,76.18,76.14,76.09,84.18100193
2022-12-03 16:53:00,76.08,76.15,76.12,76.14,21.19662346
2022-12-03 16:52:00,76.07,76.15,76.09,76.12,201.68188272
2022-12-03 16:51:00,76.07,76.17,76.07,76.09,60.11759688
2022-12-03 16:50:00,76.06,76.11,76.06,76.06,36.99938428
2022-12-03 16:49:00,75.98,76.09,76.09,76.06,228.4464949
2022-12-03 16:48:00,76.08,76.18,76.12,76.08,45.24937637
2022-12-03 16:47:00,76.06,76.15,76.15,76.12,50.48808632
2022-12-03 16:46:00,76.14,76.22,76.19,76.15,16.83265076
2022-12-03 16:45:00,76.18,76.24,76.24,76.18,37.49595953
2022-12-03 16:44:00,76.24,76.29,76.29,76.27,60.68040497
2022-12-03 16:43:00,76.24,76.29,76.28,76.25,17.7907903
2022-12-03 16:42:00,76.21,76.3,76.27,76.29,499.7738309
2022-12-03 16:41:00,76.19,76.29,76.29,76.26,84.65594715
2022-12-03 16:40:00,76.3,76.35,76.33,76.31,85.8295752
2022-12-03 16:39:00,76.32,76.37,76.36,76.35,46.85412469
2022-12-03 16:38:00,76.33,76.36,76.34,76.35,16.12825707
2022-12-03 16:37:00,76.36,76.37,76.37,76.37,9.25567206
2022-12-03 16:36:00,76.34,76.38,76.37,76.37,16.14940508
2022-12-03 16:35:00,76.33,76.38,76.36,76.37,26.09131158
2022-12-03 16:34:00,76.34,76.38,76.37,76.36,58.38616459
2022-12-03 16:33:00,76.34,76.38,76.37,76.37,52.29761208
2022-12-03 16:32:00,76.35,76.38,76.38,76.37,11.62973245
2022-12-03 16:31:00,76.3,76.36,76.3,76.35,17.4935721
2022-12-03 16:30:00,76.27,76.36,76.34,76.32,97.57717665
2022-12-03 16:29:00,76.35,76.41,76.41,76.35,19.69690873
2022-12-03 16:28:00,76.35,76.44,76.42,76.37,133.76679085
2022-12-03 16:27:00,76.4,76.44,76.43,76.41,22.39241456
2022-12-03 16:26:00,76.4,76.44,76.43,76.43,53.72178497
2022-12-03 16:25:00,76.43,76.47,76.44,76.46,128.84193284
2022-12-03 16:24:00,76.41,76.47,76.45,76.44,36.95292568
2022-12-03 16:23:00,76.4,76.46,76.41,76.45,47.20036505
2022-12-03 16:22:00,76.36,76.42,76.38,76.4,13.53567041
2022-12-03 16:21:00,76.36,76.42,76.4,76.4,63.80570191
2022-12-03 16:20:00,76.33,76.42,76.34,76.42,26.15727755
2022-12-03 16:19:00,76.31,76.36,76.36,76.31,46.97244524
2022-12-03 16:18:00,76.3,76.37,76.36,76.37,410.47557052
2022-12-03 16:17:00,76.32,76.37,76.37,76.36,29.1780124
2022-12-03 16:16:00,76.29,76.37,76.34,76.37,21.41361729
2022-12-03 16:15:00,76.3,76.37,76.35,76.31,50.388783
2022-12-03 16:14:00,76.34,76.38,76.38,76.38,60.74906882
2022-12-03 16:13:00,76.32,76.37,76.36,76.37,51.74432267
2022-12-03 16:12:00,76.34,76.41,76.41,76.35,288.63291061
2022-12-03 16:11:00,76.36,76.41,76.39,76.38,7.7067111
2022-12-03 16:10:00,76.37,76.49,76.47,76.37,151.1931513
2022-12-03 16:09:00,76.47,76.5,76.5,76.47,30.71702267
2022-12-03 16:08:00,76.46,76.52,76.52,76.5,44.66054157
2022-12-03 16:07:00,76.48,76.55,76.51,76.5,159.69295367
2022-12-03 16:06:00,76.47,76.54,76.47,76.49,60.30966986
2022-12-03 16:05:00,76.45,76.54,76.54,76.48,119.96286994
2022-12-03 16:04:00,76.52,76.56,76.56,76.52,38.02694549
2022-12-03 16:03:00,76.5,76.56,76.5,76.56,20.49524909
2022-12-03 16:02:00,76.46,76.53,76.49,76.53,42.39655924
2022-12-03 16:01:00,76.41,76.49,76.42,76.48,20.19599012
2022-12-03 16:00:00,76.38,76.48,76.48,76.42,61.52937022
2022-12-03 15:59:00,76.46,76.49,76.47,76.48,43.06036524
2022-12-03 15:58:00,76.43,76.52,76.51,76.45,44.66947431
2022-12-03 15:57:00,76.51,76.6,76.6,76.53,42.06378898
2022-12-03 15:56:00,76.52,76.56,76.52,76.56,21.35711059
2022-12-03 15:55:00,76.51,76.57,76.53,76.54,39.34070846
2022-12-03 15:54:00,76.48,76.59,76.59,76.53,130.00046121
2022-12-03 15:53:00,76.55,76.61,76.58,76.59,23.58296855
2022-12-03 15:52:00,76.59,76.61,76.61,76.61,25.9836238
2022-12-03 15:51:00,76.55,76.6,76.57,76.58,29.21265258
2022-12-03 15:50:00,76.53,76.62,76.6,76.59,77.6620529
2022-12-03 15:49:00,76.57,76.63,76.59,76.63,44.68142865
2022-12-03 15:48:00,76.56,76.61,76.58,76.61,114.98880225
2022-12-03 15:47:00,76.59,76.63,76.63,76.62,123.56802265
2022-12-03 15:46:00,76.59,76.69,76.69,76.62,257.19625724
2022-12-03 15:45:00,76.68,76.71,76.71,76.7,10.24625288
2022-12-03 15:44:00,76.66,76.7,76.68,76.68,71.56620711
2022-12-03 15:43:00,76.69,76.71,76.71,76.69,15.79974474
2022-12-03 15:42:00,76.7,76.71,76.7,76.71,58.74448089
2022-12-03 15:41:00,76.71,76.74,76.74,76.71,14.05334169
2022-12-03 15:40:00,76.67,76.74,76.68,76.71,122.75847698
2022-12-03 15:39:00,76.68,76.72,76.71,76.71,130.05721443
2022-12-03 15:38:00,76.69,76.72,76.7,76.69,26.00686416
2022-12-03 15:37:00,76.7,76.73,76.73,76.7,72.74412598
2022-12-03 15:36:00,76.69,76.74,76.72,76.71,16.21902051
2022-12-03 15:35:00,76.7,76.74,76.71,76.72,19.07198223
2022-12-03 15:34:00,76.7,76.74,76.72,76.73,127.79326861
2022-12-03 15:33:00,76.71,76.74,76.74,76.71,30.07963578
2022-12-03 15:32:00,76.73,76.75,76.73,76.73,235.40315192
2022-12-03 15:31:00,76.73,76.75,76.74,76.74,392.96141321
2022-12-03 15:30:00,76.73,76.76,76.73,76.73,34.6211191
2022-12-03 15:29:00,76.73,76.74,76.74,76.74,63.81893252
2022-12-03 15:28:00,76.73,76.76,76.74,76.73,282.88073349
2022-12-03 15:27:00,76.73,76.78,76.75,76.73,706.79390633
2022-12-03 15:26:00,76.71,76.79,76.75,76.75,45.50319714
2022-12-03 15:25:00,76.68,76.76,76.72,76.74,18.94585556
2022-12-03 15:24:00,76.69,76.74,76.72,76.72,142.00934773
2022-12-03 15:23:00,76.66,76.7,76.69,76.7,10.99805892
2022-12-03 15:22:00,76.64,76.71,76.66,76.65,36.94018405
2022-12-03 15:21:00,76.64,76.7,76.68,76.65,124.19995314
2022-12-03 15:20:00,76.63,76.7,76.63,76.7,17.71769663
2022-12-03 15:19:00,76.61,76.66,76.64,76.66,23.57753281
2022-12-03 15:18:00,76.61,76.67,76.63,76.66,200.84120712
2022-12-03 15:17:00,76.6,76.63,76.62,76.62,21.7940857
2022-12-03 15:16:00,76.61,76.63,76.63,76.63,96.36302404
2022-12-03 15:15:00,76.58,76.63,76.58,76.63,26.08663411
2022-12-03 15:14:00,76.57,76.61,76.6,76.61,15.57564412
2022-12-03 15:13:00,76.57,76.64,76.61,76.61,9.00809827
2022-12-03 15:12:00,76.58,76.65,76.61,76.64,77.58618296
2022-12-03 15:11:00,76.58,76.63,76.63,76.58,11.79142909
2022-12-03 15:10:00,76.6,76.64,76.64,76.62,24.11902827
2022-12-03 15:09:00,76.61,76.65,76.62,76.61,30.94420795
2022-12-03 15:08:00,76.58,76.63,76.58,76.62,104.56320049
2022-12-03 15:07:00,76.55,76.66,76.61,76.55,261.20902166
2022-12-03 15:06:00,76.59,76.63,76.6,76.63,35.59385516
2022-12-03 15:05:00,76.57,76.64,76.63,76.63,86.97936207
2022-12-03 15:04:00,76.59,76.66,76.64,76.64,39.62250534
2022-12-03 15:03:00,76.6,76.66,76.61,76.66,17.44726287
2022-12-03 15:02:00,76.56,76.64,76.59,76.64,92.03416574
2022-12-03 15:01:00,76.51,76.61,76.52,76.59,19.17317113
2022-12-03 15:00:00,76.5,76.55,76.53,76.52,39.36249736
2022-12-03 14:59:00,76.5,76.56,76.53,76.53,12.05948225
2022-12-03 14:58:00,76.51,76.56,76.56,76.53,44.83663035
2022-12-03 14:57:00,76.47,76.64,76.64,76.59,205.44482384
2022-12-03 14:56:00,76.53,76.6,76.53,76.6,61.11474004
2022-12-03 14:55:00,76.51,76.6,76.57,76.54,98.71520771
2022-12-03 14:54:00,76.5,76.57,76.55,76.56,82.89964064
2022-12-03 14:53:00,76.49,76.55,76.53,76.54,254.36505378
2022-12-03 14:52:00,76.56,76.62,76.59,76.56,55.61332897
2022-12-03 14:51:00,76.51,76.61,76.59,76.59,77.78869416
2022-12-03 14:50:00,76.58,76.7,76.62,76.58,47.87514633
2022-12-03 14:49:00,76.59,76.67,76.67,76.61,89.01851909
2022-12-03 14:48:00,76.63,76.68,76.65,76.67,3.25218722
2022-12-03 14:47:00,76.63,76.68,76.68,76.66,45.12312923
2022-12-03 14:46:00,76.63,76.69,76.68,76.68,46.07952065
2022-12-03 14:45:00,76.67,76.71,76.69,76.67,12.13680247
2022-12-03 14:44:00,76.71,76.75,76.72,76.73,8.53488624
2022-12-03 14:43:00,76.69,76.76,76.71,76.75,87.05057478
2022-12-03 14:42:00,76.65,76.73,76.65,76.73,25.60591265
2022-12-03 14:41:00,76.69,76.74,76.7,76.7,26.27731142
2022-12-03 14:40:00,76.7,76.75,76.75,76.7,108.45698063
2022-12-03 14:39:00,76.71,76.75,76.75,76.71,20.38731805
2022-12-03 14:38:00,76.69,76.79,76.79,76.72,38.58551161
2022-12-03 14:37:00,76.73,76.8,76.79,76.77,36.61757825
2022-12-03 14:36:00,76.74,76.8,76.79,76.74,64.03163829
2022-12-03 14:35:00,76.75,76.81,76.81,76.79,6.59837912
2022-12-03 14:34:00,76.76,76.85,76.85,76.8,71.54690592
2022-12-03 14:33:00,76.81,76.85,76.84,76.82,6.23452937
2022-12-03 14:32:00,76.79,76.85,76.8,76.84,58.71116269
2022-12-03 14:31:00,76.73,76.79,76.77,76.79,16.30258281
2022-12-03 14:30:00,76.67,76.74,76.71,76.74,28.16770868
2022-12-03 14:29:00,76.65,76.73,76.65,76.73,23.54905149
2022-12-03 14:28:00,76.6,76.69,76.69,76.66,59.84954044
2022-12-03 14:27:00,76.65,76.71,76.71,76.65,4.00214795
2022-12-03 14:26:00,76.69,76.79,76.74,76.69,69.59024585
2022-12-03 14:25:00,76.71,76.76,76.76,76.71,52.36061916
2022-12-03 14:24:00,76.72,76.76,76.76,76.76,21.66956747
2022-12-03 14:23:00,76.72,76.82,76.82,76.72,40.22897754
2022-12-03 14:22:00,76.82,76.82,76.82,76.82,3.79089979
2022-12-03 14:21:00,76.8,76.85,76.81,76.8,17.44017704
2022-12-03 14:20:00,76.83,76.86,76.83,76.85,192.50515342
2022-12-03 14:19:00,76.74,76.84,76.74,76.83,11.36628038
2022-12-03 14:18:00,76.74,76.8,76.77,76.74,39.25115797
2022-12-03 14:17:00,76.78,76.84,76.83,76.79,91.60998192
2022-12-03 14:16:00,76.79,76.85,76.85,76.8,8.18439792
2022-12-04 00:16:00,76.56,76.68,76.67,76.56,209.7602205
2022-12-04 00:15:00,76.62,76.7,76.66,76.68,147.45279866
2022-12-04 00:14:00,76.64,76.68,76.68,76.68,57.74076372
2022-12-04 00:13:00,76.61,76.73,76.61,76.67,268.8810781
2022-12-04 00:12:00,76.63,76.71,76.71,76.65,130.29351932
2022-12-04 00:11:00,76.62,76.73,76.68,76.66,107.03055753
2022-12-04 00:10:00,76.68,76.81,76.78,76.68,110.37698948
2022-12-04 00:09:00,76.75,76.84,76.77,76.8,95.48189907
2022-12-04 00:08:00,76.64,76.76,76.67,76.76,118.66444895
2022-12-04 00:07:00,76.58,76.69,76.59,76.68,1030.97087325
2022-12-04 00:06:00,76.59,76.65,76.6,76.6,34.28966629
2022-12-04 00:05:00,76.53,76.57,76.54,76.56,51.94806729
2022-12-04 00:04:00,76.49,76.57,76.56,76.53,47.37034164
2022-12-04 00:03:00,76.42,76.55,76.5,76.55,81.19783148
2022-12-04 00:02:00,76.41,76.49,76.42,76.49,25.63549841
2022-12-04 00:01:00,76.41,76.5,76.41,76.42,29.58838496
2022-12-04 00:00:00,76.39,76.46,76.43,76.39,65.08061841
2022-12-03 23:59:00,76.39,76.48,76.44,76.48,335.57445729
2022-12-03 23:58:00,76.44,76.56,76.54,76.44,81.14050861
2022-12-03 23:57:00,76.47,76.55,76.47,76.53,38.71671775
2022-12-03 23:56:00,76.47,76.55,76.5,76.48,46.87658638
2022-12-03 23:55:00,76.51,76.62,76.6,76.51,56.09076147
2022-12-03 23:54:00,76.61,76.71,76.67,76.63,28.63732784
2022-12-03 23:53:00,76.64,76.72,76.67,76.7,108.71936946
2022-12-03 23:52:00,76.66,76.76,76.74,76.66,12.88340756
2022-12-03 23:51:00,76.73,76.77,76.77,76.73,87.48261228
2022-12-03 23:50:00,76.73,76.84,76.83,76.77,128.44045818
2022-12-03 23:49:00,76.81,76.88,76.88,76.83,109.68482918
2022-12-03 23:48:00,76.85,76.93,76.88,76.87,53.37195098
2022-12-03 23:47:00,76.82,76.96,76.94,76.86,82.48650953
2022-12-03 23:46:00,76.84,76.95,76.9,76.95,116.59717713
2022-12-03 23:45:00,76.74,76.99,76.78,76.91,795.90719912
2022-12-03 23:44:00,76.72,76.82,76.74,76.78,383.27547728
2022-12-03 23:43:00,76.59,76.73,76.6,76.72,182.64409573
2022-12-03 23:42:00,76.57,76.6,76.57,76.57,30.00580736
2022-12-03 23:41:00,76.43,76.57,76.43,76.55,43.0469387
2022-12-03 23:40:00,76.42,76.47,76.47,76.43,18.76296293
2022-12-03 23:39:00,76.43,76.47,76.47,76.47,55.85733371
2022-12-03 23:38:00,76.44,76.52,76.52,76.47,30.11606757
2022-12-03 23:37:00,76.46,76.56,76.54,76.49,21.11069657
2022-12-03 23:36:00,76.45,76.56,76.45,76.54,58.71019645
2022-12-03 23:35:00,76.38,76.49,76.47,76.43,116.78069374
2022-12-03 23:34:00,76.36,76.46,76.42,76.46,115.13591795
2022-12-03 23:33:00,76.38,76.51,76.51,76.42,96.60936373
2022-12-03 23:32:00,76.43,76.51,76.45,76.51,62.06777578
2022-12-03 23:31:00,76.42,76.52,76.52,76.45,318.56366204
2022-12-03 23:30:00,76.51,76.57,76.54,76.54,61.7316315
2022-12-03 23:29:00,76.47,76.61,76.48,76.54,99.26015216
2022-12-03 23:28:00,76.4,76.49,76.4,76.47,76.46387105
2022-12-03 23:27:00,76.4,76.52,76.5,76.4,1676.17922691
2022-12-03 23:26:00,76.49,76.59,76.59,76.49,1017.73699916
2022-12-03 23:25:00,76.58,76.63,76.59,76.59,57.2145142
2022-12-03 23:24:00,76.58,76.7,76.7,76.61,162.38659704
2022-12-03 23:23:00,76.65,76.7,76.68,76.69,89.39560451
2022-12-03 23:22:00,76.62,76.72,76.62,76.7,164.6297045
2022-12-03 23:21:00,76.57,76.64,76.6,76.6,79.57100359
2022-12-03 23:20:00,76.5,76.61,76.59,76.56,238.21615491
2022-12-03 23:19:00,76.56,76.65,76.62,76.59,158.14993643
2022-12-03 23:18:00,76.62,76.66,76.65,76.65,62.01871801
2022-12-03 23:17:00,76.61,76.72,76.69,76.65,143.14754859
2022-12-03 23:16:00,76.63,76.91,76.91,76.63,103.00462823
2022-12-03 23:15:00,76.77,76.95,76.78,76.93,1574.24386463
2022-12-03 23:14:00,76.75,76.96,76.96,76.78,262.79141416
2022-12-03 23:13:00,76.88,77.0,76.89,76.95,702.16388403
2022-12-03 23:12:00,76.83,76.92,76.84,76.85,556.16637952
2022-12-03 23:11:00,76.65,76.83,76.68,76.79,279.74197256
2022-12-03 23:10:00,76.53,76.69,76.57,76.66,432.44964458
2022-12-03 23:09:00,76.35,76.58,76.37,76.58,812.05972086
2022-12-03 23:08:00,76.25,76.41,76.3,76.38,129.70458898
2022-12-03 23:07:00,76.31,76.45,76.45,76.34,98.61159394
2022-12-03 23:06:00,76.32,76.47,76.43,76.43,239.06559432
2022-12-03 23:05:00,76.32,76.43,76.35,76.43,75.1168842
2022-12-03 23:04:00,76.35,76.42,76.39,76.39,82.53942525
2022-12-03 23:03:00,76.32,76.44,76.34,76.43,84.61322917
2022-12-03 23:02:00,76.25,76.37,76.3,76.37,104.67524662
2022-12-03 23:01:00,76.22,76.33,76.23,76.33,69.41103524
2022-12-03 23:00:00,76.17,76.28,76.28,76.26,53.63834925
2022-12-03 22:59:00,76.16,76.31,76.19,76.3,79.15300252
2022-12-03 22:58:00,76.16,76.23,76.21,76.18,131.34591067
2022-12-03 22:57:00,76.21,76.29,76.29,76.21,42.45096816
2022-12-03 22:56:00,76.19,76.32,76.22,76.32,123.69788619
2022-12-03 22:55:00,76.22,76.39,76.39,76.23,195.30169255
2022-12-03 22:54:00,76.11,76.44,76.11,76.44,253.33677925
2022-12-03 22:53:00,76.08,76.15,76.09,76.14,27.5530594
2022-12-03 22:52:00,76.04,76.13,76.06,76.07,118.22691309
2022-12-03 22:51:00,75.71,76.09,75.71,76.07,263.43230456
2022-12-03 22:50:00,75.71,75.75,75.74,75.75,26.67050641
2022-12-03 22:49:00,75.72,75.79,75.79,75.74,148.00943846
2022-12-03 22:48:00,75.78,75.86,75.81,75.83,315.7615378
2022-12-03 22:47:00,75.74,75.82,75.76,75.81,31.44439571
2022-12-03 22:46:00,75.5,75.75,75.55,75.72,1827.77679682
2022-12-03 22:45:00,75.46,75.58,75.58,75.49,43.50522111
2022-12-03 22:44:00,75.5,75.6,75.57,75.58,43.07001609
2022-12-03 22:43:00,75.54,75.64,75.64,75.58,53.88419375
2022-12-03 22:42:00,75.63,75.72,75.64,75.64,23.38844843
2022-12-03 22:41:00,75.54,75.65,75.61,75.65,46.48656706
2022-12-03 22:40:00,75.58,75.71,75.68,75.6,24.94865196
2022-12-03 22:39:00,75.65,75.71,75.68,75.71,116.86477988
2022-12-03 22:38:00,75.6,75.72,75.6,75.7,32.935736
2022-12-03 22:37:00,75.51,75.61,75.54,75.6,63.79921026
2022-12-03 22:36:00,75.51,75.67,75.63,75.53,1243.96696665
2022-12-03 22:35:00,75.64,75.75,75.74,75.65,33.56880496
2022-12-03 22:34:00,75.76,75.83,75.83,75.77,28.67092897
2022-12-03 22:33:00,75.78,75.86,75.8,75.81,23.00225815
2022-12-03 22:32:00,75.75,75.83,75.83,75.82,64.672305
2022-12-03 22:31:00,75.8,75.98,75.98,75.84,384.59805551
2022-12-03 22:30:00,75.94,75.99,75.94,75.99,17.65855265
2022-12-03 22:29:00,75.95,75.98,75.98,75.95,40.16869921
2022-12-03 22:28:00,75.94,75.98,75.97,75.98,30.21847299
2022-12-03 22:27:00,75.92,75.97,75.92,75.97,10.93478985
2022-12-03 22:26:00,75.89,75.93,75.9,75.93,91.14619204
2022-12-03 22:25:00,75.89,75.93,75.92,75.93,57.66878789
2022-12-03 22:24:00,75.89,75.92,75.89,75.89,56.49925353
2022-12-03 22:23:00,75.88,75.93,75.93,75.89,20.53060436
2022-12-03 22:22:00,75.9,75.95,75.92,75.93,20.12328096
2022-12-03 22:21:00,75.92,75.98,75.97,75.95,66.65304399
2022-12-03 22:20:00,75.95,75.99,75.99,75.98,44.34426281
2022-12-03 22:19:00,75.94,75.99,75.98,75.99,11.73702346
2022-12-03 22:18:00,75.94,75.99,75.98,75.98,27.21109378
2022-12-03 22:17:00,75.94,75.99,75.96,75.98,28.33411117
2022-12-03 22:16:00,75.93,76.0,75.99,75.99,72.43054001
2022-12-03 22:15:00,75.91,75.98,75.92,75.97,44.21598306
2022-12-03 22:14:00,75.89,75.96,75.96,75.95,120.35513893
2022-12-03 22:13:00,75.89,75.99,75.92,75.99,68.10287335
2022-12-03 22:12:00,75.88,75.92,75.92,75.92,25.51267691
2022-12-03 22:11:00,75.89,75.94,75.94,75.92,41.42810723
2022-12-03 22:10:00,75.95,75.99,75.98,75.96,26.72147833
2022-12-03 22:09:00,75.92,75.96,75.94,75.96,35.07668252
2022-12-03 22:08:00,75.95,76.0,75.98,75.97,28.1280687
2022-12-03 22:07:00,75.97,76.04,76.04,75.99,227.4143668
2022-12-03 22:06:00,75.95,76.04,75.98,76.04,52.67709516
2022-12-03 22:05:00,75.95,76.0,75.98,75.96,36.29785899
2022-12-03 22:04:00,75.95,75.99,75.96,75.95,17.60023053
2022-12-03 22:03:00,75.94,76.02,76.02,75.99,46.69079863
2022-12-03 22:02:00,75.96,76.03,76.03,76.02,52.26779914
2022-12-03 22:01:00,76.0,76.09,76.06,76.0,84.81835915
2022-12-03 22:00:00,76.05,76.08,76.08,76.08,20.31668344
2022-12-03 21:59:00,76.05,76.08,76.06,76.08,27.79268863
2022-12-03 21:58:00,76.06,76.1,76.09,76.06,69.01953472
2022-12-03 21:57:00,76.05,76.1,76.09,76.08,113.54733167
2022-12-03 21:56:00,76.02,76.11,76.06,76.1,69.02461511
2022-12-03 21:55:00,76.0,76.08,76.07,76.02,49.80412388
2022-12-03 21:54:00,75.98,76.1,76.0,76.08,268.26091286
2022-12-03 21:53:00,75.86,76.02,75.87,76.01,289.37939496
2022-12-03 21:52:00,75.84,75.87,75.85,75.87,54.97040692
2022-12-03 21:51:00,75.73,75.87,75.73,75.86,190.11640033
2022-12-03 21:50:00,75.73,75.76,75.76,75.76,15.81647173
2022-12-03 21:49:00,75.73,75.76,75.74,75.76,19.01078048
2022-12-03 21:48:00,75.73,75.78,75.75,75.75,17.20005401
2022-12-03 21:47:00,75.72,75.76,75.74,75.72,14.3446005
2022-12-03 21:46:00,75.71,75.76,75.72,75.73,97.54447359
2022-12-03 21:45:00,75.73,75.77,75.75,75.75,66.92935363
2022-12-03 21:44:00,75.69,75.76,75.76,75.72,15.44881316
2022-12-03 21:43:00,75.72,75.76,75.74,75.76,64.14138224
2022-12-03 21:42:00,75.73,75.77,75.76,75.76,30.12078614
2022-12-03 21:41:00,75.74,75.78,75.74,75.74,36.33537415
2022-12-03 21:40:00,75.74,75.8,75.76,75.74,46.32623563
2022-12-03 21:39:00,75.77,75.84,75.84,75.78,96.77846993
2022-12-03 21:38:00,75.74,75.84,75.74,75.83,679.10224169
2022-12-03 21:37:00,75.72,75.79,75.73,75.74,104.56342109
2022-12-03 21:36:00,75.7,75.8,75.77,75.76,76.69167111
2022-12-03 21:35:00,75.74,75.8,75.79,75.79,37.39564885
2022-12-03 21:34:00,75.75,75.82,75.81,75.82,31.39861223
2022-12-03 21:33:00,75.82,75.87,75.83,75.86,35.48134788
2022-12-03 21:32:00,75.79,75.85,75.81,75.85,43.03338258
2022-12-03 21:31:00,75.81,75.87,75.85,75.81,93.51452761
2022-12-03 21:30:00,75.84,75.92,75.89,75.87,185.56371036
2022-12-03 21:29:00,75.88,75.92,75.91,75.88,35.62864296
2022-12-03 21:28:00,75.89,75.92,75.92,75.91,80.24426031
2022-12-03 21:27:00,75.9,75.92,75.9,75.91,396.06465679
2022-12-03 21:26:00,75.88,75.92,75.91,75.92,35.7508186
2022-12-03 21:25:00,75.87,75.91,75.91,75.91,88.62270108
2022-12-03 21:24:00,75.9,75.93,75.9,75.92,19.55311409
2022-12-03 21:23:00,75.87,75.91,75.88,75.87,119.88838258
2022-12-03 21:22:00,75.89,75.93,75.93,75.9,7.50190831
2022-12-03 21:21:00,75.9,75.94,75.94,75.93,19.95919316
2022-12-03 21:20:00,75.91,76.0,76.0,75.94,46.95513917
2022-12-03 21:19:00,75.94,76.0,75.96,75.97,44.91094255
2022-12-03 21:18:00,75.92,75.98,75.96,75.96,71.03943913
2022-12-03 21:17:00,75.92,75.98,75.94,75.98,111.02013759
2022-12-03 21:16:00,75.87,75.94,75.87,75.91,69.90888755
2022-12-03 21:15:00,75.83,75.89,75.85,75.87,67.620497
2022-12-03 21:14:00,75.86,75.9,75.89,75.87,96.89773455
2022-12-03 21:13:00,75.85,75.9,75.85,75.89,76.58901132
2022-12-03 21:12:00,75.85,75.89,75.85,75.86,97.14684307
2022-12-03 21:11:00,75.78,75.86,75.82,75.85,14.52839569
2022-12-03 21:10:00,75.78,75.87,75.84,75.78,161.48314082
2022-12-03 21:09:00,75.78,75.87,75.8,75.86,1120.88453232
2022-12-03 21:08:00,75.7,75.8,75.78,75.8,594.5885754
2022-12-03 21:07:00,75.76,75.8,75.8,75.8,944.70731301
2022-12-03 21:06:00,75.7,75.8,75.79,75.76,289.7377095
2022-12-03 21:05:00,75.56,75.8,75.79,75.78,797.93765043
2022-12-03 21:04:00,75.77,75.89,75.89,75.79,750.35147998
2022-12-03 21:03:00,75.84,75.93,75.93,75.88,43.38259193
2022-12-03 21:02:00,75.89,75.94,75.93,75.93,153.10141346
2022-12-03 21:01:00,75.86,75.93,75.88,75.93,92.27981437
2022-12-03 21:00:00,75.87,75.91,75.9,75.9,76.32941993
2022-12-03 20:59:00,75.89,75.92,75.89,75.92,21.53980338
2022-12-03 20:58:00,75.9,75.96,75.93,75.9,33.2821827
2022-12-03 20:57:00,75.84,75.96,75.94,75.93,134.82491827
2022-12-03 20:56:00,75.94,75.96,75.94,75.96,20.39637117
2022-12-03 20:55:00,75.92,75.98,75.92,75.96,77.139897
2022-12-03 20:54:00,75.89,75.92,75.91,75.89,27.67660198
2022-12-03 20:53:00,75.9,75.92,75.92,75.92,14.01538421
2022-12-03 20:52:00,75.88,75.92,75.91,75.92,15.18530368
2022-12-03 20:51:00,75.88,75.93,75.88,75.89,21.11955963
2022-12-03 20:50:00,75.88,75.92,75.89,75.88,39.5562208
2022-12-03 20:49:00,75.87,75.91,75.89,75.89,26.06535575
2022-12-03 20:48:00,75.88,75.97,75.96,75.88,72.49960524
2022-12-03 20:47:00,75.92,75.96,75.94,75.96,37.16021919
2022-12-03 20:46:00,75.93,75.96,75.95,75.94,15.37864646
2022-12-03 20:45:00,75.92,76.0,76.0,75.95,40.86285165
2022-12-03 20:44:00,75.96,76.0,75.99,76.0,25.18111043
2022-12-03 20:43:00,75.92,75.99,75.94,75.99,8.83462331
2022-12-03 20:42:00,75.91,75.96,75.93,75.96,46.36916009
2022-12-03 20:41:00,75.84,75.93,75.9,75.93,110.39999587
2022-12-03 20:40:00,75.85,75.9,75.87,75.89,33.16952462
2022-12-03 20:39:00,75.86,75.91,75.88,75.9,36.66433021
2022-12-03 20:38:00,75.84,75.9,75.86,75.89,14.73331889
2022-12-03 20:37:00,75.86,75.94,75.94,75.87,36.57801217
2022-12-03 20:36:00,75.9,75.95,75.91,75.93,102.36320944
2022-12-03 20:35:00,75.84,75.92,75.84,75.9,34.90417645
2022-12-03 20:34:00,75.82,75.9,75.89,75.87,88.29274089
2022-12-03 20:33:00,75.89,75.93,75.92,75.89,35.44314942
2022-12-03 20:32:00,75.89,75.93,75.92,75.92,259.23012222
2022-12-03 20:31:00,75.9,75.97,75.97,75.92,18.0717081
2022-12-03 20:30:00,75.93,75.99,75.95,75.97,26.50661036
2022-12-03 20:29:00,75.95,76.0,76.0,75.99,18.21858001
2022-12-03 20:28:00,75.96,76.02,76.0,75.96,193.77348749
2022-12-03 20:27:00,75.98,76.02,76.0,76.0,13.02038389
2022-12-03 20:26:00,75.98,75.99,75.98,75.99,7.54278098
2022-12-03 20:25:00,75.96,76.01,75.99,75.99,61.72398538
2022-12-03 20:24:00,75.97,76.01,75.98,75.99,27.7949587
2022-12-03 20:23:00,75.95,76.02,75.98,76.02,74.83647191
2022-12-03 20:22:00,75.94,75.98,75.97,75.98,46.53916593
2022-12-03 20:21:00,75.96,75.98,75.98,75.96,43.33160659
2022-12-03 20:20:00,76.0,76.04,76.04,76.0,41.45288131
2022-12-03 20:19:00,76.01,76.07,76.02,76.07,66.1586368
2022-12-03 20:18:00,75.99,76.02,75.99,76.02,6.08631243
2022-12-03 20:17:00,75.99,76.07,75.99,76.02,163.796266
2022-12-03 20:16:00,76.01,76.05,76.03,76.02,47.8950658
2022-12-03 20:15:00,76.0,76.04,76.04,76.04,62.22916368
2022-12-03 20:14:00,75.96,76.04,75.98,76.04,170.24467113
2022-12-03 20:13:00,75.97,75.98,75.97,75.98,11.51452504
2022-12-03 20:12:00,75.96,75.98,75.98,75.98,35.34714974
2022-12-03 20:11:00,75.96,75.98,75.97,75.98,209.6762271
2022-12-03 20:10:00,75.93,75.98,75.93,75.97,107.96892905
2022-12-03 20:09:00,75.93,75.95,75.94,75.93,45.87616789
2022-12-03 20:08:00,75.91,75.98,75.97,75.94,49.05520128
2022-12-03 20:07:00,75.95,75.98,75.96,75.97,11.59427481
2022-12-03 20:06:00,75.93,75.97,75.96,75.97,36.86525091
2022-12-03 20:05:00,75.93,75.98,75.96,75.96,40.69064243
2022-12-03 20:04:00,75.9,75.96,75.9,75.96,23.61814554
2022-12-03 20:03:00,75.85,75.93,75.88,75.9,91.83898427
2022-12-03 20:02:00,75.85,75.92,75.91,75.85,110.80643011
2022-12-03 20:01:00,75.91,75.93,75.92,75.92,24.59947054
2022-12-03 20:00:00,75.88,75.98,75.98,75.92,78.74530318
2022-12-03 19:59:00,75.96,75.98,75.98,75.98,61.52761443
2022-12-03 19:58:00,75.91,75.98,75.93,75.98,622.0604962
2022-12-03 19:57:00,75.91,75.96,75.96,75.94,67.59894409
2022-12-03 19:56:00,75.91,75.98,75.92,75.95,33.41485149
2022-12-03 19:55:00,75.9,75.94,75.9,75.94,5.8449648
2022-12-03 19:54:00,75.91,75.94,75.93,75.94,16.53888811
2022-12-03 19:53:00,75.94,75.98,75.97,75.94,144.4366807
2022-12-03 19:52:00,75.93,75.98,75.98,75.97,269.24087616
2022-12-03 19:51:00,75.95,75.98,75.95,75.95,118.83764391
2022-12-03 19:50:00,75.95,76.06,75.95,76.0,109.62676828
2022-12-03 19:49:00,75.87,75.96,75.93,75.96,216.91632172
2022-12-03 19:48:00,75.89,75.96,75.95,75.91,47.21682193
2022-12-03 19:47:00,75.87,75.94,75.91,75.92,24.24122898
2022-12-03 19:46:00,75.84,75.93,75.87,75.91,290.06223023
2022-12-03 19:45:00,75.83,75.91,75.86,75.87,350.95171124
2022-12-03 19:44:00,75.75,75.89,75.79,75.89,329.37519998
2022-12-03 19:43:00,75.74,75.85,75.85,75.74,31.11762534
2022-12-03 19:42:00,75.81,75.87,75.83,75.85,167.10764936
2022-12-03 19:41:00,75.74,75.89,75.78,75.87,1066.59692153
2022-12-03 19:40:00,75.72,75.86,75.85,75.72,45.38912237
2022-12-03 19:39:00,75.66,76.05,76.04,75.86,687.85842329
2022-12-03 19:38:00,76.02,76.06,76.04,76.04,28.14698304
2022-12-03 19:37:00,76.02,76.06,76.03,76.05,5.10421234
2022-12-03 19:36:00,76.05,76.1,76.08,76.05,54.71367599
2022-12-03 19:35:00,75.99,76.06,76.05,76.05,60.70066786
2022-12-03 19:34:00,76.0,76.08,76.05,76.06,804.80045712
2022-12-03 19:33:00,76.03,76.08,76.06,76.03,13.62873282
2022-12-03 19:32:00,76.02,76.07,76.05,76.07,36.11657319
2022-12-03 19:31:00,76.06,76.13,76.13,76.06,99.97680583
2022-12-03 19:30:00,76.08,76.15,76.08,76.12,22.22885985
2022-12-03 19:29:00,76.07,76.12,76.11,76.11,24.38257501
2022-12-03 19:28:00,76.08,76.14,76.14,76.11,154.34176933
2022-12-03 19:27:00,76.1,76.13,76.13,76.13,89.50724622
2022-12-03 19:26:00,76.1,76.15,76.11,76.1,20.26492132
2022-12-03 19:25:00,76.1,76.15,76.11,76.14,204.96957522
2022-12-03 19:24:00,76.12,76.16,76.12,76.13,29.57267602
2022-12-03 19:23:00,76.13,76.17,76.16,76.16,42.22604173
2022-12-03 19:22:00,76.14,76.17,76.15,76.17,9.42530725
2022-12-03 19:21:00,76.15,76.2,76.2,76.15,20.38845424
2022-12-03 19:20:00,76.13,76.2,76.15,76.2,75.46917023
2022-12-03 19:19:00,76.13,76.16,76.16,76.16,8.67604985
2022-12-03 19:18:00,76.11,76.16,76.11,76.15,25.33443596
2022-12-03 19:17:00,76.11,76.15,76.15,76.11,44.11829135
2022-12-03 19:16:00,76.11,76.15,76.15,76.15,13.41694258
2022-12-04 05:16:00,76.91,76.94,76.94,76.92,18.65548054
2022-12-04 05:15:00,76.94,76.99,76.97,76.95,29.88585616
2022-12-04 05:14:00,76.95,76.98,76.95,76.98,13.94591118
2022-12-04 05:13:00,76.94,76.99,76.99,76.95,26.92103543
2022-12-04 05:12:00,76.98,77.0,77.0,76.99,17.41177996
2022-12-04 05:11:00,76.97,77.0,76.98,76.97,14.90874791
2022-12-04 05:10:00,76.96,77.03,76.98,77.0,47.64472307
2022-12-04 05:09:00,77.0,77.05,77.05,77.0,51.27677012
2022-12-04 05:08:00,76.98,77.06,76.98,77.04,39.53869663
2022-12-04 05:07:00,76.96,77.07,77.07,76.98,46.0267257
2022-12-04 05:06:00,76.98,77.09,77.01,77.06,313.06338311
2022-12-04 05:05:00,76.92,77.01,76.96,77.01,577.33855948
2022-12-04 05:04:00,76.93,76.97,76.95,76.96,35.95109435
2022-12-04 05:03:00,76.96,77.05,77.02,76.96,38.87314323
2022-12-04 05:02:00,76.98,77.06,76.98,77.06,51.3450024
2022-12-04 05:01:00,76.97,77.04,76.98,76.97,140.26741472
2022-12-04 05:00:00,76.88,77.04,76.94,76.98,368.43845984
2022-12-04 04:59:00,76.88,76.97,76.88,76.96,59.35166884
2022-12-04 04:58:00,76.81,76.88,76.83,76.88,58.41600474
2022-12-04 04:57:00,76.83,76.87,76.87,76.83,20.69693497
2022-12-04 04:56:00,76.83,76.91,76.9,76.87,21.78380814
2022-12-04 04:55:00,76.84,76.93,76.84,76.9,46.57943748
2022-12-04 04:54:00,76.77,76.91,76.89,76.81,93.98274997
2022-12-04 04:53:00,76.79,76.87,76.81,76.87,208.58077475
2022-12-04 04:52:00,76.77,76.81,76.81,76.81,9.59205585
2022-12-04 04:51:00,76.71,76.81,76.73,76.81,163.81865058
2022-12-04 04:50:00,76.66,76.75,76.66,76.74,43.48135794
2022-12-04 04:49:00,76.65,76.67,76.65,76.67,37.98853683
2022-12-04 04:48:00,76.67,76.72,76.7,76.67,118.27070886
2022-12-04 04:47:00,76.67,76.74,76.68,76.7,13.99888779
2022-12-04 04:46:00,76.64,76.68,76.64,76.68,20.89159348
2022-12-04 04:45:00,76.62,76.65,76.65,76.62,16.34175025
2022-12-04 04:44:00,76.57,76.65,76.57,76.65,14.61708722
2022-12-04 04:43:00,76.52,76.57,76.54,76.57,42.81915476
2022-12-04 04:42:00,76.49,76.55,76.5,76.51,33.37846131
2022-12-04 04:41:00,76.49,76.55,76.53,76.51,38.07328599
2022-12-04 04:40:00,76.51,76.55,76.54,76.55,20.76031589
2022-12-04 04:39:00,76.5,76.56,76.5,76.56,91.57892136
2022-12-04 04:38:00,76.46,76.53,76.52,76.46,20.23561705
2022-12-04 04:37:00,76.49,76.56,76.54,76.53,107.03262427
2022-12-04 04:36:00,76.54,76.59,76.59,76.54,25.80466501
2022-12-04 04:35:00,76.54,76.62,76.62,76.57,47.78055918
2022-12-04 04:34:00,76.54,76.63,76.56,76.62,87.42618577
2022-12-04 04:33:00,76.49,76.57,76.52,76.55,70.97112491
2022-12-04 04:32:00,76.48,76.52,76.49,76.52,51.07196081
2022-12-04 04:31:00,76.43,76.5,76.5,76.46,25.77457691
2022-12-04 04:30:00,76.45,76.48,76.47,76.47,18.28952534
2022-12-04 04:29:00,76.43,76.5,76.49,76.45,59.35012664
2022-12-04 04:28:00,76.49,76.5,76.5,76.5,10.78510675
2022-12-04 04:27:00,76.42,76.5,76.47,76.46,35.42459999
2022-12-04 04:26:00,76.43,76.5,76.48,76.44,76.01557667
2022-12-04 04:25:00,76.38,76.45,76.4,76.45,16.05565164
2022-12-04 04:24:00,76.36,76.39,76.38,76.38,18.09730845
2022-12-04 04:23:00,76.34,76.53,76.53,76.34,125.39323161
2022-12-04 04:22:00,76.58,76.66,76.61,76.58,36.54226453
2022-12-04 04:21:00,76.53,76.66,76.57,76.66,78.2625304
2022-12-04 04:20:00,76.5,76.58,76.53,76.58,58.08557002
2022-12-04 04:19:00,76.52,76.6,76.58,76.52,114.1874715
2022-12-04 04:18:00,76.55,76.64,76.63,76.58,29.6072711
2022-12-04 04:17:00,76.6,76.63,76.6,76.63,2.25196781
2022-12-04 04:16:00,76.61,76.65,76.65,76.64,15.51655643
2022-12-04 04:15:00,76.67,76.71,76.7,76.67,9.51274775
2022-12-04 04:14:00,76.67,76.72,76.67,76.68,15.64818439
2022-12-04 04:13:00,76.64,76.68,76.67,76.64,41.27575539
2022-12-04 04:12:00,76.64,76.7,76.7,76.64,14.39032153
2022-12-04 04:11:00,76.66,76.74,76.73,76.69,18.46428277
2022-12-04 04:10:00,76.71,76.74,76.74,76.73,16.59322709
2022-12-04 04:09:00,76.71,76.74,76.71,76.72,26.30191993
2022-12-04 04:08:00,76.66,76.72,76.68,76.68,31.87275325
2022-12-04 04:07:00,76.62,76.7,76.62,76.69,12.42861816
2022-12-04 04:06:00,76.62,76.7,76.64,76.62,65.49524411
2022-12-04 04:05:00,76.59,76.65,76.6,76.64,10.86436196
2022-12-04 04:04:00,76.6,76.68,76.63,76.6,66.55253856
2022-12-04 04:03:00,76.59,76.63,76.62,76.63,28.74933773
2022-12-04 04:02:00,76.58,76.62,76.58,76.62,40.07679112
2022-12-04 04:01:00,76.6,76.63,76.61,76.6,17.57486196
2022-12-04 04:00:00,76.59,76.62,76.61,76.62,20.35980663
2022-12-04 03:59:00,76.53,76.61,76.59,76.59,141.3829835
2022-12-04 03:58:00,76.56,76.63,76.63,76.56,62.75567324
2022-12-04 03:57:00,76.62,76.7,76.69,76.63,73.10569527
2022-12-04 03:56:00,76.64,76.71,76.7,76.71,35.81999382
2022-12-04 03:55:00,76.66,76.7,76.69,76.7,13.95320636
2022-12-04 03:54:00,76.66,76.73,76.73,76.7,49.74325105
2022-12-04 03:53:00,76.64,76.73,76.69,76.71,75.49390291
2022-12-04 03:52:00,76.62,76.7,76.66,76.67,630.7500305
2022-12-04 03:51:00,76.65,76.72,76.69,76.69,40.34591918
2022-12-04 03:50:00,76.68,76.76,76.71,76.72,34.06976442
2022-12-04 03:49:00,76.72,76.77,76.77,76.74,77.10635497
2022-12-04 03:48:00,76.74,76.78,76.78,76.74,9.95686472
2022-12-04 03:47:00,76.74,76.78,76.78,76.77,18.32115207
2022-12-04 03:46:00,76.74,76.8,76.8,76.77,154.62945984
2022-12-04 03:45:00,76.78,76.82,76.81,76.8,59.77017807
2022-12-04 03:44:00,76.8,76.84,76.8,76.84,34.00103839
2022-12-04 03:43:00,76.82,76.86,76.83,76.82,12.14109319
2022-12-04 03:42:00,76.8,76.86,76.82,76.84,61.67818395
2022-12-04 03:41:00,76.79,76.88,76.79,76.82,37.54851125
2022-12-04 03:40:00,76.79,76.83,76.82,76.8,7.58527683
2022-12-04 03:39:00,76.78,76.84,76.84,76.82,41.71618024
2022-12-04 03:38:00,76.8,76.86,76.81,76.83,27.10187485
2022-12-04 03:37:00,76.77,76.86,76.84,76.77,27.91432078
2022-12-04 03:36:00,76.82,76.85,76.84,76.85,19.31704014
2022-12-04 03:35:00,76.79,76.86,76.84,76.84,37.33278444
2022-12-04 03:34:00,76.82,76.88,76.82,76.87,29.241842
2022-12-04 03:33:00,76.78,76.84,76.78,76.84,29.3752027
2022-12-04 03:32:00,76.77,76.82,76.82,76.8,11.89265419
2022-12-04 03:31:00,76.76,76.82,76.81,76.81,26.44836489
2022-12-04 03:30:00,76.73,76.83,76.83,76.81,62.63251993
2022-12-04 03:29:00,76.8,76.84,76.82,76.84,35.41048964
2022-12-04 03:28:00,76.81,76.87,76.83,76.82,41.25067962
2022-12-04 03:27:00,76.83,76.87,76.85,76.87,25.62190574
2022-12-04 03:26:00,76.81,76.86,76.84,76.84,25.60581442
2022-12-04 03:25:00,76.81,76.88,76.88,76.84,150.55442131
2022-12-04 03:24:00,76.86,76.89,76.88,76.88,3.95865741
2022-12-04 03:23:00,76.85,76.93,76.9,76.88,65.36954755
2022-12-04 03:22:00,76.9,76.94,76.93,76.93,10.88473917
2022-12-04 03:21:00,76.89,76.93,76.89,76.93,6.86547075
2022-12-04 03:20:00,76.89,76.98,76.92,76.89,62.31231516
2022-12-04 03:19:00,76.86,76.94,76.91,76.89,27.38798821
2022-12-04 03:18:00,76.89,76.94,76.93,76.91,68.84169283
2022-12-04 03:17:00,76.88,76.98,76.98,76.91,328.90187981
2022-12-04 03:16:00,76.99,77.03,77.02,77.03,16.70869586
2022-12-04 03:15:00,77.0,77.09,77.05,77.0,22.42170116
2022-12-04 03:14:00,77.01,77.08,77.02,77.08,37.58293218
2022-12-04 03:13:00,77.03,77.06,77.04,77.03,9.96597898
2022-12-04 03:12:00,77.01,77.08,77.06,77.04,17.09647279
2022-12-04 03:11:00,77.01,77.08,77.03,77.06,20.78850131
2022-12-04 03:10:00,77.0,77.06,77.03,77.0,26.76859914
2022-12-04 03:09:00,77.04,77.08,77.06,77.05,21.62220484
2022-12-04 03:08:00,77.02,77.1,77.06,77.06,23.84271306
2022-12-04 03:07:00,77.02,77.07,77.02,77.06,39.70405095
2022-12-04 03:06:00,76.99,77.04,77.04,77.02,9.34116166
2022-12-04 03:05:00,77.01,77.05,77.01,77.04,8.29268148
2022-12-04 03:04:00,77.01,77.11,77.11,77.03,15.36706083
2022-12-04 03:03:00,77.05,77.1,77.06,77.1,22.01817591
2022-12-04 03:02:00,77.07,77.11,77.1,77.11,12.46952204
2022-12-04 03:01:00,77.08,77.14,77.14,77.1,19.59731194
2022-12-04 03:00:00,77.09,77.13,77.09,77.13,13.26236685
2022-12-04 02:59:00,76.99,77.09,77.04,77.09,212.32324232
2022-12-04 02:58:00,77.0,77.04,77.02,77.01,14.89513903
2022-12-04 02:57:00,76.98,77.03,77.01,77.01,27.06853064
2022-12-04 02:56:00,76.98,77.03,77.01,77.0,40.60068479
2022-12-04 02:55:00,76.98,77.03,77.01,77.01,21.37578596
2022-12-04 02:54:00,76.97,77.03,77.0,77.03,96.69642626
2022-12-04 02:53:00,76.96,77.0,76.96,76.98,39.44181818
2022-12-04 02:52:00,76.97,77.01,76.98,77.01,88.93890088
2022-12-04 02:51:00,76.99,77.04,77.04,77.01,29.59655393
2022-12-04 02:50:00,77.0,77.07,77.02,77.04,90.59683333
2022-12-04 02:49:00,76.99,77.03,77.0,77.01,59.28534611
2022-12-04 02:48:00,76.97,77.09,77.08,77.0,103.37532154
2022-12-04 02:47:00,77.06,77.11,77.09,77.06,77.80552222
2022-12-04 02:46:00,77.08,77.13,77.11,77.1,67.84645218
2022-12-04 02:45:00,77.04,77.15,77.05,77.11,184.11475716
2022-12-04 02:44:00,77.05,77.19,77.19,77.05,127.42688599
2022-12-04 02:43:00,77.1,77.21,77.17,77.18,195.85193946
2022-12-04 02:42:00,77.13,77.31,77.3,77.16,136.80772954
2022-12-04 02:41:00,77.21,77.3,77.21,77.3,675.18688991
2022-12-04 02:40:00,77.04,77.22,77.12,77.21,2862.24444716
2022-12-04 02:39:00,77.08,77.16,77.13,77.12,166.40231035
2022-12-04 02:38:00,77.13,77.18,77.17,77.13,23.69555111
2022-12-04 02:37:00,77.14,77.2,77.17,77.17,63.51693582
2022-12-04 02:36:00,77.1,77.18,77.1,77.18,15.92409816
2022-12-04 02:35:00,77.08,77.17,77.13,77.11,26.69681836
2022-12-04 02:34:00,77.07,77.15,77.07,77.15,30.34725809
2022-12-04 02:33:00,77.02,77.1,77.02,77.1,45.49118647
2022-12-04 02:32:00,77.0,77.05,77.05,77.03,32.3344615
2022-12-04 02:31:00,77.04,77.12,77.08,77.04,24.36053918
2022-12-04 02:30:00,77.07,77.13,77.13,77.1,15.80974048
2022-12-04 02:29:00,77.09,77.13,77.13,77.12,43.49347411
2022-12-04 02:28:00,77.06,77.13,77.07,77.09,44.82990317
2022-12-04 02:27:00,77.05,77.11,77.05,77.1,38.69424814
2022-12-04 02:26:00,77.0,77.1,77.1,77.05,31.90657163
2022-12-04 02:25:00,77.04,77.09,77.06,77.08,35.20978109
2022-12-04 02:24:00,77.01,77.08,77.03,77.06,171.05286817
2022-12-04 02:23:00,76.92,77.08,76.92,77.06,103.0775358
2022-12-04 02:22:00,76.91,76.94,76.92,76.94,4.09355618
2022-12-04 02:21:00,76.87,76.92,76.92,76.91,20.26560937
2022-12-04 02:20:00,76.86,76.92,76.87,76.92,19.61477572
2022-12-04 02:19:00,76.86,76.89,76.89,76.89,46.54068676
2022-12-04 02:18:00,76.85,76.89,76.87,76.85,40.2757699
2022-12-04 02:17:00,76.83,76.87,76.84,76.87,9.2226831
2022-12-04 02:16:00,76.82,76.87,76.82,76.82,39.83976319
2022-12-04 02:15:00,76.8,76.84,76.82,76.82,9.3764333
2022-12-04 02:14:00,76.81,76.83,76.83,76.81,25.6698079
2022-12-04 02:13:00,76.82,76.84,76.83,76.83,20.58522421
2022-12-04 02:12:00,76.81,76.83,76.83,76.83,5.53792346
2022-12-04 02:11:00,76.8,76.86,76.84,76.8,19.25617058
2022-12-04 02:10:00,76.82,76.89,76.89,76.84,24.09457499
2022-12-04 02:09:00,76.81,76.88,76.81,76.88,73.1633048
2022-12-04 02:08:00,76.79,76.83,76.79,76.82,28.10165426
2022-12-04 02:07:00,76.79,76.82,76.82,76.8,6.97767167
2022-12-04 02:06:00,76.8,76.85,76.84,76.8,46.0952094
2022-12-04 02:05:00,76.8,76.84,76.82,76.84,19.01964759
2022-12-04 02:04:00,76.8,76.85,76.85,76.84,12.59175639
2022-12-04 02:03:00,76.78,76.85,76.8,76.85,63.18921558
2022-12-04 02:02:00,76.83,76.91,76.91,76.85,57.14537252
2022-12-04 02:01:00,76.89,76.95,76.95,76.89,33.1529301
2022-12-04 02:00:00,76.89,76.95,76.89,76.92,58.07888024
2022-12-04 01:59:00,76.89,76.92,76.9,76.92,47.82139075
2022-12-04 01:58:00,76.94,77.0,76.95,76.94,76.29359742
2022-12-04 01:57:00,76.94,76.95,76.95,76.95,307.89298173
2022-12-04 01:56:00,76.9,76.95,76.95,76.95,107.97691947
2022-12-04 01:55:00,76.88,76.95,76.89,76.95,263.84237593
2022-12-04 01:54:00,76.83,76.93,76.85,76.92,41.32290166
2022-12-04 01:53:00,76.81,76.93,76.92,76.84,204.13407011
2022-12-04 01:52:00,76.89,76.95,76.9,76.93,136.5752614
2022-12-04 01:51:00,76.86,76.9,76.89,76.9,32.13474149
2022-12-04 01:50:00,76.8,76.88,76.81,76.88,54.85870826
2022-12-04 01:49:00,76.78,76.81,76.8,76.79,87.57686343
2022-12-04 01:48:00,76.77,76.83,76.77,76.77,219.69493396
2022-12-04 01:47:00,76.74,76.78,76.74,76.78,117.39870976
2022-12-04 01:46:00,76.62,76.74,76.71,76.74,231.22187789
2022-12-04 01:45:00,76.69,76.76,76.76,76.72,86.74025431
2022-12-04 01:44:00,76.68,76.76,76.73,76.73,162.19189167
2022-12-04 01:43:00,76.74,76.79,76.74,76.75,20.45975862
2022-12-04 01:42:00,76.73,76.8,76.78,76.76,48.33796623
2022-12-04 01:41:00,76.75,76.85,76.81,76.77,78.04299241
2022-12-04 01:40:00,76.81,76.87,76.82,76.83,19.10503472
2022-12-04 01:39:00,76.78,76.87,76.82,76.81,104.0443656
2022-12-04 01:38:00,76.8,76.86,76.86,76.81,78.74505987
2022-12-04 01:37:00,76.83,76.9,76.9,76.83,16.38136561
2022-12-04 01:36:00,76.91,76.94,76.94,76.91,14.77358965
2022-12-04 01:35:00,76.93,76.95,76.95,76.94,87.81735325
2022-12-04 01:34:00,76.94,77.0,77.0,76.94,16.3356277
2022-12-04 01:33:00,76.96,77.03,77.03,76.97,59.13370885
2022-12-04 01:32:00,76.99,77.05,76.99,77.03,15.24087596
2022-12-04 01:31:00,77.01,77.07,77.06,77.01,20.6140958
2022-12-04 01:30:00,77.03,77.09,77.09,77.06,126.81725031
2022-12-04 01:29:00,77.05,77.17,77.17,77.05,281.03229108
2022-12-04 01:28:00,77.11,77.2,77.13,77.17,318.28131542
2022-12-04 01:27:00,77.09,77.19,77.17,77.09,250.89170293
2022-12-04 01:26:00,77.05,77.22,77.09,77.18,911.10016393
2022-12-04 01:25:00,77.07,77.11,77.08,77.08,527.60544082
2022-12-04 01:24:00,77.0,77.1,77.05,77.08,90.49225337
2022-12-04 01:23:00,76.97,77.09,76.97,77.07,202.21242897
2022-12-04 01:22:00,76.95,77.02,76.97,77.02,158.55262856
2022-12-04 01:21:00,76.91,76.97,76.96,76.97,31.43810488
2022-12-04 01:20:00,76.89,76.97,76.9,76.96,48.94425326
2022-12-04 01:19:00,76.88,76.92,76.92,76.92,41.39969567
2022-12-04 01:18:00,76.92,76.97,76.94,76.92,113.80123387
2022-12-04 01:17:00,76.79,76.93,76.81,76.92,535.16256296
2022-12-04 01:16:00,76.86,76.88,76.86,76.86,271.7806683
2022-12-04 01:15:00,76.83,76.86,76.84,76.86,80.1047239
2022-12-04 01:14:00,76.81,76.85,76.81,76.85,37.30930539
2022-12-04 01:13:00,76.77,76.84,76.84,76.8,74.20780575
2022-12-04 01:12:00,76.78,76.84,76.8,76.83,143.12532429
2022-12-04 01:11:00,76.76,76.82,76.79,76.79,42.12171652
2022-12-04 01:10:00,76.8,76.86,76.8,76.8,401.18723077
2022-12-04 01:09:00,76.73,76.82,76.76,76.8,108.21150076
2022-12-04 01:08:00,76.74,76.82,76.78,76.74,106.37412349
2022-12-04 01:07:00,76.79,76.84,76.82,76.81,28.8339543
2022-12-04 01:06:00,76.8,76.93,76.93,76.81,108.79810709
2022-12-04 01:05:00,76.87,76.95,76.87,76.93,72.69156707
2022-12-04 01:04:00,76.86,76.89,76.88,76.87,8.63527202
2022-12-04 01:03:00,76.89,76.98,76.98,76.91,36.25794146
2022-12-04 01:02:00,76.93,77.02,76.96,76.98,93.0041185
2022-12-04 01:01:00,76.95,77.0,76.95,76.96,25.52136031
2022-12-04 01:00:00,76.95,77.03,76.95,76.95,204.38950305
2022-12-04 00:59:00,76.93,76.98,76.94,76.97,72.2114248
2022-12-04 00:58:00,76.91,76.97,76.97,76.92,73.78983302
2022-12-04 00:57:00,76.96,77.01,77.01,76.98,12.62787922
2022-12-04 00:56:00,77.0,77.04,77.03,77.02,25.46137649
2022-12-04 00:55:00,77.06,77.11,77.09,77.08,16.12327185
2022-12-04 00:54:00,77.06,77.11,77.09,77.09,331.74333594
2022-12-04 00:53:00,77.08,77.14,77.14,77.08,239.85084113
2022-12-04 00:52:00,77.09,77.17,77.14,77.17,295.70526728
2022-12-04 00:51:00,77.14,77.18,77.15,77.16,28.96913998
2022-12-04 00:50:00,77.03,77.09,77.03,77.08,44.87445574
2022-12-04 00:49:00,77.04,77.1,77.04,77.06,43.9599929
2022-12-04 00:48:00,77.03,77.08,77.04,77.05,88.19342273
2022-12-04 00:47:00,77.04,77.09,77.08,77.04,396.37733273
2022-12-04 00:46:00,77.04,77.16,77.16,77.08,392.1057079
2022-12-04 00:45:00,77.14,77.22,77.21,77.14,235.10744627
2022-12-04 00:44:00,77.02,77.2,77.03,77.2,347.77467228
2022-12-04 00:43:00,77.0,77.08,77.03,77.0,98.60119695
2022-12-04 00:42:00,76.86,77.08,77.0,76.96,1740.91704242
2022-12-04 00:41:00,76.89,77.0,76.91,77.0,1232.95772886
2022-12-04 00:40:00,76.88,76.96,76.88,76.95,183.58125085
2022-12-04 00:39:00,76.75,76.88,76.75,76.88,104.16566491
2022-12-04 00:38:00,76.73,76.79,76.79,76.74,106.09290678
2022-12-04 00:37:00,76.75,76.82,76.79,76.79,21.75424398
2022-12-04 00:36:00,76.73,76.78,76.74,76.78,42.67457668
2022-12-04 00:35:00,76.75,76.82,76.79,76.75,34.44185249
2022-12-04 00:34:00,76.73,76.83,76.75,76.83,105.77544997
2022-12-04 00:33:00,76.7,76.77,76.72,76.74,56.67669322
2022-12-04 00:32:00,76.71,76.78,76.72,76.71,18.71453891
2022-12-04 00:31:00,76.73,76.89,76.88,76.74,100.56429627
2022-12-04 00:30:00,76.84,76.9,76.87,76.88,10.19272376
2022-12-04 00:29:00,76.83,76.89,76.83,76.87,17.46830422
2022-12-04 00:28:00,76.83,76.89,76.84,76.89,55.65690334
2022-12-04 00:27:00,76.81,76.87,76.87,76.81,92.11024576
2022-12-04 00:26:00,76.82,76.87,76.84,76.87,33.8416938
2022-12-04 00:25:00,76.79,76.86,76.8,76.81,430.7872476
2022-12-04 00:24:00,76.71,76.8,76.72,76.8,123.8635756
2022-12-04 00:23:00,76.7,76.82,76.82,76.73,206.91119919
2022-12-04 00:22:00,76.74,76.84,76.81,76.84,56.00946668
2022-12-04 00:21:00,76.73,76.83,76.73,76.83,368.50353751
2022-12-04 00:20:00,76.71,76.77,76.77,76.72,53.84143343
2022-12-04 00:19:00,76.7,76.78,76.72,76.73,106.63410923
2022-12-04 00:18:00,76.64,76.74,76.67,76.71,121.76720767
2022-12-04 00:17:00,76.54,76.65,76.58,76.65,79.11025009
2022-12-04 00:16:00,76.56,76.68,76.67,76.56,209.7602205
2022-12-04 10:16:00,76.15,76.18,76.15,76.15,13.35403103
2022-12-04 10:15:00,76.17,76.19,76.19,76.19,4.0815473
2022-12-04 10:14:00,76.16,76.21,76.18,76.16,47.23680982
2022-12-04 10:13:00,76.18,76.25,76.2,76.18,31.98733705
2022-12-04 10:12:00,76.17,76.21,76.21,76.17,68.00978061
2022-12-04 10:11:00,76.17,76.21,76.19,76.21,31.12270831
2022-12-04 10:10:00,76.17,76.29,76.28,76.22,145.68524187
2022-12-04 10:09:00,76.27,76.34,76.34,76.27,14.09860889
2022-12-04 10:08:00,76.28,76.35,76.3,76.35,20.99306529
2022-12-04 10:07:00,76.23,76.3,76.23,76.3,34.428306
2022-12-04 10:06:00,76.15,76.26,76.15,76.24,51.20518086
2022-12-04 10:05:00,76.13,76.17,76.13,76.17,9.46988024
2022-12-04 10:04:00,76.12,76.15,76.14,76.15,7.0293109
2022-12-04 10:03:00,76.1,76.13,76.1,76.13,13.36491984
2022-12-04 10:02:00,76.11,76.19,76.14,76.13,263.84601419
2022-12-04 10:01:00,76.09,76.16,76.09,76.16,7.83977166
2022-12-04 10:00:00,76.07,76.14,76.14,76.09,79.95592288
2022-12-04 09:59:00,76.16,76.22,76.19,76.16,18.72028175
2022-12-04 09:58:00,76.13,76.2,76.13,76.19,40.45652901
2022-12-04 09:57:00,76.05,76.14,76.14,76.11,49.84949748
2022-12-04 09:56:00,76.04,76.13,76.13,76.13,160.0969734
2022-12-04 09:55:00,76.06,76.15,76.12,76.1,79.93870477
2022-12-04 09:54:00,76.1,76.19,76.17,76.14,62.90249326
2022-12-04 09:53:00,76.09,76.19,76.09,76.14,230.81894338
2022-12-04 09:52:00,76.01,76.08,76.04,76.08,180.63089535
2022-12-04 09:51:00,76.01,76.35,76.34,76.03,646.0185535
2022-12-04 09:50:00,76.35,76.38,76.36,76.37,34.78291947
2022-12-04 09:49:00,76.34,76.42,76.36,76.42,30.27697205
2022-12-04 09:48:00,76.33,76.39,76.39,76.37,76.88209375
2022-12-04 09:47:00,76.35,76.39,76.38,76.39,38.42493673
2022-12-04 09:46:00,76.37,76.4,76.4,76.37,11.03915054
2022-12-04 09:45:00,76.37,76.44,76.44,76.4,71.70298221
2022-12-04 09:44:00,76.37,76.44,76.39,76.43,55.57067899
2022-12-04 09:43:00,76.39,76.4,76.4,76.4,9.19288689
2022-12-04 09:42:00,76.39,76.5,76.43,76.41,21.93023377
2022-12-04 09:41:00,76.42,76.5,76.5,76.46,93.83601111
2022-12-04 09:40:00,76.49,76.52,76.49,76.5,13.45345713
2022-12-04 09:39:00,76.5,76.54,76.53,76.53,5.67888229
2022-12-04 09:38:00,76.5,76.56,76.54,76.5,27.62198833
2022-12-04 09:37:00,76.55,76.67,76.64,76.55,143.66074839
2022-12-04 09:36:00,76.68,76.7,76.68,76.69,26.96476165
2022-12-04 09:35:00,76.69,76.73,76.71,76.7,11.49789248
2022-12-04 09:34:00,76.73,76.74,76.73,76.74,3.19199962
2022-12-04 09:33:00,76.65,76.73,76.7,76.73,157.13180492
2022-12-04 09:32:00,76.61,76.7,76.64,76.7,47.63865417
2022-12-04 09:31:00,76.62,76.67,76.64,76.64,75.21285037
2022-12-04 09:30:00,76.6,76.64,76.6,76.64,25.5748789
2022-12-04 09:29:00,76.57,76.62,76.6,76.6,23.51315231
2022-12-04 09:28:00,76.57,76.62,76.62,76.6,160.3305767
2022-12-04 09:27:00,76.63,76.67,76.65,76.63,33.35597022
2022-12-04 09:26:00,76.63,76.68,76.65,76.65,63.28189529
2022-12-04 09:25:00,76.61,76.66,76.61,76.66,43.75569391
2022-12-04 09:24:00,76.6,76.65,76.63,76.6,29.29328286
2022-12-04 09:23:00,76.59,76.63,76.59,76.63,72.19863094
2022-12-04 09:22:00,76.58,76.59,76.59,76.58,2.19342202
2022-12-04 09:21:00,76.59,76.6,76.59,76.59,1.76331866
2022-12-04 09:20:00,76.55,76.6,76.58,76.55,9.86861364
2022-12-04 09:19:00,76.55,76.59,76.57,76.59,28.12727149
2022-12-04 09:18:00,76.55,76.6,76.56,76.55,4.95669658
2022-12-04 09:17:00,76.55,76.6,76.6,76.55,37.75375679
2022-12-04 09:16:00,76.56,76.62,76.56,76.62,62.00763533
2022-12-04 09:15:00,76.47,76.56,76.47,76.56,40.4445942
2022-12-04 09:14:00,76.48,76.52,76.52,76.48,9.27353225
2022-12-04 09:13:00,76.51,76.56,76.51,76.53,20.49964724
2022-12-04 09:12:00,76.51,76.53,76.51,76.51,22.35155936
2022-12-04 09:11:00,76.49,76.55,76.5,76.5,94.00460515
2022-12-04 09:10:00,76.47,76.58,76.58,76.5,118.22529947
2022-12-04 09:09:00,76.57,76.59,76.59,76.57,1.17203339
2022-12-04 09:08:00,76.56,76.59,76.57,76.59,36.48521717
2022-12-04 09:07:00,76.57,76.6,76.6,76.6,14.91475608
2022-12-04 09:06:00,76.53,76.56,76.55,76.56,20.93873833
2022-12-04 09:05:00,76.52,76.59,76.59,76.52,16.64313301
2022-12-04 09:04:00,76.57,76.59,76.57,76.59,2.11162405
2022-12-04 09:03:00,76.5,76.57,76.57,76.55,7.39993923
2022-12-04 09:02:00,76.48,76.57,76.51,76.57,81.47090297
2022-12-04 09:01:00,76.47,76.52,76.5,76.5,3.50072761
2022-12-04 09:00:00,76.44,76.49,76.47,76.49,7.39355079
2022-12-04 08:59:00,76.45,76.54,76.54,76.45,51.91044056
2022-12-04 08:58:00,76.52,76.59,76.58,76.54,77.10623399
2022-12-04 08:57:00,76.59,76.61,76.6,76.59,5.05229922
2022-12-04 08:56:00,76.6,76.62,76.62,76.6,1.81382878
2022-12-04 08:55:00,76.55,76.59,76.59,76.57,47.73621275
2022-12-04 08:54:00,76.51,76.58,76.54,76.58,15.70311839
2022-12-04 08:53:00,76.53,76.55,76.54,76.53,142.55120396
2022-12-04 08:52:00,76.5,76.57,76.52,76.57,303.01896261
2022-12-04 08:51:00,76.48,76.52,76.49,76.5,88.05395
2022-12-04 08:50:00,76.45,76.51,76.45,76.51,3.38762435
2022-12-04 08:49:00,76.45,76.5,76.48,76.45,4.70686935
2022-12-04 08:48:00,76.44,76.51,76.46,76.5,3.14978691
2022-12-04 08:47:00,76.47,76.47,76.47,76.47,0.22843748
2022-12-04 08:46:00,76.47,76.52,76.51,76.47,9.18992194
2022-12-04 08:45:00,76.45,76.5,76.45,76.5,2.86859557
2022-12-04 08:44:00,76.43,76.5,76.5,76.46,22.70025832
2022-12-04 08:43:00,76.38,76.49,76.41,76.49,13.38866267
2022-12-04 08:42:00,76.4,76.43,76.43,76.41,9.66550773
2022-12-04 08:41:00,76.38,76.41,76.38,76.41,61.39217111
2022-12-04 08:40:00,76.34,76.37,76.35,76.37,3.04398127
2022-12-04 08:39:00,76.32,76.36,76.32,76.36,0.93687058
2022-12-04 08:38:00,76.3,76.33,76.33,76.33,39.30118831
2022-12-04 08:37:00,76.3,76.36,76.35,76.34,18.48731914
2022-12-04 08:36:00,76.31,76.33,76.32,76.33,5.84109187
2022-12-04 08:35:00,76.31,76.39,76.39,76.32,195.63599523
2022-12-04 08:34:00,76.39,76.52,76.51,76.42,40.31472306
2022-12-04 08:33:00,76.44,76.5,76.45,76.5,56.0384387
2022-12-04 08:32:00,76.4,76.45,76.41,76.45,4.90349146
2022-12-04 08:31:00,76.3,76.4,76.3,76.4,40.73789563
2022-12-04 08:30:00,76.3,76.37,76.34,76.3,15.42447084
2022-12-04 08:29:00,76.35,76.42,76.42,76.35,10.01722137
2022-12-04 08:28:00,76.34,76.4,76.34,76.38,37.10054736
2022-12-04 08:27:00,76.35,76.37,76.37,76.35,13.86390968
2022-12-04 08:26:00,76.37,76.45,76.37,76.41,106.84542106
2022-12-04 08:25:00,76.34,76.42,76.4,76.4,43.97963301
2022-12-04 08:24:00,76.41,76.54,76.52,76.41,60.61603816
2022-12-04 08:23:00,76.48,76.52,76.5,76.48,28.92594815
2022-12-04 08:22:00,76.44,76.49,76.47,76.47,9.54599288
2022-12-04 08:21:00,76.44,76.49,76.44,76.45,27.4080846
2022-12-04 08:20:00,76.44,76.53,76.51,76.44,79.74377462
2022-12-04 08:19:00,76.31,76.48,76.32,76.48,21.17091339
2022-12-04 08:18:00,76.21,76.32,76.22,76.31,100.33791879
2022-12-04 08:17:00,76.17,76.23,76.23,76.19,144.7328716
2022-12-04 08:16:00,76.21,76.33,76.32,76.21,22.18301689
2022-12-04 08:15:00,76.31,76.41,76.41,76.31,153.55303488
2022-12-04 08:14:00,76.39,76.43,76.43,76.41,22.1853029
2022-12-04 08:13:00,76.43,76.45,76.44,76.44,29.44601772
2022-12-04 08:12:00,76.4,76.47,76.44,76.4,62.98543279
2022-12-04 08:11:00,76.48,76.53,76.53,76.48,77.39552982
2022-12-04 08:10:00,76.5,76.54,76.51,76.54,30.76630136
2022-12-04 08:09:00,76.51,76.57,76.57,76.54,7.35725339
2022-12-04 08:08:00,76.53,76.57,76.56,76.57,9.99646718
2022-12-04 08:07:00,76.54,76.57,76.56,76.56,28.74922226
2022-12-04 08:06:00,76.52,76.56,76.56,76.56,7.84282428
2022-12-04 08:05:00,76.52,76.56,76.52,76.56,20.20275184
2022-12-04 08:04:00,76.49,76.57,76.49,76.53,24.78105094
2022-12-04 08:03:00,76.49,76.58,76.56,76.49,36.71700614
2022-12-04 08:02:00,76.5,76.53,76.5,76.53,25.76942463
2022-12-04 08:01:00,76.43,76.48,76.46,76.48,4.05908508
2022-12-04 08:00:00,76.43,76.47,76.47,76.47,13.55808824
2022-12-04 07:59:00,76.44,76.48,76.47,76.47,5.1803301
2022-12-04 07:58:00,76.43,76.47,76.45,76.47,29.58308014
2022-12-04 07:57:00,76.47,76.5,76.48,76.47,44.31604385
2022-12-04 07:56:00,76.49,76.52,76.5,76.52,31.2504491
2022-12-04 07:55:00,76.5,76.53,76.5,76.52,23.4274632
2022-12-04 07:54:00,76.5,76.53,76.52,76.52,11.38913172
2022-12-04 07:53:00,76.52,76.54,76.54,76.52,8.34018386
2022-12-04 07:52:00,76.51,76.54,76.53,76.51,6.91535294
2022-12-04 07:51:00,76.52,76.56,76.53,76.52,10.03591337
2022-12-04 07:50:00,76.56,76.62,76.61,76.56,26.58122018
2022-12-04 07:49:00,76.58,76.59,76.59,76.58,2.10540703
2022-12-04 07:48:00,76.57,76.6,76.6,76.6,6.48146779
2022-12-04 07:47:00,76.57,76.62,76.57,76.61,26.42961098
2022-12-04 07:46:00,76.55,76.58,76.55,76.56,56.16955737
2022-12-04 07:45:00,76.56,76.65,76.65,76.56,127.21074121
2022-12-04 07:44:00,76.61,76.65,76.62,76.65,44.85313768
2022-12-04 07:43:00,76.6,76.62,76.61,76.62,57.81536763
2022-12-04 07:42:00,76.58,76.61,76.59,76.61,4.51113184
2022-12-04 07:41:00,76.57,76.6,76.58,76.59,29.554682
2022-12-04 07:40:00,76.56,76.6,76.58,76.6,36.85992626
2022-12-04 07:39:00,76.55,76.58,76.55,76.58,23.48453915
2022-12-04 07:38:00,76.48,76.59,76.49,76.58,48.7120583
2022-12-04 07:37:00,76.41,76.5,76.48,76.49,195.42722406
2022-12-04 07:36:00,76.48,76.53,76.53,76.48,24.09617786
2022-12-04 07:35:00,76.47,76.54,76.47,76.53,11.00668604
2022-12-04 07:34:00,76.49,76.51,76.51,76.49,19.19354588
2022-12-04 07:33:00,76.43,76.53,76.48,76.53,105.77397418
2022-12-04 07:32:00,76.48,76.5,76.49,76.48,17.89203473
2022-12-04 07:31:00,76.46,76.52,76.52,76.5,10.82301475
2022-12-04 07:30:00,76.49,76.55,76.53,76.54,6.03821382
2022-12-04 07:29:00,76.53,76.56,76.56,76.55,17.31083411
2022-12-04 07:28:00,76.53,76.57,76.56,76.57,22.56557334
2022-12-04 07:27:00,76.54,76.58,76.55,76.57,15.88661772
2022-12-04 07:26:00,76.54,76.58,76.55,76.54,59.56354994
2022-12-04 07:25:00,76.55,76.65,76.65,76.55,256.5445786
2022-12-04 07:24:00,76.64,76.67,76.67,76.65,18.07156357
2022-12-04 07:23:00,76.65,76.68,76.67,76.68,22.94892083
2022-12-04 07:22:00,76.64,76.74,76.67,76.71,294.32777688
2022-12-04 07:21:00,76.64,76.67,76.66,76.66,51.47343428
2022-12-04 07:20:00,76.62,76.66,76.64,76.63,32.44773583
2022-12-04 07:19:00,76.6,76.63,76.6,76.63,11.39023556
2022-12-04 07:18:00,76.6,76.62,76.6,76.61,13.67882902
2022-12-04 07:17:00,76.56,76.6,76.6,76.6,72.1170039
2022-12-04 07:16:00,76.56,76.6,76.59,76.6,16.52096103
2022-12-04 07:15:00,76.57,76.59,76.58,76.58,3.30945048
2022-12-04 07:14:00,76.57,76.6,76.57,76.6,6.8000627
2022-12-04 07:13:00,76.56,76.61,76.56,76.61,12.09563607
2022-12-04 07:12:00,76.56,76.59,76.58,76.59,23.74455095
2022-12-04 07:11:00,76.54,76.58,76.54,76.58,8.92124235
2022-12-04 07:10:00,76.52,76.55,76.53,76.53,7.524814
2022-12-04 07:09:00,76.51,76.53,76.52,76.51,45.84718184
2022-12-04 07:08:00,76.49,76.54,76.53,76.49,30.69101812
2022-12-04 07:07:00,76.52,76.56,76.55,76.52,25.92672335
2022-12-04 07:06:00,76.54,76.57,76.56,76.55,5.75965856
2022-12-04 07:05:00,76.51,76.57,76.54,76.53,20.15627296
2022-12-04 07:04:00,76.47,76.56,76.5,76.54,127.88715091
2022-12-04 07:03:00,76.49,76.53,76.51,76.53,22.56518486
2022-12-04 07:02:00,76.49,76.53,76.53,76.52,73.45965424
2022-12-04 07:01:00,76.5,76.54,76.54,76.52,43.68673462
2022-12-04 07:00:00,76.55,76.61,76.6,76.55,16.91367322
2022-12-04 06:59:00,76.58,76.64,76.6,76.62,20.23208574
2022-12-04 06:58:00,76.56,76.6,76.57,76.6,7.18714039
2022-12-04 06:57:00,76.55,76.59,76.58,76.59,20.86626267
2022-12-04 06:56:00,76.53,76.57,76.53,76.57,27.67251133
2022-12-04 06:55:00,76.49,76.56,76.49,76.53,113.62432684
2022-12-04 06:54:00,76.49,76.51,76.51,76.51,5.74699825
2022-12-04 06:53:00,76.49,76.53,76.49,76.51,15.462147
2022-12-04 06:52:00,76.5,76.55,76.55,76.5,23.12292248
2022-12-04 06:51:00,76.5,76.56,76.54,76.51,160.51715095
2022-12-04 06:50:00,76.48,76.55,76.52,76.53,13.53804798
2022-12-04 06:49:00,76.5,76.57,76.55,76.52,39.23596093
2022-12-04 06:48:00,76.53,76.56,76.54,76.55,49.04165246
2022-12-04 06:47:00,76.55,76.61,76.58,76.55,95.35681394
2022-12-04 06:46:00,76.54,76.59,76.58,76.54,31.40187131
2022-12-04 06:45:00,76.55,76.59,76.55,76.57,40.34336143
2022-12-04 06:44:00,76.52,76.55,76.55,76.53,18.86618944
2022-12-04 06:43:00,76.52,76.55,76.55,76.55,43.14881764
2022-12-04 06:42:00,76.54,76.59,76.58,76.54,85.62815426
2022-12-04 06:41:00,76.51,76.57,76.54,76.56,37.00223444
2022-12-04 06:40:00,76.55,76.57,76.56,76.57,15.98606226
2022-12-04 06:39:00,76.51,76.56,76.56,76.53,22.91485848
2022-12-04 06:38:00,76.56,76.63,76.62,76.57,73.39358079
2022-12-04 06:37:00,76.57,76.66,76.57,76.63,1855.27620027
2022-12-04 06:36:00,76.54,76.6,76.59,76.54,65.33214646
2022-12-04 06:35:00,76.56,76.62,76.6,76.6,15.62505664
2022-12-04 06:34:00,76.59,76.62,76.6,76.62,15.53411538
2022-12-04 06:33:00,76.64,76.72,76.71,76.65,69.03515257
2022-12-04 06:32:00,76.71,76.73,76.73,76.72,16.85788672
2022-12-04 06:31:00,76.7,76.73,76.72,76.73,10.11942096
2022-12-04 06:30:00,76.66,76.72,76.66,76.71,119.64979432
2022-12-04 06:29:00,76.61,76.67,76.63,76.65,92.85363961
2022-12-04 06:28:00,76.62,76.65,76.64,76.63,26.21086743
2022-12-04 06:27:00,76.61,76.64,76.61,76.64,38.85918514
2022-12-04 06:26:00,76.55,76.63,76.6,76.6,142.03278418
2022-12-04 06:25:00,76.56,76.64,76.57,76.62,49.67598168
2022-12-04 06:24:00,76.57,76.65,76.64,76.59,24.54387097
2022-12-04 06:23:00,76.62,76.65,76.65,76.62,27.18033669
2022-12-04 06:22:00,76.64,76.72,76.72,76.65,24.12124672
2022-12-04 06:21:00,76.7,76.76,76.74,76.7,126.14460674
2022-12-04 06:20:00,76.74,76.79,76.76,76.74,22.53060788
2022-12-04 06:19:00,76.74,76.78,76.78,76.77,35.43873893
2022-12-04 06:18:00,76.75,76.78,76.77,76.77,41.60009414
2022-12-04 06:17:00,76.75,76.79,76.77,76.78,71.51185962
2022-12-04 06:16:00,76.77,76.81,76.78,76.77,33.3570837
2022-12-04 06:15:00,76.78,76.82,76.82,76.81,13.43478737
2022-12-04 06:14:00,76.82,76.84,76.82,76.84,28.53266357
2022-12-04 06:13:00,76.78,76.84,76.81,76.79,13.00564
2022-12-04 06:12:00,76.8,76.84,76.83,76.84,17.44889293
2022-12-04 06:11:00,76.79,76.83,76.8,76.83,72.77114461
2022-12-04 06:10:00,76.77,76.8,76.79,76.8,18.53432364
2022-12-04 06:09:00,76.76,76.79,76.78,76.76,33.33655674
2022-12-04 06:08:00,76.76,76.79,76.76,76.78,27.44318014
2022-12-04 06:07:00,76.81,76.84,76.83,76.81,18.79164343
2022-12-04 06:06:00,76.81,76.89,76.89,76.81,32.35467676
2022-12-04 06:05:00,76.87,76.89,76.89,76.89,5.28649196
2022-12-04 06:04:00,76.87,76.9,76.89,76.89,21.32433885
2022-12-04 06:03:00,76.85,76.9,76.86,76.88,10.76815677
2022-12-04 06:02:00,76.86,76.89,76.88,76.87,28.93178647
2022-12-04 06:01:00,76.87,76.93,76.88,76.87,39.36279783
2022-12-04 06:00:00,76.88,76.89,76.88,76.88,23.11205034
2022-12-04 05:59:00,76.86,76.89,76.88,76.86,53.14260192
2022-12-04 05:58:00,76.86,76.91,76.9,76.9,43.99524507
2022-12-04 05:57:00,76.86,76.9,76.89,76.9,54.33007774
2022-12-04 05:56:00,76.85,76.89,76.86,76.86,40.28274352
2022-12-04 05:55:00,76.85,76.89,76.88,76.89,50.64752524
2022-12-04 05:54:00,76.85,76.88,76.88,76.88,28.82717317
2022-12-04 05:53:00,76.85,76.89,76.86,76.86,11.81752286
2022-12-04 05:52:00,76.84,76.89,76.86,76.88,12.8170774
2022-12-04 05:51:00,76.84,76.87,76.84,76.84,10.65765155
2022-12-04 05:50:00,76.85,76.88,76.86,76.85,18.55207305
2022-12-04 05:49:00,76.82,76.87,76.82,76.87,14.0014986
2022-12-04 05:48:00,76.82,76.82,76.82,76.82,6.77933121
2022-12-04 05:47:00,76.78,76.81,76.79,76.81,25.28309274
2022-12-04 05:46:00,76.77,76.82,76.82,76.77,30.66425772
2022-12-04 05:45:00,76.76,76.83,76.76,76.79,105.20280241
2022-12-04 05:44:00,76.77,76.81,76.8,76.79,5.84954862
2022-12-04 05:43:00,76.71,76.78,76.73,76.78,30.88805022
2022-12-04 05:42:00,76.73,76.83,76.83,76.74,43.6515914
2022-12-04 05:41:00,76.8,76.83,76.83,76.83,11.69869146
2022-12-04 05:40:00,76.8,76.83,76.81,76.83,3.07309956
2022-12-04 05:39:00,76.79,76.84,76.79,76.81,3.9165693
2022-12-04 05:38:00,76.76,76.81,76.8,76.79,14.72249347
2022-12-04 05:37:00,76.76,76.83,76.82,76.8,20.32548143
2022-12-04 05:36:00,76.79,76.82,76.8,76.79,19.24882295
2022-12-04 05:35:00,76.76,76.8,76.78,76.8,19.48358122
2022-12-04 05:34:00,76.76,76.81,76.78,76.77,57.9327601
2022-12-04 05:33:00,76.79,76.84,76.81,76.79,51.92094055
2022-12-04 05:32:00,76.79,76.82,76.81,76.81,13.26157023
2022-12-04 05:31:00,76.78,76.82,76.8,76.81,38.19863745
2022-12-04 05:30:00,76.81,76.91,76.87,76.81,18.6748437
2022-12-04 05:29:00,76.84,76.87,76.87,76.84,8.34767042
2022-12-04 05:28:00,76.82,76.86,76.82,76.86,7.45256913
2022-12-04 05:27:00,76.8,76.86,76.86,76.83,18.96572953
2022-12-04 05:26:00,76.81,76.85,76.81,76.83,43.81824481
2022-12-04 05:25:00,76.78,76.86,76.86,76.81,144.0267858
2022-12-04 05:24:00,76.84,76.88,76.86,76.86,33.94751277
2022-12-04 05:23:00,76.82,76.87,76.83,76.87,30.09231334
2022-12-04 05:22:00,76.81,76.85,76.81,76.82,42.66412966
2022-12-04 05:21:00,76.81,76.86,76.86,76.81,45.36540153
2022-12-04 05:20:00,76.84,76.88,76.88,76.85,7.53393342
2022-12-04 05:19:00,76.77,76.89,76.82,76.83,58.00626301
2022-12-04 05:18:00,76.8,76.89,76.89,76.84,130.16999107
2022-12-04 05:17:00,76.86,76.91,76.91,76.86,76.61199759
2022-12-04 05:16:00,76.91,76.94,76.94,76.92,18.65548054
2022-12-04 15:16:00,76.21,76.32,76.24,76.29,38.20809151
2022-12-04 15:15:00,76.22,76.31,76.31,76.25,81.64610399
2022-12-04 15:14:00,76.27,76.31,76.27,76.28,190.48971325
2022-12-04 15:13:00,76.24,76.3,76.3,76.28,202.39920456
2022-12-04 15:12:00,76.3,76.33,76.32,76.31,17.48453125
2022-12-04 15:11:00,76.3,76.35,76.34,76.33,406.36802169
2022-12-04 15:10:00,76.35,76.4,76.35,76.35,86.898514
2022-12-04 15:09:00,76.36,76.44,76.44,76.38,49.77146069
2022-12-04 15:08:00,76.36,76.41,76.36,76.38,95.65979775
2022-12-04 15:07:00,76.34,76.37,76.36,76.36,26.92883722
2022-12-04 15:06:00,76.33,76.37,76.36,76.33,8.16998672
2022-12-04 15:05:00,76.3,76.38,76.33,76.33,114.82473875
2022-12-04 15:04:00,76.3,76.35,76.34,76.3,37.87373407
2022-12-04 15:03:00,76.31,76.34,76.34,76.34,18.26964836
2022-12-04 15:02:00,76.31,76.38,76.37,76.33,400.72966755
2022-12-04 15:01:00,76.36,76.46,76.39,76.37,483.44285391
2022-12-04 15:00:00,76.32,76.43,76.32,76.4,85.35060449
2022-12-04 14:59:00,76.28,76.35,76.28,76.35,87.50378303
2022-12-04 14:58:00,76.27,76.32,76.27,76.32,30.4766019
2022-12-04 14:57:00,76.24,76.3,76.25,76.29,90.14410046
2022-12-04 14:56:00,76.22,76.33,76.29,76.24,168.13267874
2022-12-04 14:55:00,76.25,76.37,76.28,76.27,432.40849208
2022-12-04 14:54:00,76.17,76.32,76.21,76.28,182.87331015
2022-12-04 14:53:00,76.16,76.22,76.19,76.21,343.42771422
2022-12-04 14:52:00,76.09,76.2,76.16,76.2,107.70183269
2022-12-04 14:51:00,76.12,76.18,76.18,76.15,102.19061721
2022-12-04 14:50:00,76.08,76.18,76.1,76.18,41.34460953
2022-12-04 14:49:00,76.11,76.17,76.15,76.12,114.34372486
2022-12-04 14:48:00,76.14,76.2,76.19,76.17,93.7590226
2022-12-04 14:47:00,76.15,76.2,76.15,76.16,55.04453595
2022-12-04 14:46:00,75.98,76.18,76.1,76.18,2779.61124638
2022-12-04 14:45:00,76.07,76.11,76.11,76.07,16.79592765
2022-12-04 14:44:00,76.05,76.14,76.12,76.11,136.8681056
2022-12-04 14:43:00,76.12,76.21,76.2,76.16,35.74224086
2022-12-04 14:42:00,76.18,76.22,76.19,76.21,45.59130142
2022-12-04 14:41:00,76.18,76.23,76.23,76.22,65.02268714
2022-12-04 14:40:00,76.17,76.25,76.19,76.21,289.80182939
2022-12-04 14:39:00,76.1,76.19,76.19,76.17,135.1802282
2022-12-04 14:38:00,76.16,76.2,76.16,76.16,12.28178143
2022-12-04 14:37:00,76.09,76.17,76.09,76.17,24.76863278
2022-12-04 14:36:00,76.06,76.1,76.07,76.09,9.89775113
2022-12-04 14:35:00,76.03,76.07,76.07,76.03,8.31182467
2022-12-04 14:34:00,76.01,76.08,76.01,76.08,16.12319125
2022-12-04 14:33:00,76.0,76.04,76.03,76.02,24.76900883
2022-12-04 14:32:00,75.98,76.03,76.0,76.03,19.22032893
2022-12-04 14:31:00,75.96,76.0,75.97,75.99,43.69942381
2022-12-04 14:30:00,75.87,76.0,75.89,75.94,1463.27657476
2022-12-04 14:29:00,75.84,75.91,75.84,75.9,211.71146291
2022-12-04 14:28:00,75.8,75.85,75.84,75.82,44.4328775
2022-12-04 14:27:00,75.82,75.86,75.85,75.83,47.93570153
2022-12-04 14:26:00,75.79,75.84,75.81,75.84,21.92643308
2022-12-04 14:25:00,75.81,75.85,75.82,75.82,10.23408231
2022-12-04 14:24:00,75.8,75.85,75.8,75.83,16.75131746
2022-12-04 14:23:00,75.78,75.91,75.88,75.78,550.95495401
2022-12-04 14:22:00,75.85,75.92,75.87,75.85,69.45160953
2022-12-04 14:21:00,75.86,75.93,75.9,75.92,36.81748073
2022-12-04 14:20:00,75.85,75.9,75.89,75.9,49.25859628
2022-12-04 14:19:00,75.86,75.93,75.88,75.92,577.66926605
2022-12-04 14:18:00,75.91,75.97,75.96,75.92,26.26515618
2022-12-04 14:17:00,75.95,76.01,75.98,75.95,21.76084394
2022-12-04 14:16:00,75.98,76.02,75.99,76.01,16.38592241
2022-12-04 14:15:00,76.0,76.03,76.02,76.02,42.07404408
2022-12-04 14:14:00,75.97,76.02,76.02,76.02,6.54548741
2022-12-04 14:13:00,75.96,76.01,75.96,76.0,13.23999148
2022-12-04 14:12:00,75.98,76.05,76.04,75.99,16.44386759
2022-12-04 14:11:00,76.01,76.04,76.03,76.01,26.51969927
2022-12-04 14:10:00,75.99,76.05,76.02,76.01,15.40660276
2022-12-04 14:09:00,76.02,76.07,76.02,76.02,28.9058617
2022-12-04 14:08:00,76.02,76.06,76.05,76.05,45.22442823
2022-12-04 14:07:00,75.99,76.03,76.02,76.03,11.52810912
2022-12-04 14:06:00,75.97,76.09,76.08,76.01,27.98183982
2022-12-04 14:05:00,76.06,76.11,76.11,76.08,18.19988568
2022-12-04 14:04:00,76.07,76.1,76.1,76.1,18.29566266
2022-12-04 14:03:00,76.06,76.11,76.06,76.09,15.88275006
2022-12-04 14:02:00,76.06,76.11,76.1,76.06,23.21070922
2022-12-04 14:01:00,76.07,76.1,76.08,76.09,4.122125
2022-12-04 14:00:00,76.02,76.08,76.08,76.05,6.34408375
2022-12-04 13:59:00,76.04,76.08,76.04,76.07,10.83257282
2022-12-04 13:58:00,76.03,76.09,76.09,76.06,7.83935326
2022-12-04 13:57:00,75.97,76.08,76.0,76.07,58.72429436
2022-12-04 13:56:00,76.01,76.03,76.01,76.01,10.26789149
2022-12-04 13:55:00,75.98,76.03,75.99,76.0,18.32440409
2022-12-04 13:54:00,75.97,76.01,75.98,75.97,76.67032159
2022-12-04 13:53:00,75.9,75.97,75.9,75.94,7.30863439
2022-12-04 13:52:00,75.87,75.97,75.96,75.91,59.57238718
2022-12-04 13:51:00,75.95,76.03,76.03,75.95,29.2671131
2022-12-04 13:50:00,76.06,76.12,76.12,76.06,35.81360468
2022-12-04 13:49:00,76.06,76.13,76.09,76.12,13.83304295
2022-12-04 13:48:00,76.02,76.15,76.02,76.11,244.50116296
2022-12-04 13:47:00,76.02,76.05,76.05,76.02,5.35315163
2022-12-04 13:46:00,75.97,76.05,75.97,76.05,6.74241052
2022-12-04 13:45:00,75.98,76.01,75.99,76.0,11.15358453
2022-12-04 13:44:00,75.98,76.02,76.02,76.01,22.36808731
2022-12-04 13:43:00,76.0,76.03,76.03,76.01,11.50662083
2022-12-04 13:42:00,76.0,76.06,76.05,76.0,16.19190298
2022-12-04 13:41:00,75.98,76.03,75.98,76.03,21.3595235
2022-12-04 13:40:00,76.0,76.05,76.05,76.0,27.98064959
2022-12-04 13:39:00,75.97,76.07,76.0,76.04,19.49135984
2022-12-04 13:38:00,75.98,76.04,76.0,76.01,17.63427585
2022-12-04 13:37:00,75.99,76.05,76.0,76.0,33.6907849
2022-12-04 13:36:00,75.95,76.02,76.02,76.01,124.97085835
2022-12-04 13:35:00,76.02,76.08,76.07,76.05,15.59562219
2022-12-04 13:34:00,76.05,76.09,76.06,76.07,21.51810031
2022-12-04 13:33:00,76.07,76.11,76.1,76.09,28.72980953
2022-12-04 13:32:00,76.07,76.13,76.13,76.08,16.17783823
2022-12-04 13:31:00,76.11,76.15,76.15,76.12,28.05532576
2022-12-04 13:30:00,76.1,76.15,76.12,76.15,30.8301713
2022-12-04 13:29:00,76.09,76.1,76.1,76.09,6.5650002
2022-12-04 13:28:00,76.08,76.12,76.1,76.12,8.38865915
2022-12-04 13:27:00,76.06,76.1,76.06,76.1,23.26848047
2022-12-04 13:26:00,76.07,76.11,76.11,76.1,2.1422037
2022-12-04 13:25:00,76.06,76.1,76.08,76.09,10.54237885
2022-12-04 13:24:00,76.05,76.1,76.08,76.07,66.65659457
2022-12-04 13:23:00,76.07,76.12,76.07,76.12,127.19483226
2022-12-04 13:22:00,76.06,76.1,76.07,76.07,4.54833625
2022-12-04 13:21:00,76.09,76.16,76.16,76.09,96.9233708
2022-12-04 13:20:00,76.11,76.16,76.11,76.16,10.8470268
2022-12-04 13:19:00,76.11,76.16,76.16,76.11,36.4272071
2022-12-04 13:18:00,76.14,76.19,76.19,76.16,119.06667525
2022-12-04 13:17:00,76.16,76.21,76.2,76.19,3.8924701
2022-12-04 13:16:00,76.17,76.22,76.22,76.21,76.00800796
2022-12-04 13:15:00,76.22,76.25,76.25,76.25,17.99170707
2022-12-04 13:14:00,76.2,76.24,76.22,76.22,42.15489317
2022-12-04 13:13:00,76.2,76.23,76.23,76.21,7.34669057
2022-12-04 13:12:00,76.18,76.24,76.24,76.23,17.58959173
2022-12-04 13:11:00,76.2,76.25,76.22,76.25,10.60617379
2022-12-04 13:10:00,76.21,76.27,76.23,76.24,37.62652903
2022-12-04 13:09:00,76.18,76.21,76.18,76.2,32.94378878
2022-12-04 13:08:00,76.16,76.2,76.19,76.19,27.12973573
2022-12-04 13:07:00,76.13,76.18,76.13,76.18,13.25751379
2022-12-04 13:06:00,76.13,76.17,76.15,76.16,29.53733289
2022-12-04 13:05:00,76.15,76.22,76.19,76.15,7.40970584
2022-12-04 13:04:00,76.18,76.22,76.21,76.22,12.03732857
2022-12-04 13:03:00,76.18,76.21,76.2,76.21,9.54232679
2022-12-04 13:02:00,76.14,76.18,76.15,76.18,40.06044233
2022-12-04 13:01:00,76.14,76.2,76.19,76.15,18.14003605
2022-12-04 13:00:00,76.15,76.2,76.15,76.2,9.93149262
2022-12-04 12:59:00,76.14,76.18,76.14,76.17,9.85244535
2022-12-04 12:58:00,76.09,76.15,76.11,76.15,3.82653156
2022-12-04 12:57:00,76.09,76.12,76.11,76.09,11.48931714
2022-12-04 12:56:00,76.05,76.07,76.06,76.05,6.24454291
2022-12-04 12:55:00,76.03,76.11,76.11,76.07,5.4936076
2022-12-04 12:54:00,76.06,76.11,76.06,76.08,14.18037038
2022-12-04 12:53:00,76.06,76.08,76.07,76.06,28.10372704
2022-12-04 12:52:00,76.07,76.13,76.13,76.1,18.46392166
2022-12-04 12:51:00,76.06,76.16,76.16,76.12,128.18973623
2022-12-04 12:50:00,76.1,76.17,76.1,76.16,35.17904499
2022-12-04 12:49:00,76.08,76.18,76.18,76.13,40.03504246
2022-12-04 12:48:00,76.15,76.18,76.15,76.18,1.74965269
2022-12-04 12:47:00,76.15,76.18,76.16,76.18,26.36777899
2022-12-04 12:46:00,76.19,76.21,76.2,76.19,3.84751238
2022-12-04 12:45:00,76.14,76.21,76.14,76.21,3.61584691
2022-12-04 12:44:00,76.15,76.18,76.17,76.18,14.28138533
2022-12-04 12:43:00,76.14,76.18,76.18,76.18,25.29479731
2022-12-04 12:42:00,76.13,76.17,76.17,76.13,2.85023993
2022-12-04 12:41:00,76.16,76.24,76.24,76.2,7.64036733
2022-12-04 12:40:00,76.19,76.27,76.24,76.2,9.26456
2022-12-04 12:39:00,76.24,76.26,76.25,76.26,17.88692945
2022-12-04 12:38:00,76.22,76.28,76.22,76.28,13.33014517
2022-12-04 12:37:00,76.25,76.33,76.33,76.26,43.32622816
2022-12-04 12:36:00,76.3,76.32,76.31,76.32,36.50653867
2022-12-04 12:35:00,76.26,76.32,76.28,76.3,11.8515581
2022-12-04 12:34:00,76.24,76.3,76.24,76.28,12.98387205
2022-12-04 12:33:00,76.22,76.24,76.23,76.23,4.94975548
2022-12-04 12:32:00,76.23,76.33,76.33,76.28,37.96383186
2022-12-04 12:31:00,76.26,76.34,76.26,76.32,87.9738995
2022-12-04 12:30:00,76.16,76.23,76.16,76.21,8.57500507
2022-12-04 12:29:00,76.16,76.23,76.22,76.16,16.27025995
2022-12-04 12:28:00,76.18,76.22,76.19,76.19,121.26028018
2022-12-04 12:27:00,76.13,76.17,76.17,76.17,30.63069987
2022-12-04 12:26:00,76.1,76.14,76.12,76.14,49.58099989
2022-12-04 12:25:00,76.06,76.11,76.06,76.11,110.33040278
2022-12-04 12:24:00,76.05,76.09,76.09,76.05,1.28902438
2022-12-04 12:23:00,76.04,76.1,76.08,76.1,7.15543141
2022-12-04 12:22:00,76.07,76.1,76.1,76.1,16.16455123
2022-12-04 12:21:00,76.02,76.07,76.04,76.04,31.78571798
2022-12-04 12:20:00,76.02,76.08,76.07,76.02,5.95841772
2022-12-04 12:19:00,76.09,76.17,76.16,76.1,20.1897436
2022-12-04 12:18:00,76.08,76.16,76.08,76.16,24.38769023
2022-12-04 12:17:00,76.06,76.1,76.08,76.09,76.54054925
2022-12-04 12:16:00,75.9,76.07,75.9,76.07,215.32897708
2022-12-04 12:15:00,75.84,75.93,75.92,75.93,116.23798632
2022-12-04 12:14:00,75.9,75.93,75.92,75.92,14.02346729
2022-12-04 12:13:00,75.91,75.96,75.96,75.91,24.64915294
2022-12-04 12:12:00,75.93,75.96,75.96,75.93,1.57802063
2022-12-04 12:11:00,75.93,75.97,75.97,75.96,7.74094945
2022-12-04 12:10:00,75.91,75.97,75.91,75.97,22.82475729
2022-12-04 12:09:00,75.93,76.0,75.99,75.93,36.83151251
2022-12-04 12:08:00,75.96,76.0,75.97,75.96,20.52586622
2022-12-04 12:07:00,75.97,76.05,76.0,76.0,113.08585294
2022-12-04 12:06:00,75.94,75.99,75.97,75.99,18.13340789
2022-12-04 12:05:00,75.95,75.98,75.96,75.97,18.94362545
2022-12-04 12:04:00,75.96,75.99,75.99,75.97,40.17491835
2022-12-04 12:03:00,75.98,76.05,76.05,75.99,29.73164138
2022-12-04 12:02:00,75.97,76.05,75.97,76.02,73.75947859
2022-12-04 12:01:00,75.98,76.03,76.0,76.0,24.23422779
2022-12-04 12:00:00,75.99,76.1,76.09,75.99,188.14549384
2022-12-04 11:59:00,76.11,76.14,76.11,76.12,3.44422277
2022-12-04 11:58:00,76.09,76.12,76.09,76.11,6.72448032
2022-12-04 11:57:00,76.07,76.11,76.1,76.11,11.32531806
2022-12-04 11:56:00,76.08,76.12,76.11,76.08,15.68933662
2022-12-04 11:55:00,76.06,76.09,76.07,76.09,34.89629217
2022-12-04 11:54:00,76.05,76.11,76.05,76.07,3.95775244
2022-12-04 11:53:00,76.02,76.08,76.08,76.08,15.11244608
2022-12-04 11:52:00,76.02,76.08,76.02,76.08,6.41802484
2022-12-04 11:51:00,76.01,76.05,76.01,76.02,49.72626779
2022-12-04 11:50:00,76.04,76.11,76.11,76.04,7.32105978
2022-12-04 11:49:00,76.11,76.15,76.14,76.11,13.17392944
2022-12-04 11:48:00,76.11,76.14,76.14,76.14,11.4461748
2022-12-04 11:47:00,76.11,76.14,76.14,76.13,13.46125298
2022-12-04 11:46:00,76.09,76.14,76.1,76.14,3.40501987
2022-12-04 11:45:00,76.05,76.12,76.07,76.12,3.18463481
2022-12-04 11:44:00,76.07,76.11,76.08,76.07,30.93153247
2022-12-04 11:43:00,76.0,76.07,76.0,76.07,8.21037635
2022-12-04 11:42:00,75.97,76.03,76.03,76.03,40.59393769
2022-12-04 11:41:00,75.91,76.01,75.92,76.01,52.40301925
2022-12-04 11:40:00,75.98,76.08,76.08,75.98,33.1205562
2022-12-04 11:39:00,76.0,76.09,76.02,76.09,13.11787106
2022-12-04 11:38:00,76.02,76.07,76.06,76.04,17.37344076
2022-12-04 11:37:00,76.02,76.08,76.03,76.02,246.84089335
2022-12-04 11:36:00,75.96,76.04,76.0,76.04,16.74848362
2022-12-04 11:35:00,76.0,76.08,76.08,76.03,89.33949506
2022-12-04 11:34:00,76.06,76.11,76.11,76.11,14.43086463
2022-12-04 11:33:00,76.05,76.11,76.07,76.11,61.58382078
2022-12-04 11:32:00,76.0,76.06,76.0,76.06,44.05310154
2022-12-04 11:31:00,76.03,76.07,76.07,76.03,34.68014022
2022-12-04 11:30:00,76.04,76.1,76.09,76.07,74.84112464
2022-12-04 11:29:00,76.04,76.1,76.05,76.09,13.71366947
2022-12-04 11:28:00,76.04,76.12,76.11,76.05,20.21618481
2022-12-04 11:27:00,76.14,76.16,76.14,76.14,35.85947909
2022-12-04 11:26:00,76.08,76.17,76.08,76.17,31.12927013
2022-12-04 11:25:00,76.0,76.09,76.0,76.08,52.98426632
2022-12-04 11:24:00,75.98,76.03,76.02,75.99,38.81151573
2022-12-04 11:23:00,76.01,76.11,76.11,76.01,99.80345214
2022-12-04 11:22:00,76.04,76.12,76.04,76.08,79.2054119
2022-12-04 11:21:00,76.06,76.11,76.11,76.08,65.72928363
2022-12-04 11:20:00,76.09,76.15,76.12,76.09,56.64750676
2022-12-04 11:19:00,76.08,76.11,76.09,76.11,21.47850729
2022-12-04 11:18:00,76.09,76.16,76.14,76.13,42.60147513
2022-12-04 11:17:00,76.12,76.16,76.15,76.14,158.37599578
2022-12-04 11:16:00,76.15,76.18,76.18,76.15,32.46678224
2022-12-04 11:15:00,76.12,76.2,76.12,76.19,69.64307157
2022-12-04 11:14:00,76.09,76.2,76.2,76.11,355.82384283
2022-12-04 11:13:00,76.2,76.31,76.31,76.22,241.15740639
2022-12-04 11:12:00,76.28,76.31,76.29,76.31,5.28864201
2022-12-04 11:11:00,76.31,76.36,76.35,76.31,67.30548504
2022-12-04 11:10:00,76.33,76.37,76.34,76.35,26.93632915
2022-12-04 11:09:00,76.34,76.39,76.36,76.34,59.23193091
2022-12-04 11:08:00,76.3,76.39,76.31,76.39,113.11819611
2022-12-04 11:07:00,76.28,76.39,76.34,76.28,261.12994325
2022-12-04 11:06:00,76.28,76.34,76.32,76.34,72.88140921
2022-12-04 11:05:00,76.26,76.32,76.26,76.32,46.71768493
2022-12-04 11:04:00,76.24,76.27,76.24,76.27,25.10357078
2022-12-04 11:03:00,76.21,76.26,76.24,76.26,14.10676964
2022-12-04 11:02:00,76.23,76.25,76.24,76.24,17.98713429
2022-12-04 11:01:00,76.18,76.22,76.22,76.22,36.18219296
2022-12-04 11:00:00,76.16,76.23,76.2,76.22,35.47668532
2022-12-04 10:59:00,76.21,76.24,76.21,76.22,22.51251019
2022-12-04 10:58:00,76.21,76.27,76.25,76.21,8.88155387
2022-12-04 10:57:00,76.2,76.25,76.23,76.22,19.18746944
2022-12-04 10:56:00,76.18,76.26,76.2,76.24,62.54486322
2022-12-04 10:55:00,76.18,76.25,76.18,76.2,46.34502425
2022-12-04 10:54:00,76.14,76.21,76.19,76.18,22.15990794
2022-12-04 10:53:00,76.19,76.23,76.19,76.19,25.96367025
2022-12-04 10:52:00,76.12,76.18,76.12,76.18,28.25632163
2022-12-04 10:51:00,76.12,76.25,76.16,76.12,140.02272776
2022-12-04 10:50:00,76.09,76.17,76.09,76.17,6.90377222
2022-12-04 10:49:00,76.13,76.21,76.2,76.13,37.24396535
2022-12-04 10:48:00,76.17,76.23,76.19,76.17,40.20879402
2022-12-04 10:47:00,76.17,76.2,76.18,76.18,20.70204688
2022-12-04 10:46:00,76.11,76.18,76.11,76.14,50.66538368
2022-12-04 10:45:00,76.09,76.12,76.1,76.11,8.19740914
2022-12-04 10:44:00,76.08,76.13,76.08,76.13,21.30311852
2022-12-04 10:43:00,76.03,76.12,76.06,76.07,86.90948416
2022-12-04 10:42:00,75.97,76.1,75.97,76.07,414.75403313
2022-12-04 10:41:00,75.9,76.02,75.94,75.99,142.62045365
2022-12-04 10:40:00,75.9,75.95,75.95,75.92,130.45530015
2022-12-04 10:39:00,75.9,75.97,75.95,75.9,59.20272145
2022-12-04 10:38:00,75.93,75.99,75.97,75.97,23.74238551
2022-12-04 10:37:00,75.91,76.01,76.0,75.98,97.1052582
2022-12-04 10:36:00,75.96,76.01,76.01,75.96,48.99427869
2022-12-04 10:35:00,75.97,76.04,75.97,75.99,177.68364979
2022-12-04 10:34:00,75.97,76.04,76.04,76.0,93.01350158
2022-12-04 10:33:00,75.98,76.04,75.98,76.04,159.87571723
2022-12-04 10:32:00,75.95,75.99,75.97,75.98,149.93318962
2022-12-04 10:31:00,75.93,76.04,76.01,75.97,203.6714534
2022-12-04 10:30:00,75.96,76.11,76.11,76.01,336.88636077
2022-12-04 10:29:00,76.01,76.12,76.02,76.1,334.94046283
2022-12-04 10:28:00,75.99,76.13,76.12,75.99,94.13224307
2022-12-04 10:27:00,76.08,76.15,76.15,76.08,354.99571964
2022-12-04 10:26:00,76.14,76.18,76.18,76.15,68.58921536
2022-12-04 10:25:00,76.13,76.22,76.13,76.18,380.0308323
2022-12-04 10:24:00,76.13,76.16,76.13,76.13,16.19384241
2022-12-04 10:23:00,76.14,76.17,76.15,76.17,16.70632463
2022-12-04 10:22:00,76.11,76.26,76.23,76.14,245.343442
2022-12-04 10:21:00,76.17,76.24,76.17,76.23,28.46497546
2022-12-04 10:20:00,76.07,76.23,76.23,76.18,293.00386799
2022-12-04 10:19:00,76.21,76.24,76.24,76.22,8.35466508
2022-12-04 10:18:00,76.21,76.25,76.23,76.24,6.46235204
2022-12-04 10:17:00,76.12,76.24,76.12,76.24,74.23242554
2022-12-04 10:16:00,76.15,76.18,76.15,76.15,13.35403103
2022-12-04 20:16:00,76.94,76.98,76.98,76.94,46.2386849
2022-12-04 20:15:00,76.94,76.98,76.96,76.98,133.76782795
2022-12-04 20:14:00,76.94,77.0,76.94,76.96,47.88061706
2022-12-04 20:13:00,76.91,76.94,76.94,76.94,24.31046677
2022-12-04 20:12:00,76.91,76.94,76.92,76.94,50.70216167
2022-12-04 20:11:00,76.9,76.93,76.93,76.92,25.68509919
2022-12-04 20:10:00,76.9,76.93,76.93,76.92,14.85256672
2022-12-04 20:09:00,76.88,76.95,76.95,76.9,59.49505464
2022-12-04 20:08:00,76.91,76.95,76.92,76.95,83.35145476
2022-12-04 20:07:00,76.91,76.96,76.94,76.92,76.14217336
2022-12-04 20:06:00,76.93,76.97,76.93,76.94,81.70989743
2022-12-04 20:05:00,76.93,77.0,76.99,76.95,1357.39724298
2022-12-04 20:04:00,76.99,77.01,76.99,77.0,559.05143887
2022-12-04 20:03:00,76.99,77.04,77.04,76.99,47.58299066
2022-12-04 20:02:00,77.03,77.05,77.03,77.05,22.54460947
2022-12-04 20:01:00,77.01,77.04,77.03,77.04,36.92677487
2022-12-04 20:00:00,77.0,77.05,77.0,77.03,251.60647874
2022-12-04 19:59:00,76.99,77.02,76.99,77.0,345.85817134
2022-12-04 19:58:00,76.99,77.02,77.0,76.99,430.86329856
2022-12-04 19:57:00,76.99,77.02,77.01,77.01,125.16476189
2022-12-04 19:56:00,77.02,77.05,77.04,77.04,32.14777784
2022-12-04 19:55:00,77.02,77.05,77.02,77.04,28.91928667
2022-12-04 19:54:00,77.01,77.04,77.02,77.01,59.72892279
2022-12-04 19:53:00,77.0,77.02,77.0,77.02,52.28186807
2022-12-04 19:52:00,77.01,77.05,77.03,77.01,136.17056393
2022-12-04 19:51:00,77.03,77.05,77.04,77.04,38.34286511
2022-12-04 19:50:00,77.02,77.06,77.02,77.05,123.48610392
2022-12-04 19:49:00,77.0,77.05,77.02,77.03,154.19580393
2022-12-04 19:48:00,76.99,77.03,77.0,77.02,231.75817342
2022-12-04 19:47:00,76.99,77.02,76.99,77.0,593.91024496
2022-12-04 19:46:00,76.99,77.02,77.0,76.99,412.66495271
2022-12-04 19:45:00,76.99,77.0,76.99,76.99,193.3838887
2022-12-04 19:44:00,76.99,77.01,77.0,77.0,87.55965343
2022-12-04 19:43:00,76.99,77.03,76.99,77.0,163.60795185
2022-12-04 19:42:00,76.98,77.02,76.99,76.98,33.0361808
2022-12-04 19:41:00,77.0,77.06,77.03,77.03,254.89379138
2022-12-04 19:40:00,77.0,77.03,77.02,77.01,43.9312497
2022-12-04 19:39:00,76.99,77.03,77.02,77.03,60.74154778
2022-12-04 19:38:00,76.99,77.04,77.01,77.02,394.76205375
2022-12-04 19:37:00,76.99,77.02,77.0,77.02,97.08802933
2022-12-04 19:36:00,76.96,77.0,76.98,76.99,438.33764719
2022-12-04 19:35:00,76.91,76.98,76.91,76.98,677.86688026
2022-12-04 19:34:00,76.88,76.96,76.88,76.92,65.09292978
2022-12-04 19:33:00,76.86,76.91,76.88,76.88,31.72880829
2022-12-04 19:32:00,76.86,76.91,76.86,76.91,22.0642469
2022-12-04 19:31:00,76.87,76.94,76.94,76.87,39.24941367
2022-12-04 19:30:00,76.88,76.96,76.95,76.94,66.03620017
2022-12-04 19:29:00,76.92,76.98,76.96,76.92,27.01813234
2022-12-04 19:28:00,76.94,77.0,76.94,77.0,25.96195752
2022-12-04 19:27:00,76.88,76.98,76.88,76.96,58.74625171
2022-12-04 19:26:00,76.8,76.9,76.8,76.9,35.18637617
2022-12-04 19:25:00,76.79,76.85,76.8,76.8,31.93445461
2022-12-04 19:24:00,76.7,76.81,76.74,76.81,32.63561576
2022-12-04 19:23:00,76.72,76.75,76.72,76.74,74.85863259
2022-12-04 19:22:00,76.68,76.76,76.72,76.71,149.07086275
2022-12-04 19:21:00,76.68,76.74,76.74,76.68,19.06170782
2022-12-04 19:20:00,76.73,76.8,76.76,76.76,175.41543173
2022-12-04 19:19:00,76.72,76.8,76.77,76.72,23.5252056
2022-12-04 19:18:00,76.74,76.86,76.83,76.75,81.19443606
2022-12-04 19:17:00,76.86,76.88,76.87,76.86,109.63507345
2022-12-04 19:16:00,76.86,76.91,76.91,76.87,90.51121755
2022-12-04 19:15:00,76.88,76.95,76.9,76.91,59.1316082
2022-12-04 19:14:00,76.83,76.88,76.85,76.86,22.88891148
2022-12-04 19:13:00,76.84,76.88,76.84,76.86,30.04846841
2022-12-04 19:12:00,76.78,76.84,76.81,76.78,152.92206002
2022-12-04 19:11:00,76.82,76.88,76.88,76.85,71.90699923
2022-12-04 19:10:00,76.78,76.86,76.78,76.86,25.68595471
2022-12-04 19:09:00,76.78,76.88,76.87,76.81,14.67324629
2022-12-04 19:08:00,76.83,76.89,76.86,76.86,4.7679203
2022-12-04 19:07:00,76.78,76.86,76.83,76.86,18.02608112
2022-12-04 19:06:00,76.76,76.86,76.78,76.86,47.97616986
2022-12-04 19:05:00,76.82,76.92,76.87,76.85,52.62228429
2022-12-04 19:04:00,76.82,76.99,76.9,76.82,259.57050004
2022-12-04 19:03:00,76.85,76.91,76.9,76.89,15.28340236
2022-12-04 19:02:00,76.82,76.94,76.82,76.9,87.96472224
2022-12-04 19:01:00,76.71,76.82,76.73,76.82,26.66783424
2022-12-04 19:00:00,76.74,76.87,76.82,76.79,104.59793705
2022-12-04 18:59:00,76.8,76.85,76.8,76.85,83.68927259
2022-12-04 18:58:00,76.66,76.81,76.67,76.79,50.54967092
2022-12-04 18:57:00,76.67,76.77,76.77,76.67,68.87599498
2022-12-04 18:56:00,76.72,76.86,76.84,76.73,74.84670724
2022-12-04 18:55:00,76.75,76.87,76.75,76.84,79.33712155
2022-12-04 18:54:00,76.77,76.87,76.8,76.77,90.37893573
2022-12-04 18:53:00,76.73,76.83,76.73,76.8,240.91380969
2022-12-04 18:52:00,76.67,76.8,76.67,76.75,180.33956966
2022-12-04 18:51:00,76.63,76.72,76.66,76.67,316.08509121
2022-12-04 18:50:00,76.64,76.79,76.77,76.68,294.24158651
2022-12-04 18:49:00,76.77,76.83,76.83,76.81,169.95566659
2022-12-04 18:48:00,76.8,76.89,76.83,76.85,173.59046144
2022-12-04 18:47:00,76.83,76.88,76.86,76.83,233.92295816
2022-12-04 18:46:00,76.82,76.89,76.82,76.89,235.48309063
2022-12-04 18:45:00,76.81,76.89,76.81,76.82,226.53857963
2022-12-04 18:44:00,76.76,76.82,76.77,76.82,257.98168666
2022-12-04 18:43:00,76.73,76.77,76.75,76.76,81.15703566
2022-12-04 18:42:00,76.74,76.75,76.75,76.75,25.25225769
2022-12-04 18:41:00,76.72,76.78,76.76,76.74,254.2771069
2022-12-04 18:40:00,76.71,76.78,76.72,76.77,60.30947056
2022-12-04 18:39:00,76.68,76.73,76.7,76.73,249.70718598
2022-12-04 18:38:00,76.7,76.75,76.75,76.7,260.03693334
2022-12-04 18:37:00,76.72,76.76,76.73,76.75,98.07878127
2022-12-04 18:36:00,76.72,76.76,76.75,76.73,366.78802363
2022-12-04 18:35:00,76.76,76.79,76.77,76.76,7.3781471
2022-12-04 18:34:00,76.76,76.82,76.78,76.81,94.91638712
2022-12-04 18:33:00,76.75,76.8,76.8,76.76,33.53741974
2022-12-04 18:32:00,76.67,76.81,76.76,76.79,1250.47102603
2022-12-04 18:31:00,76.75,76.84,76.83,76.77,31.87319501
2022-12-04 18:30:00,76.59,76.83,76.62,76.82,157.06237699
2022-12-04 18:29:00,76.59,76.66,76.62,76.66,44.83983378
2022-12-04 18:28:00,76.47,76.57,76.48,76.57,193.30196476
2022-12-04 18:27:00,76.52,76.58,76.55,76.54,41.37844749
2022-12-04 18:26:00,76.51,76.58,76.54,76.56,31.60698706
2022-12-04 18:25:00,76.5,76.61,76.56,76.54,16.26005722
2022-12-04 18:24:00,76.52,76.6,76.54,76.56,147.0953666
2022-12-04 18:23:00,76.48,76.57,76.5,76.54,42.92791207
2022-12-04 18:22:00,76.45,76.5,76.48,76.5,10.58763753
2022-12-04 18:21:00,76.46,76.5,76.48,76.5,27.83469261
2022-12-04 18:20:00,76.36,76.47,76.37,76.47,31.04470429
2022-12-04 18:19:00,76.36,76.42,76.41,76.36,48.82119476
2022-12-04 18:18:00,76.38,76.41,76.39,76.4,11.17103739
2022-12-04 18:17:00,76.34,76.41,76.37,76.39,11.63934136
2022-12-04 18:16:00,76.34,76.38,76.36,76.36,60.82393452
2022-12-04 18:15:00,76.31,76.38,76.35,76.31,56.81208838
2022-12-04 18:14:00,76.33,76.39,76.36,76.37,43.0846661
2022-12-04 18:13:00,76.32,76.39,76.32,76.36,28.64411821
2022-12-04 18:12:00,76.29,76.36,76.35,76.31,40.918627
2022-12-04 18:11:00,76.32,76.39,76.35,76.36,26.59747022
2022-12-04 18:10:00,76.34,76.39,76.37,76.35,94.77898523
2022-12-04 18:09:00,76.38,76.41,76.4,76.39,22.66441743
2022-12-04 18:08:00,76.38,76.47,76.46,76.41,63.49588061
2022-12-04 18:07:00,76.44,76.49,76.45,76.47,41.22716056
2022-12-04 18:06:00,76.44,76.52,76.52,76.46,63.80389728
2022-12-04 18:05:00,76.51,76.61,76.55,76.51,246.86391464
2022-12-04 18:04:00,76.46,76.57,76.48,76.55,123.93980619
2022-12-04 18:03:00,76.49,76.61,76.52,76.52,838.07583793
2022-12-04 18:02:00,76.43,76.53,76.49,76.49,187.80359992
2022-12-04 18:01:00,76.44,76.67,76.44,76.51,1906.5937505
2022-12-04 18:00:00,76.32,76.42,76.35,76.39,96.32425736
2022-12-04 17:59:00,76.22,76.4,76.25,76.31,202.51084783
2022-12-04 17:58:00,76.17,76.27,76.21,76.23,62.96817971
2022-12-04 17:57:00,76.19,76.23,76.22,76.21,42.04980922
2022-12-04 17:56:00,76.22,76.3,76.24,76.23,44.71688219
2022-12-04 17:55:00,76.17,76.26,76.17,76.25,23.35852017
2022-12-04 17:54:00,76.17,76.26,76.23,76.17,343.58264152
2022-12-04 17:53:00,76.22,76.27,76.23,76.25,19.67629343
2022-12-04 17:52:00,76.13,76.2,76.13,76.2,11.1178434
2022-12-04 17:51:00,76.11,76.14,76.11,76.13,32.54569867
2022-12-04 17:50:00,76.11,76.2,76.16,76.14,94.89920406
2022-12-04 17:49:00,76.14,76.18,76.18,76.17,17.39315741
2022-12-04 17:48:00,76.15,76.2,76.19,76.17,68.67429121
2022-12-04 17:47:00,76.13,76.19,76.16,76.19,46.07649007
2022-12-04 17:46:00,76.1,76.17,76.13,76.17,9.10986748
2022-12-04 17:45:00,76.1,76.13,76.12,76.13,21.11739249
2022-12-04 17:44:00,76.11,76.15,76.12,76.14,29.14289197
2022-12-04 17:43:00,76.11,76.14,76.11,76.11,89.21179309
2022-12-04 17:42:00,76.08,76.11,76.09,76.1,37.43207943
2022-12-04 17:41:00,76.06,76.11,76.06,76.11,15.80993611
2022-12-04 17:40:00,76.04,76.08,76.04,76.06,25.9016768
2022-12-04 17:39:00,76.01,76.08,76.05,76.06,247.90505034
2022-12-04 17:38:00,76.06,76.15,76.14,76.06,13.31820245
2022-12-04 17:37:00,76.12,76.15,76.14,76.14,28.08706286
2022-12-04 17:36:00,76.12,76.16,76.15,76.12,14.09443752
2022-12-04 17:35:00,76.11,76.17,76.11,76.14,12.48420882
2022-12-04 17:34:00,76.12,76.17,76.13,76.12,120.68968614
2022-12-04 17:33:00,76.1,76.14,76.13,76.13,35.76852357
2022-12-04 17:32:00,76.1,76.14,76.11,76.1,10.86271555
2022-12-04 17:31:00,76.12,76.16,76.12,76.12,54.2677582
2022-12-04 17:30:00,76.12,76.17,76.15,76.12,94.08277961
2022-12-04 17:29:00,76.07,76.16,76.08,76.14,124.27493196
2022-12-04 17:28:00,76.06,76.12,76.12,76.11,62.70484589
2022-12-04 17:27:00,76.11,76.15,76.12,76.11,26.0451574
2022-12-04 17:26:00,76.09,76.14,76.1,76.12,164.49672878
2022-12-04 17:25:00,75.97,76.09,75.97,76.09,157.57789903
2022-12-04 17:24:00,75.96,75.99,75.96,75.99,21.14176609
2022-12-04 17:23:00,75.94,76.0,75.97,76.0,41.47116918
2022-12-04 17:22:00,75.93,75.98,75.96,75.95,114.07123493
2022-12-04 17:21:00,75.94,76.0,75.95,75.96,99.18610237
2022-12-04 17:20:00,75.92,75.98,75.97,75.98,288.46180907
2022-12-04 17:19:00,75.93,75.98,75.95,75.95,143.88793596
2022-12-04 17:18:00,75.98,76.04,76.03,75.99,27.10441526
2022-12-04 17:17:00,75.97,76.05,76.05,76.05,350.15179896
2022-12-04 17:16:00,76.02,76.07,76.06,76.04,139.01679128
2022-12-04 17:15:00,76.03,76.08,76.04,76.06,27.28392418
2022-12-04 17:14:00,76.04,76.12,76.12,76.06,16.95301257
2022-12-04 17:13:00,76.11,76.16,76.11,76.12,10.99133281
2022-12-04 17:12:00,76.08,76.14,76.1,76.09,51.90268254
2022-12-04 17:11:00,76.06,76.1,76.09,76.1,35.82258927
2022-12-04 17:10:00,75.99,76.1,76.02,76.09,29.73559667
2022-12-04 17:09:00,75.98,76.03,76.01,76.02,133.1144578
2022-12-04 17:08:00,76.01,76.06,76.06,76.01,23.27622915
2022-12-04 17:07:00,76.05,76.1,76.08,76.06,16.35699187
2022-12-04 17:06:00,76.06,76.14,76.14,76.08,6.98085739
2022-12-04 17:05:00,76.11,76.14,76.13,76.14,6.58645197
2022-12-04 17:04:00,76.11,76.15,76.15,76.11,3.76931781
2022-12-04 17:03:00,76.1,76.15,76.13,76.15,24.84651239
2022-12-04 17:02:00,76.09,76.16,76.09,76.13,35.41159382
2022-12-04 17:01:00,76.08,76.17,76.17,76.1,36.91035186
2022-12-04 17:00:00,76.15,76.24,76.22,76.17,50.44411582
2022-12-04 16:59:00,76.17,76.23,76.23,76.23,40.28111315
2022-12-04 16:58:00,76.19,76.25,76.22,76.24,88.19123171
2022-12-04 16:57:00,76.23,76.25,76.23,76.23,46.04972604
2022-12-04 16:56:00,76.2,76.25,76.25,76.21,63.09231328
2022-12-04 16:55:00,76.23,76.27,76.23,76.26,63.08416789
2022-12-04 16:54:00,76.23,76.28,76.27,76.24,5.17995534
2022-12-04 16:53:00,76.24,76.31,76.31,76.27,17.77855575
2022-12-04 16:52:00,76.29,76.33,76.32,76.3,30.27147616
2022-12-04 16:51:00,76.29,76.33,76.29,76.32,61.89813352
2022-12-04 16:50:00,76.28,76.33,76.28,76.31,27.21509596
2022-12-04 16:49:00,76.27,76.31,76.27,76.31,57.98973244
2022-12-04 16:48:00,76.24,76.29,76.24,76.27,19.03983958
2022-12-04 16:47:00,76.26,76.31,76.28,76.28,36.17716808
2022-12-04 16:46:00,76.26,76.3,76.3,76.3,21.10771017
2022-12-04 16:45:00,76.28,76.35,76.34,76.28,139.3266418
2022-12-04 16:44:00,76.31,76.4,76.38,76.33,306.96306139
2022-12-04 16:43:00,76.36,76.4,76.37,76.4,24.19614526
2022-12-04 16:42:00,76.34,76.38,76.35,76.37,27.10550832
2022-12-04 16:41:00,76.34,76.37,76.37,76.37,22.54024586
2022-12-04 16:40:00,76.35,76.39,76.38,76.36,32.58913059
2022-12-04 16:39:00,76.28,76.39,76.34,76.39,252.16589445
2022-12-04 16:38:00,76.3,76.35,76.3,76.33,43.28337205
2022-12-04 16:37:00,76.31,76.35,76.35,76.34,36.18886418
2022-12-04 16:36:00,76.34,76.39,76.39,76.34,28.16330821
2022-12-04 16:35:00,76.31,76.4,76.34,76.39,134.64430704
2022-12-04 16:34:00,76.32,76.42,76.42,76.37,115.8603805
2022-12-04 16:33:00,76.39,76.51,76.51,76.42,156.04277014
2022-12-04 16:32:00,76.48,76.54,76.54,76.5,10.97064838
2022-12-04 16:31:00,76.49,76.59,76.59,76.52,196.23734785
2022-12-04 16:30:00,76.48,76.6,76.5,76.59,284.97381906
2022-12-04 16:29:00,76.49,76.52,76.52,76.5,67.89706852
2022-12-04 16:28:00,76.49,76.53,76.51,76.5,136.3121083
2022-12-04 16:27:00,76.45,76.5,76.46,76.5,24.13639176
2022-12-04 16:26:00,76.44,76.46,76.44,76.46,8.25837953
2022-12-04 16:25:00,76.41,76.46,76.46,76.44,50.86607716
2022-12-04 16:24:00,76.44,76.46,76.46,76.46,11.29290975
2022-12-04 16:23:00,76.39,76.46,76.4,76.46,57.08894908
2022-12-04 16:22:00,76.33,76.42,76.37,76.42,292.48746094
2022-12-04 16:21:00,76.36,76.43,76.43,76.38,453.10199153
2022-12-04 16:20:00,76.41,76.45,76.43,76.41,11.68098831
2022-12-04 16:19:00,76.42,76.48,76.45,76.47,19.49488089
2022-12-04 16:18:00,76.38,76.45,76.38,76.44,29.26204554
2022-12-04 16:17:00,76.38,76.4,76.39,76.38,10.08298852
2022-12-04 16:16:00,76.34,76.4,76.34,76.4,68.94613992
2022-12-04 16:15:00,76.34,76.4,76.4,76.34,32.41093699
2022-12-04 16:14:00,76.33,76.4,76.35,76.4,41.50420193
2022-12-04 16:13:00,76.35,76.41,76.37,76.39,158.87940984
2022-12-04 16:12:00,76.37,76.45,76.45,76.37,46.15753731
2022-12-04 16:11:00,76.42,76.51,76.42,76.42,237.17891584
2022-12-04 16:10:00,76.41,76.45,76.42,76.44,18.50908501
2022-12-04 16:09:00,76.39,76.47,76.47,76.45,158.53492135
2022-12-04 16:08:00,76.43,76.51,76.49,76.49,275.28404568
2022-12-04 16:07:00,76.49,76.54,76.54,76.51,15.35634703
2022-12-04 16:06:00,76.51,76.57,76.52,76.54,40.40904116
2022-12-04 16:05:00,76.53,76.57,76.55,76.54,65.68928462
2022-12-04 16:04:00,76.45,76.54,76.49,76.54,59.16671812
2022-12-04 16:03:00,76.48,76.57,76.57,76.48,149.79946693
2022-12-04 16:02:00,76.54,76.63,76.56,76.57,577.68635614
2022-12-04 16:01:00,76.46,76.59,76.49,76.57,647.10196952
2022-12-04 16:00:00,76.38,76.51,76.38,76.45,216.51386908
2022-12-04 15:59:00,76.35,76.49,76.45,76.4,370.50597614
2022-12-04 15:58:00,76.38,76.48,76.42,76.45,383.47428001
2022-12-04 15:57:00,76.35,76.49,76.47,76.43,1180.95011983
2022-12-04 15:56:00,76.45,76.59,76.53,76.47,387.30431923
2022-12-04 15:55:00,76.49,76.57,76.55,76.52,403.71095289
2022-12-04 15:54:00,76.55,76.62,76.6,76.57,70.84277162
2022-12-04 15:53:00,76.5,76.57,76.5,76.56,300.13633835
2022-12-04 15:52:00,76.47,76.53,76.53,76.48,12.62226927
2022-12-04 15:51:00,76.47,76.52,76.49,76.51,37.55933245
2022-12-04 15:50:00,76.48,76.5,76.48,76.48,7.1891078
2022-12-04 15:49:00,76.45,76.52,76.52,76.48,27.21730694
2022-12-04 15:48:00,76.49,76.56,76.52,76.52,469.67820385
2022-12-04 15:47:00,76.45,76.52,76.46,76.5,29.85548724
2022-12-04 15:46:00,76.44,76.47,76.47,76.47,6.41056541
2022-12-04 15:45:00,76.43,76.49,76.43,76.45,20.27159279
2022-12-04 15:44:00,76.4,76.45,76.45,76.41,60.76596562
2022-12-04 15:43:00,76.44,76.49,76.47,76.44,83.87385758
2022-12-04 15:42:00,76.42,76.51,76.43,76.47,241.6171484
2022-12-04 15:41:00,76.41,76.47,76.42,76.45,44.83469081
2022-12-04 15:40:00,76.38,76.42,76.4,76.38,14.17241449
2022-12-04 15:39:00,76.38,76.41,76.38,76.4,80.69577833
2022-12-04 15:38:00,76.38,76.4,76.39,76.39,57.34968076
2022-12-04 15:37:00,76.39,76.42,76.41,76.39,42.54785371
2022-12-04 15:36:00,76.39,76.49,76.46,76.39,144.96225001
2022-12-04 15:35:00,76.46,76.51,76.47,76.46,161.2858334
2022-12-04 15:34:00,76.45,76.5,76.49,76.48,227.7512692
2022-12-04 15:33:00,76.46,76.52,76.46,76.49,304.91293841
2022-12-04 15:32:00,76.42,76.46,76.46,76.44,23.78854817
2022-12-04 15:31:00,76.38,76.45,76.41,76.41,164.58188277
2022-12-04 15:30:00,76.4,76.53,76.49,76.41,654.56813448
2022-12-04 15:29:00,76.47,76.5,76.49,76.47,311.14355829
2022-12-04 15:28:00,76.42,76.48,76.42,76.47,325.77896667
2022-12-04 15:27:00,76.37,76.42,76.38,76.38,31.39914513
2022-12-04 15:26:00,76.36,76.39,76.37,76.39,21.31659899
2022-12-04 15:25:00,76.33,76.38,76.38,76.37,22.37244112
2022-12-04 15:24:00,76.31,76.37,76.33,76.37,152.35624079
2022-12-04 15:23:00,76.29,76.33,76.3,76.33,60.91863032
2022-12-04 15:22:00,76.22,76.31,76.24,76.31,356.05936984
2022-12-04 15:21:00,76.2,76.25,76.23,76.25,214.25914767
2022-12-04 15:20:00,76.19,76.23,76.22,76.22,10.04344683
2022-12-04 15:19:00,76.2,76.24,76.23,76.24,121.63353197
2022-12-04 15:18:00,76.22,76.27,76.26,76.27,142.51462753
2022-12-04 15:17:00,76.26,76.32,76.3,76.28,19.57878081
2022-12-04 15:16:00,76.21,76.32,76.24,76.29,38.20809151
2022-12-05 01:16:00,77.86,77.92,77.87,77.86,56.29421804
2022-12-05 01:15:00,77.8,77.9,77.9,77.87,94.28027992
2022-12-05 01:14:00,77.92,77.97,77.97,77.93,18.33593194
2022-12-05 01:13:00,77.92,77.98,77.98,77.94,60.10161433
2022-12-05 01:12:00,77.97,78.02,78.0,78.0,104.09133139
2022-12-05 01:11:00,77.89,78.01,77.92,78.0,11.13469295
2022-12-05 01:10:00,77.81,77.93,77.81,77.93,15.64164605
2022-12-05 01:09:00,77.76,77.86,77.76,77.84,63.89274412
2022-12-05 01:08:00,77.77,77.84,77.84,77.77,68.77391103
2022-12-05 01:07:00,77.79,77.87,77.82,77.82,55.30354892
2022-12-05 01:06:00,77.84,77.97,77.9,77.84,70.15637035
2022-12-05 01:05:00,77.88,78.02,78.01,77.9,136.79796869
2022-12-05 01:04:00,77.99,78.11,78.07,78.01,92.84028773
2022-12-05 01:03:00,78.06,78.16,78.14,78.1,153.97896063
2022-12-05 01:02:00,78.18,78.28,78.23,78.21,124.72076272
2022-12-05 01:01:00,78.09,78.23,78.13,78.23,39.49525618
2022-12-05 01:00:00,78.03,78.14,78.06,78.14,192.12681412
2022-12-05 00:59:00,77.92,78.04,78.04,78.02,47.39938906
2022-12-05 00:58:00,77.93,78.08,77.93,78.04,335.32388084
2022-12-05 00:57:00,77.89,77.95,77.89,77.95,96.31375401
2022-12-05 00:56:00,77.86,78.04,78.04,77.89,51.70870235
2022-12-05 00:55:00,77.95,78.1,77.98,78.05,687.11873708
2022-12-05 00:54:00,77.88,78.06,77.88,78.0,174.78316455
2022-12-05 00:53:00,77.85,77.95,77.93,77.86,42.56988444
2022-12-05 00:52:00,77.9,78.04,78.04,77.94,143.70609956
2022-12-05 00:51:00,78.02,78.11,78.11,78.05,308.13131764
2022-12-05 00:50:00,78.09,78.17,78.15,78.13,136.45623504
2022-12-05 00:49:00,78.13,78.27,78.21,78.2,127.00509794
2022-12-05 00:48:00,78.16,78.33,78.19,78.16,204.78497594
2022-12-05 00:47:00,78.19,78.44,78.44,78.24,141.91830236
2022-12-05 00:46:00,78.16,78.62,78.19,78.46,1280.28487631
2022-12-05 00:45:00,77.97,78.22,77.97,78.18,637.82782438
2022-12-05 00:44:00,77.85,78.02,77.9,77.96,110.2745956
2022-12-05 00:43:00,77.78,77.92,77.85,77.89,185.28310807
2022-12-05 00:42:00,77.63,77.84,77.83,77.81,57.56921001
2022-12-05 00:41:00,77.73,77.91,77.75,77.8,181.68508231
2022-12-05 00:40:00,77.77,77.94,77.94,77.8,248.82652557
2022-12-05 00:39:00,77.85,78.11,77.91,77.99,408.2766345
2022-12-05 00:38:00,77.68,77.91,77.68,77.91,116.78805118
2022-12-05 00:37:00,77.69,77.85,77.7,77.69,250.52451415
2022-12-05 00:36:00,77.68,77.78,77.78,77.68,112.55391686
2022-12-05 00:35:00,77.77,77.94,77.84,77.83,310.23658493
2022-12-05 00:34:00,77.45,77.86,77.45,77.86,1375.25212548
2022-12-05 00:33:00,77.22,77.44,77.25,77.44,49.33857999
2022-12-05 00:32:00,77.22,77.4,77.24,77.28,281.89359955
2022-12-05 00:31:00,77.12,77.23,77.12,77.23,218.66993094
2022-12-05 00:30:00,77.08,77.13,77.13,77.13,77.17420694
2022-12-05 00:29:00,77.04,77.15,77.05,77.13,44.9321688
2022-12-05 00:28:00,76.92,77.05,76.94,77.05,65.03957825
2022-12-05 00:27:00,76.87,76.94,76.91,76.91,96.66681934
2022-12-05 00:26:00,76.84,76.94,76.87,76.91,35.98014784
2022-12-05 00:25:00,76.83,76.88,76.84,76.88,74.19290052
2022-12-05 00:24:00,76.83,76.9,76.85,76.83,78.76365335
2022-12-05 00:23:00,76.81,76.9,76.83,76.87,144.06673032
2022-12-05 00:22:00,76.84,76.92,76.91,76.84,68.21880797
2022-12-05 00:21:00,76.86,76.88,76.88,76.88,36.1808535
2022-12-05 00:20:00,76.85,76.93,76.93,76.89,82.5298656
2022-12-05 00:19:00,76.8,76.93,76.86,76.93,319.81937447
2022-12-05 00:18:00,76.8,76.95,76.95,76.84,1467.4919104
2022-12-05 00:17:00,76.95,77.03,77.03,76.96,202.64044576
2022-12-05 00:16:00,76.96,77.03,77.0,77.0,211.23429483
2022-12-05 00:15:00,76.93,77.03,76.97,77.0,151.72108923
2022-12-05 00:14:00,76.97,77.04,77.03,76.97,71.82398626
2022-12-05 00:13:00,76.99,77.06,77.02,77.0,41.0408599
2022-12-05 00:12:00,76.99,77.04,77.0,77.02,93.97543258
2022-12-05 00:11:00,76.94,77.0,76.97,77.0,4.21569956
2022-12-05 00:10:00,76.86,76.94,76.94,76.91,9.67062682
2022-12-05 00:09:00,76.86,76.95,76.86,76.95,39.21352785
2022-12-05 00:08:00,76.87,76.94,76.9,76.88,44.67192596
2022-12-05 00:07:00,76.87,77.0,77.0,76.91,35.99266955
2022-12-05 00:06:00,76.95,77.0,76.99,77.0,96.69780703
2022-12-05 00:05:00,76.87,77.0,76.91,77.0,163.57271601
2022-12-05 00:04:00,76.89,76.96,76.96,76.95,193.80169763
2022-12-05 00:03:00,76.92,77.02,76.97,76.92,134.03483899
2022-12-05 00:02:00,76.93,77.03,77.01,76.93,82.54294781
2022-12-05 00:01:00,77.01,77.07,77.06,77.05,270.13523641
2022-12-05 00:00:00,77.09,77.16,77.15,77.09,59.69022211
2022-12-04 23:59:00,77.06,77.15,77.14,77.13,26.90424935
2022-12-04 23:58:00,77.14,77.2,77.17,77.15,253.47589711
2022-12-04 23:57:00,77.17,77.28,77.27,77.21,205.75799401
2022-12-04 23:56:00,77.2,77.28,77.22,77.28,45.55428707
2022-12-04 23:55:00,77.18,77.27,77.25,77.22,8.54226363
2022-12-04 23:54:00,77.23,77.32,77.27,77.28,160.86486563
2022-12-04 23:53:00,77.22,77.29,77.24,77.27,32.27914637
2022-12-04 23:52:00,77.23,77.31,77.29,77.24,42.97999862
2022-12-04 23:51:00,77.2,77.29,77.28,77.27,303.78739228
2022-12-04 23:50:00,77.24,77.3,77.27,77.3,138.78280061
2022-12-04 23:49:00,77.09,77.29,77.09,77.28,438.68562238
2022-12-04 23:48:00,77.08,77.14,77.08,77.09,43.15402173
2022-12-04 23:47:00,77.05,77.16,77.12,77.05,84.62833478
2022-12-04 23:46:00,77.09,77.13,77.1,77.11,42.19344631
2022-12-04 23:45:00,77.02,77.1,77.06,77.09,59.55982822
2022-12-04 23:44:00,77.05,77.11,77.08,77.07,98.53237022
2022-12-04 23:43:00,77.06,77.12,77.08,77.1,52.65113245
2022-12-04 23:42:00,77.01,77.09,77.04,77.07,65.4856111
2022-12-04 23:41:00,77.01,77.05,77.05,77.01,38.62622652
2022-12-04 23:40:00,76.97,77.08,76.97,77.06,64.5173312
2022-12-04 23:39:00,76.98,77.04,77.03,76.98,123.72666344
2022-12-04 23:38:00,77.02,77.14,77.14,77.03,138.25863075
2022-12-04 23:37:00,77.09,77.25,77.25,77.11,146.71677769
2022-12-04 23:36:00,77.08,77.33,77.13,77.26,522.18614424
2022-12-04 23:35:00,77.09,77.22,77.21,77.16,167.74882286
2022-12-04 23:34:00,77.23,77.52,77.23,77.25,3189.54804734
2022-12-04 23:33:00,77.09,77.22,77.13,77.22,141.23867824
2022-12-04 23:32:00,77.11,77.2,77.19,77.14,223.31045874
2022-12-04 23:31:00,77.08,77.19,77.1,77.19,100.47200565
2022-12-04 23:30:00,77.03,77.11,77.09,77.06,43.66407631
2022-12-04 23:29:00,77.03,77.1,77.07,77.1,33.61118103
2022-12-04 23:28:00,77.04,77.09,77.04,77.05,21.87452627
2022-12-04 23:27:00,76.97,77.07,76.97,77.06,319.98647572
2022-12-04 23:26:00,76.89,76.99,76.9,76.99,165.44848212
2022-12-04 23:25:00,76.84,76.9,76.86,76.9,4.27943207
2022-12-04 23:24:00,76.84,76.87,76.87,76.86,54.69271339
2022-12-04 23:23:00,76.82,76.89,76.82,76.86,150.97113756
2022-12-04 23:22:00,76.79,76.84,76.79,76.82,30.38019163
2022-12-04 23:21:00,76.76,76.8,76.77,76.8,23.43879358
2022-12-04 23:20:00,76.77,76.82,76.82,76.82,10.35406553
2022-12-04 23:19:00,76.79,76.86,76.83,76.82,24.07199488
2022-12-04 23:18:00,76.82,76.86,76.83,76.84,41.37748741
2022-12-04 23:17:00,76.83,76.86,76.83,76.86,17.86111563
2022-12-04 23:16:00,76.83,76.88,76.87,76.86,50.48179514
2022-12-04 23:15:00,76.85,76.92,76.9,76.89,106.85306656
2022-12-04 23:14:00,76.86,76.93,76.89,76.93,109.52572292
2022-12-04 23:13:00,76.82,76.9,76.86,76.9,23.42432934
2022-12-04 23:12:00,76.83,76.95,76.95,76.85,28.84607702
2022-12-04 23:11:00,76.92,77.01,77.0,76.95,107.37969767
2022-12-04 23:10:00,76.89,76.97,76.92,76.93,29.50844548
2022-12-04 23:09:00,76.91,77.02,76.99,76.92,9.83482078
2022-12-04 23:08:00,76.98,77.06,77.04,77.02,65.06769638
2022-12-04 23:07:00,76.99,77.06,77.05,77.04,26.24299986
2022-12-04 23:06:00,76.98,77.05,77.01,77.04,87.98946451
2022-12-04 23:05:00,76.92,76.99,76.95,76.98,24.56859881
2022-12-04 23:04:00,76.93,77.0,76.96,76.95,141.82042952
2022-12-04 23:03:00,76.84,76.96,76.84,76.96,28.75600833
2022-12-04 23:02:00,76.69,76.85,76.82,76.85,250.51453143
2022-12-04 23:01:00,76.79,76.85,76.81,76.85,82.02454762
2022-12-04 23:00:00,76.7,76.8,76.7,76.76,22.05595316
2022-12-04 22:59:00,76.65,76.73,76.69,76.7,32.22595374
2022-12-04 22:58:00,76.65,76.73,76.72,76.69,40.43820088
2022-12-04 22:57:00,76.69,76.76,76.76,76.72,14.75399902
2022-12-04 22:56:00,76.73,76.81,76.8,76.77,374.398745
2022-12-04 22:55:00,76.75,76.82,76.81,76.8,68.86763488
2022-12-04 22:54:00,76.76,76.82,76.79,76.82,258.32831889
2022-12-04 22:53:00,76.75,76.82,76.82,76.82,249.20510051
2022-12-04 22:52:00,76.78,76.84,76.82,76.82,367.76921959
2022-12-04 22:51:00,76.76,76.82,76.78,76.82,47.95404656
2022-12-04 22:50:00,76.76,76.81,76.77,76.78,60.65427879
2022-12-04 22:49:00,76.75,76.8,76.79,76.76,25.081844
2022-12-04 22:48:00,76.7,76.79,76.7,76.79,7.0164383
2022-12-04 22:47:00,76.68,76.74,76.71,76.74,67.05090592
2022-12-04 22:46:00,76.66,76.71,76.67,76.69,22.34327577
2022-12-04 22:45:00,76.66,76.69,76.66,76.69,13.49039014
2022-12-04 22:44:00,76.63,76.7,76.66,76.69,170.22063686
2022-12-04 22:43:00,76.66,76.7,76.7,76.69,11.97885897
2022-12-04 22:42:00,76.67,76.71,76.7,76.71,33.10384786
2022-12-04 22:41:00,76.65,76.71,76.69,76.67,41.34988078
2022-12-04 22:40:00,76.66,76.75,76.75,76.69,14.24771586
2022-12-04 22:39:00,76.72,76.81,76.79,76.74,739.62277297
2022-12-04 22:38:00,76.78,76.83,76.82,76.78,21.40765049
2022-12-04 22:37:00,76.8,76.82,76.8,76.82,35.66311362
2022-12-04 22:36:00,76.77,76.8,76.78,76.8,20.91790504
2022-12-04 22:35:00,76.72,76.8,76.75,76.8,48.08677124
2022-12-04 22:34:00,76.72,76.78,76.78,76.72,91.92394731
2022-12-04 22:33:00,76.74,76.77,76.77,76.77,131.67001938
2022-12-04 22:32:00,76.74,76.77,76.74,76.76,10.9287755
2022-12-04 22:31:00,76.73,76.77,76.77,76.73,14.638397
2022-12-04 22:30:00,76.72,76.77,76.73,76.77,5.40971394
2022-12-04 22:29:00,76.73,76.77,76.77,76.76,9.85404522
2022-12-04 22:28:00,76.74,76.79,76.79,76.77,26.69478136
2022-12-04 22:27:00,76.76,76.79,76.77,76.76,19.6071778
2022-12-04 22:26:00,76.73,76.78,76.73,76.78,20.17260425
2022-12-04 22:25:00,76.7,76.75,76.74,76.73,28.3045769
2022-12-04 22:24:00,76.68,76.72,76.71,76.71,39.87981369
2022-12-04 22:23:00,76.7,76.72,76.71,76.71,11.40306342
2022-12-04 22:22:00,76.67,76.71,76.7,76.68,43.34479077
2022-12-04 22:21:00,76.67,76.72,76.69,76.7,18.21718948
2022-12-04 22:20:00,76.67,76.72,76.68,76.69,13.88771972
2022-12-04 22:19:00,76.66,76.7,76.69,76.68,106.57219182
2022-12-04 22:18:00,76.66,76.72,76.72,76.66,12.45791666
2022-12-04 22:17:00,76.68,76.75,76.72,76.7,4.92228574
2022-12-04 22:16:00,76.67,76.72,76.7,76.72,28.55853412
2022-12-04 22:15:00,76.66,76.7,76.68,76.69,41.3041301
2022-12-04 22:14:00,76.66,76.7,76.69,76.68,24.36814107
2022-12-04 22:13:00,76.66,76.69,76.66,76.69,14.49577436
2022-12-04 22:12:00,76.66,76.72,76.72,76.66,78.43993138
2022-12-04 22:11:00,76.7,76.76,76.75,76.72,38.76552882
2022-12-04 22:10:00,76.74,76.8,76.8,76.76,25.58466616
2022-12-04 22:09:00,76.74,76.79,76.75,76.79,71.97012241
2022-12-04 22:08:00,76.66,76.79,76.7,76.75,105.31719443
2022-12-04 22:07:00,76.66,76.71,76.68,76.7,27.83407251
2022-12-04 22:06:00,76.64,76.7,76.68,76.69,50.96363151
2022-12-04 22:05:00,76.66,76.69,76.69,76.68,17.44474953
2022-12-04 22:04:00,76.66,76.71,76.68,76.69,32.09357683
2022-12-04 22:03:00,76.67,76.71,76.69,76.69,34.58013105
2022-12-04 22:02:00,76.65,76.71,76.71,76.65,23.17359558
2022-12-04 22:01:00,76.7,76.75,76.71,76.71,17.27757974
2022-12-04 22:00:00,76.7,76.76,76.76,76.74,184.7899295
2022-12-04 21:59:00,76.72,76.8,76.77,76.72,137.26766581
2022-12-04 21:58:00,76.77,76.82,76.82,76.77,31.93828395
2022-12-04 21:57:00,76.78,76.83,76.81,76.79,108.78048405
2022-12-04 21:56:00,76.81,76.86,76.85,76.83,17.72704528
2022-12-04 21:55:00,76.81,76.85,76.84,76.85,16.9593622
2022-12-04 21:54:00,76.8,76.85,76.82,76.83,21.58513905
2022-12-04 21:53:00,76.79,76.84,76.79,76.79,101.48074357
2022-12-04 21:52:00,76.78,76.82,76.81,76.81,22.31545196
2022-12-04 21:51:00,76.78,76.82,76.8,76.81,40.93125429
2022-12-04 21:50:00,76.79,76.82,76.79,76.81,160.77641784
2022-12-04 21:49:00,76.79,76.82,76.82,76.8,14.86857489
2022-12-04 21:48:00,76.77,76.82,76.77,76.82,8.4701665
2022-12-04 21:47:00,76.77,76.81,76.81,76.8,9.47267551
2022-12-04 21:46:00,76.8,76.85,76.84,76.8,11.61808321
2022-12-04 21:45:00,76.81,76.83,76.83,76.82,8.1205828
2022-12-04 21:44:00,76.8,76.84,76.84,76.82,28.91188031
2022-12-04 21:43:00,76.79,76.84,76.83,76.84,45.24992016
2022-12-04 21:42:00,76.75,76.79,76.76,76.79,21.98672179
2022-12-04 21:41:00,76.75,76.84,76.84,76.75,111.95353411
2022-12-04 21:40:00,76.79,76.84,76.8,76.84,38.97014838
2022-12-04 21:39:00,76.82,76.88,76.84,76.83,44.55913931
2022-12-04 21:38:00,76.83,76.88,76.87,76.83,46.56347403
2022-12-04 21:37:00,76.78,76.88,76.78,76.88,1455.16239695
2022-12-04 21:36:00,76.77,76.82,76.82,76.79,23.78545789
2022-12-04 21:35:00,76.78,76.82,76.79,76.82,49.17899525
2022-12-04 21:34:00,76.78,76.82,76.78,76.82,25.40922307
2022-12-04 21:33:00,76.78,76.83,76.8,76.83,25.07804478
2022-12-04 21:32:00,76.76,76.83,76.83,76.79,16.47047761
2022-12-04 21:31:00,76.78,76.83,76.8,76.79,54.96657575
2022-12-04 21:30:00,76.75,76.85,76.76,76.79,184.62307824
2022-12-04 21:29:00,76.76,76.83,76.83,76.76,263.02837284
2022-12-04 21:28:00,76.79,76.88,76.88,76.83,24.05631149
2022-12-04 21:27:00,76.77,76.94,76.94,76.83,471.50136515
2022-12-04 21:26:00,76.92,76.94,76.92,76.94,13.64507715
2022-12-04 21:25:00,76.92,76.95,76.92,76.94,29.65694586
2022-12-04 21:24:00,76.92,76.95,76.94,76.95,30.07258351
2022-12-04 21:23:00,76.91,76.96,76.94,76.95,33.60690746
2022-12-04 21:22:00,76.93,76.98,76.98,76.96,10.46039082
2022-12-04 21:21:00,76.94,76.98,76.97,76.98,20.34463209
2022-12-04 21:20:00,76.95,76.99,76.95,76.98,70.15341968
2022-12-04 21:19:00,76.96,76.99,76.98,76.99,20.55229378
2022-12-04 21:18:00,76.96,77.0,77.0,76.96,116.02260459
2022-12-04 21:17:00,76.96,77.0,76.96,77.0,8.13129674
2022-12-04 21:16:00,76.96,76.99,76.97,76.99,66.4377871
2022-12-04 21:15:00,76.94,76.99,76.99,76.94,37.20553651
2022-12-04 21:14:00,76.96,76.99,76.97,76.99,25.33579009
2022-12-04 21:13:00,76.95,76.98,76.97,76.97,9.24744861
2022-12-04 21:12:00,76.94,77.0,76.95,76.97,32.70868489
2022-12-04 21:11:00,76.93,76.96,76.93,76.93,22.12053397
2022-12-04 21:10:00,76.93,76.97,76.93,76.96,33.04427406
2022-12-04 21:09:00,76.93,76.97,76.94,76.96,20.47902613
2022-12-04 21:08:00,76.92,77.0,77.0,76.97,124.19686735
2022-12-04 21:07:00,76.97,77.02,77.01,76.98,25.12809483
2022-12-04 21:06:00,76.94,76.99,76.98,76.99,44.05274621
2022-12-04 21:05:00,76.95,77.0,77.0,76.98,40.74570193
2022-12-04 21:04:00,76.97,77.02,77.0,77.0,6.80771784
2022-12-04 21:03:00,76.95,77.05,77.04,76.99,170.56698202
2022-12-04 21:02:00,76.94,77.05,76.94,77.05,93.77394052
2022-12-04 21:01:00,76.95,77.0,77.0,76.97,42.43616062
2022-12-04 21:00:00,76.97,77.02,77.0,76.98,62.16177143
2022-12-04 20:59:00,76.94,77.0,76.94,77.0,11.43682798
2022-12-04 20:58:00,76.95,76.99,76.97,76.97,10.83356791
2022-12-04 20:57:00,76.92,76.97,76.96,76.97,29.47024608
2022-12-04 20:56:00,76.94,76.97,76.96,76.96,99.91224618
2022-12-04 20:55:00,76.94,76.98,76.95,76.96,32.29081133
2022-12-04 20:54:00,76.93,76.98,76.98,76.97,32.45601842
2022-12-04 20:53:00,76.94,76.98,76.97,76.96,9.29194026
2022-12-04 20:52:00,76.93,76.97,76.96,76.96,50.46355931
2022-12-04 20:51:00,76.93,76.99,76.98,76.97,18.29193368
2022-12-04 20:50:00,76.96,76.99,76.96,76.96,10.81412293
2022-12-04 20:49:00,76.95,76.98,76.98,76.96,15.60169225
2022-12-04 20:48:00,76.95,77.02,76.99,76.99,11.01393257
2022-12-04 20:47:00,76.97,77.08,77.06,76.97,53.34870253
2022-12-04 20:46:00,76.98,77.05,77.0,77.02,61.45414234
2022-12-04 20:45:00,76.97,77.03,77.0,77.0,77.39881717
2022-12-04 20:44:00,76.94,77.03,76.94,77.0,112.92508235
2022-12-04 20:43:00,76.96,77.09,77.09,76.98,193.55093771
2022-12-04 20:42:00,77.04,77.09,77.06,77.09,31.86655599
2022-12-04 20:41:00,77.03,77.06,77.05,77.06,76.47562747
2022-12-04 20:40:00,77.05,77.1,77.09,77.06,48.79972684
2022-12-04 20:39:00,77.09,77.18,77.17,77.11,42.31789876
2022-12-04 20:38:00,77.11,77.19,77.11,77.14,44.17544581
2022-12-04 20:37:00,77.06,77.15,77.07,77.15,39.50814767
2022-12-04 20:36:00,77.07,77.11,77.07,77.09,20.46280366
2022-12-04 20:35:00,77.01,77.1,77.01,77.07,113.37203569
2022-12-04 20:34:00,77.01,77.04,77.03,77.02,16.42332133
2022-12-04 20:33:00,77.0,77.04,77.01,77.03,16.31056588
2022-12-04 20:32:00,76.98,77.03,76.98,77.01,25.86249893
2022-12-04 20:31:00,76.95,77.01,76.99,76.99,273.22075736
2022-12-04 20:30:00,76.98,77.02,76.99,76.99,36.5571698
2022-12-04 20:29:00,76.99,77.02,77.01,77.02,32.14100267
2022-12-04 20:28:00,76.98,77.02,76.99,77.0,5.05141047
2022-12-04 20:27:00,76.99,77.02,76.99,77.0,23.42342424
2022-12-04 20:26:00,76.99,77.02,77.02,76.99,29.46697238
2022-12-04 20:25:00,77.01,77.02,77.01,77.01,18.87718735
2022-12-04 20:24:00,76.98,77.02,76.99,77.02,50.10107958
2022-12-04 20:23:00,76.98,77.03,76.98,77.01,50.31235736
2022-12-04 20:22:00,76.98,77.03,76.99,77.0,70.91187968
2022-12-04 20:21:00,77.01,77.04,77.03,77.01,51.99278188
2022-12-04 20:20:00,76.97,77.04,76.98,77.04,47.87167917
2022-12-04 20:19:00,76.89,76.97,76.9,76.96,326.58860097
2022-12-04 20:18:00,76.89,76.92,76.91,76.91,17.75983956
2022-12-04 20:17:00,76.89,76.94,76.92,76.91,22.14782978
2022-12-04 20:16:00,76.94,76.98,76.98,76.94,46.2386849
2022-12-05 06:16:00,83.46,83.66,83.49,83.6,725.48556122
2022-12-05 06:15:00,83.35,83.52,83.38,83.52,207.97829564
2022-12-05 06:14:00,83.33,83.45,83.38,83.36,375.2204332
2022-12-05 06:13:00,83.3,83.41,83.37,83.38,163.58553587
2022-12-05 06:12:00,83.32,83.42,83.41,83.34,433.06334961
2022-12-05 06:11:00,83.4,83.57,83.54,83.44,569.92332227
2022-12-05 06:10:00,83.22,83.57,83.4,83.55,565.77623879
2022-12-05 06:09:00,83.31,83.46,83.36,83.42,222.3791396
2022-12-05 06:08:00,83.34,83.57,83.57,83.36,311.90526116
2022-12-05 06:07:00,83.45,83.67,83.62,83.58,1195.83911644
2022-12-05 06:06:00,83.6,83.71,83.69,83.6,183.69222694
2022-12-05 06:05:00,83.61,83.68,83.68,83.67,258.29579944
2022-12-05 06:04:00,83.53,83.73,83.57,83.66,419.57116983
2022-12-05 06:03:00,83.5,83.7,83.64,83.6,787.22708629
2022-12-05 06:02:00,83.52,83.79,83.64,83.66,160.31586642
2022-12-05 06:01:00,83.4,83.71,83.42,83.65,1199.88572884
2022-12-05 06:00:00,83.41,83.68,83.41,83.46,3490.03007351
2022-12-05 05:59:00,83.31,83.43,83.38,83.37,522.30786422
2022-12-05 05:58:00,83.29,83.5,83.29,83.39,900.83511084
2022-12-05 05:57:00,83.2,83.33,83.24,83.32,606.7186347
2022-12-05 05:56:00,83.06,83.24,83.08,83.24,623.91116135
2022-12-05 05:55:00,82.94,83.08,82.94,83.06,170.97330939
2022-12-05 05:54:00,82.84,83.0,82.99,82.97,557.70177025
2022-12-05 05:53:00,82.97,83.09,83.09,82.97,151.94848812
2022-12-05 05:52:00,82.96,83.08,82.96,83.08,239.97908669
2022-12-05 05:51:00,82.95,83.05,83.04,82.97,305.44190593
2022-12-05 05:50:00,82.98,83.07,83.05,83.02,68.46099557
2022-12-05 05:49:00,82.91,83.02,82.95,83.02,128.88067306
2022-12-05 05:48:00,82.81,83.01,82.92,82.97,1091.44054982
2022-12-05 05:47:00,82.89,83.02,83.01,82.93,160.80296784
2022-12-05 05:46:00,82.95,83.02,83.0,83.01,293.34623056
2022-12-05 05:45:00,82.98,83.13,83.03,83.01,658.74532515
2022-12-05 05:44:00,82.94,83.02,82.97,82.97,46.31414195
2022-12-05 05:43:00,82.91,83.01,83.01,82.99,483.03388696
2022-12-05 05:42:00,83.04,83.14,83.11,83.04,138.6575197
2022-12-05 05:41:00,83.12,83.31,83.31,83.14,203.97434015
2022-12-05 05:40:00,83.13,83.33,83.33,83.3,561.43404064
2022-12-05 05:39:00,83.26,83.44,83.26,83.31,882.84289427
2022-12-05 05:38:00,83.13,83.26,83.16,83.25,445.36763368
2022-12-05 05:37:00,83.15,83.28,83.28,83.19,307.94946535
2022-12-05 05:36:00,83.11,83.3,83.11,83.26,727.90785878
2022-12-05 05:35:00,82.98,83.15,83.1,83.13,196.27213942
2022-12-05 05:34:00,82.92,83.23,83.01,83.13,377.14825779
2022-12-05 05:33:00,82.9,83.05,83.05,83.02,202.23006774
2022-12-05 05:32:00,82.95,83.06,83.06,83.03,199.31914532
2022-12-05 05:31:00,82.98,83.13,83.13,83.05,326.081458
2022-12-05 05:30:00,82.93,83.25,82.97,83.12,236.87524287
2022-12-05 05:29:00,82.88,83.01,82.93,83.01,265.57829836
2022-12-05 05:28:00,82.89,83.03,82.93,82.97,227.46534586
2022-12-05 05:27:00,82.86,82.96,82.9,82.96,163.727338
2022-12-05 05:26:00,82.81,82.96,82.93,82.93,317.53250326
2022-12-05 05:25:00,82.73,82.96,82.73,82.92,248.23198565
2022-12-05 05:24:00,82.66,82.8,82.77,82.69,964.66923978
2022-12-05 05:23:00,82.76,82.91,82.89,82.79,903.0765478
2022-12-05 05:22:00,82.85,82.99,82.98,82.9,188.14726389
2022-12-05 05:21:00,82.91,83.05,82.99,83.04,164.67842372
2022-12-05 05:20:00,82.88,83.06,82.91,83.01,816.98202211
2022-12-05 05:19:00,82.92,83.06,82.99,82.94,192.75489117
2022-12-05 05:18:00,83.03,83.16,83.12,83.04,410.01991198
2022-12-05 05:17:00,83.04,83.36,83.07,83.16,367.32185538
2022-12-05 05:16:00,83.03,83.12,83.04,83.05,135.73501896
2022-12-05 05:15:00,82.91,83.13,82.95,83.07,359.50444889
2022-12-05 05:14:00,82.95,83.09,83.07,82.97,342.80902045
2022-12-05 05:13:00,82.98,83.12,83.03,83.05,334.63963058
2022-12-05 05:12:00,82.97,83.38,83.38,83.0,1404.37016943
2022-12-05 05:11:00,83.36,83.53,83.52,83.41,294.84931459
2022-12-05 05:10:00,83.35,83.5,83.48,83.46,460.26831684
2022-12-05 05:09:00,83.34,83.59,83.47,83.44,576.44531889
2022-12-05 05:08:00,83.45,83.95,83.72,83.46,1790.00827514
2022-12-05 05:07:00,83.66,83.77,83.7,83.71,697.56833327
2022-12-05 05:06:00,83.49,83.79,83.62,83.76,1411.87367502
2022-12-05 05:05:00,83.51,83.79,83.76,83.68,936.97222879
2022-12-05 05:04:00,83.42,83.8,83.42,83.75,973.21301813
2022-12-05 05:03:00,83.39,83.62,83.41,83.42,1003.47687644
2022-12-05 05:02:00,83.25,83.51,83.35,83.44,536.148391
2022-12-05 05:01:00,83.31,83.63,83.48,83.41,631.00990706
2022-12-05 05:00:00,83.0,83.7,83.0,83.45,670.06461291
2022-12-05 04:59:00,82.99,83.36,83.16,82.99,669.25765353
2022-12-05 04:58:00,83.15,83.49,83.47,83.15,1072.70891691
2022-12-05 04:57:00,82.93,83.52,83.38,83.48,2353.81720993
2022-12-05 04:56:00,83.19,83.67,83.28,83.38,966.34360773
2022-12-05 04:55:00,83.09,83.54,83.2,83.26,2074.39195518
2022-12-05 04:54:00,83.02,83.5,83.07,83.17,1906.59689872
2022-12-05 04:53:00,82.39,83.16,82.4,83.03,1353.73207463
2022-12-05 04:52:00,82.43,82.76,82.63,82.46,1493.08617365
2022-12-05 04:51:00,82.47,82.78,82.65,82.65,316.50200263
2022-12-05 04:50:00,82.65,83.05,82.79,82.69,3165.75757161
2022-12-05 04:49:00,82.18,83.15,82.34,82.83,2091.55324971
2022-12-05 04:48:00,82.23,82.53,82.46,82.36,739.40141307
2022-12-05 04:47:00,82.25,82.57,82.53,82.55,409.81101863
2022-12-05 04:46:00,82.11,82.59,82.31,82.45,1122.45104124
2022-12-05 04:45:00,82.18,82.83,82.56,82.32,1683.63039548
2022-12-05 04:44:00,81.43,83.5,81.43,82.58,7596.29712393
2022-12-05 04:43:00,81.36,81.8,81.53,81.41,2539.03186336
2022-12-05 04:42:00,80.89,81.77,81.19,81.58,2938.19500717
2022-12-05 04:41:00,80.12,81.28,80.12,81.26,3279.85725782
2022-12-05 04:40:00,80.07,80.25,80.11,80.13,518.19528562
2022-12-05 04:39:00,79.87,80.52,80.18,80.02,950.6020568
2022-12-05 04:38:00,79.75,80.18,79.79,80.18,2160.84102991
2022-12-05 04:37:00,79.52,79.8,79.55,79.78,603.49113861
2022-12-05 04:36:00,79.54,79.65,79.56,79.56,364.3007221
2022-12-05 04:35:00,79.2,79.56,79.2,79.55,980.82574394
2022-12-05 04:34:00,79.17,79.62,79.17,79.19,2193.47199172
2022-12-05 04:33:00,78.79,79.24,78.79,79.14,1417.54887872
2022-12-05 04:32:00,78.56,78.79,78.66,78.78,424.91432277
2022-12-05 04:31:00,78.54,78.63,78.59,78.63,125.8389055
2022-12-05 04:30:00,78.55,78.72,78.58,78.6,1412.66696483
2022-12-05 04:29:00,78.53,78.62,78.62,78.6,833.25898246
2022-12-05 04:28:00,78.55,78.7,78.7,78.63,973.11243408
2022-12-05 04:27:00,78.7,78.91,78.84,78.71,730.88661664
2022-12-05 04:26:00,78.55,78.93,78.59,78.84,2253.93785123
2022-12-05 04:25:00,78.4,78.65,78.43,78.61,1354.3683654
2022-12-05 04:24:00,78.32,78.54,78.33,78.43,1281.46376698
2022-12-05 04:23:00,78.26,78.33,78.26,78.32,137.48894845
2022-12-05 04:22:00,78.25,78.3,78.28,78.25,82.77363929
2022-12-05 04:21:00,78.23,78.28,78.25,78.27,270.28087796
2022-12-05 04:20:00,78.15,78.28,78.27,78.24,626.50416042
2022-12-05 04:19:00,78.21,78.3,78.21,78.27,128.78040514
2022-12-05 04:18:00,78.02,78.21,78.02,78.21,1903.68393683
2022-12-05 04:17:00,78.0,78.08,78.08,78.02,2576.27268737
2022-12-05 04:16:00,77.99,78.08,78.0,78.07,302.94227792
2022-12-05 04:15:00,77.94,78.02,77.94,78.0,205.04858209
2022-12-05 04:14:00,77.94,78.0,77.96,77.97,129.94831656
2022-12-05 04:13:00,77.89,77.96,77.89,77.94,31.30966836
2022-12-05 04:12:00,77.86,77.94,77.88,77.86,136.21560826
2022-12-05 04:11:00,77.84,77.89,77.87,77.88,12.25209541
2022-12-05 04:10:00,77.84,77.9,77.86,77.87,102.17010467
2022-12-05 04:09:00,77.83,77.93,77.93,77.89,1049.87127897
2022-12-05 04:08:00,77.89,77.92,77.91,77.92,90.04641425
2022-12-05 04:07:00,77.93,78.0,77.95,77.94,928.20682489
2022-12-05 04:06:00,77.92,77.97,77.97,77.95,32.05997093
2022-12-05 04:05:00,77.86,77.96,77.87,77.95,106.82199702
2022-12-05 04:04:00,77.85,77.89,77.88,77.87,46.86170865
2022-12-05 04:03:00,77.84,77.89,77.88,77.88,190.98199541
2022-12-05 04:02:00,77.86,77.96,77.93,77.87,399.83182047
2022-12-05 04:01:00,77.92,77.94,77.94,77.93,213.2141051
2022-12-05 04:00:00,77.87,77.94,77.87,77.93,30.09310986
2022-12-05 03:59:00,77.84,77.87,77.84,77.87,32.29939505
2022-12-05 03:58:00,77.84,77.9,77.9,77.85,21.36388091
2022-12-05 03:57:00,77.84,77.93,77.87,77.89,83.41566848
2022-12-05 03:56:00,77.84,77.93,77.9,77.88,64.5232238
2022-12-05 03:55:00,77.86,77.94,77.94,77.91,132.9665869
2022-12-05 03:54:00,77.79,77.94,77.81,77.94,469.41397249
2022-12-05 03:53:00,77.79,77.84,77.8,77.81,111.31467761
2022-12-05 03:52:00,77.78,77.84,77.78,77.81,28.91598061
2022-12-05 03:51:00,77.75,77.82,77.8,77.81,262.53288049
2022-12-05 03:50:00,77.72,77.83,77.72,77.8,1937.88048896
2022-12-05 03:49:00,77.77,77.83,77.83,77.78,16.37702192
2022-12-05 03:48:00,77.79,77.81,77.79,77.81,25.412357
2022-12-05 03:47:00,77.69,77.81,77.77,77.78,43.71317414
2022-12-05 03:46:00,77.72,77.86,77.85,77.79,519.07345767
2022-12-05 03:45:00,77.79,77.88,77.79,77.86,48.87563915
2022-12-05 03:44:00,77.77,77.92,77.91,77.8,87.83736373
2022-12-05 03:43:00,77.92,77.97,77.97,77.93,40.58805382
2022-12-05 03:42:00,77.94,78.01,77.98,77.94,25.2370371
2022-12-05 03:41:00,77.92,78.0,77.95,77.97,13.41504846
2022-12-05 03:40:00,77.93,78.0,77.93,77.95,38.97997845
2022-12-05 03:39:00,77.88,77.94,77.92,77.94,66.25869936
2022-12-05 03:38:00,77.93,77.95,77.93,77.95,22.89735179
2022-12-05 03:37:00,77.96,78.02,77.97,77.97,152.47772602
2022-12-05 03:36:00,77.94,78.0,78.0,77.97,27.62206611
2022-12-05 03:35:00,77.91,78.03,77.92,77.99,308.58838032
2022-12-05 03:34:00,77.91,77.98,77.95,77.92,86.68765599
2022-12-05 03:33:00,77.92,78.0,78.0,77.97,180.40973152
2022-12-05 03:32:00,77.94,78.01,77.97,77.94,56.75583078
2022-12-05 03:31:00,77.92,77.97,77.96,77.93,144.70220805
2022-12-05 03:30:00,77.95,78.05,78.05,77.96,46.1006169
2022-12-05 03:29:00,78.0,78.07,78.03,78.03,44.80804939
2022-12-05 03:28:00,77.98,78.05,77.99,78.03,42.23334258
2022-12-05 03:27:00,77.94,78.01,77.98,77.99,122.87371202
2022-12-05 03:26:00,77.89,78.0,77.89,77.98,23.72866805
2022-12-05 03:25:00,77.8,77.92,77.8,77.92,54.05854423
2022-12-05 03:24:00,77.81,77.93,77.89,77.81,169.58701141
2022-12-05 03:23:00,77.87,77.95,77.91,77.91,14.09805018
2022-12-05 03:22:00,77.93,77.99,77.98,77.93,93.70054333
2022-12-05 03:21:00,77.98,78.01,77.98,77.99,14.84299736
2022-12-05 03:20:00,77.96,78.04,78.01,77.96,232.87914641
2022-12-05 03:19:00,77.97,78.08,77.97,77.98,174.82761402
2022-12-05 03:18:00,77.96,78.02,78.02,78.0,94.99104157
2022-12-05 03:17:00,77.96,78.03,77.96,78.0,173.97828727
2022-12-05 03:16:00,77.91,77.97,77.95,77.97,208.01502731
2022-12-05 03:15:00,77.93,77.95,77.93,77.94,35.74496744
2022-12-05 03:14:00,77.88,77.95,77.92,77.91,534.00160769
2022-12-05 03:13:00,77.87,77.93,77.89,77.9,22.73515625
2022-12-05 03:12:00,77.87,77.9,77.89,77.89,12.9177931
2022-12-05 03:11:00,77.84,77.88,77.86,77.86,22.2087235
2022-12-05 03:10:00,77.79,77.86,77.81,77.86,31.65173522
2022-12-05 03:09:00,77.79,77.84,77.79,77.81,71.1242155
2022-12-05 03:08:00,77.79,77.87,77.86,77.79,68.19006523
2022-12-05 03:07:00,77.81,77.89,77.82,77.86,41.918077
2022-12-05 03:06:00,77.81,77.86,77.83,77.86,36.2370941
2022-12-05 03:05:00,77.77,77.84,77.77,77.83,57.49926077
2022-12-05 03:04:00,77.72,77.77,77.72,77.74,130.87359865
2022-12-05 03:03:00,77.63,77.72,77.64,77.72,63.60508322
2022-12-05 03:02:00,77.59,77.66,77.64,77.63,52.45678162
2022-12-05 03:01:00,77.63,77.73,77.73,77.63,194.6023887
2022-12-05 03:00:00,77.67,77.72,77.72,77.72,103.93751039
2022-12-05 02:59:00,77.69,77.79,77.74,77.69,213.62266307
2022-12-05 02:58:00,77.75,77.87,77.87,77.77,139.88383802
2022-12-05 02:57:00,77.84,77.91,77.84,77.87,132.55834658
2022-12-05 02:56:00,77.81,77.89,77.88,77.83,88.919025
2022-12-05 02:55:00,77.74,77.88,77.75,77.87,83.08483688
2022-12-05 02:54:00,77.72,77.78,77.74,77.76,463.03688357
2022-12-05 02:53:00,77.65,77.74,77.67,77.71,352.72718243
2022-12-05 02:52:00,77.65,77.73,77.68,77.65,113.66530843
2022-12-05 02:51:00,77.58,77.68,77.62,77.66,227.83836774
2022-12-05 02:50:00,77.6,77.69,77.63,77.6,56.16109115
2022-12-05 02:49:00,77.52,77.65,77.61,77.6,265.01764623
2022-12-05 02:48:00,77.56,77.65,77.61,77.6,35.47549608
2022-12-05 02:47:00,77.62,77.81,77.71,77.67,478.98311351
2022-12-05 02:46:00,77.69,77.72,77.69,77.72,44.62655505
2022-12-05 02:45:00,77.67,77.73,77.68,77.72,261.05361524
2022-12-05 02:44:00,77.66,77.7,77.68,77.68,15.70674927
2022-12-05 02:43:00,77.66,77.7,77.67,77.7,8.97901698
2022-12-05 02:42:00,77.66,77.71,77.67,77.67,30.61219707
2022-12-05 02:41:00,77.63,77.71,77.71,77.68,68.83849531
2022-12-05 02:40:00,77.65,77.74,77.65,77.67,93.03538647
2022-12-05 02:39:00,77.59,77.65,77.62,77.61,198.21374994
2022-12-05 02:38:00,77.57,77.65,77.65,77.63,72.1950807
2022-12-05 02:37:00,77.64,77.7,77.66,77.64,28.85626409
2022-12-05 02:36:00,77.62,77.74,77.62,77.67,120.0689124
2022-12-05 02:35:00,77.62,77.72,77.7,77.63,178.65099221
2022-12-05 02:34:00,77.69,77.77,77.77,77.73,54.25686185
2022-12-05 02:33:00,77.63,77.78,77.63,77.77,244.27274919
2022-12-05 02:32:00,77.61,77.65,77.64,77.62,33.40355197
2022-12-05 02:31:00,77.62,77.67,77.67,77.64,30.37687971
2022-12-05 02:30:00,77.66,77.76,77.7,77.67,130.33335373
2022-12-05 02:29:00,77.69,77.76,77.72,77.69,39.58254281
2022-12-05 02:28:00,77.73,77.86,77.82,77.73,295.06854693
2022-12-05 02:27:00,77.72,77.85,77.73,77.81,761.54587411
2022-12-05 02:26:00,77.73,77.84,77.79,77.74,28.04816744
2022-12-05 02:25:00,77.71,77.81,77.71,77.79,68.91481095
2022-12-05 02:24:00,77.62,77.73,77.65,77.73,61.30331418
2022-12-05 02:23:00,77.62,77.72,77.72,77.65,68.95566732
2022-12-05 02:22:00,77.67,77.71,77.69,77.71,11.05802086
2022-12-05 02:21:00,77.67,77.71,77.67,77.71,38.16103336
2022-12-05 02:20:00,77.64,77.7,77.64,77.69,27.74446667
2022-12-05 02:19:00,77.61,77.69,77.67,77.61,109.97002741
2022-12-05 02:18:00,77.55,77.67,77.56,77.67,214.7219972
2022-12-05 02:17:00,77.51,77.66,77.66,77.56,273.19986385
2022-12-05 02:16:00,77.56,77.7,77.64,77.67,203.56289443
2022-12-05 02:15:00,77.66,77.84,77.82,77.67,169.39882226
2022-12-05 02:14:00,77.85,77.91,77.87,77.85,93.8541835
2022-12-05 02:13:00,77.79,77.87,77.79,77.87,164.43463509
2022-12-05 02:12:00,77.76,77.81,77.79,77.81,14.4341772
2022-12-05 02:11:00,77.77,77.81,77.79,77.77,37.7540119
2022-12-05 02:10:00,77.75,77.82,77.79,77.78,33.17211875
2022-12-05 02:09:00,77.74,77.8,77.76,77.8,21.85612088
2022-12-05 02:08:00,77.74,77.84,77.78,77.74,265.07881685
2022-12-05 02:07:00,77.73,77.87,77.84,77.8,205.74692302
2022-12-05 02:06:00,77.76,77.89,77.81,77.89,218.05815966
2022-12-05 02:05:00,77.77,77.98,77.95,77.81,584.43981921
2022-12-05 02:04:00,77.95,78.03,78.01,77.95,53.79852277
2022-12-05 02:03:00,77.98,78.15,78.07,77.98,566.28276914
2022-12-05 02:02:00,78.0,78.09,78.04,78.09,261.91335407
2022-12-05 02:01:00,78.0,78.06,78.01,78.05,33.94588003
2022-12-05 02:00:00,77.98,78.07,77.98,78.01,211.11493357
2022-12-05 01:59:00,77.94,77.99,77.99,77.99,77.2303201
2022-12-05 01:58:00,77.99,78.14,78.08,78.02,125.13677914
2022-12-05 01:57:00,78.08,78.14,78.14,78.08,30.51863066
2022-12-05 01:56:00,78.06,78.13,78.08,78.11,79.03335707
2022-12-05 01:55:00,78.07,78.14,78.07,78.08,78.49488147
2022-12-05 01:54:00,78.03,78.16,78.03,78.09,457.19451799
2022-12-05 01:53:00,77.98,78.06,78.03,78.02,51.00414951
2022-12-05 01:52:00,78.0,78.14,78.08,78.02,174.9280803
2022-12-05 01:51:00,78.0,78.09,78.04,78.0,83.14783901
2022-12-05 01:50:00,77.96,78.05,78.05,78.01,22.32705418
2022-12-05 01:49:00,78.02,78.11,78.04,78.03,82.65310655
2022-12-05 01:48:00,77.97,78.07,77.97,78.07,187.18345156
2022-12-05 01:47:00,77.87,77.98,77.88,77.98,65.04438215
2022-12-05 01:46:00,77.8,77.87,77.8,77.87,9.5955803
2022-12-05 01:45:00,77.69,77.82,77.78,77.82,95.77016352
2022-12-05 01:44:00,77.76,77.79,77.77,77.78,12.88465826
2022-12-05 01:43:00,77.77,77.78,77.78,77.77,2.98242047
2022-12-05 01:42:00,77.77,77.8,77.8,77.79,20.86642352
2022-12-05 01:41:00,77.77,77.84,77.79,77.81,43.43341201
2022-12-05 01:40:00,77.75,77.84,77.75,77.77,73.21168604
2022-12-05 01:39:00,77.77,77.87,77.86,77.77,693.45908728
2022-12-05 01:38:00,77.81,77.86,77.82,77.85,18.88576615
2022-12-05 01:37:00,77.84,77.91,77.89,77.84,28.32348464
2022-12-05 01:36:00,77.88,77.98,77.97,77.88,24.1454292
2022-12-05 01:35:00,77.92,78.0,77.95,77.97,43.64802193
2022-12-05 01:34:00,77.92,78.01,77.92,77.95,70.68704804
2022-12-05 01:33:00,77.9,77.95,77.94,77.9,41.2026815
2022-12-05 01:32:00,77.91,77.96,77.96,77.93,35.52332455
2022-12-05 01:31:00,77.85,77.95,77.85,77.94,24.84026978
2022-12-05 01:30:00,77.83,77.86,77.84,77.85,5.84377627
2022-12-05 01:29:00,77.83,77.88,77.83,77.84,29.91641196
2022-12-05 01:28:00,77.79,77.9,77.87,77.82,35.40260037
2022-12-05 01:27:00,77.83,77.99,77.99,77.83,78.71049136
2022-12-05 01:26:00,77.96,78.0,77.96,78.0,42.43582823
2022-12-05 01:25:00,77.94,77.99,77.95,77.96,13.25013546
2022-12-05 01:24:00,77.94,77.99,77.95,77.94,57.64929861
2022-12-05 01:23:00,77.94,77.98,77.95,77.98,48.57522643
2022-12-05 01:22:00,77.83,77.96,77.83,77.94,126.4427879
2022-12-05 01:21:00,77.76,77.8,77.78,77.8,135.32836419
2022-12-05 01:20:00,77.79,77.81,77.81,77.79,6.46759637
2022-12-05 01:19:00,77.8,77.86,77.86,77.8,62.66986539
2022-12-05 01:18:00,77.84,77.88,77.84,77.86,30.05935071
2022-12-05 01:17:00,77.81,77.89,77.89,77.86,11.73250124
2022-12-05 01:16:00,77.86,77.92,77.87,77.86,56.29421804
2022-12-05 11:16:00,83.22,83.27,83.26,83.22,59.62527777
2022-12-05 11:15:00,83.22,83.3,83.3,83.23,387.15739516
2022-12-05 11:14:00,83.25,83.3,83.25,83.3,24.15067504
2022-12-05 11:13:00,83.23,83.31,83.3,83.25,123.90227774
2022-12-05 11:12:00,83.28,83.33,83.33,83.29,106.86901551
2022-12-05 11:11:00,83.3,83.45,83.31,83.33,211.22116275
2022-12-05 11:10:00,83.25,83.34,83.25,83.32,32.79206179
2022-12-05 11:09:00,83.21,83.27,83.27,83.24,196.83068359
2022-12-05 11:08:00,83.16,83.26,83.16,83.26,276.2613283
2022-12-05 11:07:00,83.13,83.16,83.15,83.15,94.08255447
2022-12-05 11:06:00,83.13,83.17,83.13,83.15,64.65043843
2022-12-05 11:05:00,83.07,83.14,83.08,83.13,93.75497316
2022-12-05 11:04:00,83.06,83.18,83.17,83.08,92.53336973
2022-12-05 11:03:00,83.17,83.31,83.31,83.17,179.54066545
2022-12-05 11:02:00,83.15,83.31,83.15,83.28,90.77234094
2022-12-05 11:01:00,83.14,83.17,83.14,83.15,13.99435999
2022-12-05 11:00:00,83.11,83.16,83.13,83.15,84.97837213
2022-12-05 10:59:00,83.08,83.13,83.09,83.13,166.32679705
2022-12-05 10:58:00,83.09,83.11,83.11,83.09,115.27734369
2022-12-05 10:57:00,83.08,83.13,83.11,83.12,199.43700172
2022-12-05 10:56:00,83.09,83.12,83.11,83.1,166.52269527
2022-12-05 10:55:00,83.14,83.17,83.15,83.14,126.30432839
2022-12-05 10:54:00,83.14,83.16,83.14,83.16,34.760982
2022-12-05 10:53:00,83.12,83.19,83.12,83.15,135.72150086
2022-12-05 10:52:00,83.09,83.16,83.1,83.11,90.38329307
2022-12-05 10:51:00,83.1,83.14,83.13,83.1,47.53966118
2022-12-05 10:50:00,83.11,83.15,83.13,83.14,28.77934592
2022-12-05 10:49:00,83.13,83.16,83.13,83.13,24.87186755
2022-12-05 10:48:00,83.16,83.22,83.21,83.17,73.29458223
2022-12-05 10:47:00,83.23,83.25,83.25,83.23,56.07854237
2022-12-05 10:46:00,83.17,83.26,83.17,83.26,18.94684766
2022-12-05 10:45:00,83.13,83.17,83.14,83.17,47.48976257
2022-12-05 10:44:00,83.05,83.16,83.09,83.14,114.32993541
2022-12-05 10:43:00,83.1,83.19,83.19,83.1,99.62964998
2022-12-05 10:42:00,83.11,83.19,83.12,83.16,91.95678952
2022-12-05 10:41:00,83.09,83.23,83.18,83.12,255.14027595
2022-12-05 10:40:00,83.05,83.2,83.05,83.2,34.21139309
2022-12-05 10:39:00,82.96,83.03,83.01,83.03,76.3423898
2022-12-05 10:38:00,83.01,83.02,83.02,83.01,16.84722669
2022-12-05 10:37:00,83.01,83.04,83.03,83.03,79.78147098
2022-12-05 10:36:00,82.99,83.01,82.99,83.01,54.27452222
2022-12-05 10:35:00,82.95,83.02,82.95,83.01,57.98127038
2022-12-05 10:34:00,82.97,83.1,83.09,82.97,128.24323463
2022-12-05 10:33:00,83.08,83.12,83.09,83.09,12.9932473
2022-12-05 10:32:00,83.08,83.1,83.1,83.09,5.60294832
2022-12-05 10:31:00,83.08,83.16,83.13,83.09,252.07643238
2022-12-05 10:30:00,83.0,83.12,83.02,83.12,470.56014239
2022-12-05 10:29:00,83.01,83.06,83.04,83.05,96.98222674
2022-12-05 10:28:00,82.95,83.02,82.99,83.01,144.08154782
2022-12-05 10:27:00,82.96,82.99,82.99,82.97,91.61415502
2022-12-05 10:26:00,82.97,83.02,82.99,82.98,23.16787587
2022-12-05 10:25:00,82.93,83.03,82.93,82.99,216.31006268
2022-12-05 10:24:00,82.86,82.98,82.86,82.94,22.73725526
2022-12-05 10:23:00,82.87,83.06,83.06,82.88,113.36276035
2022-12-05 10:22:00,83.07,83.1,83.08,83.08,89.43941674
2022-12-05 10:21:00,83.07,83.13,83.08,83.08,135.05840386
2022-12-05 10:20:00,83.07,83.1,83.1,83.08,10.76281293
2022-12-05 10:19:00,83.11,83.17,83.13,83.13,338.51580472
2022-12-05 10:18:00,83.1,83.14,83.12,83.1,2.34619414
2022-12-05 10:17:00,83.02,83.13,83.02,83.13,352.96950027
2022-12-05 10:16:00,82.86,83.02,82.86,83.02,20.39255209
2022-12-05 10:15:00,82.88,82.92,82.9,82.88,19.1889607
2022-12-05 10:14:00,82.84,82.92,82.87,82.92,46.0482161
2022-12-05 10:13:00,82.8,82.87,82.81,82.86,293.4207694
2022-12-05 10:12:00,82.8,82.82,82.8,82.8,35.95081894
2022-12-05 10:11:00,82.78,82.82,82.8,82.82,26.27258949
2022-12-05 10:10:00,82.69,82.8,82.69,82.8,46.40329699
2022-12-05 10:09:00,82.66,82.8,82.8,82.7,755.57603945
2022-12-05 10:08:00,82.76,82.83,82.83,82.83,94.21264338
2022-12-05 10:07:00,82.75,82.84,82.75,82.82,252.09742687
2022-12-05 10:06:00,82.68,82.85,82.84,82.75,234.7889432
2022-12-05 10:05:00,82.84,82.88,82.87,82.85,263.49311799
2022-12-05 10:04:00,82.87,82.89,82.88,82.88,26.088188
2022-12-05 10:03:00,82.87,82.9,82.89,82.88,69.33877199
2022-12-05 10:02:00,82.86,82.88,82.88,82.88,31.29256975
2022-12-05 10:01:00,82.82,82.91,82.82,82.86,259.95632583
2022-12-05 10:00:00,82.77,82.84,82.82,82.82,139.02208064
2022-12-05 09:59:00,82.81,82.85,82.85,82.83,77.57160954
2022-12-05 09:58:00,82.84,82.93,82.92,82.86,135.31619658
2022-12-05 09:57:00,82.9,82.93,82.92,82.93,89.64048096
2022-12-05 09:56:00,82.84,82.92,82.89,82.91,241.23370184
2022-12-05 09:55:00,82.86,82.91,82.86,82.89,75.55449906
2022-12-05 09:54:00,82.81,82.92,82.91,82.83,138.65077737
2022-12-05 09:53:00,82.89,82.93,82.93,82.89,89.11453516
2022-12-05 09:52:00,82.87,82.93,82.92,82.92,240.32898543
2022-12-05 09:51:00,82.92,82.95,82.93,82.93,91.68238508
2022-12-05 09:50:00,82.89,82.95,82.93,82.94,79.19328548
2022-12-05 09:49:00,82.84,82.94,82.84,82.92,68.86784317
2022-12-05 09:48:00,82.77,82.89,82.89,82.82,78.27767732
2022-12-05 09:47:00,82.93,82.99,82.96,82.93,72.2462671
2022-12-05 09:46:00,82.87,82.96,82.87,82.94,20.31117955
2022-12-05 09:45:00,82.83,82.87,82.87,82.87,13.18986879
2022-12-05 09:44:00,82.78,82.85,82.81,82.85,12.07933675
2022-12-05 09:43:00,82.81,82.88,82.87,82.81,13.39253824
2022-12-05 09:42:00,82.94,83.0,83.0,82.94,49.85445583
2022-12-05 09:41:00,82.94,83.02,82.94,83.0,17.04760925
2022-12-05 09:40:00,82.88,83.0,82.88,82.98,21.52388673
2022-12-05 09:39:00,82.81,82.96,82.95,82.88,166.20313298
2022-12-05 09:38:00,82.94,83.09,82.99,82.95,156.75320765
2022-12-05 09:37:00,82.91,82.98,82.91,82.98,53.09891039
2022-12-05 09:36:00,82.88,82.92,82.9,82.88,110.44978586
2022-12-05 09:35:00,82.85,82.9,82.88,82.88,47.40857188
2022-12-05 09:34:00,82.87,82.91,82.88,82.9,19.47146354
2022-12-05 09:33:00,82.84,82.87,82.87,82.87,9.30633085
2022-12-05 09:32:00,82.87,82.9,82.88,82.87,95.84534023
2022-12-05 09:31:00,82.81,82.9,82.84,82.87,687.26977712
2022-12-05 09:30:00,82.82,82.89,82.86,82.85,39.32004376
2022-12-05 09:29:00,82.83,83.01,83.01,82.85,662.77684167
2022-12-05 09:28:00,82.97,83.02,82.97,83.0,903.52988548
2022-12-05 09:27:00,82.97,83.08,83.08,82.97,145.20382524
2022-12-05 09:26:00,83.06,83.07,83.07,83.07,11.49482271
2022-12-05 09:25:00,82.95,83.07,82.95,83.07,32.6294187
2022-12-05 09:24:00,82.93,83.07,83.07,82.98,275.54430109
2022-12-05 09:23:00,83.05,83.1,83.1,83.07,103.33004008
2022-12-05 09:22:00,83.1,83.15,83.15,83.1,238.35465924
2022-12-05 09:21:00,83.12,83.2,83.14,83.17,213.62588717
2022-12-05 09:20:00,83.08,83.14,83.08,83.12,13.03853075
2022-12-05 09:19:00,83.09,83.14,83.09,83.09,157.08080369
2022-12-05 09:18:00,83.1,83.15,83.15,83.1,86.49322737
2022-12-05 09:17:00,83.14,83.15,83.14,83.14,81.71980641
2022-12-05 09:16:00,83.15,83.17,83.17,83.15,92.94922419
2022-12-05 09:15:00,83.04,83.17,83.07,83.16,257.94594451
2022-12-05 09:14:00,83.04,83.16,83.15,83.06,407.7405612
2022-12-05 09:13:00,83.12,83.15,83.12,83.13,85.33863506
2022-12-05 09:12:00,83.08,83.15,83.09,83.13,107.52998694
2022-12-05 09:11:00,83.05,83.15,83.05,83.08,332.21609326
2022-12-05 09:10:00,82.91,83.08,82.96,83.05,298.8238684
2022-12-05 09:09:00,82.94,83.12,83.12,82.95,399.14882162
2022-12-05 09:08:00,83.04,83.16,83.14,83.1,200.26001947
2022-12-05 09:07:00,83.12,83.2,83.14,83.14,60.04746853
2022-12-05 09:06:00,83.11,83.3,83.3,83.11,270.40372543
2022-12-05 09:05:00,83.22,83.33,83.22,83.31,252.28168166
2022-12-05 09:04:00,83.19,83.23,83.2,83.22,104.15307137
2022-12-05 09:03:00,83.14,83.19,83.16,83.18,138.05015182
2022-12-05 09:02:00,83.05,83.18,83.06,83.18,114.31772957
2022-12-05 09:01:00,83.04,83.09,83.08,83.06,434.93086281
2022-12-05 09:00:00,83.03,83.17,83.1,83.09,377.64195768
2022-12-05 08:59:00,83.0,83.13,83.09,83.13,143.30541432
2022-12-05 08:58:00,83.05,83.18,83.16,83.08,400.88137703
2022-12-05 08:57:00,83.14,83.33,83.32,83.14,641.11374111
2022-12-05 08:56:00,83.18,83.33,83.2,83.33,123.78841296
2022-12-05 08:55:00,83.07,83.22,83.08,83.2,39.47704769
2022-12-05 08:54:00,83.03,83.26,83.26,83.05,343.4404833
2022-12-05 08:53:00,83.22,83.28,83.28,83.26,28.53277266
2022-12-05 08:52:00,83.22,83.34,83.29,83.27,74.26094814
2022-12-05 08:51:00,83.22,83.4,83.37,83.39,414.0728904
2022-12-05 08:50:00,83.33,83.42,83.35,83.36,342.08726929
2022-12-05 08:49:00,83.36,83.49,83.45,83.36,201.07696098
2022-12-05 08:48:00,83.4,83.54,83.54,83.42,162.69620223
2022-12-05 08:47:00,83.47,83.56,83.56,83.48,113.10423327
2022-12-05 08:46:00,83.51,83.67,83.67,83.6,276.43652589
2022-12-05 08:45:00,83.64,83.88,83.88,83.67,621.30204135
2022-12-05 08:44:00,83.74,83.86,83.86,83.86,21.15585801
2022-12-05 08:43:00,83.73,83.89,83.73,83.85,130.09938415
2022-12-05 08:42:00,83.62,83.78,83.62,83.74,37.05324344
2022-12-05 08:41:00,83.64,83.77,83.64,83.66,278.21780588
2022-12-05 08:40:00,83.56,83.7,83.56,83.64,133.98683346
2022-12-05 08:39:00,83.52,83.6,83.58,83.58,229.12212454
2022-12-05 08:38:00,83.54,83.66,83.65,83.58,66.5881065
2022-12-05 08:37:00,83.53,83.66,83.53,83.66,237.01050077
2022-12-05 08:36:00,83.54,83.66,83.54,83.56,176.34258054
2022-12-05 08:35:00,83.54,83.61,83.61,83.54,55.05828051
2022-12-05 08:34:00,83.57,83.7,83.69,83.57,115.98104407
2022-12-05 08:33:00,83.7,83.76,83.76,83.7,336.02887425
2022-12-05 08:32:00,83.71,83.87,83.83,83.75,361.98556341
2022-12-05 08:31:00,83.73,83.91,83.73,83.84,518.57962931
2022-12-05 08:30:00,83.64,83.77,83.67,83.7,72.904161
2022-12-05 08:29:00,83.69,83.77,83.72,83.69,58.52112053
2022-12-05 08:28:00,83.69,83.83,83.83,83.72,126.62924344
2022-12-05 08:27:00,83.79,83.97,83.91,83.8,542.52583524
2022-12-05 08:26:00,83.85,83.94,83.92,83.88,203.31864957
2022-12-05 08:25:00,83.88,84.02,83.92,83.88,435.96349978
2022-12-05 08:24:00,83.85,83.99,83.85,83.92,205.5334736
2022-12-05 08:23:00,83.76,83.89,83.76,83.84,147.11818698
2022-12-05 08:22:00,83.69,83.78,83.73,83.77,71.81494774
2022-12-05 08:21:00,83.63,83.73,83.67,83.73,166.742345
2022-12-05 08:20:00,83.66,83.78,83.69,83.69,176.46046946
2022-12-05 08:19:00,83.6,83.72,83.6,83.72,137.95938449
2022-12-05 08:18:00,83.47,83.59,83.47,83.58,133.06439081
2022-12-05 08:17:00,83.48,83.53,83.53,83.48,296.40586784
2022-12-05 08:16:00,83.5,83.55,83.5,83.54,165.18567981
2022-12-05 08:15:00,83.49,83.57,83.49,83.5,193.78991258
2022-12-05 08:14:00,83.47,83.56,83.53,83.48,478.80832759
2022-12-05 08:13:00,83.39,83.57,83.42,83.53,608.2636881
2022-12-05 08:12:00,83.42,83.55,83.53,83.42,21.12497018
2022-12-05 08:11:00,83.51,83.6,83.55,83.51,113.91690582
2022-12-05 08:10:00,83.48,83.66,83.51,83.61,193.26887701
2022-12-05 08:09:00,83.53,83.63,83.62,83.54,82.10442812
2022-12-05 08:08:00,83.58,83.63,83.63,83.59,64.09181724
2022-12-05 08:07:00,83.6,83.76,83.73,83.62,173.58110967
2022-12-05 08:06:00,83.65,83.86,83.73,83.74,589.20851526
2022-12-05 08:05:00,83.62,83.72,83.66,83.72,128.09882425
2022-12-05 08:04:00,83.67,83.72,83.68,83.7,75.22721179
2022-12-05 08:03:00,83.62,83.7,83.63,83.68,223.88349406
2022-12-05 08:02:00,83.45,83.71,83.49,83.66,246.68111787
2022-12-05 08:01:00,83.43,83.56,83.48,83.48,491.6318693
2022-12-05 08:00:00,83.38,83.53,83.38,83.53,169.52343895
2022-12-05 07:59:00,83.32,83.39,83.37,83.32,35.51972355
2022-12-05 07:58:00,83.35,83.45,83.42,83.37,24.29359916
2022-12-05 07:57:00,83.35,83.44,83.37,83.41,527.15464388
2022-12-05 07:56:00,83.4,83.53,83.53,83.41,647.86236429
2022-12-05 07:55:00,83.51,83.6,83.51,83.54,104.69505645
2022-12-05 07:54:00,83.45,83.57,83.47,83.5,537.63916814
2022-12-05 07:53:00,83.38,83.55,83.54,83.52,733.96097197
2022-12-05 07:52:00,83.46,83.72,83.72,83.54,770.18317107
2022-12-05 07:51:00,83.58,83.86,83.58,83.71,1202.67345225
2022-12-05 07:50:00,83.47,83.59,83.47,83.59,100.13533378
2022-12-05 07:49:00,83.43,83.48,83.44,83.47,23.70792965
2022-12-05 07:48:00,83.38,83.43,83.42,83.42,110.86007541
2022-12-05 07:47:00,83.38,83.5,83.5,83.45,355.96726193
2022-12-05 07:46:00,83.45,83.56,83.53,83.48,176.64830743
2022-12-05 07:45:00,83.43,83.54,83.44,83.52,64.90853239
2022-12-05 07:44:00,83.37,83.44,83.38,83.44,194.41088714
2022-12-05 07:43:00,83.35,83.41,83.39,83.4,263.49978419
2022-12-05 07:42:00,83.37,83.39,83.38,83.39,53.86530421
2022-12-05 07:41:00,83.33,83.41,83.41,83.39,170.21477841
2022-12-05 07:40:00,83.4,83.43,83.41,83.42,251.00849655
2022-12-05 07:39:00,83.35,83.4,83.35,83.39,149.32684535
2022-12-05 07:38:00,83.27,83.35,83.33,83.35,111.1669832
2022-12-05 07:37:00,83.27,83.35,83.34,83.32,182.52444692
2022-12-05 07:36:00,83.33,83.37,83.36,83.35,117.54966618
2022-12-05 07:35:00,83.3,83.37,83.35,83.37,160.10248056
2022-12-05 07:34:00,83.31,83.38,83.37,83.34,178.17894664
2022-12-05 07:33:00,83.36,83.44,83.43,83.38,86.50788798
2022-12-05 07:32:00,83.42,83.46,83.42,83.43,196.90573585
2022-12-05 07:31:00,83.41,83.45,83.44,83.45,294.58457553
2022-12-05 07:30:00,83.42,83.61,83.53,83.42,498.92267241
2022-12-05 07:29:00,83.4,83.56,83.44,83.51,646.51744465
2022-12-05 07:28:00,83.38,83.46,83.38,83.46,251.87056703
2022-12-05 07:27:00,83.35,83.44,83.4,83.35,368.23338713
2022-12-05 07:26:00,83.25,83.39,83.27,83.36,450.62079835
2022-12-05 07:25:00,83.23,83.31,83.23,83.27,359.66146269
2022-12-05 07:24:00,83.22,83.27,83.27,83.23,120.92734049
2022-12-05 07:23:00,83.2,83.29,83.2,83.27,223.72262357
2022-12-05 07:22:00,83.2,83.24,83.21,83.21,249.01407766
2022-12-05 07:21:00,83.2,83.25,83.23,83.23,116.36677182
2022-12-05 07:20:00,83.2,83.26,83.24,83.26,39.68139805
2022-12-05 07:19:00,83.23,83.34,83.28,83.23,227.87435342
2022-12-05 07:18:00,83.27,83.41,83.31,83.28,365.09186286
2022-12-05 07:17:00,83.3,83.46,83.33,83.3,816.18440293
2022-12-05 07:16:00,83.2,83.42,83.22,83.3,1147.03756074
2022-12-05 07:15:00,83.17,83.27,83.17,83.24,105.02453271
2022-12-05 07:14:00,83.1,83.18,83.13,83.18,555.68779769
2022-12-05 07:13:00,83.06,83.18,83.13,83.11,451.67684965
2022-12-05 07:12:00,83.13,83.22,83.19,83.13,296.78349733
2022-12-05 07:11:00,82.95,83.18,82.95,83.18,296.32672267
2022-12-05 07:10:00,82.84,82.98,82.88,82.95,572.72003849
2022-12-05 07:09:00,82.79,83.13,83.12,82.84,815.88641381
2022-12-05 07:08:00,83.1,83.17,83.11,83.13,262.03200957
2022-12-05 07:07:00,83.07,83.12,83.07,83.12,111.99940764
2022-12-05 07:06:00,83.06,83.13,83.09,83.07,431.99437403
2022-12-05 07:05:00,83.07,83.12,83.09,83.09,411.17381088
2022-12-05 07:04:00,83.06,83.22,83.18,83.08,407.35976187
2022-12-05 07:03:00,83.15,83.2,83.18,83.18,219.59044081
2022-12-05 07:02:00,83.18,83.23,83.2,83.22,325.34457493
2022-12-05 07:01:00,83.15,83.22,83.17,83.2,120.81853794
2022-12-05 07:00:00,83.1,83.25,83.21,83.16,236.69859224
2022-12-05 06:59:00,83.1,83.22,83.21,83.21,292.19659882
2022-12-05 06:58:00,83.18,83.22,83.18,83.22,96.19152477
2022-12-05 06:57:00,83.09,83.18,83.09,83.18,73.65881025
2022-12-05 06:56:00,83.01,83.22,83.11,83.08,1088.36918871
2022-12-05 06:55:00,83.03,83.13,83.03,83.11,225.07041365
2022-12-05 06:54:00,82.95,83.06,83.0,83.05,295.06256801
2022-12-05 06:53:00,82.98,83.06,83.03,83.06,251.32902053
2022-12-05 06:52:00,83.0,83.14,83.13,83.02,491.40653403
2022-12-05 06:51:00,83.11,83.15,83.12,83.14,84.45590606
2022-12-05 06:50:00,83.08,83.13,83.09,83.1,276.62409337
2022-12-05 06:49:00,83.03,83.11,83.08,83.08,358.45745962
2022-12-05 06:48:00,82.98,83.13,83.02,83.05,338.95562325
2022-12-05 06:47:00,83.02,83.18,83.07,83.02,264.761186
2022-12-05 06:46:00,82.9,83.13,82.9,83.07,200.95564864
2022-12-05 06:45:00,82.83,82.92,82.92,82.9,247.47643287
2022-12-05 06:44:00,82.92,83.02,82.96,82.93,485.80888539
2022-12-05 06:43:00,82.76,82.96,82.76,82.96,405.54111129
2022-12-05 06:42:00,82.69,82.85,82.69,82.74,369.85841743
2022-12-05 06:41:00,82.66,82.76,82.72,82.68,316.9170747
2022-12-05 06:40:00,82.71,82.86,82.86,82.72,290.27639381
2022-12-05 06:39:00,82.62,82.88,82.85,82.87,1005.79551831
2022-12-05 06:38:00,82.79,82.9,82.89,82.85,329.58247589
2022-12-05 06:37:00,82.87,82.97,82.93,82.89,243.97620977
2022-12-05 06:36:00,82.75,82.93,82.77,82.91,149.56909578
2022-12-05 06:35:00,82.7,82.98,82.98,82.77,969.95597693
2022-12-05 06:34:00,82.94,83.06,82.99,82.97,212.66618966
2022-12-05 06:33:00,82.95,83.1,83.03,82.99,393.51449425
2022-12-05 06:32:00,82.99,83.08,83.04,83.03,437.18382447
2022-12-05 06:31:00,82.95,83.1,83.1,83.03,1343.66644379
2022-12-05 06:30:00,82.83,83.13,83.01,83.07,674.26898691
2022-12-05 06:29:00,83.01,83.19,83.07,83.04,354.58197904
2022-12-05 06:28:00,83.09,83.47,83.46,83.11,1078.39623247
2022-12-05 06:27:00,83.34,83.86,83.86,83.43,2716.69480936
2022-12-05 06:26:00,83.67,84.97,83.67,83.85,5267.62360359
2022-12-05 06:25:00,83.57,83.64,83.6,83.64,566.44748034
2022-12-05 06:24:00,83.44,83.61,83.49,83.61,67.84306845
2022-12-05 06:23:00,83.48,83.6,83.6,83.48,412.35895532
2022-12-05 06:22:00,83.51,83.63,83.62,83.6,396.0021327
2022-12-05 06:21:00,83.61,83.79,83.72,83.64,341.24950642
2022-12-05 06:20:00,83.66,83.78,83.67,83.67,255.74954684
2022-12-05 06:19:00,83.47,83.67,83.53,83.65,217.70066859
2022-12-05 06:18:00,83.53,83.7,83.62,83.55,683.35672406
2022-12-05 06:17:00,83.59,83.67,83.59,83.62,355.2991507
2022-12-05 06:16:00,83.46,83.66,83.49,83.6,725.48556122
2022-12-05 16:16:00,81.7,81.87,81.87,81.7,249.47414749
2022-12-05 16:15:00,81.8,81.87,81.86,81.85,485.82756801
2022-12-05 16:14:00,81.82,81.89,81.84,81.86,55.69250051
2022-12-05 16:13:00,81.86,81.94,81.94,81.86,175.22676598
2022-12-05 16:12:00,81.89,81.98,81.92,81.93,326.03193464
2022-12-05 16:11:00,81.82,81.92,81.82,81.92,127.29227368
2022-12-05 16:10:00,81.75,81.85,81.84,81.8,220.13994257
2022-12-05 16:09:00,81.76,81.85,81.77,81.85,82.76560961
2022-12-05 16:08:00,81.75,81.85,81.77,81.78,176.77100921
2022-12-05 16:07:00,81.74,81.78,81.78,81.77,65.79706312
2022-12-05 16:06:00,81.7,81.76,81.71,81.76,161.65718193
2022-12-05 16:05:00,81.66,81.75,81.66,81.71,955.48730771
2022-12-05 16:04:00,81.51,81.69,81.6,81.68,522.37976297
2022-12-05 16:03:00,81.46,81.61,81.56,81.58,309.95268806
2022-12-05 16:02:00,81.55,81.65,81.61,81.58,387.2923177
2022-12-05 16:01:00,81.54,81.64,81.6,81.59,387.93261102
2022-12-05 16:00:00,81.58,81.76,81.75,81.58,238.00088759
2022-12-05 15:59:00,81.67,81.78,81.69,81.75,240.24501929
2022-12-05 15:58:00,81.65,81.69,81.67,81.69,32.75491611
2022-12-05 15:57:00,81.61,81.65,81.65,81.62,67.07103605
2022-12-05 15:56:00,81.61,81.69,81.62,81.65,80.95777634
2022-12-05 15:55:00,81.57,81.69,81.57,81.65,247.0755298
2022-12-05 15:54:00,81.59,81.65,81.63,81.64,24.71254775
2022-12-05 15:53:00,81.54,81.66,81.58,81.66,127.23095174
2022-12-05 15:52:00,81.55,81.64,81.63,81.6,539.77331476
2022-12-05 15:51:00,81.63,81.69,81.69,81.63,24.16306127
2022-12-05 15:50:00,81.66,81.78,81.74,81.71,125.46625293
2022-12-05 15:49:00,81.68,81.83,81.8,81.72,145.10870548
2022-12-05 15:48:00,81.77,81.85,81.79,81.79,132.93446372
2022-12-05 15:47:00,81.67,81.79,81.71,81.79,77.94682882
2022-12-05 15:46:00,81.73,81.78,81.77,81.73,57.96927572
2022-12-05 15:45:00,81.74,81.87,81.84,81.75,219.14719839
2022-12-05 15:44:00,81.72,81.87,81.72,81.85,233.03552673
2022-12-05 15:43:00,81.69,81.77,81.72,81.75,226.19931292
2022-12-05 15:42:00,81.67,81.75,81.7,81.71,471.99599715
2022-12-05 15:41:00,81.66,81.78,81.73,81.71,834.89510323
2022-12-05 15:40:00,81.7,81.76,81.74,81.74,713.8465181
2022-12-05 15:39:00,81.73,81.82,81.78,81.74,282.07016449
2022-12-05 15:38:00,81.71,81.92,81.9,81.73,527.49042079
2022-12-05 15:37:00,81.91,82.01,81.94,81.91,147.78960404
2022-12-05 15:36:00,81.9,82.14,81.95,81.92,447.67774867
2022-12-05 15:35:00,81.86,81.94,81.87,81.92,221.69895277
2022-12-05 15:34:00,81.87,81.96,81.93,81.9,636.64336186
2022-12-05 15:33:00,81.86,81.98,81.92,81.92,276.06847078
2022-12-05 15:32:00,81.73,81.94,81.77,81.92,1192.99619948
2022-12-05 15:31:00,81.52,81.78,81.65,81.78,1192.58147051
2022-12-05 15:30:00,81.29,81.65,81.48,81.64,871.2491203
2022-12-05 15:29:00,81.38,81.57,81.52,81.48,276.82682215
2022-12-05 15:28:00,81.4,81.58,81.58,81.52,314.65682821
2022-12-05 15:27:00,81.54,81.66,81.62,81.57,289.64601769
2022-12-05 15:26:00,81.62,81.72,81.71,81.64,110.75779238
2022-12-05 15:25:00,81.62,81.72,81.64,81.67,248.90553577
2022-12-05 15:24:00,81.65,81.86,81.84,81.65,520.10693291
2022-12-05 15:23:00,81.79,81.83,81.8,81.81,54.9793583
2022-12-05 15:22:00,81.75,81.8,81.75,81.76,97.12005639
2022-12-05 15:21:00,81.63,81.77,81.69,81.69,279.88127938
2022-12-05 15:20:00,81.6,81.72,81.72,81.66,191.8528949
2022-12-05 15:19:00,81.67,81.77,81.74,81.69,158.6430732
2022-12-05 15:18:00,81.77,81.92,81.87,81.77,161.10262344
2022-12-05 15:17:00,81.73,81.88,81.74,81.88,386.06100385
2022-12-05 15:16:00,81.75,81.91,81.75,81.77,219.35363829
2022-12-05 15:15:00,81.44,81.72,81.5,81.72,431.21184254
2022-12-05 15:14:00,81.42,81.58,81.42,81.56,177.06369757
2022-12-05 15:13:00,81.38,81.74,81.71,81.39,492.19098555
2022-12-05 15:12:00,81.62,81.88,81.79,81.66,279.0689592
2022-12-05 15:11:00,81.69,81.97,81.82,81.75,285.74359194
2022-12-05 15:10:00,81.61,81.97,81.66,81.86,516.5947591
2022-12-05 15:09:00,81.39,81.65,81.49,81.62,558.24971102
2022-12-05 15:08:00,81.26,81.78,81.78,81.45,1916.49001339
2022-12-05 15:07:00,81.59,82.02,81.96,81.77,1737.37374823
2022-12-05 15:06:00,81.95,82.17,82.1,81.97,577.86447676
2022-12-05 15:05:00,82.06,82.33,82.31,82.18,451.55295755
2022-12-05 15:04:00,82.12,82.45,82.12,82.27,342.48051863
2022-12-05 15:03:00,82.08,82.22,82.08,82.16,228.87309889
2022-12-05 15:02:00,82.03,82.39,82.39,82.06,449.7684271
2022-12-05 15:01:00,81.95,82.41,82.22,82.41,1541.97403409
2022-12-05 15:00:00,81.64,82.82,82.82,82.26,5094.4175178
2022-12-05 14:59:00,82.7,82.93,82.79,82.85,56.10062338
2022-12-05 14:58:00,82.73,83.04,82.99,82.81,534.67893184
2022-12-05 14:57:00,82.85,82.99,82.95,82.94,268.26274974
2022-12-05 14:56:00,82.78,83.01,83.01,82.94,442.14520406
2022-12-05 14:55:00,83.0,83.14,83.09,83.03,94.82688408
2022-12-05 14:54:00,82.83,83.17,83.12,83.09,809.19944392
2022-12-05 14:53:00,83.14,83.19,83.18,83.17,40.37214695
2022-12-05 14:52:00,83.18,83.3,83.29,83.21,147.48671076
2022-12-05 14:51:00,83.26,83.33,83.33,83.29,42.2888233
2022-12-05 14:50:00,83.28,83.35,83.34,83.34,75.41591678
2022-12-05 14:49:00,83.25,83.34,83.27,83.32,64.6098959
2022-12-05 14:48:00,83.25,83.34,83.25,83.28,62.87336182
2022-12-05 14:47:00,83.15,83.27,83.17,83.27,314.8888453
2022-12-05 14:46:00,83.12,83.22,83.18,83.2,28.11162537
2022-12-05 14:45:00,83.14,83.25,83.21,83.14,144.1232173
2022-12-05 14:44:00,83.2,83.25,83.24,83.22,87.55598146
2022-12-05 14:43:00,83.18,83.26,83.22,83.25,90.71795799
2022-12-05 14:42:00,83.19,83.3,83.3,83.19,604.59557504
2022-12-05 14:41:00,83.23,83.29,83.28,83.28,100.42569857
2022-12-05 14:40:00,83.27,83.32,83.29,83.32,21.32934099
2022-12-05 14:39:00,83.28,83.34,83.34,83.32,111.8135852
2022-12-05 14:38:00,83.33,83.38,83.33,83.36,95.91887914
2022-12-05 14:37:00,83.32,83.38,83.35,83.34,29.66132475
2022-12-05 14:36:00,83.32,83.38,83.35,83.37,67.79805422
2022-12-05 14:35:00,83.35,83.4,83.37,83.35,68.55035972
2022-12-05 14:34:00,83.27,83.4,83.27,83.38,50.75789374
2022-12-05 14:33:00,83.25,83.41,83.38,83.29,69.24059448
2022-12-05 14:32:00,83.13,83.46,83.14,83.41,387.99877939
2022-12-05 14:31:00,83.14,83.2,83.19,83.15,119.28547332
2022-12-05 14:30:00,83.13,83.19,83.16,83.19,320.85605202
2022-12-05 14:29:00,83.15,83.25,83.24,83.19,41.03835474
2022-12-05 14:28:00,83.16,83.31,83.16,83.24,180.20952533
2022-12-05 14:27:00,83.17,83.39,83.39,83.17,148.38530563
2022-12-05 14:26:00,83.35,83.47,83.47,83.39,101.30261347
2022-12-05 14:25:00,83.43,83.49,83.44,83.43,346.04936039
2022-12-05 14:24:00,83.42,83.47,83.47,83.44,168.96258989
2022-12-05 14:23:00,83.43,83.49,83.47,83.45,163.36399653
2022-12-05 14:22:00,83.45,83.56,83.56,83.45,402.77262168
2022-12-05 14:21:00,83.51,83.59,83.58,83.56,268.50804451
2022-12-05 14:20:00,83.54,83.61,83.57,83.57,50.56584738
2022-12-05 14:19:00,83.52,83.67,83.65,83.54,36.30227918
2022-12-05 14:18:00,83.59,83.7,83.7,83.66,80.92326805
2022-12-05 14:17:00,83.68,83.77,83.71,83.72,45.70999834
2022-12-05 14:16:00,83.69,83.8,83.8,83.69,40.87316077
2022-12-05 14:15:00,83.71,83.83,83.8,83.79,150.8228197
2022-12-05 14:14:00,83.76,83.94,83.78,83.85,348.29885321
2022-12-05 14:13:00,83.7,83.87,83.7,83.78,183.04203238
2022-12-05 14:12:00,83.64,83.77,83.64,83.72,76.43876554
2022-12-05 14:11:00,83.61,83.68,83.67,83.64,22.42451095
2022-12-05 14:10:00,83.58,83.68,83.58,83.66,25.04561663
2022-12-05 14:09:00,83.55,83.62,83.62,83.59,18.284978
2022-12-05 14:08:00,83.62,83.66,83.65,83.64,28.11942508
2022-12-05 14:07:00,83.63,83.68,83.67,83.68,64.26885557
2022-12-05 14:06:00,83.66,83.7,83.69,83.66,19.90948526
2022-12-05 14:05:00,83.69,83.75,83.7,83.74,44.56990808
2022-12-05 14:04:00,83.65,83.76,83.66,83.72,83.38374102
2022-12-05 14:03:00,83.6,83.75,83.63,83.68,266.2607843
2022-12-05 14:02:00,83.54,83.65,83.64,83.63,126.94460385
2022-12-05 14:01:00,83.4,83.64,83.4,83.63,156.59865594
2022-12-05 14:00:00,83.35,83.51,83.36,83.36,244.31851822
2022-12-05 13:59:00,83.37,83.51,83.5,83.4,302.4705713
2022-12-05 13:58:00,83.42,83.53,83.5,83.49,313.49480129
2022-12-05 13:57:00,83.47,83.64,83.63,83.47,76.19637494
2022-12-05 13:56:00,83.47,83.71,83.71,83.63,161.70860277
2022-12-05 13:55:00,83.67,83.81,83.67,83.74,240.61177348
2022-12-05 13:54:00,83.54,83.71,83.58,83.68,235.99266098
2022-12-05 13:53:00,83.59,83.75,83.75,83.61,390.93725653
2022-12-05 13:52:00,83.59,83.97,83.6,83.72,681.71655177
2022-12-05 13:51:00,83.52,83.66,83.52,83.6,466.84925546
2022-12-05 13:50:00,83.35,83.55,83.35,83.51,81.3190724
2022-12-05 13:49:00,83.34,83.47,83.43,83.34,146.266735
2022-12-05 13:48:00,83.41,83.56,83.56,83.45,308.33964279
2022-12-05 13:47:00,83.56,83.69,83.64,83.59,71.66876557
2022-12-05 13:46:00,83.64,83.69,83.67,83.65,34.33158855
2022-12-05 13:45:00,83.52,83.68,83.55,83.66,27.70813275
2022-12-05 13:44:00,83.52,83.58,83.58,83.57,62.47567416
2022-12-05 13:43:00,83.55,83.7,83.7,83.57,217.94611503
2022-12-05 13:42:00,83.64,83.71,83.65,83.68,76.28491211
2022-12-05 13:41:00,83.65,83.77,83.77,83.67,27.2430956
2022-12-05 13:40:00,83.63,83.78,83.65,83.72,297.424023
2022-12-05 13:39:00,83.57,83.66,83.6,83.63,98.72591221
2022-12-05 13:38:00,83.61,83.7,83.66,83.61,308.41886295
2022-12-05 13:37:00,83.67,83.77,83.69,83.67,165.10089186
2022-12-05 13:36:00,83.62,83.73,83.68,83.66,622.92664557
2022-12-05 13:35:00,83.53,83.69,83.54,83.68,216.37622789
2022-12-05 13:34:00,83.47,83.54,83.53,83.54,60.67518744
2022-12-05 13:33:00,83.44,83.54,83.51,83.52,275.04566016
2022-12-05 13:32:00,83.43,83.56,83.5,83.48,166.5804533
2022-12-05 13:31:00,83.33,83.45,83.39,83.45,182.33996495
2022-12-05 13:30:00,83.27,83.42,83.4,83.38,700.06584439
2022-12-05 13:29:00,83.41,83.54,83.51,83.42,341.42340989
2022-12-05 13:28:00,83.34,83.56,83.36,83.49,998.92188885
2022-12-05 13:27:00,83.11,83.36,83.25,83.36,778.62358153
2022-12-05 13:26:00,83.18,83.31,83.3,83.29,206.93980676
2022-12-05 13:25:00,83.22,83.42,83.29,83.32,107.68739432
2022-12-05 13:24:00,83.07,83.35,83.24,83.27,143.07782063
2022-12-05 13:23:00,83.17,83.64,83.63,83.2,533.22842673
2022-12-05 13:22:00,83.59,84.15,84.12,83.59,736.39742457
2022-12-05 13:21:00,83.61,84.69,83.71,84.29,2046.0059947
2022-12-05 13:20:00,83.36,83.74,83.46,83.72,778.6139924
2022-12-05 13:19:00,83.25,83.48,83.29,83.48,25.19442868
2022-12-05 13:18:00,83.07,83.32,83.07,83.3,69.71125279
2022-12-05 13:17:00,83.09,83.36,83.32,83.09,767.96899508
2022-12-05 13:16:00,83.21,83.38,83.25,83.34,444.46382664
2022-12-05 13:15:00,83.23,83.27,83.26,83.23,124.58848943
2022-12-05 13:14:00,83.24,83.27,83.26,83.24,22.04764233
2022-12-05 13:13:00,83.24,83.27,83.26,83.27,29.91687966
2022-12-05 13:12:00,83.23,83.27,83.25,83.25,17.76614336
2022-12-05 13:11:00,83.17,83.26,83.19,83.25,73.75528325
2022-12-05 13:10:00,83.14,83.21,83.16,83.21,5.73831093
2022-12-05 13:09:00,83.05,83.15,83.05,83.15,116.81101124
2022-12-05 13:08:00,83.02,83.17,83.15,83.04,506.84090909
2022-12-05 13:07:00,83.18,83.25,83.24,83.21,39.03088629
2022-12-05 13:06:00,83.23,83.27,83.27,83.24,29.43456702
2022-12-05 13:05:00,83.21,83.27,83.22,83.24,36.00829915
2022-12-05 13:04:00,83.13,83.22,83.17,83.22,392.92258613
2022-12-05 13:03:00,83.17,83.22,83.19,83.17,135.9592208
2022-12-05 13:02:00,83.15,83.24,83.24,83.19,44.948407
2022-12-05 13:01:00,83.22,83.27,83.22,83.22,55.93818205
2022-12-05 13:00:00,83.21,83.23,83.21,83.22,285.3464175
2022-12-05 12:59:00,83.19,83.27,83.25,83.24,39.08387489
2022-12-05 12:58:00,83.25,83.29,83.27,83.25,27.58171774
2022-12-05 12:57:00,83.22,83.28,83.23,83.28,26.55089586
2022-12-05 12:56:00,83.21,83.3,83.26,83.21,11.03008166
2022-12-05 12:55:00,83.19,83.26,83.19,83.26,24.73390586
2022-12-05 12:54:00,83.18,83.21,83.2,83.21,16.25548646
2022-12-05 12:53:00,83.14,83.22,83.17,83.2,14.61854053
2022-12-05 12:52:00,83.15,83.17,83.16,83.17,19.85748652
2022-12-05 12:51:00,83.1,83.16,83.1,83.16,50.53565115
2022-12-05 12:50:00,83.05,83.09,83.06,83.07,17.23971541
2022-12-05 12:49:00,83.05,83.12,83.12,83.06,35.42877355
2022-12-05 12:48:00,83.09,83.13,83.09,83.13,12.95156177
2022-12-05 12:47:00,83.05,83.08,83.05,83.07,2.03535093
2022-12-05 12:46:00,83.02,83.06,83.02,83.06,13.08656525
2022-12-05 12:45:00,82.96,83.04,83.04,83.01,38.11699797
2022-12-05 12:44:00,83.02,83.06,83.04,83.06,15.47290225
2022-12-05 12:43:00,82.99,83.03,82.99,83.0,6.28233832
2022-12-05 12:42:00,82.96,83.0,82.97,82.97,62.87199962
2022-12-05 12:41:00,82.82,82.98,82.98,82.91,465.35690541
2022-12-05 12:40:00,82.97,83.08,83.06,82.97,127.36571878
2022-12-05 12:39:00,83.05,83.11,83.11,83.08,126.72336448
2022-12-05 12:38:00,83.08,83.13,83.09,83.11,82.2317023
2022-12-05 12:37:00,83.08,83.13,83.1,83.11,125.12012173
2022-12-05 12:36:00,83.04,83.11,83.06,83.11,38.50203711
2022-12-05 12:35:00,82.99,83.1,82.99,83.09,88.93062563
2022-12-05 12:34:00,82.94,83.04,82.97,83.04,24.85251374
2022-12-05 12:33:00,82.97,83.01,82.98,82.97,9.98308651
2022-12-05 12:32:00,82.97,83.02,83.0,83.02,33.02491174
2022-12-05 12:31:00,82.97,83.1,83.1,83.0,179.46934679
2022-12-05 12:30:00,83.04,83.12,83.04,83.11,30.96184245
2022-12-05 12:29:00,83.02,83.08,83.04,83.07,3.90851451
2022-12-05 12:28:00,83.02,83.14,83.05,83.06,74.41778786
2022-12-05 12:27:00,83.03,83.06,83.03,83.06,5.7211739
2022-12-05 12:26:00,82.91,83.03,83.0,82.97,37.8772684
2022-12-05 12:25:00,82.98,83.07,83.0,83.03,250.90340604
2022-12-05 12:24:00,82.91,83.0,82.92,83.0,9.90243581
2022-12-05 12:23:00,82.9,82.97,82.9,82.9,116.84868742
2022-12-05 12:22:00,82.89,82.95,82.95,82.93,35.66927819
2022-12-05 12:21:00,82.87,82.96,82.95,82.93,21.4304701
2022-12-05 12:20:00,82.84,83.1,82.89,83.01,58.31478119
2022-12-05 12:19:00,82.9,83.12,83.11,82.9,29.36757586
2022-12-05 12:18:00,82.96,83.25,83.24,83.09,242.9910812
2022-12-05 12:17:00,83.21,83.44,83.4,83.25,100.81748967
2022-12-05 12:16:00,83.37,83.41,83.38,83.4,11.55912918
2022-12-05 12:15:00,83.25,83.4,83.28,83.4,65.23360624
2022-12-05 12:14:00,83.28,83.33,83.33,83.31,100.8550442
2022-12-05 12:13:00,83.23,83.39,83.39,83.31,293.45273215
2022-12-05 12:12:00,83.39,83.44,83.41,83.39,7.12995836
2022-12-05 12:11:00,83.47,83.65,83.65,83.47,104.50088702
2022-12-05 12:10:00,83.6,83.95,83.75,83.63,118.48260571
2022-12-05 12:09:00,83.59,83.74,83.61,83.72,66.73588435
2022-12-05 12:08:00,83.54,83.63,83.54,83.61,51.80501781
2022-12-05 12:07:00,83.36,83.56,83.4,83.55,59.59922528
2022-12-05 12:06:00,83.43,83.54,83.52,83.43,99.87070684
2022-12-05 12:05:00,83.2,83.53,83.23,83.52,175.62882802
2022-12-05 12:04:00,83.2,83.26,83.2,83.26,46.69839486
2022-12-05 12:03:00,83.21,83.35,83.35,83.21,38.9328156
2022-12-05 12:02:00,83.32,83.4,83.4,83.32,240.20849541
2022-12-05 12:01:00,83.4,83.47,83.43,83.4,57.92432085
2022-12-05 12:00:00,83.26,83.48,83.29,83.45,484.74569762
2022-12-05 11:59:00,83.28,83.45,83.4,83.28,286.89377947
2022-12-05 11:58:00,83.33,83.41,83.33,83.38,46.63505072
2022-12-05 11:57:00,83.28,83.34,83.29,83.3,122.57680678
2022-12-05 11:56:00,83.28,83.31,83.29,83.29,34.19936146
2022-12-05 11:55:00,83.24,83.32,83.24,83.31,25.50444879
2022-12-05 11:54:00,83.24,83.29,83.24,83.27,41.2467068
2022-12-05 11:53:00,83.18,83.39,83.36,83.23,247.35820968
2022-12-05 11:52:00,83.31,83.37,83.31,83.35,14.88195577
2022-12-05 11:51:00,83.27,83.32,83.27,83.31,63.62499498
2022-12-05 11:50:00,83.23,83.28,83.26,83.28,39.10974606
2022-12-05 11:49:00,83.22,83.28,83.23,83.22,169.39723264
2022-12-05 11:48:00,83.2,83.27,83.2,83.25,254.72161533
2022-12-05 11:47:00,83.16,83.27,83.22,83.22,333.24750258
2022-12-05 11:46:00,83.23,83.36,83.28,83.25,434.05335907
2022-12-05 11:45:00,83.23,83.53,83.53,83.3,683.48934796
2022-12-05 11:44:00,83.44,83.54,83.48,83.54,26.15549319
2022-12-05 11:43:00,83.43,83.53,83.43,83.46,14.02096195
2022-12-05 11:42:00,83.45,83.57,83.56,83.46,234.292748
2022-12-05 11:41:00,83.52,83.72,83.52,83.59,543.88599904
2022-12-05 11:40:00,83.4,83.53,83.4,83.5,104.01033309
2022-12-05 11:39:00,83.38,83.46,83.41,83.43,134.84695524
2022-12-05 11:38:00,83.31,83.45,83.31,83.41,153.35989767
2022-12-05 11:37:00,83.29,83.35,83.33,83.3,127.16019034
2022-12-05 11:36:00,83.29,83.34,83.32,83.32,103.04260259
2022-12-05 11:35:00,83.23,83.32,83.23,83.29,29.45421759
2022-12-05 11:34:00,83.2,83.31,83.2,83.28,17.29217069
2022-12-05 11:33:00,83.22,83.34,83.34,83.22,145.24768255
2022-12-05 11:32:00,83.3,83.36,83.3,83.34,29.29529793
2022-12-05 11:31:00,83.26,83.34,83.3,83.32,430.69174264
2022-12-05 11:30:00,83.13,83.3,83.13,83.28,221.81844963
2022-12-05 11:29:00,83.12,83.19,83.14,83.16,49.89982085
2022-12-05 11:28:00,83.14,83.23,83.23,83.14,59.1586727
2022-12-05 11:27:00,83.2,83.24,83.22,83.21,19.41173458
2022-12-05 11:26:00,83.17,83.22,83.17,83.22,7.08138499
2022-12-05 11:25:00,83.12,83.22,83.13,83.22,635.24507791
2022-12-05 11:24:00,83.1,83.15,83.14,83.11,211.1257442
2022-12-05 11:23:00,83.06,83.15,83.12,83.12,27.87318579
2022-12-05 11:22:00,83.12,83.2,83.19,83.12,59.31013737
2022-12-05 11:21:00,83.16,83.18,83.16,83.16,2.23127005
2022-12-05 11:20:00,83.11,83.19,83.14,83.18,611.42697615
2022-12-05 11:19:00,83.06,83.21,83.14,83.13,307.23218371
2022-12-05 11:18:00,83.13,83.27,83.27,83.14,130.97195399
2022-12-05 11:17:00,83.22,83.27,83.24,83.27,30.11741045
2022-12-05 11:16:00,83.22,83.27,83.26,83.22,59.62527777
2022-12-05 21:16:00,79.77,79.86,79.8,79.86,88.09539727
2022-12-05 21:15:00,79.77,79.83,79.82,79.8,22.3944362
2022-12-05 21:14:00,79.81,79.83,79.82,79.83,36.72307573
2022-12-05 21:13:00,79.8,79.86,79.85,79.8,80.61924784
2022-12-05 21:12:00,79.81,79.87,79.85,79.83,70.88229459
2022-12-05 21:11:00,79.84,79.88,79.87,79.85,17.20669249
2022-12-05 21:10:00,79.83,79.9,79.9,79.84,35.70223467
2022-12-05 21:09:00,79.88,79.93,79.9,79.91,923.24052925
2022-12-05 21:08:00,79.84,79.91,79.88,79.9,648.2916756
2022-12-05 21:07:00,79.78,79.87,79.8,79.87,132.76263611
2022-12-05 21:06:00,79.76,79.8,79.77,79.78,52.3895565
2022-12-05 21:05:00,79.79,79.91,79.91,79.81,259.36645196
2022-12-05 21:04:00,79.8,79.92,79.8,79.88,82.33171868
2022-12-05 21:03:00,79.77,79.82,79.78,79.8,11.59923344
2022-12-05 21:02:00,79.76,79.84,79.81,79.79,72.30569893
2022-12-05 21:01:00,79.81,79.85,79.84,79.83,27.73528686
2022-12-05 21:00:00,79.79,79.92,79.91,79.83,271.49794516
2022-12-05 20:59:00,79.9,79.97,79.93,79.92,27.65087326
2022-12-05 20:58:00,79.92,80.0,79.99,79.97,170.62252407
2022-12-05 20:57:00,79.88,79.99,79.88,79.99,173.74694526
2022-12-05 20:56:00,79.84,79.89,79.84,79.86,23.195928
2022-12-05 20:55:00,79.81,79.88,79.86,79.84,287.89172152
2022-12-05 20:54:00,79.77,79.9,79.8,79.86,441.6979002
2022-12-05 20:53:00,79.75,79.81,79.8,79.81,67.12481607
2022-12-05 20:52:00,79.75,79.81,79.78,79.8,28.76012453
2022-12-05 20:51:00,79.72,79.78,79.72,79.78,16.70714998
2022-12-05 20:50:00,79.71,79.83,79.83,79.72,63.20480575
2022-12-05 20:49:00,79.78,79.82,79.82,79.82,26.98385054
2022-12-05 20:48:00,79.76,79.8,79.8,79.79,48.89487257
2022-12-05 20:47:00,79.77,79.83,79.8,79.77,129.01778144
2022-12-05 20:46:00,79.76,79.85,79.76,79.79,185.09355054
2022-12-05 20:45:00,79.7,79.85,79.79,79.77,119.73646985
2022-12-05 20:44:00,79.68,79.81,79.69,79.79,367.13822657
2022-12-05 20:43:00,79.66,79.75,79.66,79.71,100.61438466
2022-12-05 20:42:00,79.59,79.69,79.59,79.66,190.34189521
2022-12-05 20:41:00,79.59,79.69,79.69,79.59,25.34917003
2022-12-05 20:40:00,79.57,79.73,79.71,79.64,474.2351394
2022-12-05 20:39:00,79.69,79.8,79.78,79.73,237.04826706
2022-12-05 20:38:00,79.73,79.81,79.73,79.75,76.96449013
2022-12-05 20:37:00,79.77,79.8,79.77,79.78,27.42879494
2022-12-05 20:36:00,79.63,79.81,79.69,79.78,327.71904632
2022-12-05 20:35:00,79.62,79.69,79.62,79.67,13.55266104
2022-12-05 20:34:00,79.6,79.65,79.63,79.65,20.94828313
2022-12-05 20:33:00,79.61,79.68,79.68,79.61,145.75050229
2022-12-05 20:32:00,79.57,79.68,79.57,79.68,47.84427617
2022-12-05 20:31:00,79.51,79.58,79.54,79.58,61.76155802
2022-12-05 20:30:00,79.52,79.65,79.6,79.53,20.2436469
2022-12-05 20:29:00,79.55,79.59,79.57,79.59,40.68267002
2022-12-05 20:28:00,79.56,79.63,79.6,79.59,232.40423655
2022-12-05 20:27:00,79.52,79.61,79.59,79.61,257.26742057
2022-12-05 20:26:00,79.52,79.59,79.59,79.59,76.19986605
2022-12-05 20:25:00,79.53,79.64,79.61,79.57,48.02510464
2022-12-05 20:24:00,79.52,79.64,79.55,79.64,76.35102216
2022-12-05 20:23:00,79.4,79.58,79.4,79.57,266.54287549
2022-12-05 20:22:00,79.34,79.65,79.61,79.4,1770.72137238
2022-12-05 20:21:00,79.49,79.84,79.83,79.62,1007.65129502
2022-12-05 20:20:00,79.75,79.85,79.83,79.81,1478.47856315
2022-12-05 20:19:00,79.83,79.89,79.89,79.83,135.7173502
2022-12-05 20:18:00,79.8,79.95,79.93,79.88,455.79310537
2022-12-05 20:17:00,79.94,80.03,80.02,79.97,570.02241119
2022-12-05 20:16:00,80.02,80.07,80.06,80.04,19.21237072
2022-12-05 20:15:00,80.04,80.18,80.18,80.08,89.21758972
2022-12-05 20:14:00,80.18,80.25,80.22,80.18,17.24070125
2022-12-05 20:13:00,80.16,80.22,80.21,80.21,195.55691207
2022-12-05 20:12:00,80.19,80.28,80.24,80.22,68.82129978
2022-12-05 20:11:00,80.14,80.24,80.16,80.22,99.39629668
2022-12-05 20:10:00,80.13,80.25,80.25,80.17,197.24902582
2022-12-05 20:09:00,80.24,80.28,80.24,80.28,29.22424757
2022-12-05 20:08:00,80.13,80.24,80.19,80.21,210.08452043
2022-12-05 20:07:00,80.15,80.19,80.16,80.16,77.03138927
2022-12-05 20:06:00,80.13,80.18,80.13,80.13,144.47495498
2022-12-05 20:05:00,80.13,80.21,80.15,80.13,369.41604776
2022-12-05 20:04:00,80.07,80.18,80.07,80.16,327.50074323
2022-12-05 20:03:00,79.99,80.11,80.02,80.04,275.87995198
2022-12-05 20:02:00,80.0,80.08,80.03,80.02,197.00730839
2022-12-05 20:01:00,79.99,80.12,80.11,80.01,108.75470361
2022-12-05 20:00:00,80.06,80.18,80.18,80.14,199.70430908
2022-12-05 19:59:00,80.15,80.2,80.17,80.17,115.09223924
2022-12-05 19:58:00,80.15,80.22,80.22,80.15,344.2745794
2022-12-05 19:57:00,80.24,80.31,80.3,80.25,16.10214456
2022-12-05 19:56:00,80.18,80.3,80.26,80.27,1390.72355391
2022-12-05 19:55:00,80.21,80.34,80.34,80.26,109.24065262
2022-12-05 19:54:00,80.31,80.39,80.33,80.34,98.01529506
2022-12-05 19:53:00,80.29,80.36,80.3,80.34,41.66109119
2022-12-05 19:52:00,80.2,80.39,80.2,80.36,515.43831718
2022-12-05 19:51:00,80.12,80.2,80.15,80.2,52.46695693
2022-12-05 19:50:00,80.05,80.17,80.05,80.16,124.60201309
2022-12-05 19:49:00,80.03,80.07,80.05,80.07,47.66317746
2022-12-05 19:48:00,80.02,80.08,80.03,80.06,40.02616148
2022-12-05 19:47:00,80.0,80.09,80.09,80.04,266.54007745
2022-12-05 19:46:00,80.08,80.18,80.17,80.09,35.1020044
2022-12-05 19:45:00,80.13,80.26,80.21,80.19,594.88409524
2022-12-05 19:44:00,80.15,80.24,80.17,80.21,40.03026099
2022-12-05 19:43:00,80.15,80.24,80.2,80.18,165.62578555
2022-12-05 19:42:00,80.1,80.2,80.1,80.2,113.6721652
2022-12-05 19:41:00,80.09,80.19,80.1,80.11,179.00212576
2022-12-05 19:40:00,80.06,80.2,80.17,80.09,182.02240503
2022-12-05 19:39:00,80.16,80.3,80.28,80.17,534.00160979
2022-12-05 19:38:00,80.26,80.3,80.27,80.3,188.00016817
2022-12-05 19:37:00,80.2,80.28,80.22,80.28,55.24059489
2022-12-05 19:36:00,80.18,80.3,80.25,80.26,392.28672591
2022-12-05 19:35:00,79.95,80.3,79.95,80.22,310.97285378
2022-12-05 19:34:00,79.83,79.98,79.87,79.98,399.50169053
2022-12-05 19:33:00,79.79,80.0,79.94,79.92,333.57552614
2022-12-05 19:32:00,79.78,80.0,79.8,79.96,831.01916322
2022-12-05 19:31:00,79.75,79.9,79.89,79.8,110.89038877
2022-12-05 19:30:00,79.76,80.08,80.08,79.9,1461.63041617
2022-12-05 19:29:00,79.93,80.08,79.94,80.08,70.7477802
2022-12-05 19:28:00,79.88,79.99,79.88,79.89,154.43772143
2022-12-05 19:27:00,79.88,80.12,80.03,79.9,335.24469131
2022-12-05 19:26:00,79.88,80.09,79.93,80.03,275.51273622
2022-12-05 19:25:00,79.83,80.01,80.0,79.93,448.951621
2022-12-05 19:24:00,79.96,80.11,80.0,80.05,136.56374499
2022-12-05 19:23:00,80.03,80.11,80.1,80.03,94.36596483
2022-12-05 19:22:00,80.04,80.18,80.06,80.08,119.547879
2022-12-05 19:21:00,79.84,80.09,79.84,80.07,763.11765129
2022-12-05 19:20:00,79.73,80.19,80.13,79.83,1540.10639718
2022-12-05 19:19:00,80.09,80.32,80.3,80.14,572.2149425
2022-12-05 19:18:00,80.18,80.4,80.31,80.4,201.82826721
2022-12-05 19:17:00,80.01,80.42,80.09,80.3,676.49322244
2022-12-05 19:16:00,80.09,80.45,80.3,80.09,513.63639181
2022-12-05 19:15:00,80.14,80.76,80.73,80.32,2261.8979934
2022-12-05 19:14:00,80.7,80.86,80.84,80.72,150.65372481
2022-12-05 19:13:00,80.79,80.88,80.81,80.87,28.98418742
2022-12-05 19:12:00,80.75,80.87,80.77,80.84,87.57914602
2022-12-05 19:11:00,80.73,80.88,80.88,80.79,403.39921867
2022-12-05 19:10:00,80.87,80.93,80.89,80.87,16.03430498
2022-12-05 19:09:00,80.88,80.93,80.9,80.92,21.28303531
2022-12-05 19:08:00,80.88,81.01,81.01,80.88,12.52259078
2022-12-05 19:07:00,80.93,81.01,81.01,81.0,45.69202788
2022-12-05 19:06:00,80.94,81.02,80.97,81.01,270.66795954
2022-12-05 19:05:00,81.0,81.04,81.01,81.01,78.3663602
2022-12-05 19:04:00,80.96,81.05,81.05,81.02,62.18102803
2022-12-05 19:03:00,80.93,81.05,81.05,81.05,357.22164474
2022-12-05 19:02:00,81.08,81.19,81.18,81.08,211.60890451
2022-12-05 19:01:00,81.07,81.17,81.09,81.17,111.76372296
2022-12-05 19:00:00,81.13,81.21,81.19,81.13,55.17114819
2022-12-05 18:59:00,81.16,81.22,81.21,81.19,73.63287105
2022-12-05 18:58:00,81.15,81.26,81.23,81.21,82.93595331
2022-12-05 18:57:00,81.15,81.24,81.17,81.24,509.68219736
2022-12-05 18:56:00,81.12,81.2,81.15,81.2,7.85606784
2022-12-05 18:55:00,81.11,81.21,81.19,81.15,146.72024191
2022-12-05 18:54:00,81.18,81.3,81.28,81.21,263.433685
2022-12-05 18:53:00,81.25,81.32,81.32,81.3,80.53251635
2022-12-05 18:52:00,81.32,81.43,81.43,81.32,276.07983657
2022-12-05 18:51:00,81.41,81.45,81.43,81.43,12.47673933
2022-12-05 18:50:00,81.41,81.47,81.42,81.42,219.11712376
2022-12-05 18:49:00,81.4,81.49,81.49,81.44,154.19702457
2022-12-05 18:48:00,81.48,81.56,81.56,81.49,64.98861462
2022-12-05 18:47:00,81.45,81.57,81.48,81.57,330.73753239
2022-12-05 18:46:00,81.43,81.5,81.48,81.46,37.32790265
2022-12-05 18:45:00,81.46,81.54,81.52,81.46,41.27716324
2022-12-05 18:44:00,81.48,81.54,81.54,81.54,512.71002632
2022-12-05 18:43:00,81.52,81.57,81.56,81.52,171.42017297
2022-12-05 18:42:00,81.52,81.6,81.54,81.57,138.37051811
2022-12-05 18:41:00,81.53,81.63,81.63,81.54,41.83924296
2022-12-05 18:40:00,81.59,81.66,81.63,81.66,37.45283092
2022-12-05 18:39:00,81.5,81.66,81.53,81.66,124.3442861
2022-12-05 18:38:00,81.5,81.56,81.53,81.53,201.33885656
2022-12-05 18:37:00,81.49,81.56,81.53,81.53,197.40275669
2022-12-05 18:36:00,81.52,81.58,81.53,81.56,13.93100794
2022-12-05 18:35:00,81.53,81.58,81.57,81.55,66.80896279
2022-12-05 18:34:00,81.52,81.6,81.52,81.57,98.3783317
2022-12-05 18:33:00,81.55,81.63,81.58,81.55,195.77144601
2022-12-05 18:32:00,81.55,81.62,81.62,81.58,81.13493198
2022-12-05 18:31:00,81.55,81.68,81.59,81.6,150.89531516
2022-12-05 18:30:00,81.56,81.66,81.66,81.59,144.49192228
2022-12-05 18:29:00,81.65,81.73,81.72,81.66,118.97952188
2022-12-05 18:28:00,81.57,81.73,81.63,81.73,87.53680119
2022-12-05 18:27:00,81.59,81.69,81.63,81.63,206.36281654
2022-12-05 18:26:00,81.57,81.64,81.61,81.61,24.19498403
2022-12-05 18:25:00,81.58,81.69,81.68,81.61,172.4787294
2022-12-05 18:24:00,81.63,81.81,81.64,81.7,624.33474516
2022-12-05 18:23:00,81.54,81.7,81.69,81.61,275.23653572
2022-12-05 18:22:00,81.64,81.72,81.68,81.7,66.48530761
2022-12-05 18:21:00,81.58,81.7,81.6,81.67,203.46488122
2022-12-05 18:20:00,81.52,81.65,81.65,81.61,549.10945876
2022-12-05 18:19:00,81.61,81.7,81.65,81.67,130.76490575
2022-12-05 18:18:00,81.62,81.78,81.77,81.62,387.36238988
2022-12-05 18:17:00,81.63,81.87,81.67,81.78,837.87756423
2022-12-05 18:16:00,81.5,81.75,81.51,81.66,507.63913291
2022-12-05 18:15:00,81.41,81.57,81.41,81.53,170.2799802
2022-12-05 18:14:00,81.31,81.42,81.37,81.42,133.22294808
2022-12-05 18:13:00,81.32,81.42,81.42,81.37,86.119018
2022-12-05 18:12:00,81.33,81.49,81.39,81.42,144.20850275
2022-12-05 18:11:00,81.14,81.4,81.16,81.35,888.28999458
2022-12-05 18:10:00,81.12,81.2,81.12,81.12,334.75024594
2022-12-05 18:09:00,81.1,81.14,81.11,81.13,24.10201665
2022-12-05 18:08:00,81.12,81.18,81.14,81.13,165.92659364
2022-12-05 18:07:00,81.14,81.25,81.17,81.15,153.19564637
2022-12-05 18:06:00,81.11,81.18,81.16,81.17,59.45923709
2022-12-05 18:05:00,81.12,81.3,81.23,81.17,360.46232
2022-12-05 18:04:00,81.1,81.25,81.14,81.25,527.92686931
2022-12-05 18:03:00,81.13,81.17,81.16,81.14,38.99840171
2022-12-05 18:02:00,81.14,81.23,81.19,81.14,204.42011741
2022-12-05 18:01:00,81.17,81.22,81.21,81.2,111.25130722
2022-12-05 18:00:00,81.15,81.25,81.17,81.23,113.45833904
2022-12-05 17:59:00,81.13,81.19,81.18,81.16,279.66092398
2022-12-05 17:58:00,81.12,81.18,81.12,81.17,170.65246026
2022-12-05 17:57:00,81.09,81.14,81.11,81.11,178.63466558
2022-12-05 17:56:00,81.03,81.12,81.09,81.08,98.31229829
2022-12-05 17:55:00,81.02,81.12,81.11,81.1,136.17459585
2022-12-05 17:54:00,81.09,81.17,81.17,81.1,98.77907657
2022-12-05 17:53:00,81.04,81.15,81.11,81.13,166.71573421
2022-12-05 17:52:00,81.09,81.17,81.15,81.1,332.20563803
2022-12-05 17:51:00,81.13,81.31,81.31,81.14,1361.17537307
2022-12-05 17:50:00,81.32,81.41,81.4,81.33,214.47710584
2022-12-05 17:49:00,81.32,81.42,81.38,81.39,210.33856231
2022-12-05 17:48:00,81.41,81.49,81.46,81.41,89.48788954
2022-12-05 17:47:00,81.39,81.48,81.44,81.44,162.87719791
2022-12-05 17:46:00,81.24,81.67,81.27,81.48,560.50866973
2022-12-05 17:45:00,81.22,81.31,81.28,81.29,135.07164388
2022-12-05 17:44:00,81.26,81.31,81.3,81.29,51.02857673
2022-12-05 17:43:00,81.26,81.3,81.3,81.28,113.95079083
2022-12-05 17:42:00,81.18,81.27,81.2,81.26,339.98549714
2022-12-05 17:41:00,81.2,81.31,81.3,81.22,74.36102564
2022-12-05 17:40:00,81.25,81.32,81.31,81.3,52.5318035
2022-12-05 17:39:00,81.29,81.35,81.29,81.32,112.22494043
2022-12-05 17:38:00,81.23,81.32,81.27,81.29,448.74474002
2022-12-05 17:37:00,81.16,81.31,81.19,81.27,199.55692023
2022-12-05 17:36:00,81.06,81.19,81.1,81.19,296.57912165
2022-12-05 17:35:00,80.98,81.11,80.98,81.11,258.16491547
2022-12-05 17:34:00,81.0,81.08,81.05,81.02,155.48687965
2022-12-05 17:33:00,81.02,81.13,81.13,81.05,312.33645477
2022-12-05 17:32:00,81.04,81.13,81.09,81.12,647.93673137
2022-12-05 17:31:00,81.03,81.14,81.06,81.09,239.17941435
2022-12-05 17:30:00,81.0,81.07,81.04,81.07,139.98044041
2022-12-05 17:29:00,81.01,81.08,81.07,81.01,99.04421223
2022-12-05 17:28:00,81.03,81.12,81.08,81.11,59.16688071
2022-12-05 17:27:00,80.95,81.12,80.96,81.07,318.03530706
2022-12-05 17:26:00,80.91,80.97,80.94,80.96,24.42916106
2022-12-05 17:25:00,80.89,81.05,81.01,80.94,153.57584832
2022-12-05 17:24:00,80.98,81.05,80.98,81.03,78.92670885
2022-12-05 17:23:00,80.9,81.05,80.92,80.99,381.38195419
2022-12-05 17:22:00,80.9,81.07,81.02,80.9,908.35603896
2022-12-05 17:21:00,80.89,80.99,80.91,80.96,84.72121684
2022-12-05 17:20:00,80.9,80.96,80.96,80.91,18.58381678
2022-12-05 17:19:00,80.98,81.04,81.03,81.02,114.18310707
2022-12-05 17:18:00,80.94,81.04,80.96,81.04,140.85306034
2022-12-05 17:17:00,80.98,81.04,81.0,80.99,255.0830944
2022-12-05 17:16:00,80.98,81.1,81.1,80.99,342.18413437
2022-12-05 17:15:00,81.07,81.23,81.23,81.11,78.95077324
2022-12-05 17:14:00,81.21,81.3,81.26,81.24,110.03593003
2022-12-05 17:13:00,81.2,81.29,81.22,81.29,68.81321277
2022-12-05 17:12:00,81.18,81.32,81.22,81.18,118.65783626
2022-12-05 17:11:00,81.05,81.22,81.05,81.22,281.19573756
2022-12-05 17:10:00,81.06,81.25,81.2,81.11,436.77150375
2022-12-05 17:09:00,81.09,81.28,81.09,81.25,546.70459935
2022-12-05 17:08:00,81.02,81.16,81.16,81.1,709.65605444
2022-12-05 17:07:00,80.77,81.2,80.85,81.19,735.38279736
2022-12-05 17:06:00,80.83,80.95,80.92,80.86,115.78782337
2022-12-05 17:05:00,80.84,80.95,80.93,80.84,89.05304431
2022-12-05 17:04:00,80.87,80.94,80.9,80.93,93.3938781
2022-12-05 17:03:00,80.86,80.92,80.92,80.9,137.8311902
2022-12-05 17:02:00,80.89,80.96,80.96,80.89,49.0526948
2022-12-05 17:01:00,80.8,80.98,80.8,80.96,253.16789829
2022-12-05 17:00:00,80.58,80.81,80.8,80.79,711.58769827
2022-12-05 16:59:00,80.73,80.92,80.75,80.85,199.46053798
2022-12-05 16:58:00,80.71,80.94,80.91,80.75,443.34020461
2022-12-05 16:57:00,80.8,80.91,80.83,80.91,545.18167035
2022-12-05 16:56:00,80.78,81.11,81.11,80.84,892.24747349
2022-12-05 16:55:00,81.1,81.27,81.27,81.1,496.27128011
2022-12-05 16:54:00,81.16,81.27,81.18,81.27,45.21053099
2022-12-05 16:53:00,81.18,81.29,81.24,81.18,90.3472249
2022-12-05 16:52:00,81.2,81.24,81.23,81.21,24.32207855
2022-12-05 16:51:00,81.14,81.23,81.14,81.21,399.24253819
2022-12-05 16:50:00,81.1,81.18,81.13,81.18,98.73092562
2022-12-05 16:49:00,81.11,81.23,81.23,81.11,133.65510715
2022-12-05 16:48:00,81.16,81.3,81.17,81.27,242.32105092
2022-12-05 16:47:00,81.1,81.18,81.11,81.14,90.17962854
2022-12-05 16:46:00,81.11,81.17,81.15,81.11,54.71923159
2022-12-05 16:45:00,81.14,81.19,81.16,81.15,92.52351396
2022-12-05 16:44:00,81.16,81.25,81.25,81.16,453.6228581
2022-12-05 16:43:00,81.12,81.23,81.17,81.23,171.68978742
2022-12-05 16:42:00,81.11,81.33,81.33,81.18,320.13260184
2022-12-05 16:41:00,81.32,81.37,81.34,81.34,285.38731575
2022-12-05 16:40:00,81.28,81.37,81.34,81.37,50.58989113
2022-12-05 16:39:00,81.25,81.35,81.26,81.33,624.3894386
2022-12-05 16:38:00,81.23,81.3,81.26,81.3,60.8460153
2022-12-05 16:37:00,81.27,81.38,81.33,81.27,112.20129591
2022-12-05 16:36:00,81.29,81.51,81.47,81.33,153.62852568
2022-12-05 16:35:00,81.44,81.62,81.49,81.46,240.16262037
2022-12-05 16:34:00,81.47,81.63,81.47,81.53,271.11144985
2022-12-05 16:33:00,81.38,81.47,81.39,81.47,164.19712994
2022-12-05 16:32:00,81.35,81.41,81.39,81.4,80.35500388
2022-12-05 16:31:00,81.34,81.45,81.4,81.41,483.28837335
2022-12-05 16:30:00,81.19,81.42,81.34,81.39,541.81734117
2022-12-05 16:29:00,81.21,81.35,81.33,81.35,132.01104936
2022-12-05 16:28:00,81.28,81.42,81.28,81.38,378.03549514
2022-12-05 16:27:00,81.14,81.29,81.29,81.23,162.27819912
2022-12-05 16:26:00,81.0,81.34,81.07,81.34,572.7493595
2022-12-05 16:25:00,80.63,80.98,80.93,80.98,1249.88876625
2022-12-05 16:24:00,80.94,81.06,81.01,80.94,158.08746177
2022-12-05 16:23:00,80.79,81.07,80.81,81.0,1531.41141458
2022-12-05 16:22:00,80.68,80.89,80.82,80.85,1015.27556405
2022-12-05 16:21:00,80.79,81.03,80.91,80.83,1118.83434857
2022-12-05 16:20:00,80.8,81.13,81.03,80.9,587.38482947
2022-12-05 16:19:00,80.9,81.46,81.34,81.06,2563.2737915
2022-12-05 16:18:00,81.29,81.43,81.39,81.37,608.37901816
2022-12-05 16:17:00,81.3,81.72,81.72,81.36,1084.20679084
2022-12-05 16:16:00,81.7,81.87,81.87,81.7,249.47414749
2022-12-06 02:16:00,81.05,81.2,81.2,81.06,125.93098608
2022-12-06 02:15:00,81.2,81.24,81.2,81.23,48.63454169
2022-12-06 02:14:00,81.17,81.26,81.23,81.23,199.55160724
2022-12-06 02:13:00,81.2,81.25,81.23,81.22,5.87119538
2022-12-06 02:12:00,81.13,81.21,81.13,81.21,53.84711843
2022-12-06 02:11:00,81.02,81.18,81.02,81.16,485.89640199
2022-12-06 02:10:00,80.97,81.05,81.01,81.05,48.91688443
2022-12-06 02:09:00,80.98,81.03,81.0,81.02,31.51559121
2022-12-06 02:08:00,80.96,81.03,80.98,80.96,41.7666668
2022-12-06 02:07:00,80.88,81.05,80.91,81.02,407.76983644
2022-12-06 02:06:00,80.83,80.9,80.86,80.88,104.8339609
2022-12-06 02:05:00,80.82,80.94,80.84,80.88,43.69949355
2022-12-06 02:04:00,80.76,80.86,80.76,80.84,440.63425578
2022-12-06 02:03:00,80.72,80.78,80.78,80.75,41.74232669
2022-12-06 02:02:00,80.73,80.79,80.75,80.76,45.58727212
2022-12-06 02:01:00,80.67,80.75,80.7,80.75,96.1553293
2022-12-06 02:00:00,80.68,80.7,80.68,80.69,163.48763478
2022-12-06 01:59:00,80.66,80.75,80.71,80.66,45.61419468
2022-12-06 01:58:00,80.64,80.76,80.71,80.71,254.76328297
2022-12-06 01:57:00,80.69,80.73,80.69,80.71,104.78805179
2022-12-06 01:56:00,80.76,80.77,80.76,80.76,6.07114966
2022-12-06 01:55:00,80.7,80.78,80.77,80.74,51.02768977
2022-12-06 01:54:00,80.7,80.77,80.73,80.77,107.76704275
2022-12-06 01:53:00,80.77,80.87,80.84,80.77,37.8355967
2022-12-06 01:52:00,80.86,80.9,80.89,80.86,20.01535259
2022-12-06 01:51:00,80.85,80.9,80.85,80.86,9.74687207
2022-12-06 01:50:00,80.85,80.89,80.85,80.87,28.571747
2022-12-06 01:49:00,80.84,80.9,80.87,80.87,43.18372566
2022-12-06 01:48:00,80.85,80.89,80.88,80.87,7.6994189
2022-12-06 01:47:00,80.85,80.89,80.86,80.85,16.03224806
2022-12-06 01:46:00,80.83,80.89,80.84,80.84,57.00247143
2022-12-06 01:45:00,80.76,80.88,80.76,80.86,20.69871982
2022-12-06 01:44:00,80.76,80.82,80.76,80.81,37.24923662
2022-12-06 01:43:00,80.74,80.86,80.85,80.75,103.86224542
2022-12-06 01:42:00,80.84,80.9,80.88,80.86,182.95026743
2022-12-06 01:41:00,80.88,80.9,80.9,80.89,32.62859999
2022-12-06 01:40:00,80.87,80.93,80.93,80.9,26.29918529
2022-12-06 01:39:00,80.9,80.95,80.9,80.95,6.3632037
2022-12-06 01:38:00,80.95,81.06,81.05,80.95,44.73500137
2022-12-06 01:37:00,81.02,81.06,81.02,81.06,22.06286712
2022-12-06 01:36:00,80.93,81.03,80.93,81.03,33.20259349
2022-12-06 01:35:00,80.9,80.95,80.9,80.9,3.80340164
2022-12-06 01:34:00,80.91,81.0,80.97,80.91,126.53325726
2022-12-06 01:33:00,80.94,81.07,81.03,80.94,119.9168844
2022-12-06 01:32:00,81.01,81.1,81.05,81.04,115.99194899
2022-12-06 01:31:00,80.96,81.05,80.99,81.05,124.80942526
2022-12-06 01:30:00,80.93,80.99,80.93,80.99,9.93580995
2022-12-06 01:29:00,80.91,80.97,80.97,80.91,112.11475013
2022-12-06 01:28:00,80.91,80.99,80.99,80.99,97.45037055
2022-12-06 01:27:00,80.97,81.02,81.01,81.02,27.9389904
2022-12-06 01:26:00,80.94,81.04,81.03,81.0,217.26870267
2022-12-06 01:25:00,81.02,81.06,81.04,81.04,141.52156018
2022-12-06 01:24:00,81.04,81.2,81.2,81.04,182.21482835
2022-12-06 01:23:00,81.18,81.23,81.22,81.21,77.02300402
2022-12-06 01:22:00,81.12,81.23,81.19,81.23,165.32295371
2022-12-06 01:21:00,81.16,81.2,81.16,81.2,59.98723704
2022-12-06 01:20:00,81.11,81.18,81.15,81.14,542.84370887
2022-12-06 01:19:00,81.14,81.32,81.25,81.15,562.8281002
2022-12-06 01:18:00,81.24,81.32,81.32,81.25,45.3139485
2022-12-06 01:17:00,81.3,81.44,81.4,81.32,32.2380531
2022-12-06 01:16:00,81.35,81.43,81.4,81.41,47.68049747
2022-12-06 01:15:00,81.32,81.47,81.46,81.4,208.25569528
2022-12-06 01:14:00,81.38,81.47,81.4,81.47,29.25724545
2022-12-06 01:13:00,81.36,81.47,81.41,81.39,164.53251148
2022-12-06 01:12:00,81.36,81.42,81.37,81.4,59.37663283
2022-12-06 01:11:00,81.34,81.41,81.34,81.38,82.08334284
2022-12-06 01:10:00,81.23,81.35,81.26,81.34,336.11055063
2022-12-06 01:09:00,81.23,81.3,81.29,81.3,291.93204554
2022-12-06 01:08:00,81.25,81.35,81.35,81.3,210.31280455
2022-12-06 01:07:00,81.32,81.42,81.4,81.32,197.34744587
2022-12-06 01:06:00,81.34,81.41,81.34,81.39,74.02042472
2022-12-06 01:05:00,81.28,81.39,81.28,81.37,170.39009314
2022-12-06 01:04:00,81.18,81.34,81.21,81.28,175.3550235
2022-12-06 01:03:00,81.16,81.21,81.18,81.21,33.24504826
2022-12-06 01:02:00,81.13,81.19,81.16,81.15,93.94072183
2022-12-06 01:01:00,81.11,81.23,81.17,81.15,87.24462088
2022-12-06 01:00:00,81.14,81.35,81.32,81.17,120.79814363
2022-12-06 00:59:00,81.18,81.31,81.25,81.31,79.61159566
2022-12-06 00:58:00,81.23,81.36,81.34,81.23,115.11130878
2022-12-06 00:57:00,81.3,81.37,81.33,81.33,217.50916163
2022-12-06 00:56:00,81.31,81.38,81.36,81.33,325.83783735
2022-12-06 00:55:00,81.32,81.46,81.46,81.33,197.89141302
2022-12-06 00:54:00,81.43,81.48,81.43,81.47,1645.03197153
2022-12-06 00:53:00,81.18,81.42,81.18,81.4,329.21258865
2022-12-06 00:52:00,81.16,81.23,81.19,81.21,147.93276522
2022-12-06 00:51:00,81.16,81.23,81.22,81.22,211.13506176
2022-12-06 00:50:00,81.14,81.22,81.2,81.18,124.30011682
2022-12-06 00:49:00,81.19,81.23,81.23,81.2,15.06924117
2022-12-06 00:48:00,81.15,81.24,81.19,81.23,146.21095418
2022-12-06 00:47:00,81.17,81.27,81.17,81.19,204.76309641
2022-12-06 00:46:00,81.15,81.21,81.21,81.17,47.91294663
2022-12-06 00:45:00,81.21,81.32,81.3,81.23,430.26441679
2022-12-06 00:44:00,81.23,81.36,81.23,81.33,289.65697998
2022-12-06 00:43:00,81.17,81.27,81.19,81.21,383.304219
2022-12-06 00:42:00,81.11,81.18,81.12,81.18,355.01941051
2022-12-06 00:41:00,80.97,81.12,81.0,81.1,53.2909189
2022-12-06 00:40:00,80.96,81.11,81.11,80.96,302.38537815
2022-12-06 00:39:00,81.04,81.14,81.05,81.09,505.46004887
2022-12-06 00:38:00,80.91,81.03,80.97,81.02,60.93511459
2022-12-06 00:37:00,80.85,80.97,80.85,80.96,77.57663175
2022-12-06 00:36:00,80.81,80.9,80.84,80.86,66.79330897
2022-12-06 00:35:00,80.75,80.86,80.83,80.85,58.34512259
2022-12-06 00:34:00,80.8,80.87,80.82,80.84,14.68877366
2022-12-06 00:33:00,80.71,80.83,80.76,80.82,53.17664443
2022-12-06 00:32:00,80.71,80.77,80.76,80.76,74.45911367
2022-12-06 00:31:00,80.71,80.76,80.71,80.75,129.40274511
2022-12-06 00:30:00,80.7,80.8,80.8,80.77,69.0586551
2022-12-06 00:29:00,80.81,80.86,80.84,80.81,28.14056899
2022-12-06 00:28:00,80.8,80.9,80.86,80.85,152.28026188
2022-12-06 00:27:00,80.67,80.89,80.67,80.89,144.6568758
2022-12-06 00:26:00,80.65,80.89,80.87,80.66,506.96956508
2022-12-06 00:25:00,80.83,80.93,80.92,80.87,409.6389017
2022-12-06 00:24:00,80.86,80.95,80.91,80.92,140.94021421
2022-12-06 00:23:00,80.72,80.9,80.76,80.9,157.95990748
2022-12-06 00:22:00,80.59,80.72,80.66,80.72,439.10201934
2022-12-06 00:21:00,80.59,80.71,80.62,80.68,152.53873418
2022-12-06 00:20:00,80.52,80.64,80.52,80.59,552.59184931
2022-12-06 00:19:00,80.45,80.62,80.51,80.51,1580.86104122
2022-12-06 00:18:00,80.52,80.65,80.57,80.53,115.49579309
2022-12-06 00:17:00,80.53,80.64,80.61,80.55,50.69417841
2022-12-06 00:16:00,80.62,80.71,80.64,80.65,80.89368239
2022-12-06 00:15:00,80.69,80.88,80.87,80.69,141.19877724
2022-12-06 00:14:00,80.83,80.98,80.83,80.88,371.51086638
2022-12-06 00:13:00,80.56,80.84,80.58,80.83,234.54160453
2022-12-06 00:12:00,80.54,80.77,80.71,80.61,524.13188435
2022-12-06 00:11:00,80.62,80.73,80.72,80.71,63.86540349
2022-12-06 00:10:00,80.56,80.72,80.6,80.69,231.1794121
2022-12-06 00:09:00,80.55,80.67,80.55,80.64,134.57133123
2022-12-06 00:08:00,80.41,80.53,80.42,80.53,88.8771501
2022-12-06 00:07:00,80.38,80.48,80.48,80.45,60.3645469
2022-12-06 00:06:00,80.4,80.54,80.54,80.48,72.06574091
2022-12-06 00:05:00,80.38,80.53,80.38,80.51,138.27380835
2022-12-06 00:04:00,80.26,80.41,80.26,80.38,100.55975197
2022-12-06 00:03:00,80.17,80.25,80.19,80.25,41.68919317
2022-12-06 00:02:00,80.1,80.19,80.12,80.18,347.38787904
2022-12-06 00:01:00,80.09,80.22,80.21,80.12,377.91356589
2022-12-06 00:00:00,80.19,80.25,80.21,80.19,126.91569586
2022-12-05 23:59:00,80.17,80.21,80.21,80.21,46.59212976
2022-12-05 23:58:00,80.2,80.23,80.23,80.2,152.5151268
2022-12-05 23:57:00,80.24,80.29,80.28,80.25,145.05925333
2022-12-05 23:56:00,80.19,80.28,80.21,80.28,103.87682959
2022-12-05 23:55:00,80.19,80.22,80.19,80.21,110.27045241
2022-12-05 23:54:00,80.1,80.2,80.17,80.19,168.24900248
2022-12-05 23:53:00,80.16,80.22,80.21,80.16,91.78295185
2022-12-05 23:52:00,80.13,80.22,80.17,80.19,323.35764067
2022-12-05 23:51:00,80.15,80.25,80.25,80.15,480.33406294
2022-12-05 23:50:00,80.21,80.29,80.25,80.25,770.13913701
2022-12-05 23:49:00,80.24,80.32,80.24,80.24,193.02033448
2022-12-05 23:48:00,80.21,80.33,80.33,80.24,75.36146897
2022-12-05 23:47:00,80.3,80.36,80.3,80.3,45.30656652
2022-12-05 23:46:00,80.26,80.3,80.27,80.3,25.07120743
2022-12-05 23:45:00,80.22,80.3,80.3,80.26,50.78925278
2022-12-05 23:44:00,80.24,80.33,80.26,80.33,82.91841616
2022-12-05 23:43:00,80.21,80.26,80.24,80.22,63.04124264
2022-12-05 23:42:00,80.2,80.25,80.21,80.24,39.17140708
2022-12-05 23:41:00,80.17,80.33,80.3,80.21,343.76539118
2022-12-05 23:40:00,80.32,80.46,80.44,80.35,138.74755337
2022-12-05 23:39:00,80.29,80.43,80.3,80.43,144.08955878
2022-12-05 23:38:00,80.23,80.3,80.28,80.3,79.81946502
2022-12-05 23:37:00,80.16,80.28,80.2,80.27,81.57973213
2022-12-05 23:36:00,80.13,80.22,80.21,80.2,73.94329945
2022-12-05 23:35:00,80.11,80.21,80.16,80.21,30.30431413
2022-12-05 23:34:00,80.11,80.18,80.11,80.17,16.74504928
2022-12-05 23:33:00,80.11,80.16,80.16,80.12,40.87757195
2022-12-05 23:32:00,80.09,80.18,80.16,80.15,69.47300531
2022-12-05 23:31:00,80.03,80.19,80.05,80.18,241.00849741
2022-12-05 23:30:00,79.96,80.08,79.96,80.05,57.88784602
2022-12-05 23:29:00,79.84,80.05,79.89,80.03,106.2888403
2022-12-05 23:28:00,79.87,79.96,79.96,79.89,384.56406556
2022-12-05 23:27:00,79.94,79.98,79.97,79.95,15.86561129
2022-12-05 23:26:00,79.92,80.01,80.01,79.98,405.34670716
2022-12-05 23:25:00,80.0,80.07,80.07,80.01,140.69116947
2022-12-05 23:24:00,79.98,80.08,80.03,80.07,318.44995112
2022-12-05 23:23:00,79.99,80.1,80.09,80.03,427.47906553
2022-12-05 23:22:00,79.99,80.12,80.03,80.12,524.08672234
2022-12-05 23:21:00,79.95,80.14,80.14,80.0,1109.70122456
2022-12-05 23:20:00,80.09,80.25,80.22,80.09,100.81115162
2022-12-05 23:19:00,80.11,80.26,80.24,80.23,745.8315634
2022-12-05 23:18:00,80.25,80.32,80.32,80.26,186.83009677
2022-12-05 23:17:00,80.25,80.32,80.29,80.32,77.06031882
2022-12-05 23:16:00,80.28,80.38,80.36,80.32,104.99986256
2022-12-05 23:15:00,80.34,80.41,80.34,80.39,186.11106773
2022-12-05 23:14:00,80.33,80.42,80.4,80.33,304.50743657
2022-12-05 23:13:00,80.4,80.46,80.46,80.4,9.67168635
2022-12-05 23:12:00,80.4,80.46,80.41,80.43,119.93118942
2022-12-05 23:11:00,80.41,80.45,80.44,80.44,13.06204337
2022-12-05 23:10:00,80.38,80.44,80.41,80.42,51.22439492
2022-12-05 23:09:00,80.41,80.49,80.43,80.45,115.23244867
2022-12-05 23:08:00,80.41,80.55,80.54,80.41,25.16254887
2022-12-05 23:07:00,80.52,80.61,80.57,80.52,118.80167347
2022-12-05 23:06:00,80.51,80.63,80.54,80.57,284.26298014
2022-12-05 23:05:00,80.39,80.53,80.4,80.53,52.52080347
2022-12-05 23:04:00,80.27,80.4,80.35,80.4,121.1531053
2022-12-05 23:03:00,80.24,80.36,80.35,80.34,421.39480671
2022-12-05 23:02:00,80.31,80.37,80.37,80.34,109.25875208
2022-12-05 23:01:00,80.35,80.39,80.37,80.35,123.12004247
2022-12-05 23:00:00,80.36,80.42,80.42,80.38,73.59283336
2022-12-05 22:59:00,80.39,80.46,80.46,80.41,173.42368497
2022-12-05 22:58:00,80.41,80.5,80.41,80.48,262.76473887
2022-12-05 22:57:00,80.36,80.43,80.4,80.42,40.83671192
2022-12-05 22:56:00,80.36,80.43,80.4,80.43,24.07599044
2022-12-05 22:55:00,80.31,80.4,80.4,80.39,13.1330905
2022-12-05 22:54:00,80.35,80.39,80.35,80.39,26.06184742
2022-12-05 22:53:00,80.2,80.41,80.2,80.4,126.79289866
2022-12-05 22:52:00,80.13,80.22,80.16,80.22,58.07487021
2022-12-05 22:51:00,80.14,80.26,80.25,80.14,15.43021754
2022-12-05 22:50:00,80.18,80.24,80.18,80.24,63.52143652
2022-12-05 22:49:00,80.11,80.22,80.16,80.18,48.6226818
2022-12-05 22:48:00,80.07,80.16,80.07,80.13,53.31193763
2022-12-05 22:47:00,80.08,80.13,80.12,80.1,18.44028691
2022-12-05 22:46:00,80.1,80.15,80.13,80.12,66.95979984
2022-12-05 22:45:00,80.13,80.23,80.23,80.14,45.15005361
2022-12-05 22:44:00,80.15,80.25,80.21,80.24,271.51449838
2022-12-05 22:43:00,80.18,80.3,80.3,80.21,18.09845602
2022-12-05 22:42:00,80.2,80.3,80.24,80.29,57.7598636
2022-12-05 22:41:00,80.17,80.24,80.19,80.2,193.35297
2022-12-05 22:40:00,80.11,80.21,80.21,80.19,22.58096093
2022-12-05 22:39:00,80.17,80.23,80.22,80.22,66.67825834
2022-12-05 22:38:00,80.07,80.22,80.07,80.22,75.00197597
2022-12-05 22:37:00,80.05,80.12,80.1,80.1,105.11736267
2022-12-05 22:36:00,80.02,80.1,80.02,80.1,135.77217965
2022-12-05 22:35:00,79.99,80.08,80.06,80.02,126.51123085
2022-12-05 22:34:00,80.02,80.06,80.03,80.05,12.93380164
2022-12-05 22:33:00,79.98,80.06,80.01,80.04,74.32668604
2022-12-05 22:32:00,79.93,79.99,79.96,79.99,7.81487324
2022-12-05 22:31:00,79.93,79.97,79.97,79.96,16.74882292
2022-12-05 22:30:00,79.93,79.96,79.96,79.93,31.26934229
2022-12-05 22:29:00,79.92,79.96,79.95,79.96,65.07597649
2022-12-05 22:28:00,79.89,79.95,79.93,79.93,61.9323105
2022-12-05 22:27:00,79.89,79.93,79.91,79.93,61.79567036
2022-12-05 22:26:00,79.87,79.94,79.94,79.87,8.5958541
2022-12-05 22:25:00,79.91,79.95,79.93,79.94,19.73698979
2022-12-05 22:24:00,79.91,79.95,79.94,79.95,47.96553893
2022-12-05 22:23:00,79.9,79.94,79.92,79.94,106.82895667
2022-12-05 22:22:00,79.91,79.94,79.93,79.93,67.83496546
2022-12-05 22:21:00,79.92,79.98,79.98,79.93,111.87477092
2022-12-05 22:20:00,79.94,80.04,80.02,79.97,93.97461051
2022-12-05 22:19:00,80.01,80.07,80.01,80.05,32.53544553
2022-12-05 22:18:00,80.01,80.07,80.05,80.04,7.05142331
2022-12-05 22:17:00,79.98,80.05,79.98,80.04,22.65978457
2022-12-05 22:16:00,79.97,80.0,80.0,80.0,7.6341665
2022-12-05 22:15:00,79.97,80.06,80.05,79.97,141.95372336
2022-12-05 22:14:00,79.98,80.05,80.03,80.05,30.99823824
2022-12-05 22:13:00,79.97,80.02,80.01,80.0,85.96374107
2022-12-05 22:12:00,79.93,80.0,79.96,80.0,15.33365659
2022-12-05 22:11:00,79.91,79.98,79.92,79.98,74.15434871
2022-12-05 22:10:00,79.92,79.95,79.95,79.92,93.25623161
2022-12-05 22:09:00,79.95,80.03,80.03,79.96,327.39100432
2022-12-05 22:08:00,79.97,80.03,79.98,80.03,59.47121554
2022-12-05 22:07:00,79.95,80.0,80.0,79.99,121.1973584
2022-12-05 22:06:00,79.97,80.02,79.97,79.98,172.71602286
2022-12-05 22:05:00,79.97,80.09,80.06,79.99,40.90373535
2022-12-05 22:04:00,80.02,80.1,80.05,80.06,54.06695051
2022-12-05 22:03:00,79.95,80.05,79.98,80.05,258.41932215
2022-12-05 22:02:00,79.96,80.0,79.97,79.96,15.91577954
2022-12-05 22:01:00,79.93,80.01,79.98,79.98,267.72105068
2022-12-05 22:00:00,79.97,80.08,80.07,79.98,399.66475848
2022-12-05 21:59:00,80.07,80.11,80.09,80.09,41.39470177
2022-12-05 21:58:00,80.03,80.1,80.07,80.09,247.51333132
2022-12-05 21:57:00,80.01,80.06,80.03,80.05,61.6777982
2022-12-05 21:56:00,79.98,80.05,79.98,80.05,68.09649393
2022-12-05 21:55:00,79.97,80.05,80.05,79.99,39.60259225
2022-12-05 21:54:00,80.0,80.08,80.06,80.03,240.27082617
2022-12-05 21:53:00,80.04,80.13,80.1,80.04,813.66891965
2022-12-05 21:52:00,80.03,80.11,80.04,80.07,66.36886176
2022-12-05 21:51:00,80.02,80.07,80.06,80.05,77.5870225
2022-12-05 21:50:00,80.0,80.05,80.05,80.04,13.85986766
2022-12-05 21:49:00,80.1,80.13,80.11,80.12,80.56946026
2022-12-05 21:48:00,80.01,80.11,80.1,80.1,220.37479983
2022-12-05 21:47:00,79.98,80.09,80.0,80.08,160.55745977
2022-12-05 21:46:00,79.97,80.04,80.02,80.0,46.29023914
2022-12-05 21:45:00,79.95,80.02,80.01,79.97,52.41623357
2022-12-05 21:44:00,80.01,80.08,80.04,80.01,521.53065968
2022-12-05 21:43:00,79.94,80.1,79.99,80.03,509.09220556
2022-12-05 21:42:00,79.91,80.0,80.0,79.97,26.56414576
2022-12-05 21:41:00,79.93,80.0,79.98,80.0,16.02126525
2022-12-05 21:40:00,79.94,80.0,79.97,79.95,22.07560895
2022-12-05 21:39:00,79.94,79.99,79.95,79.98,55.57624676
2022-12-05 21:38:00,79.89,79.97,79.89,79.97,218.65041011
2022-12-05 21:37:00,79.88,79.91,79.91,79.89,7.91107668
2022-12-05 21:36:00,79.87,79.92,79.91,79.89,34.48736076
2022-12-05 21:35:00,79.87,79.93,79.93,79.92,215.94639544
2022-12-05 21:34:00,79.91,79.99,79.94,79.94,195.6468302
2022-12-05 21:33:00,79.86,79.95,79.94,79.92,83.9801334
2022-12-05 21:32:00,79.86,79.96,79.91,79.92,119.49168852
2022-12-05 21:31:00,79.8,79.91,79.86,79.91,369.99858006
2022-12-05 21:30:00,79.86,79.99,79.99,79.86,369.80361989
2022-12-05 21:29:00,79.97,80.0,79.98,79.99,40.88392534
2022-12-05 21:28:00,79.92,79.98,79.92,79.98,162.13621195
2022-12-05 21:27:00,79.9,79.96,79.9,79.92,109.44542071
2022-12-05 21:26:00,79.9,79.97,79.95,79.91,203.56494494
2022-12-05 21:25:00,79.91,79.99,79.99,79.93,55.06653927
2022-12-05 21:24:00,79.97,80.02,79.98,79.97,36.59835258
2022-12-05 21:23:00,79.91,79.97,79.92,79.97,126.63874087
2022-12-05 21:22:00,79.9,79.99,79.95,79.91,158.28934088
2022-12-05 21:21:00,79.88,79.95,79.88,79.95,20.43513261
2022-12-05 21:20:00,79.84,79.93,79.92,79.91,89.37897608
2022-12-05 21:19:00,79.92,79.99,79.95,79.96,85.4248544
2022-12-05 21:18:00,79.86,79.98,79.88,79.95,196.82197863
2022-12-05 21:17:00,79.85,79.88,79.87,79.87,21.26228836
2022-12-05 21:16:00,79.77,79.86,79.8,79.86,88.09539727
2022-12-06 07:08:00,80.38,80.43,80.42,80.42,94.11011364
