datetime,open,high,low,close,volume
2022-03-01 15:17:00,113.13,113.37,113.24,113.24,673.94561863
2022-03-02 01:17:00,112.97,113.17,113.12,113.07,210.51914615
2022-03-02 01:16:00,113.08,113.36,113.35,113.12,108.02443916
2022-03-02 01:15:00,113.26,113.63,113.57,113.35,87.84848795
2022-03-02 01:14:00,113.47,113.61,113.47,113.57,217.82701305
2022-03-02 01:13:00,113.37,113.49,113.41,113.47,52.93343657
2022-03-02 01:12:00,113.36,113.61,113.61,113.39,463.28378922
2022-03-02 01:11:00,113.55,113.65,113.64,113.6,41.31648021
2022-03-02 01:10:00,113.55,113.86,113.78,113.65,111.99452867
2022-03-02 01:09:00,113.62,113.79,113.68,113.79,164.86340235
2022-03-02 01:08:00,113.3,113.65,113.44,113.65,355.32766737
2022-03-02 01:07:00,113.03,113.49,113.06,113.49,757.59436563
2022-03-02 01:06:00,112.91,113.11,112.91,113.06,68.25376353
2022-03-02 01:05:00,112.82,113.02,113.01,112.87,89.18269793
2022-03-02 01:04:00,112.82,113.06,112.96,112.95,72.64626093
2022-03-02 01:03:00,112.62,113.08,112.63,113.0,112.60487641
2022-03-02 01:02:00,112.36,112.58,112.46,112.51,267.95824769
2022-03-02 01:01:00,112.47,112.66,112.65,112.47,30.3051161
2022-03-02 01:00:00,112.51,112.74,112.72,112.7,109.9629708
2022-03-02 00:59:00,112.44,112.66,112.52,112.66,91.65773926
2022-03-02 00:58:00,112.42,112.56,112.52,112.49,69.96846509
2022-03-02 00:57:00,112.25,112.52,112.3,112.49,114.63097144
2022-03-02 00:56:00,112.19,112.35,112.19,112.35,27.59812848
2022-03-02 00:55:00,112.01,112.24,112.17,112.17,143.86276902
2022-03-02 00:54:00,112.15,112.24,112.24,112.19,80.44598508
2022-03-02 00:53:00,111.91,112.3,111.97,112.27,231.46154404
2022-03-02 00:52:00,111.92,112.04,111.92,111.92,77.40502949
2022-03-02 00:51:00,111.89,112.07,112.05,111.92,120.11265197
2022-03-02 00:50:00,112.04,112.19,112.16,112.06,189.56988538
2022-03-02 00:49:00,112.12,112.4,112.34,112.13,138.29703812
2022-03-02 00:48:00,112.27,112.42,112.31,112.29,188.83968977
2022-03-02 00:47:00,112.32,112.56,112.32,112.35,152.50897513
2022-03-02 00:46:00,112.31,112.6,112.37,112.31,235.29390503
2022-03-02 00:45:00,111.99,112.39,111.99,112.36,183.86687896
2022-03-02 00:44:00,111.97,112.34,112.34,111.97,256.93494395
2022-03-02 00:43:00,112.27,112.49,112.35,112.37,204.47837887
2022-03-02 00:42:00,112.24,112.37,112.25,112.35,643.67550638
2022-03-02 00:41:00,112.05,112.23,112.18,112.23,43.70865018
2022-03-02 00:40:00,112.02,112.23,112.15,112.18,1035.18984974
2022-03-02 00:39:00,111.54,112.24,111.54,112.24,1155.42380051
2022-03-02 00:38:00,111.1,111.54,111.1,111.51,223.25161156
2022-03-02 00:37:00,110.86,111.21,110.9,111.11,162.49053133
2022-03-02 00:36:00,110.69,110.95,110.73,110.84,243.5951988
2022-03-02 00:35:00,110.72,110.91,110.72,110.76,495.98084038
2022-03-02 00:34:00,110.67,110.91,110.91,110.67,721.23104137
2022-03-02 00:33:00,111.02,111.27,111.27,111.03,134.62828055
2022-03-02 00:32:00,110.87,111.24,110.95,111.24,362.65436521
2022-03-02 00:31:00,110.93,111.2,111.11,110.93,1320.39194991
2022-03-02 00:30:00,111.02,111.46,111.46,111.03,178.47649691
2022-03-02 00:29:00,111.18,111.41,111.18,111.4,1266.50338275
2022-03-02 00:28:00,111.13,111.47,111.38,111.13,340.2188114
2022-03-02 00:27:00,111.24,111.54,111.5,111.38,84.51533294
2022-03-02 00:26:00,110.9,111.49,110.98,111.49,362.14102044
2022-03-02 00:25:00,110.99,111.41,111.41,110.99,561.12193195
2022-03-02 00:24:00,111.42,111.93,111.93,111.42,60.95427504
2022-03-02 00:23:00,111.9,112.17,112.16,111.9,61.79336298
2022-03-02 00:22:00,112.11,112.31,112.23,112.17,27.85204873
2022-03-02 00:21:00,112.04,112.23,112.08,112.22,60.80279777
2022-03-02 00:20:00,112.1,112.31,112.29,112.12,63.99455443
2022-03-02 00:19:00,112.21,112.33,112.32,112.25,116.67949297
2022-03-02 00:18:00,112.08,112.3,112.12,112.24,152.07477697
2022-03-02 00:17:00,112.09,112.28,112.28,112.13,68.6247996
2022-03-02 00:16:00,112.23,112.39,112.39,112.32,219.22934175
2022-03-02 00:15:00,112.29,112.44,112.44,112.42,67.76435315
2022-03-02 00:14:00,112.19,112.44,112.19,112.44,143.25946006
2022-03-02 00:13:00,111.92,112.21,111.93,112.19,102.52129025
2022-03-02 00:12:00,111.91,112.15,112.09,111.97,122.08361895
2022-03-02 00:11:00,111.99,112.14,112.09,112.14,64.44090763
2022-03-02 00:10:00,111.88,112.21,111.88,112.02,136.24663244
2022-03-02 00:09:00,111.74,111.9,111.84,111.88,152.84008124
2022-03-02 00:08:00,111.86,112.09,112.02,111.89,94.31945609
2022-03-02 00:07:00,111.95,112.25,112.2,112.08,179.58592678
2022-03-02 00:06:00,112.12,112.46,112.46,112.13,142.44089087
2022-03-02 00:05:00,112.46,112.75,112.54,112.46,222.40576678
2022-03-02 00:04:00,112.07,112.63,112.07,112.57,444.00964351
2022-03-02 00:03:00,112.0,112.36,112.24,112.07,481.49089396
2022-03-02 00:02:00,111.89,112.23,112.15,112.23,1120.89070101
2022-03-02 00:01:00,112.19,112.51,112.39,112.19,145.5235904
2022-03-02 00:00:00,112.4,112.74,112.72,112.44,201.3817803
2022-03-01 23:59:00,112.59,112.67,112.62,112.66,12.17096542
2022-03-01 23:58:00,112.59,112.65,112.59,112.59,138.36824521
2022-03-01 23:57:00,112.54,112.69,112.58,112.62,89.82413377
2022-03-01 23:56:00,112.54,112.63,112.61,112.58,61.6001102
2022-03-01 23:55:00,112.55,112.65,112.56,112.6,101.84373659
2022-03-01 23:54:00,112.49,112.57,112.55,112.57,40.36123118
2022-03-01 23:53:00,112.51,112.62,112.6,112.56,55.25783065
2022-03-01 23:52:00,112.6,112.73,112.73,112.6,199.85387286
2022-03-01 23:51:00,112.64,112.76,112.64,112.67,31.82904733
2022-03-01 23:50:00,112.57,112.78,112.59,112.64,336.30426869
2022-03-01 23:49:00,112.51,112.61,112.51,112.55,139.67377661
2022-03-01 23:48:00,112.43,112.53,112.51,112.49,91.09776391
2022-03-01 23:47:00,112.46,112.54,112.54,112.46,81.4143976
2022-03-01 23:46:00,112.47,112.55,112.53,112.54,61.2681576
2022-03-01 23:45:00,112.41,112.56,112.43,112.49,119.17218524
2022-03-01 23:44:00,112.49,112.6,112.6,112.5,77.9306167
2022-03-01 23:43:00,112.39,112.56,112.41,112.52,226.04312769
2022-03-01 23:42:00,112.41,112.53,112.52,112.41,15.33841178
2022-03-01 23:41:00,112.37,112.53,112.53,112.46,25.79264728
2022-03-01 23:40:00,112.46,112.55,112.51,112.54,12.41178459
2022-03-01 23:39:00,112.44,112.59,112.58,112.53,173.66086176
2022-03-01 23:38:00,112.52,112.72,112.68,112.56,64.07917042
2022-03-01 23:37:00,112.43,112.61,112.47,112.6,154.29036746
2022-03-01 23:36:00,112.34,112.47,112.38,112.47,77.72903221
2022-03-01 23:35:00,112.19,112.4,112.28,112.39,117.85663651
2022-03-01 23:34:00,112.13,112.29,112.15,112.26,96.53111031
2022-03-01 23:33:00,111.97,112.16,111.99,112.16,74.07571898
2022-03-01 23:32:00,111.94,112.07,112.07,111.98,36.95803124
2022-03-01 23:31:00,111.93,112.12,112.12,112.05,83.6251657
2022-03-01 23:30:00,112.06,112.26,112.24,112.14,79.97082025
2022-03-01 23:29:00,112.24,112.49,112.49,112.24,83.51180559
2022-03-01 23:28:00,112.37,112.5,112.43,112.5,32.87374405
2022-03-01 23:27:00,112.39,112.51,112.39,112.41,55.95553071
2022-03-01 23:26:00,112.29,112.41,112.41,112.35,54.15447513
2022-03-01 23:25:00,112.32,112.4,112.34,112.4,28.07625035
2022-03-01 23:24:00,112.35,112.49,112.43,112.4,151.36925559
2022-03-01 23:23:00,112.39,112.48,112.41,112.48,34.64262964
2022-03-01 23:22:00,112.32,112.45,112.37,112.43,9.24926465
2022-03-01 23:21:00,112.26,112.38,112.27,112.32,67.23917346
2022-03-01 23:20:00,112.24,112.37,112.26,112.31,101.73617309
2022-03-01 23:19:00,112.16,112.33,112.2,112.32,77.6771173
2022-03-01 23:18:00,111.98,112.21,111.98,112.21,27.80311821
2022-03-01 23:17:00,111.89,112.12,111.94,112.03,46.52179573
2022-03-01 23:16:00,111.92,112.06,112.02,111.94,33.23067224
2022-03-01 23:15:00,112.01,112.17,112.04,112.05,714.84213644
2022-03-01 23:14:00,111.85,112.07,111.87,112.07,141.02311595
2022-03-01 23:13:00,111.88,112.0,111.92,111.91,100.33183667
2022-03-01 23:12:00,111.82,111.94,111.91,111.92,62.39379627
2022-03-01 23:11:00,111.77,111.94,111.82,111.87,87.69312842
2022-03-01 23:10:00,111.83,112.22,112.2,111.83,46.76405773
2022-03-01 23:09:00,112.16,112.46,112.31,112.17,198.35125893
2022-03-01 23:08:00,112.27,112.35,112.3,112.34,22.27262768
2022-03-01 23:07:00,112.24,112.34,112.26,112.31,15.04552345
2022-03-01 23:06:00,112.15,112.32,112.16,112.27,83.55461888
2022-03-01 23:05:00,112.09,112.24,112.24,112.15,22.35615467
2022-03-01 23:04:00,112.15,112.25,112.18,112.22,77.01563094
2022-03-01 23:03:00,112.11,112.29,112.29,112.14,80.62932273
2022-03-01 23:02:00,112.22,112.29,112.24,112.29,78.94538392
2022-03-01 23:01:00,112.14,112.24,112.14,112.24,72.3497867
2022-03-01 23:00:00,112.03,112.14,112.07,112.14,55.48661605
2022-03-01 22:59:00,111.97,112.06,112.02,112.06,98.38719454
2022-03-01 22:58:00,111.98,112.07,112.04,112.01,162.13724902
2022-03-01 22:57:00,112.02,112.16,112.1,112.02,70.50331765
2022-03-01 22:56:00,111.77,112.23,111.83,112.08,546.51852585
2022-03-01 22:55:00,111.8,112.13,112.09,111.8,354.36179868
2022-03-01 22:54:00,112.08,112.32,112.3,112.13,148.19473829
2022-03-01 22:53:00,112.24,112.41,112.4,112.35,328.8571374
2022-03-01 22:52:00,112.39,112.63,112.53,112.44,916.85470822
2022-03-01 22:51:00,112.48,112.75,112.75,112.57,52.76345231
2022-03-01 22:50:00,112.76,112.86,112.8,112.78,24.40913814
2022-03-01 22:49:00,112.77,112.87,112.8,112.78,36.42173283
2022-03-01 22:48:00,112.79,113.01,112.93,112.8,54.25334703
2022-03-01 22:47:00,112.91,112.99,112.94,112.93,41.0807236
2022-03-01 22:46:00,112.89,113.06,112.98,112.94,18.99127234
2022-03-01 22:45:00,112.98,113.23,113.2,113.04,54.14013886
2022-03-01 22:44:00,112.91,113.26,112.93,113.23,315.54360619
2022-03-01 22:43:00,112.82,112.92,112.84,112.87,53.24873935
2022-03-01 22:42:00,112.74,112.89,112.87,112.78,33.86379113
2022-03-01 22:41:00,112.71,112.93,112.73,112.86,50.84175961
2022-03-01 22:40:00,112.51,112.77,112.57,112.73,58.03182996
2022-03-01 22:39:00,112.57,112.67,112.65,112.58,74.48799532
2022-03-01 22:38:00,112.61,112.66,112.66,112.65,34.11532163
2022-03-01 22:37:00,112.57,112.75,112.58,112.66,58.60983565
2022-03-01 22:36:00,112.41,112.59,112.44,112.55,30.23873811
2022-03-01 22:35:00,112.38,112.44,112.42,112.43,7.278168
2022-03-01 22:34:00,112.24,112.38,112.31,112.38,107.726782
2022-03-01 22:33:00,112.22,112.31,112.24,112.31,48.48789371
2022-03-01 22:32:00,112.21,112.34,112.21,112.29,24.78045273
2022-03-01 22:31:00,112.18,112.28,112.27,112.2,78.48252919
2022-03-01 22:30:00,112.27,112.33,112.27,112.3,53.64884776
2022-03-01 22:29:00,112.27,112.37,112.35,112.28,20.19721944
2022-03-01 22:28:00,112.28,112.39,112.35,112.33,175.99869694
2022-03-01 22:27:00,112.27,112.38,112.31,112.38,32.68371475
2022-03-01 22:26:00,112.2,112.3,112.22,112.3,38.77404735
2022-03-01 22:25:00,112.19,112.45,112.42,112.21,48.34259564
2022-03-01 22:24:00,112.42,112.48,112.48,112.42,54.59124932
2022-03-01 22:23:00,112.34,112.48,112.34,112.48,88.43151967
2022-03-01 22:22:00,112.19,112.34,112.19,112.33,66.96236162
2022-03-01 22:21:00,112.1,112.27,112.13,112.15,64.51857444
2022-03-01 22:20:00,111.71,112.15,111.72,112.15,168.03929435
2022-03-01 22:19:00,111.68,111.77,111.72,111.76,17.37326027
2022-03-01 22:18:00,111.72,111.79,111.77,111.72,31.96740642
2022-03-01 22:17:00,111.77,111.89,111.88,111.77,8.45808642
2022-03-01 22:16:00,111.83,111.89,111.85,111.89,29.41849429
2022-03-01 22:15:00,111.69,111.85,111.72,111.81,51.06680062
2022-03-01 22:14:00,111.65,111.79,111.68,111.75,412.99585015
2022-03-01 22:13:00,111.6,111.74,111.72,111.72,37.96223799
2022-03-01 22:12:00,111.53,111.73,111.54,111.72,193.61174381
2022-03-01 22:11:00,111.51,111.56,111.56,111.53,56.36768365
2022-03-01 22:10:00,111.47,111.63,111.63,111.56,49.86499455
2022-03-01 22:09:00,111.61,111.73,111.72,111.61,279.72041841
2022-03-01 22:08:00,111.61,111.73,111.61,111.67,79.60033079
2022-03-01 22:07:00,111.58,111.68,111.64,111.58,69.57342505
2022-03-01 22:06:00,111.57,111.72,111.6,111.7,619.86908538
2022-03-01 22:05:00,111.45,111.57,111.54,111.57,106.7665222
2022-03-01 22:04:00,111.4,111.54,111.43,111.54,83.11164606
2022-03-01 22:03:00,111.4,111.51,111.42,111.43,99.52651361
2022-03-01 22:02:00,111.37,111.59,111.48,111.41,133.68558546
2022-03-01 22:01:00,111.52,111.75,111.7,111.52,119.32145809
2022-03-01 22:00:00,111.56,111.71,111.56,111.7,316.02042557
2022-03-01 21:59:00,111.46,111.6,111.57,111.49,121.87115683
2022-03-01 21:58:00,111.61,111.84,111.82,111.65,182.32858015
2022-03-01 21:57:00,111.81,111.93,111.84,111.84,1032.05857426
2022-03-01 21:56:00,111.72,111.98,111.8,111.81,741.79823106
2022-03-01 21:55:00,111.55,111.8,111.55,111.78,238.22892894
2022-03-01 21:54:00,111.49,111.62,111.56,111.52,42.8687597
2022-03-01 21:53:00,111.48,111.58,111.5,111.53,41.5541223
2022-03-01 21:52:00,111.42,111.61,111.6,111.46,2238.745756
2022-03-01 21:51:00,111.57,111.87,111.81,111.57,93.53035407
2022-03-01 21:50:00,111.62,111.79,111.68,111.73,111.97459324
2022-03-01 21:49:00,111.63,111.75,111.71,111.67,295.53476289
2022-03-01 21:48:00,111.7,111.92,111.87,111.78,261.77030138
2022-03-01 21:47:00,111.55,111.89,111.55,111.88,114.07981001
2022-03-01 21:46:00,111.44,111.61,111.49,111.44,22.29214732
2022-03-01 21:45:00,111.32,111.59,111.32,111.53,165.7279214
2022-03-01 21:44:00,111.27,111.47,111.32,111.27,109.98559973
2022-03-01 21:43:00,111.28,111.51,111.47,111.32,117.03290923
2022-03-01 21:42:00,111.32,111.51,111.51,111.43,19.05754169
2022-03-01 21:41:00,111.41,111.66,111.6,111.53,177.14728096
2022-03-01 21:40:00,111.45,111.59,111.47,111.59,128.6727814
2022-03-01 21:39:00,111.45,111.58,111.48,111.47,96.06228335
2022-03-01 21:38:00,111.32,111.52,111.32,111.46,95.16928973
2022-03-01 21:37:00,111.33,111.53,111.41,111.36,53.37983634
2022-03-01 21:36:00,111.4,111.66,111.66,111.45,79.69904993
2022-03-01 21:35:00,111.44,111.59,111.48,111.58,111.88858538
2022-03-01 21:34:00,111.42,111.58,111.54,111.56,67.77988087
2022-03-01 21:33:00,111.36,111.49,111.39,111.49,76.49055242
2022-03-01 21:32:00,111.46,111.73,111.72,111.47,17.21258529
2022-03-01 21:31:00,111.72,111.99,111.98,111.72,80.08027353
2022-03-01 21:30:00,111.83,112.07,111.84,111.91,104.43362842
2022-03-01 21:29:00,111.81,111.96,111.96,111.84,56.99196946
2022-03-01 21:28:00,111.94,112.08,112.01,112.01,64.35040479
2022-03-01 21:27:00,111.85,112.07,111.86,111.98,91.40795435
2022-03-01 21:26:00,111.77,111.86,111.82,111.77,61.13083231
2022-03-01 21:25:00,111.54,111.81,111.54,111.81,165.89515214
2022-03-01 21:24:00,111.53,111.73,111.73,111.6,92.88466455
2022-03-01 21:23:00,111.68,111.89,111.89,111.74,124.7432393
2022-03-01 21:22:00,111.76,111.96,111.79,111.88,34.62172589
2022-03-01 21:21:00,111.36,111.97,111.36,111.78,364.35267193
2022-03-01 21:20:00,111.33,111.73,111.73,111.34,90.18354812
2022-03-01 21:19:00,111.58,111.74,111.6,111.72,4.32531781
2022-03-01 21:18:00,111.24,111.6,111.24,111.6,51.95137837
2022-03-01 21:17:00,111.0,111.35,111.18,111.21,302.16652236
2022-03-01 21:16:00,111.22,111.56,111.55,111.31,321.59410649
2022-03-01 21:15:00,111.57,111.88,111.88,111.57,92.09235383
2022-03-01 21:14:00,111.84,111.98,111.94,111.87,279.86450562
2022-03-01 21:13:00,112.02,112.2,112.07,112.02,238.30935805
2022-03-01 21:12:00,112.01,112.09,112.01,112.07,11.23829334
2022-03-01 21:11:00,111.91,112.0,111.97,111.98,81.91789007
2022-03-01 21:10:00,111.88,112.01,112.01,111.93,70.30756883
2022-03-01 21:09:00,111.85,112.02,111.93,112.02,138.7259447
2022-03-01 21:08:00,111.92,112.13,112.03,111.98,86.25681526
2022-03-01 21:07:00,112.02,112.21,112.14,112.02,97.22092644
2022-03-01 21:06:00,112.08,112.21,112.13,112.13,76.78301489
2022-03-01 21:05:00,112.11,112.21,112.21,112.12,169.68500059
2022-03-01 21:04:00,112.04,112.21,112.04,112.19,71.43534626
2022-03-01 21:03:00,111.94,112.1,112.1,112.02,112.88005685
2022-03-01 21:02:00,111.88,112.13,111.96,112.06,138.79289347
2022-03-01 21:01:00,111.97,112.22,112.19,111.97,236.80711794
2022-03-01 21:00:00,111.68,112.19,111.69,112.19,396.7514435
2022-03-01 20:59:00,111.57,111.76,111.76,111.57,129.37300817
2022-03-01 20:58:00,111.77,111.91,111.87,111.81,552.0991331
2022-03-01 20:57:00,111.79,111.93,111.92,111.79,157.22415179
2022-03-01 20:56:00,111.77,111.96,111.77,111.96,230.38210387
2022-03-01 20:55:00,111.67,111.95,111.84,111.76,759.23356659
2022-03-01 20:54:00,111.58,111.89,111.59,111.87,257.60070529
2022-03-01 20:53:00,111.51,111.62,111.51,111.55,77.86895629
2022-03-01 20:52:00,111.41,111.52,111.52,111.48,87.40768001
2022-03-01 20:51:00,111.42,111.57,111.46,111.57,803.39766369
2022-03-01 20:50:00,111.45,111.54,111.51,111.45,1492.29981737
2022-03-01 20:49:00,111.49,112.02,112.02,111.49,1093.60938562
2022-03-01 20:48:00,111.93,112.04,111.99,112.0,55.89925923
2022-03-01 20:47:00,111.89,112.03,111.96,111.99,60.89808935
2022-03-01 20:46:00,111.84,112.0,111.93,111.98,47.01459571
2022-03-01 20:45:00,111.81,111.98,111.94,111.93,219.29962671
2022-03-01 20:44:00,111.91,112.23,112.21,111.96,408.25265963
2022-03-01 20:43:00,112.16,112.3,112.26,112.19,180.54884536
2022-03-01 20:42:00,112.25,112.4,112.35,112.31,1056.22872505
2022-03-01 20:41:00,112.19,112.42,112.2,112.42,43.45825361
2022-03-01 20:40:00,112.18,112.33,112.32,112.22,14.24190883
2022-03-01 20:39:00,112.13,112.31,112.13,112.29,123.96934011
2022-03-01 20:38:00,112.08,112.21,112.11,112.21,157.03506461
2022-03-01 20:37:00,112.06,112.19,112.16,112.16,131.47759415
2022-03-01 20:36:00,111.97,112.16,112.09,112.13,67.46846476
2022-03-01 20:35:00,112.03,112.2,112.03,112.1,45.46088476
2022-03-01 20:34:00,112.06,112.11,112.08,112.1,19.94744631
2022-03-01 20:33:00,111.92,112.11,111.96,112.11,124.39472637
2022-03-01 20:32:00,111.85,112.0,111.87,111.96,37.85764599
2022-03-01 20:31:00,111.73,111.92,111.81,111.83,145.51858825
2022-03-01 20:30:00,111.78,112.02,111.98,111.81,64.89240204
2022-03-01 20:29:00,112.01,112.15,112.12,112.01,104.40021734
2022-03-01 20:28:00,112.09,112.39,112.32,112.12,293.60077271
2022-03-01 20:27:00,112.22,112.37,112.37,112.22,27.14705565
2022-03-01 20:26:00,112.22,112.36,112.22,112.36,142.34441952
2022-03-01 20:25:00,112.11,112.2,112.16,112.17,171.80661393
2022-03-01 20:24:00,112.12,112.28,112.13,112.19,107.10255544
2022-03-01 20:23:00,112.09,112.19,112.11,112.12,93.57098161
2022-03-01 20:22:00,111.9,112.11,111.99,112.11,21.19506665
2022-03-01 20:21:00,111.86,112.05,112.05,111.97,111.96949248
2022-03-01 20:20:00,112.09,112.32,112.19,112.09,238.84990253
2022-03-01 20:19:00,112.06,112.21,112.2,112.13,145.77465595
2022-03-01 20:18:00,111.97,112.2,112.13,112.2,74.55498445
2022-03-01 20:17:00,112.14,112.32,112.22,112.14,74.21674339
2022-03-02 06:17:00,112.66,112.8,112.76,112.71,43.30897971
2022-03-02 06:16:00,112.71,112.81,112.78,112.8,24.70836258
2022-03-02 06:15:00,112.69,112.8,112.69,112.79,40.67634967
2022-03-02 06:14:00,112.64,112.84,112.78,112.64,55.93898826
2022-03-02 06:13:00,112.69,112.81,112.69,112.8,97.63592982
2022-03-02 06:12:00,112.66,112.79,112.79,112.69,38.87861826
2022-03-02 06:11:00,112.71,112.89,112.89,112.78,19.93751963
2022-03-02 06:10:00,112.84,113.04,113.04,112.84,60.85092283
2022-03-02 06:09:00,112.98,113.07,113.06,113.06,91.99613991
2022-03-02 06:08:00,112.98,113.14,113.01,113.13,41.6677079
2022-03-02 06:07:00,112.77,113.02,112.77,113.01,84.38607002
2022-03-02 06:06:00,112.71,112.9,112.89,112.77,68.57353613
2022-03-02 06:05:00,112.85,112.94,112.94,112.87,37.61471851
2022-03-02 06:04:00,112.83,112.92,112.9,112.9,34.24437177
2022-03-02 06:03:00,112.84,112.93,112.84,112.93,28.42976175
2022-03-02 06:02:00,112.81,112.92,112.9,112.92,144.4024762
2022-03-02 06:01:00,112.79,112.89,112.8,112.87,18.80796434
2022-03-02 06:00:00,112.84,113.03,112.95,112.84,17.89858166
2022-03-02 05:59:00,112.91,113.05,113.02,113.02,74.76573481
2022-03-02 05:58:00,112.98,113.07,113.04,113.0,18.59633229
2022-03-02 05:57:00,113.0,113.16,113.16,113.0,347.22844889
2022-03-02 05:56:00,113.15,113.24,113.18,113.15,34.73868525
2022-03-02 05:55:00,113.11,113.2,113.15,113.17,69.17524905
2022-03-02 05:54:00,112.97,113.15,113.01,113.15,20.44847667
2022-03-02 05:53:00,112.94,113.03,113.02,113.0,23.61537152
2022-03-02 05:52:00,112.92,113.0,112.96,112.94,28.25931526
2022-03-02 05:51:00,112.92,113.01,113.0,112.96,17.63880722
2022-03-02 05:50:00,112.89,112.99,112.9,112.97,104.22925681
2022-03-02 05:49:00,112.9,112.97,112.92,112.94,28.03866725
2022-03-02 05:48:00,112.91,113.04,113.03,112.91,27.59174533
2022-03-02 05:47:00,112.98,113.09,113.09,113.05,26.0436148
2022-03-02 05:46:00,113.07,113.16,113.16,113.09,44.10788945
2022-03-02 05:45:00,113.06,113.22,113.06,113.17,177.4419476
2022-03-02 05:44:00,112.95,113.15,112.95,113.09,37.61475258
2022-03-02 05:43:00,112.85,113.05,112.85,113.01,127.464758
2022-03-02 05:42:00,112.76,112.89,112.76,112.89,9.23703933
2022-03-02 05:41:00,112.72,112.81,112.8,112.77,26.49228659
2022-03-02 05:40:00,112.66,112.86,112.66,112.78,4.21267401
2022-03-02 05:39:00,112.69,112.84,112.73,112.74,41.25030245
2022-03-02 05:38:00,112.69,112.81,112.8,112.73,18.50261369
2022-03-02 05:37:00,112.75,112.85,112.8,112.85,57.00276926
2022-03-02 05:36:00,112.78,112.86,112.78,112.8,4.92557155
2022-03-02 05:35:00,112.66,112.8,112.74,112.79,35.84602533
2022-03-02 05:34:00,112.63,112.74,112.63,112.74,49.15034628
2022-03-02 05:33:00,112.57,112.69,112.57,112.64,58.86893562
2022-03-02 05:32:00,112.45,112.56,112.47,112.51,53.26068103
2022-03-02 05:31:00,112.47,112.56,112.52,112.49,44.718886
2022-03-02 05:30:00,112.47,112.69,112.61,112.47,173.88317079
2022-03-02 05:29:00,112.44,112.6,112.5,112.55,71.67268275
2022-03-02 05:28:00,112.37,112.61,112.6,112.53,531.34329855
2022-03-02 05:27:00,112.54,112.96,112.96,112.61,1360.44456279
2022-03-02 05:26:00,112.92,113.09,113.05,112.95,70.00851204
2022-03-02 05:25:00,113.08,113.15,113.1,113.08,2.7628793
2022-03-02 05:24:00,113.0,113.09,113.01,113.03,23.44710918
2022-03-02 05:23:00,113.01,113.08,113.07,113.02,19.73259184
2022-03-02 05:22:00,113.01,113.11,113.07,113.05,35.10819105
2022-03-02 05:21:00,112.95,113.1,113.1,113.09,19.54145172
2022-03-02 05:20:00,113.02,113.14,113.06,113.06,91.44623284
2022-03-02 05:19:00,113.04,113.15,113.12,113.08,88.88523473
2022-03-02 05:18:00,113.05,113.21,113.21,113.05,84.71009388
2022-03-02 05:17:00,112.93,113.17,112.96,113.17,46.49073219
2022-03-02 05:16:00,112.9,113.0,112.95,112.92,23.10776984
2022-03-02 05:15:00,112.83,113.0,112.9,113.0,62.52405135
2022-03-02 05:14:00,112.84,112.92,112.88,112.91,60.53419472
2022-03-02 05:13:00,112.88,112.97,112.96,112.88,110.31783107
2022-03-02 05:12:00,112.93,113.0,112.99,112.97,29.80704504
2022-03-02 05:11:00,112.93,113.06,113.03,113.0,44.11790948
2022-03-02 05:10:00,112.82,113.03,112.93,113.03,204.90003153
2022-03-02 05:09:00,112.95,113.06,113.02,112.99,96.98799378
2022-03-02 05:08:00,112.94,113.08,113.08,113.03,204.00523431
2022-03-02 05:07:00,113.09,113.22,113.09,113.13,15.27088936
2022-03-02 05:06:00,113.08,113.31,113.19,113.08,149.10278357
2022-03-02 05:05:00,112.98,113.23,113.0,113.22,185.44541286
2022-03-02 05:04:00,112.97,113.08,113.03,113.0,139.43626114
2022-03-02 05:03:00,113.01,113.19,113.15,113.02,149.49403535
2022-03-02 05:02:00,113.08,113.2,113.18,113.16,66.13499182
2022-03-02 05:01:00,113.13,113.24,113.13,113.2,105.38748638
2022-03-02 05:00:00,112.98,113.16,113.01,113.16,60.27026004
2022-03-02 04:59:00,112.92,113.12,113.11,113.04,168.6573483
2022-03-02 04:58:00,113.04,113.13,113.09,113.11,14.31525
2022-03-02 04:57:00,113.01,113.09,113.02,113.07,30.9095871
2022-03-02 04:56:00,112.9,113.05,113.03,112.99,169.03172514
2022-03-02 04:55:00,112.67,113.1,112.87,113.08,1117.0620403
2022-03-02 04:54:00,112.87,113.39,113.38,112.88,335.26611105
2022-03-02 04:53:00,113.38,113.48,113.45,113.38,44.59263634
2022-03-02 04:52:00,113.45,113.52,113.45,113.46,20.97309517
2022-03-02 04:51:00,113.49,113.58,113.55,113.49,58.47739357
2022-03-02 04:50:00,113.35,113.49,113.44,113.48,189.56332302
2022-03-02 04:49:00,113.4,113.53,113.53,113.47,63.74816704
2022-03-02 04:48:00,113.44,113.6,113.59,113.56,286.54529534
2022-03-02 04:47:00,113.66,113.75,113.71,113.66,20.32224237
2022-03-02 04:46:00,113.67,113.85,113.73,113.71,108.8006017
2022-03-02 04:45:00,113.69,113.87,113.87,113.69,6.95889276
2022-03-02 04:44:00,113.8,113.96,113.8,113.96,11.49551603
2022-03-02 04:43:00,113.79,113.9,113.9,113.83,21.89746245
2022-03-02 04:42:00,113.82,113.91,113.89,113.87,9.07765176
2022-03-02 04:41:00,113.87,114.01,114.0,113.9,21.58477556
2022-03-02 04:40:00,114.01,114.11,114.09,114.02,19.66033209
2022-03-02 04:39:00,114.0,114.11,114.02,114.09,20.82261104
2022-03-02 04:38:00,113.99,114.06,114.06,114.0,128.01089304
2022-03-02 04:37:00,113.97,114.1,113.98,114.04,92.0232494
2022-03-02 04:36:00,113.92,114.03,114.03,114.01,127.63319176
2022-03-02 04:35:00,113.93,114.09,113.99,114.06,166.36636659
2022-03-02 04:34:00,113.87,114.03,113.87,113.99,95.2105706
2022-03-02 04:33:00,113.84,113.92,113.85,113.84,204.97586113
2022-03-02 04:32:00,113.75,113.91,113.78,113.84,164.81109554
2022-03-02 04:31:00,113.71,113.8,113.73,113.78,78.36790312
2022-03-02 04:30:00,113.69,113.89,113.75,113.73,100.52781327
2022-03-02 04:29:00,113.67,113.91,113.89,113.75,142.04815516
2022-03-02 04:28:00,113.86,114.01,114.01,113.88,57.13784629
2022-03-02 04:27:00,113.95,114.05,113.95,114.0,41.32382502
2022-03-02 04:26:00,113.87,114.01,113.96,113.99,116.4538678
2022-03-02 04:25:00,113.93,114.04,113.96,113.99,18.56461079
2022-03-02 04:24:00,113.9,114.02,113.9,114.02,116.06561181
2022-03-02 04:23:00,113.82,113.93,113.83,113.93,15.84566543
2022-03-02 04:22:00,113.86,114.03,114.02,113.86,143.97079415
2022-03-02 04:21:00,113.94,114.12,113.97,114.04,278.29211679
2022-03-02 04:20:00,113.77,114.05,113.85,113.97,69.25117079
2022-03-02 04:19:00,113.77,113.86,113.77,113.86,84.31209178
2022-03-02 04:18:00,113.52,113.77,113.53,113.77,72.93321583
2022-03-02 04:17:00,113.52,113.89,113.89,113.55,104.77153263
2022-03-02 04:16:00,113.94,114.02,113.97,113.94,49.41312356
2022-03-02 04:15:00,113.92,114.12,114.09,113.97,102.20035454
2022-03-02 04:14:00,114.03,114.15,114.12,114.07,257.81699226
2022-03-02 04:13:00,113.93,114.13,113.97,114.13,106.30417416
2022-03-02 04:12:00,113.91,114.06,113.95,113.99,89.27556694
2022-03-02 04:11:00,113.86,114.0,113.87,113.93,176.91399819
2022-03-02 04:10:00,113.82,114.19,114.14,113.82,134.85254423
2022-03-02 04:09:00,114.14,114.23,114.18,114.19,67.0194573
2022-03-02 04:08:00,114.18,114.33,114.24,114.18,55.46022751
2022-03-02 04:07:00,114.16,114.34,114.32,114.28,144.55492807
2022-03-02 04:06:00,114.24,114.5,114.26,114.43,118.53730181
2022-03-02 04:05:00,113.96,114.27,113.96,114.27,101.78103101
2022-03-02 04:04:00,113.82,114.08,113.82,114.01,222.14178249
2022-03-02 04:03:00,113.74,113.88,113.82,113.82,46.10955865
2022-03-02 04:02:00,113.74,113.92,113.84,113.77,260.02604228
2022-03-02 04:01:00,113.78,113.87,113.87,113.82,41.35116712
2022-03-02 04:00:00,113.81,114.23,114.13,113.91,178.25674276
2022-03-02 03:59:00,114.0,114.13,114.1,114.1,291.21229958
2022-03-02 03:58:00,114.03,114.11,114.08,114.08,309.77691568
2022-03-02 03:57:00,114.05,114.2,114.12,114.05,88.71013911
2022-03-02 03:56:00,114.09,114.27,114.22,114.14,237.1894172
2022-03-02 03:55:00,114.2,114.56,114.56,114.26,118.99712276
2022-03-02 03:54:00,114.48,114.65,114.52,114.58,295.56311215
2022-03-02 03:53:00,114.37,114.53,114.37,114.5,69.09077606
2022-03-02 03:52:00,114.33,114.74,114.58,114.34,355.65622067
2022-03-02 03:51:00,114.42,114.63,114.42,114.56,311.01976895
2022-03-02 03:50:00,114.16,114.41,114.35,114.34,279.44872095
2022-03-02 03:49:00,114.05,114.41,114.05,114.33,556.80343581
2022-03-02 03:48:00,113.74,114.06,113.86,114.06,715.86712887
2022-03-02 03:47:00,113.66,113.86,113.66,113.81,169.66116177
2022-03-02 03:46:00,113.61,113.74,113.64,113.65,142.46760494
2022-03-02 03:45:00,113.62,113.74,113.69,113.62,163.01638803
2022-03-02 03:44:00,113.53,113.67,113.6,113.65,947.98679974
2022-03-02 03:43:00,113.6,113.77,113.76,113.6,133.78747407
2022-03-02 03:42:00,113.71,113.85,113.75,113.75,252.10805343
2022-03-02 03:41:00,113.65,113.84,113.67,113.75,157.12388277
2022-03-02 03:40:00,113.63,113.91,113.75,113.63,328.21519215
2022-03-02 03:39:00,113.54,113.85,113.64,113.79,346.64995073
2022-03-02 03:38:00,113.59,113.7,113.7,113.61,90.79853712
2022-03-02 03:37:00,113.47,113.7,113.56,113.7,261.05715792
2022-03-02 03:36:00,113.32,113.65,113.34,113.57,185.39308264
2022-03-02 03:35:00,113.22,113.46,113.31,113.35,617.39255881
2022-03-02 03:34:00,113.2,113.31,113.23,113.31,257.57614805
2022-03-02 03:33:00,113.11,113.28,113.13,113.28,134.53680229
2022-03-02 03:32:00,113.04,113.18,113.09,113.16,61.37325933
2022-03-02 03:31:00,112.93,113.1,112.93,113.1,36.95414521
2022-03-02 03:30:00,112.88,112.98,112.94,112.89,91.37980247
2022-03-02 03:29:00,112.89,112.97,112.97,112.91,14.2997041
2022-03-02 03:28:00,112.83,113.02,112.96,113.02,198.0535365
2022-03-02 03:27:00,112.87,112.99,112.87,112.97,118.18363582
2022-03-02 03:26:00,112.85,112.95,112.94,112.9,789.98972176
2022-03-02 03:25:00,112.88,113.04,112.95,112.91,167.12838546
2022-03-02 03:24:00,112.81,113.0,112.81,112.99,173.32184446
2022-03-02 03:23:00,112.83,113.01,112.96,112.83,1090.28509142
2022-03-02 03:22:00,112.9,113.01,112.93,112.98,216.78965658
2022-03-02 03:21:00,112.85,113.01,112.93,112.94,113.50651941
2022-03-02 03:20:00,112.82,113.03,112.94,112.95,20.58362313
2022-03-02 03:19:00,112.86,112.95,112.93,112.94,77.87106966
2022-03-02 03:18:00,112.91,113.04,112.98,112.97,102.82565833
2022-03-02 03:17:00,112.94,113.15,113.11,112.97,586.24835439
2022-03-02 03:16:00,113.07,113.15,113.14,113.11,28.95619175
2022-03-02 03:15:00,113.12,113.24,113.12,113.15,46.64911303
2022-03-02 03:14:00,113.06,113.18,113.16,113.11,101.25521235
2022-03-02 03:13:00,113.04,113.16,113.09,113.16,167.77368848
2022-03-02 03:12:00,112.99,113.09,113.05,113.08,123.23873379
2022-03-02 03:11:00,112.97,113.07,113.06,113.05,51.55706095
2022-03-02 03:10:00,112.95,113.1,113.05,112.99,845.98133459
2022-03-02 03:09:00,113.02,113.09,113.02,113.04,44.78309501
2022-03-02 03:08:00,113.0,113.1,113.07,113.04,62.94081347
2022-03-02 03:07:00,112.97,113.08,113.02,113.05,67.05580778
2022-03-02 03:06:00,112.88,113.1,113.01,112.99,79.25976772
2022-03-02 03:05:00,112.9,113.01,112.93,113.01,35.68085154
2022-03-02 03:04:00,112.87,113.03,112.93,112.91,73.18692506
2022-03-02 03:03:00,112.85,112.95,112.88,112.93,621.61668164
2022-03-02 03:02:00,112.86,113.14,112.99,112.96,408.35314722
2022-03-02 03:01:00,112.91,113.02,112.99,113.01,17.60978607
2022-03-02 03:00:00,112.76,113.0,112.97,112.99,36.32318883
2022-03-02 02:59:00,112.91,113.09,113.05,112.95,145.23532921
2022-03-02 02:58:00,112.94,113.13,113.05,113.0,88.74826288
2022-03-02 02:57:00,112.8,113.12,112.82,112.98,109.18156441
2022-03-02 02:56:00,112.67,112.82,112.68,112.82,111.23447616
2022-03-02 02:55:00,112.46,112.6,112.55,112.6,19.79387804
2022-03-02 02:54:00,112.47,112.59,112.49,112.56,18.27670473
2022-03-02 02:53:00,112.35,112.54,112.39,112.53,64.33045037
2022-03-02 02:52:00,112.24,112.38,112.37,112.31,52.72697437
2022-03-02 02:51:00,112.26,112.43,112.26,112.43,85.82162046
2022-03-02 02:50:00,112.21,112.37,112.37,112.27,58.32887031
2022-03-02 02:49:00,112.2,112.41,112.31,112.37,93.7280052
2022-03-02 02:48:00,112.29,112.5,112.48,112.29,139.19888164
2022-03-02 02:47:00,112.51,112.69,112.65,112.56,102.63116975
2022-03-02 02:46:00,112.71,112.91,112.77,112.72,157.21489384
2022-03-02 02:45:00,112.67,112.74,112.67,112.74,61.75786116
2022-03-02 02:44:00,112.57,112.72,112.57,112.61,52.46604642
2022-03-02 02:43:00,112.5,112.65,112.5,112.59,39.46916706
2022-03-02 02:42:00,112.46,112.83,112.83,112.5,260.2704737
2022-03-02 02:41:00,112.72,112.86,112.86,112.84,304.90771386
2022-03-02 02:40:00,112.62,112.8,112.62,112.8,113.43930049
2022-03-02 02:39:00,112.62,112.75,112.7,112.66,311.36410585
2022-03-02 02:38:00,112.7,112.84,112.72,112.71,24.92991143
2022-03-02 02:37:00,112.74,112.88,112.79,112.76,63.90624999
2022-03-02 02:36:00,112.75,112.88,112.75,112.82,78.94114425
2022-03-02 02:35:00,112.68,112.88,112.72,112.79,156.565489
2022-03-02 02:34:00,112.64,112.81,112.76,112.67,64.82344668
2022-03-02 02:33:00,112.76,112.88,112.88,112.8,64.99817463
2022-03-02 02:32:00,112.74,112.9,112.82,112.88,109.62081044
2022-03-02 02:31:00,112.71,112.85,112.82,112.8,121.49870692
2022-03-02 02:30:00,112.62,112.89,112.66,112.77,108.22792633
2022-03-02 02:29:00,112.66,112.88,112.79,112.67,165.47669197
2022-03-02 02:28:00,112.7,112.84,112.7,112.79,85.2230061
2022-03-02 02:27:00,112.44,112.64,112.46,112.61,28.00191405
2022-03-02 02:26:00,112.38,112.53,112.48,112.48,137.45397059
2022-03-02 02:25:00,112.5,112.68,112.6,112.5,97.9527108
2022-03-02 02:24:00,112.39,112.63,112.45,112.59,154.62838359
2022-03-02 02:23:00,112.38,112.52,112.4,112.44,477.86024506
2022-03-02 02:22:00,112.42,112.59,112.48,112.44,26.7305211
2022-03-02 02:21:00,112.43,112.52,112.49,112.46,57.35450746
2022-03-02 02:20:00,112.29,112.48,112.45,112.48,73.67611155
2022-03-02 02:19:00,112.24,112.46,112.3,112.38,68.47703963
2022-03-02 02:18:00,112.3,112.4,112.35,112.33,92.45551127
2022-03-02 02:17:00,112.3,112.42,112.37,112.3,70.22605299
2022-03-02 02:16:00,112.33,112.55,112.5,112.36,67.49740547
2022-03-02 02:15:00,112.53,112.89,112.84,112.53,42.76296815
2022-03-02 02:14:00,112.71,112.94,112.78,112.94,55.52646181
2022-03-02 02:13:00,112.75,112.86,112.86,112.82,45.05153093
2022-03-02 02:12:00,112.74,112.89,112.75,112.89,30.62733108
2022-03-02 02:11:00,112.68,112.81,112.72,112.78,56.65792598
2022-03-02 02:10:00,112.36,112.77,112.48,112.73,210.75773258
2022-03-02 02:09:00,112.47,112.68,112.68,112.47,250.37254621
2022-03-02 02:08:00,112.63,112.73,112.7,112.68,34.99770009
2022-03-02 02:07:00,112.64,112.73,112.67,112.73,26.6170998
2022-03-02 02:06:00,112.69,112.88,112.7,112.71,251.88079793
2022-03-02 02:05:00,112.5,112.68,112.56,112.67,102.52531893
2022-03-02 02:04:00,112.51,112.64,112.53,112.55,128.82063905
2022-03-02 02:03:00,112.13,112.53,112.13,112.5,254.50675979
2022-03-02 02:02:00,112.08,112.46,112.46,112.11,138.32045674
2022-03-02 02:01:00,112.44,112.59,112.53,112.44,58.40747484
2022-03-02 02:00:00,112.52,112.78,112.75,112.52,106.64349446
2022-03-02 01:59:00,112.81,112.88,112.85,112.81,43.27893468
2022-03-02 01:58:00,112.81,112.94,112.85,112.81,23.85850896
2022-03-02 01:57:00,112.76,112.88,112.77,112.82,77.10456017
2022-03-02 01:56:00,112.76,112.85,112.83,112.84,19.12882109
2022-03-02 01:55:00,112.73,112.86,112.86,112.81,58.19435288
2022-03-02 01:54:00,112.78,112.92,112.84,112.86,130.71576813
2022-03-02 01:53:00,112.6,112.81,112.66,112.81,168.47617914
2022-03-02 01:52:00,112.62,112.79,112.79,112.64,81.39208876
2022-03-02 01:51:00,112.77,112.84,112.83,112.82,14.48239065
2022-03-02 01:50:00,112.59,112.86,112.69,112.86,12.9113994
2022-03-02 01:49:00,112.6,112.79,112.78,112.71,108.17528966
2022-03-02 01:48:00,112.75,112.87,112.85,112.81,88.87818324
2022-03-02 01:47:00,112.73,112.87,112.79,112.82,120.12977317
2022-03-02 01:46:00,112.61,112.87,112.61,112.85,194.39941046
2022-03-02 01:45:00,112.31,112.5,112.49,112.49,184.21505378
2022-03-02 01:44:00,112.42,112.57,112.57,112.52,76.08522067
2022-03-02 01:43:00,112.51,112.63,112.51,112.59,40.48746337
2022-03-02 01:42:00,112.3,112.54,112.34,112.48,47.99243341
2022-03-02 01:41:00,112.27,112.43,112.34,112.34,64.34666591
2022-03-02 01:40:00,112.31,112.53,112.4,112.33,100.96442672
2022-03-02 01:39:00,112.31,112.6,112.59,112.4,98.51716251
2022-03-02 01:38:00,112.54,112.7,112.61,112.6,57.31528294
2022-03-02 01:37:00,112.54,112.75,112.74,112.57,114.09864683
2022-03-02 01:36:00,112.54,112.84,112.54,112.73,94.23183428
2022-03-02 01:35:00,112.56,112.75,112.65,112.56,22.36286697
2022-03-02 01:34:00,112.61,112.73,112.63,112.66,40.41299308
2022-03-02 01:33:00,112.27,112.76,112.28,112.61,418.57645801
2022-03-02 01:32:00,112.12,112.33,112.17,112.27,394.53292791
2022-03-02 01:31:00,111.88,112.08,111.96,112.08,116.63858463
2022-03-02 01:30:00,111.9,112.2,112.1,111.96,271.00430491
2022-03-02 01:29:00,111.84,112.1,112.01,112.1,242.3371547
2022-03-02 01:28:00,112.01,112.14,112.12,112.01,84.34131373
2022-03-02 01:27:00,111.89,112.12,112.08,112.12,157.53330413
2022-03-02 01:26:00,111.96,112.2,111.99,112.11,37.37902279
2022-03-02 01:25:00,111.98,112.19,112.19,112.04,842.12934726
2022-03-02 01:24:00,112.16,112.33,112.16,112.16,139.13606253
2022-03-02 01:23:00,111.95,112.37,111.95,112.16,142.96698182
2022-03-02 01:22:00,111.64,112.03,111.83,111.91,344.02192932
2022-03-02 01:21:00,111.75,112.0,111.98,111.83,331.18017697
2022-03-02 01:20:00,111.98,112.47,112.44,112.02,348.32783595
2022-03-02 01:19:00,112.39,112.73,112.73,112.45,125.59678836
2022-03-02 01:18:00,112.73,113.01,113.01,112.73,65.74624107
2022-03-02 01:17:00,112.97,113.17,113.12,113.07,210.51914615
2022-03-02 11:17:00,112.94,113.07,113.03,112.96,95.99937281
2022-03-02 11:16:00,113.08,113.14,113.14,113.13,11.82229113
2022-03-02 11:15:00,113.0,113.18,113.0,113.15,22.52235761
2022-03-02 11:14:00,113.04,113.14,113.12,113.07,14.99470136
2022-03-02 11:13:00,112.92,113.14,112.92,113.14,68.96407338
2022-03-02 11:12:00,112.73,112.89,112.73,112.89,47.9736691
2022-03-02 11:11:00,112.64,112.69,112.67,112.68,3.26214018
2022-03-02 11:10:00,112.62,112.7,112.7,112.65,35.40451664
2022-03-02 11:09:00,112.49,112.66,112.49,112.66,125.09063394
2022-03-02 11:08:00,112.51,112.75,112.51,112.65,775.45239094
2022-03-02 11:07:00,112.37,112.47,112.39,112.47,10.54252999
2022-03-02 11:06:00,112.38,112.56,112.45,112.41,50.76257792
2022-03-02 11:05:00,112.53,112.69,112.55,112.53,64.5570388
2022-03-02 11:04:00,112.49,112.57,112.53,112.57,28.74929576
2022-03-02 11:03:00,112.3,112.56,112.3,112.56,44.55328418
2022-03-02 11:02:00,112.41,112.71,112.64,112.41,30.31573922
2022-03-02 11:01:00,112.68,112.92,112.92,112.68,20.75464358
2022-03-02 11:00:00,112.93,112.99,112.98,112.98,7.40427028
2022-03-02 10:59:00,112.95,113.03,112.99,112.95,54.87838741
2022-03-02 10:58:00,112.9,112.99,112.91,112.93,17.4738723
2022-03-02 10:57:00,112.8,112.94,112.91,112.94,46.12421092
2022-03-02 10:56:00,112.87,113.14,113.14,112.87,106.58729399
2022-03-02 10:55:00,113.0,113.13,113.0,113.08,42.11114688
2022-03-02 10:54:00,113.04,113.15,113.11,113.1,25.16259691
2022-03-02 10:53:00,113.11,113.2,113.2,113.14,39.89371923
2022-03-02 10:52:00,113.11,113.23,113.11,113.23,29.32880218
2022-03-02 10:51:00,113.13,113.21,113.14,113.19,131.60802921
2022-03-02 10:50:00,113.15,113.38,113.37,113.19,117.57509072
2022-03-02 10:49:00,113.3,113.41,113.33,113.34,14.01482344
2022-03-02 10:48:00,113.3,113.37,113.37,113.34,32.41297288
2022-03-02 10:47:00,113.3,113.38,113.32,113.36,67.22488135
2022-03-02 10:46:00,113.19,113.3,113.19,113.3,4.94898015
2022-03-02 10:45:00,113.15,113.32,113.32,113.25,32.02590735
2022-03-02 10:44:00,113.21,113.26,113.21,113.26,22.75379161
2022-03-02 10:43:00,113.13,113.3,113.29,113.14,137.20631039
2022-03-02 10:42:00,113.13,113.3,113.19,113.26,42.57129786
2022-03-02 10:41:00,113.08,113.23,113.23,113.19,45.15566887
2022-03-02 10:40:00,113.09,113.37,113.37,113.13,287.66683221
2022-03-02 10:39:00,113.24,113.35,113.33,113.32,67.56117242
2022-03-02 10:38:00,113.24,113.34,113.32,113.34,179.69641964
2022-03-02 10:37:00,113.29,113.45,113.38,113.33,280.51724246
2022-03-02 10:36:00,113.27,113.35,113.29,113.35,77.27782087
2022-03-02 10:35:00,113.2,113.41,113.38,113.2,109.91069784
2022-03-02 10:34:00,113.15,113.43,113.15,113.4,179.26504884
2022-03-02 10:33:00,112.99,113.19,112.99,113.19,136.29534465
2022-03-02 10:32:00,112.93,113.06,113.0,113.06,39.95066182
2022-03-02 10:31:00,112.84,113.0,112.91,113.0,43.31098247
2022-03-02 10:30:00,112.85,112.93,112.87,112.86,42.95106807
2022-03-02 10:29:00,112.8,112.96,112.94,112.83,311.00522776
2022-03-02 10:28:00,112.91,113.0,112.99,112.91,128.17676379
2022-03-02 10:27:00,112.93,113.02,112.97,112.95,99.32940398
2022-03-02 10:26:00,112.85,112.98,112.86,112.98,143.04913598
2022-03-02 10:25:00,112.68,112.91,112.81,112.87,154.62308119
2022-03-02 10:24:00,112.73,112.92,112.79,112.85,289.7637172
2022-03-02 10:23:00,112.67,112.81,112.67,112.74,53.75756084
2022-03-02 10:22:00,112.69,112.79,112.78,112.69,50.11469304
2022-03-02 10:21:00,112.64,112.79,112.65,112.79,5.9895712
2022-03-02 10:20:00,112.51,112.73,112.64,112.66,115.83395552
2022-03-02 10:19:00,112.52,112.63,112.6,112.63,284.89719941
2022-03-02 10:18:00,112.46,112.59,112.47,112.54,13.41838058
2022-03-02 10:17:00,112.17,112.52,112.17,112.43,26.52495422
2022-03-02 10:16:00,112.35,112.75,112.53,112.35,331.37703214
2022-03-02 10:15:00,112.46,112.59,112.56,112.52,29.16132736
2022-03-02 10:14:00,112.52,112.6,112.6,112.52,356.69735296
2022-03-02 10:13:00,112.52,112.63,112.58,112.63,34.64036442
2022-03-02 10:12:00,112.44,112.6,112.53,112.59,81.59180273
2022-03-02 10:11:00,112.44,112.51,112.46,112.49,27.27297078
2022-03-02 10:10:00,112.44,112.52,112.48,112.51,148.08126876
2022-03-02 10:09:00,112.42,112.54,112.5,112.46,75.12972758
2022-03-02 10:08:00,112.38,112.53,112.47,112.44,53.03575062
2022-03-02 10:07:00,112.37,112.49,112.42,112.41,132.34699404
2022-03-02 10:06:00,112.35,112.42,112.39,112.38,8.73622802
2022-03-02 10:05:00,112.38,112.51,112.48,112.38,5.38633003
2022-03-02 10:04:00,112.46,112.56,112.54,112.46,38.40967578
2022-03-02 10:03:00,112.45,112.54,112.48,112.52,21.85221032
2022-03-02 10:02:00,112.26,112.52,112.27,112.52,48.02877546
2022-03-02 10:01:00,112.04,112.27,112.24,112.25,147.83854396
2022-03-02 10:00:00,112.35,112.49,112.38,112.35,72.25237963
2022-03-02 09:59:00,112.23,112.37,112.31,112.3,46.94566051
2022-03-02 09:58:00,112.33,112.41,112.39,112.37,64.83921447
2022-03-02 09:57:00,112.26,112.4,112.27,112.4,52.17351922
2022-03-02 09:56:00,112.25,112.39,112.36,112.28,15.69461101
2022-03-02 09:55:00,112.27,112.48,112.43,112.34,28.54428004
2022-03-02 09:54:00,112.34,112.49,112.44,112.43,99.95342416
2022-03-02 09:53:00,112.41,112.52,112.46,112.49,144.37217923
2022-03-02 09:52:00,112.51,112.58,112.53,112.54,78.58455467
2022-03-02 09:51:00,112.51,112.68,112.57,112.51,23.90731239
2022-03-02 09:50:00,112.46,112.6,112.56,112.58,14.6705745
2022-03-02 09:49:00,112.5,112.6,112.57,112.54,60.08950294
2022-03-02 09:48:00,112.5,112.57,112.54,112.56,84.14879922
2022-03-02 09:47:00,112.25,112.54,112.26,112.54,95.15129237
2022-03-02 09:46:00,112.18,112.31,112.18,112.31,3.35714393
2022-03-02 09:45:00,112.24,112.55,112.48,112.26,159.57338493
2022-03-02 09:44:00,112.41,112.46,112.45,112.41,35.87584774
2022-03-02 09:43:00,112.23,112.5,112.34,112.5,131.39284547
2022-03-02 09:42:00,112.15,112.33,112.15,112.24,20.20215071
2022-03-02 09:41:00,112.1,112.27,112.25,112.17,24.11184686
2022-03-02 09:40:00,112.2,112.34,112.33,112.32,64.10609495
2022-03-02 09:39:00,112.31,112.43,112.33,112.33,76.15829717
2022-03-02 09:38:00,112.01,112.32,112.18,112.32,233.66691951
2022-03-02 09:37:00,112.15,112.24,112.18,112.17,65.3700674
2022-03-02 09:36:00,112.08,112.31,112.29,112.22,142.79721699
2022-03-02 09:35:00,112.06,112.37,112.06,112.26,76.85255127
2022-03-02 09:34:00,111.71,112.1,111.73,111.96,158.31749306
2022-03-02 09:33:00,111.51,111.83,111.82,111.67,222.30827168
2022-03-02 09:32:00,111.68,112.25,112.25,111.82,362.13450809
2022-03-02 09:31:00,112.31,112.85,112.59,112.31,387.46731591
2022-03-02 09:30:00,111.81,112.83,112.07,112.64,463.50647363
2022-03-02 09:29:00,111.91,112.16,112.16,112.09,137.36212427
2022-03-02 09:28:00,112.12,112.37,112.37,112.16,195.3288735
2022-03-02 09:27:00,112.34,112.44,112.4,112.38,131.59845532
2022-03-02 09:26:00,112.41,112.48,112.45,112.43,3.38228103
2022-03-02 09:25:00,112.41,112.47,112.46,112.45,13.88164187
2022-03-02 09:24:00,112.4,112.66,112.6,112.45,43.94443061
2022-03-02 09:23:00,112.49,112.59,112.56,112.59,74.61343732
2022-03-02 09:22:00,112.56,112.69,112.61,112.57,15.24315383
2022-03-02 09:21:00,112.64,112.74,112.7,112.67,29.90463542
2022-03-02 09:20:00,112.67,112.71,112.69,112.68,40.95547578
2022-03-02 09:19:00,112.64,112.74,112.69,112.68,34.68270614
2022-03-02 09:18:00,112.46,112.68,112.48,112.62,63.96035069
2022-03-02 09:17:00,112.45,112.55,112.49,112.5,31.65806322
2022-03-02 09:16:00,112.47,112.48,112.47,112.48,3.39482416
2022-03-02 09:15:00,112.21,112.42,112.31,112.38,102.11719737
2022-03-02 09:14:00,112.28,112.66,112.66,112.3,253.46742426
2022-03-02 09:13:00,112.47,112.64,112.64,112.62,22.53306622
2022-03-02 09:12:00,112.57,112.74,112.69,112.61,4.12460793
2022-03-02 09:11:00,112.62,112.74,112.65,112.69,41.12509052
2022-03-02 09:10:00,112.51,112.72,112.52,112.72,193.4715979
2022-03-02 09:09:00,112.56,112.63,112.63,112.56,16.07613554
2022-03-02 09:08:00,112.58,112.63,112.6,112.6,37.29892254
2022-03-02 09:07:00,112.46,112.76,112.48,112.68,92.49366395
2022-03-02 09:06:00,112.37,112.52,112.41,112.47,25.45028731
2022-03-02 09:05:00,112.31,112.54,112.31,112.47,66.65098396
2022-03-02 09:04:00,112.23,112.4,112.3,112.35,263.21709898
2022-03-02 09:03:00,112.17,112.29,112.17,112.27,411.27783044
2022-03-02 09:02:00,112.0,112.18,112.01,112.16,61.75768699
2022-03-02 09:01:00,111.9,111.99,111.93,111.99,386.17001651
2022-03-02 09:00:00,111.93,112.3,112.22,111.93,359.60656225
2022-03-02 08:59:00,112.17,112.27,112.24,112.21,32.4136102
2022-03-02 08:58:00,112.09,112.29,112.26,112.09,23.30018258
2022-03-02 08:57:00,112.09,112.28,112.13,112.24,43.01323681
2022-03-02 08:56:00,112.1,112.19,112.15,112.1,68.02865695
2022-03-02 08:55:00,112.18,112.58,112.52,112.19,728.48407288
2022-03-02 08:54:00,112.49,112.71,112.64,112.49,69.49012557
2022-03-02 08:53:00,112.56,112.76,112.64,112.69,149.96586964
2022-03-02 08:52:00,112.08,112.64,112.08,112.57,580.56978367
2022-03-02 08:51:00,112.07,112.35,112.35,112.08,53.07283511
2022-03-02 08:50:00,112.24,112.52,112.47,112.28,88.88328611
2022-03-02 08:49:00,112.3,112.46,112.39,112.46,141.47495534
2022-03-02 08:48:00,112.04,112.41,112.24,112.41,1469.95813925
2022-03-02 08:47:00,112.24,112.43,112.33,112.27,142.51393344
2022-03-02 08:46:00,112.3,112.42,112.42,112.35,13.20078017
2022-03-02 08:45:00,112.39,112.67,112.66,112.42,28.33085526
2022-03-02 08:44:00,112.63,112.69,112.67,112.64,13.29956972
2022-03-02 08:43:00,112.66,112.78,112.78,112.66,7.22268024
2022-03-02 08:42:00,112.69,112.76,112.75,112.75,12.69411198
2022-03-02 08:41:00,112.7,112.82,112.81,112.82,43.925278
2022-03-02 08:40:00,112.82,113.01,112.95,112.82,8.37801449
2022-03-02 08:39:00,112.94,112.98,112.96,112.94,8.5024827
2022-03-02 08:38:00,112.73,112.99,112.73,112.99,49.42984486
2022-03-02 08:37:00,112.58,112.71,112.61,112.7,103.53443752
2022-03-02 08:36:00,112.63,112.83,112.81,112.63,43.9576299
2022-03-02 08:35:00,112.79,112.97,112.79,112.81,24.63436424
2022-03-02 08:34:00,112.78,112.89,112.88,112.85,16.93392292
2022-03-02 08:33:00,112.91,112.99,112.94,112.92,29.49703025
2022-03-02 08:32:00,113.02,113.09,113.03,113.02,6.93833844
2022-03-02 08:31:00,112.81,113.16,112.83,113.08,13.10204746
2022-03-02 08:30:00,112.69,112.85,112.76,112.85,90.69208259
2022-03-02 08:29:00,112.6,112.82,112.61,112.79,22.91678312
2022-03-02 08:28:00,112.45,112.7,112.54,112.67,14.38888968
2022-03-02 08:27:00,112.43,112.56,112.47,112.54,57.80156825
2022-03-02 08:26:00,112.36,112.47,112.42,112.38,42.59383247
2022-03-02 08:25:00,112.51,112.63,112.56,112.51,29.2398158
2022-03-02 08:24:00,112.54,112.75,112.72,112.61,32.23873215
2022-03-02 08:23:00,112.57,112.74,112.57,112.71,24.78246792
2022-03-02 08:22:00,112.51,112.7,112.6,112.57,263.8505461
2022-03-02 08:21:00,112.56,112.76,112.72,112.6,57.76290273
2022-03-02 08:20:00,112.59,112.88,112.88,112.77,293.71693033
2022-03-02 08:19:00,112.74,113.03,112.83,112.82,212.24380495
2022-03-02 08:18:00,112.79,113.1,112.92,112.92,127.83036209
2022-03-02 08:17:00,112.76,113.23,112.76,112.94,177.38764312
2022-03-02 08:16:00,112.13,112.84,112.17,112.84,393.11452358
2022-03-02 08:15:00,111.89,112.15,111.9,112.14,8.24445963
2022-03-02 08:14:00,111.9,112.04,111.98,111.9,7.18338775
2022-03-02 08:13:00,111.78,112.04,111.98,112.01,17.58172976
2022-03-02 08:12:00,111.86,112.06,111.86,111.95,30.90770659
2022-03-02 08:11:00,111.69,111.87,111.69,111.83,19.3427652
2022-03-02 08:10:00,111.55,111.73,111.55,111.68,46.98355235
2022-03-02 08:09:00,111.41,111.52,111.41,111.46,3.145592
2022-03-02 08:08:00,111.11,111.37,111.19,111.37,155.02222549
2022-03-02 08:07:00,111.18,111.63,111.63,111.25,164.86013006
2022-03-02 08:06:00,111.56,111.8,111.8,111.58,36.92423921
2022-03-02 08:05:00,111.82,112.03,112.03,111.84,88.20558126
2022-03-02 08:04:00,112.15,112.31,112.22,112.17,106.53350558
2022-03-02 08:03:00,112.15,112.22,112.18,112.17,41.34414568
2022-03-02 08:02:00,112.12,112.3,112.21,112.13,65.65060556
2022-03-02 08:01:00,112.13,112.19,112.19,112.13,4.78311692
2022-03-02 08:00:00,111.99,112.18,112.16,112.09,210.21846579
2022-03-02 07:59:00,111.96,112.1,112.05,112.1,5.899151
2022-03-02 07:58:00,111.94,112.07,111.97,112.06,31.85436698
2022-03-02 07:57:00,111.92,111.99,111.98,111.95,28.36617069
2022-03-02 07:56:00,111.89,111.96,111.96,111.96,3.72435092
2022-03-02 07:55:00,111.87,111.99,111.94,111.93,20.73524802
2022-03-02 07:54:00,111.91,111.99,111.98,111.99,16.48072804
2022-03-02 07:53:00,111.87,112.03,111.95,112.02,71.10980467
2022-03-02 07:52:00,111.94,112.01,112.0,111.98,34.31790222
2022-03-02 07:51:00,111.94,112.05,112.04,112.0,27.00144049
2022-03-02 07:50:00,112.0,112.07,112.01,112.0,12.36862463
2022-03-02 07:49:00,111.84,112.06,111.84,112.06,8.4639602
2022-03-02 07:48:00,111.82,111.86,111.82,111.83,8.58050037
2022-03-02 07:47:00,111.77,111.82,111.81,111.77,13.56073037
2022-03-02 07:46:00,111.81,111.95,111.95,111.83,36.21951405
2022-03-02 07:45:00,111.8,112.01,111.93,111.92,160.25764267
2022-03-02 07:44:00,111.85,111.93,111.93,111.93,23.87421237
2022-03-02 07:43:00,111.83,111.89,111.86,111.89,54.48047704
2022-03-02 07:42:00,111.77,111.88,111.8,111.85,34.01253248
2022-03-02 07:41:00,111.74,111.81,111.81,111.81,48.27647126
2022-03-02 07:40:00,111.64,111.78,111.64,111.78,29.42769747
2022-03-02 07:39:00,111.63,111.74,111.69,111.65,41.20647589
2022-03-02 07:38:00,111.6,111.75,111.73,111.68,13.75807493
2022-03-02 07:37:00,111.63,111.73,111.71,111.72,14.25639824
2022-03-02 07:36:00,111.72,111.84,111.73,111.72,67.91779993
2022-03-02 07:35:00,111.62,111.72,111.68,111.72,89.31297971
2022-03-02 07:34:00,111.65,111.76,111.7,111.7,3.76306687
2022-03-02 07:33:00,111.57,111.78,111.77,111.61,71.66584094
2022-03-02 07:32:00,111.7,111.91,111.72,111.77,181.2544884
2022-03-02 07:31:00,111.72,111.98,111.98,111.72,254.78846328
2022-03-02 07:30:00,111.92,112.05,111.94,112.01,149.29507306
2022-03-02 07:29:00,111.84,111.96,111.95,111.9,86.08308596
2022-03-02 07:28:00,111.89,112.01,111.98,111.92,162.71937531
2022-03-02 07:27:00,111.91,112.04,112.01,111.96,26.70894849
2022-03-02 07:26:00,111.85,112.02,111.94,111.94,68.51271875
2022-03-02 07:25:00,111.68,111.98,111.68,111.95,56.1067989
2022-03-02 07:24:00,111.57,111.78,111.78,111.74,78.72641194
2022-03-02 07:23:00,111.56,111.76,111.58,111.72,92.06798394
2022-03-02 07:22:00,111.64,111.86,111.78,111.64,76.58438903
2022-03-02 07:21:00,111.6,111.82,111.73,111.79,54.12522433
2022-03-02 07:20:00,111.65,111.83,111.81,111.73,266.84005882
2022-03-02 07:19:00,111.65,111.97,111.65,111.81,399.4903785
2022-03-02 07:18:00,111.52,111.65,111.56,111.62,96.94499217
2022-03-02 07:17:00,111.31,111.52,111.31,111.52,13.20852157
2022-03-02 07:16:00,111.24,111.39,111.35,111.26,30.28626803
2022-03-02 07:15:00,111.3,111.57,111.51,111.3,27.11735817
2022-03-02 07:14:00,111.31,111.49,111.43,111.49,79.92671794
2022-03-02 07:13:00,111.36,111.45,111.37,111.39,55.32685021
2022-03-02 07:12:00,111.4,111.59,111.56,111.45,89.46788976
2022-03-02 07:11:00,111.32,111.56,111.47,111.48,268.76646662
2022-03-02 07:10:00,111.4,111.76,111.66,111.44,187.00430483
2022-03-02 07:09:00,111.52,111.65,111.52,111.57,21.76867943
2022-03-02 07:08:00,111.47,111.61,111.61,111.51,319.28808443
2022-03-02 07:07:00,111.52,111.7,111.64,111.62,115.81810197
2022-03-02 07:06:00,111.62,111.8,111.75,111.66,1053.84670785
2022-03-02 07:05:00,111.62,111.78,111.71,111.75,56.2447981
2022-03-02 07:04:00,111.53,111.76,111.74,111.65,12.47906538
2022-03-02 07:03:00,111.53,111.71,111.53,111.65,14.51234903
2022-03-02 07:02:00,111.55,111.94,111.94,111.55,17.61679739
2022-03-02 07:01:00,111.86,111.97,111.89,111.95,28.23814263
2022-03-02 07:00:00,111.74,111.89,111.75,111.87,38.39488036
2022-03-02 06:59:00,111.7,111.83,111.78,111.7,40.48643392
2022-03-02 06:58:00,111.71,111.81,111.74,111.79,51.38938811
2022-03-02 06:57:00,111.55,111.75,111.62,111.7,140.63673179
2022-03-02 06:56:00,111.61,111.9,111.9,111.63,197.50054398
2022-03-02 06:55:00,111.85,112.17,112.17,111.85,192.16724443
2022-03-02 06:54:00,112.11,112.2,112.16,112.17,11.75190034
2022-03-02 06:53:00,112.2,112.27,112.2,112.21,53.2970313
2022-03-02 06:52:00,112.15,112.33,112.33,112.18,9.17836758
2022-03-02 06:51:00,112.32,112.37,112.32,112.33,27.23002815
2022-03-02 06:50:00,112.18,112.36,112.18,112.3,49.32471353
2022-03-02 06:49:00,112.06,112.23,112.23,112.18,80.52184272
2022-03-02 06:48:00,112.25,112.37,112.35,112.25,33.28783331
2022-03-02 06:47:00,112.31,112.4,112.33,112.37,36.65453334
2022-03-02 06:46:00,112.34,112.46,112.35,112.37,46.1064431
2022-03-02 06:45:00,112.12,112.39,112.14,112.38,68.69669398
2022-03-02 06:44:00,112.17,112.28,112.19,112.18,39.04664623
2022-03-02 06:43:00,112.15,112.26,112.21,112.2,58.26610274
2022-03-02 06:42:00,112.19,112.26,112.26,112.19,41.14354785
2022-03-02 06:41:00,112.11,112.25,112.2,112.24,27.46495463
2022-03-02 06:40:00,112.14,112.23,112.19,112.15,35.919513
2022-03-02 06:39:00,112.03,112.19,112.03,112.19,16.67131159
2022-03-02 06:38:00,111.91,112.06,112.0,112.02,59.8993005
2022-03-02 06:37:00,111.94,112.08,112.07,112.06,38.81725274
2022-03-02 06:36:00,111.88,112.08,112.05,112.02,252.40908173
2022-03-02 06:35:00,111.97,112.07,111.97,112.06,18.16779323
2022-03-02 06:34:00,111.93,112.08,112.07,111.95,48.72870371
2022-03-02 06:33:00,112.02,112.1,112.04,112.06,19.95025745
2022-03-02 06:32:00,111.89,112.11,112.11,112.03,121.20729667
2022-03-02 06:31:00,112.11,112.26,112.26,112.11,19.69426853
2022-03-02 06:30:00,112.17,112.33,112.22,112.29,105.96029469
2022-03-02 06:29:00,112.11,112.25,112.11,112.23,116.44466566
2022-03-02 06:28:00,112.06,112.18,112.18,112.1,46.56279795
2022-03-02 06:27:00,112.15,112.26,112.2,112.2,13.24032908
2022-03-02 06:26:00,112.17,112.29,112.21,112.21,116.67117591
2022-03-02 06:25:00,111.92,112.2,111.97,112.17,125.89881731
2022-03-02 06:24:00,111.91,112.19,112.19,112.03,384.60046489
2022-03-02 06:23:00,112.14,112.5,112.46,112.25,343.18300328
2022-03-02 06:22:00,112.41,112.61,112.6,112.43,39.63484106
2022-03-02 06:21:00,112.63,112.68,112.66,112.63,16.59318188
2022-03-02 06:20:00,112.67,112.79,112.74,112.69,80.6669553
2022-03-02 06:19:00,112.66,112.79,112.71,112.74,124.754385
2022-03-02 06:18:00,112.64,112.75,112.64,112.75,77.28338907
2022-03-02 06:17:00,112.66,112.8,112.76,112.71,43.30897971
2022-03-02 16:17:00,110.85,111.01,110.94,110.93,117.86754624
2022-03-02 16:16:00,110.87,111.06,110.97,110.98,52.38207241
2022-03-02 16:15:00,111.0,111.16,111.08,111.01,158.99708813
2022-03-02 16:14:00,111.02,111.15,111.06,111.08,69.00214847
2022-03-02 16:13:00,110.94,111.11,111.0,111.03,80.50775178
2022-03-02 16:12:00,110.92,111.09,110.96,111.02,126.0562505
2022-03-02 16:11:00,110.89,111.04,110.95,110.98,104.39869044
2022-03-02 16:10:00,110.84,110.98,110.93,110.9,90.59343516
2022-03-02 16:09:00,110.81,110.98,110.92,110.93,122.99302919
2022-03-02 16:08:00,110.86,110.99,110.95,110.94,108.22083451
2022-03-02 16:07:00,110.65,110.93,110.69,110.91,149.96891117
2022-03-02 16:06:00,110.65,110.91,110.76,110.69,879.72299983
2022-03-02 16:05:00,110.6,110.97,110.96,110.78,123.37100118
2022-03-02 16:04:00,110.81,111.16,110.81,110.81,257.64109744
2022-03-02 16:03:00,110.6,110.82,110.77,110.82,169.41955936
2022-03-02 16:02:00,110.34,110.82,110.38,110.77,314.00768792
2022-03-02 16:01:00,110.32,110.54,110.42,110.52,293.16651563
2022-03-02 16:00:00,110.39,110.71,110.7,110.46,324.02430601
2022-03-02 15:59:00,110.53,110.69,110.62,110.63,91.66145134
2022-03-02 15:58:00,110.61,110.82,110.75,110.61,89.7389973
2022-03-02 15:57:00,110.51,110.78,110.66,110.72,755.3569941
2022-03-02 15:56:00,110.56,110.65,110.58,110.65,53.35313339
2022-03-02 15:55:00,110.29,110.53,110.39,110.52,139.80928182
2022-03-02 15:54:00,110.35,110.6,110.58,110.35,203.14947229
2022-03-02 15:53:00,110.6,110.88,110.67,110.6,150.72099672
2022-03-02 15:52:00,110.63,110.71,110.7,110.63,31.74587417
2022-03-02 15:51:00,110.6,110.85,110.85,110.66,238.89857996
2022-03-02 15:50:00,110.85,111.04,111.02,110.87,107.87341745
2022-03-02 15:49:00,110.84,111.02,110.89,110.96,283.16561896
2022-03-02 15:48:00,110.68,110.85,110.7,110.83,226.80370849
2022-03-02 15:47:00,110.41,110.71,110.47,110.71,82.90616633
2022-03-02 15:46:00,110.29,110.46,110.46,110.43,137.12768889
2022-03-02 15:45:00,110.51,110.68,110.55,110.51,179.45296601
2022-03-02 15:44:00,110.46,110.72,110.53,110.49,350.18864222
2022-03-02 15:43:00,110.38,110.56,110.55,110.51,449.4574708
2022-03-02 15:42:00,110.5,110.73,110.73,110.5,211.02136128
2022-03-02 15:41:00,110.71,110.9,110.71,110.75,211.15479614
2022-03-02 15:40:00,110.66,111.03,110.86,110.66,119.84141329
2022-03-02 15:39:00,110.82,111.01,110.96,110.91,206.64791814
2022-03-02 15:38:00,110.85,111.11,111.02,110.89,87.31162276
2022-03-02 15:37:00,110.81,111.06,110.84,111.06,121.5962564
2022-03-02 15:36:00,110.43,110.8,110.64,110.73,229.46669051
2022-03-02 15:35:00,110.23,110.63,110.42,110.61,388.87100704
2022-03-02 15:34:00,110.43,110.98,110.98,110.43,334.18790212
2022-03-02 15:33:00,110.7,111.0,110.89,110.96,274.34558795
2022-03-02 15:32:00,110.65,111.04,110.9,110.86,213.79838815
2022-03-02 15:31:00,110.5,111.08,111.07,110.87,176.45718707
2022-03-02 15:30:00,110.77,111.54,111.03,111.0,971.58077994
2022-03-02 15:29:00,110.29,111.25,110.29,111.07,568.83196683
2022-03-02 15:28:00,109.75,110.33,109.81,110.33,285.52709673
2022-03-02 15:27:00,109.69,110.28,110.26,109.79,647.07949675
2022-03-02 15:26:00,110.25,110.57,110.57,110.25,163.63902052
2022-03-02 15:25:00,110.4,110.66,110.66,110.59,134.71508743
2022-03-02 15:24:00,110.53,110.68,110.6,110.61,265.99784348
2022-03-02 15:23:00,110.6,111.02,110.94,110.6,331.10097771
2022-03-02 15:22:00,110.79,111.11,110.85,110.94,250.16004045
2022-03-02 15:21:00,110.59,110.95,110.67,110.94,118.70605538
2022-03-02 15:20:00,110.27,110.74,110.27,110.67,472.28058946
2022-03-02 15:19:00,110.05,110.25,110.05,110.25,315.97021201
2022-03-02 15:18:00,109.88,110.41,110.23,110.04,612.64685929
2022-03-02 15:17:00,110.22,111.0,110.89,110.22,564.90870071
2022-03-02 15:16:00,110.76,111.03,110.76,110.9,437.65760102
2022-03-02 15:15:00,110.39,110.83,110.45,110.72,476.12686493
2022-03-02 15:14:00,110.34,110.68,110.45,110.41,490.2925894
2022-03-02 15:13:00,110.13,110.76,110.73,110.44,224.55819674
2022-03-02 15:12:00,110.73,111.19,110.95,110.76,207.71737459
2022-03-02 15:11:00,110.9,111.25,111.01,110.91,464.1213029
2022-03-02 15:10:00,110.74,111.19,110.94,110.91,277.30520019
2022-03-02 15:09:00,110.35,111.11,111.11,110.91,513.74723307
2022-03-02 15:08:00,110.31,111.26,110.91,111.11,945.01697752
2022-03-02 15:07:00,110.92,112.24,112.16,110.92,932.65357502
2022-03-02 15:06:00,112.22,112.65,112.65,112.22,357.69247065
2022-03-02 15:05:00,112.66,112.99,112.8,112.72,533.19845283
2022-03-02 15:04:00,112.59,113.18,113.05,112.8,856.12073026
2022-03-02 15:03:00,113.01,113.3,113.09,113.05,654.2148742
2022-03-02 15:02:00,112.85,113.5,113.16,113.1,1265.78607877
2022-03-02 15:01:00,112.69,113.19,113.13,113.17,1186.66504157
2022-03-02 15:00:00,112.13,113.12,112.14,113.07,1277.95904244
2022-03-02 14:59:00,111.88,112.21,112.0,112.14,270.29419615
2022-03-02 14:58:00,111.74,111.95,111.78,111.95,203.96190101
2022-03-02 14:57:00,111.61,111.75,111.61,111.68,60.49246482
2022-03-02 14:56:00,111.57,112.04,111.91,111.61,248.10207256
2022-03-02 14:55:00,111.85,111.97,111.87,111.85,242.52367674
2022-03-02 14:54:00,111.69,111.88,111.71,111.8,238.93493881
2022-03-02 14:53:00,111.58,111.82,111.67,111.79,234.82246135
2022-03-02 14:52:00,111.56,111.74,111.67,111.68,179.40047933
2022-03-02 14:51:00,111.28,111.92,111.65,111.7,583.44137347
2022-03-02 14:50:00,111.51,111.88,111.83,111.72,301.43508212
2022-03-02 14:49:00,111.59,111.9,111.68,111.82,113.36370328
2022-03-02 14:48:00,111.57,111.91,111.76,111.66,252.04702611
2022-03-02 14:47:00,111.63,111.8,111.76,111.63,249.7030089
2022-03-02 14:46:00,111.55,111.87,111.65,111.68,605.10883323
2022-03-02 14:45:00,111.6,112.3,112.3,111.63,524.61698802
2022-03-02 14:44:00,112.08,112.44,112.09,112.17,653.97105473
2022-03-02 14:43:00,111.67,112.37,111.67,112.06,1412.15871817
2022-03-02 14:42:00,111.15,111.81,111.15,111.65,584.38975238
2022-03-02 14:41:00,110.77,111.15,110.77,111.15,435.8406412
2022-03-02 14:40:00,110.38,110.87,110.49,110.69,324.9888395
2022-03-02 14:39:00,110.4,110.55,110.53,110.55,160.43967418
2022-03-02 14:38:00,110.41,110.54,110.42,110.49,128.54547382
2022-03-02 14:37:00,110.15,110.42,110.16,110.39,121.86705021
2022-03-02 14:36:00,110.02,110.2,110.04,110.17,135.73765491
2022-03-02 14:35:00,110.06,110.37,110.37,110.06,433.51739597
2022-03-02 14:34:00,110.34,110.44,110.44,110.37,74.35714715
2022-03-02 14:33:00,110.37,110.49,110.47,110.45,276.31206859
2022-03-02 14:32:00,110.47,110.65,110.54,110.55,130.79099337
2022-03-02 14:31:00,110.06,110.48,110.47,110.48,563.45233153
2022-03-02 14:30:00,110.12,110.62,110.35,110.54,302.234557
2022-03-02 14:29:00,110.32,110.51,110.46,110.32,61.7012902
2022-03-02 14:28:00,110.17,110.57,110.27,110.46,223.65047083
2022-03-02 14:27:00,110.06,110.33,110.23,110.26,191.12120036
2022-03-02 14:26:00,110.2,110.29,110.29,110.27,117.21045716
2022-03-02 14:25:00,110.16,110.34,110.2,110.27,38.2804078
2022-03-02 14:24:00,110.23,110.36,110.24,110.25,146.04270207
2022-03-02 14:23:00,110.19,110.3,110.21,110.23,51.82032208
2022-03-02 14:22:00,110.1,110.22,110.22,110.2,41.16265636
2022-03-02 14:21:00,110.14,110.25,110.25,110.18,64.91544405
2022-03-02 14:20:00,110.23,110.38,110.33,110.24,257.91515435
2022-03-02 14:19:00,110.2,110.38,110.2,110.34,213.14080832
2022-03-02 14:18:00,110.01,110.24,110.05,110.19,657.55717599
2022-03-02 14:17:00,109.9,110.17,109.96,110.06,434.06209596
2022-03-02 14:16:00,109.69,110.06,109.83,110.0,484.2737391
2022-03-02 14:15:00,109.81,110.08,110.0,109.82,85.84040834
2022-03-02 14:14:00,109.76,110.02,109.79,110.02,215.20636055
2022-03-02 14:13:00,109.7,109.99,109.78,109.76,289.1592039
2022-03-02 14:12:00,109.78,109.85,109.85,109.8,27.00600024
2022-03-02 14:11:00,109.77,109.87,109.81,109.83,50.1844078
2022-03-02 14:10:00,109.65,109.86,109.8,109.83,542.82942012
2022-03-02 14:09:00,109.8,110.13,110.06,109.8,369.73668117
2022-03-02 14:08:00,110.01,110.19,110.08,110.06,480.85490833
2022-03-02 14:07:00,110.14,110.36,110.32,110.21,110.70551577
2022-03-02 14:06:00,110.32,110.54,110.54,110.35,127.08019065
2022-03-02 14:05:00,110.38,110.61,110.41,110.58,144.59934051
2022-03-02 14:04:00,110.33,110.45,110.45,110.44,344.7837774
2022-03-02 14:03:00,110.41,110.57,110.43,110.45,315.1348113
2022-03-02 14:02:00,110.29,110.51,110.33,110.44,110.14125332
2022-03-02 14:01:00,110.11,110.43,110.15,110.36,87.57919079
2022-03-02 14:00:00,109.82,110.24,109.97,110.12,283.36849814
2022-03-02 13:59:00,109.59,110.06,109.59,110.0,253.28136745
2022-03-02 13:58:00,109.67,109.94,109.87,109.67,169.75009319
2022-03-02 13:57:00,109.67,109.89,109.74,109.87,307.04983349
2022-03-02 13:56:00,109.72,109.83,109.83,109.72,227.16830125
2022-03-02 13:55:00,109.6,110.05,110.04,109.81,425.61841591
2022-03-02 13:54:00,109.75,109.99,109.8,109.99,177.1315847
2022-03-02 13:53:00,109.69,109.95,109.72,109.78,64.67493758
2022-03-02 13:52:00,109.71,110.02,109.93,109.82,147.88952782
2022-03-02 13:51:00,109.95,110.16,110.16,110.01,147.52249584
2022-03-02 13:50:00,110.07,110.22,110.07,110.13,275.79756115
2022-03-02 13:49:00,110.0,110.21,110.02,110.11,111.07803293
2022-03-02 13:48:00,109.97,110.12,110.06,109.99,190.33875456
2022-03-02 13:47:00,109.76,110.13,109.84,110.12,294.82477041
2022-03-02 13:46:00,109.75,109.99,109.8,109.84,187.30816621
2022-03-02 13:45:00,109.34,109.93,109.5,109.8,1270.94022272
2022-03-02 13:44:00,109.18,109.53,109.18,109.5,439.03142454
2022-03-02 13:43:00,109.17,109.7,109.6,109.17,251.26846137
2022-03-02 13:42:00,109.48,109.77,109.7,109.57,212.12095104
2022-03-02 13:41:00,109.51,110.01,109.51,109.72,318.60180466
2022-03-02 13:40:00,109.52,110.18,110.1,109.52,647.49108232
2022-03-02 13:39:00,109.99,110.23,110.1,110.14,177.91212258
2022-03-02 13:38:00,109.93,110.23,110.2,110.11,175.69526087
2022-03-02 13:37:00,110.03,110.33,110.03,110.19,95.68904141
2022-03-02 13:36:00,109.89,110.49,110.47,110.03,566.45723903
2022-03-02 13:35:00,110.36,110.74,110.61,110.36,71.65742256
2022-03-02 13:34:00,110.54,110.7,110.67,110.64,166.65036987
2022-03-02 13:33:00,110.28,110.7,110.33,110.7,173.87015538
2022-03-02 13:32:00,110.36,110.8,110.8,110.36,191.10930007
2022-03-02 13:31:00,110.83,111.18,111.17,110.83,79.36614554
2022-03-02 13:30:00,110.84,111.35,110.93,111.2,251.24217711
2022-03-02 13:29:00,110.78,110.92,110.89,110.91,194.92972588
2022-03-02 13:28:00,110.84,111.06,111.0,110.84,321.58491297
2022-03-02 13:27:00,110.76,111.02,110.84,110.99,318.16909294
2022-03-02 13:26:00,110.44,110.8,110.49,110.65,136.17364922
2022-03-02 13:25:00,110.42,110.61,110.51,110.52,118.07387619
2022-03-02 13:24:00,110.34,110.58,110.34,110.53,166.65264626
2022-03-02 13:23:00,110.37,110.77,110.77,110.39,244.63564746
2022-03-02 13:22:00,110.53,110.76,110.76,110.7,69.86395411
2022-03-02 13:21:00,110.46,110.76,110.46,110.76,57.95635348
2022-03-02 13:20:00,110.27,110.62,110.29,110.51,58.32561595
2022-03-02 13:19:00,110.22,110.47,110.31,110.24,323.04481489
2022-03-02 13:18:00,110.19,110.57,110.4,110.3,175.31767259
2022-03-02 13:17:00,110.0,110.65,110.39,110.33,790.34014727
2022-03-02 13:16:00,110.32,111.27,111.27,110.43,1665.77747218
2022-03-02 13:15:00,111.21,111.36,111.22,111.31,597.96409702
2022-03-02 13:14:00,111.16,111.34,111.33,111.26,54.14103839
2022-03-02 13:13:00,111.21,111.59,111.59,111.33,363.72181706
2022-03-02 13:12:00,111.51,111.72,111.64,111.6,134.38889786
2022-03-02 13:11:00,111.5,111.7,111.69,111.68,276.37103702
2022-03-02 13:10:00,111.54,111.72,111.54,111.66,92.18016945
2022-03-02 13:09:00,111.46,111.63,111.63,111.56,100.39303432
2022-03-02 13:08:00,111.54,111.84,111.84,111.57,191.17082132
2022-03-02 13:07:00,111.83,112.02,112.02,111.92,84.72432786
2022-03-02 13:06:00,111.92,112.15,112.11,111.98,106.03823974
2022-03-02 13:05:00,111.76,112.17,111.95,112.13,413.93593932
2022-03-02 13:04:00,111.92,112.0,111.98,111.92,162.32529428
2022-03-02 13:03:00,111.94,112.04,111.94,111.99,42.51756909
2022-03-02 13:02:00,111.83,111.97,111.93,111.89,169.52317681
2022-03-02 13:01:00,111.98,112.03,111.99,111.99,15.33576984
2022-03-02 13:00:00,111.94,112.12,112.11,112.01,41.52401974
2022-03-02 12:59:00,112.05,112.11,112.07,112.11,117.16093903
2022-03-02 12:58:00,112.03,112.17,112.1,112.06,93.63386418
2022-03-02 12:57:00,111.9,112.24,112.24,112.08,154.167882
2022-03-02 12:56:00,111.9,112.19,111.9,112.16,152.13815045
2022-03-02 12:55:00,111.87,112.19,112.19,111.87,315.02924263
2022-03-02 12:54:00,112.08,112.19,112.13,112.19,96.42714821
2022-03-02 12:53:00,112.03,112.19,112.17,112.15,114.50666856
2022-03-02 12:52:00,112.12,112.3,112.23,112.15,104.76607934
2022-03-02 12:51:00,112.17,112.44,112.36,112.23,222.30313506
2022-03-02 12:50:00,112.1,112.53,112.11,112.35,183.93623475
2022-03-02 12:49:00,112.12,112.24,112.18,112.15,15.42313148
2022-03-02 12:48:00,112.0,112.17,112.03,112.12,52.49005747
2022-03-02 12:47:00,111.8,111.98,111.83,111.98,95.22490032
2022-03-02 12:46:00,111.67,111.82,111.73,111.76,131.33815841
2022-03-02 12:45:00,111.76,112.0,112.0,111.76,195.36474173
2022-03-02 12:44:00,111.95,112.09,112.05,112.0,127.31487973
2022-03-02 12:43:00,112.01,112.28,112.24,112.01,134.1439364
2022-03-02 12:42:00,112.16,112.25,112.16,112.24,11.05443513
2022-03-02 12:41:00,112.17,112.29,112.29,112.18,55.38534659
2022-03-02 12:40:00,112.06,112.19,112.06,112.14,54.54958802
2022-03-02 12:39:00,112.0,112.1,112.04,112.07,98.45305023
2022-03-02 12:38:00,111.95,112.13,111.95,112.12,68.62788992
2022-03-02 12:37:00,111.86,112.07,111.86,112.0,95.49027553
2022-03-02 12:36:00,111.73,111.94,111.74,111.89,185.41049855
2022-03-02 12:35:00,111.53,111.76,111.66,111.76,321.59063864
2022-03-02 12:34:00,111.56,111.82,111.56,111.66,255.40524315
2022-03-02 12:33:00,111.56,111.78,111.78,111.56,1989.0460633
2022-03-02 12:32:00,111.75,111.93,111.75,111.81,276.04189342
2022-03-02 12:31:00,111.57,111.98,111.97,111.78,533.47525193
2022-03-02 12:30:00,111.85,112.32,112.31,111.93,255.20027877
2022-03-02 12:29:00,112.18,112.33,112.23,112.27,121.93275505
2022-03-02 12:28:00,112.03,112.25,112.13,112.25,114.73281492
2022-03-02 12:27:00,112.14,112.44,112.43,112.17,61.69426503
2022-03-02 12:26:00,112.4,112.7,112.69,112.46,156.85348739
2022-03-02 12:25:00,112.46,112.79,112.52,112.66,82.21020771
2022-03-02 12:24:00,112.18,112.44,112.24,112.42,17.13190183
2022-03-02 12:23:00,112.13,112.36,112.34,112.19,317.51449032
2022-03-02 12:22:00,112.09,112.39,112.09,112.38,20.69630874
2022-03-02 12:21:00,112.14,112.35,112.34,112.15,84.45273439
2022-03-02 12:20:00,112.03,112.45,112.43,112.21,482.5075537
2022-03-02 12:19:00,112.33,112.77,112.66,112.4,165.10299788
2022-03-02 12:18:00,112.78,113.2,113.2,112.78,204.43850962
2022-03-02 12:17:00,113.28,113.41,113.41,113.28,96.74523464
2022-03-02 12:16:00,113.42,113.51,113.43,113.45,66.74805223
2022-03-02 12:15:00,113.32,113.41,113.37,113.41,138.3084177
2022-03-02 12:14:00,113.14,113.38,113.14,113.37,115.4232489
2022-03-02 12:13:00,113.14,113.19,113.17,113.14,7.31925943
2022-03-02 12:12:00,113.11,113.19,113.16,113.14,22.34399793
2022-03-02 12:11:00,113.13,113.31,113.25,113.14,250.31375416
2022-03-02 12:10:00,113.15,113.3,113.19,113.22,111.99555142
2022-03-02 12:09:00,113.13,113.24,113.18,113.23,102.03859348
2022-03-02 12:08:00,113.14,113.22,113.14,113.17,30.38686832
2022-03-02 12:07:00,113.1,113.22,113.19,113.14,44.02680031
2022-03-02 12:06:00,113.03,113.18,113.04,113.17,152.2171582
2022-03-02 12:05:00,113.02,113.13,113.11,113.07,24.29338013
2022-03-02 12:04:00,112.99,113.16,112.99,113.16,85.25491415
2022-03-02 12:03:00,112.97,113.14,113.13,112.99,77.01424425
2022-03-02 12:02:00,113.06,113.18,113.08,113.18,33.93623126
2022-03-02 12:01:00,112.95,113.09,112.96,113.04,46.07908335
2022-03-02 12:00:00,112.94,113.15,113.15,112.98,43.2300462
2022-03-02 11:59:00,113.12,113.19,113.19,113.14,7.72320523
2022-03-02 11:58:00,113.12,113.2,113.12,113.16,4.22053039
2022-03-02 11:57:00,113.14,113.21,113.19,113.14,112.71753014
2022-03-02 11:56:00,113.13,113.21,113.16,113.21,102.94794963
2022-03-02 11:55:00,113.11,113.2,113.17,113.18,20.93161319
2022-03-02 11:54:00,113.07,113.2,113.12,113.18,73.4526727
2022-03-02 11:53:00,113.12,113.2,113.18,113.14,68.83217642
2022-03-02 11:52:00,113.08,113.21,113.12,113.18,183.65705698
2022-03-02 11:51:00,113.05,113.17,113.16,113.05,111.67189696
2022-03-02 11:50:00,113.07,113.23,113.22,113.08,39.22240918
2022-03-02 11:49:00,113.12,113.23,113.15,113.19,11.80220261
2022-03-02 11:48:00,113.12,113.24,113.24,113.12,35.35425294
2022-03-02 11:47:00,113.15,113.29,113.17,113.23,115.98448648
2022-03-02 11:46:00,113.1,113.2,113.11,113.16,7.84674745
2022-03-02 11:45:00,113.11,113.21,113.21,113.16,40.14775926
2022-03-02 11:44:00,113.09,113.23,113.09,113.21,108.23484773
2022-03-02 11:43:00,112.94,113.09,113.01,113.04,93.99195579
2022-03-02 11:42:00,112.92,113.03,113.03,113.01,68.41304517
2022-03-02 11:41:00,112.83,112.97,112.88,112.91,28.70898995
2022-03-02 11:40:00,112.84,112.95,112.86,112.87,69.048101
2022-03-02 11:39:00,112.86,112.91,112.91,112.86,38.90587737
2022-03-02 11:38:00,112.88,113.02,113.0,112.9,72.72640026
2022-03-02 11:37:00,112.93,113.02,113.02,113.0,57.68622763
2022-03-02 11:36:00,112.86,113.07,112.88,113.05,119.39870714
2022-03-02 11:35:00,112.84,112.93,112.85,112.91,12.44674146
2022-03-02 11:34:00,112.88,113.02,113.02,112.89,44.90068901
2022-03-02 11:33:00,113.0,113.14,113.08,113.05,46.62724804
2022-03-02 11:32:00,113.03,113.15,113.03,113.08,105.81324467
2022-03-02 11:31:00,112.97,113.06,113.0,112.97,92.9488988
2022-03-02 11:30:00,112.97,113.07,113.07,112.97,25.34960473
2022-03-02 11:29:00,112.93,113.07,112.93,113.01,68.08401604
2022-03-02 11:28:00,112.89,113.12,112.89,112.94,145.1327243
2022-03-02 11:27:00,112.85,112.93,112.93,112.85,42.15310338
2022-03-02 11:26:00,112.81,112.96,112.93,112.93,27.96164954
2022-03-02 11:25:00,112.82,112.91,112.85,112.91,97.70853671
2022-03-02 11:24:00,112.55,112.88,112.55,112.84,10.70537855
2022-03-02 11:23:00,112.61,112.82,112.81,112.68,155.88146003
2022-03-02 11:22:00,112.75,113.05,113.04,112.75,120.77623681
2022-03-02 11:21:00,112.95,113.03,112.98,112.98,77.74468525
2022-03-02 11:20:00,112.89,113.0,112.89,113.0,32.94714152
2022-03-02 11:19:00,112.85,112.96,112.96,112.89,84.44832134
2022-03-02 11:18:00,112.95,113.02,112.99,112.97,100.44400343
2022-03-02 11:17:00,112.94,113.07,113.03,112.96,95.99937281
2022-03-02 21:17:00,110.42,110.58,110.47,110.42,117.89310645
2022-03-02 21:16:00,110.44,110.48,110.48,110.48,24.4932766
2022-03-02 21:15:00,110.32,110.45,110.32,110.43,1040.58245677
2022-03-02 21:14:00,110.32,110.4,110.38,110.4,21.92549464
2022-03-02 21:13:00,110.32,110.41,110.4,110.36,58.07438708
2022-03-02 21:12:00,110.36,110.47,110.47,110.4,11.96611417
2022-03-02 21:11:00,110.37,110.47,110.41,110.47,33.31613863
2022-03-02 21:10:00,110.36,110.5,110.36,110.44,62.26940087
2022-03-02 21:09:00,110.32,110.44,110.35,110.4,76.11187043
2022-03-02 21:08:00,110.3,110.41,110.4,110.36,16.67759604
2022-03-02 21:07:00,110.33,110.43,110.37,110.41,14.63845974
2022-03-02 21:06:00,110.33,110.42,110.39,110.37,19.92250383
2022-03-02 21:05:00,110.38,110.48,110.45,110.38,56.82163714
2022-03-02 21:04:00,110.45,110.51,110.49,110.46,15.98139813
2022-03-02 21:03:00,110.43,110.52,110.49,110.48,48.83341002
2022-03-02 21:02:00,110.45,110.62,110.61,110.45,48.82361985
2022-03-02 21:01:00,110.47,110.6,110.49,110.6,103.96010456
2022-03-02 21:00:00,110.47,110.58,110.52,110.52,22.50890289
2022-03-02 20:59:00,110.46,110.61,110.47,110.52,62.40255122
2022-03-02 20:58:00,110.41,110.5,110.45,110.49,12.54773108
2022-03-02 20:57:00,110.41,110.53,110.53,110.45,53.91685104
2022-03-02 20:56:00,110.48,110.57,110.51,110.52,8.91495886
2022-03-02 20:55:00,110.37,110.51,110.41,110.5,94.21138453
2022-03-02 20:54:00,110.45,110.57,110.48,110.49,546.48426753
2022-03-02 20:53:00,110.47,110.55,110.55,110.52,34.53397683
2022-03-02 20:52:00,110.52,110.6,110.6,110.58,4.96924315
2022-03-02 20:51:00,110.47,110.62,110.51,110.61,115.79493019
2022-03-02 20:50:00,110.53,110.67,110.53,110.6,285.54037313
2022-03-02 20:49:00,110.42,110.61,110.42,110.53,128.35937094
2022-03-02 20:48:00,110.3,110.42,110.32,110.42,25.99240498
2022-03-02 20:47:00,110.26,110.34,110.33,110.28,130.74536271
2022-03-02 20:46:00,110.21,110.36,110.34,110.33,308.86360446
2022-03-02 20:45:00,110.31,110.47,110.44,110.31,122.755837
2022-03-02 20:44:00,110.37,110.46,110.44,110.38,72.39394426
2022-03-02 20:43:00,110.36,110.47,110.36,110.44,278.08154785
2022-03-02 20:42:00,110.3,110.41,110.4,110.36,49.04675828
2022-03-02 20:41:00,110.27,110.4,110.29,110.4,92.01133164
2022-03-02 20:40:00,110.27,110.41,110.36,110.27,233.60407522
2022-03-02 20:39:00,110.37,110.51,110.44,110.41,51.9992419
2022-03-02 20:38:00,110.47,110.66,110.64,110.51,240.40723553
2022-03-02 20:37:00,110.6,110.69,110.62,110.66,261.19861491
2022-03-02 20:36:00,110.6,110.7,110.7,110.64,154.22434814
2022-03-02 20:35:00,110.65,110.7,110.68,110.7,43.21864442
2022-03-02 20:34:00,110.68,110.8,110.73,110.68,80.2514499
2022-03-02 20:33:00,110.57,110.74,110.7,110.74,75.17838173
2022-03-02 20:32:00,110.55,110.7,110.56,110.7,5.78567079
2022-03-02 20:31:00,110.42,110.57,110.42,110.52,28.77142794
2022-03-02 20:30:00,110.32,110.45,110.45,110.42,76.12558329
2022-03-02 20:29:00,110.34,110.46,110.34,110.45,122.37320452
2022-03-02 20:28:00,110.29,110.43,110.41,110.29,50.6601471
2022-03-02 20:27:00,110.26,110.39,110.34,110.39,13.52180521
2022-03-02 20:26:00,110.31,110.4,110.34,110.37,53.05471001
2022-03-02 20:25:00,110.29,110.38,110.29,110.31,28.27332469
2022-03-02 20:24:00,110.24,110.34,110.3,110.28,124.90087087
2022-03-02 20:23:00,110.33,110.42,110.41,110.33,17.52993331
2022-03-02 20:22:00,110.31,110.38,110.32,110.38,82.32200395
2022-03-02 20:21:00,110.22,110.32,110.22,110.32,136.2434674
2022-03-02 20:20:00,110.21,110.33,110.33,110.21,251.71255898
2022-03-02 20:19:00,110.28,110.36,110.28,110.35,54.61135626
2022-03-02 20:18:00,110.24,110.33,110.32,110.24,7.62950093
2022-03-02 20:17:00,110.21,110.33,110.25,110.33,74.97179148
2022-03-02 20:16:00,110.16,110.26,110.25,110.21,36.74697153
2022-03-02 20:15:00,110.16,110.33,110.33,110.22,256.52307236
2022-03-02 20:14:00,110.2,110.34,110.34,110.29,148.23755802
2022-03-02 20:13:00,110.22,110.34,110.24,110.34,76.1468882
2022-03-02 20:12:00,110.22,110.33,110.33,110.3,370.83319147
2022-03-02 20:11:00,110.29,110.35,110.33,110.33,19.41680118
2022-03-02 20:10:00,110.27,110.4,110.31,110.36,88.74480818
2022-03-02 20:09:00,110.23,110.38,110.3,110.3,70.55341869
2022-03-02 20:08:00,110.27,110.37,110.32,110.3,121.59725298
2022-03-02 20:07:00,110.24,110.4,110.28,110.31,84.14037299
2022-03-02 20:06:00,110.16,110.31,110.27,110.31,40.58358561
2022-03-02 20:05:00,110.25,110.36,110.36,110.29,38.93504805
2022-03-02 20:04:00,110.37,110.48,110.47,110.39,164.25624173
2022-03-02 20:03:00,110.4,110.52,110.44,110.52,90.57841954
2022-03-02 20:02:00,110.38,110.49,110.49,110.48,87.25155307
2022-03-02 20:01:00,110.19,110.45,110.26,110.45,235.81772977
2022-03-02 20:00:00,110.19,110.37,110.35,110.26,134.65265951
2022-03-02 19:59:00,110.26,110.37,110.3,110.37,202.00198393
2022-03-02 19:58:00,110.3,110.37,110.35,110.33,134.73182891
2022-03-02 19:57:00,110.24,110.36,110.28,110.36,40.23760634
2022-03-02 19:56:00,110.25,110.35,110.31,110.28,40.23789651
2022-03-02 19:55:00,110.3,110.39,110.39,110.35,282.3828215
2022-03-02 19:54:00,110.29,110.41,110.41,110.34,172.40875543
2022-03-02 19:53:00,110.27,110.42,110.33,110.38,115.56380009
2022-03-02 19:52:00,110.34,110.48,110.45,110.35,149.96156152
2022-03-02 19:51:00,110.42,110.62,110.55,110.42,169.76741838
2022-03-02 19:50:00,110.47,110.56,110.47,110.55,47.83342197
2022-03-02 19:49:00,110.41,110.45,110.45,110.45,113.62557968
2022-03-02 19:48:00,110.37,110.45,110.45,110.45,41.20922468
2022-03-02 19:47:00,110.33,110.38,110.36,110.38,18.38712163
2022-03-02 19:46:00,110.35,110.49,110.49,110.4,78.53366472
2022-03-02 19:45:00,110.32,110.54,110.41,110.45,190.15974457
2022-03-02 19:44:00,110.36,110.49,110.41,110.48,49.43482433
2022-03-02 19:43:00,110.29,110.5,110.4,110.46,124.84186625
2022-03-02 19:42:00,110.33,110.41,110.37,110.4,95.34287954
2022-03-02 19:41:00,110.28,110.4,110.28,110.4,34.94837672
2022-03-02 19:40:00,110.24,110.38,110.37,110.29,180.18964239
2022-03-02 19:39:00,110.16,110.43,110.22,110.37,241.91333619
2022-03-02 19:38:00,110.05,110.25,110.15,110.2,61.78392184
2022-03-02 19:37:00,110.07,110.19,110.15,110.19,42.09095891
2022-03-02 19:36:00,110.04,110.15,110.11,110.09,110.37770975
2022-03-02 19:35:00,109.81,110.11,109.82,110.06,73.73699664
2022-03-02 19:34:00,109.65,109.81,109.71,109.81,69.30661996
2022-03-02 19:33:00,109.49,109.69,109.53,109.69,66.46177962
2022-03-02 19:32:00,109.43,109.64,109.6,109.53,101.89862214
2022-03-02 19:31:00,109.48,109.61,109.48,109.61,177.89155918
2022-03-02 19:30:00,109.45,109.63,109.62,109.48,40.59569152
2022-03-02 19:29:00,109.48,109.64,109.51,109.64,51.88281109
2022-03-02 19:28:00,109.4,109.56,109.56,109.53,807.05531442
2022-03-02 19:27:00,109.4,109.53,109.52,109.53,171.63806012
2022-03-02 19:26:00,109.52,109.65,109.52,109.57,56.77607611
2022-03-02 19:25:00,109.45,109.74,109.66,109.48,259.0803313
2022-03-02 19:24:00,109.64,109.73,109.73,109.66,82.80461913
2022-03-02 19:23:00,109.7,109.85,109.7,109.72,127.25322986
2022-03-02 19:22:00,109.5,109.72,109.71,109.67,277.06289854
2022-03-02 19:21:00,109.69,109.98,109.98,109.69,138.57394059
2022-03-02 19:20:00,109.98,110.1,110.03,110.03,69.74449017
2022-03-02 19:19:00,109.94,110.03,109.94,110.03,130.74775258
2022-03-02 19:18:00,109.93,110.04,110.01,109.93,106.92345646
2022-03-02 19:17:00,110.0,110.09,110.06,110.03,20.73417233
2022-03-02 19:16:00,110.0,110.18,110.18,110.08,109.53509998
2022-03-02 19:15:00,110.11,110.21,110.15,110.14,16.6313518
2022-03-02 19:14:00,110.09,110.23,110.23,110.13,39.85974747
2022-03-02 19:13:00,110.2,110.27,110.21,110.27,56.80636265
2022-03-02 19:12:00,110.15,110.29,110.15,110.24,88.19485289
2022-03-02 19:11:00,110.12,110.27,110.23,110.12,36.19222974
2022-03-02 19:10:00,110.18,110.28,110.22,110.23,77.56525889
2022-03-02 19:09:00,110.18,110.46,110.46,110.19,156.86057892
2022-03-02 19:08:00,110.36,110.47,110.44,110.46,65.47845212
2022-03-02 19:07:00,110.41,110.56,110.54,110.44,164.73410642
2022-03-02 19:06:00,110.37,110.54,110.45,110.54,61.43988153
2022-03-02 19:05:00,110.37,110.46,110.43,110.45,66.55735476
2022-03-02 19:04:00,110.39,110.48,110.45,110.43,30.71812524
2022-03-02 19:03:00,110.33,110.47,110.43,110.42,296.12811469
2022-03-02 19:02:00,110.36,110.45,110.45,110.44,36.39499025
2022-03-02 19:01:00,110.19,110.46,110.19,110.39,316.22598576
2022-03-02 19:00:00,110.1,110.19,110.14,110.13,14.67393253
2022-03-02 18:59:00,110.03,110.13,110.1,110.08,59.10478018
2022-03-02 18:58:00,110.07,110.17,110.09,110.11,76.29118282
2022-03-02 18:57:00,110.03,110.12,110.08,110.05,28.32608332
2022-03-02 18:56:00,110.04,110.14,110.05,110.08,51.85894817
2022-03-02 18:55:00,109.89,110.07,110.01,110.07,101.12378416
2022-03-02 18:54:00,109.85,110.0,110.0,109.97,160.93037018
2022-03-02 18:53:00,109.99,110.14,110.1,109.99,69.72054607
2022-03-02 18:52:00,109.94,110.13,109.98,110.06,76.67212756
2022-03-02 18:51:00,109.91,110.03,109.98,109.97,1129.48414082
2022-03-02 18:50:00,109.87,110.0,109.93,109.96,145.47279819
2022-03-02 18:49:00,109.76,109.92,109.83,109.92,100.39814713
2022-03-02 18:48:00,109.75,109.9,109.82,109.87,96.03662108
2022-03-02 18:47:00,109.74,109.99,109.94,109.85,201.64587269
2022-03-02 18:46:00,109.81,109.94,109.89,109.94,180.60304802
2022-03-02 18:45:00,109.87,110.04,109.99,109.87,156.50380491
2022-03-02 18:44:00,109.87,110.05,109.94,109.98,93.24799822
2022-03-02 18:43:00,109.86,110.03,109.97,109.94,212.53329681
2022-03-02 18:42:00,109.94,110.02,109.96,109.97,146.52613895
2022-03-02 18:41:00,109.86,110.08,110.08,109.97,212.88132469
2022-03-02 18:40:00,110.02,110.26,110.23,110.04,164.5506447
2022-03-02 18:39:00,110.23,110.43,110.38,110.23,170.58614467
2022-03-02 18:38:00,110.42,110.52,110.5,110.42,72.1646736
2022-03-02 18:37:00,110.5,110.62,110.62,110.5,199.74466975
2022-03-02 18:36:00,110.51,110.61,110.51,110.61,42.02404784
2022-03-02 18:35:00,110.54,110.66,110.66,110.54,60.12482822
2022-03-02 18:34:00,110.58,110.74,110.61,110.66,88.98446666
2022-03-02 18:33:00,110.46,110.61,110.48,110.58,58.75978971
2022-03-02 18:32:00,110.47,110.58,110.57,110.48,54.22484419
2022-03-02 18:31:00,110.51,110.58,110.54,110.57,84.0038167
2022-03-02 18:30:00,110.43,110.57,110.43,110.57,1061.66801457
2022-03-02 18:29:00,110.33,110.41,110.38,110.4,22.00911317
2022-03-02 18:28:00,110.33,110.43,110.41,110.38,33.10384231
2022-03-02 18:27:00,110.37,110.46,110.46,110.37,9.76471266
2022-03-02 18:26:00,110.38,110.48,110.47,110.47,96.22254415
2022-03-02 18:25:00,110.26,110.47,110.26,110.47,47.24873531
2022-03-02 18:24:00,110.23,110.42,110.32,110.32,105.06274345
2022-03-02 18:23:00,110.3,110.43,110.42,110.32,21.57579671
2022-03-02 18:22:00,110.38,110.63,110.56,110.38,112.54805113
2022-03-02 18:21:00,110.37,110.56,110.5,110.54,297.50669683
2022-03-02 18:20:00,110.37,110.49,110.44,110.48,173.6287865
2022-03-02 18:19:00,110.33,110.66,110.64,110.44,418.9737372
2022-03-02 18:18:00,110.63,110.77,110.76,110.63,53.26162436
2022-03-02 18:17:00,110.7,110.78,110.77,110.75,84.96931222
2022-03-02 18:16:00,110.72,110.81,110.75,110.75,80.00442214
2022-03-02 18:15:00,110.64,110.84,110.77,110.77,111.72682914
2022-03-02 18:14:00,110.74,110.82,110.75,110.82,130.50237279
2022-03-02 18:13:00,110.75,110.84,110.76,110.77,36.18448166
2022-03-02 18:12:00,110.76,110.84,110.83,110.81,26.24636362
2022-03-02 18:11:00,110.77,110.9,110.9,110.86,54.38298315
2022-03-02 18:10:00,110.7,110.92,110.72,110.88,99.37611728
2022-03-02 18:09:00,110.69,110.78,110.74,110.74,27.7092647
2022-03-02 18:08:00,110.7,110.76,110.71,110.71,19.77398859
2022-03-02 18:07:00,110.66,110.78,110.66,110.78,57.9251059
2022-03-02 18:06:00,110.54,110.66,110.55,110.66,52.25066339
2022-03-02 18:05:00,110.57,110.71,110.57,110.58,114.54035682
2022-03-02 18:04:00,110.47,110.67,110.53,110.55,108.32910029
2022-03-02 18:03:00,110.45,110.54,110.45,110.54,95.6049614
2022-03-02 18:02:00,110.32,110.53,110.41,110.45,416.58747123
2022-03-02 18:01:00,110.36,110.47,110.43,110.41,237.97704471
2022-03-02 18:00:00,110.16,110.44,110.16,110.41,36.35513137
2022-03-02 17:59:00,110.16,110.32,110.26,110.16,78.36451056
2022-03-02 17:58:00,110.21,110.3,110.23,110.26,104.50590413
2022-03-02 17:57:00,110.18,110.31,110.23,110.22,130.81837197
2022-03-02 17:56:00,110.07,110.23,110.15,110.23,377.39590859
2022-03-02 17:55:00,109.97,110.12,109.98,110.12,102.88414919
2022-03-02 17:54:00,109.98,110.14,110.08,110.01,171.57220616
2022-03-02 17:53:00,110.0,110.46,110.42,110.0,431.91990231
2022-03-02 17:52:00,110.32,110.5,110.35,110.47,125.42339669
2022-03-02 17:51:00,110.21,110.34,110.33,110.32,178.19937956
2022-03-02 17:50:00,110.21,110.66,110.62,110.31,300.49243746
2022-03-02 17:49:00,110.56,110.87,110.79,110.6,92.98998507
2022-03-02 17:48:00,110.72,111.11,111.08,110.81,388.67042049
2022-03-02 17:47:00,111.14,111.27,111.25,111.14,50.03813887
2022-03-02 17:46:00,111.18,111.32,111.26,111.25,54.58159342
2022-03-02 17:45:00,111.18,111.24,111.18,111.24,12.92941399
2022-03-02 17:44:00,111.1,111.26,111.14,111.19,100.58187702
2022-03-02 17:43:00,111.06,111.16,111.12,111.12,57.0008343
2022-03-02 17:42:00,111.11,111.17,111.17,111.12,0.87554671
2022-03-02 17:41:00,111.03,111.16,111.04,111.14,54.48331341
2022-03-02 17:40:00,111.09,111.16,111.13,111.09,94.78692692
2022-03-02 17:39:00,111.12,111.22,111.15,111.12,79.56885022
2022-03-02 17:38:00,111.09,111.16,111.13,111.15,24.17938726
2022-03-02 17:37:00,111.13,111.21,111.17,111.17,70.7145705
2022-03-02 17:36:00,111.02,111.17,111.02,111.17,103.43516869
2022-03-02 17:35:00,111.02,111.15,111.13,111.08,68.96539314
2022-03-02 17:34:00,111.11,111.16,111.16,111.13,14.4090759
2022-03-02 17:33:00,111.07,111.18,111.11,111.14,23.43251277
2022-03-02 17:32:00,110.91,111.03,110.96,111.01,76.23285643
2022-03-02 17:31:00,110.86,110.98,110.86,110.92,171.46944007
2022-03-02 17:30:00,110.84,110.97,110.92,110.86,105.14306933
2022-03-02 17:29:00,110.8,110.92,110.81,110.92,38.74419436
2022-03-02 17:28:00,110.84,110.97,110.86,110.87,76.15548013
2022-03-02 17:27:00,110.83,110.9,110.84,110.84,68.71545239
2022-03-02 17:26:00,110.72,110.9,110.88,110.9,229.04477202
2022-03-02 17:25:00,110.91,110.99,110.99,110.91,40.48505021
2022-03-02 17:24:00,110.86,110.98,110.89,110.98,136.73276157
2022-03-02 17:23:00,110.92,111.03,111.03,110.96,174.41840187
2022-03-02 17:22:00,110.97,111.09,111.05,111.09,78.8938951
2022-03-02 17:21:00,110.92,111.15,111.12,111.03,200.55948672
2022-03-02 17:20:00,111.03,111.14,111.09,111.13,49.75093494
2022-03-02 17:19:00,111.02,111.13,111.13,111.09,50.09769399
2022-03-02 17:18:00,111.02,111.16,111.08,111.13,68.88193075
2022-03-02 17:17:00,111.07,111.19,111.17,111.11,52.73307228
2022-03-02 17:16:00,111.15,111.22,111.16,111.19,52.92366663
2022-03-02 17:15:00,111.07,111.19,111.16,111.19,82.4568895
2022-03-02 17:14:00,111.12,111.19,111.15,111.19,59.59727998
2022-03-02 17:13:00,111.08,111.17,111.09,111.15,68.96312939
2022-03-02 17:12:00,110.99,111.16,111.03,111.11,50.16033311
2022-03-02 17:11:00,111.07,111.33,111.23,111.07,527.53069066
2022-03-02 17:10:00,111.19,111.3,111.25,111.23,106.57586402
2022-03-02 17:09:00,111.22,111.27,111.24,111.27,9.50127299
2022-03-02 17:08:00,111.22,111.32,111.22,111.24,14.92648284
2022-03-02 17:07:00,111.14,111.24,111.21,111.2,48.15222801
2022-03-02 17:06:00,111.12,111.24,111.18,111.24,75.99570523
2022-03-02 17:05:00,110.86,111.08,110.96,111.08,297.33172199
2022-03-02 17:04:00,110.97,111.07,110.98,111.02,33.30930142
2022-03-02 17:03:00,110.91,111.0,111.0,110.97,49.01463592
2022-03-02 17:02:00,110.91,111.02,110.95,111.02,136.7692824
2022-03-02 17:01:00,110.68,110.92,110.69,110.92,37.73566022
2022-03-02 17:00:00,110.71,110.98,110.96,110.71,94.09797015
2022-03-02 16:59:00,110.9,110.97,110.94,110.96,41.5759229
2022-03-02 16:58:00,111.0,111.09,111.04,111.02,34.75205209
2022-03-02 16:57:00,110.91,111.07,110.95,111.04,41.90268981
2022-03-02 16:56:00,110.79,110.94,110.9,110.9,143.00006244
2022-03-02 16:55:00,110.87,111.0,110.89,111.0,181.21384131
2022-03-02 16:54:00,110.8,110.9,110.83,110.9,281.02725237
2022-03-02 16:53:00,110.8,110.97,110.9,110.83,172.90009573
2022-03-02 16:52:00,110.85,110.94,110.85,110.89,18.89677859
2022-03-02 16:51:00,110.83,110.9,110.84,110.89,108.65351447
2022-03-02 16:50:00,110.77,110.92,110.85,110.86,206.45357926
2022-03-02 16:49:00,110.82,110.97,110.96,110.89,88.64267344
2022-03-02 16:48:00,110.92,111.02,111.02,110.97,80.21564498
2022-03-02 16:47:00,110.86,111.02,110.86,110.97,117.98054586
2022-03-02 16:46:00,110.84,110.89,110.84,110.88,75.72777723
2022-03-02 16:45:00,110.83,110.9,110.87,110.89,18.30736495
2022-03-02 16:44:00,110.79,110.9,110.85,110.82,191.1843828
2022-03-02 16:43:00,110.86,110.93,110.92,110.9,5.6921611
2022-03-02 16:42:00,110.73,110.97,110.91,110.89,167.7648924
2022-03-02 16:41:00,110.93,111.13,111.09,110.95,13.46246394
2022-03-02 16:40:00,110.99,111.11,111.01,111.1,13.56036825
2022-03-02 16:39:00,110.97,111.09,111.03,111.02,40.48826205
2022-03-02 16:38:00,110.96,111.08,111.02,111.01,16.64348096
2022-03-02 16:37:00,110.95,111.13,110.96,111.08,119.77889576
2022-03-02 16:36:00,110.95,111.19,111.12,110.95,95.07260629
2022-03-02 16:35:00,111.05,111.33,111.24,111.09,157.97029521
2022-03-02 16:34:00,111.27,111.38,111.35,111.31,58.99614497
2022-03-02 16:33:00,111.23,111.41,111.3,111.35,158.8313707
2022-03-02 16:32:00,111.02,111.3,111.24,111.29,250.81141139
2022-03-02 16:31:00,111.09,111.29,111.09,111.24,140.6619237
2022-03-02 16:30:00,110.92,111.07,111.05,111.0,447.63184201
2022-03-02 16:29:00,111.03,111.25,111.2,111.03,119.58213775
2022-03-02 16:28:00,111.14,111.25,111.14,111.19,59.60744387
2022-03-02 16:27:00,111.08,111.17,111.13,111.15,81.12483579
2022-03-02 16:26:00,110.95,111.09,111.01,111.09,129.44903688
2022-03-02 16:25:00,111.01,111.22,111.06,111.05,101.43596018
2022-03-02 16:24:00,110.82,111.06,111.02,111.04,1382.25151565
2022-03-02 16:23:00,110.94,111.09,111.09,111.01,136.84256523
2022-03-02 16:22:00,111.06,111.14,111.14,111.13,110.89039384
2022-03-02 16:21:00,111.07,111.26,111.26,111.12,3.21933644
2022-03-02 16:20:00,110.98,111.32,111.01,111.32,179.84251341
2022-03-02 16:19:00,110.9,111.03,110.92,111.03,86.97227756
2022-03-02 16:18:00,110.9,111.04,110.99,110.91,21.49336533
2022-03-02 16:17:00,110.85,111.01,110.94,110.93,117.86754624
2022-03-03 02:17:00,110.26,110.38,110.33,110.36,89.40609266
2022-03-03 02:16:00,110.36,110.48,110.39,110.36,215.71802092
2022-03-03 02:15:00,110.2,110.39,110.22,110.38,23.46748594
2022-03-03 02:14:00,110.22,110.32,110.27,110.28,32.58479631
2022-03-03 02:13:00,110.2,110.29,110.25,110.27,24.17872299
2022-03-03 02:12:00,110.16,110.28,110.25,110.2,149.54930696
2022-03-03 02:11:00,110.25,110.35,110.27,110.3,119.72211743
2022-03-03 02:10:00,110.17,110.37,110.18,110.27,131.25515766
2022-03-03 02:09:00,110.14,110.27,110.17,110.14,173.21958083
2022-03-03 02:08:00,110.09,110.32,110.32,110.15,272.50603002
2022-03-03 02:07:00,110.3,110.58,110.55,110.3,546.32738933
2022-03-03 02:06:00,110.6,110.67,110.64,110.63,41.33749252
2022-03-03 02:05:00,110.62,110.79,110.65,110.73,104.7769224
2022-03-03 02:04:00,110.65,110.75,110.72,110.65,72.24543479
2022-03-03 02:03:00,110.75,110.85,110.84,110.75,62.60448258
2022-03-03 02:02:00,110.78,110.87,110.78,110.82,137.92141107
2022-03-03 02:01:00,110.66,110.79,110.69,110.78,88.3819018
2022-03-03 02:00:00,110.62,110.74,110.72,110.72,157.88296509
2022-03-03 01:59:00,110.7,110.79,110.73,110.76,71.40995814
2022-03-03 01:58:00,110.71,110.87,110.87,110.75,33.38744491
2022-03-03 01:57:00,110.74,110.89,110.74,110.89,61.30230437
2022-03-03 01:56:00,110.63,110.76,110.66,110.72,277.84623832
2022-03-03 01:55:00,110.57,110.68,110.66,110.68,63.86033757
2022-03-03 01:54:00,110.58,110.65,110.63,110.63,106.24201855
2022-03-03 01:53:00,110.52,110.66,110.59,110.64,24.94948493
2022-03-03 01:52:00,110.59,110.71,110.64,110.62,23.80069454
2022-03-03 01:51:00,110.6,110.73,110.71,110.62,39.81831417
2022-03-03 01:50:00,110.56,110.74,110.64,110.69,98.93972685
2022-03-03 01:49:00,110.58,110.64,110.59,110.64,16.97673984
2022-03-03 01:48:00,110.42,110.62,110.42,110.62,40.89807453
2022-03-03 01:47:00,110.38,110.57,110.57,110.38,65.88522217
2022-03-03 01:46:00,110.47,110.85,110.85,110.54,128.84404417
2022-03-03 01:45:00,110.68,110.84,110.72,110.84,223.27955663
2022-03-03 01:44:00,110.61,110.72,110.72,110.71,53.66200451
2022-03-03 01:43:00,110.56,110.72,110.7,110.72,79.42955767
2022-03-03 01:42:00,110.64,110.83,110.83,110.7,161.73240706
2022-03-03 01:41:00,110.73,110.88,110.85,110.84,195.31119804
2022-03-03 01:40:00,110.75,110.87,110.8,110.84,63.95169561
2022-03-03 01:39:00,110.77,111.04,111.04,110.77,699.73875633
2022-03-03 01:38:00,111.01,111.26,111.21,111.04,224.40146402
2022-03-03 01:37:00,111.17,111.27,111.25,111.18,179.81559302
2022-03-03 01:36:00,111.25,111.37,111.36,111.28,56.95965943
2022-03-03 01:35:00,111.25,111.35,111.25,111.35,46.03769938
2022-03-03 01:34:00,111.22,111.34,111.34,111.25,79.15398533
2022-03-03 01:33:00,111.3,111.44,111.3,111.35,116.14046644
2022-03-03 01:32:00,111.24,111.35,111.29,111.3,201.75447704
2022-03-03 01:31:00,111.14,111.34,111.15,111.34,131.74646225
2022-03-03 01:30:00,111.08,111.18,111.13,111.17,122.23156883
2022-03-03 01:29:00,111.05,111.19,111.05,111.12,48.57514062
2022-03-03 01:28:00,110.79,111.02,111.0,111.02,177.19268798
2022-03-03 01:27:00,110.9,111.03,111.03,111.0,88.38438884
2022-03-03 01:26:00,110.94,111.02,110.94,111.02,33.65198633
2022-03-03 01:25:00,110.92,111.01,110.99,111.0,83.29981947
2022-03-03 01:24:00,110.88,111.02,110.93,111.0,110.84266551
2022-03-03 01:23:00,110.76,110.94,110.76,110.91,51.04944498
2022-03-03 01:22:00,110.69,110.85,110.85,110.76,76.37513237
2022-03-03 01:21:00,110.72,110.86,110.72,110.83,72.33038541
2022-03-03 01:20:00,110.51,110.73,110.55,110.7,129.64517095
2022-03-03 01:19:00,110.55,110.74,110.66,110.55,97.34141737
2022-03-03 01:18:00,110.47,110.67,110.47,110.64,77.73141684
2022-03-03 01:17:00,110.36,110.51,110.36,110.51,49.3213265
2022-03-03 01:16:00,110.29,110.56,110.55,110.36,141.71507265
2022-03-03 01:15:00,110.26,110.54,110.27,110.52,134.61960065
2022-03-03 01:14:00,110.19,110.31,110.19,110.31,63.56691842
2022-03-03 01:13:00,110.23,110.3,110.29,110.28,31.23281143
2022-03-03 01:12:00,110.17,110.59,110.59,110.29,129.9074163
2022-03-03 01:11:00,110.47,110.62,110.61,110.57,103.00913508
2022-03-03 01:10:00,110.55,111.08,111.06,110.57,314.29344776
2022-03-03 01:09:00,111.07,111.19,111.19,111.09,33.95662682
2022-03-03 01:08:00,111.12,111.17,111.16,111.17,52.28959238
2022-03-03 01:07:00,111.1,111.2,111.13,111.1,58.58931347
2022-03-03 01:06:00,111.09,111.19,111.16,111.16,48.56154249
2022-03-03 01:05:00,111.12,111.19,111.18,111.14,57.4360815
2022-03-03 01:04:00,111.11,111.18,111.11,111.16,18.1030114
2022-03-03 01:03:00,111.02,111.13,111.02,111.08,60.67581315
2022-03-03 01:02:00,110.99,111.09,111.05,111.03,88.57980765
2022-03-03 01:01:00,111.0,111.16,111.16,111.04,67.81024519
2022-03-03 01:00:00,111.13,111.23,111.2,111.14,87.54856022
2022-03-03 00:59:00,111.06,111.2,111.14,111.2,173.57895593
2022-03-03 00:58:00,111.07,111.15,111.07,111.14,19.54153929
2022-03-03 00:57:00,111.0,111.11,111.09,111.07,49.64707803
2022-03-03 00:56:00,111.08,111.23,111.23,111.09,59.18469441
2022-03-03 00:55:00,111.1,111.23,111.15,111.23,120.72940708
2022-03-03 00:54:00,111.09,111.15,111.12,111.15,91.40151601
2022-03-03 00:53:00,110.97,111.06,111.03,111.06,49.57409385
2022-03-03 00:52:00,110.97,111.07,111.07,111.04,40.91254219
2022-03-03 00:51:00,111.01,111.22,111.22,111.07,121.60986972
2022-03-03 00:50:00,110.99,111.21,111.06,111.21,177.76714685
2022-03-03 00:49:00,111.04,111.12,111.08,111.06,29.9007797
2022-03-03 00:48:00,111.01,111.09,111.06,111.09,23.02505694
2022-03-03 00:47:00,111.0,111.13,111.1,111.05,61.43851773
2022-03-03 00:46:00,111.07,111.13,111.11,111.13,38.33423739
2022-03-03 00:45:00,110.94,111.14,111.01,111.1,244.1576894
2022-03-03 00:44:00,110.96,111.07,111.0,111.03,41.0706499
2022-03-03 00:43:00,110.94,111.02,111.02,111.0,41.87418886
2022-03-03 00:42:00,110.9,111.15,111.13,111.03,552.93513252
2022-03-03 00:41:00,111.05,111.13,111.13,111.09,88.85520399
2022-03-03 00:40:00,110.95,111.15,111.04,111.14,53.9845633
2022-03-03 00:39:00,110.97,111.08,111.06,111.05,42.92868778
2022-03-03 00:38:00,110.98,111.07,111.05,111.06,145.92246402
2022-03-03 00:37:00,111.09,111.2,111.19,111.09,122.06252822
2022-03-03 00:36:00,111.17,111.33,111.25,111.17,72.68075624
2022-03-03 00:35:00,111.22,111.32,111.3,111.24,88.26138351
2022-03-03 00:34:00,111.27,111.45,111.45,111.31,85.35076403
2022-03-03 00:33:00,111.19,111.54,111.2,111.49,189.63131925
2022-03-03 00:32:00,111.19,111.33,111.33,111.21,134.20637434
2022-03-03 00:31:00,110.97,111.34,110.97,111.34,214.89669963
2022-03-03 00:30:00,110.88,110.96,110.88,110.95,52.59907103
2022-03-03 00:29:00,110.69,110.87,110.78,110.87,257.91050117
2022-03-03 00:28:00,110.67,110.79,110.68,110.75,100.05794472
2022-03-03 00:27:00,110.63,110.7,110.7,110.68,92.91232149
2022-03-03 00:26:00,110.51,110.69,110.56,110.69,83.33340803
2022-03-03 00:25:00,110.49,110.68,110.67,110.57,285.91721515
2022-03-03 00:24:00,110.61,110.69,110.66,110.67,11.97916879
2022-03-03 00:23:00,110.59,110.73,110.73,110.65,25.90619525
2022-03-03 00:22:00,110.63,110.81,110.73,110.75,138.04566508
2022-03-03 00:21:00,110.58,110.8,110.58,110.7,171.82297534
2022-03-03 00:20:00,110.49,110.66,110.49,110.58,122.38020467
2022-03-03 00:19:00,110.46,110.6,110.51,110.49,437.71831855
2022-03-03 00:18:00,110.48,110.65,110.65,110.52,31.74231632
2022-03-03 00:17:00,110.47,110.65,110.47,110.61,203.01956233
2022-03-03 00:16:00,110.34,110.44,110.34,110.44,166.0221722
2022-03-03 00:15:00,110.21,110.44,110.22,110.35,52.88196286
2022-03-03 00:14:00,110.16,110.29,110.28,110.19,316.06756662
2022-03-03 00:13:00,110.2,110.35,110.32,110.25,710.66391162
2022-03-03 00:12:00,110.04,110.28,110.04,110.28,281.63921363
2022-03-03 00:11:00,110.02,110.15,110.15,110.09,644.67877011
2022-03-03 00:10:00,110.19,110.35,110.3,110.19,87.90188906
2022-03-03 00:09:00,110.18,110.34,110.23,110.31,218.84962185
2022-03-03 00:08:00,110.1,110.42,110.36,110.22,98.90158933
2022-03-03 00:07:00,110.38,110.5,110.49,110.38,5.5212214
2022-03-03 00:06:00,110.3,110.52,110.34,110.48,123.79535949
2022-03-03 00:05:00,110.26,110.46,110.32,110.34,187.04116298
2022-03-03 00:04:00,110.16,110.35,110.35,110.3,148.84006336
2022-03-03 00:03:00,110.26,110.84,110.78,110.34,198.8293715
2022-03-03 00:02:00,110.72,110.91,110.76,110.82,129.63216494
2022-03-03 00:01:00,110.19,110.86,110.19,110.86,597.37374891
2022-03-03 00:00:00,110.2,110.42,110.4,110.23,107.50139679
2022-03-02 23:59:00,110.35,110.42,110.38,110.35,112.61627366
2022-03-02 23:58:00,110.28,110.41,110.32,110.4,102.34109005
2022-03-02 23:57:00,110.22,110.32,110.22,110.31,25.19512894
2022-03-02 23:56:00,110.23,110.34,110.31,110.25,108.17295573
2022-03-02 23:55:00,110.24,110.34,110.34,110.33,28.53367898
2022-03-02 23:54:00,110.25,110.35,110.3,110.3,93.38615372
2022-03-02 23:53:00,110.21,110.33,110.27,110.3,58.92448636
2022-03-02 23:52:00,110.1,110.29,110.11,110.2,53.00436621
2022-03-02 23:51:00,110.01,110.12,110.05,110.11,65.52064985
2022-03-02 23:50:00,110.04,110.15,110.14,110.05,120.11965809
2022-03-02 23:49:00,109.97,110.13,110.0,110.11,102.03066539
2022-03-02 23:48:00,109.97,110.2,110.18,110.02,588.54089396
2022-03-02 23:47:00,110.18,110.27,110.27,110.23,29.06709412
2022-03-02 23:46:00,110.23,110.37,110.32,110.27,114.31800946
2022-03-02 23:45:00,110.2,110.35,110.28,110.34,61.58943857
2022-03-02 23:44:00,110.2,110.27,110.22,110.23,55.22680974
2022-03-02 23:43:00,110.18,110.27,110.27,110.26,19.22118401
2022-03-02 23:42:00,110.19,110.27,110.24,110.24,12.54508024
2022-03-02 23:41:00,110.19,110.38,110.31,110.21,54.40676195
2022-03-02 23:40:00,110.26,110.35,110.3,110.31,115.51761812
2022-03-02 23:39:00,110.29,110.38,110.35,110.34,48.47847557
2022-03-02 23:38:00,110.35,110.53,110.38,110.41,238.00983802
2022-03-02 23:37:00,110.41,110.52,110.44,110.42,161.01073849
2022-03-02 23:36:00,110.41,110.47,110.46,110.45,10.44915056
2022-03-02 23:35:00,110.4,110.53,110.53,110.42,25.39729817
2022-03-02 23:34:00,110.33,110.66,110.33,110.5,144.9461899
2022-03-02 23:33:00,110.25,110.33,110.25,110.33,79.06621225
2022-03-02 23:32:00,110.11,110.26,110.23,110.21,275.16051063
2022-03-02 23:31:00,110.16,110.43,110.39,110.23,88.8385434
2022-03-02 23:30:00,110.39,110.51,110.51,110.4,128.89185627
2022-03-02 23:29:00,110.54,110.88,110.88,110.54,160.58609035
2022-03-02 23:28:00,110.8,110.93,110.8,110.87,56.89226641
2022-03-02 23:27:00,110.69,110.84,110.69,110.81,268.13237329
2022-03-02 23:26:00,110.62,110.69,110.62,110.69,14.32323167
2022-03-02 23:25:00,110.64,110.73,110.66,110.66,101.4207347
2022-03-02 23:24:00,110.57,110.67,110.63,110.67,419.32228484
2022-03-02 23:23:00,110.53,110.65,110.54,110.65,29.09407587
2022-03-02 23:22:00,110.49,110.55,110.54,110.52,10.90036038
2022-03-02 23:21:00,110.45,110.55,110.49,110.54,35.02396629
2022-03-02 23:20:00,110.42,110.69,110.69,110.45,118.44239952
2022-03-02 23:19:00,110.66,110.77,110.77,110.66,19.05590883
2022-03-02 23:18:00,110.68,110.83,110.7,110.77,82.03243092
2022-03-02 23:17:00,110.56,110.67,110.56,110.62,64.86851401
2022-03-02 23:16:00,110.49,110.57,110.5,110.56,40.77786697
2022-03-02 23:15:00,110.39,110.51,110.41,110.51,51.03596697
2022-03-02 23:14:00,110.38,110.46,110.38,110.43,73.21824497
2022-03-02 23:13:00,110.4,110.46,110.41,110.41,20.80572036
2022-03-02 23:12:00,110.37,110.46,110.4,110.41,27.26067123
2022-03-02 23:11:00,110.37,110.52,110.52,110.42,54.35493312
2022-03-02 23:10:00,110.48,110.63,110.62,110.52,33.05990734
2022-03-02 23:09:00,110.57,110.71,110.66,110.62,203.41654831
2022-03-02 23:08:00,110.63,110.7,110.68,110.67,69.23849446
2022-03-02 23:07:00,110.58,110.72,110.66,110.65,176.06158663
2022-03-02 23:06:00,110.64,110.71,110.68,110.68,22.79540078
2022-03-02 23:05:00,110.56,110.67,110.58,110.66,188.05640964
2022-03-02 23:04:00,110.58,110.66,110.59,110.62,71.96851377
2022-03-02 23:03:00,110.59,110.72,110.65,110.59,55.11623024
2022-03-02 23:02:00,110.56,110.66,110.59,110.66,71.49764324
2022-03-02 23:01:00,110.59,110.69,110.61,110.59,93.08930186
2022-03-02 23:00:00,110.47,110.65,110.65,110.57,199.35854952
2022-03-02 22:59:00,110.62,110.68,110.62,110.68,41.19077811
2022-03-02 22:58:00,110.58,110.62,110.61,110.62,34.73789439
2022-03-02 22:57:00,110.57,110.66,110.66,110.62,13.17954278
2022-03-02 22:56:00,110.62,110.71,110.65,110.62,25.61083844
2022-03-02 22:55:00,110.57,110.7,110.69,110.65,50.58231987
2022-03-02 22:54:00,110.58,110.7,110.67,110.7,36.81181592
2022-03-02 22:53:00,110.59,110.69,110.61,110.68,17.34476319
2022-03-02 22:52:00,110.57,110.62,110.57,110.62,3.36981736
2022-03-02 22:51:00,110.57,110.68,110.68,110.58,19.02954053
2022-03-02 22:50:00,110.62,110.72,110.63,110.7,7.95590857
2022-03-02 22:49:00,110.62,110.73,110.72,110.67,18.44598749
2022-03-02 22:48:00,110.71,110.84,110.83,110.73,276.75726486
2022-03-02 22:47:00,110.78,110.92,110.81,110.85,53.65128075
2022-03-02 22:46:00,110.73,110.84,110.73,110.81,71.59081769
2022-03-02 22:45:00,110.64,110.83,110.83,110.73,101.34785256
2022-03-02 22:44:00,110.75,110.87,110.76,110.84,41.1914631
2022-03-02 22:43:00,110.66,110.76,110.69,110.76,54.88999769
2022-03-02 22:42:00,110.66,110.71,110.7,110.69,28.06146129
2022-03-02 22:41:00,110.67,110.77,110.69,110.67,65.67532037
2022-03-02 22:40:00,110.68,110.89,110.83,110.68,247.1883438
2022-03-02 22:39:00,110.83,110.91,110.88,110.83,37.92885141
2022-03-02 22:38:00,110.85,110.9,110.85,110.88,8.76694049
2022-03-02 22:37:00,110.79,110.9,110.84,110.89,47.86350719
2022-03-02 22:36:00,110.78,110.89,110.79,110.81,115.27868214
2022-03-02 22:35:00,110.76,110.83,110.81,110.83,137.62217649
2022-03-02 22:34:00,110.7,110.8,110.7,110.78,158.80099451
2022-03-02 22:33:00,110.58,110.7,110.63,110.66,76.47609589
2022-03-02 22:32:00,110.51,110.66,110.65,110.61,249.27055457
2022-03-02 22:31:00,110.61,110.68,110.63,110.66,51.21183254
2022-03-02 22:30:00,110.61,110.71,110.71,110.64,356.75187634
2022-03-02 22:29:00,110.68,110.77,110.76,110.68,50.59301933
2022-03-02 22:28:00,110.64,110.76,110.68,110.7,248.64418077
2022-03-02 22:27:00,110.65,110.74,110.71,110.68,92.82892725
2022-03-02 22:26:00,110.64,110.72,110.65,110.71,22.39097257
2022-03-02 22:25:00,110.66,110.71,110.7,110.66,215.52821119
2022-03-02 22:24:00,110.65,110.73,110.69,110.67,579.16331405
2022-03-02 22:23:00,110.69,110.78,110.76,110.7,856.33026233
2022-03-02 22:22:00,110.7,110.83,110.7,110.83,27.85653306
2022-03-02 22:21:00,110.67,110.73,110.71,110.71,30.36150969
2022-03-02 22:20:00,110.58,110.74,110.61,110.74,178.14026326
2022-03-02 22:19:00,110.55,110.65,110.58,110.61,57.40335134
2022-03-02 22:18:00,110.45,110.55,110.52,110.54,199.57189974
2022-03-02 22:17:00,110.46,110.61,110.6,110.52,109.6551445
2022-03-02 22:16:00,110.52,110.63,110.6,110.6,43.11804041
2022-03-02 22:15:00,110.52,110.81,110.8,110.54,524.78129387
2022-03-02 22:14:00,110.67,110.76,110.72,110.76,11.62471033
2022-03-02 22:13:00,110.65,110.82,110.82,110.7,11.86043413
2022-03-02 22:12:00,110.77,110.86,110.82,110.82,105.5415593
2022-03-02 22:11:00,110.74,110.84,110.79,110.82,26.755979
2022-03-02 22:10:00,110.55,110.79,110.67,110.79,133.09331889
2022-03-02 22:09:00,110.68,110.94,110.94,110.7,271.65732747
2022-03-02 22:08:00,110.73,110.97,110.93,110.96,157.65464191
2022-03-02 22:07:00,110.9,111.22,111.19,110.9,540.60673964
2022-03-02 22:06:00,111.17,111.36,111.36,111.19,143.57246776
2022-03-02 22:05:00,111.23,111.63,111.31,111.36,595.03650997
2022-03-02 22:04:00,111.2,111.35,111.23,111.3,340.55740375
2022-03-02 22:03:00,111.17,111.24,111.24,111.22,67.09424106
2022-03-02 22:02:00,111.2,111.35,111.34,111.22,126.4046782
2022-03-02 22:01:00,111.29,111.42,111.37,111.33,109.81811015
2022-03-02 22:00:00,111.14,111.41,111.14,111.4,152.11785165
2022-03-02 21:59:00,110.99,111.29,110.99,111.18,435.13483866
2022-03-02 21:58:00,110.9,111.15,110.95,111.03,272.01166642
2022-03-02 21:57:00,110.89,110.99,110.94,110.95,50.74638012
2022-03-02 21:56:00,110.83,110.95,110.92,110.94,54.78287148
2022-03-02 21:55:00,110.88,111.01,110.93,110.88,100.23390611
2022-03-02 21:54:00,110.92,111.01,110.92,110.98,21.24442562
2022-03-02 21:53:00,110.93,110.99,110.93,110.95,166.477741
2022-03-02 21:52:00,110.86,110.99,110.94,110.94,62.88254442
2022-03-02 21:51:00,110.83,110.95,110.87,110.95,144.41465471
2022-03-02 21:50:00,110.73,110.89,110.77,110.86,75.26251227
2022-03-02 21:49:00,110.67,110.74,110.74,110.74,11.2308851
2022-03-02 21:48:00,110.64,110.74,110.72,110.74,11.3519569
2022-03-02 21:47:00,110.64,110.76,110.69,110.74,172.56244889
2022-03-02 21:46:00,110.62,110.76,110.66,110.73,63.04986247
2022-03-02 21:45:00,110.6,110.7,110.6,110.7,278.53537983
2022-03-02 21:44:00,110.56,110.64,110.63,110.64,267.97629802
2022-03-02 21:43:00,110.54,110.64,110.56,110.61,21.82826422
2022-03-02 21:42:00,110.54,110.62,110.54,110.54,107.33617059
2022-03-02 21:41:00,110.5,110.54,110.5,110.54,8.43358343
2022-03-02 21:40:00,110.48,110.62,110.54,110.54,57.43165125
2022-03-02 21:39:00,110.48,110.59,110.56,110.55,89.41511985
2022-03-02 21:38:00,110.52,110.63,110.6,110.55,64.72533722
2022-03-02 21:37:00,110.47,110.63,110.48,110.6,36.10630209
2022-03-02 21:36:00,110.46,110.53,110.52,110.49,43.71685473
2022-03-02 21:35:00,110.46,110.55,110.49,110.52,27.39809993
2022-03-02 21:34:00,110.45,110.52,110.45,110.52,24.31625575
2022-03-02 21:33:00,110.37,110.47,110.37,110.47,63.31670753
2022-03-02 21:32:00,110.35,110.51,110.48,110.38,18.16283177
2022-03-02 21:31:00,110.45,110.52,110.48,110.48,9.49348215
2022-03-02 21:30:00,110.44,110.51,110.49,110.51,34.42855478
2022-03-02 21:29:00,110.39,110.53,110.45,110.45,14.44012979
2022-03-02 21:28:00,110.43,110.47,110.43,110.45,60.76399038
2022-03-02 21:27:00,110.39,110.46,110.45,110.4,92.98893416
2022-03-02 21:26:00,110.35,110.47,110.35,110.45,93.6249191
2022-03-02 21:25:00,110.38,110.46,110.43,110.4,59.85872972
2022-03-02 21:24:00,110.38,110.48,110.41,110.39,59.15083547
2022-03-02 21:23:00,110.39,110.43,110.4,110.41,31.67475362
2022-03-02 21:22:00,110.29,110.51,110.4,110.37,172.34452758
2022-03-02 21:21:00,110.42,110.49,110.49,110.44,10.16672499
2022-03-02 21:20:00,110.44,110.65,110.62,110.46,171.68905636
2022-03-02 21:19:00,110.5,110.62,110.55,110.62,93.02142766
2022-03-02 21:18:00,110.49,110.55,110.5,110.52,67.5675725
2022-03-02 21:17:00,110.42,110.58,110.47,110.42,117.89310645
2022-03-03 07:17:00,112.04,112.29,112.25,112.06,91.18264448
2022-03-03 07:16:00,112.2,112.28,112.22,112.23,235.6662079
2022-03-03 07:15:00,112.15,112.33,112.31,112.17,67.39284321
2022-03-03 07:14:00,112.25,112.32,112.31,112.31,67.47150409
2022-03-03 07:13:00,112.23,112.33,112.23,112.29,124.71363957
2022-03-03 07:12:00,112.05,112.22,112.07,112.22,227.69782006
2022-03-03 07:11:00,112.07,112.17,112.17,112.07,142.00160179
2022-03-03 07:10:00,112.14,112.6,112.37,112.14,241.73479332
2022-03-03 07:09:00,112.35,112.55,112.45,112.35,223.97354507
2022-03-03 07:08:00,112.3,112.39,112.31,112.39,126.85270011
2022-03-03 07:07:00,112.22,112.33,112.27,112.32,51.28040832
2022-03-03 07:06:00,112.21,112.41,112.41,112.28,209.40952023
2022-03-03 07:05:00,112.32,112.5,112.5,112.37,38.58777116
2022-03-03 07:04:00,112.46,112.65,112.6,112.51,44.3802315
2022-03-03 07:03:00,112.46,112.6,112.52,112.6,52.08690927
2022-03-03 07:02:00,112.47,112.82,112.67,112.47,255.15026755
2022-03-03 07:01:00,112.39,112.97,112.41,112.67,493.93447967
2022-03-03 07:00:00,112.19,112.38,112.34,112.38,195.59939315
2022-03-03 06:59:00,112.31,112.41,112.33,112.36,74.68824209
2022-03-03 06:58:00,112.26,112.33,112.26,112.31,24.84006834
2022-03-03 06:57:00,111.96,112.4,111.96,112.25,642.22933285
2022-03-03 06:56:00,111.91,111.96,111.93,111.96,122.27097763
2022-03-03 06:55:00,111.76,111.96,111.82,111.94,141.38093044
2022-03-03 06:54:00,111.72,111.86,111.74,111.86,71.16343805
2022-03-03 06:53:00,111.69,111.78,111.69,111.78,31.1230473
2022-03-03 06:52:00,111.61,111.74,111.61,111.71,130.26955977
2022-03-03 06:51:00,111.56,111.68,111.68,111.61,168.5410084
2022-03-03 06:50:00,111.59,111.78,111.78,111.69,339.42929077
2022-03-03 06:49:00,111.76,111.98,111.87,111.78,114.83076145
2022-03-03 06:48:00,111.78,111.88,111.82,111.88,195.58737351
2022-03-03 06:47:00,111.82,111.92,111.83,111.83,252.74771564
2022-03-03 06:46:00,111.68,111.9,111.68,111.87,180.37489049
2022-03-03 06:45:00,111.67,111.87,111.79,111.72,240.3258195
2022-03-03 06:44:00,111.69,111.79,111.69,111.77,111.21759718
2022-03-03 06:43:00,111.65,111.75,111.75,111.65,20.91219415
2022-03-03 06:42:00,111.64,111.8,111.69,111.73,182.44690261
2022-03-03 06:41:00,111.59,111.7,111.67,111.66,84.55211918
2022-03-03 06:40:00,111.67,111.83,111.75,111.71,114.08327096
2022-03-03 06:39:00,111.78,111.91,111.81,111.78,185.82333788
2022-03-03 06:38:00,111.72,111.81,111.74,111.81,34.20660979
2022-03-03 06:37:00,111.71,111.84,111.84,111.76,40.67066707
2022-03-03 06:36:00,111.76,111.95,111.85,111.76,378.53768348
2022-03-03 06:35:00,111.56,111.86,111.65,111.83,630.84383048
2022-03-03 06:34:00,111.55,111.7,111.55,111.66,170.59549637
2022-03-03 06:33:00,111.17,111.48,111.21,111.48,171.59439318
2022-03-03 06:32:00,110.85,111.19,110.89,111.16,260.54953988
2022-03-03 06:31:00,110.86,110.94,110.89,110.9,140.15036022
2022-03-03 06:30:00,110.6,110.82,110.77,110.82,256.39812987
2022-03-03 06:29:00,110.72,110.83,110.72,110.79,115.24462615
2022-03-03 06:28:00,110.6,110.72,110.69,110.67,19.56194128
2022-03-03 06:27:00,110.66,110.8,110.8,110.74,88.98169988
2022-03-03 06:26:00,110.69,110.84,110.69,110.84,47.05827846
2022-03-03 06:25:00,110.59,110.7,110.62,110.69,49.1852023
2022-03-03 06:24:00,110.56,110.72,110.72,110.62,75.8710229
2022-03-03 06:23:00,110.67,110.72,110.71,110.7,68.95100176
2022-03-03 06:22:00,110.61,110.72,110.65,110.68,89.8415493
2022-03-03 06:21:00,110.5,110.65,110.53,110.65,49.61566254
2022-03-03 06:20:00,110.51,110.59,110.56,110.55,69.1065283
2022-03-03 06:19:00,110.55,110.71,110.59,110.55,249.21661963
2022-03-03 06:18:00,110.47,110.59,110.59,110.49,39.01977734
2022-03-03 06:17:00,110.48,110.63,110.58,110.59,103.13335588
2022-03-03 06:16:00,110.44,110.59,110.48,110.59,182.38157965
2022-03-03 06:15:00,110.34,110.77,110.38,110.48,322.15095947
2022-03-03 06:14:00,110.28,110.72,110.61,110.41,215.210005
2022-03-03 06:13:00,110.53,110.86,110.86,110.59,148.42813169
2022-03-03 06:12:00,110.77,110.87,110.83,110.83,56.78272833
2022-03-03 06:11:00,110.66,110.89,110.72,110.8,166.16675501
2022-03-03 06:10:00,110.74,110.93,110.92,110.79,37.55544584
2022-03-03 06:09:00,110.88,111.07,111.04,110.9,58.53586011
2022-03-03 06:08:00,111.02,111.12,111.06,111.02,50.89883675
2022-03-03 06:07:00,110.97,111.2,111.17,111.01,79.36456781
2022-03-03 06:06:00,111.16,111.34,111.34,111.2,69.60763255
2022-03-03 06:05:00,111.26,111.39,111.39,111.34,92.22003505
2022-03-03 06:04:00,111.15,111.36,111.25,111.36,116.42336522
2022-03-03 06:03:00,111.12,111.29,111.14,111.29,176.81444985
2022-03-03 06:02:00,111.03,111.16,111.12,111.12,79.84530949
2022-03-03 06:01:00,111.03,111.12,111.12,111.1,940.81919038
2022-03-03 06:00:00,110.98,111.12,110.98,111.12,43.44829264
2022-03-03 05:59:00,111.0,111.13,111.12,111.0,38.89041548
2022-03-03 05:58:00,111.04,111.17,111.08,111.11,66.06525182
2022-03-03 05:57:00,111.05,111.16,111.16,111.06,30.56099266
2022-03-03 05:56:00,111.03,111.16,111.03,111.12,61.20390249
2022-03-03 05:55:00,111.05,111.11,111.05,111.05,44.86599425
2022-03-03 05:54:00,111.03,111.12,111.08,111.11,76.08433015
2022-03-03 05:53:00,111.04,111.15,111.04,111.08,62.89642576
2022-03-03 05:52:00,110.93,111.07,110.96,111.07,52.87501756
2022-03-03 05:51:00,110.84,110.96,110.84,110.96,55.18235294
2022-03-03 05:50:00,110.78,110.89,110.85,110.85,162.55966168
2022-03-03 05:49:00,110.82,110.89,110.86,110.83,209.22448936
2022-03-03 05:48:00,110.84,110.97,110.94,110.86,41.50573156
2022-03-03 05:47:00,110.86,110.95,110.86,110.95,60.59914544
2022-03-03 05:46:00,110.77,111.07,111.07,110.93,99.41006882
2022-03-03 05:45:00,111.0,111.07,111.0,111.06,7.93344889
2022-03-03 05:44:00,110.96,111.04,110.96,110.96,24.7477981
2022-03-03 05:43:00,110.79,111.04,110.82,110.98,191.44475731
2022-03-03 05:42:00,110.82,110.85,110.84,110.82,39.92845457
2022-03-03 05:41:00,110.85,111.02,111.01,110.86,51.22943524
2022-03-03 05:40:00,110.86,111.03,110.86,111.01,81.61475045
2022-03-03 05:39:00,110.72,110.9,110.8,110.88,243.42864647
2022-03-03 05:38:00,110.75,110.81,110.77,110.8,57.20765296
2022-03-03 05:37:00,110.72,110.78,110.76,110.74,15.15407494
2022-03-03 05:36:00,110.72,110.8,110.73,110.77,108.16842601
2022-03-03 05:35:00,110.66,110.78,110.68,110.73,21.65421198
2022-03-03 05:34:00,110.62,110.75,110.73,110.69,53.67511668
2022-03-03 05:33:00,110.7,110.81,110.71,110.73,29.01458163
2022-03-03 05:32:00,110.59,110.71,110.65,110.71,93.31450115
2022-03-03 05:31:00,110.55,110.84,110.84,110.64,131.05909711
2022-03-03 05:30:00,110.8,110.97,110.93,110.85,77.00440632
2022-03-03 05:29:00,110.67,110.97,110.71,110.97,359.83507466
2022-03-03 05:28:00,110.72,110.8,110.8,110.72,10.9967031
2022-03-03 05:27:00,110.75,110.88,110.88,110.82,80.45206072
2022-03-03 05:26:00,110.8,110.95,110.94,110.88,102.25167429
2022-03-03 05:25:00,110.9,111.13,111.0,110.94,174.47457005
2022-03-03 05:24:00,110.94,111.03,110.94,111.01,291.12599857
2022-03-03 05:23:00,110.87,110.95,110.92,110.95,17.354229
2022-03-03 05:22:00,110.89,110.95,110.91,110.92,4.59875214
2022-03-03 05:21:00,110.88,110.96,110.88,110.92,61.15095789
2022-03-03 05:20:00,110.77,110.97,110.97,110.87,1193.98709284
2022-03-03 05:19:00,110.9,111.08,111.08,110.92,42.96788234
2022-03-03 05:18:00,110.95,111.1,110.95,111.05,66.40372767
2022-03-03 05:17:00,110.98,111.08,110.98,111.01,41.73812197
2022-03-03 05:16:00,110.97,111.04,110.99,111.03,24.86327439
2022-03-03 05:15:00,110.99,111.09,111.09,110.99,108.45035864
2022-03-03 05:14:00,111.01,111.15,111.03,111.15,123.16375514
2022-03-03 05:13:00,111.0,111.1,111.0,111.03,152.34498688
2022-03-03 05:12:00,110.91,111.03,110.98,111.03,95.48281549
2022-03-03 05:11:00,110.95,111.03,110.98,110.98,39.57159343
2022-03-03 05:10:00,110.93,111.08,110.93,111.06,148.49150193
2022-03-03 05:09:00,110.89,110.99,110.94,110.95,69.60975574
2022-03-03 05:08:00,110.75,110.95,110.76,110.94,40.35092727
2022-03-03 05:07:00,110.67,110.8,110.67,110.79,254.91965552
2022-03-03 05:06:00,110.52,110.73,110.69,110.67,252.48548357
2022-03-03 05:05:00,110.66,110.75,110.75,110.73,109.61010467
2022-03-03 05:04:00,110.64,110.79,110.69,110.79,41.34278616
2022-03-03 05:03:00,110.61,110.7,110.69,110.69,102.29638495
2022-03-03 05:02:00,110.66,110.71,110.71,110.7,7.62867212
2022-03-03 05:01:00,110.67,110.79,110.67,110.72,81.4181729
2022-03-03 05:00:00,110.59,110.77,110.62,110.67,223.82428615
2022-03-03 04:59:00,110.58,110.7,110.6,110.66,58.42250034
2022-03-03 04:58:00,110.58,110.71,110.58,110.62,52.35738969
2022-03-03 04:57:00,110.54,110.68,110.64,110.55,37.94645281
2022-03-03 04:56:00,110.56,110.65,110.56,110.63,15.12580409
2022-03-03 04:55:00,110.45,110.59,110.46,110.59,56.45984908
2022-03-03 04:54:00,110.31,110.46,110.41,110.46,196.5658843
2022-03-03 04:53:00,110.29,110.42,110.39,110.42,105.98437182
2022-03-03 04:52:00,110.31,110.44,110.44,110.38,113.63744435
2022-03-03 04:51:00,110.26,110.47,110.29,110.44,87.73823895
2022-03-03 04:50:00,110.27,110.39,110.38,110.27,99.77667442
2022-03-03 04:49:00,110.35,110.48,110.4,110.42,110.86944149
2022-03-03 04:48:00,110.26,110.46,110.41,110.37,411.29085059
2022-03-03 04:47:00,110.4,110.6,110.43,110.41,150.49933618
2022-03-03 04:46:00,110.48,110.73,110.7,110.48,231.44946689
2022-03-03 04:45:00,110.75,111.1,111.1,110.77,183.67078093
2022-03-03 04:44:00,111.07,111.15,111.14,111.12,52.66229411
2022-03-03 04:43:00,111.08,111.2,111.2,111.11,42.00969233
2022-03-03 04:42:00,111.04,111.23,111.04,111.2,94.22013606
2022-03-03 04:41:00,111.0,111.13,111.09,111.07,90.14943206
2022-03-03 04:40:00,111.15,111.24,111.23,111.17,118.52980547
2022-03-03 04:39:00,111.17,111.34,111.31,111.22,180.92661671
2022-03-03 04:38:00,111.3,111.41,111.4,111.3,25.60672548
2022-03-03 04:37:00,111.3,111.42,111.32,111.4,164.89845828
2022-03-03 04:36:00,111.39,111.5,111.48,111.39,71.70252097
2022-03-03 04:35:00,111.46,111.61,111.56,111.48,133.60249864
2022-03-03 04:34:00,111.52,111.67,111.66,111.56,20.2071866
2022-03-03 04:33:00,111.58,111.74,111.71,111.66,51.20566101
2022-03-03 04:32:00,111.67,111.84,111.69,111.7,94.45794377
2022-03-03 04:31:00,111.53,111.68,111.6,111.68,357.83917413
2022-03-03 04:30:00,111.57,111.7,111.61,111.6,48.93456488
2022-03-03 04:29:00,111.56,111.67,111.66,111.64,70.07801218
2022-03-03 04:28:00,111.43,111.69,111.52,111.69,139.28552329
2022-03-03 04:27:00,111.52,111.71,111.69,111.52,111.40067096
2022-03-03 04:26:00,111.4,111.68,111.47,111.61,120.82610639
2022-03-03 04:25:00,111.18,111.47,111.18,111.45,294.93006196
2022-03-03 04:24:00,111.07,111.28,111.15,111.18,540.56176705
2022-03-03 04:23:00,111.15,111.24,111.2,111.24,29.33007719
2022-03-03 04:22:00,111.1,111.24,111.14,111.19,56.86996416
2022-03-03 04:21:00,111.06,111.25,111.21,111.14,158.52072435
2022-03-03 04:20:00,111.09,111.22,111.19,111.21,148.87589328
2022-03-03 04:19:00,111.15,111.29,111.19,111.18,80.41748843
2022-03-03 04:18:00,110.99,111.19,111.02,111.19,60.92979841
2022-03-03 04:17:00,110.93,111.09,111.09,111.02,271.23551436
2022-03-03 04:16:00,111.06,111.22,111.18,111.06,63.56653773
2022-03-03 04:15:00,111.07,111.23,111.08,111.23,150.51060775
2022-03-03 04:14:00,110.92,111.14,111.14,111.11,100.55270903
2022-03-03 04:13:00,111.12,111.31,111.31,111.13,149.55619922
2022-03-03 04:12:00,111.35,111.61,111.56,111.35,158.6971274
2022-03-03 04:11:00,111.4,111.79,111.79,111.51,211.34588427
2022-03-03 04:10:00,111.07,112.04,111.08,111.76,632.49056723
2022-03-03 04:09:00,111.01,111.11,111.09,111.1,37.86363608
2022-03-03 04:08:00,111.04,111.19,111.13,111.09,97.7402509
2022-03-03 04:07:00,111.09,111.2,111.12,111.14,121.01701325
2022-03-03 04:06:00,111.07,111.23,111.16,111.11,431.97136042
2022-03-03 04:05:00,110.75,111.21,110.89,111.17,845.95347693
2022-03-03 04:04:00,110.57,110.89,110.6,110.86,97.90386689
2022-03-03 04:03:00,110.36,110.63,110.49,110.59,221.02811617
2022-03-03 04:02:00,110.22,110.45,110.33,110.45,41.89039603
2022-03-03 04:01:00,110.25,110.41,110.41,110.32,175.79583034
2022-03-03 04:00:00,110.08,110.58,110.21,110.38,95.5814354
2022-03-03 03:59:00,110.01,110.25,110.16,110.21,363.94109205
2022-03-03 03:58:00,109.92,110.17,109.98,110.15,237.10208872
2022-03-03 03:57:00,109.96,110.09,110.09,109.96,99.39791201
2022-03-03 03:56:00,110.01,110.23,110.18,110.09,145.49769172
2022-03-03 03:55:00,110.12,110.24,110.21,110.23,83.77845463
2022-03-03 03:54:00,110.07,110.23,110.12,110.23,85.65598985
2022-03-03 03:53:00,109.72,110.14,109.75,110.13,84.02319718
2022-03-03 03:52:00,109.6,109.87,109.66,109.7,154.92962936
2022-03-03 03:51:00,109.57,109.75,109.64,109.61,131.30923801
2022-03-03 03:50:00,109.66,109.83,109.77,109.69,305.23930678
2022-03-03 03:49:00,109.65,109.83,109.69,109.7,119.04337001
2022-03-03 03:48:00,109.59,109.81,109.66,109.68,139.81021297
2022-03-03 03:47:00,109.37,109.77,109.37,109.62,591.2555722
2022-03-03 03:46:00,109.34,109.81,109.78,109.37,525.45778435
2022-03-03 03:45:00,109.83,110.16,110.04,109.83,208.55919431
2022-03-03 03:44:00,110.07,110.24,110.07,110.1,163.15680089
2022-03-03 03:43:00,109.83,110.16,109.84,110.05,275.57604539
2022-03-03 03:42:00,109.64,109.89,109.7,109.89,114.87762993
2022-03-03 03:41:00,109.65,109.81,109.65,109.72,117.16207434
2022-03-03 03:40:00,109.55,109.84,109.63,109.65,329.6041885
2022-03-03 03:39:00,109.52,109.74,109.65,109.68,189.63156868
2022-03-03 03:38:00,109.62,110.28,110.28,109.63,409.6355404
2022-03-03 03:37:00,110.21,110.76,110.75,110.26,875.88940561
2022-03-03 03:36:00,110.75,110.8,110.8,110.79,43.63713741
2022-03-03 03:35:00,110.62,110.82,110.68,110.82,260.44864423
2022-03-03 03:34:00,110.62,110.7,110.63,110.69,47.01376099
2022-03-03 03:33:00,110.59,110.66,110.64,110.59,32.49197139
2022-03-03 03:32:00,110.55,110.64,110.6,110.64,121.11924158
2022-03-03 03:31:00,110.6,110.85,110.83,110.62,62.80666998
2022-03-03 03:30:00,110.73,110.82,110.76,110.81,134.0152332
2022-03-03 03:29:00,110.71,110.85,110.8,110.76,35.85290614
2022-03-03 03:28:00,110.77,110.85,110.79,110.77,87.76243009
2022-03-03 03:27:00,110.77,110.83,110.81,110.81,17.92449219
2022-03-03 03:26:00,110.77,110.87,110.86,110.81,221.24135948
2022-03-03 03:25:00,110.78,110.87,110.81,110.83,73.51959794
2022-03-03 03:24:00,110.81,110.85,110.81,110.85,14.74634911
2022-03-03 03:23:00,110.78,110.88,110.88,110.81,34.18977233
2022-03-03 03:22:00,110.76,110.87,110.86,110.86,40.62346291
2022-03-03 03:21:00,110.78,110.87,110.78,110.87,64.96251195
2022-03-03 03:20:00,110.74,110.84,110.82,110.77,278.35007517
2022-03-03 03:19:00,110.76,110.84,110.84,110.81,94.77327319
2022-03-03 03:18:00,110.7,110.86,110.7,110.81,80.59537549
2022-03-03 03:17:00,110.71,110.8,110.8,110.73,118.62699601
2022-03-03 03:16:00,110.79,110.85,110.83,110.84,73.463102
2022-03-03 03:15:00,110.8,110.91,110.8,110.83,81.18832689
2022-03-03 03:14:00,110.77,110.86,110.85,110.85,121.23633881
2022-03-03 03:13:00,110.77,110.86,110.79,110.81,71.02985212
2022-03-03 03:12:00,110.74,110.82,110.74,110.79,21.91342578
2022-03-03 03:11:00,110.58,110.78,110.62,110.78,169.10976786
2022-03-03 03:10:00,110.62,110.77,110.7,110.69,85.55503801
2022-03-03 03:09:00,110.66,110.76,110.76,110.71,10.63186014
2022-03-03 03:08:00,110.6,110.73,110.7,110.7,82.27766216
2022-03-03 03:07:00,110.67,110.76,110.73,110.68,36.56286516
2022-03-03 03:06:00,110.59,110.71,110.63,110.71,125.80940017
2022-03-03 03:05:00,110.67,110.91,110.91,110.68,241.35818163
2022-03-03 03:04:00,110.95,111.11,111.03,110.95,86.99499098
2022-03-03 03:03:00,110.87,111.11,110.87,111.1,839.80468205
2022-03-03 03:02:00,110.83,110.92,110.88,110.88,149.47065702
2022-03-03 03:01:00,110.81,110.94,110.94,110.88,138.351632
2022-03-03 03:00:00,110.83,110.97,110.89,110.95,161.85680778
2022-03-03 02:59:00,110.86,110.95,110.94,110.92,176.77863076
2022-03-03 02:58:00,110.87,111.11,111.1,110.93,353.84925193
2022-03-03 02:57:00,111.01,111.14,111.06,111.11,435.88655707
2022-03-03 02:56:00,110.85,111.15,110.85,111.05,120.08133898
2022-03-03 02:55:00,110.68,110.83,110.78,110.83,85.83995754
2022-03-03 02:54:00,110.75,110.89,110.83,110.83,83.06280997
2022-03-03 02:53:00,110.69,110.9,110.69,110.9,219.14583888
2022-03-03 02:52:00,110.71,110.75,110.73,110.74,72.51167451
2022-03-03 02:51:00,110.54,110.74,110.61,110.74,49.25862014
2022-03-03 02:50:00,110.58,110.81,110.74,110.58,165.35722195
2022-03-03 02:49:00,110.71,110.86,110.77,110.76,141.42263592
2022-03-03 02:48:00,110.49,110.78,110.55,110.77,141.89233482
2022-03-03 02:47:00,110.52,110.63,110.6,110.53,74.34341112
2022-03-03 02:46:00,110.48,110.59,110.5,110.59,84.41133229
2022-03-03 02:45:00,110.54,110.7,110.66,110.54,23.66499675
2022-03-03 02:44:00,110.57,110.72,110.69,110.67,43.70633951
2022-03-03 02:43:00,110.61,110.77,110.77,110.69,118.45086079
2022-03-03 02:42:00,110.74,110.89,110.86,110.78,29.43961647
2022-03-03 02:41:00,110.78,110.93,110.89,110.83,119.48356968
2022-03-03 02:40:00,110.58,110.89,110.58,110.89,150.8829205
2022-03-03 02:39:00,110.53,110.63,110.58,110.6,87.33923862
2022-03-03 02:38:00,110.45,110.54,110.46,110.54,55.27393474
2022-03-03 02:37:00,110.26,110.41,110.29,110.4,30.93652461
2022-03-03 02:36:00,110.13,110.33,110.32,110.19,170.64366411
2022-03-03 02:35:00,110.25,110.43,110.3,110.34,157.60367741
2022-03-03 02:34:00,110.03,110.35,110.12,110.31,185.76109344
2022-03-03 02:33:00,110.11,110.46,110.46,110.11,119.7003198
2022-03-03 02:32:00,110.41,110.63,110.6,110.51,151.6677586
2022-03-03 02:31:00,110.67,110.79,110.75,110.67,108.48177619
2022-03-03 02:30:00,110.71,110.84,110.79,110.74,122.26475231
2022-03-03 02:29:00,110.73,110.94,110.74,110.81,330.00922672
2022-03-03 02:28:00,110.74,110.81,110.81,110.74,66.46917778
2022-03-03 02:27:00,110.76,110.85,110.8,110.81,115.81343646
2022-03-03 02:26:00,110.74,110.91,110.77,110.9,121.34537275
2022-03-03 02:25:00,110.71,110.8,110.71,110.79,34.84747485
2022-03-03 02:24:00,110.64,110.75,110.7,110.71,40.92300797
2022-03-03 02:23:00,110.54,110.76,110.58,110.69,175.65282708
2022-03-03 02:22:00,110.52,110.68,110.68,110.58,84.62236461
2022-03-03 02:21:00,110.62,110.71,110.66,110.69,97.97046514
2022-03-03 02:20:00,110.46,110.66,110.5,110.66,152.04828294
2022-03-03 02:19:00,110.35,110.57,110.38,110.54,157.46676727
2022-03-03 02:18:00,110.34,110.44,110.34,110.38,169.42064171
2022-03-03 02:17:00,110.26,110.38,110.33,110.36,89.40609266
2022-03-03 12:17:00,111.58,111.71,111.58,111.7,132.99837361
2022-03-03 12:16:00,111.38,111.58,111.38,111.58,73.55346014
2022-03-03 12:15:00,111.2,111.37,111.2,111.37,139.28381726
2022-03-03 12:14:00,111.19,111.22,111.2,111.22,18.76641463
2022-03-03 12:13:00,111.2,111.28,111.27,111.2,16.9665625
2022-03-03 12:12:00,111.14,111.33,111.16,111.3,3.40715167
2022-03-03 12:11:00,111.17,111.21,111.21,111.17,42.81358155
2022-03-03 12:10:00,111.08,111.24,111.12,111.21,37.92395871
2022-03-03 12:09:00,110.92,111.09,110.93,111.09,7.84994484
2022-03-03 12:08:00,110.79,110.99,110.97,110.97,130.80123881
2022-03-03 12:07:00,111.02,111.12,111.07,111.05,73.52279247
2022-03-03 12:06:00,111.18,111.53,111.53,111.19,110.06711995
2022-03-03 12:05:00,111.44,111.6,111.44,111.53,10.71378458
2022-03-03 12:04:00,111.4,111.49,111.42,111.41,49.49790898
2022-03-03 12:03:00,111.31,111.45,111.45,111.39,150.60864319
2022-03-03 12:02:00,111.39,111.47,111.41,111.45,85.95750585
2022-03-03 12:01:00,111.25,111.44,111.25,111.39,39.00643961
2022-03-03 12:00:00,111.22,111.31,111.27,111.24,150.85691798
2022-03-03 11:59:00,111.25,111.33,111.25,111.27,48.86640499
2022-03-03 11:58:00,111.23,111.32,111.28,111.25,55.18772591
2022-03-03 11:57:00,111.22,111.31,111.27,111.28,172.18627906
2022-03-03 11:56:00,111.15,111.22,111.16,111.22,29.33117149
2022-03-03 11:55:00,111.19,111.36,111.33,111.19,12.55373214
2022-03-03 11:54:00,111.32,111.37,111.32,111.34,53.63776095
2022-03-03 11:53:00,111.23,111.34,111.32,111.29,58.97496725
2022-03-03 11:52:00,111.36,111.42,111.38,111.41,42.88841443
2022-03-03 11:51:00,111.32,111.37,111.34,111.37,13.49102737
2022-03-03 11:50:00,111.28,111.37,111.32,111.37,32.43362365
2022-03-03 11:49:00,111.28,111.38,111.35,111.32,149.76944977
2022-03-03 11:48:00,111.32,111.39,111.32,111.36,33.27960588
2022-03-03 11:47:00,111.2,111.31,111.3,111.31,127.74677063
2022-03-03 11:46:00,111.29,111.37,111.29,111.3,57.44992565
2022-03-03 11:45:00,111.21,111.54,111.51,111.33,44.8606333
2022-03-03 11:44:00,111.5,111.59,111.5,111.51,107.43966904
2022-03-03 11:43:00,111.45,111.54,111.45,111.53,0.68819229
2022-03-03 11:42:00,111.49,111.65,111.63,111.49,57.57511745
2022-03-03 11:41:00,111.53,111.69,111.68,111.64,32.78968675
2022-03-03 11:40:00,111.66,111.73,111.66,111.69,31.03794616
2022-03-03 11:39:00,111.66,111.74,111.74,111.66,41.07817798
2022-03-03 11:38:00,111.8,111.85,111.84,111.83,5.42582542
2022-03-03 11:37:00,111.77,111.88,111.79,111.84,76.8549072
2022-03-03 11:36:00,111.8,111.94,111.94,111.8,84.18111683
2022-03-03 11:35:00,111.89,111.97,111.92,111.94,200.3617036
2022-03-03 11:34:00,111.95,112.0,111.99,111.95,2.66214945
2022-03-03 11:33:00,111.91,112.04,111.97,112.0,120.59212414
2022-03-03 11:32:00,111.94,112.1,112.04,112.0,28.08787124
2022-03-03 11:31:00,111.94,112.19,112.12,112.01,108.90195367
2022-03-03 11:30:00,111.98,112.11,112.03,112.11,89.80007049
2022-03-03 11:29:00,112.04,112.22,112.04,112.12,139.7030945
2022-03-03 11:28:00,112.08,112.19,112.16,112.08,159.62725534
2022-03-03 11:27:00,112.11,112.21,112.17,112.21,21.04616438
2022-03-03 11:26:00,111.95,112.15,111.95,112.15,103.30274125
2022-03-03 11:25:00,111.99,112.07,112.05,111.99,9.70252271
2022-03-03 11:24:00,112.05,112.17,112.13,112.05,38.23985216
2022-03-03 11:23:00,112.04,112.11,112.06,112.11,5.24843478
2022-03-03 11:22:00,112.04,112.09,112.06,112.05,8.02226824
2022-03-03 11:21:00,111.96,112.09,112.01,112.08,23.18439977
2022-03-03 11:20:00,111.92,112.05,112.05,112.05,113.46446862
2022-03-03 11:19:00,111.94,112.07,111.95,112.05,27.85910225
2022-03-03 11:18:00,111.92,112.14,112.1,111.94,257.55683652
2022-03-03 11:17:00,111.95,112.09,111.99,112.09,69.29987932
2022-03-03 11:16:00,111.74,112.0,111.76,111.99,47.71423853
2022-03-03 11:15:00,111.76,111.92,111.88,111.76,23.3593565
2022-03-03 11:14:00,111.77,111.85,111.84,111.79,69.00408708
2022-03-03 11:13:00,111.83,111.88,111.86,111.86,23.47153862
2022-03-03 11:12:00,111.77,111.85,111.83,111.85,13.99459059
2022-03-03 11:11:00,111.74,111.93,111.93,111.85,79.16897249
2022-03-03 11:10:00,111.73,112.01,111.84,111.94,309.82854358
2022-03-03 11:09:00,111.82,112.01,112.0,111.88,120.90861718
2022-03-03 11:08:00,111.61,112.0,111.66,112.0,676.97632556
2022-03-03 11:07:00,111.56,111.7,111.6,111.7,90.3322446
2022-03-03 11:06:00,111.62,111.7,111.62,111.65,103.68915436
2022-03-03 11:05:00,111.6,111.84,111.81,111.62,19.41798043
2022-03-03 11:04:00,111.8,111.84,111.82,111.84,16.39132271
2022-03-03 11:03:00,111.77,111.83,111.79,111.81,12.16595622
2022-03-03 11:02:00,111.77,111.8,111.78,111.78,6.49213568
2022-03-03 11:01:00,111.71,111.79,111.72,111.74,37.12319809
2022-03-03 11:00:00,111.75,111.86,111.84,111.75,39.83787867
2022-03-03 10:59:00,111.74,111.84,111.76,111.84,7.49045579
2022-03-03 10:58:00,111.62,111.79,111.62,111.75,39.47627297
2022-03-03 10:57:00,111.58,111.69,111.67,111.62,14.47541874
2022-03-03 10:56:00,111.6,111.68,111.62,111.68,43.72008378
2022-03-03 10:55:00,111.59,111.78,111.72,111.59,89.17393142
2022-03-03 10:54:00,111.65,111.76,111.66,111.76,26.9555843
2022-03-03 10:53:00,111.61,111.7,111.64,111.7,3.41580639
2022-03-03 10:52:00,111.59,111.72,111.66,111.61,3.98395727
2022-03-03 10:51:00,111.63,111.8,111.8,111.64,56.76771889
2022-03-03 10:50:00,111.75,111.8,111.79,111.78,29.7911333
2022-03-03 10:49:00,111.6,111.77,111.68,111.73,65.56417426
2022-03-03 10:48:00,111.72,111.88,111.88,111.75,144.84940667
2022-03-03 10:47:00,111.84,111.98,111.93,111.88,54.58183272
2022-03-03 10:46:00,111.45,112.01,111.45,111.94,396.52019111
2022-03-03 10:45:00,111.16,111.42,111.19,111.42,8.31319144
2022-03-03 10:44:00,111.12,111.21,111.2,111.21,5.16787102
2022-03-03 10:43:00,111.03,111.17,111.03,111.17,22.76232134
2022-03-03 10:42:00,110.99,111.12,111.03,110.99,124.54099231
2022-03-03 10:41:00,110.98,111.11,111.11,111.05,18.71063765
2022-03-03 10:40:00,110.96,111.13,110.96,111.11,42.53936614
2022-03-03 10:39:00,110.8,110.95,110.88,110.95,79.7495022
2022-03-03 10:38:00,110.88,111.02,110.97,110.95,65.06297986
2022-03-03 10:37:00,110.86,111.0,110.86,110.94,1065.9999994
2022-03-03 10:36:00,110.87,111.18,111.17,110.87,45.53961514
2022-03-03 10:35:00,111.14,111.4,111.39,111.14,117.68870764
2022-03-03 10:34:00,111.32,111.4,111.32,111.4,19.34289658
2022-03-03 10:33:00,111.31,111.39,111.31,111.34,125.61393378
2022-03-03 10:32:00,111.2,111.34,111.2,111.31,20.96027856
2022-03-03 10:31:00,111.03,111.2,111.03,111.2,147.48498744
2022-03-03 10:30:00,111.02,111.09,111.06,111.08,165.15592208
2022-03-03 10:29:00,111.0,111.05,111.03,111.05,15.19366423
2022-03-03 10:28:00,110.92,111.06,110.92,111.06,23.57917375
2022-03-03 10:27:00,110.9,111.08,111.05,110.9,42.93617866
2022-03-03 10:26:00,111.04,111.11,111.06,111.09,26.17730974
2022-03-03 10:25:00,111.05,111.14,111.14,111.06,12.33817339
2022-03-03 10:24:00,111.1,111.26,111.24,111.1,136.91596537
2022-03-03 10:23:00,111.16,111.28,111.22,111.28,31.07899226
2022-03-03 10:22:00,111.05,111.23,111.08,111.23,23.99454433
2022-03-03 10:21:00,111.02,111.1,111.05,111.06,10.64718255
2022-03-03 10:20:00,111.01,111.09,111.07,111.01,8.0513196
2022-03-03 10:19:00,111.06,111.16,111.13,111.06,3.35083567
2022-03-03 10:18:00,111.04,111.14,111.1,111.14,5.14631144
2022-03-03 10:17:00,110.99,111.1,111.04,111.1,26.69609339
2022-03-03 10:16:00,110.97,111.04,111.01,110.97,107.7135964
2022-03-03 10:15:00,110.87,111.0,110.87,110.98,4.65412855
2022-03-03 10:14:00,110.83,110.91,110.84,110.88,5.01340415
2022-03-03 10:13:00,110.77,110.86,110.79,110.84,135.22926563
2022-03-03 10:12:00,110.73,110.87,110.87,110.73,23.70536935
2022-03-03 10:11:00,110.82,110.94,110.82,110.94,35.68402028
2022-03-03 10:10:00,110.75,110.82,110.78,110.82,15.2042908
2022-03-03 10:09:00,110.76,110.85,110.82,110.76,1.71257792
2022-03-03 10:08:00,110.65,110.78,110.69,110.78,38.18061852
2022-03-03 10:07:00,110.7,110.85,110.85,110.74,122.46879438
2022-03-03 10:06:00,110.85,110.99,110.96,110.85,54.06267818
2022-03-03 10:05:00,110.96,111.03,111.01,110.97,19.19845412
2022-03-03 10:04:00,110.95,111.26,111.2,110.95,305.25842329
2022-03-03 10:03:00,111.17,111.28,111.23,111.19,12.82685898
2022-03-03 10:02:00,111.18,111.27,111.26,111.25,5.98780337
2022-03-03 10:01:00,111.17,111.29,111.17,111.27,57.65985452
2022-03-03 10:00:00,110.94,111.19,110.99,111.14,19.23522532
2022-03-03 09:59:00,110.79,110.99,110.95,110.96,141.39649476
2022-03-03 09:58:00,110.91,111.03,111.01,110.91,62.82569242
2022-03-03 09:57:00,110.9,111.01,110.91,111.01,117.25788284
2022-03-03 09:56:00,110.91,110.98,110.92,110.91,43.69380123
2022-03-03 09:55:00,110.84,111.02,110.88,110.98,114.51241725
2022-03-03 09:54:00,110.89,111.09,111.07,110.92,63.57198753
2022-03-03 09:53:00,110.97,111.08,110.97,111.02,139.01157499
2022-03-03 09:52:00,110.84,110.95,110.87,110.95,157.74774434
2022-03-03 09:51:00,110.68,110.88,110.7,110.87,100.74464571
2022-03-03 09:50:00,110.64,110.76,110.69,110.68,200.12906459
2022-03-03 09:49:00,110.69,110.88,110.88,110.7,108.81851349
2022-03-03 09:48:00,110.84,110.9,110.84,110.88,4.01361899
2022-03-03 09:47:00,110.8,110.91,110.91,110.85,56.87545057
2022-03-03 09:46:00,110.81,110.91,110.81,110.91,51.09136466
2022-03-03 09:45:00,110.71,110.86,110.71,110.73,36.26159287
2022-03-03 09:44:00,110.6,110.69,110.68,110.67,54.53013623
2022-03-03 09:43:00,110.59,110.76,110.59,110.71,465.84096755
2022-03-03 09:42:00,110.59,110.68,110.6,110.65,94.04070124
2022-03-03 09:41:00,110.59,110.68,110.59,110.61,110.58337817
2022-03-03 09:40:00,110.54,110.64,110.62,110.54,27.42906113
2022-03-03 09:39:00,110.37,110.54,110.45,110.54,94.50979195
2022-03-03 09:38:00,110.28,110.45,110.45,110.44,163.35844869
2022-03-03 09:37:00,110.39,110.64,110.64,110.44,114.5606257
2022-03-03 09:36:00,110.66,110.72,110.67,110.66,79.3428849
2022-03-03 09:35:00,110.72,110.9,110.84,110.75,110.33022295
2022-03-03 09:34:00,110.62,110.82,110.62,110.82,5.98490783
2022-03-03 09:33:00,110.42,110.59,110.42,110.59,35.00458047
2022-03-03 09:32:00,110.33,110.42,110.33,110.38,78.45817343
2022-03-03 09:31:00,110.28,110.45,110.45,110.36,237.40259708
2022-03-03 09:30:00,110.38,110.61,110.61,110.52,256.23570264
2022-03-03 09:29:00,110.63,110.79,110.79,110.63,65.1900034
2022-03-03 09:28:00,110.75,110.82,110.81,110.75,23.46542464
2022-03-03 09:27:00,110.79,110.86,110.86,110.81,7.94270115
2022-03-03 09:26:00,110.79,110.86,110.8,110.86,33.6055394
2022-03-03 09:25:00,110.61,110.75,110.61,110.75,21.94023861
2022-03-03 09:24:00,110.55,110.61,110.59,110.61,30.99302693
2022-03-03 09:23:00,110.56,110.63,110.56,110.61,14.96261104
2022-03-03 09:22:00,110.47,110.58,110.48,110.58,65.741501
2022-03-03 09:21:00,110.44,110.7,110.67,110.5,307.50988582
2022-03-03 09:20:00,110.67,110.74,110.73,110.67,110.83279115
2022-03-03 09:19:00,110.69,110.75,110.75,110.75,47.38824271
2022-03-03 09:18:00,110.69,110.81,110.74,110.74,97.43979411
2022-03-03 09:17:00,110.73,110.8,110.79,110.75,25.91077301
2022-03-03 09:16:00,110.67,110.79,110.72,110.73,202.57583042
2022-03-03 09:15:00,110.68,110.78,110.76,110.75,46.64025712
2022-03-03 09:14:00,110.7,110.81,110.81,110.7,34.9518453
2022-03-03 09:13:00,110.73,110.81,110.73,110.81,20.61495133
2022-03-03 09:12:00,110.7,110.76,110.76,110.74,56.63655644
2022-03-03 09:11:00,110.74,110.82,110.8,110.82,34.88450861
2022-03-03 09:10:00,110.75,110.82,110.79,110.78,36.44410497
2022-03-03 09:09:00,110.66,110.95,110.95,110.76,203.36863464
2022-03-03 09:08:00,110.91,110.96,110.93,110.94,16.2425629
2022-03-03 09:07:00,110.87,111.07,111.07,110.89,52.68288933
2022-03-03 09:06:00,110.88,111.03,110.95,111.03,205.35566932
2022-03-03 09:05:00,110.95,111.01,110.96,111.01,10.53897434
2022-03-03 09:04:00,110.94,111.02,110.98,111.02,17.44985454
2022-03-03 09:03:00,110.95,111.0,110.97,110.98,10.83171817
2022-03-03 09:02:00,110.99,111.08,111.08,110.99,22.9040494
2022-03-03 09:01:00,110.99,111.13,111.07,111.08,132.99396622
2022-03-03 09:00:00,111.07,111.17,111.09,111.12,96.8619963
2022-03-03 08:59:00,111.04,111.14,111.04,111.08,97.98136072
2022-03-03 08:58:00,110.91,111.05,110.96,110.98,84.9234167
2022-03-03 08:57:00,110.92,111.0,110.99,110.94,67.8132167
2022-03-03 08:56:00,110.9,110.97,110.93,110.97,75.65487453
2022-03-03 08:55:00,110.95,111.01,110.97,110.95,33.58320274
2022-03-03 08:54:00,110.88,111.01,110.88,111.01,71.50139036
2022-03-03 08:53:00,110.87,110.92,110.87,110.88,47.04955622
2022-03-03 08:52:00,110.85,111.07,110.99,110.85,339.44592744
2022-03-03 08:51:00,110.86,111.01,110.91,111.01,7.59037166
2022-03-03 08:50:00,111.01,111.15,111.08,111.01,33.79563398
2022-03-03 08:49:00,111.03,111.15,111.13,111.1,94.45030058
2022-03-03 08:48:00,111.09,111.21,111.09,111.18,62.37896565
2022-03-03 08:47:00,111.07,111.13,111.1,111.09,29.10030747
2022-03-03 08:46:00,111.1,111.21,111.13,111.1,103.01629726
2022-03-03 08:45:00,111.12,111.16,111.12,111.15,6.56923539
2022-03-03 08:44:00,111.11,111.18,111.18,111.14,66.62824622
2022-03-03 08:43:00,111.06,111.21,111.09,111.2,52.76333615
2022-03-03 08:42:00,111.03,111.13,111.05,111.1,43.52447259
2022-03-03 08:41:00,110.96,111.04,111.01,111.01,36.52338344
2022-03-03 08:40:00,111.01,111.06,111.03,111.01,16.82584701
2022-03-03 08:39:00,110.91,111.05,110.93,111.01,86.25191534
2022-03-03 08:38:00,110.9,111.12,111.12,110.9,50.73050102
2022-03-03 08:37:00,111.05,111.21,111.17,111.08,75.06242623
2022-03-03 08:36:00,110.8,111.28,110.87,111.19,313.39026066
2022-03-03 08:35:00,110.89,111.17,111.13,110.89,136.55142912
2022-03-03 08:34:00,111.17,111.36,111.35,111.18,54.11511285
2022-03-03 08:33:00,111.27,111.42,111.41,111.34,53.37174437
2022-03-03 08:32:00,111.36,111.44,111.42,111.4,39.615686
2022-03-03 08:31:00,111.33,111.42,111.38,111.39,54.08899078
2022-03-03 08:30:00,111.38,111.5,111.39,111.38,46.89588867
2022-03-03 08:29:00,111.32,111.39,111.38,111.39,41.37796371
2022-03-03 08:28:00,111.36,111.54,111.52,111.36,42.72245765
2022-03-03 08:27:00,111.38,111.58,111.38,111.54,122.10938935
2022-03-03 08:26:00,111.34,111.5,111.5,111.43,184.81896126
2022-03-03 08:25:00,111.44,111.6,111.56,111.44,56.93411172
2022-03-03 08:24:00,111.42,111.67,111.67,111.61,174.45957281
2022-03-03 08:23:00,111.64,111.72,111.66,111.68,22.28278621
2022-03-03 08:22:00,111.63,111.68,111.67,111.63,9.41866292
2022-03-03 08:21:00,111.62,111.72,111.67,111.64,66.53444603
2022-03-03 08:20:00,111.62,111.76,111.76,111.65,59.87566378
2022-03-03 08:19:00,111.66,111.76,111.76,111.76,49.28821714
2022-03-03 08:18:00,111.8,112.0,111.95,111.8,205.52745706
2022-03-03 08:17:00,111.84,111.96,111.88,111.96,155.5001377
2022-03-03 08:16:00,111.86,112.04,112.03,111.86,99.77651961
2022-03-03 08:15:00,111.94,112.07,111.95,112.02,32.59472377
2022-03-03 08:14:00,111.89,111.99,111.91,111.98,44.40512739
2022-03-03 08:13:00,111.76,111.86,111.79,111.86,21.29947474
2022-03-03 08:12:00,111.66,111.79,111.66,111.75,47.10529625
2022-03-03 08:11:00,111.58,111.75,111.72,111.65,28.19987456
2022-03-03 08:10:00,111.67,111.75,111.68,111.71,16.45227534
2022-03-03 08:09:00,111.58,111.73,111.59,111.7,36.23742122
2022-03-03 08:08:00,111.55,111.58,111.56,111.58,5.16553329
2022-03-03 08:07:00,111.5,111.58,111.51,111.55,111.59444723
2022-03-03 08:06:00,111.43,111.51,111.43,111.5,35.73871712
2022-03-03 08:05:00,111.4,111.59,111.59,111.4,44.77116155
2022-03-03 08:04:00,111.52,111.67,111.58,111.6,57.85954401
2022-03-03 08:03:00,111.55,111.63,111.63,111.55,36.49484495
2022-03-03 08:02:00,111.55,111.68,111.56,111.62,141.98341978
2022-03-03 08:01:00,111.5,111.65,111.65,111.56,88.10649535
2022-03-03 08:00:00,111.57,111.65,111.58,111.65,20.23934074
2022-03-03 07:59:00,111.39,111.61,111.39,111.59,52.53010451
2022-03-03 07:58:00,111.37,111.42,111.37,111.41,3.7263413
2022-03-03 07:57:00,111.26,111.43,111.27,111.42,143.77741089
2022-03-03 07:56:00,111.26,111.63,111.62,111.26,282.37219762
2022-03-03 07:55:00,111.68,111.79,111.77,111.68,69.66027103
2022-03-03 07:54:00,111.68,111.83,111.68,111.78,37.02727359
2022-03-03 07:53:00,111.64,111.8,111.74,111.64,51.07295572
2022-03-03 07:52:00,111.76,111.84,111.84,111.79,140.74026987
2022-03-03 07:51:00,111.79,111.87,111.81,111.84,38.26644774
2022-03-03 07:50:00,111.79,111.88,111.88,111.79,9.30086695
2022-03-03 07:49:00,111.71,111.91,111.75,111.91,76.37381148
2022-03-03 07:48:00,111.68,111.75,111.69,111.75,143.62134368
2022-03-03 07:47:00,111.59,111.69,111.68,111.67,60.64773361
2022-03-03 07:46:00,111.65,111.69,111.66,111.65,29.55507207
2022-03-03 07:45:00,111.66,111.76,111.68,111.69,103.62778915
2022-03-03 07:44:00,111.63,111.72,111.66,111.71,16.89318437
2022-03-03 07:43:00,111.63,111.76,111.64,111.69,167.32567922
2022-03-03 07:42:00,111.63,111.77,111.77,111.64,45.22919303
2022-03-03 07:41:00,111.7,111.78,111.74,111.74,63.81527861
2022-03-03 07:40:00,111.68,111.74,111.72,111.7,59.42281169
2022-03-03 07:39:00,111.73,111.89,111.84,111.73,176.60994359
2022-03-03 07:38:00,111.76,111.87,111.84,111.77,108.56313127
2022-03-03 07:37:00,111.85,111.95,111.87,111.86,172.28071777
2022-03-03 07:36:00,111.75,111.94,111.93,111.89,253.44165857
2022-03-03 07:35:00,111.85,112.04,112.03,111.96,71.34192958
2022-03-03 07:34:00,111.98,112.06,112.06,111.98,65.24499522
2022-03-03 07:33:00,112.05,112.17,112.12,112.09,58.21315149
2022-03-03 07:32:00,112.06,112.17,112.06,112.11,189.05128373
2022-03-03 07:31:00,112.03,112.09,112.06,112.06,66.88486191
2022-03-03 07:30:00,112.01,112.18,112.08,112.07,118.72319799
2022-03-03 07:29:00,112.02,112.18,112.15,112.07,164.45197676
2022-03-03 07:28:00,111.99,112.2,112.06,112.17,361.98413699
2022-03-03 07:27:00,111.95,112.06,111.97,112.01,190.37800953
2022-03-03 07:26:00,111.98,112.07,111.99,112.0,1146.99454067
2022-03-03 07:25:00,111.87,111.99,111.9,111.99,41.22668945
2022-03-03 07:24:00,111.88,112.0,111.98,111.94,74.17408125
2022-03-03 07:23:00,111.95,112.06,112.03,112.0,186.76981107
2022-03-03 07:22:00,111.88,112.05,111.95,112.05,164.59410166
2022-03-03 07:21:00,111.95,112.11,111.95,112.01,173.18146202
2022-03-03 07:20:00,111.95,112.02,111.95,112.02,3.37873354
2022-03-03 07:19:00,111.91,112.02,111.91,111.98,18.44341747
2022-03-03 07:18:00,111.83,112.1,112.06,111.83,219.17752381
2022-03-03 07:17:00,112.04,112.29,112.25,112.06,91.18264448
2022-03-03 17:17:00,110.19,110.33,110.28,110.2,111.40724661
2022-03-03 17:16:00,109.98,110.25,110.02,110.25,17.88844726
2022-03-03 17:15:00,110.0,110.2,110.2,110.0,114.32041949
2022-03-03 17:14:00,110.12,110.22,110.16,110.2,143.41781486
2022-03-03 17:13:00,109.96,110.2,109.96,110.2,61.12643391
2022-03-03 17:12:00,109.99,110.12,110.03,110.03,309.60698404
2022-03-03 17:11:00,109.87,109.96,109.92,109.93,273.82241915
2022-03-03 17:10:00,109.77,109.9,109.8,109.9,81.05526778
2022-03-03 17:09:00,109.57,109.78,109.57,109.74,452.78242066
2022-03-03 17:08:00,109.55,109.64,109.56,109.59,372.68109055
2022-03-03 17:07:00,109.18,109.48,109.2,109.48,129.27102033
2022-03-03 17:06:00,109.19,109.47,109.47,109.2,224.23617467
2022-03-03 17:05:00,109.4,109.56,109.55,109.48,190.9817522
2022-03-03 17:04:00,109.55,109.68,109.55,109.57,148.54649342
2022-03-03 17:03:00,109.53,109.7,109.66,109.56,169.05025155
2022-03-03 17:02:00,109.47,109.76,109.67,109.61,266.50459847
2022-03-03 17:01:00,109.59,109.75,109.68,109.67,72.73634332
2022-03-03 17:00:00,109.63,109.8,109.73,109.74,116.06512682
2022-03-03 16:59:00,109.74,109.88,109.87,109.74,124.53015908
2022-03-03 16:58:00,109.87,110.03,109.93,109.87,64.84575382
2022-03-03 16:57:00,109.72,109.92,109.82,109.81,273.02719574
2022-03-03 16:56:00,109.52,109.91,109.88,109.77,805.8286042
2022-03-03 16:55:00,109.81,109.98,109.85,109.97,373.25892173
2022-03-03 16:54:00,109.85,110.09,109.96,109.85,88.20141651
2022-03-03 16:53:00,109.92,110.05,110.03,109.94,62.37324958
2022-03-03 16:52:00,109.78,110.03,109.87,110.03,231.43154941
2022-03-03 16:51:00,109.76,110.13,110.08,109.87,886.6997575
2022-03-03 16:50:00,110.08,110.24,110.24,110.08,110.15361353
2022-03-03 16:49:00,110.16,110.45,110.45,110.24,51.00238515
2022-03-03 16:48:00,110.36,110.51,110.51,110.47,59.64996849
2022-03-03 16:47:00,110.42,110.51,110.47,110.51,128.49264564
2022-03-03 16:46:00,110.21,110.41,110.23,110.41,128.55266145
2022-03-03 16:45:00,110.24,110.42,110.42,110.28,205.56852366
2022-03-03 16:44:00,110.39,110.45,110.43,110.43,46.68573891
2022-03-03 16:43:00,110.43,110.51,110.44,110.45,291.23406121
2022-03-03 16:42:00,109.85,110.43,110.03,110.43,398.47170293
2022-03-03 16:41:00,109.92,110.14,110.14,110.0,252.00338886
2022-03-03 16:40:00,109.93,110.16,110.05,110.15,300.26359272
2022-03-03 16:39:00,110.01,110.17,110.01,110.11,204.69772921
2022-03-03 16:38:00,109.98,110.43,110.42,110.01,707.60425974
2022-03-03 16:37:00,110.35,110.6,110.58,110.42,173.59463134
2022-03-03 16:36:00,110.51,110.69,110.64,110.6,50.31140548
2022-03-03 16:35:00,110.42,110.65,110.49,110.65,81.50537005
2022-03-03 16:34:00,110.32,110.55,110.55,110.5,1201.4797898
2022-03-03 16:33:00,110.54,110.73,110.7,110.54,327.52117083
2022-03-03 16:32:00,110.69,110.87,110.69,110.7,444.22016248
2022-03-03 16:31:00,110.55,110.69,110.68,110.68,49.04445608
2022-03-03 16:30:00,110.59,110.81,110.74,110.68,278.83675743
2022-03-03 16:29:00,110.71,111.1,110.85,110.75,702.86674065
2022-03-03 16:28:00,110.21,111.13,110.27,110.85,4454.82890144
2022-03-03 16:27:00,110.13,110.29,110.17,110.26,84.22779103
2022-03-03 16:26:00,110.08,110.26,110.18,110.18,167.58706535
2022-03-03 16:25:00,109.98,110.3,110.3,110.18,299.19108948
2022-03-03 16:24:00,110.19,110.59,110.55,110.29,252.75448857
2022-03-03 16:23:00,110.32,110.56,110.48,110.56,202.65563049
2022-03-03 16:22:00,110.42,110.65,110.52,110.49,405.11434124
2022-03-03 16:21:00,110.27,110.56,110.28,110.51,215.77441588
2022-03-03 16:20:00,110.11,110.24,110.11,110.22,26.44027422
2022-03-03 16:19:00,109.98,110.11,110.09,110.04,21.16923951
2022-03-03 16:18:00,109.93,110.15,109.98,110.01,286.37815869
2022-03-03 16:17:00,109.93,110.13,110.13,110.08,158.07945213
2022-03-03 16:16:00,109.83,110.12,109.85,110.12,73.54038539
2022-03-03 16:15:00,109.45,109.86,109.55,109.82,614.43017748
2022-03-03 16:14:00,109.52,109.63,109.57,109.52,57.79367816
2022-03-03 16:13:00,109.53,109.73,109.68,109.53,199.01069519
2022-03-03 16:12:00,109.63,109.91,109.91,109.71,303.55179287
2022-03-03 16:11:00,109.91,110.11,110.05,109.96,319.99573187
2022-03-03 16:10:00,109.88,110.27,109.99,110.04,227.70524384
2022-03-03 16:09:00,109.68,110.14,109.91,110.03,1625.78924384
2022-03-03 16:08:00,109.31,109.96,109.62,109.89,2067.45086558
2022-03-03 16:07:00,109.23,109.63,109.27,109.56,265.80342226
2022-03-03 16:06:00,108.65,109.27,109.12,109.24,1676.00744917
2022-03-03 16:05:00,109.12,109.52,109.33,109.12,260.50662978
2022-03-03 16:04:00,109.05,109.36,109.25,109.33,314.08030868
2022-03-03 16:03:00,108.72,109.36,109.01,109.21,562.49120604
2022-03-03 16:02:00,109.0,109.43,109.42,109.0,458.95212219
2022-03-03 16:01:00,109.35,109.93,109.76,109.46,1350.80518428
2022-03-03 16:00:00,109.61,109.95,109.92,109.75,739.03700756
2022-03-03 15:59:00,109.79,110.07,110.07,109.98,476.18920159
2022-03-03 15:58:00,110.04,110.23,110.16,110.04,59.97720577
2022-03-03 15:57:00,110.06,110.34,110.28,110.15,297.88591169
2022-03-03 15:56:00,109.97,110.33,110.04,110.26,193.94959173
2022-03-03 15:55:00,110.07,110.28,110.28,110.07,187.70163839
2022-03-03 15:54:00,110.12,110.32,110.26,110.3,115.4220383
2022-03-03 15:53:00,110.03,110.3,110.08,110.3,207.86055321
2022-03-03 15:52:00,109.81,110.16,110.02,110.14,596.35673614
2022-03-03 15:51:00,109.9,110.26,110.21,110.08,1407.30453148
2022-03-03 15:50:00,109.83,110.24,109.99,110.22,323.14088557
2022-03-03 15:49:00,109.88,110.09,109.9,110.03,412.45658622
2022-03-03 15:48:00,109.68,109.98,109.74,109.96,319.16758759
2022-03-03 15:47:00,109.58,109.97,109.62,109.66,942.84919635
2022-03-03 15:46:00,108.56,109.69,109.63,109.62,2614.19165773
2022-03-03 15:45:00,109.51,109.83,109.51,109.69,212.48919381
2022-03-03 15:44:00,109.5,110.09,110.01,109.5,867.29875571
2022-03-03 15:43:00,109.92,110.75,110.75,110.01,898.5803112
2022-03-03 15:42:00,110.72,111.02,111.0,110.8,379.76816827
2022-03-03 15:41:00,110.93,111.2,110.93,111.05,238.79057476
2022-03-03 15:40:00,110.92,111.27,111.15,110.92,494.92916194
2022-03-03 15:39:00,110.68,111.09,111.0,111.07,1014.63426066
2022-03-03 15:38:00,110.82,111.29,111.29,111.01,1387.14072317
2022-03-03 15:37:00,110.86,111.4,110.93,111.4,1157.7166782
2022-03-03 15:36:00,110.91,111.75,111.75,110.95,409.08041246
2022-03-03 15:35:00,111.68,111.82,111.78,111.77,188.09214732
2022-03-03 15:34:00,111.8,112.05,111.97,111.8,815.31891707
2022-03-03 15:33:00,111.93,112.14,112.06,111.95,320.06073238
2022-03-03 15:32:00,111.8,112.14,111.99,112.01,231.91339011
2022-03-03 15:31:00,112.01,112.18,112.15,112.03,32.09132522
2022-03-03 15:30:00,111.87,112.29,112.12,112.21,79.06466493
2022-03-03 15:29:00,111.79,112.14,111.87,112.13,450.26275015
2022-03-03 15:28:00,111.77,111.91,111.88,111.87,80.26039293
2022-03-03 15:27:00,111.76,111.92,111.81,111.87,105.69964404
2022-03-03 15:26:00,111.43,111.85,111.57,111.83,194.94283053
2022-03-03 15:25:00,111.47,111.64,111.51,111.6,78.07536533
2022-03-03 15:24:00,111.44,111.59,111.54,111.51,278.03437226
2022-03-03 15:23:00,111.46,112.01,112.01,111.5,632.37190629
2022-03-03 15:22:00,111.85,112.11,111.89,112.02,413.00820835
2022-03-03 15:21:00,111.78,112.29,112.26,111.78,103.78957849
2022-03-03 15:20:00,112.26,112.47,112.31,112.26,372.88840319
2022-03-03 15:19:00,111.86,112.31,111.88,112.31,642.20668812
2022-03-03 15:18:00,111.52,111.91,111.54,111.87,245.02591894
2022-03-03 15:17:00,111.47,111.78,111.63,111.54,156.89166009
2022-03-03 15:16:00,111.48,111.94,111.85,111.6,955.54563037
2022-03-03 15:15:00,111.72,112.12,112.12,111.82,785.87871163
2022-03-03 15:14:00,111.86,112.19,112.02,112.08,374.08802873
2022-03-03 15:13:00,111.95,112.17,112.17,111.98,414.29458694
2022-03-03 15:12:00,111.92,112.26,112.2,112.17,761.86555016
2022-03-03 15:11:00,112.07,112.31,112.13,112.31,151.50192087
2022-03-03 15:10:00,111.85,112.28,112.07,112.14,414.80894386
2022-03-03 15:09:00,111.39,112.19,111.51,112.07,1991.88350894
2022-03-03 15:08:00,111.34,111.53,111.46,111.53,47.71916971
2022-03-03 15:07:00,111.47,111.71,111.47,111.5,151.1278404
2022-03-03 15:06:00,111.42,111.93,111.89,111.45,168.63919077
2022-03-03 15:05:00,111.87,112.2,112.14,111.91,137.55747484
2022-03-03 15:04:00,112.1,112.31,112.31,112.11,762.62009596
2022-03-03 15:03:00,111.84,112.46,111.89,112.34,751.50828995
2022-03-03 15:02:00,111.8,112.18,112.18,111.91,274.70846749
2022-03-03 15:01:00,112.02,112.29,112.23,112.18,650.99157996
2022-03-03 15:00:00,111.55,112.28,111.59,112.28,561.94417886
2022-03-03 14:59:00,111.39,111.63,111.54,111.63,275.83864947
2022-03-03 14:58:00,111.5,111.78,111.77,111.56,153.29845772
2022-03-03 14:57:00,111.63,111.75,111.63,111.7,19.93640966
2022-03-03 14:56:00,111.61,111.76,111.68,111.61,164.78631343
2022-03-03 14:55:00,111.42,111.72,111.42,111.69,436.34778424
2022-03-03 14:54:00,111.16,111.4,111.23,111.4,226.67881954
2022-03-03 14:53:00,111.06,111.38,111.3,111.23,403.15866661
2022-03-03 14:52:00,111.14,111.4,111.36,111.28,191.45141759
2022-03-03 14:51:00,111.07,111.38,111.07,111.38,1277.85900066
2022-03-03 14:50:00,111.0,111.2,111.11,111.06,219.2863987
2022-03-03 14:49:00,110.9,111.16,111.12,111.15,660.48313347
2022-03-03 14:48:00,110.67,111.16,111.15,111.16,1677.19384308
2022-03-03 14:47:00,111.16,111.39,111.28,111.18,83.525311
2022-03-03 14:46:00,111.25,111.39,111.25,111.33,163.13357794
2022-03-03 14:45:00,111.2,111.36,111.2,111.2,87.75934046
2022-03-03 14:44:00,110.9,111.49,111.49,111.15,1032.18654409
2022-03-03 14:43:00,111.48,111.64,111.64,111.52,109.26374098
2022-03-03 14:42:00,111.5,111.64,111.52,111.6,295.41626288
2022-03-03 14:41:00,111.49,111.65,111.64,111.53,117.00731696
2022-03-03 14:40:00,111.64,111.76,111.66,111.64,233.49218513
2022-03-03 14:39:00,111.63,111.78,111.76,111.66,137.37315644
2022-03-03 14:38:00,111.75,111.87,111.84,111.75,75.07980185
2022-03-03 14:37:00,111.8,112.06,112.04,111.8,419.23061611
2022-03-03 14:36:00,111.99,112.12,112.1,111.99,26.2146422
2022-03-03 14:35:00,112.03,112.18,112.1,112.11,169.51753959
2022-03-03 14:34:00,112.12,112.3,112.28,112.15,505.56832345
2022-03-03 14:33:00,112.26,112.63,112.6,112.32,454.51679438
2022-03-03 14:32:00,112.58,112.99,112.82,112.59,241.72463023
2022-03-03 14:31:00,112.73,112.97,112.97,112.78,281.76234974
2022-03-03 14:30:00,112.77,113.01,112.87,112.96,209.55244373
2022-03-03 14:29:00,112.48,113.05,112.48,112.81,698.28515038
2022-03-03 14:28:00,112.4,112.71,112.42,112.54,310.13853657
2022-03-03 14:27:00,112.17,112.61,112.27,112.43,414.53123493
2022-03-03 14:26:00,111.75,112.27,111.75,112.23,1268.60147855
2022-03-03 14:25:00,111.63,111.92,111.92,111.75,408.56938326
2022-03-03 14:24:00,111.05,112.15,111.08,111.88,3166.80937069
2022-03-03 14:23:00,110.95,111.09,110.96,111.03,84.29297297
2022-03-03 14:22:00,110.93,111.1,110.94,111.0,170.1490962
2022-03-03 14:21:00,110.92,111.04,110.92,110.94,40.60448731
2022-03-03 14:20:00,110.88,111.12,111.12,110.88,111.52542763
2022-03-03 14:19:00,111.03,111.16,111.09,111.1,110.27603246
2022-03-03 14:18:00,111.09,111.14,111.14,111.09,8.15261752
2022-03-03 14:17:00,111.1,111.34,111.3,111.17,109.62242618
2022-03-03 14:16:00,111.32,111.42,111.35,111.32,51.59109685
2022-03-03 14:15:00,111.3,111.39,111.32,111.34,104.48025855
2022-03-03 14:14:00,111.31,111.38,111.36,111.33,24.38241568
2022-03-03 14:13:00,111.31,111.39,111.31,111.38,52.2646744
2022-03-03 14:12:00,111.13,111.37,111.19,111.36,193.32411364
2022-03-03 14:11:00,111.26,111.38,111.32,111.27,70.03835437
2022-03-03 14:10:00,111.36,111.65,111.65,111.36,99.96221893
2022-03-03 14:09:00,111.65,111.77,111.73,111.68,83.38732998
2022-03-03 14:08:00,111.71,111.79,111.79,111.78,66.49752499
2022-03-03 14:07:00,111.74,111.81,111.78,111.77,30.57995777
2022-03-03 14:06:00,111.77,111.89,111.88,111.77,89.81517929
2022-03-03 14:05:00,111.75,111.88,111.77,111.88,117.72952148
2022-03-03 14:04:00,111.65,111.88,111.65,111.8,84.19124537
2022-03-03 14:03:00,111.55,111.66,111.55,111.66,37.17210397
2022-03-03 14:02:00,111.53,111.64,111.61,111.53,254.46495786
2022-03-03 14:01:00,111.57,111.7,111.63,111.66,356.72344742
2022-03-03 14:00:00,111.54,111.71,111.54,111.66,293.95891209
2022-03-03 13:59:00,111.39,111.56,111.55,111.56,99.67435302
2022-03-03 13:58:00,111.52,111.63,111.54,111.57,63.1489014
2022-03-03 13:57:00,111.41,111.61,111.47,111.54,158.63553785
2022-03-03 13:56:00,111.42,111.68,111.49,111.5,299.68626779
2022-03-03 13:55:00,111.25,111.5,111.29,111.5,81.16126945
2022-03-03 13:54:00,111.24,111.35,111.33,111.28,67.24902359
2022-03-03 13:53:00,111.25,111.32,111.26,111.28,39.79888062
2022-03-03 13:52:00,111.13,111.28,111.13,111.28,83.99926811
2022-03-03 13:51:00,111.11,111.29,111.27,111.11,28.24173322
2022-03-03 13:50:00,111.19,111.33,111.3,111.26,101.8899076
2022-03-03 13:49:00,111.25,111.34,111.26,111.34,6.79500876
2022-03-03 13:48:00,111.18,111.31,111.19,111.29,60.66533718
2022-03-03 13:47:00,111.17,111.29,111.27,111.19,26.10503332
2022-03-03 13:46:00,111.17,111.31,111.29,111.31,36.51297947
2022-03-03 13:45:00,111.28,111.42,111.4,111.3,116.58544455
2022-03-03 13:44:00,111.33,111.41,111.36,111.4,149.54387515
2022-03-03 13:43:00,111.18,111.47,111.18,111.35,161.83320605
2022-03-03 13:42:00,110.97,111.14,111.04,111.14,105.63202788
2022-03-03 13:41:00,110.97,111.04,110.98,110.99,18.60864327
2022-03-03 13:40:00,110.84,111.12,111.12,111.0,165.62070044
2022-03-03 13:39:00,111.02,111.36,111.05,111.13,217.56843162
2022-03-03 13:38:00,111.03,111.12,111.03,111.03,570.90196623
2022-03-03 13:37:00,111.0,111.08,111.06,111.03,206.79977748
2022-03-03 13:36:00,110.94,111.08,110.95,111.07,131.55089561
2022-03-03 13:35:00,110.92,111.08,111.08,110.93,764.67262731
2022-03-03 13:34:00,110.99,111.08,111.01,111.07,130.68297437
2022-03-03 13:33:00,110.86,111.06,110.95,111.03,127.40696838
2022-03-03 13:32:00,110.95,111.08,111.08,111.01,530.23645636
2022-03-03 13:31:00,111.08,111.15,111.14,111.11,101.59756752
2022-03-03 13:30:00,111.08,111.16,111.16,111.08,33.61678142
2022-03-03 13:29:00,111.09,111.29,111.29,111.15,92.53540101
2022-03-03 13:28:00,111.27,111.33,111.33,111.31,11.21581178
2022-03-03 13:27:00,111.31,111.44,111.4,111.35,50.12889695
2022-03-03 13:26:00,111.14,111.39,111.21,111.39,105.21064949
2022-03-03 13:25:00,111.18,111.34,111.34,111.22,194.00024889
2022-03-03 13:24:00,111.33,111.41,111.36,111.41,32.11065089
2022-03-03 13:23:00,111.35,111.47,111.44,111.4,62.46619482
2022-03-03 13:22:00,111.32,111.47,111.33,111.44,103.45822348
2022-03-03 13:21:00,111.32,111.38,111.33,111.35,133.28707675
2022-03-03 13:20:00,111.22,111.34,111.32,111.34,157.03951002
2022-03-03 13:19:00,111.32,111.36,111.35,111.33,15.09743222
2022-03-03 13:18:00,111.32,111.39,111.34,111.32,18.115547
2022-03-03 13:17:00,111.32,111.43,111.43,111.33,96.43502173
2022-03-03 13:16:00,111.38,111.45,111.39,111.4,19.16804428
2022-03-03 13:15:00,111.34,111.44,111.43,111.38,11.68530077
2022-03-03 13:14:00,111.38,111.45,111.4,111.44,14.36461874
2022-03-03 13:13:00,111.36,111.46,111.38,111.43,7.02488035
2022-03-03 13:12:00,111.29,111.41,111.38,111.39,79.41212137
2022-03-03 13:11:00,111.32,111.39,111.37,111.33,89.41545568
2022-03-03 13:10:00,111.37,111.43,111.41,111.37,16.61197493
2022-03-03 13:09:00,111.37,111.46,111.41,111.37,25.68677053
2022-03-03 13:08:00,111.38,111.45,111.41,111.39,71.94887535
2022-03-03 13:07:00,111.34,111.41,111.35,111.4,136.8840681
2022-03-03 13:06:00,111.26,111.38,111.36,111.3,32.22937105
2022-03-03 13:05:00,111.29,111.37,111.32,111.34,32.97491462
2022-03-03 13:04:00,111.21,111.4,111.22,111.31,17.42188234
2022-03-03 13:03:00,111.19,111.31,111.31,111.21,73.05075541
2022-03-03 13:02:00,111.28,111.46,111.46,111.34,23.99379501
2022-03-03 13:01:00,111.44,111.56,111.44,111.46,78.9360998
2022-03-03 13:00:00,111.44,111.51,111.51,111.44,83.0993592
2022-03-03 12:59:00,111.38,111.51,111.51,111.5,30.28952697
2022-03-03 12:58:00,111.4,111.52,111.4,111.5,31.16990823
2022-03-03 12:57:00,111.41,111.49,111.42,111.47,56.86756391
2022-03-03 12:56:00,111.42,111.52,111.45,111.43,58.34051444
2022-03-03 12:55:00,111.39,111.46,111.4,111.45,8.1539206
2022-03-03 12:54:00,111.36,111.42,111.4,111.38,25.71200256
2022-03-03 12:53:00,111.26,111.39,111.38,111.38,78.12203381
2022-03-03 12:52:00,111.27,111.39,111.34,111.39,9.4227753
2022-03-03 12:51:00,111.24,111.4,111.24,111.4,78.57140486
2022-03-03 12:50:00,111.23,111.3,111.26,111.24,18.15110226
2022-03-03 12:49:00,111.2,111.33,111.28,111.33,33.06964872
2022-03-03 12:48:00,111.18,111.32,111.32,111.26,52.49759878
2022-03-03 12:47:00,111.22,111.35,111.35,111.34,59.57681171
2022-03-03 12:46:00,111.31,111.47,111.46,111.31,98.84038156
2022-03-03 12:45:00,111.39,111.48,111.43,111.46,22.26602047
2022-03-03 12:44:00,111.38,111.58,111.54,111.38,221.07888722
2022-03-03 12:43:00,111.45,111.55,111.48,111.51,99.48622234
2022-03-03 12:42:00,111.43,111.59,111.56,111.44,28.62473988
2022-03-03 12:41:00,111.52,111.58,111.56,111.58,24.84485164
2022-03-03 12:40:00,111.52,111.56,111.54,111.55,1.50073451
2022-03-03 12:39:00,111.44,111.58,111.51,111.53,35.54560644
2022-03-03 12:38:00,111.49,111.63,111.59,111.63,154.21010884
2022-03-03 12:37:00,111.57,111.75,111.75,111.57,73.04335826
2022-03-03 12:36:00,111.74,111.82,111.76,111.78,83.77144715
2022-03-03 12:35:00,111.7,111.79,111.72,111.75,246.94242536
2022-03-03 12:34:00,111.62,111.75,111.7,111.7,163.89352721
2022-03-03 12:33:00,111.68,111.78,111.73,111.72,152.44115862
2022-03-03 12:32:00,111.69,111.78,111.71,111.73,87.59217917
2022-03-03 12:31:00,111.72,111.79,111.74,111.79,63.04910378
2022-03-03 12:30:00,111.7,111.94,111.94,111.8,85.51069042
2022-03-03 12:29:00,111.77,111.92,111.78,111.85,100.54126203
2022-03-03 12:28:00,111.73,111.95,111.95,111.85,106.71352528
2022-03-03 12:27:00,111.86,112.05,111.86,111.92,215.58633559
2022-03-03 12:26:00,111.6,111.79,111.63,111.75,100.26386792
2022-03-03 12:25:00,111.61,111.67,111.67,111.61,27.65013426
2022-03-03 12:24:00,111.58,111.73,111.6,111.58,144.63788891
2022-03-03 12:23:00,111.56,111.65,111.62,111.59,50.70628929
2022-03-03 12:22:00,111.52,111.63,111.52,111.63,82.2315809
2022-03-03 12:21:00,111.46,111.55,111.5,111.53,122.74118916
2022-03-03 12:20:00,111.5,111.62,111.56,111.5,117.27617682
2022-03-03 12:19:00,111.57,111.66,111.58,111.57,47.75863516
2022-03-03 12:18:00,111.53,111.68,111.68,111.58,123.04829141
2022-03-03 12:17:00,111.58,111.71,111.58,111.7,132.99837361
2022-03-03 22:17:00,110.63,110.74,110.73,110.66,28.90696646
2022-03-03 22:16:00,110.7,110.76,110.75,110.74,197.68773957
2022-03-03 22:15:00,110.65,110.8,110.74,110.79,70.24376717
2022-03-03 22:14:00,110.7,110.8,110.79,110.7,7.22060776
2022-03-03 22:13:00,110.64,110.72,110.68,110.68,50.27103748
2022-03-03 22:12:00,110.71,110.81,110.72,110.71,70.98565506
2022-03-03 22:11:00,110.61,110.72,110.69,110.71,132.99439359
2022-03-03 22:10:00,110.69,110.85,110.8,110.69,104.59945223
2022-03-03 22:09:00,110.65,110.99,110.68,110.78,396.6347054
2022-03-03 22:08:00,110.61,110.7,110.66,110.68,61.25355746
2022-03-03 22:07:00,110.55,110.66,110.64,110.66,151.65331308
2022-03-03 22:06:00,110.62,110.8,110.8,110.66,133.65172381
2022-03-03 22:05:00,110.49,110.75,110.6,110.73,59.18140763
2022-03-03 22:04:00,110.71,110.92,110.77,110.73,407.23845292
2022-03-03 22:03:00,110.8,111.33,111.26,110.8,379.74680282
2022-03-03 22:02:00,110.8,111.23,110.97,111.21,421.84470653
2022-03-03 22:01:00,110.73,111.13,110.73,110.94,563.39604713
2022-03-03 22:00:00,110.43,110.77,110.45,110.77,36.10304018
2022-03-03 21:59:00,110.41,110.55,110.55,110.48,34.63550805
2022-03-03 21:58:00,110.45,110.56,110.54,110.48,87.86521766
2022-03-03 21:57:00,110.44,110.58,110.45,110.54,17.88443938
2022-03-03 21:56:00,110.23,110.54,110.25,110.5,70.95293687
2022-03-03 21:55:00,110.19,110.35,110.35,110.25,14.73825833
2022-03-03 21:54:00,110.22,110.33,110.22,110.33,51.24389316
2022-03-03 21:53:00,110.1,110.32,110.1,110.24,120.16820574
2022-03-03 21:52:00,109.92,110.14,110.06,110.14,58.92883145
2022-03-03 21:51:00,110.03,110.17,110.15,110.06,25.18751391
2022-03-03 21:50:00,110.13,110.49,110.49,110.15,21.9828333
2022-03-03 21:49:00,110.35,110.49,110.41,110.49,34.43436285
2022-03-03 21:48:00,110.16,110.4,110.19,110.39,15.99159725
2022-03-03 21:47:00,110.06,110.21,110.09,110.19,24.88521349
2022-03-03 21:46:00,110.04,110.13,110.08,110.09,29.47742748
2022-03-03 21:45:00,109.99,110.14,110.1,110.07,222.87629229
2022-03-03 21:44:00,110.16,110.26,110.2,110.23,24.2070829
2022-03-03 21:43:00,110.11,110.19,110.11,110.19,25.10344679
2022-03-03 21:42:00,110.04,110.13,110.13,110.12,54.40394529
2022-03-03 21:41:00,110.07,110.17,110.14,110.13,48.51437878
2022-03-03 21:40:00,110.01,110.14,110.08,110.14,59.05618291
2022-03-03 21:39:00,110.0,110.12,110.09,110.1,27.12589823
2022-03-03 21:38:00,110.05,110.15,110.11,110.06,18.04428151
2022-03-03 21:37:00,110.05,110.17,110.09,110.16,27.3152145
2022-03-03 21:36:00,109.87,110.08,109.91,110.07,123.17786747
2022-03-03 21:35:00,109.95,110.06,110.04,109.95,19.22993067
2022-03-03 21:34:00,109.86,110.07,109.87,110.01,39.23009209
2022-03-03 21:33:00,109.91,110.02,109.99,109.93,71.50028918
2022-03-03 21:32:00,109.97,110.07,110.06,110.01,186.15193868
2022-03-03 21:31:00,110.0,110.22,110.22,110.08,76.88139145
2022-03-03 21:30:00,110.22,110.42,110.42,110.23,61.53568459
2022-03-03 21:29:00,110.33,110.48,110.38,110.48,59.98559807
2022-03-03 21:28:00,110.31,110.39,110.36,110.35,7.26651434
2022-03-03 21:27:00,110.31,110.37,110.37,110.31,15.64171881
2022-03-03 21:26:00,110.26,110.36,110.34,110.36,101.23776212
2022-03-03 21:25:00,110.17,110.34,110.22,110.31,62.06122159
2022-03-03 21:24:00,110.12,110.25,110.21,110.2,61.47635278
2022-03-03 21:23:00,110.21,110.38,110.29,110.21,102.36847809
2022-03-03 21:22:00,110.27,110.38,110.3,110.28,81.33319083
2022-03-03 21:21:00,110.32,110.45,110.4,110.38,50.50019141
2022-03-03 21:20:00,110.39,110.46,110.46,110.4,17.80736235
2022-03-03 21:19:00,110.39,110.52,110.46,110.42,47.62351726
2022-03-03 21:18:00,110.36,110.5,110.47,110.5,46.26684398
2022-03-03 21:17:00,110.38,110.49,110.4,110.49,127.50432874
2022-03-03 21:16:00,110.25,110.47,110.31,110.43,66.60424594
2022-03-03 21:15:00,110.31,110.45,110.43,110.31,100.33288618
2022-03-03 21:14:00,110.36,110.56,110.55,110.43,108.08692242
2022-03-03 21:13:00,110.36,110.53,110.39,110.53,162.25833504
2022-03-03 21:12:00,110.31,110.47,110.4,110.46,26.71439153
2022-03-03 21:11:00,110.4,110.57,110.4,110.47,75.93062747
2022-03-03 21:10:00,110.22,110.48,110.22,110.39,67.92331222
2022-03-03 21:09:00,110.12,110.23,110.12,110.23,71.27722893
2022-03-03 21:08:00,110.0,110.12,110.0,110.09,93.19102712
2022-03-03 21:07:00,109.83,109.98,109.86,109.97,80.81413327
2022-03-03 21:06:00,109.61,109.85,109.67,109.84,99.84962653
2022-03-03 21:05:00,109.5,109.72,109.5,109.66,167.12078951
2022-03-03 21:04:00,109.44,109.72,109.67,109.44,125.40990884
2022-03-03 21:03:00,109.51,109.63,109.59,109.56,105.38308409
2022-03-03 21:02:00,109.54,109.71,109.66,109.58,35.55853654
2022-03-03 21:01:00,109.57,109.8,109.79,109.61,150.86164353
2022-03-03 21:00:00,109.78,109.95,109.82,109.85,48.91483942
2022-03-03 20:59:00,109.69,109.86,109.77,109.81,220.2485886
2022-03-03 20:58:00,109.8,109.97,109.88,109.8,111.65967991
2022-03-03 20:57:00,109.75,109.97,109.87,109.9,128.81990705
2022-03-03 20:56:00,109.8,109.94,109.83,109.9,40.8823597
2022-03-03 20:55:00,109.65,109.85,109.79,109.84,197.67766013
2022-03-03 20:54:00,109.6,109.8,109.71,109.79,124.10638739
2022-03-03 20:53:00,109.62,109.8,109.63,109.67,32.53886465
2022-03-03 20:52:00,109.58,109.81,109.79,109.72,265.58401221
2022-03-03 20:51:00,109.61,109.92,109.71,109.72,116.89559094
2022-03-03 20:50:00,109.28,109.74,109.28,109.73,283.53894297
2022-03-03 20:49:00,109.35,109.6,109.52,109.37,484.03486462
2022-03-03 20:48:00,109.36,109.65,109.43,109.53,254.12369849
2022-03-03 20:47:00,109.44,109.7,109.65,109.51,117.98826526
2022-03-03 20:46:00,109.59,109.8,109.72,109.62,25.31588248
2022-03-03 20:45:00,109.64,109.77,109.72,109.76,64.150117
2022-03-03 20:44:00,109.38,109.87,109.59,109.73,271.93772759
2022-03-03 20:43:00,109.48,109.65,109.65,109.52,158.75688419
2022-03-03 20:42:00,109.55,109.75,109.68,109.63,184.63338672
2022-03-03 20:41:00,109.63,109.75,109.7,109.68,34.78098516
2022-03-03 20:40:00,109.64,109.93,109.93,109.64,106.28236481
2022-03-03 20:39:00,109.87,110.06,109.89,110.01,196.3388972
2022-03-03 20:38:00,109.81,110.04,110.0,109.85,61.07776177
2022-03-03 20:37:00,109.84,109.98,109.92,109.94,104.42761368
2022-03-03 20:36:00,109.88,109.97,109.95,109.91,111.17293839
2022-03-03 20:35:00,109.94,110.06,109.98,109.95,101.10588588
2022-03-03 20:34:00,109.93,110.03,109.99,109.98,191.47285502
2022-03-03 20:33:00,109.97,110.2,110.2,110.0,662.38013494
2022-03-03 20:32:00,110.17,110.27,110.24,110.2,578.39201833
2022-03-03 20:31:00,110.15,110.25,110.22,110.23,69.37262255
2022-03-03 20:30:00,110.22,110.31,110.31,110.25,21.45541856
2022-03-03 20:29:00,110.24,110.38,110.26,110.24,52.75961995
2022-03-03 20:28:00,110.18,110.3,110.19,110.26,32.69436196
2022-03-03 20:27:00,110.02,110.12,110.12,110.04,39.79520116
2022-03-03 20:26:00,109.95,110.13,109.95,110.08,113.15067848
2022-03-03 20:25:00,109.9,110.08,110.04,109.93,56.12207327
2022-03-03 20:24:00,109.99,110.08,110.03,109.99,54.79233656
2022-03-03 20:23:00,109.94,110.1,109.98,110.07,148.99557918
2022-03-03 20:22:00,109.8,109.96,109.9,109.94,79.26169628
2022-03-03 20:21:00,109.81,110.01,110.01,109.9,89.51986419
2022-03-03 20:20:00,109.81,110.05,109.84,110.01,178.34839679
2022-03-03 20:19:00,109.84,110.06,110.03,109.85,548.01166574
2022-03-03 20:18:00,109.97,110.07,110.06,109.97,52.56991984
2022-03-03 20:17:00,109.7,110.02,109.7,109.98,204.64665464
2022-03-03 20:16:00,109.63,109.79,109.75,109.64,228.58609262
2022-03-03 20:15:00,109.55,109.86,109.57,109.72,238.14615693
2022-03-03 20:14:00,109.56,109.67,109.67,109.58,143.93506428
2022-03-03 20:13:00,109.6,109.76,109.64,109.6,68.71014635
2022-03-03 20:12:00,109.64,109.74,109.72,109.67,61.64279275
2022-03-03 20:11:00,109.72,109.85,109.79,109.72,75.22436831
2022-03-03 20:10:00,109.6,109.79,109.66,109.79,39.19860367
2022-03-03 20:09:00,109.6,109.69,109.66,109.66,54.78683822
2022-03-03 20:08:00,109.59,109.69,109.67,109.61,77.45632543
2022-03-03 20:07:00,109.68,109.92,109.9,109.68,128.37471809
2022-03-03 20:06:00,109.88,110.01,109.95,109.91,404.37422738
2022-03-03 20:05:00,109.62,110.02,109.64,109.98,146.8080692
2022-03-03 20:04:00,109.29,109.56,109.55,109.56,470.62395617
2022-03-03 20:03:00,109.57,109.84,109.78,109.57,126.89004938
2022-03-03 20:02:00,109.69,109.83,109.69,109.79,248.95436415
2022-03-03 20:01:00,109.64,109.84,109.84,109.64,142.76458899
2022-03-03 20:00:00,109.79,109.95,109.95,109.89,120.95878945
2022-03-03 19:59:00,109.97,110.13,110.13,109.97,40.40386377
2022-03-03 19:58:00,110.04,110.14,110.13,110.1,80.424317
2022-03-03 19:57:00,110.02,110.17,110.02,110.15,85.12133247
2022-03-03 19:56:00,109.92,110.11,110.01,110.04,197.61123164
2022-03-03 19:55:00,109.95,110.21,110.11,110.03,103.8909687
2022-03-03 19:54:00,109.95,110.13,109.95,110.09,34.57466678
2022-03-03 19:53:00,109.86,110.06,109.86,109.88,309.56991072
2022-03-03 19:52:00,109.77,109.85,109.83,109.85,59.45564797
2022-03-03 19:51:00,109.69,109.86,109.84,109.86,104.99214126
2022-03-03 19:50:00,109.79,109.92,109.91,109.83,92.24259423
2022-03-03 19:49:00,109.84,109.93,109.91,109.91,184.69775508
2022-03-03 19:48:00,109.86,110.01,109.89,109.92,123.63957229
2022-03-03 19:47:00,109.85,110.1,110.09,109.9,177.23313678
2022-03-03 19:46:00,110.07,110.26,110.26,110.11,91.06477503
2022-03-03 19:45:00,110.19,110.32,110.31,110.26,50.40369627
2022-03-03 19:44:00,110.25,110.33,110.29,110.28,15.89413406
2022-03-03 19:43:00,110.3,110.41,110.37,110.31,37.6921727
2022-03-03 19:42:00,110.36,110.45,110.38,110.45,49.357386
2022-03-03 19:41:00,110.37,110.49,110.38,110.45,70.91209053
2022-03-03 19:40:00,110.29,110.44,110.41,110.36,79.11953591
2022-03-03 19:39:00,110.38,110.54,110.49,110.41,152.27330071
2022-03-03 19:38:00,110.44,110.56,110.49,110.47,34.91618234
2022-03-03 19:37:00,110.39,110.47,110.47,110.47,62.09903093
2022-03-03 19:36:00,110.47,110.63,110.58,110.48,52.46588079
2022-03-03 19:35:00,110.56,110.65,110.63,110.62,63.23230506
2022-03-03 19:34:00,110.4,110.63,110.42,110.63,84.35088175
2022-03-03 19:33:00,110.38,110.54,110.51,110.44,282.27574246
2022-03-03 19:32:00,110.51,110.64,110.58,110.54,121.50175179
2022-03-03 19:31:00,110.55,110.67,110.67,110.58,1268.30312474
2022-03-03 19:30:00,110.66,110.78,110.78,110.68,294.29492445
2022-03-03 19:29:00,110.67,110.78,110.69,110.78,42.38696737
2022-03-03 19:28:00,110.66,110.8,110.78,110.73,115.72266326
2022-03-03 19:27:00,110.6,110.78,110.66,110.77,131.66484189
2022-03-03 19:26:00,110.52,110.7,110.57,110.64,56.03299248
2022-03-03 19:25:00,110.54,110.62,110.57,110.57,56.50372201
2022-03-03 19:24:00,110.36,110.55,110.44,110.52,40.53266152
2022-03-03 19:23:00,110.43,110.55,110.54,110.45,95.7608674
2022-03-03 19:22:00,110.5,110.62,110.58,110.56,162.51338973
2022-03-03 19:21:00,110.51,110.59,110.52,110.55,52.10248534
2022-03-03 19:20:00,110.45,110.59,110.54,110.52,162.32212182
2022-03-03 19:19:00,110.51,110.6,110.54,110.58,38.74161328
2022-03-03 19:18:00,110.46,110.54,110.47,110.54,129.38322948
2022-03-03 19:17:00,110.47,110.56,110.51,110.49,66.53885029
2022-03-03 19:16:00,110.47,110.57,110.57,110.51,73.6232367
2022-03-03 19:15:00,110.51,110.6,110.6,110.56,57.39433452
2022-03-03 19:14:00,110.49,110.66,110.55,110.62,30.4171893
2022-03-03 19:13:00,110.49,110.58,110.51,110.55,34.12359283
2022-03-03 19:12:00,110.29,110.55,110.29,110.55,271.86099432
2022-03-03 19:11:00,110.15,110.26,110.15,110.22,52.70783161
2022-03-03 19:10:00,110.11,110.27,110.15,110.14,260.21693716
2022-03-03 19:09:00,110.12,110.3,110.26,110.17,187.25692357
2022-03-03 19:08:00,110.13,110.29,110.17,110.27,146.54586565
2022-03-03 19:07:00,110.14,110.22,110.14,110.17,79.1853332
2022-03-03 19:06:00,110.07,110.35,110.08,110.11,264.24191998
2022-03-03 19:05:00,109.94,110.1,110.03,110.1,79.78120619
2022-03-03 19:04:00,110.05,110.12,110.09,110.09,94.06194309
2022-03-03 19:03:00,109.98,110.11,110.03,110.05,32.15443223
2022-03-03 19:02:00,110.0,110.18,110.08,110.04,61.80186564
2022-03-03 19:01:00,109.99,110.18,110.07,110.16,29.89969965
2022-03-03 19:00:00,109.9,110.12,109.93,110.12,37.18064075
2022-03-03 18:59:00,109.89,109.98,109.98,109.94,18.81228842
2022-03-03 18:58:00,109.78,109.94,109.83,109.94,153.55643123
2022-03-03 18:57:00,109.8,109.92,109.85,109.8,51.07543944
2022-03-03 18:56:00,109.74,109.92,109.91,109.91,199.83657239
2022-03-03 18:55:00,109.81,110.07,110.0,109.96,150.81271512
2022-03-03 18:54:00,109.98,110.25,110.18,110.02,246.72206207
2022-03-03 18:53:00,110.1,110.19,110.15,110.16,126.28287994
2022-03-03 18:52:00,110.13,110.23,110.17,110.18,87.75451295
2022-03-03 18:51:00,110.13,110.24,110.15,110.21,135.37493317
2022-03-03 18:50:00,110.05,110.19,110.08,110.17,46.4745097
2022-03-03 18:49:00,109.77,110.08,109.77,110.04,446.48938511
2022-03-03 18:48:00,109.68,109.77,109.75,109.77,116.54951024
2022-03-03 18:47:00,109.74,109.89,109.83,109.76,27.05949588
2022-03-03 18:46:00,109.77,109.94,109.83,109.84,221.94014736
2022-03-03 18:45:00,109.83,110.07,109.98,109.83,182.94285183
2022-03-03 18:44:00,109.84,109.95,109.85,109.95,109.45198461
2022-03-03 18:43:00,109.8,109.87,109.85,109.87,32.21936769
2022-03-03 18:42:00,109.7,109.88,109.75,109.88,26.92414847
2022-03-03 18:41:00,109.68,109.87,109.83,109.74,144.25845917
2022-03-03 18:40:00,109.69,109.84,109.8,109.8,396.24748582
2022-03-03 18:39:00,109.65,109.81,109.72,109.8,276.528598
2022-03-03 18:38:00,109.67,109.77,109.71,109.69,95.42667335
2022-03-03 18:37:00,109.68,109.82,109.8,109.72,87.05209479
2022-03-03 18:36:00,109.71,109.8,109.75,109.8,10.66079849
2022-03-03 18:35:00,109.73,109.87,109.85,109.73,40.67200745
2022-03-03 18:34:00,109.7,109.94,109.86,109.81,166.50419481
2022-03-03 18:33:00,109.86,109.97,109.9,109.86,120.41428451
2022-03-03 18:32:00,109.76,109.9,109.88,109.89,225.19884161
2022-03-03 18:31:00,109.95,110.12,110.06,109.95,132.35850241
2022-03-03 18:30:00,109.9,110.19,110.19,110.08,1285.0529574
2022-03-03 18:29:00,110.19,110.25,110.25,110.21,112.16227564
2022-03-03 18:28:00,110.18,110.28,110.24,110.22,103.79251295
2022-03-03 18:27:00,110.16,110.38,110.32,110.24,80.13254531
2022-03-03 18:26:00,110.3,110.45,110.43,110.3,44.53801016
2022-03-03 18:25:00,110.22,110.5,110.48,110.4,230.91116612
2022-03-03 18:24:00,110.43,110.55,110.52,110.52,126.11059975
2022-03-03 18:23:00,110.56,110.65,110.6,110.57,73.7316519
2022-03-03 18:22:00,110.58,110.73,110.71,110.61,116.66247199
2022-03-03 18:21:00,110.68,110.94,110.94,110.69,84.60495202
2022-03-03 18:20:00,110.88,110.99,110.98,110.88,58.09430489
2022-03-03 18:19:00,110.86,111.09,110.86,111.08,141.05953816
2022-03-03 18:18:00,110.86,110.95,110.88,110.87,156.6724059
2022-03-03 18:17:00,110.87,110.95,110.93,110.9,154.48576521
2022-03-03 18:16:00,110.84,111.02,111.02,110.94,333.81351465
2022-03-03 18:15:00,110.99,111.19,111.11,111.02,318.3198943
2022-03-03 18:14:00,111.11,111.36,111.13,111.11,312.44604817
2022-03-03 18:13:00,110.99,111.16,111.03,111.16,205.94071272
2022-03-03 18:12:00,110.92,111.1,111.05,110.97,682.05357047
2022-03-03 18:11:00,110.99,111.06,111.05,111.04,86.78571709
2022-03-03 18:10:00,111.03,111.2,111.19,111.03,364.39549561
2022-03-03 18:09:00,110.94,111.21,111.1,111.21,458.77071751
2022-03-03 18:08:00,110.88,111.14,110.88,111.1,452.27580063
2022-03-03 18:07:00,110.67,111.07,110.94,110.87,727.45918608
2022-03-03 18:06:00,110.3,111.3,110.33,110.98,2719.54760491
2022-03-03 18:05:00,110.02,110.39,110.23,110.37,1075.21722698
2022-03-03 18:04:00,110.04,110.36,110.09,110.19,511.40927152
2022-03-03 18:03:00,109.6,110.15,109.63,110.11,2710.66256356
2022-03-03 18:02:00,109.3,109.68,109.37,109.63,1156.76253906
2022-03-03 18:01:00,109.3,109.45,109.33,109.37,147.29877172
2022-03-03 18:00:00,109.09,109.34,109.32,109.34,113.30591052
2022-03-03 17:59:00,109.32,109.51,109.46,109.34,94.00074831
2022-03-03 17:58:00,109.42,109.53,109.42,109.46,52.04373722
2022-03-03 17:57:00,109.28,109.48,109.43,109.46,138.23433041
2022-03-03 17:56:00,109.27,109.46,109.29,109.41,21.82564263
2022-03-03 17:55:00,109.27,109.44,109.44,109.33,85.78012621
2022-03-03 17:54:00,109.43,109.54,109.48,109.43,42.71203065
2022-03-03 17:53:00,109.39,109.54,109.48,109.47,51.80167023
2022-03-03 17:52:00,109.34,109.54,109.44,109.49,35.26439592
2022-03-03 17:51:00,109.39,109.62,109.6,109.39,110.92952162
2022-03-03 17:50:00,109.47,109.69,109.68,109.58,118.22377968
2022-03-03 17:49:00,109.65,109.8,109.76,109.75,91.10826242
2022-03-03 17:48:00,109.63,109.82,109.64,109.76,211.47471542
2022-03-03 17:47:00,109.45,109.63,109.52,109.63,79.05696463
2022-03-03 17:46:00,109.3,109.53,109.32,109.5,94.11821976
2022-03-03 17:45:00,109.21,109.59,109.59,109.32,73.65828377
2022-03-03 17:44:00,109.42,109.55,109.5,109.55,133.80443267
2022-03-03 17:43:00,109.27,109.48,109.33,109.48,79.93339853
2022-03-03 17:42:00,109.12,109.39,109.35,109.31,149.2868592
2022-03-03 17:41:00,109.28,109.39,109.29,109.34,79.91381254
2022-03-03 17:40:00,109.24,109.36,109.36,109.29,67.05889122
2022-03-03 17:39:00,109.28,109.55,109.5,109.34,73.9783625
2022-03-03 17:38:00,109.38,109.56,109.54,109.49,22.46904764
2022-03-03 17:37:00,109.51,109.82,109.78,109.55,213.40898686
2022-03-03 17:36:00,109.54,109.8,109.58,109.74,138.15571122
2022-03-03 17:35:00,109.27,109.67,109.32,109.57,119.57227337
2022-03-03 17:34:00,109.19,109.71,109.61,109.25,160.85706822
2022-03-03 17:33:00,109.17,109.67,109.17,109.53,180.58868286
2022-03-03 17:32:00,108.95,109.44,109.24,109.1,216.96552884
2022-03-03 17:31:00,109.0,109.38,109.0,109.26,546.26628138
2022-03-03 17:30:00,108.17,108.97,108.58,108.96,669.28625982
2022-03-03 17:29:00,107.89,108.66,108.66,108.56,1401.11385227
2022-03-03 17:28:00,108.67,109.21,109.21,108.67,382.92771263
2022-03-03 17:27:00,109.02,109.33,109.3,109.14,1275.81226023
2022-03-03 17:26:00,109.21,109.48,109.43,109.31,911.67302765
2022-03-03 17:25:00,109.22,109.45,109.23,109.4,94.41079256
2022-03-03 17:24:00,109.13,109.38,109.19,109.33,165.349781
2022-03-03 17:23:00,109.19,109.55,109.46,109.19,351.33119544
2022-03-03 17:22:00,109.45,109.72,109.72,109.45,145.41572515
2022-03-03 17:21:00,109.59,110.03,110.0,109.72,482.69380957
2022-03-03 17:20:00,109.97,110.12,109.98,110.01,160.63230139
2022-03-03 17:19:00,110.05,110.23,110.11,110.05,98.0402259
2022-03-03 17:18:00,110.02,110.25,110.23,110.09,91.35529861
2022-03-03 17:17:00,110.19,110.33,110.28,110.2,111.40724661
2022-03-04 03:17:00,107.16,107.32,107.32,107.16,470.9845356
2022-03-04 03:16:00,107.32,107.62,107.53,107.32,194.18820537
2022-03-04 03:15:00,107.37,107.53,107.43,107.53,62.62431951
2022-03-04 03:14:00,107.38,107.46,107.41,107.43,69.8115338
2022-03-04 03:13:00,107.35,107.41,107.39,107.41,145.84637622
2022-03-04 03:12:00,107.41,107.49,107.46,107.41,43.71934209
2022-03-04 03:11:00,107.32,107.48,107.43,107.45,183.83547058
2022-03-04 03:10:00,107.29,107.45,107.29,107.41,118.30045893
2022-03-04 03:09:00,107.29,107.43,107.43,107.29,136.03428623
2022-03-04 03:08:00,107.37,107.47,107.4,107.42,29.82022164
2022-03-04 03:07:00,107.36,107.47,107.42,107.36,154.88523551
2022-03-04 03:06:00,107.25,107.38,107.28,107.38,59.03403089
2022-03-04 03:05:00,107.22,107.38,107.33,107.28,387.06118652
2022-03-04 03:04:00,107.19,107.33,107.22,107.33,336.16676179
2022-03-04 03:03:00,107.27,107.66,107.66,107.29,37.66146713
2022-03-04 03:02:00,107.6,107.74,107.72,107.68,26.35663759
2022-03-04 03:01:00,107.69,107.79,107.73,107.72,18.79935571
2022-03-04 03:00:00,107.6,107.7,107.63,107.7,96.40933718
2022-03-04 02:59:00,107.61,107.68,107.62,107.63,67.133847
2022-03-04 02:58:00,107.57,107.67,107.57,107.62,126.08769897
2022-03-04 02:57:00,107.47,107.61,107.52,107.61,131.21281187
2022-03-04 02:56:00,107.44,107.52,107.49,107.49,20.85147902
2022-03-04 02:55:00,107.51,107.59,107.58,107.51,72.90671104
2022-03-04 02:54:00,107.49,107.63,107.59,107.63,123.86854495
2022-03-04 02:53:00,107.54,107.67,107.64,107.54,55.42496085
2022-03-04 02:52:00,107.63,107.84,107.84,107.68,8.29781441
2022-03-04 02:51:00,107.79,107.84,107.81,107.84,24.74992635
2022-03-04 02:50:00,107.74,107.85,107.85,107.81,69.54951826
2022-03-04 02:49:00,107.84,107.91,107.86,107.84,103.26360634
2022-03-04 02:48:00,107.81,107.98,107.84,107.84,70.46443929
2022-03-04 02:47:00,107.79,107.93,107.93,107.81,36.25240933
2022-03-04 02:46:00,107.78,107.93,107.85,107.9,27.23186761
2022-03-04 02:45:00,107.87,107.96,107.92,107.9,8.97465927
2022-03-04 02:44:00,107.89,107.97,107.9,107.97,39.95449624
2022-03-04 02:43:00,107.87,108.13,108.12,107.89,77.67181876
2022-03-04 02:42:00,108.04,108.12,108.12,108.06,37.91894783
2022-03-04 02:41:00,108.05,108.13,108.05,108.13,69.83460766
2022-03-04 02:40:00,107.99,108.09,107.99,108.05,26.72493021
2022-03-04 02:39:00,108.0,108.13,108.06,108.03,591.46906972
2022-03-04 02:38:00,107.99,108.1,108.01,108.08,94.83914255
2022-03-04 02:37:00,107.83,108.01,107.88,108.01,318.81775688
2022-03-04 02:36:00,107.71,107.88,107.75,107.85,96.69613375
2022-03-04 02:35:00,107.6,107.74,107.62,107.74,19.81740187
2022-03-04 02:34:00,107.57,107.71,107.69,107.65,467.97598941
2022-03-04 02:33:00,107.61,107.75,107.75,107.69,64.46160736
2022-03-04 02:32:00,107.71,107.81,107.73,107.72,89.40526301
2022-03-04 02:31:00,107.72,107.83,107.83,107.73,116.04435487
2022-03-04 02:30:00,107.76,107.84,107.81,107.81,102.34669485
2022-03-04 02:29:00,107.74,107.87,107.76,107.86,64.04069143
2022-03-04 02:28:00,107.68,107.84,107.7,107.78,176.01977082
2022-03-04 02:27:00,107.56,107.69,107.56,107.69,105.60728026
2022-03-04 02:26:00,107.5,107.58,107.52,107.56,19.19698113
2022-03-04 02:25:00,107.45,107.58,107.54,107.54,86.17232345
2022-03-04 02:24:00,107.47,107.62,107.54,107.54,97.73277852
2022-03-04 02:23:00,107.53,107.58,107.55,107.55,17.13761939
2022-03-04 02:22:00,107.53,107.67,107.63,107.55,30.98531203
2022-03-04 02:21:00,107.49,107.56,107.56,107.56,91.40892511
2022-03-04 02:20:00,107.43,107.68,107.6,107.56,180.56774385
2022-03-04 02:19:00,107.49,107.59,107.53,107.59,43.57701211
2022-03-04 02:18:00,107.46,107.58,107.49,107.52,73.22568772
2022-03-04 02:17:00,107.45,107.59,107.57,107.51,141.0165015
2022-03-04 02:16:00,107.4,107.57,107.41,107.57,28.69425918
2022-03-04 02:15:00,107.44,107.6,107.6,107.47,89.41956412
2022-03-04 02:14:00,107.52,107.61,107.58,107.56,48.1517803
2022-03-04 02:13:00,107.48,107.69,107.65,107.58,66.87135321
2022-03-04 02:12:00,107.54,107.67,107.66,107.67,89.62898484
2022-03-04 02:11:00,107.5,107.68,107.5,107.67,62.6580364
2022-03-04 02:10:00,107.43,107.52,107.47,107.5,38.44627971
2022-03-04 02:09:00,107.37,107.49,107.37,107.42,40.40246844
2022-03-04 02:08:00,107.37,107.52,107.39,107.38,65.58243775
2022-03-04 02:07:00,107.37,107.47,107.39,107.37,37.4823859
2022-03-04 02:06:00,107.26,107.54,107.54,107.42,425.94778213
2022-03-04 02:05:00,107.53,107.66,107.63,107.56,113.49222427
2022-03-04 02:04:00,107.54,107.63,107.6,107.61,173.20202235
2022-03-04 02:03:00,107.52,107.64,107.52,107.59,77.21212158
2022-03-04 02:02:00,107.46,107.73,107.53,107.46,241.96312649
2022-03-04 02:01:00,107.51,107.71,107.7,107.53,761.7024906
2022-03-04 02:00:00,107.58,107.87,107.87,107.66,236.85417392
2022-03-04 01:59:00,107.74,107.89,107.84,107.89,214.18877134
2022-03-04 01:58:00,107.75,107.87,107.87,107.84,176.09177856
2022-03-04 01:57:00,107.65,107.87,107.67,107.87,220.28438533
2022-03-04 01:56:00,107.5,107.69,107.56,107.65,206.63275423
2022-03-04 01:55:00,107.42,107.59,107.47,107.58,55.98108567
2022-03-04 01:54:00,107.33,107.45,107.33,107.45,38.54063455
2022-03-04 01:53:00,107.21,107.36,107.31,107.36,218.52254173
2022-03-04 01:52:00,107.11,107.28,107.16,107.28,42.76540613
2022-03-04 01:51:00,107.07,107.32,107.28,107.13,129.48793387
2022-03-04 01:50:00,107.13,107.31,107.15,107.23,186.35184175
2022-03-04 01:49:00,107.0,107.26,107.03,107.13,127.59092444
2022-03-04 01:48:00,107.06,107.22,107.19,107.08,165.43510596
2022-03-04 01:47:00,107.14,107.35,107.24,107.17,204.407159
2022-03-04 01:46:00,107.14,107.29,107.22,107.29,32.80296473
2022-03-04 01:45:00,107.21,107.63,107.57,107.26,300.18319945
2022-03-04 01:44:00,107.55,107.69,107.55,107.55,188.04461336
2022-03-04 01:43:00,107.39,107.64,107.39,107.53,221.67918962
2022-03-04 01:42:00,107.34,107.45,107.43,107.39,177.17625241
2022-03-04 01:41:00,107.4,107.52,107.46,107.42,119.54597942
2022-03-04 01:40:00,107.33,107.55,107.4,107.48,118.49079466
2022-03-04 01:39:00,107.3,107.51,107.47,107.35,131.71050917
2022-03-04 01:38:00,107.31,107.5,107.35,107.46,319.160558
2022-03-04 01:37:00,107.26,107.41,107.41,107.35,61.0374324
2022-03-04 01:36:00,107.41,107.7,107.56,107.41,50.36525743
2022-03-04 01:35:00,107.44,107.66,107.52,107.66,74.93122937
2022-03-04 01:34:00,107.45,107.59,107.48,107.55,101.93856611
2022-03-04 01:33:00,107.46,107.59,107.54,107.53,123.18637754
2022-03-04 01:32:00,107.33,107.58,107.33,107.55,62.00605591
2022-03-04 01:31:00,107.21,107.4,107.4,107.28,325.88337263
2022-03-04 01:30:00,107.42,107.72,107.61,107.42,148.72298584
2022-03-04 01:29:00,107.32,107.59,107.54,107.58,236.9073831
2022-03-04 01:28:00,107.26,107.7,107.38,107.49,271.50701812
2022-03-04 01:27:00,107.24,107.42,107.41,107.42,135.37434487
2022-03-04 01:26:00,107.4,107.65,107.65,107.46,150.99328188
2022-03-04 01:25:00,107.47,107.69,107.51,107.63,254.27211821
2022-03-04 01:24:00,107.29,107.66,107.37,107.44,180.95718579
2022-03-04 01:23:00,107.29,107.55,107.5,107.35,196.02079441
2022-03-04 01:22:00,107.19,107.48,107.25,107.48,86.21318918
2022-03-04 01:21:00,106.91,107.37,106.93,107.28,98.67338865
2022-03-04 01:20:00,106.47,106.99,106.51,106.99,72.38255066
2022-03-04 01:19:00,106.51,107.04,107.01,106.55,236.38427448
2022-03-04 01:18:00,106.81,107.43,107.43,107.04,560.47053205
2022-03-04 01:17:00,107.33,107.6,107.53,107.4,1098.59140356
2022-03-04 01:16:00,107.28,107.59,107.29,107.52,685.06498381
2022-03-04 01:15:00,107.1,107.52,107.17,107.29,730.60855668
2022-03-04 01:14:00,106.85,107.29,106.91,107.21,479.63148965
2022-03-04 01:13:00,106.55,106.95,106.56,106.9,490.57358705
2022-03-04 01:12:00,106.23,106.88,106.23,106.53,405.42340309
2022-03-04 01:11:00,106.02,106.34,106.24,106.23,401.93669352
2022-03-04 01:10:00,105.99,106.83,106.08,106.24,1939.52381025
2022-03-04 01:09:00,105.74,106.99,106.87,106.01,1676.45165764
2022-03-04 01:08:00,106.77,107.52,107.5,106.84,1504.50489472
2022-03-04 01:07:00,107.38,107.86,107.86,107.51,552.50551993
2022-03-04 01:06:00,107.86,108.21,108.16,107.86,310.76561553
2022-03-04 01:05:00,108.12,108.39,108.2,108.19,616.17217645
2022-03-04 01:04:00,107.97,108.32,107.97,108.16,261.43223294
2022-03-04 01:03:00,107.68,108.01,108.0,107.97,315.67170665
2022-03-04 01:02:00,107.63,108.02,107.68,107.94,164.40278268
2022-03-04 01:01:00,107.5,107.78,107.67,107.63,378.25808659
2022-03-04 01:00:00,107.64,108.03,108.03,107.67,1294.06995598
2022-03-04 00:59:00,107.57,108.02,107.85,108.01,237.74661713
2022-03-04 00:58:00,107.87,108.06,107.88,107.87,510.53922109
2022-03-04 00:57:00,107.75,108.09,108.08,107.85,286.36908676
2022-03-04 00:56:00,107.97,108.45,108.21,108.05,1281.25394742
2022-03-04 00:55:00,107.48,108.33,107.63,108.22,2692.72397614
2022-03-04 00:54:00,107.54,107.85,107.63,107.68,154.47923144
2022-03-04 00:53:00,107.34,107.99,107.63,107.65,216.55529232
2022-03-04 00:52:00,107.26,107.98,107.98,107.58,74.95367679
2022-03-04 00:51:00,107.45,108.02,107.85,107.93,530.04651992
2022-03-04 00:50:00,107.75,108.71,108.71,107.96,1377.41168451
2022-03-04 00:49:00,108.47,108.93,108.56,108.82,604.68003731
2022-03-04 00:48:00,108.44,109.03,109.03,108.44,278.33016577
2022-03-04 00:47:00,108.5,109.16,108.78,109.13,497.41098958
2022-03-04 00:46:00,108.58,109.79,109.74,108.75,858.44291831
2022-03-04 00:45:00,109.71,110.2,110.11,109.71,1897.67735344
2022-03-04 00:44:00,110.0,110.67,110.67,110.11,506.42667637
2022-03-04 00:43:00,110.61,111.04,110.95,110.69,463.44793933
2022-03-04 00:42:00,110.94,111.15,111.04,111.01,153.01256922
2022-03-04 00:41:00,111.07,111.25,111.11,111.16,116.49445874
2022-03-04 00:40:00,111.11,111.42,111.4,111.11,319.03756716
2022-03-04 00:39:00,111.25,111.57,111.53,111.35,319.58816662
2022-03-04 00:38:00,111.5,111.93,111.83,111.58,387.53131485
2022-03-04 00:37:00,111.4,112.21,112.21,111.86,3190.6796764
2022-03-04 00:36:00,112.18,112.48,112.4,112.2,132.41631153
2022-03-04 00:35:00,112.4,112.69,112.56,112.46,298.96530952
2022-03-04 00:34:00,112.46,112.71,112.51,112.53,175.32625415
2022-03-04 00:33:00,112.4,112.58,112.4,112.52,184.62458648
2022-03-04 00:32:00,111.88,112.43,112.04,112.35,674.18431224
2022-03-04 00:31:00,111.86,112.19,112.19,112.01,158.30599905
2022-03-04 00:30:00,111.9,112.3,111.9,112.24,87.78685256
2022-03-04 00:29:00,111.89,112.14,112.09,111.98,95.74724771
2022-03-04 00:28:00,111.77,112.16,111.82,111.98,606.91068105
2022-03-04 00:27:00,111.63,111.8,111.71,111.8,43.72008952
2022-03-04 00:26:00,111.65,111.76,111.65,111.72,11.57208219
2022-03-04 00:25:00,111.48,111.73,111.49,111.66,29.39974763
2022-03-04 00:24:00,111.45,111.55,111.5,111.5,59.0288576
2022-03-04 00:23:00,111.46,111.76,111.75,111.49,93.58497239
2022-03-04 00:22:00,111.65,111.85,111.74,111.72,258.52836928
2022-03-04 00:21:00,111.5,111.76,111.53,111.76,32.54572841
2022-03-04 00:20:00,111.5,111.75,111.64,111.54,57.18119145
2022-03-04 00:19:00,111.61,111.77,111.77,111.66,44.58809778
2022-03-04 00:18:00,111.48,111.77,111.51,111.74,73.31751704
2022-03-04 00:17:00,111.43,111.58,111.51,111.43,107.46247749
2022-03-04 00:16:00,111.51,111.83,111.75,111.52,49.02507897
2022-03-04 00:15:00,111.57,111.92,111.85,111.71,101.42976217
2022-03-04 00:14:00,111.69,111.89,111.71,111.89,58.02915524
2022-03-04 00:13:00,111.67,111.97,111.92,111.7,261.43938262
2022-03-04 00:12:00,111.81,111.97,111.88,111.9,144.73164
2022-03-04 00:11:00,111.67,111.87,111.67,111.85,190.6986355
2022-03-04 00:10:00,111.5,111.66,111.55,111.65,241.638246
2022-03-04 00:09:00,111.51,112.02,112.01,111.53,184.43301365
2022-03-04 00:08:00,111.95,112.31,112.31,112.0,120.42000037
2022-03-04 00:07:00,111.98,112.37,112.02,112.3,270.49166527
2022-03-04 00:06:00,111.94,112.13,112.13,112.0,258.2529432
2022-03-04 00:05:00,112.15,112.51,112.5,112.2,147.44141676
2022-03-04 00:04:00,112.44,112.59,112.49,112.51,78.80493158
2022-03-04 00:03:00,111.99,112.53,112.01,112.47,994.93363008
2022-03-04 00:02:00,111.91,112.09,111.93,112.09,523.97200051
2022-03-04 00:01:00,111.63,111.93,111.68,111.93,99.95163475
2022-03-04 00:00:00,111.51,111.77,111.76,111.55,1049.74564392
2022-03-03 23:59:00,111.69,111.93,111.71,111.69,196.48774639
2022-03-03 23:58:00,111.32,111.66,111.35,111.66,40.62228396
2022-03-03 23:57:00,111.19,111.36,111.36,111.35,81.68015406
2022-03-03 23:56:00,111.32,111.41,111.38,111.38,90.39974846
2022-03-03 23:55:00,111.31,111.42,111.37,111.36,34.67306448
2022-03-03 23:54:00,111.34,111.44,111.39,111.37,42.07155196
2022-03-03 23:53:00,111.24,111.46,111.24,111.41,792.92026991
2022-03-03 23:52:00,111.17,111.29,111.26,111.24,138.89410607
2022-03-03 23:51:00,111.3,111.44,111.33,111.35,81.58958511
2022-03-03 23:50:00,111.27,111.39,111.33,111.35,15.23501884
2022-03-03 23:49:00,111.26,111.33,111.29,111.3,39.53193677
2022-03-03 23:48:00,111.26,111.43,111.36,111.28,121.65818513
2022-03-03 23:47:00,111.33,111.53,111.51,111.38,358.80535467
2022-03-03 23:46:00,111.53,111.68,111.59,111.58,560.01565378
2022-03-03 23:45:00,111.5,111.68,111.68,111.6,54.04399495
2022-03-03 23:44:00,111.65,111.7,111.7,111.67,10.83239563
2022-03-03 23:43:00,111.57,111.76,111.72,111.7,108.39077482
2022-03-03 23:42:00,111.43,111.86,111.49,111.71,902.54349435
2022-03-03 23:41:00,111.31,111.49,111.38,111.49,56.33063148
2022-03-03 23:40:00,111.18,111.33,111.25,111.33,215.12022272
2022-03-03 23:39:00,111.22,111.29,111.24,111.22,30.13118479
2022-03-03 23:38:00,111.04,111.2,111.07,111.16,603.89626177
2022-03-03 23:37:00,110.91,111.09,110.94,111.08,18.50601346
2022-03-03 23:36:00,110.96,111.02,111.02,110.96,7.04200084
2022-03-03 23:35:00,110.89,111.04,110.93,111.04,86.57363482
2022-03-03 23:34:00,110.89,111.03,111.0,110.91,42.93347701
2022-03-03 23:33:00,110.95,111.04,110.98,110.99,21.13969752
2022-03-03 23:32:00,110.9,111.04,111.01,111.03,21.33870942
2022-03-03 23:31:00,110.95,111.07,111.07,111.01,83.69919822
2022-03-03 23:30:00,111.01,111.24,111.09,111.01,10.69713448
2022-03-03 23:29:00,111.02,111.15,111.07,111.15,99.10383306
2022-03-03 23:28:00,111.04,111.1,111.07,111.1,18.80295025
2022-03-03 23:27:00,111.03,111.13,111.12,111.1,23.48112726
2022-03-03 23:26:00,111.06,111.2,111.2,111.12,118.76555661
2022-03-03 23:25:00,111.1,111.25,111.13,111.2,118.42074633
2022-03-03 23:24:00,111.17,111.26,111.26,111.17,38.53610421
2022-03-03 23:23:00,111.18,111.27,111.24,111.2,20.93330372
2022-03-03 23:22:00,111.21,111.33,111.25,111.26,159.77765985
2022-03-03 23:21:00,111.1,111.26,111.14,111.26,74.23124495
2022-03-03 23:20:00,111.13,111.25,111.19,111.13,103.16369789
2022-03-03 23:19:00,111.02,111.18,111.05,111.18,321.4302833
2022-03-03 23:18:00,111.02,111.09,111.02,111.08,89.34164406
2022-03-03 23:17:00,110.9,111.04,111.04,111.02,93.26149928
2022-03-03 23:16:00,110.96,111.06,111.02,111.02,124.53402713
2022-03-03 23:15:00,110.97,111.08,110.97,111.05,51.94674287
2022-03-03 23:14:00,110.94,111.05,111.0,110.97,49.84023225
2022-03-03 23:13:00,110.85,111.02,110.86,111.01,143.32159517
2022-03-03 23:12:00,110.77,110.9,110.8,110.86,92.97159964
2022-03-03 23:11:00,110.75,110.86,110.81,110.8,23.383189
2022-03-03 23:10:00,110.66,110.82,110.73,110.77,105.12197027
2022-03-03 23:09:00,110.72,110.91,110.9,110.72,93.39498831
2022-03-03 23:08:00,110.82,111.03,110.95,110.88,162.28212553
2022-03-03 23:07:00,110.92,111.02,111.02,110.96,12.21758677
2022-03-03 23:06:00,110.85,110.99,110.89,110.99,89.95125654
2022-03-03 23:05:00,110.84,110.91,110.85,110.91,9.58590201
2022-03-03 23:04:00,110.75,110.9,110.83,110.85,117.94912271
2022-03-03 23:03:00,110.8,110.88,110.81,110.84,68.3104931
2022-03-03 23:02:00,110.76,110.89,110.89,110.85,137.16490118
2022-03-03 23:01:00,110.76,111.08,111.07,110.91,282.13976584
2022-03-03 23:00:00,110.95,111.08,110.95,111.06,102.32229348
2022-03-03 22:59:00,110.95,111.05,111.03,110.95,261.22209817
2022-03-03 22:58:00,110.97,111.03,110.99,111.03,1111.93050184
2022-03-03 22:57:00,110.91,110.99,110.96,110.99,30.88040306
2022-03-03 22:56:00,110.86,110.95,110.91,110.93,66.46440293
2022-03-03 22:55:00,110.87,111.06,111.03,110.91,251.104601
2022-03-03 22:54:00,111.01,111.06,111.05,111.06,23.68489362
2022-03-03 22:53:00,111.01,111.06,111.04,111.06,26.21366782
2022-03-03 22:52:00,111.01,111.11,111.03,111.03,79.27406942
2022-03-03 22:51:00,110.99,111.11,111.09,111.0,76.40033469
2022-03-03 22:50:00,111.03,111.17,111.16,111.09,94.35606009
2022-03-03 22:49:00,111.1,111.2,111.16,111.17,41.03270341
2022-03-03 22:48:00,111.17,111.23,111.19,111.19,48.14099811
2022-03-03 22:47:00,111.22,111.5,111.46,111.22,72.37771856
2022-03-03 22:46:00,111.42,111.51,111.51,111.47,162.54504398
2022-03-03 22:45:00,111.45,111.59,111.51,111.47,62.32180704
2022-03-03 22:44:00,111.45,111.62,111.51,111.61,977.11324655
2022-03-03 22:43:00,111.53,111.69,111.61,111.54,83.71393599
2022-03-03 22:42:00,111.55,111.63,111.56,111.63,56.49702523
2022-03-03 22:41:00,111.46,111.57,111.46,111.56,144.72057292
2022-03-03 22:40:00,111.37,111.48,111.47,111.47,311.63684665
2022-03-03 22:39:00,111.35,111.49,111.37,111.48,15.84274339
2022-03-03 22:38:00,111.29,111.37,111.33,111.37,34.93148863
2022-03-03 22:37:00,111.2,111.29,111.24,111.29,15.99106378
2022-03-03 22:36:00,111.19,111.29,111.29,111.24,41.28729626
2022-03-03 22:35:00,111.19,111.4,111.4,111.28,88.26977171
2022-03-03 22:34:00,111.4,111.57,111.46,111.4,64.4494189
2022-03-03 22:33:00,111.38,111.46,111.39,111.45,7.48111127
2022-03-03 22:32:00,111.35,111.42,111.41,111.38,41.30907287
2022-03-03 22:31:00,111.39,111.49,111.43,111.42,11.24069859
2022-03-03 22:30:00,111.4,111.52,111.49,111.46,35.70501691
2022-03-03 22:29:00,111.44,111.52,111.44,111.5,125.19743726
2022-03-03 22:28:00,111.28,111.45,111.36,111.45,187.56895274
2022-03-03 22:27:00,111.11,111.35,111.14,111.32,124.21646373
2022-03-03 22:26:00,111.07,111.16,111.1,111.15,60.78876652
2022-03-03 22:25:00,110.93,111.12,111.0,111.12,68.07104663
2022-03-03 22:24:00,110.92,111.06,110.92,110.97,36.70704794
2022-03-03 22:23:00,110.91,111.13,111.13,110.91,69.05946505
2022-03-03 22:22:00,110.83,111.16,110.83,111.11,325.42858686
2022-03-03 22:21:00,110.71,110.83,110.77,110.83,106.19787224
2022-03-03 22:20:00,110.78,110.9,110.89,110.78,48.94148713
2022-03-03 22:19:00,110.68,110.93,110.73,110.89,139.96624063
2022-03-03 22:18:00,110.64,110.71,110.66,110.71,61.274882
2022-03-03 22:17:00,110.63,110.74,110.73,110.66,28.90696646
2022-03-04 08:17:00,107.32,107.46,107.42,107.46,96.74176192
2022-03-04 08:16:00,107.3,107.42,107.4,107.41,54.83197638
2022-03-04 08:15:00,107.29,107.42,107.42,107.39,178.52955109
2022-03-04 08:14:00,107.42,107.52,107.51,107.46,39.53177853
2022-03-04 08:13:00,107.4,107.5,107.5,107.49,57.53272022
2022-03-04 08:12:00,107.4,107.56,107.5,107.56,18.70990356
2022-03-04 08:11:00,107.41,107.51,107.47,107.51,46.9803737
2022-03-04 08:10:00,107.34,107.56,107.34,107.42,200.74197762
2022-03-04 08:09:00,107.1,107.37,107.11,107.37,9.35219981
2022-03-04 08:08:00,107.09,107.3,107.17,107.12,123.92856012
2022-03-04 08:07:00,106.96,107.16,106.96,107.16,153.76159409
2022-03-04 08:06:00,106.97,107.15,107.01,106.99,197.90745584
2022-03-04 08:05:00,106.82,107.0,106.86,106.99,162.76591445
2022-03-04 08:04:00,106.84,107.1,107.07,106.84,46.89151914
2022-03-04 08:03:00,106.96,107.15,107.15,107.06,292.31577579
2022-03-04 08:02:00,106.98,107.25,107.25,107.15,426.79287636
2022-03-04 08:01:00,107.18,107.28,107.21,107.27,70.24315189
2022-03-04 08:00:00,107.17,107.29,107.2,107.2,69.07564298
2022-03-04 07:59:00,107.14,107.22,107.14,107.2,99.66479003
2022-03-04 07:58:00,107.12,107.2,107.2,107.15,137.14142023
2022-03-04 07:57:00,107.07,107.24,107.14,107.21,99.68813988
2022-03-04 07:56:00,107.05,107.13,107.08,107.13,38.71212027
2022-03-04 07:55:00,107.02,107.09,107.02,107.09,66.72088255
2022-03-04 07:54:00,107.04,107.11,107.06,107.06,17.16454998
2022-03-04 07:53:00,106.96,107.08,106.99,107.08,11.12936673
2022-03-04 07:52:00,106.94,106.99,106.95,106.95,13.6869986
2022-03-04 07:51:00,106.92,106.98,106.92,106.93,5.54781098
2022-03-04 07:50:00,106.87,106.97,106.92,106.91,54.26812319
2022-03-04 07:49:00,106.76,106.96,106.76,106.95,49.37519333
2022-03-04 07:48:00,106.86,106.94,106.93,106.86,65.69621377
2022-03-04 07:47:00,106.91,107.0,106.99,106.91,14.5519101
2022-03-04 07:46:00,106.92,107.07,107.07,106.92,31.58983999
2022-03-04 07:45:00,106.93,107.07,106.97,107.07,1.48850069
2022-03-04 07:44:00,106.83,106.96,106.84,106.96,38.67833927
2022-03-04 07:43:00,106.79,106.9,106.85,106.87,60.1231649
2022-03-04 07:42:00,106.84,106.89,106.88,106.89,38.5855536
2022-03-04 07:41:00,106.82,106.9,106.82,106.9,17.36606501
2022-03-04 07:40:00,106.81,106.92,106.9,106.81,56.12267728
2022-03-04 07:39:00,106.86,106.91,106.88,106.89,8.71297659
2022-03-04 07:38:00,106.85,106.91,106.85,106.88,9.86434112
2022-03-04 07:37:00,106.78,106.9,106.9,106.79,87.00264273
2022-03-04 07:36:00,106.86,106.9,106.88,106.9,42.35599801
2022-03-04 07:35:00,106.83,106.89,106.83,106.89,34.69123771
2022-03-04 07:34:00,106.82,106.88,106.86,106.83,44.27179373
2022-03-04 07:33:00,106.8,106.88,106.88,106.85,26.58067648
2022-03-04 07:32:00,106.75,106.92,106.75,106.86,16.55580171
2022-03-04 07:31:00,106.76,106.86,106.81,106.76,34.82297322
2022-03-04 07:30:00,106.8,106.94,106.86,106.81,20.72157737
2022-03-04 07:29:00,106.8,106.89,106.87,106.83,35.11006664
2022-03-04 07:28:00,106.79,106.88,106.79,106.88,38.32021164
2022-03-04 07:27:00,106.76,106.91,106.89,106.76,7.73248769
2022-03-04 07:26:00,106.83,106.94,106.83,106.86,73.38460748
2022-03-04 07:25:00,106.67,106.92,106.7,106.83,230.63307811
2022-03-04 07:24:00,106.75,106.85,106.79,106.76,33.27955856
2022-03-04 07:23:00,106.69,106.85,106.74,106.85,50.13599634
2022-03-04 07:22:00,106.62,106.76,106.67,106.76,30.09263848
2022-03-04 07:21:00,106.63,106.7,106.64,106.67,27.1251437
2022-03-04 07:20:00,106.59,106.75,106.66,106.59,23.62444669
2022-03-04 07:19:00,106.52,106.86,106.86,106.71,1091.41822551
2022-03-04 07:18:00,106.87,107.0,106.99,106.87,101.76456728
2022-03-04 07:17:00,107.03,107.11,107.09,107.09,45.24206177
2022-03-04 07:16:00,107.08,107.18,107.1,107.09,7.93767116
2022-03-04 07:15:00,106.95,107.17,106.95,107.1,31.88401255
2022-03-04 07:14:00,106.88,107.01,106.96,107.0,45.28896254
2022-03-04 07:13:00,106.75,106.96,106.75,106.96,7.00685629
2022-03-04 07:12:00,106.81,106.92,106.86,106.81,29.94503763
2022-03-04 07:11:00,106.87,107.21,107.21,106.9,283.05148046
2022-03-04 07:10:00,107.24,107.34,107.33,107.29,35.95932447
2022-03-04 07:09:00,107.26,107.36,107.28,107.36,101.35306698
2022-03-04 07:08:00,107.07,107.34,107.11,107.27,291.80744921
2022-03-04 07:07:00,107.11,107.14,107.13,107.12,42.41508541
2022-03-04 07:06:00,107.11,107.16,107.12,107.16,90.07291693
2022-03-04 07:05:00,107.04,107.12,107.07,107.12,51.09501189
2022-03-04 07:04:00,107.02,107.09,107.09,107.07,18.51742889
2022-03-04 07:03:00,107.07,107.14,107.11,107.07,37.66627102
2022-03-04 07:02:00,107.04,107.14,107.12,107.04,70.61129745
2022-03-04 07:01:00,107.04,107.19,107.19,107.1,32.12669098
2022-03-04 07:00:00,107.17,107.27,107.23,107.19,4.29126444
2022-03-04 06:59:00,107.14,107.22,107.14,107.22,8.0824168
2022-03-04 06:58:00,107.1,107.15,107.12,107.15,24.5786095
2022-03-04 06:57:00,107.09,107.15,107.09,107.13,240.97224168
2022-03-04 06:56:00,107.04,107.12,107.12,107.05,48.80542206
2022-03-04 06:55:00,107.04,107.11,107.05,107.11,16.25137292
2022-03-04 06:54:00,106.99,107.16,107.14,107.11,32.33434452
2022-03-04 06:53:00,107.13,107.17,107.16,107.14,7.65921767
2022-03-04 06:52:00,107.03,107.12,107.03,107.11,2.27364152
2022-03-04 06:51:00,107.01,107.1,107.01,107.1,8.15491503
2022-03-04 06:50:00,106.94,107.04,106.99,107.01,12.88779136
2022-03-04 06:49:00,106.92,107.07,107.02,107.05,72.6501712
2022-03-04 06:48:00,106.93,107.01,107.0,106.98,12.0182828
2022-03-04 06:47:00,106.85,106.96,106.85,106.96,13.89181962
2022-03-04 06:46:00,106.8,107.06,107.05,106.8,72.87442806
2022-03-04 06:45:00,107.0,107.09,107.04,107.05,30.20392615
2022-03-04 06:44:00,107.0,107.06,107.0,107.06,17.02431332
2022-03-04 06:43:00,106.94,107.05,106.95,107.01,6.55215172
2022-03-04 06:42:00,106.97,107.07,107.05,107.02,14.0752838
2022-03-04 06:41:00,107.0,107.09,107.02,107.06,6.97560503
2022-03-04 06:40:00,106.99,107.1,107.08,107.04,108.46004742
2022-03-04 06:39:00,107.04,107.14,107.12,107.08,4.2072633
2022-03-04 06:38:00,107.0,107.13,107.0,107.13,22.91744879
2022-03-04 06:37:00,106.95,107.0,106.98,106.96,11.33250063
2022-03-04 06:36:00,106.92,107.05,106.93,106.95,63.55519231
2022-03-04 06:35:00,106.95,107.13,107.11,106.98,12.8743876
2022-03-04 06:34:00,107.03,107.19,107.13,107.11,178.10241644
2022-03-04 06:33:00,107.13,107.19,107.17,107.13,11.13706547
2022-03-04 06:32:00,107.16,107.23,107.16,107.17,112.54575824
2022-03-04 06:31:00,107.17,107.26,107.25,107.17,12.17377694
2022-03-04 06:30:00,107.16,107.26,107.17,107.18,25.9983846
2022-03-04 06:29:00,107.11,107.17,107.12,107.17,5.98773298
2022-03-04 06:28:00,107.12,107.17,107.16,107.14,23.1542537
2022-03-04 06:27:00,107.05,107.17,107.14,107.17,86.94694849
2022-03-04 06:26:00,107.11,107.17,107.12,107.14,34.7308543
2022-03-04 06:25:00,107.04,107.19,107.18,107.18,259.60863205
2022-03-04 06:24:00,107.08,107.16,107.12,107.14,22.20798024
2022-03-04 06:23:00,107.06,107.16,107.1,107.16,38.46433894
2022-03-04 06:22:00,106.99,107.1,107.04,107.1,32.33096605
2022-03-04 06:21:00,107.03,107.16,107.1,107.07,166.75692344
2022-03-04 06:20:00,107.05,107.17,107.17,107.14,27.05457159
2022-03-04 06:19:00,107.15,107.3,107.15,107.18,62.16244099
2022-03-04 06:18:00,107.12,107.2,107.13,107.19,12.01303703
2022-03-04 06:17:00,107.11,107.24,107.14,107.18,138.35590367
2022-03-04 06:16:00,107.1,107.17,107.16,107.16,73.3835782
2022-03-04 06:15:00,107.14,107.3,107.29,107.14,19.91125962
2022-03-04 06:14:00,107.22,107.35,107.29,107.3,177.8357912
2022-03-04 06:13:00,107.27,107.36,107.36,107.32,30.03410494
2022-03-04 06:12:00,107.36,107.49,107.48,107.38,33.61533441
2022-03-04 06:11:00,107.42,107.49,107.42,107.44,86.55464987
2022-03-04 06:10:00,107.39,107.47,107.41,107.39,42.83989731
2022-03-04 06:09:00,107.3,107.42,107.35,107.4,20.4049951
2022-03-04 06:08:00,107.26,107.34,107.31,107.33,26.5354677
2022-03-04 06:07:00,107.26,107.35,107.26,107.33,13.28638211
2022-03-04 06:06:00,107.25,107.36,107.28,107.3,18.65730825
2022-03-04 06:05:00,107.09,107.3,107.09,107.26,37.70488397
2022-03-04 06:04:00,107.09,107.17,107.09,107.12,30.6255656
2022-03-04 06:03:00,107.03,107.16,107.16,107.03,27.22347323
2022-03-04 06:02:00,106.93,107.21,106.94,107.19,86.87729752
2022-03-04 06:01:00,106.89,106.97,106.93,106.95,40.28119089
2022-03-04 06:00:00,106.85,106.97,106.86,106.97,323.6001365
2022-03-04 05:59:00,106.79,106.88,106.88,106.88,4.29877101
2022-03-04 05:58:00,106.86,106.95,106.91,106.95,6.37326496
2022-03-04 05:57:00,106.82,106.95,106.95,106.89,11.2875189
2022-03-04 05:56:00,106.79,106.96,106.81,106.92,26.6985825
2022-03-04 05:55:00,106.81,106.93,106.9,106.83,131.33203621
2022-03-04 05:54:00,106.84,106.91,106.84,106.88,12.47102063
2022-03-04 05:53:00,106.77,106.88,106.8,106.82,35.80510207
2022-03-04 05:52:00,106.68,106.8,106.68,106.8,13.17319578
2022-03-04 05:51:00,106.63,106.76,106.7,106.67,55.23841855
2022-03-04 05:50:00,106.62,106.77,106.76,106.67,41.99804415
2022-03-04 05:49:00,106.75,106.78,106.75,106.75,235.71627673
2022-03-04 05:48:00,106.76,106.82,106.82,106.77,114.75582543
2022-03-04 05:47:00,106.81,106.99,106.96,106.83,28.15307439
2022-03-04 05:46:00,106.79,106.96,106.87,106.95,219.96694472
2022-03-04 05:45:00,106.79,106.89,106.81,106.89,13.18500747
2022-03-04 05:44:00,106.81,106.93,106.92,106.82,4.80165676
2022-03-04 05:43:00,106.82,106.93,106.87,106.82,10.76925856
2022-03-04 05:42:00,106.8,106.88,106.82,106.86,10.81563855
2022-03-04 05:41:00,106.7,106.83,106.7,106.82,153.80269122
2022-03-04 05:40:00,106.71,106.8,106.79,106.71,52.90105883
2022-03-04 05:39:00,106.79,106.9,106.88,106.81,20.71256331
2022-03-04 05:38:00,106.73,106.95,106.78,106.89,119.87922233
2022-03-04 05:37:00,106.82,106.95,106.89,106.82,90.04108578
2022-03-04 05:36:00,106.87,106.95,106.95,106.9,41.00131009
2022-03-04 05:35:00,106.88,106.96,106.89,106.96,41.50631281
2022-03-04 05:34:00,106.92,106.96,106.93,106.96,13.3133724
2022-03-04 05:33:00,106.87,106.96,106.89,106.94,11.79452076
2022-03-04 05:32:00,106.82,106.87,106.82,106.85,14.06011924
2022-03-04 05:31:00,106.7,106.77,106.7,106.77,4.87877796
2022-03-04 05:30:00,106.68,106.74,106.71,106.71,27.27177196
2022-03-04 05:29:00,106.67,106.76,106.67,106.7,93.97734831
2022-03-04 05:28:00,106.69,106.78,106.76,106.69,45.94368035
2022-03-04 05:27:00,106.72,106.78,106.73,106.74,95.65928745
2022-03-04 05:26:00,106.67,106.73,106.7,106.73,46.35528474
2022-03-04 05:25:00,106.63,106.77,106.72,106.7,73.60065186
2022-03-04 05:24:00,106.78,106.86,106.85,106.8,143.19729191
2022-03-04 05:23:00,106.77,106.85,106.83,106.81,178.78309026
2022-03-04 05:22:00,106.74,106.87,106.76,106.87,125.61658702
2022-03-04 05:21:00,106.73,106.9,106.9,106.76,99.8269303
2022-03-04 05:20:00,106.92,106.97,106.97,106.93,49.41585436
2022-03-04 05:19:00,106.9,106.97,106.93,106.95,100.91907519
2022-03-04 05:18:00,106.89,106.94,106.92,106.89,39.44255854
2022-03-04 05:17:00,106.85,106.93,106.86,106.93,50.71981721
2022-03-04 05:16:00,106.88,107.07,107.0,106.88,249.20397395
2022-03-04 05:15:00,106.78,107.05,106.81,107.0,907.9724604
2022-03-04 05:14:00,106.76,106.85,106.79,106.81,624.8366681
2022-03-04 05:13:00,106.76,106.82,106.76,106.78,59.20271759
2022-03-04 05:12:00,106.7,106.75,106.74,106.75,13.42842194
2022-03-04 05:11:00,106.69,106.79,106.78,106.73,94.28046112
2022-03-04 05:10:00,106.64,106.73,106.67,106.71,103.92987162
2022-03-04 05:09:00,106.62,106.77,106.68,106.68,88.5716727
2022-03-04 05:08:00,106.59,106.67,106.63,106.67,41.5118265
2022-03-04 05:07:00,106.55,106.63,106.6,106.63,1.32817848
2022-03-04 05:06:00,106.54,106.6,106.58,106.6,44.69137681
2022-03-04 05:05:00,106.54,106.65,106.62,106.59,49.08036007
2022-03-04 05:04:00,106.51,106.69,106.69,106.66,38.42368507
2022-03-04 05:03:00,106.67,106.78,106.7,106.69,32.55648879
2022-03-04 05:02:00,106.64,106.71,106.66,106.7,51.35321248
2022-03-04 05:01:00,106.62,106.7,106.7,106.68,23.90263528
2022-03-04 05:00:00,106.66,106.82,106.8,106.71,146.53850838
2022-03-04 04:59:00,106.77,106.86,106.84,106.82,37.18294909
2022-03-04 04:58:00,106.76,106.84,106.83,106.84,75.39546461
2022-03-04 04:57:00,106.8,106.88,106.83,106.8,73.16909864
2022-03-04 04:56:00,106.75,106.87,106.75,106.83,35.02884619
2022-03-04 04:55:00,106.73,106.82,106.79,106.77,132.42757145
2022-03-04 04:54:00,106.83,106.88,106.85,106.83,16.53856646
2022-03-04 04:53:00,106.79,106.87,106.8,106.84,68.74483216
2022-03-04 04:52:00,106.74,106.82,106.76,106.81,114.73361838
2022-03-04 04:51:00,106.71,106.78,106.74,106.74,66.24109319
2022-03-04 04:50:00,106.59,106.76,106.6,106.76,80.14381669
2022-03-04 04:49:00,106.58,106.71,106.58,106.63,140.45888377
2022-03-04 04:48:00,106.46,106.58,106.47,106.57,221.71976712
2022-03-04 04:47:00,106.45,106.56,106.55,106.46,186.63415973
2022-03-04 04:46:00,106.44,106.56,106.48,106.56,64.05649448
2022-03-04 04:45:00,106.41,106.55,106.44,106.48,171.57374562
2022-03-04 04:44:00,106.3,106.35,106.33,106.35,10.51960233
2022-03-04 04:43:00,106.28,106.36,106.35,106.32,33.2992363
2022-03-04 04:42:00,106.28,106.34,106.31,106.32,105.92621235
2022-03-04 04:41:00,106.27,106.38,106.34,106.32,76.43207207
2022-03-04 04:40:00,106.24,106.38,106.26,106.34,120.86128928
2022-03-04 04:39:00,106.1,106.26,106.12,106.26,55.92370199
2022-03-04 04:38:00,106.06,106.12,106.11,106.12,71.68991677
2022-03-04 04:37:00,106.06,106.28,106.27,106.06,142.38041834
2022-03-04 04:36:00,106.18,106.34,106.18,106.29,256.19141803
2022-03-04 04:35:00,106.07,106.25,106.07,106.19,105.31635402
2022-03-04 04:34:00,106.09,106.27,106.22,106.09,120.18443023
2022-03-04 04:33:00,106.16,106.29,106.19,106.22,43.9721707
2022-03-04 04:32:00,106.14,106.31,106.31,106.15,87.13077541
2022-03-04 04:31:00,106.26,106.32,106.3,106.28,75.06026695
2022-03-04 04:30:00,106.18,106.31,106.18,106.31,19.45474689
2022-03-04 04:29:00,106.14,106.23,106.23,106.18,152.47639511
2022-03-04 04:28:00,106.12,106.29,106.21,106.22,26.21611399
2022-03-04 04:27:00,106.17,106.65,106.65,106.19,792.65880591
2022-03-04 04:26:00,106.45,106.67,106.5,106.67,201.58765312
2022-03-04 04:25:00,106.45,106.62,106.53,106.51,340.66354724
2022-03-04 04:24:00,106.38,106.53,106.39,106.51,220.12436766
2022-03-04 04:23:00,106.25,106.4,106.37,106.37,1522.30230926
2022-03-04 04:22:00,106.33,106.49,106.41,106.34,122.43607231
2022-03-04 04:21:00,106.32,106.57,106.52,106.4,169.39272509
2022-03-04 04:20:00,106.45,106.58,106.51,106.53,169.20127939
2022-03-04 04:19:00,106.43,106.67,106.5,106.55,231.8357204
2022-03-04 04:18:00,106.44,106.84,106.84,106.48,743.32699677
2022-03-04 04:17:00,106.84,106.97,106.93,106.85,104.54138823
2022-03-04 04:16:00,106.93,107.14,107.13,106.94,149.01443315
2022-03-04 04:15:00,107.04,107.15,107.04,107.13,81.41398668
2022-03-04 04:14:00,106.95,107.15,107.0,107.06,668.18105732
2022-03-04 04:13:00,106.91,107.22,107.19,106.96,132.75296209
2022-03-04 04:12:00,107.17,107.26,107.26,107.22,277.18131946
2022-03-04 04:11:00,107.3,107.41,107.41,107.31,71.54033077
2022-03-04 04:10:00,107.27,107.42,107.36,107.38,77.7838577
2022-03-04 04:09:00,107.36,107.45,107.42,107.36,26.97681238
2022-03-04 04:08:00,107.35,107.45,107.44,107.44,106.76750404
2022-03-04 04:07:00,107.26,107.42,107.38,107.42,286.22994807
2022-03-04 04:06:00,107.31,107.39,107.36,107.35,63.85991915
2022-03-04 04:05:00,107.27,107.36,107.27,107.34,43.34507098
2022-03-04 04:04:00,107.27,107.37,107.33,107.32,39.43947988
2022-03-04 04:03:00,107.25,107.57,107.57,107.34,274.64545592
2022-03-04 04:02:00,107.49,107.55,107.52,107.55,72.89958095
2022-03-04 04:01:00,107.36,107.67,107.67,107.52,136.0081591
2022-03-04 04:00:00,107.49,107.65,107.59,107.65,116.42787874
2022-03-04 03:59:00,107.57,107.69,107.67,107.62,84.04287001
2022-03-04 03:58:00,107.63,107.73,107.66,107.67,68.95614956
2022-03-04 03:57:00,107.56,107.63,107.63,107.56,30.10430796
2022-03-04 03:56:00,107.56,107.74,107.58,107.56,154.76321157
2022-03-04 03:55:00,107.57,107.71,107.71,107.61,89.20541357
2022-03-04 03:54:00,107.66,107.75,107.66,107.71,67.48773595
2022-03-04 03:53:00,107.55,107.68,107.6,107.64,49.5739869
2022-03-04 03:52:00,107.54,107.78,107.76,107.55,67.4390203
2022-03-04 03:51:00,107.59,107.76,107.63,107.76,146.2071494
2022-03-04 03:50:00,107.56,107.71,107.7,107.65,83.5230123
2022-03-04 03:49:00,107.61,107.76,107.7,107.71,60.50029233
2022-03-04 03:48:00,107.59,107.72,107.61,107.67,47.54340626
2022-03-04 03:47:00,107.29,107.62,107.31,107.56,216.17658246
2022-03-04 03:46:00,107.18,107.3,107.25,107.3,60.90260532
2022-03-04 03:45:00,107.2,107.33,107.25,107.21,44.27443378
2022-03-04 03:44:00,107.23,107.33,107.25,107.28,42.83201792
2022-03-04 03:43:00,107.22,107.35,107.28,107.29,149.26098181
2022-03-04 03:42:00,107.18,107.34,107.34,107.27,36.37472181
2022-03-04 03:41:00,107.1,107.31,107.12,107.29,181.44235281
2022-03-04 03:40:00,107.03,107.29,107.29,107.14,295.74734845
2022-03-04 03:39:00,107.25,107.37,107.26,107.32,56.23988437
2022-03-04 03:38:00,107.17,107.29,107.25,107.23,45.9746268
2022-03-04 03:37:00,107.22,107.43,107.41,107.23,58.15515912
2022-03-04 03:36:00,107.23,107.37,107.25,107.32,80.95524396
2022-03-04 03:35:00,107.12,107.28,107.23,107.25,133.94310662
2022-03-04 03:34:00,107.14,107.27,107.19,107.19,55.46811065
2022-03-04 03:33:00,107.14,107.27,107.18,107.21,2.77281591
2022-03-04 03:32:00,107.11,107.25,107.25,107.19,160.29738134
2022-03-04 03:31:00,107.29,107.63,107.54,107.29,52.24469899
2022-03-04 03:30:00,107.48,107.65,107.6,107.52,110.44214071
2022-03-04 03:29:00,107.51,107.61,107.52,107.53,33.31770481
2022-03-04 03:28:00,107.48,107.58,107.49,107.48,52.60401073
2022-03-04 03:27:00,107.41,107.63,107.6,107.45,61.21938384
2022-03-04 03:26:00,107.5,107.74,107.74,107.54,61.19629906
2022-03-04 03:25:00,107.65,107.86,107.65,107.82,67.35129385
2022-03-04 03:24:00,107.4,107.67,107.45,107.62,135.19927416
2022-03-04 03:23:00,107.31,107.41,107.32,107.4,128.77184872
2022-03-04 03:22:00,107.17,107.33,107.2,107.33,151.88049946
2022-03-04 03:21:00,107.07,107.28,107.15,107.18,134.10456999
2022-03-04 03:20:00,106.77,107.14,106.95,107.14,105.0190422
2022-03-04 03:19:00,106.83,107.07,107.06,106.96,227.59336242
2022-03-04 03:18:00,107.07,107.19,107.19,107.07,160.55010404
2022-03-04 03:17:00,107.16,107.32,107.32,107.16,470.9845356
2022-03-04 13:17:00,106.81,107.05,107.02,106.84,334.74189287
2022-03-04 13:16:00,106.99,107.05,107.04,106.99,179.50351479
2022-03-04 13:15:00,106.86,107.12,106.86,107.07,269.89664535
2022-03-04 13:14:00,106.78,107.13,107.12,106.8,229.56494894
2022-03-04 13:13:00,107.05,107.2,107.2,107.11,186.73422015
2022-03-04 13:12:00,107.19,107.28,107.24,107.2,41.86918388
2022-03-04 13:11:00,107.07,107.24,107.21,107.24,215.84791749
2022-03-04 13:10:00,107.18,107.26,107.2,107.18,43.71510193
2022-03-04 13:09:00,107.2,107.26,107.23,107.25,25.59827292
2022-03-04 13:08:00,107.23,107.34,107.23,107.26,93.76910619
2022-03-04 13:07:00,107.2,107.32,107.23,107.21,154.04333938
2022-03-04 13:06:00,107.19,107.31,107.19,107.27,25.87745311
2022-03-04 13:05:00,107.09,107.3,107.16,107.2,142.89678995
2022-03-04 13:04:00,107.14,107.21,107.19,107.19,92.91727767
2022-03-04 13:03:00,107.17,107.26,107.21,107.19,179.9383443
2022-03-04 13:02:00,106.99,107.21,107.09,107.21,127.45161197
2022-03-04 13:01:00,107.06,107.33,107.26,107.07,121.54076566
2022-03-04 13:00:00,107.22,107.39,107.23,107.26,75.10005895
2022-03-04 12:59:00,107.01,107.32,107.05,107.27,127.54085223
2022-03-04 12:58:00,107.01,107.15,107.14,107.01,7.71829648
2022-03-04 12:57:00,107.05,107.18,107.07,107.12,102.97087956
2022-03-04 12:56:00,107.03,107.23,107.22,107.05,142.68495095
2022-03-04 12:55:00,107.27,107.48,107.41,107.27,176.41600658
2022-03-04 12:54:00,107.26,107.38,107.31,107.38,66.43682217
2022-03-04 12:53:00,107.28,107.38,107.34,107.28,28.23851089
2022-03-04 12:52:00,107.21,107.42,107.42,107.32,281.61339239
2022-03-04 12:51:00,107.26,107.42,107.33,107.38,148.81038985
2022-03-04 12:50:00,107.19,107.36,107.36,107.28,211.2613578
2022-03-04 12:49:00,107.3,107.4,107.31,107.36,23.67607607
2022-03-04 12:48:00,107.29,107.4,107.31,107.4,48.96654037
2022-03-04 12:47:00,107.36,107.48,107.48,107.42,74.97947031
2022-03-04 12:46:00,107.47,107.56,107.55,107.49,69.61149425
2022-03-04 12:45:00,107.42,107.53,107.42,107.52,32.4927215
2022-03-04 12:44:00,107.27,107.41,107.27,107.41,42.3908325
2022-03-04 12:43:00,107.26,107.48,107.38,107.26,93.24754793
2022-03-04 12:42:00,107.29,107.42,107.36,107.33,102.27953037
2022-03-04 12:41:00,107.27,107.41,107.4,107.37,69.87101628
2022-03-04 12:40:00,107.37,107.54,107.37,107.43,36.39181089
2022-03-04 12:39:00,107.22,107.42,107.25,107.42,79.55526361
2022-03-04 12:38:00,107.22,107.28,107.26,107.23,47.02283619
2022-03-04 12:37:00,107.19,107.32,107.3,107.25,162.71980939
2022-03-04 12:36:00,107.21,107.38,107.21,107.23,33.74971104
2022-03-04 12:35:00,107.03,107.28,107.03,107.2,53.6330245
2022-03-04 12:34:00,106.96,107.05,106.99,107.05,66.96436371
2022-03-04 12:33:00,106.71,106.95,106.71,106.95,86.69613902
2022-03-04 12:32:00,106.73,106.93,106.93,106.73,158.52311839
2022-03-04 12:31:00,106.85,107.01,106.93,106.91,105.43262604
2022-03-04 12:30:00,106.85,107.02,106.86,106.94,24.73954998
2022-03-04 12:29:00,106.8,106.99,106.99,106.83,18.02312731
2022-03-04 12:28:00,106.77,106.99,106.92,106.93,119.50775617
2022-03-04 12:27:00,106.73,106.88,106.83,106.88,162.15158906
2022-03-04 12:26:00,106.77,106.95,106.77,106.94,220.94223021
2022-03-04 12:25:00,106.75,107.14,107.14,106.75,258.2697221
2022-03-04 12:24:00,107.14,107.22,107.16,107.19,5.60911357
2022-03-04 12:23:00,107.08,107.17,107.1,107.17,63.54699687
2022-03-04 12:22:00,107.11,107.24,107.24,107.11,25.28404076
2022-03-04 12:21:00,107.24,107.37,107.36,107.24,93.90482167
2022-03-04 12:20:00,107.29,107.38,107.36,107.34,61.9002371
2022-03-04 12:19:00,107.27,107.41,107.29,107.38,84.68086239
2022-03-04 12:18:00,107.26,107.3,107.3,107.28,19.03083718
2022-03-04 12:17:00,107.2,107.32,107.2,107.26,37.35071232
2022-03-04 12:16:00,107.2,107.3,107.3,107.2,71.9224335
2022-03-04 12:15:00,107.22,107.33,107.28,107.3,64.22028445
2022-03-04 12:14:00,107.15,107.28,107.16,107.23,9.00144842
2022-03-04 12:13:00,107.06,107.22,107.08,107.17,40.69770255
2022-03-04 12:12:00,106.99,107.21,106.99,107.16,146.5401656
2022-03-04 12:11:00,107.06,107.19,107.15,107.11,85.87036681
2022-03-04 12:10:00,106.99,107.11,107.0,107.11,70.17525162
2022-03-04 12:09:00,107.04,107.31,107.24,107.04,179.25321675
2022-03-04 12:08:00,107.26,107.43,107.43,107.28,136.48399727
2022-03-04 12:07:00,107.41,107.54,107.51,107.41,93.69429728
2022-03-04 12:06:00,107.47,107.62,107.61,107.56,46.57677866
2022-03-04 12:05:00,107.59,107.7,107.6,107.64,37.15011889
2022-03-04 12:04:00,107.41,107.63,107.41,107.6,163.89724709
2022-03-04 12:03:00,107.35,107.46,107.45,107.46,107.48674765
2022-03-04 12:02:00,107.39,107.46,107.4,107.44,6.63590808
2022-03-04 12:01:00,107.39,107.53,107.53,107.47,125.83525134
2022-03-04 12:00:00,107.41,107.63,107.41,107.52,140.25954354
2022-03-04 11:59:00,107.37,107.45,107.39,107.44,63.36414837
2022-03-04 11:58:00,107.31,107.76,107.76,107.4,105.23904293
2022-03-04 11:57:00,107.71,107.8,107.76,107.76,54.80352295
2022-03-04 11:56:00,107.69,107.9,107.9,107.76,201.80426682
2022-03-04 11:55:00,107.79,108.03,108.0,107.95,119.28664454
2022-03-04 11:54:00,108.01,108.09,108.07,108.04,58.18506082
2022-03-04 11:53:00,107.88,108.07,107.88,108.07,1331.02189525
2022-03-04 11:52:00,107.78,107.88,107.8,107.88,61.06609398
2022-03-04 11:51:00,107.75,107.83,107.8,107.8,43.50869247
2022-03-04 11:50:00,107.72,107.75,107.73,107.75,23.27109797
2022-03-04 11:49:00,107.7,107.78,107.77,107.73,29.02450215
2022-03-04 11:48:00,107.59,107.76,107.59,107.75,22.86337457
2022-03-04 11:47:00,107.54,107.62,107.54,107.62,26.04042749
2022-03-04 11:46:00,107.49,107.56,107.53,107.56,72.73745553
2022-03-04 11:45:00,107.44,107.53,107.53,107.53,153.30871334
2022-03-04 11:44:00,107.52,107.73,107.73,107.6,137.98156621
2022-03-04 11:43:00,107.7,107.83,107.8,107.75,4.84349712
2022-03-04 11:42:00,107.74,107.79,107.75,107.77,50.77144415
2022-03-04 11:41:00,107.7,107.78,107.78,107.75,26.25817249
2022-03-04 11:40:00,107.68,107.75,107.69,107.75,24.71174648
2022-03-04 11:39:00,107.63,107.73,107.73,107.69,11.39407188
2022-03-04 11:38:00,107.69,107.77,107.77,107.69,14.39443718
2022-03-04 11:37:00,107.75,107.83,107.77,107.78,80.99632874
2022-03-04 11:36:00,107.77,107.85,107.83,107.8,56.77038098
2022-03-04 11:35:00,107.76,107.94,107.9,107.78,106.99146218
2022-03-04 11:34:00,107.81,107.88,107.88,107.84,22.60564695
2022-03-04 11:33:00,107.75,107.89,107.79,107.88,26.59990222
2022-03-04 11:32:00,107.63,107.8,107.7,107.8,32.51990518
2022-03-04 11:31:00,107.66,107.82,107.79,107.68,101.00194946
2022-03-04 11:30:00,107.73,107.81,107.77,107.77,13.20285871
2022-03-04 11:29:00,107.63,107.8,107.68,107.8,82.05593399
2022-03-04 11:28:00,107.64,107.68,107.67,107.65,5.45590419
2022-03-04 11:27:00,107.63,107.69,107.66,107.66,158.16768542
2022-03-04 11:26:00,107.62,107.68,107.62,107.66,22.62135238
2022-03-04 11:25:00,107.64,107.72,107.68,107.69,67.56338547
2022-03-04 11:24:00,107.69,107.72,107.69,107.72,1.3055344
2022-03-04 11:23:00,107.54,107.7,107.54,107.7,35.05320113
2022-03-04 11:22:00,107.45,107.6,107.53,107.48,104.29031074
2022-03-04 11:21:00,107.53,107.57,107.56,107.57,7.99978261
2022-03-04 11:20:00,107.56,107.69,107.62,107.56,118.85303214
2022-03-04 11:19:00,107.55,107.67,107.66,107.62,8.32198018
2022-03-04 11:18:00,107.54,107.71,107.54,107.63,7.02704185
2022-03-04 11:17:00,107.53,107.6,107.57,107.58,81.88520614
2022-03-04 11:16:00,107.54,107.58,107.56,107.57,27.91993292
2022-03-04 11:15:00,107.49,107.69,107.53,107.53,40.57148451
2022-03-04 11:14:00,107.46,107.54,107.52,107.51,32.09619476
2022-03-04 11:13:00,107.46,107.55,107.48,107.54,14.8212642
2022-03-04 11:12:00,107.49,107.56,107.52,107.49,89.32351415
2022-03-04 11:11:00,107.45,107.53,107.49,107.49,29.33585907
2022-03-04 11:10:00,107.43,107.54,107.47,107.54,24.60240531
2022-03-04 11:09:00,107.5,107.57,107.52,107.5,4.0207557
2022-03-04 11:08:00,107.48,107.62,107.62,107.48,65.39419486
2022-03-04 11:07:00,107.59,107.69,107.66,107.66,67.21297684
2022-03-04 11:06:00,107.67,107.7,107.69,107.67,38.97810648
2022-03-04 11:05:00,107.64,107.78,107.69,107.71,10.14187367
2022-03-04 11:04:00,107.52,107.75,107.52,107.69,54.70568666
2022-03-04 11:03:00,107.36,107.5,107.39,107.5,78.64311112
2022-03-04 11:02:00,107.34,107.58,107.58,107.34,67.84324004
2022-03-04 11:01:00,107.44,107.69,107.69,107.52,177.94465115
2022-03-04 11:00:00,107.54,107.66,107.54,107.66,45.67518659
2022-03-04 10:59:00,107.49,107.54,107.51,107.54,31.62139277
2022-03-04 10:58:00,107.5,107.53,107.5,107.5,71.77326355
2022-03-04 10:57:00,107.51,107.57,107.57,107.51,22.53041454
2022-03-04 10:56:00,107.52,107.57,107.57,107.54,2.02506618
2022-03-04 10:55:00,107.5,107.67,107.67,107.54,126.52945734
2022-03-04 10:54:00,107.65,107.79,107.76,107.65,20.10300808
2022-03-04 10:53:00,107.76,107.85,107.83,107.76,2.97013577
2022-03-04 10:52:00,107.72,107.84,107.8,107.84,53.62913241
2022-03-04 10:51:00,107.65,107.83,107.65,107.82,241.6347438
2022-03-04 10:50:00,107.64,107.73,107.72,107.66,25.29603729
2022-03-04 10:49:00,107.67,107.7,107.7,107.69,19.31701503
2022-03-04 10:48:00,107.69,107.8,107.79,107.69,39.77973457
2022-03-04 10:47:00,107.79,107.82,107.8,107.81,14.32441623
2022-03-04 10:46:00,107.77,107.8,107.77,107.8,5.19546542
2022-03-04 10:45:00,107.73,107.85,107.74,107.79,21.89197155
2022-03-04 10:44:00,107.71,107.87,107.85,107.78,8.78564156
2022-03-04 10:43:00,107.77,107.88,107.86,107.88,69.13143355
2022-03-04 10:42:00,107.82,107.98,107.84,107.85,42.99290232
2022-03-04 10:41:00,107.8,107.84,107.83,107.84,56.84229343
2022-03-04 10:40:00,107.8,107.9,107.84,107.86,21.79804982
2022-03-04 10:39:00,107.82,107.89,107.86,107.84,19.77037501
2022-03-04 10:38:00,107.82,107.91,107.89,107.85,36.1674146
2022-03-04 10:37:00,107.86,107.96,107.91,107.93,112.2742296
2022-03-04 10:36:00,107.81,107.93,107.81,107.93,166.94620931
2022-03-04 10:35:00,107.8,107.88,107.87,107.86,21.7256861
2022-03-04 10:34:00,107.78,107.89,107.89,107.87,121.78013486
2022-03-04 10:33:00,107.65,107.88,107.71,107.86,187.98854877
2022-03-04 10:32:00,107.63,107.71,107.7,107.71,76.68637213
2022-03-04 10:31:00,107.68,107.75,107.68,107.71,48.36373263
2022-03-04 10:30:00,107.57,107.67,107.63,107.67,50.57698212
2022-03-04 10:29:00,107.62,107.71,107.69,107.62,39.67986929
2022-03-04 10:28:00,107.64,107.75,107.64,107.71,45.26531587
2022-03-04 10:27:00,107.54,107.61,107.55,107.61,84.11205402
2022-03-04 10:26:00,107.4,107.55,107.44,107.52,36.40293413
2022-03-04 10:25:00,107.38,107.45,107.38,107.44,4.0828132
2022-03-04 10:24:00,107.38,107.42,107.38,107.42,0.5519306
2022-03-04 10:23:00,107.3,107.4,107.34,107.37,79.18274978
2022-03-04 10:22:00,107.41,107.63,107.58,107.41,279.11639682
2022-03-04 10:21:00,107.53,107.68,107.65,107.58,121.16471512
2022-03-04 10:20:00,107.58,107.66,107.58,107.66,74.22139892
2022-03-04 10:19:00,107.52,107.65,107.54,107.58,77.18190301
2022-03-04 10:18:00,107.56,107.68,107.68,107.6,87.01305521
2022-03-04 10:17:00,107.54,107.67,107.54,107.67,23.59578736
2022-03-04 10:16:00,107.42,107.58,107.47,107.58,26.55971651
2022-03-04 10:15:00,107.47,107.59,107.55,107.47,51.52835738
2022-03-04 10:14:00,107.54,107.6,107.54,107.6,14.93675847
2022-03-04 10:13:00,107.51,107.6,107.51,107.6,26.75220351
2022-03-04 10:12:00,107.46,107.58,107.5,107.51,418.49960893
2022-03-04 10:11:00,107.42,107.56,107.43,107.54,57.60852678
2022-03-04 10:10:00,107.2,107.43,107.33,107.43,20.80510755
2022-03-04 10:09:00,107.25,107.34,107.32,107.26,52.33422564
2022-03-04 10:08:00,107.31,107.39,107.34,107.32,27.53840703
2022-03-04 10:07:00,107.23,107.38,107.23,107.3,98.03871997
2022-03-04 10:06:00,107.18,107.27,107.19,107.25,71.62780566
2022-03-04 10:05:00,107.14,107.24,107.24,107.19,117.24938832
2022-03-04 10:04:00,107.18,107.24,107.21,107.24,53.39122176
2022-03-04 10:03:00,107.06,107.2,107.08,107.2,19.02073771
2022-03-04 10:02:00,106.92,107.07,107.04,107.04,42.38422522
2022-03-04 10:01:00,106.97,107.08,107.08,107.02,38.21605896
2022-03-04 10:00:00,107.09,107.13,107.1,107.09,5.39756406
2022-03-04 09:59:00,107.0,107.18,107.04,107.09,110.93858172
2022-03-04 09:58:00,106.93,107.08,107.06,107.03,115.49057054
2022-03-04 09:57:00,106.92,107.09,107.01,107.06,147.43979428
2022-03-04 09:56:00,106.97,107.09,107.08,107.05,53.09863902
2022-03-04 09:55:00,107.05,107.1,107.06,107.07,12.73644417
2022-03-04 09:54:00,107.06,107.2,107.13,107.06,85.54197119
2022-03-04 09:53:00,107.15,107.24,107.18,107.18,46.43439009
2022-03-04 09:52:00,107.03,107.18,107.06,107.18,30.9853871
2022-03-04 09:51:00,106.89,107.06,106.97,107.06,103.03773699
2022-03-04 09:50:00,106.99,107.08,107.03,107.01,27.26227998
2022-03-04 09:49:00,107.0,107.07,107.01,107.03,27.32058445
2022-03-04 09:48:00,107.02,107.16,107.16,107.03,28.45696096
2022-03-04 09:47:00,107.14,107.18,107.17,107.18,21.23410343
2022-03-04 09:46:00,107.17,107.29,107.29,107.18,35.86115078
2022-03-04 09:45:00,107.17,107.3,107.19,107.28,31.84789463
2022-03-04 09:44:00,107.14,107.26,107.22,107.19,48.95599811
2022-03-04 09:43:00,107.19,107.22,107.21,107.22,18.89584756
2022-03-04 09:42:00,107.18,107.23,107.21,107.18,18.16426187
2022-03-04 09:41:00,107.12,107.18,107.17,107.18,335.19901974
2022-03-04 09:40:00,106.99,107.17,107.13,107.15,83.71598156
2022-03-04 09:39:00,107.15,107.27,107.2,107.15,61.05355137
2022-03-04 09:38:00,107.17,107.27,107.22,107.21,24.31828276
2022-03-04 09:37:00,107.22,107.34,107.33,107.26,65.52323512
2022-03-04 09:36:00,107.09,107.23,107.09,107.23,222.54257292
2022-03-04 09:35:00,107.04,107.14,107.08,107.09,31.11963379
2022-03-04 09:34:00,107.09,107.21,107.17,107.09,0.69762165
2022-03-04 09:33:00,107.11,107.21,107.21,107.21,74.39968407
2022-03-04 09:32:00,107.07,107.23,107.2,107.19,73.2174329
2022-03-04 09:31:00,107.16,107.25,107.18,107.2,84.63812856
2022-03-04 09:30:00,107.14,107.25,107.16,107.25,16.31327836
2022-03-04 09:29:00,107.09,107.22,107.11,107.12,92.79196735
2022-03-04 09:28:00,107.07,107.18,107.17,107.12,260.29798723
2022-03-04 09:27:00,107.09,107.2,107.18,107.14,48.69052174
2022-03-04 09:26:00,107.12,107.2,107.19,107.14,5.15784376
2022-03-04 09:25:00,107.04,107.28,107.1,107.05,414.3343507
2022-03-04 09:24:00,107.09,107.18,107.09,107.09,64.36125679
2022-03-04 09:23:00,106.93,107.12,106.93,107.12,1.78606279
2022-03-04 09:22:00,106.94,107.02,106.97,106.98,27.25907784
2022-03-04 09:21:00,106.96,107.07,107.01,106.99,147.53618266
2022-03-04 09:20:00,106.79,107.0,106.79,106.92,27.54480407
2022-03-04 09:19:00,106.68,106.84,106.68,106.8,177.79583821
2022-03-04 09:18:00,106.57,106.74,106.64,106.65,83.07149407
2022-03-04 09:17:00,106.57,106.82,106.82,106.63,133.11272315
2022-03-04 09:16:00,106.73,106.98,106.98,106.81,278.98617954
2022-03-04 09:15:00,106.94,107.11,107.05,106.94,70.69369362
2022-03-04 09:14:00,107.04,107.14,107.1,107.05,8.55406155
2022-03-04 09:13:00,107.08,107.15,107.09,107.12,52.42783427
2022-03-04 09:12:00,107.03,107.21,107.1,107.09,107.19164087
2022-03-04 09:11:00,107.09,107.25,107.21,107.09,32.57758883
2022-03-04 09:10:00,107.15,107.32,107.3,107.17,104.81047433
2022-03-04 09:09:00,107.26,107.36,107.32,107.3,152.14597689
2022-03-04 09:08:00,107.36,107.4,107.38,107.37,46.7788928
2022-03-04 09:07:00,107.35,107.46,107.44,107.37,18.86062807
2022-03-04 09:06:00,107.37,107.5,107.47,107.46,98.81688464
2022-03-04 09:05:00,107.38,107.54,107.41,107.44,64.37463375
2022-03-04 09:04:00,107.31,107.49,107.35,107.44,86.17723084
2022-03-04 09:03:00,107.27,107.55,107.54,107.31,389.33681505
2022-03-04 09:02:00,107.28,107.51,107.41,107.5,309.72288018
2022-03-04 09:01:00,107.36,107.5,107.42,107.37,171.2847356
2022-03-04 09:00:00,107.14,107.47,107.28,107.43,157.26029102
2022-03-04 08:59:00,107.09,107.31,107.14,107.3,301.23148572
2022-03-04 08:58:00,107.04,107.16,107.11,107.16,31.17338461
2022-03-04 08:57:00,107.01,107.17,107.17,107.1,114.01115248
2022-03-04 08:56:00,107.12,107.17,107.12,107.13,226.9281059
2022-03-04 08:55:00,107.02,107.18,107.02,107.16,126.68627744
2022-03-04 08:54:00,106.88,107.05,106.89,107.01,135.46029359
2022-03-04 08:53:00,106.82,107.03,106.82,106.89,116.43486416
2022-03-04 08:52:00,106.77,106.87,106.82,106.78,65.69165915
2022-03-04 08:51:00,106.76,106.85,106.85,106.78,124.49427329
2022-03-04 08:50:00,106.81,106.88,106.83,106.85,383.5672266
2022-03-04 08:49:00,106.83,106.99,106.89,106.9,119.82904234
2022-03-04 08:48:00,106.59,106.81,106.69,106.81,190.74600895
2022-03-04 08:47:00,106.77,107.0,106.77,106.77,131.75525208
2022-03-04 08:46:00,106.79,107.08,107.03,106.79,58.81974771
2022-03-04 08:45:00,106.76,107.04,106.76,107.04,88.03691523
2022-03-04 08:44:00,106.51,106.7,106.65,106.67,70.32296081
2022-03-04 08:43:00,106.55,106.74,106.58,106.62,16.75794385
2022-03-04 08:42:00,106.63,106.73,106.7,106.63,198.76068917
2022-03-04 08:41:00,106.33,106.75,106.41,106.75,125.46842415
2022-03-04 08:40:00,106.36,106.98,106.75,106.36,144.38232453
2022-03-04 08:39:00,106.61,106.93,106.61,106.69,117.56516429
2022-03-04 08:38:00,106.09,106.79,106.12,106.59,80.5318573
2022-03-04 08:37:00,105.71,106.12,105.71,106.12,98.42115365
2022-03-04 08:36:00,105.51,105.82,105.51,105.71,228.03883561
2022-03-04 08:35:00,105.21,105.56,105.28,105.5,245.46637456
2022-03-04 08:34:00,105.35,105.67,105.56,105.35,91.85490689
2022-03-04 08:33:00,105.3,105.53,105.39,105.48,10.3954047
2022-03-04 08:32:00,105.08,105.55,105.48,105.39,334.6476865
2022-03-04 08:31:00,105.21,106.0,105.99,105.4,1197.1987164
2022-03-04 08:30:00,105.91,106.61,106.6,105.98,422.09948977
2022-03-04 08:29:00,106.57,106.68,106.57,106.64,63.79400344
2022-03-04 08:28:00,106.5,106.73,106.73,106.57,230.05018155
2022-03-04 08:27:00,106.6,106.79,106.61,106.76,16.50232113
2022-03-04 08:26:00,106.62,106.91,106.91,106.68,298.74498169
2022-03-04 08:25:00,106.87,107.06,107.05,106.87,14.3476134
2022-03-04 08:24:00,107.03,107.11,107.08,107.07,71.97398534
2022-03-04 08:23:00,107.03,107.14,107.1,107.1,17.20629715
2022-03-04 08:22:00,107.03,107.25,107.25,107.09,20.54540317
2022-03-04 08:21:00,107.22,107.32,107.26,107.24,22.09623165
2022-03-04 08:20:00,107.27,107.37,107.37,107.29,29.94094926
2022-03-04 08:19:00,107.27,107.38,107.36,107.38,21.32204819
2022-03-04 08:18:00,107.32,107.46,107.37,107.4,108.75096816
2022-03-04 08:17:00,107.32,107.46,107.42,107.46,96.74176192
2022-03-04 18:17:00,104.92,105.12,105.08,104.97,157.50784653
2022-03-04 18:16:00,105.12,105.3,105.28,105.16,128.41412718
2022-03-04 18:15:00,105.09,105.28,105.15,105.28,30.20319551
2022-03-04 18:14:00,105.15,105.27,105.15,105.16,54.87290903
2022-03-04 18:13:00,105.12,105.26,105.23,105.15,173.5287485
2022-03-04 18:12:00,105.17,105.35,105.27,105.21,67.33007556
2022-03-04 18:11:00,105.21,105.33,105.25,105.3,96.49413799
2022-03-04 18:10:00,105.25,105.42,105.42,105.29,108.74088552
2022-03-04 18:09:00,105.35,105.44,105.44,105.41,42.07412792
2022-03-04 18:08:00,105.35,105.45,105.38,105.45,215.7718199
2022-03-04 18:07:00,105.33,105.42,105.38,105.4,74.84047976
2022-03-04 18:06:00,105.3,105.43,105.38,105.39,164.76751118
2022-03-04 18:05:00,105.22,105.37,105.33,105.37,312.94370382
2022-03-04 18:04:00,105.25,105.33,105.26,105.29,217.72873569
2022-03-04 18:03:00,105.22,105.33,105.33,105.22,170.34929279
2022-03-04 18:02:00,105.3,105.43,105.33,105.31,100.3089793
2022-03-04 18:01:00,105.11,105.34,105.2,105.34,52.43032002
2022-03-04 18:00:00,105.17,105.33,105.17,105.21,85.60076625
2022-03-04 17:59:00,105.14,105.26,105.26,105.17,94.95692776
2022-03-04 17:58:00,105.1,105.27,105.12,105.27,211.78081444
2022-03-04 17:57:00,105.06,105.15,105.1,105.13,140.93062299
2022-03-04 17:56:00,105.04,105.19,105.18,105.05,47.50185188
2022-03-04 17:55:00,105.08,105.17,105.12,105.17,47.01788556
2022-03-04 17:54:00,105.09,105.21,105.13,105.12,69.13249168
2022-03-04 17:53:00,104.99,105.14,105.0,105.13,183.36843111
2022-03-04 17:52:00,104.9,105.01,104.96,104.97,18.44546057
2022-03-04 17:51:00,104.88,104.96,104.92,104.95,38.02028161
2022-03-04 17:50:00,104.86,104.93,104.91,104.92,30.90800891
2022-03-04 17:49:00,104.86,104.96,104.88,104.89,189.2236593
2022-03-04 17:48:00,104.82,104.96,104.82,104.89,84.22470735
2022-03-04 17:47:00,104.75,104.88,104.75,104.81,52.25472683
2022-03-04 17:46:00,104.59,104.78,104.74,104.71,117.72640951
2022-03-04 17:45:00,104.6,104.75,104.61,104.74,34.84676594
2022-03-04 17:44:00,104.59,104.73,104.7,104.63,27.89547097
2022-03-04 17:43:00,104.71,105.12,105.1,104.72,85.38823225
2022-03-04 17:42:00,105.05,105.13,105.1,105.07,90.34413725
2022-03-04 17:41:00,105.06,105.19,105.18,105.06,73.46261136
2022-03-04 17:40:00,105.14,105.34,105.34,105.19,39.1649197
2022-03-04 17:39:00,105.24,105.32,105.27,105.32,167.53041594
2022-03-04 17:38:00,105.22,105.31,105.29,105.26,38.40580902
2022-03-04 17:37:00,105.24,105.34,105.31,105.28,72.47682351
2022-03-04 17:36:00,105.24,105.37,105.3,105.27,263.53883637
2022-03-04 17:35:00,105.2,105.3,105.21,105.24,71.44368928
2022-03-04 17:34:00,105.18,105.25,105.22,105.25,27.41062165
2022-03-04 17:33:00,105.19,105.25,105.25,105.25,108.53901483
2022-03-04 17:32:00,105.25,105.44,105.4,105.26,86.08268065
2022-03-04 17:31:00,105.33,105.41,105.41,105.39,67.29003896
2022-03-04 17:30:00,105.23,105.4,105.26,105.4,145.26162711
2022-03-04 17:29:00,105.24,105.35,105.32,105.33,78.11150559
2022-03-04 17:28:00,105.25,105.37,105.3,105.32,86.97547828
2022-03-04 17:27:00,105.26,105.39,105.36,105.35,145.50741815
2022-03-04 17:26:00,105.15,105.39,105.21,105.36,68.48083691
2022-03-04 17:25:00,105.05,105.24,105.12,105.22,155.67184955
2022-03-04 17:24:00,105.11,105.21,105.16,105.13,121.3205075
2022-03-04 17:23:00,105.08,105.23,105.23,105.15,79.69636914
2022-03-04 17:22:00,105.13,105.24,105.2,105.24,262.67193647
2022-03-04 17:21:00,105.09,105.23,105.14,105.22,182.38458853
2022-03-04 17:20:00,105.12,105.26,105.16,105.18,41.76157531
2022-03-04 17:19:00,105.15,105.29,105.28,105.17,104.24886556
2022-03-04 17:18:00,105.25,105.39,105.34,105.27,358.96027195
2022-03-04 17:17:00,105.3,105.45,105.38,105.3,382.1932927
2022-03-04 17:16:00,105.33,105.47,105.35,105.37,147.77513907
2022-03-04 17:15:00,105.2,105.34,105.32,105.27,59.50357541
2022-03-04 17:14:00,105.17,105.31,105.17,105.31,294.52166546
2022-03-04 17:13:00,105.12,105.3,105.2,105.16,98.11075192
2022-03-04 17:12:00,105.17,105.33,105.18,105.2,216.20925095
2022-03-04 17:11:00,105.08,105.2,105.08,105.18,155.99541404
2022-03-04 17:10:00,104.9,105.12,104.9,105.12,133.81631723
2022-03-04 17:09:00,104.86,104.96,104.94,104.93,113.40729716
2022-03-04 17:08:00,104.82,104.95,104.92,104.95,55.43643134
2022-03-04 17:07:00,104.83,105.0,104.98,104.89,171.59574159
2022-03-04 17:06:00,104.84,104.98,104.85,104.98,132.23835311
2022-03-04 17:05:00,104.83,104.89,104.86,104.87,58.96214154
2022-03-04 17:04:00,104.72,104.85,104.75,104.84,106.78857369
2022-03-04 17:03:00,104.66,104.76,104.66,104.69,117.48101662
2022-03-04 17:02:00,104.54,104.69,104.57,104.66,194.08778253
2022-03-04 17:01:00,104.49,104.68,104.67,104.58,147.43852794
2022-03-04 17:00:00,104.59,104.84,104.81,104.66,243.89741302
2022-03-04 16:59:00,104.68,104.85,104.78,104.85,130.42086197
2022-03-04 16:58:00,104.74,104.86,104.86,104.77,55.5047831
2022-03-04 16:57:00,104.82,104.91,104.88,104.83,269.04359015
2022-03-04 16:56:00,104.81,104.87,104.82,104.87,55.47401818
2022-03-04 16:55:00,104.83,105.02,104.97,104.88,293.42623068
2022-03-04 16:54:00,104.95,105.04,104.99,104.95,110.33144694
2022-03-04 16:53:00,104.99,105.16,105.03,104.99,146.08363673
2022-03-04 16:52:00,104.94,105.04,105.0,105.03,216.62635536
2022-03-04 16:51:00,104.95,105.16,105.15,105.02,118.68699319
2022-03-04 16:50:00,105.12,105.24,105.24,105.16,56.49579854
2022-03-04 16:49:00,105.15,105.27,105.19,105.25,28.63847614
2022-03-04 16:48:00,105.11,105.24,105.15,105.21,89.21455044
2022-03-04 16:47:00,105.08,105.25,105.11,105.15,125.83875363
2022-03-04 16:46:00,105.03,105.28,105.08,105.21,225.13658571
2022-03-04 16:45:00,104.9,105.08,104.96,105.05,316.83505842
2022-03-04 16:44:00,104.85,105.02,104.96,104.97,88.89853727
2022-03-04 16:43:00,104.88,105.02,104.97,104.99,101.8408173
2022-03-04 16:42:00,104.84,104.97,104.94,104.96,97.07291543
2022-03-04 16:41:00,104.75,104.99,104.94,104.93,279.49971092
2022-03-04 16:40:00,104.86,104.93,104.88,104.92,108.23393818
2022-03-04 16:39:00,104.72,104.97,104.72,104.92,72.65578627
2022-03-04 16:38:00,104.62,104.76,104.64,104.75,149.08247727
2022-03-04 16:37:00,104.44,104.67,104.44,104.67,131.06458374
2022-03-04 16:36:00,104.2,104.47,104.24,104.44,183.43174954
2022-03-04 16:35:00,104.12,104.29,104.27,104.21,87.25144764
2022-03-04 16:34:00,104.12,104.28,104.12,104.28,193.39610802
2022-03-04 16:33:00,104.08,104.2,104.14,104.12,96.29308658
2022-03-04 16:32:00,104.06,104.34,104.33,104.15,223.00987367
2022-03-04 16:31:00,104.29,104.53,104.51,104.32,499.32677921
2022-03-04 16:30:00,104.53,104.79,104.65,104.53,129.18719948
2022-03-04 16:29:00,104.57,104.71,104.71,104.65,428.82459342
2022-03-04 16:28:00,104.67,104.78,104.71,104.71,121.60387874
2022-03-04 16:27:00,104.64,104.76,104.65,104.7,60.91698252
2022-03-04 16:26:00,104.47,104.65,104.5,104.62,38.55570185
2022-03-04 16:25:00,104.52,104.6,104.59,104.52,53.16197706
2022-03-04 16:24:00,104.61,104.74,104.64,104.71,34.76582038
2022-03-04 16:23:00,104.42,104.66,104.48,104.66,70.64878818
2022-03-04 16:22:00,104.42,104.49,104.48,104.49,50.25573094
2022-03-04 16:21:00,104.44,104.71,104.65,104.44,503.54012527
2022-03-04 16:20:00,104.52,104.64,104.62,104.64,103.08550446
2022-03-04 16:19:00,104.59,104.78,104.72,104.64,125.54281506
2022-03-04 16:18:00,104.65,104.78,104.76,104.77,44.87966666
2022-03-04 16:17:00,104.7,104.79,104.79,104.77,43.44395275
2022-03-04 16:16:00,104.6,104.81,104.63,104.81,281.97232524
2022-03-04 16:15:00,104.49,104.68,104.63,104.66,106.13859444
2022-03-04 16:14:00,104.47,104.62,104.53,104.62,120.3116538
2022-03-04 16:13:00,104.36,104.55,104.38,104.55,341.89105691
2022-03-04 16:12:00,104.17,104.41,104.33,104.39,314.49734718
2022-03-04 16:11:00,104.14,104.38,104.31,104.31,172.19248988
2022-03-04 16:10:00,104.28,104.57,104.49,104.38,420.5962203
2022-03-04 16:09:00,104.49,104.75,104.74,104.49,50.23025989
2022-03-04 16:08:00,104.47,104.71,104.47,104.71,84.67383089
2022-03-04 16:07:00,104.42,104.7,104.7,104.46,113.2547806
2022-03-04 16:06:00,104.71,104.98,104.87,104.77,252.52849752
2022-03-04 16:05:00,104.29,104.98,104.45,104.88,297.95291169
2022-03-04 16:04:00,104.33,104.58,104.51,104.33,103.40398825
2022-03-04 16:03:00,104.3,104.55,104.55,104.5,230.78715164
2022-03-04 16:02:00,104.54,104.98,104.94,104.6,199.05933805
2022-03-04 16:01:00,104.81,104.95,104.88,104.9,61.31447341
2022-03-04 16:00:00,104.64,104.97,104.87,104.9,414.58926445
2022-03-04 15:59:00,104.81,104.92,104.81,104.87,69.1458497
2022-03-04 15:58:00,104.8,105.06,105.05,104.81,177.78131208
2022-03-04 15:57:00,104.98,105.12,105.03,104.99,697.34525143
2022-03-04 15:56:00,104.92,105.09,105.04,105.04,106.65223011
2022-03-04 15:55:00,104.99,105.13,105.13,105.02,32.72352517
2022-03-04 15:54:00,105.1,105.2,105.15,105.1,54.7660501
2022-03-04 15:53:00,105.0,105.22,105.0,105.19,116.411366
2022-03-04 15:52:00,104.95,105.15,104.97,104.96,152.87931505
2022-03-04 15:51:00,104.89,105.01,104.9,104.97,86.32648958
2022-03-04 15:50:00,104.73,104.89,104.79,104.89,124.72268773
2022-03-04 15:49:00,104.79,104.93,104.9,104.79,100.72144428
2022-03-04 15:48:00,104.76,105.02,104.84,104.86,277.49547968
2022-03-04 15:47:00,104.67,104.87,104.87,104.84,97.31128204
2022-03-04 15:46:00,104.8,104.9,104.82,104.9,111.25060329
2022-03-04 15:45:00,104.68,104.9,104.87,104.82,119.90745493
2022-03-04 15:44:00,104.83,104.97,104.88,104.83,158.18786962
2022-03-04 15:43:00,104.72,104.97,104.85,104.85,149.97239183
2022-03-04 15:42:00,104.85,104.99,104.98,104.91,277.19348597
2022-03-04 15:41:00,104.97,105.06,105.03,104.97,97.50372598
2022-03-04 15:40:00,104.91,105.24,104.96,104.98,393.18733771
2022-03-04 15:39:00,104.99,105.27,105.06,104.99,85.47155706
2022-03-04 15:38:00,105.03,105.26,105.26,105.07,170.66169377
2022-03-04 15:37:00,105.15,105.33,105.3,105.24,362.40978751
2022-03-04 15:36:00,105.1,105.27,105.15,105.25,364.52147927
2022-03-04 15:35:00,105.01,105.13,105.01,105.12,294.49478855
2022-03-04 15:34:00,104.88,105.04,104.94,104.96,235.23082513
2022-03-04 15:33:00,104.67,104.95,104.78,104.94,181.41960317
2022-03-04 15:32:00,104.75,104.88,104.81,104.77,149.51913444
2022-03-04 15:31:00,104.82,104.89,104.88,104.82,99.85378239
2022-03-04 15:30:00,104.93,105.19,105.13,104.93,205.459136
2022-03-04 15:29:00,105.07,105.25,105.24,105.12,242.17930591
2022-03-04 15:28:00,105.02,105.26,105.11,105.24,85.96594213
2022-03-04 15:27:00,105.02,105.22,105.06,105.1,378.61551285
2022-03-04 15:26:00,104.9,105.19,104.91,105.08,765.05115838
2022-03-04 15:25:00,104.69,105.04,104.9,104.94,1208.6124423
2022-03-04 15:24:00,104.74,104.94,104.8,104.93,140.61384345
2022-03-04 15:23:00,104.67,104.87,104.72,104.81,588.11879773
2022-03-04 15:22:00,104.7,104.95,104.86,104.74,265.21770295
2022-03-04 15:21:00,104.6,104.84,104.65,104.83,176.01209108
2022-03-04 15:20:00,104.47,104.79,104.7,104.58,84.09999163
2022-03-04 15:19:00,104.54,104.73,104.63,104.67,347.79839047
2022-03-04 15:18:00,104.5,104.8,104.53,104.66,329.38312349
2022-03-04 15:17:00,104.46,104.98,104.96,104.46,1161.5468771
2022-03-04 15:16:00,105.02,105.29,105.15,105.03,235.37248019
2022-03-04 15:15:00,105.03,105.23,105.07,105.16,238.0430836
2022-03-04 15:14:00,105.06,105.25,105.18,105.09,126.74874894
2022-03-04 15:13:00,105.02,105.23,105.13,105.16,319.03700157
2022-03-04 15:12:00,104.89,105.22,105.13,105.07,363.0535955
2022-03-04 15:11:00,104.98,105.17,105.12,105.11,148.38416954
2022-03-04 15:10:00,105.09,105.35,105.29,105.11,293.60629431
2022-03-04 15:09:00,105.28,105.46,105.36,105.28,274.34841367
2022-03-04 15:08:00,105.2,105.38,105.26,105.37,233.23869029
2022-03-04 15:07:00,104.95,105.34,105.34,105.24,3706.96018808
2022-03-04 15:06:00,105.19,105.55,105.41,105.33,224.40567339
2022-03-04 15:05:00,105.38,105.56,105.46,105.44,124.24356066
2022-03-04 15:04:00,105.37,105.64,105.49,105.38,162.43227963
2022-03-04 15:03:00,105.46,105.61,105.5,105.47,422.2662256
2022-03-04 15:02:00,105.36,105.56,105.54,105.46,209.62377216
2022-03-04 15:01:00,105.48,105.96,105.74,105.59,392.33329497
2022-03-04 15:00:00,105.56,106.06,105.81,105.73,514.08775161
2022-03-04 14:59:00,105.69,106.17,105.69,105.82,658.8447174
2022-03-04 14:58:00,105.22,105.72,105.22,105.62,586.02618027
2022-03-04 14:57:00,105.23,105.45,105.34,105.23,187.49586391
2022-03-04 14:56:00,105.37,105.51,105.51,105.37,272.1510818
2022-03-04 14:55:00,105.13,105.5,105.14,105.5,241.45041925
2022-03-04 14:54:00,105.13,105.31,105.28,105.13,342.97148989
2022-03-04 14:53:00,105.02,105.3,105.04,105.26,367.32089381
2022-03-04 14:52:00,104.67,105.49,105.49,105.06,1234.8639448
2022-03-04 14:51:00,105.49,105.85,105.78,105.49,307.63979801
2022-03-04 14:50:00,105.74,106.11,105.83,105.78,363.42000861
2022-03-04 14:49:00,105.85,106.06,105.99,105.86,98.45400663
2022-03-04 14:48:00,105.7,106.09,106.09,105.87,627.75138439
2022-03-04 14:47:00,106.14,106.35,106.16,106.21,171.87152871
2022-03-04 14:46:00,106.09,106.34,106.34,106.17,410.49775692
2022-03-04 14:45:00,106.43,106.67,106.67,106.43,194.00206129
2022-03-04 14:44:00,106.64,106.86,106.8,106.68,136.91638462
2022-03-04 14:43:00,106.73,106.82,106.79,106.82,82.02956799
2022-03-04 14:42:00,106.63,106.83,106.8,106.79,88.90480511
2022-03-04 14:41:00,106.79,106.89,106.79,106.84,29.72167906
2022-03-04 14:40:00,106.73,106.96,106.9,106.8,172.15211318
2022-03-04 14:39:00,106.82,106.99,106.96,106.94,34.28434903
2022-03-04 14:38:00,106.97,107.15,107.07,107.05,170.15966129
2022-03-04 14:37:00,107.04,107.18,107.04,107.08,160.31357954
2022-03-04 14:36:00,106.95,107.11,107.06,106.99,54.2630567
2022-03-04 14:35:00,106.81,107.08,106.81,107.08,182.65636566
2022-03-04 14:34:00,106.64,106.87,106.75,106.81,972.44627865
2022-03-04 14:33:00,106.61,106.83,106.77,106.72,103.30577714
2022-03-04 14:32:00,106.79,106.98,106.91,106.79,101.66016182
2022-03-04 14:31:00,106.88,107.12,106.97,106.9,73.03140904
2022-03-04 14:30:00,107.01,107.39,107.02,107.04,139.86377716
2022-03-04 14:29:00,106.85,107.02,106.94,106.94,84.85512012
2022-03-04 14:28:00,106.86,107.02,106.94,106.99,91.88688328
2022-03-04 14:27:00,106.77,106.99,106.84,106.86,142.52674047
2022-03-04 14:26:00,106.77,106.97,106.93,106.77,182.26470302
2022-03-04 14:25:00,106.8,107.0,106.86,107.0,48.92724281
2022-03-04 14:24:00,106.84,107.01,106.96,106.84,81.47358426
2022-03-04 14:23:00,106.84,106.97,106.97,106.96,97.86566392
2022-03-04 14:22:00,106.72,107.01,106.76,107.01,39.29771901
2022-03-04 14:21:00,106.4,106.85,106.4,106.85,102.40408329
2022-03-04 14:20:00,106.3,106.59,106.32,106.42,111.5805794
2022-03-04 14:19:00,106.32,106.98,106.95,106.32,176.32064371
2022-03-04 14:18:00,106.77,107.3,106.77,107.01,167.39830363
2022-03-04 14:17:00,105.98,106.68,106.35,106.62,597.39432894
2022-03-04 14:16:00,106.02,106.84,106.74,106.33,649.47531507
2022-03-04 14:15:00,106.74,107.04,107.01,106.74,64.38993857
2022-03-04 14:14:00,106.96,107.09,107.05,106.99,52.72941224
2022-03-04 14:13:00,107.0,107.09,107.03,107.04,74.98134407
2022-03-04 14:12:00,107.0,107.1,107.03,107.04,139.68128711
2022-03-04 14:11:00,106.97,107.08,107.02,107.03,10.398982
2022-03-04 14:10:00,106.9,107.13,106.91,107.01,48.20856793
2022-03-04 14:09:00,106.9,107.05,106.9,106.95,112.06204327
2022-03-04 14:08:00,106.86,107.03,106.95,106.89,76.82740277
2022-03-04 14:07:00,106.97,107.15,107.13,107.01,180.12986703
2022-03-04 14:06:00,107.09,107.25,107.25,107.16,42.57330615
2022-03-04 14:05:00,107.25,107.46,107.41,107.25,167.0431461
2022-03-04 14:04:00,107.33,107.44,107.34,107.42,17.39735979
2022-03-04 14:03:00,107.25,107.39,107.37,107.33,118.86953872
2022-03-04 14:02:00,107.24,107.4,107.26,107.36,24.68835471
2022-03-04 14:01:00,107.2,107.3,107.21,107.29,96.09050986
2022-03-04 14:00:00,107.16,107.33,107.29,107.26,109.064702
2022-03-04 13:59:00,106.9,107.48,106.9,107.34,1056.67958053
2022-03-04 13:58:00,106.82,106.94,106.87,106.92,85.37483953
2022-03-04 13:57:00,106.77,106.89,106.79,106.89,71.17523855
2022-03-04 13:56:00,106.77,106.93,106.87,106.77,151.94539249
2022-03-04 13:55:00,106.86,107.02,106.98,106.87,124.992835
2022-03-04 13:54:00,106.9,107.03,106.92,107.0,96.38042353
2022-03-04 13:53:00,106.93,107.12,107.12,107.01,168.8025604
2022-03-04 13:52:00,107.05,107.13,107.1,107.12,31.67876531
2022-03-04 13:51:00,107.08,107.18,107.18,107.13,87.20359347
2022-03-04 13:50:00,107.11,107.23,107.11,107.23,64.36637165
2022-03-04 13:49:00,107.05,107.23,107.2,107.1,8.44289465
2022-03-04 13:48:00,107.03,107.14,107.05,107.14,52.50426154
2022-03-04 13:47:00,107.02,107.17,107.17,107.1,29.87635338
2022-03-04 13:46:00,107.15,107.35,107.33,107.15,84.22705471
2022-03-04 13:45:00,107.12,107.45,107.18,107.35,41.08657476
2022-03-04 13:44:00,107.15,107.26,107.17,107.16,54.91668462
2022-03-04 13:43:00,107.06,107.34,107.33,107.17,109.94910584
2022-03-04 13:42:00,107.19,107.35,107.32,107.32,106.336879
2022-03-04 13:41:00,107.25,107.4,107.3,107.29,140.89823809
2022-03-04 13:40:00,107.21,107.39,107.27,107.25,106.276493
2022-03-04 13:39:00,107.08,107.26,107.09,107.26,116.23132009
2022-03-04 13:38:00,107.12,107.29,107.25,107.18,71.11214173
2022-03-04 13:37:00,107.1,107.31,107.14,107.26,98.63776315
2022-03-04 13:36:00,106.52,107.04,106.76,106.97,495.15990059
2022-03-04 13:35:00,106.73,107.43,107.43,106.75,330.89942199
2022-03-04 13:34:00,107.39,107.68,107.62,107.44,134.16987405
2022-03-04 13:33:00,107.67,107.87,107.83,107.69,86.62756915
2022-03-04 13:32:00,107.74,108.02,107.74,107.78,296.08778428
2022-03-04 13:31:00,107.59,107.76,107.69,107.73,93.24171678
2022-03-04 13:30:00,107.24,107.67,107.24,107.58,400.9096771
2022-03-04 13:29:00,107.19,107.25,107.22,107.23,63.10911645
2022-03-04 13:28:00,107.14,107.28,107.15,107.23,77.98558633
2022-03-04 13:27:00,107.09,107.17,107.17,107.15,119.34492702
2022-03-04 13:26:00,107.07,107.28,107.07,107.15,103.44657837
2022-03-04 13:25:00,106.94,107.09,106.98,107.07,22.24417314
2022-03-04 13:24:00,106.95,107.16,107.0,106.95,119.60308948
2022-03-04 13:23:00,106.97,107.07,107.0,107.05,114.43074507
2022-03-04 13:22:00,106.92,107.05,106.92,107.05,63.90090053
2022-03-04 13:21:00,106.81,106.92,106.82,106.92,21.74102627
2022-03-04 13:20:00,106.8,106.87,106.84,106.85,117.10583721
2022-03-04 13:19:00,106.81,106.92,106.92,106.85,15.00892346
2022-03-04 13:18:00,106.76,106.92,106.83,106.91,47.69523217
2022-03-04 13:17:00,106.81,107.05,107.02,106.84,334.74189287
2022-03-04 23:17:00,100.93,101.27,101.24,100.93,158.90840886
2022-03-04 23:16:00,101.12,101.24,101.14,101.24,141.59319614
2022-03-04 23:15:00,101.03,101.24,101.21,101.13,141.35231607
2022-03-04 23:14:00,101.1,101.26,101.1,101.23,87.22795785
2022-03-04 23:13:00,100.96,101.1,100.98,101.1,75.53276089
2022-03-04 23:12:00,100.95,101.02,100.98,100.98,41.51739341
2022-03-04 23:11:00,100.96,101.13,101.04,100.97,219.0825894
2022-03-04 23:10:00,100.88,101.03,101.0,101.03,185.86034678
2022-03-04 23:09:00,100.9,101.04,100.98,101.02,430.27030433
2022-03-04 23:08:00,100.94,101.02,101.01,101.01,67.75085035
2022-03-04 23:07:00,100.85,101.02,100.92,100.98,191.11007366
2022-03-04 23:06:00,100.93,101.02,100.97,100.95,76.09576411
2022-03-04 23:05:00,100.83,101.08,101.07,100.97,787.08607963
2022-03-04 23:04:00,100.99,101.09,101.07,101.07,109.40015798
2022-03-04 23:03:00,100.96,101.13,101.12,101.02,176.5049104
2022-03-04 23:02:00,101.1,101.38,101.34,101.14,117.18329091
2022-03-04 23:01:00,101.23,101.36,101.34,101.33,31.91288764
2022-03-04 23:00:00,101.25,101.63,101.63,101.36,303.38889284
2022-03-04 22:59:00,101.59,101.92,101.89,101.64,482.05701967
2022-03-04 22:58:00,101.12,101.92,101.16,101.91,1062.7168912
2022-03-04 22:57:00,101.1,101.19,101.13,101.11,65.39151996
2022-03-04 22:56:00,101.13,101.44,101.4,101.17,173.49032506
2022-03-04 22:55:00,101.29,101.45,101.35,101.38,174.59313489
2022-03-04 22:54:00,101.24,101.53,101.25,101.34,405.87348347
2022-03-04 22:53:00,101.16,101.25,101.2,101.25,109.42048777
2022-03-04 22:52:00,101.06,101.27,101.06,101.2,179.4786832
2022-03-04 22:51:00,100.85,101.86,101.85,101.05,642.81046337
2022-03-04 22:50:00,100.25,102.04,100.25,101.85,2919.38158325
2022-03-04 22:49:00,100.22,100.27,100.26,100.27,46.76414133
2022-03-04 22:48:00,100.16,100.32,100.3,100.27,137.41248273
2022-03-04 22:47:00,100.24,100.35,100.26,100.31,360.74583362
2022-03-04 22:46:00,100.18,100.32,100.28,100.28,373.57225749
2022-03-04 22:45:00,100.15,100.31,100.3,100.29,169.52534357
2022-03-04 22:44:00,100.3,100.42,100.37,100.3,227.33111961
2022-03-04 22:43:00,100.28,100.37,100.31,100.37,182.91181142
2022-03-04 22:42:00,100.21,100.3,100.23,100.29,111.95512294
2022-03-04 22:41:00,99.99,100.29,100.03,100.26,301.85092107
2022-03-04 22:40:00,99.94,100.12,100.1,100.06,350.06018006
2022-03-04 22:39:00,100.04,100.13,100.06,100.1,99.75485652
2022-03-04 22:38:00,100.01,100.34,100.33,100.05,176.15062792
2022-03-04 22:37:00,99.83,100.33,99.89,100.31,362.39866721
2022-03-04 22:36:00,99.84,99.89,99.86,99.88,28.88264432
2022-03-04 22:35:00,99.7,99.87,99.7,99.86,136.1493226
2022-03-04 22:34:00,99.52,99.75,99.57,99.75,753.09032692
2022-03-04 22:33:00,99.54,99.57,99.56,99.57,128.46599893
2022-03-04 22:32:00,99.29,99.56,99.31,99.56,157.47907915
2022-03-04 22:31:00,99.01,99.28,99.08,99.28,346.94825066
2022-03-04 22:30:00,99.02,99.86,99.86,99.02,524.12931504
2022-03-04 22:29:00,99.8,99.89,99.84,99.87,154.86671703
2022-03-04 22:28:00,99.78,99.92,99.84,99.84,372.65210627
2022-03-04 22:27:00,99.8,100.52,100.49,99.84,1897.16533546
2022-03-04 22:26:00,100.46,100.52,100.49,100.52,33.89613009
2022-03-04 22:25:00,100.44,100.63,100.61,100.49,202.89078781
2022-03-04 22:24:00,100.54,100.78,100.76,100.58,219.17027063
2022-03-04 22:23:00,100.68,100.79,100.73,100.72,929.61539819
2022-03-04 22:22:00,100.72,101.03,101.02,100.72,120.29965104
2022-03-04 22:21:00,101.03,101.13,101.11,101.04,114.98941508
2022-03-04 22:20:00,100.83,101.12,100.86,101.08,206.9288477
2022-03-04 22:19:00,100.61,100.95,100.95,100.87,679.26526028
2022-03-04 22:18:00,101.0,101.23,101.19,101.0,184.38071564
2022-03-04 22:17:00,101.07,101.16,101.1,101.14,173.47885892
2022-03-04 22:16:00,101.03,101.3,101.3,101.1,178.93881837
2022-03-04 22:15:00,101.27,101.4,101.28,101.35,42.46121241
2022-03-04 22:14:00,101.26,101.38,101.34,101.28,64.49062713
2022-03-04 22:13:00,101.32,101.44,101.44,101.39,67.05466283
2022-03-04 22:12:00,101.35,101.41,101.38,101.41,66.89570397
2022-03-04 22:11:00,101.24,101.41,101.34,101.4,63.74336597
2022-03-04 22:10:00,101.33,101.57,101.53,101.35,94.91844891
2022-03-04 22:09:00,101.52,101.61,101.61,101.55,66.69204409
2022-03-04 22:08:00,101.52,101.68,101.65,101.65,163.80744519
2022-03-04 22:07:00,101.66,101.88,101.87,101.68,159.16206427
2022-03-04 22:06:00,101.83,101.95,101.85,101.84,67.73165225
2022-03-04 22:05:00,101.65,101.92,101.67,101.85,425.08656784
2022-03-04 22:04:00,101.49,101.7,101.54,101.64,309.85408028
2022-03-04 22:03:00,101.47,101.55,101.52,101.54,34.55823852
2022-03-04 22:02:00,101.43,101.61,101.59,101.5,157.71751329
2022-03-04 22:01:00,101.45,101.59,101.49,101.59,197.74995975
2022-03-04 22:00:00,101.28,101.49,101.44,101.49,50.28956714
2022-03-04 21:59:00,101.38,101.47,101.38,101.47,51.53872369
2022-03-04 21:58:00,101.36,101.49,101.42,101.48,145.24251012
2022-03-04 21:57:00,101.38,101.67,101.67,101.41,146.23926274
2022-03-04 21:56:00,101.58,101.75,101.58,101.74,75.97542516
2022-03-04 21:55:00,101.32,101.57,101.32,101.57,143.21922924
2022-03-04 21:54:00,101.19,101.36,101.32,101.3,146.1858055
2022-03-04 21:53:00,101.3,101.43,101.38,101.35,105.87156799
2022-03-04 21:52:00,101.34,101.47,101.43,101.39,85.48539651
2022-03-04 21:51:00,101.45,101.58,101.52,101.46,68.52820688
2022-03-04 21:50:00,101.48,101.58,101.5,101.5,37.07998484
2022-03-04 21:49:00,101.42,101.51,101.46,101.45,63.0268499
2022-03-04 21:48:00,101.34,101.57,101.34,101.43,135.73481319
2022-03-04 21:47:00,101.34,101.44,101.44,101.34,31.05377254
2022-03-04 21:46:00,101.44,101.61,101.51,101.44,111.06099236
2022-03-04 21:45:00,101.47,101.57,101.56,101.49,153.10985206
2022-03-04 21:44:00,101.42,101.64,101.62,101.52,492.51018682
2022-03-04 21:43:00,101.6,101.71,101.6,101.6,102.93022596
2022-03-04 21:42:00,101.51,101.65,101.56,101.6,98.85761673
2022-03-04 21:41:00,101.44,101.63,101.54,101.57,181.1375926
2022-03-04 21:40:00,101.3,101.54,101.32,101.54,33.01896611
2022-03-04 21:39:00,101.14,101.36,101.14,101.34,118.49934549
2022-03-04 21:38:00,100.98,101.14,101.05,101.11,145.20822736
2022-03-04 21:37:00,100.98,101.09,101.02,101.05,99.27399766
2022-03-04 21:36:00,100.96,101.06,101.06,101.02,81.90325491
2022-03-04 21:35:00,100.89,101.09,100.92,101.04,134.01507515
2022-03-04 21:34:00,100.99,101.14,101.06,101.02,110.19773058
2022-03-04 21:33:00,101.01,101.28,101.25,101.05,235.40043597
2022-03-04 21:32:00,101.19,101.28,101.19,101.21,65.94827474
2022-03-04 21:31:00,101.11,101.19,101.14,101.15,78.34894686
2022-03-04 21:30:00,101.12,101.31,101.26,101.12,318.34430456
2022-03-04 21:29:00,101.14,101.28,101.28,101.26,99.70446007
2022-03-04 21:28:00,101.14,101.34,101.3,101.28,609.24752015
2022-03-04 21:27:00,101.32,101.5,101.5,101.34,73.23815323
2022-03-04 21:26:00,101.42,101.55,101.42,101.5,107.52868576
2022-03-04 21:25:00,101.35,101.57,101.35,101.43,232.6911352
2022-03-04 21:24:00,101.23,101.45,101.23,101.36,170.08601698
2022-03-04 21:23:00,101.18,101.26,101.2,101.22,75.79506761
2022-03-04 21:22:00,101.19,101.36,101.35,101.19,109.65940256
2022-03-04 21:21:00,101.28,101.38,101.32,101.32,68.40333912
2022-03-04 21:20:00,101.16,101.32,101.19,101.32,210.83624988
2022-03-04 21:19:00,101.07,101.26,101.07,101.23,182.66292393
2022-03-04 21:18:00,100.94,101.3,101.29,101.08,1590.59806815
2022-03-04 21:17:00,101.16,101.37,101.18,101.31,104.94838228
2022-03-04 21:16:00,101.1,101.39,101.35,101.1,165.35982194
2022-03-04 21:15:00,101.18,101.38,101.2,101.33,489.05311218
2022-03-04 21:14:00,101.08,101.26,101.12,101.2,282.79681092
2022-03-04 21:13:00,101.12,101.36,101.29,101.14,526.48206637
2022-03-04 21:12:00,101.02,101.31,101.12,101.29,464.61508641
2022-03-04 21:11:00,100.97,101.31,100.97,101.11,132.55088333
2022-03-04 21:10:00,100.86,102.05,101.98,100.96,2910.82665217
2022-03-04 21:09:00,101.94,102.06,102.04,102.02,72.46097458
2022-03-04 21:08:00,102.01,102.09,102.09,102.01,89.95526118
2022-03-04 21:07:00,101.92,102.1,102.01,102.08,132.43359468
2022-03-04 21:06:00,101.84,102.1,102.1,102.01,34.66926771
2022-03-04 21:05:00,102.02,102.2,102.02,102.08,196.37771275
2022-03-04 21:04:00,101.83,102.02,101.95,101.97,162.05931266
2022-03-04 21:03:00,101.95,102.2,102.16,101.95,119.25299201
2022-03-04 21:02:00,102.11,102.35,102.35,102.16,89.4034148
2022-03-04 21:01:00,102.3,102.39,102.35,102.37,151.42282372
2022-03-04 21:00:00,102.17,102.39,102.21,102.39,196.78150813
2022-03-04 20:59:00,102.23,102.46,102.39,102.24,237.49839305
2022-03-04 20:58:00,102.35,102.51,102.51,102.4,64.36741688
2022-03-04 20:57:00,102.43,102.57,102.52,102.52,128.76793822
2022-03-04 20:56:00,102.4,102.58,102.56,102.57,825.12730606
2022-03-04 20:55:00,102.54,102.73,102.65,102.56,67.57729182
2022-03-04 20:54:00,102.45,102.69,102.45,102.68,1397.20342086
2022-03-04 20:53:00,102.39,102.49,102.42,102.45,89.58609275
2022-03-04 20:52:00,102.33,102.48,102.37,102.44,190.37982087
2022-03-04 20:51:00,102.26,102.39,102.35,102.38,51.09248395
2022-03-04 20:50:00,102.14,102.43,102.2,102.41,419.97630453
2022-03-04 20:49:00,102.09,102.26,102.13,102.18,62.8806204
2022-03-04 20:48:00,102.0,102.17,102.16,102.15,296.40807816
2022-03-04 20:47:00,102.21,102.46,102.42,102.21,406.7848026
2022-03-04 20:46:00,102.31,102.45,102.38,102.43,206.26023082
2022-03-04 20:45:00,102.2,102.35,102.25,102.35,154.2851581
2022-03-04 20:44:00,102.25,102.47,102.46,102.25,215.64206296
2022-03-04 20:43:00,102.4,102.58,102.47,102.52,197.54140014
2022-03-04 20:42:00,102.16,102.49,102.26,102.44,178.2917468
2022-03-04 20:41:00,102.02,102.3,102.02,102.29,305.71239356
2022-03-04 20:40:00,101.78,102.03,101.88,102.0,290.25952162
2022-03-04 20:39:00,101.83,102.0,101.91,101.86,106.03583555
2022-03-04 20:38:00,101.84,101.98,101.98,101.93,2395.91455501
2022-03-04 20:37:00,101.97,102.27,102.23,101.97,354.11760941
2022-03-04 20:36:00,102.12,102.32,102.28,102.25,68.22830048
2022-03-04 20:35:00,102.02,102.33,102.02,102.33,149.6230157
2022-03-04 20:34:00,101.76,102.0,101.83,101.98,183.91756549
2022-03-04 20:33:00,101.81,102.05,102.01,101.91,167.6338116
2022-03-04 20:32:00,101.81,102.0,101.87,102.0,86.92913815
2022-03-04 20:31:00,101.73,101.85,101.73,101.83,58.80930287
2022-03-04 20:30:00,101.81,102.2,102.17,101.81,369.37872025
2022-03-04 20:29:00,101.94,102.2,102.08,102.2,134.65604279
2022-03-04 20:28:00,101.84,102.18,101.84,102.07,497.45570579
2022-03-04 20:27:00,101.46,101.88,101.47,101.81,317.14326565
2022-03-04 20:26:00,101.38,101.71,101.68,101.48,612.0423776
2022-03-04 20:25:00,101.66,101.84,101.8,101.69,69.20114169
2022-03-04 20:24:00,101.66,101.88,101.8,101.8,264.73095432
2022-03-04 20:23:00,101.8,101.95,101.88,101.83,69.04289409
2022-03-04 20:22:00,101.78,102.13,102.01,101.79,115.16740406
2022-03-04 20:21:00,101.69,101.95,101.93,101.93,117.31861566
2022-03-04 20:20:00,101.57,102.02,101.77,101.91,719.16774091
2022-03-04 20:19:00,101.84,102.07,101.88,101.89,293.64406304
2022-03-04 20:18:00,101.85,102.02,101.85,101.87,162.90322004
2022-03-04 20:17:00,101.8,102.06,101.82,101.82,411.58918094
2022-03-04 20:16:00,101.53,101.86,101.74,101.77,689.759916
2022-03-04 20:15:00,101.68,102.14,102.06,101.76,909.08004233
2022-03-04 20:14:00,101.91,102.35,102.28,102.03,820.28006063
2022-03-04 20:13:00,102.26,102.47,102.44,102.26,260.46769259
2022-03-04 20:12:00,102.41,102.65,102.65,102.45,176.9755422
2022-03-04 20:11:00,102.64,102.8,102.78,102.68,179.78715627
2022-03-04 20:10:00,102.62,102.8,102.67,102.75,277.85219768
2022-03-04 20:09:00,102.62,102.7,102.67,102.66,169.21222327
2022-03-04 20:08:00,102.61,102.73,102.68,102.7,93.51224444
2022-03-04 20:07:00,102.62,102.87,102.85,102.68,86.69039159
2022-03-04 20:06:00,102.76,102.97,102.79,102.84,200.26172511
2022-03-04 20:05:00,102.67,102.79,102.79,102.77,87.91918892
2022-03-04 20:04:00,102.74,102.95,102.91,102.74,181.79766815
2022-03-04 20:03:00,102.89,103.22,103.09,102.93,258.97288705
2022-03-04 20:02:00,102.62,103.08,102.62,103.08,289.00339016
2022-03-04 20:01:00,102.4,102.64,102.55,102.58,480.87852019
2022-03-04 20:00:00,102.49,102.78,102.73,102.59,191.86762465
2022-03-04 19:59:00,102.4,102.71,102.7,102.71,476.08340707
2022-03-04 19:58:00,102.66,102.97,102.9,102.74,338.55323932
2022-03-04 19:57:00,102.85,102.95,102.92,102.93,92.65243916
2022-03-04 19:56:00,102.89,103.01,102.95,102.92,155.57882124
2022-03-04 19:55:00,102.89,103.12,103.03,102.89,211.57382903
2022-03-04 19:54:00,103.01,103.24,103.07,103.05,1030.18445526
2022-03-04 19:53:00,102.52,103.07,102.88,103.07,3009.19996101
2022-03-04 19:52:00,102.87,103.14,103.14,102.89,164.31394656
2022-03-04 19:51:00,103.09,103.29,103.15,103.13,150.95308785
2022-03-04 19:50:00,102.79,103.14,102.84,103.05,529.28999303
2022-03-04 19:49:00,102.77,103.54,103.46,102.84,1499.94086759
2022-03-04 19:48:00,103.44,103.63,103.55,103.45,308.878314
2022-03-04 19:47:00,103.55,103.7,103.61,103.64,80.63507708
2022-03-04 19:46:00,103.51,103.68,103.52,103.6,50.88176916
2022-03-04 19:45:00,103.46,103.58,103.58,103.57,79.12394601
2022-03-04 19:44:00,103.46,103.67,103.61,103.59,373.45695324
2022-03-04 19:43:00,103.48,103.63,103.63,103.6,41.30339055
2022-03-04 19:42:00,103.53,103.75,103.73,103.63,150.69113133
2022-03-04 19:41:00,103.66,103.82,103.81,103.73,447.98049927
2022-03-04 19:40:00,103.79,103.9,103.87,103.8,38.39858505
2022-03-04 19:39:00,103.87,103.99,103.99,103.91,48.78865843
2022-03-04 19:38:00,103.86,103.98,103.91,103.91,23.51427417
2022-03-04 19:37:00,103.79,103.91,103.81,103.84,81.67613198
2022-03-04 19:36:00,103.76,103.93,103.84,103.83,132.86265804
2022-03-04 19:35:00,103.85,104.09,104.06,103.89,253.47043706
2022-03-04 19:34:00,103.92,104.12,104.03,104.09,31.25311841
2022-03-04 19:33:00,104.02,104.13,104.13,104.06,79.68981455
2022-03-04 19:32:00,104.02,104.2,104.2,104.14,56.59349299
2022-03-04 19:31:00,104.13,104.3,104.14,104.21,110.99335216
2022-03-04 19:30:00,103.96,104.23,104.04,104.21,193.73852777
2022-03-04 19:29:00,103.83,104.24,104.24,104.1,1418.97052975
2022-03-04 19:28:00,104.06,104.23,104.12,104.23,90.06613704
2022-03-04 19:27:00,104.08,104.25,104.23,104.16,170.37966271
2022-03-04 19:26:00,104.13,104.31,104.19,104.23,61.07308733
2022-03-04 19:25:00,103.77,104.15,103.77,104.15,1335.90283781
2022-03-04 19:24:00,103.74,103.91,103.89,103.76,148.83619808
2022-03-04 19:23:00,103.62,103.9,103.64,103.89,66.3656694
2022-03-04 19:22:00,103.7,104.04,103.92,103.75,1081.73890929
2022-03-04 19:21:00,103.46,103.91,103.48,103.87,162.02484023
2022-03-04 19:20:00,103.37,103.59,103.49,103.54,271.11941967
2022-03-04 19:19:00,103.34,103.53,103.47,103.53,97.8269693
2022-03-04 19:18:00,103.14,103.45,103.14,103.45,310.49133362
2022-03-04 19:17:00,103.09,103.4,103.4,103.12,1005.04782734
2022-03-04 19:16:00,103.27,103.42,103.42,103.38,76.93924183
2022-03-04 19:15:00,103.24,103.58,103.53,103.39,1498.77160436
2022-03-04 19:14:00,103.41,103.54,103.44,103.54,119.08200189
2022-03-04 19:13:00,103.28,103.53,103.46,103.44,102.14708219
2022-03-04 19:12:00,103.27,103.72,103.63,103.38,1020.49858715
2022-03-04 19:11:00,103.55,103.89,103.85,103.66,856.68877411
2022-03-04 19:10:00,103.78,104.44,104.44,103.83,921.18283886
2022-03-04 19:09:00,104.32,104.69,104.54,104.48,2153.77532279
2022-03-04 19:08:00,104.61,104.77,104.77,104.63,18.97727591
2022-03-04 19:07:00,104.79,104.98,104.91,104.79,98.91566107
2022-03-04 19:06:00,104.87,105.0,104.9,104.97,30.46694089
2022-03-04 19:05:00,104.83,105.05,104.86,104.98,188.12928867
2022-03-04 19:04:00,104.12,105.16,104.22,104.85,3294.81252657
2022-03-04 19:03:00,104.23,104.37,104.32,104.29,222.15288265
2022-03-04 19:02:00,104.35,104.46,104.43,104.4,105.28745607
2022-03-04 19:01:00,104.37,104.51,104.5,104.46,20.05382232
2022-03-04 19:00:00,104.49,104.7,104.52,104.49,63.96968039
2022-03-04 18:59:00,104.46,104.61,104.57,104.47,303.69452717
2022-03-04 18:58:00,104.59,104.74,104.63,104.64,100.69241069
2022-03-04 18:57:00,104.61,104.7,104.7,104.64,37.73803091
2022-03-04 18:56:00,104.7,104.82,104.82,104.73,49.53963092
2022-03-04 18:55:00,104.61,104.85,104.62,104.83,100.66142605
2022-03-04 18:54:00,104.61,104.79,104.71,104.61,44.8639091
2022-03-04 18:53:00,104.67,104.79,104.72,104.74,49.20016117
2022-03-04 18:52:00,104.63,104.76,104.73,104.71,93.57129266
2022-03-04 18:51:00,104.59,104.77,104.63,104.77,13.61535818
2022-03-04 18:50:00,104.54,104.68,104.56,104.63,20.22898989
2022-03-04 18:49:00,104.42,104.6,104.48,104.6,102.73372647
2022-03-04 18:48:00,104.37,104.47,104.4,104.47,52.36509275
2022-03-04 18:47:00,104.37,104.66,104.63,104.37,52.32777971
2022-03-04 18:46:00,104.62,104.72,104.71,104.67,134.45490276
2022-03-04 18:45:00,104.61,104.74,104.67,104.68,113.49505596
2022-03-04 18:44:00,104.58,104.74,104.58,104.66,213.3723023
2022-03-04 18:43:00,104.45,104.65,104.45,104.54,65.29685507
2022-03-04 18:42:00,104.48,104.78,104.72,104.48,177.86270516
2022-03-04 18:41:00,104.75,105.1,105.08,104.75,281.40559403
2022-03-04 18:40:00,105.04,105.22,105.22,105.04,122.01169969
2022-03-04 18:39:00,105.1,105.22,105.12,105.19,81.82970701
2022-03-04 18:38:00,105.08,105.22,105.08,105.15,67.6328104
2022-03-04 18:37:00,105.05,105.19,105.17,105.05,24.36503563
2022-03-04 18:36:00,105.11,105.2,105.2,105.18,59.24392018
2022-03-04 18:35:00,105.19,105.26,105.21,105.19,51.26911857
2022-03-04 18:34:00,105.2,105.31,105.31,105.21,32.03809821
2022-03-04 18:33:00,105.15,105.31,105.2,105.31,79.82792829
2022-03-04 18:32:00,105.14,105.21,105.18,105.21,54.42653311
2022-03-04 18:31:00,105.02,105.23,105.11,105.19,74.41024045
2022-03-04 18:30:00,105.05,105.19,105.11,105.1,108.03541609
2022-03-04 18:29:00,105.02,105.07,105.05,105.07,20.64216667
2022-03-04 18:28:00,104.97,105.09,104.97,105.06,127.00586158
2022-03-04 18:27:00,104.85,105.07,105.04,104.98,186.88415792
2022-03-04 18:26:00,104.96,105.06,105.0,105.04,939.86399828
2022-03-04 18:25:00,104.95,105.05,104.96,104.99,136.65038363
2022-03-04 18:24:00,104.92,105.13,105.08,104.93,158.69858109
2022-03-04 18:23:00,105.02,105.13,105.09,105.08,109.84145353
2022-03-04 18:22:00,105.03,105.22,105.18,105.06,19.53614039
2022-03-04 18:21:00,105.12,105.24,105.23,105.18,46.14601476
2022-03-04 18:20:00,105.02,105.19,105.06,105.19,51.69866965
2022-03-04 18:19:00,104.99,105.09,104.99,105.07,50.07545724
2022-03-04 18:18:00,104.89,105.05,104.98,105.0,79.59308959
2022-03-04 18:17:00,104.92,105.12,105.08,104.97,157.50784653
2022-03-05 04:17:00,100.81,100.86,100.85,100.85,149.03733983
2022-03-05 04:16:00,100.8,100.93,100.85,100.85,66.4368832
2022-03-05 04:15:00,100.79,100.95,100.94,100.84,130.90985662
2022-03-05 04:14:00,100.89,100.95,100.91,100.93,45.02837763
2022-03-05 04:13:00,100.85,100.94,100.91,100.89,38.48255044
2022-03-05 04:12:00,100.88,101.02,100.94,100.91,43.44964172
2022-03-05 04:11:00,100.78,100.98,100.84,100.95,136.20449546
2022-03-05 04:10:00,100.85,100.96,100.96,100.87,217.0022099
2022-03-05 04:09:00,100.94,101.02,100.94,100.97,90.60958233
2022-03-05 04:08:00,100.95,101.01,100.97,100.97,48.3252715
2022-03-05 04:07:00,100.96,101.05,101.05,101.0,23.49783601
2022-03-05 04:06:00,101.0,101.06,101.06,101.03,13.45662774
2022-03-05 04:05:00,101.04,101.22,101.07,101.07,186.55100454
2022-03-05 04:04:00,100.97,101.17,100.98,101.1,171.79285897
2022-03-05 04:03:00,100.79,101.07,101.07,100.96,755.07384081
2022-03-05 04:02:00,101.04,101.17,101.17,101.07,89.57352153
2022-03-05 04:01:00,101.11,101.19,101.13,101.16,79.3865085
2022-03-05 04:00:00,101.04,101.19,101.05,101.11,280.27235742
2022-03-05 03:59:00,101.06,101.12,101.06,101.07,83.38140259
2022-03-05 03:58:00,101.02,101.09,101.05,101.06,48.49503702
2022-03-05 03:57:00,101.06,101.18,101.14,101.06,101.40042041
2022-03-05 03:56:00,101.04,101.15,101.04,101.13,160.09258851
2022-03-05 03:55:00,101.02,101.11,101.11,101.04,297.06544592
2022-03-05 03:54:00,101.07,101.2,101.2,101.11,80.09851257
2022-03-05 03:53:00,101.07,101.19,101.09,101.18,156.26346037
2022-03-05 03:52:00,101.07,101.14,101.1,101.08,49.60882805
2022-03-05 03:51:00,101.07,101.11,101.1,101.08,30.48633216
2022-03-05 03:50:00,101.04,101.16,101.14,101.09,68.43431948
2022-03-05 03:49:00,101.01,101.17,101.02,101.15,156.41631359
2022-03-05 03:48:00,101.02,101.17,101.17,101.06,91.13878971
2022-03-05 03:47:00,101.17,101.32,101.31,101.17,71.26179216
2022-03-05 03:46:00,101.28,101.36,101.33,101.28,27.35833635
2022-03-05 03:45:00,101.28,101.42,101.35,101.32,278.73291909
2022-03-05 03:44:00,101.26,101.37,101.26,101.35,292.4786919
2022-03-05 03:43:00,101.26,101.3,101.27,101.28,66.93659953
2022-03-05 03:42:00,101.24,101.34,101.34,101.27,43.28326967
2022-03-05 03:41:00,101.23,101.34,101.29,101.33,128.02544278
2022-03-05 03:40:00,101.15,101.29,101.18,101.24,92.25202426
2022-03-05 03:39:00,101.19,101.3,101.3,101.2,102.08374945
2022-03-05 03:38:00,101.11,101.3,101.27,101.3,691.7871324
2022-03-05 03:37:00,101.23,101.31,101.27,101.27,125.92518374
2022-03-05 03:36:00,101.22,101.28,101.24,101.27,30.34369824
2022-03-05 03:35:00,101.16,101.29,101.2,101.21,210.57319306
2022-03-05 03:34:00,101.1,101.35,101.11,101.19,112.53167004
2022-03-05 03:33:00,101.03,101.13,101.03,101.11,206.24414527
2022-03-05 03:32:00,100.98,101.06,101.03,101.06,127.89669971
2022-03-05 03:31:00,100.87,101.02,100.87,101.01,167.11687589
2022-03-05 03:30:00,100.84,100.98,100.91,100.87,169.24031089
2022-03-05 03:29:00,100.89,100.97,100.94,100.94,181.11864868
2022-03-05 03:28:00,100.84,100.97,100.97,100.96,40.572706
2022-03-05 03:27:00,100.86,100.97,100.91,100.96,212.11387057
2022-03-05 03:26:00,100.77,100.92,100.78,100.91,84.69668004
2022-03-05 03:25:00,100.61,100.85,100.63,100.81,236.23434124
2022-03-05 03:24:00,100.58,100.67,100.67,100.6,75.54037464
2022-03-05 03:23:00,100.64,100.69,100.66,100.67,60.55096791
2022-03-05 03:22:00,100.61,100.68,100.66,100.68,61.9671901
2022-03-05 03:21:00,100.55,100.68,100.59,100.62,126.35516265
2022-03-05 03:20:00,100.58,100.7,100.66,100.58,73.69634931
2022-03-05 03:19:00,100.63,100.68,100.68,100.66,13.36181492
2022-03-05 03:18:00,100.65,100.77,100.65,100.68,67.39676571
2022-03-05 03:17:00,100.54,100.67,100.55,100.67,96.35510021
2022-03-05 03:16:00,100.52,100.66,100.53,100.52,52.28463594
2022-03-05 03:15:00,100.46,100.55,100.48,100.53,39.62204221
2022-03-05 03:14:00,100.37,100.49,100.38,100.48,62.6412895
2022-03-05 03:13:00,100.27,100.38,100.33,100.38,124.70127398
2022-03-05 03:12:00,100.33,100.41,100.41,100.33,176.28993681
2022-03-05 03:11:00,100.43,100.54,100.49,100.44,156.94671437
2022-03-05 03:10:00,100.43,100.49,100.47,100.44,14.61543183
2022-03-05 03:09:00,100.42,100.52,100.5,100.42,58.33110212
2022-03-05 03:08:00,100.45,100.53,100.52,100.53,23.26232067
2022-03-05 03:07:00,100.48,100.59,100.5,100.52,216.06838247
2022-03-05 03:06:00,100.48,100.57,100.57,100.53,174.24091236
2022-03-05 03:05:00,100.52,100.63,100.54,100.58,58.58880197
2022-03-05 03:04:00,100.48,100.57,100.54,100.54,65.57332171
2022-03-05 03:03:00,100.49,100.61,100.51,100.57,48.73881516
2022-03-05 03:02:00,100.48,100.57,100.48,100.51,91.39112208
2022-03-05 03:01:00,100.36,100.58,100.36,100.51,157.76402078
2022-03-05 03:00:00,100.16,100.36,100.31,100.36,330.47006413
2022-03-05 02:59:00,100.29,100.52,100.48,100.31,247.20878073
2022-03-05 02:58:00,100.48,100.53,100.51,100.48,14.88075783
2022-03-05 02:57:00,100.49,100.55,100.53,100.53,95.60178471
2022-03-05 02:56:00,100.53,100.63,100.63,100.57,46.92852354
2022-03-05 02:55:00,100.53,100.62,100.54,100.6,30.7499787
2022-03-05 02:54:00,100.48,100.59,100.54,100.56,70.29715898
2022-03-05 02:53:00,100.44,100.57,100.44,100.55,73.97188817
2022-03-05 02:52:00,100.43,100.57,100.43,100.48,45.01356115
2022-03-05 02:51:00,100.38,100.45,100.44,100.42,18.91951099
2022-03-05 02:50:00,100.34,100.46,100.34,100.46,288.51225476
2022-03-05 02:49:00,100.34,100.46,100.46,100.37,210.13376444
2022-03-05 02:48:00,100.38,100.54,100.38,100.45,268.29272743
2022-03-05 02:47:00,100.29,100.42,100.41,100.4,65.54079753
2022-03-05 02:46:00,100.3,100.42,100.34,100.41,77.49100792
2022-03-05 02:45:00,100.25,100.43,100.26,100.35,531.16704737
2022-03-05 02:44:00,100.18,100.34,100.34,100.23,154.06135773
2022-03-05 02:43:00,100.3,100.37,100.34,100.31,38.43505949
2022-03-05 02:42:00,100.31,100.4,100.31,100.4,160.67359507
2022-03-05 02:41:00,100.15,100.39,100.27,100.33,74.95734181
2022-03-05 02:40:00,100.22,100.38,100.34,100.25,138.0201709
2022-03-05 02:39:00,100.37,100.46,100.42,100.37,68.63026322
2022-03-05 02:38:00,100.3,100.44,100.42,100.42,78.09617084
2022-03-05 02:37:00,100.4,100.52,100.45,100.4,123.09050829
2022-03-05 02:36:00,100.33,100.45,100.33,100.43,19.60206998
2022-03-05 02:35:00,100.08,100.35,100.12,100.33,87.41706603
2022-03-05 02:34:00,100.16,100.24,100.23,100.17,81.03892892
2022-03-05 02:33:00,100.19,100.27,100.2,100.2,17.18065895
2022-03-05 02:32:00,100.21,100.32,100.27,100.21,156.01702096
2022-03-05 02:31:00,100.19,100.31,100.28,100.26,65.48654447
2022-03-05 02:30:00,100.15,100.3,100.21,100.25,178.23397021
2022-03-05 02:29:00,100.14,100.21,100.19,100.21,54.81040474
2022-03-05 02:28:00,100.11,100.21,100.11,100.19,88.50424167
2022-03-05 02:27:00,100.08,100.21,100.1,100.17,62.08980633
2022-03-05 02:26:00,100.02,100.23,100.02,100.17,229.25913836
2022-03-05 02:25:00,100.0,100.31,100.29,100.02,211.49796825
2022-03-05 02:24:00,100.26,100.41,100.26,100.29,215.71081385
2022-03-05 02:23:00,100.16,100.25,100.22,100.25,76.49201452
2022-03-05 02:22:00,100.08,100.22,100.12,100.2,89.26708817
2022-03-05 02:21:00,99.99,100.18,100.16,100.1,337.64552892
2022-03-05 02:20:00,100.15,100.42,100.4,100.17,278.94334354
2022-03-05 02:19:00,100.38,100.48,100.47,100.4,35.59891163
2022-03-05 02:18:00,100.42,100.49,100.42,100.48,169.74278274
2022-03-05 02:17:00,100.32,100.44,100.41,100.42,90.43049972
2022-03-05 02:16:00,100.42,100.48,100.45,100.45,41.54893277
2022-03-05 02:15:00,100.42,100.57,100.55,100.45,289.10471222
2022-03-05 02:14:00,100.48,100.59,100.52,100.57,61.34086072
2022-03-05 02:13:00,100.45,100.54,100.52,100.54,162.18271005
2022-03-05 02:12:00,100.4,100.53,100.44,100.53,90.2555288
2022-03-05 02:11:00,100.37,100.5,100.43,100.43,52.08623015
2022-03-05 02:10:00,100.39,100.5,100.44,100.44,246.13020438
2022-03-05 02:09:00,100.39,100.45,100.45,100.41,332.36913347
2022-03-05 02:08:00,100.41,100.49,100.42,100.43,81.49987472
2022-03-05 02:07:00,100.38,100.49,100.46,100.46,255.76895962
2022-03-05 02:06:00,100.29,100.48,100.32,100.48,140.0684187
2022-03-05 02:05:00,100.07,100.32,100.07,100.3,280.55377067
2022-03-05 02:04:00,100.07,100.12,100.1,100.07,115.52174962
2022-03-05 02:03:00,100.12,100.29,100.24,100.14,243.79080717
2022-03-05 02:02:00,100.2,100.33,100.33,100.26,111.719918
2022-03-05 02:01:00,100.13,100.35,100.13,100.35,208.47373198
2022-03-05 02:00:00,100.04,100.13,100.08,100.13,63.65810899
2022-03-05 01:59:00,100.04,100.14,100.1,100.08,250.56582594
2022-03-05 01:58:00,99.99,100.13,100.02,100.07,219.15056944
2022-03-05 01:57:00,100.0,100.08,100.06,100.06,146.47176958
2022-03-05 01:56:00,99.91,100.05,99.95,100.04,64.98290675
2022-03-05 01:55:00,99.92,100.07,100.02,99.94,131.89054472
2022-03-05 01:54:00,99.98,100.03,100.0,99.99,33.42583272
2022-03-05 01:53:00,99.96,100.07,100.06,100.03,151.20982034
2022-03-05 01:52:00,100.0,100.06,100.0,100.05,34.1254756
2022-03-05 01:51:00,99.9,100.02,99.9,100.0,41.88379482
2022-03-05 01:50:00,99.88,100.1,100.1,99.92,149.90082395
2022-03-05 01:49:00,100.05,100.11,100.08,100.08,162.49799378
2022-03-05 01:48:00,100.05,100.13,100.13,100.11,151.81070346
2022-03-05 01:47:00,100.08,100.18,100.17,100.14,108.5831977
2022-03-05 01:46:00,100.07,100.21,100.17,100.2,154.30864569
2022-03-05 01:45:00,100.12,100.23,100.16,100.16,118.10403292
2022-03-05 01:44:00,100.1,100.25,100.15,100.15,297.13041205
2022-03-05 01:43:00,100.09,100.28,100.17,100.17,165.5794112
2022-03-05 01:42:00,100.09,100.2,100.17,100.2,54.47059713
2022-03-05 01:41:00,100.12,100.28,100.24,100.19,193.28383159
2022-03-05 01:40:00,100.07,100.26,100.13,100.26,141.88314513
2022-03-05 01:39:00,99.84,100.16,99.84,100.16,257.71556407
2022-03-05 01:38:00,99.69,99.93,99.72,99.89,221.15423961
2022-03-05 01:37:00,99.67,99.96,99.68,99.74,503.39406982
2022-03-05 01:36:00,99.67,99.95,99.95,99.69,83.43492386
2022-03-05 01:35:00,99.92,100.13,100.11,99.95,55.54073701
2022-03-05 01:34:00,99.99,100.13,100.08,100.11,186.68646674
2022-03-05 01:33:00,99.96,100.14,99.96,100.07,121.86659571
2022-03-05 01:32:00,99.91,100.05,99.94,99.95,139.91926199
2022-03-05 01:31:00,99.91,100.12,100.08,99.92,281.19921795
2022-03-05 01:30:00,100.05,100.21,100.19,100.08,94.68994252
2022-03-05 01:29:00,100.09,100.2,100.09,100.19,62.8319447
2022-03-05 01:28:00,100.08,100.2,100.12,100.11,523.85905293
2022-03-05 01:27:00,99.79,100.12,99.89,100.09,220.12413754
2022-03-05 01:26:00,99.92,100.3,100.23,99.92,208.56166462
2022-03-05 01:25:00,100.15,100.39,100.18,100.25,434.36482828
2022-03-05 01:24:00,100.1,100.22,100.1,100.15,77.86254233
2022-03-05 01:23:00,100.12,100.41,100.4,100.18,96.48981642
2022-03-05 01:22:00,100.35,100.43,100.39,100.41,36.45679305
2022-03-05 01:21:00,100.29,100.39,100.3,100.38,30.18562612
2022-03-05 01:20:00,100.08,100.29,100.13,100.29,200.68528749
2022-03-05 01:19:00,100.07,100.14,100.09,100.12,55.66512003
2022-03-05 01:18:00,100.06,100.15,100.06,100.12,23.96518037
2022-03-05 01:17:00,99.98,100.2,100.06,100.11,418.77411462
2022-03-05 01:16:00,100.02,100.2,100.1,100.05,221.08784479
2022-03-05 01:15:00,100.13,100.74,100.66,100.13,278.48131073
2022-03-05 01:14:00,100.46,100.71,100.46,100.68,316.05256963
2022-03-05 01:13:00,100.36,100.47,100.42,100.44,141.74394338
2022-03-05 01:12:00,100.36,100.42,100.39,100.42,11.39061772
2022-03-05 01:11:00,100.4,100.49,100.42,100.43,206.33793502
2022-03-05 01:10:00,100.23,100.43,100.34,100.43,118.19126729
2022-03-05 01:09:00,100.19,100.38,100.21,100.38,261.3667783
2022-03-05 01:08:00,100.16,100.29,100.21,100.22,140.20887758
2022-03-05 01:07:00,100.05,100.27,100.23,100.17,482.81554206
2022-03-05 01:06:00,100.03,100.28,100.26,100.26,187.10683661
2022-03-05 01:05:00,100.32,100.48,100.35,100.33,304.99735202
2022-03-05 01:04:00,100.13,100.4,100.14,100.39,280.52610632
2022-03-05 01:03:00,99.43,100.16,99.64,100.1,806.92539727
2022-03-05 01:02:00,99.62,100.0,100.0,99.69,1391.78665537
2022-03-05 01:01:00,100.0,100.2,100.05,100.0,228.58642527
2022-03-05 01:00:00,99.68,100.07,99.68,100.07,204.33074822
2022-03-05 00:59:00,99.68,99.89,99.78,99.71,127.59650882
2022-03-05 00:58:00,99.62,99.87,99.8,99.78,1145.76867591
2022-03-05 00:57:00,99.73,100.0,99.96,99.8,307.77488842
2022-03-05 00:56:00,99.86,100.14,100.05,99.95,350.07123225
2022-03-05 00:55:00,99.97,100.15,100.04,100.07,241.72333549
2022-03-05 00:54:00,99.97,100.12,100.07,100.04,621.79215166
2022-03-05 00:53:00,100.06,100.37,100.36,100.09,256.87297099
2022-03-05 00:52:00,100.24,100.39,100.36,100.3,138.10662122
2022-03-05 00:51:00,100.3,100.44,100.35,100.39,92.45626767
2022-03-05 00:50:00,100.16,100.39,100.23,100.31,255.19107719
2022-03-05 00:49:00,100.19,100.3,100.28,100.26,45.72612219
2022-03-05 00:48:00,100.17,100.32,100.25,100.31,151.15254744
2022-03-05 00:47:00,100.05,100.3,100.14,100.3,88.11575169
2022-03-05 00:46:00,99.98,100.17,99.98,100.16,327.93449163
2022-03-05 00:45:00,99.83,100.0,99.88,99.99,172.79027852
2022-03-05 00:44:00,99.78,100.23,100.12,99.91,557.22860846
2022-03-05 00:43:00,100.12,100.26,100.22,100.12,189.9865842
2022-03-05 00:42:00,100.19,100.34,100.31,100.23,520.22010844
2022-03-05 00:41:00,100.18,100.36,100.18,100.28,70.67019418
2022-03-05 00:40:00,100.02,100.22,100.12,100.13,93.41926187
2022-03-05 00:39:00,100.14,100.24,100.16,100.18,90.00505267
2022-03-05 00:38:00,100.04,100.52,100.52,100.2,578.70943358
2022-03-05 00:37:00,100.4,100.62,100.61,100.47,74.35270177
2022-03-05 00:36:00,100.34,100.63,100.41,100.57,133.2645893
2022-03-05 00:35:00,100.19,100.53,100.22,100.45,306.49184038
2022-03-05 00:34:00,99.95,100.26,99.95,100.25,165.75915622
2022-03-05 00:33:00,99.76,100.07,99.96,99.84,237.04750772
2022-03-05 00:32:00,99.97,100.34,100.32,99.97,92.9382039
2022-03-05 00:31:00,100.26,100.43,100.38,100.34,416.59121328
2022-03-05 00:30:00,100.34,100.52,100.5,100.38,119.99581168
2022-03-05 00:29:00,100.45,100.56,100.5,100.5,116.89381941
2022-03-05 00:28:00,100.44,100.86,100.75,100.48,298.18569541
2022-03-05 00:27:00,100.68,100.8,100.71,100.76,93.85788617
2022-03-05 00:26:00,100.51,100.71,100.51,100.71,92.23211919
2022-03-05 00:25:00,100.39,100.55,100.4,100.47,138.80488846
2022-03-05 00:24:00,100.3,100.4,100.33,100.4,138.75746947
2022-03-05 00:23:00,100.25,100.36,100.25,100.36,40.80085453
2022-03-05 00:22:00,100.16,100.27,100.22,100.24,313.11267701
2022-03-05 00:21:00,100.14,100.24,100.15,100.22,49.45151153
2022-03-05 00:20:00,100.1,100.23,100.14,100.12,119.40111746
2022-03-05 00:19:00,100.06,100.31,100.3,100.12,46.73496576
2022-03-05 00:18:00,100.18,100.34,100.18,100.29,249.21090844
2022-03-05 00:17:00,99.83,100.17,99.89,100.16,486.53198509
2022-03-05 00:16:00,99.84,100.04,99.94,99.86,166.19336723
2022-03-05 00:15:00,99.9,100.37,100.26,99.9,306.1345469
2022-03-05 00:14:00,100.15,100.46,100.2,100.29,687.35369126
2022-03-05 00:13:00,100.24,100.41,100.32,100.24,207.19059709
2022-03-05 00:12:00,100.01,100.35,100.13,100.28,217.58143865
2022-03-05 00:11:00,100.12,100.3,100.25,100.12,278.05141727
2022-03-05 00:10:00,100.15,100.53,100.16,100.27,117.45958923
2022-03-05 00:09:00,99.99,100.18,100.02,100.15,231.79170425
2022-03-05 00:08:00,99.89,100.16,100.15,99.98,199.64063737
2022-03-05 00:07:00,99.87,100.2,99.88,100.2,229.52438354
2022-03-05 00:06:00,99.86,100.32,100.28,99.86,288.56517618
2022-03-05 00:05:00,100.26,100.62,100.6,100.31,276.07495618
2022-03-05 00:04:00,100.42,100.65,100.46,100.64,355.19684232
2022-03-05 00:03:00,99.74,100.51,99.99,100.51,1132.82627131
2022-03-05 00:02:00,99.98,100.44,100.25,100.0,850.75139516
2022-03-05 00:01:00,100.2,100.97,100.97,100.24,1089.42185141
2022-03-05 00:00:00,100.92,101.05,101.04,101.01,181.54502002
2022-03-04 23:59:00,101.05,101.18,101.15,101.05,151.08970402
2022-03-04 23:58:00,101.05,101.17,101.05,101.15,61.23708844
2022-03-04 23:57:00,100.95,101.07,101.06,101.03,77.93493561
2022-03-04 23:56:00,101.01,101.07,101.01,101.07,69.63010943
2022-03-04 23:55:00,100.98,101.11,101.06,101.03,39.6770104
2022-03-04 23:54:00,101.05,101.12,101.1,101.09,105.34401752
2022-03-04 23:53:00,100.94,101.09,100.96,101.09,69.08498702
2022-03-04 23:52:00,100.94,101.02,101.02,100.99,101.99622834
2022-03-04 23:51:00,100.87,101.06,100.91,101.05,141.43408212
2022-03-04 23:50:00,100.85,100.92,100.9,100.87,91.37582576
2022-03-04 23:49:00,100.86,101.0,100.98,100.88,119.44415589
2022-03-04 23:48:00,100.93,101.11,101.08,100.95,84.37131977
2022-03-04 23:47:00,100.96,101.08,100.99,101.08,57.51695009
2022-03-04 23:46:00,100.93,101.05,101.05,100.99,139.25457578
2022-03-04 23:45:00,100.99,101.35,101.35,101.1,189.44725692
2022-03-04 23:44:00,101.3,101.43,101.31,101.37,309.92960586
2022-03-04 23:43:00,101.26,101.4,101.28,101.33,375.0468878
2022-03-04 23:42:00,101.16,101.29,101.22,101.29,299.42226923
2022-03-04 23:41:00,101.16,101.29,101.17,101.25,82.20059153
2022-03-04 23:40:00,101.16,101.31,101.23,101.16,166.69050875
2022-03-04 23:39:00,101.13,101.23,101.16,101.23,209.25743602
2022-03-04 23:38:00,101.12,101.21,101.21,101.16,108.26904288
2022-03-04 23:37:00,101.17,101.3,101.2,101.21,124.18250715
2022-03-04 23:36:00,101.16,101.27,101.25,101.2,131.56364774
2022-03-04 23:35:00,101.22,101.34,101.31,101.25,229.71455326
2022-03-04 23:34:00,101.27,101.33,101.27,101.3,84.89722194
2022-03-04 23:33:00,101.19,101.35,101.23,101.26,233.13445363
2022-03-04 23:32:00,101.14,101.27,101.15,101.23,428.99813853
2022-03-04 23:31:00,101.06,101.21,101.12,101.14,134.01710977
2022-03-04 23:30:00,100.99,101.17,101.16,101.1,118.81983939
2022-03-04 23:29:00,101.12,101.17,101.16,101.17,32.51577159
2022-03-04 23:28:00,101.01,101.13,101.03,101.13,63.18572689
2022-03-04 23:27:00,101.03,101.18,101.17,101.08,119.12523199
2022-03-04 23:26:00,101.1,101.23,101.18,101.18,118.85728819
2022-03-04 23:25:00,101.13,101.27,101.15,101.18,101.23317789
2022-03-04 23:24:00,101.04,101.18,101.1,101.14,205.30324528
2022-03-04 23:23:00,101.0,101.11,101.07,101.1,711.07619094
2022-03-04 23:22:00,101.02,101.13,101.03,101.09,79.48215366
2022-03-04 23:21:00,100.79,101.07,100.81,101.02,215.99161102
2022-03-04 23:20:00,100.61,100.82,100.65,100.81,148.34604884
2022-03-04 23:19:00,100.59,100.87,100.85,100.63,298.21529198
2022-03-04 23:18:00,100.82,100.95,100.93,100.88,539.00144568
2022-03-04 23:17:00,100.93,101.27,101.24,100.93,158.90840886
2022-03-05 09:17:00,103.01,103.07,103.06,103.04,3.63754074
2022-03-05 09:16:00,102.98,103.07,103.02,103.07,49.16209687
2022-03-05 09:15:00,102.94,103.02,102.94,102.98,54.67511821
2022-03-05 09:14:00,102.86,102.96,102.9,102.93,40.183149
2022-03-05 09:13:00,102.86,102.96,102.95,102.88,57.22736242
2022-03-05 09:12:00,102.86,102.93,102.87,102.93,74.00650635
2022-03-05 09:11:00,102.86,102.95,102.88,102.87,97.82269932
2022-03-05 09:10:00,102.79,102.89,102.79,102.86,33.58711094
2022-03-05 09:09:00,102.74,102.84,102.74,102.83,113.04498128
2022-03-05 09:08:00,102.72,102.77,102.76,102.73,43.53243343
2022-03-05 09:07:00,102.75,102.82,102.79,102.79,7.46887002
2022-03-05 09:06:00,102.6,102.79,102.77,102.76,207.51076265
2022-03-05 09:05:00,102.77,102.77,102.77,102.77,1.21487352
2022-03-05 09:04:00,102.54,102.74,102.54,102.74,119.7733637
2022-03-05 09:03:00,102.55,102.72,102.72,102.55,161.27878259
2022-03-05 09:02:00,102.71,102.77,102.76,102.77,94.42266483
2022-03-05 09:01:00,102.8,103.01,102.98,102.8,80.43905183
2022-03-05 09:00:00,102.93,103.0,102.93,102.97,30.38582613
2022-03-05 08:59:00,102.87,102.93,102.93,102.93,9.0590773
2022-03-05 08:58:00,102.86,102.94,102.86,102.91,67.70897362
2022-03-05 08:57:00,102.87,102.91,102.9,102.88,50.74977142
2022-03-05 08:56:00,102.9,102.97,102.92,102.9,55.55443373
2022-03-05 08:55:00,102.86,102.91,102.88,102.91,465.49314429
2022-03-05 08:54:00,102.83,102.99,102.99,102.89,54.78937776
2022-03-05 08:53:00,102.9,102.96,102.94,102.91,29.44374071
2022-03-05 08:52:00,102.9,102.99,102.99,102.9,217.80189375
2022-03-05 08:51:00,102.98,103.06,103.02,102.99,50.05275307
2022-03-05 08:50:00,103.05,103.07,103.05,103.05,43.97165082
2022-03-05 08:49:00,103.04,103.11,103.05,103.09,56.58140909
2022-03-05 08:48:00,102.94,103.03,103.01,103.03,45.90498818
2022-03-05 08:47:00,102.94,103.05,103.05,103.0,117.07718101
2022-03-05 08:46:00,102.97,103.1,103.01,103.1,64.82945283
2022-03-05 08:45:00,102.81,103.05,103.0,102.94,838.65368917
2022-03-05 08:44:00,102.75,103.0,102.76,103.0,108.61845682
2022-03-05 08:43:00,102.75,102.92,102.78,102.78,213.56421248
2022-03-05 08:42:00,102.6,102.78,102.6,102.78,47.00016113
2022-03-05 08:41:00,102.51,102.61,102.53,102.61,35.54234933
2022-03-05 08:40:00,102.57,102.69,102.68,102.57,86.62144439
2022-03-05 08:39:00,102.62,102.66,102.64,102.66,16.30327497
2022-03-05 08:38:00,102.56,102.66,102.59,102.66,37.22884339
2022-03-05 08:37:00,102.5,102.59,102.5,102.56,24.05680708
2022-03-05 08:36:00,102.5,102.53,102.5,102.52,3.00029626
2022-03-05 08:35:00,102.52,102.58,102.56,102.58,40.2976413
2022-03-05 08:34:00,102.47,102.59,102.52,102.59,9.44905401
2022-03-05 08:33:00,102.37,102.5,102.49,102.5,128.43671423
2022-03-05 08:32:00,102.47,102.52,102.48,102.47,13.22620907
2022-03-05 08:31:00,102.49,102.56,102.51,102.49,159.1894255
2022-03-05 08:30:00,102.49,102.52,102.5,102.52,395.15492832
2022-03-05 08:29:00,102.47,102.53,102.49,102.49,138.09020213
2022-03-05 08:28:00,102.44,102.5,102.48,102.5,557.4501663
2022-03-05 08:27:00,102.31,102.45,102.36,102.45,54.6357859
2022-03-05 08:26:00,102.31,102.57,102.52,102.31,313.00733195
2022-03-05 08:25:00,102.49,102.54,102.54,102.52,84.06412589
2022-03-05 08:24:00,102.54,102.6,102.58,102.57,4.05149528
2022-03-05 08:23:00,102.49,102.59,102.49,102.57,21.86980968
2022-03-05 08:22:00,102.49,102.65,102.65,102.49,260.63148517
2022-03-05 08:21:00,102.59,102.69,102.6,102.65,154.17642156
2022-03-05 08:20:00,102.42,102.78,102.46,102.56,5017.92678859
2022-03-05 08:19:00,102.29,102.46,102.29,102.46,138.53199213
2022-03-05 08:18:00,102.27,102.3,102.28,102.29,4.0545719
2022-03-05 08:17:00,102.24,102.29,102.26,102.25,4.98332839
2022-03-05 08:16:00,102.14,102.31,102.31,102.17,53.53377852
2022-03-05 08:15:00,102.28,102.3,102.28,102.3,73.09775852
2022-03-05 08:14:00,102.25,102.3,102.26,102.25,23.78681966
2022-03-05 08:13:00,102.24,102.29,102.26,102.28,21.80425981
2022-03-05 08:12:00,102.22,102.3,102.22,102.27,8.02784331
2022-03-05 08:11:00,102.23,102.27,102.25,102.25,48.68271224
2022-03-05 08:10:00,102.22,102.27,102.25,102.24,39.20275232
2022-03-05 08:09:00,102.21,102.32,102.32,102.3,23.20813
2022-03-05 08:08:00,102.24,102.31,102.27,102.27,44.59741051
2022-03-05 08:07:00,102.21,102.27,102.21,102.27,34.15543449
2022-03-05 08:06:00,102.14,102.24,102.14,102.24,29.06764172
2022-03-05 08:05:00,102.14,102.24,102.23,102.14,24.21359358
2022-03-05 08:04:00,102.16,102.24,102.16,102.21,6.0517211
2022-03-05 08:03:00,102.14,102.18,102.15,102.15,46.30161874
2022-03-05 08:02:00,102.12,102.19,102.19,102.12,89.87722651
2022-03-05 08:01:00,102.14,102.31,102.31,102.21,75.07707563
2022-03-05 08:00:00,102.14,102.31,102.14,102.29,78.45756425
2022-03-05 07:59:00,102.13,102.2,102.18,102.19,15.34682307
2022-03-05 07:58:00,102.14,102.22,102.17,102.18,93.8592388
2022-03-05 07:57:00,102.11,102.22,102.17,102.16,21.8135492
2022-03-05 07:56:00,102.14,102.19,102.19,102.16,4.885097
2022-03-05 07:55:00,102.15,102.2,102.18,102.15,65.38431376
2022-03-05 07:54:00,102.05,102.2,102.09,102.2,31.91317313
2022-03-05 07:53:00,102.09,102.19,102.18,102.09,293.34514533
2022-03-05 07:52:00,102.2,102.29,102.21,102.21,7.46369627
2022-03-05 07:51:00,102.21,102.32,102.31,102.21,34.15522382
2022-03-05 07:50:00,102.27,102.33,102.33,102.31,23.69803492
2022-03-05 07:49:00,102.2,102.35,102.24,102.32,41.75539974
2022-03-05 07:48:00,102.19,102.23,102.2,102.22,22.47632652
2022-03-05 07:47:00,102.14,102.24,102.24,102.18,12.34177517
2022-03-05 07:46:00,102.14,102.33,102.3,102.23,149.62321909
2022-03-05 07:45:00,102.22,102.35,102.22,102.3,195.6389346
2022-03-05 07:44:00,102.19,102.24,102.2,102.22,26.00773023
2022-03-05 07:43:00,102.17,102.22,102.18,102.19,4.94513862
2022-03-05 07:42:00,102.07,102.15,102.08,102.15,43.83402329
2022-03-05 07:41:00,102.04,102.11,102.08,102.08,17.47488625
2022-03-05 07:40:00,101.98,102.13,102.03,102.09,263.61866463
2022-03-05 07:39:00,101.97,102.03,101.98,101.98,62.33599951
2022-03-05 07:38:00,101.99,102.08,102.08,102.02,5.2856153
2022-03-05 07:37:00,102.03,102.09,102.07,102.07,3.62872246
2022-03-05 07:36:00,101.99,102.1,101.99,102.08,31.34980552
2022-03-05 07:35:00,101.97,102.07,102.07,102.01,30.23358286
2022-03-05 07:34:00,102.06,102.16,102.16,102.1,52.66417972
2022-03-05 07:33:00,102.06,102.21,102.21,102.15,115.43279278
2022-03-05 07:32:00,102.14,102.21,102.15,102.21,68.80148247
2022-03-05 07:31:00,102.14,102.19,102.14,102.14,15.52036667
2022-03-05 07:30:00,102.04,102.28,102.27,102.06,50.57436429
2022-03-05 07:29:00,102.22,102.36,102.31,102.25,35.26691148
2022-03-05 07:28:00,102.25,102.32,102.31,102.32,11.34573587
2022-03-05 07:27:00,102.27,102.35,102.32,102.3,74.35917842
2022-03-05 07:26:00,102.26,102.34,102.26,102.28,14.48703099
2022-03-05 07:25:00,102.21,102.33,102.21,102.31,40.90971114
2022-03-05 07:24:00,102.15,102.25,102.16,102.17,108.2011812
2022-03-05 07:23:00,102.1,102.28,102.28,102.15,183.74560086
2022-03-05 07:22:00,102.22,102.29,102.22,102.27,31.50803402
2022-03-05 07:21:00,102.2,102.3,102.3,102.25,55.0425897
2022-03-05 07:20:00,102.12,102.31,102.22,102.31,49.68696142
2022-03-05 07:19:00,102.18,102.36,102.29,102.22,224.5558902
2022-03-05 07:18:00,102.17,102.32,102.17,102.22,20.85743578
2022-03-05 07:17:00,102.11,102.18,102.13,102.18,14.4234809
2022-03-05 07:16:00,102.03,102.14,102.05,102.11,91.98346452
2022-03-05 07:15:00,101.94,102.06,102.06,102.03,48.22749578
2022-03-05 07:14:00,102.06,102.12,102.12,102.06,104.58000688
2022-03-05 07:13:00,101.98,102.12,101.99,102.12,31.38803635
2022-03-05 07:12:00,101.97,102.04,102.03,102.0,29.97316261
2022-03-05 07:11:00,101.94,102.04,101.94,102.02,27.43607265
2022-03-05 07:10:00,101.88,101.99,101.89,101.98,54.55671932
2022-03-05 07:09:00,101.81,101.89,101.82,101.84,118.33346699
2022-03-05 07:08:00,101.81,101.88,101.83,101.82,9.99740159
2022-03-05 07:07:00,101.78,101.83,101.79,101.81,6.73568564
2022-03-05 07:06:00,101.75,101.82,101.82,101.78,10.89659695
2022-03-05 07:05:00,101.76,101.88,101.86,101.79,71.20507815
2022-03-05 07:04:00,101.85,101.92,101.88,101.88,18.26931565
2022-03-05 07:03:00,101.88,101.93,101.91,101.91,39.82674039
2022-03-05 07:02:00,101.79,101.91,101.79,101.88,34.95564803
2022-03-05 07:01:00,101.72,101.79,101.78,101.78,42.8618526
2022-03-05 07:00:00,101.76,101.95,101.83,101.77,144.50542706
2022-03-05 06:59:00,101.81,101.91,101.81,101.86,107.07290746
2022-03-05 06:58:00,101.78,101.87,101.85,101.82,62.39063634
2022-03-05 06:57:00,101.8,101.87,101.81,101.86,33.63439359
2022-03-05 06:56:00,101.73,101.86,101.73,101.83,132.79044426
2022-03-05 06:55:00,101.73,101.77,101.74,101.73,39.74184945
2022-03-05 06:54:00,101.73,101.77,101.73,101.75,27.31643401
2022-03-05 06:53:00,101.73,101.79,101.73,101.76,4.65379518
2022-03-05 06:52:00,101.71,101.8,101.77,101.76,60.30626436
2022-03-05 06:51:00,101.74,101.8,101.75,101.77,31.4566956
2022-03-05 06:50:00,101.74,101.89,101.88,101.74,24.25068601
2022-03-05 06:49:00,101.83,101.89,101.83,101.89,29.03817854
2022-03-05 06:48:00,101.83,101.88,101.88,101.84,8.11330701
2022-03-05 06:47:00,101.84,101.93,101.84,101.89,98.57256173
2022-03-05 06:46:00,101.87,101.94,101.92,101.87,135.41696922
2022-03-05 06:45:00,101.9,102.01,101.97,101.96,169.89757525
2022-03-05 06:44:00,101.92,101.99,101.97,101.99,10.8134821
2022-03-05 06:43:00,101.93,102.03,102.02,101.97,87.39174423
2022-03-05 06:42:00,101.94,102.03,102.0,102.01,24.42264251
2022-03-05 06:41:00,101.84,102.0,101.85,102.0,30.48678738
2022-03-05 06:40:00,101.88,102.03,102.03,101.92,170.06821995
2022-03-05 06:39:00,102.03,102.12,102.09,102.03,116.84981875
2022-03-05 06:38:00,102.03,102.1,102.06,102.1,216.6492008
2022-03-05 06:37:00,101.92,102.07,101.92,102.07,66.76053195
2022-03-05 06:36:00,101.9,101.93,101.93,101.91,6.7027385
2022-03-05 06:35:00,101.84,101.93,101.92,101.89,70.27202777
2022-03-05 06:34:00,101.9,102.02,101.98,101.93,134.45579371
2022-03-05 06:33:00,101.94,102.0,101.97,101.98,87.02307168
2022-03-05 06:32:00,101.87,101.95,101.87,101.95,55.66492195
2022-03-05 06:31:00,101.86,101.95,101.95,101.87,69.50637242
2022-03-05 06:30:00,101.97,102.02,101.98,101.98,5.91427801
2022-03-05 06:29:00,101.85,101.9,101.89,101.9,125.13206312
2022-03-05 06:28:00,101.84,101.9,101.84,101.9,31.75821142
2022-03-05 06:27:00,101.83,101.9,101.88,101.83,46.50784661
2022-03-05 06:26:00,101.88,101.99,101.95,101.88,81.56388976
2022-03-05 06:25:00,101.92,102.06,102.03,101.92,140.02300249
2022-03-05 06:24:00,101.87,102.03,101.87,102.03,131.86126249
2022-03-05 06:23:00,101.82,101.89,101.82,101.87,39.93813663
2022-03-05 06:22:00,101.8,101.9,101.84,101.8,85.16185588
2022-03-05 06:21:00,101.78,101.87,101.82,101.82,94.49428913
2022-03-05 06:20:00,101.81,102.06,102.02,101.81,263.66523048
2022-03-05 06:19:00,101.92,102.02,101.93,102.02,77.03219049
2022-03-05 06:18:00,101.87,101.94,101.87,101.92,19.30346514
2022-03-05 06:17:00,101.89,101.99,101.99,101.9,181.75662502
2022-03-05 06:16:00,101.92,102.01,102.01,101.97,167.5961973
2022-03-05 06:15:00,101.92,102.08,101.99,102.03,191.98816868
2022-03-05 06:14:00,101.85,101.99,101.95,101.98,77.02487867
2022-03-05 06:13:00,101.85,101.97,101.88,101.95,30.3228507
2022-03-05 06:12:00,101.9,101.99,101.92,101.9,111.50408262
2022-03-05 06:11:00,101.84,101.93,101.84,101.93,41.37791321
2022-03-05 06:10:00,101.74,101.88,101.83,101.87,176.27111915
2022-03-05 06:09:00,101.87,101.97,101.94,101.87,21.93991922
2022-03-05 06:08:00,101.83,101.94,101.85,101.94,43.15670321
2022-03-05 06:07:00,101.71,101.88,101.72,101.86,52.26312077
2022-03-05 06:06:00,101.7,101.79,101.7,101.75,48.5935964
2022-03-05 06:05:00,101.63,101.82,101.78,101.72,55.20055831
2022-03-05 06:04:00,101.76,101.85,101.85,101.79,18.82447208
2022-03-05 06:03:00,101.74,101.84,101.83,101.81,86.69766404
2022-03-05 06:02:00,101.76,101.84,101.82,101.8,31.8186887
2022-03-05 06:01:00,101.72,101.83,101.74,101.83,38.26235434
2022-03-05 06:00:00,101.74,101.79,101.79,101.76,20.51559722
2022-03-05 05:59:00,101.65,101.83,101.65,101.79,37.50017903
2022-03-05 05:58:00,101.65,101.7,101.68,101.66,30.57198488
2022-03-05 05:57:00,101.54,101.69,101.59,101.65,27.97989765
2022-03-05 05:56:00,101.41,101.58,101.41,101.57,55.86970097
2022-03-05 05:55:00,101.37,101.46,101.37,101.45,93.43629829
2022-03-05 05:54:00,101.34,101.44,101.4,101.36,96.43055392
2022-03-05 05:53:00,101.44,101.56,101.56,101.44,72.2007584
2022-03-05 05:52:00,101.57,101.62,101.62,101.57,128.77976135
2022-03-05 05:51:00,101.57,101.66,101.64,101.64,47.89279026
2022-03-05 05:50:00,101.6,101.74,101.73,101.63,144.73770514
2022-03-05 05:49:00,101.67,101.77,101.74,101.67,42.66794744
2022-03-05 05:48:00,101.62,101.77,101.62,101.73,74.9612596
2022-03-05 05:47:00,101.62,101.72,101.67,101.62,15.06929033
2022-03-05 05:46:00,101.54,101.7,101.54,101.66,103.9493252
2022-03-05 05:45:00,101.49,101.63,101.56,101.52,52.15394223
2022-03-05 05:44:00,101.52,101.6,101.55,101.52,66.33496011
2022-03-05 05:43:00,101.52,101.64,101.64,101.56,111.31065615
2022-03-05 05:42:00,101.61,101.68,101.64,101.68,52.24976896
2022-03-05 05:41:00,101.59,101.69,101.6,101.66,87.63887254
2022-03-05 05:40:00,101.56,101.68,101.64,101.62,100.85142435
2022-03-05 05:39:00,101.62,101.67,101.65,101.65,70.25577925
2022-03-05 05:38:00,101.66,101.75,101.73,101.7,91.14876565
2022-03-05 05:37:00,101.7,101.8,101.79,101.71,70.70990093
2022-03-05 05:36:00,101.67,101.8,101.67,101.77,135.72104006
2022-03-05 05:35:00,101.63,101.72,101.68,101.69,21.47796312
2022-03-05 05:34:00,101.63,101.72,101.66,101.72,65.99380806
2022-03-05 05:33:00,101.54,101.71,101.66,101.66,182.68854489
2022-03-05 05:32:00,101.66,101.71,101.68,101.67,32.18386698
2022-03-05 05:31:00,101.66,101.68,101.67,101.67,6.51891527
2022-03-05 05:30:00,101.57,101.7,101.69,101.68,87.36057802
2022-03-05 05:29:00,101.65,101.77,101.66,101.71,77.96579247
2022-03-05 05:28:00,101.65,101.87,101.87,101.65,48.53141463
2022-03-05 05:27:00,101.78,101.94,101.78,101.87,155.21723209
2022-03-05 05:26:00,101.71,101.79,101.72,101.77,102.41288183
2022-03-05 05:25:00,101.62,101.75,101.72,101.7,231.72167655
2022-03-05 05:24:00,101.71,101.8,101.74,101.74,75.40297651
2022-03-05 05:23:00,101.61,101.78,101.77,101.78,308.20957765
2022-03-05 05:22:00,101.71,101.79,101.75,101.77,84.44865013
2022-03-05 05:21:00,101.72,101.95,101.9,101.76,114.1161352
2022-03-05 05:20:00,101.8,102.09,102.09,101.89,148.87163235
2022-03-05 05:19:00,101.85,102.11,101.99,102.09,417.49970944
2022-03-05 05:18:00,101.53,102.22,101.58,102.02,1054.59454525
2022-03-05 05:17:00,101.52,101.74,101.69,101.58,153.95397502
2022-03-05 05:16:00,101.28,101.77,101.32,101.74,509.17591804
2022-03-05 05:15:00,101.25,101.58,101.56,101.35,308.79140116
2022-03-05 05:14:00,101.48,101.7,101.48,101.56,231.48201901
2022-03-05 05:13:00,101.08,101.79,101.08,101.51,1946.31304972
2022-03-05 05:12:00,101.05,101.11,101.11,101.07,33.69961351
2022-03-05 05:11:00,101.08,101.11,101.11,101.08,21.18818948
2022-03-05 05:10:00,100.98,101.13,101.13,101.11,159.6496965
2022-03-05 05:09:00,101.04,101.15,101.12,101.13,93.47644702
2022-03-05 05:08:00,101.12,101.21,101.13,101.12,8.72419206
2022-03-05 05:07:00,100.94,101.23,100.94,101.08,293.69613697
2022-03-05 05:06:00,100.84,100.92,100.87,100.92,251.06941294
2022-03-05 05:05:00,100.85,100.98,100.98,100.85,143.55658317
2022-03-05 05:04:00,100.9,101.02,100.94,101.02,91.39923173
2022-03-05 05:03:00,100.93,101.02,100.94,100.93,105.31894106
2022-03-05 05:02:00,100.82,100.95,100.86,100.95,131.01911688
2022-03-05 05:01:00,100.84,100.99,100.99,100.89,38.16405608
2022-03-05 05:00:00,100.95,101.04,101.03,100.99,44.74656701
2022-03-05 04:59:00,100.92,101.11,101.11,101.03,173.51606101
2022-03-05 04:58:00,101.09,101.14,101.09,101.11,54.1605863
2022-03-05 04:57:00,101.05,101.18,101.12,101.08,63.6600306
2022-03-05 04:56:00,101.02,101.12,101.1,101.12,50.43221445
2022-03-05 04:55:00,100.88,101.13,100.95,101.09,372.12363775
2022-03-05 04:54:00,100.87,101.03,101.01,100.95,74.12006934
2022-03-05 04:53:00,101.0,101.11,101.11,101.07,69.03353991
2022-03-05 04:52:00,100.77,101.1,100.82,101.1,287.69820751
2022-03-05 04:51:00,100.77,101.01,100.91,100.83,355.49086362
2022-03-05 04:50:00,100.88,100.97,100.96,100.91,53.79342842
2022-03-05 04:49:00,100.92,101.02,100.93,100.99,159.01157226
2022-03-05 04:48:00,100.82,101.01,100.89,100.98,98.40139309
2022-03-05 04:47:00,100.81,100.92,100.87,100.88,60.51333217
2022-03-05 04:46:00,100.88,100.98,100.88,100.89,108.22213772
2022-03-05 04:45:00,100.91,101.09,101.06,100.93,82.87087088
2022-03-05 04:44:00,101.0,101.13,101.09,101.05,303.35353778
2022-03-05 04:43:00,101.08,101.25,101.19,101.09,27.2855961
2022-03-05 04:42:00,101.09,101.22,101.19,101.19,265.19678447
2022-03-05 04:41:00,101.07,101.2,101.1,101.18,70.77300046
2022-03-05 04:40:00,100.96,101.1,100.97,101.1,58.52847694
2022-03-05 04:39:00,101.0,101.1,101.1,101.01,37.52536796
2022-03-05 04:38:00,100.82,101.09,100.82,101.09,107.63566266
2022-03-05 04:37:00,100.63,100.82,100.63,100.82,160.26249925
2022-03-05 04:36:00,100.39,100.63,100.51,100.63,94.44438813
2022-03-05 04:35:00,100.51,100.63,100.6,100.51,185.43874815
2022-03-05 04:34:00,100.61,100.91,100.91,100.68,199.70186789
2022-03-05 04:33:00,100.88,100.98,100.93,100.91,62.0483264
2022-03-05 04:32:00,100.87,100.99,100.87,100.96,57.1793408
2022-03-05 04:31:00,100.86,100.92,100.88,100.87,186.16435482
2022-03-05 04:30:00,100.81,100.88,100.84,100.87,213.16570928
2022-03-05 04:29:00,100.77,100.85,100.8,100.81,173.35160462
2022-03-05 04:28:00,100.78,100.84,100.84,100.79,89.16279419
2022-03-05 04:27:00,100.78,100.88,100.87,100.81,188.13014865
2022-03-05 04:26:00,100.8,100.9,100.83,100.9,184.45874368
2022-03-05 04:25:00,100.8,100.86,100.81,100.81,60.08598805
2022-03-05 04:24:00,100.81,100.9,100.89,100.84,106.08780325
2022-03-05 04:23:00,100.81,100.92,100.83,100.89,40.18542759
2022-03-05 04:22:00,100.77,100.91,100.89,100.83,199.55932877
2022-03-05 04:21:00,100.86,100.9,100.89,100.89,70.63465402
2022-03-05 04:20:00,100.81,100.9,100.84,100.9,101.05751853
2022-03-05 04:19:00,100.82,100.89,100.86,100.82,212.7204461
2022-03-05 04:18:00,100.84,100.9,100.85,100.85,47.32049916
2022-03-05 04:17:00,100.81,100.86,100.85,100.85,149.03733983
2022-03-05 14:17:00,103.4,103.52,103.44,103.51,96.0421592
2022-03-05 14:16:00,103.27,103.45,103.32,103.43,106.85706228
2022-03-05 14:15:00,103.28,103.4,103.28,103.33,264.94582179
2022-03-05 14:14:00,103.23,103.31,103.24,103.23,70.98476725
2022-03-05 14:13:00,103.13,103.24,103.14,103.22,84.69283231
2022-03-05 14:12:00,103.14,103.23,103.2,103.14,79.64750494
2022-03-05 14:11:00,103.15,103.27,103.18,103.18,79.5958675
2022-03-05 14:10:00,103.0,103.18,103.06,103.18,238.2496409
2022-03-05 14:09:00,103.06,103.12,103.11,103.08,4.47456077
2022-03-05 14:08:00,103.05,103.16,103.09,103.11,11.47283678
2022-03-05 14:07:00,102.92,103.15,103.01,103.12,141.08971362
2022-03-05 14:06:00,103.02,103.1,103.08,103.02,47.97040941
2022-03-05 14:05:00,103.1,103.17,103.15,103.15,15.56925234
2022-03-05 14:04:00,102.95,103.06,102.97,103.06,40.63390484
2022-03-05 14:03:00,103.0,103.16,103.16,103.06,116.04120622
2022-03-05 14:02:00,103.13,103.24,103.24,103.2,79.18214648
2022-03-05 14:01:00,103.2,103.31,103.29,103.24,44.39127179
2022-03-05 14:00:00,103.07,103.29,103.16,103.29,153.99497833
2022-03-05 13:59:00,103.08,103.19,103.11,103.18,13.20666445
2022-03-05 13:58:00,103.02,103.14,103.02,103.12,19.43426137
2022-03-05 13:57:00,103.01,103.24,103.21,103.01,217.0754528
2022-03-05 13:56:00,103.13,103.21,103.17,103.2,39.17033767
2022-03-05 13:55:00,102.99,103.18,102.99,103.14,214.55522038
2022-03-05 13:54:00,102.93,103.07,103.04,102.99,78.61862272
2022-03-05 13:53:00,103.01,103.18,103.17,103.06,19.15147323
2022-03-05 13:52:00,103.2,103.25,103.21,103.21,34.67808897
2022-03-05 13:51:00,103.12,103.24,103.12,103.24,98.60205512
2022-03-05 13:50:00,102.98,103.14,102.98,103.08,51.97852747
2022-03-05 13:49:00,102.85,103.06,102.9,102.93,196.71395006
2022-03-05 13:48:00,102.85,102.92,102.87,102.86,10.92314272
2022-03-05 13:47:00,102.8,102.94,102.94,102.85,131.15292874
2022-03-05 13:46:00,102.83,102.94,102.84,102.94,85.27438627
2022-03-05 13:45:00,102.9,103.06,103.0,102.9,73.1069732
2022-03-05 13:44:00,103.02,103.12,103.06,103.02,19.76295166
2022-03-05 13:43:00,103.04,103.14,103.14,103.1,18.09640619
2022-03-05 13:42:00,103.1,103.26,103.26,103.12,110.11702584
2022-03-05 13:41:00,103.14,103.32,103.18,103.24,104.72290737
2022-03-05 13:40:00,103.09,103.28,103.09,103.21,103.16446235
2022-03-05 13:39:00,103.01,103.16,103.11,103.08,46.90036835
2022-03-05 13:38:00,103.08,103.28,103.08,103.24,44.24128486
2022-03-05 13:37:00,102.87,103.08,102.91,103.08,248.79665529
2022-03-05 13:36:00,102.72,102.96,102.77,102.92,92.56288051
2022-03-05 13:35:00,102.79,102.97,102.95,102.79,186.84080378
2022-03-05 13:34:00,102.93,103.21,103.2,102.93,309.32735271
2022-03-05 13:33:00,103.19,103.28,103.21,103.19,42.37367838
2022-03-05 13:32:00,103.24,103.3,103.29,103.24,28.88751724
2022-03-05 13:31:00,103.27,103.37,103.32,103.31,14.29205562
2022-03-05 13:30:00,103.12,103.33,103.12,103.3,101.35739759
2022-03-05 13:29:00,103.11,103.25,103.22,103.11,25.66965615
2022-03-05 13:28:00,103.16,103.28,103.2,103.2,18.37009857
2022-03-05 13:27:00,103.18,103.28,103.19,103.22,45.91063192
2022-03-05 13:26:00,103.16,103.24,103.18,103.24,30.18735907
2022-03-05 13:25:00,103.11,103.23,103.11,103.21,47.44916632
2022-03-05 13:24:00,103.02,103.08,103.08,103.07,4.42390029
2022-03-05 13:23:00,103.09,103.13,103.12,103.13,2.18787922
2022-03-05 13:22:00,103.02,103.1,103.05,103.09,19.22591788
2022-03-05 13:21:00,103.05,103.2,103.17,103.05,48.84617754
2022-03-05 13:20:00,103.1,103.28,103.2,103.17,51.73233212
2022-03-05 13:19:00,103.1,103.22,103.18,103.1,22.95788593
2022-03-05 13:18:00,103.17,103.23,103.17,103.18,15.17346796
2022-03-05 13:17:00,103.1,103.18,103.14,103.17,121.79835742
2022-03-05 13:16:00,103.1,103.14,103.13,103.11,21.13583412
2022-03-05 13:15:00,103.07,103.21,103.09,103.21,30.23020742
2022-03-05 13:14:00,103.13,103.18,103.15,103.16,3.0758177
2022-03-05 13:13:00,103.1,103.19,103.11,103.19,46.7326347
2022-03-05 13:12:00,103.13,103.21,103.21,103.13,111.7826489
2022-03-05 13:11:00,103.13,103.19,103.18,103.19,23.46633996
2022-03-05 13:10:00,103.09,103.19,103.13,103.14,65.35186915
2022-03-05 13:09:00,103.04,103.09,103.06,103.09,3.33848287
2022-03-05 13:08:00,102.95,103.09,102.95,103.09,32.01815116
2022-03-05 13:07:00,102.95,103.05,103.0,103.0,31.26599345
2022-03-05 13:06:00,102.97,103.13,103.06,102.97,14.59863296
2022-03-05 13:05:00,103.02,103.2,103.02,103.1,147.77804116
2022-03-05 13:04:00,102.93,103.08,103.08,102.99,96.50154234
2022-03-05 13:03:00,103.09,103.18,103.18,103.09,3.71994615
2022-03-05 13:02:00,103.19,103.43,103.43,103.19,31.51763537
2022-03-05 13:01:00,103.41,103.46,103.41,103.45,14.3325949
2022-03-05 13:00:00,103.32,103.46,103.32,103.41,61.14990766
2022-03-05 12:59:00,103.3,103.41,103.4,103.34,12.09919758
2022-03-05 12:58:00,103.28,103.38,103.28,103.37,33.40346222
2022-03-05 12:57:00,103.2,103.32,103.21,103.26,36.6658421
2022-03-05 12:56:00,103.25,103.39,103.39,103.25,86.51519708
2022-03-05 12:55:00,103.33,103.41,103.33,103.37,107.27890936
2022-03-05 12:54:00,103.34,103.55,103.47,103.35,107.28678635
2022-03-05 12:53:00,103.41,103.48,103.44,103.47,31.55353845
2022-03-05 12:52:00,103.41,103.49,103.44,103.41,45.71506474
2022-03-05 12:51:00,103.42,103.51,103.5,103.42,93.14177919
2022-03-05 12:50:00,103.52,103.64,103.59,103.56,65.80775872
2022-03-05 12:49:00,103.42,103.55,103.47,103.55,56.49312952
2022-03-05 12:48:00,103.42,103.52,103.48,103.46,45.05972143
2022-03-05 12:47:00,103.38,103.48,103.38,103.47,19.11275934
2022-03-05 12:46:00,103.35,103.44,103.43,103.35,23.48467911
2022-03-05 12:45:00,103.32,103.47,103.32,103.44,54.04459793
2022-03-05 12:44:00,103.33,103.48,103.45,103.33,107.89049695
2022-03-05 12:43:00,103.39,103.51,103.51,103.43,86.73079912
2022-03-05 12:42:00,103.4,103.46,103.4,103.45,16.77870016
2022-03-05 12:41:00,103.34,103.5,103.5,103.47,106.07524036
2022-03-05 12:40:00,103.45,103.89,103.7,103.56,272.58929602
2022-03-05 12:39:00,103.55,103.71,103.6,103.67,276.84943117
2022-03-05 12:38:00,103.57,103.64,103.6,103.64,29.2364963
2022-03-05 12:37:00,103.55,103.66,103.56,103.59,64.45489531
2022-03-05 12:36:00,103.49,103.56,103.53,103.56,105.22501394
2022-03-05 12:35:00,103.51,103.59,103.58,103.53,24.18275277
2022-03-05 12:34:00,103.56,103.6,103.57,103.6,4.57733281
2022-03-05 12:33:00,103.52,103.62,103.52,103.6,6.84516569
2022-03-05 12:32:00,103.47,103.57,103.5,103.56,44.73502362
2022-03-05 12:31:00,103.51,103.65,103.65,103.52,59.04415431
2022-03-05 12:30:00,103.6,103.65,103.65,103.62,13.15661387
2022-03-05 12:29:00,103.54,103.65,103.57,103.65,28.49512183
2022-03-05 12:28:00,103.53,103.57,103.56,103.56,9.44035314
2022-03-05 12:27:00,103.51,103.65,103.62,103.56,187.03968239
2022-03-05 12:26:00,103.52,103.59,103.53,103.59,241.89595279
2022-03-05 12:25:00,103.49,103.58,103.52,103.49,31.4604437
2022-03-05 12:24:00,103.47,103.62,103.58,103.49,27.10099451
2022-03-05 12:23:00,103.58,103.68,103.66,103.61,84.53612379
2022-03-05 12:22:00,103.6,103.8,103.71,103.6,39.72610141
2022-03-05 12:21:00,103.65,103.7,103.67,103.69,31.89897569
2022-03-05 12:20:00,103.62,103.7,103.67,103.67,41.96060024
2022-03-05 12:19:00,103.64,103.74,103.64,103.7,68.0520327
2022-03-05 12:18:00,103.62,103.74,103.71,103.68,136.44629883
2022-03-05 12:17:00,103.6,103.88,103.6,103.73,199.46506318
2022-03-05 12:16:00,103.51,103.61,103.52,103.61,26.94019696
2022-03-05 12:15:00,103.49,103.56,103.49,103.52,14.39333054
2022-03-05 12:14:00,103.51,103.61,103.54,103.52,25.74706929
2022-03-05 12:13:00,103.46,103.54,103.49,103.54,19.07351458
2022-03-05 12:12:00,103.47,103.6,103.57,103.47,8.68719432
2022-03-05 12:11:00,103.34,103.57,103.34,103.57,66.65160096
2022-03-05 12:10:00,103.15,103.38,103.34,103.38,91.19901882
2022-03-05 12:09:00,103.32,103.59,103.55,103.32,107.46661014
2022-03-05 12:08:00,103.57,103.72,103.71,103.57,26.56126427
2022-03-05 12:07:00,103.55,103.83,103.55,103.66,260.9953665
2022-03-05 12:06:00,103.53,103.59,103.59,103.53,42.73021994
2022-03-05 12:05:00,103.49,103.57,103.51,103.57,32.81123272
2022-03-05 12:04:00,103.44,103.5,103.44,103.5,21.28580599
2022-03-05 12:03:00,103.42,103.5,103.44,103.47,320.34555349
2022-03-05 12:02:00,103.37,103.43,103.38,103.42,21.99600619
2022-03-05 12:01:00,103.35,103.43,103.39,103.36,84.88537034
2022-03-05 12:00:00,103.33,103.39,103.33,103.38,3.52256554
2022-03-05 11:59:00,103.31,103.37,103.31,103.34,98.90258242
2022-03-05 11:58:00,103.24,103.39,103.35,103.24,77.42858576
2022-03-05 11:57:00,103.35,103.39,103.38,103.35,20.67270263
2022-03-05 11:56:00,103.39,103.42,103.39,103.42,1.46067067
2022-03-05 11:55:00,103.37,103.43,103.41,103.37,43.56479989
2022-03-05 11:54:00,103.28,103.41,103.38,103.38,80.43366605
2022-03-05 11:53:00,103.33,103.41,103.38,103.41,8.62738041
2022-03-05 11:52:00,103.27,103.35,103.27,103.35,89.75852073
2022-03-05 11:51:00,103.23,103.27,103.27,103.25,24.22813686
2022-03-05 11:50:00,103.24,103.27,103.25,103.26,8.55141067
2022-03-05 11:49:00,103.17,103.28,103.27,103.27,15.42300204
2022-03-05 11:48:00,103.24,103.27,103.25,103.24,1.58302817
2022-03-05 11:47:00,103.21,103.26,103.25,103.22,64.50836831
2022-03-05 11:46:00,103.18,103.29,103.29,103.24,19.46980353
2022-03-05 11:45:00,103.28,103.35,103.31,103.28,63.50581365
2022-03-05 11:44:00,103.29,103.33,103.3,103.33,5.85702305
2022-03-05 11:43:00,103.24,103.33,103.32,103.31,39.98134271
2022-03-05 11:42:00,103.23,103.29,103.27,103.27,7.97110376
2022-03-05 11:41:00,103.18,103.24,103.21,103.24,55.33675518
2022-03-05 11:40:00,103.15,103.23,103.15,103.22,84.43697324
2022-03-05 11:39:00,103.13,103.29,103.29,103.14,25.2693855
2022-03-05 11:38:00,103.22,103.29,103.28,103.25,73.04940023
2022-03-05 11:37:00,103.29,103.37,103.32,103.37,8.76099299
2022-03-05 11:36:00,103.28,103.34,103.31,103.28,99.29021326
2022-03-05 11:35:00,103.22,103.36,103.28,103.36,94.62106728
2022-03-05 11:34:00,103.19,103.32,103.25,103.25,12.47614248
2022-03-05 11:33:00,103.18,103.26,103.19,103.25,39.73509611
2022-03-05 11:32:00,103.14,103.29,103.14,103.24,147.83679039
2022-03-05 11:31:00,103.16,103.37,103.37,103.16,229.70919911
2022-03-05 11:30:00,103.34,103.45,103.38,103.36,128.34114908
2022-03-05 11:29:00,103.38,103.46,103.43,103.38,26.55959515
2022-03-05 11:28:00,103.2,103.42,103.39,103.39,67.20160222
2022-03-05 11:27:00,103.31,103.54,103.49,103.4,84.56509783
2022-03-05 11:26:00,103.44,103.52,103.44,103.48,14.99263133
2022-03-05 11:25:00,103.4,103.55,103.55,103.4,26.65288309
2022-03-05 11:24:00,103.43,103.59,103.55,103.58,62.18630288
2022-03-05 11:23:00,103.49,103.54,103.51,103.54,83.38529783
2022-03-05 11:22:00,103.42,103.52,103.47,103.52,35.1055536
2022-03-05 11:21:00,103.45,103.51,103.49,103.51,33.45009779
2022-03-05 11:20:00,103.39,103.49,103.42,103.45,61.80543956
2022-03-05 11:19:00,103.36,103.41,103.38,103.38,10.28246499
2022-03-05 11:18:00,103.33,103.39,103.33,103.36,63.51365212
2022-03-05 11:17:00,103.22,103.33,103.23,103.33,1.96703034
2022-03-05 11:16:00,103.08,103.22,103.1,103.22,24.12593342
2022-03-05 11:15:00,103.05,103.29,103.29,103.09,232.99688228
2022-03-05 11:14:00,103.21,103.39,103.34,103.21,13.2008017
2022-03-05 11:13:00,103.24,103.35,103.25,103.29,15.51752964
2022-03-05 11:12:00,103.08,103.25,103.08,103.25,71.77241988
2022-03-05 11:11:00,103.09,103.19,103.15,103.09,35.64533002
2022-03-05 11:10:00,103.1,103.17,103.1,103.13,24.99891801
2022-03-05 11:09:00,103.04,103.27,103.19,103.05,299.05320893
2022-03-05 11:08:00,103.12,103.22,103.12,103.2,114.53798361
2022-03-05 11:07:00,103.09,103.15,103.09,103.1,18.20985653
2022-03-05 11:06:00,103.07,103.15,103.09,103.11,95.15789061
2022-03-05 11:05:00,103.06,103.12,103.09,103.12,19.39933521
2022-03-05 11:04:00,103.08,103.14,103.1,103.1,27.24196126
2022-03-05 11:03:00,102.96,103.08,103.07,103.08,40.59189726
2022-03-05 11:02:00,102.99,103.06,102.99,103.05,6.40624887
2022-03-05 11:01:00,102.96,103.13,103.13,103.04,150.94168789
2022-03-05 11:00:00,103.13,103.2,103.13,103.18,19.79941791
2022-03-05 10:59:00,103.09,103.17,103.15,103.16,19.15209518
2022-03-05 10:58:00,103.12,103.18,103.12,103.15,37.66362868
2022-03-05 10:57:00,103.06,103.1,103.09,103.09,38.1697589
2022-03-05 10:56:00,103.03,103.1,103.03,103.1,36.80245058
2022-03-05 10:55:00,103.03,103.09,103.05,103.08,19.88929512
2022-03-05 10:54:00,102.96,103.03,102.99,103.03,56.7660289
2022-03-05 10:53:00,102.97,103.09,103.08,102.97,30.83568148
2022-03-05 10:52:00,103.01,103.17,103.02,103.03,216.42418634
2022-03-05 10:51:00,102.89,103.01,102.91,103.01,72.62445325
2022-03-05 10:50:00,102.85,102.92,102.87,102.92,16.04272265
2022-03-05 10:49:00,102.79,102.88,102.79,102.87,114.64062664
2022-03-05 10:48:00,102.74,102.91,102.9,102.79,45.26821568
2022-03-05 10:47:00,102.73,102.87,102.73,102.86,114.24335611
2022-03-05 10:46:00,102.72,102.82,102.74,102.78,59.5391157
2022-03-05 10:45:00,102.72,102.86,102.84,102.72,80.22685094
2022-03-05 10:44:00,102.75,102.81,102.78,102.81,15.85415916
2022-03-05 10:43:00,102.74,102.79,102.77,102.77,25.56452026
2022-03-05 10:42:00,102.77,102.79,102.77,102.79,4.75222356
2022-03-05 10:41:00,102.57,102.74,102.72,102.73,395.99947763
2022-03-05 10:40:00,102.73,102.76,102.73,102.76,52.55504088
2022-03-05 10:39:00,102.68,102.73,102.73,102.71,14.96589227
2022-03-05 10:38:00,102.66,102.72,102.66,102.7,3.62990327
2022-03-05 10:37:00,102.67,102.72,102.69,102.67,24.80412021
2022-03-05 10:36:00,102.66,102.72,102.7,102.72,56.98896464
2022-03-05 10:35:00,102.67,102.77,102.74,102.69,77.42865572
2022-03-05 10:34:00,102.64,102.73,102.69,102.7,22.64360067
2022-03-05 10:33:00,102.6,102.68,102.63,102.62,8.87198173
2022-03-05 10:32:00,102.62,102.75,102.62,102.72,92.10709557
2022-03-05 10:31:00,102.61,102.74,102.7,102.69,6.27549797
2022-03-05 10:30:00,102.43,102.67,102.47,102.67,54.64967643
2022-03-05 10:29:00,102.48,102.56,102.56,102.48,59.71060083
2022-03-05 10:28:00,102.55,102.63,102.63,102.58,5.46178767
2022-03-05 10:27:00,102.51,102.71,102.6,102.7,130.14307776
2022-03-05 10:26:00,102.53,102.73,102.53,102.64,180.41597993
2022-03-05 10:25:00,102.5,102.75,102.72,102.5,378.66806787
2022-03-05 10:24:00,102.58,102.74,102.7,102.7,150.5021118
2022-03-05 10:23:00,102.68,102.81,102.81,102.7,88.3894126
2022-03-05 10:22:00,102.85,103.09,103.09,102.91,100.08140122
2022-03-05 10:21:00,103.08,103.18,103.18,103.09,56.68479023
2022-03-05 10:20:00,103.1,103.15,103.13,103.15,59.02156814
2022-03-05 10:19:00,103.02,103.1,103.02,103.1,67.7048588
2022-03-05 10:18:00,103.02,103.16,103.07,103.05,33.65136205
2022-03-05 10:17:00,102.94,103.04,102.94,103.04,47.24105344
2022-03-05 10:16:00,102.88,103.04,102.96,102.88,59.13440486
2022-03-05 10:15:00,102.79,103.04,102.81,103.0,44.91756215
2022-03-05 10:14:00,102.86,102.94,102.87,102.87,63.02643957
2022-03-05 10:13:00,102.82,103.01,103.0,102.97,111.00329995
2022-03-05 10:12:00,102.88,103.15,102.89,102.99,247.46871734
2022-03-05 10:11:00,102.62,102.96,102.62,102.91,51.60727499
2022-03-05 10:10:00,102.45,102.7,102.45,102.59,181.37922196
2022-03-05 10:09:00,102.35,102.6,102.43,102.47,189.25232363
2022-03-05 10:08:00,102.22,102.58,102.58,102.44,455.21047844
2022-03-05 10:07:00,102.5,102.59,102.59,102.51,59.87272328
2022-03-05 10:06:00,102.61,102.89,102.89,102.61,168.65373343
2022-03-05 10:05:00,102.95,103.15,103.15,102.95,118.9599665
2022-03-05 10:04:00,103.12,103.19,103.15,103.12,12.31324825
2022-03-05 10:03:00,103.12,103.17,103.17,103.12,8.62593739
2022-03-05 10:02:00,103.14,103.2,103.15,103.17,21.78203711
2022-03-05 10:01:00,103.16,103.2,103.16,103.18,8.17663487
2022-03-05 10:00:00,103.1,103.17,103.11,103.15,49.08667207
2022-03-05 09:59:00,103.1,103.16,103.1,103.14,152.73534812
2022-03-05 09:58:00,103.07,103.14,103.11,103.07,11.72114676
2022-03-05 09:57:00,103.05,103.14,103.05,103.11,56.56666457
2022-03-05 09:56:00,103.05,103.12,103.1,103.06,41.88286236
2022-03-05 09:55:00,103.09,103.14,103.09,103.11,22.54255059
2022-03-05 09:54:00,103.07,103.21,103.21,103.07,53.57907126
2022-03-05 09:53:00,103.1,103.22,103.11,103.21,62.75311375
2022-03-05 09:52:00,103.11,103.14,103.12,103.14,5.56892351
2022-03-05 09:51:00,103.11,103.15,103.15,103.14,36.44347907
2022-03-05 09:50:00,103.03,103.15,103.03,103.14,35.93336407
2022-03-05 09:49:00,103.03,103.11,103.1,103.03,13.82262046
2022-03-05 09:48:00,103.04,103.11,103.04,103.04,19.79942885
2022-03-05 09:47:00,103.01,103.09,103.02,103.05,81.91685549
2022-03-05 09:46:00,103.01,103.06,103.02,103.05,4.02280488
2022-03-05 09:45:00,103.01,103.2,103.17,103.01,75.04386822
2022-03-05 09:44:00,103.14,103.18,103.16,103.18,1.40113601
2022-03-05 09:43:00,103.13,103.17,103.15,103.16,1.64407002
2022-03-05 09:42:00,103.13,103.17,103.16,103.14,3.17341734
2022-03-05 09:41:00,103.06,103.16,103.07,103.13,40.92252987
2022-03-05 09:40:00,102.94,103.09,102.97,103.09,15.09460429
2022-03-05 09:39:00,102.89,102.93,102.89,102.93,35.05724342
2022-03-05 09:38:00,102.9,102.97,102.95,102.9,9.37804781
2022-03-05 09:37:00,102.93,102.99,102.98,102.94,9.4973867
2022-03-05 09:36:00,102.92,103.04,103.01,102.92,135.88431597
2022-03-05 09:35:00,103.0,103.04,103.04,103.03,14.36471937
2022-03-05 09:34:00,103.04,103.06,103.04,103.06,16.55170419
2022-03-05 09:33:00,102.99,103.05,103.05,102.99,1.44662421
2022-03-05 09:32:00,102.96,103.06,103.03,103.0,102.00637434
2022-03-05 09:31:00,102.94,102.99,102.98,102.98,16.67442827
2022-03-05 09:30:00,102.99,103.07,103.05,103.0,73.85396462
2022-03-05 09:29:00,103.0,103.16,103.16,103.05,103.41697127
2022-03-05 09:28:00,103.14,103.22,103.22,103.17,37.06829446
2022-03-05 09:27:00,103.14,103.22,103.22,103.17,20.67170249
2022-03-05 09:26:00,103.14,103.29,103.23,103.17,42.75083602
2022-03-05 09:25:00,103.19,103.3,103.19,103.22,152.44015298
2022-03-05 09:24:00,103.03,103.13,103.13,103.11,111.08933687
2022-03-05 09:23:00,103.03,103.19,103.03,103.16,282.39973344
2022-03-05 09:22:00,102.89,102.99,102.89,102.99,148.45631066
2022-03-05 09:21:00,102.84,102.92,102.92,102.9,208.76188602
2022-03-05 09:20:00,102.91,102.95,102.95,102.95,43.49471409
2022-03-05 09:19:00,102.97,103.01,103.01,102.97,46.86583205
2022-03-05 09:18:00,102.99,103.08,103.06,102.99,31.514964
2022-03-05 09:17:00,103.01,103.07,103.06,103.04,3.63754074
2022-03-05 19:17:00,104.99,105.11,105.02,105.08,165.00048675
2022-03-05 19:16:00,105.01,105.09,105.05,105.01,71.10901189
2022-03-05 19:15:00,104.97,105.06,105.0,105.01,87.35889315
2022-03-05 19:14:00,105.0,105.07,105.06,105.02,25.82479452
2022-03-05 19:13:00,104.98,105.09,104.98,105.09,84.66681788
2022-03-05 19:12:00,104.95,104.99,104.99,104.99,62.81422196
2022-03-05 19:11:00,104.95,105.03,105.01,105.03,68.03157879
2022-03-05 19:10:00,104.97,105.05,104.98,105.01,8.26303247
2022-03-05 19:09:00,104.9,105.03,105.01,104.98,46.69044257
2022-03-05 19:08:00,104.94,104.99,104.97,104.99,126.44179256
2022-03-05 19:07:00,104.96,105.11,105.1,104.99,96.65325784
2022-03-05 19:06:00,104.98,105.11,105.08,105.08,82.8975971
2022-03-05 19:05:00,105.08,105.13,105.08,105.13,6.66667416
2022-03-05 19:04:00,105.05,105.14,105.05,105.07,54.2877543
2022-03-05 19:03:00,105.0,105.05,105.0,105.05,34.97156509
2022-03-05 19:02:00,104.91,105.0,104.93,105.0,22.3337746
2022-03-05 19:01:00,104.74,104.92,104.75,104.92,157.74691091
2022-03-05 19:00:00,104.74,105.04,105.0,104.78,295.56034613
2022-03-05 18:59:00,104.96,105.01,104.98,105.01,10.28164806
2022-03-05 18:58:00,104.94,105.0,104.95,104.98,76.3113204
2022-03-05 18:57:00,104.91,105.01,105.0,104.92,6.62866385
2022-03-05 18:56:00,104.98,105.05,105.05,105.0,60.41283761
2022-03-05 18:55:00,104.95,105.07,104.99,104.99,134.1388464
2022-03-05 18:54:00,104.99,105.08,104.99,105.03,44.73907464
2022-03-05 18:53:00,104.94,105.02,105.01,104.99,68.25717762
2022-03-05 18:52:00,104.9,105.1,105.09,105.0,84.96339962
2022-03-05 18:51:00,105.06,105.1,105.08,105.08,15.64023007
2022-03-05 18:50:00,105.02,105.1,105.1,105.04,14.54024144
2022-03-05 18:49:00,104.92,105.1,104.96,105.07,148.41580867
2022-03-05 18:48:00,104.94,105.08,105.04,104.95,84.07804922
2022-03-05 18:47:00,104.95,105.22,105.0,105.02,404.53274505
2022-03-05 18:46:00,104.82,105.0,104.83,105.0,88.17867243
2022-03-05 18:45:00,104.8,104.9,104.81,104.8,31.25262452
2022-03-05 18:44:00,104.79,104.93,104.81,104.82,150.42904471
2022-03-05 18:43:00,104.77,104.88,104.83,104.77,21.45787951
2022-03-05 18:42:00,104.77,104.89,104.87,104.86,92.45299334
2022-03-05 18:41:00,104.7,104.86,104.7,104.86,68.3500181
2022-03-05 18:40:00,104.61,104.72,104.69,104.66,37.86988135
2022-03-05 18:39:00,104.62,104.73,104.65,104.71,43.45568428
2022-03-05 18:38:00,104.57,104.65,104.61,104.63,33.10325033
2022-03-05 18:37:00,104.59,104.67,104.62,104.61,52.38709426
2022-03-05 18:36:00,104.48,104.62,104.48,104.62,126.69063295
2022-03-05 18:35:00,104.41,104.56,104.41,104.47,75.02794245
2022-03-05 18:34:00,104.34,104.42,104.39,104.39,31.64305652
2022-03-05 18:33:00,104.41,104.48,104.46,104.41,22.65848028
2022-03-05 18:32:00,104.4,104.47,104.41,104.46,106.31097513
2022-03-05 18:31:00,104.39,104.55,104.52,104.4,324.75424925
2022-03-05 18:30:00,104.45,104.53,104.49,104.53,25.5864564
2022-03-05 18:29:00,104.44,104.53,104.44,104.46,112.03129666
2022-03-05 18:28:00,104.4,104.47,104.47,104.44,22.51264126
2022-03-05 18:27:00,104.37,104.47,104.37,104.45,56.01455395
2022-03-05 18:26:00,104.36,104.51,104.48,104.37,69.55538607
2022-03-05 18:25:00,104.48,104.56,104.55,104.49,57.38695931
2022-03-05 18:24:00,104.47,104.56,104.54,104.52,69.1629467
2022-03-05 18:23:00,104.51,104.59,104.58,104.53,18.89231351
2022-03-05 18:22:00,104.44,104.57,104.44,104.57,88.75810158
2022-03-05 18:21:00,104.4,104.48,104.4,104.46,17.21212094
2022-03-05 18:20:00,104.37,104.43,104.39,104.39,150.37938088
2022-03-05 18:19:00,104.39,104.49,104.4,104.41,136.87240723
2022-03-05 18:18:00,104.34,104.42,104.34,104.4,35.24426495
2022-03-05 18:17:00,104.33,104.38,104.36,104.33,92.45455636
2022-03-05 18:16:00,104.28,104.37,104.34,104.37,70.19000309
2022-03-05 18:15:00,104.31,104.45,104.42,104.31,66.67454663
2022-03-05 18:14:00,104.37,104.46,104.37,104.45,79.03801088
2022-03-05 18:13:00,104.34,104.43,104.34,104.42,43.46826167
2022-03-05 18:12:00,104.32,104.52,104.44,104.32,70.77951987
2022-03-05 18:11:00,104.26,104.43,104.32,104.43,126.5085894
2022-03-05 18:10:00,104.29,104.36,104.33,104.29,38.73434138
2022-03-05 18:09:00,104.29,104.34,104.3,104.33,55.93928575
2022-03-05 18:08:00,104.33,104.39,104.38,104.35,7.02381102
2022-03-05 18:07:00,104.35,104.48,104.44,104.39,32.01543783
2022-03-05 18:06:00,104.4,104.46,104.46,104.44,25.42159027
2022-03-05 18:05:00,104.48,104.55,104.52,104.49,22.00045102
2022-03-05 18:04:00,104.54,104.59,104.56,104.58,11.8861804
2022-03-05 18:03:00,104.47,104.54,104.5,104.54,47.10836381
2022-03-05 18:02:00,104.43,104.57,104.56,104.5,102.88268222
2022-03-05 18:01:00,104.56,104.66,104.64,104.6,198.01080169
2022-03-05 18:00:00,104.62,104.79,104.74,104.66,45.72546812
2022-03-05 17:59:00,104.76,104.85,104.81,104.76,162.03575296
2022-03-05 17:58:00,104.63,104.81,104.67,104.81,49.25717467
2022-03-05 17:57:00,104.62,104.67,104.64,104.67,22.7729722
2022-03-05 17:56:00,104.62,104.69,104.66,104.68,93.71942054
2022-03-05 17:55:00,104.67,104.75,104.69,104.67,161.9188765
2022-03-05 17:54:00,104.62,104.73,104.73,104.62,189.80087543
2022-03-05 17:53:00,104.67,104.77,104.69,104.75,82.67784193
2022-03-05 17:52:00,104.63,104.74,104.63,104.7,154.8594072
2022-03-05 17:51:00,104.62,104.76,104.7,104.66,168.93009399
2022-03-05 17:50:00,104.65,104.78,104.77,104.68,216.2718499
2022-03-05 17:49:00,104.74,104.83,104.75,104.77,33.20961271
2022-03-05 17:48:00,104.6,104.75,104.68,104.75,25.85175973
2022-03-05 17:47:00,104.68,104.81,104.79,104.68,67.99515666
2022-03-05 17:46:00,104.76,104.86,104.85,104.8,84.88377866
2022-03-05 17:45:00,104.82,104.89,104.88,104.85,12.91620098
2022-03-05 17:44:00,104.81,104.88,104.85,104.86,17.7977244
2022-03-05 17:43:00,104.74,104.85,104.74,104.85,51.76831135
2022-03-05 17:42:00,104.78,104.89,104.82,104.8,170.50501891
2022-03-05 17:41:00,104.78,104.93,104.83,104.85,184.77693162
2022-03-05 17:40:00,104.79,104.94,104.9,104.79,212.60632965
2022-03-05 17:39:00,104.85,104.93,104.9,104.9,38.83467605
2022-03-05 17:38:00,104.79,104.91,104.79,104.88,88.91973239
2022-03-05 17:37:00,104.71,104.8,104.76,104.75,81.19025944
2022-03-05 17:36:00,104.7,104.81,104.77,104.72,67.95307416
2022-03-05 17:35:00,104.72,104.81,104.8,104.76,33.85163816
2022-03-05 17:34:00,104.74,104.79,104.75,104.79,30.86608741
2022-03-05 17:33:00,104.61,104.77,104.65,104.75,128.29673964
2022-03-05 17:32:00,104.57,104.68,104.64,104.68,173.77026482
2022-03-05 17:31:00,104.56,104.65,104.63,104.65,74.83327883
2022-03-05 17:30:00,104.62,104.75,104.62,104.67,122.30271506
2022-03-05 17:29:00,104.62,104.67,104.65,104.64,73.28686586
2022-03-05 17:28:00,104.61,104.71,104.64,104.69,138.85672044
2022-03-05 17:27:00,104.59,104.67,104.66,104.59,114.71215232
2022-03-05 17:26:00,104.66,104.74,104.73,104.67,834.75957102
2022-03-05 17:25:00,104.68,104.76,104.69,104.76,69.29469757
2022-03-05 17:24:00,104.69,104.75,104.71,104.69,33.75255393
2022-03-05 17:23:00,104.65,104.73,104.72,104.72,100.71519301
2022-03-05 17:22:00,104.63,104.73,104.65,104.68,215.98327371
2022-03-05 17:21:00,104.6,104.81,104.71,104.67,252.54093403
2022-03-05 17:20:00,104.58,104.71,104.62,104.7,201.65406597
2022-03-05 17:19:00,104.59,104.78,104.78,104.59,295.94683476
2022-03-05 17:18:00,104.67,104.76,104.73,104.74,107.76481372
2022-03-05 17:17:00,104.65,104.77,104.65,104.75,143.23165214
2022-03-05 17:16:00,104.57,104.7,104.57,104.62,92.14186484
2022-03-05 17:15:00,104.47,104.67,104.67,104.55,1270.77558173
2022-03-05 17:14:00,104.63,104.81,104.78,104.69,1015.29025486
2022-03-05 17:13:00,104.7,104.79,104.79,104.75,42.56717944
2022-03-05 17:12:00,104.7,104.81,104.77,104.76,194.93641974
2022-03-05 17:11:00,104.65,104.82,104.69,104.82,87.21893134
2022-03-05 17:10:00,104.47,104.7,104.55,104.7,454.27990008
2022-03-05 17:09:00,104.54,104.72,104.64,104.54,151.23200914
2022-03-05 17:08:00,104.54,104.64,104.56,104.62,54.76615454
2022-03-05 17:07:00,104.41,104.56,104.45,104.55,52.29407607
2022-03-05 17:06:00,104.35,104.41,104.35,104.4,116.48641031
2022-03-05 17:05:00,104.33,104.49,104.34,104.33,167.81288381
2022-03-05 17:04:00,104.28,104.35,104.31,104.33,102.11004309
2022-03-05 17:03:00,104.23,104.32,104.26,104.3,70.09082364
2022-03-05 17:02:00,104.17,104.3,104.29,104.27,149.11857963
2022-03-05 17:01:00,104.25,104.35,104.3,104.27,122.46564977
2022-03-05 17:00:00,104.08,104.31,104.18,104.3,201.08859607
2022-03-05 16:59:00,104.03,104.22,104.08,104.22,191.58355607
2022-03-05 16:58:00,104.04,104.11,104.08,104.07,81.79550752
2022-03-05 16:57:00,104.05,104.16,104.16,104.06,28.77565379
2022-03-05 16:56:00,104.09,104.23,104.13,104.13,56.5336487
2022-03-05 16:55:00,104.1,104.21,104.2,104.12,47.33190355
2022-03-05 16:54:00,104.2,104.36,104.28,104.21,47.74651437
2022-03-05 16:53:00,104.19,104.34,104.32,104.28,57.11601695
2022-03-05 16:52:00,104.06,104.35,104.18,104.35,69.84174761
2022-03-05 16:51:00,104.19,104.37,104.26,104.19,92.53347393
2022-03-05 16:50:00,104.21,104.41,104.33,104.25,131.34347928
2022-03-05 16:49:00,104.23,104.68,104.58,104.23,279.42199624
2022-03-05 16:48:00,104.54,104.79,104.71,104.54,243.32670748
2022-03-05 16:47:00,104.69,104.97,104.82,104.69,693.63447823
2022-03-05 16:46:00,104.67,104.95,104.73,104.81,346.5884842
2022-03-05 16:45:00,104.45,104.74,104.69,104.74,250.66724205
2022-03-05 16:44:00,104.54,104.73,104.54,104.71,108.85261306
2022-03-05 16:43:00,104.29,104.59,104.29,104.59,196.20782578
2022-03-05 16:42:00,104.11,104.36,104.19,104.33,220.40254053
2022-03-05 16:41:00,104.01,104.19,104.03,104.19,110.47189144
2022-03-05 16:40:00,103.94,104.12,104.11,104.04,41.85860434
2022-03-05 16:39:00,104.0,104.12,104.01,104.11,24.69649716
2022-03-05 16:38:00,103.91,104.17,104.17,104.0,300.67693103
2022-03-05 16:37:00,104.02,104.17,104.02,104.17,111.48998114
2022-03-05 16:36:00,103.92,104.0,103.97,104.0,155.91879812
2022-03-05 16:35:00,103.92,103.99,103.96,103.97,176.46769518
2022-03-05 16:34:00,103.9,103.98,103.9,103.96,43.49847929
2022-03-05 16:33:00,103.83,103.92,103.88,103.92,75.44593652
2022-03-05 16:32:00,103.84,103.89,103.89,103.87,43.21181916
2022-03-05 16:31:00,103.78,103.9,103.84,103.9,49.04380849
2022-03-05 16:30:00,103.74,103.89,103.85,103.85,152.56899774
2022-03-05 16:29:00,103.77,103.89,103.77,103.84,66.26337672
2022-03-05 16:28:00,103.71,103.8,103.74,103.77,125.88824781
2022-03-05 16:27:00,103.7,103.76,103.76,103.76,65.96549517
2022-03-05 16:26:00,103.71,103.8,103.74,103.71,36.24438869
2022-03-05 16:25:00,103.7,103.77,103.77,103.74,84.38692289
2022-03-05 16:24:00,103.66,103.77,103.77,103.74,103.3769665
2022-03-05 16:23:00,103.67,103.75,103.69,103.75,61.25776434
2022-03-05 16:22:00,103.6,103.71,103.63,103.71,32.11762772
2022-03-05 16:21:00,103.57,103.63,103.63,103.62,40.06537629
2022-03-05 16:20:00,103.56,103.64,103.6,103.59,23.66818147
2022-03-05 16:19:00,103.54,103.61,103.55,103.6,80.67873914
2022-03-05 16:18:00,103.55,103.61,103.61,103.57,25.21441152
2022-03-05 16:17:00,103.56,103.61,103.61,103.61,14.34983259
2022-03-05 16:16:00,103.58,103.64,103.6,103.6,84.2508815
2022-03-05 16:15:00,103.56,103.63,103.63,103.56,37.26674672
2022-03-05 16:14:00,103.51,103.64,103.54,103.62,79.59264093
2022-03-05 16:13:00,103.47,103.55,103.51,103.54,462.90684202
2022-03-05 16:12:00,103.47,103.52,103.51,103.51,12.1559756
2022-03-05 16:11:00,103.46,103.54,103.52,103.46,58.0503071
2022-03-05 16:10:00,103.39,103.5,103.4,103.5,56.05261704
2022-03-05 16:09:00,103.38,103.46,103.44,103.39,27.7066301
2022-03-05 16:08:00,103.34,103.46,103.43,103.45,55.7824215
2022-03-05 16:07:00,103.43,103.5,103.5,103.43,75.88041412
2022-03-05 16:06:00,103.42,103.5,103.42,103.5,41.33843994
2022-03-05 16:05:00,103.45,103.57,103.53,103.45,43.2340525
2022-03-05 16:04:00,103.45,103.57,103.55,103.5,48.08636709
2022-03-05 16:03:00,103.53,103.56,103.54,103.53,24.46553049
2022-03-05 16:02:00,103.43,103.55,103.43,103.52,84.92459504
2022-03-05 16:01:00,103.43,103.55,103.54,103.44,50.0146236
2022-03-05 16:00:00,103.43,103.55,103.47,103.53,32.23770448
2022-03-05 15:59:00,103.44,103.53,103.47,103.45,156.17752736
2022-03-05 15:58:00,103.44,103.54,103.53,103.52,22.03347866
2022-03-05 15:57:00,103.45,103.52,103.49,103.5,40.85504704
2022-03-05 15:56:00,103.41,103.5,103.41,103.5,50.6345244
2022-03-05 15:55:00,103.44,103.5,103.48,103.44,46.00439883
2022-03-05 15:54:00,103.45,103.48,103.46,103.48,2.77714672
2022-03-05 15:53:00,103.41,103.48,103.44,103.45,51.01263837
2022-03-05 15:52:00,103.39,103.44,103.4,103.43,44.1556214
2022-03-05 15:51:00,103.41,103.48,103.48,103.43,15.5657907
2022-03-05 15:50:00,103.35,103.46,103.35,103.46,138.97967935
2022-03-05 15:49:00,103.33,103.44,103.43,103.39,63.89824435
2022-03-05 15:48:00,103.37,103.46,103.43,103.43,74.10560325
2022-03-05 15:47:00,103.38,103.43,103.42,103.43,68.69604379
2022-03-05 15:46:00,103.34,103.46,103.39,103.45,64.80675027
2022-03-05 15:45:00,103.31,103.4,103.39,103.38,39.60529861
2022-03-05 15:44:00,103.31,103.47,103.47,103.36,75.16790004
2022-03-05 15:43:00,103.43,103.51,103.44,103.45,86.2345809
2022-03-05 15:42:00,103.43,103.46,103.45,103.46,23.09156123
2022-03-05 15:41:00,103.41,103.47,103.47,103.42,81.72453065
2022-03-05 15:40:00,103.38,103.47,103.41,103.47,99.41437781
2022-03-05 15:39:00,103.31,103.44,103.37,103.37,78.72763346
2022-03-05 15:38:00,103.34,103.39,103.38,103.34,36.34655657
2022-03-05 15:37:00,103.35,103.41,103.39,103.36,29.84050802
2022-03-05 15:36:00,103.33,103.39,103.35,103.39,101.38017586
2022-03-05 15:35:00,103.28,103.39,103.39,103.35,88.96789391
2022-03-05 15:34:00,103.37,103.49,103.49,103.37,82.92607436
2022-03-05 15:33:00,103.48,103.55,103.51,103.5,102.59951387
2022-03-05 15:32:00,103.46,103.53,103.53,103.48,112.3108287
2022-03-05 15:31:00,103.42,103.52,103.42,103.51,143.09636258
2022-03-05 15:30:00,103.4,103.55,103.48,103.4,118.56438282
2022-03-05 15:29:00,103.33,103.46,103.33,103.46,98.39797594
2022-03-05 15:28:00,103.33,103.43,103.42,103.37,102.64599041
2022-03-05 15:27:00,103.36,103.42,103.36,103.39,36.17645118
2022-03-05 15:26:00,103.32,103.39,103.38,103.36,85.98299039
2022-03-05 15:25:00,103.34,103.5,103.48,103.35,94.54613583
2022-03-05 15:24:00,103.43,103.53,103.48,103.5,46.13962069
2022-03-05 15:23:00,103.47,103.62,103.62,103.49,123.95382199
2022-03-05 15:22:00,103.59,103.63,103.6,103.63,7.26847667
2022-03-05 15:21:00,103.59,103.65,103.64,103.59,147.81220874
2022-03-05 15:20:00,103.6,103.64,103.64,103.64,15.03403402
2022-03-05 15:19:00,103.6,103.65,103.62,103.62,69.80405949
2022-03-05 15:18:00,103.6,103.74,103.71,103.62,148.86874985
2022-03-05 15:17:00,103.68,103.75,103.69,103.71,117.27771148
2022-03-05 15:16:00,103.59,103.68,103.59,103.68,113.20899883
2022-03-05 15:15:00,103.57,103.66,103.66,103.59,10.93854354
2022-03-05 15:14:00,103.56,103.63,103.61,103.63,37.82324364
2022-03-05 15:13:00,103.54,103.63,103.55,103.61,106.92762275
2022-03-05 15:12:00,103.54,103.59,103.55,103.59,20.43685444
2022-03-05 15:11:00,103.5,103.57,103.5,103.55,12.23499776
2022-03-05 15:10:00,103.51,103.57,103.52,103.54,34.68601656
2022-03-05 15:09:00,103.47,103.54,103.5,103.54,66.30318774
2022-03-05 15:08:00,103.46,103.56,103.55,103.5,206.73971722
2022-03-05 15:07:00,103.49,103.59,103.58,103.52,12.1671071
2022-03-05 15:06:00,103.46,103.67,103.6,103.58,34.17968464
2022-03-05 15:05:00,103.55,103.66,103.55,103.63,64.19433911
2022-03-05 15:04:00,103.5,103.57,103.53,103.57,19.69075847
2022-03-05 15:03:00,103.47,103.53,103.51,103.52,8.53127593
2022-03-05 15:02:00,103.47,103.52,103.52,103.51,73.45383824
2022-03-05 15:01:00,103.47,103.53,103.51,103.52,90.69648772
2022-03-05 15:00:00,103.48,103.54,103.51,103.51,69.25756108
2022-03-05 14:59:00,103.46,103.54,103.5,103.54,24.82373113
2022-03-05 14:58:00,103.42,103.53,103.51,103.51,78.01883178
2022-03-05 14:57:00,103.51,103.6,103.51,103.56,71.44769336
2022-03-05 14:56:00,103.45,103.51,103.46,103.51,335.22183465
2022-03-05 14:55:00,103.38,103.52,103.39,103.47,138.85807076
2022-03-05 14:54:00,103.39,103.44,103.44,103.39,54.8101314
2022-03-05 14:53:00,103.3,103.45,103.45,103.4,47.69685571
2022-03-05 14:52:00,103.44,103.48,103.44,103.47,28.53171536
2022-03-05 14:51:00,103.38,103.47,103.43,103.43,107.12645091
2022-03-05 14:50:00,103.36,103.45,103.4,103.41,63.56017337
2022-03-05 14:49:00,103.27,103.42,103.28,103.42,32.13676221
2022-03-05 14:48:00,103.25,103.34,103.34,103.3,71.41377206
2022-03-05 14:47:00,103.22,103.45,103.45,103.29,183.51712628
2022-03-05 14:46:00,103.41,103.5,103.5,103.41,84.7628815
2022-03-05 14:45:00,103.41,103.55,103.47,103.54,64.50207148
2022-03-05 14:44:00,103.44,103.52,103.48,103.48,14.89541424
2022-03-05 14:43:00,103.45,103.51,103.46,103.46,48.87845978
2022-03-05 14:42:00,103.43,103.52,103.51,103.45,12.71878946
2022-03-05 14:41:00,103.45,103.5,103.46,103.45,58.15302786
2022-03-05 14:40:00,103.42,103.49,103.46,103.49,27.36676672
2022-03-05 14:39:00,103.39,103.49,103.43,103.47,167.09916847
2022-03-05 14:38:00,103.4,103.49,103.48,103.41,31.81034678
2022-03-05 14:37:00,103.47,103.55,103.55,103.5,43.04064593
2022-03-05 14:36:00,103.34,103.54,103.34,103.54,239.57506406
2022-03-05 14:35:00,103.16,103.34,103.33,103.31,298.51753689
2022-03-05 14:34:00,103.28,103.46,103.45,103.35,61.5731747
2022-03-05 14:33:00,103.41,103.48,103.47,103.43,2.80268258
2022-03-05 14:32:00,103.42,103.55,103.49,103.47,5.30772624
2022-03-05 14:31:00,103.43,103.51,103.45,103.51,74.53990308
2022-03-05 14:30:00,103.39,103.45,103.39,103.43,32.95111474
2022-03-05 14:29:00,103.31,103.36,103.32,103.31,11.99783221
2022-03-05 14:28:00,103.33,103.37,103.33,103.37,39.432711
2022-03-05 14:27:00,103.27,103.35,103.34,103.29,19.46596107
2022-03-05 14:26:00,103.24,103.34,103.28,103.34,89.6644614
2022-03-05 14:25:00,103.27,103.5,103.5,103.27,108.23984135
2022-03-05 14:24:00,103.48,103.56,103.55,103.48,20.31691378
2022-03-05 14:23:00,103.49,103.58,103.5,103.54,16.73183245
2022-03-05 14:22:00,103.47,103.57,103.54,103.47,72.55517159
2022-03-05 14:21:00,103.57,103.66,103.6,103.6,62.31076239
2022-03-05 14:20:00,103.42,103.67,103.64,103.54,116.99027412
2022-03-05 14:19:00,103.55,103.64,103.56,103.62,38.23289344
2022-03-05 14:18:00,103.49,103.58,103.52,103.53,66.05543153
2022-03-05 14:17:00,103.4,103.52,103.44,103.51,96.0421592
2022-03-06 00:17:00,105.1,105.25,105.15,105.24,105.11974178
2022-03-06 00:16:00,105.18,105.24,105.19,105.18,30.3320134
2022-03-06 00:15:00,105.16,105.24,105.22,105.22,23.67849763
2022-03-06 00:14:00,105.13,105.24,105.24,105.22,485.11250064
2022-03-06 00:13:00,105.11,105.23,105.11,105.23,25.92893868
2022-03-06 00:12:00,105.07,105.15,105.14,105.14,22.91119281
2022-03-06 00:11:00,105.05,105.13,105.08,105.13,28.42745072
2022-03-06 00:10:00,105.01,105.09,105.05,105.07,29.67847508
2022-03-06 00:09:00,104.99,105.04,105.01,104.99,36.91974419
2022-03-06 00:08:00,104.92,105.04,104.97,104.99,11.3026062
2022-03-06 00:07:00,104.85,104.97,104.94,104.93,92.16813824
2022-03-06 00:06:00,104.89,104.99,104.92,104.91,39.29462368
2022-03-06 00:05:00,104.86,105.0,104.93,104.93,71.36442518
2022-03-06 00:04:00,104.63,104.92,104.88,104.92,390.11914978
2022-03-06 00:03:00,104.89,105.05,105.01,104.89,42.85403889
2022-03-06 00:02:00,104.86,105.01,104.88,104.94,8.86395925
2022-03-06 00:01:00,104.82,104.93,104.86,104.87,79.63015067
2022-03-06 00:00:00,104.79,104.91,104.91,104.86,115.98246357
2022-03-05 23:59:00,104.9,104.96,104.96,104.9,29.06664997
2022-03-05 23:58:00,104.85,104.96,104.93,104.96,49.78536982
2022-03-05 23:57:00,104.92,104.96,104.94,104.93,7.51669728
2022-03-05 23:56:00,104.89,104.99,104.99,104.91,45.9281624
2022-03-05 23:55:00,105.0,105.06,105.02,105.01,23.61198022
2022-03-05 23:54:00,104.99,105.03,105.03,105.03,4.36177143
2022-03-05 23:53:00,104.99,105.04,105.04,105.02,387.14753826
2022-03-05 23:52:00,104.94,105.03,105.03,105.03,386.21368622
2022-03-05 23:51:00,104.97,105.03,104.98,105.03,17.19971353
2022-03-05 23:50:00,104.82,105.0,104.82,105.0,116.82379973
2022-03-05 23:49:00,104.79,104.89,104.84,104.87,64.40647617
2022-03-05 23:48:00,104.78,104.86,104.8,104.86,250.04105891
2022-03-05 23:47:00,104.73,104.85,104.76,104.84,114.20939757
2022-03-05 23:46:00,104.74,104.87,104.85,104.74,103.55239967
2022-03-05 23:45:00,104.72,104.87,104.72,104.85,31.23096864
2022-03-05 23:44:00,104.75,104.85,104.83,104.75,24.54527391
2022-03-05 23:43:00,104.76,104.82,104.79,104.81,39.21981247
2022-03-05 23:42:00,104.7,104.85,104.85,104.79,127.87664708
2022-03-05 23:41:00,104.82,104.89,104.87,104.84,56.2905721
2022-03-05 23:40:00,104.79,104.9,104.8,104.88,87.46747303
2022-03-05 23:39:00,104.76,104.84,104.82,104.82,49.03159892
2022-03-05 23:38:00,104.8,104.87,104.86,104.82,42.29033206
2022-03-05 23:37:00,104.77,104.86,104.77,104.86,48.78585574
2022-03-05 23:36:00,104.79,104.88,104.87,104.82,43.15646076
2022-03-05 23:35:00,104.82,104.89,104.82,104.85,14.82440167
2022-03-05 23:34:00,104.81,104.87,104.86,104.81,38.55396015
2022-03-05 23:33:00,104.78,104.94,104.9,104.85,299.61033172
2022-03-05 23:32:00,104.89,104.99,104.99,104.93,35.30675806
2022-03-05 23:31:00,104.86,104.99,104.89,104.95,50.82459507
2022-03-05 23:30:00,104.82,104.94,104.94,104.89,73.89303095
2022-03-05 23:29:00,104.89,105.01,105.01,104.9,40.78192865
2022-03-05 23:28:00,104.84,104.99,104.86,104.99,48.47250907
2022-03-05 23:27:00,104.81,105.0,105.0,104.86,323.00993653
2022-03-05 23:26:00,104.92,105.04,104.95,104.99,10.28559722
2022-03-05 23:25:00,104.94,104.99,104.99,104.94,22.9955674
2022-03-05 23:24:00,104.92,105.11,105.05,104.99,55.86389128
2022-03-05 23:23:00,105.01,105.07,105.05,105.06,25.26536628
2022-03-05 23:22:00,105.04,105.08,105.08,105.07,19.26754207
2022-03-05 23:21:00,105.01,105.1,105.07,105.02,30.10360657
2022-03-05 23:20:00,105.01,105.08,105.07,105.08,85.62624822
2022-03-05 23:19:00,105.01,105.19,105.15,105.01,27.79408712
2022-03-05 23:18:00,105.13,105.2,105.14,105.16,26.02878829
2022-03-05 23:17:00,105.02,105.19,105.03,105.13,56.11449461
2022-03-05 23:16:00,104.96,105.07,105.03,105.07,74.30587549
2022-03-05 23:15:00,104.98,105.13,105.12,105.03,90.79497268
2022-03-05 23:14:00,105.08,105.16,105.12,105.13,69.05483213
2022-03-05 23:13:00,105.1,105.17,105.17,105.12,11.77753617
2022-03-05 23:12:00,105.01,105.15,105.04,105.15,42.78839184
2022-03-05 23:11:00,105.05,105.13,105.05,105.12,77.2195845
2022-03-05 23:10:00,105.0,105.16,105.14,105.05,247.91843534
2022-03-05 23:09:00,105.06,105.15,105.08,105.15,65.74260533
2022-03-05 23:08:00,104.94,105.09,104.94,105.05,71.82099756
2022-03-05 23:07:00,104.89,104.96,104.94,104.92,37.01897997
2022-03-05 23:06:00,104.85,104.94,104.86,104.94,33.65676342
2022-03-05 23:05:00,104.75,104.96,104.81,104.91,456.35616159
2022-03-05 23:04:00,104.7,104.87,104.7,104.78,118.97385897
2022-03-05 23:03:00,104.65,104.76,104.74,104.74,221.41482533
2022-03-05 23:02:00,104.65,104.8,104.8,104.75,94.55615254
2022-03-05 23:01:00,104.71,104.79,104.74,104.79,55.55882062
2022-03-05 23:00:00,104.76,105.16,105.12,104.76,244.87185858
2022-03-05 22:59:00,105.07,105.16,105.07,105.15,24.61219417
2022-03-05 22:58:00,105.08,105.14,105.12,105.09,17.71034564
2022-03-05 22:57:00,105.1,105.16,105.15,105.1,44.43137696
2022-03-05 22:56:00,105.1,105.19,105.15,105.11,21.95876568
2022-03-05 22:55:00,105.1,105.16,105.1,105.13,17.73041912
2022-03-05 22:54:00,105.06,105.19,105.08,105.12,36.790844
2022-03-05 22:53:00,105.03,105.08,105.04,105.07,27.2073011
2022-03-05 22:52:00,105.05,105.15,105.13,105.07,90.87065964
2022-03-05 22:51:00,105.0,105.13,105.03,105.12,111.20871092
2022-03-05 22:50:00,104.99,105.07,105.06,105.07,109.41935145
2022-03-05 22:49:00,105.01,105.05,105.05,105.03,31.60939996
2022-03-05 22:48:00,105.02,105.08,105.06,105.08,32.98514444
2022-03-05 22:47:00,104.97,105.05,104.97,105.03,53.9255323
2022-03-05 22:46:00,104.94,105.0,104.98,104.96,20.80422261
2022-03-05 22:45:00,104.93,105.05,105.04,104.98,35.600121
2022-03-05 22:44:00,104.96,105.0,104.97,104.99,19.81537894
2022-03-05 22:43:00,104.88,104.97,104.91,104.97,47.91395862
2022-03-05 22:42:00,104.88,104.97,104.96,104.88,81.78099237
2022-03-05 22:41:00,104.94,105.01,105.01,104.96,14.07776326
2022-03-05 22:40:00,105.01,105.1,105.09,105.01,23.01040726
2022-03-05 22:39:00,105.04,105.1,105.07,105.09,23.7258343
2022-03-05 22:38:00,105.03,105.08,105.07,105.06,17.73569352
2022-03-05 22:37:00,105.03,105.08,105.06,105.07,11.970271
2022-03-05 22:36:00,105.03,105.08,105.05,105.06,14.06175858
2022-03-05 22:35:00,105.03,105.08,105.08,105.08,37.67808999
2022-03-05 22:34:00,105.01,105.09,105.05,105.07,39.641162
2022-03-05 22:33:00,104.97,105.05,104.97,105.03,40.39132863
2022-03-05 22:32:00,104.98,105.03,105.01,105.01,19.98310238
2022-03-05 22:31:00,105.0,105.04,105.02,105.02,8.80432442
2022-03-05 22:30:00,104.95,105.05,104.95,105.05,69.19748895
2022-03-05 22:29:00,104.93,104.99,104.97,104.95,38.39039877
2022-03-05 22:28:00,104.99,105.18,105.16,105.0,314.62491356
2022-03-05 22:27:00,105.14,105.3,105.29,105.16,12.62460418
2022-03-05 22:26:00,105.24,105.3,105.26,105.28,31.20900936
2022-03-05 22:25:00,105.06,105.26,105.09,105.26,63.46418577
2022-03-05 22:24:00,105.06,105.13,105.12,105.11,91.17814492
2022-03-05 22:23:00,105.06,105.11,105.08,105.11,17.34678676
2022-03-05 22:22:00,105.03,105.09,105.04,105.07,15.36376921
2022-03-05 22:21:00,104.91,105.02,104.96,105.0,15.75782223
2022-03-05 22:20:00,104.91,105.02,104.92,104.97,170.68873226
2022-03-05 22:19:00,104.88,104.93,104.89,104.88,35.18819901
2022-03-05 22:18:00,104.88,104.93,104.92,104.91,6.55410622
2022-03-05 22:17:00,104.86,104.92,104.87,104.92,51.07535189
2022-03-05 22:16:00,104.85,104.9,104.87,104.89,33.70944426
2022-03-05 22:15:00,104.68,104.89,104.7,104.87,102.54952161
2022-03-05 22:14:00,104.67,104.77,104.75,104.7,67.12226476
2022-03-05 22:13:00,104.71,104.79,104.71,104.72,36.23484908
2022-03-05 22:12:00,104.64,104.75,104.67,104.75,4.42328516
2022-03-05 22:11:00,104.61,104.7,104.61,104.69,56.97294144
2022-03-05 22:10:00,104.54,104.69,104.54,104.6,208.23968623
2022-03-05 22:09:00,104.46,104.61,104.46,104.57,68.60291332
2022-03-05 22:08:00,104.46,104.5,104.46,104.49,33.90000225
2022-03-05 22:07:00,104.41,104.51,104.51,104.48,100.38738748
2022-03-05 22:06:00,104.47,104.58,104.5,104.53,121.77986109
2022-03-05 22:05:00,104.36,104.51,104.39,104.5,423.27455362
2022-03-05 22:04:00,104.38,104.5,104.5,104.39,426.36517291
2022-03-05 22:03:00,104.45,104.5,104.45,104.49,29.8617564
2022-03-05 22:02:00,104.32,104.5,104.39,104.46,195.7739862
2022-03-05 22:01:00,104.43,104.65,104.65,104.43,49.85064709
2022-03-05 22:00:00,104.51,104.68,104.51,104.66,116.33973455
2022-03-05 21:59:00,104.49,104.6,104.55,104.49,97.63160382
2022-03-05 21:58:00,104.43,104.63,104.59,104.57,235.96295286
2022-03-05 21:57:00,104.59,104.74,104.7,104.63,97.62204013
2022-03-05 21:56:00,104.67,104.78,104.78,104.71,33.25838649
2022-03-05 21:55:00,104.75,104.83,104.78,104.8,47.19963151
2022-03-05 21:54:00,104.71,104.8,104.72,104.79,71.48390804
2022-03-05 21:53:00,104.67,104.75,104.67,104.7,96.20470686
2022-03-05 21:52:00,104.61,104.74,104.74,104.66,77.19877216
2022-03-05 21:51:00,104.69,104.9,104.88,104.69,283.18974827
2022-03-05 21:50:00,104.84,104.94,104.89,104.88,31.35202976
2022-03-05 21:49:00,104.85,104.94,104.92,104.87,28.6517591
2022-03-05 21:48:00,104.86,104.92,104.9,104.92,27.60265821
2022-03-05 21:47:00,104.86,104.99,104.94,104.86,7.78232129
2022-03-05 21:46:00,104.88,104.95,104.93,104.9,26.5703186
2022-03-05 21:45:00,104.87,104.94,104.93,104.93,87.45074637
2022-03-05 21:44:00,104.89,104.96,104.94,104.93,22.63597231
2022-03-05 21:43:00,104.89,104.96,104.93,104.95,28.47930617
2022-03-05 21:42:00,104.87,104.93,104.87,104.92,27.35630993
2022-03-05 21:41:00,104.91,105.15,105.15,104.92,115.65458992
2022-03-05 21:40:00,105.06,105.19,105.09,105.15,51.96691642
2022-03-05 21:39:00,105.05,105.26,105.24,105.05,121.59334858
2022-03-05 21:38:00,105.19,105.29,105.27,105.21,11.74092676
2022-03-05 21:37:00,105.24,105.33,105.27,105.27,72.06239677
2022-03-05 21:36:00,105.2,105.29,105.26,105.29,17.78628181
2022-03-05 21:35:00,105.21,105.3,105.21,105.25,22.57800514
2022-03-05 21:34:00,105.23,105.3,105.3,105.23,39.8096743
2022-03-05 21:33:00,105.24,105.32,105.29,105.3,26.43089076
2022-03-05 21:32:00,105.26,105.33,105.29,105.29,18.05538936
2022-03-05 21:31:00,105.19,105.3,105.28,105.3,83.24394818
2022-03-05 21:30:00,105.25,105.31,105.29,105.27,53.06334485
2022-03-05 21:29:00,105.23,105.32,105.27,105.32,99.64705379
2022-03-05 21:28:00,105.23,105.32,105.26,105.24,93.92924385
2022-03-05 21:27:00,105.22,105.32,105.26,105.32,35.84142806
2022-03-05 21:26:00,105.2,105.28,105.24,105.23,29.94285073
2022-03-05 21:25:00,105.2,105.27,105.21,105.24,53.14508418
2022-03-05 21:24:00,105.21,105.27,105.23,105.22,9.11619924
2022-03-05 21:23:00,105.2,105.29,105.24,105.25,99.91818538
2022-03-05 21:22:00,105.16,105.24,105.2,105.22,14.01783977
2022-03-05 21:21:00,105.15,105.25,105.2,105.16,111.66262942
2022-03-05 21:20:00,105.15,105.24,105.24,105.18,30.15380102
2022-03-05 21:19:00,105.1,105.27,105.19,105.27,153.3268325
2022-03-05 21:18:00,105.17,105.26,105.2,105.2,29.39384471
2022-03-05 21:17:00,105.14,105.24,105.16,105.18,344.47793162
2022-03-05 21:16:00,105.11,105.17,105.17,105.16,13.19897631
2022-03-05 21:15:00,105.14,105.26,105.26,105.17,70.97765717
2022-03-05 21:14:00,105.21,105.28,105.24,105.26,29.56240164
2022-03-05 21:13:00,105.16,105.28,105.17,105.28,23.05428587
2022-03-05 21:12:00,105.2,105.33,105.32,105.22,42.41324076
2022-03-05 21:11:00,105.24,105.32,105.27,105.32,61.26492843
2022-03-05 21:10:00,105.22,105.29,105.29,105.27,44.26419774
2022-03-05 21:09:00,105.23,105.32,105.24,105.23,64.74921993
2022-03-05 21:08:00,105.11,105.21,105.17,105.21,77.01167812
2022-03-05 21:07:00,105.15,105.23,105.17,105.17,47.58412233
2022-03-05 21:06:00,105.14,105.24,105.16,105.18,137.19473918
2022-03-05 21:05:00,105.09,105.17,105.1,105.14,15.99876092
2022-03-05 21:04:00,105.06,105.16,105.14,105.1,46.48401478
2022-03-05 21:03:00,105.09,105.25,105.2,105.12,17.91561741
2022-03-05 21:02:00,105.09,105.19,105.1,105.14,33.51620087
2022-03-05 21:01:00,105.07,105.13,105.1,105.13,23.91107085
2022-03-05 21:00:00,104.99,105.14,104.99,105.1,65.32817383
2022-03-05 20:59:00,104.97,105.14,105.1,105.0,126.98464043
2022-03-05 20:58:00,104.97,105.08,105.0,105.08,27.12677869
2022-03-05 20:57:00,104.94,105.05,105.04,105.0,91.94892362
2022-03-05 20:56:00,105.05,105.11,105.06,105.1,86.80779229
2022-03-05 20:55:00,105.01,105.12,105.11,105.09,145.56721965
2022-03-05 20:54:00,105.03,105.18,105.07,105.07,212.36941236
2022-03-05 20:53:00,104.95,105.07,104.97,105.05,49.22792992
2022-03-05 20:52:00,104.84,105.0,104.9,104.98,354.25934757
2022-03-05 20:51:00,104.79,104.9,104.9,104.88,591.56812631
2022-03-05 20:50:00,104.95,105.06,105.06,104.95,54.95644665
2022-03-05 20:49:00,105.03,105.16,105.08,105.05,81.23414749
2022-03-05 20:48:00,105.04,105.14,105.14,105.08,25.51187632
2022-03-05 20:47:00,105.08,105.24,105.19,105.13,167.76810022
2022-03-05 20:46:00,105.11,105.24,105.21,105.18,110.08747066
2022-03-05 20:45:00,105.02,105.2,105.1,105.2,560.09915427
2022-03-05 20:44:00,105.09,105.2,105.13,105.1,100.10544434
2022-03-05 20:43:00,105.05,105.18,105.05,105.1,83.66371566
2022-03-05 20:42:00,105.01,105.23,105.13,105.02,208.73862505
2022-03-05 20:41:00,105.08,105.17,105.14,105.11,252.35556012
2022-03-05 20:40:00,105.09,105.15,105.14,105.11,20.02857604
2022-03-05 20:39:00,105.09,105.15,105.11,105.15,132.78782184
2022-03-05 20:38:00,105.04,105.12,105.07,105.12,24.18037325
2022-03-05 20:37:00,104.98,105.08,105.01,105.08,158.48131731
2022-03-05 20:36:00,104.97,105.06,105.05,105.02,58.11217387
2022-03-05 20:35:00,104.99,105.1,105.08,105.07,71.58557484
2022-03-05 20:34:00,105.01,105.1,105.02,105.08,38.85093411
2022-03-05 20:33:00,104.92,105.06,104.97,105.05,179.21314263
2022-03-05 20:32:00,104.94,105.05,105.01,104.98,124.32406324
2022-03-05 20:31:00,104.89,105.04,105.03,105.01,72.56104764
2022-03-05 20:30:00,104.97,105.17,105.15,105.03,59.65325302
2022-03-05 20:29:00,104.98,105.15,104.98,105.15,50.98658502
2022-03-05 20:28:00,104.97,105.22,105.22,105.03,205.61590532
2022-03-05 20:27:00,105.19,105.25,105.19,105.22,112.90315145
2022-03-05 20:26:00,105.18,105.26,105.22,105.22,419.16689853
2022-03-05 20:25:00,105.11,105.28,105.23,105.17,55.7151597
2022-03-05 20:24:00,105.23,105.31,105.29,105.27,57.61949911
2022-03-05 20:23:00,105.1,105.29,105.11,105.29,101.72241764
2022-03-05 20:22:00,105.02,105.16,105.15,105.13,301.16603918
2022-03-05 20:21:00,105.03,105.19,105.18,105.13,175.43066138
2022-03-05 20:20:00,105.2,105.32,105.28,105.2,103.97717102
2022-03-05 20:19:00,105.24,105.32,105.24,105.29,45.6639194
2022-03-05 20:18:00,105.19,105.28,105.28,105.21,46.01240361
2022-03-05 20:17:00,105.22,105.3,105.27,105.26,210.5680232
2022-03-05 20:16:00,105.15,105.29,105.17,105.24,82.47129511
2022-03-05 20:15:00,105.12,105.25,105.21,105.17,32.57021811
2022-03-05 20:14:00,105.18,105.26,105.21,105.22,12.14935578
2022-03-05 20:13:00,105.18,105.29,105.22,105.2,33.71899657
2022-03-05 20:12:00,105.13,105.26,105.19,105.25,278.91086729
2022-03-05 20:11:00,105.13,105.28,105.24,105.19,206.27351865
2022-03-05 20:10:00,105.15,105.27,105.22,105.21,105.50782746
2022-03-05 20:09:00,105.06,105.26,105.12,105.25,274.39815956
2022-03-05 20:08:00,105.08,105.12,105.11,105.1,59.54572053
2022-03-05 20:07:00,105.02,105.12,105.04,105.1,149.62395053
2022-03-05 20:06:00,105.0,105.13,105.03,105.03,127.48021993
2022-03-05 20:05:00,105.04,105.16,105.13,105.05,105.95952606
2022-03-05 20:04:00,104.98,105.17,105.03,105.12,292.94316177
2022-03-05 20:03:00,105.0,105.05,105.05,105.0,46.64066429
2022-03-05 20:02:00,104.95,105.06,104.96,105.06,108.93505798
2022-03-05 20:01:00,104.9,104.96,104.94,104.94,109.96002004
2022-03-05 20:00:00,104.94,105.07,105.03,104.97,31.60020001
2022-03-05 19:59:00,104.99,105.06,105.03,104.99,117.20830462
2022-03-05 19:58:00,104.94,105.04,105.04,105.02,56.67329332
2022-03-05 19:57:00,104.97,105.05,104.99,105.04,135.82512847
2022-03-05 19:56:00,104.96,105.07,105.03,104.99,25.50839027
2022-03-05 19:55:00,104.94,105.04,105.03,105.01,96.36662037
2022-03-05 19:54:00,104.97,105.04,105.03,105.0,358.33054905
2022-03-05 19:53:00,104.92,105.04,104.92,105.03,96.38792253
2022-03-05 19:52:00,104.89,105.05,105.04,104.93,249.75218071
2022-03-05 19:51:00,104.96,105.06,104.96,105.04,37.98575409
2022-03-05 19:50:00,104.93,104.98,104.93,104.96,33.2705015
2022-03-05 19:49:00,104.89,104.97,104.97,104.97,34.84312528
2022-03-05 19:48:00,104.91,104.98,104.92,104.93,25.62593996
2022-03-05 19:47:00,104.82,104.95,104.83,104.95,139.09911265
2022-03-05 19:46:00,104.79,104.86,104.84,104.86,29.988313
2022-03-05 19:45:00,104.83,104.85,104.83,104.85,2.96688063
2022-03-05 19:44:00,104.78,104.85,104.85,104.84,10.09991859
2022-03-05 19:43:00,104.79,104.85,104.83,104.84,228.17249372
2022-03-05 19:42:00,104.79,104.83,104.81,104.83,76.02334087
2022-03-05 19:41:00,104.79,104.87,104.84,104.83,169.15987134
2022-03-05 19:40:00,104.76,104.85,104.77,104.81,57.11033129
2022-03-05 19:39:00,104.79,104.85,104.79,104.8,30.10142204
2022-03-05 19:38:00,104.75,104.84,104.8,104.79,18.34374327
2022-03-05 19:37:00,104.75,104.9,104.88,104.75,71.8592188
2022-03-05 19:36:00,104.84,104.92,104.84,104.9,14.8638927
2022-03-05 19:35:00,104.76,104.86,104.83,104.86,43.75299804
2022-03-05 19:34:00,104.77,104.85,104.82,104.83,117.6973136
2022-03-05 19:33:00,104.77,104.85,104.77,104.84,176.33892084
2022-03-05 19:32:00,104.76,104.82,104.81,104.77,49.4164465
2022-03-05 19:31:00,104.81,104.9,104.83,104.84,59.48524535
2022-03-05 19:30:00,104.82,104.91,104.89,104.83,59.84330957
2022-03-05 19:29:00,104.87,104.97,104.91,104.93,24.71621217
2022-03-05 19:28:00,104.92,104.98,104.97,104.95,55.76342321
2022-03-05 19:27:00,104.93,104.97,104.94,104.97,23.60498754
2022-03-05 19:26:00,104.93,104.99,104.98,104.93,39.31940593
2022-03-05 19:25:00,104.94,105.02,104.99,104.94,41.09219144
2022-03-05 19:24:00,104.94,104.98,104.95,104.94,13.24001457
2022-03-05 19:23:00,104.93,105.03,104.97,104.95,54.00778399
2022-03-05 19:22:00,104.89,105.0,104.91,104.96,81.59799967
2022-03-05 19:21:00,104.85,104.95,104.9,104.9,44.54996449
2022-03-05 19:20:00,104.89,104.99,104.92,104.9,68.04602569
2022-03-05 19:19:00,104.92,105.11,105.08,104.97,109.17942081
2022-03-05 19:18:00,105.06,105.13,105.08,105.1,51.18983977
2022-03-05 19:17:00,104.99,105.11,105.02,105.08,165.00048675
2022-03-06 05:17:00,103.81,103.87,103.84,103.83,42.17633153
2022-03-06 05:16:00,103.75,103.83,103.78,103.82,21.06923872
2022-03-06 05:15:00,103.65,103.78,103.71,103.78,13.73632233
2022-03-06 05:14:00,103.7,103.78,103.77,103.7,10.91954551
2022-03-06 05:13:00,103.71,103.8,103.77,103.75,104.00265466
2022-03-06 05:12:00,103.72,103.84,103.77,103.84,32.74349508
2022-03-06 05:11:00,103.72,103.79,103.74,103.75,20.18070559
2022-03-06 05:10:00,103.62,103.76,103.65,103.74,62.76669201
2022-03-06 05:09:00,103.71,103.87,103.79,103.71,56.16647852
2022-03-06 05:08:00,103.79,103.94,103.92,103.82,9.31163688
2022-03-06 05:07:00,103.88,103.94,103.92,103.94,58.12697503
2022-03-06 05:06:00,103.88,103.94,103.93,103.94,39.75538245
2022-03-06 05:05:00,103.86,104.13,104.13,103.88,59.18975317
2022-03-06 05:04:00,103.91,104.13,103.91,104.13,33.04335371
2022-03-06 05:03:00,103.83,103.94,103.89,103.94,62.16145019
2022-03-06 05:02:00,103.81,103.88,103.85,103.83,44.09192272
2022-03-06 05:01:00,103.75,103.87,103.75,103.85,82.33919718
2022-03-06 05:00:00,103.66,103.83,103.77,103.77,73.41747927
2022-03-06 04:59:00,103.68,103.79,103.79,103.75,58.64950373
2022-03-06 04:58:00,103.77,103.88,103.85,103.81,78.03547875
2022-03-06 04:57:00,103.83,103.89,103.89,103.88,19.59279044
2022-03-06 04:56:00,103.89,103.96,103.91,103.92,38.63222322
2022-03-06 04:55:00,103.86,103.95,103.93,103.95,18.87788186
2022-03-06 04:54:00,103.9,103.98,103.9,103.96,101.27519728
2022-03-06 04:53:00,103.87,103.94,103.93,103.88,42.67411229
2022-03-06 04:52:00,103.84,103.93,103.9,103.92,34.57780981
2022-03-06 04:51:00,103.84,103.94,103.88,103.94,98.68901905
2022-03-06 04:50:00,103.81,104.15,104.09,103.88,108.2285457
2022-03-06 04:49:00,103.99,104.13,104.06,104.1,187.02747478
2022-03-06 04:48:00,103.92,104.09,103.92,104.09,47.06772789
2022-03-06 04:47:00,103.89,104.03,104.0,103.99,60.59385117
2022-03-06 04:46:00,103.88,104.01,103.91,104.0,85.36900018
2022-03-06 04:45:00,103.77,103.91,103.79,103.91,24.45289032
2022-03-06 04:44:00,103.71,103.88,103.73,103.79,188.79527791
2022-03-06 04:43:00,103.65,103.8,103.73,103.67,55.25493794
2022-03-06 04:42:00,103.7,103.88,103.88,103.7,89.7347578
2022-03-06 04:41:00,103.84,104.04,104.04,103.9,67.95137232
2022-03-06 04:40:00,103.67,104.2,103.67,104.04,428.12879954
2022-03-06 04:39:00,103.38,103.65,103.38,103.6,108.87812269
2022-03-06 04:38:00,103.29,103.44,103.31,103.35,158.99148805
2022-03-06 04:37:00,103.28,103.55,103.49,103.32,283.88681785
2022-03-06 04:36:00,103.43,103.53,103.45,103.47,140.20762009
2022-03-06 04:35:00,103.29,103.45,103.4,103.45,275.78065517
2022-03-06 04:34:00,103.34,103.45,103.35,103.45,80.39729531
2022-03-06 04:33:00,103.24,103.36,103.32,103.36,27.95616232
2022-03-06 04:32:00,103.19,103.31,103.24,103.31,49.79764244
2022-03-06 04:31:00,103.11,103.26,103.15,103.24,166.92426716
2022-03-06 04:30:00,103.12,103.17,103.13,103.12,33.76992626
2022-03-06 04:29:00,103.06,103.15,103.12,103.11,397.50298099
2022-03-06 04:28:00,103.09,103.18,103.18,103.1,22.88727504
2022-03-06 04:27:00,103.14,103.19,103.16,103.18,59.83373766
2022-03-06 04:26:00,103.05,103.19,103.12,103.16,75.42801457
2022-03-06 04:25:00,102.97,103.12,102.97,103.12,89.23002828
2022-03-06 04:24:00,102.95,103.04,103.03,102.96,25.67907117
2022-03-06 04:23:00,102.99,103.09,102.99,103.05,25.9528394
2022-03-06 04:22:00,102.99,103.1,103.06,103.02,91.40005421
2022-03-06 04:21:00,102.91,103.06,102.99,103.06,90.65759434
2022-03-06 04:20:00,102.77,102.98,102.77,102.98,193.12126404
2022-03-06 04:19:00,102.7,102.84,102.81,102.74,166.38277389
2022-03-06 04:18:00,102.8,102.99,102.91,102.82,1087.45543526
2022-03-06 04:17:00,102.69,102.94,102.75,102.9,86.35532676
2022-03-06 04:16:00,102.69,102.83,102.79,102.73,24.31131357
2022-03-06 04:15:00,102.67,102.83,102.68,102.75,60.0012383
2022-03-06 04:14:00,102.6,102.84,102.79,102.66,103.52577036
2022-03-06 04:13:00,102.7,102.82,102.7,102.77,6.10810294
2022-03-06 04:12:00,102.56,102.79,102.65,102.69,45.29298201
2022-03-06 04:11:00,102.52,102.65,102.63,102.57,73.28406373
2022-03-06 04:10:00,102.59,102.76,102.71,102.6,19.68496336
2022-03-06 04:09:00,102.64,102.77,102.7,102.71,115.34545792
2022-03-06 04:08:00,102.61,102.84,102.67,102.79,156.54850462
2022-03-06 04:07:00,102.61,102.89,102.83,102.65,120.48102795
2022-03-06 04:06:00,102.79,103.21,103.02,102.83,548.22727006
2022-03-06 04:05:00,102.73,103.02,102.91,103.02,86.78490144
2022-03-06 04:04:00,102.45,102.98,102.54,102.91,427.70451642
2022-03-06 04:03:00,102.53,103.53,103.42,102.53,521.80052695
2022-03-06 04:02:00,103.44,104.13,104.12,103.53,753.70543788
2022-03-06 04:01:00,104.07,104.13,104.07,104.13,61.59996114
2022-03-06 04:00:00,103.79,104.12,103.98,104.07,595.63819274
2022-03-06 03:59:00,103.76,103.99,103.88,103.95,200.99642737
2022-03-06 03:58:00,103.93,104.22,104.22,103.93,88.12775322
2022-03-06 03:57:00,104.22,104.34,104.3,104.22,25.74698497
2022-03-06 03:56:00,104.26,104.31,104.28,104.3,39.14901114
2022-03-06 03:55:00,104.3,104.33,104.32,104.33,2.34661732
2022-03-06 03:54:00,104.27,104.38,104.37,104.3,69.5795059
2022-03-06 03:53:00,104.33,104.4,104.39,104.38,21.34442471
2022-03-06 03:52:00,104.39,104.46,104.39,104.41,60.84869772
2022-03-06 03:51:00,104.35,104.42,104.38,104.4,36.53817014
2022-03-06 03:50:00,104.28,104.4,104.28,104.39,14.08052085
2022-03-06 03:49:00,104.25,104.34,104.31,104.32,28.12716579
2022-03-06 03:48:00,104.17,104.35,104.21,104.35,113.14719328
2022-03-06 03:47:00,104.1,104.25,104.25,104.17,47.57211945
2022-03-06 03:46:00,104.21,104.26,104.22,104.24,71.12841251
2022-03-06 03:45:00,104.11,104.26,104.21,104.24,36.07438144
2022-03-06 03:44:00,104.07,104.24,104.07,104.24,238.11043899
2022-03-06 03:43:00,104.09,104.28,104.22,104.12,53.48589561
2022-03-06 03:42:00,104.13,104.27,104.14,104.26,88.15206153
2022-03-06 03:41:00,103.99,104.2,104.09,104.12,510.24754322
2022-03-06 03:40:00,104.06,104.3,104.27,104.12,43.88920954
2022-03-06 03:39:00,104.28,104.4,104.29,104.29,250.59324385
2022-03-06 03:38:00,104.26,104.43,104.38,104.29,53.59193407
2022-03-06 03:37:00,104.31,104.58,104.52,104.35,188.70077068
2022-03-06 03:36:00,104.23,104.52,104.37,104.52,263.63100708
2022-03-06 03:35:00,104.35,104.68,104.68,104.41,74.64837316
2022-03-06 03:34:00,104.56,104.81,104.81,104.66,500.69987282
2022-03-06 03:33:00,104.76,104.81,104.77,104.8,25.99016495
2022-03-06 03:32:00,104.74,104.8,104.75,104.77,51.93959108
2022-03-06 03:31:00,104.79,104.86,104.86,104.82,82.29031201
2022-03-06 03:30:00,104.82,104.86,104.84,104.84,25.3817664
2022-03-06 03:29:00,104.79,104.84,104.83,104.83,14.79332318
2022-03-06 03:28:00,104.8,104.85,104.81,104.82,13.5457177
2022-03-06 03:27:00,104.8,104.86,104.84,104.83,7.7419027
2022-03-06 03:26:00,104.79,104.85,104.84,104.84,18.86546711
2022-03-06 03:25:00,104.76,104.85,104.76,104.83,59.86161329
2022-03-06 03:24:00,104.75,104.81,104.79,104.75,17.2149881
2022-03-06 03:23:00,104.76,104.82,104.77,104.8,14.44013854
2022-03-06 03:22:00,104.77,104.85,104.84,104.82,63.59596252
2022-03-06 03:21:00,104.8,104.93,104.92,104.82,42.69575886
2022-03-06 03:20:00,104.87,104.95,104.88,104.89,13.8290011
2022-03-06 03:19:00,104.91,104.96,104.94,104.91,19.85863734
2022-03-06 03:18:00,104.9,104.96,104.92,104.95,29.73224206
2022-03-06 03:17:00,104.91,104.98,104.92,104.96,21.59890969
2022-03-06 03:16:00,104.89,105.03,104.99,104.96,31.05100803
2022-03-06 03:15:00,104.96,105.03,104.96,105.02,23.9276832
2022-03-06 03:14:00,104.95,105.07,105.05,105.0,25.10840269
2022-03-06 03:13:00,105.07,105.14,105.09,105.08,27.55236934
2022-03-06 03:12:00,105.06,105.15,105.15,105.11,45.17114879
2022-03-06 03:11:00,105.12,105.16,105.12,105.15,18.19634499
2022-03-06 03:10:00,105.01,105.11,105.03,105.11,63.68290524
2022-03-06 03:09:00,105.04,105.08,105.08,105.05,10.50511821
2022-03-06 03:08:00,105.06,105.16,105.14,105.08,46.80685343
2022-03-06 03:07:00,105.06,105.13,105.06,105.13,14.96093264
2022-03-06 03:06:00,105.03,105.08,105.07,105.07,34.56669518
2022-03-06 03:05:00,105.05,105.12,105.09,105.08,42.756264
2022-03-06 03:04:00,105.09,105.15,105.14,105.11,95.48991262
2022-03-06 03:03:00,105.11,105.18,105.12,105.14,17.16405955
2022-03-06 03:02:00,105.06,105.12,105.11,105.12,16.41143967
2022-03-06 03:01:00,105.07,105.13,105.12,105.12,34.24008595
2022-03-06 03:00:00,105.04,105.11,105.07,105.1,60.83034845
2022-03-06 02:59:00,105.08,105.14,105.1,105.08,23.19229138
2022-03-06 02:58:00,105.06,105.15,105.1,105.11,124.42977797
2022-03-06 02:57:00,105.01,105.08,105.04,105.08,9.07049667
2022-03-06 02:56:00,104.92,105.08,104.96,105.05,58.05640056
2022-03-06 02:55:00,104.96,104.99,104.98,104.96,25.87522719
2022-03-06 02:54:00,104.91,105.02,105.02,104.99,69.99015672
2022-03-06 02:53:00,105.01,105.06,105.05,105.01,26.09614803
2022-03-06 02:52:00,105.02,105.06,105.04,105.05,14.92071746
2022-03-06 02:51:00,105.01,105.08,105.02,105.01,52.37867101
2022-03-06 02:50:00,104.98,105.07,105.06,105.01,54.31258826
2022-03-06 02:49:00,105.07,105.16,105.14,105.1,39.70195537
2022-03-06 02:48:00,105.14,105.22,105.21,105.14,10.8223274
2022-03-06 02:47:00,105.17,105.24,105.23,105.21,27.36741647
2022-03-06 02:46:00,105.19,105.24,105.21,105.2,30.58154647
2022-03-06 02:45:00,105.2,105.27,105.27,105.24,39.13900407
2022-03-06 02:44:00,105.25,105.36,105.34,105.25,84.0351248
2022-03-06 02:43:00,105.29,105.34,105.29,105.34,3.25473705
2022-03-06 02:42:00,105.25,105.32,105.26,105.32,22.9553805
2022-03-06 02:41:00,105.21,105.3,105.24,105.21,73.15457084
2022-03-06 02:40:00,105.24,105.3,105.28,105.26,166.10989202
2022-03-06 02:39:00,105.27,105.45,105.44,105.27,144.33888146
2022-03-06 02:38:00,105.42,105.47,105.45,105.42,33.74721738
2022-03-06 02:37:00,105.41,105.46,105.45,105.44,68.41825694
2022-03-06 02:36:00,105.39,105.45,105.41,105.45,27.70521078
2022-03-06 02:35:00,105.38,105.43,105.43,105.42,42.79739283
2022-03-06 02:34:00,105.43,105.44,105.44,105.43,33.07862409
2022-03-06 02:33:00,105.39,105.44,105.44,105.42,124.72083446
2022-03-06 02:32:00,105.39,105.47,105.39,105.43,140.29217379
2022-03-06 02:31:00,105.38,105.44,105.44,105.38,112.31851654
2022-03-06 02:30:00,105.37,105.44,105.38,105.43,9.0790959
2022-03-06 02:29:00,105.38,105.42,105.39,105.42,28.97435061
2022-03-06 02:28:00,105.35,105.41,105.41,105.4,35.35448223
2022-03-06 02:27:00,105.32,105.4,105.35,105.4,31.93496345
2022-03-06 02:26:00,105.27,105.35,105.28,105.31,127.1732067
2022-03-06 02:25:00,105.27,105.42,105.35,105.3,115.82635802
2022-03-06 02:24:00,105.32,105.38,105.34,105.37,20.31998412
2022-03-06 02:23:00,105.28,105.37,105.33,105.37,48.02558795
2022-03-06 02:22:00,105.29,105.36,105.33,105.29,57.80261587
2022-03-06 02:21:00,105.27,105.37,105.37,105.32,46.94947418
2022-03-06 02:20:00,105.33,105.42,105.39,105.37,98.55143383
2022-03-06 02:19:00,105.31,105.38,105.32,105.38,27.61319799
2022-03-06 02:18:00,105.27,105.32,105.27,105.29,13.34776956
2022-03-06 02:17:00,105.25,105.31,105.28,105.26,52.61782013
2022-03-06 02:16:00,105.27,105.33,105.31,105.31,24.57478066
2022-03-06 02:15:00,105.18,105.31,105.28,105.27,29.63650309
2022-03-06 02:14:00,105.24,105.32,105.24,105.25,13.85340338
2022-03-06 02:13:00,105.12,105.24,105.15,105.24,41.8703635
2022-03-06 02:12:00,105.11,105.19,105.14,105.14,31.62668769
2022-03-06 02:11:00,105.06,105.14,105.06,105.14,49.1889818
2022-03-06 02:10:00,105.03,105.06,105.04,105.06,33.59138284
2022-03-06 02:09:00,105.0,105.11,105.0,105.04,87.22283209
2022-03-06 02:08:00,104.99,105.06,105.05,105.0,33.99829448
2022-03-06 02:07:00,105.02,105.09,105.07,105.04,7.77722004
2022-03-06 02:06:00,104.99,105.12,105.02,105.1,72.7857841
2022-03-06 02:05:00,104.89,105.04,104.89,105.03,65.08231923
2022-03-06 02:04:00,104.77,104.96,104.77,104.93,89.86596225
2022-03-06 02:03:00,104.75,105.08,105.08,104.75,264.44534707
2022-03-06 02:02:00,105.05,105.22,105.18,105.09,38.72934877
2022-03-06 02:01:00,105.17,105.27,105.2,105.17,57.45127574
2022-03-06 02:00:00,105.17,105.23,105.2,105.2,13.8209971
2022-03-06 01:59:00,105.19,105.29,105.2,105.27,8.21116802
2022-03-06 01:58:00,105.16,105.22,105.16,105.21,27.23404662
2022-03-06 01:57:00,105.11,105.19,105.15,105.19,16.45457261
2022-03-06 01:56:00,105.13,105.18,105.16,105.16,81.43985169
2022-03-06 01:55:00,105.13,105.24,105.16,105.13,27.87205817
2022-03-06 01:54:00,105.18,105.26,105.2,105.19,51.18480417
2022-03-06 01:53:00,105.14,105.21,105.14,105.2,36.4110353
2022-03-06 01:52:00,105.06,105.14,105.08,105.14,20.40547279
2022-03-06 01:51:00,105.04,105.11,105.1,105.07,66.64705484
2022-03-06 01:50:00,105.03,105.12,105.03,105.12,31.5802892
2022-03-06 01:49:00,105.03,105.09,105.09,105.07,82.12380563
2022-03-06 01:48:00,105.06,105.13,105.13,105.08,38.27820891
2022-03-06 01:47:00,105.06,105.13,105.06,105.13,51.6324925
2022-03-06 01:46:00,105.01,105.09,105.01,105.06,13.1539646
2022-03-06 01:45:00,105.02,105.23,105.22,105.03,43.98872623
2022-03-06 01:44:00,105.12,105.22,105.13,105.21,51.58541088
2022-03-06 01:43:00,105.06,105.12,105.08,105.07,24.85611526
2022-03-06 01:42:00,105.05,105.11,105.08,105.08,25.46844548
2022-03-06 01:41:00,104.98,105.1,105.03,105.09,127.6704802
2022-03-06 01:40:00,105.02,105.12,105.12,105.04,103.70537313
2022-03-06 01:39:00,105.09,105.16,105.14,105.09,27.61618477
2022-03-06 01:38:00,105.08,105.2,105.19,105.14,26.50788779
2022-03-06 01:37:00,105.14,105.22,105.21,105.18,36.32156411
2022-03-06 01:36:00,105.19,105.26,105.22,105.23,26.6208159
2022-03-06 01:35:00,105.21,105.35,105.3,105.26,15.92289765
2022-03-06 01:34:00,105.28,105.46,105.46,105.33,72.30023084
2022-03-06 01:33:00,105.46,105.5,105.5,105.49,27.80695157
2022-03-06 01:32:00,105.43,105.53,105.52,105.5,97.41910241
2022-03-06 01:31:00,105.49,105.56,105.54,105.49,18.9707392
2022-03-06 01:30:00,105.53,105.71,105.7,105.53,7.9085066
2022-03-06 01:29:00,105.65,105.8,105.8,105.68,29.4150455
2022-03-06 01:28:00,105.64,105.75,105.66,105.75,21.45040125
2022-03-06 01:27:00,105.64,105.84,105.75,105.7,84.11143487
2022-03-06 01:26:00,105.36,105.88,105.37,105.77,2419.65116527
2022-03-06 01:25:00,105.36,105.49,105.47,105.36,126.06480617
2022-03-06 01:24:00,105.42,105.51,105.51,105.47,15.82339163
2022-03-06 01:23:00,105.33,105.49,105.35,105.45,500.6892322
2022-03-06 01:22:00,105.1,105.53,105.12,105.36,1265.06665399
2022-03-06 01:21:00,105.09,105.14,105.12,105.1,26.16107382
2022-03-06 01:20:00,105.07,105.21,105.19,105.1,37.94433356
2022-03-06 01:19:00,105.18,105.26,105.25,105.2,18.43358313
2022-03-06 01:18:00,105.18,105.27,105.27,105.24,35.32422186
2022-03-06 01:17:00,105.22,105.27,105.24,105.25,4.95194888
2022-03-06 01:16:00,105.17,105.28,105.28,105.25,47.30542459
2022-03-06 01:15:00,105.16,105.29,105.26,105.25,49.03837034
2022-03-06 01:14:00,105.24,105.34,105.34,105.26,51.22723568
2022-03-06 01:13:00,105.3,105.38,105.32,105.35,138.36837329
2022-03-06 01:12:00,104.99,105.46,105.13,105.32,1226.28211497
2022-03-06 01:11:00,105.06,105.16,105.16,105.13,24.07802045
2022-03-06 01:10:00,105.11,105.2,105.19,105.15,7.36750629
2022-03-06 01:09:00,105.11,105.21,105.18,105.19,15.71880724
2022-03-06 01:08:00,105.14,105.23,105.14,105.23,34.45055987
2022-03-06 01:07:00,105.07,105.22,105.2,105.22,177.3506353
2022-03-06 01:06:00,105.14,105.22,105.21,105.2,30.68519143
2022-03-06 01:05:00,105.21,105.27,105.21,105.26,30.90645778
2022-03-06 01:04:00,105.17,105.27,105.26,105.18,40.58335943
2022-03-06 01:03:00,105.1,105.27,105.12,105.23,28.63164301
2022-03-06 01:02:00,105.05,105.14,105.06,105.11,24.96268971
2022-03-06 01:01:00,104.99,105.1,105.1,105.05,152.24628067
2022-03-06 01:00:00,105.11,105.34,105.25,105.12,91.27373975
2022-03-06 00:59:00,105.14,105.38,105.14,105.23,602.26180623
2022-03-06 00:58:00,105.11,105.14,105.14,105.14,20.82421363
2022-03-06 00:57:00,105.1,105.14,105.13,105.14,3.77169529
2022-03-06 00:56:00,105.1,105.14,105.12,105.11,40.00583517
2022-03-06 00:55:00,105.04,105.13,105.13,105.12,14.16999666
2022-03-06 00:54:00,105.06,105.13,105.08,105.13,30.39314831
2022-03-06 00:53:00,105.05,105.13,105.12,105.11,93.05306256
2022-03-06 00:52:00,105.05,105.13,105.05,105.08,19.10335028
2022-03-06 00:51:00,105.01,105.11,105.04,105.06,79.6176131
2022-03-06 00:50:00,104.99,105.09,105.07,105.04,15.65963808
2022-03-06 00:49:00,105.01,105.08,105.05,105.04,20.12504232
2022-03-06 00:48:00,105.02,105.09,105.07,105.04,18.61304492
2022-03-06 00:47:00,104.97,105.08,104.99,105.08,36.96224155
2022-03-06 00:46:00,105.0,105.14,105.13,105.0,39.51371712
2022-03-06 00:45:00,105.09,105.16,105.15,105.15,31.30814787
2022-03-06 00:44:00,105.12,105.19,105.15,105.15,16.23078323
2022-03-06 00:43:00,105.14,105.21,105.21,105.18,13.59660787
2022-03-06 00:42:00,105.22,105.26,105.25,105.23,53.48113531
2022-03-06 00:41:00,105.12,105.25,105.17,105.25,48.75878096
2022-03-06 00:40:00,105.21,105.31,105.28,105.21,634.34234878
2022-03-06 00:39:00,105.23,105.33,105.24,105.33,66.48526927
2022-03-06 00:38:00,105.2,105.24,105.22,105.23,15.49209628
2022-03-06 00:37:00,105.16,105.22,105.18,105.22,7.57351212
2022-03-06 00:36:00,105.11,105.19,105.14,105.19,27.17958197
2022-03-06 00:35:00,105.1,105.16,105.15,105.14,21.97270792
2022-03-06 00:34:00,105.11,105.24,105.17,105.17,37.00450867
2022-03-06 00:33:00,105.07,105.16,105.15,105.13,68.75085934
2022-03-06 00:32:00,105.12,105.19,105.14,105.12,30.79697266
2022-03-06 00:31:00,105.06,105.14,105.08,105.14,38.30385908
2022-03-06 00:30:00,105.03,105.12,105.08,105.12,50.31054887
2022-03-06 00:29:00,105.05,105.1,105.08,105.06,11.50230714
2022-03-06 00:28:00,105.04,105.13,105.11,105.04,42.67692626
2022-03-06 00:27:00,105.07,105.11,105.1,105.11,48.75475088
2022-03-06 00:26:00,105.02,105.11,105.05,105.08,38.13804158
2022-03-06 00:25:00,105.06,105.16,105.16,105.09,58.37783665
2022-03-06 00:24:00,105.11,105.16,105.11,105.15,7.37600077
2022-03-06 00:23:00,105.11,105.24,105.24,105.16,16.09572384
2022-03-06 00:22:00,105.15,105.23,105.15,105.23,24.49357943
2022-03-06 00:21:00,105.13,105.17,105.17,105.13,18.63372073
2022-03-06 00:20:00,105.13,105.19,105.15,105.15,51.19932569
2022-03-06 00:19:00,105.12,105.18,105.17,105.18,14.12856394
2022-03-06 00:18:00,105.13,105.24,105.24,105.16,27.47353024
2022-03-06 00:17:00,105.1,105.25,105.15,105.24,105.11974178
2022-03-06 05:57:00,103.61,103.67,103.62,103.64,15.41263743
