datetime,open,high,low,close,volume
2023-08-12 15:50:00,83.48,83.5,83.48,83.49,11.1343645
2023-08-13 01:50:00,83.48,83.51,83.48,83.51,6.053319
2023-08-13 01:49:00,83.47,83.5,83.49,83.5,16.92903288
2023-08-13 01:48:00,83.46,83.49,83.46,83.49,7.66124277
2023-08-13 01:47:00,83.45,83.47,83.46,83.47,6.93538166
2023-08-13 01:46:00,83.44,83.46,83.45,83.46,19.35405505
2023-08-13 01:45:00,83.45,83.47,83.46,83.45,9.52330008
2023-08-13 01:44:00,83.46,83.48,83.47,83.48,16.89394767
2023-08-13 01:43:00,83.45,83.47,83.45,83.47,12.49715045
2023-08-13 01:42:00,83.45,83.47,83.46,83.47,11.1171537
2023-08-13 01:41:00,83.45,83.47,83.45,83.46,28.90989561
2023-08-13 01:40:00,83.44,83.47,83.45,83.45,4.16603669
2023-08-13 01:39:00,83.42,83.47,83.42,83.46,38.05631746
2023-08-13 01:38:00,83.38,83.43,83.39,83.42,11.6801346
2023-08-13 01:37:00,83.38,83.43,83.43,83.41,19.7051164
2023-08-13 01:36:00,83.42,83.43,83.42,83.43,19.1062888
2023-08-13 01:35:00,83.4,83.42,83.4,83.42,5.3406127
2023-08-13 01:34:00,83.38,83.4,83.38,83.39,3.39093629
2023-08-13 01:33:00,83.36,83.38,83.37,83.38,11.02762682
2023-08-13 01:32:00,83.37,83.39,83.39,83.37,6.5904642
2023-08-13 01:31:00,83.34,83.36,83.34,83.36,7.55575168
2023-08-13 01:30:00,83.34,83.36,83.34,83.36,12.28744458
2023-08-13 01:29:00,83.34,83.36,83.35,83.35,16.79582394
2023-08-13 01:28:00,83.33,83.35,83.34,83.33,18.45579756
2023-08-13 01:27:00,83.34,83.36,83.35,83.36,7.2440252
2023-08-13 01:26:00,83.34,83.37,83.37,83.35,38.41346423
2023-08-13 01:25:00,83.37,83.41,83.38,83.4,13.13892134
2023-08-13 01:24:00,83.38,83.4,83.38,83.39,17.25975734
2023-08-13 01:23:00,83.36,83.38,83.38,83.38,27.98220592
2023-08-13 01:22:00,83.36,83.39,83.39,83.38,16.8090205
2023-08-13 01:21:00,83.37,83.4,83.4,83.39,25.18356411
2023-08-13 01:20:00,83.36,83.4,83.36,83.4,17.70233516
2023-08-13 01:19:00,83.36,83.42,83.42,83.37,88.55893399
2023-08-13 01:18:00,83.42,83.43,83.43,83.42,28.81547407
2023-08-13 01:17:00,83.42,83.43,83.43,83.43,24.21190857
2023-08-13 01:16:00,83.4,83.44,83.43,83.43,10.4420706
2023-08-13 01:15:00,83.43,83.45,83.43,83.44,10.63349497
2023-08-13 01:14:00,83.47,83.48,83.48,83.47,27.08111956
2023-08-13 01:13:00,83.46,83.49,83.48,83.48,8.20897198
2023-08-13 01:12:00,83.47,83.49,83.47,83.47,26.70641517
2023-08-13 01:11:00,83.47,83.49,83.48,83.49,19.96288797
2023-08-13 01:10:00,83.46,83.48,83.47,83.46,8.15963948
2023-08-13 01:09:00,83.46,83.49,83.48,83.47,19.63028999
2023-08-13 01:08:00,83.45,83.46,83.46,83.46,83.52912832
2023-08-13 01:07:00,83.45,83.47,83.47,83.45,2.2588765
2023-08-13 01:06:00,83.47,83.49,83.49,83.47,8.92629542
2023-08-13 01:05:00,83.49,83.52,83.52,83.49,52.29355215
2023-08-13 01:04:00,83.48,83.51,83.49,83.51,5.1164991
2023-08-13 01:03:00,83.48,83.49,83.48,83.49,10.97422319
2023-08-13 01:02:00,83.48,83.54,83.54,83.48,54.85939184
2023-08-13 01:01:00,83.53,83.57,83.57,83.54,27.75460842
2023-08-13 01:00:00,83.55,83.57,83.56,83.57,12.30171663
2023-08-13 00:59:00,83.55,83.57,83.57,83.55,57.43913353
2023-08-13 00:58:00,83.55,83.57,83.55,83.57,25.87408798
2023-08-13 00:57:00,83.51,83.56,83.53,83.56,43.13809089
2023-08-13 00:56:00,83.52,83.53,83.53,83.53,2.96760186
2023-08-13 00:55:00,83.52,83.53,83.53,83.53,6.95086317
2023-08-13 00:54:00,83.49,83.53,83.5,83.53,104.95114142
2023-08-13 00:53:00,83.49,83.51,83.49,83.51,11.61734576
2023-08-13 00:52:00,83.48,83.5,83.5,83.49,10.38104961
2023-08-13 00:51:00,83.49,83.5,83.5,83.5,5.33931398
2023-08-13 00:50:00,83.48,83.5,83.49,83.48,65.47669577
2023-08-13 00:49:00,83.43,83.5,83.43,83.5,58.68056936
2023-08-13 00:48:00,83.39,83.43,83.4,83.42,19.41438243
2023-08-13 00:47:00,83.39,83.4,83.39,83.4,43.67089192
2023-08-13 00:46:00,83.35,83.41,83.37,83.41,55.56019458
2023-08-13 00:45:00,83.34,83.37,83.35,83.37,72.29157652
2023-08-13 00:44:00,83.3,83.34,83.31,83.34,50.21972948
2023-08-13 00:43:00,83.3,83.31,83.31,83.31,14.65379956
2023-08-13 00:42:00,83.3,83.33,83.3,83.31,68.47173406
2023-08-13 00:41:00,83.3,83.32,83.31,83.31,43.61871363
2023-08-13 00:40:00,83.29,83.32,83.3,83.32,23.33201917
2023-08-13 00:39:00,83.29,83.31,83.29,83.3,46.52389152
2023-08-13 00:38:00,83.28,83.29,83.29,83.28,16.88442582
2023-08-13 00:37:00,83.28,83.29,83.28,83.29,8.16721315
2023-08-13 00:36:00,83.28,83.31,83.3,83.28,41.48675073
2023-08-13 00:35:00,83.29,83.31,83.29,83.31,23.77245299
2023-08-13 00:34:00,83.28,83.29,83.29,83.28,16.31278555
2023-08-13 00:33:00,83.28,83.29,83.29,83.28,7.06366469
2023-08-13 00:32:00,83.28,83.29,83.29,83.29,4.55485633
2023-08-13 00:31:00,83.28,83.29,83.28,83.29,17.45216425
2023-08-13 00:30:00,83.25,83.28,83.26,83.28,39.99548965
2023-08-13 00:29:00,83.26,83.28,83.28,83.27,9.58223752
2023-08-13 00:28:00,83.27,83.28,83.28,83.28,10.76379657
2023-08-13 00:27:00,83.26,83.28,83.26,83.28,25.97128555
2023-08-13 00:26:00,83.27,83.27,83.27,83.27,2.83054161
2023-08-13 00:25:00,83.25,83.27,83.26,83.27,11.46494647
2023-08-13 00:24:00,83.26,83.3,83.3,83.26,37.4419187
2023-08-13 00:23:00,83.26,83.3,83.28,83.3,43.2209411
2023-08-13 00:22:00,83.28,83.29,83.29,83.28,22.13301671
2023-08-13 00:21:00,83.28,83.32,83.31,83.29,9.17558478
2023-08-13 00:20:00,83.3,83.32,83.3,83.32,10.30080649
2023-08-13 00:19:00,83.29,83.31,83.31,83.29,23.45569848
2023-08-13 00:18:00,83.29,83.31,83.31,83.3,46.33436898
2023-08-13 00:17:00,83.31,83.33,83.32,83.31,18.82230242
2023-08-13 00:16:00,83.33,83.34,83.33,83.34,11.64585316
2023-08-13 00:15:00,83.3,83.33,83.31,83.33,36.82449754
2023-08-13 00:14:00,83.32,83.34,83.33,83.33,8.60468094
2023-08-13 00:13:00,83.33,83.34,83.34,83.33,10.54434079
2023-08-13 00:12:00,83.31,83.34,83.33,83.34,71.64122639
2023-08-13 00:11:00,83.32,83.34,83.34,83.33,38.83677893
2023-08-13 00:10:00,83.33,83.34,83.33,83.34,11.56690926
2023-08-13 00:09:00,83.33,83.34,83.33,83.34,13.99863978
2023-08-13 00:08:00,83.32,83.35,83.35,83.34,140.44429377
2023-08-13 00:07:00,83.34,83.36,83.36,83.35,8.24029613
2023-08-13 00:06:00,83.35,83.36,83.36,83.36,67.04068023
2023-08-13 00:05:00,83.35,83.38,83.37,83.36,12.43144373
2023-08-13 00:04:00,83.36,83.38,83.37,83.38,10.75086043
2023-08-13 00:03:00,83.37,83.39,83.38,83.38,7.81531797
2023-08-13 00:02:00,83.38,83.41,83.41,83.38,63.99129935
2023-08-13 00:01:00,83.4,83.43,83.43,83.41,22.53062415
2023-08-13 00:00:00,83.42,83.45,83.44,83.43,27.09546516
2023-08-12 23:59:00,83.42,83.42,83.42,83.42,8.9334785
2023-08-12 23:58:00,83.41,83.42,83.42,83.41,9.47464625
2023-08-12 23:57:00,83.41,83.42,83.42,83.42,25.17428768
2023-08-12 23:56:00,83.37,83.42,83.37,83.42,15.72208315
2023-08-12 23:55:00,83.37,83.39,83.39,83.39,31.79168637
2023-08-12 23:54:00,83.36,83.39,83.37,83.39,16.41981648
2023-08-12 23:53:00,83.36,83.38,83.37,83.37,7.06170767
2023-08-12 23:52:00,83.36,83.38,83.36,83.37,24.1311886
2023-08-12 23:51:00,83.35,83.37,83.37,83.37,14.11829789
2023-08-12 23:50:00,83.35,83.37,83.37,83.35,8.45711405
2023-08-12 23:49:00,83.37,83.39,83.37,83.37,63.76862102
2023-08-12 23:48:00,83.35,83.37,83.36,83.36,18.69989294
2023-08-12 23:47:00,83.34,83.36,83.35,83.36,12.98301336
2023-08-12 23:46:00,83.33,83.35,83.33,83.35,18.10146706
2023-08-12 23:45:00,83.31,83.35,83.35,83.33,101.89626832
2023-08-12 23:44:00,83.34,83.35,83.35,83.34,27.05344156
2023-08-12 23:43:00,83.34,83.36,83.36,83.35,64.79397677
2023-08-12 23:42:00,83.36,83.36,83.36,83.36,9.99964706
2023-08-12 23:41:00,83.34,83.37,83.37,83.35,297.78389539
2023-08-12 23:40:00,83.37,83.38,83.37,83.38,7.78869205
2023-08-12 23:39:00,83.37,83.38,83.38,83.38,17.16703579
2023-08-12 23:38:00,83.37,83.38,83.37,83.38,9.78590459
2023-08-12 23:37:00,83.38,83.4,83.39,83.38,55.41662329
2023-08-12 23:36:00,83.39,83.4,83.4,83.4,21.91880418
2023-08-12 23:35:00,83.37,83.42,83.38,83.4,40.68094354
2023-08-12 23:34:00,83.35,83.39,83.38,83.37,62.36860772
2023-08-12 23:33:00,83.37,83.38,83.37,83.37,20.13949334
2023-08-12 23:32:00,83.37,83.43,83.43,83.37,60.77699886
2023-08-12 23:31:00,83.4,83.45,83.44,83.43,276.40325848
2023-08-12 23:30:00,83.42,83.46,83.45,83.44,21.53130868
2023-08-12 23:29:00,83.42,83.46,83.44,83.46,52.46449287
2023-08-12 23:28:00,83.44,83.44,83.44,83.44,13.28601186
2023-08-12 23:27:00,83.43,83.44,83.44,83.43,4.68170301
2023-08-12 23:26:00,83.43,83.44,83.44,83.43,14.35837595
2023-08-12 23:25:00,83.44,83.45,83.45,83.44,5.69536165
2023-08-12 23:24:00,83.43,83.46,83.46,83.45,20.48676321
2023-08-12 23:23:00,83.44,83.46,83.45,83.46,9.70310742
2023-08-12 23:22:00,83.42,83.45,83.45,83.45,57.48860334
2023-08-12 23:21:00,83.44,83.46,83.46,83.45,19.69838401
2023-08-12 23:20:00,83.45,83.46,83.45,83.46,7.73026225
2023-08-12 23:19:00,83.44,83.46,83.46,83.46,21.25665098
2023-08-12 23:18:00,83.44,83.47,83.45,83.46,27.28368569
2023-08-12 23:17:00,83.45,83.46,83.45,83.46,16.3794469
2023-08-12 23:16:00,83.43,83.46,83.46,83.45,201.75977937
2023-08-12 23:15:00,83.46,83.49,83.49,83.46,83.41742759
2023-08-12 23:14:00,83.47,83.49,83.49,83.48,15.35402367
2023-08-12 23:13:00,83.47,83.49,83.49,83.49,9.43592356
2023-08-12 23:12:00,83.47,83.51,83.51,83.49,35.81042814
2023-08-12 23:11:00,83.5,83.52,83.52,83.51,83.58952854
2023-08-12 23:10:00,83.51,83.53,83.52,83.52,14.55986581
2023-08-12 23:09:00,83.52,83.54,83.53,83.53,25.61282493
2023-08-12 23:08:00,83.53,83.54,83.53,83.53,24.80340502
2023-08-12 23:07:00,83.49,83.53,83.52,83.53,113.12982871
2023-08-12 23:06:00,83.51,83.53,83.51,83.52,12.10906131
2023-08-12 23:05:00,83.51,83.53,83.51,83.52,16.57074117
2023-08-12 23:04:00,83.51,83.52,83.52,83.51,8.36129011
2023-08-12 23:03:00,83.5,83.52,83.51,83.5,10.72155276
2023-08-12 23:02:00,83.51,83.55,83.55,83.51,11.35748755
2023-08-12 23:01:00,83.54,83.55,83.55,83.55,23.66209284
2023-08-12 23:00:00,83.54,83.57,83.57,83.55,18.71902239
2023-08-12 22:59:00,83.55,83.57,83.57,83.57,7.57041776
2023-08-12 22:58:00,83.56,83.58,83.56,83.57,27.39065509
2023-08-12 22:57:00,83.55,83.56,83.55,83.56,10.43074206
2023-08-12 22:56:00,83.54,83.56,83.56,83.56,23.05787561
2023-08-12 22:55:00,83.55,83.56,83.56,83.56,7.39798742
2023-08-12 22:54:00,83.53,83.57,83.56,83.54,90.99700929
2023-08-12 22:53:00,83.56,83.57,83.56,83.57,18.02390137
2023-08-12 22:52:00,83.56,83.57,83.56,83.57,8.38500221
2023-08-12 22:51:00,83.55,83.57,83.56,83.57,37.31161011
2023-08-12 22:50:00,83.57,83.59,83.57,83.57,20.30456817
2023-08-12 22:49:00,83.57,83.59,83.58,83.57,9.89497376
2023-08-12 22:48:00,83.56,83.59,83.57,83.58,20.41912047
2023-08-12 22:47:00,83.55,83.58,83.58,83.57,23.36272952
2023-08-12 22:46:00,83.56,83.58,83.58,83.58,7.79114261
2023-08-12 22:45:00,83.56,83.61,83.61,83.58,29.48901797
2023-08-12 22:44:00,83.6,83.62,83.62,83.6,31.23011297
2023-08-12 22:43:00,83.57,83.62,83.57,83.62,19.62764829
2023-08-12 22:42:00,83.57,83.59,83.58,83.59,5.55549197
2023-08-12 22:41:00,83.56,83.61,83.61,83.58,113.28015734
2023-08-12 22:40:00,83.58,83.61,83.58,83.6,17.52313049
2023-08-12 22:39:00,83.58,83.59,83.58,83.58,21.58765639
2023-08-12 22:38:00,83.58,83.6,83.6,83.6,10.18249319
2023-08-12 22:37:00,83.58,83.6,83.59,83.59,36.57777691
2023-08-12 22:36:00,83.58,83.59,83.59,83.59,9.44959411
2023-08-12 22:35:00,83.57,83.58,83.58,83.58,12.72364515
2023-08-12 22:34:00,83.58,83.59,83.59,83.59,4.79802673
2023-08-12 22:33:00,83.57,83.59,83.59,83.59,5.69063216
2023-08-12 22:32:00,83.57,83.59,83.59,83.59,11.89924097
2023-08-12 22:31:00,83.59,83.59,83.59,83.59,5.08360197
2023-08-12 22:30:00,83.58,83.62,83.6,83.59,24.8428621
2023-08-12 22:29:00,83.59,83.6,83.59,83.6,25.73157008
2023-08-12 22:28:00,83.59,83.6,83.6,83.59,13.46417285
2023-08-12 22:27:00,83.59,83.6,83.6,83.6,10.78248695
2023-08-12 22:26:00,83.56,83.6,83.56,83.6,10.00567636
2023-08-12 22:25:00,83.55,83.56,83.56,83.55,11.49574038
2023-08-12 22:24:00,83.55,83.58,83.58,83.57,27.28279634
2023-08-12 22:23:00,83.57,83.6,83.6,83.57,35.37347262
2023-08-12 22:22:00,83.57,83.6,83.6,83.6,34.70876126
2023-08-12 22:21:00,83.59,83.61,83.6,83.6,22.10004871
2023-08-12 22:20:00,83.59,83.62,83.59,83.61,61.30720713
2023-08-12 22:19:00,83.58,83.6,83.59,83.6,47.62991764
2023-08-12 22:18:00,83.57,83.6,83.58,83.58,13.9951084
2023-08-12 22:17:00,83.58,83.6,83.58,83.59,8.57822424
2023-08-12 22:16:00,83.57,83.6,83.59,83.57,33.90293666
2023-08-12 22:15:00,83.56,83.59,83.58,83.57,30.41918327
2023-08-12 22:14:00,83.56,83.58,83.57,83.57,8.82416316
2023-08-12 22:13:00,83.54,83.58,83.56,83.57,95.57767703
2023-08-12 22:12:00,83.46,83.57,83.48,83.57,136.7707649
2023-08-12 22:11:00,83.47,83.5,83.49,83.47,35.95028562
2023-08-12 22:10:00,83.45,83.49,83.46,83.48,66.7072271
2023-08-12 22:09:00,83.43,83.48,83.47,83.46,285.91811949
2023-08-12 22:08:00,83.45,83.47,83.47,83.46,4.75162252
2023-08-12 22:07:00,83.45,83.51,83.47,83.45,100.93678474
2023-08-12 22:06:00,83.44,83.48,83.47,83.47,286.11046475
2023-08-12 22:05:00,83.46,83.48,83.46,83.46,5.98077212
2023-08-12 22:04:00,83.44,83.48,83.47,83.47,246.79787038
2023-08-12 22:03:00,83.46,83.5,83.5,83.47,32.1932208
2023-08-12 22:02:00,83.46,83.5,83.46,83.49,80.14247211
2023-08-12 22:01:00,83.45,83.49,83.46,83.47,20.37885796
2023-08-12 22:00:00,83.45,83.47,83.46,83.46,30.97053412
2023-08-12 21:59:00,83.46,83.48,83.48,83.47,10.10918573
2023-08-12 21:58:00,83.46,83.49,83.48,83.46,25.3763241
2023-08-12 21:57:00,83.46,83.49,83.48,83.48,62.62035447
2023-08-12 21:56:00,83.46,83.49,83.48,83.46,28.43978874
2023-08-12 21:55:00,83.49,83.49,83.49,83.49,4.29394769
2023-08-12 21:54:00,83.46,83.49,83.46,83.49,20.04541456
2023-08-12 21:53:00,83.44,83.46,83.45,83.46,12.51830107
2023-08-12 21:52:00,83.43,83.46,83.46,83.43,49.61144046
2023-08-12 21:51:00,83.46,83.48,83.47,83.46,75.05728903
2023-08-12 21:50:00,83.44,83.48,83.46,83.47,8.64257811
2023-08-12 21:49:00,83.45,83.48,83.48,83.47,6.88342613
2023-08-12 21:48:00,83.48,83.51,83.51,83.48,15.09220382
2023-08-12 21:47:00,83.49,83.51,83.5,83.51,17.2976928
2023-08-12 21:46:00,83.48,83.5,83.5,83.49,14.75379854
2023-08-12 21:45:00,83.48,83.5,83.5,83.48,48.20483039
2023-08-12 21:44:00,83.46,83.5,83.47,83.48,66.7040725
2023-08-12 21:43:00,83.44,83.47,83.46,83.46,7.19460912
2023-08-12 21:42:00,83.44,83.46,83.44,83.46,49.20519273
2023-08-12 21:41:00,83.44,83.46,83.46,83.46,29.41917892
2023-08-12 21:40:00,83.44,83.46,83.46,83.46,4.07378556
2023-08-12 21:39:00,83.45,83.47,83.47,83.47,2.90366384
2023-08-12 21:38:00,83.45,83.47,83.46,83.45,40.81989224
2023-08-12 21:37:00,83.46,83.48,83.47,83.48,9.05268869
2023-08-12 21:36:00,83.45,83.49,83.49,83.48,13.77698084
2023-08-12 21:35:00,83.45,83.49,83.45,83.49,32.18133261
2023-08-12 21:34:00,83.45,83.46,83.45,83.45,6.58602925
2023-08-12 21:33:00,83.44,83.46,83.44,83.46,31.82584472
2023-08-12 21:32:00,83.44,83.45,83.44,83.44,19.04785083
2023-08-12 21:31:00,83.43,83.45,83.43,83.44,21.01025427
2023-08-12 21:30:00,83.43,83.45,83.45,83.43,12.64712126
2023-08-12 21:29:00,83.43,83.45,83.45,83.45,13.24968731
2023-08-12 21:28:00,83.43,83.46,83.46,83.45,23.20902694
2023-08-12 21:27:00,83.44,83.46,83.45,83.45,18.94554017
2023-08-12 21:26:00,83.45,83.46,83.45,83.46,6.46778162
2023-08-12 21:25:00,83.43,83.46,83.43,83.45,13.10053142
2023-08-12 21:24:00,83.41,83.45,83.45,83.43,14.07635188
2023-08-12 21:23:00,83.42,83.45,83.42,83.45,17.96251587
2023-08-12 21:22:00,83.42,83.44,83.43,83.44,24.05535935
2023-08-12 21:21:00,83.41,83.44,83.43,83.42,69.00785062
2023-08-12 21:20:00,83.41,83.44,83.44,83.44,19.80566114
2023-08-12 21:19:00,83.43,83.44,83.43,83.44,14.31886326
2023-08-12 21:18:00,83.4,83.44,83.41,83.44,8.09778617
2023-08-12 21:17:00,83.4,83.42,83.42,83.41,12.72448638
2023-08-12 21:16:00,83.41,83.42,83.42,83.41,8.946538
2023-08-12 21:15:00,83.41,83.42,83.41,83.42,8.00085517
2023-08-12 21:14:00,83.41,83.43,83.43,83.42,31.9761294
2023-08-12 21:13:00,83.39,83.41,83.4,83.39,10.00064742
2023-08-12 21:12:00,83.38,83.41,83.4,83.41,13.57092544
2023-08-12 21:11:00,83.38,83.41,83.39,83.39,25.72065224
2023-08-12 21:10:00,83.38,83.41,83.38,83.39,30.14928943
2023-08-12 21:09:00,83.37,83.4,83.37,83.4,64.6360863
2023-08-12 21:08:00,83.35,83.37,83.37,83.37,27.87806733
2023-08-12 21:07:00,83.36,83.37,83.37,83.36,14.9303041
2023-08-12 21:06:00,83.37,83.38,83.38,83.37,7.31328895
2023-08-12 21:05:00,83.36,83.38,83.36,83.38,27.18906703
2023-08-12 21:04:00,83.35,83.38,83.35,83.38,29.25031307
2023-08-12 21:03:00,83.35,83.37,83.37,83.35,44.66579797
2023-08-12 21:02:00,83.36,83.37,83.37,83.37,4.16902435
2023-08-12 21:01:00,83.36,83.38,83.36,83.38,9.60684622
2023-08-12 21:00:00,83.35,83.39,83.39,83.38,30.80052186
2023-08-12 20:59:00,83.39,83.39,83.39,83.39,10.98741135
2023-08-12 20:58:00,83.37,83.41,83.41,83.37,31.55536657
2023-08-12 20:57:00,83.39,83.41,83.41,83.41,35.0653789
2023-08-12 20:56:00,83.38,83.41,83.38,83.41,36.32356409
2023-08-12 20:55:00,83.38,83.4,83.38,83.39,19.27520124
2023-08-12 20:54:00,83.35,83.38,83.37,83.36,23.39030727
2023-08-12 20:53:00,83.35,83.37,83.35,83.36,17.24449366
2023-08-12 20:52:00,83.35,83.37,83.36,83.37,13.71139889
2023-08-12 20:51:00,83.35,83.37,83.36,83.37,10.07325981
2023-08-12 20:50:00,83.34,83.37,83.35,83.37,15.33261915
2023-08-13 06:50:00,83.06,83.09,83.09,83.06,13.04815494
2023-08-13 06:49:00,83.06,83.09,83.08,83.08,38.0291289
2023-08-13 06:48:00,83.08,83.09,83.08,83.08,11.62312721
2023-08-13 06:47:00,83.07,83.09,83.08,83.07,20.73501475
2023-08-13 06:46:00,83.06,83.08,83.07,83.07,22.39498369
2023-08-13 06:45:00,83.07,83.11,83.11,83.08,8.26613486
2023-08-13 06:44:00,83.05,83.09,83.05,83.09,74.94824336
2023-08-13 06:43:00,83.04,83.06,83.04,83.06,7.66682199
2023-08-13 06:42:00,83.03,83.06,83.04,83.06,70.52074403
2023-08-13 06:41:00,83.02,83.04,83.04,83.04,16.07539336
2023-08-13 06:40:00,83.03,83.06,83.06,83.03,7.0723006
2023-08-13 06:39:00,83.05,83.09,83.09,83.07,55.53480997
2023-08-13 06:38:00,83.08,83.09,83.09,83.09,27.05937413
2023-08-13 06:37:00,83.06,83.1,83.07,83.1,4.5175186
2023-08-13 06:36:00,83.06,83.08,83.07,83.08,4.22082473
2023-08-13 06:35:00,83.06,83.07,83.07,83.06,5.47768095
2023-08-13 06:34:00,83.05,83.07,83.07,83.05,42.11802327
2023-08-13 06:33:00,83.06,83.09,83.06,83.09,2.16137791
2023-08-13 06:32:00,83.06,83.08,83.07,83.07,8.14220228
2023-08-13 06:31:00,83.05,83.07,83.07,83.05,1.72497309
2023-08-13 06:30:00,83.05,83.07,83.06,83.07,3.76359492
2023-08-13 06:29:00,83.05,83.06,83.05,83.06,3.56422609
2023-08-13 06:28:00,83.04,83.06,83.04,83.06,8.46691716
2023-08-13 06:27:00,83.01,83.04,83.02,83.04,40.97574527
2023-08-13 06:26:00,83.01,83.03,83.02,83.03,100.26193481
2023-08-13 06:25:00,83.03,83.05,83.05,83.03,4.99075274
2023-08-13 06:24:00,83.06,83.09,83.09,83.06,9.14062876
2023-08-13 06:23:00,83.08,83.09,83.09,83.09,0.65945153
2023-08-13 06:22:00,83.07,83.09,83.08,83.09,6.75653189
2023-08-13 06:21:00,83.06,83.07,83.06,83.06,3.29198538
2023-08-13 06:20:00,83.04,83.06,83.06,83.04,31.70692624
2023-08-13 06:19:00,83.05,83.09,83.08,83.05,22.24393421
2023-08-13 06:18:00,83.05,83.07,83.06,83.07,80.04432984
2023-08-13 06:17:00,83.05,83.07,83.07,83.05,3.40684104
2023-08-13 06:16:00,83.04,83.06,83.04,83.06,5.17590254
2023-08-13 06:15:00,82.99,83.06,83.06,83.03,375.48628241
2023-08-13 06:14:00,83.05,83.07,83.06,83.07,1.80171441
2023-08-13 06:13:00,83.05,83.06,83.06,83.06,14.28482119
2023-08-13 06:12:00,83.03,83.05,83.03,83.04,12.67459151
2023-08-13 06:11:00,83.02,83.04,83.04,83.03,7.02471087
2023-08-13 06:10:00,83.02,83.04,83.03,83.04,9.54996176
2023-08-13 06:09:00,83.02,83.08,83.06,83.04,152.70609872
2023-08-13 06:08:00,83.02,83.05,83.02,83.05,129.49041899
2023-08-13 06:07:00,82.99,83.02,82.99,83.02,24.59112583
2023-08-13 06:06:00,82.98,82.99,82.99,82.99,6.67832913
2023-08-13 06:05:00,82.98,82.99,82.98,82.99,4.02722807
2023-08-13 06:04:00,82.97,82.99,82.97,82.97,10.28087194
2023-08-13 06:03:00,82.96,82.99,82.99,82.97,9.35880527
2023-08-13 06:02:00,82.96,83.01,82.96,82.99,43.19854472
2023-08-13 06:01:00,82.97,83.0,83.0,82.97,15.25625228
2023-08-13 06:00:00,83.0,83.0,83.0,83.0,3.2243735
2023-08-13 05:59:00,82.99,83.01,83.01,83.01,24.09673986
2023-08-13 05:58:00,83.03,83.04,83.04,83.03,8.86073124
2023-08-13 05:57:00,83.01,83.04,83.02,83.04,35.50789978
2023-08-13 05:56:00,83.03,83.07,83.07,83.03,25.8613391
2023-08-13 05:55:00,83.06,83.1,83.09,83.06,8.59646316
2023-08-13 05:54:00,83.09,83.1,83.09,83.1,4.22111937
2023-08-13 05:53:00,83.09,83.1,83.1,83.09,1.11028986
2023-08-13 05:52:00,83.09,83.1,83.09,83.1,1.67867638
2023-08-13 05:51:00,83.09,83.1,83.1,83.09,4.50145134
2023-08-13 05:50:00,83.09,83.1,83.09,83.1,1.71685141
2023-08-13 05:49:00,83.07,83.1,83.08,83.1,76.06364394
2023-08-13 05:48:00,83.04,83.08,83.06,83.07,10.0838532
2023-08-13 05:47:00,83.05,83.06,83.05,83.06,4.27203396
2023-08-13 05:46:00,83.04,83.06,83.06,83.04,3.17620172
2023-08-13 05:45:00,83.04,83.07,83.06,83.06,14.24833982
2023-08-13 05:44:00,83.07,83.09,83.09,83.07,23.6538596
2023-08-13 05:43:00,83.08,83.1,83.08,83.08,39.50333739
2023-08-13 05:42:00,83.06,83.09,83.06,83.09,24.7670706
2023-08-13 05:41:00,83.07,83.08,83.07,83.07,50.91986045
2023-08-13 05:40:00,83.04,83.07,83.04,83.07,7.05292696
2023-08-13 05:39:00,83.03,83.05,83.04,83.03,7.94751163
2023-08-13 05:38:00,83.03,83.04,83.03,83.03,28.24376471
2023-08-13 05:37:00,83.01,83.04,83.04,83.04,9.79533551
2023-08-13 05:36:00,83.02,83.04,83.04,83.04,8.02438933
2023-08-13 05:35:00,83.02,83.05,83.03,83.05,5.05635777
2023-08-13 05:34:00,83.04,83.05,83.04,83.04,10.29101937
2023-08-13 05:33:00,83.03,83.04,83.04,83.03,9.62028301
2023-08-13 05:32:00,83.04,83.05,83.05,83.05,52.26887639
2023-08-13 05:31:00,83.05,83.09,83.09,83.05,9.55051778
2023-08-13 05:30:00,83.07,83.11,83.1,83.07,290.03252212
2023-08-13 05:29:00,83.09,83.1,83.09,83.1,12.67349118
2023-08-13 05:28:00,83.09,83.1,83.1,83.09,10.94845873
2023-08-13 05:27:00,83.09,83.1,83.1,83.1,3.32227458
2023-08-13 05:26:00,83.06,83.09,83.06,83.09,80.22409854
2023-08-13 05:25:00,83.07,83.08,83.07,83.07,8.15909742
2023-08-13 05:24:00,83.06,83.08,83.08,83.07,106.94492029
2023-08-13 05:23:00,83.05,83.1,83.05,83.1,20.24485482
2023-08-13 05:22:00,83.04,83.07,83.07,83.05,7.72340648
2023-08-13 05:21:00,83.04,83.06,83.05,83.06,1.70138024
2023-08-13 05:20:00,83.02,83.05,83.04,83.04,77.97921778
2023-08-13 05:19:00,83.02,83.05,83.03,83.05,6.92786772
2023-08-13 05:18:00,82.99,83.03,82.99,83.03,169.46316666
2023-08-13 05:17:00,82.92,83.07,83.07,82.98,556.09564137
2023-08-13 05:16:00,83.07,83.09,83.07,83.07,5.46247416
2023-08-13 05:15:00,83.08,83.1,83.09,83.09,8.09024288
2023-08-13 05:14:00,83.08,83.09,83.08,83.09,14.03120467
2023-08-13 05:13:00,83.07,83.1,83.09,83.08,6.71262141
2023-08-13 05:12:00,83.09,83.11,83.11,83.1,70.31554032
2023-08-13 05:11:00,83.11,83.13,83.13,83.11,20.04934365
2023-08-13 05:10:00,83.11,83.14,83.13,83.11,42.86343271
2023-08-13 05:09:00,83.12,83.16,83.16,83.14,70.61764808
2023-08-13 05:08:00,83.15,83.16,83.16,83.16,15.69550141
2023-08-13 05:07:00,83.14,83.16,83.15,83.16,6.59061465
2023-08-13 05:06:00,83.14,83.16,83.15,83.16,12.37074606
2023-08-13 05:05:00,83.15,83.18,83.17,83.15,14.06850727
2023-08-13 05:04:00,83.16,83.17,83.17,83.17,27.33624735
2023-08-13 05:03:00,83.14,83.17,83.14,83.17,26.6757888
2023-08-13 05:02:00,83.13,83.16,83.16,83.14,48.56603479
2023-08-13 05:01:00,83.16,83.18,83.17,83.16,7.48517526
2023-08-13 05:00:00,83.16,83.18,83.17,83.17,28.37081319
2023-08-13 04:59:00,83.16,83.18,83.17,83.16,48.10542532
2023-08-13 04:58:00,83.16,83.18,83.16,83.18,2.72787185
2023-08-13 04:57:00,83.15,83.16,83.15,83.16,0.99729183
2023-08-13 04:56:00,83.16,83.18,83.18,83.16,83.73776477
2023-08-13 04:55:00,83.18,83.23,83.23,83.18,29.49653683
2023-08-13 04:54:00,83.21,83.23,83.23,83.23,6.05648813
2023-08-13 04:53:00,83.22,83.24,83.23,83.23,19.1848621
2023-08-13 04:52:00,83.23,83.24,83.24,83.24,18.72522659
2023-08-13 04:51:00,83.22,83.27,83.24,83.22,33.65583397
2023-08-13 04:50:00,83.23,83.24,83.24,83.24,19.15711026
2023-08-13 04:49:00,83.19,83.24,83.19,83.24,78.47138031
2023-08-13 04:48:00,83.18,83.2,83.19,83.19,16.75617836
2023-08-13 04:47:00,83.18,83.19,83.19,83.19,14.25766775
2023-08-13 04:46:00,83.18,83.19,83.18,83.18,7.63806664
2023-08-13 04:45:00,83.14,83.19,83.15,83.19,36.39836093
2023-08-13 04:44:00,83.14,83.16,83.15,83.14,154.67986335
2023-08-13 04:43:00,83.14,83.16,83.15,83.16,1.40954521
2023-08-13 04:42:00,83.14,83.16,83.16,83.16,8.67528772
2023-08-13 04:41:00,83.17,83.21,83.21,83.17,66.14375698
2023-08-13 04:40:00,83.19,83.21,83.21,83.21,8.33982106
2023-08-13 04:39:00,83.2,83.22,83.22,83.22,29.78415906
2023-08-13 04:38:00,83.21,83.22,83.22,83.22,2.82331759
2023-08-13 04:37:00,83.2,83.22,83.22,83.21,34.06065255
2023-08-13 04:36:00,83.21,83.23,83.21,83.22,4.4167468
2023-08-13 04:35:00,83.2,83.23,83.21,83.22,27.29579991
2023-08-13 04:34:00,83.2,83.21,83.21,83.2,7.79026398
2023-08-13 04:33:00,83.2,83.22,83.22,83.21,22.88664342
2023-08-13 04:32:00,83.18,83.21,83.18,83.21,103.60918167
2023-08-13 04:31:00,83.17,83.19,83.19,83.18,16.4793589
2023-08-13 04:30:00,83.18,83.2,83.19,83.2,11.51296119
2023-08-13 04:29:00,83.19,83.2,83.2,83.2,5.1402844
2023-08-13 04:28:00,83.16,83.19,83.16,83.19,5.50718119
2023-08-13 04:27:00,83.15,83.17,83.16,83.16,11.09657617
2023-08-13 04:26:00,83.16,83.16,83.16,83.16,2.11964286
2023-08-13 04:25:00,83.14,83.16,83.16,83.16,5.05615173
2023-08-13 04:24:00,83.15,83.19,83.19,83.15,145.65196816
2023-08-13 04:23:00,83.19,83.19,83.19,83.19,4.50329802
2023-08-13 04:22:00,83.19,83.19,83.19,83.19,3.61818635
2023-08-13 04:21:00,83.16,83.2,83.16,83.18,76.71555033
2023-08-13 04:20:00,83.12,83.15,83.15,83.15,257.92981793
2023-08-13 04:19:00,83.15,83.18,83.15,83.18,8.93535525
2023-08-13 04:18:00,83.15,83.17,83.16,83.15,10.30448602
2023-08-13 04:17:00,83.13,83.17,83.15,83.17,3.79261682
2023-08-13 04:16:00,83.14,83.16,83.15,83.15,30.06990927
2023-08-13 04:15:00,83.14,83.2,83.19,83.16,33.49166197
2023-08-13 04:14:00,83.18,83.2,83.18,83.19,4.16957336
2023-08-13 04:13:00,83.17,83.17,83.17,83.17,4.92100248
2023-08-13 04:12:00,83.16,83.17,83.17,83.17,8.07070133
2023-08-13 04:11:00,83.16,83.19,83.19,83.17,19.97198303
2023-08-13 04:10:00,83.19,83.21,83.19,83.19,12.25147933
2023-08-13 04:09:00,83.19,83.21,83.19,83.2,22.00606924
2023-08-13 04:08:00,83.17,83.2,83.18,83.2,6.77071476
2023-08-13 04:07:00,83.16,83.19,83.16,83.19,13.28252115
2023-08-13 04:06:00,83.14,83.17,83.17,83.16,3.35672345
2023-08-13 04:05:00,83.15,83.18,83.18,83.15,21.15517347
2023-08-13 04:04:00,83.16,83.18,83.17,83.16,6.27904716
2023-08-13 04:03:00,83.15,83.19,83.15,83.19,7.50019114
2023-08-13 04:02:00,83.16,83.19,83.19,83.16,14.71753065
2023-08-13 04:01:00,83.18,83.25,83.23,83.18,9.43272625
2023-08-13 04:00:00,83.2,83.24,83.24,83.22,157.24781662
2023-08-13 03:59:00,83.24,83.27,83.27,83.24,14.84412523
2023-08-13 03:58:00,83.25,83.3,83.25,83.25,351.52073675
2023-08-13 03:57:00,83.25,83.26,83.25,83.26,9.30389761
2023-08-13 03:56:00,83.23,83.25,83.24,83.23,7.80300507
2023-08-13 03:55:00,83.24,83.25,83.25,83.25,4.6544443
2023-08-13 03:54:00,83.25,83.25,83.25,83.25,2.82506369
2023-08-13 03:53:00,83.2,83.25,83.2,83.25,22.78991738
2023-08-13 03:52:00,83.18,83.23,83.23,83.18,87.9046348
2023-08-13 03:51:00,83.23,83.26,83.25,83.23,6.5086287
2023-08-13 03:50:00,83.23,83.25,83.24,83.25,7.61698808
2023-08-13 03:49:00,83.23,83.25,83.23,83.24,18.46445827
2023-08-13 03:48:00,83.23,83.24,83.24,83.24,16.60598838
2023-08-13 03:47:00,83.23,83.24,83.24,83.23,12.27844309
2023-08-13 03:46:00,83.22,83.27,83.27,83.23,149.0007406
2023-08-13 03:45:00,83.25,83.27,83.26,83.27,18.20065204
2023-08-13 03:44:00,83.27,83.27,83.27,83.27,3.21799798
2023-08-13 03:43:00,83.26,83.32,83.32,83.27,65.57494235
2023-08-13 03:42:00,83.31,83.32,83.31,83.32,9.81904845
2023-08-13 03:41:00,83.31,83.32,83.32,83.32,19.51182567
2023-08-13 03:40:00,83.3,83.32,83.32,83.31,93.90597873
2023-08-13 03:39:00,83.3,83.33,83.31,83.33,187.69590749
2023-08-13 03:38:00,83.28,83.31,83.29,83.31,8.42273906
2023-08-13 03:37:00,83.26,83.29,83.26,83.29,10.77283193
2023-08-13 03:36:00,83.25,83.27,83.25,83.27,9.5787347
2023-08-13 03:35:00,83.25,83.27,83.25,83.26,14.84724963
2023-08-13 03:34:00,83.25,83.26,83.25,83.26,12.31844923
2023-08-13 03:33:00,83.24,83.26,83.26,83.25,28.42865132
2023-08-13 03:32:00,83.24,83.26,83.26,83.26,30.4103133
2023-08-13 03:31:00,83.24,83.29,83.29,83.24,168.02590377
2023-08-13 03:30:00,83.3,83.32,83.32,83.31,12.03332632
2023-08-13 03:29:00,83.3,83.32,83.3,83.31,28.13259609
2023-08-13 03:28:00,83.3,83.32,83.31,83.32,22.81505166
2023-08-13 03:27:00,83.3,83.31,83.31,83.3,8.16838187
2023-08-13 03:26:00,83.3,83.32,83.32,83.3,1.94634544
2023-08-13 03:25:00,83.28,83.3,83.3,83.3,16.10335636
2023-08-13 03:24:00,83.28,83.3,83.29,83.3,20.1234835
2023-08-13 03:23:00,83.28,83.3,83.3,83.28,10.39924088
2023-08-13 03:22:00,83.27,83.3,83.28,83.29,7.1256276
2023-08-13 03:21:00,83.27,83.28,83.27,83.28,10.91279004
2023-08-13 03:20:00,83.24,83.27,83.25,83.27,127.9639369
2023-08-13 03:19:00,83.24,83.25,83.24,83.24,14.80030928
2023-08-13 03:18:00,83.24,83.26,83.24,83.25,35.93903448
2023-08-13 03:17:00,83.24,83.26,83.25,83.26,9.91327313
2023-08-13 03:16:00,83.24,83.25,83.25,83.25,24.7882295
2023-08-13 03:15:00,83.23,83.27,83.25,83.25,181.17730683
2023-08-13 03:14:00,83.24,83.29,83.29,83.25,253.81383482
2023-08-13 03:13:00,83.29,83.31,83.31,83.3,14.58084664
2023-08-13 03:12:00,83.3,83.31,83.3,83.31,6.43908333
2023-08-13 03:11:00,83.3,83.31,83.31,83.3,12.56009157
2023-08-13 03:10:00,83.28,83.31,83.28,83.31,14.5888639
2023-08-13 03:09:00,83.25,83.28,83.25,83.28,6.24516396
2023-08-13 03:08:00,83.24,83.27,83.25,83.27,31.02327503
2023-08-13 03:07:00,83.24,83.25,83.24,83.25,20.11056816
2023-08-13 03:06:00,83.23,83.25,83.25,83.23,19.87647177
2023-08-13 03:05:00,83.24,83.33,83.3,83.24,264.8792644
2023-08-13 03:04:00,83.28,83.29,83.28,83.29,47.12938309
2023-08-13 03:03:00,83.28,83.29,83.29,83.29,43.0523856
2023-08-13 03:02:00,83.28,83.3,83.3,83.29,39.09751694
2023-08-13 03:01:00,83.29,83.31,83.3,83.3,52.0967098
2023-08-13 03:00:00,83.28,83.31,83.28,83.31,121.11804044
2023-08-13 02:59:00,83.28,83.31,83.29,83.3,28.13165845
2023-08-13 02:58:00,83.28,83.3,83.3,83.29,58.89877496
2023-08-13 02:57:00,83.3,83.32,83.32,83.31,38.96028568
2023-08-13 02:56:00,83.3,83.33,83.3,83.31,92.94356677
2023-08-13 02:55:00,83.28,83.32,83.32,83.3,63.32315046
2023-08-13 02:54:00,83.32,83.34,83.33,83.32,51.98238563
2023-08-13 02:53:00,83.31,83.34,83.34,83.34,41.7137939
2023-08-13 02:52:00,83.34,83.37,83.36,83.34,37.62520481
2023-08-13 02:51:00,83.32,83.35,83.35,83.35,35.00409711
2023-08-13 02:50:00,83.33,83.35,83.33,83.35,11.39735395
2023-08-13 02:49:00,83.28,83.34,83.28,83.33,20.3037686
2023-08-13 02:48:00,83.3,83.32,83.31,83.31,32.97173434
2023-08-13 02:47:00,83.29,83.33,83.33,83.31,146.20759278
2023-08-13 02:46:00,83.32,83.35,83.34,83.32,51.411356
2023-08-13 02:45:00,83.31,83.39,83.31,83.34,353.65177908
2023-08-13 02:44:00,83.25,83.31,83.28,83.31,165.20806824
2023-08-13 02:43:00,83.28,83.38,83.34,83.29,384.7918718
2023-08-13 02:42:00,83.28,83.43,83.43,83.34,330.64836575
2023-08-13 02:41:00,83.43,83.49,83.49,83.44,45.77023566
2023-08-13 02:40:00,83.47,83.49,83.49,83.49,3.97833243
2023-08-13 02:39:00,83.46,83.5,83.48,83.49,141.39319405
2023-08-13 02:38:00,83.48,83.6,83.59,83.49,397.55166664
2023-08-13 02:37:00,83.58,83.74,83.72,83.6,377.35192396
2023-08-13 02:36:00,83.64,83.71,83.7,83.71,189.63350217
2023-08-13 02:35:00,83.54,83.7,83.54,83.7,248.86736103
2023-08-13 02:34:00,83.41,83.55,83.41,83.55,525.31660097
2023-08-13 02:33:00,83.34,83.41,83.4,83.4,388.71299164
2023-08-13 02:32:00,83.37,83.42,83.4,83.39,152.18182067
2023-08-13 02:31:00,83.28,83.41,83.29,83.4,588.63823094
2023-08-13 02:30:00,83.26,83.34,83.33,83.28,681.65416306
2023-08-13 02:29:00,83.33,83.48,83.48,83.33,344.98894202
2023-08-13 02:28:00,83.45,83.48,83.45,83.48,29.61072976
2023-08-13 02:27:00,83.48,83.51,83.51,83.48,110.77105512
2023-08-13 02:26:00,83.49,83.51,83.51,83.51,22.02242316
2023-08-13 02:25:00,83.49,83.51,83.51,83.5,23.40488407
2023-08-13 02:24:00,83.49,83.54,83.49,83.5,38.36996991
2023-08-13 02:23:00,83.49,83.51,83.5,83.51,35.74117283
2023-08-13 02:22:00,83.49,83.51,83.5,83.51,28.68707176
2023-08-13 02:21:00,83.48,83.5,83.5,83.5,6.45154266
2023-08-13 02:20:00,83.49,83.5,83.5,83.5,12.63161081
2023-08-13 02:19:00,83.48,83.5,83.49,83.5,38.00512576
2023-08-13 02:18:00,83.49,83.54,83.54,83.5,106.18780519
2023-08-13 02:17:00,83.52,83.61,83.54,83.55,460.69040801
2023-08-13 02:16:00,83.46,83.54,83.51,83.54,195.87505308
2023-08-13 02:15:00,83.5,83.54,83.53,83.5,138.07521238
2023-08-13 02:14:00,83.45,83.53,83.5,83.53,282.50878719
2023-08-13 02:13:00,83.49,83.65,83.51,83.49,992.91966212
2023-08-13 02:12:00,83.35,83.52,83.48,83.49,593.85455385
2023-08-13 02:11:00,83.41,83.48,83.42,83.48,136.88963259
2023-08-13 02:10:00,83.39,83.44,83.39,83.43,43.2298696
2023-08-13 02:09:00,83.27,83.4,83.27,83.4,477.37153421
2023-08-13 02:08:00,83.25,83.35,83.34,83.25,418.3518698
2023-08-13 02:07:00,83.37,83.42,83.42,83.37,27.26958877
2023-08-13 02:06:00,83.42,83.45,83.44,83.42,11.99770418
2023-08-13 02:05:00,83.41,83.45,83.42,83.45,16.22399942
2023-08-13 02:04:00,83.39,83.42,83.41,83.41,22.90165209
2023-08-13 02:03:00,83.4,83.44,83.44,83.41,6.91560439
2023-08-13 02:02:00,83.43,83.44,83.44,83.44,17.81199312
2023-08-13 02:01:00,83.44,83.49,83.49,83.44,23.20247342
2023-08-13 02:00:00,83.47,83.49,83.47,83.49,12.33540599
2023-08-13 01:59:00,83.43,83.45,83.43,83.45,12.29266865
2023-08-13 01:58:00,83.41,83.43,83.43,83.42,11.27779769
2023-08-13 01:57:00,83.4,83.46,83.42,83.41,20.00435696
2023-08-13 01:56:00,83.42,83.44,83.43,83.42,15.7589841
2023-08-13 01:55:00,83.42,83.48,83.47,83.43,54.29902726
2023-08-13 01:54:00,83.46,83.48,83.48,83.46,23.55079916
2023-08-13 01:53:00,83.46,83.48,83.46,83.48,6.72487393
2023-08-13 01:52:00,83.47,83.5,83.5,83.47,30.03312473
2023-08-13 01:51:00,83.48,83.51,83.51,83.5,11.42901923
2023-08-13 01:50:00,83.48,83.51,83.48,83.51,6.053319
2023-08-13 11:50:00,82.86,82.89,82.89,82.87,16.96817716
2023-08-13 11:49:00,82.87,82.88,82.88,82.88,5.7751925
2023-08-13 11:48:00,82.87,82.89,82.89,82.88,5.73282977
2023-08-13 11:47:00,82.86,82.9,82.86,82.88,415.0064187
2023-08-13 11:46:00,82.85,82.87,82.86,82.86,2.22983557
2023-08-13 11:45:00,82.82,82.84,82.84,82.84,157.36860665
2023-08-13 11:44:00,82.85,82.87,82.87,82.86,6.12047461
2023-08-13 11:43:00,82.86,82.88,82.87,82.87,3.45746467
2023-08-13 11:42:00,82.86,82.88,82.88,82.86,1.24728851
2023-08-13 11:41:00,82.86,82.88,82.88,82.87,4.13570997
2023-08-13 11:40:00,82.87,82.91,82.9,82.89,17.34942261
2023-08-13 11:39:00,82.89,82.91,82.9,82.89,10.43206911
2023-08-13 11:38:00,82.89,82.91,82.9,82.89,40.17876175
2023-08-13 11:37:00,82.9,82.92,82.9,82.91,1.21309362
2023-08-13 11:36:00,82.9,82.91,82.9,82.91,4.23369008
2023-08-13 11:35:00,82.9,82.92,82.9,82.92,14.28198096
2023-08-13 11:34:00,82.91,82.91,82.91,82.91,15.42680367
2023-08-13 11:33:00,82.88,82.91,82.88,82.89,18.62285605
2023-08-13 11:32:00,82.89,82.91,82.89,82.89,97.6840985
2023-08-13 11:31:00,82.84,82.89,82.87,82.89,43.18684271
2023-08-13 11:30:00,82.87,82.94,82.94,82.88,246.11064572
2023-08-13 11:29:00,82.95,83.0,83.0,82.95,687.87929009
2023-08-13 11:28:00,82.98,83.02,82.99,83.0,393.0399978
2023-08-13 11:27:00,82.98,82.99,82.99,82.98,1.26677443
2023-08-13 11:26:00,82.99,83.04,83.02,82.99,95.95827851
2023-08-13 11:25:00,83.0,83.02,83.01,83.02,34.86099716
2023-08-13 11:24:00,82.93,83.02,82.93,83.01,239.71926532
2023-08-13 11:23:00,82.92,82.93,82.92,82.93,1.26423799
2023-08-13 11:22:00,82.91,82.93,82.92,82.92,4.13800884
2023-08-13 11:21:00,82.91,82.93,82.92,82.91,3.65318439
2023-08-13 11:20:00,82.9,82.92,82.91,82.92,31.70593192
2023-08-13 11:19:00,82.92,82.92,82.92,82.92,32.81615185
2023-08-13 11:18:00,82.93,82.94,82.94,82.93,4.83904166
2023-08-13 11:17:00,82.91,82.94,82.92,82.94,2.85082895
2023-08-13 11:16:00,82.92,82.93,82.92,82.93,33.44390333
2023-08-13 11:15:00,82.92,82.93,82.92,82.93,2.30604802
2023-08-13 11:14:00,82.91,82.93,82.93,82.93,22.50411569
2023-08-13 11:13:00,82.91,82.93,82.93,82.91,2.59417422
2023-08-13 11:12:00,82.91,82.93,82.92,82.91,37.29155444
2023-08-13 11:11:00,82.92,82.93,82.93,82.92,1.30916797
2023-08-13 11:10:00,82.91,82.93,82.93,82.93,4.45538647
2023-08-13 11:09:00,82.92,82.93,82.93,82.93,1.46272699
2023-08-13 11:08:00,82.92,82.94,82.93,82.94,3.55567801
2023-08-13 11:07:00,82.91,82.93,82.93,82.92,13.91397763
2023-08-13 11:06:00,82.91,82.94,82.91,82.94,22.78685271
2023-08-13 11:05:00,82.86,82.9,82.9,82.9,96.75367297
2023-08-13 11:04:00,82.91,82.93,82.93,82.91,9.30509044
2023-08-13 11:03:00,82.93,82.95,82.94,82.93,20.64729158
2023-08-13 11:02:00,82.94,82.95,82.95,82.95,8.51030794
2023-08-13 11:01:00,82.92,82.95,82.93,82.95,130.64504315
2023-08-13 11:00:00,82.93,82.94,82.93,82.93,1.40649542
2023-08-13 10:59:00,82.94,82.95,82.95,82.94,2.22208551
2023-08-13 10:58:00,82.94,82.95,82.94,82.95,4.15882364
2023-08-13 10:57:00,82.92,82.96,82.95,82.95,220.85665238
2023-08-13 10:56:00,82.93,82.96,82.93,82.95,8.94982855
2023-08-13 10:55:00,82.92,82.94,82.94,82.94,36.17669683
2023-08-13 10:54:00,82.95,82.95,82.95,82.95,3.32558121
2023-08-13 10:53:00,82.94,82.95,82.94,82.95,4.99839342
2023-08-13 10:52:00,82.94,82.98,82.98,82.95,10.48374578
2023-08-13 10:51:00,82.98,82.98,82.98,82.98,3.2072739
2023-08-13 10:50:00,82.97,82.98,82.97,82.97,3.09366542
2023-08-13 10:49:00,82.97,82.99,82.98,82.99,4.3551248
2023-08-13 10:48:00,82.97,82.99,82.97,82.99,4.88951768
2023-08-13 10:47:00,82.94,82.99,82.95,82.97,48.4499641
2023-08-13 10:46:00,82.96,82.96,82.96,82.96,4.46270672
2023-08-13 10:45:00,82.94,82.96,82.95,82.94,12.97359785
2023-08-13 10:44:00,82.96,82.97,82.97,82.96,9.58018187
2023-08-13 10:43:00,82.97,82.99,82.97,82.97,5.53946872
2023-08-13 10:42:00,82.96,82.97,82.97,82.96,12.50187038
2023-08-13 10:41:00,82.96,82.98,82.97,82.96,6.15287244
2023-08-13 10:40:00,82.96,82.97,82.97,82.97,9.49726989
2023-08-13 10:39:00,82.97,82.99,82.97,82.97,1.1021772
2023-08-13 10:38:00,82.98,82.99,82.98,82.99,2.10674496
2023-08-13 10:37:00,82.97,82.98,82.98,82.98,1.31221782
2023-08-13 10:36:00,82.97,82.98,82.97,82.97,1.5487499
2023-08-13 10:35:00,82.97,82.98,82.98,82.98,2.83959186
2023-08-13 10:34:00,82.98,82.98,82.98,82.98,1.57360959
2023-08-13 10:33:00,82.96,82.98,82.98,82.96,32.87183821
2023-08-13 10:32:00,82.97,82.99,82.98,82.97,10.20463865
2023-08-13 10:31:00,82.97,83.01,83.01,82.97,14.12602911
2023-08-13 10:30:00,83.0,83.03,83.01,83.0,2.34545719
2023-08-13 10:29:00,82.99,83.02,83.01,83.01,5.8528328
2023-08-13 10:28:00,82.99,83.01,83.01,82.99,1.95765493
2023-08-13 10:27:00,83.0,83.01,83.0,83.01,4.17585872
2023-08-13 10:26:00,82.97,83.0,82.98,83.0,65.3497254
2023-08-13 10:25:00,82.98,82.98,82.98,82.98,5.12783683
2023-08-13 10:24:00,82.97,83.0,82.99,82.98,1.52372614
2023-08-13 10:23:00,82.97,82.98,82.98,82.98,2.98581105
2023-08-13 10:22:00,82.98,82.99,82.98,82.99,7.85127825
2023-08-13 10:21:00,82.97,82.98,82.98,82.97,2.0176507
2023-08-13 10:20:00,82.96,82.98,82.98,82.97,5.89784223
2023-08-13 10:19:00,82.97,82.98,82.98,82.98,2.34379352
2023-08-13 10:18:00,82.97,82.99,82.99,82.98,1.17537164
2023-08-13 10:17:00,82.98,82.99,82.98,82.99,0.50022346
2023-08-13 10:16:00,82.98,82.99,82.99,82.99,3.22502577
2023-08-13 10:15:00,82.98,82.99,82.99,82.99,14.31823668
2023-08-13 10:14:00,82.97,82.99,82.97,82.99,2.7800665
2023-08-13 10:13:00,82.97,82.98,82.98,82.97,5.26223952
2023-08-13 10:12:00,82.95,82.98,82.95,82.97,17.40169197
2023-08-13 10:11:00,82.95,82.96,82.96,82.95,7.2912243
2023-08-13 10:10:00,82.95,82.97,82.96,82.96,2.73968682
2023-08-13 10:09:00,82.95,82.97,82.95,82.95,7.29233503
2023-08-13 10:08:00,82.95,82.96,82.96,82.96,13.4457442
2023-08-13 10:07:00,82.95,82.97,82.97,82.96,4.07489174
2023-08-13 10:06:00,82.95,82.97,82.97,82.97,9.81623739
2023-08-13 10:05:00,82.96,82.99,82.99,82.97,16.57024613
2023-08-13 10:04:00,83.0,83.01,83.01,83.0,10.42960283
2023-08-13 10:03:00,82.99,83.01,83.01,83.01,7.3572038
2023-08-13 10:02:00,83.01,83.02,83.02,83.02,10.08509453
2023-08-13 10:01:00,83.0,83.03,83.01,83.01,37.36421891
2023-08-13 10:00:00,83.0,83.03,83.01,83.01,40.54867429
2023-08-13 09:59:00,83.0,83.02,83.02,83.0,8.07173859
2023-08-13 09:58:00,83.0,83.02,83.0,83.02,6.42683743
2023-08-13 09:57:00,83.0,83.02,83.02,83.02,6.32903833
2023-08-13 09:56:00,82.99,83.01,83.0,83.01,8.93795071
2023-08-13 09:55:00,82.98,82.99,82.99,82.99,14.64735612
2023-08-13 09:54:00,82.97,82.99,82.98,82.99,1.52388387
2023-08-13 09:53:00,82.98,82.98,82.98,82.98,2.79357165
2023-08-13 09:52:00,82.96,82.98,82.97,82.98,0.75316443
2023-08-13 09:51:00,82.95,82.98,82.95,82.97,30.58008594
2023-08-13 09:50:00,82.95,82.97,82.96,82.97,75.21689746
2023-08-13 09:49:00,82.96,82.97,82.96,82.96,5.68461285
2023-08-13 09:48:00,82.96,82.98,82.96,82.98,3.37581859
2023-08-13 09:47:00,82.95,82.98,82.98,82.95,13.96504954
2023-08-13 09:46:00,82.97,82.98,82.97,82.98,8.78065476
2023-08-13 09:45:00,82.95,82.97,82.95,82.97,20.86310294
2023-08-13 09:44:00,82.95,82.97,82.96,82.95,7.70006838
2023-08-13 09:43:00,82.94,82.98,82.95,82.96,18.67079035
2023-08-13 09:42:00,82.94,82.97,82.96,82.95,5.76633383
2023-08-13 09:41:00,82.97,82.98,82.98,82.97,1.44081345
2023-08-13 09:40:00,82.97,82.99,82.99,82.98,27.12222308
2023-08-13 09:39:00,82.99,83.0,82.99,82.99,3.32586458
2023-08-13 09:38:00,82.99,83.0,83.0,83.0,5.34048103
2023-08-13 09:37:00,82.98,83.0,83.0,83.0,15.66687748
2023-08-13 09:36:00,82.98,83.01,83.01,82.99,14.83007919
2023-08-13 09:35:00,83.0,83.01,83.01,83.0,6.09730386
2023-08-13 09:34:00,82.96,83.01,82.96,83.0,432.84238655
2023-08-13 09:33:00,82.94,82.97,82.94,82.97,10.66094783
2023-08-13 09:32:00,82.94,83.0,83.0,82.95,232.58242357
2023-08-13 09:31:00,82.98,83.0,82.99,82.98,18.76126433
2023-08-13 09:30:00,82.98,83.0,82.99,83.0,11.36605648
2023-08-13 09:29:00,82.99,83.02,83.01,83.0,16.3829806
2023-08-13 09:28:00,82.98,83.0,83.0,83.0,12.55609188
2023-08-13 09:27:00,83.0,83.01,83.01,83.0,32.60732395
2023-08-13 09:26:00,83.01,83.04,83.03,83.01,10.46389368
2023-08-13 09:25:00,83.03,83.04,83.04,83.04,4.52680611
2023-08-13 09:24:00,83.03,83.04,83.04,83.04,15.41900496
2023-08-13 09:23:00,83.02,83.05,83.05,83.04,21.26670677
2023-08-13 09:22:00,83.04,83.05,83.05,83.04,3.36955543
2023-08-13 09:21:00,83.03,83.06,83.06,83.05,12.44026524
2023-08-13 09:20:00,83.07,83.08,83.07,83.07,11.97484352
2023-08-13 09:19:00,83.08,83.1,83.08,83.08,2.09213767
2023-08-13 09:18:00,83.06,83.08,83.07,83.06,10.33257535
2023-08-13 09:17:00,83.06,83.08,83.08,83.07,2.84691887
2023-08-13 09:16:00,83.06,83.08,83.07,83.08,2.66832534
2023-08-13 09:15:00,83.07,83.09,83.09,83.07,16.67127399
2023-08-13 09:14:00,83.06,83.09,83.07,83.09,23.62897732
2023-08-13 09:13:00,83.06,83.07,83.07,83.07,13.33899616
2023-08-13 09:12:00,83.06,83.07,83.07,83.07,4.47828604
2023-08-13 09:11:00,83.06,83.08,83.08,83.07,13.07937001
2023-08-13 09:10:00,83.07,83.1,83.09,83.07,14.6773849
2023-08-13 09:09:00,83.08,83.09,83.09,83.09,3.09302999
2023-08-13 09:08:00,83.07,83.1,83.08,83.09,4.45609223
2023-08-13 09:07:00,83.05,83.09,83.09,83.08,32.66744079
2023-08-13 09:06:00,83.1,83.12,83.12,83.1,4.48241676
2023-08-13 09:05:00,83.12,83.12,83.12,83.12,1.44643573
2023-08-13 09:04:00,83.11,83.15,83.15,83.12,12.54355014
2023-08-13 09:03:00,83.16,83.16,83.16,83.16,0.00129066
2023-08-13 09:02:00,83.15,83.16,83.16,83.15,6.44049299
2023-08-13 09:01:00,83.15,83.16,83.16,83.15,2.44291321
2023-08-13 09:00:00,83.15,83.17,83.17,83.15,3.0372104
2023-08-13 08:59:00,83.14,83.15,83.15,83.15,61.92876839
2023-08-13 08:58:00,83.14,83.15,83.15,83.14,3.56582717
2023-08-13 08:57:00,83.14,83.15,83.14,83.15,20.57473405
2023-08-13 08:56:00,83.13,83.15,83.14,83.14,4.69344801
2023-08-13 08:55:00,83.11,83.14,83.11,83.14,2.14748046
2023-08-13 08:54:00,83.11,83.12,83.11,83.12,9.43628342
2023-08-13 08:53:00,83.1,83.12,83.11,83.12,1.39149724
2023-08-13 08:52:00,83.1,83.12,83.12,83.12,4.28705605
2023-08-13 08:51:00,83.11,83.14,83.14,83.12,23.17777427
2023-08-13 08:50:00,83.14,83.15,83.14,83.15,2.79848387
2023-08-13 08:49:00,83.14,83.14,83.14,83.14,6.56955232
2023-08-13 08:48:00,83.11,83.14,83.11,83.14,51.06562596
2023-08-13 08:47:00,83.1,83.11,83.11,83.11,6.238271
2023-08-13 08:46:00,83.1,83.11,83.11,83.11,1.18611255
2023-08-13 08:45:00,83.11,83.11,83.11,83.11,0.48898748
2023-08-13 08:44:00,83.1,83.11,83.11,83.11,12.27691589
2023-08-13 08:43:00,83.1,83.11,83.1,83.11,1.41796307
2023-08-13 08:42:00,83.09,83.11,83.09,83.11,24.1635588
2023-08-13 08:41:00,83.08,83.09,83.08,83.08,4.05433081
2023-08-13 08:40:00,83.08,83.11,83.11,83.08,3.13606642
2023-08-13 08:39:00,83.09,83.11,83.1,83.11,9.97878347
2023-08-13 08:38:00,83.09,83.12,83.11,83.11,21.05632463
2023-08-13 08:37:00,83.1,83.11,83.1,83.11,1.22718623
2023-08-13 08:36:00,83.12,83.15,83.14,83.12,10.70878836
2023-08-13 08:35:00,83.14,83.15,83.14,83.14,1.55722516
2023-08-13 08:34:00,83.14,83.15,83.15,83.15,8.89998383
2023-08-13 08:33:00,83.14,83.16,83.16,83.15,2.90429181
2023-08-13 08:32:00,83.16,83.16,83.16,83.16,6.19155298
2023-08-13 08:31:00,83.14,83.16,83.16,83.16,5.05657452
2023-08-13 08:30:00,83.16,83.17,83.17,83.16,7.71694578
2023-08-13 08:29:00,83.15,83.16,83.15,83.16,9.29312287
2023-08-13 08:27:00,83.14,83.16,83.16,83.14,4.60932418
2023-08-13 08:26:00,83.11,83.16,83.12,83.15,162.70924372
2023-08-13 08:25:00,83.11,83.12,83.12,83.12,5.2680408
2023-08-13 08:24:00,83.11,83.12,83.11,83.12,4.6907394
2023-08-13 08:23:00,83.08,83.09,83.09,83.08,15.1533243
2023-08-13 08:22:00,83.08,83.09,83.09,83.09,12.00292126
2023-08-13 08:21:00,83.08,83.09,83.09,83.09,3.52655966
2023-08-13 08:20:00,83.08,83.1,83.09,83.08,9.15797005
2023-08-13 08:19:00,83.1,83.14,83.14,83.1,13.08800965
2023-08-13 08:18:00,83.12,83.13,83.12,83.12,1.7265931
2023-08-13 08:17:00,83.11,83.13,83.12,83.11,2.86302366
2023-08-13 08:16:00,83.11,83.13,83.12,83.11,2.49360173
2023-08-13 08:15:00,83.11,83.17,83.17,83.12,26.76751633
2023-08-13 08:14:00,83.16,83.17,83.16,83.17,5.59339681
2023-08-13 08:13:00,83.16,83.17,83.16,83.17,7.62526111
2023-08-13 08:12:00,83.16,83.17,83.16,83.17,5.93849273
2023-08-13 08:11:00,83.16,83.17,83.17,83.16,1.72626399
2023-08-13 08:10:00,83.16,83.17,83.17,83.16,2.99973668
2023-08-13 08:09:00,83.16,83.17,83.16,83.16,7.1570941
2023-08-13 08:08:00,83.15,83.17,83.16,83.17,4.57147095
2023-08-13 08:07:00,83.15,83.17,83.15,83.17,4.97430363
2023-08-13 08:06:00,83.15,83.16,83.15,83.16,16.56362684
2023-08-13 08:05:00,83.15,83.16,83.16,83.15,7.88477225
2023-08-13 08:04:00,83.13,83.15,83.14,83.15,104.04371814
2023-08-13 08:03:00,83.13,83.14,83.14,83.14,4.24221245
2023-08-13 08:02:00,83.14,83.17,83.17,83.14,11.84097191
2023-08-13 08:01:00,83.16,83.17,83.16,83.17,2.21555533
2023-08-13 08:00:00,83.16,83.17,83.17,83.17,1.9587604
2023-08-13 07:59:00,83.17,83.19,83.19,83.17,23.5590156
2023-08-13 07:58:00,83.17,83.2,83.17,83.2,83.68000271
2023-08-13 07:57:00,83.16,83.17,83.16,83.17,3.72975673
2023-08-13 07:56:00,83.16,83.17,83.17,83.17,0.79343568
2023-08-13 07:55:00,83.16,83.17,83.16,83.17,1.47650823
2023-08-13 07:54:00,83.16,83.18,83.17,83.17,29.37923791
2023-08-13 07:53:00,83.15,83.17,83.15,83.17,32.70600631
2023-08-13 07:52:00,83.15,83.16,83.16,83.16,11.94082366
2023-08-13 07:51:00,83.15,83.16,83.16,83.16,39.07748426
2023-08-13 07:50:00,83.17,83.24,83.24,83.17,200.68067163
2023-08-13 07:49:00,83.23,83.23,83.23,83.23,16.48538237
2023-08-13 07:48:00,83.2,83.21,83.21,83.21,4.99298943
2023-08-13 07:47:00,83.2,83.21,83.21,83.21,4.81963172
2023-08-13 07:46:00,83.2,83.21,83.21,83.21,9.82308529
2023-08-13 07:45:00,83.21,83.22,83.22,83.21,9.80739344
2023-08-13 07:44:00,83.2,83.22,83.22,83.21,15.53064274
2023-08-13 07:43:00,83.21,83.22,83.21,83.22,1.04903565
2023-08-13 07:42:00,83.2,83.21,83.21,83.21,3.7328755
2023-08-13 07:41:00,83.21,83.22,83.22,83.21,6.79187618
2023-08-13 07:40:00,83.21,83.22,83.21,83.22,5.82598064
2023-08-13 07:39:00,83.21,83.21,83.21,83.21,0.63463533
2023-08-13 07:38:00,83.19,83.21,83.2,83.21,4.12777102
2023-08-13 07:37:00,83.19,83.2,83.19,83.2,0.63546867
2023-08-13 07:36:00,83.18,83.2,83.18,83.2,6.62303283
2023-08-13 07:35:00,83.17,83.18,83.18,83.17,11.04837265
2023-08-13 07:34:00,83.16,83.19,83.18,83.18,74.39175646
2023-08-13 07:33:00,83.17,83.18,83.18,83.18,5.5099072
2023-08-13 07:32:00,83.16,83.18,83.17,83.17,14.70647927
2023-08-13 07:31:00,83.16,83.18,83.17,83.16,5.90667043
2023-08-13 07:30:00,83.18,83.19,83.18,83.18,13.92980894
2023-08-13 07:29:00,83.17,83.19,83.18,83.19,17.81409975
2023-08-13 07:28:00,83.17,83.2,83.18,83.18,36.46736517
2023-08-13 07:27:00,83.12,83.18,83.12,83.17,287.66383695
2023-08-13 07:26:00,83.11,83.13,83.13,83.11,20.62471711
2023-08-13 07:25:00,83.12,83.13,83.13,83.13,4.27919892
2023-08-13 07:24:00,83.13,83.15,83.14,83.13,0.90820005
2023-08-13 07:23:00,83.13,83.15,83.14,83.15,2.75829217
2023-08-13 07:22:00,83.14,83.15,83.14,83.14,1.11384527
2023-08-13 07:21:00,83.11,83.13,83.12,83.13,29.90253845
2023-08-13 07:20:00,83.11,83.13,83.11,83.12,5.18415781
2023-08-13 07:19:00,83.09,83.11,83.09,83.11,63.74376498
2023-08-13 07:18:00,83.07,83.09,83.09,83.07,10.95082112
2023-08-13 07:17:00,83.1,83.11,83.11,83.1,17.8937334
2023-08-13 07:16:00,83.1,83.11,83.1,83.11,3.864724
2023-08-13 07:15:00,83.11,83.13,83.12,83.12,12.63725853
2023-08-13 07:14:00,83.1,83.12,83.12,83.11,31.32264728
2023-08-13 07:13:00,83.11,83.13,83.12,83.13,5.36083445
2023-08-13 07:12:00,83.11,83.13,83.12,83.13,18.09698643
2023-08-13 07:11:00,83.12,83.12,83.12,83.12,20.39066725
2023-08-13 07:10:00,83.1,83.13,83.1,83.12,21.68311745
2023-08-13 07:09:00,83.08,83.11,83.09,83.11,9.04494076
2023-08-13 07:08:00,83.08,83.1,83.08,83.1,4.11445022
2023-08-13 07:07:00,83.07,83.09,83.09,83.09,116.56916877
2023-08-13 07:06:00,83.08,83.09,83.09,83.09,12.4234942
2023-08-13 07:05:00,83.09,83.12,83.11,83.09,28.85085844
2023-08-13 07:04:00,83.1,83.12,83.11,83.12,9.13509663
2023-08-13 07:03:00,83.09,83.11,83.1,83.11,11.09225144
2023-08-13 07:02:00,83.11,83.13,83.12,83.11,18.06972457
2023-08-13 07:01:00,83.1,83.13,83.12,83.11,4.21370275
2023-08-13 07:00:00,83.11,83.13,83.11,83.13,4.81786896
2023-08-13 06:59:00,83.08,83.11,83.09,83.1,37.90251065
2023-08-13 06:58:00,83.07,83.09,83.08,83.09,10.16438824
2023-08-13 06:57:00,83.07,83.09,83.07,83.09,9.06816057
2023-08-13 06:56:00,83.06,83.07,83.06,83.07,23.79575227
2023-08-13 06:55:00,83.07,83.07,83.07,83.07,5.23252793
2023-08-13 06:54:00,83.05,83.07,83.07,83.06,5.97590718
2023-08-13 06:53:00,83.05,83.08,83.07,83.07,74.46719341
2023-08-13 06:52:00,83.06,83.08,83.07,83.06,14.6051717
2023-08-13 06:51:00,83.06,83.08,83.07,83.08,6.5253149
2023-08-13 06:50:00,83.06,83.09,83.09,83.06,13.04815494
2023-08-13 16:50:00,82.85,82.91,82.9,82.87,6.38209056
2023-08-13 16:49:00,82.9,82.92,82.91,82.91,8.54448552
2023-08-13 16:48:00,82.91,82.94,82.93,82.91,41.24687912
2023-08-13 16:47:00,82.94,82.94,82.94,82.94,0.57219788
2023-08-13 16:46:00,82.93,82.95,82.95,82.94,3.36502389
2023-08-13 16:45:00,82.92,82.96,82.93,82.95,6.48426987
2023-08-13 16:44:00,82.91,82.93,82.91,82.93,27.22183955
2023-08-13 16:43:00,82.91,82.93,82.93,82.93,36.85091695
2023-08-13 16:42:00,82.91,82.93,82.92,82.93,17.35458097
2023-08-13 16:41:00,82.91,82.93,82.91,82.92,7.62238972
2023-08-13 16:40:00,82.88,82.91,82.88,82.91,2.14337822
2023-08-13 16:39:00,82.86,82.88,82.87,82.88,3.68526702
2023-08-13 16:38:00,82.84,82.9,82.9,82.85,53.32585966
2023-08-13 16:37:00,82.9,82.91,82.91,82.9,6.00541752
2023-08-13 16:36:00,82.89,82.9,82.89,82.9,3.63204131
2023-08-13 16:35:00,82.86,82.89,82.89,82.88,17.1539847
2023-08-13 16:34:00,82.87,82.89,82.88,82.89,35.29189929
2023-08-13 16:33:00,82.85,82.88,82.85,82.88,2.41192098
2023-08-13 16:32:00,82.84,82.86,82.85,82.86,9.07770052
2023-08-13 16:31:00,82.84,82.86,82.85,82.84,9.99332754
2023-08-13 16:30:00,82.83,82.85,82.85,82.85,4.80369666
2023-08-13 16:29:00,82.83,82.87,82.87,82.84,12.84453918
2023-08-13 16:28:00,82.82,82.86,82.85,82.86,85.52865422
2023-08-13 16:27:00,82.85,82.9,82.9,82.87,24.5037566
2023-08-13 16:26:00,82.89,82.94,82.94,82.89,15.7185445
2023-08-13 16:25:00,82.93,82.95,82.95,82.93,15.05370731
2023-08-13 16:24:00,82.92,82.95,82.94,82.95,9.25551844
2023-08-13 16:23:00,82.92,82.94,82.94,82.92,11.73704829
2023-08-13 16:22:00,82.91,82.94,82.94,82.93,21.97327357
2023-08-13 16:21:00,82.9,82.94,82.91,82.94,5.58308781
2023-08-13 16:20:00,82.88,82.9,82.89,82.88,76.18840116
2023-08-13 16:19:00,82.89,82.9,82.9,82.89,17.10154688
2023-08-13 16:18:00,82.89,82.9,82.89,82.9,15.64268303
2023-08-13 16:17:00,82.87,82.9,82.87,82.9,23.40423409
2023-08-13 16:16:00,82.83,82.9,82.83,82.89,24.15886877
2023-08-13 16:15:00,82.77,82.84,82.78,82.82,82.31856894
2023-08-13 16:14:00,82.76,82.8,82.8,82.78,29.99724294
2023-08-13 16:13:00,82.78,82.8,82.79,82.8,9.4001828
2023-08-13 16:12:00,82.78,82.79,82.79,82.79,4.34702828
2023-08-13 16:11:00,82.77,82.81,82.78,82.79,19.41121366
2023-08-13 16:10:00,82.77,82.8,82.77,82.8,52.89187138
2023-08-13 16:09:00,82.75,82.84,82.84,82.75,457.69646574
2023-08-13 16:08:00,82.82,82.86,82.85,82.84,27.84038093
2023-08-13 16:07:00,82.81,82.85,82.81,82.85,30.60009801
2023-08-13 16:06:00,82.78,82.82,82.82,82.81,115.87879719
2023-08-13 16:05:00,82.8,82.83,82.83,82.82,64.61695316
2023-08-13 16:04:00,82.81,82.83,82.82,82.83,28.29025111
2023-08-13 16:03:00,82.81,82.85,82.85,82.82,12.53942998
2023-08-13 16:02:00,82.82,82.85,82.83,82.85,10.67455076
2023-08-13 16:01:00,82.83,82.86,82.86,82.84,32.46102947
2023-08-13 16:00:00,82.83,82.87,82.87,82.84,98.70373947
2023-08-13 15:59:00,82.87,82.9,82.9,82.87,26.46125171
2023-08-13 15:58:00,82.88,82.93,82.88,82.92,61.36853021
2023-08-13 15:57:00,82.87,82.89,82.88,82.87,10.43258251
2023-08-13 15:56:00,82.88,82.88,82.88,82.88,5.70553919
2023-08-13 15:55:00,82.87,82.89,82.88,82.88,12.8565315
2023-08-13 15:54:00,82.87,82.96,82.96,82.9,288.64914087
2023-08-13 15:53:00,82.95,82.97,82.97,82.96,8.24009875
2023-08-13 15:52:00,82.95,82.99,82.97,82.97,32.92993451
2023-08-13 15:51:00,82.97,82.99,82.99,82.98,21.12319186
2023-08-13 15:50:00,82.99,83.01,83.01,83.01,22.13222483
2023-08-13 15:49:00,82.98,83.01,82.98,83.01,9.80462088
2023-08-13 15:48:00,82.97,82.99,82.98,82.97,5.46440529
2023-08-13 15:47:00,82.93,83.0,82.95,82.99,12.89545579
2023-08-13 15:46:00,82.93,82.96,82.96,82.95,25.2503657
2023-08-13 15:45:00,82.95,82.97,82.96,82.96,63.42774262
2023-08-13 15:44:00,82.95,83.0,83.0,82.95,55.17413764
2023-08-13 15:43:00,82.99,83.01,83.0,82.99,76.93620865
2023-08-13 15:42:00,82.98,83.0,83.0,83.0,31.32275677
2023-08-13 15:41:00,82.99,83.0,82.99,83.0,57.98263255
2023-08-13 15:40:00,82.9,83.0,82.9,82.98,368.15015643
2023-08-13 15:39:00,82.9,82.92,82.92,82.9,26.6865989
2023-08-13 15:38:00,82.9,82.95,82.94,82.91,75.5775789
2023-08-13 15:37:00,82.92,82.94,82.92,82.94,126.2674363
2023-08-13 15:36:00,82.89,82.93,82.91,82.93,93.90916677
2023-08-13 15:35:00,82.89,82.92,82.9,82.91,66.37422095
2023-08-13 15:34:00,82.89,82.91,82.91,82.9,48.25102029
2023-08-13 15:33:00,82.88,82.93,82.88,82.92,100.5163583
2023-08-13 15:32:00,82.83,82.9,82.83,82.88,46.53642752
2023-08-13 15:31:00,82.8,82.82,82.82,82.82,21.46441583
2023-08-13 15:30:00,82.83,82.85,82.83,82.83,14.79311974
2023-08-13 15:29:00,82.82,82.84,82.84,82.82,5.9368264
2023-08-13 15:28:00,82.82,82.86,82.82,82.86,91.75650356
2023-08-13 15:27:00,82.81,82.82,82.81,82.82,39.83002789
2023-08-13 15:26:00,82.81,82.86,82.86,82.81,14.71016549
2023-08-13 15:25:00,82.85,82.87,82.86,82.85,7.43219697
2023-08-13 15:24:00,82.83,82.86,82.85,82.85,19.43357564
2023-08-13 15:23:00,82.83,82.87,82.87,82.85,26.63561978
2023-08-13 15:22:00,82.86,82.88,82.87,82.88,15.30330375
2023-08-13 15:21:00,82.85,82.89,82.88,82.87,15.38814029
2023-08-13 15:20:00,82.88,82.91,82.9,82.88,7.4210332
2023-08-13 15:19:00,82.91,82.91,82.91,82.91,1.61740497
2023-08-13 15:18:00,82.9,82.93,82.9,82.91,96.00145142
2023-08-13 15:17:00,82.88,82.9,82.89,82.9,11.36671698
2023-08-13 15:16:00,82.87,82.9,82.87,82.89,19.36697341
2023-08-13 15:15:00,82.88,82.9,82.9,82.88,20.22762927
2023-08-13 15:14:00,82.88,82.9,82.9,82.9,9.21021852
2023-08-13 15:13:00,82.89,82.92,82.92,82.9,38.96091884
2023-08-13 15:12:00,82.91,82.96,82.94,82.91,7.25654949
2023-08-13 15:11:00,82.94,82.97,82.96,82.94,15.09848494
2023-08-13 15:10:00,82.93,82.96,82.93,82.95,15.31573671
2023-08-13 15:09:00,82.93,82.95,82.95,82.93,17.09084686
2023-08-13 15:08:00,82.93,82.95,82.94,82.95,29.18037128
2023-08-13 15:07:00,82.95,82.95,82.95,82.95,3.85602541
2023-08-13 15:06:00,82.93,82.95,82.94,82.95,18.1101873
2023-08-13 15:05:00,82.93,82.95,82.94,82.93,6.64336746
2023-08-13 15:04:00,82.91,82.93,82.92,82.93,19.41789274
2023-08-13 15:03:00,82.91,82.96,82.94,82.91,25.55557877
2023-08-13 15:02:00,82.92,82.95,82.95,82.94,22.26736311
2023-08-13 15:01:00,82.95,82.98,82.96,82.96,84.18758596
2023-08-13 15:00:00,82.94,82.96,82.95,82.96,33.36248764
2023-08-13 14:59:00,82.94,82.96,82.96,82.94,34.0365147
2023-08-13 14:58:00,82.94,82.96,82.94,82.96,16.90792411
2023-08-13 14:57:00,82.93,82.94,82.93,82.94,40.40396983
2023-08-13 14:56:00,82.93,82.98,82.96,82.93,366.92848615
2023-08-13 14:55:00,82.95,82.98,82.97,82.95,24.89705364
2023-08-13 14:54:00,82.97,82.99,82.97,82.99,9.80301475
2023-08-13 14:53:00,82.97,82.98,82.97,82.98,10.38826406
2023-08-13 14:52:00,82.97,83.0,82.99,82.97,90.57086739
2023-08-13 14:51:00,82.98,83.04,83.04,82.98,36.5894382
2023-08-13 14:50:00,83.03,83.06,83.06,83.04,16.44817859
2023-08-13 14:49:00,83.05,83.07,83.05,83.06,10.79992792
2023-08-13 14:48:00,83.05,83.06,83.05,83.06,14.51746798
2023-08-13 14:47:00,83.04,83.05,83.04,83.05,3.5789131
2023-08-13 14:46:00,83.05,83.05,83.05,83.05,33.70718355
2023-08-13 14:45:00,83.05,83.06,83.05,83.05,12.84206322
2023-08-13 14:44:00,83.05,83.07,83.06,83.05,39.81244266
2023-08-13 14:43:00,83.05,83.07,83.06,83.05,12.42417284
2023-08-13 14:42:00,83.07,83.09,83.08,83.07,40.67005909
2023-08-13 14:41:00,83.07,83.09,83.07,83.09,13.91031172
2023-08-13 14:40:00,83.07,83.09,83.07,83.07,41.54655948
2023-08-13 14:39:00,83.07,83.09,83.09,83.09,4.36889938
2023-08-13 14:38:00,83.07,83.09,83.09,83.09,9.40038084
2023-08-13 14:37:00,83.07,83.09,83.08,83.09,44.08400905
2023-08-13 14:36:00,83.07,83.08,83.07,83.08,24.36118423
2023-08-13 14:35:00,83.05,83.07,83.06,83.07,13.94004659
2023-08-13 14:34:00,83.06,83.07,83.06,83.07,10.7243681
2023-08-13 14:33:00,83.04,83.07,83.06,83.07,15.77215247
2023-08-13 14:32:00,83.04,83.06,83.05,83.06,5.92718065
2023-08-13 14:31:00,83.05,83.08,83.08,83.05,3.95423605
2023-08-13 14:30:00,83.05,83.09,83.05,83.08,38.55916885
2023-08-13 14:29:00,83.04,83.05,83.05,83.04,22.1667275
2023-08-13 14:28:00,83.04,83.05,83.05,83.04,14.95082381
2023-08-13 14:27:00,83.04,83.05,83.05,83.05,38.29107926
2023-08-13 14:26:00,83.04,83.05,83.04,83.04,18.37111392
2023-08-13 14:25:00,83.0,83.04,83.0,83.04,18.98777716
2023-08-13 14:24:00,83.0,83.02,83.02,83.01,10.99835538
2023-08-13 14:23:00,83.01,83.02,83.02,83.01,10.12748483
2023-08-13 14:22:00,83.01,83.02,83.01,83.02,12.93229544
2023-08-13 14:21:00,83.01,83.02,83.01,83.02,41.05628354
2023-08-13 14:20:00,82.99,83.02,82.99,83.02,14.95433563
2023-08-13 14:19:00,82.94,82.99,82.94,82.99,18.78595273
2023-08-13 14:18:00,82.93,82.97,82.96,82.96,82.75985733
2023-08-13 14:17:00,82.96,83.01,83.0,82.97,2.13644481
2023-08-13 14:16:00,83.01,83.02,83.01,83.01,9.7847374
2023-08-13 14:15:00,83.03,83.03,83.03,83.03,6.67608763
2023-08-13 14:14:00,83.01,83.03,83.01,83.01,15.83594065
2023-08-13 14:13:00,82.99,83.01,83.0,83.01,7.42667068
2023-08-13 14:12:00,82.98,83.0,82.99,82.99,32.08328949
2023-08-13 14:11:00,82.98,82.99,82.98,82.99,28.39604359
2023-08-13 14:10:00,82.98,83.0,83.0,82.99,8.35895933
2023-08-13 14:09:00,83.0,83.02,83.01,83.0,33.63415268
2023-08-13 14:08:00,82.99,83.02,82.99,83.02,10.084645
2023-08-13 14:07:00,82.98,83.02,83.02,82.99,17.3341469
2023-08-13 14:06:00,83.01,83.03,83.01,83.03,23.478809
2023-08-13 14:05:00,83.01,83.03,83.02,83.01,20.63007332
2023-08-13 14:04:00,83.0,83.01,83.0,83.01,10.99698398
2023-08-13 14:03:00,82.98,83.0,82.98,82.99,24.90968135
2023-08-13 14:02:00,82.97,83.01,83.01,82.97,22.08700268
2023-08-13 14:01:00,83.0,83.02,83.02,83.0,9.4705008
2023-08-13 14:00:00,83.01,83.03,83.01,83.02,11.05974064
2023-08-13 13:59:00,83.0,83.03,83.03,83.02,116.34540569
2023-08-13 13:58:00,83.02,83.06,83.06,83.04,141.73637938
2023-08-13 13:57:00,83.05,83.07,83.05,83.07,8.56744089
2023-08-13 13:56:00,83.05,83.06,83.05,83.05,11.82940421
2023-08-13 13:55:00,83.05,83.07,83.07,83.05,6.41925646
2023-08-13 13:54:00,83.06,83.08,83.08,83.07,18.28587327
2023-08-13 13:53:00,83.02,83.08,83.02,83.07,487.08563283
2023-08-13 13:52:00,83.02,83.03,83.03,83.03,1.88476009
2023-08-13 13:51:00,83.04,83.06,83.06,83.04,6.28199992
2023-08-13 13:50:00,83.04,83.05,83.05,83.04,5.3514128
2023-08-13 13:49:00,83.02,83.05,83.03,83.05,6.39896592
2023-08-13 13:48:00,83.01,83.04,83.02,83.04,15.78986519
2023-08-13 13:47:00,83.01,83.02,83.01,83.02,8.77299675
2023-08-13 13:46:00,83.0,83.02,83.02,83.01,4.68814387
2023-08-13 13:45:00,83.0,83.04,83.04,83.02,78.86977787
2023-08-13 13:44:00,83.01,83.03,83.02,83.03,18.20912181
2023-08-13 13:43:00,83.01,83.03,83.01,83.01,20.22308039
2023-08-13 13:42:00,83.01,83.02,83.02,83.02,4.28287738
2023-08-13 13:41:00,82.99,83.02,82.99,83.02,3.7039434
2023-08-13 13:40:00,82.94,82.98,82.94,82.98,171.48477893
2023-08-13 13:39:00,82.91,82.93,82.91,82.93,28.69942301
2023-08-13 13:38:00,82.91,82.93,82.92,82.93,2.03289848
2023-08-13 13:37:00,82.9,82.92,82.9,82.92,18.6438703
2023-08-13 13:36:00,82.9,82.91,82.91,82.91,4.82122457
2023-08-13 13:35:00,82.89,82.91,82.9,82.91,4.46125062
2023-08-13 13:34:00,82.89,82.93,82.93,82.89,143.12703475
2023-08-13 13:33:00,82.91,82.93,82.93,82.91,25.61718249
2023-08-13 13:32:00,82.91,82.93,82.92,82.93,7.58499959
2023-08-13 13:31:00,82.9,82.92,82.91,82.91,24.58073098
2023-08-13 13:30:00,82.88,82.92,82.88,82.9,6.76860453
2023-08-13 13:29:00,82.89,82.9,82.9,82.89,9.11718517
2023-08-13 13:28:00,82.88,82.9,82.88,82.9,2.30044989
2023-08-13 13:27:00,82.9,82.91,82.91,82.9,17.72370084
2023-08-13 13:26:00,82.89,82.91,82.91,82.91,10.39119073
2023-08-13 13:25:00,82.9,82.92,82.91,82.91,15.30160496
2023-08-13 13:24:00,82.93,82.97,82.97,82.93,30.44448362
2023-08-13 13:23:00,82.97,82.98,82.98,82.98,9.82838173
2023-08-13 13:22:00,82.96,82.99,82.99,82.96,14.57122054
2023-08-13 13:21:00,82.99,83.0,82.99,82.99,0.94698618
2023-08-13 13:20:00,82.99,83.0,83.0,83.0,15.49572894
2023-08-13 13:19:00,83.0,83.0,83.0,83.0,2.90175369
2023-08-13 13:18:00,82.99,83.01,83.01,82.99,2.28670022
2023-08-13 13:17:00,82.98,83.01,82.99,83.01,17.38836278
2023-08-13 13:16:00,82.99,83.01,83.01,82.99,14.23402155
2023-08-13 13:15:00,82.99,83.01,83.0,82.99,19.74055259
2023-08-13 13:14:00,82.98,83.0,83.0,83.0,3.1295567
2023-08-13 13:13:00,82.99,82.99,82.99,82.99,3.92917261
2023-08-13 13:12:00,82.98,82.99,82.98,82.99,20.7743294
2023-08-13 13:11:00,82.97,82.98,82.98,82.98,10.90428577
2023-08-13 13:10:00,82.97,82.99,82.98,82.98,12.84314421
2023-08-13 13:09:00,82.95,82.97,82.97,82.97,94.45358287
2023-08-13 13:08:00,82.95,82.97,82.95,82.97,2.41228086
2023-08-13 13:07:00,82.93,82.95,82.95,82.94,33.04550675
2023-08-13 13:06:00,82.94,82.95,82.95,82.95,1.79748546
2023-08-13 13:05:00,82.95,82.97,82.96,82.95,7.1106316
2023-08-13 13:04:00,82.95,82.96,82.96,82.96,14.07093423
2023-08-13 13:03:00,82.95,82.98,82.98,82.96,4.89014014
2023-08-13 13:02:00,82.95,82.98,82.96,82.98,202.54075946
2023-08-13 13:01:00,82.95,83.0,83.0,82.97,24.04360295
2023-08-13 13:00:00,83.02,83.04,83.04,83.02,39.63428651
2023-08-13 12:59:00,83.04,83.08,83.06,83.05,7.60127043
2023-08-13 12:58:00,83.05,83.08,83.06,83.07,1.7339963
2023-08-13 12:57:00,83.04,83.07,83.05,83.06,14.18252408
2023-08-13 12:56:00,83.03,83.06,83.05,83.06,32.10890353
2023-08-13 12:55:00,83.03,83.07,83.07,83.05,22.34247769
2023-08-13 12:54:00,83.06,83.09,83.09,83.06,2.82701062
2023-08-13 12:53:00,83.08,83.08,83.08,83.08,0.15896469
2023-08-13 12:52:00,83.07,83.09,83.08,83.08,19.7804104
2023-08-13 12:51:00,83.04,83.08,83.05,83.08,8.94073139
2023-08-13 12:50:00,83.01,83.05,83.02,83.05,58.44863553
2023-08-13 12:49:00,83.0,83.02,83.01,83.01,6.2767887
2023-08-13 12:48:00,82.99,83.04,83.04,82.99,48.56049581
2023-08-13 12:47:00,83.04,83.05,83.05,83.04,5.15987379
2023-08-13 12:46:00,83.03,83.05,83.05,83.05,37.9017391
2023-08-13 12:45:00,83.03,83.04,83.03,83.04,0.8170209
2023-08-13 12:44:00,82.99,83.01,82.99,83.01,41.99715815
2023-08-13 12:43:00,82.96,82.99,82.97,82.99,13.31430308
2023-08-13 12:42:00,82.91,82.98,82.91,82.96,310.93420335
2023-08-13 12:41:00,82.87,82.92,82.87,82.91,7.70816671
2023-08-13 12:40:00,82.89,82.91,82.9,82.91,10.01881327
2023-08-13 12:39:00,82.88,82.9,82.88,82.9,11.46151683
2023-08-13 12:38:00,82.88,82.9,82.89,82.88,5.90657391
2023-08-13 12:37:00,82.87,82.9,82.88,82.9,14.10012564
2023-08-13 12:36:00,82.88,82.9,82.89,82.89,9.60707443
2023-08-13 12:35:00,82.88,82.93,82.93,82.89,46.90470904
2023-08-13 12:34:00,82.94,82.94,82.94,82.94,4.9452626
2023-08-13 12:33:00,82.88,82.9,82.88,82.9,4.57437831
2023-08-13 12:32:00,82.86,82.89,82.87,82.89,7.72334734
2023-08-13 12:31:00,82.86,82.88,82.87,82.86,5.5651792
2023-08-13 12:30:00,82.86,82.88,82.86,82.88,5.42063859
2023-08-13 12:29:00,82.86,82.88,82.86,82.86,83.73600568
2023-08-13 12:28:00,82.87,82.9,82.9,82.87,54.26903247
2023-08-13 12:27:00,82.89,82.9,82.9,82.9,6.85511756
2023-08-13 12:26:00,82.86,82.91,82.86,82.91,14.83562002
2023-08-13 12:25:00,82.83,82.87,82.83,82.87,4.03313766
2023-08-13 12:24:00,82.77,82.81,82.8,82.81,147.09446757
2023-08-13 12:23:00,82.8,82.81,82.8,82.81,0.76251951
2023-08-13 12:22:00,82.8,82.84,82.84,82.8,47.67084393
2023-08-13 12:21:00,82.82,82.84,82.82,82.84,20.8130945
2023-08-13 12:20:00,82.82,82.84,82.83,82.84,8.63098641
2023-08-13 12:19:00,82.82,82.83,82.83,82.83,8.532798
2023-08-13 12:18:00,82.82,82.84,82.83,82.82,105.64874746
2023-08-13 12:17:00,82.83,82.85,82.85,82.83,12.66304815
2023-08-13 12:16:00,82.83,82.85,82.85,82.83,10.32438925
2023-08-13 12:15:00,82.84,82.85,82.85,82.84,9.47647956
2023-08-13 12:14:00,82.83,82.86,82.85,82.83,16.80966218
2023-08-13 12:13:00,82.85,82.86,82.86,82.86,2.67863573
2023-08-13 12:12:00,82.85,82.86,82.85,82.86,0.80748039
2023-08-13 12:11:00,82.86,82.86,82.86,82.86,2.48471858
2023-08-13 12:10:00,82.84,82.86,82.86,82.86,10.05577162
2023-08-13 12:09:00,82.86,82.87,82.87,82.87,3.38573508
2023-08-13 12:08:00,82.87,82.89,82.87,82.87,30.07725694
2023-08-13 12:07:00,82.87,82.88,82.88,82.87,5.41347474
2023-08-13 12:06:00,82.86,82.88,82.86,82.88,10.2388386
2023-08-13 12:05:00,82.84,82.87,82.87,82.87,32.71328589
2023-08-13 12:04:00,82.86,82.91,82.88,82.87,93.64119463
2023-08-13 12:03:00,82.88,82.89,82.88,82.89,10.9941164
2023-08-13 12:02:00,82.88,82.89,82.89,82.89,7.12710566
2023-08-13 12:01:00,82.88,82.89,82.88,82.89,0.96828883
2023-08-13 12:00:00,82.87,82.91,82.9,82.9,16.17002354
2023-08-13 11:59:00,82.89,82.92,82.92,82.89,5.13922504
2023-08-13 11:58:00,82.92,82.93,82.93,82.93,2.73340086
2023-08-13 11:57:00,82.92,82.95,82.95,82.92,3.18763321
2023-08-13 11:56:00,82.94,82.95,82.94,82.94,9.32039802
2023-08-13 11:55:00,82.93,82.96,82.95,82.94,45.50022999
2023-08-13 11:54:00,82.95,82.96,82.96,82.95,10.27949049
2023-08-13 11:53:00,82.9,82.97,82.9,82.95,103.31285512
2023-08-13 11:52:00,82.86,82.91,82.87,82.9,78.20344167
2023-08-13 11:51:00,82.86,82.87,82.86,82.87,3.78565907
2023-08-13 11:50:00,82.86,82.89,82.89,82.87,16.96817716
2023-08-13 21:50:00,82.83,82.85,82.84,82.85,19.47851725
2023-08-13 21:49:00,82.84,82.85,82.85,82.85,13.66201992
2023-08-13 21:48:00,82.84,82.85,82.85,82.85,15.02824024
2023-08-13 21:47:00,82.84,82.85,82.85,82.85,8.12098517
2023-08-13 21:46:00,82.84,82.85,82.85,82.85,8.05857048
2023-08-13 21:45:00,82.82,82.85,82.83,82.85,42.89716449
2023-08-13 21:44:00,82.81,82.86,82.86,82.83,228.39771212
2023-08-13 21:43:00,82.85,82.88,82.88,82.86,25.93756918
2023-08-13 21:42:00,82.84,82.88,82.85,82.88,27.54367211
2023-08-13 21:41:00,82.83,82.86,82.85,82.85,3.74077698
2023-08-13 21:40:00,82.83,82.86,82.85,82.85,25.88202473
2023-08-13 21:39:00,82.84,82.93,82.93,82.85,95.71529773
2023-08-13 21:38:00,82.92,82.94,82.94,82.94,9.52594699
2023-08-13 21:37:00,82.92,82.94,82.93,82.93,3.93560983
2023-08-13 21:36:00,82.93,82.95,82.95,82.94,48.43109624
2023-08-13 21:35:00,82.93,82.95,82.94,82.93,12.82212368
2023-08-13 21:34:00,82.93,82.97,82.97,82.94,22.5791552
2023-08-13 21:33:00,82.96,82.98,82.97,82.97,28.29431394
2023-08-13 21:32:00,82.95,82.99,82.98,82.97,24.89289072
2023-08-13 21:31:00,82.97,83.02,83.0,82.98,54.48803955
2023-08-13 21:30:00,83.0,83.01,83.0,83.01,42.96299534
2023-08-13 21:29:00,82.96,83.02,82.98,83.0,63.22840574
2023-08-13 21:28:00,82.97,83.01,83.01,82.97,37.26566706
2023-08-13 21:27:00,83.02,83.04,83.04,83.03,162.30957086
2023-08-13 21:26:00,83.04,83.06,83.06,83.05,20.34381866
2023-08-13 21:25:00,83.04,83.07,83.05,83.06,18.17466837
2023-08-13 21:24:00,83.05,83.07,83.06,83.06,15.29080945
2023-08-13 21:23:00,83.05,83.07,83.06,83.07,11.46534521
2023-08-13 21:22:00,83.05,83.07,83.06,83.06,9.81272017
2023-08-13 21:21:00,83.04,83.06,83.05,83.05,24.6101485
2023-08-13 21:20:00,83.04,83.07,83.06,83.04,23.46388401
2023-08-13 21:19:00,83.03,83.07,83.05,83.07,7.90452123
2023-08-13 21:18:00,83.04,83.07,83.06,83.05,10.02094636
2023-08-13 21:17:00,83.05,83.07,83.07,83.07,95.46658462
2023-08-13 21:16:00,83.06,83.08,83.07,83.07,43.05763918
2023-08-13 21:15:00,83.05,83.07,83.07,83.07,13.47608546
2023-08-13 21:14:00,83.06,83.08,83.06,83.06,14.88225678
2023-08-13 21:13:00,83.06,83.07,83.07,83.07,16.78020984
2023-08-13 21:12:00,83.05,83.07,83.05,83.06,19.50801823
2023-08-13 21:11:00,83.05,83.08,83.07,83.06,11.65584055
2023-08-13 21:10:00,83.07,83.09,83.09,83.07,43.68083908
2023-08-13 21:09:00,83.07,83.09,83.09,83.09,52.39284735
2023-08-13 21:08:00,83.07,83.09,83.07,83.09,12.29405726
2023-08-13 21:07:00,83.07,83.08,83.08,83.08,4.77231573
2023-08-13 21:06:00,83.06,83.09,83.09,83.07,40.58801159
2023-08-13 21:05:00,83.08,83.09,83.09,83.09,7.37432054
2023-08-13 21:04:00,83.07,83.1,83.1,83.09,6.89139723
2023-08-13 21:03:00,83.1,83.12,83.12,83.1,13.99976452
2023-08-13 21:02:00,83.1,83.12,83.12,83.1,17.12053544
2023-08-13 21:01:00,83.1,83.12,83.1,83.12,8.80376363
2023-08-13 21:00:00,83.1,83.12,83.12,83.11,25.33342124
2023-08-13 20:59:00,83.11,83.13,83.13,83.12,16.51749708
2023-08-13 20:58:00,83.12,83.13,83.13,83.13,7.73581578
2023-08-13 20:57:00,83.08,83.15,83.14,83.13,670.43403121
2023-08-13 20:56:00,83.13,83.15,83.15,83.14,11.95077955
2023-08-13 20:55:00,83.14,83.17,83.16,83.15,37.9020846
2023-08-13 20:54:00,83.16,83.18,83.17,83.16,37.20825119
2023-08-13 20:53:00,83.17,83.18,83.17,83.18,9.23393718
2023-08-13 20:52:00,83.17,83.18,83.17,83.18,48.50844762
2023-08-13 20:51:00,83.14,83.17,83.14,83.17,18.62807657
2023-08-13 20:50:00,83.14,83.16,83.15,83.15,29.41337902
2023-08-13 20:49:00,83.14,83.16,83.15,83.15,16.77714799
2023-08-13 20:48:00,83.14,83.15,83.15,83.15,12.9385312
2023-08-13 20:47:00,83.14,83.16,83.15,83.16,24.0035569
2023-08-13 20:46:00,83.14,83.15,83.15,83.15,16.71020092
2023-08-13 20:45:00,83.15,83.15,83.15,83.15,5.75086776
2023-08-13 20:44:00,83.15,83.17,83.17,83.15,3.30960241
2023-08-13 20:43:00,83.16,83.17,83.17,83.17,16.55360287
2023-08-13 20:42:00,83.16,83.17,83.17,83.16,7.40103296
2023-08-13 20:41:00,83.16,83.17,83.17,83.16,9.97135845
2023-08-13 20:40:00,83.17,83.18,83.18,83.17,4.08892202
2023-08-13 20:39:00,83.16,83.17,83.17,83.17,19.02183585
2023-08-13 20:38:00,83.16,83.18,83.17,83.17,11.17957431
2023-08-13 20:37:00,83.15,83.16,83.15,83.16,9.03377383
2023-08-13 20:36:00,83.15,83.17,83.17,83.16,67.68360379
2023-08-13 20:35:00,83.17,83.2,83.2,83.17,85.97965971
2023-08-13 20:34:00,83.19,83.22,83.2,83.22,11.56765771
2023-08-13 20:33:00,83.18,83.21,83.19,83.2,18.95517288
2023-08-13 20:32:00,83.17,83.19,83.17,83.19,19.72691709
2023-08-13 20:31:00,83.12,83.19,83.13,83.17,39.95408654
2023-08-13 20:30:00,83.13,83.16,83.16,83.13,27.93302666
2023-08-13 20:29:00,83.14,83.16,83.16,83.15,28.95688253
2023-08-13 20:28:00,83.14,83.19,83.18,83.15,55.61791284
2023-08-13 20:27:00,83.15,83.19,83.15,83.17,59.34814743
2023-08-13 20:26:00,83.15,83.16,83.15,83.16,19.25773474
2023-08-13 20:25:00,83.13,83.16,83.15,83.16,16.85522475
2023-08-13 20:24:00,83.15,83.18,83.18,83.16,10.71841419
2023-08-13 20:23:00,83.18,83.2,83.19,83.19,23.14048987
2023-08-13 20:22:00,83.17,83.19,83.19,83.19,19.05878836
2023-08-13 20:21:00,83.15,83.19,83.17,83.19,112.99961365
2023-08-13 20:20:00,83.15,83.18,83.18,83.17,65.94485998
2023-08-13 20:19:00,83.17,83.2,83.19,83.19,108.33005766
2023-08-13 20:18:00,83.18,83.2,83.19,83.19,18.34200735
2023-08-13 20:17:00,83.18,83.2,83.2,83.19,18.03652285
2023-08-13 20:16:00,83.18,83.2,83.19,83.2,27.95507267
2023-08-13 20:15:00,83.19,83.2,83.19,83.2,8.29566306
2023-08-13 20:14:00,83.17,83.18,83.18,83.18,29.30015435
2023-08-13 20:13:00,83.17,83.19,83.19,83.18,7.36133005
2023-08-13 20:12:00,83.18,83.21,83.21,83.19,50.58427968
2023-08-13 20:11:00,83.21,83.27,83.27,83.21,123.90502806
2023-08-13 20:10:00,83.25,83.27,83.25,83.27,8.14333532
2023-08-13 20:09:00,83.25,83.27,83.26,83.25,23.09118981
2023-08-13 20:08:00,83.24,83.28,83.28,83.27,38.64686539
2023-08-13 20:07:00,83.26,83.29,83.27,83.29,49.62187934
2023-08-13 20:06:00,83.26,83.28,83.28,83.28,4.53839871
2023-08-13 20:05:00,83.26,83.31,83.3,83.28,8.15844633
2023-08-13 20:04:00,83.3,83.33,83.33,83.31,12.10502935
2023-08-13 20:03:00,83.32,83.35,83.32,83.33,38.15428984
2023-08-13 20:02:00,83.29,83.33,83.29,83.32,68.23851859
2023-08-13 20:01:00,83.29,83.3,83.3,83.3,24.64700533
2023-08-13 20:00:00,83.28,83.32,83.31,83.3,48.70426511
2023-08-13 19:59:00,83.25,83.31,83.26,83.31,47.79529299
2023-08-13 19:58:00,83.25,83.27,83.27,83.25,93.69044598
2023-08-13 19:57:00,83.24,83.27,83.25,83.27,77.1698714
2023-08-13 19:56:00,83.24,83.3,83.3,83.24,13.17981245
2023-08-13 19:55:00,83.29,83.32,83.31,83.3,79.33217184
2023-08-13 19:54:00,83.31,83.35,83.33,83.31,10.15556456
2023-08-13 19:53:00,83.32,83.36,83.33,83.34,35.87857018
2023-08-13 19:52:00,83.31,83.35,83.32,83.33,52.09103917
2023-08-13 19:51:00,83.3,83.32,83.3,83.31,49.25511125
2023-08-13 19:50:00,83.28,83.32,83.32,83.3,82.74352961
2023-08-13 19:49:00,83.32,83.35,83.34,83.33,28.4741358
2023-08-13 19:48:00,83.32,83.34,83.32,83.34,59.93695979
2023-08-13 19:47:00,83.3,83.32,83.3,83.32,27.25219011
2023-08-13 19:46:00,83.28,83.32,83.32,83.3,84.50141431
2023-08-13 19:45:00,83.31,83.43,83.41,83.31,322.19094167
2023-08-13 19:44:00,83.39,83.41,83.4,83.39,11.98988429
2023-08-13 19:43:00,83.37,83.41,83.37,83.4,18.04518476
2023-08-13 19:42:00,83.36,83.38,83.37,83.38,20.20061414
2023-08-13 19:41:00,83.37,83.38,83.38,83.37,28.07477793
2023-08-13 19:40:00,83.36,83.38,83.38,83.38,20.85755617
2023-08-13 19:39:00,83.37,83.38,83.38,83.38,19.78132706
2023-08-13 19:38:00,83.3,83.38,83.31,83.37,56.27207217
2023-08-13 19:37:00,83.3,83.35,83.35,83.3,101.45313672
2023-08-13 19:36:00,83.34,83.36,83.36,83.35,21.90772653
2023-08-13 19:35:00,83.36,83.38,83.37,83.36,23.05814245
2023-08-13 19:34:00,83.35,83.37,83.36,83.37,25.84908589
2023-08-13 19:33:00,83.35,83.36,83.36,83.36,26.02818654
2023-08-13 19:32:00,83.34,83.37,83.36,83.35,10.077909
2023-08-13 19:31:00,83.34,83.38,83.38,83.36,25.42400564
2023-08-13 19:30:00,83.35,83.38,83.35,83.36,19.01741686
2023-08-13 19:29:00,83.35,83.37,83.37,83.37,17.22640866
2023-08-13 19:28:00,83.36,83.37,83.36,83.37,20.034246
2023-08-13 19:27:00,83.35,83.39,83.39,83.35,205.81788454
2023-08-13 19:26:00,83.38,83.4,83.4,83.39,20.73955905
2023-08-13 19:25:00,83.39,83.41,83.4,83.4,25.39272574
2023-08-13 19:24:00,83.39,83.41,83.4,83.39,3.47374392
2023-08-13 19:23:00,83.36,83.4,83.37,83.4,58.12872524
2023-08-13 19:22:00,83.32,83.37,83.32,83.37,120.90643745
2023-08-13 19:21:00,83.27,83.31,83.27,83.31,283.37014746
2023-08-13 19:20:00,83.25,83.28,83.25,83.27,81.85931079
2023-08-13 19:19:00,83.24,83.25,83.25,83.25,8.95041473
2023-08-13 19:18:00,83.23,83.25,83.24,83.25,18.09948608
2023-08-13 19:17:00,83.22,83.25,83.25,83.24,3.86811555
2023-08-13 19:16:00,83.24,83.28,83.28,83.25,25.20004241
2023-08-13 19:15:00,83.26,83.3,83.26,83.27,18.22696469
2023-08-13 19:14:00,83.25,83.27,83.25,83.26,16.9615566
2023-08-13 19:13:00,83.25,83.27,83.26,83.26,222.10620504
2023-08-13 19:12:00,83.23,83.25,83.24,83.25,71.4079547
2023-08-13 19:11:00,83.23,83.25,83.25,83.24,16.19304765
2023-08-13 19:10:00,83.24,83.25,83.24,83.24,68.12786978
2023-08-13 19:09:00,83.23,83.24,83.23,83.24,14.6163081
2023-08-13 19:08:00,83.23,83.24,83.23,83.23,19.61280242
2023-08-13 19:07:00,83.23,83.27,83.27,83.24,8.80504932
2023-08-13 19:06:00,83.27,83.33,83.32,83.27,49.16010996
2023-08-13 19:05:00,83.31,83.33,83.33,83.32,6.05443474
2023-08-13 19:04:00,83.33,83.33,83.33,83.33,9.52452155
2023-08-13 19:03:00,83.31,83.33,83.32,83.33,8.77265669
2023-08-13 19:02:00,83.29,83.33,83.29,83.32,204.9561457
2023-08-13 19:01:00,83.29,83.32,83.29,83.3,38.0568715
2023-08-13 19:00:00,83.24,83.29,83.24,83.28,23.13127915
2023-08-13 18:59:00,83.22,83.25,83.23,83.23,20.54118237
2023-08-13 18:58:00,83.22,83.24,83.23,83.23,17.21126123
2023-08-13 18:57:00,83.23,83.26,83.26,83.24,36.81145675
2023-08-13 18:56:00,83.24,83.27,83.27,83.24,16.04130594
2023-08-13 18:55:00,83.25,83.27,83.25,83.27,6.58797248
2023-08-13 18:54:00,83.25,83.27,83.26,83.27,17.02871792
2023-08-13 18:53:00,83.25,83.27,83.25,83.27,20.78610268
2023-08-13 18:52:00,83.27,83.28,83.27,83.27,2.4145479
2023-08-13 18:51:00,83.27,83.28,83.27,83.28,50.43601073
2023-08-13 18:50:00,83.24,83.26,83.24,83.26,28.20870047
2023-08-13 18:49:00,83.23,83.24,83.23,83.24,4.19796731
2023-08-13 18:48:00,83.22,83.23,83.22,83.23,7.64919089
2023-08-13 18:47:00,83.21,83.27,83.26,83.22,162.32926917
2023-08-13 18:46:00,83.25,83.27,83.26,83.27,40.1595231
2023-08-13 18:45:00,83.25,83.28,83.27,83.26,275.49185399
2023-08-13 18:44:00,83.24,83.28,83.26,83.28,89.96190713
2023-08-13 18:43:00,83.23,83.25,83.24,83.25,47.16116188
2023-08-13 18:42:00,83.22,83.24,83.22,83.24,59.79527361
2023-08-13 18:41:00,83.2,83.22,83.2,83.22,45.44413239
2023-08-13 18:40:00,83.2,83.21,83.2,83.2,15.17758483
2023-08-13 18:39:00,83.19,83.21,83.21,83.2,20.58784583
2023-08-13 18:38:00,83.19,83.22,83.22,83.21,325.27082855
2023-08-13 18:37:00,83.21,83.22,83.22,83.22,7.85841387
2023-08-13 18:36:00,83.2,83.22,83.21,83.22,26.34023642
2023-08-13 18:35:00,83.19,83.21,83.21,83.19,17.29594786
2023-08-13 18:34:00,83.2,83.21,83.21,83.21,348.86945372
2023-08-13 18:33:00,83.2,83.21,83.21,83.21,10.28094435
2023-08-13 18:32:00,83.2,83.22,83.21,83.22,7.12883148
2023-08-13 18:31:00,83.2,83.22,83.21,83.2,17.22586106
2023-08-13 18:30:00,83.19,83.21,83.2,83.21,17.22767171
2023-08-13 18:29:00,83.17,83.19,83.18,83.19,22.23926791
2023-08-13 18:28:00,83.16,83.18,83.17,83.18,12.93924105
2023-08-13 18:27:00,83.13,83.18,83.13,83.18,15.86906946
2023-08-13 18:26:00,83.12,83.13,83.13,83.13,11.28047107
2023-08-13 18:25:00,83.12,83.15,83.15,83.13,13.27143004
2023-08-13 18:24:00,83.14,83.15,83.15,83.14,7.47244962
2023-08-13 18:23:00,83.14,83.15,83.15,83.15,4.92104702
2023-08-13 18:22:00,83.14,83.15,83.15,83.15,11.16398659
2023-08-13 18:21:00,83.14,83.16,83.15,83.15,9.66415323
2023-08-13 18:20:00,83.14,83.16,83.15,83.16,12.70227251
2023-08-13 18:19:00,83.14,83.21,83.19,83.14,60.83563441
2023-08-13 18:18:00,83.18,83.21,83.19,83.21,36.4396769
2023-08-13 18:17:00,83.18,83.22,83.22,83.18,67.79611322
2023-08-13 18:16:00,83.18,83.21,83.2,83.21,13.05990197
2023-08-13 18:15:00,83.18,83.2,83.19,83.19,5.88513355
2023-08-13 18:14:00,83.17,83.2,83.18,83.17,121.84197174
2023-08-13 18:13:00,83.13,83.18,83.15,83.16,11.33970795
2023-08-13 18:12:00,83.15,83.15,83.15,83.15,52.70527915
2023-08-13 18:11:00,83.14,83.15,83.15,83.14,38.49386595
2023-08-13 18:10:00,83.13,83.15,83.15,83.15,27.94902611
2023-08-13 18:09:00,83.13,83.15,83.14,83.15,25.80010885
2023-08-13 18:08:00,83.11,83.14,83.11,83.14,20.97024166
2023-08-13 18:07:00,83.11,83.13,83.12,83.12,7.94821726
2023-08-13 18:06:00,83.11,83.13,83.13,83.13,5.70443429
2023-08-13 18:05:00,83.11,83.13,83.11,83.13,42.96223519
2023-08-13 18:04:00,83.11,83.13,83.12,83.13,8.91388059
2023-08-13 18:03:00,83.12,83.13,83.13,83.12,35.04921684
2023-08-13 18:02:00,83.11,83.13,83.13,83.11,33.08052156
2023-08-13 18:01:00,83.11,83.14,83.11,83.12,51.91027768
2023-08-13 18:00:00,83.11,83.13,83.13,83.11,14.09368939
2023-08-13 17:59:00,83.1,83.13,83.11,83.13,7.48278522
2023-08-13 17:58:00,83.11,83.12,83.12,83.11,4.11334298
2023-08-13 17:57:00,83.1,83.11,83.1,83.11,12.01617546
2023-08-13 17:56:00,83.1,83.13,83.13,83.11,22.27433351
2023-08-13 17:55:00,83.09,83.12,83.12,83.12,123.6711982
2023-08-13 17:54:00,83.08,83.12,83.09,83.12,261.69209119
2023-08-13 17:53:00,83.07,83.09,83.09,83.07,15.54086386
2023-08-13 17:52:00,83.08,83.1,83.1,83.08,6.76824785
2023-08-13 17:51:00,83.06,83.09,83.07,83.09,48.84644347
2023-08-13 17:50:00,83.05,83.08,83.06,83.07,58.72092355
2023-08-13 17:49:00,83.02,83.06,83.03,83.06,62.21342942
2023-08-13 17:48:00,83.01,83.04,83.04,83.02,36.81696518
2023-08-13 17:47:00,83.02,83.04,83.03,83.03,23.80646753
2023-08-13 17:46:00,83.02,83.04,83.04,83.04,28.39776973
2023-08-13 17:45:00,83.04,83.08,83.08,83.04,115.57766445
2023-08-13 17:44:00,83.07,83.08,83.07,83.08,15.62432381
2023-08-13 17:43:00,83.06,83.08,83.07,83.07,16.28789319
2023-08-13 17:42:00,83.05,83.07,83.07,83.07,47.53418004
2023-08-13 17:41:00,83.06,83.07,83.07,83.07,28.4686661
2023-08-13 17:40:00,83.05,83.08,83.05,83.07,217.84505144
2023-08-13 17:39:00,83.04,83.06,83.06,83.06,9.60997269
2023-08-13 17:38:00,83.05,83.08,83.08,83.06,8.03171036
2023-08-13 17:37:00,83.05,83.08,83.07,83.08,16.23246569
2023-08-13 17:36:00,83.05,83.08,83.08,83.05,12.24365729
2023-08-13 17:35:00,83.06,83.08,83.08,83.08,41.16442163
2023-08-13 17:34:00,83.06,83.08,83.07,83.07,44.77147527
2023-08-13 17:33:00,83.06,83.08,83.07,83.07,6.2705227
2023-08-13 17:32:00,83.05,83.08,83.06,83.08,20.35884848
2023-08-13 17:31:00,83.05,83.08,83.05,83.08,17.57006763
2023-08-13 17:30:00,83.05,83.08,83.05,83.07,17.70992496
2023-08-13 17:29:00,83.04,83.08,83.06,83.06,8.5849181
2023-08-13 17:28:00,83.04,83.07,83.04,83.06,33.8453166
2023-08-13 17:27:00,83.04,83.06,83.04,83.06,4.3141005
2023-08-13 17:26:00,83.04,83.06,83.05,83.04,26.99206684
2023-08-13 17:25:00,83.04,83.06,83.05,83.04,45.39105679
2023-08-13 17:24:00,83.02,83.05,83.03,83.05,6.95786923
2023-08-13 17:23:00,83.01,83.05,83.01,83.02,52.60840134
2023-08-13 17:22:00,83.01,83.05,83.01,83.04,2.54005341
2023-08-13 17:21:00,83.01,83.02,83.01,83.02,0.74860245
2023-08-13 17:20:00,83.01,83.02,83.02,83.02,38.72161463
2023-08-13 17:19:00,83.01,83.04,83.03,83.01,46.20300473
2023-08-13 17:18:00,82.98,83.02,82.99,83.02,29.344641
2023-08-13 17:17:00,82.97,82.99,82.99,82.99,12.1112053
2023-08-13 17:16:00,82.99,83.0,82.99,83.0,5.18503555
2023-08-13 17:15:00,82.95,82.99,82.95,82.99,35.46206975
2023-08-13 17:14:00,82.93,82.96,82.93,82.96,5.32514701
2023-08-13 17:13:00,82.92,82.94,82.94,82.93,22.72989933
2023-08-13 17:12:00,82.92,82.96,82.95,82.94,56.55011446
2023-08-13 17:11:00,82.95,82.97,82.96,82.97,12.57757772
2023-08-13 17:10:00,82.94,82.97,82.95,82.96,31.83816188
2023-08-13 17:09:00,82.92,82.95,82.95,82.93,17.94694199
2023-08-13 17:08:00,82.91,82.95,82.92,82.94,19.41627724
2023-08-13 17:07:00,82.9,82.93,82.91,82.93,18.01207737
2023-08-13 17:06:00,82.9,82.92,82.92,82.9,11.41410612
2023-08-13 17:05:00,82.92,82.95,82.95,82.93,8.73810579
2023-08-13 17:04:00,82.94,82.95,82.94,82.94,16.97676957
2023-08-13 17:03:00,82.9,82.95,82.9,82.94,32.23770541
2023-08-13 17:02:00,82.9,82.92,82.92,82.92,27.61892642
2023-08-13 17:01:00,82.9,82.92,82.92,82.92,11.34562337
2023-08-13 17:00:00,82.9,82.92,82.9,82.92,36.55683299
2023-08-13 16:59:00,82.9,82.93,82.92,82.9,3.57849004
2023-08-13 16:58:00,82.91,82.93,82.91,82.91,83.56615788
2023-08-13 16:57:00,82.9,82.92,82.91,82.92,19.34344166
2023-08-13 16:56:00,82.91,82.94,82.92,82.91,24.072206
2023-08-13 16:55:00,82.89,82.91,82.9,82.9,5.40113154
2023-08-13 16:54:00,82.85,82.9,82.85,82.9,8.93549171
2023-08-13 16:53:00,82.82,82.85,82.82,82.85,26.43254688
2023-08-13 16:52:00,82.83,82.86,82.86,82.83,12.06023792
2023-08-13 16:51:00,82.84,82.87,82.87,82.85,7.60252491
2023-08-13 16:50:00,82.85,82.91,82.9,82.87,6.38209056
2023-08-14 02:50:00,82.05,82.08,82.07,82.07,25.51826596
2023-08-14 02:49:00,82.08,82.15,82.14,82.09,21.15835496
2023-08-14 02:48:00,82.06,82.14,82.07,82.14,48.75178462
2023-08-14 02:47:00,82.04,82.09,82.05,82.07,30.48770341
2023-08-14 02:46:00,82.03,82.09,82.04,82.09,118.38380954
2023-08-14 02:45:00,82.01,82.18,82.15,82.02,220.07007431
2023-08-14 02:44:00,82.11,82.15,82.11,82.15,206.1144094
2023-08-14 02:43:00,82.02,82.13,82.12,82.11,464.58190499
2023-08-14 02:42:00,82.07,82.11,82.07,82.11,95.46454373
2023-08-14 02:41:00,82.03,82.07,82.04,82.07,83.03845523
2023-08-14 02:40:00,81.96,82.04,82.04,82.02,126.91806416
2023-08-14 02:39:00,82.01,82.04,82.02,82.02,69.29559027
2023-08-14 02:38:00,81.93,82.02,81.96,82.02,66.54313204
2023-08-14 02:37:00,81.9,81.95,81.95,81.95,38.00639209
2023-08-14 02:36:00,81.94,81.97,81.96,81.95,32.63007609
2023-08-14 02:35:00,81.9,81.97,81.9,81.96,109.41419466
2023-08-14 02:34:00,81.83,81.91,81.83,81.9,73.01257476
2023-08-14 02:33:00,81.83,81.86,81.84,81.84,248.73469348
2023-08-14 02:32:00,81.83,81.86,81.83,81.86,10.92639764
2023-08-14 02:31:00,81.78,81.81,81.81,81.8,33.89714308
2023-08-14 02:30:00,81.79,81.83,81.82,81.79,160.76560358
2023-08-14 02:29:00,81.78,81.83,81.8,81.83,90.19248925
2023-08-14 02:28:00,81.78,81.81,81.78,81.78,133.92972662
2023-08-14 02:27:00,81.75,81.78,81.75,81.77,30.66757466
2023-08-14 02:26:00,81.73,81.77,81.75,81.76,6.76873224
2023-08-14 02:25:00,81.69,81.76,81.69,81.75,26.28033394
2023-08-14 02:24:00,81.66,81.73,81.66,81.73,41.44759672
2023-08-14 02:23:00,81.62,81.66,81.63,81.64,3.70428109
2023-08-14 02:22:00,81.6,81.72,81.72,81.64,63.64584612
2023-08-14 02:21:00,81.43,81.72,81.43,81.7,617.74835027
2023-08-14 02:20:00,81.5,81.75,81.75,81.51,187.10555708
2023-08-14 02:19:00,81.72,81.76,81.74,81.74,39.24682509
2023-08-14 02:18:00,81.7,81.77,81.74,81.72,670.51578431
2023-08-14 02:17:00,81.62,81.73,81.64,81.73,87.76374082
2023-08-14 02:16:00,81.6,81.66,81.6,81.64,8.98355419
2023-08-14 02:15:00,81.55,81.66,81.56,81.64,54.59151461
2023-08-14 02:14:00,81.58,81.71,81.69,81.58,30.54853593
2023-08-14 02:13:00,81.69,81.74,81.71,81.74,20.64414598
2023-08-14 02:12:00,81.64,81.77,81.73,81.7,235.15184214
2023-08-14 02:11:00,81.72,81.8,81.8,81.74,28.88351327
2023-08-14 02:10:00,81.79,81.84,81.84,81.82,32.89559603
2023-08-14 02:09:00,81.86,81.9,81.88,81.86,47.21882418
2023-08-14 02:08:00,81.86,81.91,81.89,81.86,52.32635346
2023-08-14 02:07:00,81.89,82.0,81.98,81.89,59.5737771
2023-08-14 02:06:00,81.85,81.98,81.92,81.96,410.98066638
2023-08-14 02:05:00,81.95,82.03,82.01,81.95,412.90909653
2023-08-14 02:04:00,82.02,82.06,82.05,82.04,7.69995609
2023-08-14 02:03:00,82.05,82.07,82.07,82.05,10.98206813
2023-08-14 02:02:00,82.02,82.11,82.02,82.07,194.14364549
2023-08-14 02:01:00,81.98,82.03,82.01,82.02,114.75513378
2023-08-14 02:00:00,82.0,82.02,82.02,82.01,48.71252673
2023-08-14 01:59:00,82.01,82.03,82.01,82.03,4.28614235
2023-08-14 01:58:00,82.0,82.02,82.02,82.0,23.39032553
2023-08-14 01:57:00,81.99,82.04,81.99,82.04,347.86082321
2023-08-14 01:56:00,81.97,82.02,81.97,81.99,30.72965461
2023-08-14 01:55:00,81.93,82.0,81.99,81.97,77.10483871
2023-08-14 01:54:00,82.01,82.06,82.06,82.01,15.40248221
2023-08-14 01:53:00,82.0,82.04,82.0,82.03,24.13685079
2023-08-14 01:52:00,82.0,82.07,82.02,82.01,39.83483592
2023-08-14 01:51:00,81.97,82.02,81.99,82.02,44.08527983
2023-08-14 01:50:00,81.98,82.02,81.98,81.99,86.34715813
2023-08-14 01:49:00,81.96,82.02,82.02,81.97,218.55677435
2023-08-14 01:48:00,82.01,82.13,82.13,82.01,132.51487875
2023-08-14 01:47:00,82.1,82.15,82.15,82.13,14.48876992
2023-08-14 01:46:00,82.12,82.13,82.13,82.13,10.58881142
2023-08-14 01:45:00,82.12,82.14,82.14,82.13,2.72719389
2023-08-14 01:44:00,82.13,82.18,82.16,82.13,55.03368484
2023-08-14 01:43:00,82.14,82.17,82.16,82.15,22.61069164
2023-08-14 01:42:00,82.1,82.17,82.1,82.14,7.31958961
2023-08-14 01:41:00,82.05,82.12,82.05,82.11,46.11270391
2023-08-14 01:40:00,82.03,82.06,82.06,82.06,22.79426428
2023-08-14 01:39:00,82.08,82.12,82.09,82.09,15.00998559
2023-08-14 01:38:00,82.05,82.11,82.05,82.1,50.07643357
2023-08-14 01:37:00,82.0,82.05,82.05,82.05,82.73212692
2023-08-14 01:36:00,82.05,82.08,82.05,82.06,7.39205722
2023-08-14 01:35:00,82.01,82.05,82.01,82.04,39.57831949
2023-08-14 01:34:00,82.02,82.08,82.06,82.02,110.18358098
2023-08-14 01:33:00,82.05,82.09,82.05,82.06,13.55498655
2023-08-14 01:32:00,82.05,82.06,82.06,82.05,42.58456494
2023-08-14 01:31:00,82.03,82.07,82.05,82.04,88.98931873
2023-08-14 01:30:00,82.0,82.06,82.0,82.06,32.06415855
2023-08-14 01:29:00,82.01,82.05,82.04,82.01,57.72765594
2023-08-14 01:28:00,82.02,82.06,82.05,82.04,27.11049472
2023-08-14 01:27:00,82.04,82.08,82.08,82.05,3.98625126
2023-08-14 01:26:00,82.09,82.11,82.11,82.1,48.65622194
2023-08-14 01:25:00,82.07,82.1,82.09,82.1,12.27135828
2023-08-14 01:24:00,82.06,82.09,82.06,82.09,29.94231702
2023-08-14 01:23:00,82.05,82.06,82.05,82.06,9.57958047
2023-08-14 01:22:00,82.02,82.08,82.07,82.03,5.47524166
2023-08-14 01:21:00,82.05,82.08,82.05,82.07,10.97555994
2023-08-14 01:20:00,82.07,82.11,82.11,82.07,79.72825376
2023-08-14 01:19:00,82.1,82.15,82.15,82.1,20.16956761
2023-08-14 01:18:00,82.11,82.15,82.13,82.14,66.50792351
2023-08-14 01:17:00,82.12,82.15,82.12,82.14,90.00691902
2023-08-14 01:16:00,82.09,82.14,82.14,82.12,161.02826199
2023-08-14 01:15:00,82.14,82.16,82.15,82.14,28.49196121
2023-08-14 01:14:00,82.14,82.16,82.16,82.15,4.8159191
2023-08-14 01:13:00,82.12,82.16,82.15,82.16,105.13738948
2023-08-14 01:12:00,82.13,82.16,82.13,82.16,16.29766777
2023-08-14 01:11:00,82.1,82.14,82.11,82.12,34.21505086
2023-08-14 01:10:00,82.08,82.11,82.09,82.11,11.17149425
2023-08-14 01:09:00,82.08,82.1,82.1,82.1,12.35867087
2023-08-14 01:08:00,82.08,82.1,82.09,82.1,10.4578027
2023-08-14 01:07:00,82.08,82.1,82.09,82.09,26.81631343
2023-08-14 01:06:00,82.06,82.09,82.07,82.09,72.52387016
2023-08-14 01:05:00,82.06,82.1,82.06,82.06,270.71063655
2023-08-14 01:04:00,82.04,82.08,82.05,82.08,12.99697808
2023-08-14 01:03:00,82.04,82.06,82.06,82.04,32.59830856
2023-08-14 01:02:00,82.01,82.05,82.01,82.05,24.75724482
2023-08-14 01:01:00,81.93,82.0,81.95,82.0,21.90829428
2023-08-14 01:00:00,81.98,82.02,82.0,81.98,34.69733581
2023-08-14 00:59:00,81.99,82.01,82.0,82.0,1.27912869
2023-08-14 00:58:00,81.95,82.0,81.99,82.0,27.29018428
2023-08-14 00:57:00,81.95,81.99,81.96,81.99,5.47973795
2023-08-14 00:56:00,81.91,81.97,81.97,81.96,141.82808767
2023-08-14 00:55:00,81.93,81.98,81.97,81.94,55.29747817
2023-08-14 00:54:00,81.95,82.0,82.0,81.96,17.56348502
2023-08-14 00:53:00,81.99,82.06,82.03,81.99,126.63117326
2023-08-14 00:52:00,81.98,82.04,81.99,82.03,19.89066655
2023-08-14 00:51:00,81.95,81.99,81.99,81.99,30.33700732
2023-08-14 00:50:00,81.89,81.99,81.95,81.99,21.09610141
2023-08-14 00:49:00,81.87,81.94,81.87,81.94,68.76765511
2023-08-14 00:48:00,81.87,81.9,81.88,81.89,22.53844486
2023-08-14 00:47:00,81.89,81.93,81.91,81.9,16.42772539
2023-08-14 00:46:00,81.79,81.9,81.84,81.9,217.27929166
2023-08-14 00:45:00,81.82,81.86,81.86,81.85,94.28195795
2023-08-14 00:44:00,81.8,81.87,81.83,81.87,143.89226804
2023-08-14 00:43:00,81.82,81.85,81.84,81.84,32.76955834
2023-08-14 00:42:00,81.81,81.84,81.83,81.84,25.32389092
2023-08-14 00:41:00,81.8,81.85,81.82,81.84,97.64490744
2023-08-14 00:40:00,81.8,81.87,81.85,81.82,85.45774848
2023-08-14 00:39:00,81.85,81.87,81.86,81.86,17.06284668
2023-08-14 00:38:00,81.82,81.88,81.86,81.85,263.30880001
2023-08-14 00:37:00,81.86,81.92,81.92,81.86,42.43223327
2023-08-14 00:36:00,81.92,81.94,81.94,81.92,7.6978808
2023-08-14 00:35:00,81.91,81.99,81.99,81.94,63.43983673
2023-08-14 00:34:00,81.93,81.99,81.95,81.97,30.50819866
2023-08-14 00:33:00,81.93,82.0,81.97,81.97,22.32777814
2023-08-14 00:32:00,81.96,82.03,82.03,81.97,26.66682637
2023-08-14 00:31:00,82.02,82.04,82.03,82.03,15.89423468
2023-08-14 00:30:00,82.02,82.04,82.04,82.03,33.4882378
2023-08-14 00:29:00,82.01,82.03,82.02,82.03,24.32587289
2023-08-14 00:28:00,82.01,82.03,82.01,82.03,24.40884187
2023-08-14 00:27:00,82.01,82.07,82.01,82.03,513.84032912
2023-08-14 00:26:00,81.97,82.01,81.98,82.01,59.68951014
2023-08-14 00:25:00,81.93,81.98,81.93,81.97,43.41532605
2023-08-14 00:24:00,81.89,81.92,81.9,81.92,20.7090099
2023-08-14 00:23:00,81.85,81.9,81.86,81.89,13.32735661
2023-08-14 00:22:00,81.85,81.87,81.86,81.87,8.8261525
2023-08-14 00:21:00,81.82,81.86,81.83,81.86,71.76017977
2023-08-14 00:20:00,81.84,81.89,81.88,81.84,190.05557067
2023-08-14 00:19:00,81.87,81.91,81.91,81.89,11.2854764
2023-08-14 00:18:00,81.87,81.91,81.88,81.91,23.46917794
2023-08-14 00:17:00,81.87,81.9,81.9,81.88,7.12068345
2023-08-14 00:16:00,81.88,81.94,81.94,81.9,11.84966719
2023-08-14 00:15:00,81.89,81.98,81.98,81.94,613.00871601
2023-08-14 00:14:00,81.96,81.99,81.96,81.99,114.90466045
2023-08-14 00:13:00,81.95,81.96,81.96,81.96,262.86519962
2023-08-14 00:12:00,81.93,81.95,81.94,81.95,13.82943106
2023-08-14 00:11:00,81.93,81.97,81.96,81.94,39.76388987
2023-08-14 00:10:00,81.94,81.97,81.94,81.97,10.36800609
2023-08-14 00:09:00,81.93,81.96,81.95,81.95,23.08353815
2023-08-14 00:08:00,81.9,81.92,81.91,81.92,6.34998013
2023-08-14 00:07:00,81.87,81.9,81.9,81.89,52.76172743
2023-08-14 00:06:00,81.91,81.95,81.94,81.91,9.69794357
2023-08-14 00:05:00,81.89,81.93,81.89,81.93,22.37069382
2023-08-14 00:04:00,81.84,81.88,81.84,81.88,5.63736399
2023-08-14 00:03:00,81.81,81.86,81.81,81.85,85.36541798
2023-08-14 00:02:00,81.81,81.86,81.84,81.81,104.77083318
2023-08-14 00:01:00,81.79,81.84,81.82,81.82,194.28906752
2023-08-14 00:00:00,81.8,81.86,81.85,81.84,56.63499748
2023-08-13 23:59:00,81.85,81.97,81.95,81.85,191.97914974
2023-08-13 23:58:00,81.94,81.96,81.94,81.95,10.74305614
2023-08-13 23:57:00,81.92,81.96,81.95,81.93,20.27078331
2023-08-13 23:56:00,81.93,81.94,81.94,81.93,15.98939153
2023-08-13 23:55:00,81.91,81.97,81.91,81.94,106.9512297
2023-08-13 23:54:00,81.89,81.91,81.91,81.89,19.4803639
2023-08-13 23:53:00,81.88,81.91,81.89,81.9,108.60682608
2023-08-13 23:52:00,81.88,81.91,81.91,81.88,17.24107227
2023-08-13 23:51:00,81.89,81.95,81.9,81.91,93.85151381
2023-08-13 23:50:00,81.9,81.9,81.9,81.9,4.4667702
2023-08-13 23:49:00,81.88,81.93,81.93,81.9,258.74219745
2023-08-13 23:48:00,81.91,81.92,81.91,81.91,6.78438743
2023-08-13 23:47:00,81.91,81.93,81.91,81.92,23.56353324
2023-08-13 23:46:00,81.92,81.93,81.92,81.92,33.03302652
2023-08-13 23:45:00,81.91,81.93,81.92,81.93,8.2837811
2023-08-13 23:44:00,81.92,81.93,81.93,81.93,3.46225021
2023-08-13 23:43:00,81.89,81.98,81.98,81.94,210.86315042
2023-08-13 23:42:00,81.98,82.03,82.02,81.98,58.38093121
2023-08-13 23:41:00,81.99,82.02,81.99,82.02,146.07224042
2023-08-13 23:40:00,81.92,81.97,81.93,81.97,49.80009475
2023-08-13 23:39:00,81.93,81.95,81.95,81.93,7.38539695
2023-08-13 23:38:00,81.93,81.95,81.94,81.95,30.73529281
2023-08-13 23:37:00,81.9,81.95,81.93,81.94,27.48152101
2023-08-13 23:36:00,81.92,81.95,81.92,81.95,49.78313901
2023-08-13 23:35:00,81.89,81.91,81.89,81.91,34.91769756
2023-08-13 23:34:00,81.88,81.9,81.88,81.89,47.89779282
2023-08-13 23:33:00,81.87,81.91,81.91,81.88,40.68999407
2023-08-13 23:32:00,81.91,81.95,81.95,81.91,60.99355211
2023-08-13 23:31:00,81.91,81.94,81.92,81.94,8.55020561
2023-08-13 23:30:00,81.94,81.97,81.97,81.95,22.07730921
2023-08-13 23:29:00,81.97,82.02,81.98,81.97,29.58219256
2023-08-13 23:28:00,81.95,81.98,81.97,81.98,3.93230047
2023-08-13 23:27:00,81.95,81.99,81.96,81.97,52.03914885
2023-08-13 23:26:00,81.92,81.96,81.92,81.95,20.84735506
2023-08-13 23:25:00,81.91,81.94,81.94,81.91,6.8033503
2023-08-13 23:24:00,81.89,81.96,81.95,81.93,46.49642934
2023-08-13 23:23:00,81.92,81.94,81.92,81.92,24.52395471
2023-08-13 23:22:00,81.88,81.94,81.9,81.92,122.45521481
2023-08-13 23:21:00,81.85,81.9,81.86,81.9,48.06892092
2023-08-13 23:20:00,81.84,81.86,81.86,81.86,26.08651424
2023-08-13 23:19:00,81.83,81.84,81.83,81.83,3.84018622
2023-08-13 23:18:00,81.76,81.83,81.78,81.83,47.77223847
2023-08-13 23:17:00,81.78,81.88,81.82,81.78,267.33991396
2023-08-13 23:16:00,81.77,81.83,81.78,81.83,20.78367002
2023-08-13 23:15:00,81.72,81.77,81.77,81.73,13.81365707
2023-08-13 23:14:00,81.74,81.77,81.75,81.75,34.16388392
2023-08-13 23:13:00,81.69,81.75,81.74,81.73,103.25350257
2023-08-13 23:12:00,81.67,81.73,81.7,81.69,104.07926527
2023-08-13 23:11:00,81.69,81.72,81.72,81.7,246.09840634
2023-08-13 23:10:00,81.67,81.78,81.78,81.71,208.93376314
2023-08-13 23:09:00,81.75,81.9,81.89,81.78,315.41529552
2023-08-13 23:08:00,81.82,81.88,81.84,81.88,57.30314669
2023-08-13 23:07:00,81.79,81.84,81.79,81.83,39.5840904
2023-08-13 23:06:00,81.75,81.8,81.8,81.78,24.79297071
2023-08-13 23:05:00,81.79,81.83,81.8,81.79,53.99270434
2023-08-13 23:04:00,81.78,81.81,81.79,81.81,15.70453781
2023-08-13 23:03:00,81.77,81.79,81.77,81.79,25.88870445
2023-08-13 23:02:00,81.72,81.79,81.72,81.77,184.74142241
2023-08-13 23:01:00,81.7,81.72,81.71,81.71,68.71050675
2023-08-13 23:00:00,81.6,81.72,81.72,81.68,245.78108671
2023-08-13 22:59:00,81.72,81.78,81.77,81.73,3.72776347
2023-08-13 22:58:00,81.58,81.78,81.58,81.78,256.69631649
2023-08-13 22:57:00,81.59,81.67,81.67,81.59,173.62401056
2023-08-13 22:56:00,81.62,81.69,81.69,81.67,252.91540502
2023-08-13 22:55:00,81.65,81.7,81.69,81.69,54.6907314
2023-08-13 22:54:00,81.68,81.72,81.72,81.7,27.88138517
2023-08-13 22:53:00,81.66,81.71,81.7,81.71,80.78602885
2023-08-13 22:52:00,81.65,81.7,81.66,81.7,77.08904366
2023-08-13 22:51:00,81.62,81.66,81.63,81.64,26.16334323
2023-08-13 22:50:00,81.6,81.67,81.66,81.63,135.98449511
2023-08-13 22:49:00,81.61,81.66,81.62,81.66,5.65654306
2023-08-13 22:48:00,81.51,81.63,81.51,81.63,96.62558238
2023-08-13 22:47:00,81.51,81.64,81.54,81.54,139.71046679
2023-08-13 22:46:00,81.5,81.6,81.5,81.58,119.65837136
2023-08-13 22:45:00,81.44,81.57,81.57,81.51,298.44016681
2023-08-13 22:44:00,81.5,81.58,81.52,81.57,421.65410065
2023-08-13 22:43:00,81.45,81.59,81.56,81.53,684.19345482
2023-08-13 22:42:00,81.33,81.55,81.42,81.55,459.59364982
2023-08-13 22:41:00,81.01,81.68,81.68,81.42,2299.93824812
2023-08-13 22:40:00,81.65,81.77,81.75,81.66,281.98694737
2023-08-13 22:39:00,81.44,82.01,82.01,81.76,3698.71416351
2023-08-13 22:38:00,81.96,82.13,82.13,81.99,865.92650172
2023-08-13 22:37:00,82.13,82.19,82.17,82.13,375.88020518
2023-08-13 22:36:00,82.12,82.23,82.22,82.17,449.31588954
2023-08-13 22:35:00,82.2,82.28,82.28,82.2,185.52824549
2023-08-13 22:34:00,82.28,82.34,82.33,82.29,47.57227566
2023-08-13 22:33:00,82.32,82.36,82.36,82.32,22.05360276
2023-08-13 22:32:00,82.35,82.4,82.38,82.4,94.8021662
2023-08-13 22:31:00,82.38,82.43,82.43,82.39,25.41368384
2023-08-13 22:30:00,82.42,82.46,82.43,82.44,36.02486429
2023-08-13 22:29:00,82.42,82.5,82.47,82.43,39.89512198
2023-08-13 22:28:00,82.4,82.47,82.4,82.46,19.80056279
2023-08-13 22:27:00,82.37,82.43,82.4,82.43,75.75698292
2023-08-13 22:26:00,82.35,82.42,82.4,82.4,122.32665958
2023-08-13 22:25:00,82.37,82.46,82.45,82.4,72.9544622
2023-08-13 22:24:00,82.45,82.47,82.45,82.46,85.02748721
2023-08-13 22:23:00,82.41,82.47,82.45,82.42,178.41758965
2023-08-13 22:22:00,82.41,82.47,82.46,82.45,43.79831473
2023-08-13 22:21:00,82.31,82.46,82.36,82.45,116.06755336
2023-08-13 22:20:00,82.08,82.68,82.64,82.4,3637.1934894
2023-08-13 22:19:00,82.65,82.7,82.7,82.66,129.16200472
2023-08-13 22:18:00,82.67,82.71,82.67,82.7,98.58051148
2023-08-13 22:17:00,82.68,82.75,82.74,82.68,117.47100613
2023-08-13 22:16:00,82.73,82.75,82.75,82.75,21.06559869
2023-08-13 22:15:00,82.68,82.8,82.79,82.75,255.53431366
2023-08-13 22:14:00,82.75,82.82,82.82,82.8,329.80830941
2023-08-13 22:13:00,82.82,82.83,82.83,82.82,24.71495397
2023-08-13 22:12:00,82.81,82.83,82.83,82.81,15.64273798
2023-08-13 22:11:00,82.79,82.83,82.8,82.83,144.40671712
2023-08-13 22:10:00,82.79,82.85,82.82,82.8,69.05615528
2023-08-13 22:09:00,82.81,82.83,82.82,82.82,24.36876198
2023-08-13 22:08:00,82.8,82.83,82.83,82.82,21.00741884
2023-08-13 22:07:00,82.81,82.86,82.86,82.83,25.67359276
2023-08-13 22:06:00,82.85,82.87,82.86,82.87,14.18985881
2023-08-13 22:05:00,82.85,82.9,82.9,82.87,97.59509189
2023-08-13 22:04:00,82.87,82.91,82.88,82.89,43.50083099
2023-08-13 22:03:00,82.87,82.88,82.88,82.87,24.96102674
2023-08-13 22:02:00,82.86,82.88,82.87,82.88,8.42071607
2023-08-13 22:01:00,82.87,82.9,82.87,82.87,103.8529947
2023-08-13 22:00:00,82.86,82.9,82.9,82.87,73.49770118
2023-08-13 21:59:00,82.89,82.91,82.9,82.9,30.52973797
2023-08-13 21:58:00,82.89,82.9,82.9,82.9,9.19304327
2023-08-13 21:57:00,82.9,82.92,82.92,82.9,48.48593447
2023-08-13 21:56:00,82.91,82.92,82.92,82.92,8.17499749
2023-08-13 21:55:00,82.91,82.92,82.92,82.92,3.49302635
2023-08-13 21:54:00,82.91,82.92,82.92,82.92,8.90400694
2023-08-13 21:53:00,82.88,82.92,82.88,82.92,22.93623526
2023-08-13 21:52:00,82.86,82.89,82.86,82.88,6.53740295
2023-08-13 21:51:00,82.85,82.89,82.85,82.88,370.48631002
2023-08-13 21:50:00,82.83,82.85,82.84,82.85,19.47851725
2023-08-14 07:50:00,82.14,82.15,82.15,82.15,20.07140385
2023-08-14 07:49:00,82.11,82.15,82.13,82.15,1.88295573
2023-08-14 07:48:00,82.1,82.13,82.13,82.11,2.30301259
2023-08-14 07:47:00,82.13,82.14,82.14,82.13,40.93063147
2023-08-14 07:46:00,82.14,82.17,82.16,82.14,8.5310709
2023-08-14 07:45:00,82.14,82.17,82.16,82.17,5.01803362
2023-08-14 07:44:00,82.14,82.16,82.15,82.16,17.05995587
2023-08-14 07:43:00,82.16,82.17,82.17,82.16,2.15754162
2023-08-14 07:42:00,82.15,82.19,82.19,82.19,69.52591911
2023-08-14 07:41:00,82.19,82.2,82.19,82.19,10.22412964
2023-08-14 07:40:00,82.18,82.19,82.18,82.19,27.93030919
2023-08-14 07:39:00,82.16,82.18,82.16,82.18,4.45652594
2023-08-14 07:38:00,82.17,82.2,82.2,82.17,39.68369082
2023-08-14 07:37:00,82.2,82.22,82.22,82.2,23.62818498
2023-08-14 07:36:00,82.16,82.22,82.17,82.22,96.89252879
2023-08-14 07:35:00,82.15,82.18,82.15,82.17,211.62020518
2023-08-14 07:34:00,82.11,82.15,82.12,82.15,7.51132538
2023-08-14 07:33:00,82.1,82.11,82.1,82.11,5.54598654
2023-08-14 07:32:00,82.09,82.1,82.1,82.1,22.35477544
2023-08-14 07:31:00,82.09,82.1,82.09,82.1,10.82755733
2023-08-14 07:30:00,82.08,82.1,82.09,82.1,2.94033594
2023-08-14 07:29:00,82.08,82.09,82.09,82.09,6.75227756
2023-08-14 07:28:00,82.09,82.1,82.09,82.09,61.36850352
2023-08-14 07:27:00,82.07,82.09,82.09,82.09,9.69418775
2023-08-14 07:26:00,82.04,82.07,82.06,82.06,141.74041742
2023-08-14 07:25:00,82.04,82.08,82.04,82.06,115.02066794
2023-08-14 07:24:00,82.04,82.05,82.05,82.04,55.48425191
2023-08-14 07:23:00,82.03,82.07,82.07,82.05,66.10202793
2023-08-14 07:22:00,82.07,82.07,82.07,82.07,3.99291651
2023-08-14 07:21:00,82.07,82.09,82.09,82.07,11.30984731
2023-08-14 07:20:00,82.06,82.09,82.06,82.09,36.20029826
2023-08-14 07:19:00,82.05,82.07,82.05,82.07,4.13838664
2023-08-14 07:18:00,82.05,82.08,82.06,82.05,11.25382773
2023-08-14 07:17:00,82.07,82.09,82.09,82.08,4.60159265
2023-08-14 07:16:00,82.08,82.13,82.09,82.09,57.26878149
2023-08-14 07:15:00,82.12,82.14,82.13,82.13,2.88935805
2023-08-14 07:14:00,82.11,82.14,82.12,82.12,21.04228001
2023-08-14 07:13:00,82.08,82.12,82.08,82.12,30.06506825
2023-08-14 07:12:00,82.07,82.08,82.07,82.07,0.75447852
2023-08-14 07:11:00,82.08,82.1,82.1,82.08,11.92105815
2023-08-14 07:10:00,82.11,82.18,82.18,82.11,100.36627584
2023-08-14 07:09:00,82.18,82.22,82.22,82.18,39.71310652
2023-08-14 07:08:00,82.21,82.23,82.21,82.21,36.01573261
2023-08-14 07:07:00,82.17,82.19,82.17,82.19,73.7890579
2023-08-14 07:06:00,82.17,82.19,82.17,82.19,22.41571748
2023-08-14 07:05:00,82.16,82.19,82.17,82.19,12.70346882
2023-08-14 07:04:00,82.16,82.18,82.16,82.18,14.14946959
2023-08-14 07:03:00,82.15,82.17,82.15,82.17,11.69821286
2023-08-14 07:02:00,82.13,82.16,82.16,82.14,47.89184723
2023-08-14 07:01:00,82.15,82.16,82.16,82.15,2.7797847
2023-08-14 07:00:00,82.15,82.17,82.17,82.17,13.32183116
2023-08-14 06:59:00,82.14,82.17,82.14,82.15,21.45960146
2023-08-14 06:58:00,82.12,82.15,82.14,82.15,137.42496148
2023-08-14 06:57:00,82.14,82.16,82.16,82.14,2.24223457
2023-08-14 06:56:00,82.14,82.16,82.14,82.16,10.15514122
2023-08-14 06:55:00,82.13,82.15,82.14,82.15,58.3124386
2023-08-14 06:54:00,82.14,82.21,82.21,82.15,59.5727701
2023-08-14 06:53:00,82.14,82.21,82.14,82.21,112.25291634
2023-08-14 06:52:00,82.13,82.17,82.16,82.15,11.83181292
2023-08-14 06:51:00,82.16,82.19,82.18,82.18,7.62264686
2023-08-14 06:50:00,82.17,82.18,82.18,82.18,19.09052591
2023-08-14 06:49:00,82.16,82.18,82.18,82.18,3.02904716
2023-08-14 06:48:00,82.14,82.18,82.14,82.16,55.59162207
2023-08-14 06:47:00,82.14,82.18,82.18,82.14,62.94030352
2023-08-14 06:46:00,82.15,82.19,82.19,82.18,297.13625508
2023-08-14 06:45:00,82.19,82.2,82.19,82.2,3.67657764
2023-08-14 06:44:00,82.17,82.18,82.18,82.18,7.76819356
2023-08-14 06:43:00,82.18,82.19,82.19,82.19,5.0220042
2023-08-14 06:42:00,82.18,82.19,82.19,82.19,2.77299798
2023-08-14 06:41:00,82.15,82.19,82.16,82.19,151.13740114
2023-08-14 06:40:00,82.15,82.16,82.15,82.16,3.19697566
2023-08-14 06:39:00,82.14,82.16,82.14,82.15,12.13312869
2023-08-14 06:38:00,82.14,82.21,82.21,82.14,59.97957653
2023-08-14 06:37:00,82.19,82.2,82.2,82.2,3.61552391
2023-08-14 06:36:00,82.17,82.19,82.19,82.18,11.6667264
2023-08-14 06:35:00,82.18,82.2,82.18,82.2,159.54256146
2023-08-14 06:34:00,82.17,82.18,82.17,82.18,19.9325245
2023-08-14 06:33:00,82.15,82.17,82.16,82.17,1.41773303
2023-08-14 06:32:00,82.17,82.19,82.17,82.19,33.80260485
2023-08-14 06:31:00,82.17,82.19,82.19,82.18,7.16325287
2023-08-14 06:30:00,82.15,82.18,82.15,82.17,54.22899891
2023-08-14 06:29:00,82.13,82.15,82.13,82.14,11.10656194
2023-08-14 06:28:00,82.13,82.16,82.16,82.13,17.3422391
2023-08-14 06:27:00,82.15,82.17,82.15,82.15,10.49208125
2023-08-14 06:26:00,82.16,82.18,82.17,82.17,1.86305465
2023-08-14 06:25:00,82.15,82.18,82.16,82.18,8.52642803
2023-08-14 06:24:00,82.15,82.16,82.16,82.15,0.49817671
2023-08-14 06:23:00,82.16,82.2,82.19,82.16,5.36606768
2023-08-14 06:22:00,82.18,82.19,82.19,82.18,5.8689299
2023-08-14 06:21:00,82.17,82.2,82.2,82.19,6.62072772
2023-08-14 06:20:00,82.16,82.2,82.17,82.2,67.93074653
2023-08-14 06:19:00,82.17,82.19,82.19,82.18,3.21276562
2023-08-14 06:18:00,82.18,82.19,82.19,82.18,13.2745789
2023-08-14 06:17:00,82.21,82.22,82.22,82.21,2.92438492
2023-08-14 06:16:00,82.2,82.22,82.2,82.22,9.4704749
2023-08-14 06:15:00,82.19,82.21,82.2,82.21,56.64268568
2023-08-14 06:14:00,82.19,82.21,82.2,82.19,10.25258185
2023-08-14 06:13:00,82.2,82.22,82.21,82.2,4.60354896
2023-08-14 06:12:00,82.18,82.2,82.2,82.2,36.33670426
2023-08-14 06:11:00,82.21,82.25,82.25,82.21,50.31735781
2023-08-14 06:10:00,82.24,82.27,82.27,82.25,6.25021649
2023-08-14 06:09:00,82.25,82.28,82.28,82.27,8.83662533
2023-08-14 06:08:00,82.26,82.29,82.27,82.27,6.1801549
2023-08-14 06:07:00,82.27,82.27,82.27,82.27,16.48426769
2023-08-14 06:06:00,82.25,82.29,82.29,82.27,115.37331754
2023-08-14 06:05:00,82.29,82.33,82.33,82.29,80.47960297
2023-08-14 06:04:00,82.33,82.36,82.35,82.34,7.54825251
2023-08-14 06:03:00,82.34,82.37,82.37,82.35,17.01198494
2023-08-14 06:02:00,82.36,82.43,82.43,82.36,30.57902813
2023-08-14 06:01:00,82.27,82.43,82.27,82.43,184.04898871
2023-08-14 06:00:00,82.3,82.35,82.3,82.3,50.43050201
2023-08-14 05:59:00,82.27,82.29,82.27,82.29,24.1188314
2023-08-14 05:58:00,82.27,82.31,82.29,82.27,5.5998399
2023-08-14 05:57:00,82.27,82.3,82.28,82.3,16.64192977
2023-08-14 05:56:00,82.26,82.32,82.32,82.28,14.59063666
2023-08-14 05:55:00,82.31,82.32,82.31,82.32,10.10065128
2023-08-14 05:54:00,82.29,82.33,82.32,82.29,319.29906841
2023-08-14 05:53:00,82.32,82.33,82.32,82.33,12.55121794
2023-08-14 05:52:00,82.28,82.34,82.28,82.34,78.19964272
2023-08-14 05:51:00,82.27,82.28,82.28,82.27,12.11409384
2023-08-14 05:50:00,82.27,82.28,82.27,82.28,34.05075244
2023-08-14 05:49:00,82.27,82.29,82.27,82.29,9.28417434
2023-08-14 05:48:00,82.25,82.29,82.29,82.27,23.11849449
2023-08-14 05:47:00,82.29,82.33,82.31,82.29,7.23847021
2023-08-14 05:46:00,82.29,82.31,82.3,82.31,1.62742064
2023-08-14 05:45:00,82.28,82.31,82.31,82.29,2.15074713
2023-08-14 05:44:00,82.3,82.31,82.3,82.3,6.75413232
2023-08-14 05:43:00,82.29,82.31,82.31,82.31,19.96777217
2023-08-14 05:42:00,82.3,82.31,82.31,82.31,8.37168518
2023-08-14 05:41:00,82.29,82.31,82.29,82.29,26.94493173
2023-08-14 05:40:00,82.24,82.29,82.24,82.29,58.85931187
2023-08-14 05:39:00,82.21,82.25,82.22,82.24,121.33113832
2023-08-14 05:38:00,82.21,82.25,82.24,82.23,37.78912
2023-08-14 05:37:00,82.25,82.28,82.28,82.26,4.86508845
2023-08-14 05:36:00,82.28,82.29,82.29,82.29,13.95484441
2023-08-14 05:35:00,82.28,82.29,82.28,82.29,8.00763801
2023-08-14 05:34:00,82.28,82.29,82.28,82.29,4.58143055
2023-08-14 05:33:00,82.27,82.29,82.29,82.27,3.99382375
2023-08-14 05:32:00,82.27,82.28,82.27,82.28,10.25004686
2023-08-14 05:31:00,82.26,82.27,82.26,82.27,1.80161042
2023-08-14 05:30:00,82.22,82.27,82.23,82.27,19.48535248
2023-08-14 05:29:00,82.21,82.23,82.23,82.22,9.26894872
2023-08-14 05:28:00,82.2,82.23,82.23,82.23,3.81278249
2023-08-14 05:27:00,82.22,82.24,82.22,82.24,2.4591671
2023-08-14 05:26:00,82.2,82.22,82.21,82.22,68.81667471
2023-08-14 05:25:00,82.2,82.22,82.21,82.22,1.19422093
2023-08-14 05:24:00,82.2,82.22,82.21,82.21,14.83295891
2023-08-14 05:23:00,82.19,82.21,82.2,82.21,3.66051099
2023-08-14 05:22:00,82.2,82.22,82.21,82.21,18.36576107
2023-08-14 05:21:00,82.2,82.23,82.22,82.21,39.3557906
2023-08-14 05:20:00,82.2,82.22,82.21,82.22,55.2308178
2023-08-14 05:19:00,82.2,82.22,82.22,82.2,36.86022574
2023-08-14 05:18:00,82.22,82.23,82.22,82.23,12.07034443
2023-08-14 05:17:00,82.2,82.22,82.2,82.22,4.4578461
2023-08-14 05:16:00,82.18,82.2,82.19,82.2,16.43803064
2023-08-14 05:15:00,82.19,82.22,82.22,82.19,31.04251723
2023-08-14 05:14:00,82.2,82.22,82.21,82.22,14.7144163
2023-08-14 05:13:00,82.2,82.21,82.21,82.2,11.41538349
2023-08-14 05:12:00,82.19,82.22,82.22,82.21,27.80813927
2023-08-14 05:11:00,82.21,82.23,82.22,82.21,12.44368207
2023-08-14 05:10:00,82.2,82.22,82.21,82.2,38.10505331
2023-08-14 05:09:00,82.19,82.2,82.19,82.2,66.74271167
2023-08-14 05:08:00,82.17,82.2,82.2,82.19,39.36467207
2023-08-14 05:07:00,82.19,82.24,82.23,82.19,185.23449026
2023-08-14 05:06:00,82.23,82.26,82.24,82.23,7.85749999
2023-08-14 05:05:00,82.21,82.24,82.24,82.24,10.52858421
2023-08-14 05:04:00,82.22,82.24,82.22,82.24,32.04919132
2023-08-14 05:03:00,82.2,82.22,82.22,82.22,4.76415112
2023-08-14 05:02:00,82.21,82.24,82.24,82.23,16.1466347
2023-08-14 05:01:00,82.22,82.24,82.24,82.24,4.67486848
2023-08-14 05:00:00,82.22,82.24,82.22,82.24,4.10174741
2023-08-14 04:59:00,82.22,82.24,82.22,82.22,22.00673647
2023-08-14 04:58:00,82.2,82.24,82.21,82.23,37.77727353
2023-08-14 04:57:00,82.2,82.21,82.21,82.21,8.97162896
2023-08-14 04:56:00,82.2,82.22,82.21,82.21,6.7839173
2023-08-14 04:55:00,82.21,82.23,82.23,82.22,4.67677152
2023-08-14 04:54:00,82.22,82.23,82.22,82.23,1.69551327
2023-08-14 04:53:00,82.22,82.23,82.23,82.22,15.11543968
2023-08-14 04:52:00,82.2,82.23,82.2,82.23,9.61056257
2023-08-14 04:51:00,82.19,82.2,82.19,82.19,3.04878243
2023-08-14 04:50:00,82.19,82.2,82.2,82.19,1.86262659
2023-08-14 04:49:00,82.18,82.2,82.18,82.2,13.77816484
2023-08-14 04:48:00,82.18,82.24,82.24,82.2,10.45774534
2023-08-14 04:47:00,82.25,82.26,82.25,82.26,3.12581763
2023-08-14 04:46:00,82.23,82.26,82.26,82.24,4.49252856
2023-08-14 04:45:00,82.24,82.26,82.25,82.26,96.75857514
2023-08-14 04:44:00,82.24,82.25,82.25,82.25,3.38027086
2023-08-14 04:43:00,82.23,82.26,82.26,82.23,13.01055375
2023-08-14 04:42:00,82.21,82.25,82.23,82.25,77.23542135
2023-08-14 04:41:00,82.2,82.21,82.21,82.21,5.76837691
2023-08-14 04:40:00,82.2,82.21,82.21,82.21,6.84682667
2023-08-14 04:39:00,82.17,82.21,82.2,82.21,10.48514993
2023-08-14 04:38:00,82.21,82.23,82.23,82.21,78.36558195
2023-08-14 04:37:00,82.22,82.23,82.23,82.22,2.56008433
2023-08-14 04:36:00,82.22,82.24,82.22,82.24,14.12612442
2023-08-14 04:35:00,82.19,82.23,82.19,82.22,18.03566582
2023-08-14 04:34:00,82.18,82.22,82.18,82.19,326.3549194
2023-08-14 04:33:00,82.15,82.18,82.15,82.16,133.04741863
2023-08-14 04:32:00,82.12,82.15,82.13,82.15,28.40972669
2023-08-14 04:31:00,82.1,82.13,82.13,82.12,6.45077999
2023-08-14 04:30:00,82.12,82.12,82.12,82.12,5.08540636
2023-08-14 04:29:00,82.11,82.13,82.12,82.13,20.82644431
2023-08-14 04:28:00,82.12,82.13,82.12,82.13,17.41956834
2023-08-14 04:27:00,82.11,82.13,82.12,82.13,19.9497873
2023-08-14 04:26:00,82.11,82.13,82.12,82.11,36.81083839
2023-08-14 04:25:00,82.12,82.15,82.13,82.12,44.29450549
2023-08-14 04:24:00,82.12,82.14,82.14,82.12,21.63176125
2023-08-14 04:23:00,82.11,82.14,82.12,82.14,14.81408994
2023-08-14 04:22:00,82.11,82.14,82.14,82.12,70.9197844
2023-08-14 04:21:00,82.13,82.15,82.13,82.14,3.40359787
2023-08-14 04:20:00,82.13,82.14,82.13,82.13,29.63008206
2023-08-14 04:19:00,82.12,82.15,82.13,82.12,18.84714745
2023-08-14 04:18:00,82.09,82.14,82.1,82.13,66.61642712
2023-08-14 04:17:00,82.07,82.1,82.08,82.08,19.32625577
2023-08-14 04:16:00,82.06,82.1,82.1,82.06,12.35235702
2023-08-14 04:15:00,82.08,82.1,82.08,82.1,32.37737763
2023-08-14 04:14:00,82.08,82.09,82.08,82.09,11.56194938
2023-08-14 04:13:00,82.07,82.09,82.09,82.09,4.92037484
2023-08-14 04:12:00,82.05,82.09,82.05,82.09,13.18975095
2023-08-14 04:11:00,82.04,82.05,82.04,82.04,11.18273166
2023-08-14 04:10:00,82.03,82.04,82.03,82.04,5.98269821
2023-08-14 04:09:00,82.02,82.04,82.04,82.04,9.25846924
2023-08-14 04:08:00,82.02,82.04,82.04,82.04,12.77615329
2023-08-14 04:07:00,82.02,82.04,82.03,82.04,44.48422909
2023-08-14 04:06:00,82.01,82.03,82.02,82.03,13.83775328
2023-08-14 04:05:00,82.02,82.06,82.06,82.02,2.80099119
2023-08-14 04:04:00,82.02,82.06,82.06,82.02,45.57107425
2023-08-14 04:03:00,82.04,82.06,82.04,82.04,13.20693697
2023-08-14 04:02:00,82.03,82.04,82.04,82.03,1.77075134
2023-08-14 04:01:00,82.01,82.04,82.02,82.04,67.64044318
2023-08-14 04:00:00,81.96,82.02,81.96,82.02,33.79900808
2023-08-14 03:59:00,81.98,82.0,81.99,81.98,29.59986586
2023-08-14 03:58:00,81.97,82.01,82.01,81.99,6.02546516
2023-08-14 03:57:00,81.99,82.02,82.01,82.01,6.19914275
2023-08-14 03:56:00,81.96,82.02,81.97,82.02,31.99460836
2023-08-14 03:55:00,81.95,81.97,81.96,81.97,57.30869696
2023-08-14 03:54:00,81.94,81.96,81.95,81.96,13.10036569
2023-08-14 03:53:00,81.96,81.99,81.99,81.96,47.25715774
2023-08-14 03:52:00,81.97,82.01,82.01,81.99,16.9347433
2023-08-14 03:51:00,81.99,82.0,82.0,81.99,11.12804989
2023-08-14 03:50:00,82.02,82.02,82.02,82.02,4.09333944
2023-08-14 03:49:00,81.99,82.0,82.0,82.0,10.16603121
2023-08-14 03:48:00,81.97,82.0,81.98,82.0,16.86480735
2023-08-14 03:47:00,81.95,81.97,81.95,81.97,14.03579618
2023-08-14 03:46:00,81.95,81.98,81.96,81.96,27.73261063
2023-08-14 03:45:00,81.94,81.98,81.98,81.96,21.30627466
2023-08-14 03:44:00,81.97,81.99,81.97,81.97,22.04545088
2023-08-14 03:43:00,81.97,82.0,81.98,81.97,80.75617523
2023-08-14 03:42:00,81.98,81.99,81.98,81.98,17.41070825
2023-08-14 03:41:00,81.97,82.04,82.04,81.97,26.75512467
2023-08-14 03:40:00,82.04,82.07,82.06,82.05,63.75214076
2023-08-14 03:39:00,82.02,82.08,82.02,82.08,149.15449265
2023-08-14 03:38:00,82.01,82.05,82.05,82.02,53.89680561
2023-08-14 03:37:00,82.08,82.12,82.12,82.08,14.06182696
2023-08-14 03:36:00,82.1,82.15,82.15,82.13,82.10846161
2023-08-14 03:35:00,82.13,82.16,82.13,82.15,30.04352832
2023-08-14 03:34:00,82.11,82.13,82.11,82.13,2.35705256
2023-08-14 03:33:00,82.11,82.13,82.11,82.13,5.92252147
2023-08-14 03:32:00,82.1,82.15,82.12,82.11,30.64413007
2023-08-14 03:31:00,82.11,82.13,82.12,82.13,18.03829697
2023-08-14 03:30:00,82.1,82.13,82.11,82.11,82.31453545
2023-08-14 03:29:00,82.1,82.13,82.12,82.1,14.2974872
2023-08-14 03:28:00,82.13,82.15,82.15,82.15,19.02404086
2023-08-14 03:27:00,82.12,82.16,82.13,82.14,151.68983563
2023-08-14 03:26:00,82.12,82.15,82.12,82.13,9.437148
2023-08-14 03:25:00,82.07,82.12,82.09,82.12,25.21271129
2023-08-14 03:24:00,82.09,82.14,82.14,82.09,45.22181827
2023-08-14 03:23:00,82.1,82.13,82.12,82.12,15.83876743
2023-08-14 03:22:00,82.07,82.14,82.08,82.14,124.78053695
2023-08-14 03:21:00,82.08,82.1,82.09,82.1,48.26360661
2023-08-14 03:20:00,82.05,82.08,82.07,82.06,39.91517748
2023-08-14 03:19:00,82.03,82.06,82.03,82.06,136.56171109
2023-08-14 03:18:00,82.01,82.03,82.01,82.01,12.60669567
2023-08-14 03:17:00,82.0,82.03,82.03,82.0,13.4766908
2023-08-14 03:16:00,82.03,82.04,82.04,82.03,81.40074999
2023-08-14 03:15:00,82.01,82.06,82.02,82.03,148.54623522
2023-08-14 03:14:00,82.01,82.02,82.01,82.02,6.34633095
2023-08-14 03:13:00,81.99,82.0,82.0,82.0,5.08777102
2023-08-14 03:12:00,81.97,81.99,81.99,81.99,119.99195507
2023-08-14 03:11:00,81.99,82.03,82.03,82.0,124.41351828
2023-08-14 03:10:00,82.04,82.08,82.07,82.04,7.51940431
2023-08-14 03:09:00,82.04,82.08,82.06,82.08,26.39701171
2023-08-14 03:08:00,82.06,82.08,82.08,82.06,8.35052767
2023-08-14 03:07:00,82.02,82.08,82.02,82.08,60.49202821
2023-08-14 03:06:00,82.01,82.03,82.02,82.03,56.85024156
2023-08-14 03:05:00,81.97,82.03,81.99,82.02,146.74951212
2023-08-14 03:04:00,82.0,82.02,82.01,82.0,6.45692186
2023-08-14 03:03:00,81.98,82.03,82.0,82.0,35.68754366
2023-08-14 03:02:00,81.97,82.0,81.98,82.0,96.7059173
2023-08-14 03:01:00,81.93,81.98,81.94,81.98,8.39503831
2023-08-14 03:00:00,81.9,81.96,81.96,81.92,19.39942647
2023-08-14 02:59:00,81.91,81.96,81.92,81.96,55.35299182
2023-08-14 02:58:00,81.92,81.94,81.94,81.93,9.50870803
2023-08-14 02:57:00,81.91,81.97,81.92,81.95,42.22793173
2023-08-14 02:56:00,81.92,81.94,81.93,81.93,16.91291623
2023-08-14 02:55:00,81.93,81.97,81.96,81.93,5.30550579
2023-08-14 02:54:00,81.93,81.98,81.98,81.95,89.08650233
2023-08-14 02:53:00,81.97,82.04,82.04,81.97,41.59995591
2023-08-14 02:52:00,82.03,82.06,82.05,82.03,37.88275495
2023-08-14 02:51:00,82.0,82.08,82.08,82.04,111.85557665
2023-08-14 02:50:00,82.05,82.08,82.07,82.07,25.51826596
2023-08-14 12:50:00,81.85,81.89,81.85,81.85,32.52453098
2023-08-14 12:49:00,81.85,81.86,81.86,81.85,27.13300467
2023-08-14 12:48:00,81.84,81.86,81.85,81.86,6.21263467
2023-08-14 12:47:00,81.84,81.85,81.85,81.84,5.24322474
2023-08-14 12:46:00,81.81,81.84,81.81,81.84,41.65823629
2023-08-14 12:45:00,81.79,81.82,81.79,81.82,12.31960001
2023-08-14 12:44:00,81.79,81.83,81.83,81.8,30.35349848
2023-08-14 12:43:00,81.8,81.83,81.82,81.82,60.70620708
2023-08-14 12:42:00,81.81,81.83,81.81,81.82,8.06501306
2023-08-14 12:41:00,81.82,81.85,81.83,81.82,97.96498057
2023-08-14 12:40:00,81.8,81.84,81.81,81.83,169.11724809
2023-08-14 12:39:00,81.81,81.85,81.85,81.82,38.7545044
2023-08-14 12:38:00,81.85,81.91,81.91,81.85,49.19623218
2023-08-14 12:37:00,81.91,81.93,81.91,81.91,14.39864957
2023-08-14 12:36:00,81.9,81.92,81.9,81.92,2.0977006
2023-08-14 12:35:00,81.88,81.9,81.88,81.89,8.99087092
2023-08-14 12:34:00,81.87,81.92,81.92,81.87,47.13249085
2023-08-14 12:33:00,81.88,81.93,81.88,81.93,28.50994932
2023-08-14 12:32:00,81.87,81.89,81.88,81.87,55.72936854
2023-08-14 12:31:00,81.81,81.87,81.82,81.87,109.76414482
2023-08-14 12:30:00,81.79,81.85,81.84,81.82,378.7186583
2023-08-14 12:29:00,81.82,81.92,81.92,81.85,467.42036422
2023-08-14 12:28:00,81.91,81.92,81.91,81.92,3.24159776
2023-08-14 12:27:00,81.91,81.93,81.93,81.91,37.39868768
2023-08-14 12:26:00,81.93,81.95,81.93,81.93,15.86617959
2023-08-14 12:25:00,81.91,81.93,81.91,81.93,16.70600419
2023-08-14 12:24:00,81.9,81.92,81.91,81.9,1.50493701
2023-08-14 12:23:00,81.91,81.94,81.94,81.91,70.32563345
2023-08-14 12:22:00,81.92,81.94,81.92,81.93,85.28599377
2023-08-14 12:21:00,81.92,81.97,81.97,81.92,16.90630064
2023-08-14 12:20:00,81.96,81.98,81.98,81.97,9.9033835
2023-08-14 12:19:00,81.98,82.0,82.0,81.99,5.87759237
2023-08-14 12:18:00,81.98,82.03,82.03,82.0,35.03851711
2023-08-14 12:17:00,82.0,82.04,82.01,82.04,82.52674404
2023-08-14 12:16:00,81.98,82.01,81.98,82.01,6.88917875
2023-08-14 12:15:00,81.96,81.99,81.97,81.99,22.99664936
2023-08-14 12:14:00,81.94,81.97,81.94,81.96,16.23560618
2023-08-14 12:13:00,81.94,81.97,81.97,81.95,67.06242208
2023-08-14 12:12:00,81.96,81.98,81.97,81.97,12.29914613
2023-08-14 12:11:00,81.93,81.97,81.93,81.97,66.90146965
2023-08-14 12:10:00,81.88,81.92,81.91,81.92,339.97187156
2023-08-14 12:09:00,81.91,81.92,81.91,81.91,62.99496285
2023-08-14 12:08:00,81.91,81.93,81.92,81.92,75.01315071
2023-08-14 12:07:00,81.92,81.93,81.92,81.93,61.06761832
2023-08-14 12:06:00,81.92,81.94,81.94,81.92,63.19921098
2023-08-14 12:05:00,81.93,81.97,81.97,81.95,71.69094504
2023-08-14 12:04:00,81.95,81.97,81.96,81.95,58.57621188
2023-08-14 12:03:00,81.95,81.97,81.95,81.96,25.59326973
2023-08-14 12:02:00,81.96,81.98,81.97,81.96,10.46599954
2023-08-14 12:01:00,81.96,81.97,81.97,81.97,12.95634115
2023-08-14 12:00:00,81.97,82.0,82.0,81.97,12.56619039
2023-08-14 11:59:00,81.99,82.0,82.0,82.0,10.70414401
2023-08-14 11:58:00,81.97,81.99,81.98,81.99,37.89960663
2023-08-14 11:57:00,81.98,82.02,82.02,81.98,70.73687428
2023-08-14 11:56:00,82.01,82.02,82.01,82.01,62.89596477
2023-08-14 11:55:00,82.0,82.01,82.01,82.01,62.29326675
2023-08-14 11:54:00,81.99,82.02,82.01,82.0,105.46043808
2023-08-14 11:53:00,82.01,82.03,82.03,82.02,76.07572419
2023-08-14 11:52:00,82.02,82.03,82.02,82.02,77.5979266
2023-08-14 11:51:00,82.02,82.04,82.03,82.04,20.39435233
2023-08-14 11:50:00,82.02,82.03,82.02,82.03,1.67188206
2023-08-14 11:49:00,81.99,82.01,82.0,82.01,12.67890801
2023-08-14 11:48:00,81.92,81.98,81.92,81.98,51.21723205
2023-08-14 11:47:00,81.92,81.94,81.93,81.92,11.92275593
2023-08-14 11:46:00,81.92,81.93,81.93,81.93,13.94240151
2023-08-14 11:45:00,81.92,81.93,81.93,81.92,2.79154694
2023-08-14 11:44:00,81.91,81.92,81.92,81.91,14.71021891
2023-08-14 11:43:00,81.91,81.92,81.91,81.92,25.18090346
2023-08-14 11:42:00,81.92,81.95,81.95,81.92,58.87769892
2023-08-14 11:41:00,81.93,81.97,81.95,81.95,5.73443323
2023-08-14 11:40:00,81.93,81.97,81.93,81.96,59.14626136
2023-08-14 11:39:00,81.93,81.97,81.97,81.94,136.55572145
2023-08-14 11:38:00,81.95,81.97,81.95,81.97,64.34372069
2023-08-14 11:37:00,81.95,81.96,81.95,81.96,69.03973393
2023-08-14 11:36:00,81.96,81.98,81.97,81.96,61.99216506
2023-08-14 11:35:00,81.97,81.99,81.98,81.97,67.77867084
2023-08-14 11:34:00,81.96,81.99,81.97,81.98,93.81657712
2023-08-14 11:33:00,81.97,81.99,81.99,81.97,53.3348091
2023-08-14 11:32:00,81.98,81.99,81.98,81.99,9.37849479
2023-08-14 11:31:00,81.98,81.99,81.98,81.99,4.42907494
2023-08-14 11:30:00,81.97,81.99,81.98,81.98,50.06715976
2023-08-14 11:29:00,81.97,81.99,81.99,81.99,3.82988767
2023-08-14 11:28:00,81.98,82.0,81.99,81.99,5.55030548
2023-08-14 11:27:00,81.98,82.0,82.0,81.99,27.72730209
2023-08-14 11:26:00,81.97,82.0,81.98,82.0,8.98794919
2023-08-14 11:25:00,81.97,82.04,82.04,81.97,86.75188311
2023-08-14 11:24:00,82.03,82.04,82.04,82.04,3.70811468
2023-08-14 11:23:00,82.02,82.05,82.05,82.04,17.946308
2023-08-14 11:22:00,82.06,82.07,82.06,82.06,6.01591391
2023-08-14 11:21:00,82.05,82.05,82.05,82.05,4.69293072
2023-08-14 11:20:00,82.05,82.07,82.07,82.06,38.51871355
2023-08-14 11:19:00,82.07,82.1,82.1,82.07,15.27702147
2023-08-14 11:18:00,82.06,82.1,82.07,82.1,5.83620422
2023-08-14 11:17:00,82.06,82.08,82.07,82.07,26.56058478
2023-08-14 11:16:00,82.06,82.07,82.07,82.07,0.8772739
2023-08-14 11:15:00,82.05,82.07,82.06,82.07,2.36608851
2023-08-14 11:14:00,82.04,82.06,82.04,82.06,31.28187982
2023-08-14 11:13:00,82.04,82.04,82.04,82.04,0.90697935
2023-08-14 11:12:00,82.03,82.05,82.03,82.04,41.23507387
2023-08-14 11:11:00,82.03,82.04,82.04,82.03,7.5572177
2023-08-14 11:10:00,82.04,82.05,82.04,82.05,5.04861842
2023-08-14 11:09:00,82.05,82.05,82.05,82.05,5.33352347
2023-08-14 11:08:00,82.04,82.06,82.06,82.04,14.83993673
2023-08-14 11:07:00,82.06,82.08,82.08,82.06,3.9333432
2023-08-14 11:06:00,82.09,82.1,82.09,82.1,5.79438176
2023-08-14 11:05:00,82.07,82.09,82.08,82.09,3.67332034
2023-08-14 11:04:00,82.08,82.08,82.08,82.08,3.04622766
2023-08-14 11:03:00,82.08,82.11,82.11,82.08,2.90352801
2023-08-14 11:02:00,82.1,82.12,82.12,82.11,15.28494711
2023-08-14 11:01:00,82.12,82.15,82.15,82.12,30.28881734
2023-08-14 11:00:00,82.16,82.18,82.17,82.16,6.20003982
2023-08-14 10:59:00,82.17,82.18,82.18,82.18,3.33375172
2023-08-14 10:58:00,82.16,82.17,82.16,82.17,2.76342221
2023-08-14 10:57:00,82.16,82.17,82.16,82.17,5.58527534
2023-08-14 10:56:00,82.17,82.2,82.19,82.18,19.84235908
2023-08-14 10:55:00,82.18,82.2,82.18,82.2,51.64249739
2023-08-14 10:54:00,82.17,82.19,82.17,82.18,25.58298153
2023-08-14 10:53:00,82.16,82.17,82.17,82.17,9.67830699
2023-08-14 10:52:00,82.16,82.17,82.17,82.17,4.65206749
2023-08-14 10:51:00,82.14,82.17,82.17,82.16,6.50811914
2023-08-14 10:50:00,82.16,82.17,82.17,82.17,41.09911785
2023-08-14 10:49:00,82.15,82.17,82.17,82.15,13.47212338
2023-08-14 10:48:00,82.15,82.17,82.16,82.17,3.62879069
2023-08-14 10:47:00,82.15,82.17,82.17,82.17,4.87808217
2023-08-14 10:46:00,82.15,82.16,82.15,82.16,23.76462915
2023-08-14 10:45:00,82.15,82.19,82.19,82.16,24.32163774
2023-08-14 10:44:00,82.18,82.19,82.19,82.18,6.38658179
2023-08-14 10:43:00,82.18,82.19,82.18,82.19,3.76301467
2023-08-14 10:42:00,82.16,82.19,82.16,82.18,48.61903948
2023-08-14 10:41:00,82.16,82.17,82.17,82.17,3.85578015
2023-08-14 10:40:00,82.16,82.17,82.16,82.17,6.03254125
2023-08-14 10:39:00,82.16,82.18,82.16,82.16,6.02467311
2023-08-14 10:38:00,82.17,82.18,82.17,82.18,1.57519328
2023-08-14 10:37:00,82.16,82.18,82.18,82.17,6.60585077
2023-08-14 10:36:00,82.15,82.18,82.15,82.16,105.99862356
2023-08-14 10:35:00,82.11,82.13,82.12,82.12,23.99193728
2023-08-14 10:34:00,82.11,82.13,82.13,82.12,29.72927758
2023-08-14 10:33:00,82.1,82.13,82.1,82.12,6.95368592
2023-08-14 10:32:00,82.1,82.12,82.11,82.12,9.09057301
2023-08-14 10:31:00,82.1,82.12,82.12,82.12,8.49232511
2023-08-14 10:30:00,82.1,82.14,82.14,82.11,41.6601872
2023-08-14 10:29:00,82.14,82.15,82.15,82.15,45.95348633
2023-08-14 10:28:00,82.14,82.16,82.14,82.16,14.24183461
2023-08-14 10:27:00,82.12,82.14,82.14,82.14,7.65766928
2023-08-14 10:26:00,82.13,82.14,82.14,82.14,2.48855567
2023-08-14 10:25:00,82.12,82.14,82.14,82.14,2.53439163
2023-08-14 10:24:00,82.12,82.14,82.13,82.14,8.65781994
2023-08-14 10:23:00,82.11,82.15,82.12,82.15,8.92703031
2023-08-14 10:22:00,82.1,82.12,82.1,82.12,38.57304165
2023-08-14 10:21:00,82.09,82.1,82.09,82.1,2.00199247
2023-08-14 10:20:00,82.08,82.1,82.1,82.08,10.79245989
2023-08-14 10:19:00,82.08,82.1,82.09,82.1,1.66802177
2023-08-14 10:18:00,82.08,82.1,82.08,82.1,15.18485996
2023-08-14 10:17:00,82.07,82.08,82.07,82.08,8.91174542
2023-08-14 10:16:00,82.06,82.09,82.06,82.09,45.83642632
2023-08-14 10:15:00,82.06,82.07,82.07,82.07,50.05097664
2023-08-14 10:14:00,82.07,82.1,82.1,82.07,11.67068171
2023-08-14 10:13:00,82.06,82.11,82.11,82.1,12.04912427
2023-08-14 10:12:00,82.09,82.11,82.09,82.11,0.30313239
2023-08-14 10:11:00,82.09,82.11,82.11,82.11,5.30329674
2023-08-14 10:10:00,82.1,82.11,82.11,82.1,1.44287155
2023-08-14 10:09:00,82.09,82.11,82.11,82.09,7.95085594
2023-08-14 10:08:00,82.11,82.14,82.14,82.11,3.58873747
2023-08-14 10:07:00,82.15,82.16,82.16,82.16,5.32974767
2023-08-14 10:06:00,82.15,82.17,82.17,82.15,3.29741423
2023-08-14 10:05:00,82.15,82.17,82.16,82.15,22.37551433
2023-08-14 10:04:00,82.15,82.16,82.16,82.16,8.9864465
2023-08-14 10:03:00,82.14,82.17,82.15,82.16,8.74710399
2023-08-14 10:02:00,82.15,82.18,82.18,82.15,16.38173084
2023-08-14 10:01:00,82.17,82.18,82.17,82.18,4.63517921
2023-08-14 10:00:00,82.14,82.18,82.14,82.17,119.50038603
2023-08-14 09:59:00,82.15,82.16,82.15,82.15,3.54732362
2023-08-14 09:58:00,82.14,82.15,82.14,82.15,17.86394667
2023-08-14 09:57:00,82.13,82.15,82.14,82.15,9.68959738
2023-08-14 09:56:00,82.12,82.14,82.13,82.14,4.31607318
2023-08-14 09:55:00,82.1,82.13,82.1,82.13,22.05452318
2023-08-14 09:54:00,82.09,82.1,82.1,82.09,1.61075262
2023-08-14 09:53:00,82.09,82.11,82.1,82.1,3.82815482
2023-08-14 09:52:00,82.1,82.12,82.12,82.11,14.36690322
2023-08-14 09:51:00,82.11,82.12,82.12,82.11,14.39642003
2023-08-14 09:50:00,82.11,82.13,82.13,82.12,16.15425731
2023-08-14 09:49:00,82.12,82.14,82.13,82.13,2.82739508
2023-08-14 09:48:00,82.12,82.13,82.12,82.13,34.39706992
2023-08-14 09:47:00,82.11,82.12,82.12,82.11,12.90764871
2023-08-14 09:46:00,82.12,82.15,82.15,82.12,2.85415277
2023-08-14 09:45:00,82.14,82.15,82.14,82.15,6.90948379
2023-08-14 09:44:00,82.06,82.15,82.06,82.15,85.52503932
2023-08-14 09:43:00,82.04,82.15,82.15,82.06,212.19129626
2023-08-14 09:42:00,82.15,82.2,82.19,82.15,353.55055029
2023-08-14 09:41:00,82.21,82.21,82.21,82.21,0.30278962
2023-08-14 09:40:00,82.2,82.22,82.22,82.21,102.55382864
2023-08-14 09:39:00,82.19,82.22,82.2,82.22,37.68313885
2023-08-14 09:38:00,82.2,82.25,82.24,82.2,151.3583988
2023-08-14 09:37:00,82.24,82.31,82.29,82.24,142.65084363
2023-08-14 09:36:00,82.18,82.28,82.18,82.28,525.26796436
2023-08-14 09:35:00,82.12,82.18,82.12,82.18,23.41767413
2023-08-14 09:34:00,82.12,82.12,82.12,82.12,1.90293027
2023-08-14 09:33:00,82.12,82.15,82.14,82.12,65.50193581
2023-08-14 09:32:00,82.12,82.14,82.13,82.14,18.12480953
2023-08-14 09:31:00,82.12,82.14,82.12,82.12,16.27603731
2023-08-14 09:30:00,82.11,82.13,82.13,82.13,4.96798047
2023-08-14 09:29:00,82.1,82.11,82.1,82.11,0.10256056
2023-08-14 09:28:00,82.08,82.1,82.09,82.09,52.90806828
2023-08-14 09:27:00,82.08,82.12,82.12,82.1,87.53750797
2023-08-14 09:26:00,82.12,82.14,82.14,82.12,43.95564824
2023-08-14 09:25:00,82.14,82.15,82.14,82.14,17.73878104
2023-08-14 09:24:00,82.11,82.15,82.15,82.13,231.22646285
2023-08-14 09:23:00,82.16,82.16,82.16,82.16,30.69136018
2023-08-14 09:22:00,82.15,82.17,82.15,82.16,23.63742812
2023-08-14 09:21:00,82.12,82.15,82.12,82.15,22.97008095
2023-08-14 09:20:00,82.11,82.13,82.11,82.13,11.08534055
2023-08-14 09:19:00,82.12,82.13,82.13,82.12,0.01655858
2023-08-14 09:18:00,82.12,82.14,82.12,82.12,10.07100092
2023-08-14 09:17:00,82.11,82.13,82.11,82.12,7.01066016
2023-08-14 09:16:00,82.11,82.14,82.12,82.13,7.56450787
2023-08-14 09:15:00,82.12,82.16,82.16,82.14,35.08121157
2023-08-14 09:14:00,82.14,82.16,82.15,82.16,8.53281597
2023-08-14 09:13:00,82.14,82.16,82.16,82.15,10.98705694
2023-08-14 09:12:00,82.17,82.18,82.17,82.17,1.59089543
2023-08-14 09:11:00,82.13,82.16,82.13,82.16,54.67475558
2023-08-14 09:10:00,82.14,82.15,82.15,82.14,15.92007144
2023-08-14 09:09:00,82.15,82.17,82.15,82.17,20.24497547
2023-08-14 09:08:00,82.14,82.16,82.15,82.15,22.31778531
2023-08-14 09:07:00,82.14,82.16,82.15,82.15,7.22819917
2023-08-14 09:06:00,82.14,82.15,82.15,82.15,13.21581179
2023-08-14 09:05:00,82.14,82.16,82.14,82.14,6.13900693
2023-08-14 09:04:00,82.14,82.15,82.15,82.14,0.95054383
2023-08-14 09:03:00,82.13,82.17,82.17,82.15,29.77003295
2023-08-14 09:02:00,82.15,82.17,82.17,82.17,1.90272715
2023-08-14 09:01:00,82.15,82.16,82.15,82.16,16.80496255
2023-08-14 09:00:00,82.15,82.19,82.17,82.15,18.36346448
2023-08-14 08:59:00,82.16,82.17,82.16,82.17,14.80092369
2023-08-14 08:58:00,82.15,82.17,82.17,82.16,2.16643035
2023-08-14 08:57:00,82.17,82.17,82.17,82.17,23.02456435
2023-08-14 08:56:00,82.18,82.21,82.21,82.18,5.56153705
2023-08-14 08:55:00,82.2,82.22,82.22,82.21,4.12529648
2023-08-14 08:54:00,82.2,82.22,82.21,82.22,18.81178513
2023-08-14 08:53:00,82.19,82.21,82.19,82.21,1.020712
2023-08-14 08:51:00,82.2,82.22,82.22,82.2,42.97521347
2023-08-14 08:50:00,82.17,82.2,82.17,82.19,62.56511405
2023-08-14 08:49:00,82.15,82.17,82.17,82.16,306.35504522
2023-08-14 08:48:00,82.17,82.18,82.17,82.18,41.79235997
2023-08-14 08:47:00,82.19,82.19,82.19,82.19,0.62373543
2023-08-14 08:46:00,82.18,82.22,82.2,82.18,264.94347918
2023-08-14 08:45:00,82.2,82.21,82.21,82.21,7.84201029
2023-08-14 08:44:00,82.21,82.26,82.26,82.21,90.7271071
2023-08-14 08:43:00,82.25,82.28,82.28,82.25,8.06389475
2023-08-14 08:42:00,82.27,82.3,82.3,82.27,2.16819105
2023-08-14 08:41:00,82.3,82.35,82.35,82.3,137.23522083
2023-08-14 08:40:00,82.35,82.36,82.36,82.35,12.94935951
2023-08-14 08:39:00,82.35,82.36,82.36,82.35,9.75570556
2023-08-14 08:38:00,82.35,82.36,82.36,82.35,5.8416593
2023-08-14 08:37:00,82.35,82.37,82.36,82.36,16.78463242
2023-08-14 08:36:00,82.33,82.35,82.34,82.35,81.78497525
2023-08-14 08:35:00,82.28,82.34,82.29,82.34,39.21626921
2023-08-14 08:34:00,82.26,82.29,82.28,82.29,6.93391676
2023-08-14 08:33:00,82.27,82.28,82.28,82.28,6.71849941
2023-08-14 08:32:00,82.27,82.29,82.28,82.28,8.07601698
2023-08-14 08:31:00,82.25,82.27,82.26,82.27,1.48930686
2023-08-14 08:30:00,82.26,82.27,82.27,82.26,10.89714072
2023-08-14 08:29:00,82.26,82.27,82.27,82.27,11.92630757
2023-08-14 08:28:00,82.26,82.28,82.28,82.26,2.30142921
2023-08-14 08:27:00,82.24,82.28,82.25,82.28,6.99399914
2023-08-14 08:26:00,82.23,82.25,82.25,82.24,7.87739726
2023-08-14 08:25:00,82.23,82.25,82.23,82.25,11.81778342
2023-08-14 08:24:00,82.21,82.24,82.24,82.22,44.2346119
2023-08-14 08:23:00,82.24,82.26,82.25,82.24,8.72389467
2023-08-14 08:22:00,82.25,82.27,82.27,82.25,11.40874243
2023-08-14 08:21:00,82.25,82.28,82.28,82.27,20.22066811
2023-08-14 08:20:00,82.24,82.29,82.24,82.28,60.62759918
2023-08-14 08:19:00,82.25,82.27,82.27,82.26,8.39983765
2023-08-14 08:18:00,82.26,82.29,82.29,82.27,16.86051516
2023-08-14 08:17:00,82.28,82.3,82.28,82.28,8.65547169
2023-08-14 08:16:00,82.25,82.28,82.25,82.28,68.87895993
2023-08-14 08:15:00,82.24,82.25,82.25,82.25,12.27155123
2023-08-14 08:14:00,82.21,82.25,82.21,82.25,76.25526733
2023-08-14 08:13:00,82.2,82.21,82.21,82.21,4.27253702
2023-08-14 08:12:00,82.21,82.26,82.25,82.21,25.72636806
2023-08-14 08:11:00,82.23,82.27,82.27,82.25,15.54710005
2023-08-14 08:10:00,82.27,82.3,82.29,82.28,17.66806322
2023-08-14 08:09:00,82.28,82.3,82.3,82.29,7.2094715
2023-08-14 08:08:00,82.28,82.31,82.28,82.3,12.9917362
2023-08-14 08:07:00,82.25,82.27,82.25,82.27,16.88227525
2023-08-14 08:06:00,82.24,82.26,82.26,82.26,71.29871572
2023-08-14 08:05:00,82.24,82.26,82.24,82.26,17.23484826
2023-08-14 08:04:00,82.24,82.25,82.24,82.25,3.12383984
2023-08-14 08:03:00,82.24,82.25,82.25,82.25,3.7657973
2023-08-14 08:02:00,82.21,82.24,82.23,82.24,96.02179912
2023-08-14 08:01:00,82.13,82.22,82.14,82.22,408.01638494
2023-08-14 08:00:00,82.11,82.14,82.12,82.14,20.24910289
2023-08-14 07:59:00,82.12,82.17,82.17,82.12,20.12199664
2023-08-14 07:58:00,82.1,82.17,82.11,82.17,32.74487457
2023-08-14 07:57:00,82.11,82.16,82.16,82.11,139.77501502
2023-08-14 07:56:00,82.17,82.19,82.17,82.17,17.27898863
2023-08-14 07:55:00,82.17,82.17,82.17,82.17,2.48980993
2023-08-14 07:54:00,82.1,82.16,82.1,82.15,99.54668905
2023-08-14 07:53:00,82.09,82.11,82.11,82.1,17.95103958
2023-08-14 07:52:00,82.09,82.12,82.12,82.09,10.74960233
2023-08-14 07:51:00,82.12,82.14,82.13,82.12,8.36980554
2023-08-14 07:50:00,82.14,82.15,82.15,82.15,20.07140385
2023-08-14 17:50:00,82.43,82.47,82.45,82.45,175.85925014
2023-08-14 17:49:00,82.43,82.45,82.44,82.44,4.5137053
2023-08-14 17:48:00,82.45,82.48,82.48,82.45,34.28913966
2023-08-14 17:47:00,82.46,82.48,82.47,82.47,20.62479017
2023-08-14 17:46:00,82.43,82.45,82.45,82.45,15.17890726
2023-08-14 17:45:00,82.43,82.46,82.44,82.45,16.75611896
2023-08-14 17:44:00,82.42,82.44,82.44,82.43,21.58388721
2023-08-14 17:43:00,82.43,82.47,82.47,82.44,16.78061863
2023-08-14 17:42:00,82.45,82.49,82.49,82.47,76.67468423
2023-08-14 17:41:00,82.49,82.51,82.49,82.49,54.00468696
2023-08-14 17:40:00,82.48,82.51,82.5,82.48,33.32389935
2023-08-14 17:39:00,82.48,82.52,82.52,82.51,8.31016082
2023-08-14 17:38:00,82.51,82.53,82.52,82.53,81.94791316
2023-08-14 17:37:00,82.52,82.54,82.53,82.52,6.71261066
2023-08-14 17:36:00,82.51,82.55,82.52,82.53,35.90172536
2023-08-14 17:35:00,82.51,82.56,82.53,82.51,154.9365349
2023-08-14 17:34:00,82.5,82.55,82.55,82.52,87.44868451
2023-08-14 17:33:00,82.53,82.58,82.58,82.54,10.66141113
2023-08-14 17:32:00,82.57,82.63,82.62,82.58,120.63083785
2023-08-14 17:31:00,82.62,82.66,82.63,82.64,63.92931561
2023-08-14 17:30:00,82.59,82.63,82.6,82.63,159.75644896
2023-08-14 17:29:00,82.59,82.62,82.61,82.6,31.90770356
2023-08-14 17:28:00,82.59,82.61,82.61,82.6,75.84870017
2023-08-14 17:27:00,82.47,82.62,82.53,82.59,719.02614038
2023-08-14 17:26:00,82.51,82.58,82.57,82.53,87.20478737
2023-08-14 17:25:00,82.52,82.58,82.52,82.58,126.81750049
2023-08-14 17:24:00,82.53,82.56,82.55,82.53,25.10015107
2023-08-14 17:23:00,82.52,82.6,82.59,82.54,132.28264213
2023-08-14 17:22:00,82.59,82.66,82.66,82.59,139.79092958
2023-08-14 17:21:00,82.65,82.67,82.67,82.66,9.98779905
2023-08-14 17:20:00,82.62,82.68,82.62,82.67,27.05658797
2023-08-14 17:19:00,82.62,82.64,82.64,82.62,62.09288413
2023-08-14 17:18:00,82.63,82.66,82.66,82.64,17.61976312
2023-08-14 17:17:00,82.65,82.72,82.72,82.65,30.76150998
2023-08-14 17:16:00,82.71,82.74,82.74,82.72,15.26455956
2023-08-14 17:15:00,82.74,82.77,82.76,82.74,19.42198622
2023-08-14 17:14:00,82.76,82.81,82.81,82.77,103.09994873
2023-08-14 17:13:00,82.79,82.82,82.79,82.81,10.15370988
2023-08-14 17:12:00,82.77,82.81,82.77,82.8,9.92771551
2023-08-14 17:11:00,82.76,82.78,82.77,82.77,8.76579959
2023-08-14 17:10:00,82.75,82.76,82.75,82.76,14.88339743
2023-08-14 17:09:00,82.72,82.76,82.73,82.76,27.98879474
2023-08-14 17:08:00,82.72,82.73,82.72,82.73,68.98857306
2023-08-14 17:07:00,82.71,82.76,82.75,82.72,55.37433755
2023-08-14 17:06:00,82.73,82.77,82.75,82.76,6.65167515
2023-08-14 17:05:00,82.75,82.8,82.8,82.75,8.84087056
2023-08-14 17:04:00,82.81,82.83,82.82,82.81,42.71856156
2023-08-14 17:03:00,82.79,82.84,82.79,82.83,636.83105702
2023-08-14 17:02:00,82.79,82.8,82.8,82.8,31.49538194
2023-08-14 17:01:00,82.79,82.8,82.8,82.79,9.18612722
2023-08-14 17:00:00,82.79,82.8,82.79,82.8,16.44363952
2023-08-14 16:59:00,82.78,82.8,82.78,82.8,30.51190746
2023-08-14 16:58:00,82.73,82.78,82.74,82.77,122.10334846
2023-08-14 16:57:00,82.74,82.78,82.77,82.74,94.8217816
2023-08-14 16:56:00,82.76,82.79,82.78,82.76,6.20956851
2023-08-14 16:55:00,82.78,82.8,82.8,82.78,120.8326322
2023-08-14 16:54:00,82.8,82.81,82.8,82.8,42.21744416
2023-08-14 16:53:00,82.79,82.86,82.85,82.79,51.12120746
2023-08-14 16:52:00,82.81,82.86,82.86,82.85,14.74212583
2023-08-14 16:51:00,82.88,82.92,82.91,82.88,27.5640787
2023-08-14 16:50:00,82.88,82.94,82.94,82.91,837.30858566
2023-08-14 16:49:00,82.93,82.94,82.94,82.93,32.71696797
2023-08-14 16:48:00,82.9,82.94,82.9,82.94,113.61030311
2023-08-14 16:47:00,82.9,82.93,82.93,82.9,9.09269852
2023-08-14 16:46:00,82.93,82.98,82.98,82.93,22.88962193
2023-08-14 16:45:00,82.97,82.99,82.98,82.98,39.12099782
2023-08-14 16:44:00,82.96,82.98,82.96,82.97,21.09813228
2023-08-14 16:43:00,82.97,83.02,83.02,82.97,439.03444688
2023-08-14 16:42:00,82.95,83.01,82.95,83.01,168.95554663
2023-08-14 16:41:00,82.94,82.97,82.95,82.95,73.31513498
2023-08-14 16:40:00,82.93,82.95,82.93,82.95,12.83239813
2023-08-14 16:39:00,82.92,82.95,82.94,82.94,106.04580024
2023-08-14 16:38:00,82.92,82.94,82.93,82.93,10.95097452
2023-08-14 16:37:00,82.91,82.93,82.93,82.93,23.82451077
2023-08-14 16:36:00,82.9,82.95,82.9,82.93,374.22374966
2023-08-14 16:35:00,82.87,82.89,82.87,82.89,31.66130586
2023-08-14 16:34:00,82.86,82.89,82.88,82.88,5.29227013
2023-08-14 16:33:00,82.87,82.9,82.89,82.87,19.28842957
2023-08-14 16:32:00,82.87,82.89,82.89,82.88,37.2432849
2023-08-14 16:31:00,82.84,82.89,82.84,82.88,80.27762455
2023-08-14 16:30:00,82.84,82.88,82.88,82.84,24.05934982
2023-08-14 16:29:00,82.83,82.88,82.88,82.88,135.76290096
2023-08-14 16:28:00,82.87,82.9,82.89,82.89,50.1249391
2023-08-14 16:27:00,82.86,82.9,82.89,82.89,38.16650327
2023-08-14 16:26:00,82.83,82.89,82.84,82.88,33.36732097
2023-08-14 16:25:00,82.79,82.86,82.8,82.85,126.16270864
2023-08-14 16:24:00,82.76,82.8,82.77,82.79,67.62608257
2023-08-14 16:23:00,82.77,82.79,82.79,82.77,27.00413695
2023-08-14 16:22:00,82.79,82.86,82.86,82.79,94.53678422
2023-08-14 16:21:00,82.85,82.87,82.87,82.86,34.45157301
2023-08-14 16:20:00,82.87,82.91,82.89,82.89,98.15666462
2023-08-14 16:19:00,82.88,82.91,82.91,82.89,50.72954502
2023-08-14 16:18:00,82.74,82.92,82.79,82.89,868.62352804
2023-08-14 16:17:00,82.78,82.81,82.78,82.79,18.63485562
2023-08-14 16:16:00,82.77,82.8,82.78,82.8,20.97675515
2023-08-14 16:15:00,82.7,82.77,82.7,82.77,17.31629369
2023-08-14 16:14:00,82.7,82.71,82.71,82.71,6.65921808
2023-08-14 16:13:00,82.7,82.74,82.72,82.7,268.05817238
2023-08-14 16:12:00,82.71,82.72,82.71,82.72,13.60907546
2023-08-14 16:11:00,82.7,82.72,82.72,82.7,12.66245529
2023-08-14 16:10:00,82.72,82.72,82.72,82.72,4.4910086
2023-08-14 16:09:00,82.69,82.72,82.72,82.72,42.23380887
2023-08-14 16:08:00,82.63,82.69,82.63,82.68,51.98271
2023-08-14 16:07:00,82.61,82.63,82.61,82.63,21.78784519
2023-08-14 16:06:00,82.56,82.62,82.59,82.62,353.04044512
2023-08-14 16:05:00,82.6,82.61,82.61,82.6,13.89483984
2023-08-14 16:04:00,82.63,82.69,82.68,82.63,75.43411288
2023-08-14 16:03:00,82.66,82.69,82.69,82.68,120.32222675
2023-08-14 16:02:00,82.68,82.71,82.69,82.69,53.56455986
2023-08-14 16:01:00,82.72,82.76,82.76,82.72,70.43724506
2023-08-14 16:00:00,82.69,82.77,82.69,82.76,120.91889118
2023-08-14 15:59:00,82.67,82.71,82.71,82.7,35.90014756
2023-08-14 15:58:00,82.7,82.75,82.73,82.72,33.97099714
2023-08-14 15:57:00,82.71,82.74,82.72,82.73,90.03145487
2023-08-14 15:56:00,82.72,82.76,82.74,82.72,48.67021736
2023-08-14 15:55:00,82.69,82.73,82.69,82.72,25.55446892
2023-08-14 15:54:00,82.68,82.7,82.69,82.7,65.05330945
2023-08-14 15:53:00,82.67,82.7,82.68,82.69,48.55004738
2023-08-14 15:52:00,82.68,82.77,82.77,82.69,59.76371663
2023-08-14 15:51:00,82.77,82.79,82.79,82.77,71.74606069
2023-08-14 15:50:00,82.65,82.79,82.65,82.77,40.94785797
2023-08-14 15:49:00,82.59,82.64,82.6,82.64,16.59328227
2023-08-14 15:48:00,82.57,82.64,82.64,82.6,72.97629276
2023-08-14 15:47:00,82.58,82.71,82.71,82.64,165.54121648
2023-08-14 15:46:00,82.7,82.74,82.72,82.71,153.94845459
2023-08-14 15:45:00,82.67,82.73,82.67,82.72,19.76977715
2023-08-14 15:44:00,82.67,82.72,82.7,82.68,68.62796893
2023-08-14 15:43:00,82.68,82.74,82.7,82.71,116.9765042
2023-08-14 15:42:00,82.65,82.72,82.65,82.72,68.19561698
2023-08-14 15:41:00,82.63,82.69,82.63,82.65,133.42748649
2023-08-14 15:40:00,82.6,82.67,82.66,82.63,846.15829117
2023-08-14 15:39:00,82.67,82.77,82.76,82.68,615.68586387
2023-08-14 15:38:00,82.64,82.82,82.66,82.78,1181.86839246
2023-08-14 15:37:00,82.52,82.7,82.53,82.65,1440.37967877
2023-08-14 15:36:00,82.54,82.59,82.58,82.55,58.2905954
2023-08-14 15:35:00,82.48,82.57,82.5,82.57,241.58730908
2023-08-14 15:34:00,82.45,82.53,82.45,82.51,1014.28451698
2023-08-14 15:33:00,82.38,82.45,82.38,82.44,48.42355967
2023-08-14 15:32:00,82.38,82.44,82.39,82.38,143.51583944
2023-08-14 15:31:00,82.38,82.4,82.4,82.4,6.91561801
2023-08-14 15:30:00,82.38,82.4,82.38,82.39,10.93053131
2023-08-14 15:29:00,82.37,82.38,82.38,82.37,55.74085135
2023-08-14 15:28:00,82.34,82.4,82.34,82.4,131.68579349
2023-08-14 15:27:00,82.33,82.44,82.42,82.34,131.82603292
2023-08-14 15:26:00,82.31,82.41,82.31,82.41,117.3407123
2023-08-14 15:25:00,82.29,82.31,82.3,82.31,25.3407954
2023-08-14 15:24:00,82.23,82.3,82.23,82.3,12.68917567
2023-08-14 15:23:00,82.23,82.26,82.26,82.24,37.40167376
2023-08-14 15:22:00,82.18,82.26,82.18,82.26,101.64101892
2023-08-14 15:21:00,82.18,82.2,82.19,82.19,6.90739745
2023-08-14 15:20:00,82.19,82.2,82.19,82.19,16.34231921
2023-08-14 15:19:00,82.18,82.22,82.22,82.2,19.7058152
2023-08-14 15:18:00,82.2,82.24,82.23,82.23,22.32415539
2023-08-14 15:17:00,82.19,82.24,82.19,82.22,158.61411534
2023-08-14 15:16:00,82.16,82.21,82.17,82.19,29.97262438
2023-08-14 15:15:00,82.12,82.16,82.13,82.15,73.22938384
2023-08-14 15:14:00,82.13,82.16,82.16,82.14,8.07188663
2023-08-14 15:13:00,82.12,82.17,82.14,82.16,71.20792483
2023-08-14 15:12:00,82.11,82.15,82.13,82.14,17.95854112
2023-08-14 15:11:00,82.12,82.17,82.15,82.13,34.60414634
2023-08-14 15:10:00,82.15,82.17,82.15,82.17,16.99693664
2023-08-14 15:09:00,82.14,82.17,82.15,82.15,53.98122471
2023-08-14 15:08:00,82.11,82.15,82.11,82.15,36.38426891
2023-08-14 15:07:00,82.11,82.13,82.11,82.11,51.18332199
2023-08-14 15:06:00,82.12,82.16,82.16,82.12,26.1563226
2023-08-14 15:05:00,82.11,82.16,82.12,82.16,9.30639322
2023-08-14 15:04:00,82.08,82.16,82.16,82.11,143.4514858
2023-08-14 15:03:00,82.16,82.18,82.18,82.17,72.58537833
2023-08-14 15:02:00,82.18,82.22,82.18,82.19,52.112813
2023-08-14 15:01:00,82.17,82.2,82.19,82.19,58.85434543
2023-08-14 15:00:00,82.18,82.22,82.21,82.19,58.50184759
2023-08-14 14:59:00,82.15,82.24,82.18,82.24,94.5007535
2023-08-14 14:58:00,82.18,82.19,82.19,82.19,50.89702951
2023-08-14 14:57:00,82.19,82.26,82.25,82.19,18.78112389
2023-08-14 14:56:00,82.25,82.28,82.28,82.26,18.64771786
2023-08-14 14:55:00,82.27,82.3,82.28,82.28,24.59194346
2023-08-14 14:54:00,82.28,82.3,82.28,82.28,10.34448343
2023-08-14 14:53:00,82.27,82.34,82.34,82.27,34.36910699
2023-08-14 14:52:00,82.33,82.36,82.33,82.34,110.49271923
2023-08-14 14:51:00,82.31,82.36,82.35,82.33,98.19940219
2023-08-14 14:50:00,82.26,82.35,82.26,82.35,30.36249125
2023-08-14 14:49:00,82.22,82.27,82.23,82.25,81.02067728
2023-08-14 14:48:00,82.23,82.29,82.26,82.23,13.59975627
2023-08-14 14:47:00,82.24,82.27,82.25,82.25,106.58582484
2023-08-14 14:46:00,82.25,82.29,82.28,82.26,60.01048256
2023-08-14 14:45:00,82.27,82.37,82.33,82.27,109.01787801
2023-08-14 14:44:00,82.33,82.42,82.41,82.34,228.11001902
2023-08-14 14:43:00,82.32,82.41,82.32,82.41,222.61915447
2023-08-14 14:42:00,82.3,82.36,82.31,82.31,153.29356753
2023-08-14 14:41:00,82.28,82.33,82.28,82.31,168.3212722
2023-08-14 14:40:00,82.25,82.3,82.25,82.3,90.95173475
2023-08-14 14:39:00,82.21,82.29,82.23,82.24,359.76366935
2023-08-14 14:38:00,82.2,82.24,82.23,82.24,264.69809098
2023-08-14 14:37:00,82.2,82.23,82.22,82.23,42.45362682
2023-08-14 14:36:00,82.18,82.22,82.22,82.22,85.12193832
2023-08-14 14:35:00,82.19,82.23,82.21,82.22,26.77552109
2023-08-14 14:34:00,82.17,82.22,82.17,82.22,128.62441926
2023-08-14 14:33:00,82.16,82.19,82.18,82.16,77.30474457
2023-08-14 14:32:00,82.15,82.18,82.18,82.16,62.89084971
2023-08-14 14:31:00,82.16,82.18,82.17,82.18,15.76895001
2023-08-14 14:30:00,82.14,82.17,82.14,82.17,10.5821867
2023-08-14 14:29:00,82.14,82.15,82.15,82.14,73.12365018
2023-08-14 14:28:00,82.15,82.18,82.18,82.15,47.29942432
2023-08-14 14:27:00,82.18,82.2,82.2,82.18,23.91378758
2023-08-14 14:26:00,82.14,82.19,82.17,82.19,136.04134718
2023-08-14 14:25:00,82.15,82.18,82.15,82.18,31.29673087
2023-08-14 14:24:00,82.14,82.17,82.15,82.14,43.39354112
2023-08-14 14:23:00,82.13,82.17,82.15,82.15,47.32538563
2023-08-14 14:22:00,82.13,82.17,82.14,82.17,101.2190535
2023-08-14 14:21:00,82.08,82.14,82.08,82.14,124.27141286
2023-08-14 14:20:00,82.04,82.08,82.05,82.08,58.79609588
2023-08-14 14:19:00,82.03,82.06,82.06,82.06,149.07682848
2023-08-14 14:18:00,82.05,82.09,82.09,82.05,107.67954722
2023-08-14 14:17:00,82.08,82.11,82.11,82.09,66.66534294
2023-08-14 14:16:00,82.1,82.13,82.13,82.11,55.1490313
2023-08-14 14:15:00,82.12,82.14,82.13,82.13,20.03686694
2023-08-14 14:14:00,82.12,82.15,82.15,82.14,43.3290564
2023-08-14 14:13:00,82.11,82.14,82.12,82.14,155.70781082
2023-08-14 14:12:00,82.08,82.12,82.1,82.12,138.64703476
2023-08-14 14:11:00,82.06,82.1,82.07,82.1,343.17056163
2023-08-14 14:10:00,82.07,82.08,82.07,82.07,17.91150277
2023-08-14 14:09:00,82.07,82.09,82.08,82.08,134.96294006
2023-08-14 14:08:00,82.06,82.07,82.07,82.07,23.41658751
2023-08-14 14:07:00,82.06,82.07,82.06,82.07,12.40162126
2023-08-14 14:06:00,82.04,82.07,82.04,82.06,97.45713925
2023-08-14 14:05:00,82.03,82.06,82.06,82.04,77.93343657
2023-08-14 14:04:00,82.0,82.04,82.02,82.04,356.97015535
2023-08-14 14:03:00,82.02,82.05,82.05,82.03,50.82169305
2023-08-14 14:02:00,82.04,82.06,82.04,82.06,69.06443283
2023-08-14 14:01:00,82.03,82.04,82.04,82.03,20.25263907
2023-08-14 14:00:00,82.03,82.04,82.03,82.04,9.04531457
2023-08-14 13:59:00,82.02,82.04,82.02,82.03,64.59789359
2023-08-14 13:58:00,82.01,82.02,82.01,82.02,89.18821165
2023-08-14 13:57:00,82.0,82.01,82.0,82.01,46.4841287
2023-08-14 13:56:00,82.0,82.02,82.01,82.01,22.64525542
2023-08-14 13:55:00,82.0,82.06,82.06,82.02,376.0452655
2023-08-14 13:54:00,82.04,82.06,82.04,82.06,60.36379152
2023-08-14 13:53:00,82.0,82.05,82.0,82.05,33.15186467
2023-08-14 13:52:00,82.0,82.01,82.01,82.01,28.78893663
2023-08-14 13:51:00,81.92,82.04,81.92,82.01,395.38350209
2023-08-14 13:50:00,81.89,81.92,81.89,81.92,160.12673423
2023-08-14 13:49:00,81.87,81.87,81.87,81.87,238.1723042
2023-08-14 13:48:00,81.86,81.94,81.93,81.87,695.02486048
2023-08-14 13:47:00,81.93,81.97,81.96,81.94,121.22345985
2023-08-14 13:46:00,81.93,81.97,81.93,81.97,255.02697411
2023-08-14 13:45:00,81.86,81.93,81.86,81.92,176.19956872
2023-08-14 13:44:00,81.85,81.88,81.87,81.88,16.53862564
2023-08-14 13:43:00,81.87,81.9,81.89,81.87,56.58442764
2023-08-14 13:42:00,81.88,81.91,81.9,81.9,67.15583169
2023-08-14 13:41:00,81.9,81.93,81.91,81.9,25.41049773
2023-08-14 13:40:00,81.87,81.91,81.88,81.9,170.84955988
2023-08-14 13:39:00,81.86,81.89,81.86,81.88,38.41928036
2023-08-14 13:38:00,81.82,81.87,81.82,81.86,48.12879768
2023-08-14 13:37:00,81.82,81.88,81.88,81.82,70.36694482
2023-08-14 13:36:00,81.87,81.9,81.89,81.88,24.05802125
2023-08-14 13:35:00,81.88,81.91,81.9,81.9,15.74372521
2023-08-14 13:34:00,81.88,81.91,81.9,81.91,30.92932251
2023-08-14 13:33:00,81.88,81.92,81.88,81.9,69.5277106
2023-08-14 13:32:00,81.82,81.87,81.84,81.87,59.17472943
2023-08-14 13:31:00,81.81,81.86,81.81,81.84,138.7146902
2023-08-14 13:30:00,81.79,81.81,81.8,81.81,13.39063391
2023-08-14 13:29:00,81.8,81.83,81.82,81.8,45.41151128
2023-08-14 13:28:00,81.79,81.83,81.79,81.82,16.72965852
2023-08-14 13:27:00,81.79,81.82,81.82,81.79,1.74692301
2023-08-14 13:26:00,81.8,81.82,81.81,81.8,4.03781056
2023-08-14 13:25:00,81.8,81.82,81.8,81.81,39.41372509
2023-08-14 13:24:00,81.79,81.81,81.8,81.81,4.44235263
2023-08-14 13:23:00,81.79,81.82,81.81,81.79,29.51626195
2023-08-14 13:22:00,81.81,81.83,81.83,81.83,78.93997109
2023-08-14 13:21:00,81.81,81.83,81.83,81.81,6.88814398
2023-08-14 13:20:00,81.8,81.83,81.81,81.83,25.51388767
2023-08-14 13:19:00,81.81,81.82,81.81,81.81,4.12687095
2023-08-14 13:18:00,81.8,81.82,81.82,81.8,28.75212049
2023-08-14 13:17:00,81.81,81.83,81.83,81.82,13.78535956
2023-08-14 13:16:00,81.79,81.82,81.79,81.82,79.5308472
2023-08-14 13:15:00,81.75,81.79,81.76,81.78,33.51606212
2023-08-14 13:14:00,81.76,81.79,81.76,81.77,61.96405402
2023-08-14 13:13:00,81.76,81.77,81.76,81.77,19.64397531
2023-08-14 13:12:00,81.77,81.78,81.78,81.77,47.00805708
2023-08-14 13:11:00,81.77,81.79,81.79,81.78,98.41235442
2023-08-14 13:10:00,81.8,81.81,81.8,81.8,39.60465247
2023-08-14 13:09:00,81.8,81.82,81.8,81.81,29.72869508
2023-08-14 13:08:00,81.8,81.82,81.82,81.81,20.21021239
2023-08-14 13:07:00,81.8,81.82,81.82,81.81,77.10161712
2023-08-14 13:06:00,81.82,81.84,81.83,81.82,13.34703557
2023-08-14 13:05:00,81.82,81.84,81.83,81.82,8.49310666
2023-08-14 13:04:00,81.81,81.83,81.81,81.82,17.47867598
2023-08-14 13:03:00,81.8,81.81,81.8,81.8,3.77314159
2023-08-14 13:02:00,81.81,81.89,81.87,81.81,129.54832315
2023-08-14 13:01:00,81.86,81.88,81.87,81.88,208.37494457
2023-08-14 13:00:00,81.87,81.89,81.89,81.88,7.89216979
2023-08-14 12:59:00,81.87,81.89,81.88,81.89,7.85739057
2023-08-14 12:58:00,81.88,81.89,81.89,81.88,25.32583637
2023-08-14 12:57:00,81.88,81.9,81.9,81.89,38.47682425
2023-08-14 12:56:00,81.88,81.91,81.88,81.89,37.2678339
2023-08-14 12:55:00,81.85,81.86,81.86,81.86,10.13541741
2023-08-14 12:54:00,81.84,81.86,81.86,81.86,48.36362913
2023-08-14 12:53:00,81.87,81.91,81.9,81.87,47.33483122
2023-08-14 12:52:00,81.88,81.91,81.89,81.91,11.52109061
2023-08-14 12:51:00,81.85,81.88,81.86,81.88,41.19524168
2023-08-14 12:50:00,81.85,81.89,81.85,81.85,32.52453098
2023-08-14 22:50:00,82.14,82.17,82.16,82.15,32.65086036
2023-08-14 22:49:00,82.17,82.19,82.19,82.17,20.68096678
2023-08-14 22:48:00,82.18,82.19,82.18,82.19,25.14854554
2023-08-14 22:47:00,82.18,82.2,82.2,82.19,8.92690487
2023-08-14 22:46:00,82.18,82.2,82.19,82.2,70.4188565
2023-08-14 22:45:00,82.19,82.22,82.19,82.19,12.76058153
2023-08-14 22:44:00,82.17,82.2,82.18,82.2,9.95840527
2023-08-14 22:43:00,82.17,82.18,82.18,82.17,17.11681896
2023-08-14 22:42:00,82.17,82.23,82.2,82.18,87.03935809
2023-08-14 22:41:00,82.19,82.21,82.2,82.21,40.27138202
2023-08-14 22:40:00,82.18,82.2,82.19,82.2,7.40552756
2023-08-14 22:39:00,82.19,82.21,82.2,82.21,8.36260657
2023-08-14 22:38:00,82.19,82.2,82.2,82.2,9.80710201
2023-08-14 22:37:00,82.18,82.2,82.19,82.2,11.62887995
2023-08-14 22:36:00,82.18,82.21,82.21,82.19,7.9370302
2023-08-14 22:35:00,82.17,82.22,82.17,82.21,26.03608087
2023-08-14 22:34:00,82.18,82.23,82.23,82.18,191.59723894
2023-08-14 22:33:00,82.23,82.28,82.28,82.23,66.13134636
2023-08-14 22:32:00,82.25,82.28,82.26,82.27,25.91661287
2023-08-14 22:31:00,82.24,82.27,82.24,82.25,57.99730459
2023-08-14 22:30:00,82.23,82.24,82.24,82.24,8.7466634
2023-08-14 22:29:00,82.22,82.24,82.22,82.24,19.48199586
2023-08-14 22:28:00,82.23,82.25,82.25,82.25,26.48697747
2023-08-14 22:27:00,82.24,82.26,82.26,82.25,68.50358023
2023-08-14 22:26:00,82.24,82.27,82.27,82.26,31.61310449
2023-08-14 22:25:00,82.22,82.26,82.22,82.25,10.12527653
2023-08-14 22:24:00,82.17,82.23,82.17,82.23,62.16652779
2023-08-14 22:23:00,82.16,82.17,82.16,82.16,5.51511103
2023-08-14 22:22:00,82.17,82.18,82.17,82.17,7.00370933
2023-08-14 22:21:00,82.14,82.17,82.14,82.17,94.62255259
2023-08-14 22:20:00,82.14,82.16,82.16,82.14,19.85574027
2023-08-14 22:19:00,82.15,82.19,82.19,82.17,23.47910328
2023-08-14 22:18:00,82.17,82.19,82.18,82.19,8.72752861
2023-08-14 22:17:00,82.17,82.18,82.18,82.17,35.92917235
2023-08-14 22:16:00,82.16,82.18,82.18,82.17,6.79526532
2023-08-14 22:15:00,82.13,82.18,82.13,82.18,48.20381116
2023-08-14 22:14:00,82.13,82.23,82.19,82.14,318.05697844
2023-08-14 22:13:00,82.18,82.19,82.19,82.19,14.95081679
2023-08-14 22:12:00,82.18,82.19,82.19,82.19,24.33998709
2023-08-14 22:11:00,82.18,82.19,82.19,82.19,8.57354819
2023-08-14 22:10:00,82.17,82.19,82.18,82.17,13.49491554
2023-08-14 22:09:00,82.18,82.2,82.2,82.19,43.69534357
2023-08-14 22:08:00,82.18,82.22,82.18,82.2,43.64194713
2023-08-14 22:07:00,82.17,82.19,82.18,82.19,12.73849856
2023-08-14 22:06:00,82.14,82.18,82.15,82.18,34.05284099
2023-08-14 22:05:00,82.15,82.17,82.17,82.15,20.32953912
2023-08-14 22:04:00,82.15,82.17,82.16,82.17,55.59193149
2023-08-14 22:03:00,82.17,82.19,82.19,82.17,73.44676878
2023-08-14 22:02:00,82.19,82.22,82.21,82.2,47.96275009
2023-08-14 22:01:00,82.2,82.22,82.21,82.21,34.97664943
2023-08-14 22:00:00,82.18,82.2,82.18,82.2,27.91158189
2023-08-14 21:59:00,82.19,82.21,82.21,82.19,10.44070716
2023-08-14 21:58:00,82.19,82.21,82.2,82.19,12.87402449
2023-08-14 21:57:00,82.19,82.21,82.19,82.2,17.49551651
2023-08-14 21:56:00,82.18,82.21,82.2,82.2,17.67945845
2023-08-14 21:55:00,82.19,82.21,82.2,82.21,28.21166998
2023-08-14 21:54:00,82.19,82.23,82.23,82.19,80.01844768
2023-08-14 21:53:00,82.22,82.23,82.23,82.23,97.07470137
2023-08-14 21:52:00,82.22,82.24,82.24,82.23,11.22709227
2023-08-14 21:51:00,82.23,82.25,82.25,82.23,33.1937311
2023-08-14 21:50:00,82.23,82.26,82.26,82.25,26.7890464
2023-08-14 21:49:00,82.25,82.28,82.27,82.27,23.50134598
2023-08-14 21:48:00,82.28,82.31,82.29,82.28,48.767527
2023-08-14 21:47:00,82.16,82.3,82.16,82.3,254.00737386
2023-08-14 21:46:00,82.15,82.16,82.16,82.16,16.77128365
2023-08-14 21:45:00,82.15,82.16,82.16,82.15,8.52435541
2023-08-14 21:44:00,82.15,82.19,82.19,82.15,28.69096028
2023-08-14 21:43:00,82.16,82.19,82.16,82.19,87.59385108
2023-08-14 21:42:00,82.14,82.15,82.14,82.15,11.37074146
2023-08-14 21:41:00,82.11,82.15,82.12,82.15,12.50847001
2023-08-14 21:40:00,82.1,82.12,82.12,82.12,34.00660026
2023-08-14 21:39:00,82.11,82.12,82.11,82.12,7.20576746
2023-08-14 21:38:00,82.09,82.11,82.11,82.09,11.1844135
2023-08-14 21:37:00,82.09,82.11,82.1,82.11,14.07818746
2023-08-14 21:36:00,82.09,82.11,82.11,82.1,17.48108106
2023-08-14 21:35:00,82.08,82.11,82.08,82.09,32.76301643
2023-08-14 21:34:00,82.08,82.09,82.09,82.08,19.22898777
2023-08-14 21:33:00,82.08,82.1,82.09,82.09,8.52180658
2023-08-14 21:32:00,82.08,82.09,82.09,82.09,8.45937385
2023-08-14 21:31:00,82.08,82.1,82.09,82.09,10.8812473
2023-08-14 21:30:00,82.07,82.09,82.09,82.09,12.74119696
2023-08-14 21:29:00,82.07,82.09,82.09,82.09,25.55279827
2023-08-14 21:28:00,82.04,82.06,82.04,82.06,56.96531178
2023-08-14 21:27:00,82.01,82.03,82.02,82.01,65.29812126
2023-08-14 21:26:00,82.02,82.04,82.04,82.03,27.33250901
2023-08-14 21:25:00,82.03,82.04,82.03,82.04,20.02473791
2023-08-14 21:24:00,82.04,82.06,82.04,82.05,72.50191211
2023-08-14 21:23:00,82.04,82.06,82.05,82.05,39.09536878
2023-08-14 21:22:00,82.04,82.06,82.05,82.05,20.85026812
2023-08-14 21:21:00,82.05,82.07,82.07,82.05,15.86202117
2023-08-14 21:20:00,82.06,82.08,82.07,82.07,6.06470725
2023-08-14 21:19:00,82.04,82.06,82.05,82.05,40.958124
2023-08-14 21:18:00,82.04,82.05,82.05,82.05,7.81891428
2023-08-14 21:17:00,82.04,82.05,82.04,82.05,15.62761551
2023-08-14 21:16:00,82.04,82.05,82.04,82.04,40.39151386
2023-08-14 21:15:00,82.04,82.05,82.05,82.05,15.16887902
2023-08-14 21:14:00,82.02,82.04,82.02,82.03,54.63466818
2023-08-14 21:13:00,82.02,82.05,82.05,82.03,30.82959346
2023-08-14 21:12:00,82.04,82.06,82.05,82.06,22.5439033
2023-08-14 21:11:00,82.04,82.05,82.05,82.05,14.49503317
2023-08-14 21:10:00,82.04,82.06,82.05,82.05,27.84364045
2023-08-14 21:09:00,82.05,82.08,82.07,82.06,10.73486446
2023-08-14 21:08:00,82.04,82.08,82.05,82.08,28.81420238
2023-08-14 21:07:00,82.04,82.06,82.06,82.04,17.83027307
2023-08-14 21:06:00,82.04,82.06,82.04,82.06,53.9136918
2023-08-14 21:05:00,82.01,82.05,82.03,82.04,72.30767757
2023-08-14 21:04:00,82.01,82.03,82.02,82.02,80.53714329
2023-08-14 21:03:00,82.01,82.06,82.05,82.02,76.79445467
2023-08-14 21:02:00,82.05,82.06,82.05,82.06,11.93070035
2023-08-14 21:01:00,82.04,82.06,82.04,82.06,26.77866722
2023-08-14 21:00:00,82.0,82.05,82.0,82.05,30.84632389
2023-08-14 20:59:00,81.99,82.01,82.0,82.01,8.61772669
2023-08-14 20:58:00,81.99,82.01,82.0,82.0,27.3227889
2023-08-14 20:57:00,82.01,82.03,82.03,82.03,23.12634756
2023-08-14 20:56:00,82.02,82.03,82.03,82.03,39.33002887
2023-08-14 20:55:00,82.02,82.03,82.02,82.03,14.85659241
2023-08-14 20:54:00,82.01,82.03,82.03,82.02,27.70335511
2023-08-14 20:53:00,82.01,82.03,82.02,82.02,7.09747881
2023-08-14 20:52:00,82.01,82.03,82.03,82.03,16.43901821
2023-08-14 20:51:00,82.02,82.05,82.05,82.03,18.349847
2023-08-14 20:50:00,82.03,82.05,82.04,82.05,29.93160192
2023-08-14 20:49:00,82.04,82.05,82.05,82.04,14.20188918
2023-08-14 20:48:00,82.04,82.05,82.05,82.05,6.88251755
2023-08-14 20:47:00,82.04,82.06,82.05,82.04,5.2375714
2023-08-14 20:46:00,82.04,82.07,82.07,82.05,15.10998119
2023-08-14 20:45:00,82.06,82.09,82.06,82.07,79.15960796
2023-08-14 20:44:00,82.05,82.06,82.05,82.06,16.42522068
2023-08-14 20:43:00,82.05,82.05,82.05,82.05,19.84895931
2023-08-14 20:42:00,82.02,82.05,82.03,82.04,2.20773547
2023-08-14 20:41:00,82.02,82.06,82.06,82.04,4.88828199
2023-08-14 20:40:00,82.04,82.06,82.05,82.06,23.32785441
2023-08-14 20:39:00,82.03,82.05,82.03,82.04,48.76207221
2023-08-14 20:38:00,82.01,82.04,82.04,82.03,103.33285174
2023-08-14 20:37:00,82.04,82.06,82.05,82.05,8.76670551
2023-08-14 20:36:00,82.04,82.07,82.07,82.04,83.60958597
2023-08-14 20:35:00,82.07,82.08,82.08,82.08,22.45564419
2023-08-14 20:34:00,82.04,82.08,82.05,82.08,16.57197789
2023-08-14 20:33:00,82.04,82.06,82.06,82.05,4.65400956
2023-08-14 20:32:00,82.04,82.05,82.04,82.05,23.27520229
2023-08-14 20:31:00,82.03,82.06,82.05,82.05,65.47301024
2023-08-14 20:30:00,82.04,82.07,82.06,82.06,45.26458878
2023-08-14 20:29:00,82.01,82.05,82.01,82.05,143.95112422
2023-08-14 20:28:00,82.0,82.01,82.01,82.01,15.88243415
2023-08-14 20:27:00,81.98,82.01,81.99,82.01,13.48256624
2023-08-14 20:26:00,81.98,81.99,81.99,81.98,4.40987127
2023-08-14 20:25:00,81.98,82.01,81.99,81.98,12.85443434
2023-08-14 20:24:00,81.98,82.01,81.99,82.01,30.55485579
2023-08-14 20:23:00,81.97,81.99,81.98,81.99,23.41716506
2023-08-14 20:22:00,81.97,82.0,82.0,81.98,10.47550055
2023-08-14 20:21:00,81.99,82.01,82.01,82.0,7.49686043
2023-08-14 20:20:00,81.98,82.01,81.98,82.01,27.30059436
2023-08-14 20:19:00,81.98,82.01,82.01,81.99,11.09565673
2023-08-14 20:18:00,82.0,82.01,82.01,82.01,44.39041126
2023-08-14 20:17:00,81.98,82.02,81.98,82.02,15.00839987
2023-08-14 20:16:00,81.97,81.99,81.99,81.99,64.36354231
2023-08-14 20:15:00,81.99,82.01,82.0,81.99,17.59803543
2023-08-14 20:14:00,81.99,82.02,81.99,82.02,10.02836047
2023-08-14 20:13:00,81.99,82.0,82.0,82.0,8.72768669
2023-08-14 20:12:00,81.95,81.99,81.97,81.99,63.40824208
2023-08-14 20:11:00,81.96,82.0,81.97,81.98,34.68965017
2023-08-14 20:10:00,81.94,81.97,81.95,81.97,6.95054548
2023-08-14 20:09:00,81.92,81.94,81.92,81.94,19.05144178
2023-08-14 20:08:00,81.91,81.93,81.92,81.93,72.41585477
2023-08-14 20:07:00,81.91,81.92,81.91,81.92,15.11576687
2023-08-14 20:06:00,81.91,81.96,81.92,81.92,132.72765916
2023-08-14 20:05:00,81.87,81.93,81.87,81.91,11.45550789
2023-08-14 20:04:00,81.82,81.89,81.82,81.88,93.79603981
2023-08-14 20:03:00,81.83,81.88,81.88,81.84,75.00238259
2023-08-14 20:02:00,81.89,81.91,81.91,81.89,11.04743295
2023-08-14 20:01:00,81.9,81.92,81.91,81.91,21.31918443
2023-08-14 20:00:00,81.9,81.95,81.95,81.91,84.364013
2023-08-14 19:59:00,81.94,81.95,81.95,81.95,12.85874479
2023-08-14 19:58:00,81.94,81.96,81.95,81.96,6.03681202
2023-08-14 19:57:00,81.94,81.96,81.94,81.95,176.48501013
2023-08-14 19:56:00,81.94,81.97,81.97,81.94,43.60924343
2023-08-14 19:55:00,81.96,82.0,82.0,81.97,24.41790242
2023-08-14 19:54:00,81.97,81.98,81.98,81.97,9.68493292
2023-08-14 19:53:00,81.96,81.99,81.99,81.98,21.63428616
2023-08-14 19:52:00,81.98,82.0,81.99,81.98,36.15662153
2023-08-14 19:51:00,81.98,82.02,82.02,81.99,19.62704933
2023-08-14 19:50:00,82.0,82.02,82.0,82.02,5.52319481
2023-08-14 19:49:00,82.0,82.01,82.0,82.01,6.81582018
2023-08-14 19:48:00,81.99,82.0,82.0,81.99,4.78564499
2023-08-14 19:47:00,81.99,82.01,82.0,82.0,16.40150216
2023-08-14 19:46:00,81.99,82.02,82.02,82.01,113.96129952
2023-08-14 19:45:00,81.98,82.03,81.98,82.03,4.38304049
2023-08-14 19:44:00,81.97,82.0,81.99,81.97,4.08233571
2023-08-14 19:43:00,81.98,82.0,81.98,81.99,52.80057011
2023-08-14 19:42:00,81.97,82.01,82.0,81.98,24.08824752
2023-08-14 19:41:00,81.98,81.99,81.99,81.99,21.83253837
2023-08-14 19:40:00,81.99,82.01,82.01,81.99,19.55066603
2023-08-14 19:39:00,81.98,82.01,82.0,82.01,11.53942436
2023-08-14 19:38:00,81.98,82.0,82.0,82.0,8.47871678
2023-08-14 19:37:00,81.95,82.0,81.97,82.0,31.34778264
2023-08-14 19:36:00,81.96,81.97,81.96,81.97,41.40750027
2023-08-14 19:35:00,81.93,81.98,81.98,81.96,305.87981656
2023-08-14 19:34:00,81.96,82.01,82.01,81.98,35.29080211
2023-08-14 19:33:00,81.99,82.02,82.0,82.01,16.17729258
2023-08-14 19:32:00,81.96,82.02,81.97,82.02,21.85427707
2023-08-14 19:31:00,81.91,81.97,81.93,81.97,115.86511699
2023-08-14 19:30:00,81.92,81.96,81.95,81.93,33.26335605
2023-08-14 19:29:00,81.94,81.97,81.97,81.96,45.36555561
2023-08-14 19:28:00,81.97,81.98,81.97,81.97,14.52301511
2023-08-14 19:27:00,81.96,81.98,81.96,81.98,38.74469069
2023-08-14 19:26:00,81.93,81.97,81.93,81.97,8.5991941
2023-08-14 19:25:00,81.94,81.97,81.97,81.95,84.19688227
2023-08-14 19:24:00,81.95,81.97,81.95,81.97,18.62274011
2023-08-14 19:23:00,81.94,81.97,81.94,81.96,20.54272822
2023-08-14 19:22:00,81.9,81.94,81.9,81.94,37.88746873
2023-08-14 19:21:00,81.93,81.96,81.96,81.93,62.95874864
2023-08-14 19:20:00,81.95,81.96,81.95,81.96,24.43300416
2023-08-14 19:19:00,81.92,81.95,81.93,81.95,14.00404173
2023-08-14 19:18:00,81.9,81.93,81.9,81.92,52.56643984
2023-08-14 19:17:00,81.89,81.94,81.93,81.91,20.20521518
2023-08-14 19:16:00,81.94,81.95,81.94,81.94,19.66964405
2023-08-14 19:15:00,81.88,81.95,81.93,81.93,639.52649381
2023-08-14 19:14:00,81.92,81.94,81.92,81.94,22.00522872
2023-08-14 19:13:00,81.9,81.92,81.92,81.92,8.59396898
2023-08-14 19:12:00,81.87,81.92,81.9,81.91,27.90219387
2023-08-14 19:11:00,81.87,81.91,81.87,81.9,8.40845614
2023-08-14 19:10:00,81.88,81.89,81.89,81.89,17.44956286
2023-08-14 19:09:00,81.87,81.89,81.87,81.88,36.06642074
2023-08-14 19:08:00,81.86,81.88,81.88,81.86,92.95623876
2023-08-14 19:07:00,81.88,81.89,81.89,81.88,13.02402328
2023-08-14 19:06:00,81.87,81.89,81.88,81.88,31.30500643
2023-08-14 19:05:00,81.88,81.94,81.94,81.89,82.51179324
2023-08-14 19:04:00,81.93,81.96,81.94,81.96,44.70515186
2023-08-14 19:03:00,81.94,81.98,81.98,81.95,30.22406428
2023-08-14 19:02:00,81.92,81.95,81.92,81.94,27.97730262
2023-08-14 19:01:00,81.89,81.92,81.91,81.92,48.4260536
2023-08-14 19:00:00,81.89,81.92,81.92,81.91,10.34207223
2023-08-14 18:59:00,81.91,81.94,81.91,81.93,28.97104017
2023-08-14 18:58:00,81.88,81.96,81.96,81.91,182.53691342
2023-08-14 18:57:00,81.94,81.95,81.94,81.95,105.7422202
2023-08-14 18:56:00,81.91,81.97,81.94,81.94,165.01875265
2023-08-14 18:55:00,81.92,81.96,81.93,81.96,19.7201765
2023-08-14 18:54:00,81.91,81.93,81.91,81.93,11.51249507
2023-08-14 18:53:00,81.91,81.97,81.94,81.93,19.35786391
2023-08-14 18:52:00,81.9,81.95,81.91,81.94,38.91456441
2023-08-14 18:51:00,81.88,81.92,81.9,81.91,55.58130308
2023-08-14 18:50:00,81.91,81.98,81.98,81.92,54.03586795
2023-08-14 18:49:00,81.98,82.01,82.01,81.98,21.29148433
2023-08-14 18:48:00,82.0,82.04,82.04,82.01,12.23948195
2023-08-14 18:47:00,82.02,82.05,82.02,82.03,44.87993562
2023-08-14 18:46:00,82.02,82.04,82.04,82.02,26.73173623
2023-08-14 18:45:00,82.05,82.09,82.09,82.05,73.18719279
2023-08-14 18:44:00,82.08,82.11,82.08,82.11,51.48718083
2023-08-14 18:43:00,82.07,82.11,82.07,82.08,56.06428466
2023-08-14 18:42:00,82.02,82.07,82.04,82.07,38.52046893
2023-08-14 18:41:00,82.02,82.06,82.05,82.03,281.21010783
2023-08-14 18:40:00,82.05,82.06,82.05,82.05,66.77990373
2023-08-14 18:39:00,82.05,82.06,82.05,82.05,46.96021713
2023-08-14 18:38:00,81.97,82.05,81.98,82.04,109.78380205
2023-08-14 18:37:00,81.97,81.99,81.98,81.99,19.75012586
2023-08-14 18:36:00,81.96,81.98,81.96,81.98,67.17803071
2023-08-14 18:35:00,81.94,81.96,81.95,81.96,3.68936887
2023-08-14 18:34:00,81.93,81.98,81.93,81.94,34.87383679
2023-08-14 18:33:00,81.93,81.95,81.93,81.95,12.54954278
2023-08-14 18:32:00,81.91,81.97,81.97,81.92,243.77991497
2023-08-14 18:31:00,81.96,82.01,82.01,81.97,43.01949204
2023-08-14 18:30:00,82.01,82.03,82.03,82.02,16.27800434
2023-08-14 18:29:00,82.03,82.05,82.05,82.03,20.81605284
2023-08-14 18:28:00,82.05,82.07,82.06,82.05,31.1565127
2023-08-14 18:27:00,82.0,82.07,82.01,82.07,192.4234624
2023-08-14 18:26:00,82.0,82.05,82.05,82.0,30.74240884
2023-08-14 18:25:00,82.0,82.08,82.05,82.07,89.5965838
2023-08-14 18:24:00,82.06,82.1,82.07,82.06,116.61154755
2023-08-14 18:23:00,82.05,82.11,82.09,82.05,101.41111443
2023-08-14 18:22:00,82.07,82.1,82.08,82.1,18.69479676
2023-08-14 18:21:00,81.99,82.07,81.99,82.07,180.6712962
2023-08-14 18:20:00,81.94,82.01,81.96,81.99,185.20799765
2023-08-14 18:19:00,81.95,81.99,81.98,81.96,108.20523313
2023-08-14 18:18:00,81.85,81.97,81.85,81.96,477.97556771
2023-08-14 18:17:00,81.79,81.85,81.84,81.84,126.89851763
2023-08-14 18:16:00,81.84,81.93,81.93,81.86,77.77144187
2023-08-14 18:15:00,81.91,81.96,81.94,81.92,80.27549521
2023-08-14 18:14:00,81.92,81.97,81.93,81.95,37.93077206
2023-08-14 18:13:00,81.88,81.94,81.88,81.94,22.27336177
2023-08-14 18:12:00,81.83,81.89,81.86,81.89,10.11751055
2023-08-14 18:11:00,81.83,81.9,81.85,81.86,47.07538028
2023-08-14 18:10:00,81.72,81.86,81.75,81.86,48.22762085
2023-08-14 18:09:00,81.71,81.84,81.75,81.76,124.39481529
2023-08-14 18:08:00,81.5,81.81,81.59,81.76,343.25901108
2023-08-14 18:07:00,81.6,81.83,81.83,81.61,367.47081888
2023-08-14 18:06:00,81.82,82.0,81.96,81.82,453.37534679
2023-08-14 18:05:00,81.85,81.96,81.85,81.94,130.89262955
2023-08-14 18:04:00,81.81,82.0,82.0,81.83,78.84661638
2023-08-14 18:03:00,81.88,82.07,82.05,82.0,423.8254121
2023-08-14 18:02:00,82.05,82.14,82.13,82.06,34.61846895
2023-08-14 18:01:00,82.08,82.16,82.16,82.13,151.70716385
2023-08-14 18:00:00,82.12,82.19,82.16,82.17,134.58098189
2023-08-14 17:59:00,82.17,82.19,82.19,82.17,13.50579443
2023-08-14 17:58:00,82.18,82.2,82.19,82.19,115.75987598
2023-08-14 17:57:00,82.13,82.2,82.14,82.19,54.27164266
2023-08-14 17:56:00,82.12,82.21,82.12,82.14,913.0841883
2023-08-14 17:55:00,82.03,82.27,82.27,82.13,2187.04944479
2023-08-14 17:54:00,82.24,82.31,82.31,82.28,37.42391336
2023-08-14 17:53:00,82.23,82.31,82.23,82.31,41.30406137
2023-08-14 17:52:00,82.23,82.41,82.4,82.24,620.7214486
2023-08-14 17:51:00,82.39,82.45,82.44,82.41,82.02051553
2023-08-14 17:50:00,82.43,82.47,82.45,82.45,175.85925014
2023-08-15 03:50:00,81.61,81.64,81.63,81.61,427.81895127
2023-08-15 03:49:00,81.62,81.64,81.63,81.62,11.97244879
2023-08-15 03:48:00,81.61,81.67,81.65,81.62,236.25863413
2023-08-15 03:47:00,81.59,81.69,81.69,81.65,630.48235609
2023-08-15 03:46:00,81.69,81.78,81.78,81.69,397.06907338
2023-08-15 03:45:00,81.76,81.78,81.76,81.78,8.83003601
2023-08-15 03:44:00,81.75,81.77,81.75,81.77,20.58473625
2023-08-15 03:43:00,81.74,81.78,81.77,81.74,85.18189969
2023-08-15 03:42:00,81.77,81.78,81.78,81.78,9.87975887
2023-08-15 03:41:00,81.77,81.78,81.78,81.78,2.85359107
2023-08-15 03:40:00,81.76,81.78,81.77,81.78,12.54424953
2023-08-15 03:39:00,81.76,81.79,81.78,81.76,35.93382421
2023-08-15 03:38:00,81.77,81.78,81.78,81.77,7.28857746
2023-08-15 03:37:00,81.77,81.78,81.77,81.78,7.03744291
2023-08-15 03:36:00,81.76,81.78,81.77,81.78,9.79293278
2023-08-15 03:35:00,81.77,81.78,81.78,81.78,4.12597451
2023-08-15 03:34:00,81.76,81.78,81.76,81.78,5.86843907
2023-08-15 03:33:00,81.76,81.78,81.78,81.77,15.88835282
2023-08-15 03:32:00,81.77,81.78,81.78,81.78,7.43733011
2023-08-15 03:31:00,81.76,81.79,81.79,81.77,10.43572646
2023-08-15 03:30:00,81.77,81.79,81.77,81.79,21.49199126
2023-08-15 03:29:00,81.78,81.81,81.81,81.79,74.32623992
2023-08-15 03:28:00,81.81,81.83,81.83,81.82,9.64067061
2023-08-15 03:27:00,81.82,81.84,81.83,81.83,78.10031055
2023-08-15 03:26:00,81.81,81.83,81.83,81.82,31.11335121
2023-08-15 03:25:00,81.83,81.85,81.83,81.84,17.96597844
2023-08-15 03:24:00,81.83,81.85,81.85,81.85,24.66152444
2023-08-15 03:23:00,81.84,81.85,81.85,81.85,14.50127118
2023-08-15 03:22:00,81.85,81.87,81.86,81.87,6.26304569
2023-08-15 03:21:00,81.86,81.88,81.86,81.86,25.03199151
2023-08-15 03:20:00,81.86,81.88,81.88,81.87,12.85717885
2023-08-15 03:19:00,81.87,81.88,81.88,81.88,12.83598476
2023-08-15 03:18:00,81.86,81.88,81.87,81.88,25.407923
2023-08-15 03:17:00,81.87,81.88,81.88,81.87,9.3707212
2023-08-15 03:16:00,81.84,81.88,81.85,81.88,7.76482868
2023-08-15 03:15:00,81.85,81.85,81.85,81.85,5.21523046
2023-08-15 03:14:00,81.84,81.85,81.84,81.84,3.84952654
2023-08-15 03:13:00,81.83,81.85,81.83,81.84,2.27056856
2023-08-15 03:12:00,81.82,81.83,81.82,81.83,12.23892681
2023-08-15 03:11:00,81.8,81.84,81.84,81.83,15.13340302
2023-08-15 03:10:00,81.82,81.84,81.84,81.84,14.60353521
2023-08-15 03:09:00,81.84,81.85,81.84,81.85,11.15377614
2023-08-15 03:08:00,81.83,81.85,81.83,81.84,82.00164213
2023-08-15 03:07:00,81.82,81.83,81.83,81.83,14.2189385
2023-08-15 03:06:00,81.82,81.83,81.82,81.83,11.18722849
2023-08-15 03:05:00,81.81,81.82,81.82,81.82,8.91919021
2023-08-15 03:04:00,81.79,81.83,81.82,81.82,348.13132092
2023-08-15 03:03:00,81.81,81.82,81.82,81.82,8.40313813
2023-08-15 03:02:00,81.8,81.83,81.83,81.81,67.30387905
2023-08-15 03:01:00,81.83,81.84,81.84,81.84,9.74167339
2023-08-15 03:00:00,81.83,81.86,81.86,81.84,102.35711693
2023-08-15 02:59:00,81.86,81.87,81.87,81.86,2.31218652
2023-08-15 02:58:00,81.85,81.87,81.87,81.85,13.32711975
2023-08-15 02:57:00,81.85,81.87,81.85,81.87,25.04947161
2023-08-15 02:56:00,81.84,81.86,81.85,81.84,17.49040018
2023-08-15 02:55:00,81.84,81.87,81.85,81.87,85.3777509
2023-08-15 02:54:00,81.84,81.85,81.85,81.85,42.01516189
2023-08-15 02:53:00,81.84,81.85,81.84,81.85,73.19871844
2023-08-15 02:52:00,81.85,81.87,81.86,81.85,33.31313966
2023-08-15 02:51:00,81.86,81.87,81.87,81.87,4.70093002
2023-08-15 02:50:00,81.87,81.9,81.9,81.87,69.60376881
2023-08-15 02:49:00,81.89,81.91,81.89,81.9,14.54864877
2023-08-15 02:48:00,81.89,81.92,81.91,81.89,61.94201865
2023-08-15 02:47:00,81.91,81.92,81.92,81.91,22.29991296
2023-08-15 02:46:00,81.91,81.93,81.93,81.93,40.66388185
2023-08-15 02:45:00,81.92,81.94,81.92,81.93,57.32551725
2023-08-15 02:44:00,81.94,81.95,81.95,81.94,23.35081464
2023-08-15 02:43:00,81.94,81.97,81.97,81.94,16.26401566
2023-08-15 02:42:00,81.93,81.95,81.94,81.94,16.10479579
2023-08-15 02:41:00,81.92,81.94,81.93,81.94,7.43324195
2023-08-15 02:40:00,81.94,81.95,81.95,81.95,22.16423083
2023-08-15 02:39:00,81.95,81.97,81.96,81.95,21.764621
2023-08-15 02:38:00,81.94,81.96,81.94,81.96,23.813449
2023-08-15 02:37:00,81.93,81.96,81.94,81.94,22.74757032
2023-08-15 02:36:00,81.93,81.94,81.94,81.94,22.19328436
2023-08-15 02:35:00,81.93,81.94,81.94,81.94,8.38392566
2023-08-15 02:34:00,81.94,81.96,81.96,81.94,2.76053682
2023-08-15 02:33:00,81.96,81.98,81.97,81.96,14.14334262
2023-08-15 02:32:00,81.96,81.98,81.98,81.97,17.36841946
2023-08-15 02:31:00,81.96,81.98,81.96,81.98,2.60657924
2023-08-15 02:30:00,81.95,81.97,81.95,81.97,2.58570197
2023-08-15 02:29:00,81.97,81.98,81.98,81.97,5.44698324
2023-08-15 02:28:00,81.95,81.98,81.96,81.96,35.08909787
2023-08-15 02:27:00,81.97,81.98,81.98,81.97,25.58445232
2023-08-15 02:26:00,81.96,81.97,81.97,81.97,11.48496214
2023-08-15 02:25:00,81.94,81.97,81.95,81.97,33.84285207
2023-08-15 02:24:00,81.94,81.97,81.96,81.94,7.36478444
2023-08-15 02:23:00,81.95,81.97,81.96,81.95,29.44316476
2023-08-15 02:22:00,81.95,81.98,81.98,81.95,9.33966428
2023-08-15 02:21:00,81.98,81.99,81.99,81.98,12.94382454
2023-08-15 02:20:00,81.94,81.99,81.96,81.98,83.43697416
2023-08-15 02:19:00,81.94,81.96,81.94,81.95,10.57121695
2023-08-15 02:18:00,81.94,81.95,81.94,81.95,11.88924692
2023-08-15 02:17:00,81.93,81.94,81.94,81.94,21.79549968
2023-08-15 02:16:00,81.89,81.94,81.9,81.94,20.63793487
2023-08-15 02:15:00,81.87,81.89,81.87,81.89,26.79212467
2023-08-15 02:14:00,81.87,81.9,81.9,81.88,26.13212504
2023-08-15 02:13:00,81.87,81.9,81.87,81.89,18.89809587
2023-08-15 02:12:00,81.87,81.88,81.87,81.88,9.67786873
2023-08-15 02:11:00,81.87,81.88,81.88,81.88,40.65097094
2023-08-15 02:10:00,81.88,81.91,81.91,81.88,8.98891796
2023-08-15 02:09:00,81.9,81.91,81.9,81.9,25.1567584
2023-08-15 02:08:00,81.89,81.91,81.9,81.91,40.6289153
2023-08-15 02:07:00,81.89,81.91,81.91,81.89,24.00762486
2023-08-15 02:06:00,81.87,81.9,81.87,81.9,107.41399751
2023-08-15 02:05:00,81.88,81.9,81.89,81.89,24.67045358
2023-08-15 02:04:00,81.88,81.9,81.9,81.89,19.37095433
2023-08-15 02:03:00,81.89,81.9,81.89,81.9,14.93281213
2023-08-15 02:02:00,81.9,81.92,81.91,81.9,8.81750121
2023-08-15 02:01:00,81.89,81.91,81.91,81.9,16.95622459
2023-08-15 02:00:00,81.9,81.91,81.91,81.91,7.07084841
2023-08-15 01:59:00,81.89,81.91,81.9,81.9,10.78394701
2023-08-15 01:58:00,81.87,81.89,81.88,81.88,8.3457376
2023-08-15 01:57:00,81.88,81.91,81.91,81.88,76.85101282
2023-08-15 01:56:00,81.89,81.92,81.91,81.89,26.30475747
2023-08-15 01:55:00,81.91,81.93,81.92,81.93,7.37757797
2023-08-15 01:54:00,81.93,81.94,81.94,81.93,13.63895881
2023-08-15 01:53:00,81.93,81.94,81.94,81.94,22.95622694
2023-08-15 01:52:00,81.93,81.94,81.93,81.94,5.35983128
2023-08-15 01:51:00,81.9,81.92,81.91,81.92,74.17314813
2023-08-15 01:50:00,81.9,81.92,81.9,81.91,19.20728333
2023-08-15 01:49:00,81.9,81.92,81.91,81.91,21.80212932
2023-08-15 01:48:00,81.91,81.93,81.92,81.92,16.14884421
2023-08-15 01:47:00,81.89,81.92,81.9,81.92,46.77251949
2023-08-15 01:46:00,81.89,81.9,81.9,81.9,11.26095124
2023-08-15 01:45:00,81.88,81.92,81.92,81.89,26.49649701
2023-08-15 01:44:00,81.9,81.92,81.9,81.92,94.55665212
2023-08-15 01:43:00,81.88,81.91,81.88,81.91,18.55311012
2023-08-15 01:42:00,81.84,81.88,81.86,81.87,123.46535068
2023-08-15 01:41:00,81.85,81.87,81.85,81.86,204.46706057
2023-08-15 01:40:00,81.84,81.85,81.85,81.85,80.72915879
2023-08-15 01:39:00,81.84,81.85,81.85,81.85,14.8239187
2023-08-15 01:38:00,81.86,81.89,81.89,81.86,62.23261831
2023-08-15 01:37:00,81.88,81.92,81.92,81.89,111.68131059
2023-08-15 01:36:00,81.9,81.92,81.9,81.92,18.99967593
2023-08-15 01:35:00,81.91,81.93,81.91,81.93,9.26190995
2023-08-15 01:34:00,81.9,81.94,81.94,81.91,90.12962143
2023-08-15 01:33:00,81.93,81.96,81.96,81.93,12.80876142
2023-08-15 01:32:00,81.95,81.96,81.96,81.96,61.98858677
2023-08-15 01:31:00,81.94,81.96,81.95,81.96,11.48108876
2023-08-15 01:30:00,81.93,81.95,81.94,81.95,9.87234821
2023-08-15 01:29:00,81.95,81.96,81.96,81.95,28.30269824
2023-08-15 01:28:00,81.95,81.96,81.96,81.96,39.13087346
2023-08-15 01:27:00,81.95,81.96,81.96,81.96,13.98634566
2023-08-15 01:26:00,81.96,81.99,81.97,81.98,64.68630135
2023-08-15 01:25:00,81.97,81.98,81.97,81.97,28.84548252
2023-08-15 01:24:00,81.97,82.01,81.99,81.97,295.05198487
2023-08-15 01:23:00,81.97,82.0,81.97,81.99,198.73566897
2023-08-15 01:22:00,81.97,81.97,81.97,81.97,43.58082314
2023-08-15 01:21:00,81.96,82.0,81.99,81.97,71.47932394
2023-08-15 01:20:00,81.99,82.03,82.03,82.0,88.14735518
2023-08-15 01:19:00,82.03,82.05,82.03,82.04,89.25763822
2023-08-15 01:18:00,82.02,82.03,82.02,82.03,33.33021842
2023-08-15 01:17:00,82.02,82.07,82.07,82.02,108.80388515
2023-08-15 01:16:00,82.06,82.09,82.09,82.07,122.63528062
2023-08-15 01:15:00,82.07,82.11,82.1,82.08,31.91353923
2023-08-15 01:14:00,82.1,82.11,82.1,82.11,8.50048089
2023-08-15 01:13:00,82.08,82.1,82.09,82.1,4.26258983
2023-08-15 01:12:00,82.08,82.1,82.1,82.09,83.20622991
2023-08-15 01:11:00,82.09,82.15,82.15,82.09,437.12865658
2023-08-15 01:10:00,82.11,82.17,82.13,82.16,280.13116428
2023-08-15 01:09:00,82.1,82.12,82.1,82.12,89.42895337
2023-08-15 01:08:00,82.1,82.11,82.1,82.11,14.57353078
2023-08-15 01:07:00,82.09,82.11,82.11,82.09,19.34408926
2023-08-15 01:06:00,82.08,82.12,82.1,82.12,11.3101759
2023-08-15 01:05:00,82.06,82.1,82.06,82.1,80.34533349
2023-08-15 01:04:00,82.06,82.11,82.08,82.06,440.73057428
2023-08-15 01:03:00,82.06,82.08,82.07,82.07,7.61480815
2023-08-15 01:02:00,82.06,82.07,82.06,82.07,15.80381146
2023-08-15 01:01:00,82.04,82.05,82.04,82.05,11.56549952
2023-08-15 01:00:00,82.04,82.05,82.05,82.04,24.09345148
2023-08-15 00:59:00,82.04,82.06,82.06,82.06,15.64911679
2023-08-15 00:58:00,82.06,82.08,82.07,82.08,9.31179115
2023-08-15 00:57:00,82.05,82.07,82.05,82.07,28.94651792
2023-08-15 00:56:00,82.03,82.05,82.03,82.05,8.27469
2023-08-15 00:55:00,82.02,82.04,82.04,82.02,42.98624342
2023-08-15 00:54:00,82.03,82.04,82.04,82.04,57.74288167
2023-08-15 00:53:00,82.0,82.04,82.01,82.04,11.6349167
2023-08-15 00:52:00,82.0,82.02,82.0,82.0,7.78899797
2023-08-15 00:51:00,81.99,82.03,82.02,82.01,17.63802061
2023-08-15 00:50:00,82.02,82.03,82.03,82.03,23.9338441
2023-08-15 00:49:00,82.01,82.03,82.01,82.03,21.91981891
2023-08-15 00:48:00,82.0,82.01,82.01,82.01,35.55676031
2023-08-15 00:47:00,82.0,82.03,82.02,82.0,42.25808761
2023-08-15 00:46:00,82.02,82.04,82.02,82.04,39.63214934
2023-08-15 00:45:00,82.0,82.05,82.02,82.01,74.06908155
2023-08-15 00:44:00,82.01,82.06,82.06,82.03,66.04878814
2023-08-15 00:43:00,82.04,82.06,82.04,82.05,49.0819378
2023-08-15 00:42:00,82.0,82.06,82.01,82.05,38.93344562
2023-08-15 00:41:00,81.98,82.02,82.02,82.01,22.65308488
2023-08-15 00:40:00,81.99,82.02,82.01,82.0,8.37973502
2023-08-15 00:39:00,81.99,82.01,82.0,82.0,84.95223403
2023-08-15 00:38:00,81.93,82.01,81.94,82.01,131.33759314
2023-08-15 00:37:00,81.94,81.97,81.97,81.94,56.51606419
2023-08-15 00:36:00,81.95,81.96,81.95,81.96,9.64584666
2023-08-15 00:35:00,81.96,81.98,81.98,81.96,8.16830587
2023-08-15 00:34:00,81.97,82.0,82.0,81.98,93.42408695
2023-08-15 00:33:00,81.99,82.01,82.01,82.0,21.56361046
2023-08-15 00:32:00,82.0,82.01,82.0,82.01,7.43371305
2023-08-15 00:31:00,82.0,82.03,82.02,82.02,29.48331001
2023-08-15 00:30:00,82.01,82.04,82.02,82.02,17.77459674
2023-08-15 00:29:00,82.02,82.04,82.03,82.04,96.85410638
2023-08-15 00:28:00,82.04,82.07,82.07,82.04,52.39692455
2023-08-15 00:27:00,82.06,82.08,82.06,82.07,68.27376085
2023-08-15 00:26:00,82.06,82.08,82.08,82.06,15.73524178
2023-08-15 00:25:00,82.07,82.11,82.11,82.07,29.91791822
2023-08-15 00:24:00,82.1,82.12,82.1,82.1,37.11969854
2023-08-15 00:23:00,82.1,82.11,82.11,82.11,13.7342781
2023-08-15 00:22:00,82.09,82.11,82.1,82.1,41.11336781
2023-08-15 00:21:00,82.09,82.11,82.11,82.11,28.66450303
2023-08-15 00:20:00,82.07,82.09,82.07,82.08,64.75216086
2023-08-15 00:19:00,82.07,82.09,82.09,82.08,29.11311881
2023-08-15 00:18:00,82.08,82.1,82.1,82.1,17.11260683
2023-08-15 00:17:00,82.09,82.1,82.1,82.1,7.9384532
2023-08-15 00:16:00,82.07,82.1,82.08,82.1,11.04704776
2023-08-15 00:15:00,82.07,82.08,82.08,82.08,23.42406204
2023-08-15 00:14:00,82.07,82.1,82.09,82.08,23.33588926
2023-08-15 00:13:00,82.07,82.1,82.1,82.09,21.00859058
2023-08-15 00:12:00,82.07,82.1,82.09,82.1,12.48862917
2023-08-15 00:11:00,82.07,82.09,82.08,82.07,3.37257728
2023-08-15 00:10:00,82.05,82.08,82.05,82.08,39.14677669
2023-08-15 00:09:00,82.05,82.07,82.07,82.06,8.31029034
2023-08-15 00:08:00,82.02,82.05,82.03,82.05,16.97182909
2023-08-15 00:07:00,82.01,82.04,82.03,82.04,39.33317485
2023-08-15 00:06:00,81.99,82.03,81.99,82.02,7.28677185
2023-08-15 00:05:00,81.97,82.0,81.98,81.99,68.06129789
2023-08-15 00:04:00,81.99,82.0,82.0,81.99,18.96814606
2023-08-15 00:03:00,82.0,82.02,82.02,82.0,18.60315688
2023-08-15 00:02:00,81.99,82.03,81.99,82.02,24.63730288
2023-08-15 00:01:00,81.99,82.01,82.01,82.0,21.80230269
2023-08-15 00:00:00,82.01,82.03,82.03,82.01,9.30538866
2023-08-14 23:59:00,82.02,82.04,82.04,82.03,15.54005116
2023-08-14 23:58:00,82.0,82.04,82.02,82.04,175.13452619
2023-08-14 23:57:00,82.02,82.03,82.03,82.03,56.90224564
2023-08-14 23:56:00,82.02,82.03,82.03,82.03,6.15908196
2023-08-14 23:55:00,82.02,82.03,82.02,82.03,7.82806161
2023-08-14 23:54:00,82.02,82.03,82.03,82.03,20.40387791
2023-08-14 23:53:00,82.02,82.04,82.04,82.03,9.61194853
2023-08-14 23:52:00,82.05,82.06,82.06,82.05,14.27810798
2023-08-14 23:51:00,82.04,82.06,82.04,82.06,40.5385042
2023-08-14 23:50:00,82.03,82.06,82.03,82.05,112.52648785
2023-08-14 23:49:00,82.02,82.04,82.02,82.04,6.02795076
2023-08-14 23:48:00,82.02,82.04,82.03,82.03,13.41971324
2023-08-14 23:47:00,82.0,82.03,82.03,82.03,8.11557842
2023-08-14 23:46:00,82.02,82.04,82.03,82.04,10.51454655
2023-08-14 23:45:00,82.02,82.04,82.03,82.02,37.1334315
2023-08-14 23:44:00,82.02,82.04,82.04,82.03,8.96511884
2023-08-14 23:43:00,82.04,82.06,82.05,82.04,2.48362977
2023-08-14 23:42:00,82.05,82.06,82.06,82.05,16.50264194
2023-08-14 23:41:00,82.05,82.06,82.06,82.06,12.33197665
2023-08-14 23:40:00,82.05,82.06,82.05,82.06,12.36987674
2023-08-14 23:39:00,82.04,82.06,82.06,82.06,64.24329637
2023-08-14 23:38:00,82.04,82.06,82.04,82.06,44.45031487
2023-08-14 23:37:00,82.02,82.05,82.04,82.04,22.67340934
2023-08-14 23:36:00,82.04,82.05,82.05,82.05,11.53266196
2023-08-14 23:35:00,82.04,82.05,82.05,82.05,4.28520935
2023-08-14 23:34:00,82.04,82.05,82.05,82.05,17.55121931
2023-08-14 23:33:00,82.03,82.05,82.04,82.04,15.73530747
2023-08-14 23:32:00,82.03,82.06,82.06,82.04,37.91155631
2023-08-14 23:31:00,82.05,82.06,82.06,82.06,30.02424843
2023-08-14 23:30:00,82.05,82.06,82.06,82.06,8.5129535
2023-08-14 23:29:00,82.05,82.13,82.12,82.06,259.38612086
2023-08-14 23:28:00,82.11,82.13,82.12,82.13,19.03014697
2023-08-14 23:27:00,82.02,82.14,82.03,82.12,185.86967441
2023-08-14 23:26:00,82.02,82.04,82.04,82.03,27.72205674
2023-08-14 23:25:00,82.03,82.04,82.03,82.04,12.68267108
2023-08-14 23:24:00,82.02,82.04,82.02,82.04,16.70181806
2023-08-14 23:23:00,82.0,82.03,82.03,82.02,117.40598893
2023-08-14 23:22:00,82.01,82.09,82.09,82.03,168.4594843
2023-08-14 23:21:00,82.07,82.09,82.08,82.09,14.65207427
2023-08-14 23:20:00,82.05,82.08,82.05,82.08,15.06610102
2023-08-14 23:19:00,82.05,82.07,82.07,82.07,7.7146447
2023-08-14 23:18:00,82.05,82.07,82.06,82.07,4.05785142
2023-08-14 23:17:00,82.05,82.06,82.06,82.05,14.41843163
2023-08-14 23:16:00,82.06,82.07,82.07,82.06,0.6894609
2023-08-14 23:15:00,82.05,82.07,82.06,82.07,27.6262514
2023-08-14 23:14:00,82.05,82.07,82.07,82.05,62.48704374
2023-08-14 23:13:00,82.06,82.07,82.07,82.07,8.58691655
2023-08-14 23:12:00,82.05,82.07,82.05,82.07,14.81141544
2023-08-14 23:11:00,82.05,82.06,82.06,82.05,28.43721109
2023-08-14 23:10:00,82.02,82.06,82.03,82.06,21.28286469
2023-08-14 23:09:00,82.01,82.03,82.02,82.02,16.37471026
2023-08-14 23:08:00,81.99,82.04,81.99,82.02,150.00092478
2023-08-14 23:07:00,81.98,82.0,82.0,81.99,16.33131524
2023-08-14 23:06:00,81.97,82.0,81.99,82.0,149.37892429
2023-08-14 23:05:00,81.98,82.03,82.01,81.99,94.73890193
2023-08-14 23:04:00,82.02,82.03,82.03,82.02,31.7913631
2023-08-14 23:03:00,81.99,82.02,82.0,82.01,12.47782921
2023-08-14 23:02:00,81.99,82.01,82.01,82.0,38.12377091
2023-08-14 23:01:00,82.0,82.02,82.02,82.01,91.09611493
2023-08-14 23:00:00,82.01,82.03,82.03,82.02,22.08326119
2023-08-14 22:59:00,82.02,82.03,82.03,82.03,10.00980206
2023-08-14 22:58:00,82.02,82.04,82.02,82.03,73.58041255
2023-08-14 22:57:00,81.99,82.02,82.02,82.02,137.16521941
2023-08-14 22:56:00,82.01,82.03,82.02,82.02,118.62815026
2023-08-14 22:55:00,82.01,82.14,82.13,82.02,886.42373952
2023-08-14 22:54:00,82.13,82.17,82.17,82.13,26.51396873
2023-08-14 22:53:00,82.13,82.17,82.13,82.17,109.86124634
2023-08-14 22:52:00,82.13,82.14,82.14,82.14,34.1566587
2023-08-14 22:51:00,82.13,82.15,82.15,82.14,20.33545503
2023-08-14 22:50:00,82.14,82.17,82.16,82.15,32.65086036
2023-08-15 08:50:00,81.84,81.89,81.84,81.89,13.98505484
2023-08-15 08:49:00,81.81,81.85,81.81,81.85,18.04176077
2023-08-15 08:48:00,81.82,81.83,81.83,81.82,5.6452331
2023-08-15 08:47:00,81.82,81.84,81.84,81.83,48.85489378
2023-08-15 08:46:00,81.82,81.85,81.85,81.84,56.67976424
2023-08-15 08:45:00,81.87,81.89,81.87,81.88,31.46913164
2023-08-15 08:44:00,81.87,81.88,81.88,81.88,49.12859763
2023-08-15 08:43:00,81.84,81.88,81.84,81.88,6.21517511
2023-08-15 08:42:00,81.83,81.85,81.84,81.85,3.02934332
2023-08-15 08:41:00,81.84,81.85,81.85,81.84,3.56668804
2023-08-15 08:40:00,81.83,81.88,81.88,81.85,37.90017374
2023-08-15 08:39:00,81.86,81.88,81.87,81.87,30.28543953
2023-08-15 08:38:00,81.85,81.85,81.85,81.85,6.74531213
2023-08-15 08:37:00,81.85,81.87,81.87,81.87,17.0702365
2023-08-15 08:36:00,81.85,81.88,81.85,81.86,148.596995
2023-08-15 08:35:00,81.8,81.85,81.8,81.85,20.29480496
2023-08-15 08:34:00,81.8,81.82,81.8,81.81,11.61218435
2023-08-15 08:33:00,81.77,81.81,81.78,81.79,72.22132196
2023-08-15 08:32:00,81.77,81.8,81.77,81.8,29.03888404
2023-08-15 08:31:00,81.69,81.78,81.69,81.78,99.77022687
2023-08-15 08:30:00,81.7,81.72,81.72,81.72,4.57129436
2023-08-15 08:29:00,81.71,81.72,81.72,81.72,24.83836425
2023-08-15 08:28:00,81.75,81.79,81.79,81.75,202.11734668
2023-08-15 08:27:00,81.77,81.8,81.79,81.78,28.84208619
2023-08-15 08:26:00,81.77,81.8,81.8,81.79,16.16771623
2023-08-15 08:25:00,81.7,81.81,81.72,81.81,324.15079187
2023-08-15 08:24:00,81.71,81.72,81.71,81.72,9.14655984
2023-08-15 08:23:00,81.7,81.72,81.72,81.71,1.93317837
2023-08-15 08:22:00,81.7,81.72,81.72,81.72,3.62819215
2023-08-15 08:21:00,81.7,81.72,81.7,81.72,0.47815864
2023-08-15 08:20:00,81.69,81.71,81.7,81.71,7.61495091
2023-08-15 08:19:00,81.72,81.73,81.72,81.72,4.67648128
2023-08-15 08:18:00,81.71,81.72,81.72,81.71,13.20320339
2023-08-15 08:17:00,81.65,81.7,81.68,81.7,36.40974379
2023-08-15 08:16:00,81.68,81.7,81.7,81.68,109.92605515
2023-08-15 08:15:00,81.7,81.72,81.71,81.7,41.32052598
2023-08-15 08:14:00,81.72,81.72,81.72,81.72,14.32415863
2023-08-15 08:13:00,81.71,81.72,81.72,81.72,2.14742237
2023-08-15 08:12:00,81.71,81.74,81.74,81.72,19.67778383
2023-08-15 08:11:00,81.73,81.75,81.73,81.75,17.0922456
2023-08-15 08:10:00,81.7,81.72,81.7,81.71,2.78909937
2023-08-15 08:09:00,81.71,81.72,81.71,81.72,4.72324568
2023-08-15 08:08:00,81.71,81.73,81.73,81.71,4.77305635
2023-08-15 08:07:00,81.71,81.74,81.71,81.73,21.33159156
2023-08-15 08:06:00,81.69,81.71,81.71,81.7,105.61652437
2023-08-15 08:05:00,81.7,81.71,81.71,81.71,14.95626636
2023-08-15 08:04:00,81.71,81.74,81.74,81.71,13.07032401
2023-08-15 08:03:00,81.68,81.74,81.68,81.74,44.21709439
2023-08-15 08:02:00,81.66,81.72,81.72,81.66,151.18387357
2023-08-15 08:01:00,81.72,81.75,81.75,81.72,74.05804523
2023-08-15 08:00:00,81.73,81.78,81.77,81.73,6.23803991
2023-08-15 07:59:00,81.76,81.79,81.79,81.76,4.62790361
2023-08-15 07:58:00,81.74,81.78,81.76,81.78,23.21382031
2023-08-15 07:57:00,81.76,81.77,81.76,81.77,10.85251996
2023-08-15 07:56:00,81.75,81.76,81.76,81.76,4.44515089
2023-08-15 07:55:00,81.74,81.76,81.74,81.76,5.91419831
2023-08-15 07:54:00,81.72,81.76,81.76,81.73,305.68133074
2023-08-15 07:53:00,81.76,81.76,81.76,81.76,8.47101941
2023-08-15 07:52:00,81.75,81.78,81.78,81.75,66.49029921
2023-08-15 07:51:00,81.78,81.8,81.8,81.78,5.56164979
2023-08-15 07:50:00,81.77,81.8,81.77,81.8,8.1639257
2023-08-15 07:49:00,81.78,81.8,81.78,81.78,47.34615411
2023-08-15 07:48:00,81.75,81.78,81.76,81.78,24.21549242
2023-08-15 07:47:00,81.75,81.78,81.78,81.75,28.5215852
2023-08-15 07:46:00,81.73,81.78,81.73,81.78,452.297766
2023-08-15 07:45:00,81.71,81.74,81.73,81.72,21.78141704
2023-08-15 07:44:00,81.71,81.73,81.71,81.72,24.08647916
2023-08-15 07:43:00,81.7,81.73,81.71,81.73,33.6735925
2023-08-15 07:42:00,81.71,81.72,81.71,81.71,13.24105313
2023-08-15 07:41:00,81.68,81.71,81.68,81.71,63.39609681
2023-08-15 07:40:00,81.67,81.68,81.68,81.67,23.41358198
2023-08-15 07:39:00,81.67,81.68,81.68,81.68,99.77474496
2023-08-15 07:38:00,81.65,81.7,81.7,81.67,79.61512846
2023-08-15 07:37:00,81.69,81.7,81.7,81.7,3.64181548
2023-08-15 07:36:00,81.64,81.7,81.64,81.7,142.01689452
2023-08-15 07:35:00,81.59,81.65,81.6,81.65,26.80413748
2023-08-15 07:34:00,81.6,81.63,81.63,81.6,2.49578148
2023-08-15 07:33:00,81.61,81.63,81.61,81.63,19.54665036
2023-08-15 07:32:00,81.57,81.61,81.57,81.61,24.37809107
2023-08-15 07:31:00,81.49,81.58,81.49,81.57,50.23607033
2023-08-15 07:30:00,81.48,81.54,81.53,81.49,108.3166414
2023-08-15 07:29:00,81.53,81.58,81.58,81.53,109.30897425
2023-08-15 07:28:00,81.58,81.62,81.61,81.58,188.73561571
2023-08-15 07:27:00,81.6,81.62,81.62,81.6,13.66738067
2023-08-15 07:26:00,81.6,81.62,81.62,81.61,108.03049303
2023-08-15 07:25:00,81.62,81.65,81.64,81.63,10.50782885
2023-08-15 07:24:00,81.65,81.69,81.69,81.65,129.27035319
2023-08-15 07:23:00,81.69,81.71,81.71,81.7,87.81196351
2023-08-15 07:22:00,81.71,81.71,81.71,81.71,6.87698686
2023-08-15 07:21:00,81.71,81.78,81.78,81.71,78.44297454
2023-08-15 07:20:00,81.74,81.78,81.74,81.77,19.29480671
2023-08-15 07:19:00,81.75,81.75,81.75,81.75,0.80797926
2023-08-15 07:18:00,81.74,81.76,81.76,81.74,58.71304295
2023-08-15 07:17:00,81.75,81.78,81.77,81.76,30.17913134
2023-08-15 07:16:00,81.76,81.78,81.78,81.77,5.66134759
2023-08-15 07:15:00,81.76,81.78,81.78,81.77,2.89960381
2023-08-15 07:14:00,81.77,81.78,81.77,81.78,35.00174324
2023-08-15 07:13:00,81.78,81.79,81.79,81.79,8.78099276
2023-08-15 07:12:00,81.77,81.79,81.77,81.78,25.8212794
2023-08-15 07:11:00,81.76,81.79,81.77,81.77,14.87828558
2023-08-15 07:10:00,81.77,81.79,81.77,81.77,11.97241783
2023-08-15 07:09:00,81.77,81.78,81.78,81.78,10.27486041
2023-08-15 07:08:00,81.77,81.79,81.78,81.77,102.09202767
2023-08-15 07:07:00,81.78,81.8,81.8,81.78,11.42824224
2023-08-15 07:06:00,81.8,81.82,81.81,81.81,11.20921634
2023-08-15 07:05:00,81.8,81.82,81.81,81.8,7.04980646
2023-08-15 07:04:00,81.8,81.82,81.82,81.82,14.75755754
2023-08-15 07:03:00,81.78,81.82,81.8,81.82,60.17736452
2023-08-15 07:02:00,81.77,81.81,81.79,81.81,30.95527439
2023-08-15 07:01:00,81.73,81.79,81.73,81.77,84.36386322
2023-08-15 07:00:00,81.7,81.73,81.73,81.72,10.50544659
2023-08-15 06:59:00,81.72,81.74,81.73,81.74,14.68740782
2023-08-15 06:58:00,81.71,81.73,81.72,81.73,60.53984454
2023-08-15 06:57:00,81.71,81.74,81.73,81.72,23.63856172
2023-08-15 06:56:00,81.74,81.76,81.75,81.74,39.3213129
2023-08-15 06:55:00,81.73,81.76,81.73,81.76,7.1844045
2023-08-15 06:54:00,81.73,81.74,81.73,81.73,1.28703036
2023-08-15 06:53:00,81.7,81.73,81.7,81.73,20.98365895
2023-08-15 06:52:00,81.71,81.71,81.71,81.71,7.55709051
2023-08-15 06:51:00,81.69,81.71,81.69,81.71,13.97255379
2023-08-15 06:50:00,81.7,81.71,81.7,81.71,24.7586065
2023-08-15 06:49:00,81.7,81.7,81.7,81.7,2.33055936
2023-08-15 06:48:00,81.69,81.71,81.7,81.71,25.49347585
2023-08-15 06:47:00,81.69,81.71,81.7,81.71,8.79613425
2023-08-15 06:46:00,81.68,81.69,81.69,81.69,15.07290471
2023-08-15 06:45:00,81.68,81.7,81.69,81.69,19.50565304
2023-08-15 06:44:00,81.68,81.7,81.7,81.7,104.26310535
2023-08-15 06:43:00,81.68,81.69,81.68,81.69,2.55479204
2023-08-15 06:42:00,81.66,81.68,81.67,81.68,15.73075936
2023-08-15 06:41:00,81.67,81.69,81.69,81.68,18.13250687
2023-08-15 06:40:00,81.68,81.71,81.68,81.71,2.89126153
2023-08-15 06:39:00,81.68,81.7,81.69,81.68,6.83678848
2023-08-15 06:38:00,81.7,81.73,81.71,81.7,28.65414626
2023-08-15 06:37:00,81.69,81.73,81.72,81.73,67.06225246
2023-08-15 06:36:00,81.68,81.72,81.7,81.72,2.56911705
2023-08-15 06:35:00,81.67,81.7,81.67,81.7,14.0930889
2023-08-15 06:34:00,81.68,81.7,81.7,81.68,2.47248422
2023-08-15 06:33:00,81.63,81.68,81.63,81.68,47.18995261
2023-08-15 06:32:00,81.63,81.65,81.65,81.64,14.06168007
2023-08-15 06:31:00,81.65,81.67,81.67,81.65,1.55640061
2023-08-15 06:30:00,81.61,81.66,81.61,81.66,13.11781002
2023-08-15 06:29:00,81.61,81.63,81.63,81.63,40.88587245
2023-08-15 06:28:00,81.6,81.63,81.63,81.63,190.98578223
2023-08-15 06:27:00,81.63,81.64,81.64,81.64,10.11369229
2023-08-15 06:26:00,81.61,81.63,81.61,81.63,4.51630933
2023-08-15 06:25:00,81.6,81.64,81.64,81.61,88.41789154
2023-08-15 06:24:00,81.62,81.65,81.65,81.63,12.04619631
2023-08-15 06:23:00,81.64,81.66,81.64,81.66,115.55120652
2023-08-15 06:22:00,81.64,81.66,81.66,81.64,18.5436699
2023-08-15 06:21:00,81.65,81.67,81.67,81.66,4.15606855
2023-08-15 06:20:00,81.63,81.66,81.65,81.65,9.76376738
2023-08-15 06:19:00,81.64,81.65,81.65,81.65,8.03614079
2023-08-15 06:18:00,81.64,81.65,81.65,81.65,13.00871623
2023-08-15 06:17:00,81.64,81.66,81.65,81.66,12.30010147
2023-08-15 06:16:00,81.65,81.67,81.65,81.66,7.36286292
2023-08-15 06:15:00,81.65,81.67,81.65,81.66,12.59293526
2023-08-15 06:14:00,81.64,81.65,81.65,81.65,3.11487043
2023-08-15 06:13:00,81.64,81.66,81.66,81.65,12.20854566
2023-08-15 06:12:00,81.65,81.66,81.66,81.66,6.56996029
2023-08-15 06:11:00,81.65,81.67,81.65,81.67,36.82853625
2023-08-15 06:10:00,81.64,81.65,81.65,81.65,6.1059238
2023-08-15 06:09:00,81.64,81.65,81.65,81.65,10.61322894
2023-08-15 06:08:00,81.66,81.67,81.67,81.66,17.16791407
2023-08-15 06:07:00,81.62,81.67,81.64,81.67,163.67612697
2023-08-15 06:06:00,81.63,81.65,81.63,81.64,5.77353147
2023-08-15 06:05:00,81.63,81.66,81.66,81.64,13.88933714
2023-08-15 06:04:00,81.61,81.66,81.61,81.66,130.05212202
2023-08-15 06:03:00,81.61,81.61,81.61,81.61,6.39465132
2023-08-15 06:02:00,81.58,81.61,81.58,81.61,12.97162839
2023-08-15 06:01:00,81.56,81.58,81.58,81.58,18.74618345
2023-08-15 06:00:00,81.52,81.55,81.55,81.55,35.88515122
2023-08-15 05:59:00,81.53,81.57,81.54,81.57,25.46628142
2023-08-15 05:58:00,81.49,81.54,81.51,81.54,13.96155002
2023-08-15 05:57:00,81.46,81.49,81.49,81.48,24.2769794
2023-08-15 05:56:00,81.44,81.47,81.45,81.47,13.99941153
2023-08-15 05:55:00,81.45,81.46,81.45,81.46,16.69757169
2023-08-15 05:54:00,81.46,81.49,81.49,81.46,103.84237375
2023-08-15 05:53:00,81.47,81.51,81.51,81.47,15.46502752
2023-08-15 05:52:00,81.46,81.55,81.46,81.5,302.08098565
2023-08-15 05:51:00,81.44,81.47,81.47,81.46,49.66453103
2023-08-15 05:50:00,81.47,81.51,81.51,81.48,15.66864117
2023-08-15 05:49:00,81.5,81.52,81.51,81.52,3.46325397
2023-08-15 05:48:00,81.49,81.52,81.49,81.52,28.59766733
2023-08-15 05:47:00,81.49,81.54,81.52,81.49,133.00182064
2023-08-15 05:46:00,81.53,81.55,81.53,81.53,7.92219851
2023-08-15 05:45:00,81.54,81.57,81.54,81.55,16.59526003
2023-08-15 05:44:00,81.53,81.54,81.54,81.54,74.06862283
2023-08-15 05:43:00,81.53,81.54,81.53,81.54,1.692907
2023-08-15 05:42:00,81.54,81.56,81.56,81.54,3.14499453
2023-08-15 05:41:00,81.56,81.57,81.56,81.57,11.38533844
2023-08-15 05:40:00,81.56,81.57,81.56,81.56,8.48694781
2023-08-15 05:39:00,81.57,81.6,81.6,81.57,104.70493529
2023-08-15 05:38:00,81.59,81.61,81.61,81.59,8.90647488
2023-08-15 05:37:00,81.57,81.62,81.58,81.6,55.31800514
2023-08-15 05:36:00,81.57,81.59,81.59,81.58,22.77464477
2023-08-15 05:35:00,81.57,81.59,81.59,81.59,6.14696899
2023-08-15 05:34:00,81.59,81.59,81.59,81.59,7.28282709
2023-08-15 05:33:00,81.58,81.59,81.59,81.58,17.63553092
2023-08-15 05:32:00,81.58,81.6,81.59,81.59,38.12202279
2023-08-15 05:31:00,81.57,81.59,81.58,81.59,49.88054873
2023-08-15 05:30:00,81.58,81.58,81.58,81.58,3.72750352
2023-08-15 05:29:00,81.55,81.58,81.58,81.58,16.00640536
2023-08-15 05:28:00,81.56,81.58,81.57,81.58,6.19517849
2023-08-15 05:27:00,81.55,81.57,81.55,81.57,8.40308054
2023-08-15 05:26:00,81.56,81.58,81.58,81.57,12.26500738
2023-08-15 05:25:00,81.56,81.58,81.57,81.56,18.089961
2023-08-15 05:24:00,81.58,81.59,81.59,81.58,4.42649006
2023-08-15 05:23:00,81.54,81.6,81.55,81.6,5.82894219
2023-08-15 05:22:00,81.55,81.56,81.56,81.56,23.11412586
2023-08-15 05:21:00,81.55,81.57,81.57,81.55,7.56532603
2023-08-15 05:20:00,81.53,81.56,81.55,81.56,29.57064771
2023-08-15 05:19:00,81.54,81.57,81.55,81.57,10.19846358
2023-08-15 05:18:00,81.54,81.59,81.58,81.55,50.97885015
2023-08-15 05:17:00,81.5,81.57,81.5,81.57,168.59510367
2023-08-15 05:16:00,81.5,81.5,81.5,81.5,3.23018703
2023-08-15 05:15:00,81.46,81.48,81.48,81.47,27.95034884
2023-08-15 05:14:00,81.46,81.48,81.48,81.48,14.51347135
2023-08-15 05:13:00,81.43,81.48,81.44,81.48,103.58278016
2023-08-15 05:12:00,81.41,81.5,81.48,81.44,92.85599009
2023-08-15 05:11:00,81.47,81.5,81.5,81.47,89.23272076
2023-08-15 05:10:00,81.5,81.53,81.53,81.5,88.23853413
2023-08-15 05:09:00,81.52,81.55,81.55,81.53,87.09691213
2023-08-15 05:08:00,81.55,81.57,81.56,81.56,16.95592589
2023-08-15 05:07:00,81.51,81.56,81.51,81.56,79.46667539
2023-08-15 05:06:00,81.51,81.52,81.51,81.52,35.46943408
2023-08-15 05:05:00,81.51,81.53,81.51,81.52,44.21611981
2023-08-15 05:04:00,81.51,81.53,81.53,81.52,96.46007938
2023-08-15 05:03:00,81.53,81.54,81.54,81.53,4.20500394
2023-08-15 05:02:00,81.52,81.54,81.54,81.54,14.06335353
2023-08-15 05:01:00,81.53,81.54,81.54,81.54,12.82107821
2023-08-15 05:00:00,81.53,81.54,81.54,81.53,2.7979174
2023-08-15 04:59:00,81.53,81.58,81.58,81.53,46.1017909
2023-08-15 04:58:00,81.54,81.58,81.55,81.58,25.93544589
2023-08-15 04:57:00,81.51,81.55,81.52,81.53,23.33079474
2023-08-15 04:56:00,81.51,81.52,81.52,81.52,6.50651788
2023-08-15 04:55:00,81.51,81.53,81.52,81.53,10.3539748
2023-08-15 04:54:00,81.51,81.52,81.52,81.52,7.31289443
2023-08-15 04:53:00,81.51,81.55,81.55,81.52,47.19170761
2023-08-15 04:52:00,81.54,81.55,81.55,81.55,6.00428861
2023-08-15 04:51:00,81.53,81.54,81.54,81.54,8.71801451
2023-08-15 04:50:00,81.54,81.55,81.54,81.54,1.27501758
2023-08-15 04:49:00,81.55,81.58,81.57,81.55,8.89446862
2023-08-15 04:48:00,81.53,81.56,81.53,81.56,60.0
2023-08-15 04:47:00,81.52,81.52,81.52,81.52,2.76782724
2023-08-15 04:46:00,81.5,81.51,81.5,81.51,0.94522557
2023-08-15 04:45:00,81.42,81.5,81.42,81.5,63.39304745
2023-08-15 04:44:00,81.41,81.43,81.42,81.41,9.629356
2023-08-15 04:43:00,81.42,81.43,81.43,81.42,7.95799493
2023-08-15 04:42:00,81.41,81.43,81.42,81.41,19.32498478
2023-08-15 04:41:00,81.41,81.44,81.42,81.42,27.94536399
2023-08-15 04:40:00,81.42,81.45,81.44,81.44,50.58554959
2023-08-15 04:39:00,81.44,81.45,81.44,81.45,18.93610787
2023-08-15 04:38:00,81.43,81.45,81.43,81.44,12.16643703
2023-08-15 04:37:00,81.44,81.45,81.45,81.45,1.3166787
2023-08-15 04:36:00,81.42,81.45,81.45,81.45,78.88770645
2023-08-15 04:35:00,81.43,81.44,81.43,81.44,1.5834396
2023-08-15 04:34:00,81.45,81.47,81.47,81.45,18.43495403
2023-08-15 04:33:00,81.46,81.47,81.46,81.47,12.83849643
2023-08-15 04:32:00,81.45,81.47,81.46,81.47,39.48622243
2023-08-15 04:31:00,81.47,81.47,81.47,81.47,5.46502468
2023-08-15 04:30:00,81.46,81.48,81.47,81.47,18.66239256
2023-08-15 04:29:00,81.46,81.48,81.48,81.47,15.77380709
2023-08-15 04:28:00,81.47,81.48,81.47,81.48,15.093643
2023-08-15 04:27:00,81.47,81.49,81.48,81.47,4.66261163
2023-08-15 04:26:00,81.49,81.5,81.5,81.5,4.25817941
2023-08-15 04:25:00,81.48,81.51,81.5,81.5,10.83838234
2023-08-15 04:24:00,81.48,81.49,81.49,81.49,20.62360913
2023-08-15 04:23:00,81.48,81.51,81.51,81.49,20.37892967
2023-08-15 04:22:00,81.5,81.52,81.52,81.5,12.95167162
2023-08-15 04:21:00,81.5,81.52,81.52,81.52,2.54821216
2023-08-15 04:20:00,81.5,81.52,81.52,81.52,9.57349275
2023-08-15 04:19:00,81.52,81.54,81.54,81.53,59.16308206
2023-08-15 04:18:00,81.56,81.59,81.59,81.56,14.6754298
2023-08-15 04:17:00,81.58,81.59,81.59,81.58,12.60612051
2023-08-15 04:16:00,81.57,81.59,81.58,81.59,25.44458392
2023-08-15 04:15:00,81.56,81.59,81.56,81.59,22.16550463
2023-08-15 04:14:00,81.54,81.56,81.55,81.56,121.87308366
2023-08-15 04:13:00,81.55,81.58,81.56,81.55,53.38231032
2023-08-15 04:12:00,81.55,81.57,81.56,81.57,5.25367326
2023-08-15 04:11:00,81.51,81.56,81.51,81.56,135.54788235
2023-08-15 04:10:00,81.5,81.53,81.53,81.51,10.36872807
2023-08-15 04:09:00,81.53,81.56,81.54,81.53,19.24703755
2023-08-15 04:08:00,81.57,81.58,81.57,81.58,5.83630905
2023-08-15 04:07:00,81.54,81.57,81.55,81.57,12.97809319
2023-08-15 04:06:00,81.54,81.55,81.55,81.55,23.73083316
2023-08-15 04:05:00,81.5,81.55,81.51,81.55,93.16376254
2023-08-15 04:04:00,81.5,81.51,81.51,81.51,18.28621493
2023-08-15 04:03:00,81.48,81.52,81.49,81.51,262.20160348
2023-08-15 04:02:00,81.46,81.49,81.46,81.49,35.93149745
2023-08-15 04:01:00,81.48,81.49,81.49,81.49,36.15342772
2023-08-15 04:00:00,81.49,81.51,81.5,81.49,748.8166503
2023-08-15 03:59:00,81.52,81.57,81.55,81.52,86.96264394
2023-08-15 03:58:00,81.54,81.55,81.55,81.55,34.93888962
2023-08-15 03:57:00,81.54,81.57,81.54,81.56,51.15921436
2023-08-15 03:56:00,81.53,81.53,81.53,81.53,51.41416895
2023-08-15 03:55:00,81.52,81.55,81.52,81.52,38.42748619
2023-08-15 03:54:00,81.51,81.53,81.51,81.53,51.40005937
2023-08-15 03:53:00,81.4,81.51,81.51,81.51,662.03645904
2023-08-15 03:52:00,81.5,81.62,81.6,81.52,431.83758335
2023-08-15 03:51:00,81.6,81.61,81.61,81.61,8.56681431
2023-08-15 03:50:00,81.61,81.64,81.63,81.61,427.81895127
2023-08-15 13:50:00,81.71,81.73,81.71,81.73,8.97766938
2023-08-15 13:49:00,81.7,81.72,81.7,81.71,5.24906576
2023-08-15 13:48:00,81.69,81.72,81.72,81.7,47.60687483
2023-08-15 13:47:00,81.7,81.72,81.71,81.72,21.54251445
2023-08-15 13:46:00,81.7,81.73,81.7,81.7,65.09825546
2023-08-15 13:45:00,81.69,81.71,81.7,81.7,21.21756726
2023-08-15 13:44:00,81.71,81.73,81.71,81.73,38.21629184
2023-08-15 13:43:00,81.69,81.75,81.74,81.7,123.61640166
2023-08-15 13:42:00,81.7,81.74,81.7,81.74,60.8119213
2023-08-15 13:41:00,81.69,81.73,81.73,81.7,110.91371991
2023-08-15 13:40:00,81.73,81.77,81.77,81.73,21.0180982
2023-08-15 13:39:00,81.75,81.77,81.76,81.75,17.4203794
2023-08-15 13:38:00,81.73,81.76,81.76,81.75,29.04332115
2023-08-15 13:37:00,81.74,81.79,81.79,81.75,81.71486606
2023-08-15 13:36:00,81.79,81.8,81.79,81.79,6.2828736
2023-08-15 13:35:00,81.76,81.8,81.79,81.79,100.61288576
2023-08-15 13:34:00,81.77,81.81,81.81,81.79,32.36331274
2023-08-15 13:33:00,81.8,81.82,81.8,81.81,4.39220291
2023-08-15 13:32:00,81.79,81.83,81.83,81.81,12.78626161
2023-08-15 13:31:00,81.82,81.84,81.83,81.83,56.92868476
2023-08-15 13:30:00,81.83,81.89,81.87,81.83,391.45134882
2023-08-15 13:29:00,81.87,81.88,81.88,81.88,20.03247294
2023-08-15 13:28:00,81.87,81.89,81.88,81.88,102.52040009
2023-08-15 13:27:00,81.87,81.88,81.87,81.88,9.22096392
2023-08-15 13:26:00,81.87,81.88,81.88,81.88,42.44549882
2023-08-15 13:25:00,81.88,81.88,81.88,81.88,2.46701472
2023-08-15 13:24:00,81.87,81.88,81.88,81.88,30.53106053
2023-08-15 13:23:00,81.83,81.88,81.83,81.88,80.13400547
2023-08-15 13:22:00,81.83,81.86,81.86,81.83,48.02772694
2023-08-15 13:21:00,81.84,81.87,81.84,81.86,23.92572927
2023-08-15 13:20:00,81.84,81.85,81.84,81.85,4.63004048
2023-08-15 13:19:00,81.83,81.85,81.84,81.85,17.96973394
2023-08-15 13:18:00,81.82,81.84,81.83,81.84,59.58089095
2023-08-15 13:17:00,81.8,81.82,81.81,81.82,30.62966276
2023-08-15 13:16:00,81.77,81.81,81.78,81.81,7.41492162
2023-08-15 13:15:00,81.75,81.78,81.75,81.78,39.15370883
2023-08-15 13:14:00,81.75,81.76,81.76,81.76,18.82466245
2023-08-15 13:13:00,81.71,81.76,81.72,81.76,47.50583246
2023-08-15 13:12:00,81.73,81.78,81.78,81.73,85.37632109
2023-08-15 13:11:00,81.77,81.78,81.78,81.77,17.07063771
2023-08-15 13:10:00,81.76,81.78,81.76,81.77,4.7236306
2023-08-15 13:09:00,81.72,81.78,81.73,81.77,101.04173973
2023-08-15 13:08:00,81.71,81.73,81.73,81.73,21.29741977
2023-08-15 13:07:00,81.71,81.73,81.71,81.72,35.41957121
2023-08-15 13:06:00,81.71,81.73,81.71,81.72,21.25671883
2023-08-15 13:05:00,81.69,81.71,81.69,81.71,11.01763935
2023-08-15 13:04:00,81.68,81.71,81.69,81.7,23.14530742
2023-08-15 13:03:00,81.69,81.71,81.69,81.7,34.22236878
2023-08-15 13:02:00,81.68,81.69,81.69,81.69,12.11075237
2023-08-15 13:01:00,81.66,81.69,81.67,81.69,56.4730826
2023-08-15 13:00:00,81.63,81.66,81.64,81.66,20.14406802
2023-08-15 12:59:00,81.63,81.64,81.64,81.64,4.88266232
2023-08-15 12:58:00,81.63,81.64,81.64,81.64,20.90960767
2023-08-15 12:57:00,81.64,81.67,81.67,81.65,15.38878829
2023-08-15 12:56:00,81.67,81.68,81.68,81.68,10.90977479
2023-08-15 12:55:00,81.66,81.68,81.68,81.67,32.62267045
2023-08-15 12:54:00,81.67,81.71,81.71,81.68,331.54194185
2023-08-15 12:53:00,81.7,81.71,81.71,81.71,7.03331407
2023-08-15 12:52:00,81.7,81.72,81.71,81.7,23.79147011
2023-08-15 12:51:00,81.68,81.71,81.7,81.71,5.33262337
2023-08-15 12:50:00,81.68,81.7,81.7,81.68,68.50215787
2023-08-15 12:49:00,81.69,81.72,81.72,81.7,25.71950359
2023-08-15 12:48:00,81.71,81.73,81.71,81.73,29.28621311
2023-08-15 12:47:00,81.7,81.72,81.72,81.72,8.87990231
2023-08-15 12:46:00,81.69,81.72,81.7,81.72,2.34201851
2023-08-15 12:45:00,81.67,81.71,81.69,81.7,21.02051415
2023-08-15 12:44:00,81.68,81.71,81.7,81.71,5.2187423
2023-08-15 12:43:00,81.65,81.7,81.67,81.7,11.10152626
2023-08-15 12:42:00,81.64,81.67,81.65,81.67,33.72776996
2023-08-15 12:41:00,81.63,81.65,81.64,81.65,6.0461924
2023-08-15 12:40:00,81.6,81.64,81.6,81.64,8.01035049
2023-08-15 12:39:00,81.6,81.63,81.6,81.61,24.11701054
2023-08-15 12:38:00,81.59,81.65,81.64,81.59,50.47093041
2023-08-15 12:37:00,81.65,81.68,81.65,81.68,15.42716344
2023-08-15 12:36:00,81.65,81.68,81.66,81.68,17.57184765
2023-08-15 12:35:00,81.63,81.66,81.65,81.66,146.95021715
2023-08-15 12:34:00,81.6,81.63,81.6,81.63,89.63796237
2023-08-15 12:33:00,81.57,81.61,81.57,81.61,14.53713249
2023-08-15 12:32:00,81.51,81.57,81.54,81.57,75.42617835
2023-08-15 12:31:00,81.53,81.58,81.58,81.54,75.77787111
2023-08-15 12:30:00,81.57,81.63,81.61,81.57,101.31273472
2023-08-15 12:29:00,81.61,81.62,81.62,81.61,7.15743085
2023-08-15 12:28:00,81.59,81.63,81.62,81.61,20.93976232
2023-08-15 12:27:00,81.62,81.63,81.63,81.63,1.76147226
2023-08-15 12:26:00,81.61,81.64,81.63,81.63,61.04742463
2023-08-15 12:25:00,81.63,81.64,81.63,81.63,13.41026872
2023-08-15 12:24:00,81.61,81.63,81.61,81.62,12.08058156
2023-08-15 12:23:00,81.63,81.64,81.63,81.63,9.46669382
2023-08-15 12:22:00,81.6,81.65,81.61,81.63,66.17286098
2023-08-15 12:21:00,81.6,81.63,81.62,81.61,4.09204413
2023-08-15 12:20:00,81.6,81.62,81.62,81.62,8.21285444
2023-08-15 12:19:00,81.6,81.63,81.62,81.62,103.91596207
2023-08-15 12:18:00,81.58,81.61,81.59,81.61,28.50380696
2023-08-15 12:17:00,81.55,81.59,81.56,81.57,21.95017098
2023-08-15 12:16:00,81.56,81.58,81.57,81.56,39.1133942
2023-08-15 12:15:00,81.56,81.58,81.57,81.58,15.71404495
2023-08-15 12:14:00,81.56,81.57,81.56,81.57,14.56833912
2023-08-15 12:13:00,81.56,81.57,81.57,81.56,11.76122476
2023-08-15 12:12:00,81.54,81.57,81.55,81.57,12.81736982
2023-08-15 12:11:00,81.54,81.56,81.55,81.55,8.50419385
2023-08-15 12:10:00,81.52,81.55,81.53,81.55,11.31885389
2023-08-15 12:09:00,81.47,81.53,81.48,81.53,10.72958838
2023-08-15 12:08:00,81.48,81.51,81.51,81.49,61.69429389
2023-08-15 12:07:00,81.49,81.51,81.5,81.51,25.42970612
2023-08-15 12:06:00,81.44,81.49,81.44,81.49,37.51560576
2023-08-15 12:05:00,81.43,81.5,81.5,81.43,138.25997419
2023-08-15 12:04:00,81.5,81.53,81.52,81.5,14.47890486
2023-08-15 12:03:00,81.51,81.53,81.53,81.52,16.11757182
2023-08-15 12:02:00,81.49,81.52,81.49,81.51,13.60070388
2023-08-15 12:01:00,81.48,81.49,81.49,81.48,9.00848061
2023-08-15 12:00:00,81.47,81.52,81.52,81.49,42.76837665
2023-08-15 11:59:00,81.5,81.54,81.52,81.52,14.31413722
2023-08-15 11:58:00,81.51,81.53,81.52,81.52,8.04996974
2023-08-15 11:57:00,81.51,81.53,81.53,81.52,19.68100963
2023-08-15 11:56:00,81.52,81.54,81.53,81.52,33.70423025
2023-08-15 11:55:00,81.52,81.58,81.55,81.53,219.03817342
2023-08-15 11:54:00,81.54,81.56,81.54,81.56,8.68732304
2023-08-15 11:53:00,81.56,81.57,81.57,81.56,5.03071352
2023-08-15 11:52:00,81.58,81.6,81.6,81.58,40.2345441
2023-08-15 11:51:00,81.6,81.64,81.63,81.62,72.7787406
2023-08-15 11:50:00,81.59,81.63,81.6,81.63,40.14440711
2023-08-15 11:49:00,81.59,81.63,81.63,81.6,59.65699028
2023-08-15 11:48:00,81.62,81.66,81.66,81.63,5.21317475
2023-08-15 11:47:00,81.63,81.66,81.65,81.66,16.60127412
2023-08-15 11:46:00,81.64,81.65,81.65,81.65,3.32524924
2023-08-15 11:45:00,81.63,81.65,81.63,81.65,30.37053428
2023-08-15 11:44:00,81.65,81.67,81.65,81.66,5.48710108
2023-08-15 11:43:00,81.57,81.64,81.57,81.64,20.79320353
2023-08-15 11:42:00,81.56,81.59,81.56,81.57,32.11205919
2023-08-15 11:41:00,81.55,81.59,81.59,81.57,40.73860847
2023-08-15 11:40:00,81.57,81.6,81.57,81.59,5.17559388
2023-08-15 11:39:00,81.54,81.58,81.56,81.58,30.01923372
2023-08-15 11:38:00,81.57,81.61,81.58,81.57,205.50698859
2023-08-15 11:37:00,81.55,81.63,81.63,81.56,37.4123109
2023-08-15 11:36:00,81.59,81.63,81.59,81.63,31.97007518
2023-08-15 11:35:00,81.55,81.6,81.56,81.57,172.75996045
2023-08-15 11:34:00,81.54,81.56,81.54,81.55,38.9313124
2023-08-15 11:33:00,81.52,81.57,81.56,81.52,191.20500146
2023-08-15 11:32:00,81.57,81.59,81.58,81.59,20.50165745
2023-08-15 11:31:00,81.53,81.58,81.53,81.57,36.22862939
2023-08-15 11:30:00,81.52,81.65,81.62,81.52,413.03391603
2023-08-15 11:29:00,81.62,81.63,81.63,81.63,21.51938409
2023-08-15 11:28:00,81.63,81.65,81.65,81.63,12.96765484
2023-08-15 11:27:00,81.63,81.67,81.66,81.65,28.64823783
2023-08-15 11:26:00,81.66,81.68,81.66,81.66,19.13951529
2023-08-15 11:25:00,81.65,81.68,81.67,81.66,33.19702849
2023-08-15 11:24:00,81.65,81.67,81.66,81.65,21.85823989
2023-08-15 11:23:00,81.64,81.68,81.68,81.67,21.99811631
2023-08-15 11:22:00,81.68,81.7,81.69,81.68,21.07792633
2023-08-15 11:21:00,81.63,81.66,81.64,81.66,33.82624747
2023-08-15 11:20:00,81.63,81.65,81.65,81.63,19.17536739
2023-08-15 11:19:00,81.64,81.66,81.66,81.64,11.01779279
2023-08-15 11:18:00,81.64,81.69,81.69,81.64,22.86019532
2023-08-15 11:17:00,81.67,81.69,81.68,81.69,9.08759225
2023-08-15 11:16:00,81.68,81.7,81.69,81.69,3.53506949
2023-08-15 11:15:00,81.67,81.7,81.7,81.67,98.21803799
2023-08-15 11:14:00,81.69,81.71,81.7,81.69,2.57154881
2023-08-15 11:13:00,81.67,81.7,81.68,81.69,11.61650244
2023-08-15 11:12:00,81.7,81.71,81.71,81.7,6.77451983
2023-08-15 11:11:00,81.69,81.7,81.7,81.7,19.02297586
2023-08-15 11:10:00,81.69,81.71,81.71,81.71,8.76833526
2023-08-15 11:09:00,81.7,81.71,81.7,81.7,15.06436039
2023-08-15 11:08:00,81.71,81.72,81.72,81.72,8.49423318
2023-08-15 11:07:00,81.7,81.72,81.7,81.72,19.30106734
2023-08-15 11:06:00,81.69,81.7,81.69,81.7,2.55936417
2023-08-15 11:05:00,81.68,81.7,81.7,81.69,14.7093736
2023-08-15 11:04:00,81.7,81.71,81.71,81.71,64.8092135
2023-08-15 11:03:00,81.7,81.71,81.7,81.71,8.41903658
2023-08-15 11:02:00,81.7,81.71,81.7,81.71,14.91044591
2023-08-15 11:01:00,81.67,81.7,81.67,81.7,1.34330605
2023-08-15 11:00:00,81.68,81.71,81.69,81.68,20.85265139
2023-08-15 10:59:00,81.7,81.71,81.71,81.7,4.76576771
2023-08-15 10:58:00,81.7,81.71,81.71,81.71,4.83744299
2023-08-15 10:57:00,81.67,81.7,81.68,81.7,3.92836025
2023-08-15 10:56:00,81.68,81.69,81.68,81.69,2.41578359
2023-08-15 10:55:00,81.67,81.68,81.67,81.68,31.90946153
2023-08-15 10:54:00,81.66,81.67,81.66,81.67,23.18538397
2023-08-15 10:53:00,81.67,81.68,81.67,81.68,18.25111442
2023-08-15 10:52:00,81.68,81.68,81.68,81.68,9.06707076
2023-08-15 10:51:00,81.66,81.7,81.7,81.67,8.67219374
2023-08-15 10:50:00,81.69,81.7,81.7,81.69,1.98784901
2023-08-15 10:49:00,81.7,81.72,81.72,81.7,1.94436614
2023-08-15 10:48:00,81.7,81.72,81.71,81.72,56.13602704
2023-08-15 10:47:00,81.7,81.73,81.73,81.71,28.51686272
2023-08-15 10:46:00,81.67,81.72,81.68,81.72,26.59766709
2023-08-15 10:45:00,81.68,81.69,81.69,81.68,2.36755596
2023-08-15 10:44:00,81.68,81.7,81.68,81.69,2.48774978
2023-08-15 10:43:00,81.68,81.7,81.7,81.68,2.10606707
2023-08-15 10:42:00,81.69,81.74,81.72,81.7,94.74446765
2023-08-15 10:41:00,81.71,81.73,81.73,81.72,24.76544786
2023-08-15 10:40:00,81.71,81.73,81.71,81.73,6.57809369
2023-08-15 10:39:00,81.71,81.72,81.72,81.72,2.42055468
2023-08-15 10:38:00,81.7,81.75,81.75,81.72,50.53205928
2023-08-15 10:37:00,81.71,81.75,81.71,81.75,33.55535739
2023-08-15 10:36:00,81.7,81.72,81.7,81.72,14.69070701
2023-08-15 10:35:00,81.7,81.72,81.71,81.72,9.85551811
2023-08-15 10:34:00,81.71,81.74,81.72,81.72,80.366687
2023-08-15 10:33:00,81.7,81.72,81.71,81.71,12.08452027
2023-08-15 10:32:00,81.69,81.71,81.71,81.71,61.19300754
2023-08-15 10:31:00,81.7,81.71,81.71,81.7,13.11005087
2023-08-15 10:30:00,81.7,81.7,81.7,81.7,15.34361249
2023-08-15 10:29:00,81.66,81.73,81.72,81.68,52.61178497
2023-08-15 10:28:00,81.72,81.73,81.73,81.73,5.57249669
2023-08-15 10:27:00,81.7,81.73,81.72,81.73,11.50998546
2023-08-15 10:26:00,81.7,81.72,81.71,81.72,15.02211526
2023-08-15 10:25:00,81.7,81.72,81.7,81.72,4.15263544
2023-08-15 10:24:00,81.69,81.7,81.69,81.7,14.38874903
2023-08-15 10:23:00,81.69,81.7,81.7,81.69,6.01735896
2023-08-15 10:22:00,81.7,81.71,81.7,81.7,20.57729541
2023-08-15 10:21:00,81.69,81.71,81.71,81.7,13.3762048
2023-08-15 10:20:00,81.71,81.74,81.71,81.73,10.57569472
2023-08-15 10:19:00,81.71,81.74,81.74,81.72,6.6528797
2023-08-15 10:18:00,81.72,81.74,81.74,81.74,4.41721065
2023-08-15 10:17:00,81.73,81.77,81.76,81.74,12.2852905
2023-08-15 10:16:00,81.76,81.78,81.77,81.76,14.8622828
2023-08-15 10:15:00,81.77,81.8,81.78,81.77,4.87231091
2023-08-15 10:14:00,81.79,81.81,81.79,81.79,7.1977095
2023-08-15 10:13:00,81.77,81.78,81.77,81.78,32.33421771
2023-08-15 10:12:00,81.75,81.77,81.76,81.77,3.67601718
2023-08-15 10:11:00,81.74,81.76,81.75,81.76,16.47270809
2023-08-15 10:10:00,81.74,81.75,81.74,81.75,24.57676948
2023-08-15 10:09:00,81.75,81.78,81.77,81.75,14.94728331
2023-08-15 10:08:00,81.77,81.79,81.79,81.77,8.61929047
2023-08-15 10:07:00,81.79,81.83,81.83,81.81,4.07355167
2023-08-15 10:06:00,81.83,81.84,81.84,81.84,0.50847787
2023-08-15 10:05:00,81.82,81.83,81.82,81.83,4.55593756
2023-08-15 10:04:00,81.83,81.84,81.83,81.84,9.7867978
2023-08-15 10:03:00,81.83,81.87,81.87,81.85,33.02087933
2023-08-15 10:02:00,81.87,81.89,81.87,81.88,20.81563491
2023-08-15 10:01:00,81.85,81.87,81.87,81.86,12.43854253
2023-08-15 10:00:00,81.85,81.87,81.86,81.85,41.7465425
2023-08-15 09:59:00,81.87,81.9,81.9,81.87,16.91147418
2023-08-15 09:58:00,81.89,81.9,81.9,81.9,10.5320948
2023-08-15 09:57:00,81.86,81.89,81.86,81.89,27.37174912
2023-08-15 09:56:00,81.83,81.86,81.84,81.86,8.46999456
2023-08-15 09:55:00,81.84,81.84,81.84,81.84,7.74905815
2023-08-15 09:54:00,81.84,81.86,81.85,81.84,4.80273697
2023-08-15 09:53:00,81.82,81.85,81.82,81.85,14.89058428
2023-08-15 09:52:00,81.8,81.82,81.8,81.81,26.09520607
2023-08-15 09:51:00,81.8,81.81,81.81,81.8,2.9892682
2023-08-15 09:50:00,81.8,81.82,81.81,81.81,65.16468505
2023-08-15 09:49:00,81.77,81.82,81.77,81.82,34.20191899
2023-08-15 09:48:00,81.74,81.76,81.74,81.76,1.59453417
2023-08-15 09:47:00,81.75,81.76,81.75,81.76,10.80049212
2023-08-15 09:46:00,81.73,81.75,81.75,81.74,13.81426074
2023-08-15 09:45:00,81.77,81.79,81.79,81.77,4.0123701
2023-08-15 09:44:00,81.78,81.82,81.82,81.78,21.11196493
2023-08-15 09:43:00,81.8,81.84,81.83,81.8,32.29514351
2023-08-15 09:42:00,81.79,81.81,81.79,81.81,48.29921437
2023-08-15 09:41:00,81.76,81.79,81.78,81.77,5.41272465
2023-08-15 09:40:00,81.75,81.78,81.75,81.77,142.68687365
2023-08-15 09:39:00,81.76,81.78,81.76,81.76,94.26272678
2023-08-15 09:38:00,81.74,81.77,81.75,81.76,14.00329354
2023-08-15 09:37:00,81.73,81.79,81.79,81.73,15.5886693
2023-08-15 09:36:00,81.79,81.81,81.8,81.79,35.83819878
2023-08-15 09:35:00,81.73,81.8,81.73,81.78,443.71992272
2023-08-15 09:34:00,81.73,81.74,81.73,81.74,5.23710896
2023-08-15 09:33:00,81.74,81.8,81.8,81.74,36.6761682
2023-08-15 09:32:00,81.8,81.8,81.8,81.8,70.27839563
2023-08-15 09:31:00,81.8,81.8,81.8,81.8,5.19268896
2023-08-15 09:30:00,81.79,81.81,81.8,81.79,13.43006384
2023-08-15 09:29:00,81.79,81.8,81.8,81.8,2.67292774
2023-08-15 09:28:00,81.79,81.84,81.84,81.8,130.40034056
2023-08-15 09:27:00,81.82,81.84,81.83,81.84,6.64378582
2023-08-15 09:26:00,81.82,81.84,81.83,81.84,147.25092077
2023-08-15 09:25:00,81.83,81.85,81.85,81.83,7.5875193
2023-08-15 09:24:00,81.85,81.85,81.85,81.85,7.03903967
2023-08-15 09:23:00,81.83,81.84,81.83,81.84,49.64054638
2023-08-15 09:22:00,81.82,81.83,81.82,81.83,4.24011541
2023-08-15 09:21:00,81.8,81.81,81.81,81.81,12.31371484
2023-08-15 09:20:00,81.8,81.82,81.82,81.8,5.87353062
2023-08-15 09:19:00,81.81,81.81,81.81,81.81,2.98543458
2023-08-15 09:18:00,81.81,81.84,81.84,81.81,3.07008927
2023-08-15 09:17:00,81.84,81.87,81.87,81.85,16.89490525
2023-08-15 09:16:00,81.86,81.87,81.86,81.87,5.12359358
2023-08-15 09:15:00,81.84,81.87,81.85,81.85,37.02379627
2023-08-15 09:14:00,81.85,81.86,81.86,81.85,1.26528235
2023-08-15 09:13:00,81.86,81.87,81.87,81.87,5.60830936
2023-08-15 09:12:00,81.87,81.88,81.88,81.88,24.98353996
2023-08-15 09:11:00,81.86,81.88,81.87,81.87,11.22765211
2023-08-15 09:10:00,81.86,81.87,81.87,81.86,0.67107984
2023-08-15 09:09:00,81.82,81.85,81.83,81.85,95.97790691
2023-08-15 09:08:00,81.81,81.83,81.81,81.83,3.26824706
2023-08-15 09:07:00,81.81,81.82,81.81,81.82,3.13465663
2023-08-15 09:06:00,81.81,81.83,81.81,81.82,10.27282558
2023-08-15 09:05:00,81.81,81.82,81.82,81.82,13.05400849
2023-08-15 09:04:00,81.81,81.82,81.82,81.82,5.5309213
2023-08-15 09:03:00,81.8,81.82,81.81,81.82,7.05123924
2023-08-15 09:02:00,81.78,81.82,81.78,81.82,11.79041771
2023-08-15 09:01:00,81.76,81.78,81.76,81.78,12.76515958
2023-08-15 09:00:00,81.74,81.77,81.76,81.75,5.13673963
2023-08-15 08:59:00,81.77,81.8,81.77,81.77,20.06438834
2023-08-15 08:58:00,81.75,81.77,81.77,81.76,10.56726924
2023-08-15 08:57:00,81.77,81.78,81.78,81.77,9.13571176
2023-08-15 08:56:00,81.75,81.77,81.75,81.77,136.55418566
2023-08-15 08:55:00,81.75,81.79,81.79,81.75,17.28765389
2023-08-15 08:54:00,81.75,81.8,81.75,81.8,64.23845904
2023-08-15 08:53:00,81.75,81.87,81.87,81.75,538.34770174
2023-08-15 08:52:00,81.88,81.89,81.89,81.88,4.29116029
2023-08-15 08:51:00,81.89,81.89,81.89,81.89,3.35309017
2023-08-15 08:50:00,81.84,81.89,81.84,81.89,13.98505484
2023-08-15 18:50:00,81.31,81.33,81.32,81.32,33.02996869
2023-08-15 18:49:00,81.3,81.32,81.31,81.31,12.281583
2023-08-15 18:48:00,81.29,81.33,81.33,81.31,16.20842255
2023-08-15 18:47:00,81.31,81.34,81.31,81.34,10.47975858
2023-08-15 18:46:00,81.26,81.31,81.27,81.31,132.12289348
2023-08-15 18:45:00,81.25,81.27,81.25,81.27,15.01567502
2023-08-15 18:44:00,81.25,81.27,81.25,81.26,24.24315258
2023-08-15 18:43:00,81.25,81.27,81.25,81.26,45.26618269
2023-08-15 18:42:00,81.23,81.26,81.26,81.24,33.12513859
2023-08-15 18:41:00,81.25,81.29,81.28,81.26,37.22590556
2023-08-15 18:40:00,81.28,81.33,81.32,81.28,16.38422156
2023-08-15 18:39:00,81.29,81.32,81.3,81.32,20.21270459
2023-08-15 18:38:00,81.3,81.34,81.33,81.31,52.40557219
2023-08-15 18:37:00,81.32,81.33,81.32,81.33,14.76336786
2023-08-15 18:36:00,81.31,81.33,81.31,81.33,92.86412937
2023-08-15 18:35:00,81.28,81.32,81.31,81.31,41.4555568
2023-08-15 18:34:00,81.29,81.3,81.3,81.3,7.1697341
2023-08-15 18:33:00,81.29,81.3,81.3,81.29,16.99638846
2023-08-15 18:32:00,81.28,81.29,81.29,81.29,40.05867894
2023-08-15 18:31:00,81.26,81.29,81.26,81.28,16.96206629
2023-08-15 18:30:00,81.23,81.26,81.24,81.26,41.04606532
2023-08-15 18:29:00,81.24,81.27,81.24,81.25,53.16680206
2023-08-15 18:28:00,81.22,81.25,81.22,81.25,84.35786013
2023-08-15 18:27:00,81.21,81.22,81.22,81.22,19.249842
2023-08-15 18:26:00,81.2,81.22,81.21,81.22,25.94691469
2023-08-15 18:25:00,81.19,81.21,81.19,81.2,9.6433379
2023-08-15 18:24:00,81.19,81.21,81.19,81.21,17.978401
2023-08-15 18:23:00,81.17,81.2,81.2,81.2,33.97048462
2023-08-15 18:22:00,81.17,81.21,81.18,81.21,22.39114564
2023-08-15 18:21:00,81.14,81.18,81.14,81.17,73.77162511
2023-08-15 18:20:00,81.14,81.16,81.16,81.14,16.7153171
2023-08-15 18:19:00,81.16,81.21,81.19,81.17,28.65504009
2023-08-15 18:18:00,81.14,81.2,81.14,81.2,70.95620482
2023-08-15 18:17:00,81.12,81.16,81.12,81.16,122.30904749
2023-08-15 18:16:00,81.11,81.12,81.11,81.12,17.47281605
2023-08-15 18:15:00,81.03,81.15,81.13,81.1,837.93838346
2023-08-15 18:14:00,81.12,81.16,81.15,81.13,236.72958501
2023-08-15 18:13:00,81.14,81.16,81.16,81.15,97.54689826
2023-08-15 18:12:00,81.14,81.17,81.17,81.15,48.79329841
2023-08-15 18:11:00,81.15,81.2,81.19,81.16,74.31079053
2023-08-15 18:10:00,81.13,81.2,81.18,81.2,193.6499128
2023-08-15 18:09:00,81.16,81.21,81.2,81.18,56.98415631
2023-08-15 18:08:00,81.12,81.21,81.18,81.19,972.73655463
2023-08-15 18:07:00,81.19,81.31,81.31,81.19,186.35733326
2023-08-15 18:06:00,81.31,81.33,81.32,81.31,46.20511724
2023-08-15 18:05:00,81.31,81.34,81.31,81.34,32.31646309
2023-08-15 18:04:00,81.31,81.34,81.33,81.31,39.38873555
2023-08-15 18:03:00,81.33,81.35,81.35,81.34,30.71764231
2023-08-15 18:02:00,81.34,81.39,81.39,81.36,44.6523447
2023-08-15 18:01:00,81.39,81.43,81.43,81.39,44.80299407
2023-08-15 18:00:00,81.36,81.45,81.39,81.44,568.33048226
2023-08-15 17:59:00,81.33,81.43,81.34,81.41,548.6068538
2023-08-15 17:58:00,81.34,81.35,81.34,81.35,75.47195427
2023-08-15 17:57:00,81.33,81.34,81.33,81.33,6.26745606
2023-08-15 17:56:00,81.3,81.34,81.32,81.34,88.27740245
2023-08-15 17:55:00,81.31,81.34,81.33,81.32,49.36776158
2023-08-15 17:54:00,81.32,81.33,81.32,81.33,86.42846565
2023-08-15 17:53:00,81.31,81.32,81.32,81.32,7.82352303
2023-08-15 17:52:00,81.29,81.32,81.29,81.31,61.74854863
2023-08-15 17:51:00,81.29,81.3,81.3,81.29,6.91949837
2023-08-15 17:50:00,81.28,81.3,81.28,81.29,32.49638156
2023-08-15 17:49:00,81.27,81.29,81.29,81.28,61.78177386
2023-08-15 17:48:00,81.25,81.31,81.3,81.29,495.22357034
2023-08-15 17:47:00,81.3,81.32,81.31,81.3,10.70616105
2023-08-15 17:46:00,81.3,81.31,81.3,81.31,38.95087246
2023-08-15 17:45:00,81.3,81.32,81.3,81.3,8.75675163
2023-08-15 17:44:00,81.29,81.31,81.29,81.31,53.88857522
2023-08-15 17:43:00,81.29,81.29,81.29,81.29,19.82607516
2023-08-15 17:42:00,81.28,81.29,81.29,81.29,4.40565055
2023-08-15 17:41:00,81.27,81.3,81.29,81.27,55.84506455
2023-08-15 17:40:00,81.29,81.31,81.31,81.29,19.90114809
2023-08-15 17:39:00,81.28,81.31,81.29,81.31,26.36879086
2023-08-15 17:38:00,81.28,81.33,81.32,81.29,20.65943191
2023-08-15 17:37:00,81.31,81.33,81.33,81.33,40.13198445
2023-08-15 17:36:00,81.32,81.34,81.34,81.33,6.85915531
2023-08-15 17:35:00,81.34,81.38,81.36,81.34,192.82110049
2023-08-15 17:34:00,81.36,81.38,81.38,81.36,60.74523393
2023-08-15 17:33:00,81.36,81.39,81.39,81.38,81.43344351
2023-08-15 17:32:00,81.37,81.4,81.39,81.39,42.84832167
2023-08-15 17:31:00,81.33,81.4,81.33,81.4,222.54151534
2023-08-15 17:30:00,81.32,81.33,81.33,81.33,60.62971623
2023-08-15 17:29:00,81.32,81.34,81.33,81.34,19.46621524
2023-08-15 17:28:00,81.3,81.34,81.33,81.33,276.97856496
2023-08-15 17:27:00,81.27,81.31,81.27,81.31,445.31416926
2023-08-15 17:26:00,81.25,81.27,81.26,81.26,56.61690144
2023-08-15 17:25:00,81.25,81.27,81.27,81.26,38.61816902
2023-08-15 17:24:00,81.25,81.28,81.25,81.27,112.95225455
2023-08-15 17:23:00,81.21,81.25,81.22,81.25,99.31496145
2023-08-15 17:22:00,81.22,81.23,81.22,81.22,15.7415312
2023-08-15 17:21:00,81.18,81.24,81.19,81.24,92.7926598
2023-08-15 17:20:00,81.17,81.23,81.23,81.18,108.35820194
2023-08-15 17:19:00,81.22,81.23,81.22,81.23,24.74918762
2023-08-15 17:18:00,81.2,81.22,81.21,81.22,30.13969659
2023-08-15 17:17:00,81.23,81.23,81.23,81.23,4.45591715
2023-08-15 17:16:00,81.21,81.23,81.23,81.22,28.20802341
2023-08-15 17:15:00,81.21,81.23,81.21,81.22,52.74172387
2023-08-15 17:14:00,81.21,81.22,81.21,81.22,38.00789487
2023-08-15 17:13:00,81.21,81.22,81.22,81.22,34.14260605
2023-08-15 17:12:00,81.21,81.22,81.22,81.22,18.91334591
2023-08-15 17:11:00,81.21,81.22,81.22,81.22,1.97833838
2023-08-15 17:10:00,81.21,81.23,81.22,81.22,95.7182105
2023-08-15 17:09:00,81.21,81.23,81.23,81.22,60.33507865
2023-08-15 17:08:00,81.22,81.25,81.24,81.23,84.5820595
2023-08-15 17:07:00,81.23,81.25,81.24,81.25,20.84351522
2023-08-15 17:06:00,81.24,81.27,81.24,81.24,185.01821024
2023-08-15 17:05:00,81.19,81.24,81.19,81.24,116.96954585
2023-08-15 17:04:00,81.18,81.19,81.19,81.19,44.09440028
2023-08-15 17:03:00,81.18,81.2,81.18,81.2,16.98989666
2023-08-15 17:02:00,81.08,81.18,81.15,81.17,558.68927651
2023-08-15 17:01:00,81.15,81.17,81.17,81.15,121.57135869
2023-08-15 17:00:00,81.16,81.19,81.17,81.17,51.74638603
2023-08-15 16:59:00,81.12,81.17,81.15,81.17,66.6754254
2023-08-15 16:58:00,81.14,81.17,81.17,81.17,76.10459463
2023-08-15 16:57:00,81.12,81.17,81.16,81.17,64.90154779
2023-08-15 16:56:00,81.15,81.18,81.18,81.17,29.5990296
2023-08-15 16:55:00,81.15,81.19,81.19,81.18,119.28699131
2023-08-15 16:54:00,81.16,81.19,81.16,81.18,79.99251282
2023-08-15 16:53:00,81.08,81.18,81.11,81.17,198.96673321
2023-08-15 16:52:00,81.1,81.18,81.17,81.11,191.3342146
2023-08-15 16:51:00,81.13,81.17,81.16,81.17,39.00186448
2023-08-15 16:50:00,81.08,81.16,81.08,81.15,175.33241057
2023-08-15 16:49:00,81.08,81.12,81.1,81.09,89.07806378
2023-08-15 16:48:00,81.01,81.1,81.01,81.1,198.61281184
2023-08-15 16:47:00,81.0,81.06,81.02,81.0,194.61805721
2023-08-15 16:46:00,81.01,81.09,81.08,81.01,80.50372142
2023-08-15 16:45:00,81.09,81.11,81.11,81.09,50.30526304
2023-08-15 16:44:00,81.05,81.11,81.08,81.11,67.80045215
2023-08-15 16:43:00,81.06,81.08,81.07,81.08,6.7033323
2023-08-15 16:42:00,81.05,81.08,81.06,81.07,123.83683594
2023-08-15 16:41:00,81.05,81.1,81.1,81.06,52.3831129
2023-08-15 16:40:00,81.09,81.12,81.11,81.1,145.84407559
2023-08-15 16:39:00,81.1,81.13,81.13,81.11,54.12813837
2023-08-15 16:38:00,81.12,81.15,81.14,81.12,160.08850214
2023-08-15 16:37:00,81.1,81.15,81.15,81.14,244.51824979
2023-08-15 16:36:00,81.13,81.16,81.14,81.15,13.5491915
2023-08-15 16:35:00,81.13,81.15,81.15,81.14,15.70510319
2023-08-15 16:34:00,81.14,81.18,81.15,81.17,71.46560731
2023-08-15 16:33:00,81.14,81.17,81.17,81.14,17.81245088
2023-08-15 16:32:00,81.16,81.19,81.18,81.16,26.73178229
2023-08-15 16:31:00,81.16,81.19,81.19,81.17,13.37361069
2023-08-15 16:30:00,81.18,81.22,81.21,81.18,18.56155909
2023-08-15 16:29:00,81.21,81.24,81.24,81.21,36.55447596
2023-08-15 16:28:00,81.22,81.24,81.22,81.23,8.76305072
2023-08-15 16:27:00,81.2,81.25,81.25,81.21,25.53629932
2023-08-15 16:26:00,81.23,81.26,81.26,81.25,30.58292398
2023-08-15 16:25:00,81.26,81.3,81.28,81.27,29.62341725
2023-08-15 16:24:00,81.26,81.3,81.28,81.28,19.03985158
2023-08-15 16:23:00,81.27,81.3,81.29,81.28,8.01582318
2023-08-15 16:22:00,81.27,81.28,81.27,81.28,3.49361515
2023-08-15 16:21:00,81.25,81.26,81.25,81.25,67.17101296
2023-08-15 16:20:00,81.21,81.25,81.25,81.25,418.21758013
2023-08-15 16:19:00,81.21,81.26,81.21,81.26,20.35731098
2023-08-15 16:18:00,81.17,81.22,81.18,81.22,64.9675843
2023-08-15 16:17:00,81.09,81.17,81.09,81.16,212.92354328
2023-08-15 16:16:00,81.08,81.19,81.19,81.1,576.64052263
2023-08-15 16:15:00,81.18,81.24,81.21,81.18,19.03602093
2023-08-15 16:14:00,81.19,81.23,81.23,81.22,24.67062298
2023-08-15 16:13:00,81.21,81.24,81.21,81.24,137.66412424
2023-08-15 16:12:00,81.18,81.26,81.25,81.23,237.16671668
2023-08-15 16:11:00,81.25,81.26,81.26,81.26,8.85064056
2023-08-15 16:10:00,81.26,81.29,81.28,81.27,17.59163216
2023-08-15 16:09:00,81.27,81.3,81.27,81.28,48.03852945
2023-08-15 16:08:00,81.27,81.31,81.3,81.28,73.68764559
2023-08-15 16:07:00,81.29,81.31,81.29,81.3,29.01148843
2023-08-15 16:06:00,81.28,81.34,81.34,81.29,116.05205237
2023-08-15 16:05:00,81.32,81.34,81.33,81.34,21.86653119
2023-08-15 16:04:00,81.32,81.34,81.33,81.32,53.10598721
2023-08-15 16:03:00,81.28,81.35,81.33,81.32,74.56063605
2023-08-15 16:02:00,81.32,81.35,81.34,81.32,22.04407615
2023-08-15 16:01:00,81.25,81.32,81.25,81.32,285.99680532
2023-08-15 16:00:00,81.22,81.26,81.26,81.25,524.1578887
2023-08-15 15:59:00,81.25,81.27,81.27,81.25,91.42703715
2023-08-15 15:58:00,81.27,81.33,81.3,81.27,18.08431295
2023-08-15 15:57:00,81.26,81.33,81.33,81.32,353.08168395
2023-08-15 15:56:00,81.28,81.36,81.31,81.34,202.58697103
2023-08-15 15:55:00,81.3,81.33,81.32,81.32,265.7186623
2023-08-15 15:54:00,81.25,81.41,81.41,81.31,2474.76327153
2023-08-15 15:53:00,81.4,81.42,81.42,81.4,137.65655897
2023-08-15 15:52:00,81.4,81.42,81.42,81.42,817.1124267
2023-08-15 15:51:00,81.36,81.43,81.38,81.42,480.02399611
2023-08-15 15:50:00,81.36,81.39,81.38,81.38,97.93694344
2023-08-15 15:49:00,81.36,81.38,81.38,81.37,9.84537767
2023-08-15 15:48:00,81.33,81.38,81.33,81.38,22.76535378
2023-08-15 15:47:00,81.32,81.37,81.36,81.32,58.14167745
2023-08-15 15:46:00,81.32,81.36,81.32,81.36,20.4313378
2023-08-15 15:45:00,81.29,81.34,81.33,81.33,123.48239079
2023-08-15 15:44:00,81.31,81.33,81.31,81.33,109.61904351
2023-08-15 15:43:00,81.26,81.34,81.26,81.34,112.47078687
2023-08-15 15:42:00,81.26,81.29,81.29,81.26,49.5247578
2023-08-15 15:41:00,81.29,81.32,81.32,81.29,227.25860413
2023-08-15 15:40:00,81.3,81.32,81.3,81.32,4.64023676
2023-08-15 15:39:00,81.32,81.36,81.36,81.32,171.79436104
2023-08-15 15:38:00,81.34,81.44,81.44,81.37,141.85391374
2023-08-15 15:37:00,81.43,81.45,81.45,81.44,49.80538451
2023-08-15 15:36:00,81.43,81.45,81.44,81.45,18.66321977
2023-08-15 15:35:00,81.42,81.46,81.43,81.45,73.08616409
2023-08-15 15:34:00,81.4,81.43,81.4,81.43,207.33384988
2023-08-15 15:33:00,81.36,81.4,81.37,81.4,22.855904
2023-08-15 15:32:00,81.35,81.38,81.37,81.36,92.42262134
2023-08-15 15:31:00,81.29,81.39,81.29,81.38,206.873905
2023-08-15 15:30:00,81.32,81.38,81.37,81.32,183.51014654
2023-08-15 15:29:00,81.35,81.39,81.37,81.38,11.2897526
2023-08-15 15:28:00,81.34,81.36,81.34,81.36,14.06693354
2023-08-15 15:27:00,81.29,81.33,81.29,81.31,321.93666538
2023-08-15 15:26:00,81.26,81.32,81.32,81.29,129.89507935
2023-08-15 15:25:00,81.27,81.31,81.27,81.3,78.21747551
2023-08-15 15:24:00,81.25,81.29,81.27,81.29,490.53178661
2023-08-15 15:23:00,81.27,81.35,81.31,81.28,377.44016134
2023-08-15 15:22:00,81.28,81.33,81.29,81.32,79.62573596
2023-08-15 15:21:00,81.25,81.29,81.25,81.29,41.68623864
2023-08-15 15:20:00,81.2,81.3,81.3,81.25,294.8842829
2023-08-15 15:19:00,81.29,81.44,81.43,81.3,269.36710822
2023-08-15 15:18:00,81.4,81.47,81.47,81.44,327.59259445
2023-08-15 15:17:00,81.43,81.49,81.48,81.47,52.93708208
2023-08-15 15:16:00,81.47,81.52,81.5,81.5,71.50749546
2023-08-15 15:15:00,81.51,81.58,81.58,81.51,5.89408883
2023-08-15 15:14:00,81.58,81.6,81.6,81.6,37.87064978
2023-08-15 15:13:00,81.57,81.61,81.59,81.6,202.61271469
2023-08-15 15:12:00,81.59,81.64,81.63,81.6,77.13858688
2023-08-15 15:11:00,81.6,81.64,81.61,81.64,26.07068201
2023-08-15 15:10:00,81.63,81.66,81.64,81.63,16.75943887
2023-08-15 15:09:00,81.62,81.67,81.63,81.66,63.5336366
2023-08-15 15:08:00,81.6,81.66,81.65,81.63,378.4548302
2023-08-15 15:07:00,81.64,81.66,81.65,81.65,76.79141523
2023-08-15 15:06:00,81.64,81.66,81.65,81.65,69.1327197
2023-08-15 15:05:00,81.63,81.67,81.67,81.66,34.13505097
2023-08-15 15:04:00,81.63,81.68,81.68,81.66,49.24067785
2023-08-15 15:03:00,81.71,81.79,81.75,81.71,82.71746233
2023-08-15 15:02:00,81.71,81.81,81.81,81.76,972.11221806
2023-08-15 15:01:00,81.77,81.81,81.8,81.81,88.69253132
2023-08-15 15:00:00,81.8,81.82,81.81,81.8,97.87565563
2023-08-15 14:59:00,81.79,81.82,81.8,81.82,27.75058401
2023-08-15 14:58:00,81.77,81.81,81.81,81.79,27.48077305
2023-08-15 14:57:00,81.78,81.82,81.81,81.81,375.86941652
2023-08-15 14:56:00,81.79,81.82,81.8,81.82,123.80595399
2023-08-15 14:55:00,81.79,81.83,81.8,81.8,102.50652326
2023-08-15 14:54:00,81.74,81.79,81.74,81.79,94.77619966
2023-08-15 14:53:00,81.76,81.79,81.78,81.76,31.55550853
2023-08-15 14:52:00,81.74,81.85,81.75,81.78,968.52188761
2023-08-15 14:51:00,81.74,81.75,81.74,81.75,11.62937343
2023-08-15 14:50:00,81.73,81.75,81.74,81.74,46.51705744
2023-08-15 14:49:00,81.73,81.74,81.74,81.74,6.52341102
2023-08-15 14:48:00,81.72,81.74,81.72,81.74,27.23772987
2023-08-15 14:47:00,81.66,81.72,81.68,81.72,165.74646917
2023-08-15 14:46:00,81.67,81.69,81.69,81.67,1.94190001
2023-08-15 14:45:00,81.67,81.69,81.68,81.69,211.75845906
2023-08-15 14:44:00,81.68,81.71,81.71,81.69,51.13668379
2023-08-15 14:43:00,81.69,81.71,81.7,81.71,20.98390959
2023-08-15 14:42:00,81.69,81.73,81.73,81.71,50.64047405
2023-08-15 14:41:00,81.73,81.75,81.73,81.74,202.11976384
2023-08-15 14:40:00,81.71,81.75,81.75,81.73,359.20843413
2023-08-15 14:39:00,81.74,81.81,81.77,81.74,48.04927726
2023-08-15 14:38:00,81.76,81.77,81.76,81.77,10.59557849
2023-08-15 14:37:00,81.69,81.76,81.69,81.75,118.91317927
2023-08-15 14:36:00,81.69,81.74,81.74,81.7,73.66737981
2023-08-15 14:35:00,81.71,81.75,81.72,81.74,37.33015672
2023-08-15 14:34:00,81.72,81.76,81.73,81.72,71.00386897
2023-08-15 14:33:00,81.7,81.73,81.7,81.72,200.77151067
2023-08-15 14:32:00,81.63,81.7,81.67,81.7,78.34500345
2023-08-15 14:31:00,81.66,81.68,81.66,81.66,21.213615
2023-08-15 14:30:00,81.67,81.72,81.69,81.67,18.44211187
2023-08-15 14:29:00,81.68,81.7,81.7,81.7,53.02529667
2023-08-15 14:28:00,81.65,81.71,81.66,81.71,334.83851187
2023-08-15 14:27:00,81.65,81.66,81.66,81.65,39.33432109
2023-08-15 14:26:00,81.66,81.69,81.68,81.66,32.98320219
2023-08-15 14:25:00,81.63,81.69,81.63,81.68,96.25642774
2023-08-15 14:24:00,81.62,81.68,81.68,81.63,71.99038464
2023-08-15 14:23:00,81.67,81.71,81.71,81.68,50.6786209
2023-08-15 14:22:00,81.7,81.75,81.75,81.7,371.2104863
2023-08-15 14:21:00,81.7,81.74,81.7,81.74,51.11851673
2023-08-15 14:20:00,81.67,81.72,81.68,81.72,15.4863455
2023-08-15 14:19:00,81.62,81.68,81.63,81.67,120.45772429
2023-08-15 14:18:00,81.61,81.65,81.65,81.62,844.93765741
2023-08-15 14:17:00,81.66,81.7,81.69,81.66,136.21516441
2023-08-15 14:16:00,81.69,81.7,81.69,81.7,47.68096012
2023-08-15 14:15:00,81.66,81.71,81.66,81.69,71.91379083
2023-08-15 14:14:00,81.63,81.69,81.64,81.67,107.6849062
2023-08-15 14:13:00,81.62,81.64,81.62,81.63,14.85608857
2023-08-15 14:12:00,81.63,81.7,81.69,81.63,120.80590293
2023-08-15 14:11:00,81.68,81.71,81.69,81.69,96.15488714
2023-08-15 14:10:00,81.65,81.69,81.65,81.69,146.24535156
2023-08-15 14:09:00,81.6,81.67,81.67,81.66,265.61179644
2023-08-15 14:08:00,81.63,81.68,81.64,81.68,11.90412163
2023-08-15 14:07:00,81.56,81.61,81.58,81.61,74.50316066
2023-08-15 14:06:00,81.39,81.58,81.47,81.58,352.18149699
2023-08-15 14:05:00,81.49,81.61,81.61,81.49,296.73375946
2023-08-15 14:04:00,81.6,81.64,81.6,81.62,11.1369176
2023-08-15 14:03:00,81.59,81.62,81.62,81.62,42.32291856
2023-08-15 14:02:00,81.59,81.63,81.6,81.62,32.12461242
2023-08-15 14:01:00,81.59,81.64,81.64,81.6,47.13937567
2023-08-15 14:00:00,81.62,81.64,81.62,81.64,11.70694794
2023-08-15 13:59:00,81.62,81.64,81.63,81.62,22.80324299
2023-08-15 13:58:00,81.63,81.67,81.66,81.64,80.68109141
2023-08-15 13:57:00,81.65,81.67,81.66,81.65,8.15160982
2023-08-15 13:56:00,81.66,81.69,81.69,81.67,32.6186353
2023-08-15 13:55:00,81.68,81.71,81.71,81.68,10.76039341
2023-08-15 13:54:00,81.69,81.74,81.74,81.71,146.43721208
2023-08-15 13:53:00,81.73,81.75,81.75,81.74,39.74835092
2023-08-15 13:52:00,81.71,81.73,81.72,81.73,14.5131062
2023-08-15 13:51:00,81.71,81.73,81.73,81.72,6.9358219
2023-08-15 13:50:00,81.71,81.73,81.71,81.73,8.97766938
2023-08-15 23:50:00,79.25,79.32,79.25,79.26,154.87039427
2023-08-15 23:49:00,79.24,79.28,79.26,79.27,340.47623496
2023-08-15 23:48:00,79.27,79.32,79.31,79.27,267.67336707
2023-08-15 23:47:00,79.21,79.31,79.22,79.31,409.19061718
2023-08-15 23:46:00,79.14,79.22,79.16,79.22,349.49185649
2023-08-15 23:45:00,79.16,79.24,79.24,79.16,67.4469412
2023-08-15 23:44:00,79.23,79.27,79.27,79.24,43.38756831
2023-08-15 23:43:00,79.24,79.27,79.25,79.26,17.65968567
2023-08-15 23:42:00,79.27,79.29,79.29,79.27,14.96748153
2023-08-15 23:41:00,79.25,79.32,79.25,79.29,54.73811254
2023-08-15 23:40:00,79.19,79.26,79.2,79.26,213.5817318
2023-08-15 23:39:00,79.16,79.21,79.18,79.2,436.33738989
2023-08-15 23:38:00,79.19,79.23,79.23,79.19,21.90766948
2023-08-15 23:37:00,79.18,79.23,79.2,79.23,48.24281298
2023-08-15 23:36:00,79.18,79.21,79.18,79.2,40.84493005
2023-08-15 23:35:00,79.14,79.18,79.14,79.18,52.98879168
2023-08-15 23:34:00,79.15,79.25,79.24,79.15,237.14706843
2023-08-15 23:33:00,79.21,79.27,79.27,79.24,126.5285242
2023-08-15 23:32:00,79.26,79.3,79.26,79.27,408.04140882
2023-08-15 23:31:00,79.26,79.26,79.26,79.26,14.79163801
2023-08-15 23:30:00,79.25,79.26,79.26,79.26,13.0091402
2023-08-15 23:29:00,79.26,79.27,79.27,79.26,37.52216136
2023-08-15 23:28:00,79.26,79.29,79.29,79.26,37.7234698
2023-08-15 23:27:00,79.26,79.3,79.28,79.3,48.88682085
2023-08-15 23:26:00,79.24,79.29,79.25,79.28,90.97419373
2023-08-15 23:25:00,79.24,79.27,79.26,79.26,50.24585978
2023-08-15 23:24:00,79.24,79.28,79.26,79.28,49.42005919
2023-08-15 23:23:00,79.24,79.32,79.31,79.26,118.26166789
2023-08-15 23:22:00,79.31,79.33,79.31,79.32,28.26817642
2023-08-15 23:21:00,79.31,79.34,79.34,79.31,250.90320648
2023-08-15 23:20:00,79.33,79.34,79.34,79.34,11.45339393
2023-08-15 23:19:00,79.32,79.34,79.34,79.34,77.10052173
2023-08-15 23:18:00,79.33,79.35,79.34,79.34,83.99885882
2023-08-15 23:17:00,79.31,79.35,79.33,79.34,119.13424571
2023-08-15 23:16:00,79.32,79.43,79.43,79.34,344.16204823
2023-08-15 23:15:00,79.42,79.49,79.48,79.42,51.67936484
2023-08-15 23:14:00,79.47,79.49,79.49,79.47,42.25968152
2023-08-15 23:13:00,79.47,79.5,79.5,79.47,25.81818774
2023-08-15 23:12:00,79.48,79.5,79.5,79.5,8.20357542
2023-08-15 23:11:00,79.46,79.49,79.49,79.48,21.15847829
2023-08-15 23:10:00,79.48,79.51,79.51,79.48,62.3256974
2023-08-15 23:09:00,79.5,79.52,79.51,79.51,84.59765159
2023-08-15 23:08:00,79.5,79.52,79.51,79.51,33.39766704
2023-08-15 23:07:00,79.48,79.52,79.49,79.51,243.11210775
2023-08-15 23:06:00,79.43,79.5,79.43,79.49,37.00266708
2023-08-15 23:05:00,79.42,79.43,79.42,79.42,46.58393555
2023-08-15 23:04:00,79.42,79.44,79.44,79.44,50.22755667
2023-08-15 23:03:00,79.39,79.44,79.39,79.44,91.34739163
2023-08-15 23:02:00,79.35,79.4,79.35,79.4,67.29139963
2023-08-15 23:01:00,79.35,79.41,79.41,79.35,69.89888926
2023-08-15 23:00:00,79.41,79.43,79.43,79.42,42.2900558
2023-08-15 22:59:00,79.42,79.44,79.44,79.42,39.62358231
2023-08-15 22:58:00,79.41,79.45,79.44,79.43,92.92159939
2023-08-15 22:57:00,79.4,79.44,79.41,79.44,49.73859218
2023-08-15 22:56:00,79.36,79.43,79.39,79.42,49.62752431
2023-08-15 22:55:00,79.38,79.41,79.41,79.4,18.6696528
2023-08-15 22:54:00,79.33,79.4,79.33,79.4,168.27446282
2023-08-15 22:53:00,79.32,79.37,79.37,79.32,28.75655681
2023-08-15 22:52:00,79.34,79.38,79.38,79.38,15.78419996
2023-08-15 22:51:00,79.37,79.4,79.39,79.39,32.81954241
2023-08-15 22:50:00,79.38,79.41,79.39,79.38,30.7221967
2023-08-15 22:49:00,79.35,79.4,79.36,79.4,73.19721729
2023-08-15 22:48:00,79.35,79.45,79.4,79.36,461.97329453
2023-08-15 22:47:00,79.36,79.48,79.47,79.4,276.04752015
2023-08-15 22:46:00,79.46,79.51,79.51,79.46,204.30293185
2023-08-15 22:45:00,79.46,79.51,79.46,79.51,20.15684817
2023-08-15 22:44:00,79.46,79.5,79.5,79.46,35.43245623
2023-08-15 22:43:00,79.49,79.51,79.5,79.5,34.76096806
2023-08-15 22:42:00,79.46,79.5,79.46,79.5,150.73923173
2023-08-15 22:41:00,79.44,79.49,79.49,79.46,53.7695481
2023-08-15 22:40:00,79.47,79.49,79.48,79.49,61.72880695
2023-08-15 22:39:00,79.45,79.49,79.49,79.49,56.0558316
2023-08-15 22:38:00,79.5,79.53,79.51,79.5,49.54611283
2023-08-15 22:37:00,79.51,79.54,79.53,79.51,23.88293048
2023-08-15 22:36:00,79.52,79.58,79.58,79.53,231.73756578
2023-08-15 22:35:00,79.56,79.58,79.57,79.57,39.60147719
2023-08-15 22:34:00,79.56,79.58,79.56,79.57,36.36863271
2023-08-15 22:33:00,79.55,79.56,79.56,79.56,9.83174996
2023-08-15 22:32:00,79.55,79.59,79.58,79.56,18.14042138
2023-08-15 22:31:00,79.49,79.59,79.57,79.58,167.51561716
2023-08-15 22:30:00,79.57,79.62,79.62,79.57,26.71401318
2023-08-15 22:29:00,79.6,79.62,79.61,79.62,21.61062898
2023-08-15 22:28:00,79.59,79.62,79.6,79.61,86.98979057
2023-08-15 22:27:00,79.58,79.61,79.61,79.6,347.28582993
2023-08-15 22:26:00,79.6,79.64,79.64,79.61,34.37607349
2023-08-15 22:25:00,79.63,79.66,79.65,79.64,75.49237854
2023-08-15 22:24:00,79.65,79.7,79.7,79.66,36.41279376
2023-08-15 22:23:00,79.69,79.71,79.71,79.7,22.1158861
2023-08-15 22:22:00,79.68,79.79,79.77,79.72,465.19959839
2023-08-15 22:21:00,79.72,79.79,79.74,79.79,76.64718495
2023-08-15 22:20:00,79.67,79.74,79.68,79.74,271.2135343
2023-08-15 22:19:00,79.66,79.69,79.68,79.69,24.7659087
2023-08-15 22:18:00,79.68,79.75,79.75,79.68,490.74386612
2023-08-15 22:17:00,79.72,79.75,79.73,79.75,60.76669839
2023-08-15 22:16:00,79.69,79.74,79.7,79.71,110.37644022
2023-08-15 22:15:00,79.66,79.7,79.67,79.69,30.35137074
2023-08-15 22:14:00,79.64,79.67,79.65,79.67,110.64243486
2023-08-15 22:13:00,79.62,79.66,79.63,79.66,56.7836384
2023-08-15 22:12:00,79.61,79.64,79.63,79.62,58.55873468
2023-08-15 22:11:00,79.62,79.64,79.62,79.63,115.11357298
2023-08-15 22:10:00,79.59,79.62,79.6,79.62,101.03497999
2023-08-15 22:09:00,79.58,79.6,79.6,79.6,21.09045599
2023-08-15 22:08:00,79.59,79.61,79.61,79.6,18.10586275
2023-08-15 22:07:00,79.57,79.61,79.58,79.59,45.26016421
2023-08-15 22:06:00,79.58,79.61,79.61,79.58,17.27972394
2023-08-15 22:05:00,79.61,79.66,79.64,79.61,103.38856563
2023-08-15 22:04:00,79.64,79.65,79.65,79.65,35.49234379
2023-08-15 22:03:00,79.62,79.65,79.63,79.65,122.20047413
2023-08-15 22:02:00,79.63,79.65,79.64,79.64,27.42406126
2023-08-15 22:01:00,79.62,79.69,79.69,79.64,113.25349439
2023-08-15 22:00:00,79.68,79.7,79.7,79.7,33.69902198
2023-08-15 21:59:00,79.68,79.71,79.71,79.7,39.7792759
2023-08-15 21:58:00,79.69,79.71,79.71,79.71,35.39560643
2023-08-15 21:57:00,79.68,79.72,79.68,79.72,133.72638548
2023-08-15 21:56:00,79.68,79.7,79.69,79.69,12.99208736
2023-08-15 21:55:00,79.67,79.79,79.76,79.69,239.05850689
2023-08-15 21:54:00,79.76,79.77,79.77,79.77,11.20343148
2023-08-15 21:53:00,79.75,79.78,79.77,79.77,99.206897
2023-08-15 21:52:00,79.75,79.78,79.78,79.77,100.43342031
2023-08-15 21:51:00,79.73,79.78,79.74,79.78,123.16901627
2023-08-15 21:50:00,79.72,79.74,79.72,79.74,12.9103063
2023-08-15 21:49:00,79.72,79.76,79.74,79.74,175.91507168
2023-08-15 21:48:00,79.69,79.74,79.7,79.74,224.54050795
2023-08-15 21:47:00,79.71,79.73,79.72,79.71,20.11435462
2023-08-15 21:46:00,79.71,79.75,79.73,79.71,25.61670322
2023-08-15 21:45:00,79.71,79.75,79.72,79.73,13.72860284
2023-08-15 21:44:00,79.72,79.79,79.77,79.74,235.92921988
2023-08-15 21:43:00,79.73,79.78,79.74,79.78,78.418933
2023-08-15 21:42:00,79.72,79.76,79.74,79.76,34.32766696
2023-08-15 21:41:00,79.7,79.72,79.71,79.71,34.27269826
2023-08-15 21:40:00,79.67,79.7,79.7,79.69,24.47601979
2023-08-15 21:39:00,79.66,79.7,79.69,79.7,47.61249748
2023-08-15 21:38:00,79.63,79.68,79.65,79.68,48.20868709
2023-08-15 21:37:00,79.64,79.75,79.74,79.66,695.29486006
2023-08-15 21:36:00,79.75,79.78,79.76,79.75,71.36621999
2023-08-15 21:35:00,79.76,79.78,79.76,79.77,33.24357921
2023-08-15 21:34:00,79.76,79.79,79.78,79.76,17.33729632
2023-08-15 21:33:00,79.77,79.79,79.79,79.78,47.41471229
2023-08-15 21:32:00,79.77,79.82,79.82,79.78,97.35564238
2023-08-15 21:31:00,79.81,79.86,79.84,79.82,18.24589747
2023-08-15 21:30:00,79.77,79.86,79.77,79.85,166.82515914
2023-08-15 21:29:00,79.74,79.78,79.75,79.78,82.55352968
2023-08-15 21:28:00,79.75,79.77,79.76,79.75,14.55637035
2023-08-15 21:27:00,79.74,79.78,79.77,79.74,93.73458656
2023-08-15 21:26:00,79.76,79.79,79.79,79.77,58.74663227
2023-08-15 21:25:00,79.77,79.79,79.79,79.79,36.45352486
2023-08-15 21:24:00,79.75,79.8,79.75,79.8,397.56595678
2023-08-15 21:23:00,79.72,79.74,79.73,79.74,136.40455795
2023-08-15 21:22:00,79.7,79.73,79.71,79.73,22.01005269
2023-08-15 21:21:00,79.7,79.73,79.73,79.71,66.57225216
2023-08-15 21:20:00,79.72,79.73,79.73,79.72,30.77326636
2023-08-15 21:19:00,79.7,79.75,79.74,79.73,47.33390702
2023-08-15 21:18:00,79.69,79.73,79.71,79.73,21.1878488
2023-08-15 21:17:00,79.68,79.71,79.68,79.71,13.27881854
2023-08-15 21:16:00,79.68,79.71,79.69,79.7,25.98183304
2023-08-15 21:15:00,79.68,79.71,79.71,79.7,172.93949081
2023-08-15 21:14:00,79.7,79.74,79.7,79.74,32.22141483
2023-08-15 21:13:00,79.63,79.7,79.63,79.7,141.00528839
2023-08-15 21:12:00,79.61,79.63,79.62,79.62,2.82005893
2023-08-15 21:11:00,79.57,79.63,79.58,79.62,48.09390462
2023-08-15 21:10:00,79.55,79.59,79.56,79.57,42.59148698
2023-08-15 21:09:00,79.56,79.6,79.6,79.57,75.26292561
2023-08-15 21:08:00,79.55,79.61,79.6,79.59,67.53829143
2023-08-15 21:07:00,79.58,79.67,79.67,79.6,185.28274356
2023-08-15 21:06:00,79.65,79.69,79.69,79.66,39.57145235
2023-08-15 21:05:00,79.66,79.7,79.7,79.69,58.93050782
2023-08-15 21:04:00,79.67,79.74,79.74,79.69,103.73553609
2023-08-15 21:03:00,79.68,79.74,79.68,79.72,460.26903095
2023-08-15 21:02:00,79.65,79.69,79.67,79.69,74.94778782
2023-08-15 21:01:00,79.57,79.67,79.61,79.67,195.78792335
2023-08-15 21:00:00,79.56,79.65,79.59,79.61,605.17959916
2023-08-15 20:59:00,79.44,79.59,79.49,79.59,590.57564321
2023-08-15 20:58:00,79.43,79.49,79.45,79.48,215.07215034
2023-08-15 20:57:00,79.41,79.46,79.43,79.45,107.8074778
2023-08-15 20:56:00,79.41,79.52,79.52,79.41,107.74012523
2023-08-15 20:55:00,79.5,79.53,79.52,79.5,13.09401446
2023-08-15 20:54:00,79.42,79.54,79.49,79.54,74.41978601
2023-08-15 20:53:00,79.48,79.59,79.58,79.48,277.43156525
2023-08-15 20:52:00,79.57,79.62,79.62,79.6,105.96772822
2023-08-15 20:51:00,79.63,79.67,79.67,79.63,29.33096456
2023-08-15 20:50:00,79.65,79.69,79.68,79.67,114.99138499
2023-08-15 20:49:00,79.7,79.72,79.7,79.7,45.6153925
2023-08-15 20:48:00,79.65,79.71,79.66,79.71,49.86264388
2023-08-15 20:47:00,79.64,79.68,79.66,79.68,90.61871054
2023-08-15 20:46:00,79.63,79.67,79.64,79.66,279.71902127
2023-08-15 20:45:00,79.58,79.65,79.63,79.64,100.34319903
2023-08-15 20:44:00,79.63,79.66,79.66,79.64,33.03539254
2023-08-15 20:43:00,79.64,79.65,79.65,79.65,25.53828007
2023-08-15 20:42:00,79.64,79.66,79.65,79.65,87.02443182
2023-08-15 20:41:00,79.62,79.66,79.63,79.64,70.11700185
2023-08-15 20:40:00,79.61,79.63,79.63,79.62,139.83085975
2023-08-15 20:39:00,79.6,79.64,79.62,79.64,80.05598222
2023-08-15 20:38:00,79.6,79.64,79.62,79.62,59.92068722
2023-08-15 20:37:00,79.59,79.64,79.6,79.63,104.6116094
2023-08-15 20:36:00,79.59,79.61,79.6,79.61,23.07028113
2023-08-15 20:35:00,79.59,79.63,79.63,79.59,122.46893229
2023-08-15 20:34:00,79.6,79.64,79.63,79.64,17.50476211
2023-08-15 20:33:00,79.63,79.65,79.63,79.63,30.06919213
2023-08-15 20:32:00,79.54,79.65,79.54,79.63,1166.39661377
2023-08-15 20:31:00,79.55,79.68,79.68,79.55,81.54100989
2023-08-15 20:30:00,79.67,79.69,79.68,79.69,3.79350113
2023-08-15 20:29:00,79.67,79.7,79.68,79.69,14.14050785
2023-08-15 20:28:00,79.63,79.7,79.64,79.69,515.79026243
2023-08-15 20:27:00,79.63,79.66,79.65,79.65,81.69191648
2023-08-15 20:26:00,79.58,79.65,79.58,79.63,11.12686119
2023-08-15 20:25:00,79.57,79.59,79.59,79.57,5.81491716
2023-08-15 20:24:00,79.58,79.6,79.59,79.59,22.49195175
2023-08-15 20:23:00,79.5,79.59,79.5,79.59,151.92158717
2023-08-15 20:22:00,79.49,79.52,79.5,79.5,114.66891435
2023-08-15 20:21:00,79.48,79.5,79.48,79.49,56.70901397
2023-08-15 20:20:00,79.46,79.5,79.5,79.47,109.31349053
2023-08-15 20:19:00,79.45,79.52,79.47,79.5,110.56396572
2023-08-15 20:18:00,79.43,79.46,79.45,79.46,44.4967735
2023-08-15 20:17:00,79.4,79.44,79.4,79.44,126.5499148
2023-08-15 20:16:00,79.4,79.43,79.43,79.4,39.18230531
2023-08-15 20:15:00,79.41,79.46,79.43,79.45,76.07821086
2023-08-15 20:14:00,79.35,79.45,79.37,79.42,615.06939184
2023-08-15 20:13:00,79.38,79.41,79.4,79.38,69.90434915
2023-08-15 20:12:00,79.32,79.4,79.32,79.4,61.41438062
2023-08-15 20:11:00,79.32,79.34,79.34,79.32,46.68981578
2023-08-15 20:10:00,79.32,79.36,79.33,79.35,77.01969879
2023-08-15 20:09:00,79.31,79.41,79.41,79.32,401.77335898
2023-08-15 20:08:00,79.33,79.43,79.33,79.41,597.39892618
2023-08-15 20:07:00,79.26,79.33,79.26,79.33,46.35245403
2023-08-15 20:06:00,79.24,79.28,79.28,79.25,20.54048306
2023-08-15 20:05:00,79.18,79.31,79.19,79.29,110.17527824
2023-08-15 20:04:00,79.15,79.21,79.17,79.2,54.18901723
2023-08-15 20:03:00,79.11,79.18,79.11,79.16,111.49548227
2023-08-15 20:02:00,79.04,79.18,79.18,79.11,519.10973733
2023-08-15 20:01:00,79.16,79.22,79.2,79.19,92.34918645
2023-08-15 20:00:00,79.14,79.25,79.23,79.21,242.38522893
2023-08-15 19:59:00,79.24,79.35,79.33,79.24,75.70038203
2023-08-15 19:58:00,79.32,79.39,79.38,79.32,136.26293856
2023-08-15 19:57:00,79.36,79.45,79.45,79.38,244.77079133
2023-08-15 19:56:00,79.42,79.48,79.48,79.44,179.35779091
2023-08-15 19:55:00,79.43,79.52,79.5,79.46,71.02740236
2023-08-15 19:54:00,79.43,79.51,79.49,79.5,178.01821821
2023-08-15 19:53:00,79.4,79.5,79.4,79.5,529.63601113
2023-08-15 19:52:00,79.35,79.44,79.37,79.41,320.34971283
2023-08-15 19:51:00,79.35,79.39,79.39,79.35,145.78455612
2023-08-15 19:50:00,79.3,79.38,79.32,79.37,77.22061631
2023-08-15 19:49:00,79.34,79.39,79.35,79.34,65.2453568
2023-08-15 19:48:00,79.31,79.39,79.37,79.35,191.81117316
2023-08-15 19:47:00,79.24,79.36,79.29,79.35,273.75838359
2023-08-15 19:46:00,79.23,79.33,79.32,79.3,711.50002165
2023-08-15 19:45:00,79.23,79.34,79.27,79.33,400.75870105
2023-08-15 19:44:00,79.23,79.29,79.28,79.27,160.0860644
2023-08-15 19:43:00,79.19,79.29,79.22,79.26,195.27168924
2023-08-15 19:42:00,79.12,79.21,79.12,79.2,62.0093006
2023-08-15 19:41:00,79.09,79.17,79.1,79.13,270.71168826
2023-08-15 19:40:00,79.07,79.14,79.14,79.07,56.70559687
2023-08-15 19:39:00,79.16,79.23,79.21,79.16,256.78329094
2023-08-15 19:38:00,79.22,79.3,79.24,79.25,55.25012912
2023-08-15 19:37:00,79.14,79.27,79.25,79.22,219.88441703
2023-08-15 19:36:00,79.19,79.26,79.19,79.25,138.00360573
2023-08-15 19:35:00,79.08,79.23,79.09,79.23,242.44011824
2023-08-15 19:34:00,78.95,79.09,78.98,79.07,461.7687879
2023-08-15 19:33:00,79.0,79.13,79.0,79.03,388.08745416
2023-08-15 19:32:00,78.97,79.09,79.08,79.0,263.51315862
2023-08-15 19:31:00,78.94,79.11,78.95,79.08,546.9298323
2023-08-15 19:30:00,78.85,78.99,78.88,78.95,273.47616844
2023-08-15 19:29:00,78.87,79.14,79.14,78.87,458.19202775
2023-08-15 19:28:00,78.94,79.2,78.94,79.12,553.78191953
2023-08-15 19:27:00,78.94,79.07,79.04,78.94,119.37251541
2023-08-15 19:26:00,78.9,79.09,79.06,79.01,379.43029424
2023-08-15 19:25:00,79.04,79.18,79.16,79.04,249.13786653
2023-08-15 19:24:00,79.18,79.27,79.2,79.23,213.91745423
2023-08-15 19:23:00,79.11,79.29,79.24,79.2,227.64884072
2023-08-15 19:22:00,79.06,79.37,79.37,79.2,763.92578677
2023-08-15 19:21:00,79.33,79.48,79.33,79.37,554.03319847
2023-08-15 19:20:00,79.25,79.44,79.31,79.4,235.71360469
2023-08-15 19:19:00,79.19,79.34,79.31,79.32,596.46373825
2023-08-15 19:18:00,79.13,79.31,79.29,79.27,321.40336971
2023-08-15 19:17:00,79.0,79.3,79.0,79.28,799.6946515
2023-08-15 19:16:00,78.84,79.08,78.89,79.06,797.30866626
2023-08-15 19:15:00,78.45,79.06,78.54,78.92,1590.2413931
2023-08-15 19:14:00,78.51,78.98,78.94,78.6,1205.66443213
2023-08-15 19:13:00,78.78,79.01,78.86,78.92,717.71666362
2023-08-15 19:12:00,78.12,78.94,78.78,78.85,3696.71439884
2023-08-15 19:11:00,77.98,78.96,78.69,78.77,6937.48690166
2023-08-15 19:10:00,78.02,79.0,78.53,78.75,13496.73767389
2023-08-15 19:09:00,76.94,78.57,77.72,78.51,25713.87134764
2023-08-15 19:08:00,77.73,80.25,79.9,77.78,21712.03675745
2023-08-15 19:07:00,79.87,81.01,81.01,79.9,14813.88972655
2023-08-15 19:06:00,81.01,81.12,81.12,81.02,278.99281687
2023-08-15 19:05:00,81.09,81.17,81.16,81.14,57.59384776
2023-08-15 19:04:00,81.16,81.18,81.18,81.18,13.66236113
2023-08-15 19:03:00,81.21,81.24,81.24,81.21,14.99820748
2023-08-15 19:02:00,81.22,81.25,81.24,81.24,59.72108601
2023-08-15 19:01:00,81.22,81.27,81.27,81.23,6.79420611
2023-08-15 19:00:00,81.26,81.27,81.26,81.26,15.37468254
2023-08-15 18:59:00,81.22,81.26,81.25,81.26,80.95709296
2023-08-15 18:58:00,81.23,81.25,81.24,81.25,70.42794449
2023-08-15 18:57:00,81.23,81.24,81.24,81.24,15.84701535
2023-08-15 18:56:00,81.22,81.28,81.27,81.23,51.41917922
2023-08-15 18:55:00,81.27,81.29,81.28,81.27,13.11728141
2023-08-15 18:54:00,81.27,81.29,81.28,81.28,62.09779843
2023-08-15 18:53:00,81.27,81.29,81.28,81.28,9.69796015
2023-08-15 18:52:00,81.27,81.3,81.3,81.28,20.82103763
2023-08-15 18:51:00,81.28,81.32,81.32,81.3,78.06107403
2023-08-15 18:50:00,81.31,81.33,81.32,81.32,33.02996869
2023-08-16 04:50:00,78.8,78.83,78.83,78.8,18.57924219
2023-08-16 04:49:00,78.8,78.83,78.82,78.82,31.95641142
2023-08-16 04:48:00,78.79,78.82,78.8,78.82,21.07733217
2023-08-16 04:47:00,78.78,78.83,78.83,78.8,182.33471222
2023-08-16 04:46:00,78.84,78.89,78.89,78.84,50.30621733
2023-08-16 04:45:00,78.89,78.9,78.9,78.89,10.76500708
2023-08-16 04:44:00,78.89,78.9,78.89,78.9,53.63438584
2023-08-16 04:43:00,78.88,78.9,78.9,78.89,68.67384337
2023-08-16 04:42:00,78.91,78.94,78.91,78.91,38.7956663
2023-08-16 04:41:00,78.9,78.96,78.94,78.92,202.59081897
2023-08-16 04:40:00,78.94,78.96,78.95,78.94,42.82186878
2023-08-16 04:39:00,78.93,78.94,78.94,78.93,12.06453695
2023-08-16 04:38:00,78.91,78.95,78.91,78.95,55.37498855
2023-08-16 04:37:00,78.87,78.91,78.88,78.91,53.02689564
2023-08-16 04:36:00,78.88,78.91,78.91,78.89,22.35616017
2023-08-16 04:35:00,78.87,78.94,78.88,78.92,268.34334495
2023-08-16 04:34:00,78.88,78.95,78.95,78.88,80.94311279
2023-08-16 04:33:00,78.94,78.98,78.98,78.94,70.34346706
2023-08-16 04:32:00,78.91,78.98,78.93,78.98,363.05111723
2023-08-16 04:31:00,78.93,79.04,79.04,78.94,658.42203292
2023-08-16 04:30:00,79.04,79.09,79.08,79.06,36.60965135
2023-08-16 04:29:00,79.08,79.09,79.09,79.09,21.15791705
2023-08-16 04:28:00,79.06,79.12,79.12,79.1,275.53743484
2023-08-16 04:27:00,79.1,79.12,79.11,79.12,25.61795264
2023-08-16 04:26:00,79.1,79.12,79.1,79.11,6.27056365
2023-08-16 04:25:00,79.07,79.11,79.08,79.11,41.63258517
2023-08-16 04:24:00,79.08,79.11,79.1,79.08,41.15643738
2023-08-16 04:23:00,79.09,79.11,79.1,79.11,16.61633612
2023-08-16 04:22:00,79.09,79.13,79.1,79.12,89.48406917
2023-08-16 04:21:00,79.09,79.11,79.1,79.1,67.74641395
2023-08-16 04:20:00,79.05,79.1,79.06,79.1,104.93004854
2023-08-16 04:19:00,79.03,79.04,79.04,79.04,9.34231731
2023-08-16 04:18:00,79.02,79.04,79.03,79.04,24.83169778
2023-08-16 04:17:00,79.03,79.05,79.04,79.03,114.90931543
2023-08-16 04:16:00,79.04,79.06,79.06,79.06,8.64484477
2023-08-16 04:15:00,79.04,79.06,79.05,79.06,5.10702469
2023-08-16 04:14:00,79.03,79.06,79.03,79.03,10.97799973
2023-08-16 04:13:00,79.03,79.06,79.06,79.03,163.13500549
2023-08-16 04:12:00,79.06,79.07,79.06,79.07,5.29148207
2023-08-16 04:11:00,79.04,79.11,79.11,79.05,299.94815972
2023-08-16 04:10:00,79.09,79.13,79.13,79.09,23.70604903
2023-08-16 04:09:00,79.12,79.13,79.13,79.12,2.41467679
2023-08-16 04:08:00,79.12,79.15,79.15,79.12,149.36278459
2023-08-16 04:07:00,79.14,79.16,79.15,79.15,18.37355064
2023-08-16 04:06:00,79.07,79.14,79.11,79.14,137.80744431
2023-08-16 04:05:00,79.08,79.11,79.08,79.09,7.73670741
2023-08-16 04:04:00,79.07,79.1,79.1,79.07,55.00596218
2023-08-16 04:03:00,79.07,79.1,79.07,79.1,95.71408974
2023-08-16 04:02:00,79.06,79.09,79.07,79.07,80.76662374
2023-08-16 04:01:00,79.07,79.08,79.07,79.07,14.00355064
2023-08-16 04:00:00,79.06,79.09,79.06,79.08,53.26359342
2023-08-16 03:59:00,79.05,79.08,79.06,79.06,42.85309823
2023-08-16 03:58:00,79.06,79.08,79.07,79.07,21.77167176
2023-08-16 03:57:00,79.04,79.06,79.06,79.06,66.65935169
2023-08-16 03:56:00,79.04,79.07,79.06,79.06,26.55753265
2023-08-16 03:55:00,79.06,79.08,79.07,79.06,119.87005258
2023-08-16 03:54:00,79.07,79.13,79.13,79.07,135.41707434
2023-08-16 03:53:00,79.12,79.14,79.14,79.14,46.4910241
2023-08-16 03:52:00,79.11,79.14,79.11,79.14,56.13468742
2023-08-16 03:51:00,79.11,79.15,79.14,79.11,208.87783055
2023-08-16 03:50:00,79.13,79.14,79.14,79.13,20.24211297
2023-08-16 03:49:00,79.13,79.15,79.14,79.14,106.60855887
2023-08-16 03:48:00,79.14,79.2,79.2,79.14,69.97462696
2023-08-16 03:47:00,79.19,79.2,79.2,79.2,3.362063
2023-08-16 03:46:00,79.19,79.2,79.19,79.2,27.49337093
2023-08-16 03:45:00,79.18,79.19,79.18,79.19,14.22985649
2023-08-16 03:44:00,79.2,79.2,79.2,79.2,3.88955
2023-08-16 03:43:00,79.21,79.24,79.23,79.21,51.95323018
2023-08-16 03:42:00,79.21,79.23,79.22,79.22,19.31012075
2023-08-16 03:41:00,79.22,79.23,79.23,79.23,4.31163254
2023-08-16 03:40:00,79.22,79.23,79.22,79.23,9.38256054
2023-08-16 03:39:00,79.2,79.21,79.21,79.21,17.99081252
2023-08-16 03:38:00,79.19,79.21,79.19,79.21,30.70898013
2023-08-16 03:37:00,79.19,79.2,79.19,79.2,12.0453952
2023-08-16 03:36:00,79.19,79.2,79.2,79.2,14.47997274
2023-08-16 03:35:00,79.16,79.19,79.16,79.19,72.09616267
2023-08-16 03:34:00,79.13,79.16,79.14,79.15,18.96589398
2023-08-16 03:33:00,79.14,79.15,79.15,79.15,5.13202236
2023-08-16 03:32:00,79.12,79.16,79.13,79.14,72.6444364
2023-08-16 03:31:00,79.11,79.13,79.12,79.12,46.35811335
2023-08-16 03:30:00,79.11,79.14,79.12,79.11,18.19000713
2023-08-16 03:29:00,79.12,79.16,79.15,79.14,111.83729265
2023-08-16 03:28:00,79.1,79.14,79.13,79.14,160.45307684
2023-08-16 03:27:00,79.12,79.14,79.12,79.13,33.58716237
2023-08-16 03:26:00,79.12,79.18,79.18,79.12,115.77658879
2023-08-16 03:25:00,79.14,79.19,79.15,79.19,122.08701559
2023-08-16 03:24:00,79.15,79.16,79.16,79.15,10.36734864
2023-08-16 03:23:00,79.15,79.16,79.16,79.16,20.46596448
2023-08-16 03:22:00,79.15,79.18,79.15,79.15,83.21200582
2023-08-16 03:21:00,79.14,79.2,79.2,79.15,68.99830873
2023-08-16 03:20:00,79.17,79.25,79.24,79.2,260.03703062
2023-08-16 03:19:00,79.24,79.27,79.26,79.25,74.93066421
2023-08-16 03:18:00,79.25,79.27,79.26,79.26,24.78110368
2023-08-16 03:17:00,79.25,79.31,79.31,79.26,80.36636205
2023-08-16 03:16:00,79.31,79.33,79.32,79.32,18.62297734
2023-08-16 03:15:00,79.3,79.32,79.3,79.31,7.30725999
2023-08-16 03:14:00,79.27,79.32,79.29,79.3,161.0139201
2023-08-16 03:13:00,79.29,79.31,79.31,79.3,32.09093759
2023-08-16 03:12:00,79.3,79.31,79.3,79.31,13.21786364
2023-08-16 03:11:00,79.3,79.33,79.33,79.31,60.94186084
2023-08-16 03:10:00,79.31,79.35,79.35,79.31,7.63080915
2023-08-16 03:09:00,79.33,79.35,79.34,79.33,7.18073995
2023-08-16 03:08:00,79.33,79.37,79.37,79.34,4.5332062
2023-08-16 03:07:00,79.37,79.39,79.38,79.37,15.46128583
2023-08-16 03:06:00,79.38,79.39,79.39,79.38,6.47814562
2023-08-16 03:05:00,79.34,79.37,79.34,79.37,24.89465792
2023-08-16 03:04:00,79.34,79.37,79.37,79.34,103.35829825
2023-08-16 03:03:00,79.36,79.4,79.39,79.36,79.65981903
2023-08-16 03:02:00,79.39,79.4,79.4,79.39,4.04149525
2023-08-16 03:01:00,79.39,79.42,79.41,79.4,112.95754743
2023-08-16 03:00:00,79.41,79.43,79.43,79.42,57.91358483
2023-08-16 02:59:00,79.4,79.43,79.43,79.41,16.61687278
2023-08-16 02:58:00,79.43,79.47,79.47,79.43,20.43193494
2023-08-16 02:57:00,79.45,79.47,79.47,79.45,17.97657162
2023-08-16 02:56:00,79.46,79.48,79.46,79.47,28.14766753
2023-08-16 02:55:00,79.41,79.45,79.43,79.45,69.03384094
2023-08-16 02:54:00,79.44,79.45,79.45,79.44,12.13319254
2023-08-16 02:53:00,79.43,79.46,79.46,79.45,26.80499321
2023-08-16 02:52:00,79.46,79.47,79.47,79.46,41.11022862
2023-08-16 02:51:00,79.46,79.47,79.46,79.47,5.52362994
2023-08-16 02:50:00,79.44,79.47,79.47,79.46,31.44702794
2023-08-16 02:49:00,79.43,79.47,79.44,79.47,62.83773259
2023-08-16 02:48:00,79.41,79.44,79.42,79.44,30.40747861
2023-08-16 02:47:00,79.4,79.42,79.42,79.42,69.0306682
2023-08-16 02:46:00,79.39,79.42,79.4,79.42,15.16165452
2023-08-16 02:45:00,79.4,79.42,79.41,79.4,15.38697885
2023-08-16 02:44:00,79.42,79.45,79.45,79.42,48.2723183
2023-08-16 02:43:00,79.44,79.46,79.44,79.46,39.30024319
2023-08-16 02:42:00,79.43,79.43,79.43,79.43,8.16506853
2023-08-16 02:41:00,79.41,79.43,79.43,79.41,43.816024
2023-08-16 02:40:00,79.42,79.44,79.42,79.43,22.23876311
2023-08-16 02:39:00,79.43,79.46,79.44,79.44,17.47218632
2023-08-16 02:38:00,79.43,79.46,79.45,79.44,12.14104919
2023-08-16 02:37:00,79.44,79.47,79.47,79.45,16.25279821
2023-08-16 02:36:00,79.44,79.47,79.47,79.46,20.59521379
2023-08-16 02:35:00,79.45,79.47,79.47,79.47,11.7655954
2023-08-16 02:34:00,79.43,79.45,79.44,79.45,89.30129736
2023-08-16 02:33:00,79.44,79.49,79.45,79.44,37.22218069
2023-08-16 02:32:00,79.43,79.45,79.45,79.45,23.63320214
2023-08-16 02:31:00,79.41,79.45,79.42,79.45,82.8241627
2023-08-16 02:30:00,79.4,79.44,79.44,79.42,23.28475355
2023-08-16 02:29:00,79.44,79.47,79.44,79.44,76.16779728
2023-08-16 02:28:00,79.43,79.44,79.43,79.44,13.09588416
2023-08-16 02:27:00,79.42,79.44,79.43,79.44,26.75113337
2023-08-16 02:26:00,79.4,79.44,79.44,79.43,96.62057207
2023-08-16 02:25:00,79.43,79.47,79.46,79.44,94.18083958
2023-08-16 02:24:00,79.43,79.48,79.43,79.45,105.72580082
2023-08-16 02:23:00,79.41,79.46,79.46,79.43,13.63987086
2023-08-16 02:22:00,79.45,79.51,79.51,79.45,234.65154873
2023-08-16 02:21:00,79.49,79.52,79.49,79.52,16.59239742
2023-08-16 02:20:00,79.48,79.53,79.52,79.5,16.48902815
2023-08-16 02:19:00,79.5,79.52,79.5,79.52,46.18320728
2023-08-16 02:18:00,79.47,79.5,79.47,79.5,62.87925895
2023-08-16 02:17:00,79.46,79.48,79.48,79.47,14.30406994
2023-08-16 02:16:00,79.47,79.48,79.47,79.48,15.81784831
2023-08-16 02:15:00,79.44,79.47,79.44,79.46,20.8653197
2023-08-16 02:14:00,79.44,79.46,79.46,79.44,7.02341651
2023-08-16 02:13:00,79.43,79.46,79.43,79.46,51.48035595
2023-08-16 02:12:00,79.41,79.44,79.42,79.44,15.76951177
2023-08-16 02:11:00,79.4,79.42,79.41,79.41,44.02916061
2023-08-16 02:10:00,79.39,79.41,79.4,79.41,10.69043739
2023-08-16 02:09:00,79.37,79.4,79.38,79.4,58.2602234
2023-08-16 02:08:00,79.34,79.38,79.34,79.38,47.83757361
2023-08-16 02:07:00,79.32,79.35,79.35,79.34,77.90326126
2023-08-16 02:06:00,79.34,79.38,79.38,79.34,39.94110464
2023-08-16 02:05:00,79.37,79.4,79.38,79.37,25.42922475
2023-08-16 02:04:00,79.35,79.38,79.35,79.38,24.34145517
2023-08-16 02:03:00,79.33,79.37,79.33,79.36,87.80990851
2023-08-16 02:02:00,79.33,79.35,79.34,79.33,58.61852403
2023-08-16 02:01:00,79.34,79.36,79.36,79.35,49.18155483
2023-08-16 02:00:00,79.37,79.38,79.38,79.37,78.57327913
2023-08-16 01:59:00,79.37,79.38,79.38,79.38,9.96883825
2023-08-16 01:58:00,79.35,79.38,79.37,79.38,12.49040232
2023-08-16 01:57:00,79.33,79.37,79.35,79.37,73.02484917
2023-08-16 01:56:00,79.33,79.36,79.34,79.35,18.84276687
2023-08-16 01:55:00,79.31,79.36,79.34,79.35,23.0245248
2023-08-16 01:54:00,79.32,79.34,79.34,79.34,121.70947818
2023-08-16 01:53:00,79.29,79.33,79.33,79.32,41.07343008
2023-08-16 01:52:00,79.26,79.31,79.26,79.31,46.70814339
2023-08-16 01:51:00,79.25,79.34,79.34,79.26,194.99300271
2023-08-16 01:50:00,79.29,79.35,79.29,79.35,31.69267121
2023-08-16 01:49:00,79.27,79.29,79.29,79.29,25.3650804
2023-08-16 01:48:00,79.28,79.3,79.28,79.3,49.87774196
2023-08-16 01:47:00,79.23,79.28,79.28,79.27,36.08392383
2023-08-16 01:46:00,79.25,79.29,79.26,79.28,49.85097478
2023-08-16 01:45:00,79.25,79.27,79.27,79.27,18.22221811
2023-08-16 01:44:00,79.26,79.27,79.27,79.27,57.40817943
2023-08-16 01:43:00,79.27,79.29,79.29,79.27,13.43935502
2023-08-16 01:42:00,79.26,79.3,79.29,79.28,172.34104576
2023-08-16 01:41:00,79.28,79.31,79.31,79.28,47.54842766
2023-08-16 01:40:00,79.26,79.31,79.27,79.31,18.84461047
2023-08-16 01:39:00,79.22,79.27,79.23,79.27,39.8020587
2023-08-16 01:38:00,79.2,79.25,79.24,79.24,94.17157867
2023-08-16 01:37:00,79.22,79.25,79.22,79.23,12.78983261
2023-08-16 01:36:00,79.24,79.28,79.28,79.24,44.58683431
2023-08-16 01:35:00,79.28,79.29,79.28,79.28,25.07211498
2023-08-16 01:34:00,79.27,79.3,79.27,79.29,76.36928879
2023-08-16 01:33:00,79.29,79.32,79.32,79.29,26.30940182
2023-08-16 01:32:00,79.27,79.32,79.27,79.32,39.45779945
2023-08-16 01:31:00,79.28,79.34,79.34,79.29,125.92759815
2023-08-16 01:30:00,79.33,79.36,79.33,79.35,10.13910054
2023-08-16 01:29:00,79.34,79.35,79.34,79.34,13.70013071
2023-08-16 01:28:00,79.34,79.36,79.36,79.35,11.7517344
2023-08-16 01:27:00,79.34,79.37,79.34,79.35,41.63094372
2023-08-16 01:26:00,79.33,79.35,79.34,79.34,47.04520325
2023-08-16 01:25:00,79.32,79.35,79.32,79.33,23.78532526
2023-08-16 01:24:00,79.33,79.37,79.36,79.33,146.52815055
2023-08-16 01:23:00,79.35,79.37,79.36,79.37,20.38473302
2023-08-16 01:22:00,79.33,79.35,79.34,79.35,34.89604675
2023-08-16 01:21:00,79.31,79.34,79.32,79.34,17.60206566
2023-08-16 01:20:00,79.3,79.34,79.3,79.32,35.81163952
2023-08-16 01:19:00,79.26,79.32,79.28,79.32,72.07754582
2023-08-16 01:18:00,79.27,79.29,79.27,79.29,20.62871979
2023-08-16 01:17:00,79.26,79.29,79.26,79.28,30.39198838
2023-08-16 01:16:00,79.25,79.28,79.28,79.25,26.10369619
2023-08-16 01:15:00,79.27,79.32,79.29,79.27,169.63962023
2023-08-16 01:14:00,79.27,79.29,79.28,79.28,24.1547236
2023-08-16 01:13:00,79.29,79.31,79.3,79.3,41.68949573
2023-08-16 01:12:00,79.28,79.34,79.34,79.29,87.27724949
2023-08-16 01:11:00,79.3,79.34,79.31,79.34,14.08075016
2023-08-16 01:10:00,79.26,79.31,79.26,79.31,37.14729843
2023-08-16 01:09:00,79.22,79.29,79.27,79.27,318.82565665
2023-08-16 01:08:00,79.21,79.28,79.21,79.28,143.63456246
2023-08-16 01:07:00,79.19,79.21,79.19,79.21,21.79116062
2023-08-16 01:06:00,79.2,79.24,79.2,79.21,26.19758775
2023-08-16 01:05:00,79.19,79.21,79.2,79.2,37.13132348
2023-08-16 01:04:00,79.22,79.26,79.26,79.22,51.64864008
2023-08-16 01:03:00,79.25,79.27,79.25,79.25,39.63422349
2023-08-16 01:02:00,79.19,79.25,79.25,79.25,77.41228672
2023-08-16 01:01:00,79.25,79.27,79.27,79.25,29.15352924
2023-08-16 01:00:00,79.21,79.27,79.23,79.27,99.63446693
2023-08-16 00:59:00,79.21,79.23,79.22,79.22,43.85150897
2023-08-16 00:58:00,79.22,79.25,79.25,79.22,22.06699189
2023-08-16 00:57:00,79.22,79.26,79.26,79.24,17.62970496
2023-08-16 00:56:00,79.24,79.31,79.29,79.26,257.10157351
2023-08-16 00:55:00,79.25,79.3,79.3,79.28,47.02053868
2023-08-16 00:54:00,79.26,79.3,79.26,79.3,46.55697001
2023-08-16 00:53:00,79.26,79.31,79.31,79.27,48.91820804
2023-08-16 00:52:00,79.24,79.3,79.25,79.3,19.62964564
2023-08-16 00:51:00,79.24,79.25,79.24,79.25,53.36265439
2023-08-16 00:50:00,79.17,79.24,79.19,79.23,885.90030469
2023-08-16 00:49:00,79.14,79.19,79.15,79.19,132.85820983
2023-08-16 00:48:00,79.13,79.21,79.18,79.14,785.6910127
2023-08-16 00:47:00,79.13,79.2,79.13,79.19,72.64405032
2023-08-16 00:46:00,79.11,79.13,79.11,79.13,13.95861713
2023-08-16 00:45:00,79.03,79.11,79.04,79.11,539.70911194
2023-08-16 00:44:00,79.03,79.08,79.08,79.04,52.89002484
2023-08-16 00:43:00,79.07,79.1,79.08,79.08,55.58345886
2023-08-16 00:42:00,79.07,79.09,79.08,79.08,37.04959198
2023-08-16 00:41:00,79.07,79.08,79.08,79.08,43.20930856
2023-08-16 00:40:00,79.03,79.08,79.06,79.08,58.19149286
2023-08-16 00:39:00,79.01,79.08,79.08,79.07,128.68767411
2023-08-16 00:38:00,79.07,79.11,79.11,79.08,208.21685381
2023-08-16 00:37:00,79.11,79.16,79.15,79.11,212.40925339
2023-08-16 00:36:00,79.14,79.16,79.16,79.16,5.62317084
2023-08-16 00:35:00,79.14,79.21,79.21,79.16,49.6879476
2023-08-16 00:34:00,79.21,79.22,79.22,79.21,42.86669495
2023-08-16 00:33:00,79.19,79.24,79.24,79.2,83.57581942
2023-08-16 00:32:00,79.22,79.25,79.25,79.24,50.56377047
2023-08-16 00:31:00,79.22,79.27,79.22,79.25,72.96330625
2023-08-16 00:30:00,79.22,79.26,79.24,79.22,41.93547041
2023-08-16 00:29:00,79.21,79.23,79.22,79.22,7.03127208
2023-08-16 00:28:00,79.19,79.23,79.22,79.23,146.25116129
2023-08-16 00:27:00,79.2,79.24,79.2,79.22,24.80003087
2023-08-16 00:26:00,79.19,79.21,79.2,79.21,23.13130152
2023-08-16 00:25:00,79.2,79.23,79.22,79.2,29.13947308
2023-08-16 00:24:00,79.2,79.26,79.26,79.23,372.27204331
2023-08-16 00:23:00,79.26,79.31,79.31,79.27,177.54474313
2023-08-16 00:22:00,79.27,79.31,79.27,79.31,22.11103641
2023-08-16 00:21:00,79.27,79.29,79.29,79.28,52.7445328
2023-08-16 00:20:00,79.29,79.32,79.32,79.29,32.8386712
2023-08-16 00:19:00,79.28,79.31,79.31,79.3,42.24279346
2023-08-16 00:18:00,79.29,79.33,79.32,79.31,99.71695645
2023-08-16 00:17:00,79.29,79.33,79.29,79.32,41.30372438
2023-08-16 00:16:00,79.19,79.3,79.19,79.3,304.56696156
2023-08-16 00:15:00,79.17,79.2,79.19,79.2,83.83522579
2023-08-16 00:14:00,79.14,79.19,79.14,79.19,164.11847513
2023-08-16 00:13:00,79.14,79.17,79.16,79.14,25.17179627
2023-08-16 00:12:00,79.12,79.17,79.14,79.17,83.52012335
2023-08-16 00:11:00,79.12,79.14,79.14,79.12,15.60826173
2023-08-16 00:10:00,79.12,79.14,79.12,79.13,58.06942632
2023-08-16 00:09:00,79.12,79.24,79.22,79.13,536.92147422
2023-08-16 00:08:00,79.2,79.22,79.21,79.22,59.51512114
2023-08-16 00:07:00,79.18,79.34,79.31,79.21,1297.9051602
2023-08-16 00:06:00,79.29,79.32,79.3,79.32,131.65823285
2023-08-16 00:05:00,79.28,79.32,79.28,79.31,50.70418441
2023-08-16 00:04:00,79.22,79.27,79.23,79.27,163.25265313
2023-08-16 00:03:00,79.19,79.24,79.19,79.21,85.60711575
2023-08-16 00:02:00,79.17,79.23,79.23,79.19,39.09223249
2023-08-16 00:01:00,79.17,79.24,79.18,79.23,95.00004582
2023-08-16 00:00:00,79.16,79.19,79.18,79.18,49.37160014
2023-08-15 23:59:00,79.17,79.24,79.2,79.17,145.98596783
2023-08-15 23:58:00,79.17,79.2,79.18,79.19,21.71200527
2023-08-15 23:57:00,79.15,79.18,79.18,79.18,176.43521514
2023-08-15 23:56:00,79.16,79.19,79.18,79.18,50.04048617
2023-08-15 23:55:00,79.15,79.19,79.15,79.19,21.27891531
2023-08-15 23:54:00,79.15,79.2,79.18,79.15,163.28974148
2023-08-15 23:53:00,79.17,79.3,79.3,79.18,300.1016974
2023-08-15 23:52:00,79.28,79.31,79.3,79.28,75.63602126
2023-08-15 23:51:00,79.23,79.31,79.25,79.29,153.31540338
2023-08-15 23:50:00,79.25,79.32,79.25,79.26,154.87039427
2023-08-16 09:50:00,78.5,78.55,78.53,78.51,24.27357385
2023-08-16 09:49:00,78.52,78.57,78.57,78.54,59.03093261
2023-08-16 09:48:00,78.5,78.57,78.51,78.57,157.04127057
2023-08-16 09:47:00,78.49,78.52,78.5,78.5,30.47343228
2023-08-16 09:46:00,78.5,78.57,78.56,78.5,105.68566659
2023-08-16 09:45:00,78.48,78.58,78.52,78.56,466.37495259
2023-08-16 09:44:00,78.53,78.56,78.55,78.53,21.82566495
2023-08-16 09:43:00,78.5,78.55,78.52,78.55,46.7611327
2023-08-16 09:42:00,78.49,78.52,78.49,78.5,77.23597989
2023-08-16 09:41:00,78.48,78.52,78.48,78.51,92.03908652
2023-08-16 09:40:00,78.41,78.47,78.41,78.47,67.29007096
2023-08-16 09:39:00,78.24,78.41,78.24,78.41,336.83000344
2023-08-16 09:38:00,78.17,78.44,78.42,78.24,1368.12601166
2023-08-16 09:37:00,78.39,78.45,78.42,78.41,244.09323893
2023-08-16 09:36:00,78.35,78.51,78.49,78.42,857.426642
2023-08-16 09:35:00,78.45,78.59,78.59,78.47,143.61579476
2023-08-16 09:34:00,78.57,78.6,78.59,78.59,19.13962575
2023-08-16 09:33:00,78.62,78.68,78.68,78.62,29.39676955
2023-08-16 09:32:00,78.64,78.68,78.65,78.68,33.7174709
2023-08-16 09:31:00,78.63,78.68,78.63,78.66,31.19091602
2023-08-16 09:30:00,78.61,78.65,78.62,78.62,113.59821307
2023-08-16 09:29:00,78.63,78.67,78.67,78.63,7.96700365
2023-08-16 09:28:00,78.65,78.69,78.66,78.68,33.01265445
2023-08-16 09:27:00,78.62,78.72,78.63,78.65,104.31609976
2023-08-16 09:26:00,78.6,78.69,78.6,78.63,366.23135567
2023-08-16 09:25:00,78.6,78.7,78.68,78.6,166.14915069
2023-08-16 09:24:00,78.68,78.72,78.7,78.68,125.78846136
2023-08-16 09:23:00,78.71,78.75,78.73,78.71,107.46376598
2023-08-16 09:22:00,78.73,78.77,78.77,78.73,66.96825774
2023-08-16 09:21:00,78.77,78.83,78.83,78.78,76.25073787
2023-08-16 09:20:00,78.84,78.89,78.89,78.84,12.00112076
2023-08-16 09:19:00,78.88,78.9,78.88,78.89,89.33455553
2023-08-16 09:18:00,78.82,78.88,78.83,78.87,61.65360037
2023-08-16 09:17:00,78.82,78.84,78.82,78.83,15.77518851
2023-08-16 09:16:00,78.81,78.83,78.81,78.83,26.09628051
2023-08-16 09:15:00,78.78,78.8,78.79,78.79,25.92144175
2023-08-16 09:14:00,78.78,78.8,78.78,78.78,1.06894989
2023-08-16 09:13:00,78.79,78.83,78.83,78.81,4.63411303
2023-08-16 09:12:00,78.83,78.84,78.84,78.83,19.51736965
2023-08-16 09:11:00,78.8,78.85,78.82,78.85,59.3826143
2023-08-16 09:10:00,78.82,78.85,78.82,78.83,14.42566046
2023-08-16 09:09:00,78.8,78.86,78.86,78.82,252.74440795
2023-08-16 09:08:00,78.79,78.88,78.79,78.87,30.75713771
2023-08-16 09:07:00,78.8,78.85,78.85,78.8,8.10815039
2023-08-16 09:06:00,78.82,78.89,78.82,78.85,64.26102911
2023-08-16 09:05:00,78.82,78.86,78.86,78.85,31.15668594
2023-08-16 09:04:00,78.87,78.9,78.9,78.87,29.50468735
2023-08-16 09:03:00,78.9,78.95,78.95,78.91,37.47751552
2023-08-16 09:02:00,78.91,78.96,78.91,78.95,24.30695409
2023-08-16 09:01:00,78.88,78.92,78.92,78.89,20.93995857
2023-08-16 09:00:00,78.87,78.93,78.87,78.91,22.45814629
2023-08-16 08:59:00,78.87,78.92,78.92,78.87,16.74299153
2023-08-16 08:58:00,78.91,78.96,78.95,78.92,72.77008574
2023-08-16 08:57:00,78.94,78.98,78.97,78.94,17.26041959
2023-08-16 08:56:00,78.98,79.0,79.0,78.98,19.91679339
2023-08-16 08:55:00,78.98,79.01,79.0,78.98,10.8573779
2023-08-16 08:54:00,78.94,79.0,78.94,79.0,18.37476073
2023-08-16 08:53:00,78.94,78.95,78.95,78.94,47.91778182
2023-08-16 08:52:00,78.93,78.98,78.93,78.96,37.84782831
2023-08-16 08:51:00,78.88,78.93,78.91,78.93,1.84101489
2023-08-16 08:50:00,78.91,79.0,78.99,78.93,197.81504231
2023-08-16 08:49:00,78.92,78.99,78.93,78.98,254.8399702
2023-08-16 08:48:00,78.94,78.98,78.98,78.94,23.75259043
2023-08-16 08:47:00,78.97,79.0,78.97,78.99,2.50282597
2023-08-16 08:46:00,78.97,78.99,78.99,78.98,20.19016118
2023-08-16 08:45:00,78.98,79.01,78.99,78.99,23.5279575
2023-08-16 08:44:00,78.99,79.03,79.03,79.0,28.58985429
2023-08-16 08:43:00,78.99,79.03,79.0,79.03,26.52598618
2023-08-16 08:42:00,78.98,78.99,78.99,78.99,29.20779684
2023-08-16 08:41:00,78.98,78.99,78.98,78.99,24.90675885
2023-08-16 08:40:00,78.97,78.99,78.98,78.98,140.08065714
2023-08-16 08:39:00,78.96,78.98,78.96,78.97,11.03193649
2023-08-16 08:38:00,78.91,78.95,78.91,78.95,5.69852578
2023-08-16 08:37:00,78.88,78.9,78.89,78.9,26.13621317
2023-08-16 08:36:00,78.87,78.89,78.87,78.89,5.20303181
2023-08-16 08:35:00,78.87,78.88,78.87,78.88,34.64626782
2023-08-16 08:34:00,78.86,78.87,78.86,78.86,2.52986167
2023-08-16 08:33:00,78.84,78.86,78.85,78.86,7.4068706
2023-08-16 08:32:00,78.83,78.85,78.83,78.84,25.14353647
2023-08-16 08:31:00,78.82,78.84,78.84,78.83,30.29430243
2023-08-16 08:30:00,78.76,78.84,78.76,78.84,202.4322268
2023-08-16 08:29:00,78.75,78.76,78.75,78.75,22.43956597
2023-08-16 08:28:00,78.8,78.83,78.83,78.8,25.10363911
2023-08-16 08:27:00,78.72,78.83,78.73,78.83,31.0059445
2023-08-16 08:26:00,78.71,78.76,78.76,78.73,13.55073406
2023-08-16 08:25:00,78.76,78.77,78.77,78.76,1.90737949
2023-08-16 08:24:00,78.77,78.79,78.78,78.77,10.79566859
2023-08-16 08:23:00,78.76,78.8,78.8,78.78,152.08920566
2023-08-16 08:22:00,78.75,78.81,78.76,78.81,75.71348471
2023-08-16 08:21:00,78.77,78.81,78.81,78.77,18.37310367
2023-08-16 08:20:00,78.81,78.83,78.82,78.82,116.296196
2023-08-16 08:19:00,78.82,78.85,78.85,78.82,6.64219241
2023-08-16 08:18:00,78.83,78.85,78.85,78.85,10.26851645
2023-08-16 08:17:00,78.85,78.9,78.9,78.86,10.92585259
2023-08-16 08:16:00,78.9,78.93,78.93,78.9,21.57802635
2023-08-16 08:15:00,78.92,78.95,78.93,78.93,45.71306065
2023-08-16 08:14:00,78.91,78.94,78.92,78.94,139.21377135
2023-08-16 08:13:00,78.89,78.91,78.91,78.9,60.50285635
2023-08-16 08:12:00,78.9,78.92,78.92,78.9,17.66815144
2023-08-16 08:11:00,78.91,78.92,78.91,78.92,12.15384316
2023-08-16 08:10:00,78.9,78.92,78.91,78.91,12.06273708
2023-08-16 08:09:00,78.89,78.91,78.91,78.91,25.07385055
2023-08-16 08:08:00,78.9,78.91,78.91,78.91,9.60581951
2023-08-16 08:07:00,78.9,78.91,78.9,78.9,3.23075508
2023-08-16 08:06:00,78.89,78.91,78.9,78.9,5.59780304
2023-08-16 08:05:00,78.88,78.91,78.89,78.9,11.75943915
2023-08-16 08:04:00,78.86,78.9,78.87,78.9,62.71069421
2023-08-16 08:03:00,78.85,78.87,78.86,78.87,30.30157983
2023-08-16 08:02:00,78.83,78.87,78.83,78.85,76.84308124
2023-08-16 08:01:00,78.81,78.83,78.83,78.81,27.27246563
2023-08-16 08:00:00,78.79,78.83,78.79,78.83,37.07906541
2023-08-16 07:59:00,78.78,78.81,78.81,78.8,2.04458935
2023-08-16 07:58:00,78.85,78.86,78.86,78.85,6.9638194
2023-08-16 07:57:00,78.86,78.86,78.86,78.86,3.17428908
2023-08-16 07:56:00,78.84,78.86,78.86,78.85,15.40660394
2023-08-16 07:55:00,78.82,78.84,78.83,78.84,30.60390233
2023-08-16 07:54:00,78.82,78.85,78.85,78.82,30.06411037
2023-08-16 07:53:00,78.82,78.85,78.84,78.85,26.55551405
2023-08-16 07:52:00,78.82,78.89,78.89,78.82,149.013553
2023-08-16 07:51:00,78.88,78.89,78.89,78.88,15.81778091
2023-08-16 07:50:00,78.89,78.9,78.9,78.89,25.43875076
2023-08-16 07:49:00,78.88,78.91,78.88,78.89,15.00114319
2023-08-16 07:48:00,78.89,78.9,78.9,78.89,0.86515673
2023-08-16 07:47:00,78.89,78.97,78.95,78.9,256.5039713
2023-08-16 07:46:00,78.94,78.97,78.95,78.97,26.16290041
2023-08-16 07:45:00,78.91,78.95,78.91,78.94,79.07760929
2023-08-16 07:44:00,78.89,78.93,78.89,78.93,4.1957056
2023-08-16 07:43:00,78.88,78.92,78.89,78.9,28.39104235
2023-08-16 07:42:00,78.87,78.89,78.88,78.89,89.01442023
2023-08-16 07:41:00,78.84,78.89,78.86,78.89,39.56432713
2023-08-16 07:40:00,78.8,78.85,78.81,78.85,75.37481353
2023-08-16 07:39:00,78.77,78.82,78.78,78.82,54.09387438
2023-08-16 07:38:00,78.77,78.78,78.78,78.78,53.10717857
2023-08-16 07:37:00,78.78,78.82,78.82,78.78,15.53045028
2023-08-16 07:36:00,78.8,78.82,78.8,78.82,8.87034043
2023-08-16 07:35:00,78.77,78.81,78.77,78.81,43.60397496
2023-08-16 07:34:00,78.76,78.79,78.76,78.79,7.40003866
2023-08-16 07:33:00,78.75,78.77,78.77,78.77,20.7736824
2023-08-16 07:32:00,78.77,78.84,78.84,78.78,122.57945207
2023-08-16 07:31:00,78.78,78.81,78.81,78.81,43.85550527
2023-08-16 07:30:00,78.81,78.82,78.81,78.81,7.20263014
2023-08-16 07:29:00,78.8,78.82,78.82,78.8,36.13744371
2023-08-16 07:28:00,78.82,78.83,78.83,78.82,19.84547194
2023-08-16 07:27:00,78.81,78.83,78.81,78.83,33.80432684
2023-08-16 07:26:00,78.81,78.84,78.83,78.81,45.91815441
2023-08-16 07:25:00,78.82,78.85,78.85,78.82,46.27847888
2023-08-16 07:24:00,78.84,78.86,78.86,78.84,42.24883785
2023-08-16 07:23:00,78.84,78.86,78.85,78.86,47.36975456
2023-08-16 07:22:00,78.83,78.86,78.86,78.83,8.2252176
2023-08-16 07:21:00,78.85,78.86,78.85,78.86,10.34079452
2023-08-16 07:20:00,78.84,78.86,78.86,78.86,7.74740514
2023-08-16 07:19:00,78.85,78.86,78.85,78.85,9.19748269
2023-08-16 07:18:00,78.85,78.88,78.88,78.86,6.54340434
2023-08-16 07:17:00,78.87,78.9,78.88,78.87,6.12957245
2023-08-16 07:16:00,78.85,78.9,78.86,78.9,7.68957176
2023-08-16 07:15:00,78.85,78.91,78.91,78.85,35.75740155
2023-08-16 07:14:00,78.84,78.88,78.85,78.88,13.80380034
2023-08-16 07:13:00,78.83,78.86,78.86,78.84,94.76577725
2023-08-16 07:12:00,78.81,78.88,78.86,78.86,58.54767277
2023-08-16 07:11:00,78.86,78.89,78.86,78.87,5.03381696
2023-08-16 07:10:00,78.83,78.89,78.88,78.89,144.50799499
2023-08-16 07:09:00,78.86,78.93,78.92,78.89,236.53394563
2023-08-16 07:08:00,78.76,78.97,78.76,78.91,803.2823283
2023-08-16 07:07:00,78.77,78.81,78.8,78.77,57.92943154
2023-08-16 07:06:00,78.79,78.82,78.81,78.81,52.26830672
2023-08-16 07:05:00,78.65,78.82,78.65,78.82,1173.16858186
2023-08-16 07:04:00,78.64,78.66,78.66,78.64,7.79178176
2023-08-16 07:03:00,78.6,78.64,78.61,78.64,38.63954867
2023-08-16 07:02:00,78.59,78.62,78.61,78.62,13.90510974
2023-08-16 07:01:00,78.57,78.6,78.58,78.6,33.18410693
2023-08-16 07:00:00,78.56,78.59,78.58,78.58,49.45144183
2023-08-16 06:59:00,78.56,78.59,78.59,78.56,5.59560569
2023-08-16 06:58:00,78.58,78.6,78.6,78.58,4.78380501
2023-08-16 06:57:00,78.59,78.62,78.62,78.6,201.96554682
2023-08-16 06:56:00,78.58,78.63,78.58,78.63,42.49390683
2023-08-16 06:55:00,78.52,78.57,78.52,78.57,50.78868712
2023-08-16 06:54:00,78.46,78.52,78.49,78.52,46.81414023
2023-08-16 06:53:00,78.46,78.48,78.46,78.48,25.64110248
2023-08-16 06:52:00,78.44,78.46,78.45,78.46,12.55395311
2023-08-16 06:51:00,78.43,78.45,78.43,78.44,8.00182886
2023-08-16 06:50:00,78.4,78.46,78.46,78.41,87.59946018
2023-08-16 06:49:00,78.43,78.46,78.44,78.46,4.20841105
2023-08-16 06:48:00,78.41,78.46,78.44,78.41,96.05283368
2023-08-16 06:47:00,78.41,78.44,78.42,78.44,17.91140576
2023-08-16 06:46:00,78.4,78.42,78.41,78.4,45.97536404
2023-08-16 06:45:00,78.38,78.43,78.43,78.41,125.29410333
2023-08-16 06:44:00,78.41,78.43,78.42,78.43,30.27057896
2023-08-16 06:43:00,78.39,78.43,78.41,78.43,31.22568173
2023-08-16 06:42:00,78.38,78.42,78.42,78.39,30.48728921
2023-08-16 06:41:00,78.39,78.42,78.39,78.41,108.46972006
2023-08-16 06:40:00,78.39,78.42,78.42,78.4,312.30738386
2023-08-16 06:39:00,78.41,78.43,78.41,78.43,87.17234321
2023-08-16 06:38:00,78.35,78.4,78.36,78.4,168.21752745
2023-08-16 06:37:00,78.32,78.36,78.32,78.36,10.12598479
2023-08-16 06:36:00,78.3,78.33,78.3,78.33,23.52643898
2023-08-16 06:35:00,78.26,78.31,78.27,78.31,30.02580778
2023-08-16 06:34:00,78.24,78.27,78.24,78.27,43.52530514
2023-08-16 06:33:00,78.22,78.28,78.28,78.25,113.48689549
2023-08-16 06:32:00,78.25,78.28,78.25,78.28,49.62018044
2023-08-16 06:31:00,78.25,78.26,78.25,78.25,5.63116492
2023-08-16 06:30:00,78.23,78.25,78.25,78.24,32.44672866
2023-08-16 06:29:00,78.26,78.27,78.26,78.27,131.09246887
2023-08-16 06:28:00,78.23,78.28,78.28,78.26,118.03101053
2023-08-16 06:27:00,78.24,78.28,78.24,78.28,257.72302135
2023-08-16 06:26:00,78.25,78.29,78.28,78.26,1.83300675
2023-08-16 06:25:00,78.24,78.31,78.31,78.29,46.76684314
2023-08-16 06:24:00,78.29,78.33,78.32,78.32,20.63455903
2023-08-16 06:23:00,78.28,78.37,78.37,78.33,364.18913585
2023-08-16 06:22:00,78.39,78.44,78.44,78.39,78.25641406
2023-08-16 06:21:00,78.42,78.44,78.42,78.44,8.19754794
2023-08-16 06:20:00,78.43,78.48,78.48,78.43,56.60067986
2023-08-16 06:19:00,78.47,78.5,78.47,78.49,8.52477363
2023-08-16 06:18:00,78.39,78.43,78.39,78.43,82.97003883
2023-08-16 06:17:00,78.35,78.39,78.35,78.38,40.56062938
2023-08-16 06:16:00,78.32,78.36,78.32,78.36,26.51730332
2023-08-16 06:15:00,78.29,78.32,78.31,78.32,12.78138314
2023-08-16 06:14:00,78.3,78.32,78.32,78.32,13.91058662
2023-08-16 06:13:00,78.3,78.33,78.32,78.32,31.9982792
2023-08-16 06:12:00,78.3,78.35,78.3,78.31,128.59117515
2023-08-16 06:11:00,78.26,78.31,78.26,78.3,121.18056325
2023-08-16 06:10:00,78.24,78.28,78.24,78.26,136.55181505
2023-08-16 06:09:00,78.24,78.28,78.26,78.26,45.89211363
2023-08-16 06:08:00,78.28,78.31,78.3,78.28,15.91924463
2023-08-16 06:07:00,78.23,78.31,78.31,78.29,40.01672927
2023-08-16 06:06:00,78.29,78.33,78.3,78.32,160.21074448
2023-08-16 06:05:00,78.28,78.31,78.28,78.29,24.9507986
2023-08-16 06:04:00,78.29,78.38,78.38,78.31,1078.26479218
2023-08-16 06:03:00,78.39,78.44,78.44,78.39,17.09162984
2023-08-16 06:02:00,78.44,78.49,78.49,78.44,12.96433836
2023-08-16 06:01:00,78.46,78.5,78.46,78.49,30.13748044
2023-08-16 06:00:00,78.42,78.5,78.46,78.46,39.60994484
2023-08-16 05:59:00,78.44,78.47,78.46,78.45,26.34069404
2023-08-16 05:58:00,78.44,78.47,78.45,78.45,52.15026577
2023-08-16 05:57:00,78.43,78.45,78.45,78.45,12.50702914
2023-08-16 05:56:00,78.47,78.53,78.52,78.47,53.0413665
2023-08-16 05:55:00,78.49,78.52,78.49,78.52,11.66092928
2023-08-16 05:54:00,78.47,78.49,78.48,78.47,24.64277194
2023-08-16 05:53:00,78.43,78.48,78.43,78.47,31.61991966
2023-08-16 05:52:00,78.37,78.47,78.47,78.43,133.72604284
2023-08-16 05:51:00,78.44,78.48,78.45,78.48,8.28158207
2023-08-16 05:50:00,78.41,78.44,78.42,78.44,13.36929001
2023-08-16 05:49:00,78.39,78.42,78.4,78.42,30.54098088
2023-08-16 05:48:00,78.34,78.41,78.36,78.41,516.02967377
2023-08-16 05:47:00,78.29,78.39,78.29,78.35,1061.64493703
2023-08-16 05:46:00,78.24,78.29,78.25,78.28,79.03696666
2023-08-16 05:45:00,78.22,78.28,78.22,78.25,189.45966698
2023-08-16 05:44:00,78.23,78.3,78.28,78.23,85.03551241
2023-08-16 05:43:00,78.25,78.29,78.28,78.28,37.9035963
2023-08-16 05:42:00,78.28,78.34,78.34,78.29,170.3706199
2023-08-16 05:41:00,78.3,78.34,78.3,78.33,32.24571405
2023-08-16 05:40:00,78.22,78.31,78.29,78.29,480.96667378
2023-08-16 05:39:00,78.3,78.35,78.32,78.34,113.17355741
2023-08-16 05:38:00,78.32,78.39,78.37,78.32,128.87384251
2023-08-16 05:37:00,78.32,78.4,78.33,78.4,50.99809181
2023-08-16 05:36:00,78.29,78.39,78.38,78.33,542.19751431
2023-08-16 05:35:00,78.38,78.44,78.44,78.39,164.52570755
2023-08-16 05:34:00,78.44,78.46,78.46,78.45,4.74698839
2023-08-16 05:33:00,78.46,78.49,78.47,78.46,19.23408684
2023-08-16 05:32:00,78.45,78.49,78.49,78.46,163.46941604
2023-08-16 05:31:00,78.49,78.52,78.5,78.5,76.76857082
2023-08-16 05:30:00,78.48,78.54,78.5,78.52,266.53813876
2023-08-16 05:29:00,78.49,78.54,78.52,78.51,79.69926753
2023-08-16 05:28:00,78.5,78.53,78.51,78.53,105.73345159
2023-08-16 05:27:00,78.52,78.58,78.57,78.52,100.14635848
2023-08-16 05:26:00,78.53,78.58,78.53,78.57,243.81922894
2023-08-16 05:25:00,78.44,78.52,78.46,78.52,23.91308641
2023-08-16 05:24:00,78.44,78.47,78.46,78.46,61.4508993
2023-08-16 05:23:00,78.4,78.48,78.4,78.46,104.05035192
2023-08-16 05:22:00,78.45,78.49,78.47,78.45,98.95617815
2023-08-16 05:21:00,78.43,78.49,78.49,78.47,425.34693419
2023-08-16 05:20:00,78.48,78.51,78.5,78.48,23.23144988
2023-08-16 05:19:00,78.51,78.58,78.57,78.51,59.19665159
2023-08-16 05:18:00,78.54,78.57,78.57,78.56,60.79760909
2023-08-16 05:17:00,78.57,78.6,78.6,78.58,68.70313274
2023-08-16 05:16:00,78.59,78.64,78.64,78.6,138.73060124
2023-08-16 05:15:00,78.62,78.67,78.67,78.64,272.69897794
2023-08-16 05:14:00,78.67,78.71,78.7,78.67,65.86037277
2023-08-16 05:13:00,78.68,78.71,78.68,78.71,15.19363322
2023-08-16 05:12:00,78.65,78.69,78.67,78.68,31.28011041
2023-08-16 05:11:00,78.6,78.67,78.6,78.67,171.1467469
2023-08-16 05:10:00,78.6,78.62,78.6,78.61,10.45670855
2023-08-16 05:09:00,78.57,78.61,78.57,78.61,15.90150464
2023-08-16 05:08:00,78.53,78.57,78.55,78.55,70.99703591
2023-08-16 05:07:00,78.44,78.55,78.45,78.54,194.06639118
2023-08-16 05:06:00,78.41,78.47,78.45,78.47,81.65701491
2023-08-16 05:05:00,78.41,78.53,78.53,78.45,305.84801291
2023-08-16 05:04:00,78.48,78.58,78.49,78.52,280.58312733
2023-08-16 05:03:00,78.5,78.64,78.64,78.5,531.58466258
2023-08-16 05:02:00,78.61,78.67,78.66,78.64,214.96041765
2023-08-16 05:01:00,78.68,78.71,78.71,78.68,8.73845779
2023-08-16 05:00:00,78.69,78.76,78.75,78.71,227.2818451
2023-08-16 04:59:00,78.74,78.76,78.75,78.76,41.18905631
2023-08-16 04:58:00,78.73,78.78,78.75,78.78,86.34167866
2023-08-16 04:57:00,78.73,78.77,78.74,78.77,381.32234402
2023-08-16 04:56:00,78.76,78.79,78.79,78.78,56.98857739
2023-08-16 04:55:00,78.82,78.86,78.85,78.82,70.94823355
2023-08-16 04:54:00,78.75,78.86,78.75,78.85,428.69679422
2023-08-16 04:53:00,78.72,78.77,78.72,78.77,9.85749681
2023-08-16 04:52:00,78.7,78.76,78.76,78.73,254.89673917
2023-08-16 04:51:00,78.67,78.77,78.76,78.77,125.86106401
2023-08-16 04:50:00,78.8,78.83,78.83,78.8,18.57924219
2023-08-16 14:50:00,77.96,78.01,77.96,78.01,164.87464521
2023-08-16 14:49:00,77.96,77.98,77.98,77.96,23.2026036
2023-08-16 14:48:00,77.94,77.99,77.96,77.98,16.36640443
2023-08-16 14:47:00,78.0,78.06,78.02,78.02,94.03130059
2023-08-16 14:46:00,78.03,78.13,78.13,78.03,23.08030548
2023-08-16 14:45:00,78.1,78.15,78.11,78.12,18.70113156
2023-08-16 14:44:00,78.09,78.13,78.12,78.11,87.91549696
2023-08-16 14:43:00,78.12,78.2,78.13,78.12,216.68884353
2023-08-16 14:42:00,78.07,78.12,78.07,78.12,95.21162922
2023-08-16 14:41:00,78.07,78.1,78.1,78.08,23.39260819
2023-08-16 14:40:00,78.06,78.11,78.08,78.11,107.52762852
2023-08-16 14:39:00,78.06,78.09,78.06,78.09,17.20077478
2023-08-16 14:38:00,78.02,78.06,78.03,78.06,129.0126859
2023-08-16 14:37:00,77.99,78.04,78.03,78.03,160.49387781
2023-08-16 14:36:00,78.05,78.09,78.08,78.05,181.20717078
2023-08-16 14:35:00,78.05,78.09,78.07,78.08,40.57150641
2023-08-16 14:34:00,78.03,78.08,78.06,78.06,89.89647521
2023-08-16 14:33:00,78.06,78.07,78.06,78.07,49.74789956
2023-08-16 14:32:00,78.03,78.08,78.08,78.04,307.30831913
2023-08-16 14:31:00,78.05,78.08,78.05,78.07,43.92236786
2023-08-16 14:30:00,77.98,78.06,77.98,78.05,618.99128965
2023-08-16 14:29:00,77.95,77.99,77.96,77.99,85.03185496
2023-08-16 14:28:00,77.95,77.99,77.98,77.96,45.40547926
2023-08-16 14:27:00,77.93,77.98,77.98,77.98,23.08270785
2023-08-16 14:26:00,77.93,77.98,77.94,77.97,37.51055337
2023-08-16 14:25:00,77.88,77.94,77.9,77.93,30.4043688
2023-08-16 14:24:00,77.9,77.95,77.93,77.9,91.21322133
2023-08-16 14:23:00,77.93,77.97,77.97,77.95,112.80485044
2023-08-16 14:22:00,77.95,77.99,77.95,77.97,43.84848522
2023-08-16 14:21:00,77.93,77.96,77.96,77.95,45.31461532
2023-08-16 14:20:00,77.91,77.96,77.94,77.96,29.64414157
2023-08-16 14:19:00,77.92,77.97,77.94,77.95,27.74487833
2023-08-16 14:18:00,77.89,77.95,77.91,77.94,32.1316685
2023-08-16 14:17:00,77.87,77.91,77.87,77.91,148.79722702
2023-08-16 14:16:00,77.84,77.9,77.84,77.87,82.14154525
2023-08-16 14:15:00,77.78,77.85,77.78,77.85,53.38087437
2023-08-16 14:14:00,77.75,77.81,77.81,77.78,24.57760667
2023-08-16 14:13:00,77.81,77.89,77.89,77.82,13.1347969
2023-08-16 14:12:00,77.87,77.93,77.88,77.9,185.80124848
2023-08-16 14:11:00,77.84,77.87,77.84,77.86,78.70553276
2023-08-16 14:10:00,77.76,77.84,77.79,77.84,94.25627012
2023-08-16 14:09:00,77.76,77.83,77.82,77.81,56.37284041
2023-08-16 14:08:00,77.81,77.85,77.82,77.83,67.35370198
2023-08-16 14:07:00,77.77,77.84,77.78,77.78,300.23401171
2023-08-16 14:06:00,77.7,77.78,77.7,77.76,353.78229965
2023-08-16 14:05:00,77.52,77.63,77.52,77.63,213.61799907
2023-08-16 14:04:00,77.41,77.51,77.43,77.51,266.31795757
2023-08-16 14:03:00,77.36,77.56,77.56,77.42,742.691714
2023-08-16 14:02:00,77.56,77.64,77.56,77.6,166.26497002
2023-08-16 14:01:00,77.55,77.66,77.65,77.55,95.77925244
2023-08-16 14:00:00,77.57,77.69,77.6,77.69,62.76999378
2023-08-16 13:59:00,77.6,77.67,77.66,77.62,1172.86388894
2023-08-16 13:58:00,77.64,77.74,77.68,77.67,136.15941142
2023-08-16 13:57:00,77.67,77.76,77.73,77.71,75.46270102
2023-08-16 13:56:00,77.64,77.73,77.66,77.73,94.42137376
2023-08-16 13:55:00,77.6,77.7,77.6,77.6,37.10782563
2023-08-16 13:54:00,77.59,77.79,77.78,77.6,464.55633665
2023-08-16 13:53:00,77.77,77.85,77.83,77.78,57.98377651
2023-08-16 13:52:00,77.81,77.91,77.91,77.81,359.08524732
2023-08-16 13:51:00,77.91,78.03,78.0,77.92,113.93764911
2023-08-16 13:50:00,77.99,78.08,78.06,78.01,260.64444787
2023-08-16 13:49:00,78.04,78.08,78.07,78.04,91.8966449
2023-08-16 13:48:00,78.06,78.11,78.08,78.07,446.28507516
2023-08-16 13:47:00,77.99,78.06,77.99,78.06,43.96244265
2023-08-16 13:46:00,77.91,77.98,77.98,77.96,87.67716443
2023-08-16 13:45:00,77.95,78.03,77.95,77.99,396.3248844
2023-08-16 13:44:00,77.7,77.94,77.72,77.93,372.28821699
2023-08-16 13:43:00,77.52,77.75,77.74,77.69,3083.2055329
2023-08-16 13:42:00,77.8,77.89,77.85,77.83,184.50313612
2023-08-16 13:41:00,77.76,77.88,77.83,77.88,292.5924062
2023-08-16 13:40:00,77.66,77.82,77.71,77.82,263.49938628
2023-08-16 13:39:00,77.7,77.77,77.74,77.71,56.14277073
2023-08-16 13:38:00,77.74,77.83,77.8,77.76,260.09592131
2023-08-16 13:37:00,77.79,77.95,77.89,77.79,69.03158465
2023-08-16 13:36:00,77.79,77.88,77.81,77.88,132.8086015
2023-08-16 13:35:00,77.75,77.89,77.89,77.82,338.9400188
2023-08-16 13:34:00,77.91,78.02,78.0,77.91,349.75500717
2023-08-16 13:33:00,77.91,78.0,77.91,78.0,171.25984782
2023-08-16 13:32:00,77.89,77.94,77.94,77.91,18.35720153
2023-08-16 13:31:00,77.78,77.98,77.92,77.95,357.85493134
2023-08-16 13:30:00,77.94,78.0,77.97,77.94,86.60182603
2023-08-16 13:29:00,77.91,77.98,77.92,77.96,249.37254594
2023-08-16 13:28:00,77.9,77.93,77.93,77.91,42.92007357
2023-08-16 13:27:00,77.95,77.99,77.98,77.95,48.3681125
2023-08-16 13:26:00,77.98,78.03,78.01,77.99,16.79476516
2023-08-16 13:25:00,77.97,78.04,77.98,78.01,158.40070638
2023-08-16 13:24:00,77.99,78.08,78.07,78.0,70.66297687
2023-08-16 13:23:00,78.01,78.08,78.07,78.08,142.74587008
2023-08-16 13:22:00,78.06,78.1,78.06,78.07,175.38687326
2023-08-16 13:21:00,78.07,78.11,78.11,78.07,33.66170077
2023-08-16 13:20:00,78.1,78.21,78.21,78.11,54.38597684
2023-08-16 13:19:00,78.2,78.25,78.2,78.22,206.59128069
2023-08-16 13:18:00,78.15,78.2,78.17,78.19,287.3457772
2023-08-16 13:17:00,78.05,78.17,78.08,78.17,76.38971555
2023-08-16 13:16:00,78.08,78.11,78.1,78.1,38.55595753
2023-08-16 13:15:00,78.06,78.26,78.25,78.11,1637.98699485
2023-08-16 13:14:00,78.22,78.26,78.26,78.25,225.35046334
2023-08-16 13:13:00,78.22,78.27,78.24,78.27,42.06636952
2023-08-16 13:12:00,78.22,78.25,78.22,78.25,84.52122892
2023-08-16 13:11:00,78.21,78.31,78.31,78.21,100.95026247
2023-08-16 13:10:00,78.3,78.36,78.35,78.34,54.6166341
2023-08-16 13:09:00,78.25,78.35,78.25,78.35,98.50231849
2023-08-16 13:08:00,78.25,78.3,78.27,78.26,50.22158805
2023-08-16 13:07:00,78.28,78.35,78.34,78.28,20.23182333
2023-08-16 13:06:00,78.33,78.38,78.37,78.34,67.08138212
2023-08-16 13:05:00,78.35,78.37,78.35,78.37,35.81601988
2023-08-16 13:04:00,78.33,78.35,78.34,78.35,11.39333715
2023-08-16 13:03:00,78.27,78.34,78.31,78.33,66.75558118
2023-08-16 13:02:00,78.24,78.34,78.24,78.32,165.27328046
2023-08-16 13:01:00,78.24,78.27,78.24,78.26,14.33817496
2023-08-16 13:00:00,78.23,78.27,78.27,78.23,137.41223157
2023-08-16 12:59:00,78.27,78.3,78.3,78.29,26.10366113
2023-08-16 12:58:00,78.29,78.33,78.33,78.29,25.15651366
2023-08-16 12:57:00,78.31,78.36,78.35,78.33,38.92125721
2023-08-16 12:56:00,78.34,78.36,78.34,78.35,22.02606449
2023-08-16 12:55:00,78.34,78.44,78.44,78.34,73.02664082
2023-08-16 12:54:00,78.41,78.46,78.46,78.46,47.32341514
2023-08-16 12:53:00,78.37,78.48,78.37,78.46,280.53679977
2023-08-16 12:52:00,78.36,78.42,78.37,78.36,62.91693515
2023-08-16 12:51:00,78.35,78.47,78.47,78.35,114.91744612
2023-08-16 12:50:00,78.45,78.48,78.48,78.45,21.84128386
2023-08-16 12:49:00,78.49,78.58,78.58,78.49,199.62707066
2023-08-16 12:48:00,78.5,78.64,78.5,78.59,83.54964505
2023-08-16 12:47:00,78.5,78.53,78.51,78.52,87.36164848
2023-08-16 12:46:00,78.5,78.64,78.64,78.52,161.14765373
2023-08-16 12:45:00,78.42,78.65,78.42,78.64,411.0539603
2023-08-16 12:44:00,78.42,78.48,78.44,78.46,58.5653017
2023-08-16 12:43:00,78.32,78.43,78.34,78.42,178.05418915
2023-08-16 12:42:00,78.28,78.39,78.28,78.37,346.83777852
2023-08-16 12:41:00,78.17,78.35,78.2,78.31,359.52225707
2023-08-16 12:40:00,77.82,78.19,78.0,78.19,2378.37468618
2023-08-16 12:39:00,77.98,78.02,78.0,78.0,127.19020675
2023-08-16 12:38:00,77.94,78.0,78.0,77.98,37.2779111
2023-08-16 12:37:00,77.97,78.13,78.12,78.0,98.0597878
2023-08-16 12:36:00,78.05,78.17,78.16,78.11,79.21669955
2023-08-16 12:35:00,78.11,78.18,78.16,78.18,114.9765871
2023-08-16 12:34:00,78.07,78.19,78.07,78.17,206.50110241
2023-08-16 12:33:00,78.0,78.1,78.05,78.06,60.929973
2023-08-16 12:32:00,77.99,78.07,78.03,78.05,181.06660897
2023-08-16 12:31:00,77.9,78.05,78.04,77.98,169.03562073
2023-08-16 12:30:00,77.85,78.04,77.85,78.03,387.72036319
2023-08-16 12:29:00,77.75,77.87,77.87,77.77,85.06921164
2023-08-16 12:28:00,77.68,77.93,77.89,77.85,1721.91651655
2023-08-16 12:27:00,77.87,77.97,77.91,77.89,295.08631369
2023-08-16 12:26:00,77.93,78.06,77.95,77.94,199.12165984
2023-08-16 12:25:00,77.91,78.13,78.08,77.96,2290.59719417
2023-08-16 12:24:00,78.06,78.2,78.18,78.1,238.59727913
2023-08-16 12:23:00,78.04,78.18,78.12,78.18,140.83946593
2023-08-16 12:22:00,78.13,78.25,78.25,78.15,119.04419804
2023-08-16 12:21:00,78.17,78.26,78.22,78.23,117.37862946
2023-08-16 12:20:00,78.1,78.22,78.2,78.21,184.61708513
2023-08-16 12:19:00,78.19,78.27,78.21,78.19,420.9718823
2023-08-16 12:18:00,77.88,78.26,77.96,78.24,1416.55721054
2023-08-16 12:17:00,77.81,78.34,78.34,77.97,8062.70086554
2023-08-16 12:16:00,78.34,78.46,78.45,78.34,201.61986504
2023-08-16 12:15:00,78.46,78.48,78.48,78.46,22.9630114
2023-08-16 12:14:00,78.45,78.49,78.45,78.48,64.6223944
2023-08-16 12:13:00,78.43,78.47,78.43,78.47,66.95564853
2023-08-16 12:12:00,78.42,78.44,78.44,78.43,29.92237181
2023-08-16 12:11:00,78.44,78.46,78.46,78.44,21.19884048
2023-08-16 12:10:00,78.45,78.5,78.5,78.47,51.18967812
2023-08-16 12:09:00,78.49,78.51,78.5,78.5,26.05432044
2023-08-16 12:08:00,78.5,78.56,78.55,78.5,38.68092846
2023-08-16 12:07:00,78.54,78.56,78.56,78.56,21.16016439
2023-08-16 12:06:00,78.55,78.56,78.56,78.55,63.01851666
2023-08-16 12:05:00,78.54,78.57,78.57,78.55,40.01499416
2023-08-16 12:04:00,78.56,78.63,78.63,78.57,44.60276286
2023-08-16 12:03:00,78.61,78.63,78.63,78.62,24.44860952
2023-08-16 12:02:00,78.61,78.63,78.63,78.61,13.96421617
2023-08-16 12:01:00,78.61,78.64,78.63,78.63,97.88634258
2023-08-16 12:00:00,78.63,78.66,78.66,78.63,158.06772547
2023-08-16 11:59:00,78.65,78.69,78.68,78.65,101.16148342
2023-08-16 11:58:00,78.68,78.69,78.69,78.69,21.15118369
2023-08-16 11:57:00,78.67,78.69,78.67,78.68,142.84334437
2023-08-16 11:56:00,78.64,78.67,78.64,78.67,159.02147991
2023-08-16 11:55:00,78.62,78.63,78.63,78.63,111.73752431
2023-08-16 11:54:00,78.62,78.64,78.64,78.64,4.45917464
2023-08-16 11:53:00,78.62,78.65,78.64,78.63,364.111535
2023-08-16 11:52:00,78.64,78.65,78.64,78.65,2.71631961
2023-08-16 11:51:00,78.63,78.65,78.63,78.65,22.64324462
2023-08-16 11:50:00,78.58,78.63,78.58,78.63,53.68963179
2023-08-16 11:49:00,78.58,78.6,78.59,78.59,31.14630189
2023-08-16 11:48:00,78.58,78.64,78.63,78.59,73.2239133
2023-08-16 11:47:00,78.61,78.63,78.62,78.62,16.03902606
2023-08-16 11:46:00,78.62,78.65,78.64,78.62,6.39649438
2023-08-16 11:45:00,78.63,78.65,78.64,78.65,39.05512841
2023-08-16 11:44:00,78.65,78.65,78.65,78.65,8.89036896
2023-08-16 11:43:00,78.63,78.66,78.63,78.66,9.46448952
2023-08-16 11:42:00,78.65,78.68,78.68,78.66,18.72501792
2023-08-16 11:41:00,78.67,78.7,78.68,78.67,54.08119376
2023-08-16 11:40:00,78.67,78.72,78.7,78.68,106.76673478
2023-08-16 11:39:00,78.68,78.74,78.74,78.7,313.7698604
2023-08-16 11:38:00,78.73,78.76,78.75,78.74,39.24054159
2023-08-16 11:37:00,78.74,78.79,78.78,78.75,27.57127213
2023-08-16 11:36:00,78.78,78.79,78.79,78.79,6.87405374
2023-08-16 11:35:00,78.78,78.81,78.8,78.78,87.26980816
2023-08-16 11:34:00,78.8,78.82,78.81,78.81,25.63534997
2023-08-16 11:33:00,78.79,78.81,78.8,78.81,274.9846792
2023-08-16 11:32:00,78.78,78.8,78.79,78.79,106.33280894
2023-08-16 11:31:00,78.77,78.83,78.83,78.78,33.47865117
2023-08-16 11:30:00,78.83,78.84,78.84,78.83,12.49224814
2023-08-16 11:29:00,78.82,78.86,78.86,78.83,23.27837191
2023-08-16 11:28:00,78.85,78.87,78.87,78.86,20.35712605
2023-08-16 11:27:00,78.79,78.86,78.8,78.86,55.52489364
2023-08-16 11:26:00,78.79,78.8,78.8,78.8,21.68334599
2023-08-16 11:25:00,78.79,78.82,78.81,78.8,16.07807136
2023-08-16 11:24:00,78.8,78.82,78.8,78.81,12.80772002
2023-08-16 11:23:00,78.79,78.8,78.8,78.8,71.47011819
2023-08-16 11:22:00,78.81,78.86,78.86,78.81,8.5883067
2023-08-16 11:21:00,78.86,78.87,78.87,78.86,4.10562493
2023-08-16 11:20:00,78.85,78.87,78.85,78.87,8.56631672
2023-08-16 11:19:00,78.86,78.88,78.88,78.86,11.20759409
2023-08-16 11:18:00,78.85,78.88,78.85,78.88,11.82743485
2023-08-16 11:17:00,78.81,78.84,78.82,78.84,12.64812323
2023-08-16 11:16:00,78.81,78.82,78.82,78.82,10.99203885
2023-08-16 11:15:00,78.78,78.82,78.79,78.82,11.46361853
2023-08-16 11:14:00,78.79,78.81,78.8,78.8,14.89036813
2023-08-16 11:13:00,78.8,78.83,78.81,78.81,43.12459481
2023-08-16 11:12:00,78.8,78.81,78.8,78.8,35.00786319
2023-08-16 11:11:00,78.76,78.8,78.77,78.8,10.37278761
2023-08-16 11:10:00,78.8,78.83,78.82,78.8,14.56056098
2023-08-16 11:09:00,78.82,78.83,78.83,78.83,8.59295171
2023-08-16 11:08:00,78.82,78.85,78.82,78.84,46.13694837
2023-08-16 11:07:00,78.78,78.83,78.79,78.82,25.71784934
2023-08-16 11:06:00,78.77,78.78,78.77,78.78,5.22206861
2023-08-16 11:05:00,78.75,78.77,78.77,78.77,42.11574812
2023-08-16 11:04:00,78.77,78.78,78.77,78.78,4.59913704
2023-08-16 11:03:00,78.77,78.79,78.77,78.78,5.39041573
2023-08-16 11:02:00,78.78,78.82,78.82,78.79,118.87724764
2023-08-16 11:01:00,78.83,78.87,78.87,78.83,7.31779363
2023-08-16 11:00:00,78.86,78.89,78.86,78.87,7.48180858
2023-08-16 10:59:00,78.86,78.87,78.87,78.86,13.02525709
2023-08-16 10:58:00,78.86,78.87,78.86,78.87,8.19880835
2023-08-16 10:57:00,78.81,78.87,78.82,78.87,20.27957224
2023-08-16 10:56:00,78.81,78.83,78.82,78.81,13.26576608
2023-08-16 10:55:00,78.79,78.84,78.79,78.83,17.57222535
2023-08-16 10:54:00,78.8,78.82,78.82,78.81,45.60869052
2023-08-16 10:53:00,78.81,78.84,78.84,78.81,3.94268644
2023-08-16 10:52:00,78.83,78.87,78.87,78.84,15.39573779
2023-08-16 10:51:00,78.85,78.89,78.86,78.89,62.02622224
2023-08-16 10:50:00,78.85,78.86,78.85,78.86,6.6781716
2023-08-16 10:49:00,78.85,78.86,78.86,78.85,6.82100453
2023-08-16 10:48:00,78.84,78.86,78.86,78.84,8.36383002
2023-08-16 10:47:00,78.86,78.88,78.88,78.86,3.12526164
2023-08-16 10:46:00,78.85,78.91,78.85,78.87,22.29001906
2023-08-16 10:45:00,78.82,78.86,78.82,78.84,58.34624238
2023-08-16 10:44:00,78.81,78.83,78.81,78.82,7.90436044
2023-08-16 10:43:00,78.81,78.82,78.81,78.82,12.84778211
2023-08-16 10:42:00,78.81,78.83,78.82,78.82,4.16493603
2023-08-16 10:41:00,78.83,78.84,78.83,78.84,35.23760526
2023-08-16 10:40:00,78.82,78.87,78.86,78.83,35.46894512
2023-08-16 10:39:00,78.86,78.88,78.87,78.86,6.81557156
2023-08-16 10:38:00,78.88,78.95,78.95,78.9,40.53866958
2023-08-16 10:37:00,78.95,78.96,78.96,78.95,17.203835
2023-08-16 10:36:00,78.95,78.97,78.96,78.96,14.65851913
2023-08-16 10:35:00,78.93,78.96,78.93,78.96,27.28094571
2023-08-16 10:34:00,78.93,78.94,78.94,78.93,17.57713028
2023-08-16 10:33:00,78.92,78.94,78.94,78.94,34.26713032
2023-08-16 10:32:00,78.91,78.93,78.92,78.92,6.19150091
2023-08-16 10:31:00,78.91,78.92,78.92,78.92,6.40184693
2023-08-16 10:30:00,78.87,78.92,78.87,78.92,22.94484152
2023-08-16 10:29:00,78.86,78.87,78.86,78.87,16.04833298
2023-08-16 10:28:00,78.84,78.88,78.87,78.87,16.94070441
2023-08-16 10:27:00,78.84,78.86,78.85,78.85,11.58553002
2023-08-16 10:26:00,78.82,78.86,78.82,78.86,11.30600208
2023-08-16 10:25:00,78.82,78.83,78.82,78.83,30.23088814
2023-08-16 10:24:00,78.81,78.82,78.81,78.82,7.96550238
2023-08-16 10:23:00,78.8,78.82,78.8,78.82,21.69355765
2023-08-16 10:22:00,78.79,78.82,78.8,78.8,15.85098356
2023-08-16 10:21:00,78.8,78.82,78.82,78.8,27.54883468
2023-08-16 10:20:00,78.78,78.82,78.78,78.82,79.74709716
2023-08-16 10:19:00,78.77,78.81,78.78,78.78,194.11945921
2023-08-16 10:18:00,78.76,78.78,78.76,78.78,6.19052631
2023-08-16 10:17:00,78.73,78.75,78.73,78.75,15.8981288
2023-08-16 10:16:00,78.74,78.75,78.74,78.75,2.85644306
2023-08-16 10:15:00,78.71,78.74,78.71,78.74,14.45898139
2023-08-16 10:14:00,78.64,78.7,78.64,78.7,74.26536155
2023-08-16 10:13:00,78.61,78.65,78.62,78.64,21.36574198
2023-08-16 10:12:00,78.62,78.63,78.62,78.62,8.63562195
2023-08-16 10:11:00,78.6,78.63,78.62,78.6,14.54350115
2023-08-16 10:10:00,78.59,78.64,78.6,78.62,75.11226311
2023-08-16 10:09:00,78.6,78.61,78.6,78.6,18.29279364
2023-08-16 10:08:00,78.57,78.6,78.59,78.6,23.24729192
2023-08-16 10:07:00,78.55,78.59,78.57,78.59,201.35480918
2023-08-16 10:06:00,78.54,78.63,78.63,78.57,269.33147274
2023-08-16 10:05:00,78.61,78.63,78.62,78.61,15.92232099
2023-08-16 10:04:00,78.6,78.62,78.62,78.62,22.24234943
2023-08-16 10:03:00,78.58,78.62,78.62,78.62,17.39201496
2023-08-16 10:02:00,78.58,78.62,78.61,78.62,4.35092592
2023-08-16 10:01:00,78.58,78.6,78.6,78.6,21.00642862
2023-08-16 10:00:00,78.57,78.61,78.57,78.61,58.96347475
2023-08-16 09:59:00,78.56,78.57,78.56,78.57,41.07838784
2023-08-16 09:58:00,78.55,78.56,78.56,78.56,28.65142013
2023-08-16 09:57:00,78.5,78.55,78.51,78.55,28.17190792
2023-08-16 09:56:00,78.41,78.49,78.41,78.49,18.25067799
2023-08-16 09:55:00,78.38,78.44,78.38,78.41,384.9055624
2023-08-16 09:54:00,78.41,78.54,78.54,78.42,112.26738639
2023-08-16 09:53:00,78.52,78.57,78.52,78.53,26.49268019
2023-08-16 09:52:00,78.48,78.56,78.53,78.48,582.29628849
2023-08-16 09:51:00,78.49,78.55,78.51,78.55,5.32788003
2023-08-16 09:50:00,78.5,78.55,78.53,78.51,24.27357385
2023-08-16 19:16:00,77.2,77.24,77.2,77.22,211.66823649
