datetime,open,high,low,close,volume
2023-06-10 02:48:00,87.07,87.19,87.17,87.17,141.78615628
2023-06-10 12:48:00,77.1,77.21,77.21,77.14,114.56122472
2023-06-10 12:47:00,77.16,77.25,77.16,77.2,459.52141192
2023-06-10 12:46:00,77.03,77.18,77.04,77.16,170.97753006
2023-06-10 12:45:00,76.96,77.12,76.99,77.12,165.5992965
2023-06-10 12:44:00,76.97,77.03,77.03,76.99,146.95179761
2023-06-10 12:43:00,76.98,77.02,76.99,77.0,40.85250513
2023-06-10 12:42:00,76.93,77.04,76.96,76.96,277.42231128
2023-06-10 12:41:00,76.94,77.04,77.04,76.94,83.68601192
2023-06-10 12:40:00,76.95,77.07,76.98,77.04,199.69287383
2023-06-10 12:39:00,76.91,77.01,76.97,77.0,154.63034758
2023-06-10 12:38:00,76.89,77.0,76.95,76.94,190.91398181
2023-06-10 12:37:00,76.93,77.13,77.05,76.93,721.54769177
2023-06-10 12:36:00,77.05,77.19,77.15,77.06,296.09844859
2023-06-10 12:35:00,77.13,77.2,77.19,77.15,151.19658692
2023-06-10 12:34:00,77.19,77.3,77.29,77.2,423.06670425
2023-06-10 12:33:00,77.18,77.31,77.18,77.28,150.80249504
2023-06-10 12:32:00,77.08,77.19,77.12,77.17,801.95262978
2023-06-10 12:31:00,76.98,77.12,77.05,77.11,351.01682384
2023-06-10 12:30:00,77.03,77.11,77.11,77.04,318.92795739
2023-06-10 12:29:00,77.05,77.14,77.11,77.12,197.21606701
2023-06-10 12:28:00,77.05,77.11,77.09,77.11,465.26342211
2023-06-10 12:27:00,77.07,77.15,77.07,77.08,153.94733374
2023-06-10 12:26:00,77.07,77.18,77.17,77.09,159.22659845
2023-06-10 12:25:00,77.11,77.17,77.16,77.16,62.02062962
2023-06-10 12:24:00,77.11,77.18,77.11,77.17,47.20303135
2023-06-10 12:23:00,77.1,77.2,77.15,77.11,184.27945044
2023-06-10 12:22:00,77.09,77.18,77.13,77.12,624.63791692
2023-06-10 12:21:00,77.15,77.24,77.23,77.15,139.18491953
2023-06-10 12:20:00,77.18,77.26,77.23,77.19,97.41951052
2023-06-10 12:19:00,77.23,77.27,77.26,77.24,9.29477093
2023-06-10 12:18:00,77.23,77.29,77.23,77.26,217.28437268
2023-06-10 12:17:00,77.13,77.25,77.18,77.25,78.39831371
2023-06-10 12:16:00,77.13,77.32,77.32,77.17,206.28171596
2023-06-10 12:15:00,77.32,77.47,77.45,77.34,108.03258648
2023-06-10 12:14:00,77.43,77.48,77.45,77.45,164.64812611
2023-06-10 12:13:00,77.39,77.45,77.44,77.44,95.25193683
2023-06-10 12:12:00,77.36,77.48,77.39,77.43,397.11583603
2023-06-10 12:11:00,77.39,77.42,77.41,77.4,54.22418534
2023-06-10 12:10:00,77.4,77.48,77.47,77.42,125.12124466
2023-06-10 12:09:00,77.39,77.45,77.44,77.44,229.92763511
2023-06-10 12:08:00,77.39,77.5,77.41,77.44,317.98355005
2023-06-10 12:07:00,77.32,77.41,77.37,77.41,158.85509399
2023-06-10 12:06:00,77.34,77.45,77.43,77.34,127.09453204
2023-06-10 12:05:00,77.36,77.45,77.42,77.45,63.02211278
2023-06-10 12:04:00,77.34,77.48,77.35,77.43,127.95246439
2023-06-10 12:03:00,77.34,77.42,77.38,77.37,208.471023
2023-06-10 12:02:00,77.29,77.35,77.34,77.35,110.08107324
2023-06-10 12:01:00,77.33,77.45,77.4,77.35,512.50556908
2023-06-10 12:00:00,77.35,77.48,77.48,77.44,257.9392296
2023-06-10 11:59:00,77.48,77.51,77.49,77.5,110.1023225
2023-06-10 11:58:00,77.46,77.64,77.51,77.47,322.90460949
2023-06-10 11:57:00,77.46,77.55,77.49,77.52,49.9285575
2023-06-10 11:56:00,77.49,77.54,77.53,77.5,77.66892299
2023-06-10 11:55:00,77.51,77.66,77.66,77.53,160.86423242
2023-06-10 11:54:00,77.62,77.71,77.62,77.69,61.01840462
2023-06-10 11:53:00,77.49,77.7,77.49,77.64,458.60829397
2023-06-10 11:52:00,77.42,77.51,77.44,77.49,108.1080791
2023-06-10 11:51:00,77.25,77.46,77.31,77.46,144.41661739
2023-06-10 11:50:00,77.28,77.35,77.3,77.31,99.16293503
2023-06-10 11:49:00,77.25,77.37,77.34,77.28,26.31466289
2023-06-10 11:48:00,77.3,77.4,77.32,77.3,187.49454241
2023-06-10 11:47:00,77.22,77.36,77.36,77.31,122.308547
2023-06-10 11:46:00,77.24,77.37,77.28,77.37,158.53619854
2023-06-10 11:45:00,77.27,77.36,77.36,77.29,139.23330911
2023-06-10 11:44:00,77.32,77.41,77.35,77.35,105.73618979
2023-06-10 11:43:00,77.27,77.35,77.27,77.35,90.74455959
2023-06-10 11:42:00,77.27,77.42,77.34,77.27,148.25817285
2023-06-10 11:41:00,77.22,77.3,77.25,77.3,39.66627491
2023-06-10 11:40:00,77.21,77.31,77.22,77.31,45.79979273
2023-06-10 11:39:00,77.15,77.24,77.15,77.2,314.2347895
2023-06-10 11:38:00,77.15,77.2,77.18,77.18,48.03334931
2023-06-10 11:37:00,77.16,77.3,77.23,77.18,260.7994247
2023-06-10 11:36:00,77.09,77.26,77.11,77.26,198.99074179
2023-06-10 11:35:00,77.01,77.11,77.03,77.08,31.10476393
2023-06-10 11:34:00,76.98,77.06,77.02,76.98,37.57174024
2023-06-10 11:33:00,77.03,77.08,77.05,77.05,20.83041459
2023-06-10 11:32:00,76.97,77.1,76.97,77.04,359.98279703
2023-06-10 11:31:00,76.86,76.95,76.9,76.95,70.4183754
2023-06-10 11:30:00,76.9,77.04,77.04,76.9,173.79324518
2023-06-10 11:29:00,76.98,77.11,76.98,77.04,277.44998728
2023-06-10 11:28:00,76.95,77.0,77.0,76.95,19.83163988
2023-06-10 11:27:00,76.94,77.03,77.0,77.02,34.60122878
2023-06-10 11:26:00,76.89,77.03,77.03,76.96,278.46611041
2023-06-10 11:25:00,76.92,77.02,76.92,77.02,123.26932343
2023-06-10 11:24:00,76.94,76.96,76.95,76.94,2.62453514
2023-06-10 11:23:00,76.91,76.96,76.96,76.93,31.99856667
2023-06-10 11:22:00,76.91,76.97,76.91,76.97,40.48343805
2023-06-10 11:21:00,76.89,77.01,76.99,76.89,393.76120974
2023-06-10 11:20:00,77.01,77.16,77.11,77.01,848.24296001
2023-06-10 11:19:00,77.05,77.13,77.07,77.09,283.06576271
2023-06-10 11:18:00,76.98,77.08,77.07,77.08,1076.4891393
2023-06-10 11:17:00,77.04,77.08,77.08,77.04,112.94441408
2023-06-10 11:16:00,77.05,77.11,77.1,77.07,19.5013364
2023-06-10 11:15:00,77.04,77.13,77.1,77.09,468.09298292
2023-06-10 11:14:00,77.12,77.19,77.19,77.13,37.65368133
2023-06-10 11:13:00,77.14,77.23,77.18,77.17,203.96313898
2023-06-10 11:12:00,77.08,77.2,77.13,77.2,122.46379566
2023-06-10 11:11:00,77.1,77.15,77.15,77.13,112.20311735
2023-06-10 11:10:00,77.13,77.31,77.31,77.15,105.99722604
2023-06-10 11:09:00,77.11,77.33,77.11,77.31,107.71561864
2023-06-10 11:08:00,77.11,77.23,77.23,77.12,769.50370968
2023-06-10 11:07:00,77.14,77.22,77.22,77.19,232.46639184
2023-06-10 11:06:00,77.14,77.29,77.29,77.23,161.05549095
2023-06-10 11:05:00,77.16,77.3,77.16,77.3,510.94217468
2023-06-10 11:04:00,77.15,77.25,77.24,77.17,92.00362738
2023-06-10 11:03:00,77.18,77.26,77.26,77.21,90.14581314
2023-06-10 11:02:00,77.28,77.45,77.43,77.3,229.23127812
2023-06-10 11:01:00,77.4,77.48,77.46,77.48,55.45499624
2023-06-10 11:00:00,77.38,77.46,77.44,77.46,477.28602664
2023-06-10 10:59:00,77.37,77.49,77.39,77.48,247.18152723
2023-06-10 10:58:00,77.4,77.48,77.48,77.43,43.51170629
2023-06-10 10:57:00,77.39,77.47,77.4,77.47,68.31531552
2023-06-10 10:56:00,77.32,77.43,77.32,77.41,60.99698737
2023-06-10 10:55:00,77.28,77.41,77.4,77.28,144.87931868
2023-06-10 10:54:00,77.25,77.41,77.25,77.39,130.02550914
2023-06-10 10:53:00,77.13,77.25,77.13,77.25,229.2870273
2023-06-10 10:52:00,77.12,77.18,77.16,77.14,94.26599101
2023-06-10 10:51:00,77.14,77.17,77.14,77.16,41.52489789
2023-06-10 10:50:00,77.12,77.21,77.17,77.15,224.18846722
2023-06-10 10:49:00,77.13,77.23,77.23,77.18,66.77642552
2023-06-10 10:48:00,77.07,77.24,77.1,77.2,124.84897569
2023-06-10 10:47:00,77.09,77.14,77.11,77.11,302.00169277
2023-06-10 10:46:00,77.07,77.13,77.07,77.09,572.05718216
2023-06-10 10:45:00,77.07,77.14,77.13,77.08,79.96197818
2023-06-10 10:44:00,77.12,77.19,77.16,77.14,49.69105872
2023-06-10 10:43:00,77.15,77.21,77.19,77.2,29.13516221
2023-06-10 10:42:00,77.06,77.2,77.11,77.19,412.39804275
2023-06-10 10:41:00,77.07,77.15,77.13,77.15,97.56784864
2023-06-10 10:40:00,77.13,77.19,77.14,77.13,131.78370206
2023-06-10 10:39:00,77.1,77.22,77.11,77.16,296.54801687
2023-06-10 10:38:00,77.1,77.16,77.13,77.16,79.43800446
2023-06-10 10:37:00,76.97,77.13,76.98,77.12,236.07554035
2023-06-10 10:36:00,76.95,77.08,77.01,77.01,217.69274766
2023-06-10 10:35:00,77.01,77.08,77.08,77.01,52.66518421
2023-06-10 10:34:00,77.01,77.09,77.04,77.08,323.26864192
2023-06-10 10:33:00,76.95,77.04,76.97,77.04,44.71863349
2023-06-10 10:32:00,76.96,77.03,77.02,76.98,114.35806173
2023-06-10 10:31:00,76.98,77.06,77.0,77.06,45.00550853
2023-06-10 10:30:00,76.9,77.06,77.03,77.01,344.90738708
2023-06-10 10:29:00,76.97,77.02,77.01,77.02,67.35353428
2023-06-10 10:28:00,76.77,77.02,76.77,77.02,410.64838473
2023-06-10 10:27:00,76.74,76.83,76.81,76.8,44.93339867
2023-06-10 10:26:00,76.76,76.91,76.85,76.79,294.58688152
2023-06-10 10:25:00,76.69,76.9,76.71,76.88,184.18815633
2023-06-10 10:24:00,76.67,76.78,76.67,76.73,1004.92566464
2023-06-10 10:23:00,76.63,76.93,76.93,76.65,510.84424484
2023-06-10 10:22:00,76.9,77.03,77.03,76.9,265.14058976
2023-06-10 10:21:00,76.9,77.06,76.91,77.04,478.64906832
2023-06-10 10:20:00,76.88,77.01,76.95,76.89,262.12025955
2023-06-10 10:19:00,76.9,76.97,76.95,76.96,263.93247642
2023-06-10 10:18:00,76.92,77.01,76.97,76.95,98.99751419
2023-06-10 10:17:00,76.87,76.98,76.87,76.97,93.98462092
2023-06-10 10:16:00,76.68,76.83,76.68,76.83,379.60224368
2023-06-10 10:15:00,76.6,76.73,76.64,76.69,131.25189419
2023-06-10 10:14:00,76.59,76.64,76.6,76.64,115.06480957
2023-06-10 10:13:00,76.58,76.64,76.63,76.6,497.96603451
2023-06-10 10:12:00,76.62,76.73,76.66,76.66,288.24717947
2023-06-10 10:11:00,76.61,76.9,76.79,76.61,600.67359677
2023-06-10 10:10:00,76.73,76.86,76.77,76.81,149.34318088
2023-06-10 10:09:00,76.63,76.78,76.65,76.78,238.55295978
2023-06-10 10:08:00,76.62,76.69,76.65,76.65,37.50790797
2023-06-10 10:07:00,76.58,76.71,76.71,76.65,201.11480315
2023-06-10 10:06:00,76.58,76.73,76.6,76.73,253.17965191
2023-06-10 10:05:00,76.59,76.71,76.71,76.59,164.58486055
2023-06-10 10:04:00,76.71,76.87,76.76,76.71,336.46453058
2023-06-10 10:03:00,76.71,76.88,76.78,76.78,689.13509213
2023-06-10 10:02:00,76.67,76.8,76.67,76.8,68.80847143
2023-06-10 10:01:00,76.53,76.67,76.66,76.67,209.95517193
2023-06-10 10:00:00,76.49,76.72,76.49,76.66,399.04604776
2023-06-10 09:59:00,76.32,76.5,76.36,76.46,720.58977865
2023-06-10 09:58:00,76.25,76.33,76.33,76.31,339.90201627
2023-06-10 09:57:00,76.31,76.42,76.39,76.33,300.62334549
2023-06-10 09:56:00,76.39,76.57,76.52,76.42,372.28059845
2023-06-10 09:55:00,76.36,76.6,76.36,76.52,949.95255786
2023-06-10 09:54:00,76.32,76.4,76.35,76.39,143.68605946
2023-06-10 09:53:00,76.34,76.49,76.49,76.34,142.15465928
2023-06-10 09:52:00,76.43,76.52,76.49,76.49,314.42991474
2023-06-10 09:51:00,76.48,76.56,76.56,76.52,206.03049063
2023-06-10 09:50:00,76.5,76.62,76.59,76.54,831.57550632
2023-06-10 09:49:00,76.57,76.64,76.6,76.63,154.67251923
2023-06-10 09:48:00,76.54,76.65,76.55,76.6,1112.4538851
2023-06-10 09:47:00,76.55,76.61,76.55,76.58,116.03521229
2023-06-10 09:46:00,76.43,76.57,76.43,76.55,301.79803675
2023-06-10 09:45:00,76.3,76.46,76.38,76.45,92.37006983
2023-06-10 09:44:00,76.27,76.41,76.3,76.4,44.36545142
2023-06-10 09:43:00,76.29,76.39,76.38,76.3,220.45357689
2023-06-10 09:42:00,76.37,76.44,76.39,76.4,228.51628738
2023-06-10 09:41:00,76.34,76.4,76.37,76.37,124.41992819
2023-06-10 09:40:00,76.29,76.38,76.29,76.35,175.28197086
2023-06-10 09:39:00,76.24,76.29,76.25,76.25,82.20471951
2023-06-10 09:38:00,76.17,76.31,76.17,76.27,266.75492416
2023-06-10 09:37:00,76.16,76.34,76.25,76.16,158.17590117
2023-06-10 09:36:00,76.25,76.35,76.34,76.25,285.49186177
2023-06-10 09:35:00,76.31,76.4,76.34,76.34,222.13076703
2023-06-10 09:34:00,76.25,76.34,76.29,76.34,89.22690279
2023-06-10 09:33:00,76.27,76.39,76.34,76.27,265.83648815
2023-06-10 09:32:00,76.16,76.33,76.18,76.32,163.30671138
2023-06-10 09:31:00,76.14,76.17,76.16,76.17,33.06655255
2023-06-10 09:30:00,75.99,76.13,76.05,76.13,122.07668861
2023-06-10 09:29:00,76.03,76.1,76.03,76.08,43.34891273
2023-06-10 09:28:00,75.97,76.08,76.08,75.97,59.56868669
2023-06-10 09:27:00,76.07,76.1,76.09,76.08,173.89901943
2023-06-10 09:26:00,76.04,76.16,76.16,76.04,149.28775711
2023-06-10 09:25:00,76.06,76.21,76.12,76.17,135.76830357
2023-06-10 09:24:00,76.01,76.11,76.02,76.11,137.64952838
2023-06-10 09:23:00,76.0,76.11,76.08,76.01,663.05474833
2023-06-10 09:22:00,75.98,76.06,76.05,76.04,252.43245467
2023-06-10 09:21:00,76.0,76.12,76.07,76.06,170.55615806
2023-06-10 09:20:00,76.02,76.12,76.04,76.07,183.32972827
2023-06-10 09:19:00,75.97,76.11,76.02,76.04,745.68939745
2023-06-10 09:18:00,75.89,76.12,76.11,76.05,1137.30179892
2023-06-10 09:17:00,76.11,76.3,76.25,76.13,398.09189477
2023-06-10 09:16:00,76.25,76.32,76.29,76.27,393.48987976
2023-06-10 09:15:00,76.25,76.53,76.53,76.32,426.21667942
2023-06-10 09:14:00,76.38,76.48,76.47,76.48,397.25435157
2023-06-10 09:13:00,76.44,76.51,76.48,76.49,101.35025026
2023-06-10 09:12:00,76.43,76.52,76.44,76.5,129.68662931
2023-06-10 09:11:00,76.42,76.52,76.46,76.45,182.95216173
2023-06-10 09:10:00,76.41,76.51,76.45,76.49,241.44338855
2023-06-10 09:09:00,76.46,76.6,76.53,76.46,662.85957608
2023-06-10 09:08:00,76.44,76.51,76.44,76.51,587.05089899
2023-06-10 09:07:00,76.43,76.57,76.57,76.43,423.73128479
2023-06-10 09:06:00,76.51,76.67,76.67,76.56,263.19682056
2023-06-10 09:05:00,76.58,76.68,76.58,76.66,47.02551889
2023-06-10 09:04:00,76.56,76.61,76.59,76.6,57.02042708
2023-06-10 09:03:00,76.6,76.68,76.64,76.61,174.25276657
2023-06-10 09:02:00,76.63,76.76,76.75,76.63,155.15353453
2023-06-10 09:01:00,76.78,76.85,76.83,76.78,89.85128393
2023-06-10 09:00:00,76.79,76.89,76.88,76.79,246.12147746
2023-06-10 08:59:00,76.86,76.94,76.9,76.9,39.72237421
2023-06-10 08:58:00,76.88,76.92,76.92,76.91,20.03614313
2023-06-10 08:57:00,76.88,76.94,76.9,76.92,355.25847808
2023-06-10 08:56:00,76.87,76.93,76.92,76.87,127.73236952
2023-06-10 08:55:00,76.84,76.95,76.95,76.93,115.88545987
2023-06-10 08:54:00,76.77,76.93,76.79,76.93,293.02917835
2023-06-10 08:53:00,76.68,76.77,76.71,76.75,69.29120309
2023-06-10 08:52:00,76.67,76.76,76.73,76.76,66.65496017
2023-06-10 08:51:00,76.61,76.71,76.61,76.7,191.58483044
2023-06-10 08:50:00,76.49,76.65,76.58,76.65,196.54132287
2023-06-10 08:49:00,76.47,76.6,76.53,76.57,52.39915248
2023-06-10 08:48:00,76.42,76.55,76.46,76.55,330.05714371
2023-06-10 08:47:00,76.35,76.5,76.45,76.5,245.76846054
2023-06-10 08:46:00,76.44,76.56,76.48,76.56,306.44259799
2023-06-10 08:45:00,76.46,76.84,76.81,76.47,245.42927142
2023-06-10 08:44:00,76.71,76.82,76.82,76.75,138.08272252
2023-06-10 08:43:00,76.65,76.85,76.71,76.83,192.88555229
2023-06-10 08:42:00,76.64,76.79,76.76,76.69,496.87817692
2023-06-10 08:41:00,76.6,76.78,76.63,76.76,118.44202909
2023-06-10 08:40:00,76.64,76.81,76.81,76.65,164.87053481
2023-06-10 08:39:00,76.69,76.8,76.79,76.77,162.68188652
2023-06-10 08:38:00,76.62,76.79,76.65,76.77,230.62538184
2023-06-10 08:37:00,76.55,76.66,76.56,76.66,182.38397222
2023-06-10 08:36:00,76.51,76.66,76.64,76.55,274.54024256
2023-06-10 08:35:00,76.48,76.69,76.48,76.69,151.54617783
2023-06-10 08:34:00,76.44,76.58,76.58,76.49,230.53430146
2023-06-10 08:33:00,76.54,76.63,76.54,76.62,236.01202546
2023-06-10 08:32:00,76.53,76.65,76.56,76.54,155.25074583
2023-06-10 08:31:00,76.56,76.72,76.72,76.58,87.19780079
2023-06-10 08:30:00,76.72,76.97,76.97,76.72,419.04487415
2023-06-10 08:29:00,76.89,77.01,77.01,76.99,126.41293603
2023-06-10 08:28:00,76.8,77.0,76.82,76.98,549.5348828
2023-06-10 08:27:00,76.73,76.85,76.8,76.84,148.40958542
2023-06-10 08:26:00,76.65,76.81,76.65,76.81,143.20545663
2023-06-10 08:25:00,76.51,76.65,76.51,76.65,99.42475018
2023-06-10 08:24:00,76.47,76.57,76.57,76.47,311.69254448
2023-06-10 08:23:00,76.45,76.62,76.51,76.62,203.95730496
2023-06-10 08:22:00,76.3,76.5,76.31,76.5,323.62937977
2023-06-10 08:21:00,76.28,76.61,76.55,76.32,664.95180792
2023-06-10 08:20:00,76.57,76.78,76.78,76.57,276.35173885
2023-06-10 08:19:00,76.71,76.84,76.84,76.75,439.70221866
2023-06-10 08:18:00,76.83,76.96,76.93,76.84,176.62079415
2023-06-10 08:17:00,76.85,77.02,76.97,76.89,111.28110463
2023-06-10 08:16:00,76.96,77.15,77.15,76.96,29.62599536
2023-06-10 08:15:00,77.06,77.16,77.12,77.16,82.17846306
2023-06-10 08:14:00,77.01,77.19,77.02,77.18,178.25509475
2023-06-10 08:13:00,76.82,77.0,76.82,77.0,135.13109861
2023-06-10 08:12:00,76.77,76.9,76.77,76.85,78.90118071
2023-06-10 08:11:00,76.75,76.97,76.76,76.79,91.26712653
2023-06-10 08:10:00,76.78,76.98,76.91,76.82,157.25091776
2023-06-10 08:09:00,76.85,76.97,76.97,76.9,57.95993991
2023-06-10 08:08:00,76.83,77.01,77.01,76.93,20.85216629
2023-06-10 08:07:00,76.79,77.02,76.85,77.02,116.65841696
2023-06-10 08:06:00,76.84,76.94,76.88,76.85,69.24737716
2023-06-10 08:05:00,76.71,76.94,76.94,76.86,244.81734332
2023-06-10 08:04:00,76.82,77.06,76.83,76.93,542.725709
2023-06-10 08:03:00,76.47,76.81,76.79,76.81,872.1108056
2023-06-10 08:02:00,76.64,76.98,76.98,76.83,1279.91536138
2023-06-10 08:01:00,77.0,77.18,77.12,77.01,195.08192933
2023-06-10 08:00:00,77.02,77.22,77.18,77.13,306.55490853
2023-06-10 07:59:00,77.11,77.2,77.16,77.17,72.37956667
2023-06-10 07:58:00,77.12,77.24,77.24,77.15,129.74777536
2023-06-10 07:57:00,77.21,77.32,77.22,77.24,150.61832551
2023-06-10 07:56:00,77.17,77.25,77.2,77.21,1397.83781763
2023-06-10 07:55:00,77.15,77.31,77.3,77.18,199.55841179
2023-06-10 07:54:00,77.21,77.32,77.32,77.24,197.82907948
2023-06-10 07:53:00,77.3,77.46,77.46,77.33,341.02818352
2023-06-10 07:52:00,77.38,77.56,77.5,77.44,570.28505271
2023-06-10 07:51:00,77.08,77.45,77.17,77.45,762.15842471
2023-06-10 07:50:00,77.06,77.16,77.08,77.15,105.03252658
2023-06-10 07:49:00,77.05,77.12,77.12,77.09,86.85301865
2023-06-10 07:48:00,77.08,77.21,77.14,77.15,318.36350329
2023-06-10 17:48:00,77.66,78.16,77.66,77.93,2347.36821245
2023-06-10 17:47:00,77.67,78.25,78.25,77.71,1745.65642923
2023-06-10 17:46:00,78.08,78.76,78.18,78.26,3108.91436544
2023-06-10 17:45:00,78.15,78.78,78.6,78.18,1716.52099231
2023-06-10 17:44:00,78.36,78.73,78.59,78.59,762.19362627
2023-06-10 17:43:00,78.2,78.76,78.26,78.66,1854.5589647
2023-06-10 17:42:00,77.88,78.3,77.98,78.24,686.7412344
2023-06-10 17:41:00,77.76,78.05,77.78,78.04,1050.44790376
2023-06-10 17:40:00,77.6,77.81,77.6,77.78,606.6754474
2023-06-10 17:39:00,77.52,77.74,77.55,77.57,865.27188687
2023-06-10 17:38:00,77.28,77.6,77.31,77.55,403.55244969
2023-06-10 17:37:00,77.22,77.44,77.43,77.35,370.04197128
2023-06-10 17:36:00,77.38,77.58,77.48,77.42,250.36386035
2023-06-10 17:35:00,77.36,77.66,77.58,77.52,6013.84140106
2023-06-10 17:34:00,77.26,77.57,77.34,77.57,255.72414016
2023-06-10 17:33:00,77.25,77.51,77.32,77.36,318.73043945
2023-06-10 17:32:00,77.33,77.6,77.39,77.36,800.26222964
2023-06-10 17:31:00,77.11,77.44,77.12,77.41,178.04629717
2023-06-10 17:30:00,77.07,77.27,77.07,77.13,94.31058269
2023-06-10 17:29:00,76.97,77.12,77.05,77.07,190.23350134
2023-06-10 17:28:00,77.0,77.18,77.1,77.08,173.57600209
2023-06-10 17:27:00,76.91,77.19,76.94,77.08,416.58324719
2023-06-10 17:26:00,76.82,77.04,77.03,76.95,346.5549273
2023-06-10 17:25:00,77.05,77.25,77.25,77.05,220.77250455
2023-06-10 17:24:00,77.0,77.31,77.09,77.22,542.50352499
2023-06-10 17:23:00,76.73,77.41,76.74,77.12,1591.27093343
2023-06-10 17:22:00,76.53,76.75,76.61,76.74,568.15947156
2023-06-10 17:21:00,76.49,76.72,76.64,76.66,441.13518313
2023-06-10 17:20:00,76.41,76.7,76.46,76.61,426.90609605
2023-06-10 17:19:00,76.29,76.46,76.39,76.46,410.92737088
2023-06-10 17:18:00,76.09,76.51,76.1,76.36,300.6726477
2023-06-10 17:17:00,75.65,76.18,75.65,76.1,373.39329572
2023-06-10 17:16:00,75.5,75.7,75.68,75.67,467.93055865
2023-06-10 17:15:00,75.69,75.88,75.83,75.69,176.69155891
2023-06-10 17:14:00,75.78,75.9,75.79,75.84,153.30605529
2023-06-10 17:13:00,75.75,75.92,75.82,75.75,254.51179905
2023-06-10 17:12:00,75.76,76.11,76.1,75.82,449.40099378
2023-06-10 17:11:00,76.11,76.37,76.24,76.14,313.78937329
2023-06-10 17:10:00,76.02,76.48,76.02,76.26,580.1625838
2023-06-10 17:09:00,76.02,76.32,76.3,76.02,931.93902029
2023-06-10 17:08:00,76.0,76.44,76.05,76.23,1645.09223118
2023-06-10 17:07:00,75.51,76.1,75.51,76.08,616.59404648
2023-06-10 17:06:00,75.13,75.51,75.18,75.51,432.00815906
2023-06-10 17:05:00,74.98,75.21,75.0,75.18,196.56383227
2023-06-10 17:04:00,74.84,75.06,74.87,75.03,757.97832035
2023-06-10 17:03:00,74.11,75.36,75.36,74.84,6617.08632978
2023-06-10 17:02:00,75.33,75.4,75.36,75.37,453.30256396
2023-06-10 17:01:00,75.31,75.48,75.37,75.37,267.37010739
2023-06-10 17:00:00,75.22,75.37,75.27,75.37,107.92691542
2023-06-10 16:59:00,75.22,75.38,75.38,75.28,285.81286716
2023-06-10 16:58:00,75.35,75.44,75.39,75.37,42.31394661
2023-06-10 16:57:00,75.34,75.46,75.41,75.4,173.35846563
2023-06-10 16:56:00,75.39,75.52,75.47,75.4,124.27083545
2023-06-10 16:55:00,75.4,75.6,75.52,75.46,973.35585978
2023-06-10 16:54:00,75.5,75.56,75.56,75.53,991.40719525
2023-06-10 16:53:00,75.51,75.65,75.52,75.55,79.55944627
2023-06-10 16:52:00,75.47,75.64,75.64,75.52,473.78952098
2023-06-10 16:51:00,75.48,75.68,75.5,75.67,523.76379738
2023-06-10 16:50:00,75.48,75.58,75.5,75.51,119.53051875
2023-06-10 16:49:00,75.51,75.63,75.57,75.51,971.74913464
2023-06-10 16:48:00,75.47,75.61,75.54,75.61,112.46730019
2023-06-10 16:47:00,75.41,75.58,75.55,75.5,579.10597294
2023-06-10 16:46:00,75.52,75.65,75.65,75.52,188.94148469
2023-06-10 16:45:00,75.62,75.72,75.69,75.65,246.97005965
2023-06-10 16:44:00,75.63,75.77,75.63,75.69,152.71333444
2023-06-10 16:43:00,75.62,75.75,75.71,75.64,181.5992541
2023-06-10 16:42:00,75.66,75.76,75.74,75.71,477.20261158
2023-06-10 16:41:00,75.67,75.75,75.72,75.75,436.83737942
2023-06-10 16:40:00,75.58,75.73,75.59,75.73,229.23903377
2023-06-10 16:39:00,75.52,75.69,75.57,75.61,339.88113416
2023-06-10 16:38:00,75.46,75.57,75.56,75.57,117.27115986
2023-06-10 16:37:00,75.5,75.59,75.5,75.57,377.1202834
2023-06-10 16:36:00,75.43,75.53,75.45,75.5,81.1246561
2023-06-10 16:35:00,75.37,75.63,75.38,75.52,105.32774461
2023-06-10 16:34:00,75.39,75.57,75.57,75.41,130.0247371
2023-06-10 16:33:00,75.2,75.61,75.24,75.57,508.88356379
2023-06-10 16:32:00,75.11,75.2,75.17,75.2,138.88691348
2023-06-10 16:31:00,75.12,75.31,75.31,75.15,400.88719278
2023-06-10 16:30:00,75.32,75.49,75.42,75.33,406.53406188
2023-06-10 16:29:00,75.27,75.45,75.27,75.42,181.87637875
2023-06-10 16:28:00,75.2,75.38,75.38,75.27,175.33075855
2023-06-10 16:27:00,75.25,75.38,75.37,75.38,204.15788051
2023-06-10 16:26:00,75.35,75.49,75.48,75.36,81.04672894
2023-06-10 16:25:00,75.47,75.53,75.51,75.47,91.34181523
2023-06-10 16:24:00,75.51,75.63,75.55,75.53,1196.56103445
2023-06-10 16:23:00,75.56,75.69,75.63,75.56,528.0577169
2023-06-10 16:22:00,75.48,75.64,75.49,75.61,318.25655796
2023-06-10 16:21:00,75.47,75.59,75.49,75.51,199.06450234
2023-06-10 16:20:00,75.45,75.58,75.5,75.51,262.37554305
2023-06-10 16:19:00,75.46,75.59,75.55,75.51,324.7537125
2023-06-10 16:18:00,75.3,75.6,75.34,75.55,245.67613245
2023-06-10 16:17:00,75.31,75.5,75.49,75.32,380.74483098
2023-06-10 16:16:00,75.3,75.5,75.3,75.48,373.59991845
2023-06-10 16:15:00,75.12,75.4,75.24,75.31,748.52897425
2023-06-10 16:14:00,75.16,75.39,75.39,75.27,506.72414649
2023-06-10 16:13:00,75.38,75.57,75.39,75.39,616.89472584
2023-06-10 16:12:00,75.3,75.49,75.47,75.37,501.74882959
2023-06-10 16:11:00,75.43,75.65,75.65,75.43,290.05731076
2023-06-10 16:10:00,75.65,75.83,75.76,75.66,467.50736862
2023-06-10 16:09:00,75.68,75.76,75.68,75.75,198.76547737
2023-06-10 16:08:00,75.67,75.89,75.84,75.67,320.3166102
2023-06-10 16:07:00,75.68,75.83,75.83,75.8,405.9491154
2023-06-10 16:06:00,75.82,75.99,75.98,75.84,145.93397971
2023-06-10 16:05:00,75.65,76.02,75.69,76.02,497.45377266
2023-06-10 16:04:00,75.52,75.71,75.57,75.7,394.43822833
2023-06-10 16:03:00,75.47,75.77,75.76,75.49,1462.22124063
2023-06-10 16:02:00,75.76,75.86,75.77,75.76,594.50085838
2023-06-10 16:01:00,75.77,76.04,76.04,75.78,812.52568908
2023-06-10 16:00:00,75.88,76.06,76.05,76.06,357.09352588
2023-06-10 15:59:00,75.9,76.07,75.93,76.07,71.27616983
2023-06-10 15:58:00,75.85,75.97,75.94,75.91,118.31905166
2023-06-10 15:57:00,75.91,76.0,76.0,75.95,66.54284353
2023-06-10 15:56:00,75.96,76.11,75.96,76.01,197.81724746
2023-06-10 15:55:00,75.94,76.03,76.0,75.96,119.46132729
2023-06-10 15:54:00,75.99,76.09,76.09,76.0,97.18762117
2023-06-10 15:53:00,75.93,76.15,76.1,76.11,432.05436763
2023-06-10 15:52:00,76.0,76.11,76.08,76.1,148.50064115
2023-06-10 15:51:00,75.84,76.25,76.25,76.07,409.02220441
2023-06-10 15:50:00,76.23,76.4,76.4,76.23,123.31348343
2023-06-10 15:49:00,76.29,76.43,76.34,76.41,69.44244679
2023-06-10 15:48:00,76.22,76.36,76.3,76.35,157.30348074
2023-06-10 15:47:00,76.21,76.36,76.35,76.25,140.61381548
2023-06-10 15:46:00,76.3,76.48,76.47,76.34,485.3446669
2023-06-10 15:45:00,76.36,76.48,76.37,76.48,235.43071597
2023-06-10 15:44:00,76.3,76.37,76.36,76.35,95.62748391
2023-06-10 15:43:00,76.27,76.39,76.34,76.39,105.213288
2023-06-10 15:42:00,76.33,76.38,76.36,76.35,168.89033744
2023-06-10 15:41:00,76.31,76.4,76.39,76.36,102.11182622
2023-06-10 15:40:00,76.33,76.42,76.34,76.42,113.55779122
2023-06-10 15:39:00,76.23,76.33,76.23,76.33,56.98358079
2023-06-10 15:38:00,76.23,76.31,76.3,76.24,118.83400226
2023-06-10 15:37:00,76.2,76.33,76.31,76.3,320.52971162
2023-06-10 15:36:00,76.27,76.38,76.37,76.32,225.7021949
2023-06-10 15:35:00,76.24,76.39,76.36,76.35,949.83296006
2023-06-10 15:34:00,76.32,76.4,76.4,76.35,46.57155676
2023-06-10 15:33:00,76.37,76.47,76.43,76.39,103.11499234
2023-06-10 15:32:00,76.38,76.48,76.48,76.43,237.0328487
2023-06-10 15:31:00,76.49,76.63,76.58,76.5,201.33645747
2023-06-10 15:30:00,76.58,76.7,76.69,76.59,262.60225279
2023-06-10 15:29:00,76.56,76.71,76.56,76.68,80.59993267
2023-06-10 15:28:00,76.54,76.62,76.56,76.56,52.58142124
2023-06-10 15:27:00,76.51,76.63,76.52,76.59,202.49025
2023-06-10 15:26:00,76.45,76.55,76.51,76.53,380.48191243
2023-06-10 15:25:00,76.47,76.57,76.53,76.51,186.57048862
2023-06-10 15:24:00,76.41,76.56,76.46,76.54,171.5088271
2023-06-10 15:23:00,76.44,76.74,76.71,76.49,178.08857709
2023-06-10 15:22:00,76.62,76.72,76.65,76.71,84.71753339
2023-06-10 15:21:00,76.63,76.69,76.67,76.64,127.56235312
2023-06-10 15:20:00,76.63,76.74,76.74,76.69,81.22564334
2023-06-10 15:19:00,76.72,76.79,76.76,76.74,121.63353929
2023-06-10 15:18:00,76.74,76.8,76.76,76.74,51.37791403
2023-06-10 15:17:00,76.74,76.85,76.82,76.78,173.16612573
2023-06-10 15:16:00,76.77,76.89,76.77,76.83,161.51522713
2023-06-10 15:15:00,76.69,76.83,76.81,76.74,156.41807036
2023-06-10 15:14:00,76.73,76.85,76.85,76.78,109.91424777
2023-06-10 15:13:00,76.74,76.87,76.75,76.87,105.44531932
2023-06-10 15:12:00,76.71,76.82,76.82,76.73,219.95045047
2023-06-10 15:11:00,76.82,77.02,76.92,76.84,389.87434928
2023-06-10 15:10:00,76.92,77.03,77.03,76.93,226.01249773
2023-06-10 15:09:00,76.83,77.05,76.83,77.03,222.4700997
2023-06-10 15:08:00,76.73,76.84,76.76,76.78,308.1001679
2023-06-10 15:07:00,76.66,76.76,76.7,76.74,850.34305992
2023-06-10 15:06:00,76.62,76.7,76.65,76.67,158.48220944
2023-06-10 15:05:00,76.6,76.74,76.71,76.62,322.10919288
2023-06-10 15:04:00,76.66,76.72,76.72,76.67,94.99224184
2023-06-10 15:03:00,76.67,76.82,76.81,76.68,200.9022094
2023-06-10 15:02:00,76.78,76.84,76.84,76.79,126.02344352
2023-06-10 15:01:00,76.81,76.88,76.81,76.83,87.81927472
2023-06-10 15:00:00,76.79,76.92,76.89,76.81,501.49950459
2023-06-10 14:59:00,76.89,77.01,76.94,76.9,181.4636479
2023-06-10 14:58:00,76.8,76.94,76.82,76.94,63.46911009
2023-06-10 14:57:00,76.77,76.83,76.83,76.83,179.69520861
2023-06-10 14:56:00,76.78,76.85,76.79,76.83,108.4927985
2023-06-10 14:55:00,76.62,76.79,76.67,76.77,110.74399255
2023-06-10 14:54:00,76.62,76.69,76.63,76.68,24.83815504
2023-06-10 14:53:00,76.57,76.69,76.66,76.59,73.53160324
2023-06-10 14:52:00,76.62,76.69,76.63,76.65,88.2312828
2023-06-10 14:51:00,76.58,76.65,76.59,76.65,131.59529044
2023-06-10 14:50:00,76.46,76.62,76.6,76.59,455.56946196
2023-06-10 14:49:00,76.54,76.72,76.68,76.61,98.28455139
2023-06-10 14:48:00,76.55,76.66,76.55,76.66,224.45234663
2023-06-10 14:47:00,76.45,76.53,76.5,76.53,336.06864717
2023-06-10 14:46:00,76.39,76.53,76.51,76.48,140.50181691
2023-06-10 14:45:00,76.47,76.64,76.64,76.49,266.64230044
2023-06-10 14:44:00,76.56,76.65,76.63,76.65,109.8892587
2023-06-10 14:43:00,76.58,76.66,76.6,76.65,91.66250905
2023-06-10 14:42:00,76.56,76.69,76.65,76.59,266.15724551
2023-06-10 14:41:00,76.6,76.7,76.66,76.63,725.87182775
2023-06-10 14:40:00,76.63,76.74,76.68,76.67,43.06629819
2023-06-10 14:39:00,76.69,76.77,76.74,76.7,133.90933688
2023-06-10 14:38:00,76.69,76.78,76.74,76.74,117.46952
2023-06-10 14:37:00,76.69,76.76,76.7,76.76,87.43723151
2023-06-10 14:36:00,76.69,76.82,76.81,76.71,267.7415131
2023-06-10 14:35:00,76.63,76.82,76.63,76.81,229.32230423
2023-06-10 14:34:00,76.6,76.71,76.64,76.64,420.7047653
2023-06-10 14:33:00,76.61,76.7,76.67,76.64,99.55132801
2023-06-10 14:32:00,76.67,76.79,76.68,76.75,97.62681893
2023-06-10 14:31:00,76.65,76.77,76.7,76.68,200.51237892
2023-06-10 14:30:00,76.67,76.77,76.73,76.67,151.86596806
2023-06-10 14:29:00,76.71,76.9,76.9,76.73,85.38447796
2023-06-10 14:28:00,76.72,76.91,76.73,76.91,87.59864915
2023-06-10 14:27:00,76.72,76.83,76.8,76.75,75.50164574
2023-06-10 14:26:00,76.7,76.77,76.7,76.73,263.42101662
2023-06-10 14:25:00,76.68,76.78,76.77,76.69,112.51834611
2023-06-10 14:24:00,76.65,76.76,76.75,76.76,159.46230627
2023-06-10 14:23:00,76.69,76.76,76.71,76.74,37.92424105
2023-06-10 14:22:00,76.78,76.96,76.96,76.81,160.87236319
2023-06-10 14:21:00,76.86,76.94,76.92,76.94,58.30676248
2023-06-10 14:20:00,76.91,76.99,76.95,76.96,140.30649992
2023-06-10 14:19:00,76.85,76.96,76.93,76.95,94.73284292
2023-06-10 14:18:00,76.91,77.03,76.98,76.93,47.24128642
2023-06-10 14:17:00,76.95,77.06,77.03,77.0,175.75096861
2023-06-10 14:16:00,76.75,77.03,76.76,77.03,158.68262336
2023-06-10 14:15:00,76.68,76.79,76.69,76.74,69.93077743
2023-06-10 14:14:00,76.63,76.75,76.69,76.67,219.42721263
2023-06-10 14:13:00,76.62,76.69,76.64,76.64,138.72935049
2023-06-10 14:12:00,76.62,76.84,76.77,76.64,219.62916189
2023-06-10 14:11:00,76.67,76.75,76.67,76.75,69.34532792
2023-06-10 14:10:00,76.64,76.73,76.73,76.68,70.89426676
2023-06-10 14:09:00,76.66,76.77,76.77,76.74,345.6888105
2023-06-10 14:08:00,76.74,76.88,76.88,76.79,164.90855898
2023-06-10 14:07:00,76.88,76.95,76.92,76.88,77.29785345
2023-06-10 14:06:00,76.94,77.02,77.01,76.94,65.59676603
2023-06-10 14:05:00,77.03,77.23,77.17,77.03,59.89944055
2023-06-10 14:04:00,77.06,77.21,77.19,77.15,165.85289013
2023-06-10 14:03:00,76.94,77.23,76.94,77.2,307.21446586
2023-06-10 14:02:00,76.85,76.94,76.88,76.93,104.39525173
2023-06-10 14:01:00,76.72,76.87,76.76,76.86,451.61068456
2023-06-10 14:00:00,76.77,76.94,76.93,76.77,1029.01906568
2023-06-10 13:59:00,76.92,77.01,77.01,76.93,63.59965113
2023-06-10 13:58:00,76.91,77.03,76.96,77.01,923.65478666
2023-06-10 13:57:00,76.92,77.02,77.0,76.94,160.93332497
2023-06-10 13:56:00,77.0,77.07,77.04,77.0,83.14319852
2023-06-10 13:55:00,76.94,77.07,76.95,77.06,295.81147276
2023-06-10 13:54:00,76.94,76.98,76.94,76.95,127.13262729
2023-06-10 13:53:00,76.91,76.95,76.91,76.95,81.63097933
2023-06-10 13:52:00,76.89,76.99,76.99,76.93,175.99225246
2023-06-10 13:51:00,76.9,76.99,76.97,76.94,271.03594072
2023-06-10 13:50:00,76.96,77.1,77.08,76.99,91.90038047
2023-06-10 13:49:00,77.0,77.09,77.06,77.06,109.68883642
2023-06-10 13:48:00,77.0,77.12,77.11,77.04,141.53572497
2023-06-10 13:47:00,77.0,77.12,77.04,77.12,116.15163495
2023-06-10 13:46:00,76.99,77.07,77.05,77.01,398.15843147
2023-06-10 13:45:00,77.04,77.16,77.16,77.05,98.96994328
2023-06-10 13:44:00,77.06,77.17,77.06,77.17,109.74705408
2023-06-10 13:43:00,77.02,77.12,77.04,77.09,52.7452289
2023-06-10 13:42:00,76.99,77.06,77.05,77.03,194.30826854
2023-06-10 13:41:00,77.05,77.19,77.12,77.06,398.67149521
2023-06-10 13:40:00,77.09,77.18,77.11,77.11,167.56446947
2023-06-10 13:39:00,77.06,77.14,77.1,77.09,267.72583556
2023-06-10 13:38:00,77.06,77.13,77.13,77.1,236.43418928
2023-06-10 13:37:00,77.12,77.21,77.16,77.16,52.14162381
2023-06-10 13:36:00,77.16,77.25,77.24,77.23,85.31805742
2023-06-10 13:35:00,77.15,77.29,77.29,77.23,95.22089418
2023-06-10 13:34:00,77.13,77.3,77.13,77.3,216.39630955
2023-06-10 13:33:00,77.08,77.23,77.23,77.13,249.74070208
2023-06-10 13:32:00,77.15,77.29,77.15,77.23,61.96530027
2023-06-10 13:31:00,77.08,77.16,77.12,77.16,171.38091815
2023-06-10 13:30:00,77.05,77.23,77.23,77.11,254.25870414
2023-06-10 13:29:00,77.18,77.29,77.2,77.24,94.25774239
2023-06-10 13:28:00,77.1,77.2,77.11,77.18,219.346325
2023-06-10 13:27:00,77.07,77.18,77.09,77.09,170.16788445
2023-06-10 13:26:00,77.09,77.21,77.21,77.09,478.79522103
2023-06-10 13:25:00,77.19,77.31,77.2,77.23,207.67777471
2023-06-10 13:24:00,77.05,77.16,77.06,77.16,125.9718199
2023-06-10 13:23:00,77.04,77.11,77.08,77.07,244.17471371
2023-06-10 13:22:00,77.05,77.21,77.1,77.08,96.44102583
2023-06-10 13:21:00,76.97,77.08,76.99,77.08,506.60679354
2023-06-10 13:20:00,76.99,77.13,77.13,77.0,112.30853211
2023-06-10 13:19:00,77.11,77.25,77.18,77.11,155.44866739
2023-06-10 13:18:00,77.16,77.25,77.17,77.19,413.74180443
2023-06-10 13:17:00,77.14,77.24,77.19,77.16,194.14080123
2023-06-10 13:16:00,77.02,77.2,77.02,77.2,187.03421294
2023-06-10 13:15:00,76.74,77.04,76.81,77.04,285.11733555
2023-06-10 13:14:00,76.79,76.9,76.81,76.87,33.38614752
2023-06-10 13:13:00,76.61,76.82,76.62,76.8,361.49623246
2023-06-10 13:12:00,76.62,76.71,76.63,76.68,37.45594521
2023-06-10 13:11:00,76.57,76.95,76.92,76.62,442.45092927
2023-06-10 13:10:00,76.78,76.92,76.79,76.86,153.29654115
2023-06-10 13:09:00,76.68,76.81,76.73,76.75,353.93628584
2023-06-10 13:08:00,76.72,76.88,76.72,76.74,127.65430832
2023-06-10 13:07:00,76.71,76.82,76.77,76.72,49.99672734
2023-06-10 13:06:00,76.73,76.87,76.81,76.73,219.43186809
2023-06-10 13:05:00,76.73,76.88,76.73,76.82,85.48128175
2023-06-10 13:04:00,76.76,76.85,76.78,76.76,178.56167534
2023-06-10 13:03:00,76.5,76.8,76.63,76.8,202.68432578
2023-06-10 13:02:00,76.57,76.67,76.57,76.58,47.74484574
2023-06-10 13:01:00,76.54,76.78,76.76,76.56,466.13155766
2023-06-10 13:00:00,76.64,76.78,76.64,76.75,279.97950412
2023-06-10 12:59:00,76.5,76.63,76.58,76.63,715.66941337
2023-06-10 12:58:00,76.6,76.72,76.68,76.61,322.86157051
2023-06-10 12:57:00,76.64,76.87,76.87,76.67,398.47677417
2023-06-10 12:56:00,76.89,77.04,77.01,76.89,24.32309453
2023-06-10 12:55:00,77.04,77.1,77.1,77.04,117.39877682
2023-06-10 12:54:00,77.02,77.13,77.12,77.09,132.38409912
2023-06-10 12:53:00,77.04,77.17,77.14,77.11,91.33480349
2023-06-10 12:52:00,77.08,77.19,77.18,77.13,387.31319485
2023-06-10 12:51:00,77.15,77.2,77.2,77.17,27.59298288
2023-06-10 12:50:00,77.16,77.21,77.19,77.18,98.35659519
2023-06-10 12:49:00,77.12,77.19,77.13,77.17,58.62973257
2023-06-10 12:48:00,77.1,77.21,77.21,77.14,114.56122472
2023-06-10 22:48:00,77.69,77.79,77.69,77.77,78.38121539
2023-06-10 22:47:00,77.67,77.83,77.83,77.67,60.64462525
2023-06-10 22:46:00,77.79,77.92,77.92,77.83,21.24879069
2023-06-10 22:45:00,77.87,77.99,77.99,77.88,96.53903666
2023-06-10 22:44:00,77.96,78.01,77.96,77.97,35.41255882
2023-06-10 22:43:00,77.94,78.04,78.02,77.95,135.11908159
2023-06-10 22:42:00,77.88,78.02,77.88,77.98,281.32179054
2023-06-10 22:41:00,77.86,77.89,77.87,77.86,107.6161676
2023-06-10 22:40:00,77.8,77.91,77.8,77.86,454.00051409
2023-06-10 22:39:00,77.74,77.85,77.83,77.78,172.92912025
2023-06-10 22:38:00,77.79,77.95,77.8,77.8,211.52231397
2023-06-10 22:37:00,77.73,77.8,77.73,77.8,34.36411978
2023-06-10 22:36:00,77.7,77.8,77.78,77.71,110.39546336
2023-06-10 22:35:00,77.76,77.9,77.86,77.79,335.47650478
2023-06-10 22:34:00,77.84,77.94,77.85,77.87,56.4754682
2023-06-10 22:33:00,77.8,77.87,77.83,77.87,78.42497834
2023-06-10 22:32:00,77.77,77.84,77.77,77.83,6.71002273
2023-06-10 22:31:00,77.74,77.84,77.84,77.78,58.22656292
2023-06-10 22:30:00,77.72,77.88,77.73,77.82,141.79855558
2023-06-10 22:29:00,77.61,77.72,77.7,77.72,68.04541442
2023-06-10 22:28:00,77.68,77.73,77.73,77.71,20.99828445
2023-06-10 22:27:00,77.69,77.74,77.69,77.73,37.57674418
2023-06-10 22:26:00,77.68,77.76,77.73,77.7,118.4286095
2023-06-10 22:25:00,77.65,77.75,77.71,77.69,39.42401123
2023-06-10 22:24:00,77.63,77.74,77.67,77.69,107.89914582
2023-06-10 22:23:00,77.56,77.79,77.56,77.74,254.77268476
2023-06-10 22:22:00,77.52,77.61,77.52,77.52,271.45902963
2023-06-10 22:21:00,77.39,77.54,77.41,77.52,30.49382488
2023-06-10 22:20:00,77.39,77.54,77.52,77.43,85.6739538
2023-06-10 22:19:00,77.46,77.55,77.51,77.49,25.61333065
2023-06-10 22:18:00,77.53,77.7,77.64,77.54,901.43791203
2023-06-10 22:17:00,77.51,77.73,77.51,77.67,781.06473646
2023-06-10 22:16:00,77.47,77.56,77.56,77.49,112.02829048
2023-06-10 22:15:00,77.36,77.58,77.36,77.56,258.57386801
2023-06-10 22:14:00,77.35,77.47,77.44,77.36,161.48976625
2023-06-10 22:13:00,77.4,77.48,77.43,77.43,44.06165014
2023-06-10 22:12:00,77.22,77.5,77.25,77.41,239.27851806
2023-06-10 22:11:00,77.21,77.3,77.21,77.25,73.79363894
2023-06-10 22:10:00,77.2,77.35,77.35,77.21,59.74304213
2023-06-10 22:09:00,77.23,77.34,77.24,77.34,297.83204733
2023-06-10 22:08:00,77.22,77.27,77.22,77.24,115.63915123
2023-06-10 22:07:00,77.16,77.25,77.16,77.24,138.5624899
2023-06-10 22:06:00,77.15,77.24,77.22,77.16,78.03866424
2023-06-10 22:05:00,77.14,77.24,77.16,77.22,95.00760949
2023-06-10 22:04:00,77.12,77.19,77.15,77.17,189.40172931
2023-06-10 22:03:00,77.14,77.18,77.17,77.16,34.60002399
2023-06-10 22:02:00,77.16,77.22,77.22,77.18,42.48627348
2023-06-10 22:01:00,77.05,77.22,77.1,77.22,214.41175679
2023-06-10 22:00:00,77.09,77.17,77.1,77.1,54.30548747
2023-06-10 21:59:00,77.06,77.1,77.07,77.1,16.11204971
2023-06-10 21:58:00,77.04,77.08,77.08,77.08,64.62001574
2023-06-10 21:57:00,77.08,77.1,77.1,77.09,8.33130825
2023-06-10 21:56:00,77.05,77.1,77.05,77.1,57.20838696
2023-06-10 21:55:00,76.98,77.03,76.98,77.03,20.52041055
2023-06-10 21:54:00,76.96,77.03,77.03,76.99,77.92920698
2023-06-10 21:53:00,76.87,77.03,76.87,77.03,62.51407793
2023-06-10 21:52:00,76.85,76.88,76.86,76.87,37.72106659
2023-06-10 21:51:00,76.85,76.98,76.98,76.85,41.81057025
2023-06-10 21:50:00,77.0,77.06,77.06,77.0,87.75569568
2023-06-10 21:49:00,77.04,77.17,77.06,77.1,758.14375316
2023-06-10 21:48:00,77.06,77.18,77.18,77.06,145.35662273
2023-06-10 21:47:00,77.18,77.26,77.23,77.18,199.71478832
2023-06-10 21:46:00,77.22,77.25,77.24,77.24,45.3428149
2023-06-10 21:45:00,77.22,77.26,77.22,77.24,74.43920042
2023-06-10 21:44:00,77.23,77.25,77.23,77.23,182.43818358
2023-06-10 21:43:00,77.16,77.23,77.19,77.23,94.41464118
2023-06-10 21:42:00,77.15,77.19,77.18,77.19,58.32700037
2023-06-10 21:41:00,77.16,77.2,77.16,77.18,94.74929086
2023-06-10 21:40:00,77.16,77.26,77.19,77.16,215.31246567
2023-06-10 21:39:00,77.16,77.34,77.3,77.16,283.79596736
2023-06-10 21:38:00,77.17,77.29,77.17,77.29,121.34982901
2023-06-10 21:37:00,77.12,77.17,77.13,77.14,26.19496895
2023-06-10 21:36:00,77.08,77.2,77.09,77.13,299.7557717
2023-06-10 21:35:00,77.01,77.09,77.02,77.09,120.76158798
2023-06-10 21:34:00,76.98,77.02,77.0,77.02,36.53364792
2023-06-10 21:33:00,76.98,77.06,76.98,76.99,294.39622799
2023-06-10 21:32:00,76.95,76.97,76.95,76.97,3.96004086
2023-06-10 21:31:00,76.91,76.97,76.92,76.95,73.43455206
2023-06-10 21:30:00,76.87,76.91,76.88,76.91,200.83115002
2023-06-10 21:29:00,76.77,76.9,76.78,76.87,23.35433106
2023-06-10 21:28:00,76.79,76.88,76.88,76.79,161.88881211
2023-06-10 21:27:00,76.86,76.94,76.91,76.88,87.8621873
2023-06-10 21:26:00,76.91,76.98,76.93,76.93,95.67964393
2023-06-10 21:25:00,76.87,76.93,76.9,76.93,43.26940902
2023-06-10 21:24:00,76.86,76.89,76.86,76.87,24.57898905
2023-06-10 21:23:00,76.83,76.87,76.83,76.86,20.62947653
2023-06-10 21:22:00,76.81,76.92,76.91,76.81,59.9542211
2023-06-10 21:21:00,76.85,76.91,76.88,76.89,67.45631564
2023-06-10 21:20:00,76.72,76.88,76.74,76.85,84.04675356
2023-06-10 21:19:00,76.66,76.82,76.67,76.76,196.87636736
2023-06-10 21:18:00,76.67,76.72,76.68,76.68,131.30647271
2023-06-10 21:17:00,76.65,76.7,76.65,76.69,23.46192942
2023-06-10 21:16:00,76.65,76.7,76.66,76.68,86.80654839
2023-06-10 21:15:00,76.65,76.75,76.68,76.66,137.37446582
2023-06-10 21:14:00,76.59,76.75,76.6,76.73,69.28645296
2023-06-10 21:13:00,76.58,76.67,76.67,76.59,154.83967003
2023-06-10 21:12:00,76.65,76.73,76.7,76.67,91.76039815
2023-06-10 21:11:00,76.68,76.77,76.77,76.7,141.2512613
2023-06-10 21:10:00,76.75,76.8,76.75,76.76,58.67454257
2023-06-10 21:09:00,76.68,76.82,76.82,76.74,148.70043051
2023-06-10 21:08:00,76.78,76.83,76.82,76.8,159.55442634
2023-06-10 21:07:00,76.82,76.87,76.87,76.82,75.03788491
2023-06-10 21:06:00,76.85,76.99,76.98,76.85,182.03688497
2023-06-10 21:05:00,76.89,76.99,76.94,76.99,230.75148168
2023-06-10 21:04:00,76.93,77.01,76.94,76.94,57.44075833
2023-06-10 21:03:00,76.9,76.96,76.92,76.94,139.42817853
2023-06-10 21:02:00,76.85,76.99,76.98,76.92,197.12898449
2023-06-10 21:01:00,76.98,77.12,77.09,76.98,94.22166223
2023-06-10 21:00:00,77.0,77.14,77.0,77.12,72.6866663
2023-06-10 20:59:00,76.98,77.08,77.08,77.01,63.46753874
2023-06-10 20:58:00,76.99,77.1,77.07,77.1,60.20722238
2023-06-10 20:57:00,77.02,77.07,77.02,77.07,25.38791912
2023-06-10 20:56:00,76.97,77.08,77.07,77.01,69.50498782
2023-06-10 20:55:00,76.96,77.07,77.04,77.06,148.30827345
2023-06-10 20:54:00,76.96,77.03,77.03,77.03,53.13758256
2023-06-10 20:53:00,76.99,77.1,77.09,77.0,246.13427892
2023-06-10 20:52:00,77.06,77.16,77.1,77.09,222.95798844
2023-06-10 20:51:00,76.77,77.06,76.89,77.06,455.36194991
2023-06-10 20:50:00,76.91,77.17,77.17,76.93,386.78829723
2023-06-10 20:49:00,77.07,77.17,77.09,77.17,80.00898826
2023-06-10 20:48:00,77.09,77.16,77.16,77.09,527.04542048
2023-06-10 20:47:00,77.08,77.16,77.12,77.16,220.39723047
2023-06-10 20:46:00,77.06,77.14,77.06,77.13,224.09345166
2023-06-10 20:45:00,77.0,77.13,77.0,77.06,124.83209284
2023-06-10 20:44:00,76.96,77.03,77.02,77.01,302.22657263
2023-06-10 20:43:00,76.95,77.02,77.0,77.0,891.90272365
2023-06-10 20:42:00,76.97,77.03,76.97,76.98,335.7698098
2023-06-10 20:41:00,76.96,77.04,77.03,76.96,324.24532251
2023-06-10 20:40:00,77.01,77.09,77.05,77.03,95.6951526
2023-06-10 20:39:00,76.92,77.07,76.93,77.07,30.97919148
2023-06-10 20:38:00,76.88,76.98,76.95,76.95,109.31234552
2023-06-10 20:37:00,76.9,76.99,76.99,76.92,110.30722915
2023-06-10 20:36:00,76.88,77.02,76.93,77.0,136.14712728
2023-06-10 20:35:00,76.87,76.98,76.94,76.93,173.19159204
2023-06-10 20:34:00,76.72,76.92,76.72,76.91,177.69415983
2023-06-10 20:33:00,76.74,77.07,76.74,76.75,531.70379891
2023-06-10 20:32:00,76.56,76.77,76.57,76.74,139.34674644
2023-06-10 20:31:00,76.56,76.65,76.65,76.58,181.28791795
2023-06-10 20:30:00,76.67,76.85,76.78,76.68,322.26549607
2023-06-10 20:29:00,76.75,76.8,76.8,76.78,216.02418614
2023-06-10 20:28:00,76.73,76.8,76.73,76.8,108.05442954
2023-06-10 20:27:00,76.69,76.75,76.73,76.74,49.41011013
2023-06-10 20:26:00,76.67,76.73,76.67,76.7,49.90201735
2023-06-10 20:25:00,76.68,76.73,76.68,76.7,161.33084576
2023-06-10 20:24:00,76.62,76.73,76.62,76.72,100.28259328
2023-06-10 20:23:00,76.61,76.72,76.67,76.62,21.6659526
2023-06-10 20:22:00,76.61,76.68,76.61,76.64,41.29075677
2023-06-10 20:21:00,76.58,76.62,76.58,76.6,32.03623182
2023-06-10 20:20:00,76.6,76.66,76.62,76.61,22.49580589
2023-06-10 20:19:00,76.58,76.61,76.61,76.61,133.07490538
2023-06-10 20:18:00,76.53,76.62,76.55,76.58,93.1170496
2023-06-10 20:17:00,76.51,76.62,76.57,76.54,52.5773229
2023-06-10 20:16:00,76.55,76.66,76.66,76.57,7.89873234
2023-06-10 20:15:00,76.5,76.69,76.52,76.69,173.03743663
2023-06-10 20:14:00,76.49,76.62,76.62,76.52,143.5371048
2023-06-10 20:13:00,76.53,76.63,76.57,76.62,96.2384151
2023-06-10 20:12:00,76.6,76.74,76.71,76.6,125.72413614
2023-06-10 20:11:00,76.52,76.71,76.53,76.7,188.73666693
2023-06-10 20:10:00,76.44,76.54,76.46,76.52,449.16449823
2023-06-10 20:09:00,76.47,76.52,76.5,76.47,136.56153353
2023-06-10 20:08:00,76.4,76.51,76.45,76.51,215.43795106
2023-06-10 20:07:00,76.4,76.48,76.42,76.48,41.34242735
2023-06-10 20:06:00,76.35,76.52,76.52,76.41,233.26583411
2023-06-10 20:05:00,76.52,76.69,76.64,76.53,301.89725814
2023-06-10 20:04:00,76.62,76.66,76.65,76.63,234.81093813
2023-06-10 20:03:00,76.63,76.67,76.66,76.66,140.51071501
2023-06-10 20:02:00,76.67,76.76,76.74,76.67,1619.48016816
2023-06-10 20:01:00,76.74,76.84,76.83,76.74,106.24405185
2023-06-10 20:00:00,76.76,76.88,76.86,76.86,91.79544253
2023-06-10 19:59:00,76.79,76.85,76.8,76.85,151.93801824
2023-06-10 19:58:00,76.8,76.86,76.82,76.8,227.5719553
2023-06-10 19:57:00,76.82,76.91,76.91,76.83,211.81616978
2023-06-10 19:56:00,76.82,76.92,76.82,76.92,52.34875119
2023-06-10 19:55:00,76.74,76.87,76.77,76.84,363.71850713
2023-06-10 19:54:00,76.74,76.79,76.79,76.78,94.65836699
2023-06-10 19:53:00,76.71,76.81,76.72,76.79,316.01481232
2023-06-10 19:52:00,76.6,76.75,76.6,76.73,567.12374632
2023-06-10 19:51:00,76.61,76.76,76.69,76.61,83.71302636
2023-06-10 19:50:00,76.63,76.76,76.72,76.7,113.46346503
2023-06-10 19:49:00,76.55,76.77,76.55,76.7,237.81773522
2023-06-10 19:48:00,76.47,76.56,76.47,76.53,138.75833476
2023-06-10 19:47:00,76.47,76.51,76.51,76.47,14.22296559
2023-06-10 19:46:00,76.48,76.55,76.53,76.51,27.19804761
2023-06-10 19:45:00,76.52,76.64,76.56,76.52,103.18305108
2023-06-10 19:44:00,76.52,76.59,76.57,76.59,236.85644189
2023-06-10 19:43:00,76.53,76.61,76.54,76.59,179.23344341
2023-06-10 19:42:00,76.52,76.57,76.57,76.53,10.62268391
2023-06-10 19:41:00,76.52,76.62,76.6,76.58,119.38555758
2023-06-10 19:40:00,76.52,76.6,76.54,76.6,37.9064085
2023-06-10 19:39:00,76.54,76.63,76.61,76.54,248.5881282
2023-06-10 19:38:00,76.53,76.64,76.53,76.6,115.35073362
2023-06-10 19:37:00,76.48,76.58,76.48,76.53,131.62199933
2023-06-10 19:36:00,76.48,76.55,76.52,76.49,75.97649241
2023-06-10 19:35:00,76.43,76.59,76.48,76.53,377.63127868
2023-06-10 19:34:00,76.42,76.49,76.42,76.47,156.49733222
2023-06-10 19:33:00,76.38,76.47,76.47,76.38,143.18755678
2023-06-10 19:32:00,76.39,76.47,76.39,76.44,49.50131197
2023-06-10 19:31:00,76.38,76.48,76.47,76.41,92.15474943
2023-06-10 19:30:00,76.31,76.49,76.34,76.49,82.28832501
2023-06-10 19:29:00,76.29,76.4,76.36,76.37,43.4676015
2023-06-10 19:28:00,76.32,76.48,76.48,76.32,441.32655858
2023-06-10 19:27:00,76.31,76.48,76.31,76.47,72.07005893
2023-06-10 19:26:00,76.29,76.38,76.29,76.31,43.25694998
2023-06-10 19:25:00,76.21,76.31,76.22,76.31,150.84077841
2023-06-10 19:24:00,76.21,76.32,76.31,76.23,216.87005786
2023-06-10 19:23:00,76.14,76.34,76.23,76.33,414.52450014
2023-06-10 19:22:00,76.19,76.3,76.25,76.23,215.05884271
2023-06-10 19:21:00,76.22,76.28,76.23,76.26,502.88367061
2023-06-10 19:20:00,76.23,76.34,76.28,76.24,156.68282575
2023-06-10 19:19:00,76.26,76.32,76.26,76.28,67.72195912
2023-06-10 19:18:00,76.13,76.26,76.14,76.25,262.08061303
2023-06-10 19:17:00,76.09,76.17,76.09,76.15,34.12741347
2023-06-10 19:16:00,76.07,76.19,76.19,76.07,141.06584457
2023-06-10 19:15:00,75.97,76.17,76.0,76.17,238.3106586
2023-06-10 19:14:00,75.96,76.11,76.11,76.0,403.49961435
2023-06-10 19:13:00,76.05,76.13,76.12,76.13,183.62939345
2023-06-10 19:12:00,76.03,76.15,76.11,76.11,277.75258956
2023-06-10 19:11:00,76.05,76.2,76.17,76.15,45.24953023
2023-06-10 19:10:00,76.04,76.16,76.12,76.16,649.67628488
2023-06-10 19:09:00,76.03,76.16,76.16,76.13,121.83179294
2023-06-10 19:08:00,76.0,76.28,76.27,76.11,386.18669469
2023-06-10 19:07:00,76.23,76.46,76.46,76.29,297.85045938
2023-06-10 19:06:00,76.36,76.5,76.5,76.46,615.20211314
2023-06-10 19:05:00,76.49,76.59,76.54,76.51,113.61537045
2023-06-10 19:04:00,76.49,76.56,76.53,76.52,193.01456602
2023-06-10 19:03:00,76.39,76.55,76.39,76.42,199.2008134
2023-06-10 19:02:00,76.19,76.4,76.25,76.37,133.21808954
2023-06-10 19:01:00,76.15,76.33,76.27,76.28,309.55185704
2023-06-10 19:00:00,76.14,76.29,76.14,76.26,1317.21504668
2023-06-10 18:59:00,76.04,76.28,76.08,76.09,1112.56265339
2023-06-10 18:58:00,76.02,76.37,76.37,76.06,534.58131819
2023-06-10 18:57:00,76.41,76.62,76.61,76.41,119.99328747
2023-06-10 18:56:00,76.56,76.63,76.63,76.6,113.25875416
2023-06-10 18:55:00,76.61,76.72,76.65,76.65,53.88862757
2023-06-10 18:54:00,76.66,76.76,76.76,76.7,16.67631409
2023-06-10 18:53:00,76.6,76.71,76.6,76.71,41.15568112
2023-06-10 18:52:00,76.46,76.66,76.5,76.63,234.95092633
2023-06-10 18:51:00,76.42,76.57,76.53,76.47,111.38542953
2023-06-10 18:50:00,76.4,76.59,76.51,76.55,572.31376654
2023-06-10 18:49:00,76.46,76.62,76.58,76.49,49.43636188
2023-06-10 18:48:00,76.49,76.7,76.69,76.58,96.25419985
2023-06-10 18:47:00,76.45,76.71,76.63,76.68,322.42458332
2023-06-10 18:46:00,76.56,76.63,76.57,76.57,45.32628009
2023-06-10 18:45:00,76.62,76.87,76.76,76.64,155.30071624
2023-06-10 18:44:00,76.61,76.81,76.69,76.75,69.72548545
2023-06-10 18:43:00,76.66,76.79,76.72,76.67,176.95594301
2023-06-10 18:42:00,76.55,76.74,76.58,76.71,269.87937701
2023-06-10 18:41:00,76.58,76.81,76.76,76.61,259.63820629
2023-06-10 18:40:00,76.55,76.77,76.63,76.77,54.77643873
2023-06-10 18:39:00,76.52,76.66,76.66,76.62,92.56033823
2023-06-10 18:38:00,76.55,76.67,76.67,76.65,123.50743956
2023-06-10 18:37:00,76.58,76.7,76.7,76.62,49.18953811
2023-06-10 18:36:00,76.65,76.91,76.91,76.75,107.84199157
2023-06-10 18:35:00,76.68,77.06,76.73,76.93,221.0230906
2023-06-10 18:34:00,76.56,76.71,76.64,76.7,213.68880013
2023-06-10 18:33:00,76.5,76.65,76.56,76.6,173.75419922
2023-06-10 18:32:00,76.4,76.53,76.41,76.49,558.72250064
2023-06-10 18:31:00,76.31,76.54,76.43,76.39,342.86892671
2023-06-10 18:30:00,75.94,76.43,76.11,76.43,1298.58961693
2023-06-10 18:29:00,76.0,76.28,76.05,76.14,1273.06509016
2023-06-10 18:28:00,76.01,76.3,76.01,76.13,965.0207184
2023-06-10 18:27:00,75.91,76.36,76.16,75.94,781.75867824
2023-06-10 18:26:00,76.14,76.59,76.42,76.18,1212.80207882
2023-06-10 18:25:00,75.62,76.43,76.27,76.43,3241.11784952
2023-06-10 18:24:00,75.88,76.94,76.93,76.34,4161.25290896
2023-06-10 18:23:00,76.76,77.07,77.07,76.96,784.92304652
2023-06-10 18:22:00,76.91,77.26,77.26,77.14,822.24804861
2023-06-10 18:21:00,77.25,77.46,77.25,77.28,111.68798009
2023-06-10 18:20:00,77.16,77.28,77.27,77.18,89.26241681
2023-06-10 18:19:00,77.24,77.45,77.45,77.27,246.16649865
2023-06-10 18:18:00,77.38,77.5,77.4,77.44,621.27290923
2023-06-10 18:17:00,77.3,77.45,77.4,77.39,148.37055241
2023-06-10 18:16:00,77.31,77.44,77.37,77.37,198.5070655
2023-06-10 18:15:00,77.38,77.58,77.58,77.38,112.09353802
2023-06-10 18:14:00,77.48,77.61,77.49,77.61,59.221082
2023-06-10 18:13:00,77.35,77.52,77.36,77.46,91.85684158
2023-06-10 18:12:00,77.37,77.44,77.43,77.38,66.64307645
2023-06-10 18:11:00,77.41,77.54,77.52,77.42,150.53572935
2023-06-10 18:10:00,77.38,77.55,77.42,77.55,76.50749927
2023-06-10 18:09:00,77.31,77.45,77.33,77.44,100.08692194
2023-06-10 18:08:00,77.31,77.42,77.35,77.33,275.06114504
2023-06-10 18:07:00,77.28,77.45,77.4,77.35,264.67720554
2023-06-10 18:06:00,77.27,77.51,77.32,77.44,220.9184569
2023-06-10 18:05:00,77.21,77.35,77.34,77.3,631.02125465
2023-06-10 18:04:00,77.27,77.48,77.46,77.39,168.55576828
2023-06-10 18:03:00,77.38,77.52,77.47,77.47,378.06895565
2023-06-10 18:02:00,77.48,77.59,77.55,77.52,115.79331765
2023-06-10 18:01:00,77.56,77.79,77.79,77.6,316.43837453
2023-06-10 18:00:00,77.78,78.02,77.78,77.78,386.77008755
2023-06-10 17:59:00,77.61,77.85,77.73,77.81,1189.49670148
2023-06-10 17:58:00,77.61,77.76,77.65,77.69,66.83068294
2023-06-10 17:57:00,77.64,77.89,77.88,77.64,113.29063624
2023-06-10 17:56:00,77.58,77.78,77.6,77.78,420.09930601
2023-06-10 17:55:00,77.41,77.61,77.57,77.58,626.42510533
2023-06-10 17:54:00,77.4,77.63,77.41,77.6,135.38161467
2023-06-10 17:53:00,77.14,77.54,77.54,77.39,817.55793895
2023-06-10 17:52:00,77.4,77.61,77.6,77.54,935.40914459
2023-06-10 17:51:00,77.63,77.98,77.87,77.63,230.86428646
2023-06-10 17:50:00,77.69,77.86,77.81,77.86,342.4974593
2023-06-10 17:49:00,77.81,78.02,77.95,77.81,163.74355606
2023-06-10 17:48:00,77.66,78.16,77.66,77.93,2347.36821245
2023-06-11 03:48:00,77.04,77.06,77.05,77.05,63.36123783
2023-06-11 03:47:00,77.03,77.08,77.08,77.07,35.83017507
2023-06-11 03:46:00,77.04,77.19,77.19,77.06,97.88283632
2023-06-11 03:45:00,77.17,77.23,77.2,77.19,128.02200974
2023-06-11 03:44:00,77.19,77.22,77.2,77.2,74.93708949
2023-06-11 03:43:00,77.17,77.25,77.25,77.2,62.33350459
2023-06-11 03:42:00,77.25,77.29,77.29,77.27,13.71686192
2023-06-11 03:41:00,77.22,77.27,77.22,77.26,76.74813309
2023-06-11 03:40:00,77.16,77.23,77.2,77.23,195.20228694
2023-06-11 03:39:00,77.2,77.27,77.26,77.23,500.77837772
2023-06-11 03:38:00,77.22,77.28,77.24,77.25,338.99532385
2023-06-11 03:37:00,77.2,77.27,77.26,77.24,144.40699189
2023-06-11 03:36:00,77.15,77.27,77.15,77.23,157.63292944
2023-06-11 03:35:00,77.1,77.15,77.1,77.15,39.49906732
2023-06-11 03:34:00,77.03,77.15,77.15,77.09,81.81574949
2023-06-11 03:33:00,77.09,77.18,77.15,77.12,96.98227306
2023-06-11 03:32:00,77.12,77.18,77.12,77.15,55.43686965
2023-06-11 03:31:00,77.12,77.17,77.17,77.13,72.22658303
2023-06-11 03:30:00,77.13,77.17,77.13,77.17,64.62374827
2023-06-11 03:29:00,77.14,77.17,77.16,77.15,20.7467221
2023-06-11 03:28:00,77.11,77.16,77.11,77.16,8.39003277
2023-06-11 03:27:00,77.09,77.15,77.13,77.09,58.01526874
2023-06-11 03:26:00,77.08,77.13,77.11,77.13,43.12164193
2023-06-11 03:25:00,77.08,77.16,77.14,77.08,116.20503274
2023-06-11 03:24:00,77.11,77.16,77.16,77.15,36.23920441
2023-06-11 03:23:00,77.11,77.15,77.11,77.15,32.74568428
2023-06-11 03:22:00,77.1,77.13,77.1,77.12,31.73531057
2023-06-11 03:21:00,77.08,77.1,77.08,77.1,25.38979073
2023-06-11 03:20:00,77.03,77.1,77.06,77.09,109.0692677
2023-06-11 03:19:00,77.03,77.12,77.11,77.06,209.10908755
2023-06-11 03:18:00,77.04,77.08,77.07,77.06,72.15431142
2023-06-11 03:17:00,77.03,77.11,77.06,77.07,162.18745359
2023-06-11 03:16:00,76.93,77.07,76.93,77.05,1022.27867807
2023-06-11 03:15:00,76.89,76.96,76.89,76.95,39.80235923
2023-06-11 03:14:00,76.84,76.9,76.89,76.89,72.13598244
2023-06-11 03:13:00,76.88,76.98,76.95,76.88,84.52719227
2023-06-11 03:12:00,76.92,76.97,76.95,76.94,145.92750239
2023-06-11 03:11:00,76.93,76.97,76.94,76.97,13.869259
2023-06-11 03:10:00,76.87,76.98,76.93,76.95,182.96316097
2023-06-11 03:09:00,76.93,77.01,76.98,76.94,70.92984585
2023-06-11 03:08:00,76.95,76.99,76.96,76.97,55.95643577
2023-06-11 03:07:00,76.95,77.09,77.08,76.95,370.66423002
2023-06-11 03:06:00,76.95,77.1,76.98,77.09,60.47178936
2023-06-11 03:05:00,76.97,77.09,77.09,76.98,111.26386961
2023-06-11 03:04:00,76.99,77.08,76.99,77.08,59.32299583
2023-06-11 03:03:00,76.99,77.04,77.03,76.99,64.78935183
2023-06-11 03:02:00,76.98,77.06,77.05,76.98,188.8508136
2023-06-11 03:01:00,77.02,77.08,77.02,77.08,4.01037511
2023-06-11 03:00:00,76.99,77.15,77.11,77.02,123.62159422
2023-06-11 02:59:00,77.11,77.15,77.13,77.13,25.66356382
2023-06-11 02:58:00,77.1,77.13,77.11,77.12,43.10412653
2023-06-11 02:57:00,77.01,77.14,77.02,77.1,415.18269476
2023-06-11 02:56:00,76.95,77.0,76.99,77.0,73.03064513
2023-06-11 02:55:00,76.96,77.03,77.03,76.98,102.84304718
2023-06-11 02:54:00,77.02,77.08,77.06,77.03,80.12495737
2023-06-11 02:53:00,77.01,77.08,77.01,77.04,78.37475697
2023-06-11 02:52:00,76.93,77.0,76.93,77.0,59.79509242
2023-06-11 02:51:00,76.85,76.95,76.85,76.95,42.64888139
2023-06-11 02:50:00,76.83,76.96,76.96,76.84,75.29724295
2023-06-11 02:49:00,76.97,77.07,77.05,76.97,56.69863238
2023-06-11 02:48:00,76.94,77.05,76.94,77.05,37.8729863
2023-06-11 02:47:00,76.86,76.95,76.91,76.95,164.87621408
2023-06-11 02:46:00,76.9,76.97,76.97,76.95,27.44964987
2023-06-11 02:45:00,76.94,77.04,77.03,76.94,87.65159653
2023-06-11 02:44:00,77.02,77.05,77.04,77.02,38.65381763
2023-06-11 02:43:00,76.95,77.04,76.95,77.04,37.69583822
2023-06-11 02:42:00,76.93,76.98,76.93,76.95,14.94568636
2023-06-11 02:41:00,76.88,76.93,76.9,76.92,7.58135302
2023-06-11 02:40:00,76.89,76.95,76.93,76.89,49.90242349
2023-06-11 02:39:00,76.93,76.96,76.95,76.93,33.2929162
2023-06-11 02:38:00,76.91,76.97,76.93,76.94,15.98094632
2023-06-11 02:37:00,76.9,76.93,76.92,76.93,21.50100672
2023-06-11 02:36:00,76.9,76.94,76.91,76.9,80.67794598
2023-06-11 02:35:00,76.88,76.92,76.89,76.91,161.37582145
2023-06-11 02:34:00,76.83,76.9,76.85,76.9,64.7836924
2023-06-11 02:33:00,76.85,76.88,76.86,76.85,49.58357472
2023-06-11 02:32:00,76.8,76.86,76.8,76.86,19.63709539
2023-06-11 02:31:00,76.78,76.82,76.8,76.81,56.87216598
2023-06-11 02:30:00,76.74,76.8,76.76,76.79,91.89453205
2023-06-11 02:29:00,76.74,76.78,76.78,76.76,31.59230138
2023-06-11 02:28:00,76.79,76.89,76.87,76.79,215.72689427
2023-06-11 02:27:00,76.76,76.87,76.78,76.87,52.14038161
2023-06-11 02:26:00,76.69,76.78,76.76,76.76,211.22500332
2023-06-11 02:25:00,76.73,76.77,76.76,76.76,16.09733279
2023-06-11 02:24:00,76.75,76.81,76.77,76.75,35.97807391
2023-06-11 02:23:00,76.73,76.78,76.78,76.75,53.25340887
2023-06-11 02:22:00,76.77,76.84,76.79,76.77,10.7976283
2023-06-11 02:21:00,76.71,76.8,76.71,76.8,27.16391978
2023-06-11 02:20:00,76.68,76.79,76.79,76.69,189.95948913
2023-06-11 02:19:00,76.8,76.81,76.81,76.81,23.75769047
2023-06-11 02:18:00,76.81,76.85,76.83,76.81,22.43693637
2023-06-11 02:17:00,76.72,76.85,76.72,76.83,35.525587
2023-06-11 02:16:00,76.66,76.74,76.68,76.73,56.75449588
2023-06-11 02:15:00,76.66,76.78,76.77,76.66,80.4873126
2023-06-11 02:14:00,76.71,76.79,76.76,76.74,126.79868962
2023-06-11 02:13:00,76.68,76.76,76.68,76.72,145.76692459
2023-06-11 02:12:00,76.66,76.76,76.75,76.66,408.04669514
2023-06-11 02:11:00,76.71,76.75,76.75,76.74,70.82853976
2023-06-11 02:10:00,76.74,76.82,76.76,76.76,53.07909332
2023-06-11 02:09:00,76.68,76.77,76.71,76.75,181.33588941
2023-06-11 02:08:00,76.67,76.74,76.68,76.73,166.73502631
2023-06-11 02:07:00,76.68,76.75,76.75,76.68,31.66506384
2023-06-11 02:06:00,76.75,76.78,76.78,76.76,64.15545916
2023-06-11 02:05:00,76.75,76.85,76.85,76.79,220.24057694
2023-06-11 02:04:00,76.84,76.89,76.88,76.85,88.70606011
2023-06-11 02:03:00,76.9,77.06,77.06,76.9,53.22648015
2023-06-11 02:02:00,77.02,77.1,77.09,77.06,60.99672559
2023-06-11 02:01:00,77.08,77.16,77.09,77.08,85.66037411
2023-06-11 02:00:00,77.07,77.11,77.08,77.09,43.45788445
2023-06-11 01:59:00,77.02,77.09,77.08,77.08,43.32182864
2023-06-11 01:58:00,77.03,77.08,77.07,77.06,51.68256565
2023-06-11 01:57:00,77.02,77.12,77.1,77.08,193.58682276
2023-06-11 01:56:00,77.02,77.14,77.04,77.1,191.21015924
2023-06-11 01:55:00,76.88,77.12,76.88,77.07,363.94605859
2023-06-11 01:54:00,76.88,76.93,76.9,76.88,156.33482074
2023-06-11 01:53:00,76.85,76.91,76.86,76.9,47.64948944
2023-06-11 01:52:00,76.84,76.94,76.92,76.87,35.27812565
2023-06-11 01:51:00,76.86,76.95,76.92,76.93,104.44662508
2023-06-11 01:50:00,76.83,76.9,76.89,76.9,25.61139547
2023-06-11 01:49:00,76.85,76.91,76.85,76.9,122.70724656
2023-06-11 01:48:00,76.8,76.93,76.92,76.85,191.79036327
2023-06-11 01:47:00,76.85,76.92,76.89,76.92,14.085226
2023-06-11 01:46:00,76.8,76.88,76.85,76.87,45.01517957
2023-06-11 01:45:00,76.82,76.95,76.91,76.82,40.64260044
2023-06-11 01:44:00,76.86,76.91,76.87,76.9,12.95063637
2023-06-11 01:43:00,76.84,76.88,76.87,76.87,39.97365546
2023-06-11 01:42:00,76.86,76.9,76.9,76.86,8.36640092
2023-06-11 01:41:00,76.86,77.0,77.0,76.89,55.70481597
2023-06-11 01:40:00,76.89,77.02,76.93,77.02,84.05699883
2023-06-11 01:39:00,76.92,76.97,76.96,76.95,40.90588224
2023-06-11 01:38:00,76.94,77.0,76.94,76.96,50.68432513
2023-06-11 01:37:00,76.94,76.99,76.95,76.94,78.14205104
2023-06-11 01:36:00,76.98,77.06,77.01,76.99,157.72159247
2023-06-11 01:35:00,76.81,76.99,76.84,76.98,168.38437494
2023-06-11 01:34:00,76.72,76.86,76.73,76.84,87.14207083
2023-06-11 01:33:00,76.64,76.73,76.64,76.73,21.74550504
2023-06-11 01:32:00,76.58,76.63,76.6,76.61,7.35970848
2023-06-11 01:31:00,76.58,76.65,76.65,76.6,79.98674412
2023-06-11 01:30:00,76.6,76.66,76.63,76.64,78.83017569
2023-06-11 01:29:00,76.63,76.7,76.68,76.63,82.56327269
2023-06-11 01:28:00,76.66,76.77,76.72,76.69,110.41290604
2023-06-11 01:27:00,76.69,76.72,76.71,76.69,9.30241439
2023-06-11 01:26:00,76.63,76.72,76.64,76.7,67.75140164
2023-06-11 01:25:00,76.59,76.66,76.64,76.63,42.42026916
2023-06-11 01:24:00,76.67,76.73,76.73,76.67,28.09887155
2023-06-11 01:23:00,76.64,76.74,76.68,76.71,42.82614159
2023-06-11 01:22:00,76.63,76.67,76.65,76.67,16.29657152
2023-06-11 01:21:00,76.61,76.69,76.61,76.67,33.64337729
2023-06-11 01:20:00,76.59,76.72,76.71,76.61,23.08606149
2023-06-11 01:19:00,76.64,76.77,76.65,76.72,110.45755419
2023-06-11 01:18:00,76.53,76.65,76.59,76.65,56.90753366
2023-06-11 01:17:00,76.44,76.61,76.45,76.61,69.90532721
2023-06-11 01:16:00,76.44,76.73,76.73,76.47,83.91601528
2023-06-11 01:15:00,76.73,76.85,76.77,76.74,58.6160461
2023-06-11 01:14:00,76.71,76.77,76.71,76.74,27.44855765
2023-06-11 01:13:00,76.71,76.77,76.77,76.74,31.64109167
2023-06-11 01:12:00,76.73,76.79,76.78,76.77,51.50239878
2023-06-11 01:11:00,76.76,76.81,76.76,76.78,71.39638364
2023-06-11 01:10:00,76.6,76.76,76.65,76.76,23.75001574
2023-06-11 01:09:00,76.59,76.68,76.61,76.65,92.14756713
2023-06-11 01:08:00,76.51,76.59,76.54,76.59,121.34880787
2023-06-11 01:07:00,76.54,76.63,76.56,76.54,118.41864467
2023-06-11 01:06:00,76.43,76.63,76.63,76.56,484.69257495
2023-06-11 01:05:00,76.63,76.78,76.75,76.64,151.5521203
2023-06-11 01:04:00,76.72,76.79,76.79,76.73,115.16356071
2023-06-11 01:03:00,76.77,76.81,76.81,76.8,35.83001455
2023-06-11 01:02:00,76.76,76.79,76.77,76.77,41.00657575
2023-06-11 01:01:00,76.77,76.84,76.84,76.77,87.24600909
2023-06-11 01:00:00,76.8,76.87,76.8,76.85,21.77171921
2023-06-11 00:59:00,76.77,76.82,76.82,76.79,224.65257482
2023-06-11 00:58:00,76.77,76.86,76.85,76.82,100.52235471
2023-06-11 00:57:00,76.84,76.91,76.88,76.86,68.26310503
2023-06-11 00:56:00,76.87,76.96,76.94,76.88,432.47544757
2023-06-11 00:55:00,76.86,76.98,76.98,76.92,324.93730511
2023-06-11 00:54:00,76.97,77.0,77.0,76.97,65.54675179
2023-06-11 00:53:00,76.87,77.01,76.87,77.0,507.04299474
2023-06-11 00:52:00,76.85,76.91,76.91,76.89,70.63387757
2023-06-11 00:51:00,76.9,76.97,76.94,76.92,43.78421973
2023-06-11 00:50:00,76.91,76.95,76.91,76.92,51.17555221
2023-06-11 00:49:00,76.88,76.92,76.9,76.89,44.74670052
2023-06-11 00:48:00,76.79,76.95,76.79,76.89,307.13639054
2023-06-11 00:47:00,76.77,76.85,76.81,76.79,73.4062392
2023-06-11 00:46:00,76.81,76.89,76.85,76.81,213.49547091
2023-06-11 00:45:00,76.81,76.9,76.83,76.84,38.52929228
2023-06-11 00:44:00,76.76,76.84,76.81,76.8,226.55609056
2023-06-11 00:43:00,76.77,76.89,76.88,76.83,122.74163012
2023-06-11 00:42:00,76.86,76.92,76.91,76.87,224.14613315
2023-06-11 00:41:00,76.97,77.12,77.11,77.0,34.05593623
2023-06-11 00:40:00,76.97,77.08,77.08,77.06,243.4842419
2023-06-11 00:39:00,77.07,77.12,77.09,77.08,75.92711857
2023-06-11 00:38:00,77.0,77.13,77.11,77.06,96.69644546
2023-06-11 00:37:00,77.06,77.11,77.09,77.1,33.5514609
2023-06-11 00:36:00,77.03,77.07,77.04,77.05,84.65564055
2023-06-11 00:35:00,77.02,77.06,77.04,77.06,33.87190458
2023-06-11 00:34:00,76.91,77.12,77.11,77.05,157.68395511
2023-06-11 00:33:00,77.13,77.2,77.16,77.14,22.68273225
2023-06-11 00:32:00,77.1,77.17,77.11,77.15,57.2019039
2023-06-11 00:31:00,77.06,77.1,77.09,77.09,22.9630805
2023-06-11 00:30:00,77.08,77.22,77.14,77.09,96.8481823
2023-06-11 00:29:00,77.1,77.2,77.12,77.14,126.24727341
2023-06-11 00:28:00,77.12,77.21,77.2,77.16,12.39370412
2023-06-11 00:27:00,77.1,77.19,77.1,77.19,59.02574455
2023-06-11 00:26:00,77.09,77.17,77.15,77.14,75.14306957
2023-06-11 00:25:00,77.03,77.14,77.03,77.14,42.61837201
2023-06-11 00:24:00,76.99,77.03,76.99,77.03,14.90778177
2023-06-11 00:23:00,76.97,77.04,77.04,76.97,77.01069905
2023-06-11 00:22:00,76.95,77.02,76.98,77.02,15.71241611
2023-06-11 00:21:00,76.93,76.98,76.97,76.96,31.76539507
2023-06-11 00:20:00,76.92,76.97,76.94,76.97,19.12736757
2023-06-11 00:19:00,76.85,76.95,76.88,76.92,79.46678502
2023-06-11 00:18:00,76.85,76.93,76.88,76.85,61.13092575
2023-06-11 00:17:00,76.81,76.93,76.84,76.9,36.74772196
2023-06-11 00:16:00,76.8,76.95,76.95,76.8,113.11964902
2023-06-11 00:15:00,76.75,76.97,76.89,76.97,154.62850179
2023-06-11 00:14:00,76.84,76.93,76.87,76.93,85.43540348
2023-06-11 00:13:00,76.79,76.91,76.83,76.9,55.13133203
2023-06-11 00:12:00,76.8,76.92,76.9,76.82,148.78777059
2023-06-11 00:11:00,76.78,77.1,77.1,76.84,513.28488571
2023-06-11 00:10:00,76.95,77.08,76.97,77.06,56.17007717
2023-06-11 00:09:00,76.92,77.0,76.92,76.97,293.35795768
2023-06-11 00:08:00,76.92,77.03,76.93,76.92,116.1595662
2023-06-11 00:07:00,76.9,77.0,77.0,76.9,130.16057462
2023-06-11 00:06:00,77.04,77.11,77.1,77.04,63.59707997
2023-06-11 00:05:00,76.98,77.07,76.98,77.05,66.84059801
2023-06-11 00:04:00,76.99,77.24,77.24,77.01,464.00921177
2023-06-11 00:03:00,77.23,77.29,77.29,77.23,37.33745241
2023-06-11 00:02:00,77.23,77.28,77.25,77.27,82.33708069
2023-06-11 00:01:00,77.11,77.26,77.11,77.23,55.1113402
2023-06-11 00:00:00,77.0,77.24,77.23,77.09,658.6547622
2023-06-10 23:59:00,77.2,77.24,77.23,77.24,43.51516625
2023-06-10 23:58:00,77.21,77.27,77.27,77.25,5.71648936
2023-06-10 23:57:00,77.24,77.28,77.26,77.27,36.85533078
2023-06-10 23:56:00,77.19,77.26,77.24,77.26,17.09474375
2023-06-10 23:55:00,77.19,77.27,77.23,77.25,24.56039434
2023-06-10 23:54:00,77.21,77.26,77.23,77.26,82.29964922
2023-06-10 23:53:00,77.15,77.27,77.27,77.19,186.53811221
2023-06-10 23:52:00,77.26,77.4,77.39,77.26,287.47707257
2023-06-10 23:51:00,77.41,77.53,77.47,77.41,235.61613171
2023-06-10 23:50:00,77.42,77.47,77.42,77.47,338.39986445
2023-06-10 23:49:00,77.37,77.46,77.44,77.43,318.46127977
2023-06-10 23:48:00,77.38,77.45,77.44,77.45,15.78601312
2023-06-10 23:47:00,77.4,77.43,77.43,77.43,7.14964276
2023-06-10 23:46:00,77.4,77.46,77.43,77.46,71.61077038
2023-06-10 23:45:00,77.47,77.59,77.47,77.49,197.14755492
2023-06-10 23:44:00,77.39,77.46,77.41,77.44,47.6294113
2023-06-10 23:43:00,77.39,77.46,77.42,77.39,43.81524225
2023-06-10 23:42:00,77.42,77.49,77.43,77.42,136.85478329
2023-06-10 23:41:00,77.29,77.43,77.31,77.42,69.4887271
2023-06-10 23:40:00,77.24,77.3,77.25,77.28,6.48566545
2023-06-10 23:39:00,77.22,77.29,77.29,77.24,52.80751545
2023-06-10 23:38:00,77.26,77.35,77.31,77.28,54.99913614
2023-06-10 23:37:00,77.28,77.33,77.32,77.31,23.34601698
2023-06-10 23:36:00,77.31,77.34,77.34,77.31,5.87896317
2023-06-10 23:35:00,77.23,77.33,77.23,77.3,25.26568048
2023-06-10 23:34:00,77.15,77.33,77.28,77.2,479.87866618
2023-06-10 23:33:00,77.26,77.31,77.3,77.27,28.91843022
2023-06-10 23:32:00,77.28,77.34,77.28,77.28,47.07170836
2023-06-10 23:31:00,77.26,77.35,77.31,77.29,56.55906642
2023-06-10 23:30:00,77.29,77.37,77.34,77.31,304.55244414
2023-06-10 23:29:00,77.31,77.36,77.34,77.34,39.31121959
2023-06-10 23:28:00,77.27,77.37,77.37,77.32,90.51525797
2023-06-10 23:27:00,77.34,77.46,77.42,77.37,66.04294976
2023-06-10 23:26:00,77.39,77.43,77.39,77.42,18.88173678
2023-06-10 23:25:00,77.35,77.47,77.45,77.4,216.9452762
2023-06-10 23:24:00,77.45,77.47,77.47,77.47,15.23197381
2023-06-10 23:23:00,77.46,77.56,77.48,77.47,1043.67102348
2023-06-10 23:22:00,77.44,77.53,77.53,77.5,50.4148605
2023-06-10 23:21:00,77.52,77.56,77.56,77.55,49.87946763
2023-06-10 23:20:00,77.53,77.59,77.55,77.55,210.01527402
2023-06-10 23:19:00,77.56,77.66,77.66,77.56,109.97456871
2023-06-10 23:18:00,77.45,77.64,77.47,77.62,278.52591704
2023-06-10 23:17:00,77.46,77.5,77.48,77.49,40.06841916
2023-06-10 23:16:00,77.45,77.51,77.45,77.46,257.89761213
2023-06-10 23:15:00,77.44,77.52,77.52,77.44,112.04676179
2023-06-10 23:14:00,77.44,77.51,77.5,77.48,28.77578092
2023-06-10 23:13:00,77.41,77.53,77.48,77.53,148.73396284
2023-06-10 23:12:00,77.45,77.51,77.49,77.47,58.92315328
2023-06-10 23:11:00,77.43,77.5,77.44,77.45,110.67794099
2023-06-10 23:10:00,77.4,77.5,77.46,77.46,105.96605686
2023-06-10 23:09:00,77.4,77.5,77.47,77.49,128.39925083
2023-06-10 23:08:00,77.41,77.52,77.41,77.48,50.10369597
2023-06-10 23:07:00,77.36,77.45,77.43,77.39,82.40934577
2023-06-10 23:06:00,77.35,77.44,77.38,77.37,70.94604222
2023-06-10 23:05:00,77.37,77.43,77.43,77.4,91.83604332
2023-06-10 23:04:00,77.37,77.46,77.43,77.46,76.75823883
2023-06-10 23:03:00,77.33,77.52,77.49,77.45,98.38751802
2023-06-10 23:02:00,77.46,77.64,77.53,77.46,110.70278705
2023-06-10 23:01:00,77.4,77.63,77.63,77.5,828.84889014
2023-06-10 23:00:00,77.62,77.77,77.68,77.63,1248.72751741
2023-06-10 22:59:00,77.66,77.7,77.69,77.69,65.94208398
2023-06-10 22:58:00,77.62,77.66,77.63,77.63,61.76672689
2023-06-10 22:57:00,77.6,77.65,77.62,77.62,203.4023654
2023-06-10 22:56:00,77.6,77.7,77.66,77.62,60.77134035
2023-06-10 22:55:00,77.64,77.7,77.7,77.66,205.71406141
2023-06-10 22:54:00,77.64,77.7,77.69,77.7,415.81050501
2023-06-10 22:53:00,77.66,77.7,77.7,77.68,203.70228838
2023-06-10 22:52:00,77.67,77.77,77.77,77.69,98.36346176
2023-06-10 22:51:00,77.72,77.84,77.84,77.79,239.83421085
2023-06-10 22:50:00,77.74,77.84,77.74,77.81,63.98596037
2023-06-10 22:49:00,77.7,77.78,77.73,77.77,11.76453599
2023-06-10 22:48:00,77.69,77.79,77.69,77.77,78.38121539
2023-06-11 08:48:00,78.15,78.21,78.16,78.21,102.30737682
2023-06-11 08:47:00,78.07,78.2,78.2,78.13,264.38919082
2023-06-11 08:46:00,78.19,78.31,78.31,78.19,19.49958863
2023-06-11 08:45:00,78.27,78.3,78.3,78.28,101.29488309
2023-06-11 08:44:00,78.29,78.38,78.33,78.32,84.70832804
2023-06-11 08:43:00,78.3,78.42,78.38,78.34,181.41163245
2023-06-11 08:42:00,78.4,78.49,78.45,78.4,121.64578288
2023-06-11 08:41:00,78.36,78.45,78.39,78.45,183.67404218
2023-06-11 08:40:00,78.37,78.51,78.51,78.37,75.31898
2023-06-11 08:39:00,78.42,78.53,78.43,78.5,62.14237397
2023-06-11 08:38:00,78.43,78.54,78.43,78.43,74.86632242
2023-06-11 08:37:00,78.4,78.53,78.53,78.4,248.63773597
2023-06-11 08:36:00,78.42,78.55,78.44,78.51,898.93977378
2023-06-11 08:35:00,78.21,78.44,78.21,78.44,695.34935982
2023-06-11 08:34:00,78.16,78.25,78.23,78.23,60.92448542
2023-06-11 08:33:00,78.11,78.25,78.11,78.22,266.74717946
2023-06-11 08:32:00,78.0,78.19,78.0,78.12,105.64838002
2023-06-11 08:31:00,77.97,78.31,78.31,77.99,661.29675018
2023-06-11 08:30:00,78.37,78.42,78.39,78.37,19.99606945
2023-06-11 08:29:00,78.4,78.52,78.48,78.4,44.69032167
2023-06-11 08:28:00,78.48,78.56,78.56,78.48,148.53322277
2023-06-11 08:27:00,78.46,78.55,78.48,78.54,157.196191
2023-06-11 08:26:00,78.45,78.53,78.48,78.48,275.23267861
2023-06-11 08:25:00,78.39,78.54,78.4,78.52,314.75464179
2023-06-11 08:24:00,78.26,78.44,78.31,78.41,156.69244573
2023-06-11 08:23:00,78.29,78.36,78.34,78.31,78.51987642
2023-06-11 08:22:00,78.34,78.38,78.38,78.35,35.00237831
2023-06-11 08:21:00,78.34,78.44,78.34,78.44,152.83389145
2023-06-11 08:20:00,78.32,78.45,78.41,78.34,392.50235347
2023-06-11 08:19:00,78.34,78.44,78.35,78.4,200.64041912
2023-06-11 08:18:00,78.2,78.51,78.2,78.42,633.5117257
2023-06-11 08:17:00,78.09,78.28,78.09,78.2,336.85804716
2023-06-11 08:16:00,78.02,78.09,78.02,78.09,97.89147239
2023-06-11 08:15:00,77.91,78.03,78.03,78.0,292.49301437
2023-06-11 08:14:00,78.0,78.08,78.03,78.01,142.9455927
2023-06-11 08:13:00,77.98,78.06,77.99,78.06,320.31879534
2023-06-11 08:12:00,77.99,78.26,78.19,78.0,447.86704835
2023-06-11 08:11:00,77.72,78.2,77.72,78.15,1273.4612063
2023-06-11 08:10:00,77.7,77.82,77.8,77.7,131.02704145
2023-06-11 08:09:00,77.69,77.85,77.69,77.82,245.40361258
2023-06-11 08:08:00,77.67,77.72,77.67,77.68,34.99826232
2023-06-11 08:07:00,77.64,77.67,77.65,77.67,73.86699577
2023-06-11 08:06:00,77.63,77.68,77.63,77.65,121.69190662
2023-06-11 08:05:00,77.58,77.67,77.58,77.65,32.0260165
2023-06-11 08:04:00,77.57,77.64,77.59,77.57,56.25264234
2023-06-11 08:03:00,77.43,77.56,77.52,77.56,345.8415713
2023-06-11 08:02:00,77.47,77.57,77.47,77.53,86.18004653
2023-06-11 08:01:00,77.46,77.49,77.48,77.47,32.01986687
2023-06-11 08:00:00,77.49,77.59,77.59,77.49,38.94630391
2023-06-11 07:59:00,77.49,77.54,77.51,77.54,136.33436296
2023-06-11 07:58:00,77.5,77.56,77.55,77.5,31.14090225
2023-06-11 07:57:00,77.55,77.66,77.64,77.55,79.00375879
2023-06-11 07:56:00,77.6,77.66,77.66,77.64,95.80361895
2023-06-11 07:55:00,77.58,77.67,77.58,77.67,75.78996538
2023-06-11 07:54:00,77.53,77.58,77.53,77.57,34.1708998
2023-06-11 07:53:00,77.53,77.61,77.54,77.53,92.68535811
2023-06-11 07:52:00,77.49,77.55,77.49,77.54,70.88271043
2023-06-11 07:51:00,77.48,77.56,77.56,77.48,40.07890176
2023-06-11 07:50:00,77.49,77.57,77.52,77.57,30.40756736
2023-06-11 07:49:00,77.51,77.54,77.52,77.54,74.80937877
2023-06-11 07:48:00,77.48,77.55,77.51,77.55,17.30129078
2023-06-11 07:47:00,77.5,77.57,77.57,77.51,11.1396018
2023-06-11 07:46:00,77.53,77.57,77.53,77.57,95.07154486
2023-06-11 07:45:00,77.52,77.55,77.52,77.52,83.60038672
2023-06-11 07:44:00,77.5,77.53,77.52,77.52,49.94564383
2023-06-11 07:43:00,77.5,77.6,77.6,77.5,37.52997547
2023-06-11 07:42:00,77.56,77.65,77.65,77.57,24.46467327
2023-06-11 07:41:00,77.6,77.67,77.67,77.6,29.80446845
2023-06-11 07:40:00,77.59,77.69,77.59,77.69,101.20756499
2023-06-11 07:39:00,77.57,77.64,77.64,77.59,38.80564551
2023-06-11 07:38:00,77.61,77.64,77.62,77.64,38.91028386
2023-06-11 07:37:00,77.56,77.61,77.58,77.6,239.81586782
2023-06-11 07:36:00,77.57,77.62,77.6,77.58,494.21506737
2023-06-11 07:35:00,77.62,77.69,77.62,77.64,207.92196516
2023-06-11 07:34:00,77.37,77.71,77.4,77.63,465.63086125
2023-06-11 07:33:00,77.41,77.46,77.45,77.41,158.65612841
2023-06-11 07:32:00,77.46,77.51,77.48,77.47,139.99663797
2023-06-11 07:31:00,77.47,77.58,77.48,77.47,390.76667839
2023-06-11 07:30:00,77.35,77.49,77.41,77.48,303.45949922
2023-06-11 07:29:00,77.38,77.43,77.38,77.42,11.19604772
2023-06-11 07:28:00,77.37,77.4,77.37,77.39,100.92664976
2023-06-11 07:27:00,77.36,77.38,77.36,77.37,47.71656431
2023-06-11 07:26:00,77.37,77.43,77.42,77.37,28.76571699
2023-06-11 07:25:00,77.3,77.43,77.3,77.43,78.47121054
2023-06-11 07:24:00,77.27,77.32,77.31,77.28,178.35683674
2023-06-11 07:23:00,77.3,77.35,77.35,77.3,44.93655547
2023-06-11 07:22:00,77.31,77.37,77.31,77.36,150.13628441
2023-06-11 07:21:00,77.32,77.37,77.37,77.32,2.44645911
2023-06-11 07:20:00,77.35,77.4,77.36,77.35,26.89225421
2023-06-11 07:19:00,77.31,77.35,77.32,77.34,31.54263333
2023-06-11 07:18:00,77.32,77.4,77.34,77.32,121.78381913
2023-06-11 07:17:00,77.33,77.41,77.41,77.33,95.77960324
2023-06-11 07:16:00,77.41,77.51,77.51,77.42,48.18450837
2023-06-11 07:15:00,77.44,77.51,77.49,77.51,181.74755412
2023-06-11 07:14:00,77.46,77.51,77.49,77.51,85.11029381
2023-06-11 07:13:00,77.47,77.49,77.48,77.48,17.51591677
2023-06-11 07:12:00,77.45,77.49,77.46,77.48,152.67432863
2023-06-11 07:11:00,77.45,77.47,77.46,77.46,94.5449442
2023-06-11 07:10:00,77.45,77.49,77.49,77.46,47.09456946
2023-06-11 07:09:00,77.49,77.6,77.55,77.51,81.51346661
2023-06-11 07:08:00,77.54,77.56,77.56,77.55,21.50445106
2023-06-11 07:07:00,77.55,77.58,77.56,77.55,114.77008114
2023-06-11 07:06:00,77.54,77.58,77.58,77.56,114.45140376
2023-06-11 07:05:00,77.55,77.57,77.57,77.57,157.47096306
2023-06-11 07:04:00,77.51,77.57,77.52,77.57,124.13889473
2023-06-11 07:03:00,77.45,77.52,77.45,77.52,21.21808571
2023-06-11 07:02:00,77.44,77.46,77.45,77.44,42.81383544
2023-06-11 07:01:00,77.48,77.52,77.52,77.51,26.22628857
2023-06-11 07:00:00,77.46,77.53,77.46,77.51,113.2962739
2023-06-11 06:59:00,77.43,77.48,77.48,77.45,135.49218126
2023-06-11 06:58:00,77.46,77.51,77.5,77.46,84.08838574
2023-06-11 06:57:00,77.47,77.55,77.54,77.51,32.67350915
2023-06-11 06:56:00,77.51,77.55,77.51,77.54,19.75060523
2023-06-11 06:55:00,77.44,77.49,77.44,77.49,146.65427083
2023-06-11 06:54:00,77.47,77.51,77.47,77.51,12.32512893
2023-06-11 06:53:00,77.42,77.45,77.43,77.45,6.12837175
2023-06-11 06:52:00,77.43,77.54,77.54,77.44,126.1758618
2023-06-11 06:51:00,77.53,77.57,77.54,77.54,129.42032385
2023-06-11 06:50:00,77.51,77.55,77.51,77.53,192.26534178
2023-06-11 06:49:00,77.47,77.54,77.47,77.54,31.831543
2023-06-11 06:48:00,77.49,77.51,77.51,77.49,210.67288971
2023-06-11 06:47:00,77.51,77.56,77.55,77.51,48.22266678
2023-06-11 06:46:00,77.51,77.56,77.54,77.56,87.71975789
2023-06-11 06:45:00,77.51,77.56,77.56,77.53,83.93553537
2023-06-11 06:44:00,77.55,77.61,77.57,77.56,40.77630073
2023-06-11 06:43:00,77.57,77.65,77.63,77.57,74.54447515
2023-06-11 06:42:00,77.58,77.63,77.58,77.63,14.79539301
2023-06-11 06:41:00,77.52,77.58,77.52,77.58,107.95262418
2023-06-11 06:40:00,77.48,77.49,77.49,77.49,80.82832031
2023-06-11 06:39:00,77.44,77.49,77.49,77.47,98.47486449
2023-06-11 06:38:00,77.49,77.54,77.53,77.49,159.2373755
2023-06-11 06:37:00,77.46,77.59,77.46,77.54,462.01901098
2023-06-11 06:36:00,77.41,77.44,77.44,77.44,80.23349414
2023-06-11 06:35:00,77.41,77.49,77.41,77.44,132.04302743
2023-06-11 06:34:00,77.39,77.44,77.39,77.43,30.32772974
2023-06-11 06:33:00,77.36,77.44,77.4,77.37,305.04103992
2023-06-11 06:32:00,77.41,77.5,77.5,77.42,124.88567802
2023-06-11 06:31:00,77.45,77.56,77.56,77.47,132.79948824
2023-06-11 06:30:00,77.55,77.58,77.57,77.57,62.14861989
2023-06-11 06:29:00,77.57,77.61,77.59,77.61,5.37373028
2023-06-11 06:28:00,77.52,77.62,77.53,77.59,131.96326626
2023-06-11 06:27:00,77.51,77.56,77.53,77.55,41.74211398
2023-06-11 06:26:00,77.47,77.55,77.48,77.52,176.6325706
2023-06-11 06:25:00,77.47,77.59,77.59,77.5,63.55525808
2023-06-11 06:24:00,77.51,77.59,77.52,77.59,32.08999476
2023-06-11 06:23:00,77.52,77.6,77.56,77.54,226.0159146
2023-06-11 06:22:00,77.53,77.57,77.57,77.57,52.4945831
2023-06-11 06:21:00,77.56,77.62,77.62,77.57,44.2077157
2023-06-11 06:20:00,77.62,77.74,77.74,77.62,24.7901777
2023-06-11 06:19:00,77.72,77.74,77.73,77.73,17.84003833
2023-06-11 06:18:00,77.7,77.73,77.7,77.7,70.74201471
2023-06-11 06:17:00,77.67,77.7,77.68,77.7,2.2324479
2023-06-11 06:16:00,77.61,77.69,77.61,77.69,118.51200778
2023-06-11 06:15:00,77.55,77.62,77.55,77.62,100.94575669
2023-06-11 06:14:00,77.59,77.64,77.59,77.61,14.96178234
2023-06-11 06:13:00,77.62,77.64,77.64,77.64,63.87848862
2023-06-11 06:12:00,77.58,77.64,77.58,77.64,116.85785935
2023-06-11 06:11:00,77.56,77.59,77.59,77.57,28.29529313
2023-06-11 06:10:00,77.57,77.64,77.63,77.57,55.90576917
2023-06-11 06:09:00,77.58,77.63,77.58,77.63,6.42167313
2023-06-11 06:08:00,77.55,77.61,77.59,77.58,132.3016841
2023-06-11 06:07:00,77.57,77.59,77.57,77.59,22.36064254
2023-06-11 06:06:00,77.56,77.6,77.6,77.56,7.08956059
2023-06-11 06:05:00,77.5,77.6,77.56,77.6,142.78968979
2023-06-11 06:04:00,77.56,77.59,77.57,77.59,36.50913134
2023-06-11 06:03:00,77.51,77.57,77.53,77.51,127.95627664
2023-06-11 06:02:00,77.5,77.6,77.59,77.51,119.19574356
2023-06-11 06:01:00,77.55,77.6,77.57,77.57,229.79295699
2023-06-11 06:00:00,77.39,77.5,77.48,77.5,157.98528249
2023-06-11 05:59:00,77.42,77.49,77.45,77.48,238.25492566
2023-06-11 05:58:00,77.48,77.54,77.52,77.48,62.15495106
2023-06-11 05:57:00,77.46,77.56,77.46,77.52,131.25128518
2023-06-11 05:56:00,77.4,77.49,77.41,77.47,45.04976171
2023-06-11 05:55:00,77.38,77.42,77.39,77.41,206.02185525
2023-06-11 05:54:00,77.38,77.49,77.43,77.38,159.64339311
2023-06-11 05:53:00,77.44,77.53,77.51,77.44,154.89538438
2023-06-11 05:52:00,77.38,77.55,77.38,77.51,337.05635549
2023-06-11 05:51:00,77.37,77.4,77.4,77.4,24.6628474
2023-06-11 05:50:00,77.31,77.4,77.35,77.39,70.90402054
2023-06-11 05:49:00,77.27,77.33,77.28,77.33,69.09119449
2023-06-11 05:48:00,77.28,77.35,77.3,77.28,105.45594211
2023-06-11 05:47:00,77.29,77.32,77.3,77.29,22.32434288
2023-06-11 05:46:00,77.31,77.37,77.37,77.32,54.53596219
2023-06-11 05:45:00,77.37,77.47,77.42,77.37,278.04550124
2023-06-11 05:44:00,77.4,77.44,77.4,77.42,10.21770086
2023-06-11 05:43:00,77.37,77.44,77.38,77.41,43.14251407
2023-06-11 05:42:00,77.36,77.4,77.38,77.4,58.27334016
2023-06-11 05:41:00,77.37,77.51,77.51,77.4,63.56583613
2023-06-11 05:40:00,77.51,77.66,77.56,77.52,341.39197388
2023-06-11 05:39:00,77.49,77.59,77.49,77.58,113.18517778
2023-06-11 05:38:00,77.44,77.52,77.44,77.48,70.92659414
2023-06-11 05:37:00,77.41,77.5,77.41,77.45,101.72705109
2023-06-11 05:36:00,77.41,77.45,77.45,77.41,136.34409591
2023-06-11 05:35:00,77.38,77.45,77.38,77.45,130.89221072
2023-06-11 05:34:00,77.31,77.37,77.37,77.35,46.79134318
2023-06-11 05:33:00,77.35,77.39,77.35,77.39,90.90148698
2023-06-11 05:32:00,77.35,77.44,77.43,77.38,57.31998142
2023-06-11 05:31:00,77.44,77.52,77.48,77.46,385.49600741
2023-06-11 05:30:00,77.48,77.53,77.53,77.48,64.8071664
2023-06-11 05:29:00,77.48,77.61,77.48,77.52,515.58834845
2023-06-11 05:28:00,77.41,77.5,77.43,77.49,109.68755809
2023-06-11 05:27:00,77.41,77.46,77.43,77.42,83.19112975
2023-06-11 05:26:00,77.42,77.47,77.47,77.43,99.77493432
2023-06-11 05:25:00,77.42,77.46,77.46,77.46,272.55558347
2023-06-11 05:24:00,77.43,77.48,77.48,77.47,221.38693624
2023-06-11 05:23:00,77.38,77.49,77.41,77.48,285.1838055
2023-06-11 05:22:00,77.34,77.44,77.35,77.43,150.60961369
2023-06-11 05:21:00,77.31,77.36,77.32,77.35,17.74175206
2023-06-11 05:20:00,77.28,77.33,77.33,77.32,53.77921823
2023-06-11 05:19:00,77.3,77.38,77.38,77.3,70.79835168
2023-06-11 05:18:00,77.32,77.4,77.32,77.38,106.44405659
2023-06-11 05:17:00,77.28,77.36,77.28,77.35,37.08854725
2023-06-11 05:16:00,77.26,77.33,77.33,77.27,112.34397935
2023-06-11 05:15:00,77.34,77.39,77.39,77.36,132.95075548
2023-06-11 05:14:00,77.32,77.4,77.32,77.4,144.99286481
2023-06-11 05:13:00,77.25,77.32,77.27,77.3,26.41890719
2023-06-11 05:12:00,77.23,77.26,77.25,77.25,16.22360295
2023-06-11 05:11:00,77.19,77.25,77.19,77.24,26.53039872
2023-06-11 05:10:00,77.16,77.22,77.19,77.19,84.50214516
2023-06-11 05:09:00,77.17,77.21,77.21,77.18,64.9699606
2023-06-11 05:08:00,77.19,77.24,77.19,77.24,114.71579011
2023-06-11 05:07:00,77.1,77.18,77.12,77.18,71.81458858
2023-06-11 05:06:00,77.09,77.16,77.16,77.1,69.67633758
2023-06-11 05:05:00,77.14,77.2,77.17,77.18,74.79881662
2023-06-11 05:04:00,77.15,77.18,77.17,77.17,63.29181143
2023-06-11 05:03:00,77.13,77.18,77.16,77.17,47.52732236
2023-06-11 05:02:00,77.07,77.15,77.07,77.15,69.71156181
2023-06-11 05:01:00,77.08,77.14,77.12,77.08,104.97161596
2023-06-11 05:00:00,77.03,77.13,77.07,77.06,238.93928626
2023-06-11 04:59:00,77.04,77.13,77.04,77.07,624.17659793
2023-06-11 04:58:00,77.0,77.16,77.15,77.03,143.88679349
2023-06-11 04:57:00,77.03,77.15,77.03,77.15,165.28733745
2023-06-11 04:56:00,76.99,77.03,77.02,77.02,41.82631554
2023-06-11 04:55:00,76.98,77.03,76.98,77.02,21.40248504
2023-06-11 04:54:00,76.98,77.04,77.01,76.98,150.93242511
2023-06-11 04:53:00,76.99,77.03,77.0,77.01,61.64135891
2023-06-11 04:52:00,77.01,77.08,77.02,77.01,331.20330452
2023-06-11 04:51:00,76.99,77.02,77.02,77.02,19.50400663
2023-06-11 04:50:00,76.95,77.03,77.03,77.0,117.56545762
2023-06-11 04:49:00,77.03,77.11,77.11,77.03,30.48541162
2023-06-11 04:48:00,76.97,77.13,76.97,77.11,269.19547248
2023-06-11 04:47:00,76.87,76.97,76.9,76.97,93.13792021
2023-06-11 04:46:00,76.75,76.9,76.78,76.88,93.77354095
2023-06-11 04:45:00,76.67,76.79,76.67,76.78,66.12955238
2023-06-11 04:44:00,76.65,76.7,76.7,76.67,71.7199234
2023-06-11 04:43:00,76.67,76.73,76.67,76.7,30.87378074
2023-06-11 04:42:00,76.63,76.67,76.66,76.67,65.0685978
2023-06-11 04:41:00,76.57,76.67,76.62,76.63,68.82241493
2023-06-11 04:40:00,76.54,76.65,76.57,76.65,55.3917388
2023-06-11 04:39:00,76.58,76.65,76.59,76.59,153.34682925
2023-06-11 04:38:00,76.56,76.63,76.56,76.58,86.79637367
2023-06-11 04:37:00,76.55,76.64,76.56,76.57,164.60507753
2023-06-11 04:36:00,76.32,76.57,76.32,76.57,73.16569801
2023-06-11 04:35:00,76.25,76.4,76.25,76.32,185.50342112
2023-06-11 04:34:00,76.24,76.38,76.3,76.24,330.51489615
2023-06-11 04:33:00,76.26,76.38,76.34,76.28,525.74900069
2023-06-11 04:32:00,76.21,76.4,76.36,76.29,404.95977938
2023-06-11 04:31:00,76.35,76.43,76.4,76.36,106.08586725
2023-06-11 04:30:00,76.41,76.51,76.49,76.41,101.49955576
2023-06-11 04:29:00,76.38,76.54,76.38,76.44,62.05003237
2023-06-11 04:28:00,76.3,76.54,76.53,76.38,326.07779613
2023-06-11 04:27:00,76.49,76.63,76.62,76.52,168.00989774
2023-06-11 04:26:00,76.62,76.69,76.65,76.63,27.3375077
2023-06-11 04:25:00,76.57,76.71,76.58,76.67,141.90531299
2023-06-11 04:24:00,76.53,76.7,76.55,76.6,279.71335677
2023-06-11 04:23:00,76.45,76.75,76.72,76.53,574.77748626
2023-06-11 04:22:00,76.72,76.86,76.86,76.74,54.39779837
2023-06-11 04:21:00,76.79,76.96,76.93,76.85,440.02579426
2023-06-11 04:20:00,76.91,76.99,76.94,76.92,50.65861618
2023-06-11 04:19:00,76.93,77.02,76.97,76.94,93.83624647
2023-06-11 04:18:00,76.97,77.03,77.01,76.97,309.42919368
2023-06-11 04:17:00,77.0,77.08,77.08,77.01,187.33307349
2023-06-11 04:16:00,77.06,77.09,77.07,77.09,17.19379718
2023-06-11 04:15:00,77.05,77.19,77.14,77.06,400.8768671
2023-06-11 04:14:00,77.08,77.15,77.09,77.15,91.05972985
2023-06-11 04:13:00,77.09,77.11,77.09,77.1,9.49314151
2023-06-11 04:12:00,77.08,77.16,77.16,77.08,187.9715539
2023-06-11 04:11:00,77.18,77.25,77.2,77.18,100.99610072
2023-06-11 04:10:00,77.16,77.22,77.2,77.22,45.32660923
2023-06-11 04:09:00,77.14,77.19,77.14,77.19,30.74341102
2023-06-11 04:08:00,77.14,77.23,77.14,77.15,47.01417845
2023-06-11 04:07:00,77.1,77.23,77.23,77.12,93.95639647
2023-06-11 04:06:00,77.21,77.25,77.21,77.21,61.51984101
2023-06-11 04:05:00,77.17,77.22,77.21,77.21,17.27835363
2023-06-11 04:04:00,77.15,77.21,77.15,77.21,46.55117775
2023-06-11 04:03:00,77.1,77.15,77.1,77.15,78.37236041
2023-06-11 04:02:00,77.04,77.1,77.04,77.1,80.63907724
2023-06-11 04:01:00,77.06,77.18,77.18,77.09,71.87818072
2023-06-11 04:00:00,77.21,77.31,77.26,77.21,77.71507988
2023-06-11 03:59:00,77.24,77.27,77.27,77.26,30.63676196
2023-06-11 03:58:00,77.17,77.26,77.17,77.26,59.00232427
2023-06-11 03:57:00,77.17,77.22,77.21,77.19,216.46372554
2023-06-11 03:56:00,77.15,77.18,77.15,77.18,39.50263963
2023-06-11 03:55:00,77.1,77.22,77.2,77.13,113.36278768
2023-06-11 03:54:00,77.12,77.22,77.22,77.19,76.51202453
2023-06-11 03:53:00,77.21,77.25,77.22,77.25,24.24000248
2023-06-11 03:52:00,77.18,77.25,77.18,77.21,120.62401054
2023-06-11 03:51:00,77.18,77.24,77.23,77.18,68.92003199
2023-06-11 03:50:00,77.09,77.19,77.12,77.19,399.79768718
2023-06-11 03:49:00,77.06,77.12,77.07,77.1,130.69555156
2023-06-11 03:48:00,77.04,77.06,77.05,77.05,63.36123783
2023-06-11 13:48:00,77.44,77.55,77.46,77.44,143.525416
2023-06-11 13:47:00,77.24,77.53,77.47,77.49,1499.64606968
2023-06-11 13:46:00,77.44,77.57,77.57,77.45,57.49870075
2023-06-11 13:45:00,77.55,77.61,77.61,77.59,39.51686034
2023-06-11 13:44:00,77.62,77.67,77.63,77.64,31.27622287
2023-06-11 13:43:00,77.56,77.67,77.59,77.67,51.81981426
2023-06-11 13:42:00,77.56,77.66,77.56,77.61,68.84653294
2023-06-11 13:41:00,77.53,77.57,77.54,77.56,3.11176897
2023-06-11 13:40:00,77.46,77.53,77.47,77.53,55.9242829
2023-06-11 13:39:00,77.46,77.59,77.59,77.47,57.20652222
2023-06-11 13:38:00,77.52,77.59,77.52,77.59,133.02263378
2023-06-11 13:37:00,77.51,77.64,77.61,77.54,104.31186815
2023-06-11 13:36:00,77.53,77.63,77.53,77.63,88.11103922
2023-06-11 13:35:00,77.48,77.53,77.48,77.53,37.7880164
2023-06-11 13:34:00,77.49,77.54,77.51,77.51,157.28404726
2023-06-11 13:33:00,77.52,77.69,77.66,77.54,249.05007451
2023-06-11 13:32:00,77.45,77.65,77.45,77.65,90.04603749
2023-06-11 13:31:00,77.39,77.48,77.48,77.45,1466.93043805
2023-06-11 13:30:00,77.5,77.59,77.58,77.5,100.12032803
2023-06-11 13:29:00,77.6,77.66,77.65,77.6,66.18341995
2023-06-11 13:28:00,77.64,77.72,77.65,77.64,291.0849563
2023-06-11 13:27:00,77.6,77.72,77.67,77.72,48.98454816
2023-06-11 13:26:00,77.55,77.71,77.57,77.7,135.72141733
2023-06-11 13:25:00,77.57,77.83,77.83,77.57,98.85970613
2023-06-11 13:24:00,77.86,77.89,77.89,77.86,32.89575878
2023-06-11 13:23:00,77.84,77.9,77.84,77.89,247.64531619
2023-06-11 13:22:00,77.87,77.89,77.89,77.87,10.52025616
2023-06-11 13:21:00,77.84,77.89,77.84,77.89,36.93851464
2023-06-11 13:20:00,77.79,77.81,77.79,77.8,39.2331381
2023-06-11 13:19:00,77.79,77.88,77.88,77.79,198.84817753
2023-06-11 13:18:00,77.87,77.93,77.87,77.91,107.13231253
2023-06-11 13:17:00,77.83,77.87,77.83,77.87,60.28242449
2023-06-11 13:16:00,77.75,77.8,77.79,77.8,23.29083721
2023-06-11 13:15:00,77.69,77.77,77.72,77.77,8.8558188
2023-06-11 13:14:00,77.7,77.74,77.74,77.71,114.12696113
2023-06-11 13:13:00,77.66,77.74,77.66,77.73,127.81106403
2023-06-11 13:12:00,77.64,77.69,77.69,77.67,22.05467703
2023-06-11 13:11:00,77.66,77.74,77.74,77.68,22.67265476
2023-06-11 13:10:00,77.73,77.76,77.76,77.74,31.78609647
2023-06-11 13:09:00,77.7,77.77,77.73,77.73,154.7826866
2023-06-11 13:08:00,77.65,77.73,77.66,77.73,64.3142784
2023-06-11 13:07:00,77.6,77.67,77.62,77.67,499.20135519
2023-06-11 13:06:00,77.59,77.63,77.63,77.63,24.18571346
2023-06-11 13:05:00,77.59,77.61,77.59,77.61,2.64200264
2023-06-11 13:04:00,77.54,77.61,77.58,77.56,224.74412922
2023-06-11 13:03:00,77.61,77.74,77.71,77.61,224.54981478
2023-06-11 13:02:00,77.68,77.72,77.69,77.72,83.30140931
2023-06-11 13:01:00,77.69,77.8,77.77,77.69,180.17449972
2023-06-11 13:00:00,77.67,77.79,77.67,77.76,1207.21458419
2023-06-11 12:59:00,77.66,77.74,77.68,77.66,521.16945477
2023-06-11 12:58:00,77.69,77.78,77.76,77.69,9.76282924
2023-06-11 12:57:00,77.76,77.82,77.79,77.76,14.51980235
2023-06-11 12:56:00,77.77,77.81,77.81,77.8,32.50237634
2023-06-11 12:55:00,77.81,77.88,77.81,77.84,17.15421157
2023-06-11 12:54:00,77.83,77.86,77.84,77.86,5.59930762
2023-06-11 12:53:00,77.8,77.87,77.87,77.81,53.7707281
2023-06-11 12:52:00,77.86,77.91,77.88,77.9,49.86273537
2023-06-11 12:51:00,77.86,77.94,77.94,77.86,5.58798377
2023-06-11 12:50:00,77.91,77.94,77.91,77.92,20.3938421
2023-06-11 12:49:00,77.86,77.89,77.88,77.89,29.2719509
2023-06-11 12:48:00,77.81,77.91,77.86,77.91,218.14107738
2023-06-11 12:47:00,77.84,77.91,77.91,77.84,269.42216277
2023-06-11 12:46:00,77.91,77.97,77.97,77.91,24.7846025
2023-06-11 12:45:00,77.94,78.02,78.02,78.0,67.38244651
2023-06-11 12:44:00,77.99,78.03,78.01,78.02,15.37153959
2023-06-11 12:43:00,77.99,78.05,78.05,77.99,64.38727706
2023-06-11 12:42:00,78.03,78.07,78.05,78.07,32.30989923
2023-06-11 12:41:00,77.98,78.05,77.99,78.04,125.89028144
2023-06-11 12:40:00,77.98,78.11,78.04,77.98,33.75071505
2023-06-11 12:39:00,77.96,78.02,77.99,78.02,14.1621403
2023-06-11 12:38:00,77.96,78.04,77.96,78.01,43.54864154
2023-06-11 12:37:00,77.97,78.09,78.09,78.0,63.62798303
2023-06-11 12:36:00,78.07,78.11,78.09,78.09,31.25112074
2023-06-11 12:35:00,78.01,78.1,78.1,78.1,55.12387701
2023-06-11 12:34:00,78.03,78.07,78.05,78.07,30.44229325
2023-06-11 12:33:00,77.91,78.04,77.94,78.03,61.48172296
2023-06-11 12:32:00,77.93,78.04,78.04,77.93,58.05747848
2023-06-11 12:31:00,78.05,78.28,78.28,78.05,221.20585247
2023-06-11 12:30:00,78.23,78.28,78.24,78.28,23.17262337
2023-06-11 12:29:00,78.21,78.24,78.21,78.24,16.46138159
2023-06-11 12:28:00,78.16,78.2,78.16,78.18,14.06957684
2023-06-11 12:27:00,78.14,78.2,78.19,78.18,77.35193482
2023-06-11 12:26:00,78.21,78.24,78.23,78.24,28.08353896
2023-06-11 12:25:00,78.21,78.27,78.27,78.24,129.27089238
2023-06-11 12:24:00,78.2,78.28,78.2,78.25,13.73824981
2023-06-11 12:23:00,78.14,78.21,78.14,78.18,31.49337027
2023-06-11 12:22:00,78.17,78.21,78.19,78.21,2.86353648
2023-06-11 12:21:00,78.19,78.25,78.19,78.19,36.19444154
2023-06-11 12:20:00,78.12,78.21,78.12,78.21,99.7604282
2023-06-11 12:19:00,78.12,78.14,78.12,78.13,42.7261413
2023-06-11 12:18:00,78.02,78.1,78.05,78.1,68.58748992
2023-06-11 12:17:00,78.05,78.14,78.12,78.05,62.85194781
2023-06-11 12:16:00,78.14,78.17,78.16,78.16,13.0365708
2023-06-11 12:15:00,78.09,78.2,78.2,78.15,109.17318321
2023-06-11 12:14:00,78.19,78.24,78.24,78.19,24.16174003
2023-06-11 12:13:00,78.2,78.24,78.23,78.23,55.15298695
2023-06-11 12:12:00,78.25,78.26,78.26,78.26,23.19787158
2023-06-11 12:11:00,78.23,78.26,78.26,78.25,39.28497667
2023-06-11 12:10:00,78.22,78.27,78.22,78.25,30.34809492
2023-06-11 12:09:00,78.21,78.25,78.23,78.21,157.22884806
2023-06-11 12:08:00,78.21,78.25,78.23,78.23,23.09711227
2023-06-11 12:07:00,78.22,78.25,78.25,78.25,72.06344337
2023-06-11 12:06:00,78.15,78.22,78.18,78.22,200.49085391
2023-06-11 12:05:00,78.17,78.21,78.2,78.18,61.9619177
2023-06-11 12:04:00,78.18,78.23,78.2,78.2,85.03160387
2023-06-11 12:03:00,78.19,78.26,78.26,78.19,68.98496684
2023-06-11 12:02:00,78.2,78.27,78.27,78.24,372.16732367
2023-06-11 12:01:00,78.24,78.32,78.32,78.25,2.21536981
2023-06-11 12:00:00,78.31,78.39,78.31,78.39,82.44540369
2023-06-11 11:59:00,78.29,78.38,78.35,78.29,222.55983189
2023-06-11 11:58:00,78.32,78.36,78.32,78.36,88.09788923
2023-06-11 11:57:00,78.27,78.32,78.32,78.32,176.52920698
2023-06-11 11:56:00,78.33,78.38,78.37,78.33,97.78613141
2023-06-11 11:55:00,78.36,78.4,78.36,78.38,53.92658955
2023-06-11 11:54:00,78.34,78.45,78.45,78.39,176.98559766
2023-06-11 11:53:00,78.41,78.47,78.42,78.45,137.19195079
2023-06-11 11:52:00,78.44,78.46,78.46,78.45,25.35327675
2023-06-11 11:51:00,78.46,78.52,78.46,78.46,25.5431526
2023-06-11 11:50:00,78.37,78.52,78.37,78.44,75.06800515
2023-06-11 11:49:00,78.37,78.41,78.4,78.37,33.62257685
2023-06-11 11:48:00,78.4,78.45,78.45,78.4,36.97258714
2023-06-11 11:47:00,78.4,78.45,78.43,78.45,179.89199276
2023-06-11 11:46:00,78.42,78.45,78.43,78.42,155.28845263
2023-06-11 11:45:00,78.44,78.52,78.52,78.44,96.27952271
2023-06-11 11:44:00,78.5,78.58,78.53,78.51,237.53630965
2023-06-11 11:43:00,78.44,78.53,78.48,78.53,96.36810205
2023-06-11 11:42:00,78.44,78.49,78.49,78.47,69.33668931
2023-06-11 11:41:00,78.48,78.56,78.55,78.5,36.67565872
2023-06-11 11:40:00,78.49,78.58,78.53,78.55,274.95482265
2023-06-11 11:39:00,78.52,78.63,78.63,78.54,179.71155389
2023-06-11 11:38:00,78.59,78.65,78.64,78.63,177.32987985
2023-06-11 11:37:00,78.6,78.66,78.63,78.65,323.09670135
2023-06-11 11:36:00,78.62,78.73,78.69,78.62,369.4011896
2023-06-11 11:35:00,78.67,78.77,78.75,78.69,98.47667433
2023-06-11 11:34:00,78.73,78.78,78.77,78.75,188.01895324
2023-06-11 11:33:00,78.71,78.8,78.79,78.77,51.49839375
2023-06-11 11:32:00,78.79,78.85,78.79,78.79,17.20850103
2023-06-11 11:31:00,78.67,78.76,78.71,78.76,21.88500859
2023-06-11 11:30:00,78.65,78.74,78.74,78.71,55.24234681
2023-06-11 11:29:00,78.69,78.74,78.7,78.74,43.61170726
2023-06-11 11:28:00,78.7,78.74,78.72,78.71,18.26494451
2023-06-11 11:27:00,78.67,78.75,78.67,78.75,13.66734177
2023-06-11 11:26:00,78.67,78.73,78.73,78.67,77.00756297
2023-06-11 11:25:00,78.72,78.76,78.76,78.73,61.2597035
2023-06-11 11:24:00,78.72,78.76,78.72,78.73,30.56404152
2023-06-11 11:23:00,78.7,78.77,78.7,78.73,52.74244831
2023-06-11 11:22:00,78.71,78.8,78.76,78.71,26.68746984
2023-06-11 11:21:00,78.77,78.82,78.79,78.77,67.38870186
2023-06-11 11:20:00,78.7,78.81,78.72,78.81,105.09940434
2023-06-11 11:19:00,78.75,78.79,78.77,78.75,117.73655459
2023-06-11 11:18:00,78.64,78.74,78.69,78.73,81.41050083
2023-06-11 11:17:00,78.59,78.7,78.59,78.69,79.05809765
2023-06-11 11:16:00,78.57,78.62,78.62,78.59,42.72388385
2023-06-11 11:15:00,78.6,78.66,78.64,78.64,32.33951699
2023-06-11 11:14:00,78.6,78.65,78.62,78.65,41.28577915
2023-06-11 11:13:00,78.57,78.64,78.62,78.62,151.87428879
2023-06-11 11:12:00,78.59,78.63,78.62,78.62,55.17332153
2023-06-11 11:11:00,78.61,78.65,78.64,78.63,62.73590548
2023-06-11 11:10:00,78.64,78.66,78.66,78.64,1.12160132
2023-06-11 11:09:00,78.63,78.7,78.63,78.7,42.40939928
2023-06-11 11:08:00,78.64,78.76,78.76,78.65,26.49014496
2023-06-11 11:07:00,78.63,78.69,78.68,78.67,43.72335851
2023-06-11 11:06:00,78.65,78.73,78.65,78.7,29.77187918
2023-06-11 11:05:00,78.63,78.69,78.69,78.65,31.91047019
2023-06-11 11:04:00,78.56,78.68,78.59,78.68,83.40896166
2023-06-11 11:03:00,78.58,78.62,78.58,78.58,53.59237722
2023-06-11 11:02:00,78.54,78.59,78.54,78.57,79.54164848
2023-06-11 11:01:00,78.55,78.58,78.57,78.56,28.31514128
2023-06-11 11:00:00,78.58,78.71,78.7,78.58,45.41018353
2023-06-11 10:59:00,78.69,78.72,78.7,78.69,29.00566887
2023-06-11 10:58:00,78.61,78.71,78.67,78.69,43.52763638
2023-06-11 10:57:00,78.64,78.7,78.69,78.65,204.20292908
2023-06-11 10:56:00,78.59,78.71,78.59,78.71,94.23162081
2023-06-11 10:55:00,78.58,78.66,78.64,78.59,110.03070914
2023-06-11 10:54:00,78.65,78.73,78.69,78.65,92.95121028
2023-06-11 10:53:00,78.58,78.7,78.58,78.67,23.42501639
2023-06-11 10:52:00,78.53,78.6,78.55,78.6,49.88233508
2023-06-11 10:51:00,78.46,78.59,78.51,78.56,280.3124936
2023-06-11 10:50:00,78.51,78.59,78.57,78.51,66.5531903
2023-06-11 10:49:00,78.54,78.65,78.56,78.58,90.93299034
2023-06-11 10:48:00,78.57,78.68,78.64,78.57,114.64998786
2023-06-11 10:47:00,78.54,78.66,78.62,78.66,217.04941692
2023-06-11 10:46:00,78.56,78.77,78.62,78.59,501.94256519
2023-06-11 10:45:00,78.46,78.6,78.48,78.6,65.4672873
2023-06-11 10:44:00,78.46,78.5,78.47,78.47,45.24077925
2023-06-11 10:43:00,78.41,78.47,78.46,78.47,31.40660293
2023-06-11 10:42:00,78.39,78.47,78.46,78.46,246.79019643
2023-06-11 10:41:00,78.25,78.47,78.26,78.46,251.91872639
2023-06-11 10:40:00,78.23,78.26,78.23,78.26,26.87250042
2023-06-11 10:39:00,78.23,78.26,78.26,78.24,61.94848905
2023-06-11 10:38:00,78.22,78.28,78.27,78.25,42.84089949
2023-06-11 10:37:00,78.25,78.27,78.26,78.26,10.97231664
2023-06-11 10:36:00,78.23,78.24,78.23,78.24,23.53954593
2023-06-11 10:35:00,78.18,78.26,78.25,78.24,121.62241229
2023-06-11 10:34:00,78.27,78.31,78.31,78.27,36.46730753
2023-06-11 10:33:00,78.21,78.31,78.23,78.31,84.17526756
2023-06-11 10:32:00,78.22,78.28,78.28,78.23,78.24746197
2023-06-11 10:31:00,78.22,78.26,78.23,78.26,69.41253911
2023-06-11 10:30:00,78.17,78.23,78.17,78.23,35.58515646
2023-06-11 10:29:00,78.18,78.3,78.29,78.18,52.34304343
2023-06-11 10:28:00,78.23,78.3,78.23,78.3,85.01106631
2023-06-11 10:27:00,78.22,78.28,78.24,78.23,62.63723597
2023-06-11 10:26:00,78.22,78.26,78.22,78.25,65.69245353
2023-06-11 10:25:00,78.23,78.28,78.27,78.23,43.92092864
2023-06-11 10:24:00,78.24,78.29,78.29,78.28,42.97426147
2023-06-11 10:23:00,78.28,78.36,78.36,78.31,89.98045167
2023-06-11 10:22:00,78.33,78.36,78.34,78.35,28.72445056
2023-06-11 10:21:00,78.34,78.39,78.38,78.35,100.95031526
2023-06-11 10:20:00,78.31,78.39,78.32,78.38,148.23113903
2023-06-11 10:19:00,78.32,78.34,78.33,78.32,2.85117252
2023-06-11 10:18:00,78.32,78.37,78.36,78.32,143.84769205
2023-06-11 10:17:00,78.32,78.4,78.36,78.38,242.27136145
2023-06-11 10:16:00,78.37,78.42,78.4,78.37,21.71751513
2023-06-11 10:15:00,78.37,78.4,78.39,78.4,51.6687665
2023-06-11 10:14:00,78.32,78.37,78.36,78.35,40.29961877
2023-06-11 10:13:00,78.33,78.37,78.33,78.36,121.31439639
2023-06-11 10:12:00,78.26,78.36,78.26,78.33,163.95666111
2023-06-11 10:11:00,78.24,78.26,78.24,78.26,71.32484822
2023-06-11 10:10:00,78.22,78.25,78.23,78.25,21.16074398
2023-06-11 10:09:00,78.21,78.26,78.24,78.21,91.0938847
2023-06-11 10:08:00,78.17,78.22,78.17,78.22,54.79845218
2023-06-11 10:07:00,78.16,78.19,78.17,78.18,75.86999186
2023-06-11 10:06:00,78.17,78.22,78.21,78.17,15.22190301
2023-06-11 10:05:00,78.2,78.26,78.23,78.2,36.9382995
2023-06-11 10:04:00,78.16,78.24,78.19,78.21,99.35111811
2023-06-11 10:03:00,78.18,78.25,78.25,78.18,254.68281759
2023-06-11 10:02:00,78.2,78.25,78.2,78.22,206.06293263
2023-06-11 10:01:00,78.19,78.27,78.24,78.19,93.91770944
2023-06-11 10:00:00,78.21,78.34,78.24,78.25,286.86234337
2023-06-11 09:59:00,78.17,78.27,78.27,78.23,71.99636629
2023-06-11 09:58:00,78.24,78.33,78.32,78.28,80.40434289
2023-06-11 09:57:00,78.3,78.39,78.37,78.32,260.23856462
2023-06-11 09:56:00,78.29,78.41,78.3,78.35,255.54590022
2023-06-11 09:55:00,78.25,78.31,78.3,78.3,71.56908315
2023-06-11 09:54:00,78.25,78.28,78.26,78.26,23.44785642
2023-06-11 09:53:00,78.24,78.3,78.27,78.28,191.33735821
2023-06-11 09:52:00,78.23,78.26,78.25,78.25,72.66706837
2023-06-11 09:51:00,78.22,78.32,78.32,78.27,142.77616589
2023-06-11 09:50:00,78.32,78.42,78.38,78.33,76.75999577
2023-06-11 09:49:00,78.31,78.39,78.35,78.36,157.78257179
2023-06-11 09:48:00,78.31,78.39,78.39,78.35,207.12156789
2023-06-11 09:47:00,78.34,78.45,78.45,78.36,134.52247383
2023-06-11 09:46:00,78.39,78.5,78.46,78.45,154.12045915
2023-06-11 09:45:00,78.45,78.56,78.55,78.46,170.21167392
2023-06-11 09:44:00,78.54,78.57,78.57,78.55,21.95362817
2023-06-11 09:43:00,78.56,78.58,78.56,78.56,86.96955872
2023-06-11 09:42:00,78.55,78.7,78.7,78.56,57.76112673
2023-06-11 09:41:00,78.6,78.77,78.6,78.7,169.35866187
2023-06-11 09:40:00,78.59,78.66,78.66,78.6,81.51572387
2023-06-11 09:39:00,78.51,78.66,78.51,78.66,85.39419577
2023-06-11 09:38:00,78.53,78.61,78.61,78.54,141.5229533
2023-06-11 09:37:00,78.63,78.75,78.63,78.63,109.66210905
2023-06-11 09:36:00,78.63,78.72,78.69,78.65,101.37690601
2023-06-11 09:35:00,78.7,78.76,78.76,78.72,327.84102884
2023-06-11 09:34:00,78.71,78.93,78.93,78.75,432.15554812
2023-06-11 09:33:00,78.8,79.0,78.8,78.94,409.53498811
2023-06-11 09:32:00,78.68,78.76,78.7,78.76,198.00743053
2023-06-11 09:31:00,78.56,78.72,78.56,78.69,440.49157134
2023-06-11 09:30:00,78.51,78.56,78.55,78.56,98.84280539
2023-06-11 09:29:00,78.51,78.59,78.53,78.55,61.74568135
2023-06-11 09:28:00,78.51,78.56,78.54,78.55,48.34667267
2023-06-11 09:27:00,78.45,78.52,78.45,78.52,81.98512171
2023-06-11 09:26:00,78.41,78.46,78.46,78.44,117.90010006
2023-06-11 09:25:00,78.4,78.48,78.48,78.47,290.08126117
2023-06-11 09:24:00,78.43,78.52,78.44,78.5,146.43055565
2023-06-11 09:23:00,78.34,78.39,78.35,78.39,57.55995277
2023-06-11 09:22:00,78.36,78.44,78.41,78.37,86.54091831
2023-06-11 09:21:00,78.37,78.41,78.41,78.41,39.48919918
2023-06-11 09:20:00,78.36,78.4,78.4,78.39,75.87400092
2023-06-11 09:19:00,78.36,78.41,78.4,78.38,44.17231222
2023-06-11 09:18:00,78.26,78.41,78.27,78.4,148.51315668
2023-06-11 09:17:00,78.19,78.26,78.19,78.26,115.56290737
2023-06-11 09:16:00,78.17,78.23,78.17,78.21,53.49846373
2023-06-11 09:15:00,78.17,78.23,78.21,78.17,15.78780826
2023-06-11 09:14:00,78.18,78.19,78.18,78.19,28.75315594
2023-06-11 09:13:00,78.19,78.25,78.19,78.22,16.03449276
2023-06-11 09:12:00,78.21,78.26,78.21,78.21,63.63234734
2023-06-11 09:11:00,78.2,78.29,78.29,78.21,67.54241983
2023-06-11 09:10:00,78.22,78.32,78.22,78.32,122.35650895
2023-06-11 09:09:00,78.14,78.17,78.15,78.17,3.96298264
2023-06-11 09:08:00,78.13,78.19,78.14,78.19,10.574005
2023-06-11 09:07:00,78.09,78.12,78.1,78.12,54.96902863
2023-06-11 09:06:00,78.11,78.31,78.28,78.11,101.10718473
2023-06-11 09:05:00,78.21,78.3,78.21,78.3,32.21146065
2023-06-11 09:04:00,78.19,78.26,78.26,78.21,18.44141406
2023-06-11 09:03:00,78.21,78.29,78.21,78.28,140.11914686
2023-06-11 09:02:00,78.09,78.24,78.1,78.23,148.24468532
2023-06-11 09:01:00,78.08,78.14,78.11,78.09,112.07993512
2023-06-11 09:00:00,78.02,78.15,78.04,78.11,149.88370003
2023-06-11 08:59:00,77.98,78.08,77.99,78.04,164.73497819
2023-06-11 08:58:00,77.99,78.03,78.03,77.99,98.27859113
2023-06-11 08:57:00,78.01,78.04,78.03,78.04,107.82144565
2023-06-11 08:56:00,78.02,78.09,78.05,78.02,69.51105445
2023-06-11 08:55:00,78.01,78.09,78.01,78.03,114.98054815
2023-06-11 08:54:00,77.98,78.05,78.05,78.02,203.14583185
2023-06-11 08:53:00,78.05,78.13,78.13,78.05,26.82899751
2023-06-11 08:52:00,78.09,78.15,78.15,78.1,155.40418523
2023-06-11 08:51:00,78.14,78.18,78.14,78.14,68.62989041
2023-06-11 08:50:00,78.09,78.18,78.09,78.14,61.37518537
2023-06-11 08:49:00,78.09,78.21,78.21,78.09,173.82211746
2023-06-11 08:48:00,78.15,78.21,78.16,78.21,102.30737682
2023-06-11 18:48:00,78.27,78.29,78.27,78.28,14.26854287
2023-06-11 18:47:00,78.26,78.31,78.3,78.27,9.89388397
2023-06-11 18:46:00,78.31,78.38,78.31,78.31,19.97219006
2023-06-11 18:45:00,78.23,78.32,78.23,78.32,20.5569918
2023-06-11 18:44:00,78.22,78.27,78.27,78.22,17.64819563
2023-06-11 18:43:00,78.27,78.33,78.33,78.28,19.31728293
2023-06-11 18:42:00,78.24,78.31,78.28,78.3,105.80599755
2023-06-11 18:41:00,78.27,78.31,78.3,78.28,30.90081646
2023-06-11 18:40:00,78.3,78.4,78.35,78.32,505.4332737
2023-06-11 18:39:00,78.32,78.34,78.33,78.33,25.08150904
2023-06-11 18:38:00,78.3,78.36,78.36,78.3,166.4487385
2023-06-11 18:37:00,78.27,78.4,78.29,78.4,98.53527385
2023-06-11 18:36:00,78.29,78.37,78.37,78.29,66.6159041
2023-06-11 18:35:00,78.28,78.41,78.28,78.39,142.74196627
2023-06-11 18:34:00,78.23,78.3,78.23,78.25,66.9911737
2023-06-11 18:33:00,78.19,78.25,78.22,78.24,146.00135976
2023-06-11 18:32:00,78.12,78.2,78.15,78.2,52.68225159
2023-06-11 18:31:00,78.14,78.18,78.14,78.15,38.35107983
2023-06-11 18:30:00,78.11,78.22,78.17,78.14,158.35417061
2023-06-11 18:29:00,78.13,78.19,78.15,78.18,219.8304652
2023-06-11 18:28:00,78.13,78.2,78.15,78.15,103.57352126
2023-06-11 18:27:00,78.16,78.24,78.22,78.16,337.78730156
2023-06-11 18:26:00,78.24,78.34,78.34,78.27,1198.05307503
2023-06-11 18:25:00,78.33,78.39,78.33,78.36,10.07604122
2023-06-11 18:24:00,78.28,78.34,78.29,78.33,111.0917768
2023-06-11 18:23:00,78.29,78.34,78.32,78.31,32.2332208
2023-06-11 18:22:00,78.3,78.35,78.34,78.34,43.23883902
2023-06-11 18:21:00,78.32,78.37,78.36,78.35,170.45956132
2023-06-11 18:20:00,78.34,78.44,78.4,78.37,18.21695351
2023-06-11 18:19:00,78.33,78.41,78.39,78.37,170.88878987
2023-06-11 18:18:00,78.37,78.51,78.51,78.37,229.58446654
2023-06-11 18:17:00,78.47,78.59,78.47,78.51,447.96501721
2023-06-11 18:16:00,78.38,78.45,78.43,78.44,78.58385025
2023-06-11 18:15:00,78.33,78.43,78.38,78.43,55.88546763
2023-06-11 18:14:00,78.36,78.4,78.36,78.38,26.7587597
2023-06-11 18:13:00,78.33,78.39,78.37,78.36,81.88384318
2023-06-11 18:12:00,78.3,78.39,78.34,78.34,163.15986217
2023-06-11 18:11:00,78.34,78.39,78.39,78.34,78.62006854
2023-06-11 18:10:00,78.33,78.42,78.39,78.35,52.57409538
2023-06-11 18:09:00,78.33,78.49,78.41,78.39,93.75119119
2023-06-11 18:08:00,78.35,78.47,78.47,78.41,105.82250495
2023-06-11 18:07:00,78.31,78.49,78.31,78.49,86.58938496
2023-06-11 18:06:00,78.25,78.34,78.27,78.33,138.46587927
2023-06-11 18:05:00,78.17,78.25,78.17,78.25,198.74685418
2023-06-11 18:04:00,78.07,78.17,78.09,78.13,359.47282201
2023-06-11 18:03:00,78.03,78.09,78.06,78.08,61.11652789
2023-06-11 18:02:00,78.03,78.11,78.03,78.07,73.71935527
2023-06-11 18:01:00,78.01,78.07,78.07,78.02,27.84827265
2023-06-11 18:00:00,78.09,78.21,78.18,78.09,126.27468754
2023-06-11 17:59:00,78.17,78.22,78.19,78.19,26.87732762
2023-06-11 17:58:00,78.15,78.21,78.15,78.18,54.06634937
2023-06-11 17:57:00,78.13,78.16,78.16,78.14,80.32205351
2023-06-11 17:56:00,78.13,78.18,78.18,78.14,25.55662733
2023-06-11 17:55:00,78.1,78.19,78.1,78.18,40.20165786
2023-06-11 17:54:00,78.13,78.21,78.18,78.13,438.5371977
2023-06-11 17:53:00,78.12,78.2,78.15,78.15,231.87659037
2023-06-11 17:52:00,78.11,78.16,78.11,78.15,371.92146894
2023-06-11 17:51:00,78.09,78.16,78.13,78.14,118.70439717
2023-06-11 17:50:00,78.04,78.12,78.06,78.1,29.72109217
2023-06-11 17:49:00,77.98,78.06,77.99,78.06,181.58891778
2023-06-11 17:48:00,77.93,78.03,77.93,77.98,114.35442925
2023-06-11 17:47:00,77.89,78.01,78.01,77.94,218.79787033
2023-06-11 17:46:00,77.98,78.08,78.01,77.98,300.25677045
2023-06-11 17:45:00,77.96,78.09,78.09,77.99,55.47449461
2023-06-11 17:44:00,78.05,78.11,78.07,78.11,57.02266682
2023-06-11 17:43:00,78.07,78.17,78.11,78.11,26.05278077
2023-06-11 17:42:00,78.01,78.11,78.04,78.11,171.23675373
2023-06-11 17:41:00,78.08,78.23,78.19,78.08,218.32039465
2023-06-11 17:40:00,78.17,78.3,78.29,78.17,348.50555513
2023-06-11 17:39:00,78.28,78.35,78.34,78.32,43.20028554
2023-06-11 17:38:00,78.21,78.38,78.21,78.31,331.25832151
2023-06-11 17:37:00,78.1,78.45,78.18,78.24,1166.75457606
2023-06-11 17:36:00,78.12,78.17,78.14,78.15,70.10565013
2023-06-11 17:35:00,78.1,78.18,78.13,78.14,48.34937659
2023-06-11 17:34:00,78.11,78.21,78.19,78.12,58.56513723
2023-06-11 17:33:00,78.14,78.22,78.17,78.16,183.4576922
2023-06-11 17:32:00,78.17,78.36,78.25,78.17,124.04908472
2023-06-11 17:31:00,78.11,78.2,78.13,78.2,180.32143812
2023-06-11 17:30:00,78.09,78.19,78.19,78.14,117.75149605
2023-06-11 17:29:00,77.99,78.15,77.99,78.13,271.84672197
2023-06-11 17:28:00,77.86,77.99,77.86,77.95,83.23409599
2023-06-11 17:27:00,77.83,77.91,77.84,77.83,98.8185297
2023-06-11 17:26:00,77.78,77.87,77.87,77.84,290.8772702
2023-06-11 17:25:00,77.81,77.87,77.84,77.86,19.18731232
2023-06-11 17:24:00,77.81,77.91,77.91,77.83,286.52917155
2023-06-11 17:23:00,77.8,77.89,77.89,77.88,17.47254154
2023-06-11 17:22:00,77.81,77.88,77.88,77.86,146.64464792
2023-06-11 17:21:00,77.88,78.06,78.03,77.88,34.17539252
2023-06-11 17:20:00,78.05,78.09,78.09,78.05,15.50036673
2023-06-11 17:19:00,78.05,78.1,78.05,78.09,18.63238786
2023-06-11 17:18:00,78.0,78.08,78.02,78.05,100.61982105
2023-06-11 17:17:00,77.99,78.04,78.04,78.01,50.05956096
2023-06-11 17:16:00,77.95,78.04,77.96,78.04,145.49195218
2023-06-11 17:15:00,77.98,78.12,78.12,77.98,157.14545372
2023-06-11 17:14:00,78.13,78.34,78.34,78.13,222.62451008
2023-06-11 17:13:00,78.25,78.36,78.34,78.3,200.65347754
2023-06-11 17:12:00,78.33,78.37,78.37,78.34,101.90016252
2023-06-11 17:11:00,78.25,78.4,78.39,78.36,461.29273897
2023-06-11 17:10:00,78.29,78.38,78.38,78.35,233.32669223
2023-06-11 17:09:00,78.35,78.51,78.38,78.41,94.38937837
2023-06-11 17:08:00,78.11,78.4,78.11,78.34,395.23056295
2023-06-11 17:07:00,78.0,78.1,78.0,78.1,62.62152135
2023-06-11 17:06:00,77.91,78.04,77.92,78.0,356.0642183
2023-06-11 17:05:00,77.9,77.97,77.93,77.93,57.43001684
2023-06-11 17:04:00,77.86,77.93,77.87,77.92,25.5986087
2023-06-11 17:03:00,77.82,77.92,77.9,77.89,321.79494858
2023-06-11 17:02:00,77.89,77.96,77.92,77.89,82.33498328
2023-06-11 17:01:00,77.91,78.0,78.0,77.91,54.40645015
2023-06-11 17:00:00,77.96,78.04,77.98,77.98,63.8746782
2023-06-11 16:59:00,77.96,78.0,78.0,77.99,81.84112583
2023-06-11 16:58:00,77.95,78.02,77.95,78.02,101.0829103
2023-06-11 16:57:00,77.95,77.99,77.96,77.98,81.73332906
2023-06-11 16:56:00,77.95,78.04,77.95,77.97,50.44307119
2023-06-11 16:55:00,77.92,78.11,78.09,77.99,152.02578537
2023-06-11 16:54:00,78.09,78.21,78.2,78.12,45.94098307
2023-06-11 16:53:00,78.13,78.19,78.17,78.18,26.48571654
2023-06-11 16:52:00,78.08,78.18,78.08,78.16,16.31090718
2023-06-11 16:51:00,78.01,78.12,78.04,78.1,155.50114103
2023-06-11 16:50:00,78.01,78.09,78.06,78.04,118.24961392
2023-06-11 16:49:00,78.05,78.13,78.05,78.07,99.22205131
2023-06-11 16:48:00,78.01,78.13,78.01,78.03,21.78744063
2023-06-11 16:47:00,78.03,78.1,78.1,78.04,81.97223866
2023-06-11 16:46:00,78.05,78.13,78.11,78.1,147.25898968
2023-06-11 16:45:00,78.11,78.32,78.25,78.11,239.21742383
2023-06-11 16:44:00,78.16,78.33,78.16,78.29,285.40491025
2023-06-11 16:43:00,78.04,78.16,78.06,78.16,72.78871911
2023-06-11 16:42:00,78.02,78.16,78.16,78.07,149.23330925
2023-06-11 16:41:00,78.02,78.16,78.04,78.16,152.11068694
2023-06-11 16:40:00,78.02,78.07,78.03,78.02,42.89490562
2023-06-11 16:39:00,78.02,78.09,78.04,78.06,23.45337428
2023-06-11 16:38:00,77.99,78.06,78.01,78.01,140.52238344
2023-06-11 16:37:00,77.96,78.01,77.99,78.01,24.58689818
2023-06-11 16:36:00,78.01,78.08,78.05,78.01,74.08642935
2023-06-11 16:35:00,78.04,78.09,78.07,78.06,102.64767896
2023-06-11 16:34:00,78.06,78.13,78.08,78.09,40.76634634
2023-06-11 16:33:00,77.99,78.09,78.02,78.07,290.44739713
2023-06-11 16:32:00,77.94,77.99,77.95,77.99,121.96510186
2023-06-11 16:31:00,77.94,78.08,77.98,77.94,239.53121792
2023-06-11 16:30:00,77.86,78.01,77.9,77.96,478.43614235
2023-06-11 16:29:00,77.88,77.96,77.96,77.91,346.94811697
2023-06-11 16:28:00,77.84,77.97,77.84,77.95,239.68611287
2023-06-11 16:27:00,77.87,77.96,77.9,77.87,154.52047907
2023-06-11 16:26:00,77.86,77.93,77.91,77.92,145.46854445
2023-06-11 16:25:00,77.91,78.11,77.99,77.91,365.08972677
2023-06-11 16:24:00,77.85,77.99,77.94,77.98,214.17971018
2023-06-11 16:23:00,77.89,77.98,77.94,77.94,59.65101381
2023-06-11 16:22:00,77.72,77.95,77.72,77.88,152.5154791
2023-06-11 16:21:00,77.66,78.03,77.89,77.7,379.48306011
2023-06-11 16:20:00,77.84,77.94,77.88,77.91,175.95816755
2023-06-11 16:19:00,77.74,78.06,77.74,77.97,243.15236465
2023-06-11 16:18:00,77.64,77.74,77.64,77.74,67.93052629
2023-06-11 16:17:00,77.62,77.68,77.63,77.64,22.54282249
2023-06-11 16:16:00,77.58,77.66,77.59,77.66,46.21423087
2023-06-11 16:15:00,77.51,77.59,77.51,77.56,31.34037321
2023-06-11 16:14:00,77.39,77.51,77.39,77.49,20.59258307
2023-06-11 16:13:00,77.38,77.49,77.49,77.38,71.40193786
2023-06-11 16:12:00,77.43,77.56,77.56,77.46,157.53720667
2023-06-11 16:11:00,77.51,77.59,77.57,77.59,178.74842536
2023-06-11 16:10:00,77.45,77.57,77.47,77.57,117.93653619
2023-06-11 16:09:00,77.43,77.51,77.5,77.49,276.18438813
2023-06-11 16:08:00,77.5,77.66,77.64,77.52,154.11975009
2023-06-11 16:07:00,77.56,77.68,77.63,77.64,90.24715343
2023-06-11 16:06:00,77.51,77.64,77.51,77.63,60.00555009
2023-06-11 16:05:00,77.31,77.45,77.32,77.45,142.92636262
2023-06-11 16:04:00,77.29,77.38,77.38,77.32,15.96805763
2023-06-11 16:03:00,77.16,77.31,77.17,77.31,238.99080232
2023-06-11 16:02:00,77.12,77.23,77.18,77.13,118.52640064
2023-06-11 16:01:00,77.2,77.3,77.23,77.2,69.02350812
2023-06-11 16:00:00,77.17,77.24,77.2,77.23,57.46452779
2023-06-11 15:59:00,77.21,77.27,77.26,77.21,80.41314256
2023-06-11 15:58:00,77.21,77.25,77.24,77.25,46.28489585
2023-06-11 15:57:00,77.22,77.28,77.28,77.22,56.42699448
2023-06-11 15:56:00,77.23,77.3,77.25,77.29,66.77018637
2023-06-11 15:55:00,77.2,77.26,77.2,77.25,60.14755987
2023-06-11 15:54:00,77.17,77.21,77.18,77.21,45.50036803
2023-06-11 15:53:00,77.17,77.26,77.26,77.22,39.03104932
2023-06-11 15:52:00,77.12,77.27,77.23,77.24,66.24788388
2023-06-11 15:51:00,77.14,77.24,77.14,77.19,73.76246033
2023-06-11 15:50:00,77.15,77.32,77.31,77.15,162.2471286
2023-06-11 15:49:00,77.21,77.32,77.26,77.32,131.37440627
2023-06-11 15:48:00,77.22,77.26,77.25,77.26,57.37202302
2023-06-11 15:47:00,77.25,77.36,77.27,77.26,165.61419774
2023-06-11 15:46:00,77.23,77.27,77.23,77.25,77.01101573
2023-06-11 15:45:00,77.18,77.27,77.18,77.24,213.81556999
2023-06-11 15:44:00,77.2,77.25,77.25,77.21,33.02287162
2023-06-11 15:43:00,77.17,77.24,77.2,77.21,79.09248331
2023-06-11 15:42:00,77.16,77.26,77.25,77.19,354.57431895
2023-06-11 15:41:00,77.25,77.31,77.31,77.25,116.64769392
2023-06-11 15:40:00,77.31,77.37,77.31,77.31,107.35118076
2023-06-11 15:39:00,77.33,77.4,77.4,77.33,166.565917
2023-06-11 15:38:00,77.33,77.38,77.35,77.38,36.18280444
2023-06-11 15:37:00,77.32,77.38,77.35,77.33,204.275487
2023-06-11 15:36:00,77.35,77.46,77.46,77.35,174.26740169
2023-06-11 15:35:00,77.45,77.51,77.5,77.46,121.89534928
2023-06-11 15:34:00,77.49,77.51,77.5,77.51,41.1936162
2023-06-11 15:33:00,77.5,77.58,77.53,77.5,144.81364944
2023-06-11 15:32:00,77.49,77.54,77.5,77.53,88.99878583
2023-06-11 15:31:00,77.47,77.52,77.51,77.49,55.87490226
2023-06-11 15:30:00,77.54,77.57,77.55,77.54,23.19959578
2023-06-11 15:29:00,77.55,77.59,77.57,77.58,49.51687716
2023-06-11 15:28:00,77.61,77.73,77.63,77.61,41.01774311
2023-06-11 15:27:00,77.54,77.62,77.54,77.62,66.50851252
2023-06-11 15:26:00,77.54,77.58,77.55,77.54,33.78972247
2023-06-11 15:25:00,77.52,77.59,77.52,77.54,89.02713572
2023-06-11 15:24:00,77.5,77.57,77.54,77.54,151.28086549
2023-06-11 15:23:00,77.51,77.61,77.61,77.54,198.71931479
2023-06-11 15:22:00,77.6,77.68,77.67,77.61,39.00223321
2023-06-11 15:21:00,77.65,77.74,77.71,77.66,100.7729111
2023-06-11 15:20:00,77.72,77.76,77.72,77.73,23.86624621
2023-06-11 15:19:00,77.71,77.8,77.8,77.75,35.65019966
2023-06-11 15:18:00,77.74,77.78,77.77,77.78,29.47449324
2023-06-11 15:17:00,77.74,77.78,77.78,77.76,45.20785414
2023-06-11 15:16:00,77.75,77.8,77.8,77.77,87.62510736
2023-06-11 15:15:00,77.78,77.84,77.78,77.81,88.59410011
2023-06-11 15:14:00,77.71,77.83,77.77,77.78,391.08957304
2023-06-11 15:13:00,77.74,77.78,77.74,77.77,120.32547341
2023-06-11 15:12:00,77.74,77.79,77.76,77.74,56.13518388
2023-06-11 15:11:00,77.78,77.81,77.79,77.79,16.12613059
2023-06-11 15:10:00,77.83,77.87,77.83,77.84,41.46436746
2023-06-11 15:09:00,77.82,77.88,77.84,77.84,60.41446547
2023-06-11 15:08:00,77.83,77.86,77.84,77.83,32.00569501
2023-06-11 15:07:00,77.76,77.86,77.76,77.83,37.39645083
2023-06-11 15:06:00,77.74,77.79,77.76,77.78,41.85046372
2023-06-11 15:05:00,77.7,77.77,77.7,77.76,95.3708053
2023-06-11 15:04:00,77.67,77.71,77.71,77.7,45.22912138
2023-06-11 15:03:00,77.72,77.78,77.75,77.72,67.81386877
2023-06-11 15:02:00,77.74,77.86,77.84,77.77,32.62659407
2023-06-11 15:01:00,77.8,77.87,77.8,77.85,39.73214402
2023-06-11 15:00:00,77.72,77.81,77.73,77.81,92.16333191
2023-06-11 14:59:00,77.71,77.76,77.71,77.75,20.23161207
2023-06-11 14:58:00,77.69,77.75,77.75,77.7,6.16075523
2023-06-11 14:57:00,77.71,77.77,77.71,77.73,29.93035831
2023-06-11 14:56:00,77.66,77.73,77.67,77.71,65.37076756
2023-06-11 14:55:00,77.59,77.68,77.59,77.68,98.68767536
2023-06-11 14:54:00,77.59,77.62,77.6,77.6,51.6742275
2023-06-11 14:53:00,77.6,77.72,77.72,77.6,201.0210399
2023-06-11 14:52:00,77.73,77.79,77.75,77.73,54.60125408
2023-06-11 14:51:00,77.7,77.74,77.7,77.74,68.77107332
2023-06-11 14:50:00,77.67,77.74,77.71,77.7,20.26138503
2023-06-11 14:49:00,77.7,77.82,77.82,77.71,78.96721038
2023-06-11 14:48:00,77.63,77.82,77.63,77.81,138.76621369
2023-06-11 14:47:00,77.54,77.62,77.59,77.62,75.58949714
2023-06-11 14:46:00,77.45,77.56,77.49,77.56,153.59258529
2023-06-11 14:45:00,77.48,77.58,77.58,77.48,71.95802886
2023-06-11 14:44:00,77.58,77.63,77.59,77.58,48.11760069
2023-06-11 14:43:00,77.59,77.64,77.64,77.59,32.98148686
2023-06-11 14:42:00,77.62,77.66,77.65,77.64,55.15640835
2023-06-11 14:41:00,77.63,77.66,77.63,77.66,3.20886457
2023-06-11 14:40:00,77.53,77.61,77.55,77.57,35.58267961
2023-06-11 14:39:00,77.51,77.56,77.55,77.55,37.37712359
2023-06-11 14:38:00,77.5,77.57,77.5,77.55,73.6430816
2023-06-11 14:37:00,77.46,77.55,77.49,77.48,100.41925041
2023-06-11 14:36:00,77.47,77.53,77.49,77.49,9.39989754
2023-06-11 14:35:00,77.47,77.52,77.5,77.48,61.19886037
2023-06-11 14:34:00,77.45,77.53,77.53,77.52,114.11450286
2023-06-11 14:33:00,77.54,77.63,77.63,77.54,49.21410583
2023-06-11 14:32:00,77.63,77.69,77.69,77.64,8.52479447
2023-06-11 14:31:00,77.65,77.7,77.7,77.68,56.34343904
2023-06-11 14:30:00,77.6,77.71,77.61,77.71,63.36469793
2023-06-11 14:29:00,77.6,77.69,77.67,77.6,84.76486516
2023-06-11 14:28:00,77.59,77.69,77.66,77.65,78.42479122
2023-06-11 14:27:00,77.64,77.66,77.64,77.64,68.09551913
2023-06-11 14:26:00,77.62,77.7,77.66,77.62,60.40312228
2023-06-11 14:25:00,77.6,77.66,77.63,77.66,73.2501831
2023-06-11 14:24:00,77.62,77.68,77.64,77.65,81.04625938
2023-06-11 14:23:00,77.59,77.66,77.63,77.66,69.73802008
2023-06-11 14:22:00,77.6,77.71,77.69,77.65,95.92183366
2023-06-11 14:21:00,77.66,77.7,77.68,77.68,159.52684133
2023-06-11 14:20:00,77.68,77.82,77.82,77.68,371.58714984
2023-06-11 14:19:00,77.78,77.86,77.86,77.81,235.24212923
2023-06-11 14:18:00,77.77,77.97,77.82,77.85,1240.88673786
2023-06-11 14:17:00,77.52,77.81,77.52,77.81,163.06510769
2023-06-11 14:16:00,77.44,77.53,77.49,77.53,111.73574221
2023-06-11 14:15:00,77.47,77.54,77.54,77.49,40.83352886
2023-06-11 14:14:00,77.48,77.53,77.49,77.53,47.42244722
2023-06-11 14:13:00,77.51,77.55,77.55,77.51,53.48383612
2023-06-11 14:12:00,77.4,77.54,77.41,77.54,34.28477976
2023-06-11 14:11:00,77.41,77.49,77.46,77.45,11.16540256
2023-06-11 14:10:00,77.35,77.46,77.38,77.46,63.14989409
2023-06-11 14:09:00,77.35,77.46,77.46,77.36,183.72262253
2023-06-11 14:08:00,77.38,77.47,77.46,77.47,205.59750807
2023-06-11 14:07:00,77.4,77.47,77.42,77.45,38.38749687
2023-06-11 14:06:00,77.42,77.49,77.49,77.42,221.80989439
2023-06-11 14:05:00,77.46,77.51,77.5,77.48,20.58076507
2023-06-11 14:04:00,77.44,77.49,77.46,77.45,37.68079376
2023-06-11 14:03:00,77.31,77.45,77.31,77.41,78.33514206
2023-06-11 14:02:00,77.34,77.39,77.37,77.35,72.53999223
2023-06-11 14:01:00,77.28,77.4,77.31,77.36,133.66705977
2023-06-11 14:00:00,77.15,77.31,77.18,77.3,57.42526587
2023-06-11 13:59:00,77.17,77.25,77.21,77.23,11.99628279
2023-06-11 13:58:00,77.14,77.23,77.23,77.23,31.25965336
2023-06-11 13:57:00,77.16,77.29,77.29,77.21,341.65862447
2023-06-11 13:56:00,77.24,77.37,77.3,77.25,906.55617859
2023-06-11 13:55:00,76.97,77.37,77.27,77.26,2113.59092894
2023-06-11 13:54:00,77.19,77.32,77.32,77.25,112.12025087
2023-06-11 13:53:00,77.24,77.33,77.33,77.3,55.70912467
2023-06-11 13:52:00,77.14,77.35,77.26,77.34,270.6949294
2023-06-11 13:51:00,77.26,77.5,77.45,77.26,85.24363158
2023-06-11 13:50:00,77.45,77.5,77.45,77.45,85.31838927
2023-06-11 13:49:00,77.43,77.5,77.43,77.48,92.59910131
2023-06-11 13:48:00,77.44,77.55,77.46,77.44,143.525416
2023-06-11 23:48:00,77.57,77.65,77.65,77.57,57.32577049
2023-06-11 23:47:00,77.59,77.66,77.59,77.65,49.70036815
2023-06-11 23:46:00,77.54,77.62,77.58,77.61,67.3527365
2023-06-11 23:45:00,77.52,77.58,77.52,77.56,56.30987315
2023-06-11 23:44:00,77.5,77.54,77.5,77.52,49.54023035
2023-06-11 23:43:00,77.47,77.52,77.52,77.51,75.2048429
2023-06-11 23:42:00,77.42,77.52,77.45,77.52,145.59708128
2023-06-11 23:41:00,77.4,77.46,77.4,77.45,17.94913857
2023-06-11 23:40:00,77.4,77.43,77.43,77.42,29.00409978
2023-06-11 23:39:00,77.42,77.49,77.42,77.46,38.53253236
2023-06-11 23:38:00,77.3,77.38,77.33,77.38,40.05446815
2023-06-11 23:37:00,77.31,77.38,77.35,77.34,150.59698318
2023-06-11 23:36:00,77.32,77.39,77.37,77.34,35.68426456
2023-06-11 23:35:00,77.34,77.44,77.36,77.39,52.62900701
2023-06-11 23:34:00,77.33,77.4,77.35,77.35,83.43163448
2023-06-11 23:33:00,77.36,77.46,77.45,77.36,28.55516922
2023-06-11 23:32:00,77.34,77.45,77.35,77.45,64.88279654
2023-06-11 23:31:00,77.19,77.34,77.19,77.34,91.95009493
2023-06-11 23:30:00,77.13,77.32,77.29,77.13,79.91501707
2023-06-11 23:29:00,77.23,77.28,77.23,77.28,30.20352369
2023-06-11 23:28:00,77.21,77.32,77.3,77.21,104.86187575
2023-06-11 23:27:00,77.27,77.34,77.32,77.29,63.54379562
2023-06-11 23:26:00,77.34,77.5,77.46,77.34,116.78454106
2023-06-11 23:25:00,77.48,77.56,77.55,77.48,75.49643113
2023-06-11 23:24:00,77.49,77.53,77.5,77.53,34.70410193
2023-06-11 23:23:00,77.49,77.59,77.56,77.49,117.57222336
2023-06-11 23:22:00,77.58,77.61,77.61,77.59,46.76332081
2023-06-11 23:21:00,77.55,77.64,77.56,77.62,59.42529533
2023-06-11 23:20:00,77.54,77.63,77.61,77.57,97.42851355
2023-06-11 23:19:00,77.54,77.68,77.68,77.6,108.56575593
2023-06-11 23:18:00,77.66,77.7,77.69,77.68,25.63834917
2023-06-11 23:17:00,77.64,77.69,77.65,77.69,98.94437175
2023-06-11 23:16:00,77.63,77.69,77.63,77.66,115.6793263
2023-06-11 23:15:00,77.59,77.67,77.62,77.63,54.72860243
2023-06-11 23:14:00,77.59,77.66,77.65,77.59,66.77815647
2023-06-11 23:13:00,77.59,77.65,77.59,77.65,13.18239432
2023-06-11 23:12:00,77.53,77.63,77.63,77.54,135.17093865
2023-06-11 23:11:00,77.63,77.69,77.69,77.63,42.95306459
2023-06-11 23:10:00,77.67,77.72,77.67,77.68,37.79552198
2023-06-11 23:09:00,77.64,77.67,77.67,77.65,102.92832552
2023-06-11 23:08:00,77.67,77.75,77.74,77.68,110.65485268
2023-06-11 23:07:00,77.57,77.72,77.57,77.72,23.52300778
2023-06-11 23:06:00,77.53,77.61,77.54,77.56,32.67585592
2023-06-11 23:05:00,77.56,77.63,77.61,77.56,238.15160072
2023-06-11 23:04:00,77.51,77.6,77.56,77.6,44.65470682
2023-06-11 23:03:00,77.51,77.57,77.52,77.57,15.83551747
2023-06-11 23:02:00,77.48,77.59,77.5,77.59,45.81632532
2023-06-11 23:01:00,77.5,77.66,77.66,77.5,145.39127081
2023-06-11 23:00:00,77.57,77.69,77.6,77.69,66.14893425
2023-06-11 22:59:00,77.61,77.64,77.61,77.63,24.6950056
2023-06-11 22:58:00,77.56,77.64,77.59,77.61,42.3770408
2023-06-11 22:57:00,77.53,77.6,77.59,77.59,51.91079044
2023-06-11 22:56:00,77.52,77.67,77.67,77.58,137.99508024
2023-06-11 22:55:00,77.59,77.68,77.61,77.67,214.92465619
2023-06-11 22:54:00,77.54,77.6,77.56,77.59,91.28772593
2023-06-11 22:53:00,77.48,77.59,77.59,77.54,49.39532485
2023-06-11 22:52:00,77.53,77.64,77.62,77.58,1052.36635838
2023-06-11 22:51:00,77.44,77.62,77.44,77.59,202.83968371
2023-06-11 22:50:00,77.36,77.5,77.39,77.44,90.599982
2023-06-11 22:49:00,77.36,77.5,77.38,77.41,76.26578281
2023-06-11 22:48:00,77.28,77.41,77.31,77.39,100.18786477
2023-06-11 22:47:00,77.18,77.37,77.26,77.34,177.58997467
2023-06-11 22:46:00,77.08,77.37,77.08,77.25,360.88870148
2023-06-11 22:45:00,76.87,77.1,76.9,77.06,344.33374668
2023-06-11 22:44:00,76.74,76.97,76.92,76.94,915.17618475
2023-06-11 22:43:00,76.88,77.35,77.29,76.96,1481.71207565
2023-06-11 22:42:00,77.19,77.41,77.31,77.29,556.86374982
2023-06-11 22:41:00,77.22,77.62,77.61,77.29,446.63700601
2023-06-11 22:40:00,77.55,77.64,77.6,77.59,154.35914238
2023-06-11 22:39:00,77.49,77.79,77.77,77.59,446.48184218
2023-06-11 22:38:00,77.63,77.81,77.79,77.76,1159.7723489
2023-06-11 22:37:00,77.8,77.95,77.95,77.8,226.29091251
2023-06-11 22:36:00,77.93,78.02,78.02,77.96,168.48944092
2023-06-11 22:35:00,78.04,78.11,78.09,78.04,101.59973403
2023-06-11 22:34:00,78.09,78.11,78.09,78.1,35.25405562
2023-06-11 22:33:00,78.03,78.11,78.05,78.11,25.90508187
2023-06-11 22:32:00,78.0,78.08,78.0,78.08,69.42636876
2023-06-11 22:31:00,77.99,78.1,78.1,77.99,19.87407432
2023-06-11 22:30:00,78.01,78.12,78.01,78.11,54.36885255
2023-06-11 22:29:00,78.02,78.11,78.11,78.03,39.69553428
2023-06-11 22:28:00,78.07,78.1,78.09,78.1,18.50322209
2023-06-11 22:27:00,78.04,78.11,78.1,78.08,101.11163179
2023-06-11 22:26:00,78.1,78.14,78.1,78.13,35.57378757
2023-06-11 22:25:00,78.03,78.13,78.05,78.13,111.1003121
2023-06-11 22:24:00,78.0,78.06,78.03,78.05,39.51984595
2023-06-11 22:23:00,78.0,78.09,78.09,78.05,54.41704226
2023-06-11 22:22:00,78.04,78.12,78.07,78.1,44.13989258
2023-06-11 22:21:00,78.04,78.17,78.14,78.04,245.28648182
2023-06-11 22:20:00,78.15,78.22,78.2,78.16,42.37138251
2023-06-11 22:19:00,78.18,78.24,78.19,78.24,12.14093622
2023-06-11 22:18:00,78.19,78.27,78.27,78.2,52.23671873
2023-06-11 22:17:00,78.24,78.26,78.24,78.26,14.53059488
2023-06-11 22:16:00,78.19,78.24,78.21,78.24,57.72063103
2023-06-11 22:15:00,78.14,78.21,78.15,78.21,151.71642555
2023-06-11 22:14:00,78.16,78.22,78.21,78.16,111.60686765
2023-06-11 22:13:00,78.19,78.22,78.2,78.22,30.35264184
2023-06-11 22:12:00,78.13,78.21,78.13,78.2,178.42996599
2023-06-11 22:11:00,78.13,78.17,78.14,78.14,54.57794655
2023-06-11 22:10:00,78.15,78.19,78.17,78.17,33.42739118
2023-06-11 22:09:00,78.14,78.19,78.14,78.19,130.31076801
2023-06-11 22:08:00,78.13,78.15,78.13,78.14,80.15123753
2023-06-11 22:07:00,78.13,78.19,78.18,78.13,107.28325416
2023-06-11 22:06:00,78.15,78.18,78.16,78.18,29.59128651
2023-06-11 22:05:00,78.09,78.16,78.12,78.15,49.7335156
2023-06-11 22:04:00,78.09,78.14,78.09,78.14,42.32961623
2023-06-11 22:03:00,78.03,78.1,78.08,78.09,97.72442491
2023-06-11 22:02:00,78.06,78.12,78.12,78.08,133.78076663
2023-06-11 22:01:00,78.02,78.14,78.05,78.09,79.23840285
2023-06-11 22:00:00,78.04,78.11,78.06,78.05,389.08333789
2023-06-11 21:59:00,78.04,78.07,78.06,78.06,40.12286524
2023-06-11 21:58:00,78.03,78.07,78.07,78.06,76.76859955
2023-06-11 21:57:00,78.04,78.07,78.07,78.07,20.13837644
2023-06-11 21:56:00,78.06,78.11,78.07,78.06,15.85504012
2023-06-11 21:55:00,77.95,78.11,77.95,78.08,224.99965689
2023-06-11 21:54:00,77.91,77.97,77.92,77.97,110.11932999
2023-06-11 21:53:00,77.88,77.92,77.88,77.92,24.83906176
2023-06-11 21:52:00,77.87,77.91,77.88,77.9,40.90268158
2023-06-11 21:51:00,77.85,77.97,77.95,77.88,74.09384853
2023-06-11 21:50:00,77.9,77.95,77.9,77.95,67.22783599
2023-06-11 21:49:00,77.9,77.96,77.93,77.9,27.19198295
2023-06-11 21:48:00,77.95,77.97,77.95,77.96,5.27335498
2023-06-11 21:47:00,77.97,78.06,78.04,77.97,59.74357044
2023-06-11 21:46:00,78.04,78.07,78.07,78.04,20.24539135
2023-06-11 21:45:00,78.03,78.06,78.05,78.04,15.28800324
2023-06-11 21:44:00,78.02,78.06,78.06,78.05,36.60690985
2023-06-11 21:43:00,78.03,78.08,78.07,78.03,105.24209204
2023-06-11 21:42:00,78.05,78.09,78.05,78.08,27.55194531
2023-06-11 21:41:00,78.02,78.1,78.02,78.08,147.12342993
2023-06-11 21:40:00,77.96,78.03,77.96,78.03,38.34652562
2023-06-11 21:39:00,77.86,77.96,77.89,77.93,150.30639935
2023-06-11 21:38:00,77.91,78.0,77.99,77.91,86.09312907
2023-06-11 21:37:00,77.95,78.03,78.03,77.99,38.00433811
2023-06-11 21:36:00,77.95,78.05,77.95,78.01,185.30801925
2023-06-11 21:35:00,77.92,78.05,77.96,77.92,328.34683488
2023-06-11 21:34:00,77.9,78.02,78.01,77.94,226.80346663
2023-06-11 21:33:00,77.91,78.12,78.12,78.03,723.64696714
2023-06-11 21:32:00,78.12,78.22,78.22,78.14,23.82728651
2023-06-11 21:31:00,78.21,78.27,78.27,78.21,37.7940992
2023-06-11 21:30:00,78.24,78.27,78.24,78.27,8.30432081
2023-06-11 21:29:00,78.22,78.33,78.32,78.24,96.87833908
2023-06-11 21:28:00,78.3,78.36,78.34,78.32,41.57459587
2023-06-11 21:27:00,78.34,78.45,78.45,78.36,184.81800353
2023-06-11 21:26:00,78.43,78.46,78.45,78.43,84.76747786
2023-06-11 21:25:00,78.44,78.45,78.44,78.45,13.31014048
2023-06-11 21:24:00,78.43,78.45,78.43,78.44,38.07904872
2023-06-11 21:23:00,78.43,78.5,78.5,78.45,37.99243693
2023-06-11 21:22:00,78.49,78.52,78.49,78.5,9.52486151
2023-06-11 21:21:00,78.5,78.53,78.51,78.51,68.53065417
2023-06-11 21:20:00,78.45,78.5,78.45,78.5,27.80044704
2023-06-11 21:19:00,78.42,78.44,78.43,78.44,8.8091515
2023-06-11 21:18:00,78.41,78.45,78.41,78.42,25.47392272
2023-06-11 21:17:00,78.38,78.43,78.4,78.39,128.49828373
2023-06-11 21:16:00,78.34,78.4,78.34,78.39,47.98482863
2023-06-11 21:15:00,78.28,78.36,78.29,78.35,117.82570722
2023-06-11 21:14:00,78.27,78.32,78.32,78.32,48.39396006
2023-06-11 21:13:00,78.32,78.38,78.35,78.32,89.02561798
2023-06-11 21:12:00,78.34,78.38,78.34,78.35,184.44119275
2023-06-11 21:11:00,78.31,78.34,78.34,78.33,95.24972256
2023-06-11 21:10:00,78.33,78.38,78.33,78.34,86.5396535
2023-06-11 21:09:00,78.31,78.36,78.31,78.34,126.7467192
2023-06-11 21:08:00,78.28,78.32,78.28,78.31,73.02011914
2023-06-11 21:07:00,78.29,78.36,78.36,78.3,59.31645196
2023-06-11 21:06:00,78.32,78.47,78.44,78.38,224.74059928
2023-06-11 21:05:00,78.46,78.5,78.46,78.47,62.17473307
2023-06-11 21:04:00,78.43,78.47,78.43,78.45,69.17824571
2023-06-11 21:03:00,78.37,78.43,78.38,78.42,72.46257937
2023-06-11 21:02:00,78.33,78.38,78.34,78.38,10.57145712
2023-06-11 21:01:00,78.3,78.34,78.3,78.32,20.04888692
2023-06-11 21:00:00,78.27,78.45,78.37,78.28,104.09413493
2023-06-11 20:59:00,78.32,78.36,78.32,78.35,33.379241
2023-06-11 20:58:00,78.29,78.33,78.32,78.31,24.49551072
2023-06-11 20:57:00,78.29,78.32,78.31,78.32,61.77297857
2023-06-11 20:56:00,78.3,78.38,78.36,78.3,58.59457342
2023-06-11 20:55:00,78.32,78.36,78.32,78.35,32.38009867
2023-06-11 20:54:00,78.3,78.4,78.34,78.31,64.74181284
2023-06-11 20:53:00,78.33,78.35,78.33,78.34,35.52023767
2023-06-11 20:52:00,78.31,78.35,78.32,78.31,17.46613294
2023-06-11 20:51:00,78.32,78.37,78.35,78.32,63.62623332
2023-06-11 20:50:00,78.34,78.39,78.34,78.35,50.01602826
2023-06-11 20:49:00,78.32,78.37,78.37,78.34,51.16206788
2023-06-11 20:48:00,78.33,78.39,78.35,78.36,126.51472786
2023-06-11 20:47:00,78.27,78.33,78.32,78.33,73.9099918
2023-06-11 20:46:00,78.24,78.34,78.34,78.3,214.05070653
2023-06-11 20:45:00,78.35,78.48,78.45,78.35,75.21847138
2023-06-11 20:44:00,78.44,78.47,78.46,78.44,18.95454261
2023-06-11 20:43:00,78.44,78.5,78.5,78.45,63.56873583
2023-06-11 20:42:00,78.41,78.5,78.41,78.48,166.13471573
2023-06-11 20:41:00,78.37,78.45,78.45,78.39,59.91261564
2023-06-11 20:40:00,78.39,78.47,78.39,78.45,85.57137007
2023-06-11 20:39:00,78.36,78.41,78.37,78.39,28.26873927
2023-06-11 20:38:00,78.35,78.4,78.38,78.37,40.43981094
2023-06-11 20:37:00,78.34,78.4,78.4,78.39,55.98140871
2023-06-11 20:36:00,78.4,78.44,78.41,78.4,9.65755707
2023-06-11 20:35:00,78.38,78.46,78.41,78.43,75.03362161
2023-06-11 20:34:00,78.35,78.43,78.39,78.43,81.20198139
2023-06-11 20:33:00,78.38,78.43,78.38,78.38,32.35051947
2023-06-11 20:32:00,78.37,78.46,78.45,78.39,186.2934793
2023-06-11 20:31:00,78.41,78.46,78.43,78.42,93.94043924
2023-06-11 20:30:00,78.48,78.53,78.51,78.5,22.90596795
2023-06-11 20:29:00,78.48,78.51,78.5,78.49,27.65992533
2023-06-11 20:28:00,78.48,78.53,78.51,78.51,50.8375554
2023-06-11 20:27:00,78.51,78.58,78.57,78.52,131.35184736
2023-06-11 20:26:00,78.59,78.66,78.62,78.6,93.52323715
2023-06-11 20:25:00,78.58,78.72,78.72,78.61,508.30301141
2023-06-11 20:24:00,78.7,78.8,78.78,78.7,19.0208817
2023-06-11 20:23:00,78.73,78.81,78.8,78.76,30.86634801
2023-06-11 20:22:00,78.82,78.91,78.84,78.83,63.89355897
2023-06-11 20:21:00,78.72,78.86,78.72,78.85,134.75144787
2023-06-11 20:20:00,78.66,78.72,78.69,78.72,29.82157327
2023-06-11 20:19:00,78.64,78.69,78.69,78.69,69.17516748
2023-06-11 20:18:00,78.64,78.76,78.64,78.75,57.38981465
2023-06-11 20:17:00,78.6,78.7,78.64,78.67,87.15695922
2023-06-11 20:16:00,78.61,78.82,78.82,78.64,132.80870676
2023-06-11 20:15:00,78.82,78.99,78.92,78.82,20.37804535
2023-06-11 20:14:00,78.93,79.0,78.97,78.94,84.25900788
2023-06-11 20:13:00,78.86,78.96,78.88,78.95,58.74874623
2023-06-11 20:12:00,78.81,78.98,78.98,78.87,88.86000006
2023-06-11 20:11:00,78.83,78.98,78.87,78.94,374.17882133
2023-06-11 20:10:00,78.71,78.93,78.76,78.89,238.22530181
2023-06-11 20:09:00,78.66,78.77,78.72,78.76,53.03321917
2023-06-11 20:08:00,78.64,78.74,78.64,78.69,186.91690784
2023-06-11 20:07:00,78.6,78.7,78.61,78.7,151.53321801
2023-06-11 20:06:00,78.56,78.64,78.62,78.62,152.80252028
2023-06-11 20:05:00,78.53,78.66,78.56,78.63,121.54089424
2023-06-11 20:04:00,78.48,78.56,78.48,78.56,77.7662742
2023-06-11 20:03:00,78.46,78.55,78.54,78.48,96.47434481
2023-06-11 20:02:00,78.44,78.55,78.47,78.54,98.53214792
2023-06-11 20:01:00,78.41,78.52,78.42,78.47,599.36585424
2023-06-11 20:00:00,78.34,78.42,78.41,78.41,61.95998431
2023-06-11 19:59:00,78.39,78.42,78.41,78.4,55.20697818
2023-06-11 19:58:00,78.4,78.44,78.42,78.42,151.92399731
2023-06-11 19:57:00,78.41,78.51,78.5,78.43,236.83282244
2023-06-11 19:56:00,78.46,78.52,78.5,78.52,25.27302869
2023-06-11 19:55:00,78.44,78.51,78.48,78.5,40.68824397
2023-06-11 19:54:00,78.42,78.49,78.43,78.47,427.18503561
2023-06-11 19:53:00,78.4,78.5,78.5,78.44,101.24585796
2023-06-11 19:52:00,78.46,78.52,78.5,78.47,26.0814369
2023-06-11 19:51:00,78.49,78.56,78.56,78.51,78.69113552
2023-06-11 19:50:00,78.51,78.56,78.53,78.53,46.90281459
2023-06-11 19:49:00,78.53,78.56,78.54,78.56,69.59827609
2023-06-11 19:48:00,78.51,78.64,78.64,78.54,31.91323232
2023-06-11 19:47:00,78.61,78.71,78.61,78.65,160.93209027
2023-06-11 19:46:00,78.58,78.63,78.63,78.62,78.17931353
2023-06-11 19:45:00,78.6,78.65,78.65,78.64,50.32990634
2023-06-11 19:44:00,78.61,78.69,78.65,78.65,118.36183799
2023-06-11 19:43:00,78.61,78.73,78.63,78.65,49.98891458
2023-06-11 19:42:00,78.59,78.65,78.63,78.61,24.43780566
2023-06-11 19:41:00,78.61,78.71,78.64,78.61,47.5348693
2023-06-11 19:40:00,78.6,78.73,78.72,78.6,91.13028158
2023-06-11 19:39:00,78.54,78.77,78.54,78.73,616.78940465
2023-06-11 19:38:00,78.52,78.62,78.52,78.54,21.88474865
2023-06-11 19:37:00,78.49,78.6,78.6,78.51,171.69968673
2023-06-11 19:36:00,78.6,78.7,78.66,78.6,58.811396
2023-06-11 19:35:00,78.6,78.66,78.62,78.66,57.62095846
2023-06-11 19:34:00,78.55,78.63,78.55,78.63,24.43065418
2023-06-11 19:33:00,78.53,78.57,78.56,78.53,22.06575213
2023-06-11 19:32:00,78.51,78.55,78.51,78.55,27.29216259
2023-06-11 19:31:00,78.47,78.54,78.47,78.54,50.54529321
2023-06-11 19:30:00,78.44,78.58,78.54,78.46,210.13689329
2023-06-11 19:29:00,78.45,78.55,78.46,78.54,47.02490505
2023-06-11 19:28:00,78.44,78.5,78.48,78.47,31.18746095
2023-06-11 19:27:00,78.44,78.49,78.45,78.46,24.00906181
2023-06-11 19:26:00,78.42,78.53,78.53,78.45,365.10321673
2023-06-11 19:25:00,78.45,78.6,78.47,78.53,93.94051389
2023-06-11 19:24:00,78.41,78.47,78.46,78.47,46.10044006
2023-06-11 19:23:00,78.41,78.53,78.47,78.43,212.05336075
2023-06-11 19:22:00,78.37,78.43,78.38,78.38,38.99540845
2023-06-11 19:21:00,78.33,78.39,78.38,78.34,39.87320795
2023-06-11 19:20:00,78.17,78.47,78.18,78.42,247.44068045
2023-06-11 19:19:00,78.16,78.22,78.22,78.19,90.95601111
2023-06-11 19:18:00,78.21,78.25,78.22,78.22,63.70722905
2023-06-11 19:17:00,78.22,78.29,78.23,78.25,14.57310937
2023-06-11 19:16:00,78.2,78.25,78.25,78.22,23.04602979
2023-06-11 19:15:00,78.19,78.29,78.19,78.26,302.19666406
2023-06-11 19:14:00,78.18,78.21,78.18,78.2,10.38065625
2023-06-11 19:13:00,78.14,78.17,78.16,78.17,22.51496357
2023-06-11 19:12:00,78.1,78.15,78.12,78.15,27.96237041
2023-06-11 19:11:00,78.08,78.13,78.13,78.1,47.14680564
2023-06-11 19:10:00,78.11,78.15,78.12,78.12,37.84724311
2023-06-11 19:09:00,78.1,78.13,78.13,78.1,22.54898412
2023-06-11 19:08:00,78.09,78.13,78.12,78.09,122.85953553
2023-06-11 19:07:00,78.02,78.09,78.02,78.09,254.82940519
2023-06-11 19:06:00,78.01,78.05,78.05,78.02,70.18978005
2023-06-11 19:05:00,78.0,78.05,78.02,78.05,129.263925
2023-06-11 19:04:00,77.97,78.04,78.03,78.01,271.99901363
2023-06-11 19:03:00,78.03,78.07,78.06,78.04,20.94264672
2023-06-11 19:02:00,78.05,78.11,78.11,78.05,43.90148412
2023-06-11 19:01:00,78.08,78.18,78.16,78.1,38.48379758
2023-06-11 19:00:00,78.17,78.23,78.17,78.18,46.11593456
2023-06-11 18:59:00,78.1,78.17,78.11,78.17,53.05722548
2023-06-11 18:58:00,78.09,78.14,78.09,78.13,25.39739935
2023-06-11 18:57:00,78.08,78.14,78.12,78.14,40.16951331
2023-06-11 18:56:00,78.1,78.17,78.15,78.12,14.77739571
2023-06-11 18:55:00,78.13,78.18,78.16,78.13,101.39971295
2023-06-11 18:54:00,78.13,78.17,78.15,78.17,17.97087235
2023-06-11 18:53:00,78.1,78.2,78.14,78.19,142.36480771
2023-06-11 18:52:00,78.11,78.16,78.16,78.13,84.38354175
2023-06-11 18:51:00,78.14,78.28,78.28,78.14,66.98292896
2023-06-11 18:50:00,78.25,78.3,78.28,78.25,151.5516416
2023-06-11 18:49:00,78.26,78.33,78.3,78.28,93.21980028
2023-06-11 18:48:00,78.27,78.29,78.27,78.28,14.26854287
2023-06-12 04:48:00,76.27,76.33,76.28,76.27,54.44482734
2023-06-12 04:47:00,76.27,76.33,76.33,76.3,71.82683344
2023-06-12 04:46:00,76.34,76.38,76.37,76.36,26.2571815
2023-06-12 04:45:00,76.37,76.42,76.38,76.37,112.40806214
2023-06-12 04:44:00,76.43,76.57,76.57,76.43,329.13698119
2023-06-12 04:43:00,76.41,76.57,76.41,76.52,552.41274785
2023-06-12 04:42:00,76.31,76.41,76.35,76.41,444.15688325
2023-06-12 04:41:00,76.23,76.29,76.23,76.29,69.33868372
2023-06-12 04:40:00,76.22,76.3,76.26,76.23,141.82359387
2023-06-12 04:39:00,76.24,76.26,76.24,76.25,13.98837556
2023-06-12 04:38:00,76.16,76.25,76.16,76.25,123.48811621
2023-06-12 04:37:00,76.14,76.18,76.16,76.15,11.0234312
2023-06-12 04:36:00,76.16,76.2,76.18,76.2,9.1522826
2023-06-12 04:35:00,76.17,76.22,76.2,76.21,93.50726555
2023-06-12 04:34:00,76.13,76.19,76.18,76.19,49.02278207
2023-06-12 04:33:00,76.16,76.27,76.27,76.16,57.2471014
2023-06-12 04:32:00,76.23,76.33,76.23,76.28,32.47814334
2023-06-12 04:31:00,76.17,76.24,76.2,76.21,282.354007
2023-06-12 04:30:00,76.15,76.21,76.18,76.2,62.2399079
2023-06-12 04:29:00,76.17,76.21,76.2,76.18,34.7040404
2023-06-12 04:28:00,76.16,76.29,76.29,76.16,185.21406585
2023-06-12 04:27:00,76.21,76.3,76.21,76.29,7.20239058
2023-06-12 04:26:00,76.17,76.25,76.24,76.21,79.09570824
2023-06-12 04:25:00,76.2,76.27,76.22,76.24,9.84521407
2023-06-12 04:24:00,76.2,76.25,76.21,76.21,81.16126206
2023-06-12 04:23:00,76.15,76.23,76.18,76.23,36.22544822
2023-06-12 04:22:00,76.23,76.27,76.23,76.24,95.26406925
2023-06-12 04:21:00,76.14,76.21,76.17,76.21,224.80892261
2023-06-12 04:20:00,76.15,76.21,76.15,76.17,16.33180628
2023-06-12 04:19:00,76.19,76.3,76.24,76.19,169.01290119
2023-06-12 04:18:00,76.11,76.25,76.23,76.25,426.6642741
2023-06-12 04:17:00,76.26,76.33,76.26,76.27,185.93596211
2023-06-12 04:16:00,76.23,76.27,76.27,76.24,37.58644788
2023-06-12 04:15:00,76.18,76.26,76.19,76.26,92.95286371
2023-06-12 04:14:00,76.18,76.22,76.22,76.19,18.70337359
2023-06-12 04:13:00,76.22,76.33,76.31,76.25,46.68495416
2023-06-12 04:12:00,76.25,76.31,76.25,76.31,24.78188859
2023-06-12 04:11:00,76.24,76.26,76.25,76.25,88.08384764
2023-06-12 04:10:00,76.2,76.29,76.27,76.22,331.74033784
2023-06-12 04:09:00,76.24,76.29,76.24,76.26,64.5024569
2023-06-12 04:08:00,76.13,76.24,76.13,76.24,13.62320146
2023-06-12 04:07:00,76.02,76.14,76.03,76.14,109.83047803
2023-06-12 04:06:00,76.03,76.13,76.1,76.05,140.83422699
2023-06-12 04:05:00,76.11,76.17,76.16,76.12,87.95550321
2023-06-12 04:04:00,76.18,76.39,76.32,76.18,112.04150644
2023-06-12 04:03:00,76.29,76.37,76.32,76.32,190.88206588
2023-06-12 04:02:00,76.17,76.31,76.17,76.31,123.61910705
2023-06-12 04:01:00,76.13,76.19,76.16,76.15,84.64001434
2023-06-12 04:00:00,76.15,76.22,76.17,76.16,16.29926338
2023-06-12 03:59:00,76.15,76.2,76.16,76.17,135.55845855
2023-06-12 03:58:00,76.15,76.22,76.22,76.15,19.79699683
2023-06-12 03:57:00,76.18,76.23,76.18,76.2,17.74885351
2023-06-12 03:56:00,76.14,76.26,76.26,76.18,68.12679149
2023-06-12 03:55:00,76.15,76.24,76.16,76.24,75.7254192
2023-06-12 03:54:00,76.06,76.15,76.08,76.14,34.58540776
2023-06-12 03:53:00,76.07,76.12,76.12,76.08,14.12667429
2023-06-12 03:52:00,76.05,76.11,76.1,76.09,64.43520991
2023-06-12 03:51:00,76.1,76.2,76.2,76.11,43.79682128
2023-06-12 03:50:00,76.12,76.19,76.16,76.19,7.79156757
2023-06-12 03:49:00,76.15,76.21,76.2,76.17,42.45375905
2023-06-12 03:48:00,76.15,76.21,76.18,76.18,123.76451649
2023-06-12 03:47:00,76.17,76.26,76.26,76.17,30.78935807
2023-06-12 03:46:00,76.24,76.29,76.26,76.27,17.79031262
2023-06-12 03:45:00,76.22,76.36,76.36,76.25,46.0539924
2023-06-12 03:44:00,76.27,76.33,76.29,76.29,67.15642988
2023-06-12 03:43:00,76.29,76.34,76.31,76.31,23.68017386
2023-06-12 03:42:00,76.27,76.33,76.33,76.3,23.22130286
2023-06-12 03:41:00,76.3,76.39,76.32,76.32,63.85236947
2023-06-12 03:40:00,76.27,76.34,76.33,76.3,107.23849138
2023-06-12 03:39:00,76.31,76.38,76.31,76.34,145.07146039
2023-06-12 03:38:00,76.33,76.43,76.34,76.33,36.32986256
2023-06-12 03:37:00,76.26,76.3,76.3,76.28,29.99838711
2023-06-12 03:36:00,76.21,76.34,76.21,76.27,61.30378493
2023-06-12 03:35:00,76.19,76.23,76.19,76.22,67.74417802
2023-06-12 03:34:00,76.1,76.22,76.1,76.22,175.59665203
2023-06-12 03:33:00,76.11,76.24,76.2,76.11,108.70692083
2023-06-12 03:32:00,76.2,76.25,76.23,76.2,284.99031107
2023-06-12 03:31:00,76.23,76.31,76.23,76.25,59.32928208
2023-06-12 03:30:00,76.2,76.27,76.23,76.21,35.68050842
2023-06-12 03:29:00,76.21,76.26,76.24,76.21,74.66917996
2023-06-12 03:28:00,76.2,76.24,76.21,76.23,388.47932811
2023-06-12 03:27:00,76.11,76.2,76.11,76.2,57.6233186
2023-06-12 03:26:00,76.05,76.11,76.05,76.09,55.04863139
2023-06-12 03:25:00,76.03,76.08,76.06,76.04,188.63757669
2023-06-12 03:24:00,76.03,76.07,76.03,76.04,28.39297706
2023-06-12 03:23:00,75.97,76.04,76.04,76.03,134.77165627
2023-06-12 03:22:00,75.92,76.02,75.94,76.02,52.86282356
2023-06-12 03:21:00,75.84,75.96,75.93,75.96,108.42484271
2023-06-12 03:20:00,75.89,75.97,75.93,75.91,351.72873519
2023-06-12 03:19:00,75.89,76.08,75.94,75.93,810.75655924
2023-06-12 03:18:00,75.94,76.02,76.0,75.96,173.55600279
2023-06-12 03:17:00,75.85,76.0,75.85,76.0,72.87716684
2023-06-12 03:16:00,75.8,75.89,75.88,75.8,35.39836026
2023-06-12 03:15:00,75.75,75.85,75.75,75.84,43.01368606
2023-06-12 03:14:00,75.75,75.93,75.9,75.76,42.34815612
2023-06-12 03:13:00,75.79,75.89,75.82,75.89,39.29324547
2023-06-12 03:12:00,75.74,75.87,75.74,75.85,16.65845549
2023-06-12 03:11:00,75.76,75.88,75.88,75.79,96.74663552
2023-06-12 03:10:00,75.76,75.91,75.78,75.9,173.09103117
2023-06-12 03:09:00,75.71,75.85,75.85,75.81,34.92168338
2023-06-12 03:08:00,75.74,75.83,75.76,75.78,93.58461018
2023-06-12 03:07:00,75.73,75.87,75.85,75.74,102.94227117
2023-06-12 03:06:00,75.88,76.07,76.0,75.89,248.85490942
2023-06-12 03:05:00,75.85,75.96,75.9,75.93,138.39465436
2023-06-12 03:04:00,75.84,75.96,75.88,75.91,119.32116211
2023-06-12 03:03:00,75.74,75.91,75.77,75.9,336.17691764
2023-06-12 03:02:00,75.71,75.78,75.76,75.74,692.28146497
2023-06-12 03:01:00,75.71,75.8,75.71,75.73,885.82153884
2023-06-12 03:00:00,75.62,75.77,75.7,75.7,208.99832996
2023-06-12 02:59:00,75.7,75.86,75.81,75.7,283.43565192
2023-06-12 02:58:00,75.7,75.81,75.79,75.81,196.7838439
2023-06-12 02:57:00,75.77,75.97,75.9,75.84,306.57968426
2023-06-12 02:56:00,75.9,76.07,76.07,75.9,426.3640601
2023-06-12 02:55:00,76.03,76.32,76.13,76.05,790.46271333
2023-06-12 02:54:00,76.02,76.13,76.03,76.05,87.2413936
2023-06-12 02:53:00,75.93,76.12,76.11,75.97,327.07196987
2023-06-12 02:52:00,75.77,76.09,75.82,76.08,588.10301242
2023-06-12 02:51:00,75.7,75.9,75.9,75.81,329.27741306
2023-06-12 02:50:00,75.48,75.91,75.59,75.9,982.12952267
2023-06-12 02:49:00,75.56,75.88,75.8,75.62,603.34496056
2023-06-12 02:48:00,75.76,76.02,75.83,75.8,1204.72898005
2023-06-12 02:47:00,75.6,75.89,75.62,75.85,1210.78380971
2023-06-12 02:46:00,75.63,76.07,76.07,75.68,789.02024223
2023-06-12 02:45:00,76.11,76.25,76.2,76.11,74.33771692
2023-06-12 02:44:00,76.18,76.31,76.31,76.18,305.90541406
2023-06-12 02:43:00,76.24,76.34,76.32,76.29,126.67665428
2023-06-12 02:42:00,76.25,76.37,76.28,76.33,74.71575139
2023-06-12 02:41:00,76.29,76.35,76.32,76.3,314.61335554
2023-06-12 02:40:00,76.28,76.34,76.3,76.34,122.69694446
2023-06-12 02:39:00,76.2,76.32,76.26,76.28,441.18732656
2023-06-12 02:38:00,76.17,76.28,76.24,76.24,94.13477019
2023-06-12 02:37:00,76.18,76.3,76.27,76.25,47.3642869
2023-06-12 02:36:00,76.15,76.31,76.25,76.24,220.71238283
2023-06-12 02:35:00,76.14,76.3,76.14,76.21,199.82929297
2023-06-12 02:34:00,76.11,76.2,76.2,76.11,67.52219309
2023-06-12 02:33:00,76.15,76.28,76.19,76.19,126.6977244
2023-06-12 02:32:00,76.09,76.2,76.15,76.2,163.83415706
2023-06-12 02:31:00,76.09,76.37,76.29,76.09,786.03247543
2023-06-12 02:30:00,75.92,76.38,76.06,76.33,1072.34888234
2023-06-12 02:29:00,75.89,76.04,75.95,76.04,561.12630384
2023-06-12 02:28:00,75.58,75.92,75.6,75.89,953.192179
2023-06-12 02:27:00,74.99,75.62,75.53,75.6,4742.75463585
2023-06-12 02:26:00,75.54,75.84,75.81,75.55,687.43844123
2023-06-12 02:25:00,75.12,75.79,75.66,75.78,6155.13455261
2023-06-12 02:24:00,75.43,76.45,76.45,75.69,7480.32804002
2023-06-12 02:23:00,76.3,76.49,76.45,76.48,1256.94008685
2023-06-12 02:22:00,76.06,76.9,76.89,76.45,5810.96208449
2023-06-12 02:21:00,76.83,77.06,76.98,76.87,352.96090137
2023-06-12 02:20:00,77.0,77.12,77.12,77.0,151.48408163
2023-06-12 02:19:00,77.1,77.2,77.17,77.18,294.29921506
2023-06-12 02:18:00,77.17,77.2,77.2,77.17,29.70876814
2023-06-12 02:17:00,77.17,77.25,77.21,77.25,252.54309891
2023-06-12 02:16:00,77.22,77.35,77.35,77.23,25.14111361
2023-06-12 02:15:00,77.36,77.49,77.45,77.36,37.77702365
2023-06-12 02:14:00,77.47,77.53,77.5,77.47,77.28151648
2023-06-12 02:13:00,77.46,77.53,77.5,77.53,36.61956443
2023-06-12 02:12:00,77.5,77.55,77.55,77.53,128.68337079
2023-06-12 02:11:00,77.48,77.55,77.49,77.55,212.92631719
2023-06-12 02:10:00,77.42,77.57,77.56,77.49,484.12884231
2023-06-12 02:09:00,77.52,77.56,77.55,77.56,9.37106111
2023-06-12 02:08:00,77.55,77.62,77.6,77.59,212.31829198
2023-06-12 02:07:00,77.54,77.6,77.57,77.57,175.57771714
2023-06-12 02:06:00,77.55,77.6,77.6,77.56,17.49858247
2023-06-12 02:05:00,77.56,77.7,77.65,77.56,141.09888675
2023-06-12 02:04:00,77.58,77.66,77.61,77.66,45.05814561
2023-06-12 02:03:00,77.55,77.61,77.55,77.61,60.0398936
2023-06-12 02:02:00,77.4,77.52,77.4,77.52,225.81175339
2023-06-12 02:01:00,77.34,77.41,77.37,77.39,31.2226133
2023-06-12 02:00:00,77.34,77.46,77.46,77.39,57.96056506
2023-06-12 01:59:00,77.41,77.45,77.42,77.45,19.97627444
2023-06-12 01:58:00,77.37,77.41,77.37,77.41,18.66267682
2023-06-12 01:57:00,77.34,77.4,77.39,77.4,68.02341616
2023-06-12 01:56:00,77.35,77.43,77.36,77.39,140.23474344
2023-06-12 01:55:00,77.23,77.35,77.35,77.32,101.30552615
2023-06-12 01:54:00,77.38,77.44,77.38,77.4,49.95679442
2023-06-12 01:53:00,77.34,77.41,77.36,77.39,39.6797784
2023-06-12 01:52:00,77.32,77.39,77.35,77.34,107.27490721
2023-06-12 01:51:00,77.33,77.47,77.47,77.35,5.10989709
2023-06-12 01:50:00,77.34,77.48,77.34,77.48,110.986014
2023-06-12 01:49:00,77.34,77.38,77.37,77.37,38.15130662
2023-06-12 01:48:00,77.35,77.41,77.39,77.41,41.59957879
2023-06-12 01:47:00,77.37,77.45,77.4,77.41,42.37990371
2023-06-12 01:46:00,77.33,77.43,77.43,77.38,190.69953155
2023-06-12 01:45:00,77.41,77.47,77.46,77.41,33.0027979
2023-06-12 01:44:00,77.44,77.52,77.46,77.49,139.17696737
2023-06-12 01:43:00,77.41,77.49,77.45,77.44,43.34434834
2023-06-12 01:42:00,77.36,77.51,77.36,77.5,61.84964447
2023-06-12 01:41:00,77.31,77.43,77.38,77.31,38.99274661
2023-06-12 01:40:00,77.29,77.37,77.32,77.37,76.90374789
2023-06-12 01:39:00,77.27,77.35,77.27,77.34,42.28393895
2023-06-12 01:38:00,77.21,77.3,77.29,77.28,37.69360148
2023-06-12 01:37:00,77.21,77.31,77.26,77.31,179.34752372
2023-06-12 01:36:00,77.21,77.31,77.21,77.24,247.28520526
2023-06-12 01:35:00,77.18,77.26,77.26,77.19,159.43398562
2023-06-12 01:34:00,77.22,77.39,77.39,77.25,146.12558855
2023-06-12 01:33:00,77.37,77.46,77.46,77.38,221.25887768
2023-06-12 01:32:00,77.47,77.56,77.56,77.47,36.74157283
2023-06-12 01:31:00,77.5,77.6,77.51,77.59,43.75956432
2023-06-12 01:30:00,77.47,77.58,77.56,77.5,154.98642779
2023-06-12 01:29:00,77.48,77.58,77.54,77.57,195.08565517
2023-06-12 01:28:00,77.52,77.57,77.57,77.54,20.82786794
2023-06-12 01:27:00,77.55,77.6,77.56,77.56,56.16356097
2023-06-12 01:26:00,77.59,77.67,77.67,77.59,17.05234803
2023-06-12 01:25:00,77.66,77.7,77.67,77.69,8.28467553
2023-06-12 01:24:00,77.66,77.72,77.7,77.66,49.92218918
2023-06-12 01:23:00,77.66,77.72,77.66,77.7,46.00945634
2023-06-12 01:22:00,77.58,77.64,77.61,77.64,23.51038916
2023-06-12 01:21:00,77.56,77.65,77.56,77.63,14.32873905
2023-06-12 01:20:00,77.5,77.57,77.5,77.55,47.77780744
2023-06-12 01:19:00,77.5,77.67,77.62,77.53,166.099711
2023-06-12 01:18:00,77.59,77.62,77.62,77.6,43.51648266
2023-06-12 01:17:00,77.52,77.61,77.54,77.58,86.04360016
2023-06-12 01:16:00,77.51,77.56,77.51,77.52,132.91436915
2023-06-12 01:15:00,77.48,77.69,77.61,77.48,97.38176308
2023-06-12 01:14:00,77.56,77.65,77.57,77.63,10.74743234
2023-06-12 01:13:00,77.49,77.58,77.5,77.58,55.7543698
2023-06-12 01:12:00,77.47,77.55,77.53,77.55,45.53813032
2023-06-12 01:11:00,77.5,77.67,77.55,77.54,195.21415732
2023-06-12 01:10:00,77.53,77.63,77.63,77.55,94.14640085
2023-06-12 01:09:00,77.58,77.65,77.64,77.6,89.59772306
2023-06-12 01:08:00,77.49,77.64,77.5,77.64,97.48053448
2023-06-12 01:07:00,77.5,77.58,77.58,77.5,243.44130445
2023-06-12 01:06:00,77.53,77.69,77.68,77.58,118.74197266
2023-06-12 01:05:00,77.61,77.72,77.64,77.68,120.27630431
2023-06-12 01:04:00,77.64,77.72,77.72,77.66,37.16892126
2023-06-12 01:03:00,77.58,77.74,77.69,77.74,135.24736935
2023-06-12 01:02:00,77.45,77.69,77.54,77.69,175.79545036
2023-06-12 01:01:00,77.5,77.64,77.5,77.56,125.99951098
2023-06-12 01:00:00,77.45,77.62,77.62,77.48,144.18836915
2023-06-12 00:59:00,77.55,77.62,77.61,77.6,35.12886973
2023-06-12 00:58:00,77.62,77.68,77.66,77.63,41.98027704
2023-06-12 00:57:00,77.64,77.76,77.69,77.64,129.02485561
2023-06-12 00:56:00,77.68,77.81,77.79,77.68,66.37674918
2023-06-12 00:55:00,77.59,77.84,77.6,77.79,213.99645809
2023-06-12 00:54:00,77.46,77.64,77.55,77.6,579.61880467
2023-06-12 00:53:00,77.45,77.58,77.45,77.58,36.77042826
2023-06-12 00:52:00,77.37,77.48,77.37,77.42,226.9370086
2023-06-12 00:51:00,77.32,77.44,77.34,77.36,272.71565711
2023-06-12 00:50:00,77.17,77.34,77.17,77.33,134.6817286
2023-06-12 00:49:00,77.09,77.18,77.09,77.18,125.75452651
2023-06-12 00:48:00,77.06,77.14,77.12,77.06,20.3633849
2023-06-12 00:47:00,77.12,77.17,77.15,77.12,31.79370053
2023-06-12 00:46:00,77.11,77.19,77.19,77.15,14.51754904
2023-06-12 00:45:00,77.06,77.16,77.11,77.16,140.71538125
2023-06-12 00:44:00,77.08,77.2,77.16,77.11,219.40016129
2023-06-12 00:43:00,77.17,77.24,77.24,77.17,35.17493894
2023-06-12 00:42:00,77.27,77.44,77.41,77.27,38.24480835
2023-06-12 00:41:00,77.34,77.4,77.35,77.4,17.59865959
2023-06-12 00:40:00,77.36,77.39,77.38,77.36,24.69691286
2023-06-12 00:39:00,77.36,77.41,77.41,77.37,10.46786723
2023-06-12 00:38:00,77.39,77.43,77.4,77.43,44.42144507
2023-06-12 00:37:00,77.37,77.44,77.41,77.39,105.78094893
2023-06-12 00:36:00,77.33,77.49,77.49,77.42,319.52560146
2023-06-12 00:35:00,77.34,77.65,77.34,77.5,418.19828211
2023-06-12 00:34:00,77.29,77.34,77.29,77.31,26.40044472
2023-06-12 00:33:00,77.21,77.26,77.22,77.24,59.22279799
2023-06-12 00:32:00,77.21,77.3,77.28,77.25,94.51921816
2023-06-12 00:31:00,77.19,77.26,77.26,77.23,100.07433685
2023-06-12 00:30:00,77.27,77.3,77.3,77.28,47.75487245
2023-06-12 00:29:00,77.3,77.41,77.31,77.3,92.1642226
2023-06-12 00:28:00,77.23,77.32,77.32,77.31,77.69043269
2023-06-12 00:27:00,77.28,77.32,77.29,77.32,30.36544967
2023-06-12 00:26:00,77.28,77.31,77.29,77.3,66.05277678
2023-06-12 00:25:00,77.21,77.43,77.38,77.22,1079.39219393
2023-06-12 00:24:00,77.34,77.4,77.39,77.37,326.42369516
2023-06-12 00:23:00,77.37,77.44,77.44,77.37,50.64644513
2023-06-12 00:22:00,77.43,77.56,77.53,77.43,86.35460043
2023-06-12 00:21:00,77.44,77.52,77.44,77.5,205.81781421
2023-06-12 00:20:00,77.42,77.47,77.44,77.42,7.34340826
2023-06-12 00:19:00,77.39,77.48,77.48,77.44,99.78723488
2023-06-12 00:18:00,77.49,77.6,77.6,77.49,95.87970419
2023-06-12 00:17:00,77.58,77.6,77.6,77.58,134.54902931
2023-06-12 00:16:00,77.59,77.7,77.7,77.6,178.33791112
2023-06-12 00:15:00,77.69,77.82,77.77,77.72,59.48918934
2023-06-12 00:14:00,77.73,77.82,77.73,77.77,56.10579302
2023-06-12 00:13:00,77.68,77.77,77.77,77.73,6.12260096
2023-06-12 00:12:00,77.73,77.8,77.74,77.76,19.60267048
2023-06-12 00:11:00,77.67,77.73,77.67,77.72,3.24130563
2023-06-12 00:10:00,77.66,77.78,77.72,77.66,103.2207379
2023-06-12 00:09:00,77.64,77.74,77.64,77.72,53.9962703
2023-06-12 00:08:00,77.57,77.67,77.58,77.64,34.18304668
2023-06-12 00:07:00,77.48,77.57,77.48,77.54,100.61030741
2023-06-12 00:06:00,77.47,77.54,77.47,77.53,40.47160614
2023-06-12 00:05:00,77.47,77.58,77.55,77.47,68.44837303
2023-06-12 00:04:00,77.55,77.63,77.62,77.58,28.13757393
2023-06-12 00:03:00,77.64,77.74,77.68,77.64,58.73083182
2023-06-12 00:02:00,77.6,77.72,77.63,77.64,284.76397
2023-06-12 00:01:00,77.6,77.67,77.67,77.63,81.16432492
2023-06-12 00:00:00,77.67,77.71,77.7,77.67,6.2464778
2023-06-11 23:59:00,77.69,77.74,77.74,77.72,24.26609071
2023-06-11 23:58:00,77.73,77.77,77.75,77.74,96.47111643
2023-06-11 23:57:00,77.68,77.73,77.7,77.73,46.6952398
2023-06-11 23:56:00,77.65,77.71,77.66,77.71,2.72383464
2023-06-11 23:55:00,77.66,77.72,77.67,77.67,103.97915187
2023-06-11 23:54:00,77.61,77.69,77.64,77.67,85.66088593
2023-06-11 23:53:00,77.63,77.67,77.64,77.67,47.3232744
2023-06-11 23:52:00,77.6,77.66,77.65,77.66,33.92193589
2023-06-11 23:51:00,77.62,77.7,77.68,77.64,42.98283203
2023-06-11 23:50:00,77.58,77.69,77.58,77.69,55.23943845
2023-06-11 23:49:00,77.58,77.6,77.59,77.58,50.47681276
2023-06-11 23:48:00,77.57,77.65,77.65,77.57,57.32577049
2023-06-12 09:48:00,77.23,77.25,77.25,77.25,14.78874344
2023-06-12 09:47:00,77.26,77.43,77.4,77.26,229.79994401
2023-06-12 09:46:00,77.31,77.4,77.31,77.4,148.30836248
2023-06-12 09:45:00,77.22,77.3,77.25,77.3,72.55226385
2023-06-12 09:44:00,77.24,77.28,77.24,77.25,9.92077434
2023-06-12 09:43:00,77.24,77.28,77.28,77.26,43.20321323
2023-06-12 09:42:00,77.26,77.31,77.31,77.29,20.4313569
2023-06-12 09:41:00,77.25,77.33,77.31,77.33,75.31790722
2023-06-12 09:40:00,77.16,77.27,77.18,77.24,40.51770232
2023-06-12 09:39:00,77.16,77.19,77.18,77.18,154.59441802
2023-06-12 09:38:00,77.09,77.16,77.09,77.16,35.88382011
2023-06-12 09:37:00,77.07,77.12,77.08,77.11,13.82748949
2023-06-12 09:36:00,77.08,77.18,77.17,77.08,116.5158928
2023-06-12 09:35:00,77.06,77.15,77.12,77.15,101.94397613
2023-06-12 09:34:00,77.07,77.12,77.09,77.08,34.67255864
2023-06-12 09:33:00,77.11,77.18,77.18,77.11,21.57448704
2023-06-12 09:32:00,77.15,77.19,77.18,77.15,87.80595618
2023-06-12 09:31:00,77.15,77.26,77.26,77.16,159.84040086
2023-06-12 09:30:00,77.3,77.37,77.37,77.3,64.15022709
2023-06-12 09:29:00,77.36,77.42,77.38,77.36,5.071448
2023-06-12 09:28:00,77.36,77.42,77.37,77.41,23.43487821
2023-06-12 09:27:00,77.37,77.42,77.37,77.38,13.28263946
2023-06-12 09:26:00,77.31,77.36,77.31,77.36,58.02387689
2023-06-12 09:25:00,77.31,77.42,77.42,77.31,41.96762772
2023-06-12 09:24:00,77.38,77.45,77.43,77.45,29.87525187
2023-06-12 09:23:00,77.41,77.49,77.46,77.46,39.99023818
2023-06-12 09:22:00,77.39,77.46,77.46,77.4,224.0920104
2023-06-12 09:21:00,77.37,77.54,77.41,77.5,143.65099834
2023-06-12 09:20:00,77.3,77.38,77.31,77.35,190.34936974
2023-06-12 09:19:00,77.17,77.28,77.18,77.28,40.8247804
2023-06-12 09:18:00,77.16,77.2,77.19,77.16,10.67686034
2023-06-12 09:17:00,77.16,77.24,77.16,77.21,89.18781709
2023-06-12 09:16:00,77.08,77.18,77.08,77.14,117.12773695
2023-06-12 09:15:00,77.07,77.16,77.16,77.1,108.53927749
2023-06-12 09:14:00,77.04,77.13,77.04,77.13,138.77576763
2023-06-12 09:13:00,77.03,77.16,77.16,77.06,121.17023128
2023-06-12 09:12:00,77.12,77.29,77.29,77.17,228.6469368
2023-06-12 09:11:00,77.21,77.4,77.4,77.25,234.46505071
2023-06-12 09:10:00,77.39,77.48,77.48,77.4,124.74789605
2023-06-12 09:09:00,77.31,77.54,77.31,77.41,317.6047448
2023-06-12 09:08:00,77.09,77.41,77.09,77.27,928.83394528
2023-06-12 09:07:00,76.94,77.15,76.94,77.09,129.54015686
2023-06-12 09:06:00,76.91,77.1,77.04,76.92,241.6878544
2023-06-12 09:05:00,76.75,77.11,76.79,77.04,750.73453394
2023-06-12 09:04:00,76.72,76.8,76.72,76.8,221.48789886
2023-06-12 09:03:00,76.63,76.72,76.63,76.72,36.40573323
2023-06-12 09:02:00,76.63,76.73,76.73,76.63,19.06417111
2023-06-12 09:01:00,76.66,76.71,76.66,76.71,26.98356479
2023-06-12 09:00:00,76.66,76.73,76.73,76.66,47.34138382
2023-06-12 08:59:00,76.59,76.78,76.63,76.75,148.82121181
2023-06-12 08:58:00,76.55,76.64,76.62,76.64,121.77869028
2023-06-12 08:57:00,76.54,76.59,76.55,76.59,56.55684423
2023-06-12 08:56:00,76.52,76.55,76.52,76.53,65.39960875
2023-06-12 08:55:00,76.49,76.54,76.5,76.5,11.73370753
2023-06-12 08:54:00,76.49,76.52,76.52,76.5,3.93892843
2023-06-12 08:53:00,76.53,76.55,76.54,76.55,14.95443966
2023-06-12 08:52:00,76.51,76.57,76.57,76.54,5.03651404
2023-06-12 08:51:00,76.49,76.68,76.49,76.66,92.30094133
2023-06-12 08:50:00,76.4,76.49,76.41,76.49,10.57662912
2023-06-12 08:49:00,76.4,76.44,76.43,76.4,1.04836593
2023-06-12 08:48:00,76.4,76.45,76.41,76.43,5.58238468
2023-06-12 08:47:00,76.39,76.46,76.41,76.46,38.72743911
2023-06-12 08:46:00,76.37,76.46,76.45,76.37,29.38499958
2023-06-12 08:45:00,76.4,76.47,76.47,76.44,36.57292057
2023-06-12 08:44:00,76.45,76.53,76.45,76.47,53.45900434
2023-06-12 08:43:00,76.44,76.54,76.51,76.44,73.93441702
2023-06-12 08:42:00,76.48,76.51,76.49,76.5,12.49214492
2023-06-12 08:41:00,76.47,76.53,76.52,76.47,14.30177654
2023-06-12 08:40:00,76.54,76.68,76.65,76.54,38.58798243
2023-06-12 08:39:00,76.61,76.68,76.61,76.66,40.1002909
2023-06-12 08:38:00,76.54,76.62,76.59,76.6,45.71812349
2023-06-12 08:37:00,76.48,76.58,76.48,76.56,127.82842053
2023-06-12 08:36:00,76.47,76.54,76.49,76.48,48.52483388
2023-06-12 08:35:00,76.46,76.49,76.46,76.49,21.08739473
2023-06-12 08:34:00,76.44,76.49,76.48,76.44,88.75899745
2023-06-12 08:33:00,76.48,76.53,76.53,76.48,39.50567594
2023-06-12 08:32:00,76.51,76.55,76.51,76.54,14.54147103
2023-06-12 08:31:00,76.55,76.62,76.61,76.59,73.4001242
2023-06-12 08:30:00,76.57,76.68,76.6,76.58,43.51121043
2023-06-12 08:29:00,76.52,76.61,76.58,76.6,269.27982899
2023-06-12 08:28:00,76.43,76.59,76.45,76.59,44.08951395
2023-06-12 08:27:00,76.44,76.57,76.48,76.47,68.08022065
2023-06-12 08:26:00,76.38,76.57,76.38,76.43,368.24711071
2023-06-12 08:25:00,76.25,76.35,76.28,76.35,42.16066969
2023-06-12 08:24:00,76.28,76.36,76.36,76.28,38.3399966
2023-06-12 08:23:00,76.26,76.37,76.31,76.37,183.16385262
2023-06-12 08:22:00,76.23,76.32,76.24,76.32,117.4829239
2023-06-12 08:21:00,76.16,76.21,76.16,76.2,47.90746077
2023-06-12 08:20:00,76.15,76.23,76.17,76.15,10.1107547
2023-06-12 08:19:00,76.04,76.19,76.08,76.15,63.97280359
2023-06-12 08:18:00,76.05,76.11,76.05,76.08,14.5565792
2023-06-12 08:17:00,76.08,76.14,76.11,76.08,123.80955643
2023-06-12 08:16:00,76.01,76.11,76.03,76.08,52.34836259
2023-06-12 08:15:00,75.95,76.05,75.95,76.04,44.77980664
2023-06-12 08:14:00,75.92,76.03,76.03,75.93,74.06530609
2023-06-12 08:13:00,75.96,76.08,76.08,76.04,79.60654483
2023-06-12 08:12:00,76.0,76.12,76.06,76.07,394.97175292
2023-06-12 08:11:00,75.91,76.07,75.91,76.07,61.11919897
2023-06-12 08:10:00,75.92,76.0,76.0,75.92,55.9318823
2023-06-12 08:09:00,75.97,76.05,76.01,75.97,60.5863151
2023-06-12 08:08:00,75.91,76.04,75.91,76.01,141.97550764
2023-06-12 08:07:00,75.93,75.99,75.94,75.95,72.20549445
2023-06-12 08:06:00,75.94,76.0,75.94,75.97,52.81560043
2023-06-12 08:05:00,75.9,76.01,75.94,75.94,36.98215786
2023-06-12 08:04:00,75.88,75.96,75.94,75.94,21.71212238
2023-06-12 08:03:00,75.94,76.08,76.0,75.94,354.83349155
2023-06-12 08:02:00,75.71,76.01,75.76,76.0,288.63303527
2023-06-12 08:01:00,75.63,75.94,75.94,75.72,635.2862415
2023-06-12 08:00:00,75.85,75.95,75.87,75.89,183.86824781
2023-06-12 07:59:00,75.75,75.88,75.86,75.88,651.21436142
2023-06-12 07:58:00,75.71,75.93,75.91,75.81,380.27512905
2023-06-12 07:57:00,75.77,75.93,75.82,75.9,350.08255346
2023-06-12 07:56:00,75.7,76.06,76.06,75.84,822.9043951
2023-06-12 07:55:00,76.07,76.24,76.19,76.07,189.28423706
2023-06-12 07:54:00,76.11,76.17,76.11,76.17,67.67851416
2023-06-12 07:53:00,76.1,76.15,76.12,76.12,126.42604505
2023-06-12 07:52:00,76.11,76.21,76.18,76.11,228.72429543
2023-06-12 07:51:00,76.18,76.32,76.27,76.18,138.5359641
2023-06-12 07:50:00,76.19,76.3,76.25,76.22,407.1019951
2023-06-12 07:49:00,76.09,76.24,76.1,76.24,128.55336942
2023-06-12 07:48:00,76.04,76.16,76.16,76.11,431.91689993
2023-06-12 07:47:00,76.16,76.35,76.33,76.17,518.00610586
2023-06-12 07:46:00,76.31,76.53,76.47,76.33,367.29034175
2023-06-12 07:45:00,76.47,76.58,76.52,76.48,440.71046332
2023-06-12 07:44:00,76.34,76.56,76.35,76.53,221.71551495
2023-06-12 07:43:00,76.37,76.41,76.41,76.37,62.88036617
2023-06-12 07:42:00,76.39,76.4,76.39,76.39,4.30554503
2023-06-12 07:41:00,76.38,76.41,76.4,76.39,95.84121405
2023-06-12 07:40:00,76.35,76.42,76.35,76.38,29.28612254
2023-06-12 07:39:00,76.34,76.37,76.34,76.34,31.45940732
2023-06-12 07:38:00,76.3,76.37,76.31,76.37,117.49658628
2023-06-12 07:37:00,76.25,76.32,76.31,76.32,268.40323915
2023-06-12 07:36:00,76.31,76.36,76.35,76.32,65.68602872
2023-06-12 07:35:00,76.35,76.44,76.44,76.35,74.04418313
2023-06-12 07:34:00,76.43,76.47,76.44,76.46,17.81589049
2023-06-12 07:33:00,76.39,76.44,76.43,76.41,141.4730577
2023-06-12 07:32:00,76.4,76.47,76.46,76.42,14.82206093
2023-06-12 07:31:00,76.44,76.45,76.44,76.45,8.06785172
2023-06-12 07:30:00,76.41,76.47,76.41,76.47,63.98847398
2023-06-12 07:29:00,76.4,76.43,76.42,76.42,77.32961063
2023-06-12 07:28:00,76.47,76.52,76.47,76.51,33.25968235
2023-06-12 07:27:00,76.45,76.48,76.48,76.45,4.16381246
2023-06-12 07:26:00,76.45,76.49,76.45,76.48,49.31274182
2023-06-12 07:25:00,76.45,76.47,76.45,76.45,40.88974837
2023-06-12 07:24:00,76.42,76.47,76.45,76.47,23.57650101
2023-06-12 07:23:00,76.44,76.48,76.44,76.46,441.89055262
2023-06-12 07:22:00,76.42,76.44,76.43,76.42,3.3299975
2023-06-12 07:21:00,76.41,76.44,76.43,76.43,56.80615519
2023-06-12 07:20:00,76.44,76.51,76.51,76.44,34.7394736
2023-06-12 07:19:00,76.51,76.59,76.59,76.51,34.3944276
2023-06-12 07:18:00,76.57,76.59,76.58,76.59,8.07843609
2023-06-12 07:17:00,76.55,76.58,76.58,76.57,29.27356939
2023-06-12 07:16:00,76.54,76.56,76.55,76.56,89.79415984
2023-06-12 07:15:00,76.52,76.54,76.52,76.53,96.89128451
2023-06-12 07:14:00,76.5,76.53,76.53,76.52,72.06357648
2023-06-12 07:13:00,76.49,76.53,76.5,76.53,4.60454208
2023-06-12 07:12:00,76.47,76.53,76.49,76.49,86.71650057
2023-06-12 07:11:00,76.48,76.53,76.51,76.49,10.64491432
2023-06-12 07:10:00,76.46,76.51,76.46,76.49,5.93337891
2023-06-12 07:09:00,76.47,76.53,76.53,76.49,15.1106881
2023-06-12 07:08:00,76.52,76.56,76.56,76.53,15.30121227
2023-06-12 07:07:00,76.55,76.61,76.58,76.56,36.07447841
2023-06-12 07:06:00,76.56,76.63,76.56,76.59,44.51605263
2023-06-12 07:05:00,76.53,76.59,76.53,76.59,52.19214769
2023-06-12 07:04:00,76.48,76.53,76.49,76.5,98.94870532
2023-06-12 07:03:00,76.47,76.5,76.5,76.49,9.31164491
2023-06-12 07:02:00,76.47,76.55,76.47,76.5,282.58734202
2023-06-12 07:01:00,76.45,76.46,76.45,76.46,62.31636837
2023-06-12 07:00:00,76.41,76.46,76.46,76.42,34.44346476
2023-06-12 06:59:00,76.45,76.48,76.46,76.47,21.05162534
2023-06-12 06:58:00,76.41,76.48,76.41,76.46,19.42480993
2023-06-12 06:57:00,76.35,76.4,76.35,76.4,158.34183286
2023-06-12 06:56:00,76.35,76.39,76.37,76.35,24.33244371
2023-06-12 06:55:00,76.35,76.37,76.35,76.37,15.3155217
2023-06-12 06:54:00,76.39,76.42,76.42,76.41,12.93112248
2023-06-12 06:53:00,76.42,76.42,76.42,76.42,5.49271393
2023-06-12 06:52:00,76.38,76.43,76.38,76.41,17.12607199
2023-06-12 06:51:00,76.37,76.42,76.37,76.42,86.09725439
2023-06-12 06:50:00,76.31,76.49,76.49,76.35,402.25463999
2023-06-12 06:49:00,76.45,76.53,76.52,76.45,101.34020718
2023-06-12 06:48:00,76.49,76.55,76.53,76.52,35.23214469
2023-06-12 06:47:00,76.49,76.54,76.54,76.54,12.74156222
2023-06-12 06:46:00,76.51,76.53,76.52,76.52,3.86860419
2023-06-12 06:45:00,76.51,76.59,76.54,76.51,79.02037677
2023-06-12 06:44:00,76.53,76.55,76.54,76.53,16.85347634
2023-06-12 06:43:00,76.51,76.56,76.53,76.56,10.27336505
2023-06-12 06:42:00,76.5,76.56,76.56,76.53,71.90914637
2023-06-12 06:41:00,76.5,76.55,76.54,76.55,13.0943867
2023-06-12 06:40:00,76.51,76.58,76.55,76.54,8.26618901
2023-06-12 06:39:00,76.53,76.58,76.54,76.55,19.05599179
2023-06-12 06:38:00,76.48,76.56,76.55,76.54,65.6802804
2023-06-12 06:37:00,76.55,76.61,76.55,76.56,50.70931266
2023-06-12 06:36:00,76.55,76.66,76.61,76.55,102.07928975
2023-06-12 06:35:00,76.57,76.64,76.57,76.64,55.73953355
2023-06-12 06:34:00,76.56,76.6,76.59,76.56,80.21565946
2023-06-12 06:33:00,76.54,76.64,76.64,76.58,53.66585654
2023-06-12 06:32:00,76.64,76.71,76.68,76.65,60.239426
2023-06-12 06:31:00,76.63,76.73,76.67,76.7,139.45721018
2023-06-12 06:30:00,76.68,76.77,76.76,76.72,155.57097639
2023-06-12 06:29:00,76.7,76.8,76.72,76.75,47.39504504
2023-06-12 06:28:00,76.66,76.83,76.66,76.72,280.10906375
2023-06-12 06:27:00,76.56,76.64,76.56,76.64,8.87015179
2023-06-12 06:26:00,76.53,76.63,76.58,76.54,35.65896342
2023-06-12 06:25:00,76.49,76.58,76.5,76.58,13.35509986
2023-06-12 06:24:00,76.5,76.54,76.52,76.52,65.71157817
2023-06-12 06:23:00,76.48,76.53,76.48,76.52,15.70316852
2023-06-12 06:22:00,76.46,76.5,76.46,76.48,35.17063886
2023-06-12 06:21:00,76.44,76.47,76.46,76.46,7.38193434
2023-06-12 06:20:00,76.44,76.46,76.44,76.44,8.05641538
2023-06-12 06:19:00,76.42,76.46,76.42,76.43,11.44661524
2023-06-12 06:18:00,76.38,76.42,76.41,76.42,36.36536772
2023-06-12 06:17:00,76.31,76.38,76.33,76.38,5.34199975
2023-06-12 06:16:00,76.3,76.37,76.3,76.33,8.18615882
2023-06-12 06:15:00,76.19,76.29,76.29,76.24,106.80810863
2023-06-12 06:14:00,76.3,76.34,76.31,76.32,27.87296211
2023-06-12 06:13:00,76.28,76.35,76.35,76.3,32.71893205
2023-06-12 06:12:00,76.3,76.37,76.35,76.34,99.65679608
2023-06-12 06:11:00,76.3,76.35,76.34,76.33,42.59695301
2023-06-12 06:10:00,76.25,76.33,76.25,76.33,9.69452885
2023-06-12 06:09:00,76.2,76.26,76.2,76.26,15.21086764
2023-06-12 06:08:00,76.15,76.22,76.22,76.17,33.09531258
2023-06-12 06:07:00,76.23,76.32,76.3,76.23,67.51653534
2023-06-12 06:06:00,76.24,76.31,76.29,76.31,78.10439244
2023-06-12 06:05:00,76.22,76.27,76.22,76.26,271.9612255
2023-06-12 06:04:00,76.15,76.21,76.21,76.19,106.25207069
2023-06-12 06:03:00,76.19,76.26,76.21,76.26,12.10869508
2023-06-12 06:02:00,76.21,76.27,76.27,76.21,110.73296585
2023-06-12 06:01:00,76.17,76.26,76.2,76.24,325.53636927
2023-06-12 06:00:00,76.08,76.13,76.09,76.09,18.57004669
2023-06-12 05:59:00,76.07,76.14,76.12,76.07,23.2536891
2023-06-12 05:58:00,76.09,76.13,76.1,76.11,14.18460543
2023-06-12 05:57:00,75.98,76.07,76.07,76.07,90.08807128
2023-06-12 05:56:00,76.08,76.14,76.14,76.08,19.10602959
2023-06-12 05:55:00,76.15,76.18,76.18,76.17,11.70238732
2023-06-12 05:54:00,76.15,76.17,76.16,76.16,20.81598578
2023-06-12 05:53:00,76.16,76.2,76.2,76.18,48.57785324
2023-06-12 05:52:00,76.18,76.22,76.22,76.21,88.22108393
2023-06-12 05:51:00,76.2,76.24,76.23,76.2,10.04912628
2023-06-12 05:50:00,76.17,76.22,76.18,76.22,96.738719
2023-06-12 05:49:00,76.19,76.3,76.3,76.19,112.14131778
2023-06-12 05:48:00,76.29,76.43,76.43,76.29,73.02550385
2023-06-12 05:47:00,76.39,76.44,76.39,76.43,30.99051057
2023-06-12 05:46:00,76.33,76.39,76.35,76.39,32.85153911
2023-06-12 05:45:00,76.29,76.35,76.29,76.34,26.84909832
2023-06-12 05:44:00,76.28,76.32,76.3,76.29,77.85906925
2023-06-12 05:43:00,76.3,76.32,76.3,76.31,5.67982068
2023-06-12 05:42:00,76.29,76.31,76.29,76.29,10.78208738
2023-06-12 05:41:00,76.3,76.33,76.3,76.31,42.52212836
2023-06-12 05:40:00,76.28,76.33,76.32,76.28,7.34356773
2023-06-12 05:39:00,76.3,76.39,76.39,76.3,260.44444185
2023-06-12 05:38:00,76.35,76.4,76.35,76.4,139.11019669
2023-06-12 05:37:00,76.32,76.39,76.39,76.32,60.34281138
2023-06-12 05:36:00,76.36,76.42,76.4,76.41,57.54304569
2023-06-12 05:35:00,76.37,76.42,76.37,76.4,6.91281696
2023-06-12 05:34:00,76.35,76.38,76.35,76.38,43.00323868
2023-06-12 05:33:00,76.32,76.39,76.37,76.34,27.80518398
2023-06-12 05:32:00,76.31,76.36,76.31,76.34,21.07750275
2023-06-12 05:31:00,76.23,76.28,76.27,76.26,60.99883149
2023-06-12 05:30:00,76.28,76.35,76.28,76.3,90.57898013
2023-06-12 05:29:00,76.26,76.3,76.26,76.29,46.72061167
2023-06-12 05:28:00,76.19,76.26,76.19,76.26,20.07925926
2023-06-12 05:27:00,76.18,76.21,76.19,76.2,14.5867845
2023-06-12 05:26:00,76.17,76.25,76.25,76.18,23.78505486
2023-06-12 05:25:00,76.23,76.28,76.26,76.23,33.25521469
2023-06-12 05:24:00,76.21,76.26,76.23,76.26,61.02883498
2023-06-12 05:23:00,76.25,76.3,76.27,76.25,60.68501363
2023-06-12 05:22:00,76.15,76.26,76.15,76.26,72.78761188
2023-06-12 05:21:00,76.13,76.17,76.17,76.15,36.28360928
2023-06-12 05:20:00,76.12,76.22,76.18,76.17,105.92737473
2023-06-12 05:19:00,76.17,76.23,76.21,76.19,19.52729533
2023-06-12 05:18:00,76.2,76.26,76.22,76.22,161.73738318
2023-06-12 05:17:00,76.18,76.22,76.21,76.21,175.47528201
2023-06-12 05:16:00,76.21,76.24,76.23,76.23,30.1610208
2023-06-12 05:15:00,76.2,76.23,76.22,76.23,56.83426096
2023-06-12 05:14:00,76.2,76.23,76.21,76.22,26.91465992
2023-06-12 05:13:00,76.21,76.29,76.29,76.24,25.82853743
2023-06-12 05:12:00,76.23,76.33,76.33,76.28,101.76344886
2023-06-12 05:11:00,76.32,76.38,76.34,76.35,28.31054116
2023-06-12 05:10:00,76.29,76.33,76.29,76.33,62.40392787
2023-06-12 05:09:00,76.29,76.33,76.33,76.32,12.62887142
2023-06-12 05:08:00,76.27,76.35,76.35,76.32,68.72005931
2023-06-12 05:07:00,76.25,76.36,76.26,76.36,46.92271011
2023-06-12 05:06:00,76.24,76.32,76.3,76.24,192.17176215
2023-06-12 05:05:00,76.24,76.31,76.24,76.31,162.68394118
2023-06-12 05:04:00,76.2,76.28,76.25,76.25,266.59702788
2023-06-12 05:03:00,76.23,76.25,76.24,76.25,25.28488744
2023-06-12 05:02:00,76.23,76.27,76.23,76.27,59.1804371
2023-06-12 05:01:00,76.25,76.3,76.29,76.25,62.96180658
2023-06-12 05:00:00,76.32,76.38,76.35,76.32,130.70351444
2023-06-12 04:59:00,76.34,76.45,76.45,76.38,86.52948065
2023-06-12 04:58:00,76.39,76.43,76.41,76.43,235.38536421
2023-06-12 04:57:00,76.38,76.41,76.39,76.39,22.05532135
2023-06-12 04:56:00,76.32,76.4,76.34,76.38,45.89105499
2023-06-12 04:55:00,76.29,76.33,76.31,76.3,81.45260212
2023-06-12 04:54:00,76.31,76.35,76.32,76.33,19.65318782
2023-06-12 04:53:00,76.27,76.38,76.34,76.28,41.26611555
2023-06-12 04:52:00,76.27,76.36,76.27,76.33,11.18708351
2023-06-12 04:51:00,76.27,76.31,76.31,76.28,9.11369691
2023-06-12 04:50:00,76.27,76.37,76.35,76.27,170.9097978
2023-06-12 04:49:00,76.27,76.37,76.27,76.36,143.56241106
2023-06-12 04:48:00,76.27,76.33,76.28,76.27,54.44482734
2023-06-12 14:48:00,76.85,76.94,76.88,76.92,38.97361685
2023-06-12 14:47:00,76.9,76.94,76.91,76.9,53.23773213
2023-06-12 14:46:00,76.89,76.93,76.93,76.92,69.23615671
2023-06-12 14:45:00,76.89,76.94,76.89,76.94,116.48271789
2023-06-12 14:44:00,76.88,76.95,76.93,76.92,49.36686681
2023-06-12 14:43:00,76.9,76.95,76.91,76.95,21.09152921
2023-06-12 14:42:00,76.79,76.94,76.88,76.94,2208.54719856
2023-06-12 14:41:00,76.83,76.92,76.85,76.89,113.29840474
2023-06-12 14:40:00,76.84,76.88,76.87,76.84,37.57627433
2023-06-12 14:39:00,76.87,76.94,76.94,76.89,186.12958882
2023-06-12 14:38:00,76.9,76.97,76.92,76.94,82.53358641
2023-06-12 14:37:00,76.94,76.97,76.96,76.95,119.04631848
2023-06-12 14:36:00,76.92,77.02,77.01,76.96,824.39400674
2023-06-12 14:35:00,77.02,77.08,77.08,77.02,60.66930165
2023-06-12 14:34:00,77.07,77.11,77.07,77.11,189.34319209
2023-06-12 14:33:00,77.03,77.1,77.05,77.07,520.04706875
2023-06-12 14:32:00,77.0,77.08,77.05,77.04,700.21983996
2023-06-12 14:31:00,77.06,77.15,77.15,77.07,1012.90271659
2023-06-12 14:30:00,77.05,77.12,77.1,77.11,39.74712291
2023-06-12 14:29:00,77.12,77.19,77.16,77.12,50.09668573
2023-06-12 14:28:00,77.09,77.17,77.09,77.17,49.58309464
2023-06-12 14:27:00,77.03,77.1,77.09,77.09,77.36438803
2023-06-12 14:26:00,77.03,77.11,77.09,77.09,649.86017869
2023-06-12 14:25:00,77.09,77.18,77.18,77.1,21.48558887
2023-06-12 14:24:00,77.17,77.28,77.24,77.17,48.61064984
2023-06-12 14:23:00,77.17,77.25,77.17,77.23,73.62630737
2023-06-12 14:22:00,77.12,77.2,77.14,77.19,48.39205612
2023-06-12 14:21:00,77.15,77.21,77.19,77.16,45.09438179
2023-06-12 14:20:00,77.18,77.34,77.3,77.19,124.10266895
2023-06-12 14:19:00,77.26,77.31,77.3,77.3,26.77403696
2023-06-12 14:18:00,77.23,77.29,77.29,77.27,21.46491999
2023-06-12 14:17:00,77.28,77.36,77.28,77.29,53.4558816
2023-06-12 14:16:00,77.25,77.34,77.27,77.31,87.78630835
2023-06-12 14:15:00,77.14,77.27,77.15,77.27,123.03459818
2023-06-12 14:14:00,77.15,77.25,77.19,77.17,82.94983644
2023-06-12 14:13:00,77.13,77.19,77.13,77.19,25.71144152
2023-06-12 14:12:00,77.12,77.16,77.16,77.13,91.4729676
2023-06-12 14:11:00,77.07,77.14,77.12,77.14,54.78630224
2023-06-12 14:10:00,77.0,77.15,77.0,77.11,675.8924964
2023-06-12 14:09:00,76.92,77.03,76.93,77.01,43.39193167
2023-06-12 14:08:00,76.89,77.01,76.95,76.98,530.25678123
2023-06-12 14:07:00,76.86,76.96,76.87,76.96,18.01112202
2023-06-12 14:06:00,76.86,77.06,77.01,76.86,47.32492031
2023-06-12 14:05:00,76.84,77.01,76.93,77.01,177.76570655
2023-06-12 14:04:00,76.94,77.0,76.98,76.95,37.05091761
2023-06-12 14:03:00,76.96,77.06,77.03,77.01,635.01806192
2023-06-12 14:02:00,77.03,77.1,77.06,77.03,239.77916338
2023-06-12 14:01:00,76.85,77.07,76.89,77.07,92.43807246
2023-06-12 14:00:00,76.89,77.02,77.02,76.89,59.4122596
2023-06-12 13:59:00,76.99,77.03,76.99,77.02,35.68918092
2023-06-12 13:58:00,76.98,77.04,77.02,76.99,26.50375267
2023-06-12 13:57:00,76.96,77.02,76.96,77.02,21.83324626
2023-06-12 13:56:00,76.91,76.97,76.95,76.95,28.64046912
2023-06-12 13:55:00,76.9,76.96,76.94,76.96,25.10141768
2023-06-12 13:54:00,76.77,76.87,76.78,76.86,52.44357164
2023-06-12 13:53:00,76.8,76.91,76.81,76.8,98.38397311
2023-06-12 13:52:00,76.81,76.86,76.86,76.81,68.6465579
2023-06-12 13:51:00,76.79,76.89,76.83,76.85,540.25179798
2023-06-12 13:50:00,76.81,76.96,76.96,76.81,93.67727427
2023-06-12 13:49:00,76.85,76.98,76.89,76.93,256.85465564
2023-06-12 13:48:00,76.9,76.94,76.93,76.9,35.59528434
2023-06-12 13:47:00,76.85,76.94,76.87,76.9,236.66980006
2023-06-12 13:46:00,76.65,76.88,76.68,76.88,121.99776369
2023-06-12 13:45:00,76.64,76.83,76.83,76.69,388.48149351
2023-06-12 13:44:00,76.78,76.86,76.84,76.8,62.59129245
2023-06-12 13:43:00,76.83,76.86,76.86,76.84,40.04275456
2023-06-12 13:42:00,76.81,76.86,76.84,76.81,36.45504251
2023-06-12 13:41:00,76.81,76.86,76.86,76.84,85.96180587
2023-06-12 13:40:00,76.82,76.9,76.88,76.89,132.32363734
2023-06-12 13:39:00,76.8,76.95,76.9,76.91,562.98803067
2023-06-12 13:38:00,76.77,76.88,76.84,76.88,213.60284184
2023-06-12 13:37:00,76.78,76.88,76.84,76.84,758.01208658
2023-06-12 13:36:00,76.8,76.86,76.86,76.82,534.12539418
2023-06-12 13:35:00,76.86,77.01,77.01,76.87,191.45725495
2023-06-12 13:34:00,76.96,77.03,76.99,77.03,71.9082146
2023-06-12 13:33:00,76.98,77.06,77.05,77.0,26.56023338
2023-06-12 13:32:00,77.02,77.1,77.08,77.03,228.75652176
2023-06-12 13:31:00,77.06,77.14,77.1,77.09,136.58923249
2023-06-12 13:30:00,77.0,77.13,77.13,77.07,47.47744673
2023-06-12 13:29:00,77.04,77.15,77.04,77.12,176.45480964
2023-06-12 13:28:00,77.0,77.12,77.12,77.04,67.43123973
2023-06-12 13:27:00,77.01,77.17,77.02,77.14,108.74451834
2023-06-12 13:26:00,76.9,77.06,77.05,77.03,399.0162883
2023-06-12 13:25:00,77.04,77.13,77.08,77.1,84.56807668
2023-06-12 13:24:00,77.07,77.12,77.12,77.08,47.46656656
2023-06-12 13:23:00,77.09,77.12,77.12,77.12,29.44137078
2023-06-12 13:22:00,77.12,77.18,77.15,77.14,77.18238938
2023-06-12 13:21:00,77.15,77.23,77.19,77.15,16.40580502
2023-06-12 13:20:00,77.16,77.21,77.16,77.18,74.88143667
2023-06-12 13:19:00,77.17,77.23,77.23,77.19,21.79977098
2023-06-12 13:18:00,77.19,77.25,77.25,77.23,31.1176284
2023-06-12 13:17:00,77.2,77.27,77.21,77.26,26.62547859
2023-06-12 13:16:00,77.2,77.3,77.29,77.22,158.29964746
2023-06-12 13:15:00,77.19,77.3,77.22,77.29,157.53296745
2023-06-12 13:14:00,77.19,77.25,77.23,77.22,90.39815253
2023-06-12 13:13:00,77.17,77.24,77.2,77.22,155.30243672
2023-06-12 13:12:00,77.16,77.22,77.17,77.22,7.14184366
2023-06-12 13:11:00,77.15,77.21,77.17,77.17,196.50785178
2023-06-12 13:10:00,77.15,77.21,77.16,77.15,21.50843851
2023-06-12 13:09:00,77.16,77.29,77.28,77.16,190.2780473
2023-06-12 13:08:00,77.27,77.38,77.36,77.27,39.67030121
2023-06-12 13:07:00,77.32,77.37,77.33,77.36,10.96649756
2023-06-12 13:06:00,77.32,77.37,77.33,77.33,39.68478391
2023-06-12 13:05:00,77.32,77.38,77.38,77.32,15.77156814
2023-06-12 13:04:00,77.37,77.42,77.37,77.39,20.80485838
2023-06-12 13:03:00,77.36,77.37,77.37,77.37,43.07907923
2023-06-12 13:02:00,77.33,77.39,77.38,77.36,47.61862399
2023-06-12 13:01:00,77.35,77.44,77.4,77.41,81.35171297
2023-06-12 13:00:00,77.39,77.47,77.46,77.42,34.28860536
2023-06-12 12:59:00,77.46,77.48,77.48,77.47,52.52253581
2023-06-12 12:58:00,77.39,77.48,77.4,77.45,57.043043
2023-06-12 12:57:00,77.3,77.4,77.32,77.4,122.8268145
2023-06-12 12:56:00,77.31,77.36,77.36,77.32,33.73191783
2023-06-12 12:55:00,77.35,77.39,77.38,77.39,128.00110911
2023-06-12 12:54:00,77.37,77.44,77.41,77.39,27.61938714
2023-06-12 12:53:00,77.36,77.41,77.41,77.41,38.23580577
2023-06-12 12:52:00,77.37,77.43,77.37,77.43,118.21391096
2023-06-12 12:51:00,77.3,77.4,77.3,77.38,353.67665369
2023-06-12 12:50:00,77.21,77.3,77.22,77.3,30.07421137
2023-06-12 12:49:00,77.2,77.24,77.21,77.22,49.92101915
2023-06-12 12:48:00,77.14,77.22,77.22,77.2,188.59222331
2023-06-12 12:47:00,77.19,77.23,77.22,77.22,11.39429537
2023-06-12 12:46:00,77.22,77.25,77.25,77.22,14.72193973
2023-06-12 12:45:00,77.19,77.25,77.19,77.25,12.75834528
2023-06-12 12:44:00,77.19,77.23,77.23,77.19,5.82145916
2023-06-12 12:43:00,77.2,77.23,77.21,77.23,26.5531386
2023-06-12 12:42:00,77.2,77.24,77.23,77.2,85.65394473
2023-06-12 12:41:00,77.22,77.28,77.25,77.23,168.0658813
2023-06-12 12:40:00,77.17,77.29,77.19,77.25,329.09339421
2023-06-12 12:39:00,77.16,77.23,77.16,77.22,34.85937592
2023-06-12 12:38:00,77.13,77.17,77.17,77.16,7.62367828
2023-06-12 12:37:00,77.16,77.2,77.18,77.16,18.17699119
2023-06-12 12:36:00,77.17,77.24,77.19,77.19,30.12658651
2023-06-12 12:35:00,77.14,77.21,77.17,77.2,80.8450237
2023-06-12 12:34:00,77.12,77.16,77.14,77.15,17.61117484
2023-06-12 12:33:00,77.11,77.17,77.17,77.15,205.30156434
2023-06-12 12:32:00,77.17,77.21,77.21,77.17,15.00505598
2023-06-12 12:31:00,77.18,77.23,77.23,77.21,89.56400848
2023-06-12 12:30:00,77.15,77.23,77.19,77.22,30.61532181
2023-06-12 12:29:00,77.14,77.22,77.2,77.2,84.58306638
2023-06-12 12:28:00,77.19,77.23,77.22,77.19,32.36135441
2023-06-12 12:27:00,77.2,77.25,77.25,77.23,18.1541091
2023-06-12 12:26:00,77.21,77.27,77.25,77.26,4.46174129
2023-06-12 12:25:00,77.22,77.27,77.24,77.25,7.89067346
2023-06-12 12:24:00,77.26,77.33,77.33,77.26,18.81527892
2023-06-12 12:23:00,77.32,77.37,77.34,77.36,20.50167731
2023-06-12 12:22:00,77.25,77.32,77.25,77.32,18.40338354
2023-06-12 12:21:00,77.26,77.32,77.27,77.27,24.35843036
2023-06-12 12:20:00,77.22,77.31,77.25,77.29,14.95372604
2023-06-12 12:19:00,77.22,77.26,77.26,77.24,32.5563752
2023-06-12 12:18:00,77.24,77.28,77.27,77.26,15.84651424
2023-06-12 12:17:00,77.26,77.34,77.29,77.3,103.07005588
2023-06-12 12:16:00,77.25,77.37,77.37,77.29,36.92645241
2023-06-12 12:15:00,77.29,77.4,77.3,77.38,66.93559127
2023-06-12 12:14:00,77.27,77.32,77.31,77.3,51.96927267
2023-06-12 12:13:00,77.31,77.37,77.37,77.31,32.05290471
2023-06-12 12:12:00,77.35,77.37,77.37,77.37,7.39219786
2023-06-12 12:11:00,77.34,77.38,77.35,77.38,22.64464864
2023-06-12 12:10:00,77.33,77.36,77.35,77.33,66.0778768
2023-06-12 12:09:00,77.31,77.36,77.31,77.35,10.41044728
2023-06-12 12:08:00,77.3,77.34,77.34,77.31,35.55330246
2023-06-12 12:07:00,77.32,77.39,77.39,77.33,47.43727846
2023-06-12 12:06:00,77.36,77.43,77.4,77.38,25.95416773
2023-06-12 12:05:00,77.32,77.39,77.34,77.38,52.35227061
2023-06-12 12:04:00,77.36,77.48,77.48,77.36,14.52632607
2023-06-12 12:03:00,77.44,77.5,77.49,77.49,36.67365622
2023-06-12 12:02:00,77.42,77.47,77.43,77.47,7.85626854
2023-06-12 12:01:00,77.42,77.48,77.48,77.44,13.96231254
2023-06-12 12:00:00,77.46,77.51,77.49,77.48,11.82436249
2023-06-12 11:59:00,77.46,77.51,77.48,77.51,28.89955357
2023-06-12 11:58:00,77.43,77.48,77.47,77.45,31.98789448
2023-06-12 11:57:00,77.44,77.47,77.46,77.47,28.00311408
2023-06-12 11:56:00,77.45,77.5,77.48,77.46,23.78577108
2023-06-12 11:55:00,77.46,77.51,77.51,77.48,21.40992705
2023-06-12 11:54:00,77.47,77.61,77.61,77.47,152.64045851
2023-06-12 11:53:00,77.48,77.56,77.48,77.54,76.91658473
2023-06-12 11:52:00,77.37,77.45,77.38,77.45,94.84763574
2023-06-12 11:51:00,77.33,77.38,77.36,77.38,17.68124695
2023-06-12 11:50:00,77.29,77.36,77.3,77.36,112.70572777
2023-06-12 11:49:00,77.25,77.29,77.25,77.28,69.77942517
2023-06-12 11:48:00,77.2,77.29,77.24,77.29,67.02276278
2023-06-12 11:47:00,77.17,77.28,77.28,77.24,376.44946766
2023-06-12 11:46:00,77.27,77.34,77.32,77.27,84.83825312
2023-06-12 11:45:00,77.28,77.39,77.28,77.32,106.47006856
2023-06-12 11:44:00,77.3,77.35,77.31,77.3,51.24505891
2023-06-12 11:43:00,77.32,77.36,77.36,77.33,5.68978194
2023-06-12 11:42:00,77.32,77.37,77.32,77.35,34.53727343
2023-06-12 11:41:00,77.33,77.46,77.46,77.35,16.72242906
2023-06-12 11:40:00,77.37,77.48,77.37,77.48,128.43446447
2023-06-12 11:39:00,77.32,77.37,77.32,77.37,77.57060572
2023-06-12 11:38:00,77.3,77.34,77.32,77.31,15.96154207
2023-06-12 11:37:00,77.28,77.38,77.37,77.3,35.07961216
2023-06-12 11:36:00,77.36,77.4,77.4,77.37,16.8040952
2023-06-12 11:35:00,77.38,77.42,77.4,77.38,21.25737407
2023-06-12 11:34:00,77.38,77.48,77.48,77.38,126.70853926
2023-06-12 11:33:00,77.34,77.46,77.4,77.46,83.9846344
2023-06-12 11:32:00,77.38,77.48,77.38,77.42,252.06402257
2023-06-12 11:31:00,77.36,77.43,77.42,77.39,26.51575491
2023-06-12 11:30:00,77.42,77.53,77.47,77.42,66.56825138
2023-06-12 11:29:00,77.39,77.46,77.41,77.46,23.11239971
2023-06-12 11:28:00,77.4,77.48,77.48,77.41,14.87227676
2023-06-12 11:27:00,77.48,77.53,77.53,77.49,3.37250179
2023-06-12 11:26:00,77.44,77.5,77.46,77.5,21.97352134
2023-06-12 11:25:00,77.42,77.51,77.51,77.43,542.16677645
2023-06-12 11:24:00,77.5,77.53,77.51,77.5,10.56532229
2023-06-12 11:23:00,77.49,77.55,77.54,77.49,12.7167664
2023-06-12 11:22:00,77.54,77.56,77.55,77.54,21.24057419
2023-06-12 11:21:00,77.53,77.58,77.58,77.55,28.11462107
2023-06-12 11:20:00,77.57,77.61,77.59,77.57,73.93818395
2023-06-12 11:19:00,77.56,77.6,77.58,77.6,20.08099455
2023-06-12 11:18:00,77.55,77.61,77.57,77.6,8.14353851
2023-06-12 11:17:00,77.53,77.57,77.54,77.55,11.01976504
2023-06-12 11:16:00,77.49,77.58,77.5,77.58,113.39750848
2023-06-12 11:15:00,77.5,77.62,77.61,77.5,178.23867647
2023-06-12 11:14:00,77.57,77.62,77.57,77.61,51.56098441
2023-06-12 11:13:00,77.54,77.61,77.56,77.57,40.21755913
2023-06-12 11:12:00,77.51,77.56,77.56,77.56,51.81971662
2023-06-12 11:11:00,77.56,77.65,77.65,77.56,81.39307806
2023-06-12 11:10:00,77.55,77.64,77.56,77.64,26.21017359
2023-06-12 11:09:00,77.51,77.57,77.52,77.57,48.68951019
2023-06-12 11:08:00,77.51,77.54,77.51,77.54,45.33431566
2023-06-12 11:07:00,77.53,77.58,77.58,77.54,58.63910932
2023-06-12 11:06:00,77.54,77.57,77.54,77.57,2.64119764
2023-06-12 11:05:00,77.53,77.59,77.54,77.53,1.485085
2023-06-12 11:04:00,77.57,77.63,77.63,77.58,33.05327526
2023-06-12 11:03:00,77.59,77.66,77.66,77.66,81.71874447
2023-06-12 11:02:00,77.59,77.65,77.59,77.63,164.59335561
2023-06-12 11:01:00,77.57,77.6,77.57,77.6,19.0612886
2023-06-12 11:00:00,77.51,77.59,77.53,77.53,44.36371692
2023-06-12 10:59:00,77.54,77.6,77.55,77.54,39.41820046
2023-06-12 10:58:00,77.52,77.56,77.55,77.53,115.20575184
2023-06-12 10:57:00,77.54,77.61,77.57,77.54,128.91148826
2023-06-12 10:56:00,77.57,77.61,77.59,77.59,156.08951285
2023-06-12 10:55:00,77.53,77.61,77.57,77.61,543.41534758
2023-06-12 10:54:00,77.54,77.6,77.57,77.57,14.80952918
2023-06-12 10:53:00,77.56,77.61,77.59,77.61,43.20886742
2023-06-12 10:52:00,77.59,77.64,77.59,77.6,17.75871496
2023-06-12 10:51:00,77.58,77.64,77.6,77.62,36.11338708
2023-06-12 10:50:00,77.54,77.62,77.54,77.59,10.63608996
2023-06-12 10:49:00,77.51,77.57,77.53,77.57,82.5302668
2023-06-12 10:48:00,77.53,77.58,77.53,77.54,13.03899133
2023-06-12 10:47:00,77.53,77.61,77.6,77.56,165.28074047
2023-06-12 10:46:00,77.55,77.66,77.66,77.55,196.05420299
2023-06-12 10:45:00,77.67,77.75,77.75,77.67,50.77751091
2023-06-12 10:44:00,77.79,77.85,77.82,77.79,137.45813499
2023-06-12 10:43:00,77.79,77.82,77.79,77.82,71.53272591
2023-06-12 10:42:00,77.76,77.88,77.88,77.76,23.09693851
2023-06-12 10:41:00,77.84,77.9,77.89,77.84,85.89948606
2023-06-12 10:40:00,77.72,77.9,77.72,77.9,435.7783321
2023-06-12 10:39:00,77.69,77.71,77.7,77.7,24.74145605
2023-06-12 10:38:00,77.63,77.72,77.64,77.72,103.68352986
2023-06-12 10:37:00,77.61,77.66,77.65,77.64,37.85687875
2023-06-12 10:36:00,77.63,77.7,77.69,77.65,49.50875881
2023-06-12 10:35:00,77.61,77.69,77.61,77.69,99.03235042
2023-06-12 10:34:00,77.6,77.74,77.71,77.6,349.7739981
2023-06-12 10:33:00,77.7,77.79,77.74,77.71,34.80639903
2023-06-12 10:32:00,77.68,77.72,77.72,77.71,63.93570402
2023-06-12 10:31:00,77.67,77.73,77.69,77.73,114.11454136
2023-06-12 10:30:00,77.68,77.7,77.68,77.69,15.90981885
2023-06-12 10:29:00,77.68,77.82,77.79,77.68,72.06807704
2023-06-12 10:28:00,77.7,77.79,77.7,77.78,83.03751336
2023-06-12 10:27:00,77.69,77.72,77.69,77.72,17.56655479
2023-06-12 10:26:00,77.67,77.7,77.69,77.7,411.18597524
2023-06-12 10:25:00,77.58,77.64,77.59,77.64,48.30934336
2023-06-12 10:24:00,77.56,77.66,77.56,77.66,68.82678349
2023-06-12 10:23:00,77.55,77.69,77.69,77.58,121.46755904
2023-06-12 10:22:00,77.68,77.76,77.68,77.7,49.41038877
2023-06-12 10:21:00,77.6,77.66,77.66,77.66,148.02279866
2023-06-12 10:20:00,77.61,77.69,77.61,77.66,79.20490812
2023-06-12 10:19:00,77.56,77.63,77.62,77.63,208.60887183
2023-06-12 10:18:00,77.62,77.65,77.65,77.62,42.95593044
2023-06-12 10:17:00,77.71,77.82,77.8,77.71,88.25366577
2023-06-12 10:16:00,77.71,77.86,77.73,77.84,280.57582727
2023-06-12 10:15:00,77.64,77.76,77.64,77.76,65.94101028
2023-06-12 10:14:00,77.59,77.66,77.63,77.62,144.86211315
2023-06-12 10:13:00,77.55,77.64,77.57,77.63,293.21833002
2023-06-12 10:12:00,77.47,77.55,77.47,77.54,133.14826955
2023-06-12 10:11:00,77.45,77.51,77.45,77.45,45.91888869
2023-06-12 10:10:00,77.48,77.53,77.51,77.48,79.32677754
2023-06-12 10:09:00,77.44,77.54,77.44,77.51,152.40833644
2023-06-12 10:08:00,77.37,77.46,77.38,77.45,331.48103579
2023-06-12 10:07:00,77.33,77.38,77.33,77.38,166.14370091
2023-06-12 10:06:00,77.35,77.38,77.38,77.35,455.74537086
2023-06-12 10:05:00,77.25,77.38,77.28,77.38,514.39956131
2023-06-12 10:04:00,77.22,77.3,77.3,77.29,84.06013985
2023-06-12 10:03:00,77.2,77.31,77.2,77.31,67.62150087
2023-06-12 10:02:00,77.19,77.31,77.31,77.21,159.82276283
2023-06-12 10:01:00,77.31,77.45,77.45,77.31,38.53355843
2023-06-12 10:00:00,77.32,77.43,77.36,77.43,63.43792954
2023-06-12 09:59:00,77.34,77.38,77.36,77.35,37.96192679
2023-06-12 09:58:00,77.28,77.36,77.32,77.35,89.1109397
2023-06-12 09:57:00,77.32,77.39,77.39,77.33,20.53523628
2023-06-12 09:56:00,77.32,77.41,77.34,77.41,189.95173099
2023-06-12 09:55:00,77.22,77.35,77.31,77.35,89.32167186
2023-06-12 09:54:00,77.17,77.34,77.19,77.34,37.92639957
2023-06-12 09:53:00,77.15,77.22,77.22,77.16,166.22625867
2023-06-12 09:52:00,77.24,77.42,77.42,77.24,170.2776542
2023-06-12 09:51:00,77.32,77.39,77.32,77.39,62.75045408
2023-06-12 09:50:00,77.31,77.39,77.33,77.32,274.19041006
2023-06-12 09:49:00,77.23,77.32,77.23,77.32,40.41200164
2023-06-12 09:48:00,77.23,77.25,77.25,77.25,14.78874344
2023-06-12 19:48:00,76.52,76.58,76.55,76.57,36.06250865
2023-06-12 19:47:00,76.53,76.64,76.62,76.53,80.77757107
2023-06-12 19:46:00,76.5,76.62,76.5,76.62,55.85115445
2023-06-12 19:45:00,76.46,76.5,76.46,76.5,16.55450056
2023-06-12 19:44:00,76.4,76.47,76.43,76.46,81.69337266
2023-06-12 19:43:00,76.41,76.46,76.42,76.41,66.87598927
2023-06-12 19:42:00,76.38,76.42,76.39,76.42,120.18851317
2023-06-12 19:41:00,76.3,76.4,76.36,76.38,57.67310564
2023-06-12 19:40:00,76.38,76.42,76.42,76.38,48.06562018
2023-06-12 19:39:00,76.38,76.42,76.38,76.42,48.5168154
2023-06-12 19:38:00,76.35,76.4,76.37,76.38,72.30983787
2023-06-12 19:37:00,76.29,76.37,76.36,76.37,83.83421159
2023-06-12 19:36:00,76.24,76.34,76.28,76.34,52.62569131
2023-06-12 19:35:00,76.27,76.32,76.3,76.27,11.17329326
2023-06-12 19:34:00,76.27,76.33,76.3,76.29,47.14257545
2023-06-12 19:33:00,76.24,76.35,76.25,76.31,490.75516674
2023-06-12 19:32:00,76.19,76.34,76.32,76.25,672.73991657
2023-06-12 19:31:00,76.29,76.33,76.32,76.32,35.22282052
2023-06-12 19:30:00,76.29,76.36,76.34,76.32,80.58820627
2023-06-12 19:29:00,76.34,76.37,76.36,76.35,50.017004
2023-06-12 19:28:00,76.31,76.37,76.34,76.36,144.9533821
2023-06-12 19:27:00,76.31,76.41,76.4,76.34,186.23301515
2023-06-12 19:26:00,76.4,76.48,76.48,76.4,55.72938071
2023-06-12 19:25:00,76.47,76.52,76.5,76.47,55.504295
2023-06-12 19:24:00,76.49,76.56,76.52,76.52,435.56592074
2023-06-12 19:23:00,76.51,76.54,76.54,76.53,216.71466675
2023-06-12 19:22:00,76.49,76.57,76.49,76.53,308.65966045
2023-06-12 19:21:00,76.49,76.57,76.56,76.49,559.28045477
2023-06-12 19:20:00,76.56,76.62,76.62,76.57,26.07244513
2023-06-12 19:19:00,76.59,76.68,76.61,76.61,79.06674679
2023-06-12 19:18:00,76.5,76.63,76.62,76.61,228.38532998
2023-06-12 19:17:00,76.58,76.61,76.59,76.6,61.81253741
2023-06-12 19:16:00,76.57,76.62,76.58,76.62,43.5396931
2023-06-12 19:15:00,76.54,76.59,76.54,76.59,122.76512651
2023-06-12 19:14:00,76.53,76.57,76.53,76.56,42.23046037
2023-06-12 19:13:00,76.53,76.58,76.56,76.53,55.9564999
2023-06-12 19:12:00,76.55,76.59,76.57,76.59,105.08112669
2023-06-12 19:11:00,76.5,76.61,76.61,76.56,574.57688989
2023-06-12 19:10:00,76.62,76.71,76.68,76.63,160.28729777
2023-06-12 19:09:00,76.64,76.7,76.67,76.7,52.35184891
2023-06-12 19:08:00,76.62,76.68,76.62,76.68,163.37016969
2023-06-12 19:07:00,76.61,76.66,76.66,76.63,23.81107193
2023-06-12 19:06:00,76.66,76.69,76.67,76.66,10.75224829
2023-06-12 19:05:00,76.64,76.72,76.64,76.69,89.70610324
2023-06-12 19:04:00,76.63,76.71,76.69,76.64,18.69697897
2023-06-12 19:03:00,76.67,76.73,76.73,76.69,62.85767001
2023-06-12 19:02:00,76.68,76.75,76.69,76.71,37.27648806
2023-06-12 19:01:00,76.69,76.73,76.71,76.71,79.22064444
2023-06-12 19:00:00,76.65,76.8,76.77,76.7,407.85043939
2023-06-12 18:59:00,76.73,76.79,76.73,76.77,16.42390943
2023-06-12 18:58:00,76.7,76.74,76.73,76.73,15.06584888
2023-06-12 18:57:00,76.71,76.78,76.77,76.73,51.52089316
2023-06-12 18:56:00,76.77,76.8,76.79,76.79,16.34470364
2023-06-12 18:55:00,76.71,76.78,76.77,76.77,64.46205756
2023-06-12 18:54:00,76.76,76.8,76.76,76.78,35.76426126
2023-06-12 18:53:00,76.74,76.79,76.79,76.76,52.70667108
2023-06-12 18:52:00,76.74,76.8,76.76,76.78,19.1206786
2023-06-12 18:51:00,76.7,76.76,76.76,76.76,54.91696922
2023-06-12 18:50:00,76.7,76.78,76.72,76.75,51.85482462
2023-06-12 18:49:00,76.71,76.75,76.73,76.72,203.91148638
2023-06-12 18:48:00,76.64,76.76,76.68,76.75,382.10931117
2023-06-12 18:47:00,76.59,76.65,76.59,76.65,88.53747369
2023-06-12 18:46:00,76.56,76.59,76.59,76.59,33.60466094
2023-06-12 18:45:00,76.56,76.63,76.56,76.59,206.12601676
2023-06-12 18:44:00,76.51,76.58,76.58,76.57,162.24659931
2023-06-12 18:43:00,76.52,76.58,76.53,76.58,23.03144201
2023-06-12 18:42:00,76.51,76.57,76.54,76.54,65.63614085
2023-06-12 18:41:00,76.51,76.54,76.52,76.53,61.3838077
2023-06-12 18:40:00,76.47,76.59,76.57,76.53,535.45939247
2023-06-12 18:39:00,76.54,76.59,76.54,76.57,86.47886674
2023-06-12 18:38:00,76.51,76.57,76.54,76.55,108.21448872
2023-06-12 18:37:00,76.51,76.59,76.54,76.57,28.66718106
2023-06-12 18:36:00,76.48,76.56,76.56,76.55,379.29447608
2023-06-12 18:35:00,76.56,76.67,76.6,76.57,289.17828035
2023-06-12 18:34:00,76.59,76.67,76.6,76.61,793.80882902
2023-06-12 18:33:00,76.44,76.6,76.44,76.6,522.39090247
2023-06-12 18:32:00,76.41,76.46,76.44,76.42,139.35061814
2023-06-12 18:31:00,76.42,76.47,76.43,76.45,82.16737963
2023-06-12 18:30:00,76.35,76.44,76.39,76.41,346.80009632
2023-06-12 18:29:00,76.39,76.42,76.4,76.41,20.22933571
2023-06-12 18:28:00,76.35,76.44,76.44,76.39,67.17533297
2023-06-12 18:27:00,76.34,76.44,76.34,76.43,242.47328886
2023-06-12 18:26:00,76.32,76.37,76.32,76.35,27.8306116
2023-06-12 18:25:00,76.3,76.42,76.42,76.33,578.68660481
2023-06-12 18:24:00,76.41,76.45,76.44,76.42,119.63944008
2023-06-12 18:23:00,76.41,76.49,76.49,76.43,92.77306152
2023-06-12 18:22:00,76.44,76.58,76.49,76.48,441.35525808
2023-06-12 18:21:00,76.44,76.57,76.54,76.44,337.45198434
2023-06-12 18:20:00,76.49,76.57,76.52,76.55,60.79258826
2023-06-12 18:19:00,76.5,76.59,76.58,76.51,183.16263659
2023-06-12 18:18:00,76.42,76.6,76.45,76.6,187.01424796
2023-06-12 18:17:00,76.41,76.5,76.46,76.42,577.37303279
2023-06-12 18:16:00,76.33,76.52,76.49,76.42,406.16004748
2023-06-12 18:15:00,76.46,76.57,76.57,76.47,160.42464706
2023-06-12 18:14:00,76.54,76.65,76.59,76.56,81.59797847
2023-06-12 18:13:00,76.55,76.59,76.59,76.55,67.80884812
2023-06-12 18:12:00,76.51,76.57,76.52,76.56,78.75373692
2023-06-12 18:11:00,76.52,76.63,76.63,76.52,150.19554043
2023-06-12 18:10:00,76.51,76.62,76.51,76.6,71.77087852
2023-06-12 18:09:00,76.52,76.58,76.58,76.57,52.97442519
2023-06-12 18:08:00,76.51,76.61,76.55,76.54,1450.97800803
2023-06-12 18:07:00,76.56,76.65,76.65,76.57,89.99065712
2023-06-12 18:06:00,76.54,76.64,76.58,76.64,80.30326649
2023-06-12 18:05:00,76.53,76.78,76.69,76.54,259.49843976
2023-06-12 18:04:00,76.63,76.73,76.63,76.73,111.3969812
2023-06-12 18:03:00,76.52,76.61,76.58,76.54,192.43880708
2023-06-12 18:02:00,76.63,76.81,76.81,76.64,175.65159873
2023-06-12 18:01:00,76.69,76.81,76.69,76.79,226.65389987
2023-06-12 18:00:00,76.69,76.8,76.75,76.7,61.67733999
2023-06-12 17:59:00,76.78,76.86,76.8,76.79,280.70547668
2023-06-12 17:58:00,76.8,76.86,76.85,76.82,71.14993442
2023-06-12 17:57:00,76.86,76.95,76.91,76.87,93.60052998
2023-06-12 17:56:00,76.74,76.92,76.77,76.87,124.55648042
2023-06-12 17:55:00,76.77,76.92,76.91,76.78,128.141459
2023-06-12 17:54:00,76.69,76.88,76.73,76.88,106.61657353
2023-06-12 17:53:00,76.52,76.77,76.52,76.71,649.18556614
2023-06-12 17:52:00,76.32,76.78,76.76,76.52,1822.83321941
2023-06-12 17:51:00,76.68,77.08,77.07,76.73,1005.17095247
2023-06-12 17:50:00,77.05,77.17,77.14,77.07,190.73524991
2023-06-12 17:49:00,77.07,77.2,77.18,77.11,136.105353
2023-06-12 17:48:00,77.12,77.27,77.17,77.16,128.18784187
2023-06-12 17:47:00,77.08,77.24,77.12,77.17,159.23858389
2023-06-12 17:46:00,76.94,77.1,76.97,77.06,412.02681757
2023-06-12 17:45:00,76.84,77.12,76.84,76.97,854.00746886
2023-06-12 17:44:00,76.81,76.99,76.96,76.81,250.73234387
2023-06-12 17:43:00,76.42,76.94,76.42,76.94,1403.25496423
2023-06-12 17:42:00,76.34,76.42,76.38,76.42,207.86150858
2023-06-12 17:41:00,76.33,76.4,76.34,76.37,198.72011129
2023-06-12 17:40:00,76.21,76.33,76.32,76.33,1399.57603835
2023-06-12 17:39:00,76.2,76.31,76.31,76.29,175.84890169
2023-06-12 17:38:00,76.21,76.37,76.25,76.3,208.45321827
2023-06-12 17:37:00,76.16,76.28,76.21,76.26,125.05426487
2023-06-12 17:36:00,76.15,76.31,76.27,76.22,96.69986701
2023-06-12 17:35:00,76.15,76.26,76.18,76.23,122.45667665
2023-06-12 17:34:00,76.11,76.22,76.14,76.19,80.8158705
2023-06-12 17:33:00,76.1,76.24,76.24,76.16,240.34573865
2023-06-12 17:32:00,76.2,76.33,76.32,76.24,148.41403965
2023-06-12 17:31:00,76.29,76.46,76.42,76.29,134.69345803
2023-06-12 17:30:00,76.27,76.42,76.32,76.42,99.27438183
2023-06-12 17:29:00,76.31,76.39,76.39,76.31,37.35596387
2023-06-12 17:28:00,76.28,76.38,76.35,76.38,70.94956757
2023-06-12 17:27:00,76.32,76.4,76.33,76.35,40.47931065
2023-06-12 17:26:00,76.2,76.32,76.31,76.32,231.45164324
2023-06-12 17:25:00,76.2,76.29,76.26,76.28,259.17812462
2023-06-12 17:24:00,75.85,76.26,75.91,76.22,683.09203528
2023-06-12 17:23:00,75.82,76.4,76.37,75.91,2431.49371442
2023-06-12 17:22:00,76.27,76.45,76.44,76.3,177.07348027
2023-06-12 17:21:00,76.14,76.46,76.23,76.42,979.11751844
2023-06-12 17:20:00,76.11,76.69,76.69,76.22,1401.76979373
2023-06-12 17:19:00,76.69,76.73,76.72,76.69,18.00865598
2023-06-12 17:18:00,76.69,76.73,76.73,76.73,36.84804592
2023-06-12 17:17:00,76.68,76.74,76.71,76.71,23.40897477
2023-06-12 17:16:00,76.63,76.68,76.64,76.67,58.98737731
2023-06-12 17:15:00,76.61,76.65,76.65,76.65,35.52259896
2023-06-12 17:14:00,76.59,76.67,76.59,76.67,44.68218576
2023-06-12 17:13:00,76.6,76.67,76.66,76.6,37.14520435
2023-06-12 17:12:00,76.69,76.75,76.75,76.7,92.53602689
2023-06-12 17:11:00,76.71,76.75,76.72,76.72,15.1834335
2023-06-12 17:10:00,76.73,76.8,76.78,76.73,52.92651073
2023-06-12 17:09:00,76.79,76.83,76.82,76.79,186.67309044
2023-06-12 17:08:00,76.76,76.84,76.82,76.84,21.37764502
2023-06-12 17:07:00,76.73,76.83,76.74,76.82,17.05000471
2023-06-12 17:06:00,76.72,76.82,76.8,76.72,194.59359572
2023-06-12 17:05:00,76.78,76.82,76.81,76.81,41.67509969
2023-06-12 17:04:00,76.79,76.86,76.86,76.83,25.97993039
2023-06-12 17:03:00,76.8,76.88,76.82,76.83,52.79875977
2023-06-12 17:02:00,76.68,76.8,76.68,76.8,168.40409735
2023-06-12 17:01:00,76.67,76.74,76.7,76.67,117.37316993
2023-06-12 17:00:00,76.69,76.78,76.77,76.71,50.92190414
2023-06-12 16:59:00,76.74,76.8,76.74,76.78,210.02430424
2023-06-12 16:58:00,76.73,76.76,76.75,76.76,31.3572486
2023-06-12 16:57:00,76.74,76.79,76.76,76.76,73.04099064
2023-06-12 16:56:00,76.68,76.76,76.69,76.75,215.99662903
2023-06-12 16:55:00,76.68,76.82,76.82,76.71,456.20002931
2023-06-12 16:54:00,76.78,76.85,76.82,76.79,108.67006292
2023-06-12 16:53:00,76.81,76.85,76.81,76.81,36.65590344
2023-06-12 16:52:00,76.75,76.83,76.79,76.81,232.70415026
2023-06-12 16:51:00,76.76,76.8,76.76,76.79,23.49521834
2023-06-12 16:50:00,76.73,76.82,76.8,76.77,61.76396737
2023-06-12 16:49:00,76.82,76.86,76.85,76.82,34.82136218
2023-06-12 16:48:00,76.83,76.86,76.83,76.85,78.73820726
2023-06-12 16:47:00,76.8,76.87,76.87,76.8,17.50777064
2023-06-12 16:46:00,76.82,76.88,76.88,76.87,89.01692809
2023-06-12 16:45:00,76.85,76.97,76.97,76.89,499.7808674
2023-06-12 16:44:00,76.95,76.99,76.97,76.96,131.54542373
2023-06-12 16:43:00,76.94,77.02,77.02,76.99,205.21606593
2023-06-12 16:42:00,77.02,77.09,77.05,77.03,295.20625357
2023-06-12 16:41:00,76.93,77.08,76.93,77.08,61.56663246
2023-06-12 16:40:00,76.91,76.98,76.96,76.93,72.93212395
2023-06-12 16:39:00,76.92,77.0,76.92,76.97,113.45501074
2023-06-12 16:38:00,76.84,76.93,76.84,76.92,201.08719769
2023-06-12 16:37:00,76.86,76.88,76.88,76.87,54.75752796
2023-06-12 16:36:00,76.86,76.89,76.89,76.88,38.17371184
2023-06-12 16:35:00,76.85,76.93,76.91,76.9,327.0967041
2023-06-12 16:34:00,76.92,76.99,76.98,76.93,108.7438495
2023-06-12 16:33:00,76.96,77.0,77.0,76.97,23.14090854
2023-06-12 16:32:00,76.97,77.03,77.0,77.0,76.52806219
2023-06-12 16:31:00,76.95,77.04,76.96,77.02,144.84733806
2023-06-12 16:30:00,76.96,77.12,77.08,76.96,724.07628177
2023-06-12 16:29:00,76.9,77.11,76.9,77.08,1199.31877877
2023-06-12 16:28:00,76.87,76.94,76.87,76.91,684.38517118
2023-06-12 16:27:00,76.78,76.9,76.78,76.87,1228.26858096
2023-06-12 16:26:00,76.69,76.79,76.71,76.79,76.76169273
2023-06-12 16:25:00,76.66,76.77,76.75,76.69,159.93866811
2023-06-12 16:24:00,76.72,76.78,76.73,76.76,30.12856204
2023-06-12 16:23:00,76.73,76.86,76.84,76.73,95.8348685
2023-06-12 16:22:00,76.77,76.84,76.77,76.79,39.09940374
2023-06-12 16:21:00,76.75,76.79,76.78,76.76,28.78801577
2023-06-12 16:20:00,76.75,76.8,76.75,76.8,104.30665001
2023-06-12 16:19:00,76.75,76.82,76.75,76.76,337.9142755
2023-06-12 16:18:00,76.72,76.79,76.72,76.77,187.82596587
2023-06-12 16:17:00,76.63,76.73,76.65,76.73,65.31330132
2023-06-12 16:16:00,76.64,76.74,76.7,76.65,147.97209419
2023-06-12 16:15:00,76.62,76.73,76.73,76.71,210.57553367
2023-06-12 16:14:00,76.73,76.79,76.75,76.73,47.56694467
2023-06-12 16:13:00,76.69,76.75,76.73,76.74,74.02480396
2023-06-12 16:12:00,76.7,76.78,76.78,76.71,56.48537278
2023-06-12 16:11:00,76.73,76.77,76.77,76.77,105.35961949
2023-06-12 16:10:00,76.78,76.87,76.81,76.78,217.22570414
2023-06-12 16:09:00,76.73,76.81,76.77,76.79,49.91131135
2023-06-12 16:08:00,76.69,76.81,76.69,76.77,109.48506867
2023-06-12 16:07:00,76.51,76.71,76.51,76.71,178.6083148
2023-06-12 16:06:00,76.4,76.51,76.49,76.51,231.02971302
2023-06-12 16:05:00,76.43,76.52,76.46,76.49,100.59896827
2023-06-12 16:04:00,76.43,76.53,76.48,76.44,83.19647582
2023-06-12 16:03:00,76.39,76.56,76.45,76.46,311.17153597
2023-06-12 16:02:00,76.3,76.62,76.62,76.46,1020.3278661
2023-06-12 16:01:00,76.62,76.8,76.78,76.64,324.80631498
2023-06-12 16:00:00,76.7,76.79,76.72,76.77,232.41973739
2023-06-12 15:59:00,76.71,76.75,76.75,76.73,10.15161636
2023-06-12 15:58:00,76.68,76.79,76.79,76.72,313.94782663
2023-06-12 15:57:00,76.75,76.79,76.75,76.79,31.95250665
2023-06-12 15:56:00,76.75,76.79,76.76,76.75,163.16343262
2023-06-12 15:55:00,76.68,76.75,76.71,76.75,117.89586932
2023-06-12 15:54:00,76.69,76.76,76.76,76.71,33.80882661
2023-06-12 15:53:00,76.76,76.78,76.76,76.76,66.64711
2023-06-12 15:52:00,76.7,76.75,76.7,76.75,114.70426365
2023-06-12 15:51:00,76.7,76.75,76.75,76.71,65.692665
2023-06-12 15:50:00,76.71,76.85,76.82,76.73,482.11629404
2023-06-12 15:49:00,76.81,76.86,76.85,76.83,14.60250125
2023-06-12 15:48:00,76.85,76.89,76.89,76.85,185.51565091
2023-06-12 15:47:00,76.89,76.94,76.93,76.89,20.88001453
2023-06-12 15:46:00,76.87,76.93,76.88,76.92,36.56092006
2023-06-12 15:45:00,76.84,76.89,76.89,76.88,389.20655378
2023-06-12 15:44:00,76.84,76.9,76.84,76.9,39.73227761
2023-06-12 15:43:00,76.8,76.86,76.8,76.86,130.88991397
2023-06-12 15:42:00,76.78,76.83,76.83,76.8,151.63213413
2023-06-12 15:41:00,76.78,76.83,76.79,76.83,208.19276821
2023-06-12 15:40:00,76.77,76.83,76.83,76.79,710.42499023
2023-06-12 15:39:00,76.81,76.89,76.89,76.83,143.57636235
2023-06-12 15:38:00,76.83,76.9,76.84,76.9,15.52335781
2023-06-12 15:37:00,76.81,76.86,76.84,76.84,214.94711243
2023-06-12 15:36:00,76.8,76.84,76.82,76.82,89.17530682
2023-06-12 15:35:00,76.79,76.93,76.89,76.81,190.47710092
2023-06-12 15:34:00,76.86,76.91,76.89,76.89,173.25618983
2023-06-12 15:33:00,76.87,76.9,76.9,76.89,116.164663
2023-06-12 15:32:00,76.76,76.91,76.79,76.91,211.28786891
2023-06-12 15:31:00,76.71,76.78,76.72,76.78,210.89236059
2023-06-12 15:30:00,76.62,76.71,76.64,76.71,158.25321365
2023-06-12 15:29:00,76.64,76.69,76.68,76.65,234.81848992
2023-06-12 15:28:00,76.63,76.72,76.66,76.7,196.28810615
2023-06-12 15:27:00,76.65,76.73,76.71,76.65,210.20253793
2023-06-12 15:26:00,76.63,76.71,76.63,76.71,200.57599498
2023-06-12 15:25:00,76.6,76.67,76.66,76.63,234.2716884
2023-06-12 15:24:00,76.64,76.71,76.68,76.66,10.81433365
2023-06-12 15:23:00,76.61,76.68,76.67,76.62,84.02461051
2023-06-12 15:22:00,76.64,76.73,76.7,76.69,55.1972653
2023-06-12 15:21:00,76.6,76.77,76.68,76.67,236.62955332
2023-06-12 15:20:00,76.56,76.67,76.64,76.64,168.0512169
2023-06-12 15:19:00,76.63,76.73,76.63,76.63,140.01173109
2023-06-12 15:18:00,76.6,76.68,76.67,76.64,102.08716243
2023-06-12 15:17:00,76.68,76.79,76.77,76.68,56.52943998
2023-06-12 15:16:00,76.78,76.81,76.81,76.79,49.57903902
2023-06-12 15:15:00,76.74,76.83,76.77,76.81,75.44970127
2023-06-12 15:14:00,76.77,76.82,76.81,76.79,26.69530205
2023-06-12 15:13:00,76.8,76.88,76.84,76.8,80.55555738
2023-06-12 15:12:00,76.75,76.8,76.8,76.78,49.39673651
2023-06-12 15:11:00,76.73,76.83,76.75,76.77,151.99191068
2023-06-12 15:10:00,76.62,76.78,76.63,76.75,168.63979205
2023-06-12 15:09:00,76.58,76.65,76.62,76.64,126.06099411
2023-06-12 15:08:00,76.54,76.63,76.54,76.6,302.56358845
2023-06-12 15:07:00,76.48,76.58,76.56,76.56,118.61172182
2023-06-12 15:06:00,76.56,76.71,76.62,76.56,225.23928988
2023-06-12 15:05:00,76.49,76.58,76.53,76.58,187.47836078
2023-06-12 15:04:00,76.51,76.64,76.64,76.52,121.67849107
2023-06-12 15:03:00,76.65,76.75,76.68,76.65,242.62786255
2023-06-12 15:02:00,76.63,76.71,76.7,76.71,457.54579591
2023-06-12 15:01:00,76.67,76.77,76.77,76.7,194.41200943
2023-06-12 15:00:00,76.77,76.86,76.86,76.79,256.56247762
2023-06-12 14:59:00,76.72,76.87,76.73,76.87,270.48141194
2023-06-12 14:58:00,76.6,76.74,76.6,76.74,640.42502716
2023-06-12 14:57:00,76.4,76.7,76.7,76.61,1187.40925157
2023-06-12 14:56:00,76.71,76.76,76.76,76.71,128.31733144
2023-06-12 14:55:00,76.72,76.79,76.75,76.78,184.05214513
2023-06-12 14:54:00,76.76,76.82,76.82,76.79,48.27409213
2023-06-12 14:53:00,76.81,76.86,76.85,76.81,20.14173788
2023-06-12 14:52:00,76.85,76.89,76.89,76.85,55.58795588
2023-06-12 14:51:00,76.89,76.92,76.92,76.91,70.91134888
2023-06-12 14:50:00,76.86,76.94,76.92,76.93,36.44545098
2023-06-12 14:49:00,76.92,76.96,76.95,76.92,106.13413106
2023-06-12 14:48:00,76.85,76.94,76.88,76.92,38.97361685
2023-06-13 00:48:00,77.19,77.3,77.19,77.28,185.89957602
2023-06-13 00:47:00,77.14,77.37,77.34,77.19,394.83428199
2023-06-13 00:46:00,77.34,77.39,77.39,77.34,1646.94231144
2023-06-13 00:45:00,77.39,77.51,77.48,77.39,58.27250222
2023-06-13 00:44:00,77.41,77.47,77.42,77.46,51.19646888
2023-06-13 00:43:00,77.41,77.5,77.5,77.43,16.35353555
2023-06-13 00:42:00,77.49,77.53,77.51,77.49,11.5569771
2023-06-13 00:41:00,77.46,77.55,77.47,77.54,129.48310154
2023-06-13 00:40:00,77.38,77.49,77.4,77.49,912.03221417
2023-06-13 00:39:00,77.4,77.5,77.48,77.41,723.53769722
2023-06-13 00:38:00,77.44,77.47,77.44,77.47,45.23039738
2023-06-13 00:37:00,77.42,77.46,77.44,77.44,51.07775907
2023-06-13 00:36:00,77.45,77.53,77.45,77.45,130.2680823
2023-06-13 00:35:00,77.42,77.51,77.42,77.43,251.17570336
2023-06-13 00:34:00,77.42,77.46,77.42,77.42,365.18153014
2023-06-13 00:33:00,77.43,77.46,77.46,77.46,13.64704093
2023-06-13 00:32:00,77.42,77.46,77.42,77.45,77.11279547
2023-06-13 00:31:00,77.43,77.5,77.48,77.45,64.27493462
2023-06-13 00:30:00,77.47,77.59,77.59,77.48,276.87251906
2023-06-13 00:29:00,77.55,77.6,77.6,77.57,139.2861215
2023-06-13 00:28:00,77.56,77.6,77.59,77.59,42.58006165
2023-06-13 00:27:00,77.52,77.61,77.61,77.6,56.66950414
2023-06-13 00:26:00,77.59,77.72,77.7,77.61,31.17481687
2023-06-13 00:25:00,77.67,77.71,77.71,77.67,4.56841379
2023-06-13 00:24:00,77.72,77.77,77.72,77.77,145.93691278
2023-06-13 00:23:00,77.68,77.73,77.73,77.71,46.51955093
2023-06-13 00:22:00,77.7,77.78,77.78,77.7,22.6119568
2023-06-13 00:21:00,77.75,77.87,77.86,77.78,77.22088034
2023-06-13 00:20:00,77.85,77.93,77.93,77.85,31.67903252
2023-06-13 00:19:00,77.79,77.91,77.8,77.91,131.0277941
2023-06-13 00:18:00,77.74,77.82,77.75,77.78,45.02522394
2023-06-13 00:17:00,77.73,77.8,77.78,77.77,76.84100968
2023-06-13 00:16:00,77.71,77.82,77.82,77.76,52.31691382
2023-06-13 00:15:00,77.68,77.91,77.68,77.85,445.84309832
2023-06-13 00:14:00,77.53,77.65,77.54,77.63,164.32686474
2023-06-13 00:13:00,77.52,77.58,77.54,77.52,76.59192177
2023-06-13 00:12:00,77.5,77.65,77.64,77.53,202.14078821
2023-06-13 00:11:00,77.61,77.64,77.61,77.64,69.64049091
2023-06-13 00:10:00,77.5,77.62,77.5,77.6,60.21791928
2023-06-13 00:09:00,77.42,77.48,77.45,77.48,50.15907827
2023-06-13 00:08:00,77.42,77.49,77.49,77.43,422.4999623
2023-06-13 00:07:00,77.49,77.61,77.54,77.51,58.69835413
2023-06-13 00:06:00,77.51,77.54,77.52,77.53,139.44856759
2023-06-13 00:05:00,77.46,77.55,77.53,77.52,101.5122216
2023-06-13 00:04:00,77.53,77.59,77.55,77.59,49.74681403
2023-06-13 00:03:00,77.51,77.55,77.51,77.55,28.26632857
2023-06-13 00:02:00,77.43,77.51,77.43,77.49,115.44103123
2023-06-13 00:01:00,77.43,77.49,77.49,77.43,805.36603997
2023-06-13 00:00:00,77.47,77.51,77.5,77.5,62.11264638
2023-06-12 23:59:00,77.49,77.56,77.56,77.51,293.69818908
2023-06-12 23:58:00,77.55,77.57,77.57,77.56,62.89123296
2023-06-12 23:57:00,77.55,77.61,77.57,77.57,64.38468686
2023-06-12 23:56:00,77.58,77.6,77.58,77.59,19.77578904
2023-06-12 23:55:00,77.57,77.61,77.57,77.59,41.15142837
2023-06-12 23:54:00,77.53,77.58,77.54,77.57,32.80362605
2023-06-12 23:53:00,77.56,77.62,77.62,77.58,18.61639828
2023-06-12 23:52:00,77.57,77.62,77.57,77.62,26.30448997
2023-06-12 23:51:00,77.55,77.61,77.6,77.55,28.09790454
2023-06-12 23:50:00,77.54,77.63,77.63,77.58,40.28791278
2023-06-12 23:49:00,77.6,77.65,77.61,77.63,7.65822467
2023-06-12 23:48:00,77.57,77.62,77.57,77.61,33.25538946
2023-06-12 23:47:00,77.55,77.6,77.6,77.57,22.78411544
2023-06-12 23:46:00,77.53,77.64,77.57,77.64,20.68724654
2023-06-12 23:45:00,77.55,77.57,77.57,77.56,5.12620897
2023-06-12 23:44:00,77.54,77.61,77.54,77.58,25.63556796
2023-06-12 23:43:00,77.53,77.6,77.6,77.54,15.41379694
2023-06-12 23:42:00,77.53,77.6,77.6,77.54,21.49551686
2023-06-12 23:41:00,77.58,77.7,77.7,77.58,7.19670925
2023-06-12 23:40:00,77.69,77.72,77.72,77.69,32.59275035
2023-06-12 23:39:00,77.69,77.73,77.73,77.73,69.3122777
2023-06-12 23:38:00,77.73,77.75,77.75,77.73,4.00426101
2023-06-12 23:37:00,77.75,77.78,77.77,77.75,5.23757177
2023-06-12 23:36:00,77.75,77.79,77.78,77.77,43.58597781
2023-06-12 23:35:00,77.75,77.8,77.78,77.8,27.70418064
2023-06-12 23:34:00,77.72,77.78,77.72,77.77,83.13786631
2023-06-12 23:33:00,77.74,77.8,77.77,77.74,15.36409627
2023-06-12 23:32:00,77.66,77.78,77.68,77.73,18.09589858
2023-06-12 23:31:00,77.67,77.72,77.67,77.7,10.17164957
2023-06-12 23:30:00,77.62,77.68,77.64,77.66,63.1060516
2023-06-12 23:29:00,77.56,77.64,77.58,77.64,28.39876368
2023-06-12 23:28:00,77.57,77.61,77.6,77.59,23.33374561
2023-06-12 23:27:00,77.6,77.63,77.61,77.61,16.47507988
2023-06-12 23:26:00,77.59,77.61,77.59,77.61,7.74815258
2023-06-12 23:25:00,77.56,77.6,77.59,77.6,5.83958676
2023-06-12 23:24:00,77.55,77.65,77.61,77.6,179.4669968
2023-06-12 23:23:00,77.53,77.61,77.56,77.61,89.28465849
2023-06-12 23:22:00,77.53,77.57,77.55,77.55,27.32109475
2023-06-12 23:21:00,77.52,77.57,77.57,77.52,20.64743286
2023-06-12 23:20:00,77.53,77.58,77.55,77.57,27.92105258
2023-06-12 23:19:00,77.52,77.57,77.55,77.55,20.11415754
2023-06-12 23:18:00,77.55,77.57,77.56,77.55,17.49597461
2023-06-12 23:17:00,77.55,77.58,77.58,77.55,8.38935962
2023-06-12 23:16:00,77.55,77.61,77.56,77.56,21.21902502
2023-06-12 23:15:00,77.48,77.57,77.51,77.57,101.92190426
2023-06-12 23:14:00,77.45,77.55,77.51,77.49,740.50808654
2023-06-12 23:13:00,77.48,77.51,77.5,77.51,46.28360685
2023-06-12 23:12:00,77.48,77.51,77.48,77.49,161.91201694
2023-06-12 23:11:00,77.45,77.5,77.46,77.49,466.15212914
2023-06-12 23:10:00,77.45,77.5,77.47,77.46,794.60834155
2023-06-12 23:09:00,77.46,77.49,77.47,77.48,777.19247465
2023-06-12 23:08:00,77.47,77.5,77.5,77.47,1151.82305011
2023-06-12 23:07:00,77.47,77.5,77.47,77.5,972.44455285
2023-06-12 23:06:00,77.4,77.46,77.4,77.46,1824.03222638
2023-06-12 23:05:00,77.31,77.39,77.31,77.39,1893.72698789
2023-06-12 23:04:00,77.31,77.35,77.33,77.33,36.99384554
2023-06-12 23:03:00,77.3,77.38,77.36,77.33,85.11607786
2023-06-12 23:02:00,77.3,77.34,77.31,77.32,88.83003851
2023-06-12 23:01:00,77.23,77.3,77.26,77.3,13.26639129
2023-06-12 23:00:00,77.23,77.28,77.25,77.25,56.04420868
2023-06-12 22:59:00,77.21,77.27,77.24,77.27,138.37802665
2023-06-12 22:58:00,77.21,77.26,77.21,77.23,39.720785
2023-06-12 22:57:00,77.2,77.23,77.22,77.21,21.9746621
2023-06-12 22:56:00,77.15,77.22,77.18,77.2,66.91826553
2023-06-12 22:55:00,77.16,77.3,77.3,77.17,120.94638243
2023-06-12 22:54:00,77.28,77.31,77.28,77.3,67.34742799
2023-06-12 22:53:00,77.26,77.3,77.26,77.3,22.14319388
2023-06-12 22:52:00,77.24,77.27,77.27,77.26,9.18964497
2023-06-12 22:51:00,77.23,77.28,77.25,77.25,18.6371731
2023-06-12 22:50:00,77.23,77.28,77.24,77.27,13.94948462
2023-06-12 22:49:00,77.22,77.33,77.33,77.22,31.92060055
2023-06-12 22:48:00,77.29,77.34,77.31,77.34,57.02781962
2023-06-12 22:47:00,77.29,77.35,77.29,77.32,44.34432492
2023-06-12 22:46:00,77.27,77.33,77.27,77.33,51.30033002
2023-06-12 22:45:00,77.24,77.31,77.24,77.27,11.96635778
2023-06-12 22:44:00,77.22,77.28,77.23,77.24,38.57053604
2023-06-12 22:43:00,77.23,77.27,77.27,77.24,30.25002024
2023-06-12 22:42:00,77.2,77.27,77.22,77.26,87.36498182
2023-06-12 22:41:00,77.19,77.23,77.22,77.22,158.99383064
2023-06-12 22:40:00,77.23,77.3,77.27,77.23,55.21172119
2023-06-12 22:39:00,77.26,77.33,77.31,77.28,96.26443632
2023-06-12 22:38:00,77.31,77.37,77.33,77.35,170.77878459
2023-06-12 22:37:00,77.33,77.36,77.33,77.33,31.86548209
2023-06-12 22:36:00,77.31,77.37,77.37,77.32,58.09306557
2023-06-12 22:35:00,77.32,77.37,77.32,77.37,36.78460947
2023-06-12 22:34:00,77.3,77.37,77.31,77.31,77.555329
2023-06-12 22:33:00,77.28,77.34,77.31,77.31,32.78216735
2023-06-12 22:32:00,77.25,77.31,77.29,77.27,122.00685688
2023-06-12 22:31:00,77.16,77.34,77.26,77.28,165.88389772
2023-06-12 22:30:00,77.18,77.27,77.19,77.27,55.000568
2023-06-12 22:29:00,77.16,77.19,77.17,77.18,59.6917202
2023-06-12 22:28:00,77.17,77.2,77.2,77.17,37.66190406
2023-06-12 22:27:00,77.18,77.2,77.2,77.18,11.96406757
2023-06-12 22:26:00,77.18,77.2,77.2,77.18,21.37738833
2023-06-12 22:25:00,77.18,77.2,77.2,77.2,14.70971753
2023-06-12 22:24:00,77.19,77.23,77.21,77.19,15.13544379
2023-06-12 22:23:00,77.18,77.21,77.21,77.21,11.32720251
2023-06-12 22:22:00,77.14,77.2,77.17,77.2,119.2809879
2023-06-12 22:21:00,77.18,77.25,77.25,77.18,114.02098827
2023-06-12 22:20:00,77.27,77.38,77.38,77.27,126.35038692
2023-06-12 22:19:00,77.35,77.4,77.37,77.37,69.34301488
2023-06-12 22:18:00,77.34,77.41,77.41,77.35,43.84048931
2023-06-12 22:17:00,77.41,77.46,77.43,77.41,29.53293665
2023-06-12 22:16:00,77.4,77.46,77.41,77.43,80.56730235
2023-06-12 22:15:00,77.34,77.4,77.36,77.4,117.49531152
2023-06-12 22:14:00,77.36,77.42,77.36,77.39,89.8516831
2023-06-12 22:13:00,77.32,77.37,77.34,77.36,43.56992594
2023-06-12 22:12:00,77.37,77.4,77.4,77.38,27.08473118
2023-06-12 22:11:00,77.38,77.46,77.44,77.38,88.85764054
2023-06-12 22:10:00,77.38,77.45,77.38,77.44,17.89006644
2023-06-12 22:09:00,77.37,77.4,77.37,77.4,41.12259396
2023-06-12 22:08:00,77.34,77.46,77.46,77.36,47.42860533
2023-06-12 22:07:00,77.43,77.49,77.43,77.47,75.35648973
2023-06-12 22:06:00,77.39,77.46,77.44,77.44,122.90870517
2023-06-12 22:05:00,77.34,77.44,77.34,77.43,138.42641265
2023-06-12 22:04:00,77.33,77.38,77.34,77.38,18.67277199
2023-06-12 22:03:00,77.22,77.28,77.23,77.28,17.67038333
2023-06-12 22:02:00,77.26,77.33,77.33,77.26,11.35795668
2023-06-12 22:01:00,77.31,77.4,77.39,77.31,442.2298776
2023-06-12 22:00:00,77.28,77.37,77.28,77.37,283.06123956
2023-06-12 21:59:00,77.26,77.31,77.3,77.26,72.22761491
2023-06-12 21:58:00,77.27,77.31,77.31,77.28,18.84651829
2023-06-12 21:57:00,77.27,77.36,77.36,77.31,25.04733894
2023-06-12 21:56:00,77.16,77.31,77.16,77.31,162.74597378
2023-06-12 21:55:00,77.1,77.15,77.1,77.13,18.46582081
2023-06-12 21:54:00,77.09,77.16,77.16,77.12,46.39436736
2023-06-12 21:53:00,77.16,77.17,77.17,77.16,8.96357708
2023-06-12 21:52:00,77.13,77.17,77.15,77.17,17.16936329
2023-06-12 21:51:00,77.09,77.15,77.12,77.15,47.76241243
2023-06-12 21:50:00,77.08,77.13,77.11,77.12,49.76743445
2023-06-12 21:49:00,77.05,77.1,77.09,77.1,73.82995974
2023-06-12 21:48:00,77.03,77.09,77.07,77.09,51.91086691
2023-06-12 21:47:00,77.02,77.05,77.03,77.03,224.04001994
2023-06-12 21:46:00,77.0,77.03,77.03,77.03,80.54147103
2023-06-12 21:45:00,77.0,77.04,77.03,77.03,23.64169554
2023-06-12 21:44:00,77.0,77.08,77.08,77.03,135.98077739
2023-06-12 21:43:00,77.07,77.1,77.08,77.09,71.65152951
2023-06-12 21:42:00,77.07,77.1,77.1,77.09,15.30087264
2023-06-12 21:41:00,77.07,77.1,77.07,77.1,63.19356777
2023-06-12 21:40:00,77.1,77.16,77.12,77.1,125.80348427
2023-06-12 21:39:00,77.12,77.16,77.13,77.12,22.92104114
2023-06-12 21:38:00,77.04,77.13,77.04,77.13,58.80463708
2023-06-12 21:37:00,77.03,77.07,77.04,77.07,11.93946118
2023-06-12 21:36:00,77.02,77.04,77.04,77.04,23.80677094
2023-06-12 21:35:00,76.96,77.04,76.96,77.04,184.95312405
2023-06-12 21:34:00,76.96,76.99,76.99,76.96,116.50701386
2023-06-12 21:33:00,76.98,77.04,77.04,76.99,37.2804184
2023-06-12 21:32:00,77.02,77.05,77.02,77.04,18.42961118
2023-06-12 21:31:00,77.01,77.03,77.02,77.01,6.52461976
2023-06-12 21:30:00,76.96,77.02,76.96,77.01,30.27654812
2023-06-12 21:29:00,76.94,76.97,76.95,76.96,23.31605216
2023-06-12 21:28:00,76.93,76.96,76.96,76.95,20.25764047
2023-06-12 21:27:00,76.95,77.06,77.06,76.95,209.28538358
2023-06-12 21:26:00,77.04,77.1,77.1,77.04,54.82522051
2023-06-12 21:25:00,77.08,77.12,77.1,77.09,15.05836482
2023-06-12 21:24:00,77.09,77.13,77.1,77.12,30.2574806
2023-06-12 21:23:00,77.08,77.11,77.1,77.1,33.91913355
2023-06-12 21:22:00,77.08,77.16,77.14,77.1,63.58960138
2023-06-12 21:21:00,77.12,77.14,77.12,77.13,47.54297188
2023-06-12 21:20:00,77.11,77.14,77.12,77.14,56.59044113
2023-06-12 21:19:00,77.11,77.14,77.11,77.12,26.04839736
2023-06-12 21:18:00,77.09,77.11,77.11,77.11,23.15226946
2023-06-12 21:17:00,77.12,77.16,77.16,77.12,31.46198731
2023-06-12 21:16:00,77.17,77.21,77.2,77.17,16.00812594
2023-06-12 21:15:00,77.14,77.21,77.14,77.2,30.10145565
2023-06-12 21:14:00,77.16,77.18,77.16,77.16,6.48369891
2023-06-12 21:13:00,77.12,77.16,77.14,77.16,11.19912467
2023-06-12 21:12:00,77.12,77.15,77.15,77.13,23.05204854
2023-06-12 21:11:00,77.13,77.19,77.13,77.16,54.80269516
2023-06-12 21:10:00,77.14,77.2,77.18,77.15,30.95246997
2023-06-12 21:09:00,77.09,77.19,77.1,77.19,91.41788503
2023-06-12 21:08:00,77.1,77.16,77.16,77.11,81.90209361
2023-06-12 21:07:00,77.07,77.16,77.07,77.14,335.35913114
2023-06-12 21:06:00,77.04,77.13,77.04,77.07,344.51686864
2023-06-12 21:05:00,76.95,77.03,76.96,77.03,109.04709511
2023-06-12 21:04:00,76.94,76.98,76.94,76.98,27.12833518
2023-06-12 21:03:00,76.93,76.96,76.94,76.95,38.20417271
2023-06-12 21:02:00,76.91,76.94,76.94,76.93,23.77601535
2023-06-12 21:01:00,76.9,77.03,77.03,76.93,187.36356551
2023-06-12 21:00:00,77.01,77.1,77.08,77.03,52.79562428
2023-06-12 20:59:00,77.01,77.08,77.01,77.08,62.70128808
2023-06-12 20:58:00,76.97,77.02,76.98,77.0,48.87765095
2023-06-12 20:57:00,76.98,77.03,77.03,76.98,62.24591381
2023-06-12 20:56:00,77.0,77.03,77.02,77.03,51.63692334
2023-06-12 20:55:00,77.0,77.03,77.01,77.0,114.23710061
2023-06-12 20:54:00,76.99,77.03,77.01,77.01,26.8437606
2023-06-12 20:53:00,77.01,77.07,77.07,77.01,78.5107535
2023-06-12 20:52:00,76.97,77.05,77.02,77.05,431.33625943
2023-06-12 20:51:00,76.94,77.01,76.96,77.0,96.48563638
2023-06-12 20:50:00,76.92,76.98,76.94,76.96,91.51101835
2023-06-12 20:49:00,76.95,77.01,76.98,76.95,35.08740522
2023-06-12 20:48:00,76.98,77.05,77.03,76.98,143.69326825
2023-06-12 20:47:00,77.02,77.06,77.05,77.03,70.60929488
2023-06-12 20:46:00,77.04,77.15,77.11,77.05,51.75337933
2023-06-12 20:45:00,77.08,77.17,77.11,77.13,34.94280289
2023-06-12 20:44:00,76.99,77.18,77.03,77.14,170.44129228
2023-06-12 20:43:00,77.0,77.04,77.0,77.04,258.97581269
2023-06-12 20:42:00,76.87,77.0,76.89,77.0,398.3671241
2023-06-12 20:41:00,76.83,76.89,76.85,76.89,110.92373268
2023-06-12 20:40:00,76.82,76.86,76.84,76.84,56.87634387
2023-06-12 20:39:00,76.81,76.86,76.83,76.86,22.64349135
2023-06-12 20:38:00,76.83,76.87,76.83,76.85,35.92041245
2023-06-12 20:37:00,76.81,76.86,76.81,76.84,44.16415464
2023-06-12 20:36:00,76.78,76.84,76.78,76.81,82.33940153
2023-06-12 20:35:00,76.74,76.85,76.84,76.78,53.65642392
2023-06-12 20:34:00,76.79,76.83,76.79,76.83,52.94141665
2023-06-12 20:33:00,76.74,76.8,76.75,76.77,54.92846537
2023-06-12 20:32:00,76.7,76.78,76.78,76.75,190.12048925
2023-06-12 20:31:00,76.75,76.8,76.78,76.75,51.93669166
2023-06-12 20:30:00,76.76,76.91,76.85,76.77,826.46882704
2023-06-12 20:29:00,76.82,76.87,76.82,76.86,334.96846339
2023-06-12 20:28:00,76.78,76.85,76.84,76.8,113.01902452
2023-06-12 20:27:00,76.81,76.85,76.85,76.82,10.928497
2023-06-12 20:26:00,76.8,76.84,76.82,76.84,14.53132998
2023-06-12 20:25:00,76.81,76.85,76.85,76.82,57.90228136
2023-06-12 20:24:00,76.83,76.88,76.88,76.84,213.16992879
2023-06-12 20:23:00,76.86,76.88,76.88,76.88,25.7293076
2023-06-12 20:22:00,76.85,76.91,76.9,76.85,140.34424556
2023-06-12 20:21:00,76.84,76.9,76.88,76.9,21.9620826
2023-06-12 20:20:00,76.73,76.86,76.73,76.85,107.21583826
2023-06-12 20:19:00,76.71,76.83,76.77,76.71,236.93249346
2023-06-12 20:18:00,76.71,76.77,76.75,76.77,61.78923455
2023-06-12 20:17:00,76.73,76.79,76.79,76.78,66.22477607
2023-06-12 20:16:00,76.77,76.81,76.8,76.79,30.51038345
2023-06-12 20:15:00,76.78,76.86,76.82,76.79,51.38223506
2023-06-12 20:14:00,76.77,76.82,76.8,76.82,22.59479343
2023-06-12 20:13:00,76.79,76.82,76.8,76.79,32.74008189
2023-06-12 20:12:00,76.81,76.86,76.86,76.81,32.42949921
2023-06-12 20:11:00,76.83,76.9,76.88,76.88,90.15844054
2023-06-12 20:10:00,76.69,76.86,76.71,76.86,253.27071637
2023-06-12 20:09:00,76.6,76.7,76.61,76.69,80.9354288
2023-06-12 20:08:00,76.58,76.62,76.59,76.62,45.17780875
2023-06-12 20:07:00,76.56,76.62,76.58,76.59,38.22127426
2023-06-12 20:06:00,76.56,76.6,76.56,76.57,43.66156549
2023-06-12 20:05:00,76.53,76.58,76.56,76.58,49.1990148
2023-06-12 20:04:00,76.52,76.57,76.55,76.56,25.82371275
2023-06-12 20:03:00,76.53,76.56,76.55,76.54,43.78960853
2023-06-12 20:02:00,76.49,76.55,76.54,76.54,108.60069471
2023-06-12 20:01:00,76.51,76.62,76.6,76.53,88.21388155
2023-06-12 20:00:00,76.43,76.61,76.58,76.59,453.73656187
2023-06-12 19:59:00,76.56,76.59,76.57,76.57,27.24227428
2023-06-12 19:58:00,76.57,76.64,76.64,76.58,14.11247745
2023-06-12 19:57:00,76.63,76.67,76.65,76.63,53.64201476
2023-06-12 19:56:00,76.59,76.65,76.6,76.65,15.80187797
2023-06-12 19:55:00,76.59,76.64,76.63,76.6,34.46209687
2023-06-12 19:54:00,76.59,76.65,76.61,76.65,16.1819133
2023-06-12 19:53:00,76.63,76.68,76.66,76.63,36.15783239
2023-06-12 19:52:00,76.57,76.68,76.59,76.68,166.31453886
2023-06-12 19:51:00,76.52,76.59,76.54,76.59,95.98742953
2023-06-12 19:50:00,76.54,76.57,76.54,76.54,83.38869785
2023-06-12 19:49:00,76.53,76.56,76.56,76.54,28.19423012
2023-06-12 19:48:00,76.52,76.58,76.55,76.57,36.06250865
2023-06-13 05:48:00,78.24,78.28,78.24,78.28,18.74869709
2023-06-13 05:47:00,78.24,78.35,78.35,78.26,189.29129475
2023-06-13 05:46:00,78.35,78.38,78.38,78.37,4.76262222
2023-06-13 05:45:00,78.38,78.5,78.48,78.39,56.88378792
2023-06-13 05:44:00,78.45,78.5,78.49,78.5,130.89340959
2023-06-13 05:43:00,78.48,78.5,78.48,78.49,14.63624929
2023-06-13 05:42:00,78.42,78.47,78.42,78.47,24.03667422
2023-06-13 05:41:00,78.42,78.47,78.47,78.43,144.75146282
2023-06-13 05:40:00,78.42,78.46,78.42,78.46,63.2880417
2023-06-13 05:39:00,78.39,78.4,78.39,78.4,2.87007457
2023-06-13 05:38:00,78.36,78.42,78.4,78.36,9.3868536
2023-06-13 05:37:00,78.4,78.42,78.42,78.42,14.98057031
2023-06-13 05:36:00,78.37,78.43,78.37,78.4,13.18633685
2023-06-13 05:35:00,78.38,78.41,78.39,78.39,39.11105847
2023-06-13 05:34:00,78.35,78.44,78.42,78.37,194.15109539
2023-06-13 05:33:00,78.39,78.4,78.39,78.39,27.76691952
2023-06-13 05:32:00,78.39,78.4,78.4,78.4,6.15211872
2023-06-13 05:31:00,78.36,78.47,78.43,78.36,9.38159881
2023-06-13 05:30:00,78.36,78.4,78.36,78.4,23.44560248
2023-06-13 05:29:00,78.32,78.36,78.32,78.36,9.00751916
2023-06-13 05:28:00,78.29,78.35,78.35,78.29,102.95792476
2023-06-13 05:27:00,78.31,78.48,78.46,78.31,152.24479634
2023-06-13 05:26:00,78.43,78.53,78.45,78.43,18.12203845
2023-06-13 05:25:00,78.46,78.58,78.48,78.48,93.77531819
2023-06-13 05:24:00,78.53,78.71,78.59,78.53,15.88752147
2023-06-13 05:23:00,78.59,78.68,78.62,78.59,127.93502287
2023-06-13 05:22:00,78.55,78.63,78.62,78.61,8.13688149
2023-06-13 05:21:00,78.57,78.62,78.61,78.62,127.60315593
2023-06-13 05:20:00,78.52,78.58,78.55,78.55,43.65281222
2023-06-13 05:19:00,78.54,78.57,78.56,78.56,9.33637092
2023-06-13 05:18:00,78.56,78.62,78.59,78.56,93.52380842
2023-06-13 05:17:00,78.56,78.59,78.58,78.59,80.43334626
2023-06-13 05:16:00,78.54,78.6,78.54,78.59,115.67840013
2023-06-13 05:15:00,78.52,78.59,78.56,78.54,158.42314766
2023-06-13 05:14:00,78.56,78.61,78.58,78.61,49.36475982
2023-06-13 05:13:00,78.53,78.63,78.53,78.57,149.9282855
2023-06-13 05:12:00,78.48,78.52,78.5,78.51,84.08195364
2023-06-13 05:11:00,78.47,78.5,78.48,78.49,80.30445523
2023-06-13 05:10:00,78.41,78.47,78.41,78.47,18.52140099
2023-06-13 05:09:00,78.41,78.44,78.43,78.43,41.42633172
2023-06-13 05:08:00,78.34,78.44,78.39,78.43,60.03808037
2023-06-13 05:07:00,78.35,78.39,78.35,78.38,32.71575567
2023-06-13 05:06:00,78.35,78.39,78.36,78.36,45.38685371
2023-06-13 05:05:00,78.35,78.4,78.35,78.4,41.49722328
2023-06-13 05:04:00,78.32,78.36,78.35,78.35,5.04332253
2023-06-13 05:03:00,78.34,78.4,78.4,78.37,145.7166968
2023-06-13 05:02:00,78.4,78.42,78.41,78.42,99.95509595
2023-06-13 05:01:00,78.37,78.42,78.39,78.42,36.31870548
2023-06-13 05:00:00,78.36,78.42,78.41,78.4,95.1279052
2023-06-13 04:59:00,78.41,78.43,78.41,78.41,48.7113448
2023-06-13 04:58:00,78.37,78.41,78.4,78.41,114.89115423
2023-06-13 04:57:00,78.37,78.42,78.37,78.39,16.38264216
2023-06-13 04:56:00,78.36,78.39,78.39,78.37,56.57754956
2023-06-13 04:55:00,78.34,78.4,78.35,78.37,126.82899561
2023-06-13 04:54:00,78.35,78.37,78.37,78.37,29.03452885
2023-06-13 04:53:00,78.3,78.36,78.3,78.36,158.75951863
2023-06-13 04:52:00,78.27,78.3,78.29,78.3,22.19181993
2023-06-13 04:51:00,78.27,78.3,78.3,78.27,70.93339413
2023-06-13 04:50:00,78.26,78.3,78.27,78.3,7.98079068
2023-06-13 04:49:00,78.22,78.28,78.26,78.27,79.37989182
2023-06-13 04:48:00,78.27,78.33,78.32,78.27,92.1351279
2023-06-13 04:47:00,78.28,78.31,78.28,78.31,9.98001194
2023-06-13 04:46:00,78.22,78.26,78.25,78.26,17.3670243
2023-06-13 04:45:00,78.13,78.24,78.18,78.24,12.72023726
2023-06-13 04:44:00,78.17,78.22,78.21,78.17,175.54637334
2023-06-13 04:43:00,78.14,78.21,78.14,78.19,55.79008603
2023-06-13 04:42:00,78.13,78.24,78.24,78.13,36.65405894
2023-06-13 04:41:00,78.15,78.23,78.18,78.2,59.34903391
2023-06-13 04:40:00,78.12,78.16,78.12,78.16,11.07172858
2023-06-13 04:39:00,78.12,78.17,78.13,78.13,7.96433466
2023-06-13 04:38:00,78.08,78.12,78.12,78.08,14.87481525
2023-06-13 04:37:00,78.08,78.15,78.08,78.09,149.48481382
2023-06-13 04:36:00,78.07,78.12,78.08,78.07,53.05602234
2023-06-13 04:35:00,77.98,78.08,77.98,78.08,20.94377329
2023-06-13 04:34:00,77.97,78.01,77.99,77.98,93.78698444
2023-06-13 04:33:00,77.92,78.03,78.0,77.98,62.33074988
2023-06-13 04:32:00,77.94,78.03,77.95,78.01,83.79342942
2023-06-13 04:31:00,77.82,77.97,77.87,77.97,64.737599
2023-06-13 04:30:00,77.86,77.97,77.97,77.87,150.25382396
2023-06-13 04:29:00,77.96,77.98,77.96,77.98,47.23606326
2023-06-13 04:28:00,77.92,77.96,77.94,77.94,58.95769901
2023-06-13 04:27:00,77.92,77.99,77.98,77.93,110.72709485
2023-06-13 04:26:00,77.97,78.0,78.0,77.99,3.54416908
2023-06-13 04:25:00,77.99,78.04,78.0,78.03,46.59971897
2023-06-13 04:24:00,77.99,78.07,78.06,78.0,84.41175708
2023-06-13 04:23:00,78.04,78.11,78.1,78.05,109.66558069
2023-06-13 04:22:00,78.0,78.11,78.02,78.1,139.11757814
2023-06-13 04:21:00,78.03,78.14,78.07,78.03,86.28600513
2023-06-13 04:20:00,78.0,78.08,78.0,78.08,34.58017443
2023-06-13 04:19:00,78.0,78.03,78.01,78.02,42.33917285
2023-06-13 04:18:00,78.03,78.08,78.08,78.03,17.06707828
2023-06-13 04:17:00,78.07,78.13,78.13,78.08,210.22462758
2023-06-13 04:16:00,78.11,78.17,78.15,78.13,59.24596745
2023-06-13 04:15:00,78.1,78.2,78.1,78.16,14.86790399
2023-06-13 04:14:00,78.09,78.13,78.12,78.11,12.73726298
2023-06-13 04:13:00,78.11,78.14,78.14,78.13,38.34948419
2023-06-13 04:12:00,78.1,78.14,78.11,78.13,4.1789229
2023-06-13 04:11:00,78.1,78.15,78.11,78.1,41.99718426
2023-06-13 04:10:00,78.02,78.12,78.02,78.11,12.95821134
2023-06-13 04:09:00,78.0,78.11,78.08,78.02,145.79207048
2023-06-13 04:08:00,78.01,78.06,78.03,78.06,31.98602115
2023-06-13 04:07:00,77.99,78.07,78.02,78.06,64.55766129
2023-06-13 04:06:00,77.98,78.04,78.02,78.03,105.53990571
2023-06-13 04:05:00,78.01,78.13,78.09,78.01,521.94765358
2023-06-13 04:04:00,78.07,78.15,78.15,78.08,38.19671768
2023-06-13 04:03:00,78.13,78.24,78.18,78.13,118.1310433
2023-06-13 04:02:00,78.13,78.21,78.17,78.2,179.11647437
2023-06-13 04:01:00,78.16,78.32,78.31,78.16,69.27238399
2023-06-13 04:00:00,78.31,78.33,78.31,78.32,55.4410463
2023-06-13 03:59:00,78.25,78.29,78.26,78.29,44.47356007
2023-06-13 03:58:00,78.25,78.31,78.26,78.28,48.20613498
2023-06-13 03:57:00,78.26,78.32,78.32,78.29,15.73623584
2023-06-13 03:56:00,78.24,78.33,78.25,78.32,68.07668201
2023-06-13 03:55:00,78.22,78.25,78.25,78.23,61.25995608
2023-06-13 03:54:00,78.22,78.31,78.27,78.25,45.43242029
2023-06-13 03:53:00,78.27,78.41,78.41,78.28,316.74368074
2023-06-13 03:52:00,78.41,78.43,78.42,78.41,22.09762368
2023-06-13 03:51:00,78.36,78.43,78.4,78.43,218.96501172
2023-06-13 03:50:00,78.35,78.4,78.4,78.35,28.05327314
2023-06-13 03:49:00,78.35,78.4,78.39,78.4,67.32979546
2023-06-13 03:48:00,78.31,78.39,78.34,78.37,105.47272338
2023-06-13 03:47:00,78.31,78.39,78.37,78.34,58.63777529
2023-06-13 03:46:00,78.32,78.34,78.32,78.34,31.93203984
2023-06-13 03:45:00,78.23,78.33,78.32,78.29,45.02316951
2023-06-13 03:44:00,78.29,78.34,78.34,78.29,35.96379846
2023-06-13 03:43:00,78.29,78.37,78.31,78.34,43.13445477
2023-06-13 03:42:00,78.27,78.34,78.27,78.31,39.73071588
2023-06-13 03:41:00,78.24,78.28,78.25,78.28,2.86302947
2023-06-13 03:40:00,78.23,78.3,78.25,78.24,35.41852413
2023-06-13 03:39:00,78.25,78.34,78.34,78.27,27.34294222
2023-06-13 03:38:00,78.36,78.4,78.39,78.36,149.87060241
2023-06-13 03:37:00,78.3,78.38,78.32,78.38,20.25235518
2023-06-13 03:36:00,78.29,78.31,78.3,78.3,16.39594702
2023-06-13 03:35:00,78.25,78.3,78.28,78.3,10.26211025
2023-06-13 03:34:00,78.19,78.28,78.25,78.28,130.23418439
2023-06-13 03:33:00,78.25,78.3,78.25,78.25,80.70136119
2023-06-13 03:32:00,78.22,78.25,78.22,78.25,18.72842073
2023-06-13 03:31:00,78.22,78.31,78.31,78.22,43.08408144
2023-06-13 03:30:00,78.26,78.33,78.31,78.31,29.3446234
2023-06-13 03:29:00,78.29,78.32,78.32,78.29,54.77691611
2023-06-13 03:28:00,78.28,78.34,78.31,78.34,123.1506949
2023-06-13 03:27:00,78.27,78.32,78.3,78.31,16.30027453
2023-06-13 03:26:00,78.28,78.33,78.33,78.28,7.84450353
2023-06-13 03:25:00,78.25,78.34,78.25,78.34,36.12458141
2023-06-13 03:24:00,78.22,78.27,78.24,78.27,18.22119658
2023-06-13 03:23:00,78.16,78.3,78.3,78.2,267.24767156
2023-06-13 03:22:00,78.27,78.4,78.37,78.27,116.46452633
2023-06-13 03:21:00,78.32,78.39,78.39,78.39,88.28238304
2023-06-13 03:20:00,78.38,78.45,78.43,78.39,86.84259874
2023-06-13 03:19:00,78.38,78.47,78.47,78.44,171.3164897
2023-06-13 03:18:00,78.44,78.47,78.46,78.47,50.37641991
2023-06-13 03:17:00,78.38,78.47,78.38,78.46,55.42061332
2023-06-13 03:16:00,78.33,78.38,78.38,78.38,147.96733374
2023-06-13 03:15:00,78.34,78.41,78.34,78.39,148.09601574
2023-06-13 03:14:00,78.32,78.35,78.32,78.34,199.8596595
2023-06-13 03:13:00,78.31,78.36,78.33,78.32,40.55596354
2023-06-13 03:12:00,78.29,78.42,78.41,78.31,142.88386019
2023-06-13 03:11:00,78.37,78.43,78.39,78.41,24.30858779
2023-06-13 03:10:00,78.36,78.43,78.4,78.4,103.57258551
2023-06-13 03:09:00,78.32,78.42,78.32,78.38,154.54486644
2023-06-13 03:08:00,78.27,78.39,78.27,78.31,190.04820905
2023-06-13 03:07:00,78.21,78.27,78.24,78.27,119.66441171
2023-06-13 03:06:00,78.23,78.33,78.28,78.24,121.06800804
2023-06-13 03:05:00,78.24,78.31,78.28,78.24,96.74674113
2023-06-13 03:04:00,78.25,78.35,78.29,78.29,213.85744727
2023-06-13 03:03:00,78.26,78.32,78.26,78.3,51.39251492
2023-06-13 03:02:00,78.28,78.39,78.39,78.3,98.22414472
2023-06-13 03:01:00,78.34,78.4,78.4,78.36,111.19993049
2023-06-13 03:00:00,78.37,78.48,78.48,78.41,146.00929117
2023-06-13 02:59:00,78.37,78.48,78.47,78.48,107.46252889
2023-06-13 02:58:00,78.33,78.46,78.33,78.46,225.05289171
2023-06-13 02:57:00,78.33,78.39,78.38,78.34,84.84456882
2023-06-13 02:56:00,78.32,78.35,78.33,78.34,102.61443465
2023-06-13 02:55:00,78.16,78.32,78.23,78.32,21.21028055
2023-06-13 02:54:00,78.16,78.24,78.23,78.24,59.17872645
2023-06-13 02:53:00,78.15,78.19,78.16,78.17,23.96589379
2023-06-13 02:52:00,78.15,78.22,78.15,78.19,31.37445309
2023-06-13 02:51:00,78.15,78.27,78.26,78.17,111.44338576
2023-06-13 02:50:00,78.2,78.27,78.22,78.27,99.83820814
2023-06-13 02:49:00,78.12,78.23,78.2,78.23,783.69848112
2023-06-13 02:48:00,78.13,78.21,78.13,78.17,134.82756132
2023-06-13 02:47:00,78.09,78.16,78.13,78.16,121.7938619
2023-06-13 02:46:00,78.11,78.36,78.33,78.11,652.93656019
2023-06-13 02:45:00,78.3,78.38,78.38,78.34,107.1226345
2023-06-13 02:44:00,78.25,78.44,78.28,78.37,271.01177541
2023-06-13 02:43:00,78.22,78.37,78.37,78.25,86.14695268
2023-06-13 02:42:00,78.29,78.44,78.29,78.4,35.89587382
2023-06-13 02:41:00,78.26,78.47,78.41,78.29,248.3579847
2023-06-13 02:40:00,78.17,78.46,78.18,78.45,518.24368269
2023-06-13 02:39:00,78.13,78.43,78.37,78.15,603.72354588
2023-06-13 02:38:00,78.31,78.37,78.31,78.36,337.3260875
2023-06-13 02:37:00,78.17,78.32,78.17,78.27,249.10664622
2023-06-13 02:36:00,77.97,78.2,78.0,78.14,476.95869279
2023-06-13 02:35:00,77.8,78.12,77.8,77.99,1258.39455274
2023-06-13 02:34:00,77.76,77.79,77.76,77.79,30.99810332
2023-06-13 02:33:00,77.71,77.77,77.77,77.76,80.81683052
2023-06-13 02:32:00,77.71,77.76,77.75,77.74,23.67594408
2023-06-13 02:31:00,77.71,77.75,77.71,77.75,9.06288613
2023-06-13 02:30:00,77.66,77.72,77.68,77.69,18.78633954
2023-06-13 02:29:00,77.67,77.7,77.67,77.68,96.96718076
2023-06-13 02:28:00,77.67,77.75,77.74,77.67,168.15509503
2023-06-13 02:27:00,77.7,77.77,77.76,77.73,76.27240467
2023-06-13 02:26:00,77.64,77.75,77.64,77.75,59.18245976
2023-06-13 02:25:00,77.64,77.7,77.64,77.64,72.97130793
2023-06-13 02:24:00,77.61,77.66,77.62,77.64,58.1335781
2023-06-13 02:23:00,77.59,77.65,77.6,77.63,28.75516648
2023-06-13 02:22:00,77.55,77.62,77.55,77.62,5.21923999
2023-06-13 02:21:00,77.57,77.62,77.59,77.58,35.02719149
2023-06-13 02:20:00,77.58,77.62,77.62,77.6,108.55935701
2023-06-13 02:19:00,77.61,77.7,77.7,77.63,6.94480459
2023-06-13 02:18:00,77.66,77.7,77.67,77.7,49.530038
2023-06-13 02:17:00,77.6,77.64,77.6,77.64,34.3207577
2023-06-13 02:16:00,77.56,77.67,77.65,77.6,48.67971474
2023-06-13 02:15:00,77.6,77.67,77.6,77.64,70.8835776
2023-06-13 02:14:00,77.57,77.63,77.59,77.57,13.80726577
2023-06-13 02:13:00,77.56,77.61,77.57,77.58,128.64925346
2023-06-13 02:12:00,77.52,77.57,77.55,77.56,17.75024866
2023-06-13 02:11:00,77.54,77.58,77.54,77.58,52.59363787
2023-06-13 02:10:00,77.51,77.67,77.66,77.53,106.17888238
2023-06-13 02:09:00,77.55,77.65,77.57,77.65,56.86657335
2023-06-13 02:08:00,77.55,77.59,77.59,77.55,18.13747861
2023-06-13 02:07:00,77.55,77.6,77.6,77.58,72.66416546
2023-06-13 02:06:00,77.57,77.6,77.6,77.59,29.15710723
2023-06-13 02:05:00,77.59,77.65,77.6,77.65,15.01000837
2023-06-13 02:04:00,77.59,77.63,77.63,77.59,13.61991247
2023-06-13 02:03:00,77.58,77.65,77.58,77.62,22.03322452
2023-06-13 02:02:00,77.58,77.64,77.59,77.62,51.35274742
2023-06-13 02:01:00,77.6,77.67,77.66,77.6,198.83523615
2023-06-13 02:00:00,77.66,77.74,77.72,77.66,16.46429397
2023-06-13 01:59:00,77.68,77.74,77.69,77.72,104.01139591
2023-06-13 01:58:00,77.64,77.7,77.64,77.69,47.38149781
2023-06-13 01:57:00,77.59,77.66,77.65,77.62,176.3190288
2023-06-13 01:56:00,77.6,77.65,77.6,77.64,361.87371674
2023-06-13 01:55:00,77.6,77.67,77.66,77.6,62.25097446
2023-06-13 01:54:00,77.62,77.73,77.63,77.66,88.50058265
2023-06-13 01:53:00,77.61,77.69,77.64,77.63,31.17711592
2023-06-13 01:52:00,77.6,77.71,77.7,77.62,75.61859714
2023-06-13 01:51:00,77.6,77.68,77.67,77.66,156.76782725
2023-06-13 01:50:00,77.66,77.72,77.72,77.7,45.42263911
2023-06-13 01:49:00,77.73,77.83,77.8,77.74,153.97387434
2023-06-13 01:48:00,77.74,77.8,77.74,77.8,28.61123696
2023-06-13 01:47:00,77.63,77.75,77.63,77.73,139.80993185
2023-06-13 01:46:00,77.6,77.69,77.69,77.65,20.38190226
2023-06-13 01:45:00,77.7,77.79,77.71,77.7,35.53466604
2023-06-13 01:44:00,77.73,77.8,77.8,77.73,50.12272005
2023-06-13 01:43:00,77.76,77.84,77.78,77.76,44.77933083
2023-06-13 01:42:00,77.65,77.8,77.66,77.8,226.19343398
2023-06-13 01:41:00,77.57,77.66,77.59,77.66,612.58258846
2023-06-13 01:40:00,77.52,77.6,77.57,77.56,61.99556054
2023-06-13 01:39:00,77.58,77.63,77.61,77.58,10.49143293
2023-06-13 01:38:00,77.58,77.65,77.63,77.59,21.57570016
2023-06-13 01:37:00,77.56,77.68,77.58,77.66,130.86345193
2023-06-13 01:36:00,77.56,77.66,77.62,77.57,52.46201706
2023-06-13 01:35:00,77.58,77.66,77.62,77.61,95.76867994
2023-06-13 01:34:00,77.59,77.68,77.59,77.62,30.62502698
2023-06-13 01:33:00,77.57,77.72,77.71,77.57,593.02931685
2023-06-13 01:32:00,77.71,77.8,77.8,77.71,78.07342866
2023-06-13 01:31:00,77.79,77.87,77.83,77.8,25.82384963
2023-06-13 01:30:00,77.76,77.93,77.77,77.84,141.64388431
2023-06-13 01:29:00,77.63,77.78,77.63,77.77,71.66720736
2023-06-13 01:28:00,77.51,77.62,77.51,77.62,73.03467398
2023-06-13 01:27:00,77.41,77.5,77.45,77.5,42.14582056
2023-06-13 01:26:00,77.34,77.47,77.34,77.46,87.8396874
2023-06-13 01:25:00,77.29,77.36,77.3,77.36,37.47235895
2023-06-13 01:24:00,77.27,77.31,77.3,77.29,31.52147373
2023-06-13 01:23:00,77.33,77.37,77.35,77.33,40.6763474
2023-06-13 01:22:00,77.27,77.35,77.27,77.33,75.46041419
2023-06-13 01:21:00,77.26,77.29,77.27,77.29,76.28498599
2023-06-13 01:20:00,77.2,77.29,77.23,77.26,220.37393942
2023-06-13 01:19:00,77.18,77.24,77.21,77.23,83.16647008
2023-06-13 01:18:00,77.21,77.28,77.27,77.21,106.62900162
2023-06-13 01:17:00,77.21,77.28,77.21,77.28,13.91835359
2023-06-13 01:16:00,77.17,77.3,77.23,77.21,23.29826471
2023-06-13 01:15:00,77.06,77.21,77.06,77.21,81.59935257
2023-06-13 01:14:00,77.06,77.15,77.13,77.07,96.76730957
2023-06-13 01:13:00,77.02,77.13,77.02,77.13,139.19986902
2023-06-13 01:12:00,77.01,77.05,77.01,77.05,9.34501144
2023-06-13 01:11:00,76.97,77.06,76.98,77.06,25.67040224
2023-06-13 01:10:00,76.96,77.05,76.96,76.98,27.38038818
2023-06-13 01:09:00,76.99,77.03,77.01,77.0,5.58319963
2023-06-13 01:08:00,76.9,77.04,76.9,77.04,82.22675974
2023-06-13 01:07:00,76.92,76.99,76.92,76.94,23.02240287
2023-06-13 01:06:00,76.86,76.97,76.97,76.89,29.9496348
2023-06-13 01:05:00,76.75,76.95,76.83,76.93,149.46332492
2023-06-13 01:04:00,76.84,76.97,76.97,76.84,119.92870413
2023-06-13 01:03:00,77.0,77.1,77.08,77.0,61.24129043
2023-06-13 01:02:00,77.03,77.11,77.11,77.09,34.71586162
2023-06-13 01:01:00,77.07,77.12,77.11,77.11,52.46296596
2023-06-13 01:00:00,76.96,77.11,77.02,77.11,83.99101785
2023-06-13 00:59:00,76.98,77.06,77.0,77.02,164.758648
2023-06-13 00:58:00,76.95,77.06,76.97,76.98,90.9014417
2023-06-13 00:57:00,76.89,77.01,76.97,76.97,153.90569407
2023-06-13 00:56:00,76.89,77.02,76.91,76.98,127.17770993
2023-06-13 00:55:00,76.8,76.99,76.89,76.93,160.90419699
2023-06-13 00:54:00,76.81,77.02,76.99,76.88,599.42970469
2023-06-13 00:53:00,76.97,77.08,77.03,76.98,372.45362121
2023-06-13 00:52:00,76.94,77.07,77.01,77.01,218.87156196
2023-06-13 00:51:00,76.92,77.18,77.16,77.04,361.60622069
2023-06-13 00:50:00,77.09,77.22,77.18,77.18,199.86019406
2023-06-13 00:49:00,77.19,77.31,77.28,77.19,121.77769647
2023-06-13 00:48:00,77.19,77.3,77.19,77.28,185.89957602
2023-06-13 10:48:00,78.44,78.52,78.51,78.44,19.17792941
2023-06-13 10:47:00,78.44,78.5,78.48,78.5,58.13219496
2023-06-13 10:46:00,78.47,78.51,78.48,78.49,123.73584806
2023-06-13 10:45:00,78.41,78.48,78.41,78.48,340.66796466
2023-06-13 10:44:00,78.4,78.44,78.41,78.41,23.82439918
2023-06-13 10:43:00,78.42,78.45,78.45,78.43,58.25756346
2023-06-13 10:42:00,78.43,78.46,78.44,78.46,28.2342032
2023-06-13 10:41:00,78.44,78.45,78.45,78.44,5.22681383
2023-06-13 10:40:00,78.4,78.46,78.44,78.43,180.59534705
2023-06-13 10:39:00,78.45,78.5,78.5,78.45,59.28526005
2023-06-13 10:38:00,78.48,78.52,78.48,78.52,2.05881257
2023-06-13 10:37:00,78.4,78.48,78.4,78.47,112.75837972
2023-06-13 10:36:00,78.38,78.47,78.43,78.38,69.85510094
2023-06-13 10:35:00,78.4,78.46,78.4,78.46,29.19692372
2023-06-13 10:34:00,78.4,78.42,78.41,78.4,87.63642158
2023-06-13 10:33:00,78.41,78.45,78.41,78.41,20.41331235
2023-06-13 10:32:00,78.38,78.43,78.38,78.43,26.23732881
2023-06-13 10:31:00,78.38,78.42,78.41,78.39,37.94469962
2023-06-13 10:30:00,78.45,78.48,78.45,78.48,35.85180356
2023-06-13 10:29:00,78.47,78.52,78.52,78.47,54.42698435
2023-06-13 10:28:00,78.44,78.52,78.46,78.52,30.4597378
2023-06-13 10:27:00,78.43,78.46,78.44,78.46,58.91042962
2023-06-13 10:26:00,78.46,78.46,78.46,78.46,26.086136
2023-06-13 10:25:00,78.43,78.48,78.44,78.46,45.14126065
2023-06-13 10:24:00,78.43,78.49,78.49,78.43,56.37809889
2023-06-13 10:23:00,78.47,78.59,78.59,78.49,43.18311216
2023-06-13 10:22:00,78.5,78.58,78.57,78.58,73.50286374
2023-06-13 10:21:00,78.52,78.56,78.52,78.56,18.82929556
2023-06-13 10:20:00,78.43,78.49,78.43,78.49,27.57149127
2023-06-13 10:19:00,78.41,78.47,78.45,78.45,122.37377558
2023-06-13 10:18:00,78.4,78.44,78.41,78.44,150.03820106
2023-06-13 10:17:00,78.41,78.49,78.49,78.42,86.28597057
2023-06-13 10:16:00,78.46,78.49,78.48,78.47,11.96627822
2023-06-13 10:15:00,78.48,78.59,78.56,78.48,130.22137071
2023-06-13 10:14:00,78.53,78.58,78.58,78.54,16.94990384
2023-06-13 10:13:00,78.57,78.59,78.59,78.57,31.5071272
2023-06-13 10:12:00,78.58,78.61,78.59,78.59,11.24297017
2023-06-13 10:11:00,78.57,78.61,78.57,78.59,10.96969886
2023-06-13 10:10:00,78.54,78.59,78.54,78.59,18.76510911
2023-06-13 10:09:00,78.55,78.6,78.6,78.55,26.61351362
2023-06-13 10:08:00,78.53,78.61,78.61,78.53,117.24828954
2023-06-13 10:07:00,78.51,78.61,78.51,78.6,197.16399053
2023-06-13 10:06:00,78.45,78.51,78.49,78.51,142.74898959
2023-06-13 10:05:00,78.49,78.54,78.54,78.5,355.29502493
2023-06-13 10:04:00,78.51,78.57,78.51,78.54,141.02288817
2023-06-13 10:03:00,78.52,78.55,78.55,78.52,87.3124092
2023-06-13 10:02:00,78.51,78.55,78.53,78.52,51.32884701
2023-06-13 10:01:00,78.51,78.57,78.57,78.53,14.36485071
2023-06-13 10:00:00,78.59,78.64,78.64,78.61,56.15429322
2023-06-13 09:59:00,78.63,78.67,78.63,78.64,26.84161014
2023-06-13 09:58:00,78.64,78.65,78.64,78.65,13.96218777
2023-06-13 09:57:00,78.55,78.64,78.55,78.64,123.39627722
2023-06-13 09:56:00,78.56,78.6,78.6,78.57,26.57506794
2023-06-13 09:55:00,78.59,78.61,78.59,78.59,13.58696045
2023-06-13 09:54:00,78.6,78.64,78.64,78.61,4.13240767
2023-06-13 09:53:00,78.59,78.65,78.61,78.65,57.29844624
2023-06-13 09:52:00,78.62,78.65,78.64,78.62,69.54054883
2023-06-13 09:51:00,78.59,78.63,78.59,78.61,4.22513619
2023-06-13 09:50:00,78.56,78.61,78.56,78.61,16.05637224
2023-06-13 09:49:00,78.49,78.58,78.49,78.58,35.61510551
2023-06-13 09:48:00,78.48,78.52,78.5,78.49,355.03615832
2023-06-13 09:47:00,78.46,78.53,78.51,78.49,118.5318865
2023-06-13 09:46:00,78.5,78.57,78.56,78.53,31.64239153
2023-06-13 09:45:00,78.56,78.6,78.58,78.56,21.71689073
2023-06-13 09:44:00,78.49,78.57,78.49,78.57,120.44283654
2023-06-13 09:43:00,78.47,78.55,78.55,78.47,108.09373416
2023-06-13 09:42:00,78.54,78.59,78.57,78.56,97.53468937
2023-06-13 09:41:00,78.55,78.63,78.61,78.6,180.44609253
2023-06-13 09:40:00,78.53,78.6,78.53,78.6,26.73021467
2023-06-13 09:39:00,78.54,78.56,78.56,78.54,13.71576803
2023-06-13 09:38:00,78.55,78.65,78.55,78.62,19.0311466
2023-06-13 09:37:00,78.57,78.6,78.57,78.6,13.53269036
2023-06-13 09:36:00,78.56,78.68,78.66,78.58,409.00916885
2023-06-13 09:35:00,78.6,78.68,78.6,78.67,39.35316709
2023-06-13 09:34:00,78.59,78.64,78.61,78.64,89.69490439
2023-06-13 09:33:00,78.56,78.62,78.59,78.57,90.70238084
2023-06-13 09:32:00,78.52,78.59,78.55,78.57,263.63048861
2023-06-13 09:31:00,78.52,78.67,78.67,78.52,364.80672964
2023-06-13 09:30:00,78.67,78.75,78.67,78.68,139.34461331
2023-06-13 09:29:00,78.64,78.71,78.71,78.68,40.42950424
2023-06-13 09:28:00,78.69,78.77,78.77,78.75,119.79688432
2023-06-13 09:27:00,78.72,78.77,78.72,78.76,103.51385964
2023-06-13 09:26:00,78.66,78.74,78.74,78.7,48.89411852
2023-06-13 09:25:00,78.73,78.75,78.75,78.73,27.06092811
2023-06-13 09:24:00,78.67,78.74,78.67,78.72,77.88381394
2023-06-13 09:23:00,78.65,78.7,78.68,78.65,191.99822705
2023-06-13 09:22:00,78.63,78.7,78.63,78.7,45.0793771
2023-06-13 09:21:00,78.62,78.64,78.64,78.63,17.25449405
2023-06-13 09:20:00,78.55,78.6,78.55,78.6,30.15127297
2023-06-13 09:19:00,78.52,78.57,78.57,78.53,15.79919083
2023-06-13 09:18:00,78.48,78.56,78.51,78.56,136.33945452
2023-06-13 09:17:00,78.51,78.56,78.56,78.51,51.24265457
2023-06-13 09:16:00,78.48,78.58,78.57,78.52,186.78755842
2023-06-13 09:15:00,78.58,78.72,78.6,78.58,78.77028892
2023-06-13 09:14:00,78.54,78.61,78.55,78.61,257.3010083
2023-06-13 09:13:00,78.54,78.6,78.6,78.54,35.64823589
2023-06-13 09:12:00,78.59,78.63,78.59,78.62,55.38668552
2023-06-13 09:11:00,78.59,78.67,78.66,78.59,157.45361934
2023-06-13 09:10:00,78.59,78.68,78.59,78.68,13.85026269
2023-06-13 09:09:00,78.6,78.65,78.63,78.6,9.77835838
2023-06-13 09:08:00,78.6,78.67,78.67,78.63,369.31890675
2023-06-13 09:07:00,78.65,78.77,78.77,78.65,314.42449968
2023-06-13 09:06:00,78.73,78.78,78.75,78.73,179.51700363
2023-06-13 09:05:00,78.79,78.85,78.85,78.79,261.64862012
2023-06-13 09:04:00,78.94,78.97,78.97,78.95,15.03454286
2023-06-13 09:03:00,78.91,78.97,78.91,78.96,136.62648529
2023-06-13 09:02:00,78.84,78.95,78.95,78.91,257.1165174
2023-06-13 09:01:00,78.93,79.04,78.97,78.93,168.50326211
2023-06-13 09:00:00,78.86,78.97,78.87,78.97,40.00087524
2023-06-13 08:59:00,78.8,78.96,78.8,78.86,94.69231074
2023-06-13 08:58:00,78.74,78.83,78.8,78.78,76.95668644
2023-06-13 08:57:00,78.73,78.82,78.82,78.81,267.63810944
2023-06-13 08:56:00,78.83,78.88,78.87,78.83,13.75130937
2023-06-13 08:55:00,78.86,79.04,79.04,78.86,171.03386117
2023-06-13 08:54:00,79.03,79.08,79.08,79.03,160.01992016
2023-06-13 08:53:00,79.0,79.1,79.0,79.09,306.33941186
2023-06-13 08:52:00,78.95,79.03,79.03,79.03,137.05095798
2023-06-13 08:51:00,78.95,79.01,78.99,78.97,154.08256404
2023-06-13 08:50:00,78.99,79.23,79.22,78.99,206.70239724
2023-06-13 08:49:00,79.11,79.27,79.27,79.23,430.94721577
2023-06-13 08:48:00,79.17,79.34,79.17,79.29,108.56966601
2023-06-13 08:47:00,79.15,79.26,79.21,79.19,696.76844644
2023-06-13 08:46:00,79.0,79.23,79.03,79.21,513.4329066
2023-06-13 08:45:00,78.74,79.04,78.74,78.91,1786.72414962
2023-06-13 08:44:00,78.69,78.73,78.71,78.73,48.35982229
2023-06-13 08:43:00,78.69,78.76,78.71,78.76,42.61944311
2023-06-13 08:42:00,78.65,78.77,78.65,78.74,26.58759722
2023-06-13 08:41:00,78.62,78.68,78.62,78.66,28.83765684
2023-06-13 08:40:00,78.6,78.75,78.68,78.63,330.36256811
2023-06-13 08:39:00,78.63,78.69,78.63,78.68,10.0588113
2023-06-13 08:38:00,78.57,78.64,78.57,78.62,19.10834051
2023-06-13 08:37:00,78.57,78.64,78.61,78.57,30.41944591
2023-06-13 08:36:00,78.6,78.65,78.63,78.62,47.72347899
2023-06-13 08:35:00,78.54,78.6,78.59,78.6,458.35662434
2023-06-13 08:34:00,78.56,78.57,78.56,78.57,15.14890118
2023-06-13 08:33:00,78.56,78.59,78.56,78.59,10.05117007
2023-06-13 08:32:00,78.54,78.61,78.61,78.55,26.70201758
2023-06-13 08:31:00,78.59,78.62,78.6,78.59,16.71855416
2023-06-13 08:30:00,78.57,78.61,78.59,78.59,27.71585902
2023-06-13 08:29:00,78.56,78.64,78.59,78.63,77.9317306
2023-06-13 08:28:00,78.58,78.61,78.59,78.59,167.36626529
2023-06-13 08:27:00,78.57,78.6,78.57,78.6,143.15484363
2023-06-13 08:26:00,78.52,78.56,78.53,78.56,36.73172325
2023-06-13 08:25:00,78.48,78.56,78.48,78.54,187.47909538
2023-06-13 08:24:00,78.42,78.5,78.5,78.46,208.93755227
2023-06-13 08:23:00,78.48,78.52,78.52,78.48,49.37463441
2023-06-13 08:22:00,78.48,78.54,78.5,78.53,290.43568557
2023-06-13 08:21:00,78.44,78.5,78.44,78.49,86.84142473
2023-06-13 08:20:00,78.37,78.44,78.37,78.42,464.45407393
2023-06-13 08:19:00,78.3,78.43,78.43,78.4,2311.42868699
2023-06-13 08:18:00,78.41,78.43,78.41,78.43,9.01958918
2023-06-13 08:17:00,78.44,78.48,78.45,78.44,17.09602063
2023-06-13 08:16:00,78.37,78.4,78.37,78.4,0.89670882
2023-06-13 08:15:00,78.26,78.37,78.26,78.37,21.21471625
2023-06-13 08:14:00,78.22,78.27,78.23,78.23,49.96949808
2023-06-13 08:13:00,78.21,78.28,78.26,78.24,18.576894
2023-06-13 08:12:00,78.27,78.3,78.29,78.28,25.49928201
2023-06-13 08:11:00,78.29,78.34,78.32,78.29,19.26604928
2023-06-13 08:10:00,78.24,78.31,78.24,78.31,34.90124605
2023-06-13 08:09:00,78.24,78.28,78.25,78.26,143.06365618
2023-06-13 08:08:00,78.23,78.26,78.24,78.25,20.0415435
2023-06-13 08:07:00,78.24,78.28,78.27,78.24,50.52004735
2023-06-13 08:06:00,78.28,78.34,78.34,78.28,205.31012418
2023-06-13 08:05:00,78.34,78.4,78.38,78.34,94.48217958
2023-06-13 08:04:00,78.34,78.37,78.34,78.37,53.02313755
2023-06-13 08:03:00,78.35,78.38,78.35,78.35,29.9375619
2023-06-13 08:02:00,78.34,78.38,78.35,78.35,53.84880966
2023-06-13 08:01:00,78.33,78.36,78.35,78.35,83.79029077
2023-06-13 08:00:00,78.4,78.45,78.43,78.44,77.81558819
2023-06-13 07:59:00,78.43,78.47,78.45,78.43,5.28714903
2023-06-13 07:58:00,78.4,78.45,78.45,78.45,60.52202124
2023-06-13 07:57:00,78.43,78.44,78.43,78.44,4.74048335
2023-06-13 07:56:00,78.39,78.44,78.41,78.43,7.0343884
2023-06-13 07:55:00,78.4,78.48,78.47,78.41,139.15753596
2023-06-13 07:54:00,78.45,78.47,78.46,78.45,28.25037724
2023-06-13 07:53:00,78.45,78.52,78.5,78.45,84.6869312
2023-06-13 07:52:00,78.48,78.51,78.48,78.5,35.73663058
2023-06-13 07:51:00,78.51,78.54,78.52,78.52,17.07227748
2023-06-13 07:50:00,78.5,78.6,78.56,78.5,35.28620668
2023-06-13 07:49:00,78.57,78.63,78.63,78.58,1.27994383
2023-06-13 07:48:00,78.61,78.67,78.63,78.61,8.6213901
2023-06-13 07:47:00,78.6,78.66,78.63,78.66,12.34489454
2023-06-13 07:46:00,78.64,78.7,78.67,78.64,14.51078718
2023-06-13 07:45:00,78.69,78.75,78.69,78.73,27.58280785
2023-06-13 07:44:00,78.7,78.74,78.74,78.71,8.17463886
2023-06-13 07:43:00,78.73,78.76,78.74,78.76,18.01909501
2023-06-13 07:42:00,78.73,78.77,78.75,78.75,26.43436212
2023-06-13 07:41:00,78.71,78.75,78.72,78.75,134.29363791
2023-06-13 07:40:00,78.71,78.83,78.83,78.71,113.87491924
2023-06-13 07:39:00,78.79,78.89,78.89,78.8,58.99398747
2023-06-13 07:38:00,78.84,78.89,78.85,78.84,25.19298138
2023-06-13 07:37:00,78.85,78.88,78.85,78.85,64.88915473
2023-06-13 07:36:00,78.83,78.89,78.85,78.87,262.75219163
2023-06-13 07:35:00,78.85,78.89,78.87,78.85,198.09696276
2023-06-13 07:34:00,78.8,78.87,78.86,78.87,223.58854871
2023-06-13 07:33:00,78.82,78.87,78.82,78.86,56.45365389
2023-06-13 07:32:00,78.78,78.82,78.8,78.82,59.8496021
2023-06-13 07:31:00,78.76,78.8,78.76,78.79,150.46783414
2023-06-13 07:30:00,78.7,78.77,78.71,78.73,5.23408972
2023-06-13 07:29:00,78.68,78.77,78.68,78.71,144.89006188
2023-06-13 07:28:00,78.59,78.65,78.62,78.65,65.28309308
2023-06-13 07:27:00,78.61,78.62,78.61,78.62,20.8847024
2023-06-13 07:26:00,78.58,78.68,78.68,78.6,189.53353722
2023-06-13 07:25:00,78.61,78.65,78.61,78.65,162.51937793
2023-06-13 07:24:00,78.61,78.66,78.66,78.62,55.20538614
2023-06-13 07:23:00,78.64,78.71,78.71,78.64,57.07601067
2023-06-13 07:22:00,78.71,78.78,78.72,78.76,209.94853542
2023-06-13 07:21:00,78.68,78.73,78.68,78.72,202.63799646
2023-06-13 07:20:00,78.59,78.67,78.59,78.67,30.67492408
2023-06-13 07:19:00,78.55,78.57,78.55,78.57,1.36102724
2023-06-13 07:18:00,78.55,78.55,78.55,78.55,5.79673295
2023-06-13 07:17:00,78.54,78.57,78.57,78.54,8.87631612
2023-06-13 07:16:00,78.58,78.59,78.58,78.59,6.91907407
2023-06-13 07:15:00,78.53,78.57,78.54,78.57,19.09196442
2023-06-13 07:14:00,78.53,78.56,78.55,78.56,15.89892594
2023-06-13 07:13:00,78.5,78.53,78.5,78.53,23.92139591
2023-06-13 07:12:00,78.45,78.5,78.47,78.49,13.51581951
2023-06-13 07:11:00,78.46,78.53,78.53,78.47,32.27606474
2023-06-13 07:10:00,78.49,78.51,78.49,78.51,53.91346275
2023-06-13 07:09:00,78.45,78.5,78.49,78.5,16.67237646
2023-06-13 07:07:00,78.45,78.51,78.45,78.48,132.5113145
2023-06-13 07:06:00,78.45,78.47,78.45,78.46,5.13232516
2023-06-13 07:05:00,78.39,78.48,78.39,78.46,37.22167317
2023-06-13 07:04:00,78.3,78.35,78.33,78.35,25.47077014
2023-06-13 07:03:00,78.27,78.33,78.3,78.33,61.76473577
2023-06-13 07:02:00,78.29,78.4,78.39,78.29,84.14305409
2023-06-13 07:01:00,78.36,78.4,78.37,78.37,125.39184872
2023-06-13 07:00:00,78.31,78.36,78.32,78.36,58.51972008
2023-06-13 06:59:00,78.3,78.33,78.31,78.32,105.82187565
2023-06-13 06:58:00,78.31,78.34,78.31,78.34,4.54656325
2023-06-13 06:57:00,78.33,78.35,78.34,78.33,2.54849276
2023-06-13 06:56:00,78.35,78.39,78.39,78.36,21.81227856
2023-06-13 06:55:00,78.31,78.36,78.32,78.35,15.73458559
2023-06-13 06:54:00,78.3,78.36,78.36,78.32,16.76469378
2023-06-13 06:53:00,78.31,78.35,78.35,78.35,9.45385315
2023-06-13 06:52:00,78.28,78.36,78.3,78.29,73.73465002
2023-06-13 06:51:00,78.25,78.31,78.26,78.3,39.69711343
2023-06-13 06:50:00,78.19,78.29,78.21,78.29,222.90597713
2023-06-13 06:49:00,78.2,78.32,78.3,78.2,270.36382
2023-06-13 06:48:00,78.3,78.33,78.33,78.33,64.30998889
2023-06-13 06:47:00,78.33,78.41,78.41,78.34,35.79990601
2023-06-13 06:46:00,78.39,78.46,78.46,78.42,21.3765967
2023-06-13 06:45:00,78.43,78.49,78.45,78.47,46.70798039
2023-06-13 06:44:00,78.42,78.45,78.42,78.45,7.78127278
2023-06-13 06:43:00,78.4,78.46,78.45,78.42,19.23268204
2023-06-13 06:42:00,78.43,78.5,78.5,78.45,127.98953597
2023-06-13 06:41:00,78.47,78.51,78.48,78.49,26.5773724
2023-06-13 06:40:00,78.46,78.49,78.49,78.48,5.40581336
2023-06-13 06:39:00,78.46,78.49,78.46,78.48,18.97762635
2023-06-13 06:38:00,78.46,78.47,78.47,78.47,4.10813653
2023-06-13 06:37:00,78.46,78.55,78.46,78.47,103.18127718
2023-06-13 06:36:00,78.45,78.54,78.45,78.5,28.46849817
2023-06-13 06:35:00,78.49,78.57,78.51,78.54,15.57630836
2023-06-13 06:34:00,78.47,78.57,78.47,78.53,12.91596998
2023-06-13 06:33:00,78.46,78.49,78.49,78.49,8.46844291
2023-06-13 06:32:00,78.45,78.49,78.49,78.49,57.89849938
2023-06-13 06:31:00,78.5,78.56,78.54,78.51,7.4527039
2023-06-13 06:30:00,78.51,78.56,78.51,78.56,30.50377692
2023-06-13 06:29:00,78.51,78.55,78.55,78.52,13.78459285
2023-06-13 06:28:00,78.51,78.55,78.51,78.55,174.66428033
2023-06-13 06:27:00,78.49,78.51,78.5,78.51,7.43866881
2023-06-13 06:26:00,78.45,78.49,78.47,78.49,26.81664489
2023-06-13 06:25:00,78.42,78.48,78.45,78.47,61.7877779
2023-06-13 06:24:00,78.43,78.45,78.44,78.44,2.39478061
2023-06-13 06:23:00,78.41,78.5,78.49,78.41,47.88057124
2023-06-13 06:22:00,78.47,78.51,78.47,78.48,82.07200649
2023-06-13 06:21:00,78.45,78.47,78.46,78.47,27.60151945
2023-06-13 06:20:00,78.43,78.47,78.46,78.46,85.22231323
2023-06-13 06:19:00,78.42,78.46,78.43,78.46,86.00219642
2023-06-13 06:18:00,78.42,78.45,78.44,78.42,42.86627005
2023-06-13 06:17:00,78.41,78.44,78.42,78.44,17.16959645
2023-06-13 06:16:00,78.4,78.46,78.44,78.42,48.0786121
2023-06-13 06:15:00,78.4,78.44,78.43,78.43,48.09003101
2023-06-13 06:14:00,78.41,78.45,78.45,78.43,5.56983981
2023-06-13 06:13:00,78.44,78.46,78.46,78.46,15.92600213
2023-06-13 06:12:00,78.43,78.47,78.43,78.47,8.84380957
2023-06-13 06:11:00,78.41,78.44,78.41,78.44,40.74506863
2023-06-13 06:10:00,78.37,78.46,78.43,78.41,49.89102843
2023-06-13 06:09:00,78.42,78.47,78.45,78.46,38.07680228
2023-06-13 06:08:00,78.41,78.45,78.44,78.44,34.68072124
2023-06-13 06:07:00,78.4,78.44,78.4,78.44,10.05506524
2023-06-13 06:06:00,78.39,78.44,78.44,78.41,39.37719373
2023-06-13 06:05:00,78.43,78.45,78.43,78.45,26.01110561
2023-06-13 06:04:00,78.43,78.45,78.43,78.45,11.56807679
2023-06-13 06:03:00,78.39,78.42,78.42,78.41,22.77484854
2023-06-13 06:02:00,78.34,78.41,78.39,78.41,73.26213017
2023-06-13 06:01:00,78.37,78.39,78.37,78.39,11.52351079
2023-06-13 06:00:00,78.36,78.4,78.4,78.37,30.20473012
2023-06-13 05:59:00,78.38,78.48,78.44,78.38,16.74283657
2023-06-13 05:58:00,78.46,78.49,78.47,78.46,18.33946218
2023-06-13 05:57:00,78.46,78.5,78.5,78.47,3.75643212
2023-06-13 05:56:00,78.48,78.54,78.52,78.48,22.59454642
2023-06-13 05:55:00,78.46,78.53,78.46,78.53,3.66044354
2023-06-13 05:54:00,78.4,78.47,78.4,78.46,140.50249165
2023-06-13 05:53:00,78.38,78.4,78.38,78.4,8.77640969
2023-06-13 05:52:00,78.36,78.39,78.37,78.38,14.97259533
2023-06-13 05:51:00,78.34,78.39,78.34,78.37,32.83919351
2023-06-13 05:50:00,78.32,78.37,78.32,78.37,34.78683446
2023-06-13 05:49:00,78.26,78.31,78.26,78.31,61.73684097
2023-06-13 05:48:00,78.24,78.28,78.24,78.28,18.74869709
2023-06-13 15:48:00,76.74,76.82,76.8,76.76,42.63000132
2023-06-13 15:47:00,76.77,76.85,76.83,76.77,215.09738833
2023-06-13 15:46:00,76.8,76.9,76.88,76.84,46.0322055
2023-06-13 15:45:00,76.8,76.91,76.91,76.88,86.29690885
2023-06-13 15:44:00,76.92,77.03,77.03,76.92,116.50637676
2023-06-13 15:43:00,76.96,77.0,76.97,77.0,88.13224796
2023-06-13 15:42:00,76.97,77.01,76.99,76.98,180.87661935
2023-06-13 15:41:00,76.94,77.03,77.01,76.97,63.40870398
2023-06-13 15:40:00,76.89,77.04,76.91,77.04,138.3502831
2023-06-13 15:39:00,76.89,76.96,76.95,76.9,881.11818015
2023-06-13 15:38:00,76.87,76.95,76.9,76.95,55.87320618
2023-06-13 15:37:00,76.89,76.97,76.94,76.94,136.73949058
2023-06-13 15:36:00,76.78,76.93,76.8,76.89,166.4858585
2023-06-13 15:35:00,76.69,76.87,76.69,76.79,82.25168326
2023-06-13 15:34:00,76.68,76.79,76.73,76.73,175.31945099
2023-06-13 15:33:00,76.56,76.75,76.56,76.75,147.51672032
2023-06-13 15:32:00,76.58,76.68,76.58,76.58,69.40124552
2023-06-13 15:31:00,76.46,76.67,76.53,76.63,257.54008178
2023-06-13 15:30:00,76.4,76.67,76.51,76.5,327.72472743
2023-06-13 15:29:00,76.5,76.71,76.65,76.5,198.32252041
2023-06-13 15:28:00,76.57,76.68,76.61,76.67,253.89668908
2023-06-13 15:27:00,76.33,76.59,76.5,76.56,715.93258073
2023-06-13 15:26:00,76.27,76.7,76.7,76.47,6329.29358239
2023-06-13 15:25:00,76.64,76.84,76.69,76.68,476.38609384
2023-06-13 15:24:00,76.5,76.85,76.82,76.68,2351.68332857
2023-06-13 15:23:00,76.7,77.03,77.03,76.82,906.09064401
2023-06-13 15:22:00,77.03,77.18,77.16,77.04,84.19562349
2023-06-13 15:21:00,77.17,77.28,77.17,77.17,23.29762243
2023-06-13 15:20:00,77.07,77.21,77.12,77.15,77.71741088
2023-06-13 15:19:00,77.15,77.23,77.23,77.15,70.54465502
2023-06-13 15:18:00,77.1,77.22,77.11,77.21,193.54191161
2023-06-13 15:17:00,77.04,77.22,77.13,77.1,589.85101737
2023-06-13 15:16:00,77.16,77.38,77.31,77.16,293.08141398
2023-06-13 15:15:00,77.26,77.35,77.35,77.3,47.29628592
2023-06-13 15:14:00,77.29,77.42,77.42,77.32,154.31906051
2023-06-13 15:13:00,77.39,77.43,77.39,77.42,85.12823353
2023-06-13 15:12:00,77.3,77.39,77.31,77.37,152.2299046
2023-06-13 15:11:00,77.3,77.4,77.4,77.3,60.18025277
2023-06-13 15:10:00,77.4,77.47,77.42,77.4,128.31399214
2023-06-13 15:09:00,77.41,77.46,77.46,77.42,119.37122741
2023-06-13 15:08:00,77.37,77.46,77.38,77.44,95.72239936
2023-06-13 15:07:00,77.27,77.37,77.28,77.37,72.99235476
2023-06-13 15:06:00,77.23,77.31,77.29,77.26,65.56894545
2023-06-13 15:05:00,77.22,77.33,77.24,77.29,115.14643966
2023-06-13 15:04:00,77.23,77.29,77.26,77.26,100.80949674
2023-06-13 15:03:00,77.11,77.29,77.11,77.26,121.04946938
2023-06-13 15:02:00,77.11,77.36,77.36,77.12,92.34698945
2023-06-13 15:01:00,77.37,77.46,77.43,77.37,39.80771966
2023-06-13 15:00:00,77.43,77.51,77.51,77.43,228.18396437
2023-06-13 14:59:00,77.44,77.5,77.48,77.5,43.18199232
2023-06-13 14:58:00,77.48,77.57,77.54,77.5,31.3334745
2023-06-13 14:57:00,77.51,77.57,77.51,77.57,44.9195674
2023-06-13 14:56:00,77.44,77.51,77.5,77.51,74.5645383
2023-06-13 14:55:00,77.45,77.51,77.48,77.51,50.87014197
2023-06-13 14:54:00,77.42,77.49,77.48,77.45,36.19048198
2023-06-13 14:53:00,77.46,77.54,77.46,77.53,33.91467351
2023-06-13 14:52:00,77.45,77.52,77.49,77.47,38.78720744
2023-06-13 14:51:00,77.42,77.5,77.45,77.5,43.02259089
2023-06-13 14:50:00,77.38,77.47,77.4,77.47,39.99164557
2023-06-13 14:49:00,77.3,77.39,77.36,77.38,63.76144983
2023-06-13 14:48:00,77.31,77.41,77.31,77.39,180.15096347
2023-06-13 14:47:00,77.22,77.31,77.24,77.3,102.6650307
2023-06-13 14:46:00,77.2,77.33,77.33,77.2,305.40360581
2023-06-13 14:45:00,77.26,77.34,77.29,77.34,190.34960078
2023-06-13 14:44:00,77.23,77.3,77.28,77.27,150.28900269
2023-06-13 14:43:00,77.28,77.39,77.39,77.28,69.49860158
2023-06-13 14:42:00,77.21,77.39,77.31,77.39,105.07014199
2023-06-13 14:41:00,77.33,77.38,77.38,77.35,75.41465408
2023-06-13 14:40:00,77.38,77.52,77.47,77.41,102.25318263
2023-06-13 14:39:00,77.44,77.49,77.46,77.48,15.10603755
2023-06-13 14:38:00,77.45,77.53,77.53,77.45,140.5166203
2023-06-13 14:37:00,77.45,77.57,77.5,77.53,443.207869
2023-06-13 14:36:00,77.47,77.55,77.48,77.49,143.54420957
2023-06-13 14:35:00,77.43,77.53,77.51,77.49,311.52536193
2023-06-13 14:34:00,77.5,77.55,77.5,77.52,72.39774453
2023-06-13 14:33:00,77.45,77.57,77.57,77.47,153.82568881
2023-06-13 14:32:00,77.43,77.58,77.43,77.58,312.59697811
2023-06-13 14:31:00,77.31,77.46,77.46,77.4,161.53614032
2023-06-13 14:30:00,77.46,77.56,77.54,77.46,108.39316849
2023-06-13 14:29:00,77.49,77.57,77.56,77.56,124.93628095
2023-06-13 14:28:00,77.49,77.57,77.51,77.55,134.45927092
2023-06-13 14:27:00,77.48,77.56,77.52,77.48,167.04673392
2023-06-13 14:26:00,77.46,77.55,77.55,77.5,157.28465886
2023-06-13 14:25:00,77.51,77.58,77.51,77.58,94.31965709
2023-06-13 14:24:00,77.48,77.53,77.49,77.5,225.22666752
2023-06-13 14:23:00,77.53,77.63,77.59,77.53,582.08144445
2023-06-13 14:22:00,77.45,77.55,77.45,77.54,153.67002705
2023-06-13 14:21:00,77.44,77.53,77.48,77.45,174.38024326
2023-06-13 14:20:00,77.41,77.53,77.53,77.49,531.54059456
2023-06-13 14:19:00,77.42,77.51,77.46,77.51,330.17701858
2023-06-13 14:18:00,77.29,77.44,77.29,77.44,277.82762315
2023-06-13 14:17:00,77.22,77.32,77.22,77.29,2410.62303533
2023-06-13 14:16:00,77.05,77.23,77.08,77.23,2368.35260844
2023-06-13 14:15:00,77.08,77.31,77.31,77.09,2312.38953645
2023-06-13 14:14:00,77.04,77.31,77.11,77.31,350.79776571
2023-06-13 14:13:00,77.11,77.35,77.27,77.11,401.02280957
2023-06-13 14:12:00,77.28,77.45,77.44,77.29,461.67329733
2023-06-13 14:11:00,77.4,77.5,77.42,77.46,190.5812405
2023-06-13 14:10:00,77.38,77.49,77.41,77.44,153.15514838
2023-06-13 14:09:00,77.38,77.6,77.6,77.39,339.96517724
2023-06-13 14:08:00,77.58,77.65,77.63,77.6,102.93415188
2023-06-13 14:07:00,77.58,77.7,77.7,77.62,348.4265382
2023-06-13 14:06:00,77.68,77.72,77.69,77.7,358.51641615
2023-06-13 14:05:00,77.66,77.71,77.67,77.7,218.36571868
2023-06-13 14:04:00,77.64,77.68,77.66,77.68,577.74236726
2023-06-13 14:03:00,77.55,77.66,77.55,77.66,196.79502992
2023-06-13 14:02:00,77.57,77.65,77.63,77.59,321.05780806
2023-06-13 14:01:00,77.56,77.65,77.58,77.63,1397.44543702
2023-06-13 14:00:00,77.49,77.62,77.59,77.59,513.11117713
2023-06-13 13:59:00,77.58,77.66,77.66,77.58,356.82697371
2023-06-13 13:58:00,77.66,77.74,77.73,77.66,518.78074263
2023-06-13 13:57:00,77.69,77.72,77.72,77.72,112.21064914
2023-06-13 13:56:00,77.68,77.74,77.72,77.7,188.05551637
2023-06-13 13:55:00,77.71,77.84,77.75,77.72,281.19282138
2023-06-13 13:54:00,77.65,77.76,77.69,77.74,130.58995043
2023-06-13 13:53:00,77.62,77.7,77.7,77.7,177.62963981
2023-06-13 13:52:00,77.62,77.7,77.69,77.7,300.76148484
2023-06-13 13:51:00,77.59,77.74,77.64,77.67,254.72021528
2023-06-13 13:50:00,77.58,77.67,77.64,77.67,379.53786455
2023-06-13 13:49:00,77.56,77.68,77.59,77.62,697.33885069
2023-06-13 13:48:00,77.58,77.69,77.64,77.58,328.01570228
2023-06-13 13:47:00,77.66,77.86,77.86,77.66,141.16908019
2023-06-13 13:46:00,77.82,77.91,77.89,77.85,205.77504675
2023-06-13 13:45:00,77.87,78.02,78.0,77.87,210.98997681
2023-06-13 13:44:00,77.98,78.04,78.02,78.0,350.52868567
2023-06-13 13:43:00,77.92,78.0,77.95,78.0,823.91311631
2023-06-13 13:42:00,77.82,77.97,77.83,77.94,4040.15016606
2023-06-13 13:41:00,77.79,77.88,77.84,77.83,569.07683927
2023-06-13 13:40:00,77.75,77.88,77.84,77.83,1324.21705005
2023-06-13 13:39:00,77.83,77.87,77.87,77.85,983.68752974
2023-06-13 13:38:00,77.83,77.88,77.88,77.86,378.86621632
2023-06-13 13:37:00,77.85,77.97,77.91,77.88,189.0165011
2023-06-13 13:36:00,77.89,77.99,77.95,77.93,140.2119985
2023-06-13 13:35:00,77.91,78.03,78.0,77.91,544.29257744
2023-06-13 13:34:00,77.92,77.99,77.94,77.99,686.62616621
2023-06-13 13:33:00,77.86,77.95,77.87,77.94,4764.21048151
2023-06-13 13:32:00,77.84,77.91,77.9,77.87,1203.05751809
2023-06-13 13:31:00,77.85,77.95,77.94,77.9,482.39783507
2023-06-13 13:30:00,77.84,77.98,77.98,77.95,3367.92498698
2023-06-13 13:29:00,77.94,78.01,77.97,77.98,190.86047022
2023-06-13 13:28:00,77.93,78.0,77.93,77.96,460.33429604
2023-06-13 13:27:00,77.82,77.93,77.88,77.93,726.92624992
2023-06-13 13:26:00,77.79,77.89,77.79,77.89,48.88804487
2023-06-13 13:25:00,77.72,77.85,77.72,77.74,122.8918639
2023-06-13 13:24:00,77.72,77.81,77.78,77.75,64.99552642
2023-06-13 13:23:00,77.72,77.9,77.9,77.75,56.29608324
2023-06-13 13:22:00,77.79,77.92,77.79,77.91,112.44300123
2023-06-13 13:21:00,77.76,77.85,77.81,77.76,187.06515874
2023-06-13 13:20:00,77.79,77.95,77.87,77.79,142.97387359
2023-06-13 13:19:00,77.8,77.96,77.94,77.86,162.31393859
2023-06-13 13:18:00,77.89,77.96,77.91,77.9,757.32456556
2023-06-13 13:17:00,77.88,77.96,77.9,77.92,2396.85722929
2023-06-13 13:16:00,77.82,77.92,77.82,77.9,171.66774848
2023-06-13 13:15:00,77.71,77.87,77.77,77.81,80.56802765
2023-06-13 13:14:00,77.8,77.89,77.84,77.8,158.26890526
2023-06-13 13:13:00,77.59,77.86,77.59,77.78,239.33877022
2023-06-13 13:12:00,77.49,77.71,77.57,77.55,308.81755563
2023-06-13 13:11:00,77.51,77.67,77.66,77.61,351.11693059
2023-06-13 13:10:00,77.64,78.08,78.04,77.64,327.41724289
2023-06-13 13:09:00,78.0,78.13,78.13,78.02,83.25260073
2023-06-13 13:08:00,78.07,78.15,78.1,78.13,156.44715888
2023-06-13 13:07:00,78.07,78.22,78.22,78.1,114.13392784
2023-06-13 13:06:00,78.1,78.19,78.15,78.19,167.31679477
2023-06-13 13:05:00,78.09,78.17,78.11,78.16,110.47281303
2023-06-13 13:04:00,78.11,78.32,78.3,78.11,604.41582845
2023-06-13 13:03:00,78.13,78.31,78.14,78.31,2122.00991945
2023-06-13 13:02:00,78.07,78.17,78.15,78.12,1390.62834639
2023-06-13 13:01:00,78.1,78.15,78.11,78.15,3639.5697857
2023-06-13 13:00:00,78.09,78.2,78.15,78.09,3069.54018652
2023-06-13 12:59:00,77.97,78.2,78.02,78.17,220.08113631
2023-06-13 12:58:00,78.01,78.15,78.01,78.06,132.63708687
2023-06-13 12:57:00,77.81,78.07,77.81,78.02,364.60239219
2023-06-13 12:56:00,77.35,77.8,77.53,77.8,1548.96557535
2023-06-13 12:55:00,77.49,78.18,78.08,77.61,1346.46065837
2023-06-13 12:54:00,78.07,78.35,78.29,78.07,114.76126504
2023-06-13 12:53:00,78.21,78.3,78.22,78.3,129.42047598
2023-06-13 12:52:00,78.24,78.44,78.44,78.24,111.63753854
2023-06-13 12:51:00,78.37,78.62,78.62,78.37,208.16072943
2023-06-13 12:50:00,78.54,78.7,78.57,78.64,347.49217363
2023-06-13 12:49:00,78.5,78.58,78.53,78.58,169.78594578
2023-06-13 12:48:00,78.47,78.67,78.67,78.49,1979.08787201
2023-06-13 12:47:00,78.46,78.67,78.48,78.67,2813.4908202
2023-06-13 12:46:00,78.41,78.53,78.5,78.47,486.00753866
2023-06-13 12:45:00,78.27,78.48,78.28,78.47,1966.95744964
2023-06-13 12:44:00,78.03,78.33,78.32,78.16,391.48726644
2023-06-13 12:43:00,78.11,78.52,78.52,78.2,1191.29742432
2023-06-13 12:42:00,78.33,78.66,78.42,78.49,1598.42364095
2023-06-13 12:41:00,78.41,78.98,78.98,78.44,493.68140023
2023-06-13 12:40:00,78.98,79.3,79.21,79.0,227.97627231
2023-06-13 12:39:00,79.15,79.23,79.18,79.23,223.26670459
2023-06-13 12:38:00,79.03,79.19,79.16,79.18,115.92233108
2023-06-13 12:37:00,78.93,79.18,79.0,79.18,84.94978781
2023-06-13 12:36:00,79.02,79.21,79.17,79.04,307.12280428
2023-06-13 12:35:00,79.04,79.22,79.14,79.18,152.50954046
2023-06-13 12:34:00,78.94,79.21,79.15,79.15,524.28073868
2023-06-13 12:33:00,79.09,79.34,79.22,79.17,880.81216396
2023-06-13 12:32:00,79.24,79.77,79.61,79.26,1387.2732193
2023-06-13 12:31:00,79.11,79.62,79.26,79.62,1179.23642099
2023-06-13 12:30:00,78.62,79.36,78.84,79.26,1831.83213631
2023-06-13 12:29:00,78.42,78.91,78.56,78.82,968.29424083
2023-06-13 12:28:00,78.62,78.8,78.72,78.63,145.80084858
2023-06-13 12:27:00,78.62,78.75,78.66,78.7,98.63375267
2023-06-13 12:26:00,78.62,78.72,78.65,78.62,99.09098336
2023-06-13 12:25:00,78.65,78.72,78.65,78.67,89.63899397
2023-06-13 12:24:00,78.57,78.7,78.57,78.65,156.14915664
2023-06-13 12:23:00,78.54,78.68,78.55,78.57,61.55641306
2023-06-13 12:22:00,78.58,78.63,78.58,78.58,44.80844566
2023-06-13 12:21:00,78.55,78.62,78.58,78.56,78.26568997
2023-06-13 12:20:00,78.47,78.57,78.49,78.56,590.03286044
2023-06-13 12:19:00,78.4,78.49,78.47,78.47,485.00011333
2023-06-13 12:18:00,78.48,78.59,78.59,78.48,107.69539923
2023-06-13 12:17:00,78.59,78.64,78.59,78.62,9.29974889
2023-06-13 12:16:00,78.62,78.72,78.68,78.72,28.37217942
2023-06-13 12:15:00,78.69,78.75,78.75,78.7,100.36833389
2023-06-13 12:14:00,78.74,78.78,78.77,78.78,146.46840207
2023-06-13 12:13:00,78.63,78.74,78.68,78.74,167.79819559
2023-06-13 12:12:00,78.62,78.68,78.63,78.68,96.33769725
2023-06-13 12:11:00,78.56,78.66,78.56,78.61,212.90952942
2023-06-13 12:10:00,78.54,78.65,78.59,78.56,214.54958192
2023-06-13 12:09:00,78.56,78.8,78.8,78.61,186.01386111
2023-06-13 12:08:00,78.78,78.89,78.88,78.85,91.89526582
2023-06-13 12:07:00,78.81,78.94,78.91,78.87,87.94284294
2023-06-13 12:06:00,78.9,78.95,78.91,78.92,128.2613147
2023-06-13 12:05:00,78.86,78.96,78.86,78.96,104.4861636
2023-06-13 12:04:00,78.71,78.85,78.82,78.85,76.07881004
2023-06-13 12:03:00,78.71,78.81,78.71,78.8,66.16842688
2023-06-13 12:02:00,78.67,78.76,78.7,78.72,303.56029086
2023-06-13 12:01:00,78.64,78.77,78.69,78.71,66.89321727
2023-06-13 12:00:00,78.67,78.77,78.71,78.71,89.33341575
2023-06-13 11:59:00,78.67,78.76,78.67,78.76,168.96953905
2023-06-13 11:58:00,78.65,78.78,78.66,78.65,194.58424603
2023-06-13 11:57:00,78.46,78.63,78.46,78.61,162.12998141
2023-06-13 11:56:00,78.37,78.47,78.41,78.43,234.06339498
2023-06-13 11:55:00,78.21,78.43,78.23,78.41,559.83006598
2023-06-13 11:54:00,78.16,78.24,78.18,78.22,70.52113809
2023-06-13 11:53:00,78.18,78.31,78.28,78.18,341.75785756
2023-06-13 11:52:00,78.18,78.25,78.23,78.25,361.52639305
2023-06-13 11:51:00,78.2,78.31,78.23,78.21,182.3763746
2023-06-13 11:50:00,78.14,78.28,78.15,78.23,363.08757265
2023-06-13 11:49:00,78.13,78.24,78.24,78.13,90.62226852
2023-06-13 11:48:00,78.23,78.31,78.3,78.23,72.57390019
2023-06-13 11:47:00,78.28,78.33,78.33,78.31,10.64959876
2023-06-13 11:46:00,78.26,78.4,78.26,78.35,98.44032763
2023-06-13 11:45:00,78.2,78.34,78.2,78.25,27.53322135
2023-06-13 11:44:00,78.23,78.29,78.23,78.23,102.09150451
2023-06-13 11:43:00,78.19,78.26,78.2,78.25,450.54952227
2023-06-13 11:42:00,78.16,78.29,78.29,78.18,276.13092435
2023-06-13 11:41:00,78.25,78.31,78.31,78.29,36.05529646
2023-06-13 11:40:00,78.28,78.35,78.31,78.33,38.59152298
2023-06-13 11:39:00,78.24,78.31,78.3,78.24,52.61793002
2023-06-13 11:38:00,78.29,78.39,78.35,78.31,187.14220893
2023-06-13 11:37:00,78.32,78.38,78.38,78.36,47.03006736
2023-06-13 11:36:00,78.37,78.46,78.45,78.37,60.74232832
2023-06-13 11:35:00,78.35,78.45,78.38,78.41,150.00808165
2023-06-13 11:34:00,78.34,78.4,78.37,78.35,55.28718652
2023-06-13 11:33:00,78.34,78.43,78.34,78.43,196.83480697
2023-06-13 11:32:00,78.37,78.42,78.38,78.37,34.65361309
2023-06-13 11:31:00,78.38,78.44,78.39,78.42,65.11070912
2023-06-13 11:30:00,78.37,78.48,78.42,78.4,507.97417841
2023-06-13 11:29:00,78.41,78.48,78.48,78.44,85.65949326
2023-06-13 11:28:00,78.46,78.52,78.5,78.48,490.60351983
2023-06-13 11:27:00,78.39,78.5,78.39,78.5,24.02858941
2023-06-13 11:26:00,78.36,78.4,78.36,78.36,69.31027424
2023-06-13 11:25:00,78.34,78.38,78.34,78.38,27.30083173
2023-06-13 11:24:00,78.29,78.37,78.36,78.3,32.25582851
2023-06-13 11:23:00,78.23,78.35,78.26,78.33,846.0506796
2023-06-13 11:22:00,78.27,78.41,78.39,78.29,86.12693102
2023-06-13 11:21:00,78.37,78.43,78.43,78.39,106.49331758
2023-06-13 11:20:00,78.39,78.51,78.39,78.43,123.19943888
2023-06-13 11:19:00,78.37,78.46,78.46,78.43,256.03879961
2023-06-13 11:18:00,78.42,78.56,78.56,78.46,36.55473906
2023-06-13 11:17:00,78.53,78.7,78.7,78.53,136.33383356
2023-06-13 11:16:00,78.65,78.7,78.66,78.69,873.80515334
2023-06-13 11:15:00,78.63,78.76,78.63,78.65,143.06770412
2023-06-13 11:14:00,78.64,78.72,78.67,78.65,145.36527889
2023-06-13 11:13:00,78.7,78.9,78.9,78.73,270.65937348
2023-06-13 11:12:00,78.77,78.89,78.79,78.89,65.01503256
2023-06-13 11:11:00,78.74,78.77,78.76,78.77,46.79115877
2023-06-13 11:10:00,78.69,78.76,78.73,78.76,66.17547413
2023-06-13 11:09:00,78.74,78.8,78.79,78.75,29.80130996
2023-06-13 11:08:00,78.7,78.8,78.74,78.75,175.05641708
2023-06-13 11:07:00,78.66,78.76,78.66,78.76,162.58579773
2023-06-13 11:06:00,78.54,78.71,78.54,78.63,254.1242103
2023-06-13 11:05:00,78.55,78.67,78.59,78.56,465.26144348
2023-06-13 11:04:00,78.48,78.59,78.48,78.59,176.12624026
2023-06-13 11:03:00,78.37,78.47,78.39,78.47,150.92939187
2023-06-13 11:02:00,78.38,78.43,78.43,78.4,65.02798186
2023-06-13 11:01:00,78.45,78.57,78.57,78.45,208.71982918
2023-06-13 11:00:00,78.53,78.57,78.53,78.57,29.67126016
2023-06-13 10:59:00,78.51,78.56,78.51,78.54,77.40238235
2023-06-13 10:58:00,78.53,78.59,78.58,78.54,35.05232704
2023-06-13 10:57:00,78.52,78.58,78.52,78.57,31.44405478
2023-06-13 10:56:00,78.48,78.54,78.52,78.52,75.57941532
2023-06-13 10:55:00,78.53,78.58,78.55,78.56,50.39816791
2023-06-13 10:54:00,78.53,78.56,78.54,78.53,31.55147916
2023-06-13 10:53:00,78.5,78.53,78.52,78.53,43.07122381
2023-06-13 10:52:00,78.48,78.52,78.51,78.52,31.33334983
2023-06-13 10:51:00,78.48,78.52,78.52,78.5,22.22652813
2023-06-13 10:50:00,78.43,78.51,78.46,78.51,33.91706507
2023-06-13 10:49:00,78.4,78.45,78.45,78.44,21.84699422
2023-06-13 10:48:00,78.44,78.52,78.51,78.44,19.17792941
2023-06-13 16:10:00,76.85,76.92,76.88,76.92,174.64406414
