datetime,open,high,low,close,volume
2023-01-21 06:13:00,89.98,90.05,89.98,90.03,69.17968522
2023-01-21 16:13:00,89.56,89.65,89.65,89.58,157.68546801
2023-01-21 16:12:00,89.63,89.76,89.76,89.74,291.2479994
2023-01-21 16:11:00,89.77,89.99,89.95,89.79,726.75982489
2023-01-21 16:10:00,89.62,90.05,89.67,89.97,1040.26647047
2023-01-21 16:09:00,89.55,89.69,89.55,89.65,212.44130724
2023-01-21 16:08:00,89.54,89.72,89.69,89.55,175.2717812
2023-01-21 16:07:00,89.42,89.69,89.42,89.69,344.5429509
2023-01-21 16:06:00,89.33,89.64,89.37,89.43,805.41864358
2023-01-21 16:05:00,89.29,89.6,89.3,89.42,1302.3830797
2023-01-21 16:04:00,89.15,89.3,89.15,89.29,223.1846913
2023-01-21 16:03:00,88.91,89.14,88.96,89.14,319.3908369
2023-01-21 16:02:00,88.85,88.98,88.95,88.91,27.50056748
2023-01-21 16:01:00,88.79,88.96,88.79,88.95,106.70204482
2023-01-21 16:00:00,88.64,88.96,88.84,88.82,351.75345408
2023-01-21 15:59:00,88.65,89.07,88.7,88.89,440.07024326
2023-01-21 15:58:00,88.59,89.39,89.35,88.72,2461.11578852
2023-01-21 15:57:00,89.35,89.41,89.39,89.35,1309.1519982
2023-01-21 15:56:00,89.26,89.46,89.35,89.36,373.11616505
2023-01-21 15:55:00,89.33,89.43,89.42,89.34,173.86673893
2023-01-21 15:54:00,89.4,89.49,89.47,89.4,52.02749886
2023-01-21 15:53:00,89.4,89.47,89.41,89.47,11.27663799
2023-01-21 15:52:00,89.39,89.48,89.47,89.41,83.04491465
2023-01-21 15:51:00,89.43,89.47,89.46,89.44,88.8603762
2023-01-21 15:50:00,89.45,89.52,89.5,89.46,25.0689452
2023-01-21 15:49:00,89.51,89.56,89.54,89.53,33.80606965
2023-01-21 15:48:00,89.49,89.55,89.52,89.55,160.00953927
2023-01-21 15:47:00,89.53,89.63,89.58,89.54,73.21399094
2023-01-21 15:46:00,89.57,89.65,89.57,89.6,56.24360596
2023-01-21 15:45:00,89.52,89.6,89.6,89.59,90.77214371
2023-01-21 15:44:00,89.52,89.64,89.64,89.58,27.9720544
2023-01-21 15:43:00,89.6,89.72,89.6,89.63,75.47111454
2023-01-21 15:42:00,89.5,89.65,89.5,89.64,45.78977408
2023-01-21 15:41:00,89.46,89.52,89.47,89.5,4.79575421
2023-01-21 15:40:00,89.41,89.51,89.51,89.48,52.53922839
2023-01-21 15:39:00,89.5,89.6,89.56,89.53,6.75462122
2023-01-21 15:38:00,89.54,89.66,89.66,89.54,130.77113598
2023-01-21 15:37:00,89.64,89.75,89.67,89.7,685.98134575
2023-01-21 15:36:00,89.61,89.74,89.61,89.74,300.09155867
2023-01-21 15:35:00,89.56,89.64,89.6,89.57,237.6887136
2023-01-21 15:34:00,89.6,89.67,89.66,89.62,109.5289362
2023-01-21 15:33:00,89.41,89.68,89.41,89.68,307.68879639
2023-01-21 15:32:00,89.26,89.41,89.26,89.4,211.17342041
2023-01-21 15:31:00,89.22,89.29,89.28,89.27,858.15724447
2023-01-21 15:30:00,89.26,89.31,89.28,89.26,592.67441269
2023-01-21 15:29:00,89.26,89.34,89.28,89.32,481.32283022
2023-01-21 15:28:00,89.26,89.32,89.32,89.27,1347.49276381
2023-01-21 15:27:00,89.29,89.39,89.33,89.31,15.33966589
2023-01-21 15:26:00,89.28,89.33,89.33,89.32,130.422196
2023-01-21 15:25:00,89.31,89.38,89.31,89.35,51.33106496
2023-01-21 15:24:00,89.3,89.44,89.38,89.3,1141.95236012
2023-01-21 15:23:00,89.34,89.39,89.36,89.37,95.51880076
2023-01-21 15:22:00,89.3,89.39,89.37,89.39,137.46066116
2023-01-21 15:21:00,89.26,89.38,89.26,89.36,1260.39424006
2023-01-21 15:20:00,89.26,89.3,89.26,89.26,1672.9662886
2023-01-21 15:19:00,89.26,89.32,89.3,89.27,1207.6124478
2023-01-21 15:18:00,89.16,89.31,89.16,89.28,2989.98616037
2023-01-21 15:17:00,89.04,89.28,89.1,89.18,1197.78652079
2023-01-21 15:16:00,89.06,89.13,89.06,89.06,41.02950838
2023-01-21 15:15:00,89.01,89.08,89.04,89.08,86.46490696
2023-01-21 15:14:00,88.96,89.04,88.96,89.01,11.57984482
2023-01-21 15:13:00,88.95,89.04,89.04,88.97,143.12341819
2023-01-21 15:12:00,88.98,89.04,88.98,89.04,23.81488698
2023-01-21 15:11:00,88.92,89.02,88.92,88.99,88.80887464
2023-01-21 15:10:00,88.84,88.92,88.89,88.92,70.45927896
2023-01-21 15:09:00,88.87,88.93,88.89,88.87,11.0099787
2023-01-21 15:08:00,88.89,88.95,88.95,88.89,271.20135096
2023-01-21 15:07:00,88.9,89.04,89.03,88.95,81.34824506
2023-01-21 15:06:00,88.92,89.02,88.92,89.01,72.46335658
2023-01-21 15:05:00,88.91,88.97,88.96,88.91,14.02065663
2023-01-21 15:04:00,88.9,88.97,88.9,88.96,45.84204443
2023-01-21 15:03:00,88.82,88.9,88.87,88.87,65.58368011
2023-01-21 15:02:00,88.85,88.91,88.9,88.85,28.51807995
2023-01-21 15:01:00,88.84,88.92,88.91,88.91,93.70906999
2023-01-21 15:00:00,88.86,88.93,88.86,88.88,50.71322075
2023-01-21 14:59:00,88.79,88.85,88.83,88.8,136.21926015
2023-01-21 14:58:00,88.83,88.86,88.84,88.83,4.64603862
2023-01-21 14:57:00,88.83,88.93,88.87,88.86,76.59571657
2023-01-21 14:56:00,88.85,88.94,88.91,88.87,249.28883916
2023-01-21 14:55:00,88.72,88.86,88.73,88.86,236.64589858
2023-01-21 14:54:00,88.71,88.77,88.74,88.72,179.79483965
2023-01-21 14:53:00,88.68,88.74,88.68,88.72,5.34670476
2023-01-21 14:52:00,88.71,88.81,88.81,88.73,215.01958932
2023-01-21 14:51:00,88.81,88.94,88.9,88.81,77.77788606
2023-01-21 14:50:00,88.79,88.91,88.8,88.9,74.67391828
2023-01-21 14:49:00,88.8,88.92,88.89,88.81,88.61349015
2023-01-21 14:48:00,88.86,89.05,89.05,88.89,71.61678017
2023-01-21 14:47:00,89.03,89.18,89.17,89.03,37.99336074
2023-01-21 14:46:00,89.1,89.17,89.15,89.17,41.85578955
2023-01-21 14:45:00,89.11,89.18,89.14,89.14,177.63029821
2023-01-21 14:44:00,89.13,89.21,89.14,89.17,29.18762027
2023-01-21 14:43:00,89.11,89.18,89.13,89.16,13.26769271
2023-01-21 14:42:00,89.05,89.14,89.13,89.14,41.41225619
2023-01-21 14:41:00,89.0,89.12,89.03,89.12,147.52976914
2023-01-21 14:40:00,88.98,89.14,89.06,89.02,462.00856554
2023-01-21 14:39:00,88.97,89.08,89.01,89.06,184.83709523
2023-01-21 14:38:00,89.01,89.07,89.07,89.01,44.96199884
2023-01-21 14:37:00,88.99,89.1,89.08,89.09,181.38678471
2023-01-21 14:36:00,88.93,89.09,88.93,89.08,52.526624
2023-01-21 14:35:00,88.91,88.97,88.91,88.95,28.7815888
2023-01-21 14:34:00,88.91,88.96,88.91,88.94,39.38200084
2023-01-21 14:33:00,88.88,88.98,88.98,88.91,21.13775446
2023-01-21 14:32:00,88.91,88.99,88.95,88.97,107.14015872
2023-01-21 14:31:00,88.8,88.93,88.8,88.91,401.12133861
2023-01-21 14:30:00,88.76,88.85,88.84,88.81,120.82414486
2023-01-21 14:29:00,88.79,88.85,88.82,88.85,83.7309278
2023-01-21 14:28:00,88.77,88.81,88.78,88.79,45.29602487
2023-01-21 14:27:00,88.77,88.83,88.8,88.83,27.8723637
2023-01-21 14:26:00,88.74,88.8,88.77,88.8,61.30490032
2023-01-21 14:25:00,88.71,88.77,88.71,88.75,53.53508305
2023-01-21 14:24:00,88.69,88.76,88.76,88.73,39.13112276
2023-01-21 14:23:00,88.72,88.76,88.72,88.76,31.74798918
2023-01-21 14:22:00,88.64,88.74,88.65,88.74,36.08612204
2023-01-21 14:21:00,88.63,88.7,88.7,88.65,40.12773275
2023-01-21 14:20:00,88.62,88.7,88.65,88.7,53.26956706
2023-01-21 14:19:00,88.57,88.67,88.57,88.63,79.3473947
2023-01-21 14:18:00,88.49,88.58,88.54,88.54,55.73095901
2023-01-21 14:17:00,88.52,88.58,88.56,88.55,13.73278504
2023-01-21 14:16:00,88.55,88.62,88.57,88.55,53.71596125
2023-01-21 14:15:00,88.52,88.58,88.55,88.58,91.68556542
2023-01-21 14:14:00,88.53,88.6,88.54,88.57,75.19185866
2023-01-21 14:13:00,88.53,88.57,88.53,88.54,179.46595141
2023-01-21 14:12:00,88.57,88.64,88.62,88.58,106.39148808
2023-01-21 14:11:00,88.65,88.75,88.72,88.65,76.4337158
2023-01-21 14:10:00,88.73,88.79,88.76,88.73,11.91516742
2023-01-21 14:09:00,88.73,88.79,88.73,88.79,41.63215798
2023-01-21 14:08:00,88.7,88.75,88.72,88.74,106.78262858
2023-01-21 14:07:00,88.71,88.8,88.8,88.73,130.1584898
2023-01-21 14:06:00,88.78,88.87,88.84,88.78,170.88261216
2023-01-21 14:05:00,88.79,88.87,88.79,88.86,32.71945235
2023-01-21 14:04:00,88.76,88.81,88.76,88.78,23.83526936
2023-01-21 14:03:00,88.76,88.81,88.8,88.76,68.40069478
2023-01-21 14:02:00,88.73,88.81,88.79,88.79,48.03139164
2023-01-21 14:01:00,88.71,88.79,88.71,88.79,72.68048788
2023-01-21 14:00:00,88.62,88.69,88.62,88.69,103.08994358
2023-01-21 13:59:00,88.59,88.66,88.64,88.59,117.04071789
2023-01-21 13:58:00,88.64,88.71,88.66,88.65,58.42068593
2023-01-21 13:57:00,88.65,88.73,88.7,88.65,205.71198042
2023-01-21 13:56:00,88.67,88.81,88.75,88.7,64.78817568
2023-01-21 13:55:00,88.7,88.8,88.79,88.75,30.77316723
2023-01-21 13:54:00,88.67,88.82,88.69,88.82,214.97143819
2023-01-21 13:53:00,88.65,88.71,88.65,88.7,95.3649509
2023-01-21 13:52:00,88.58,88.65,88.62,88.64,191.18903357
2023-01-21 13:51:00,88.51,88.62,88.56,88.58,67.65290476
2023-01-21 13:50:00,88.5,88.62,88.5,88.57,434.89526809
2023-01-21 13:49:00,88.36,88.5,88.38,88.5,18.0448434
2023-01-21 13:48:00,88.31,88.39,88.32,88.36,74.39882256
2023-01-21 13:47:00,88.29,88.35,88.33,88.31,84.07211538
2023-01-21 13:46:00,88.24,88.34,88.34,88.3,65.17643105
2023-01-21 13:45:00,88.34,88.43,88.39,88.36,251.60872353
2023-01-21 13:44:00,88.4,88.46,88.4,88.4,116.01925896
2023-01-21 13:43:00,88.27,88.41,88.34,88.4,151.32646444
2023-01-21 13:42:00,88.33,88.55,88.51,88.34,94.14188277
2023-01-21 13:41:00,88.48,88.57,88.49,88.51,49.37842015
2023-01-21 13:40:00,88.5,88.54,88.54,88.5,26.43145874
2023-01-21 13:39:00,88.5,88.6,88.57,88.54,34.22862101
2023-01-21 13:38:00,88.43,88.59,88.43,88.55,171.92815375
2023-01-21 13:37:00,88.4,88.55,88.55,88.4,300.86767486
2023-01-21 13:36:00,88.47,88.53,88.53,88.53,9.41594635
2023-01-21 13:35:00,88.51,88.65,88.65,88.52,20.76706115
2023-01-21 13:34:00,88.53,88.71,88.53,88.62,760.94125509
2023-01-21 13:33:00,88.39,88.56,88.52,88.51,740.11933176
2023-01-21 13:32:00,88.54,88.64,88.64,88.56,140.24765566
2023-01-21 13:31:00,88.61,88.66,88.62,88.61,12.54022003
2023-01-21 13:30:00,88.54,88.66,88.57,88.63,279.17366883
2023-01-21 13:29:00,88.53,88.6,88.59,88.59,78.68988076
2023-01-21 13:28:00,88.56,88.62,88.62,88.58,37.44585353
2023-01-21 13:27:00,88.44,88.61,88.44,88.58,418.12605899
2023-01-21 13:26:00,88.45,88.64,88.61,88.45,109.05564503
2023-01-21 13:25:00,88.57,88.66,88.64,88.63,70.64139858
2023-01-21 13:24:00,88.45,88.65,88.45,88.65,63.83348621
2023-01-21 13:23:00,88.46,88.63,88.62,88.46,400.64475941
2023-01-21 13:22:00,88.63,88.76,88.75,88.63,75.46798031
2023-01-21 13:21:00,88.71,88.78,88.71,88.72,44.51669547
2023-01-21 13:20:00,88.67,88.81,88.79,88.71,95.57257759
2023-01-21 13:19:00,88.75,88.84,88.84,88.8,4487.50419983
2023-01-21 13:18:00,88.84,88.93,88.92,88.84,120.75097599
2023-01-21 13:17:00,88.9,88.94,88.91,88.91,71.16175092
2023-01-21 13:16:00,88.89,89.0,88.99,88.91,297.46352434
2023-01-21 13:15:00,88.98,89.02,89.01,89.01,37.68638555
2023-01-21 13:14:00,88.99,89.07,89.02,89.04,27.06538883
2023-01-21 13:13:00,88.9,89.03,88.94,89.03,228.59073832
2023-01-21 13:12:00,88.92,88.97,88.95,88.93,67.47750575
2023-01-21 13:11:00,88.92,89.0,88.97,88.93,40.97996048
2023-01-21 13:10:00,88.92,88.98,88.96,88.98,17.3405541
2023-01-21 13:09:00,88.95,88.98,88.95,88.96,16.83297183
2023-01-21 13:08:00,88.94,88.98,88.98,88.94,70.26674087
2023-01-21 13:07:00,89.03,89.06,89.05,89.03,26.1045387
2023-01-21 13:06:00,89.06,89.1,89.07,89.06,35.20488583
2023-01-21 13:05:00,89.05,89.09,89.09,89.06,41.94956555
2023-01-21 13:04:00,88.98,89.09,88.98,89.09,40.63825383
2023-01-21 13:03:00,88.98,89.01,89.0,89.0,21.63748568
2023-01-21 13:02:00,88.97,89.06,89.06,88.97,118.32781835
2023-01-21 13:01:00,89.0,89.07,89.04,89.07,372.67330171
2023-01-21 13:00:00,89.06,89.11,89.08,89.08,7.76411993
2023-01-21 12:59:00,89.07,89.17,89.17,89.12,109.26293037
2023-01-21 12:58:00,89.1,89.17,89.12,89.17,65.24088471
2023-01-21 12:57:00,89.01,89.12,89.01,89.12,45.15089082
2023-01-21 12:56:00,89.02,89.09,89.06,89.04,140.27535719
2023-01-21 12:55:00,89.0,89.07,89.0,89.06,120.75571444
2023-01-21 12:54:00,88.95,89.03,88.95,89.01,65.51195627
2023-01-21 12:53:00,88.87,88.95,88.87,88.95,22.22717654
2023-01-21 12:52:00,88.88,88.94,88.92,88.89,63.78231897
2023-01-21 12:51:00,88.83,88.93,88.83,88.93,106.39325808
2023-01-21 12:50:00,88.79,88.83,88.79,88.83,26.73030932
2023-01-21 12:49:00,88.78,88.83,88.81,88.78,2.40400398
2023-01-21 12:48:00,88.8,88.85,88.82,88.81,8.7476924
2023-01-21 12:47:00,88.81,88.94,88.94,88.81,62.01992952
2023-01-21 12:46:00,88.89,88.96,88.93,88.94,14.37187812
2023-01-21 12:45:00,88.9,89.01,89.01,88.92,158.69524973
2023-01-21 12:44:00,88.98,89.04,88.98,88.99,56.1446111
2023-01-21 12:43:00,88.98,89.04,89.04,88.98,4.30028069
2023-01-21 12:42:00,89.0,89.08,89.06,89.04,28.60175086
2023-01-21 12:41:00,88.97,89.06,88.97,89.06,17.72354429
2023-01-21 12:40:00,88.91,88.99,88.99,88.97,104.95030492
2023-01-21 12:39:00,88.88,89.02,88.88,89.02,16.00181588
2023-01-21 12:38:00,88.8,88.9,88.87,88.9,70.98615858
2023-01-21 12:37:00,88.82,89.0,88.95,88.82,205.20649706
2023-01-21 12:36:00,88.8,88.99,88.91,88.98,474.00821613
2023-01-21 12:35:00,88.87,88.93,88.92,88.92,99.98211396
2023-01-21 12:34:00,88.92,89.05,89.05,88.93,114.60255868
2023-01-21 12:33:00,89.03,89.12,89.12,89.03,262.57237329
2023-01-21 12:32:00,89.13,89.2,89.19,89.13,30.72997747
2023-01-21 12:31:00,89.19,89.26,89.26,89.2,2.40403746
2023-01-21 12:30:00,89.25,89.34,89.3,89.25,6.72271699
2023-01-21 12:29:00,89.29,89.35,89.32,89.34,35.10619045
2023-01-21 12:28:00,89.29,89.33,89.3,89.32,29.84973333
2023-01-21 12:27:00,89.29,89.45,89.36,89.29,84.52562502
2023-01-21 12:26:00,89.32,89.42,89.34,89.35,75.09371763
2023-01-21 12:25:00,89.28,89.34,89.34,89.28,14.33925552
2023-01-21 12:24:00,89.28,89.34,89.29,89.34,16.39943303
2023-01-21 12:23:00,89.26,89.31,89.26,89.31,18.85477258
2023-01-21 12:22:00,89.23,89.28,89.23,89.25,71.33534482
2023-01-21 12:21:00,89.22,89.29,89.28,89.22,36.22146772
2023-01-21 12:20:00,89.25,89.33,89.33,89.27,29.22988389
2023-01-21 12:19:00,89.24,89.36,89.25,89.32,260.9833339
2023-01-21 12:18:00,89.15,89.28,89.24,89.28,83.33862268
2023-01-21 12:17:00,89.22,89.3,89.3,89.24,11.03940689
2023-01-21 12:16:00,89.27,89.36,89.32,89.3,9.29935056
2023-01-21 12:15:00,89.34,89.42,89.4,89.34,169.21381309
2023-01-21 12:14:00,89.38,89.43,89.39,89.43,9.27822745
2023-01-21 12:13:00,89.34,89.41,89.38,89.4,29.3367417
2023-01-21 12:12:00,89.35,89.41,89.35,89.37,37.69546814
2023-01-21 12:11:00,89.34,89.48,89.43,89.34,153.22647321
2023-01-21 12:10:00,89.4,89.46,89.44,89.46,70.04098157
2023-01-21 12:09:00,89.34,89.44,89.37,89.44,134.01960317
2023-01-21 12:08:00,89.28,89.39,89.31,89.37,142.26125288
2023-01-21 12:07:00,89.2,89.33,89.25,89.31,398.29837523
2023-01-21 12:06:00,89.2,89.25,89.2,89.25,1.93172735
2023-01-21 12:05:00,89.08,89.23,89.08,89.22,142.57623581
2023-01-21 12:04:00,89.05,89.11,89.08,89.1,214.80610889
2023-01-21 12:03:00,89.0,89.08,89.04,89.08,49.7356388
2023-01-21 12:02:00,89.0,89.07,89.04,89.0,13.63833347
2023-01-21 12:01:00,88.98,89.05,89.0,89.05,36.71371768
2023-01-21 12:00:00,88.97,89.1,89.07,88.97,117.72028579
2023-01-21 11:59:00,89.04,89.1,89.07,89.08,18.50519646
2023-01-21 11:58:00,88.97,89.05,89.05,89.01,41.22277334
2023-01-21 11:57:00,89.0,89.09,89.0,89.04,175.08250852
2023-01-21 11:56:00,89.0,89.04,89.04,89.02,92.06145164
2023-01-21 11:55:00,89.03,89.1,89.1,89.04,78.49570489
2023-01-21 11:54:00,89.07,89.1,89.09,89.1,96.21881638
2023-01-21 11:53:00,89.06,89.1,89.09,89.08,498.85557758
2023-01-21 11:52:00,89.03,89.1,89.09,89.08,145.79687628
2023-01-21 11:51:00,89.05,89.1,89.09,89.1,19.12456682
2023-01-21 11:50:00,89.05,89.1,89.08,89.05,10.37587912
2023-01-21 11:49:00,89.07,89.15,89.1,89.08,138.0325448
2023-01-21 11:48:00,89.08,89.12,89.08,89.09,3.12636656
2023-01-21 11:47:00,89.11,89.28,89.22,89.11,471.3896058
2023-01-21 11:46:00,89.19,89.35,89.28,89.22,442.18051891
2023-01-21 11:45:00,89.2,89.28,89.23,89.28,102.34801027
2023-01-21 11:44:00,89.19,89.24,89.2,89.23,190.70588014
2023-01-21 11:43:00,89.16,89.21,89.19,89.19,241.57550556
2023-01-21 11:42:00,89.11,89.19,89.11,89.19,17.93951192
2023-01-21 11:41:00,89.1,89.15,89.15,89.11,47.98121095
2023-01-21 11:40:00,89.07,89.16,89.1,89.16,123.40778362
2023-01-21 11:39:00,89.01,89.1,89.02,89.1,149.85022564
2023-01-21 11:38:00,88.9,89.05,88.94,89.05,339.81890913
2023-01-21 11:37:00,88.91,88.99,88.99,88.91,131.79015174
2023-01-21 11:36:00,88.93,89.0,88.95,88.96,33.11401468
2023-01-21 11:35:00,88.92,89.08,89.06,88.95,205.64127369
2023-01-21 11:34:00,89.03,89.11,89.03,89.08,25.34416283
2023-01-21 11:33:00,89.01,89.1,89.02,89.01,177.23331044
2023-01-21 11:32:00,88.94,89.1,88.94,89.05,78.57834701
2023-01-21 11:31:00,88.91,88.98,88.96,88.93,75.08142261
2023-01-21 11:30:00,88.92,89.01,89.01,88.92,238.54148412
2023-01-21 11:29:00,88.99,89.1,89.04,88.99,133.59075692
2023-01-21 11:28:00,88.94,89.06,88.94,89.06,68.43414309
2023-01-21 11:27:00,88.84,88.97,88.84,88.97,335.17490902
2023-01-21 11:26:00,88.74,88.84,88.82,88.83,26.52810903
2023-01-21 11:25:00,88.78,88.85,88.82,88.82,144.26684344
2023-01-21 11:24:00,88.69,88.85,88.69,88.8,64.91893526
2023-01-21 11:23:00,88.68,88.71,88.71,88.68,23.08624534
2023-01-21 11:22:00,88.52,88.71,88.54,88.71,193.21898367
2023-01-21 11:21:00,88.41,88.59,88.59,88.54,816.16752745
2023-01-21 11:20:00,88.56,88.64,88.59,88.56,51.13709696
2023-01-21 11:19:00,88.57,88.66,88.62,88.58,122.89725587
2023-01-21 11:18:00,88.6,88.64,88.61,88.64,9.68687356
2023-01-21 11:17:00,88.62,88.72,88.63,88.62,56.57420387
2023-01-21 11:16:00,88.5,88.63,88.51,88.63,107.53846612
2023-01-21 11:15:00,88.5,88.82,88.74,88.53,804.26051819
2023-01-21 11:14:00,88.63,88.79,88.79,88.7,71.13417589
2023-01-21 11:13:00,88.75,88.85,88.75,88.79,125.62212429
2023-01-21 21:13:00,90.41,90.46,90.45,90.41,286.58884244
2023-01-21 21:12:00,90.39,90.45,90.41,90.43,57.3054754
2023-01-21 21:11:00,90.35,90.41,90.35,90.41,578.85062434
2023-01-21 21:10:00,90.34,90.37,90.36,90.35,222.72531032
2023-01-21 21:09:00,90.36,90.37,90.37,90.37,255.32857367
2023-01-21 21:08:00,90.28,90.35,90.29,90.33,64.05635734
2023-01-21 21:07:00,90.28,90.36,90.36,90.28,191.02987216
2023-01-21 21:06:00,90.35,90.37,90.37,90.36,101.34523875
2023-01-21 21:05:00,90.35,90.37,90.36,90.37,193.91205711
2023-01-21 21:04:00,90.35,90.37,90.37,90.36,287.95053181
2023-01-21 21:03:00,90.35,90.37,90.37,90.35,1406.47923999
2023-01-21 21:02:00,90.32,90.38,90.33,90.37,344.10702322
2023-01-21 21:01:00,90.34,90.43,90.42,90.34,225.88825203
2023-01-21 21:00:00,90.16,90.45,90.27,90.38,850.91473342
2023-01-21 20:59:00,90.26,90.34,90.34,90.28,174.27153976
2023-01-21 20:58:00,90.3,90.38,90.35,90.33,81.13575337
2023-01-21 20:57:00,90.33,90.39,90.36,90.39,69.60415225
2023-01-21 20:56:00,90.32,90.42,90.41,90.36,28.96068227
2023-01-21 20:55:00,90.4,90.45,90.43,90.42,54.31463119
2023-01-21 20:54:00,90.42,90.45,90.44,90.45,12.63378155
2023-01-21 20:53:00,90.37,90.45,90.37,90.44,61.54882706
2023-01-21 20:52:00,90.37,90.41,90.41,90.37,51.0685673
2023-01-21 20:51:00,90.39,90.46,90.46,90.42,84.99101479
2023-01-21 20:50:00,90.42,90.54,90.46,90.46,55.62427623
2023-01-21 20:49:00,90.42,90.48,90.44,90.46,154.41314358
2023-01-21 20:48:00,90.38,90.46,90.42,90.46,119.51757549
2023-01-21 20:47:00,90.23,90.42,90.36,90.41,18.24098708
2023-01-21 20:46:00,90.31,90.42,90.32,90.31,104.19985408
2023-01-21 20:45:00,90.28,90.32,90.28,90.29,120.26807894
2023-01-21 20:44:00,90.24,90.3,90.3,90.26,143.66468171
2023-01-21 20:43:00,90.22,90.3,90.23,90.29,38.75666087
2023-01-21 20:42:00,90.17,90.31,90.24,90.21,133.75287294
2023-01-21 20:41:00,90.13,90.24,90.13,90.23,117.90286956
2023-01-21 20:40:00,90.0,90.14,90.07,90.13,188.36575109
2023-01-21 20:39:00,89.99,90.07,89.99,90.04,237.13258303
2023-01-21 20:38:00,89.97,90.08,90.03,89.99,236.27478244
2023-01-21 20:37:00,90.02,90.07,90.07,90.03,37.61846156
2023-01-21 20:36:00,90.01,90.07,90.06,90.06,86.19322657
2023-01-21 20:35:00,89.9,90.07,89.9,90.07,50.7397564
2023-01-21 20:34:00,89.89,89.97,89.96,89.91,110.83871827
2023-01-21 20:33:00,89.95,90.02,89.99,89.98,46.57831317
2023-01-21 20:32:00,89.99,90.07,90.04,89.99,70.84019269
2023-01-21 20:31:00,89.97,90.04,90.0,90.02,321.54995072
2023-01-21 20:30:00,89.97,90.02,89.99,90.0,133.73617419
2023-01-21 20:29:00,89.96,90.02,89.96,90.02,16.80558204
2023-01-21 20:28:00,89.97,90.04,90.0,89.98,69.86564354
2023-01-21 20:27:00,89.94,90.03,89.94,90.03,35.00794816
2023-01-21 20:26:00,89.9,89.98,89.93,89.93,96.96408078
2023-01-21 20:25:00,89.9,89.96,89.94,89.93,38.58517018
2023-01-21 20:24:00,89.9,90.0,90.0,89.96,66.10869053
2023-01-21 20:23:00,89.94,90.03,89.94,90.01,33.5354846
2023-01-21 20:22:00,89.9,90.03,89.99,89.94,337.96109464
2023-01-21 20:21:00,89.95,90.03,90.02,89.99,152.84293278
2023-01-21 20:20:00,89.96,90.05,90.03,90.02,89.46697971
2023-01-21 20:19:00,90.04,90.13,90.11,90.06,46.29350457
2023-01-21 20:18:00,90.03,90.13,90.12,90.07,275.46876555
2023-01-21 20:17:00,90.09,90.17,90.1,90.09,65.37350893
2023-01-21 20:16:00,90.03,90.13,90.06,90.11,173.1323863
2023-01-21 20:15:00,90.01,90.07,90.01,90.07,205.4713404
2023-01-21 20:14:00,89.94,90.03,89.95,90.01,168.02343311
2023-01-21 20:13:00,89.94,89.97,89.96,89.96,88.58823797
2023-01-21 20:12:00,89.96,90.02,89.99,89.99,97.20460785
2023-01-21 20:11:00,89.99,90.03,90.03,90.03,44.12540322
2023-01-21 20:10:00,89.96,90.03,89.96,90.03,125.16546989
2023-01-21 20:09:00,89.94,89.99,89.99,89.96,212.11336779
2023-01-21 20:08:00,89.99,90.05,90.0,90.01,165.30235132
2023-01-21 20:07:00,89.95,90.04,90.01,90.01,183.9362765
2023-01-21 20:06:00,90.01,90.07,90.04,90.03,71.10504635
2023-01-21 20:05:00,90.0,90.04,90.02,90.04,76.2540656
2023-01-21 20:04:00,89.98,90.1,90.08,90.02,58.50162419
2023-01-21 20:03:00,89.97,90.12,90.11,90.04,306.66329197
2023-01-21 20:02:00,90.11,90.16,90.16,90.15,42.90581795
2023-01-21 20:01:00,90.15,90.29,90.29,90.17,300.25916689
2023-01-21 20:00:00,90.3,90.37,90.3,90.32,255.66621394
2023-01-21 19:59:00,90.28,90.32,90.3,90.31,43.96308827
2023-01-21 19:58:00,90.26,90.31,90.3,90.27,41.1160848
2023-01-21 19:57:00,90.23,90.3,90.27,90.24,89.21219818
2023-01-21 19:56:00,90.19,90.32,90.32,90.3,161.8864069
2023-01-21 19:55:00,90.27,90.33,90.27,90.29,45.41541801
2023-01-21 19:54:00,90.23,90.32,90.23,90.28,183.90436905
2023-01-21 19:53:00,90.22,90.25,90.22,90.23,19.99273825
2023-01-21 19:52:00,90.19,90.25,90.24,90.23,39.54348327
2023-01-21 19:51:00,90.19,90.24,90.23,90.24,30.00330432
2023-01-21 19:50:00,90.15,90.23,90.18,90.23,32.83433775
2023-01-21 19:49:00,90.14,90.22,90.21,90.16,91.35910369
2023-01-21 19:48:00,90.17,90.3,90.27,90.21,357.12006003
2023-01-21 19:47:00,90.23,90.3,90.3,90.27,59.95997088
2023-01-21 19:46:00,90.26,90.36,90.36,90.27,51.25921821
2023-01-21 19:45:00,90.3,90.36,90.31,90.32,91.54693952
2023-01-21 19:44:00,90.27,90.32,90.27,90.29,25.7597213
2023-01-21 19:43:00,90.24,90.3,90.27,90.27,33.95874701
2023-01-21 19:42:00,90.23,90.28,90.23,90.28,24.89800504
2023-01-21 19:41:00,90.16,90.23,90.18,90.23,194.61762712
2023-01-21 19:40:00,90.17,90.25,90.19,90.2,49.40922466
2023-01-21 19:39:00,90.19,90.24,90.24,90.21,36.1344841
2023-01-21 19:38:00,90.22,90.31,90.31,90.22,76.05161145
2023-01-21 19:37:00,90.26,90.34,90.3,90.31,4.35779915
2023-01-21 19:36:00,90.26,90.3,90.27,90.3,15.00780886
2023-01-21 19:35:00,90.21,90.31,90.3,90.27,25.55538462
2023-01-21 19:34:00,90.31,90.38,90.36,90.31,71.53311159
2023-01-21 19:33:00,90.34,90.44,90.44,90.37,155.67051419
2023-01-21 19:32:00,90.4,90.46,90.42,90.43,80.15668166
2023-01-21 19:31:00,90.36,90.43,90.36,90.39,71.6477702
2023-01-21 19:30:00,90.35,90.39,90.39,90.35,50.94192699
2023-01-21 19:29:00,90.37,90.4,90.37,90.39,8.22588711
2023-01-21 19:28:00,90.28,90.4,90.28,90.36,103.43496413
2023-01-21 19:27:00,90.26,90.3,90.3,90.28,26.82072463
2023-01-21 19:26:00,90.27,90.36,90.36,90.3,95.3076503
2023-01-21 19:25:00,90.29,90.37,90.3,90.36,50.19487086
2023-01-21 19:24:00,90.26,90.31,90.29,90.31,66.91712978
2023-01-21 19:23:00,90.28,90.4,90.34,90.28,180.23944956
2023-01-21 19:22:00,90.34,90.39,90.37,90.34,126.43704943
2023-01-21 19:21:00,90.34,90.4,90.34,90.37,19.10401168
2023-01-21 19:20:00,90.36,90.43,90.42,90.39,62.44505694
2023-01-21 19:19:00,90.43,90.48,90.43,90.43,38.68169562
2023-01-21 19:18:00,90.38,90.45,90.38,90.43,102.93767838
2023-01-21 19:17:00,90.35,90.41,90.35,90.41,43.95986246
2023-01-21 19:16:00,90.31,90.35,90.31,90.35,63.58733196
2023-01-21 19:15:00,90.28,90.32,90.28,90.32,4.80010899
2023-01-21 19:14:00,90.26,90.32,90.32,90.3,68.84208149
2023-01-21 19:13:00,90.26,90.34,90.26,90.32,74.99027458
2023-01-21 19:12:00,90.2,90.27,90.27,90.27,63.96067348
2023-01-21 19:11:00,90.24,90.31,90.3,90.28,42.17484417
2023-01-21 19:10:00,90.29,90.35,90.34,90.3,32.74446068
2023-01-21 19:09:00,90.33,90.42,90.4,90.36,23.89794996
2023-01-21 19:08:00,90.38,90.57,90.48,90.4,155.5504438
2023-01-21 19:07:00,90.36,90.48,90.43,90.48,171.97603764
2023-01-21 19:06:00,90.42,90.47,90.45,90.44,71.6611115
2023-01-21 19:05:00,90.38,90.5,90.38,90.45,119.21033925
2023-01-21 19:04:00,90.35,90.43,90.43,90.35,19.65314016
2023-01-21 19:03:00,90.39,90.48,90.47,90.43,48.06748701
2023-01-21 19:02:00,90.48,90.56,90.52,90.48,85.04688231
2023-01-21 19:01:00,90.52,90.61,90.54,90.54,66.08658294
2023-01-21 19:00:00,90.36,90.53,90.36,90.52,251.94184528
2023-01-21 18:59:00,90.31,90.37,90.34,90.34,72.63480949
2023-01-21 18:58:00,90.34,90.4,90.4,90.34,230.22880702
2023-01-21 18:57:00,90.39,90.44,90.4,90.41,5.21137277
2023-01-21 18:56:00,90.38,90.47,90.47,90.42,285.55815233
2023-01-21 18:55:00,90.42,90.5,90.44,90.47,84.69809048
2023-01-21 18:54:00,90.4,90.52,90.49,90.45,585.87934172
2023-01-21 18:53:00,90.46,90.53,90.51,90.46,32.77708508
2023-01-21 18:52:00,90.48,90.56,90.52,90.48,169.18832568
2023-01-21 18:51:00,90.5,90.56,90.55,90.52,25.92487796
2023-01-21 18:50:00,90.43,90.55,90.43,90.55,39.77378845
2023-01-21 18:49:00,90.44,90.51,90.51,90.44,16.19543954
2023-01-21 18:48:00,90.5,90.59,90.54,90.5,208.04023699
2023-01-21 18:47:00,90.51,90.56,90.52,90.55,96.80268535
2023-01-21 18:46:00,90.39,90.58,90.39,90.53,538.08170189
2023-01-21 18:45:00,90.33,90.42,90.33,90.41,19.16218237
2023-01-21 18:44:00,90.31,90.43,90.42,90.31,31.39968435
2023-01-21 18:43:00,90.42,90.54,90.54,90.43,87.64009752
2023-01-21 18:42:00,90.47,90.54,90.54,90.49,104.40675428
2023-01-21 18:41:00,90.52,90.57,90.54,90.54,70.7827452
2023-01-21 18:40:00,90.54,90.62,90.62,90.57,71.29634482
2023-01-21 18:39:00,90.51,90.64,90.52,90.6,144.26013805
2023-01-21 18:38:00,90.52,90.61,90.58,90.55,37.10024344
2023-01-21 18:37:00,90.59,90.68,90.66,90.6,114.08766482
2023-01-21 18:36:00,90.63,90.69,90.66,90.67,50.22850227
2023-01-21 18:35:00,90.54,90.68,90.54,90.68,32.33263278
2023-01-21 18:34:00,90.52,90.62,90.62,90.57,67.2240381
2023-01-21 18:33:00,90.58,90.72,90.72,90.63,13.12507557
2023-01-21 18:32:00,90.66,90.74,90.68,90.72,267.70877024
2023-01-21 18:31:00,90.53,90.67,90.53,90.66,304.37390095
2023-01-21 18:30:00,90.37,90.55,90.37,90.53,124.30367521
2023-01-21 18:29:00,90.36,90.41,90.4,90.4,82.8605878
2023-01-21 18:28:00,90.38,90.52,90.52,90.38,130.09110854
2023-01-21 18:27:00,90.49,90.59,90.59,90.49,110.88362489
2023-01-21 18:26:00,90.52,90.61,90.58,90.61,126.20269313
2023-01-21 18:25:00,90.48,90.58,90.49,90.58,104.05788159
2023-01-21 18:24:00,90.43,90.52,90.43,90.47,108.5789784
2023-01-21 18:23:00,90.4,90.53,90.51,90.44,37.47958375
2023-01-21 18:22:00,90.46,90.52,90.5,90.51,27.0389846
2023-01-21 18:21:00,90.46,90.55,90.52,90.52,22.18337084
2023-01-21 18:20:00,90.36,90.57,90.36,90.51,118.76780318
2023-01-21 18:19:00,90.35,90.42,90.38,90.36,185.46379786
2023-01-21 18:18:00,90.35,90.42,90.4,90.38,44.18741439
2023-01-21 18:17:00,90.28,90.43,90.29,90.39,28.11790559
2023-01-21 18:16:00,90.17,90.43,90.42,90.26,120.48738427
2023-01-21 18:15:00,90.34,90.42,90.36,90.39,788.74089722
2023-01-21 18:14:00,90.31,90.43,90.37,90.33,279.79050539
2023-01-21 18:13:00,90.15,90.36,90.16,90.36,193.95733119
2023-01-21 18:12:00,90.1,90.21,90.21,90.18,27.03811944
2023-01-21 18:11:00,90.18,90.29,90.18,90.21,144.82751264
2023-01-21 18:10:00,89.85,90.19,89.89,90.19,471.5441179
2023-01-21 18:09:00,89.89,90.02,89.9,89.93,336.93007461
2023-01-21 18:08:00,89.91,89.99,89.99,89.91,111.11386328
2023-01-21 18:07:00,89.98,90.02,89.99,89.98,17.52378834
2023-01-21 18:06:00,89.99,90.05,90.05,89.99,38.49608353
2023-01-21 18:05:00,89.96,90.05,89.96,90.05,35.39265132
2023-01-21 18:04:00,89.93,89.97,89.94,89.97,43.69890848
2023-01-21 18:03:00,89.9,89.98,89.97,89.92,106.4009425
2023-01-21 18:02:00,89.98,90.12,90.08,90.01,113.56389992
2023-01-21 18:01:00,90.08,90.15,90.11,90.08,229.65339503
2023-01-21 18:00:00,90.05,90.14,90.05,90.1,27.68064841
2023-01-21 17:59:00,89.98,90.07,90.01,90.07,92.02396569
2023-01-21 17:58:00,89.96,90.07,89.98,89.96,434.95481747
2023-01-21 17:57:00,89.92,90.0,89.98,90.0,54.67940677
2023-01-21 17:56:00,89.92,89.99,89.95,89.99,70.33177707
2023-01-21 17:55:00,89.76,89.97,89.78,89.93,73.11020616
2023-01-21 17:54:00,89.57,89.83,89.57,89.76,254.45235712
2023-01-21 17:53:00,89.36,89.89,89.88,89.45,2605.62124824
2023-01-21 17:52:00,89.9,90.36,90.25,89.9,935.48354121
2023-01-21 17:51:00,90.11,90.24,90.11,90.24,114.62924294
2023-01-21 17:50:00,90.11,90.22,90.22,90.14,228.12616776
2023-01-21 17:49:00,90.14,90.23,90.22,90.22,245.35049092
2023-01-21 17:48:00,90.25,90.3,90.3,90.26,35.11034622
2023-01-21 17:47:00,90.29,90.35,90.33,90.31,268.82344009
2023-01-21 17:46:00,90.24,90.38,90.24,90.33,168.20098711
2023-01-21 17:45:00,90.24,90.31,90.31,90.24,31.1309284
2023-01-21 17:44:00,90.25,90.31,90.3,90.3,41.98256146
2023-01-21 17:43:00,90.21,90.3,90.22,90.3,46.47756678
2023-01-21 17:42:00,90.17,90.32,90.3,90.24,58.76712777
2023-01-21 17:41:00,90.28,90.34,90.33,90.31,143.82517715
2023-01-21 17:40:00,90.24,90.34,90.24,90.3,72.56168392
2023-01-21 17:39:00,90.19,90.31,90.26,90.27,215.57476584
2023-01-21 17:38:00,90.18,90.25,90.22,90.25,33.8822098
2023-01-21 17:37:00,90.19,90.26,90.21,90.21,199.47771622
2023-01-21 17:36:00,90.14,90.21,90.19,90.21,50.37267032
2023-01-21 17:35:00,90.1,90.22,90.1,90.2,88.63783458
2023-01-21 17:34:00,90.09,90.13,90.1,90.12,38.24592544
2023-01-21 17:33:00,90.09,90.2,90.14,90.09,91.40552578
2023-01-21 17:32:00,90.09,90.21,90.21,90.13,109.48811195
2023-01-21 17:31:00,90.16,90.29,90.21,90.21,88.77783883
2023-01-21 17:30:00,90.2,90.3,90.2,90.24,195.57628833
2023-01-21 17:29:00,90.19,90.35,90.31,90.2,51.72019664
2023-01-21 17:28:00,90.29,90.38,90.36,90.36,67.98512936
2023-01-21 17:27:00,90.27,90.47,90.46,90.37,119.33641106
2023-01-21 17:26:00,90.36,90.49,90.39,90.47,421.03644424
2023-01-21 17:25:00,90.32,90.4,90.34,90.38,58.81236069
2023-01-21 17:24:00,90.25,90.38,90.36,90.36,65.27934548
2023-01-21 17:23:00,90.32,90.44,90.41,90.36,207.04500324
2023-01-21 17:22:00,90.39,90.45,90.45,90.41,128.66677244
2023-01-21 17:21:00,90.42,90.53,90.53,90.44,43.22348638
2023-01-21 17:20:00,90.47,90.55,90.48,90.55,97.85420763
2023-01-21 17:19:00,90.41,90.52,90.51,90.51,490.64633282
2023-01-21 17:18:00,90.49,90.57,90.5,90.53,54.53503273
2023-01-21 17:17:00,90.35,90.54,90.5,90.49,447.44544192
2023-01-21 17:16:00,90.5,90.59,90.58,90.53,102.28180528
2023-01-21 17:15:00,90.71,90.84,90.78,90.71,245.85734153
2023-01-21 17:14:00,90.7,90.8,90.73,90.8,66.43904711
2023-01-21 17:13:00,90.64,90.77,90.72,90.77,127.31583167
2023-01-21 17:12:00,90.68,90.77,90.74,90.69,1114.03350754
2023-01-21 17:11:00,90.64,90.79,90.66,90.77,96.33898066
2023-01-21 17:10:00,90.47,90.68,90.49,90.68,178.92885469
2023-01-21 17:09:00,90.45,90.55,90.55,90.5,35.24166158
2023-01-21 17:08:00,90.46,90.61,90.61,90.55,420.56713667
2023-01-21 17:07:00,90.56,90.68,90.65,90.61,499.86510513
2023-01-21 17:06:00,90.62,90.81,90.63,90.65,114.75930703
2023-01-21 17:05:00,90.5,90.63,90.59,90.63,2054.99030353
2023-01-21 17:04:00,90.56,90.65,90.59,90.59,46.11168607
2023-01-21 17:03:00,90.44,90.64,90.46,90.64,127.2672647
2023-01-21 17:02:00,90.27,90.46,90.27,90.46,25.86844922
2023-01-21 17:01:00,90.23,90.36,90.35,90.32,224.95450793
2023-01-21 17:00:00,90.27,90.4,90.31,90.37,108.03067633
2023-01-21 16:59:00,90.28,90.38,90.38,90.32,36.00081657
2023-01-21 16:58:00,90.33,90.4,90.38,90.36,92.39727976
2023-01-21 16:57:00,90.15,90.4,90.27,90.4,72.51656891
2023-01-21 16:56:00,90.26,90.44,90.43,90.27,190.05106895
2023-01-21 16:55:00,90.34,90.46,90.34,90.41,140.50860745
2023-01-21 16:54:00,90.36,90.53,90.53,90.36,85.24360919
2023-01-21 16:53:00,90.53,90.6,90.59,90.53,19.77532357
2023-01-21 16:52:00,90.61,90.77,90.72,90.63,90.67364431
2023-01-21 16:51:00,90.66,90.78,90.68,90.69,16.09224625
2023-01-21 16:50:00,90.67,90.86,90.72,90.72,24.66499742
2023-01-21 16:49:00,90.67,90.79,90.79,90.71,50.60430331
2023-01-21 16:48:00,90.86,91.04,90.9,90.86,154.38956671
2023-01-21 16:47:00,90.51,90.95,90.51,90.95,566.77375443
2023-01-21 16:46:00,90.35,90.52,90.42,90.52,160.61145453
2023-01-21 16:45:00,90.36,90.88,90.88,90.42,272.10718017
2023-01-21 16:44:00,90.7,90.89,90.71,90.89,274.70370313
2023-01-21 16:43:00,90.5,90.77,90.53,90.75,234.77217406
2023-01-21 16:42:00,90.35,90.6,90.52,90.57,402.60803968
2023-01-21 16:41:00,90.49,90.73,90.63,90.52,249.87882153
2023-01-21 16:40:00,90.29,90.66,90.3,90.63,163.7079162
2023-01-21 16:39:00,90.24,90.44,90.31,90.31,211.38555314
2023-01-21 16:38:00,90.13,90.4,90.21,90.28,196.57103309
2023-01-21 16:37:00,89.99,90.25,89.99,90.21,247.1313711
2023-01-21 16:36:00,89.9,90.09,89.9,90.0,160.15629404
2023-01-21 16:35:00,89.79,89.91,89.82,89.87,26.07886383
2023-01-21 16:34:00,89.74,89.83,89.76,89.8,10.85969872
2023-01-21 16:33:00,89.75,89.91,89.9,89.77,30.841087
2023-01-21 16:32:00,89.78,90.18,89.97,89.92,958.60285097
2023-01-21 16:31:00,89.8,89.98,89.89,89.98,80.1634918
2023-01-21 16:30:00,89.69,89.92,89.71,89.83,71.89085421
2023-01-21 16:29:00,89.47,89.69,89.47,89.69,94.07864521
2023-01-21 16:28:00,89.37,89.47,89.42,89.47,57.63789224
2023-01-21 16:27:00,89.26,89.41,89.26,89.38,57.87666668
2023-01-21 16:26:00,89.1,89.31,89.29,89.23,47.96404964
2023-01-21 16:25:00,89.16,89.37,89.35,89.25,729.94951164
2023-01-21 16:24:00,89.29,89.47,89.47,89.36,357.1607285
2023-01-21 16:23:00,89.45,89.59,89.59,89.47,19.67128417
2023-01-21 16:22:00,89.57,89.62,89.6,89.57,87.97257559
2023-01-21 16:21:00,89.58,89.64,89.62,89.61,29.06131614
2023-01-21 16:20:00,89.55,89.62,89.58,89.58,186.42755416
2023-01-21 16:19:00,89.51,89.58,89.54,89.58,58.65672025
2023-01-21 16:18:00,89.52,89.63,89.63,89.56,32.67998701
2023-01-21 16:17:00,89.53,89.65,89.57,89.61,118.89648715
2023-01-21 16:16:00,89.49,89.57,89.49,89.57,113.12020472
2023-01-21 16:15:00,89.49,89.62,89.57,89.49,51.4135029
2023-01-21 16:14:00,89.43,89.64,89.55,89.57,337.53303219
2023-01-21 16:13:00,89.56,89.65,89.65,89.58,157.68546801
2023-01-22 02:13:00,87.7,87.75,87.74,87.75,92.76974137
2023-01-22 02:12:00,87.72,87.76,87.74,87.75,13.23236263
2023-01-22 02:11:00,87.7,87.81,87.81,87.76,100.89302205
2023-01-22 02:10:00,87.68,87.82,87.73,87.81,110.17648569
2023-01-22 02:09:00,87.7,87.75,87.7,87.74,36.48924914
2023-01-22 02:08:00,87.69,87.92,87.92,87.69,163.63490859
2023-01-22 02:07:00,87.92,87.99,87.95,87.92,64.17972849
2023-01-22 02:06:00,87.94,88.01,87.96,87.94,20.97032859
2023-01-22 02:05:00,87.95,87.99,87.96,87.95,29.44329215
2023-01-22 02:04:00,87.93,87.98,87.93,87.97,22.27526799
2023-01-22 02:03:00,87.93,87.98,87.97,87.98,48.9128019
2023-01-22 02:02:00,87.92,88.02,87.96,87.97,294.83773438
2023-01-22 02:01:00,87.88,87.98,87.95,87.92,79.03307106
2023-01-22 02:00:00,87.83,87.94,87.84,87.94,137.42435283
2023-01-22 01:59:00,87.86,87.97,87.86,87.86,374.93801715
2023-01-22 01:58:00,87.78,87.88,87.83,87.87,170.23124021
2023-01-22 01:57:00,87.73,87.83,87.73,87.83,18.79983569
2023-01-22 01:56:00,87.67,87.73,87.67,87.73,16.35498817
2023-01-22 01:55:00,87.59,87.68,87.64,87.67,60.22966039
2023-01-22 01:54:00,87.6,87.69,87.69,87.63,31.39338472
2023-01-22 01:53:00,87.63,87.73,87.63,87.65,96.98698625
2023-01-22 01:52:00,87.64,87.72,87.72,87.7,57.33247618
2023-01-22 01:51:00,87.66,87.74,87.7,87.7,44.24505984
2023-01-22 01:50:00,87.58,87.7,87.58,87.65,44.43221445
2023-01-22 01:49:00,87.54,87.65,87.54,87.63,70.85971167
2023-01-22 01:48:00,87.45,87.6,87.45,87.58,56.88616731
2023-01-22 01:47:00,87.36,87.47,87.45,87.47,73.09368649
2023-01-22 01:46:00,87.34,87.51,87.48,87.49,211.5395876
2023-01-22 01:45:00,87.35,87.61,87.61,87.45,85.80938893
2023-01-22 01:44:00,87.41,87.93,87.93,87.55,762.07342432
2023-01-22 01:43:00,87.92,88.02,88.02,87.93,100.33210682
2023-01-22 01:42:00,87.94,88.06,88.03,88.01,57.96504152
2023-01-22 01:41:00,88.0,88.07,88.02,88.01,61.51656892
2023-01-22 01:40:00,88.01,88.13,88.13,88.06,100.83564374
2023-01-22 01:39:00,88.14,88.17,88.17,88.16,22.29859892
2023-01-22 01:38:00,88.16,88.25,88.23,88.16,51.45536178
2023-01-22 01:37:00,88.18,88.24,88.18,88.24,35.24308037
2023-01-22 01:36:00,88.16,88.22,88.22,88.16,120.65124928
2023-01-22 01:35:00,88.11,88.2,88.17,88.2,226.03194698
2023-01-22 01:34:00,88.1,88.17,88.1,88.17,8.37973335
2023-01-22 01:33:00,88.06,88.16,88.06,88.14,52.45959074
2023-01-22 01:32:00,88.03,88.12,88.04,88.05,84.48243205
2023-01-22 01:31:00,87.98,88.05,87.98,88.05,24.56505187
2023-01-22 01:30:00,88.0,88.09,88.09,88.01,395.44192071
2023-01-22 01:29:00,88.05,88.09,88.08,88.07,209.07304652
2023-01-22 01:28:00,88.07,88.14,88.11,88.09,428.82282053
2023-01-22 01:27:00,88.11,88.19,88.19,88.11,59.02824099
2023-01-22 01:26:00,88.15,88.33,88.31,88.18,119.07452345
2023-01-22 01:25:00,88.29,88.35,88.34,88.31,65.75136598
2023-01-22 01:24:00,88.32,88.36,88.36,88.34,9.45655162
2023-01-22 01:23:00,88.34,88.4,88.38,88.34,84.09300592
2023-01-22 01:22:00,88.38,88.41,88.41,88.38,6.40392047
2023-01-22 01:21:00,88.36,88.42,88.36,88.42,36.49483125
2023-01-22 01:20:00,88.4,88.45,88.4,88.41,8.92556134
2023-01-22 01:19:00,88.39,88.48,88.44,88.41,133.40986842
2023-01-22 01:18:00,88.39,88.48,88.46,88.43,207.08526705
2023-01-22 01:17:00,88.39,88.47,88.43,88.44,14.31902673
2023-01-22 01:16:00,88.34,88.42,88.35,88.42,50.69701398
2023-01-22 01:15:00,88.33,88.42,88.4,88.34,60.63476387
2023-01-22 01:14:00,88.34,88.45,88.37,88.4,554.82764816
2023-01-22 01:13:00,88.15,88.37,88.17,88.37,111.84282648
2023-01-22 01:12:00,88.17,88.23,88.18,88.2,99.99685076
2023-01-22 01:11:00,88.09,88.23,88.23,88.17,56.77046244
2023-01-22 01:10:00,88.21,88.32,88.29,88.23,68.41351695
2023-01-22 01:09:00,88.27,88.34,88.34,88.27,32.68804553
2023-01-22 01:08:00,88.28,88.39,88.28,88.37,44.90706335
2023-01-22 01:07:00,88.28,88.33,88.29,88.31,28.75083147
2023-01-22 01:06:00,88.23,88.29,88.23,88.29,26.88639366
2023-01-22 01:05:00,88.22,88.27,88.27,88.25,16.40695371
2023-01-22 01:04:00,88.22,88.28,88.28,88.27,32.148432
2023-01-22 01:03:00,88.22,88.3,88.22,88.28,146.77546962
2023-01-22 01:02:00,88.14,88.22,88.14,88.19,35.07289106
2023-01-22 01:01:00,88.09,88.16,88.16,88.09,54.25525387
2023-01-22 01:00:00,88.12,88.24,88.24,88.14,42.20608152
2023-01-22 00:59:00,88.2,88.28,88.23,88.28,17.78791353
2023-01-22 00:58:00,88.19,88.26,88.26,88.19,72.36289764
2023-01-22 00:57:00,88.23,88.27,88.26,88.25,31.75287791
2023-01-22 00:56:00,88.24,88.32,88.31,88.25,112.63627976
2023-01-22 00:55:00,88.28,88.32,88.3,88.28,36.10479524
2023-01-22 00:54:00,88.25,88.3,88.26,88.3,20.8577711
2023-01-22 00:53:00,88.21,88.29,88.26,88.28,59.64132095
2023-01-22 00:52:00,88.2,88.28,88.27,88.28,183.10103005
2023-01-22 00:51:00,88.25,88.27,88.25,88.25,14.81563069
2023-01-22 00:50:00,88.2,88.26,88.22,88.26,78.94304349
2023-01-22 00:49:00,88.19,88.25,88.24,88.21,69.43459825
2023-01-22 00:48:00,88.16,88.23,88.2,88.22,12.18595006
2023-01-22 00:47:00,88.15,88.24,88.18,88.24,34.71806123
2023-01-22 00:46:00,88.14,88.19,88.19,88.18,38.25551239
2023-01-22 00:45:00,88.18,88.27,88.25,88.19,47.85881757
2023-01-22 00:44:00,88.15,88.27,88.27,88.25,424.15672532
2023-01-22 00:43:00,88.26,88.37,88.37,88.26,90.25782711
2023-01-22 00:42:00,88.34,88.4,88.35,88.37,77.84614851
2023-01-22 00:41:00,88.27,88.38,88.34,88.38,51.24736335
2023-01-22 00:40:00,88.32,88.41,88.36,88.34,53.796179
2023-01-22 00:39:00,88.22,88.39,88.24,88.39,140.00305089
2023-01-22 00:38:00,88.16,88.25,88.17,88.24,196.7171736
2023-01-22 00:37:00,88.15,88.25,88.24,88.15,178.38858303
2023-01-22 00:36:00,88.2,88.28,88.28,88.23,243.7038502
2023-01-22 00:35:00,88.19,88.31,88.31,88.27,155.83119583
2023-01-22 00:34:00,88.21,88.33,88.21,88.33,134.44615325
2023-01-22 00:33:00,88.14,88.25,88.22,88.25,243.57718195
2023-01-22 00:32:00,88.2,88.28,88.28,88.23,148.94156977
2023-01-22 00:31:00,88.26,88.35,88.35,88.26,74.707845
2023-01-22 00:30:00,88.35,88.48,88.37,88.36,64.24852198
2023-01-22 00:29:00,88.39,88.54,88.45,88.41,97.35886266
2023-01-22 00:28:00,88.45,88.53,88.46,88.5,70.56846499
2023-01-22 00:27:00,88.44,88.48,88.45,88.48,10.45826923
2023-01-22 00:26:00,88.39,88.48,88.41,88.39,39.45033897
2023-01-22 00:25:00,88.33,88.41,88.36,88.4,57.32184875
2023-01-22 00:24:00,88.37,88.4,88.39,88.4,43.01511758
2023-01-22 00:23:00,88.33,88.4,88.34,88.4,53.41213756
2023-01-22 00:22:00,88.35,88.48,88.43,88.36,152.16548926
2023-01-22 00:21:00,88.26,88.44,88.32,88.44,423.23938058
2023-01-22 00:20:00,88.26,88.32,88.32,88.31,26.70170661
2023-01-22 00:19:00,88.25,88.33,88.25,88.33,190.92536222
2023-01-22 00:18:00,88.14,88.29,88.14,88.24,167.73905867
2023-01-22 00:17:00,88.12,88.4,88.38,88.14,119.1773688
2023-01-22 00:16:00,88.4,88.45,88.41,88.44,14.48048979
2023-01-22 00:15:00,88.28,88.42,88.31,88.35,35.74531576
2023-01-22 00:14:00,88.29,88.53,88.47,88.29,322.31341331
2023-01-22 00:13:00,88.37,88.48,88.41,88.48,110.60229956
2023-01-22 00:12:00,88.33,88.45,88.38,88.42,100.0159021
2023-01-22 00:11:00,88.3,88.42,88.37,88.36,76.30485746
2023-01-22 00:10:00,88.27,88.36,88.27,88.36,14.29607375
2023-01-22 00:09:00,88.25,88.31,88.3,88.26,29.63818045
2023-01-22 00:08:00,88.21,88.28,88.27,88.28,71.16425495
2023-01-22 00:07:00,88.17,88.27,88.2,88.23,95.5124514
2023-01-22 00:06:00,88.12,88.23,88.18,88.2,134.41786019
2023-01-22 00:05:00,88.08,88.21,88.1,88.19,37.04505001
2023-01-22 00:04:00,87.99,88.1,88.01,88.1,200.96080786
2023-01-22 00:03:00,87.82,87.97,87.83,87.96,164.84282179
2023-01-22 00:02:00,87.68,87.83,87.83,87.78,207.96098248
2023-01-22 00:01:00,87.86,88.02,88.02,87.87,251.35269204
2023-01-22 00:00:00,87.81,88.01,87.93,87.98,208.19975915
2023-01-21 23:59:00,87.92,87.99,87.99,87.93,41.65452352
2023-01-21 23:58:00,87.91,88.03,88.0,87.97,252.30701449
2023-01-21 23:57:00,87.87,87.99,87.9,87.96,20.99649254
2023-01-21 23:56:00,87.93,88.08,88.04,87.93,62.4259265
2023-01-21 23:55:00,88.01,88.08,88.01,88.07,334.56661992
2023-01-21 23:54:00,87.84,88.0,87.98,88.0,105.59727119
2023-01-21 23:53:00,87.64,88.14,88.14,87.95,1514.87381003
2023-01-21 23:52:00,88.09,88.31,88.29,88.1,474.56524506
2023-01-21 23:51:00,88.14,88.28,88.18,88.28,74.81550468
2023-01-21 23:50:00,88.05,88.18,88.13,88.18,289.81437718
2023-01-21 23:49:00,88.09,88.31,88.26,88.12,209.66753774
2023-01-21 23:48:00,88.12,88.25,88.15,88.25,3.76712427
2023-01-21 23:47:00,88.13,88.21,88.18,88.16,41.17303307
2023-01-21 23:46:00,88.21,88.46,88.44,88.21,309.98103192
2023-01-21 23:45:00,88.08,88.45,88.1,88.45,521.62576092
2023-01-21 23:44:00,88.11,88.43,88.43,88.11,294.44714775
2023-01-21 23:43:00,88.35,88.46,88.46,88.44,342.38064061
2023-01-21 23:42:00,88.4,88.57,88.57,88.45,232.36382429
2023-01-21 23:41:00,88.58,88.75,88.75,88.63,103.73070951
2023-01-21 23:40:00,88.75,88.83,88.75,88.79,35.92891922
2023-01-21 23:39:00,88.75,88.85,88.85,88.77,29.76281563
2023-01-21 23:38:00,88.8,88.86,88.82,88.86,8.73002025
2023-01-21 23:37:00,88.76,88.84,88.8,88.76,20.12379937
2023-01-21 23:36:00,88.76,88.87,88.84,88.79,154.62128311
2023-01-21 23:35:00,88.71,88.84,88.73,88.84,21.40312824
2023-01-21 23:34:00,88.65,88.87,88.87,88.74,144.63357835
2023-01-21 23:33:00,88.81,88.98,88.91,88.86,161.25280695
2023-01-21 23:32:00,88.93,89.06,88.96,88.93,170.35528298
2023-01-21 23:31:00,88.79,88.95,88.8,88.95,31.83070891
2023-01-21 23:30:00,88.71,88.81,88.77,88.77,155.84299858
2023-01-21 23:29:00,88.66,88.8,88.7,88.79,231.12832168
2023-01-21 23:28:00,88.47,88.75,88.73,88.66,256.36424895
2023-01-21 23:27:00,88.67,88.99,88.99,88.68,90.17063514
2023-01-21 23:26:00,88.94,89.01,89.0,88.94,76.21176455
2023-01-21 23:25:00,88.83,89.0,88.83,88.91,65.01736687
2023-01-21 23:24:00,88.69,88.87,88.69,88.86,137.60053265
2023-01-21 23:23:00,88.51,88.84,88.79,88.61,2750.07263255
2023-01-21 23:22:00,88.72,89.01,89.01,88.81,1146.17370216
2023-01-21 23:21:00,88.95,89.24,89.15,89.0,547.81856329
2023-01-21 23:20:00,89.02,89.33,89.33,89.1,462.97700174
2023-01-21 23:19:00,89.35,89.44,89.42,89.35,156.86783326
2023-01-21 23:18:00,89.28,89.46,89.46,89.4,162.13315301
2023-01-21 23:17:00,89.39,89.52,89.48,89.46,62.92460749
2023-01-21 23:16:00,89.47,89.54,89.48,89.54,45.15619427
2023-01-21 23:15:00,89.5,89.6,89.57,89.52,176.5492677
2023-01-21 23:14:00,89.52,89.58,89.57,89.58,119.79264888
2023-01-21 23:13:00,89.42,89.58,89.45,89.58,737.31699778
2023-01-21 23:12:00,89.41,89.5,89.45,89.44,33.22161328
2023-01-21 23:11:00,89.45,89.54,89.51,89.45,50.67047748
2023-01-21 23:10:00,89.46,89.54,89.51,89.51,13.26449001
2023-01-21 23:09:00,89.51,89.58,89.56,89.54,36.1612528
2023-01-21 23:08:00,89.43,89.57,89.47,89.52,38.76859773
2023-01-21 23:07:00,89.36,89.44,89.44,89.43,142.95714885
2023-01-21 23:06:00,89.43,89.58,89.58,89.43,40.0122039
2023-01-21 23:05:00,89.47,89.58,89.51,89.53,49.63924418
2023-01-21 23:04:00,89.46,89.56,89.46,89.54,187.90992357
2023-01-21 23:03:00,89.35,89.49,89.49,89.37,81.65797694
2023-01-21 23:02:00,89.42,89.62,89.49,89.49,41.43632803
2023-01-21 23:01:00,89.29,89.49,89.29,89.49,38.03264381
2023-01-21 23:00:00,89.2,89.37,89.23,89.25,105.51505652
2023-01-21 22:59:00,89.27,89.69,89.69,89.27,797.76267271
2023-01-21 22:58:00,89.69,89.72,89.72,89.69,8.92247497
2023-01-21 22:57:00,89.69,89.76,89.75,89.73,7.08573467
2023-01-21 22:56:00,89.74,89.81,89.81,89.75,25.73943279
2023-01-21 22:55:00,89.77,89.81,89.81,89.81,11.09850278
2023-01-21 22:54:00,89.78,89.83,89.83,89.81,23.41699985
2023-01-21 22:53:00,89.8,89.84,89.83,89.83,26.65194962
2023-01-21 22:52:00,89.79,89.84,89.8,89.81,13.29098395
2023-01-21 22:51:00,89.8,89.84,89.83,89.83,10.7990661
2023-01-21 22:50:00,89.81,89.88,89.88,89.84,104.70160662
2023-01-21 22:49:00,89.86,89.89,89.88,89.88,41.16857089
2023-01-21 22:48:00,89.83,89.88,89.85,89.88,10.59194352
2023-01-21 22:47:00,89.82,89.85,89.85,89.85,6.29745621
2023-01-21 22:46:00,89.8,89.85,89.81,89.85,15.12711032
2023-01-21 22:45:00,89.75,89.82,89.75,89.81,39.21894885
2023-01-21 22:44:00,89.7,89.81,89.81,89.78,261.66610182
2023-01-21 22:43:00,89.78,89.84,89.78,89.81,9.09627185
2023-01-21 22:42:00,89.75,89.83,89.83,89.81,61.97299142
2023-01-21 22:41:00,89.82,89.95,89.92,89.82,178.65885842
2023-01-21 22:40:00,89.87,89.92,89.89,89.92,14.23665593
2023-01-21 22:39:00,89.89,89.97,89.97,89.91,12.08088394
2023-01-21 22:38:00,89.9,90.08,90.07,89.93,578.16085005
2023-01-21 22:37:00,90.01,90.13,90.02,90.04,136.71623611
2023-01-21 22:36:00,89.81,90.02,89.92,90.02,548.234667
2023-01-21 22:35:00,89.69,89.93,89.73,89.92,68.55624361
2023-01-21 22:34:00,89.71,89.97,89.92,89.71,198.32816343
2023-01-21 22:33:00,89.71,89.91,89.71,89.91,51.33944218
2023-01-21 22:32:00,89.65,89.71,89.65,89.71,16.69902613
2023-01-21 22:31:00,89.59,89.68,89.59,89.68,13.58585311
2023-01-21 22:30:00,89.47,89.6,89.53,89.6,44.44092895
2023-01-21 22:29:00,89.56,89.69,89.61,89.56,1150.08817633
2023-01-21 22:28:00,89.56,89.61,89.56,89.6,197.04331863
2023-01-21 22:27:00,89.54,89.61,89.6,89.56,216.34940718
2023-01-21 22:26:00,89.57,89.69,89.68,89.6,127.66267034
2023-01-21 22:25:00,89.64,89.71,89.71,89.68,97.97552445
2023-01-21 22:24:00,89.69,89.8,89.8,89.69,118.61533278
2023-01-21 22:23:00,89.8,89.83,89.82,89.8,4.91890038
2023-01-21 22:22:00,89.77,89.82,89.8,89.82,60.95626208
2023-01-21 22:21:00,89.79,89.86,89.84,89.83,77.37386318
2023-01-21 22:20:00,89.81,89.89,89.87,89.81,110.98057311
2023-01-21 22:19:00,89.82,89.89,89.83,89.87,50.23719741
2023-01-21 22:18:00,89.8,89.93,89.93,89.85,107.20770837
2023-01-21 22:17:00,89.91,90.01,89.99,89.91,68.8507216
2023-01-21 22:16:00,89.97,90.02,89.97,90.01,20.97446775
2023-01-21 22:15:00,89.97,90.03,90.01,90.0,60.81007842
2023-01-21 22:14:00,89.94,90.02,89.99,89.97,18.4970563
2023-01-21 22:13:00,89.95,90.02,90.02,89.99,65.07041723
2023-01-21 22:12:00,89.98,90.06,89.98,90.03,54.1305541
2023-01-21 22:11:00,89.92,90.0,89.97,89.98,134.52286918
2023-01-21 22:10:00,89.95,90.01,90.01,90.01,174.56896658
2023-01-21 22:09:00,89.99,90.16,90.1,89.99,231.15757916
2023-01-21 22:08:00,89.98,90.16,90.05,90.11,686.3631169
2023-01-21 22:07:00,90.01,90.08,90.04,90.06,70.94502576
2023-01-21 22:06:00,90.0,90.1,90.0,90.03,155.15263601
2023-01-21 22:05:00,89.97,90.02,90.0,90.0,35.57291094
2023-01-21 22:04:00,90.0,90.06,90.05,90.0,11.8069923
2023-01-21 22:03:00,90.04,90.14,90.14,90.04,99.17672313
2023-01-21 22:02:00,90.14,90.2,90.2,90.17,54.3892509
2023-01-21 22:01:00,90.17,90.22,90.17,90.2,75.72380016
2023-01-21 22:00:00,90.14,90.2,90.17,90.17,62.83991397
2023-01-21 21:59:00,90.16,90.26,90.17,90.16,597.72073697
2023-01-21 21:58:00,90.14,90.19,90.18,90.19,136.01893788
2023-01-21 21:57:00,90.16,90.24,90.21,90.18,19.54174958
2023-01-21 21:56:00,90.2,90.24,90.23,90.23,45.91723309
2023-01-21 21:55:00,90.22,90.25,90.23,90.22,6.89589103
2023-01-21 21:54:00,90.19,90.24,90.21,90.24,22.0934678
2023-01-21 21:53:00,90.19,90.24,90.21,90.21,31.95354777
2023-01-21 21:52:00,90.13,90.23,90.15,90.23,33.49142933
2023-01-21 21:51:00,90.13,90.17,90.17,90.15,15.03127326
2023-01-21 21:50:00,90.14,90.21,90.21,90.17,83.57696351
2023-01-21 21:49:00,90.21,90.26,90.25,90.23,26.68989566
2023-01-21 21:48:00,90.21,90.3,90.29,90.25,42.32572554
2023-01-21 21:47:00,90.22,90.32,90.3,90.32,115.17206993
2023-01-21 21:46:00,90.27,90.3,90.29,90.27,55.87742239
2023-01-21 21:45:00,90.24,90.29,90.25,90.29,62.99209413
2023-01-21 21:44:00,90.24,90.28,90.24,90.24,95.57651467
2023-01-21 21:43:00,90.22,90.29,90.24,90.23,639.54274348
2023-01-21 21:42:00,90.21,90.24,90.21,90.23,1002.15959493
2023-01-21 21:41:00,90.2,90.24,90.22,90.22,325.9528909
2023-01-21 21:40:00,90.18,90.23,90.21,90.21,20.55135949
2023-01-21 21:39:00,90.22,90.26,90.25,90.24,19.96754244
2023-01-21 21:38:00,90.23,90.3,90.3,90.23,39.79054927
2023-01-21 21:37:00,90.25,90.28,90.25,90.28,42.39395276
2023-01-21 21:36:00,90.25,90.31,90.28,90.29,53.87053105
2023-01-21 21:35:00,90.23,90.29,90.24,90.25,35.42869188
2023-01-21 21:34:00,90.22,90.3,90.24,90.22,296.59195718
2023-01-21 21:33:00,90.21,90.26,90.21,90.25,78.7064765
2023-01-21 21:32:00,90.23,90.29,90.27,90.24,9.71397079
2023-01-21 21:31:00,90.26,90.34,90.27,90.27,80.44986169
2023-01-21 21:30:00,90.19,90.3,90.2,90.26,315.4105558
2023-01-21 21:29:00,90.17,90.23,90.19,90.17,42.71329618
2023-01-21 21:28:00,90.1,90.21,90.12,90.21,30.65508232
2023-01-21 21:27:00,90.09,90.16,90.14,90.12,50.61294773
2023-01-21 21:26:00,90.02,90.15,90.03,90.14,52.73379466
2023-01-21 21:25:00,90.01,90.04,90.04,90.02,24.38364481
2023-01-21 21:24:00,90.01,90.05,90.04,90.01,126.52607325
2023-01-21 21:23:00,90.02,90.1,90.09,90.04,35.90393854
2023-01-21 21:22:00,90.06,90.12,90.1,90.09,53.09079524
2023-01-21 21:21:00,90.08,90.2,90.2,90.08,117.0858637
2023-01-21 21:20:00,90.18,90.25,90.18,90.2,87.03250861
2023-01-21 21:19:00,90.16,90.23,90.2,90.17,101.94258826
2023-01-21 21:18:00,90.2,90.31,90.3,90.2,258.68619869
2023-01-21 21:17:00,90.27,90.37,90.31,90.31,371.57988406
2023-01-21 21:16:00,90.28,90.43,90.43,90.33,3918.71146864
2023-01-21 21:15:00,90.39,90.43,90.39,90.43,360.31258952
2023-01-21 21:14:00,90.38,90.41,90.39,90.4,64.91455943
2023-01-21 21:13:00,90.41,90.46,90.45,90.41,286.58884244
2023-01-22 07:13:00,89.02,89.05,89.02,89.05,3.84405129
2023-01-22 07:12:00,88.97,89.02,89.0,89.02,22.25976127
2023-01-22 07:11:00,88.98,89.01,88.98,89.0,15.93153695
2023-01-22 07:10:00,88.96,88.99,88.96,88.99,6.16236433
2023-01-22 07:09:00,88.94,88.99,88.94,88.99,6.56997222
2023-01-22 07:08:00,88.87,88.96,88.87,88.94,13.35399274
2023-01-22 07:07:00,88.84,88.89,88.87,88.88,86.4701641
2023-01-22 07:06:00,88.83,88.89,88.86,88.88,24.58212334
2023-01-22 07:05:00,88.84,88.87,88.87,88.87,8.01036737
2023-01-22 07:04:00,88.86,88.88,88.88,88.86,104.83776092
2023-01-22 07:03:00,88.87,88.94,88.94,88.88,12.83509992
2023-01-22 07:02:00,88.88,88.95,88.91,88.95,12.24290823
2023-01-22 07:01:00,88.91,89.0,88.97,88.92,30.6456646
2023-01-22 07:00:00,88.98,89.01,89.0,88.99,8.90977632
2023-01-22 06:59:00,88.97,89.02,89.01,88.97,7.40389644
2023-01-22 06:58:00,88.97,89.03,89.0,89.01,19.82891139
2023-01-22 06:57:00,88.95,89.0,88.99,89.0,23.59444718
2023-01-22 06:56:00,88.96,89.04,88.96,89.0,127.12792829
2023-01-22 06:55:00,88.92,89.01,89.01,88.93,10.32716849
2023-01-22 06:54:00,88.97,89.06,89.06,89.01,21.38663406
2023-01-22 06:53:00,88.96,89.06,88.96,89.06,55.21567601
2023-01-22 06:52:00,88.99,89.06,89.05,88.99,175.88033399
2023-01-22 06:51:00,89.08,89.13,89.12,89.08,5.45222965
2023-01-22 06:50:00,89.11,89.15,89.14,89.11,22.5980665
2023-01-22 06:49:00,89.12,89.13,89.12,89.13,14.16598563
2023-01-22 06:48:00,89.05,89.13,89.08,89.13,41.00639433
2023-01-22 06:47:00,89.0,89.1,89.0,89.06,117.01833827
2023-01-22 06:46:00,88.96,89.01,88.97,89.0,1.89982409
2023-01-22 06:45:00,88.99,89.06,89.03,89.0,21.51080285
2023-01-22 06:44:00,89.04,89.1,89.1,89.06,250.78945605
2023-01-22 06:43:00,89.11,89.15,89.12,89.12,11.10887223
2023-01-22 06:42:00,89.09,89.14,89.11,89.14,7.56935962
2023-01-22 06:41:00,89.11,89.16,89.15,89.11,17.62194179
2023-01-22 06:40:00,89.15,89.2,89.18,89.15,127.62032698
2023-01-22 06:39:00,89.17,89.22,89.18,89.18,35.79587728
2023-01-22 06:38:00,89.17,89.22,89.21,89.2,14.14943469
2023-01-22 06:37:00,89.15,89.24,89.15,89.21,32.31579735
2023-01-22 06:36:00,89.16,89.28,89.27,89.16,26.15059028
2023-01-22 06:35:00,89.24,89.32,89.32,89.24,36.06336018
2023-01-22 06:34:00,89.33,89.38,89.38,89.36,70.84082658
2023-01-22 06:33:00,89.33,89.43,89.35,89.35,69.68063085
2023-01-22 06:32:00,89.22,89.3,89.22,89.3,29.83798678
2023-01-22 06:31:00,89.16,89.26,89.26,89.21,56.62560657
2023-01-22 06:30:00,89.18,89.33,89.19,89.27,541.09952694
2023-01-22 06:29:00,89.09,89.28,89.09,89.25,639.0009961
2023-01-22 06:28:00,89.03,89.11,89.03,89.09,52.75933113
2023-01-22 06:27:00,89.03,89.11,89.06,89.11,24.97536196
2023-01-22 06:26:00,89.03,89.08,89.07,89.06,58.67736669
2023-01-22 06:25:00,89.04,89.15,89.04,89.09,100.10261574
2023-01-22 06:24:00,89.05,89.14,89.08,89.09,49.67183623
2023-01-22 06:23:00,88.97,89.12,88.99,89.1,394.02842203
2023-01-22 06:22:00,88.96,89.0,88.97,88.97,57.73325302
2023-01-22 06:21:00,88.95,88.98,88.98,88.95,60.15129768
2023-01-22 06:20:00,88.87,88.96,88.87,88.96,31.5284796
2023-01-22 06:19:00,88.83,88.9,88.83,88.9,77.63607008
2023-01-22 06:18:00,88.8,88.83,88.8,88.81,10.27504562
2023-01-22 06:17:00,88.79,88.86,88.83,88.83,11.24584668
2023-01-22 06:16:00,88.75,88.84,88.78,88.84,49.34831687
2023-01-22 06:15:00,88.73,88.78,88.76,88.74,31.27668047
2023-01-22 06:14:00,88.81,88.85,88.82,88.81,36.63259428
2023-01-22 06:13:00,88.86,88.88,88.86,88.86,7.3514574
2023-01-22 06:12:00,88.84,88.87,88.84,88.86,19.93933482
2023-01-22 06:11:00,88.82,88.86,88.84,88.85,55.82151648
2023-01-22 06:10:00,88.8,88.84,88.8,88.83,28.40355945
2023-01-22 06:09:00,88.79,88.83,88.8,88.83,40.16941
2023-01-22 06:08:00,88.78,88.8,88.79,88.8,7.83538296
2023-01-22 06:07:00,88.75,88.79,88.75,88.79,55.69157574
2023-01-22 06:06:00,88.72,88.77,88.72,88.77,11.34228577
2023-01-22 06:05:00,88.69,88.72,88.69,88.72,5.48702642
2023-01-22 06:04:00,88.69,88.73,88.7,88.71,20.78786258
2023-01-22 06:03:00,88.68,88.73,88.72,88.69,14.03864421
2023-01-22 06:02:00,88.7,88.78,88.78,88.73,14.02858583
2023-01-22 06:01:00,88.76,88.82,88.81,88.77,32.6769458
2023-01-22 06:00:00,88.78,88.8,88.78,88.8,4.54003484
2023-01-22 05:59:00,88.77,88.82,88.77,88.79,218.995803
2023-01-22 05:58:00,88.76,88.79,88.79,88.77,14.37306486
2023-01-22 05:57:00,88.77,88.81,88.81,88.8,8.45228604
2023-01-22 05:56:00,88.76,88.82,88.81,88.81,61.14985976
2023-01-22 05:55:00,88.74,88.8,88.75,88.79,24.71979916
2023-01-22 05:54:00,88.69,88.77,88.7,88.73,98.84057816
2023-01-22 05:53:00,88.66,88.7,88.68,88.7,23.62108233
2023-01-22 05:52:00,88.62,88.68,88.62,88.67,6.97158874
2023-01-22 05:51:00,88.65,88.73,88.73,88.65,66.09089716
2023-01-22 05:50:00,88.67,88.74,88.71,88.72,106.11963168
2023-01-22 05:49:00,88.71,88.74,88.71,88.71,139.95821779
2023-01-22 05:48:00,88.64,88.71,88.68,88.69,46.39352924
2023-01-22 05:47:00,88.66,88.7,88.7,88.7,19.90577078
2023-01-22 05:46:00,88.69,88.76,88.75,88.69,50.11504814
2023-01-22 05:45:00,88.73,88.83,88.83,88.77,59.17316563
2023-01-22 05:44:00,88.8,88.84,88.83,88.83,36.33536757
2023-01-22 05:43:00,88.78,88.83,88.81,88.83,66.3340033
2023-01-22 05:42:00,88.81,88.85,88.81,88.81,27.20274029
2023-01-22 05:41:00,88.81,88.84,88.82,88.84,7.92739545
2023-01-22 05:40:00,88.79,88.86,88.86,88.81,146.11034043
2023-01-22 05:39:00,88.79,88.86,88.84,88.83,4.42327062
2023-01-22 05:38:00,88.76,88.84,88.79,88.82,54.25390421
2023-01-22 05:37:00,88.74,88.79,88.77,88.79,17.57718793
2023-01-22 05:36:00,88.7,88.76,88.73,88.74,40.56314853
2023-01-22 05:35:00,88.63,88.73,88.66,88.69,57.42983215
2023-01-22 05:34:00,88.64,88.78,88.78,88.64,37.65217232
2023-01-22 05:33:00,88.71,88.78,88.72,88.78,144.22649523
2023-01-22 05:32:00,88.72,88.78,88.75,88.72,80.89218007
2023-01-22 05:31:00,88.7,88.78,88.75,88.77,228.07237285
2023-01-22 05:30:00,88.69,88.77,88.69,88.77,65.18395234
2023-01-22 05:29:00,88.69,88.74,88.72,88.69,32.86323448
2023-01-22 05:28:00,88.68,88.74,88.72,88.74,41.05510537
2023-01-22 05:27:00,88.71,88.77,88.76,88.72,90.13477809
2023-01-22 05:26:00,88.75,88.79,88.75,88.76,13.02179251
2023-01-22 05:25:00,88.69,88.74,88.72,88.74,46.79522926
2023-01-22 05:24:00,88.74,88.82,88.82,88.76,29.0298495
2023-01-22 05:23:00,88.82,88.85,88.83,88.84,83.31530822
2023-01-22 05:22:00,88.8,88.8,88.8,88.8,5.78116845
2023-01-22 05:21:00,88.81,88.91,88.91,88.83,74.37457514
2023-01-22 05:20:00,88.91,88.98,88.98,88.91,14.51271294
2023-01-22 05:19:00,88.93,88.98,88.94,88.97,83.2560548
2023-01-22 05:18:00,88.86,88.94,88.9,88.94,23.31300882
2023-01-22 05:17:00,88.86,88.91,88.86,88.88,23.42214214
2023-01-22 05:16:00,88.83,88.92,88.86,88.84,40.31485899
2023-01-22 05:15:00,88.75,88.92,88.92,88.79,228.51025532
2023-01-22 05:14:00,88.92,88.96,88.94,88.94,144.81429476
2023-01-22 05:13:00,88.8,88.91,88.81,88.91,39.46105026
2023-01-22 05:12:00,88.71,88.86,88.86,88.81,196.03568025
2023-01-22 05:11:00,88.83,88.96,88.91,88.85,120.80882292
2023-01-22 05:10:00,88.94,89.1,89.1,88.97,157.05128716
2023-01-22 05:09:00,89.04,89.12,89.1,89.04,22.16374603
2023-01-22 05:08:00,89.08,89.14,89.08,89.13,12.91414834
2023-01-22 05:07:00,88.98,89.1,89.0,89.09,64.86577151
2023-01-22 05:06:00,88.99,89.12,89.1,88.99,150.65052497
2023-01-22 05:05:00,89.09,89.14,89.09,89.14,63.71993775
2023-01-22 05:04:00,88.88,89.11,88.88,89.11,492.7096349
2023-01-22 05:03:00,88.85,88.92,88.92,88.9,32.24287558
2023-01-22 05:02:00,88.92,88.99,88.99,88.94,31.1301458
2023-01-22 05:01:00,88.95,89.02,89.02,88.95,11.66463217
2023-01-22 05:00:00,89.02,89.08,89.05,89.02,21.71607939
2023-01-22 04:59:00,89.05,89.08,89.05,89.08,0.96381742
2023-01-22 04:58:00,88.99,89.05,88.99,89.05,37.20067598
2023-01-22 04:57:00,88.97,89.02,88.98,89.02,314.94023688
2023-01-22 04:56:00,88.96,89.02,89.02,88.97,32.79557341
2023-01-22 04:55:00,89.02,89.08,89.08,89.03,218.54765386
2023-01-22 04:54:00,88.94,89.07,89.01,89.07,63.32288092
2023-01-22 04:53:00,89.01,89.11,89.01,89.02,271.63685279
2023-01-22 04:52:00,88.94,89.02,88.94,89.0,1112.45145134
2023-01-22 04:51:00,88.89,88.95,88.9,88.93,40.03448463
2023-01-22 04:50:00,88.82,88.91,88.85,88.9,48.4061652
2023-01-22 04:49:00,88.82,88.87,88.86,88.87,49.8686655
2023-01-22 04:48:00,88.82,88.9,88.82,88.9,49.71478275
2023-01-22 04:47:00,88.78,88.84,88.82,88.84,25.87276906
2023-01-22 04:46:00,88.78,88.82,88.78,88.82,17.62475204
2023-01-22 04:45:00,88.72,88.78,88.72,88.78,38.92262645
2023-01-22 04:44:00,88.7,88.73,88.73,88.71,3.84697078
2023-01-22 04:43:00,88.66,88.71,88.69,88.7,11.52031389
2023-01-22 04:42:00,88.63,88.7,88.63,88.7,17.25586166
2023-01-22 04:41:00,88.6,88.65,88.64,88.63,13.32257317
2023-01-22 04:40:00,88.6,88.64,88.63,88.62,21.10598157
2023-01-22 04:39:00,88.59,88.64,88.59,88.64,12.01490411
2023-01-22 04:38:00,88.61,88.63,88.61,88.61,19.45492867
2023-01-22 04:37:00,88.58,88.61,88.59,88.61,6.22533611
2023-01-22 04:36:00,88.49,88.59,88.49,88.59,20.23745982
2023-01-22 04:35:00,88.5,88.54,88.54,88.5,21.16891893
2023-01-22 04:34:00,88.54,88.71,88.61,88.54,438.83267749
2023-01-22 04:33:00,88.54,88.62,88.57,88.58,20.54587276
2023-01-22 04:32:00,88.55,88.6,88.6,88.55,4.55910414
2023-01-22 04:31:00,88.51,88.62,88.53,88.57,17.39817012
2023-01-22 04:30:00,88.53,88.57,88.56,88.53,10.0147548
2023-01-22 04:29:00,88.53,88.58,88.56,88.56,41.01260402
2023-01-22 04:28:00,88.53,88.59,88.56,88.57,13.71926062
2023-01-22 04:27:00,88.53,88.57,88.56,88.53,15.25549898
2023-01-22 04:26:00,88.52,88.55,88.53,88.55,6.06456227
2023-01-22 04:25:00,88.52,88.59,88.52,88.53,143.62745772
2023-01-22 04:24:00,88.48,88.55,88.48,88.55,39.46512678
2023-01-22 04:23:00,88.34,88.49,88.37,88.48,350.9616278
2023-01-22 04:22:00,88.33,88.37,88.36,88.37,5.00792056
2023-01-22 04:21:00,88.33,88.36,88.33,88.36,7.5542716
2023-01-22 04:20:00,88.27,88.32,88.29,88.32,11.91393307
2023-01-22 04:19:00,88.23,88.29,88.23,88.28,55.97189211
2023-01-22 04:18:00,88.2,88.29,88.2,88.24,22.66468154
2023-01-22 04:17:00,88.19,88.27,88.25,88.2,31.1147663
2023-01-22 04:16:00,88.24,88.3,88.29,88.28,103.3804287
2023-01-22 04:15:00,88.29,88.38,88.38,88.29,301.46078008
2023-01-22 04:14:00,88.39,88.4,88.39,88.39,3.08171712
2023-01-22 04:13:00,88.38,88.46,88.46,88.38,64.96030004
2023-01-22 04:12:00,88.45,88.46,88.46,88.46,15.45711435
2023-01-22 04:11:00,88.45,88.5,88.46,88.45,46.53360963
2023-01-22 04:10:00,88.46,88.49,88.49,88.48,1.25333238
2023-01-22 04:09:00,88.44,88.49,88.47,88.49,40.09333275
2023-01-22 04:08:00,88.43,88.47,88.46,88.47,9.99305432
2023-01-22 04:07:00,88.45,88.48,88.48,88.46,37.03312419
2023-01-22 04:06:00,88.41,88.48,88.45,88.48,17.18742972
2023-01-22 04:05:00,88.43,88.48,88.47,88.43,39.30647146
2023-01-22 04:04:00,88.44,88.48,88.47,88.48,14.85776202
2023-01-22 04:03:00,88.42,88.49,88.48,88.47,74.03558705
2023-01-22 04:02:00,88.42,88.48,88.43,88.48,12.03242975
2023-01-22 04:01:00,88.38,88.43,88.4,88.43,31.68317707
2023-01-22 04:00:00,88.38,88.44,88.41,88.38,22.8924628
2023-01-22 03:59:00,88.4,88.45,88.41,88.45,21.00980069
2023-01-22 03:58:00,88.37,88.41,88.39,88.41,48.18438984
2023-01-22 03:57:00,88.35,88.39,88.38,88.39,5.46259812
2023-01-22 03:56:00,88.34,88.4,88.4,88.38,13.51650081
2023-01-22 03:55:00,88.36,88.48,88.47,88.4,87.63589848
2023-01-22 03:54:00,88.41,88.46,88.44,88.44,53.21330708
2023-01-22 03:53:00,88.42,88.47,88.42,88.46,45.22320032
2023-01-22 03:52:00,88.38,88.42,88.42,88.41,12.13624719
2023-01-22 03:51:00,88.38,88.43,88.41,88.43,38.7225308
2023-01-22 03:50:00,88.41,88.46,88.45,88.41,19.11746094
2023-01-22 03:49:00,88.42,88.48,88.46,88.45,38.09362782
2023-01-22 03:48:00,88.4,88.45,88.43,88.45,9.22187278
2023-01-22 03:47:00,88.32,88.43,88.34,88.43,41.9527336
2023-01-22 03:46:00,88.32,88.4,88.4,88.37,14.20354677
2023-01-22 03:45:00,88.36,88.45,88.43,88.4,16.73513717
2023-01-22 03:44:00,88.41,88.46,88.41,88.46,13.04593939
2023-01-22 03:43:00,88.37,88.43,88.37,88.43,19.45477711
2023-01-22 03:42:00,88.39,88.44,88.44,88.39,41.24998741
2023-01-22 03:41:00,88.43,88.48,88.47,88.44,14.11910109
2023-01-22 03:40:00,88.43,88.53,88.49,88.47,148.94708855
2023-01-22 03:39:00,88.52,88.6,88.59,88.52,16.53578263
2023-01-22 03:38:00,88.59,88.59,88.59,88.59,3.24736572
2023-01-22 03:37:00,88.5,88.58,88.51,88.58,102.51222461
2023-01-22 03:36:00,88.5,88.56,88.55,88.54,52.59633475
2023-01-22 03:35:00,88.49,88.55,88.52,88.55,26.41003726
2023-01-22 03:34:00,88.52,88.6,88.59,88.54,28.21096794
2023-01-22 03:33:00,88.44,88.59,88.44,88.59,12.78307862
2023-01-22 03:32:00,88.41,88.48,88.47,88.45,5.04366087
2023-01-22 03:31:00,88.46,88.52,88.52,88.46,28.26484333
2023-01-22 03:30:00,88.49,88.54,88.52,88.5,17.36610744
2023-01-22 03:29:00,88.49,88.53,88.53,88.52,8.13479246
2023-01-22 03:28:00,88.55,88.7,88.68,88.55,35.46791793
2023-01-22 03:27:00,88.64,88.69,88.68,88.68,14.38187262
2023-01-22 03:26:00,88.62,88.7,88.62,88.69,31.64556102
2023-01-22 03:25:00,88.57,88.65,88.64,88.57,36.80785478
2023-01-22 03:24:00,88.6,88.69,88.62,88.64,24.69661959
2023-01-22 03:23:00,88.54,88.64,88.57,88.64,181.5939733
2023-01-22 03:22:00,88.38,88.56,88.44,88.56,52.60454311
2023-01-22 03:21:00,88.37,88.44,88.4,88.42,63.91278393
2023-01-22 03:20:00,88.28,88.39,88.34,88.39,34.54150625
2023-01-22 03:19:00,88.31,88.35,88.35,88.31,2.18037882
2023-01-22 03:18:00,88.28,88.35,88.3,88.34,7.91705201
2023-01-22 03:17:00,88.29,88.36,88.33,88.33,11.88515056
2023-01-22 03:16:00,88.32,88.39,88.36,88.36,38.79215731
2023-01-22 03:15:00,88.25,88.4,88.25,88.37,52.20649575
2023-01-22 03:14:00,88.1,88.26,88.13,88.25,43.83019208
2023-01-22 03:13:00,88.06,88.12,88.12,88.12,22.60448755
2023-01-22 03:12:00,88.09,88.12,88.1,88.12,54.70212003
2023-01-22 03:11:00,88.05,88.1,88.08,88.1,8.04994985
2023-01-22 03:10:00,88.04,88.1,88.09,88.08,95.38644024
2023-01-22 03:09:00,88.03,88.1,88.07,88.03,20.29237049
2023-01-22 03:08:00,87.97,88.07,87.97,88.07,12.78506902
2023-01-22 03:07:00,87.97,88.0,87.98,87.99,32.42191838
2023-01-22 03:06:00,87.91,88.02,87.95,88.02,66.11733986
2023-01-22 03:05:00,87.87,87.99,87.92,87.9,81.21981564
2023-01-22 03:04:00,87.91,87.99,87.99,87.96,70.6818717
2023-01-22 03:03:00,87.9,88.0,87.93,88.0,63.55070574
2023-01-22 03:02:00,87.87,87.96,87.91,87.93,38.43316346
2023-01-22 03:01:00,87.83,87.91,87.87,87.9,21.25071027
2023-01-22 03:00:00,87.77,87.85,87.77,87.83,27.9101
2023-01-22 02:59:00,87.77,87.8,87.77,87.8,9.17447487
2023-01-22 02:58:00,87.72,87.84,87.84,87.79,59.82828292
2023-01-22 02:57:00,87.83,87.88,87.87,87.86,41.6397263
2023-01-22 02:56:00,87.82,87.88,87.88,87.82,54.19425942
2023-01-22 02:55:00,87.79,87.89,87.87,87.88,63.59028345
2023-01-22 02:54:00,87.72,87.87,87.74,87.86,267.84544747
2023-01-22 02:53:00,87.69,87.77,87.77,87.74,25.61742544
2023-01-22 02:52:00,87.7,87.76,87.7,87.76,30.88914181
2023-01-22 02:51:00,87.58,87.69,87.58,87.67,161.06998087
2023-01-22 02:50:00,87.49,87.58,87.51,87.58,33.7343132
2023-01-22 02:49:00,87.54,87.62,87.6,87.55,34.79874522
2023-01-22 02:48:00,87.49,87.6,87.49,87.6,15.55062049
2023-01-22 02:47:00,87.51,87.6,87.59,87.53,15.42501114
2023-01-22 02:46:00,87.58,87.68,87.58,87.59,115.78208547
2023-01-22 02:45:00,87.26,87.6,87.33,87.6,72.5634941
2023-01-22 02:44:00,87.1,87.59,87.56,87.26,795.82457232
2023-01-22 02:43:00,87.57,87.63,87.63,87.58,43.81974721
2023-01-22 02:42:00,87.63,87.66,87.66,87.63,11.23714806
2023-01-22 02:41:00,87.57,87.64,87.62,87.62,37.2614442
2023-01-22 02:40:00,87.6,87.77,87.77,87.6,75.78425533
2023-01-22 02:39:00,87.74,87.77,87.77,87.77,15.39176075
2023-01-22 02:38:00,87.77,87.78,87.77,87.78,9.78872342
2023-01-22 02:37:00,87.75,87.8,87.8,87.75,25.34433536
2023-01-22 02:36:00,87.75,87.82,87.82,87.8,44.87412529
2023-01-22 02:35:00,87.85,87.93,87.88,87.87,76.27313731
2023-01-22 02:34:00,87.83,87.91,87.87,87.91,57.55949888
2023-01-22 02:33:00,87.85,87.9,87.89,87.89,93.23241453
2023-01-22 02:32:00,87.79,87.87,87.8,87.87,9.03110464
2023-01-22 02:31:00,87.74,87.84,87.78,87.83,55.98686352
2023-01-22 02:30:00,87.73,87.83,87.76,87.77,76.46834176
2023-01-22 02:29:00,87.74,87.79,87.77,87.79,139.11978898
2023-01-22 02:28:00,87.73,87.79,87.77,87.79,30.9412758
2023-01-22 02:27:00,87.76,87.85,87.81,87.79,132.40892773
2023-01-22 02:26:00,87.75,87.81,87.76,87.81,24.06770745
2023-01-22 02:25:00,87.72,87.79,87.79,87.76,107.12644954
2023-01-22 02:24:00,87.71,87.78,87.72,87.77,34.85840756
2023-01-22 02:23:00,87.76,87.9,87.9,87.76,23.78848416
2023-01-22 02:22:00,87.89,87.99,87.97,87.91,103.7125098
2023-01-22 02:21:00,87.87,87.97,87.87,87.96,40.71482387
2023-01-22 02:20:00,87.79,87.91,87.85,87.89,79.57839228
2023-01-22 02:19:00,87.81,87.87,87.87,87.82,33.04776393
2023-01-22 02:18:00,87.77,87.86,87.8,87.86,382.85410896
2023-01-22 02:17:00,87.59,87.8,87.67,87.76,1313.91992673
2023-01-22 02:16:00,87.64,87.73,87.72,87.67,301.21370353
2023-01-22 02:15:00,87.72,87.77,87.77,87.73,16.87598855
2023-01-22 02:14:00,87.7,87.75,87.73,87.75,89.60855616
2023-01-22 02:13:00,87.7,87.75,87.74,87.75,92.76974137
2023-01-22 12:13:00,88.61,88.69,88.64,88.67,68.98077474
2023-01-22 12:12:00,88.62,88.68,88.62,88.63,7.65806553
2023-01-22 12:11:00,88.51,88.61,88.61,88.55,9.91888714
2023-01-22 12:10:00,88.6,88.66,88.62,88.65,3.26232075
2023-01-22 12:09:00,88.61,88.69,88.63,88.62,11.98364332
2023-01-22 12:08:00,88.59,88.76,88.76,88.63,158.43345748
2023-01-22 12:07:00,88.73,88.79,88.76,88.76,13.06958433
2023-01-22 12:06:00,88.75,88.8,88.8,88.78,22.83048854
2023-01-22 12:05:00,88.8,88.91,88.91,88.8,94.05844524
2023-01-22 12:04:00,88.91,88.98,88.98,88.93,13.18514613
2023-01-22 12:03:00,88.95,88.99,88.97,88.98,35.35833513
2023-01-22 12:02:00,88.97,89.01,88.97,89.0,7.76930702
2023-01-22 12:01:00,88.9,88.97,88.93,88.97,20.07375301
2023-01-22 12:00:00,88.82,88.93,88.82,88.93,43.18791401
2023-01-22 11:59:00,88.79,88.84,88.8,88.82,5.34807397
2023-01-22 11:58:00,88.74,88.86,88.86,88.78,14.77281583
2023-01-22 11:57:00,88.83,88.86,88.83,88.86,15.36041143
2023-01-22 11:56:00,88.78,88.86,88.84,88.81,14.44235954
2023-01-22 11:55:00,88.8,88.84,88.84,88.81,2.87201196
2023-01-22 11:54:00,88.81,88.85,88.84,88.85,4.72584713
2023-01-22 11:53:00,88.84,88.87,88.87,88.84,8.22500248
2023-01-22 11:52:00,88.84,88.91,88.91,88.87,3.59868289
2023-01-22 11:51:00,88.88,88.95,88.95,88.88,2.97178201
2023-01-22 11:50:00,88.94,89.0,88.99,88.94,4.97191962
2023-01-22 11:49:00,88.94,89.01,88.94,88.99,22.7587647
2023-01-22 11:48:00,88.93,88.97,88.94,88.96,5.82095379
2023-01-22 11:47:00,88.94,88.99,88.97,88.97,7.40228134
2023-01-22 11:46:00,88.89,88.97,88.89,88.97,26.87960784
2023-01-22 11:45:00,88.89,88.93,88.93,88.92,1.28409834
2023-01-22 11:44:00,88.92,88.98,88.95,88.92,26.50593636
2023-01-22 11:43:00,88.91,88.95,88.94,88.95,73.17746248
2023-01-22 11:42:00,88.89,88.95,88.89,88.92,20.47550886
2023-01-22 11:41:00,88.8,88.89,88.87,88.89,183.45354868
2023-01-22 11:40:00,88.87,88.98,88.93,88.87,61.1396207
2023-01-22 11:39:00,88.92,88.98,88.94,88.95,56.70311727
2023-01-22 11:38:00,88.9,88.94,88.94,88.9,6.98058609
2023-01-22 11:37:00,88.81,88.9,88.9,88.87,46.88038121
2023-01-22 11:36:00,88.93,88.95,88.95,88.93,7.42986358
2023-01-22 11:35:00,88.91,88.96,88.91,88.95,18.95950016
2023-01-22 11:34:00,88.86,88.94,88.87,88.92,47.75250608
2023-01-22 11:33:00,88.86,88.92,88.88,88.9,37.55594558
2023-01-22 11:32:00,88.82,88.9,88.82,88.88,25.53015531
2023-01-22 11:31:00,88.69,88.82,88.74,88.82,87.51065034
2023-01-22 11:30:00,88.69,88.77,88.69,88.74,21.64044087
2023-01-22 11:29:00,88.65,88.73,88.73,88.68,37.52839987
2023-01-22 11:28:00,88.76,88.83,88.8,88.77,2.4388632
2023-01-22 11:27:00,88.79,88.88,88.86,88.88,25.89928927
2023-01-22 11:26:00,88.77,88.9,88.9,88.82,288.59975868
2023-01-22 11:25:00,88.8,88.9,88.82,88.88,223.83084512
2023-01-22 11:24:00,88.77,88.85,88.79,88.85,44.14932751
2023-01-22 11:23:00,88.74,88.88,88.88,88.74,4.9954513
2023-01-22 11:22:00,88.8,88.88,88.82,88.88,67.73601989
2023-01-22 11:21:00,88.82,88.83,88.82,88.83,8.05033767
2023-01-22 11:20:00,88.69,88.83,88.74,88.82,142.76855938
2023-01-22 11:19:00,88.76,88.88,88.8,88.77,105.7138887
2023-01-22 11:18:00,88.7,88.86,88.86,88.79,742.49981539
2023-01-22 11:17:00,88.89,88.99,88.98,88.89,32.37829197
2023-01-22 11:16:00,89.01,89.08,89.08,89.04,13.20726666
2023-01-22 11:15:00,89.05,89.1,89.07,89.1,94.89710625
2023-01-22 11:14:00,89.07,89.11,89.07,89.09,149.39365132
2023-01-22 11:13:00,89.07,89.15,89.12,89.07,15.69174544
2023-01-22 11:12:00,89.07,89.12,89.07,89.12,40.32837209
2023-01-22 11:11:00,89.03,89.1,89.03,89.09,8.7152487
2023-01-22 11:10:00,89.07,89.18,89.15,89.07,61.31304225
2023-01-22 11:09:00,89.1,89.15,89.13,89.15,20.62168451
2023-01-22 11:08:00,89.11,89.17,89.17,89.14,41.89293541
2023-01-22 11:07:00,89.12,89.18,89.13,89.18,71.51919884
2023-01-22 11:06:00,89.08,89.13,89.08,89.13,5.83064155
2023-01-22 11:05:00,89.03,89.18,89.17,89.11,175.07183198
2023-01-22 11:04:00,89.11,89.17,89.11,89.15,47.8831783
2023-01-22 11:03:00,89.04,89.1,89.04,89.1,201.57809931
2023-01-22 11:02:00,89.01,89.04,89.04,89.04,7.81092269
2023-01-22 11:01:00,89.01,89.09,89.09,89.01,45.78421071
2023-01-22 11:00:00,89.13,89.19,89.18,89.14,125.08555454
2023-01-22 10:59:00,89.12,89.16,89.16,89.15,60.9664214
2023-01-22 10:58:00,89.15,89.2,89.19,89.19,12.20321188
2023-01-22 10:57:00,89.1,89.17,89.11,89.17,19.71794113
2023-01-22 10:56:00,89.12,89.14,89.12,89.12,8.01597045
2023-01-22 10:55:00,89.15,89.19,89.16,89.17,52.11051116
2023-01-22 10:54:00,89.19,89.26,89.22,89.19,10.23625349
2023-01-22 10:53:00,89.24,89.35,89.24,89.29,56.80680154
2023-01-22 10:52:00,89.17,89.27,89.17,89.23,112.74334116
2023-01-22 10:51:00,89.09,89.19,89.09,89.19,10.85632343
2023-01-22 10:50:00,89.09,89.12,89.1,89.12,3.21299666
2023-01-22 10:49:00,89.1,89.15,89.15,89.12,4.1949499
2023-01-22 10:48:00,89.07,89.17,89.07,89.16,39.48745565
2023-01-22 10:47:00,89.05,89.08,89.06,89.07,23.8250577
2023-01-22 10:46:00,88.97,89.08,89.02,89.08,65.39459113
2023-01-22 10:45:00,88.98,89.05,89.05,88.99,19.48210446
2023-01-22 10:44:00,89.03,89.08,89.05,89.03,214.84586301
2023-01-22 10:43:00,89.0,89.06,89.06,89.04,3.12107326
2023-01-22 10:42:00,89.03,89.08,89.06,89.08,29.12487932
2023-01-22 10:41:00,89.03,89.06,89.04,89.03,6.89859007
2023-01-22 10:40:00,89.04,89.14,89.1,89.06,166.92616925
2023-01-22 10:39:00,89.03,89.09,89.03,89.09,8.71243248
2023-01-22 10:38:00,88.98,89.03,89.01,89.03,25.90741171
2023-01-22 10:37:00,88.98,89.01,89.01,88.98,1.3641615
2023-01-22 10:36:00,88.96,89.02,89.01,89.01,22.02742993
2023-01-22 10:35:00,89.03,89.14,89.1,89.04,6.81406542
2023-01-22 10:34:00,89.01,89.24,89.01,89.12,511.66482087
2023-01-22 10:33:00,89.01,89.07,89.06,89.01,12.18702893
2023-01-22 10:32:00,89.02,89.12,89.09,89.02,74.16610274
2023-01-22 10:31:00,88.96,89.16,88.98,89.1,294.14139574
2023-01-22 10:30:00,88.92,88.96,88.93,88.96,28.03540152
2023-01-22 10:29:00,88.84,88.94,88.84,88.94,75.75538693
2023-01-22 10:28:00,88.86,89.0,89.0,88.87,62.99549033
2023-01-22 10:27:00,88.73,88.98,88.73,88.92,2004.66263093
2023-01-22 10:26:00,88.56,88.74,88.56,88.72,582.84233599
2023-01-22 10:25:00,88.52,88.56,88.55,88.55,4.44567389
2023-01-22 10:24:00,88.48,88.57,88.48,88.57,5.58523031
2023-01-22 10:23:00,88.45,88.49,88.45,88.49,3.60227291
2023-01-22 10:22:00,88.47,88.52,88.5,88.47,21.48158229
2023-01-22 10:21:00,88.49,88.55,88.49,88.53,42.65948324
2023-01-22 10:20:00,88.47,88.5,88.5,88.49,13.99276252
2023-01-22 10:19:00,88.44,88.57,88.44,88.54,431.19898961
2023-01-22 10:18:00,88.4,88.47,88.4,88.47,144.0777917
2023-01-22 10:17:00,88.35,88.38,88.38,88.38,0.48338438
2023-01-22 10:16:00,88.31,88.42,88.34,88.37,185.84614004
2023-01-22 10:15:00,88.29,88.42,88.39,88.29,7.8855863
2023-01-22 10:14:00,88.4,88.42,88.41,88.42,17.22351419
2023-01-22 10:13:00,88.33,88.42,88.42,88.42,154.98899032
2023-01-22 10:12:00,88.41,88.46,88.43,88.42,2.5501023
2023-01-22 10:11:00,88.39,88.45,88.41,88.43,42.07442765
2023-01-22 10:10:00,88.43,88.45,88.45,88.43,1.43347721
2023-01-22 10:09:00,88.34,88.45,88.34,88.43,46.82265874
2023-01-22 10:08:00,88.33,88.4,88.37,88.34,17.2573542
2023-01-22 10:07:00,88.33,88.41,88.36,88.41,18.18564035
2023-01-22 10:06:00,88.31,88.42,88.42,88.31,100.3296365
2023-01-22 10:05:00,88.39,88.44,88.41,88.43,18.30171474
2023-01-22 10:04:00,88.37,88.44,88.42,88.38,4.77507912
2023-01-22 10:03:00,88.38,88.4,88.39,88.4,2.90986739
2023-01-22 10:02:00,88.39,88.42,88.41,88.39,7.86710383
2023-01-22 10:01:00,88.34,88.4,88.36,88.4,43.37789641
2023-01-22 10:00:00,88.27,88.36,88.27,88.36,9.33095595
2023-01-22 09:59:00,88.27,88.38,88.36,88.3,19.96617484
2023-01-22 09:58:00,88.31,88.39,88.31,88.34,53.07086639
2023-01-22 09:57:00,88.29,88.31,88.3,88.29,24.99425141
2023-01-22 09:56:00,88.23,88.29,88.26,88.29,102.62869433
2023-01-22 09:55:00,88.26,88.35,88.3,88.26,45.00483455
2023-01-22 09:54:00,88.22,88.3,88.23,88.3,120.49327616
2023-01-22 09:53:00,88.3,88.41,88.39,88.3,22.23199659
2023-01-22 09:52:00,88.37,88.47,88.43,88.37,63.07185596
2023-01-22 09:51:00,88.38,88.5,88.48,88.39,53.81418988
2023-01-22 09:50:00,88.53,88.58,88.58,88.55,15.92312509
2023-01-22 09:49:00,88.57,88.62,88.58,88.57,62.82764948
2023-01-22 09:48:00,88.54,88.61,88.57,88.55,107.76303389
2023-01-22 09:47:00,88.56,88.6,88.59,88.58,12.94209261
2023-01-22 09:46:00,88.56,88.59,88.56,88.59,2.3297591
2023-01-22 09:45:00,88.46,88.57,88.46,88.57,40.60912977
2023-01-22 09:44:00,88.44,88.48,88.44,88.48,15.98887103
2023-01-22 09:43:00,88.38,88.43,88.38,88.43,86.77404826
2023-01-22 09:42:00,88.4,88.44,88.42,88.41,24.84110635
2023-01-22 09:41:00,88.39,88.46,88.46,88.39,10.62381155
2023-01-22 09:40:00,88.4,88.49,88.49,88.46,282.63208931
2023-01-22 09:39:00,88.45,88.49,88.45,88.48,39.80543198
2023-01-22 09:38:00,88.44,88.49,88.48,88.48,88.25514047
2023-01-22 09:37:00,88.37,88.43,88.37,88.43,24.76211107
2023-01-22 09:36:00,88.37,88.43,88.43,88.39,32.22054524
2023-01-22 09:35:00,88.43,88.45,88.45,88.45,747.43889205
2023-01-22 09:34:00,88.45,88.48,88.46,88.45,138.79493453
2023-01-22 09:33:00,88.5,88.55,88.55,88.51,14.51936795
2023-01-22 09:32:00,88.54,88.61,88.61,88.57,282.95271771
2023-01-22 09:31:00,88.46,88.72,88.46,88.65,1014.12869188
2023-01-22 09:30:00,88.44,88.49,88.49,88.47,51.47917916
2023-01-22 09:29:00,88.46,88.49,88.46,88.49,16.15690849
2023-01-22 09:28:00,88.46,88.5,88.5,88.46,34.75142821
2023-01-22 09:27:00,88.49,88.55,88.55,88.49,58.7589961
2023-01-22 09:26:00,88.58,88.58,88.58,88.58,1.27137396
2023-01-22 09:25:00,88.55,88.59,88.55,88.59,96.16396825
2023-01-22 09:24:00,88.5,88.54,88.5,88.53,91.60929035
2023-01-22 09:23:00,88.44,88.49,88.45,88.49,70.50684136
2023-01-22 09:22:00,88.44,88.46,88.46,88.45,50.38124243
2023-01-22 09:21:00,88.45,88.5,88.47,88.45,5.66002554
2023-01-22 09:20:00,88.45,88.49,88.45,88.47,124.48939518
2023-01-22 09:19:00,88.45,88.49,88.47,88.45,12.29758255
2023-01-22 09:18:00,88.47,88.51,88.51,88.49,61.3596731
2023-01-22 09:17:00,88.52,88.56,88.56,88.52,8.01807176
2023-01-22 09:16:00,88.49,88.56,88.49,88.56,145.26167055
2023-01-22 09:15:00,88.49,88.58,88.58,88.51,16.45572724
2023-01-22 09:14:00,88.56,88.6,88.56,88.57,66.55044129
2023-01-22 09:13:00,88.54,88.58,88.55,88.56,0.21902174
2023-01-22 09:12:00,88.56,88.6,88.58,88.56,113.81113728
2023-01-22 09:11:00,88.55,88.59,88.58,88.58,32.45772672
2023-01-22 09:10:00,88.58,88.62,88.61,88.58,3.78117059
2023-01-22 09:09:00,88.57,88.6,88.59,88.59,4.76294735
2023-01-22 09:08:00,88.55,88.61,88.6,88.6,74.88828122
2023-01-22 09:07:00,88.6,88.65,88.63,88.61,68.4428194
2023-01-22 09:06:00,88.57,88.63,88.57,88.63,149.47311788
2023-01-22 09:05:00,88.55,88.66,88.64,88.56,283.86406282
2023-01-22 09:04:00,88.61,88.71,88.68,88.61,133.32654917
2023-01-22 09:03:00,88.69,88.76,88.76,88.69,137.41298041
2023-01-22 09:02:00,88.73,88.76,88.75,88.76,29.93531715
2023-01-22 09:01:00,88.73,88.76,88.75,88.76,13.0270285
2023-01-22 09:00:00,88.75,88.82,88.81,88.75,84.88429908
2023-01-22 08:59:00,88.74,88.8,88.74,88.8,44.39614377
2023-01-22 08:58:00,88.7,88.74,88.73,88.74,6.41677457
2023-01-22 08:57:00,88.69,88.74,88.69,88.73,18.05071132
2023-01-22 08:56:00,88.65,88.7,88.68,88.7,38.976061
2023-01-22 08:55:00,88.69,88.77,88.73,88.69,16.99314523
2023-01-22 08:54:00,88.69,88.75,88.72,88.72,41.24094944
2023-01-22 08:53:00,88.72,88.76,88.76,88.72,39.34962967
2023-01-22 08:52:00,88.76,88.85,88.85,88.76,3.59363467
2023-01-22 08:51:00,88.81,88.86,88.86,88.86,78.60231172
2023-01-22 08:50:00,88.82,88.91,88.87,88.89,4.35201406
2023-01-22 08:49:00,88.84,88.87,88.87,88.84,17.24577601
2023-01-22 08:48:00,88.87,88.91,88.9,88.89,7.86021239
2023-01-22 08:47:00,88.86,88.92,88.88,88.86,38.64386142
2023-01-22 08:46:00,88.84,88.89,88.86,88.84,3.90660198
2023-01-22 08:45:00,88.86,88.98,88.96,88.86,7.68454434
2023-01-22 08:44:00,88.94,89.01,88.95,89.01,116.36655102
2023-01-22 08:43:00,88.9,88.96,88.9,88.96,31.5467867
2023-01-22 08:42:00,88.84,88.89,88.89,88.89,32.09534513
2023-01-22 08:41:00,88.84,88.89,88.85,88.89,23.68957325
2023-01-22 08:40:00,88.8,88.85,88.83,88.83,11.39977394
2023-01-22 08:39:00,88.77,88.8,88.79,88.8,29.14493123
2023-01-22 08:38:00,88.74,88.8,88.79,88.74,87.0488829
2023-01-22 08:37:00,88.8,88.8,88.8,88.8,49.72614554
2023-01-22 08:36:00,88.77,88.81,88.79,88.81,12.52232097
2023-01-22 08:35:00,88.66,88.72,88.66,88.72,24.43749981
2023-01-22 08:34:00,88.59,88.67,88.65,88.67,394.8383794
2023-01-22 08:33:00,88.59,88.68,88.59,88.68,12.41186874
2023-01-22 08:32:00,88.56,88.62,88.56,88.62,44.67679714
2023-01-22 08:31:00,88.56,88.61,88.61,88.6,50.39184108
2023-01-22 08:30:00,88.59,88.69,88.69,88.59,15.98792768
2023-01-22 08:29:00,88.64,88.68,88.67,88.68,3.92155004
2023-01-22 08:28:00,88.6,88.67,88.63,88.67,51.7387107
2023-01-22 08:27:00,88.62,88.67,88.64,88.62,25.1810305
2023-01-22 08:26:00,88.6,88.65,88.64,88.61,4.82388969
2023-01-22 08:25:00,88.61,88.67,88.61,88.64,6.88611823
2023-01-22 08:24:00,88.6,88.66,88.66,88.63,18.28711686
2023-01-22 08:23:00,88.63,88.7,88.7,88.63,29.28733295
2023-01-22 08:22:00,88.64,88.69,88.65,88.69,6.04144693
2023-01-22 08:21:00,88.59,88.65,88.65,88.64,111.89950344
2023-01-22 08:20:00,88.62,88.66,88.63,88.66,26.0492977
2023-01-22 08:19:00,88.53,88.6,88.55,88.6,26.27049696
2023-01-22 08:18:00,88.51,88.59,88.55,88.55,22.81460689
2023-01-22 08:17:00,88.46,88.55,88.46,88.55,46.09483996
2023-01-22 08:16:00,88.4,88.44,88.4,88.44,13.09334863
2023-01-22 08:15:00,88.34,88.47,88.47,88.36,83.31470627
2023-01-22 08:14:00,88.44,88.51,88.44,88.48,112.82546895
2023-01-22 08:13:00,88.47,88.58,88.57,88.47,145.57978499
2023-01-22 08:12:00,88.58,88.63,88.6,88.59,26.27053893
2023-01-22 08:11:00,88.54,88.6,88.56,88.59,18.21711643
2023-01-22 08:10:00,88.57,88.61,88.61,88.57,1.79807808
2023-01-22 08:09:00,88.58,88.65,88.64,88.58,5.16116996
2023-01-22 08:08:00,88.58,88.65,88.61,88.65,15.72501692
2023-01-22 08:07:00,88.54,88.62,88.62,88.58,17.70529222
2023-01-22 08:06:00,88.59,88.63,88.6,88.62,1.46572708
2023-01-22 08:05:00,88.58,88.66,88.66,88.59,0.82906844
2023-01-22 08:04:00,88.63,88.67,88.65,88.66,68.77798021
2023-01-22 08:03:00,88.62,88.66,88.64,88.65,17.354824
2023-01-22 08:02:00,88.6,88.72,88.68,88.66,126.4991088
2023-01-22 08:01:00,88.66,88.7,88.69,88.66,20.1133912
2023-01-22 08:00:00,88.65,88.69,88.67,88.69,29.22275754
2023-01-22 07:59:00,88.64,88.72,88.72,88.64,13.39365282
2023-01-22 07:58:00,88.69,88.71,88.71,88.71,52.85082461
2023-01-22 07:57:00,88.68,88.71,88.68,88.71,23.99126592
2023-01-22 07:56:00,88.7,88.74,88.74,88.71,2.91464033
2023-01-22 07:55:00,88.74,88.82,88.79,88.74,154.58449484
2023-01-22 07:54:00,88.76,88.8,88.79,88.8,4.67344832
2023-01-22 07:53:00,88.73,88.79,88.73,88.77,20.85554489
2023-01-22 07:52:00,88.72,88.73,88.72,88.73,3.99337791
2023-01-22 07:51:00,88.65,88.73,88.65,88.73,10.90763274
2023-01-22 07:50:00,88.66,88.73,88.71,88.68,101.61598035
2023-01-22 07:49:00,88.73,88.78,88.77,88.73,5.63606364
2023-01-22 07:48:00,88.68,88.76,88.68,88.76,68.14361948
2023-01-22 07:47:00,88.68,88.7,88.68,88.7,31.120459
2023-01-22 07:46:00,88.64,88.68,88.66,88.65,17.66507799
2023-01-22 07:45:00,88.67,88.7,88.67,88.68,27.0065678
2023-01-22 07:44:00,88.65,88.69,88.65,88.69,4.37744887
2023-01-22 07:43:00,88.65,88.69,88.65,88.67,8.29362693
2023-01-22 07:42:00,88.64,88.68,88.68,88.66,36.37359726
2023-01-22 07:41:00,88.7,88.75,88.75,88.7,49.07169355
2023-01-22 07:40:00,88.77,88.79,88.77,88.77,3.59565239
2023-01-22 07:39:00,88.77,88.84,88.83,88.77,15.93840313
2023-01-22 07:38:00,88.79,88.85,88.82,88.85,20.48089095
2023-01-22 07:37:00,88.77,88.82,88.77,88.81,22.50147628
2023-01-22 07:36:00,88.74,88.79,88.79,88.77,32.61913879
2023-01-22 07:35:00,88.75,88.79,88.79,88.77,54.62746922
2023-01-22 07:34:00,88.74,88.79,88.76,88.75,34.3667221
2023-01-22 07:33:00,88.72,88.78,88.77,88.73,164.14915142
2023-01-22 07:32:00,88.76,88.81,88.76,88.79,107.40306463
2023-01-22 07:31:00,88.65,88.76,88.75,88.76,184.72394836
2023-01-22 07:30:00,88.75,88.85,88.84,88.75,161.0730715
2023-01-22 07:29:00,88.85,88.87,88.87,88.86,1.53816355
2023-01-22 07:28:00,88.84,88.87,88.85,88.85,91.4623217
2023-01-22 07:27:00,88.81,88.85,88.81,88.83,11.88002456
2023-01-22 07:26:00,88.75,88.82,88.78,88.82,798.68688554
2023-01-22 07:25:00,88.75,88.79,88.79,88.78,13.45876456
2023-01-22 07:24:00,88.77,88.89,88.89,88.77,569.03384948
2023-01-22 07:23:00,88.88,88.96,88.94,88.88,368.3623215
2023-01-22 07:22:00,88.93,88.96,88.93,88.96,5.85551279
2023-01-22 07:21:00,88.91,88.95,88.91,88.93,11.84094485
2023-01-22 07:20:00,88.91,88.96,88.96,88.94,21.23574453
2023-01-22 07:19:00,88.92,88.95,88.94,88.94,30.17861079
2023-01-22 07:18:00,88.93,88.97,88.97,88.95,2.99807668
2023-01-22 07:17:00,88.95,89.05,89.04,88.95,6.77722372
2023-01-22 07:16:00,89.01,89.05,89.04,89.04,12.16572627
2023-01-22 07:15:00,89.0,89.05,89.04,89.04,26.75744011
2023-01-22 07:14:00,89.0,89.03,89.02,89.02,10.31044772
2023-01-22 07:13:00,89.02,89.05,89.02,89.05,3.84405129
2023-01-22 17:13:00,89.16,89.23,89.17,89.18,24.26104655
2023-01-22 17:12:00,89.09,89.18,89.09,89.18,45.91619837
2023-01-22 17:11:00,89.08,89.2,89.2,89.16,17.19738779
2023-01-22 17:10:00,89.08,89.19,89.08,89.16,15.33856209
2023-01-22 17:09:00,89.08,89.21,89.21,89.11,26.18249212
2023-01-22 17:08:00,89.19,89.27,89.26,89.19,21.34194993
2023-01-22 17:07:00,89.15,89.26,89.25,89.26,36.57717929
2023-01-22 17:06:00,89.18,89.25,89.21,89.18,129.14154472
2023-01-22 17:05:00,89.08,89.22,89.11,89.22,202.5042551
2023-01-22 17:04:00,88.89,89.12,88.95,89.12,97.19898261
2023-01-22 17:03:00,88.84,89.02,88.93,89.0,1348.24176583
2023-01-22 17:02:00,88.9,88.97,88.97,88.96,40.64762226
2023-01-22 17:01:00,88.96,89.22,89.14,88.96,110.59040768
2023-01-22 17:00:00,89.07,89.14,89.09,89.14,106.19376193
2023-01-22 16:59:00,88.99,89.19,89.19,89.1,533.12948095
2023-01-22 16:58:00,89.12,89.26,89.13,89.15,43.73745013
2023-01-22 16:57:00,89.05,89.18,89.09,89.15,37.59935192
2023-01-22 16:56:00,89.11,89.28,89.26,89.12,103.5652547
2023-01-22 16:55:00,89.22,89.42,89.4,89.27,168.44368607
2023-01-22 16:54:00,89.36,89.47,89.37,89.42,277.87852559
2023-01-22 16:53:00,89.28,89.46,89.29,89.39,420.32353479
2023-01-22 16:52:00,89.18,89.34,89.21,89.28,21.13296971
2023-01-22 16:51:00,89.04,89.21,89.06,89.21,87.94016085
2023-01-22 16:50:00,88.99,89.28,89.26,89.07,225.22713444
2023-01-22 16:49:00,89.05,89.25,89.08,89.25,272.26275684
2023-01-22 16:48:00,88.93,89.09,89.05,89.05,80.84619809
2023-01-22 16:47:00,88.92,89.07,89.01,89.03,205.30248092
2023-01-22 16:46:00,88.84,89.0,88.85,88.97,134.00920457
2023-01-22 16:45:00,88.75,88.8,88.8,88.78,177.36091254
2023-01-22 16:44:00,88.73,88.78,88.74,88.78,9.76716874
2023-01-22 16:43:00,88.73,88.81,88.76,88.76,46.23256792
2023-01-22 16:42:00,88.69,88.74,88.69,88.72,21.16653024
2023-01-22 16:41:00,88.66,88.7,88.66,88.69,36.10295705
2023-01-22 16:40:00,88.63,88.71,88.71,88.68,60.16727157
2023-01-22 16:39:00,88.61,88.71,88.63,88.67,233.19812196
2023-01-22 16:38:00,88.53,88.64,88.62,88.64,239.9776077
2023-01-22 16:37:00,88.59,88.62,88.62,88.61,64.10812606
2023-01-22 16:36:00,88.58,88.68,88.67,88.62,77.24531393
2023-01-22 16:35:00,88.67,88.75,88.7,88.69,279.03953736
2023-01-22 16:34:00,88.66,88.74,88.73,88.68,210.57524525
2023-01-22 16:33:00,88.71,88.78,88.71,88.73,371.40067444
2023-01-22 16:32:00,88.64,88.73,88.64,88.73,168.49794436
2023-01-22 16:31:00,88.62,88.78,88.78,88.62,124.05051761
2023-01-22 16:30:00,88.73,88.77,88.76,88.75,278.73174879
2023-01-22 16:29:00,88.68,88.79,88.79,88.78,154.57257652
2023-01-22 16:28:00,88.75,88.86,88.75,88.77,295.16977486
2023-01-22 16:27:00,88.59,88.81,88.61,88.81,23.75978593
2023-01-22 16:26:00,88.58,88.73,88.64,88.58,335.32511044
2023-01-22 16:25:00,88.6,88.75,88.73,88.63,84.41248063
2023-01-22 16:24:00,88.72,88.82,88.72,88.76,110.69529087
2023-01-22 16:23:00,88.59,88.74,88.64,88.74,98.68261551
2023-01-22 16:22:00,88.6,88.72,88.62,88.65,95.4971011
2023-01-22 16:21:00,88.55,88.69,88.67,88.62,52.12562281
2023-01-22 16:20:00,88.54,88.66,88.63,88.66,52.01079668
2023-01-22 16:19:00,88.53,88.62,88.55,88.62,5.82294487
2023-01-22 16:18:00,88.42,88.54,88.42,88.54,33.25715774
2023-01-22 16:17:00,88.42,88.51,88.42,88.42,36.51780991
2023-01-22 16:16:00,88.28,88.42,88.33,88.41,77.72787695
2023-01-22 16:15:00,88.3,88.36,88.3,88.31,87.06438022
2023-01-22 16:14:00,88.12,88.29,88.17,88.28,187.11887034
2023-01-22 16:13:00,88.15,88.32,88.21,88.17,82.86052528
2023-01-22 16:12:00,88.2,88.29,88.27,88.2,12.14999923
2023-01-22 16:11:00,88.29,88.42,88.38,88.29,147.02277293
2023-01-22 16:10:00,88.19,88.37,88.19,88.37,122.4416779
2023-01-22 16:09:00,88.13,88.34,88.32,88.16,166.65664478
2023-01-22 16:08:00,88.26,88.43,88.39,88.29,89.9747365
2023-01-22 16:07:00,88.29,88.4,88.33,88.36,73.67384469
2023-01-22 16:06:00,88.17,88.33,88.17,88.3,144.67001549
2023-01-22 16:05:00,88.17,88.3,88.28,88.17,166.98944858
2023-01-22 16:04:00,88.31,88.5,88.41,88.31,257.67744081
2023-01-22 16:03:00,88.37,88.49,88.49,88.43,257.19004687
2023-01-22 16:02:00,88.47,88.77,88.74,88.48,675.55668255
2023-01-22 16:01:00,88.71,88.91,88.89,88.74,1990.12788911
2023-01-22 16:00:00,88.8,88.91,88.83,88.91,237.43233733
2023-01-22 15:59:00,88.79,88.83,88.81,88.82,369.33016042
2023-01-22 15:58:00,88.79,88.82,88.8,88.82,289.45383482
2023-01-22 15:57:00,88.79,88.82,88.79,88.81,511.07317462
2023-01-22 15:56:00,88.79,88.83,88.81,88.79,2409.16091834
2023-01-22 15:55:00,88.79,88.83,88.79,88.81,391.80821096
2023-01-22 15:54:00,88.79,88.86,88.8,88.83,519.34334153
2023-01-22 15:53:00,88.79,88.86,88.8,88.79,791.96392686
2023-01-22 15:52:00,88.79,88.86,88.82,88.79,755.34142965
2023-01-22 15:51:00,88.78,88.88,88.78,88.79,122.58751905
2023-01-22 15:50:00,88.7,88.83,88.75,88.77,65.00224217
2023-01-22 15:49:00,88.75,88.83,88.83,88.75,49.7502533
2023-01-22 15:48:00,88.76,88.81,88.79,88.81,5.17294147
2023-01-22 15:47:00,88.72,88.8,88.76,88.75,97.83306345
2023-01-22 15:46:00,88.59,88.72,88.59,88.71,118.71543941
2023-01-22 15:45:00,88.51,88.77,88.76,88.56,327.46908217
2023-01-22 15:44:00,88.71,88.76,88.72,88.75,72.70080625
2023-01-22 15:43:00,88.7,88.77,88.77,88.73,51.77790252
2023-01-22 15:42:00,88.68,88.77,88.7,88.77,36.69899652
2023-01-22 15:41:00,88.66,88.74,88.67,88.7,85.69204105
2023-01-22 15:40:00,88.61,88.66,88.65,88.64,89.0271388
2023-01-22 15:39:00,88.63,88.75,88.75,88.63,156.30639024
2023-01-22 15:38:00,88.48,88.76,88.53,88.76,116.41034703
2023-01-22 15:37:00,88.5,88.76,88.76,88.5,202.81497866
2023-01-22 15:36:00,88.75,88.85,88.85,88.75,52.60984326
2023-01-22 15:35:00,88.81,88.88,88.81,88.82,71.19946831
2023-01-22 15:34:00,88.8,88.88,88.85,88.82,320.70149502
2023-01-22 15:33:00,88.78,88.86,88.79,88.86,365.41592083
2023-01-22 15:32:00,88.69,88.89,88.84,88.81,171.22520381
2023-01-22 15:31:00,88.67,88.83,88.67,88.83,153.17774358
2023-01-22 15:30:00,88.45,88.64,88.46,88.64,66.01718952
2023-01-22 15:29:00,88.39,88.58,88.52,88.53,101.11627841
2023-01-22 15:28:00,88.38,88.57,88.49,88.54,423.91559728
2023-01-22 15:27:00,88.45,88.67,88.48,88.53,149.08087037
2023-01-22 15:26:00,88.43,88.61,88.61,88.53,179.99015772
2023-01-22 15:25:00,88.59,88.74,88.7,88.65,340.7027755
2023-01-22 15:24:00,88.11,88.71,88.11,88.71,1415.08663534
2023-01-22 15:23:00,87.82,89.06,88.69,88.07,3209.83708782
2023-01-22 15:22:00,88.48,89.46,89.46,88.66,1188.55887502
2023-01-22 15:21:00,89.46,89.61,89.59,89.54,50.96489624
2023-01-22 15:20:00,89.56,89.76,89.74,89.56,85.72364766
2023-01-22 15:19:00,89.73,89.88,89.88,89.78,429.97630542
2023-01-22 15:18:00,89.87,89.92,89.9,89.92,148.45523866
2023-01-22 15:17:00,89.86,89.93,89.91,89.91,46.75887817
2023-01-22 15:16:00,89.93,90.04,89.97,89.93,410.34917579
2023-01-22 15:15:00,89.9,89.97,89.9,89.97,19.37254318
2023-01-22 15:14:00,89.83,89.93,89.83,89.91,32.24705896
2023-01-22 15:13:00,89.78,89.88,89.86,89.84,16.05004406
2023-01-22 15:12:00,89.88,89.94,89.94,89.88,3.53571504
2023-01-22 15:11:00,89.81,89.95,89.84,89.95,29.78686146
2023-01-22 15:10:00,89.78,89.88,89.88,89.83,16.85586195
2023-01-22 15:09:00,89.79,89.88,89.84,89.83,26.57723478
2023-01-22 15:08:00,89.8,89.97,89.97,89.8,91.80170638
2023-01-22 15:07:00,89.9,89.99,89.91,89.99,18.24183514
2023-01-22 15:06:00,89.81,89.95,89.89,89.94,146.32212184
2023-01-22 15:05:00,89.89,90.0,89.89,89.92,132.91727279
2023-01-22 15:04:00,89.82,89.94,89.83,89.9,74.44271262
2023-01-22 15:03:00,89.83,89.9,89.9,89.86,121.41624845
2023-01-22 15:02:00,89.85,89.97,89.91,89.9,75.5005046
2023-01-22 15:01:00,89.75,89.92,89.75,89.89,5.19888108
2023-01-22 15:00:00,89.74,89.9,89.83,89.75,152.51546902
2023-01-22 14:59:00,89.76,89.88,89.78,89.85,47.81852736
2023-01-22 14:58:00,89.69,89.81,89.8,89.76,94.47313863
2023-01-22 14:57:00,89.75,89.93,89.79,89.83,849.4730963
2023-01-22 14:56:00,89.71,89.78,89.72,89.77,4.65782955
2023-01-22 14:55:00,89.75,89.87,89.82,89.76,49.11620743
2023-01-22 14:54:00,89.63,89.84,89.65,89.77,871.44173289
2023-01-22 14:53:00,89.54,89.7,89.54,89.67,284.66513195
2023-01-22 14:52:00,89.47,89.59,89.57,89.53,167.5722227
2023-01-22 14:51:00,89.41,89.57,89.41,89.57,33.38881793
2023-01-22 14:50:00,89.37,89.44,89.44,89.43,28.53017191
2023-01-22 14:49:00,89.45,89.52,89.49,89.46,14.48283433
2023-01-22 14:48:00,89.39,89.51,89.39,89.49,32.07578852
2023-01-22 14:47:00,89.4,89.52,89.52,89.43,49.33402595
2023-01-22 14:46:00,89.42,89.54,89.42,89.53,37.62835312
2023-01-22 14:45:00,89.46,89.52,89.5,89.48,17.52546267
2023-01-22 14:44:00,89.47,89.52,89.5,89.52,14.81685798
2023-01-22 14:43:00,89.5,89.55,89.51,89.5,66.83043539
2023-01-22 14:42:00,89.55,89.65,89.62,89.55,3.23994433
2023-01-22 14:41:00,89.61,89.65,89.62,89.63,44.67475265
2023-01-22 14:40:00,89.58,89.62,89.58,89.62,124.39699753
2023-01-22 14:39:00,89.54,89.62,89.59,89.54,40.91752549
2023-01-22 14:38:00,89.43,89.61,89.49,89.61,167.96218989
2023-01-22 14:37:00,89.45,89.61,89.6,89.49,276.13870088
2023-01-22 14:36:00,89.62,89.68,89.67,89.62,14.5276904
2023-01-22 14:35:00,89.62,89.85,89.83,89.63,467.1999363
2023-01-22 14:34:00,89.83,89.86,89.84,89.86,71.5915482
2023-01-22 14:33:00,89.77,89.84,89.77,89.82,356.42958702
2023-01-22 14:32:00,89.72,89.77,89.72,89.75,210.4394655
2023-01-22 14:31:00,89.67,89.76,89.67,89.74,28.49462423
2023-01-22 14:30:00,89.65,89.78,89.78,89.7,367.68409275
2023-01-22 14:29:00,89.76,89.8,89.8,89.79,378.94495192
2023-01-22 14:28:00,89.67,89.82,89.67,89.77,164.1321108
2023-01-22 14:27:00,89.62,89.65,89.64,89.64,5.75639182
2023-01-22 14:26:00,89.61,89.74,89.62,89.62,301.99918184
2023-01-22 14:25:00,89.48,89.62,89.48,89.58,45.53645657
2023-01-22 14:24:00,89.49,89.62,89.54,89.49,170.76099222
2023-01-22 14:23:00,89.44,89.6,89.47,89.52,1108.85134321
2023-01-22 14:22:00,89.33,89.47,89.33,89.47,155.18379891
2023-01-22 14:21:00,89.27,89.33,89.27,89.33,5.37827958
2023-01-22 14:20:00,89.21,89.3,89.21,89.3,55.38638029
2023-01-22 14:19:00,89.17,89.22,89.18,89.21,18.49658482
2023-01-22 14:18:00,89.15,89.19,89.19,89.16,32.08069793
2023-01-22 14:17:00,89.19,89.25,89.25,89.2,110.86435711
2023-01-22 14:16:00,89.17,89.26,89.19,89.25,51.39161129
2023-01-22 14:15:00,89.18,89.28,89.28,89.18,184.6576886
2023-01-22 14:14:00,89.22,89.29,89.22,89.25,42.64077089
2023-01-22 14:13:00,89.14,89.22,89.21,89.2,171.39702748
2023-01-22 14:12:00,89.21,89.27,89.24,89.24,95.18657106
2023-01-22 14:11:00,89.21,89.27,89.24,89.27,14.79169105
2023-01-22 14:10:00,89.15,89.24,89.15,89.24,1007.81192998
2023-01-22 14:09:00,89.12,89.17,89.12,89.17,34.05857718
2023-01-22 14:08:00,89.09,89.12,89.09,89.12,5.5784843
2023-01-22 14:07:00,89.08,89.15,89.12,89.09,32.89442896
2023-01-22 14:06:00,89.02,89.11,89.08,89.06,55.69180814
2023-01-22 14:05:00,89.02,89.14,89.02,89.09,69.27055794
2023-01-22 14:04:00,88.99,89.06,89.01,89.05,45.89705978
2023-01-22 14:03:00,89.05,89.12,89.12,89.06,222.65348372
2023-01-22 14:02:00,89.17,89.34,89.34,89.17,119.34720634
2023-01-22 14:01:00,89.31,89.35,89.35,89.31,22.27749358
2023-01-22 14:00:00,89.25,89.33,89.25,89.3,16.0811468
2023-01-22 13:59:00,89.28,89.32,89.32,89.28,19.30461136
2023-01-22 13:58:00,89.3,89.35,89.3,89.35,25.03430349
2023-01-22 13:57:00,89.25,89.31,89.31,89.26,30.12685455
2023-01-22 13:56:00,89.26,89.31,89.26,89.28,4.3659404
2023-01-22 13:55:00,89.29,89.34,89.33,89.29,3.94890549
2023-01-22 13:54:00,89.24,89.35,89.24,89.35,33.24610502
2023-01-22 13:53:00,89.21,89.25,89.25,89.23,10.21377998
2023-01-22 13:52:00,89.19,89.27,89.21,89.22,10.94254205
2023-01-22 13:51:00,89.22,89.26,89.24,89.22,56.79758617
2023-01-22 13:50:00,89.24,89.26,89.26,89.24,19.26291851
2023-01-22 13:49:00,89.26,89.32,89.31,89.29,13.76015449
2023-01-22 13:48:00,89.27,89.33,89.32,89.31,15.20546039
2023-01-22 13:47:00,89.27,89.35,89.35,89.32,2.93249384
2023-01-22 13:46:00,89.24,89.32,89.27,89.29,9.00323646
2023-01-22 13:45:00,89.26,89.3,89.28,89.28,14.84227757
2023-01-22 13:44:00,89.18,89.28,89.2,89.28,19.28887509
2023-01-22 13:43:00,89.24,89.28,89.25,89.25,4.48922489
2023-01-22 13:42:00,89.25,89.32,89.32,89.25,30.56315706
2023-01-22 13:41:00,89.3,89.38,89.38,89.34,3.39639448
2023-01-22 13:40:00,89.33,89.4,89.4,89.33,5.39387756
2023-01-22 13:39:00,89.38,89.43,89.43,89.41,32.56575828
2023-01-22 13:38:00,89.37,89.45,89.42,89.39,181.19975941
2023-01-22 13:37:00,89.34,89.43,89.34,89.43,72.68675416
2023-01-22 13:36:00,89.31,89.39,89.37,89.34,168.55818752
2023-01-22 13:35:00,89.31,89.37,89.37,89.36,22.35148037
2023-01-22 13:34:00,89.35,89.4,89.37,89.4,26.92935658
2023-01-22 13:33:00,89.27,89.36,89.27,89.36,65.80209665
2023-01-22 13:32:00,89.24,89.29,89.28,89.27,10.93077086
2023-01-22 13:31:00,89.29,89.36,89.33,89.3,138.53051225
2023-01-22 13:30:00,89.35,89.42,89.39,89.35,12.86328342
2023-01-22 13:29:00,89.37,89.42,89.37,89.42,29.02448963
2023-01-22 13:28:00,89.28,89.37,89.28,89.36,39.38475469
2023-01-22 13:27:00,89.2,89.28,89.2,89.28,29.35138617
2023-01-22 13:26:00,89.17,89.2,89.19,89.19,25.50843803
2023-01-22 13:25:00,89.19,89.27,89.23,89.2,47.96632371
2023-01-22 13:24:00,89.14,89.26,89.14,89.26,35.43437504
2023-01-22 13:23:00,89.11,89.18,89.16,89.13,60.38451406
2023-01-22 13:22:00,89.16,89.23,89.23,89.16,4.52618368
2023-01-22 13:21:00,89.23,89.32,89.32,89.23,31.80102778
2023-01-22 13:20:00,89.26,89.34,89.27,89.32,4.49764605
2023-01-22 13:19:00,89.22,89.32,89.23,89.31,7.96751259
2023-01-22 13:18:00,89.28,89.33,89.32,89.28,16.68997463
2023-01-22 13:17:00,89.33,89.39,89.33,89.36,10.74801652
2023-01-22 13:16:00,89.29,89.36,89.36,89.29,21.5557364
2023-01-22 13:15:00,89.34,89.36,89.35,89.36,2.17741126
2023-01-22 13:14:00,89.26,89.33,89.26,89.33,6.35043709
2023-01-22 13:13:00,89.25,89.32,89.32,89.25,257.73257766
2023-01-22 13:12:00,89.29,89.36,89.34,89.32,18.85405076
2023-01-22 13:11:00,89.34,89.42,89.42,89.36,149.81805037
2023-01-22 13:10:00,89.37,89.48,89.48,89.37,66.74901262
2023-01-22 13:09:00,89.43,89.56,89.43,89.49,67.49347536
2023-01-22 13:08:00,89.41,89.48,89.45,89.45,55.47970627
2023-01-22 13:07:00,89.41,89.46,89.43,89.42,14.57117362
2023-01-22 13:06:00,89.42,89.47,89.43,89.44,14.13733977
2023-01-22 13:05:00,89.39,89.52,89.52,89.52,30.26733594
2023-01-22 13:04:00,89.5,89.62,89.52,89.57,57.42735404
2023-01-22 13:03:00,89.45,89.58,89.51,89.49,251.4704299
2023-01-22 13:02:00,89.4,89.5,89.4,89.49,4.06758762
2023-01-22 13:01:00,89.29,89.44,89.44,89.32,193.59732104
2023-01-22 13:00:00,89.41,89.55,89.55,89.41,194.27137262
2023-01-22 12:59:00,89.46,89.55,89.5,89.55,108.22253026
2023-01-22 12:58:00,89.52,89.55,89.52,89.53,588.6870352
2023-01-22 12:57:00,89.43,89.54,89.43,89.54,48.81254241
2023-01-22 12:56:00,89.42,89.46,89.46,89.42,3.12046012
2023-01-22 12:55:00,89.38,89.55,89.55,89.44,12.40291136
2023-01-22 12:54:00,89.43,89.63,89.56,89.52,211.53457112
2023-01-22 12:53:00,89.46,89.6,89.52,89.53,381.57424569
2023-01-22 12:52:00,89.32,89.54,89.33,89.47,1559.65358452
2023-01-22 12:51:00,89.2,89.35,89.22,89.35,165.07744111
2023-01-22 12:50:00,89.15,89.19,89.18,89.19,54.14836001
2023-01-22 12:49:00,89.11,89.21,89.15,89.21,11.98949763
2023-01-22 12:48:00,89.1,89.2,89.17,89.1,38.7688698
2023-01-22 12:47:00,89.06,89.17,89.06,89.17,8.93810835
2023-01-22 12:46:00,88.98,89.06,88.98,89.06,22.85432385
2023-01-22 12:45:00,88.94,89.09,88.94,89.02,11.13173079
2023-01-22 12:44:00,88.93,89.01,89.01,88.95,52.6719687
2023-01-22 12:43:00,89.0,89.07,89.03,89.07,12.30592477
2023-01-22 12:42:00,88.95,89.03,88.95,89.03,63.18656254
2023-01-22 12:41:00,88.9,89.02,88.98,88.95,41.82476477
2023-01-22 12:40:00,88.89,88.97,88.91,88.95,67.35486869
2023-01-22 12:39:00,88.87,88.92,88.87,88.92,5.17148191
2023-01-22 12:38:00,88.76,88.86,88.76,88.86,91.98061295
2023-01-22 12:37:00,88.75,88.78,88.75,88.76,38.8715569
2023-01-22 12:36:00,88.69,88.77,88.71,88.77,16.92777651
2023-01-22 12:35:00,88.65,88.74,88.73,88.72,38.55914166
2023-01-22 12:34:00,88.66,88.75,88.66,88.73,38.54013284
2023-01-22 12:33:00,88.65,88.69,88.66,88.68,2.81841093
2023-01-22 12:32:00,88.63,88.69,88.66,88.63,25.74187806
2023-01-22 12:31:00,88.55,88.66,88.55,88.66,12.55781809
2023-01-22 12:30:00,88.37,88.55,88.43,88.55,207.28143523
2023-01-22 12:29:00,88.42,88.55,88.55,88.47,106.98597526
2023-01-22 12:28:00,88.55,88.62,88.6,88.55,22.47667858
2023-01-22 12:27:00,88.55,88.64,88.61,88.61,63.20370802
2023-01-22 12:26:00,88.59,88.7,88.7,88.61,10.86170986
2023-01-22 12:25:00,88.69,88.73,88.7,88.72,37.67890611
2023-01-22 12:24:00,88.67,88.71,88.67,88.68,64.66563478
2023-01-22 12:23:00,88.7,88.73,88.73,88.7,14.12926714
2023-01-22 12:22:00,88.67,88.75,88.68,88.75,18.98039793
2023-01-22 12:21:00,88.65,88.69,88.65,88.69,2.51944624
2023-01-22 12:20:00,88.65,88.74,88.72,88.65,94.26903217
2023-01-22 12:19:00,88.72,88.75,88.73,88.75,10.07710141
2023-01-22 12:18:00,88.7,88.74,88.73,88.73,8.66112684
2023-01-22 12:17:00,88.7,88.73,88.7,88.73,1.91374382
2023-01-22 12:16:00,88.68,88.73,88.68,88.72,52.66764808
2023-01-22 12:15:00,88.61,88.64,88.61,88.64,36.01699723
2023-01-22 12:14:00,88.56,88.68,88.67,88.56,6.30123727
2023-01-22 12:13:00,88.61,88.69,88.64,88.67,68.98077474
2023-01-22 22:13:00,87.48,87.56,87.48,87.56,17.89332113
2023-01-22 22:12:00,87.39,87.5,87.41,87.5,35.78586907
2023-01-22 22:11:00,87.35,87.41,87.35,87.39,40.07620085
2023-01-22 22:10:00,87.32,87.41,87.39,87.32,68.14052814
2023-01-22 22:09:00,87.33,87.45,87.33,87.45,128.18752791
2023-01-22 22:08:00,87.36,87.46,87.43,87.37,41.31324145
2023-01-22 22:07:00,87.35,87.52,87.35,87.43,209.3160577
2023-01-22 22:06:00,87.26,87.35,87.33,87.35,262.14389
2023-01-22 22:05:00,87.28,87.35,87.35,87.33,124.16133398
2023-01-22 22:04:00,87.35,87.42,87.42,87.38,132.94142339
2023-01-22 22:03:00,87.39,87.47,87.46,87.39,16.19610101
2023-01-22 22:02:00,87.43,87.5,87.5,87.45,36.19499223
2023-01-22 22:01:00,87.49,87.54,87.49,87.51,54.03505549
2023-01-22 22:00:00,87.45,87.53,87.53,87.49,45.82462351
2023-01-22 21:59:00,87.46,87.55,87.46,87.5,77.11774365
2023-01-22 21:58:00,87.35,87.48,87.35,87.46,36.86555882
2023-01-22 21:57:00,87.39,87.49,87.49,87.4,27.11095695
2023-01-22 21:56:00,87.45,87.57,87.53,87.5,185.76048557
2023-01-22 21:55:00,87.51,87.59,87.55,87.51,103.0429737
2023-01-22 21:54:00,87.54,87.59,87.59,87.57,39.40027201
2023-01-22 21:53:00,87.5,87.59,87.54,87.58,85.81618039
2023-01-22 21:52:00,87.37,87.54,87.42,87.53,268.99195124
2023-01-22 21:51:00,87.41,87.45,87.44,87.44,41.03435439
2023-01-22 21:50:00,87.39,87.47,87.4,87.46,30.95487672
2023-01-22 21:49:00,87.42,87.46,87.42,87.44,8.46112727
2023-01-22 21:48:00,87.35,87.42,87.36,87.42,18.04574049
2023-01-22 21:47:00,87.28,87.39,87.34,87.39,178.94163865
2023-01-22 21:46:00,87.33,87.39,87.38,87.35,21.19209568
2023-01-22 21:45:00,87.36,87.49,87.49,87.39,27.5972243
2023-01-22 21:44:00,87.39,87.53,87.39,87.52,134.27884964
2023-01-22 21:43:00,87.34,87.4,87.38,87.39,94.97349903
2023-01-22 21:42:00,87.36,87.4,87.38,87.36,82.42349378
2023-01-22 21:41:00,87.36,87.44,87.41,87.41,409.83334964
2023-01-22 21:40:00,87.44,87.51,87.5,87.45,66.65792309
2023-01-22 21:39:00,87.4,87.51,87.42,87.51,133.99671188
2023-01-22 21:38:00,87.43,87.47,87.47,87.44,231.48749858
2023-01-22 21:37:00,87.5,87.54,87.5,87.53,46.59350631
2023-01-22 21:36:00,87.43,87.48,87.47,87.48,3237.72220605
2023-01-22 21:35:00,87.47,87.55,87.53,87.47,125.6376346
2023-01-22 21:34:00,87.48,87.56,87.5,87.52,137.47313636
2023-01-22 21:33:00,87.33,87.51,87.37,87.49,2009.85515134
2023-01-22 21:32:00,87.31,87.44,87.31,87.4,569.81627282
2023-01-22 21:31:00,87.26,87.34,87.31,87.33,33.35670352
2023-01-22 21:30:00,87.24,87.31,87.24,87.26,30.2347153
2023-01-22 21:29:00,87.16,87.27,87.16,87.21,317.40448829
2023-01-22 21:28:00,87.05,87.2,87.05,87.17,88.59592881
2023-01-22 21:27:00,87.01,87.13,87.06,87.12,46.59699332
2023-01-22 21:26:00,87.01,87.1,87.07,87.08,39.099645
2023-01-22 21:25:00,86.98,87.12,87.01,87.09,54.38231784
2023-01-22 21:24:00,86.92,87.13,86.92,87.01,74.28099198
2023-01-22 21:23:00,86.67,86.95,86.67,86.9,81.47502633
2023-01-22 21:22:00,86.69,86.89,86.89,86.72,209.00088756
2023-01-22 21:21:00,86.82,86.9,86.85,86.88,13.31814764
2023-01-22 21:20:00,86.67,86.84,86.75,86.81,51.37984669
2023-01-22 21:19:00,86.75,86.85,86.84,86.75,70.43226704
2023-01-22 21:18:00,86.84,86.9,86.9,86.88,116.44221601
2023-01-22 21:17:00,86.86,87.06,87.03,86.88,224.58515856
2023-01-22 21:16:00,86.94,87.04,86.97,87.02,29.51719619
2023-01-22 21:15:00,86.83,86.99,86.83,86.97,145.92930701
2023-01-22 21:14:00,86.65,86.91,86.73,86.88,757.94938089
2023-01-22 21:13:00,86.63,86.85,86.83,86.63,1026.81526088
2023-01-22 21:12:00,86.8,86.99,86.99,86.86,109.08501417
2023-01-22 21:11:00,86.97,87.08,87.07,86.98,17.52243803
2023-01-22 21:10:00,86.88,87.07,86.88,87.07,32.11217957
2023-01-22 21:09:00,86.79,86.92,86.89,86.91,39.3823634
2023-01-22 21:08:00,86.89,87.08,87.05,86.9,381.15297722
2023-01-22 21:07:00,87.0,87.17,87.17,87.0,34.55386116
2023-01-22 21:06:00,87.11,87.26,87.17,87.16,20.72165976
2023-01-22 21:05:00,87.2,87.28,87.25,87.24,60.96427547
2023-01-22 21:04:00,87.13,87.25,87.18,87.24,41.11368302
2023-01-22 21:03:00,87.13,87.26,87.18,87.22,368.22683989
2023-01-22 21:02:00,87.07,87.18,87.13,87.14,53.26177889
2023-01-22 21:01:00,86.93,87.12,86.97,87.07,142.92796789
2023-01-22 21:00:00,86.84,87.03,87.03,86.98,223.69517521
2023-01-22 20:59:00,86.85,87.06,86.85,87.06,643.67262773
2023-01-22 20:58:00,86.85,86.98,86.86,86.91,117.40625652
2023-01-22 20:57:00,86.87,87.09,87.07,86.93,258.2262839
2023-01-22 20:56:00,86.89,87.17,86.92,87.14,354.30754259
2023-01-22 20:55:00,86.82,86.99,86.82,86.97,62.79756954
2023-01-22 20:54:00,86.75,87.12,87.0,86.82,113.36506094
2023-01-22 20:53:00,86.52,87.24,87.24,86.92,2147.29732542
2023-01-22 20:52:00,87.13,87.34,87.3,87.25,712.09590271
2023-01-22 20:51:00,87.3,87.42,87.42,87.31,272.00628115
2023-01-22 20:50:00,87.37,87.44,87.43,87.4,34.51090443
2023-01-22 20:49:00,87.43,87.51,87.5,87.43,192.4085845
2023-01-22 20:48:00,87.5,87.59,87.54,87.56,148.12728086
2023-01-22 20:47:00,87.42,87.51,87.49,87.49,32.75954593
2023-01-22 20:46:00,87.47,87.56,87.56,87.48,78.8195329
2023-01-22 20:45:00,87.48,87.61,87.48,87.56,121.33843634
2023-01-22 20:44:00,87.48,87.57,87.53,87.51,50.04788151
2023-01-22 20:43:00,87.47,87.67,87.67,87.49,232.19385038
2023-01-22 20:42:00,87.62,87.76,87.7,87.66,64.28639602
2023-01-22 20:41:00,87.66,87.76,87.7,87.67,241.37576747
2023-01-22 20:40:00,87.3,87.66,87.47,87.65,762.63005157
2023-01-22 20:39:00,87.52,87.63,87.52,87.54,56.41112468
2023-01-22 20:38:00,87.43,87.55,87.52,87.54,250.51361045
2023-01-22 20:37:00,87.51,87.69,87.68,87.6,141.23253171
2023-01-22 20:36:00,87.6,87.69,87.65,87.69,38.17073775
2023-01-22 20:35:00,87.59,87.69,87.6,87.68,41.72298158
2023-01-22 20:34:00,87.58,87.68,87.68,87.65,172.73063115
2023-01-22 20:33:00,87.66,87.75,87.71,87.67,40.17406854
2023-01-22 20:32:00,87.68,87.79,87.79,87.71,25.29010594
2023-01-22 20:31:00,87.67,87.79,87.68,87.74,113.77375382
2023-01-22 20:30:00,87.5,87.72,87.6,87.7,84.93991949
2023-01-22 20:29:00,87.55,87.67,87.66,87.62,69.54186136
2023-01-22 20:28:00,87.58,87.72,87.68,87.69,145.6344528
2023-01-22 20:27:00,87.66,87.82,87.77,87.69,137.20988699
2023-01-22 20:26:00,87.75,87.88,87.88,87.75,42.0735839
2023-01-22 20:25:00,87.88,87.95,87.91,87.89,60.79140567
2023-01-22 20:24:00,87.88,87.98,87.95,87.94,218.89005901
2023-01-22 20:23:00,87.91,87.98,87.91,87.92,44.44200516
2023-01-22 20:22:00,87.77,87.97,87.8,87.91,97.4517792
2023-01-22 20:21:00,87.76,87.83,87.76,87.8,58.7291326
2023-01-22 20:20:00,87.78,87.86,87.83,87.78,26.64441255
2023-01-22 20:19:00,87.83,87.88,87.83,87.86,31.32743095
2023-01-22 20:18:00,87.8,88.03,87.96,87.86,214.41461498
2023-01-22 20:17:00,87.89,87.95,87.92,87.95,45.87756928
2023-01-22 20:16:00,87.75,87.91,87.75,87.9,97.95237508
2023-01-22 20:15:00,87.58,87.72,87.69,87.7,91.85202762
2023-01-22 20:14:00,87.63,87.82,87.77,87.7,402.44259619
2023-01-22 20:13:00,87.74,87.88,87.88,87.82,37.92120444
2023-01-22 20:12:00,87.86,87.97,87.97,87.88,111.75654198
2023-01-22 20:11:00,87.78,87.99,87.82,87.94,61.90983441
2023-01-22 20:10:00,87.78,87.93,87.78,87.85,52.91530599
2023-01-22 20:09:00,87.69,87.86,87.84,87.86,153.83162948
2023-01-22 20:08:00,87.67,87.94,87.8,87.89,487.33127974
2023-01-22 20:07:00,87.26,87.77,87.31,87.77,1645.26639338
2023-01-22 20:06:00,87.25,88.12,88.06,87.34,2802.5686991
2023-01-22 20:05:00,88.07,88.37,88.36,88.12,591.95296639
2023-01-22 20:04:00,88.23,88.37,88.35,88.34,339.79882546
2023-01-22 20:03:00,88.37,88.49,88.46,88.41,132.66271709
2023-01-22 20:02:00,88.39,88.57,88.57,88.39,35.21044909
2023-01-22 20:01:00,88.42,88.6,88.6,88.53,170.97169834
2023-01-22 20:00:00,88.53,88.64,88.57,88.58,70.1190138
2023-01-22 19:59:00,88.46,88.59,88.52,88.58,113.73274923
2023-01-22 19:58:00,88.49,88.64,88.51,88.61,143.76900425
2023-01-22 19:57:00,88.36,88.72,88.72,88.51,846.26297278
2023-01-22 19:56:00,88.68,88.79,88.76,88.68,147.75575925
2023-01-22 19:55:00,88.7,88.76,88.75,88.76,25.07585724
2023-01-22 19:54:00,88.72,88.8,88.72,88.75,98.95457722
2023-01-22 19:53:00,88.76,88.87,88.87,88.76,94.43544753
2023-01-22 19:52:00,88.87,88.93,88.91,88.89,61.95018954
2023-01-22 19:51:00,88.89,88.92,88.91,88.92,16.50551999
2023-01-22 19:50:00,88.89,88.93,88.89,88.9,17.87592744
2023-01-22 19:49:00,88.9,88.93,88.93,88.91,55.54829894
2023-01-22 19:48:00,88.87,88.93,88.89,88.93,8.20560608
2023-01-22 19:47:00,88.87,88.94,88.94,88.89,41.87400347
2023-01-22 19:46:00,88.91,88.97,88.97,88.94,112.35868173
2023-01-22 19:45:00,88.9,88.98,88.9,88.97,18.42624161
2023-01-22 19:44:00,88.89,88.93,88.92,88.89,17.32316566
2023-01-22 19:43:00,88.84,88.89,88.89,88.89,71.15034891
2023-01-22 19:42:00,88.87,88.93,88.88,88.9,13.58636603
2023-01-22 19:41:00,88.85,88.97,88.9,88.86,448.03747095
2023-01-22 19:40:00,88.86,88.94,88.86,88.9,109.60223247
2023-01-22 19:39:00,88.84,88.89,88.87,88.89,14.04490822
2023-01-22 19:38:00,88.8,88.86,88.81,88.82,62.73618866
2023-01-22 19:37:00,88.67,88.81,88.68,88.8,134.58896674
2023-01-22 19:36:00,88.71,88.77,88.76,88.71,15.97277753
2023-01-22 19:35:00,88.73,88.77,88.74,88.76,51.8436307
2023-01-22 19:34:00,88.76,88.83,88.83,88.76,43.36641507
2023-01-22 19:33:00,88.77,88.82,88.77,88.79,7.58516414
2023-01-22 19:32:00,88.69,88.74,88.71,88.74,27.52986389
2023-01-22 19:31:00,88.65,88.74,88.7,88.73,14.34146977
2023-01-22 19:30:00,88.66,88.71,88.71,88.67,9.8288032
2023-01-22 19:29:00,88.71,88.75,88.71,88.72,30.80393059
2023-01-22 19:28:00,88.59,88.68,88.66,88.68,16.74395502
2023-01-22 19:27:00,88.66,88.71,88.71,88.66,33.46664126
2023-01-22 19:26:00,88.65,88.8,88.69,88.73,333.78468651
2023-01-22 19:25:00,88.68,88.79,88.77,88.7,35.66935449
2023-01-22 19:24:00,88.78,88.85,88.78,88.8,25.23960244
2023-01-22 19:23:00,88.79,88.86,88.82,88.79,68.47885302
2023-01-22 19:22:00,88.78,88.84,88.79,88.84,28.64971888
2023-01-22 19:21:00,88.75,88.82,88.8,88.77,13.41750441
2023-01-22 19:20:00,88.73,88.79,88.74,88.79,11.70261805
2023-01-22 19:19:00,88.74,88.79,88.75,88.76,40.03723967
2023-01-22 19:18:00,88.7,88.81,88.81,88.75,19.4567886
2023-01-22 19:17:00,88.79,88.86,88.8,88.79,27.95450228
2023-01-22 19:16:00,88.71,88.8,88.71,88.8,249.13671831
2023-01-22 19:15:00,88.61,88.71,88.66,88.71,45.82811106
2023-01-22 19:14:00,88.62,88.77,88.77,88.63,19.03864869
2023-01-22 19:13:00,88.73,88.81,88.73,88.77,10.71735653
2023-01-22 19:12:00,88.71,88.8,88.77,88.77,18.49050262
2023-01-22 19:11:00,88.77,88.85,88.85,88.77,21.85504977
2023-01-22 19:10:00,88.79,88.87,88.82,88.83,41.0349371
2023-01-22 19:09:00,88.7,88.8,88.7,88.79,34.01236032
2023-01-22 19:08:00,88.65,88.77,88.77,88.69,66.20090498
2023-01-22 19:07:00,88.59,88.78,88.74,88.71,518.08833906
2023-01-22 19:06:00,88.77,88.89,88.88,88.79,92.57965768
2023-01-22 19:05:00,88.88,88.93,88.89,88.9,54.68755457
2023-01-22 19:04:00,88.85,88.93,88.92,88.93,35.39015845
2023-01-22 19:03:00,88.89,88.93,88.89,88.93,25.89964371
2023-01-22 19:02:00,88.84,88.91,88.84,88.9,66.54842353
2023-01-22 19:01:00,88.79,88.88,88.81,88.86,22.39063558
2023-01-22 19:00:00,88.74,88.84,88.84,88.79,111.35306855
2023-01-22 18:59:00,88.84,88.89,88.87,88.86,20.6463597
2023-01-22 18:58:00,88.82,88.9,88.86,88.87,45.93847422
2023-01-22 18:57:00,88.85,88.94,88.92,88.9,22.02316221
2023-01-22 18:56:00,88.88,88.97,88.91,88.92,16.1833072
2023-01-22 18:55:00,88.75,88.91,88.75,88.91,25.33377431
2023-01-22 18:54:00,88.75,88.94,88.94,88.75,39.66580992
2023-01-22 18:53:00,88.88,88.95,88.95,88.94,9.28605672
2023-01-22 18:52:00,88.88,88.96,88.88,88.92,40.36221531
2023-01-22 18:51:00,88.82,88.89,88.88,88.88,82.5896174
2023-01-22 18:50:00,88.78,88.88,88.83,88.83,10.05532391
2023-01-22 18:49:00,88.83,88.9,88.87,88.83,16.5692354
2023-01-22 18:48:00,88.82,88.89,88.83,88.87,41.80986966
2023-01-22 18:47:00,88.79,88.94,88.94,88.83,119.37124793
2023-01-22 18:46:00,88.85,88.94,88.87,88.94,29.82393383
2023-01-22 18:45:00,88.81,88.87,88.82,88.86,35.70096111
2023-01-22 18:44:00,88.73,88.84,88.8,88.82,107.89084756
2023-01-22 18:43:00,88.8,89.0,89.0,88.8,232.31257584
2023-01-22 18:42:00,88.92,88.98,88.92,88.98,33.73401123
2023-01-22 18:41:00,88.9,88.98,88.9,88.95,9.0417451
2023-01-22 18:40:00,88.83,88.92,88.92,88.9,16.99624998
2023-01-22 18:39:00,88.87,88.93,88.87,88.93,73.43638781
2023-01-22 18:38:00,88.86,88.97,88.95,88.88,41.90607137
2023-01-22 18:37:00,88.91,88.98,88.98,88.95,62.42279735
2023-01-22 18:36:00,88.81,88.98,88.9,88.98,69.69715719
2023-01-22 18:35:00,88.83,89.02,88.94,88.9,60.52671637
2023-01-22 18:34:00,88.93,89.04,89.03,88.93,121.50434992
2023-01-22 18:33:00,89.03,89.14,89.14,89.03,71.12559148
2023-01-22 18:32:00,89.13,89.19,89.19,89.15,35.61595985
2023-01-22 18:31:00,89.13,89.17,89.16,89.16,34.06474332
2023-01-22 18:30:00,89.12,89.18,89.12,89.14,8.88397498
2023-01-22 18:29:00,89.08,89.12,89.08,89.11,18.16814362
2023-01-22 18:28:00,89.05,89.17,89.13,89.08,101.52282099
2023-01-22 18:27:00,89.16,89.26,89.26,89.17,37.49089209
2023-01-22 18:26:00,89.21,89.28,89.21,89.21,81.81526972
2023-01-22 18:25:00,89.19,89.28,89.28,89.19,43.25058299
2023-01-22 18:24:00,89.21,89.35,89.24,89.32,280.58474299
2023-01-22 18:23:00,89.21,89.33,89.32,89.24,47.98955319
2023-01-22 18:22:00,89.27,89.36,89.36,89.32,47.7686225
2023-01-22 18:21:00,89.31,89.36,89.34,89.35,27.15140248
2023-01-22 18:20:00,89.27,89.33,89.27,89.33,61.98214164
2023-01-22 18:19:00,89.16,89.28,89.16,89.26,67.42990462
2023-01-22 18:18:00,89.08,89.2,89.08,89.2,124.06521446
2023-01-22 18:17:00,89.02,89.11,89.06,89.11,26.60177234
2023-01-22 18:16:00,89.03,89.11,89.11,89.06,24.44181754
2023-01-22 18:15:00,89.1,89.25,89.2,89.1,445.04034588
2023-01-22 18:14:00,89.17,89.24,89.19,89.18,25.69757922
2023-01-22 18:13:00,89.06,89.16,89.1,89.14,106.1366185
2023-01-22 18:12:00,89.07,89.25,89.23,89.11,308.76751843
2023-01-22 18:11:00,89.24,89.34,89.3,89.28,145.69565395
2023-01-22 18:10:00,89.26,89.32,89.3,89.28,46.21169337
2023-01-22 18:09:00,89.27,89.35,89.27,89.31,66.21725098
2023-01-22 18:08:00,89.24,89.33,89.3,89.27,133.6416216
2023-01-22 18:07:00,89.19,89.33,89.22,89.29,160.58247153
2023-01-22 18:06:00,89.05,89.27,89.05,89.22,541.95712585
2023-01-22 18:05:00,88.99,89.11,88.99,89.06,868.52969595
2023-01-22 18:04:00,88.97,89.0,89.0,88.99,1324.91486405
2023-01-22 18:03:00,88.87,89.0,88.95,89.0,459.86497144
2023-01-22 18:02:00,88.91,89.0,88.99,88.94,129.82748864
2023-01-22 18:01:00,88.92,89.16,89.16,89.0,2275.31548644
2023-01-22 18:00:00,89.17,89.28,89.28,89.2,45.27218045
2023-01-22 17:59:00,89.21,89.26,89.21,89.26,18.76776113
2023-01-22 17:58:00,89.2,89.21,89.21,89.21,3.26011063
2023-01-22 17:57:00,89.19,89.23,89.22,89.22,43.44406533
2023-01-22 17:56:00,89.18,89.26,89.23,89.22,28.66867155
2023-01-22 17:55:00,89.17,89.29,89.29,89.19,240.07766252
2023-01-22 17:54:00,89.26,89.35,89.29,89.26,184.75146847
2023-01-22 17:53:00,89.29,89.35,89.35,89.29,12.16034504
2023-01-22 17:52:00,89.28,89.36,89.28,89.34,15.86113521
2023-01-22 17:51:00,89.27,89.34,89.3,89.27,66.62069822
2023-01-22 17:50:00,89.3,89.36,89.35,89.33,36.66242009
2023-01-22 17:49:00,89.39,89.47,89.41,89.39,15.65457513
2023-01-22 17:48:00,89.42,89.51,89.42,89.43,45.73339334
2023-01-22 17:47:00,89.32,89.47,89.33,89.45,45.27186652
2023-01-22 17:46:00,89.31,89.44,89.39,89.33,62.5495927
2023-01-22 17:45:00,89.28,89.36,89.28,89.36,43.83949723
2023-01-22 17:44:00,89.25,89.37,89.35,89.27,340.25117872
2023-01-22 17:43:00,89.34,89.45,89.44,89.35,55.0372422
2023-01-22 17:42:00,89.4,89.48,89.4,89.44,23.78619701
2023-01-22 17:41:00,89.38,89.51,89.46,89.41,13.41940822
2023-01-22 17:40:00,89.44,89.55,89.55,89.45,12.65959672
2023-01-22 17:39:00,89.5,89.61,89.54,89.56,268.03729209
2023-01-22 17:38:00,89.46,89.57,89.48,89.55,42.2259542
2023-01-22 17:37:00,89.5,89.64,89.64,89.51,261.73491491
2023-01-22 17:36:00,89.61,89.73,89.65,89.64,26.58375954
2023-01-22 17:35:00,89.49,89.72,89.49,89.68,133.06839421
2023-01-22 17:34:00,89.43,89.51,89.48,89.51,18.95088596
2023-01-22 17:33:00,89.48,89.58,89.53,89.49,295.75813894
2023-01-22 17:32:00,89.53,89.7,89.69,89.56,273.21800833
2023-01-22 17:31:00,89.61,89.78,89.69,89.62,294.10260471
2023-01-22 17:30:00,89.51,89.67,89.57,89.63,3078.07727488
2023-01-22 17:29:00,89.51,89.62,89.59,89.56,26.18280765
2023-01-22 17:28:00,89.54,89.61,89.55,89.59,15.84327686
2023-01-22 17:27:00,89.45,89.59,89.54,89.47,180.18727683
2023-01-22 17:26:00,89.4,89.52,89.47,89.52,145.08394802
2023-01-22 17:25:00,89.4,89.48,89.44,89.48,39.53778873
2023-01-22 17:24:00,89.37,89.46,89.38,89.46,65.05083843
2023-01-22 17:23:00,89.29,89.4,89.29,89.4,35.23618991
2023-01-22 17:22:00,89.22,89.29,89.29,89.29,67.1210698
2023-01-22 17:21:00,89.19,89.32,89.3,89.22,109.14470965
2023-01-22 17:20:00,89.26,89.35,89.32,89.34,32.33451126
2023-01-22 17:19:00,89.24,89.33,89.24,89.32,20.1159779
2023-01-22 17:18:00,89.1,89.25,89.14,89.25,16.23441044
2023-01-22 17:17:00,89.1,89.17,89.13,89.14,51.5077158
2023-01-22 17:16:00,89.08,89.22,89.22,89.11,47.96726476
2023-01-22 17:15:00,89.13,89.24,89.17,89.18,15.34619997
2023-01-22 17:14:00,89.11,89.19,89.17,89.19,23.14311788
2023-01-22 17:13:00,89.16,89.23,89.17,89.18,24.26104655
2023-01-23 03:13:00,88.43,88.51,88.43,88.5,15.62169391
2023-01-23 03:12:00,88.39,88.45,88.41,88.45,58.4581109
2023-01-23 03:11:00,88.43,88.48,88.45,88.44,32.49192847
2023-01-23 03:10:00,88.44,88.48,88.48,88.44,9.16562065
2023-01-23 03:09:00,88.4,88.48,88.41,88.48,70.46262239
2023-01-23 03:08:00,88.39,88.43,88.39,88.4,20.52457715
2023-01-23 03:07:00,88.35,88.39,88.39,88.36,6.67972223
2023-01-23 03:06:00,88.34,88.42,88.35,88.39,172.12166421
2023-01-23 03:05:00,88.31,88.39,88.31,88.36,34.30058026
2023-01-23 03:04:00,88.32,88.46,88.46,88.32,312.36145268
2023-01-23 03:03:00,88.39,88.46,88.39,88.46,18.02848465
2023-01-23 03:02:00,88.4,88.44,88.43,88.41,16.8871242
2023-01-23 03:01:00,88.35,88.45,88.39,88.43,40.38593519
2023-01-23 03:00:00,88.35,88.46,88.46,88.39,81.14205191
2023-01-23 02:59:00,88.41,88.46,88.43,88.46,11.55697662
2023-01-23 02:58:00,88.4,88.48,88.48,88.4,5.86974133
2023-01-23 02:57:00,88.44,88.48,88.46,88.44,1.39020636
2023-01-23 02:56:00,88.36,88.47,88.36,88.47,139.51101512
2023-01-23 02:55:00,88.34,88.42,88.37,88.36,120.11378391
2023-01-23 02:54:00,88.38,88.42,88.4,88.38,74.2641947
2023-01-23 02:53:00,88.33,88.4,88.33,88.4,13.11275465
2023-01-23 02:52:00,88.33,88.38,88.35,88.35,8.87326769
2023-01-23 02:51:00,88.33,88.37,88.36,88.34,19.73720024
2023-01-23 02:50:00,88.33,88.39,88.37,88.35,55.47182828
2023-01-23 02:49:00,88.33,88.37,88.33,88.37,30.39171785
2023-01-23 02:48:00,88.25,88.35,88.25,88.31,131.4385776
2023-01-23 02:47:00,88.21,88.27,88.21,88.25,20.11076869
2023-01-23 02:46:00,88.17,88.21,88.21,88.21,120.60565965
2023-01-23 02:45:00,88.19,88.22,88.2,88.22,49.3129921
2023-01-23 02:44:00,88.17,88.24,88.19,88.22,49.40310237
2023-01-23 02:43:00,88.15,88.22,88.15,88.16,77.37645436
2023-01-23 02:42:00,88.08,88.15,88.08,88.12,46.99590027
2023-01-23 02:41:00,88.1,88.2,88.15,88.13,33.95708196
2023-01-23 02:40:00,88.15,88.19,88.19,88.15,3.55022639
2023-01-23 02:39:00,88.19,88.23,88.23,88.22,20.77344329
2023-01-23 02:38:00,88.21,88.27,88.25,88.23,64.14852663
2023-01-23 02:37:00,88.19,88.23,88.19,88.23,4.42481031
2023-01-23 02:36:00,88.19,88.24,88.22,88.19,28.94603645
2023-01-23 02:35:00,88.16,88.23,88.21,88.23,116.50289341
2023-01-23 02:34:00,88.14,88.21,88.21,88.21,11.43250634
2023-01-23 02:33:00,88.22,88.26,88.26,88.22,5.08362826
2023-01-23 02:32:00,88.27,88.33,88.3,88.27,10.98080497
2023-01-23 02:31:00,88.22,88.29,88.25,88.29,13.34367272
2023-01-23 02:30:00,88.25,88.29,88.26,88.29,49.17724924
2023-01-23 02:29:00,88.21,88.3,88.24,88.25,28.49939572
2023-01-23 02:28:00,88.21,88.29,88.29,88.25,48.42575471
2023-01-23 02:27:00,88.25,88.3,88.27,88.3,13.49878406
2023-01-23 02:26:00,88.22,88.26,88.25,88.23,31.11233164
2023-01-23 02:25:00,88.24,88.3,88.28,88.24,20.16664151
2023-01-23 02:24:00,88.21,88.27,88.23,88.24,11.33399191
2023-01-23 02:23:00,88.24,88.35,88.35,88.26,20.83636755
2023-01-23 02:22:00,88.32,88.46,88.45,88.35,17.70794001
2023-01-23 02:21:00,88.39,88.45,88.4,88.45,49.39509181
2023-01-23 02:20:00,88.35,88.44,88.42,88.42,59.6678471
2023-01-23 02:19:00,88.4,88.48,88.45,88.43,26.87164189
2023-01-23 02:18:00,88.43,88.48,88.48,88.44,70.54797424
2023-01-23 02:17:00,88.45,88.5,88.47,88.46,44.87697102
2023-01-23 02:16:00,88.31,88.47,88.31,88.47,356.30252713
2023-01-23 02:15:00,88.32,88.38,88.36,88.35,90.11813461
2023-01-23 02:14:00,88.31,88.39,88.34,88.36,49.9891921
2023-01-23 02:13:00,88.31,88.36,88.35,88.34,31.65359949
2023-01-23 02:12:00,88.31,88.38,88.38,88.35,242.38414671
2023-01-23 02:11:00,88.36,88.39,88.39,88.36,13.19882583
2023-01-23 02:10:00,88.33,88.39,88.33,88.39,20.00636273
2023-01-23 02:09:00,88.26,88.36,88.26,88.32,135.40416778
2023-01-23 02:08:00,88.24,88.31,88.28,88.28,46.28306849
2023-01-23 02:07:00,88.26,88.32,88.31,88.28,64.23025615
2023-01-23 02:06:00,88.22,88.31,88.25,88.31,14.20904079
2023-01-23 02:05:00,88.11,88.24,88.11,88.2,60.7826556
2023-01-23 02:04:00,88.08,88.22,88.21,88.12,37.76841799
2023-01-23 02:03:00,88.19,88.29,88.26,88.19,35.74740036
2023-01-23 02:02:00,88.15,88.27,88.16,88.26,80.87387361
2023-01-23 02:01:00,88.12,88.24,88.24,88.15,133.71120523
2023-01-23 02:00:00,88.15,88.22,88.19,88.22,59.85742862
2023-01-23 01:59:00,88.1,88.18,88.18,88.15,108.53757556
2023-01-23 01:58:00,88.15,88.24,88.24,88.15,33.2923897
2023-01-23 01:57:00,88.22,88.36,88.36,88.24,103.80611841
2023-01-23 01:56:00,88.27,88.35,88.32,88.35,124.55628444
2023-01-23 01:55:00,88.21,88.32,88.25,88.29,9.19809881
2023-01-23 01:54:00,88.19,88.31,88.28,88.21,44.37576128
2023-01-23 01:53:00,88.2,88.32,88.27,88.31,378.34381822
2023-01-23 01:52:00,88.26,88.42,88.42,88.31,101.99616848
2023-01-23 01:51:00,88.37,88.49,88.49,88.37,227.6176917
2023-01-23 01:50:00,88.42,88.5,88.44,88.5,204.39314655
2023-01-23 01:49:00,88.37,88.43,88.38,88.41,12.1667895
2023-01-23 01:48:00,88.32,88.4,88.33,88.39,23.42130507
2023-01-23 01:47:00,88.29,88.36,88.33,88.36,27.99105331
2023-01-23 01:46:00,88.31,88.38,88.38,88.33,115.2169405
2023-01-23 01:45:00,88.32,88.41,88.32,88.4,95.81410038
2023-01-23 01:44:00,88.3,88.34,88.31,88.31,39.32964926
2023-01-23 01:43:00,88.29,88.35,88.3,88.31,3.86946737
2023-01-23 01:42:00,88.29,88.33,88.33,88.3,4.59103617
2023-01-23 01:41:00,88.28,88.32,88.28,88.31,47.30039812
2023-01-23 01:40:00,88.28,88.35,88.33,88.28,8.92492502
2023-01-23 01:39:00,88.3,88.36,88.36,88.3,31.07384265
2023-01-23 01:38:00,88.31,88.42,88.31,88.35,23.9937252
2023-01-23 01:37:00,88.31,88.38,88.38,88.34,3.8730081
2023-01-23 01:36:00,88.3,88.36,88.34,88.32,101.84302346
2023-01-23 01:35:00,88.35,88.44,88.44,88.35,38.66293008
2023-01-23 01:34:00,88.39,88.45,88.39,88.42,24.50912087
2023-01-23 01:33:00,88.34,88.43,88.42,88.38,132.451246
2023-01-23 01:32:00,88.4,88.46,88.46,88.43,89.76563123
2023-01-23 01:31:00,88.47,88.53,88.51,88.48,147.85766709
2023-01-23 01:30:00,88.46,88.56,88.52,88.51,843.82599516
2023-01-23 01:29:00,88.44,88.53,88.44,88.53,52.82154603
2023-01-23 01:28:00,88.33,88.45,88.45,88.42,60.59976705
2023-01-23 01:27:00,88.33,88.44,88.36,88.43,57.19890788
2023-01-23 01:26:00,88.25,88.35,88.28,88.35,26.49356604
2023-01-23 01:25:00,88.25,88.38,88.38,88.25,31.60062023
2023-01-23 01:24:00,88.35,88.41,88.41,88.38,14.66052147
2023-01-23 01:23:00,88.34,88.42,88.35,88.42,17.4720931
2023-01-23 01:22:00,88.33,88.45,88.44,88.38,811.7997225
2023-01-23 01:21:00,88.42,88.46,88.42,88.43,53.73753297
2023-01-23 01:20:00,88.39,88.43,88.42,88.42,177.94341721
2023-01-23 01:19:00,88.31,88.4,88.31,88.4,61.15818018
2023-01-23 01:18:00,88.26,88.37,88.32,88.27,5.34776336
2023-01-23 01:17:00,88.26,88.33,88.26,88.29,18.96604985
2023-01-23 01:16:00,88.29,88.46,88.44,88.29,49.8852781
2023-01-23 01:15:00,88.41,88.52,88.48,88.41,20.84220953
2023-01-23 01:14:00,88.48,88.55,88.49,88.52,40.35170508
2023-01-23 01:13:00,88.45,88.53,88.46,88.51,55.55786802
2023-01-23 01:12:00,88.38,88.48,88.46,88.48,8.61212515
2023-01-23 01:11:00,88.38,88.49,88.4,88.46,56.60558586
2023-01-23 01:10:00,88.36,88.54,88.53,88.38,207.44139146
2023-01-23 01:09:00,88.38,88.52,88.41,88.5,187.50020196
2023-01-23 01:08:00,88.32,88.41,88.32,88.41,25.47044775
2023-01-23 01:07:00,88.28,88.34,88.29,88.34,45.8737201
2023-01-23 01:06:00,88.29,88.34,88.29,88.29,24.54821485
2023-01-23 01:05:00,88.28,88.34,88.31,88.31,22.39529599
2023-01-23 01:04:00,88.21,88.31,88.22,88.31,26.07086689
2023-01-23 01:03:00,88.17,88.27,88.27,88.24,26.31340449
2023-01-23 01:02:00,88.23,88.28,88.26,88.27,11.80760624
2023-01-23 01:01:00,88.13,88.26,88.18,88.26,75.071655
2023-01-23 01:00:00,88.02,88.18,88.02,88.18,69.79599751
2023-01-23 00:59:00,88.02,88.13,88.13,88.02,62.34173776
2023-01-23 00:58:00,88.08,88.15,88.15,88.1,42.44501125
2023-01-23 00:57:00,88.14,88.19,88.18,88.15,65.97370462
2023-01-23 00:56:00,88.16,88.22,88.21,88.19,87.682075
2023-01-23 00:55:00,88.21,88.26,88.23,88.23,6.87055039
2023-01-23 00:54:00,88.21,88.26,88.26,88.23,9.68646074
2023-01-23 00:53:00,88.24,88.31,88.29,88.25,65.82553028
2023-01-23 00:52:00,88.24,88.28,88.26,88.24,36.34415865
2023-01-23 00:51:00,88.26,88.31,88.3,88.26,22.75487779
2023-01-23 00:50:00,88.33,88.39,88.35,88.33,14.95807839
2023-01-23 00:49:00,88.34,88.41,88.39,88.35,91.39310016
2023-01-23 00:48:00,88.3,88.38,88.3,88.36,69.81922781
2023-01-23 00:47:00,88.29,88.34,88.34,88.29,188.79331033
2023-01-23 00:46:00,88.29,88.34,88.34,88.34,59.7597599
2023-01-23 00:45:00,88.31,88.48,88.47,88.31,682.98570635
2023-01-23 00:44:00,88.42,88.48,88.43,88.47,1459.92570881
2023-01-23 00:43:00,88.39,88.45,88.45,88.43,1441.95279352
2023-01-23 00:42:00,88.42,88.48,88.46,88.42,993.69064428
2023-01-23 00:41:00,88.4,88.48,88.44,88.45,50.5372733
2023-01-23 00:40:00,88.4,88.52,88.47,88.52,100.26966036
2023-01-23 00:39:00,88.53,88.6,88.53,88.55,111.55098335
2023-01-23 00:38:00,88.44,88.57,88.55,88.55,571.27000864
2023-01-23 00:37:00,88.47,88.55,88.5,88.55,36.5414711
2023-01-23 00:36:00,88.42,88.52,88.52,88.5,48.75371931
2023-01-23 00:35:00,88.4,88.49,88.42,88.48,47.85015702
2023-01-23 00:34:00,88.33,88.46,88.42,88.36,15.93313442
2023-01-23 00:33:00,88.4,88.54,88.49,88.45,89.53897592
2023-01-23 00:32:00,88.32,88.48,88.38,88.45,155.61453843
2023-01-23 00:31:00,88.37,88.4,88.39,88.4,1.57713743
2023-01-23 00:30:00,88.36,88.45,88.43,88.44,241.10428726
2023-01-23 00:29:00,88.25,88.4,88.28,88.4,210.13204015
2023-01-23 00:28:00,88.16,88.26,88.17,88.26,43.78110477
2023-01-23 00:27:00,88.13,88.29,88.25,88.16,13.5539939
2023-01-23 00:26:00,88.13,88.25,88.13,88.22,23.70146985
2023-01-23 00:25:00,88.1,88.17,88.15,88.17,119.44795086
2023-01-23 00:24:00,88.1,88.16,88.13,88.15,96.26660633
2023-01-23 00:23:00,88.08,88.15,88.13,88.11,84.87531326
2023-01-23 00:22:00,88.06,88.11,88.11,88.11,58.354657
2023-01-23 00:21:00,87.95,88.14,87.97,88.07,29.97490495
2023-01-23 00:20:00,87.92,88.02,87.99,87.96,279.5406023
2023-01-23 00:19:00,87.9,88.0,87.9,87.94,42.84023182
2023-01-23 00:18:00,87.65,87.86,87.65,87.85,120.37514428
2023-01-23 00:17:00,87.61,87.7,87.66,87.65,67.37147065
2023-01-23 00:16:00,87.7,87.8,87.74,87.7,48.30076131
2023-01-23 00:15:00,87.69,87.78,87.78,87.72,37.9387054
2023-01-23 00:14:00,87.7,87.81,87.75,87.72,26.85459594
2023-01-23 00:13:00,87.65,87.78,87.75,87.72,78.02885486
2023-01-23 00:12:00,87.7,87.87,87.85,87.7,122.09364715
2023-01-23 00:11:00,87.74,87.94,87.74,87.87,77.15890589
2023-01-23 00:10:00,87.75,87.85,87.83,87.75,186.72427002
2023-01-23 00:09:00,87.83,87.94,87.9,87.85,114.51890394
2023-01-23 00:08:00,87.81,87.91,87.81,87.84,64.8369396
2023-01-23 00:07:00,87.8,87.86,87.86,87.8,43.17627432
2023-01-23 00:06:00,87.84,87.94,87.89,87.88,90.68311802
2023-01-23 00:05:00,87.86,87.89,87.86,87.88,60.79455974
2023-01-23 00:04:00,87.77,87.85,87.77,87.83,125.60351469
2023-01-23 00:03:00,87.57,87.74,87.6,87.71,118.97445219
2023-01-23 00:02:00,87.54,87.62,87.6,87.61,62.64693564
2023-01-23 00:01:00,87.55,87.62,87.62,87.55,56.26884414
2023-01-23 00:00:00,87.56,87.66,87.58,87.6,60.0708716
2023-01-22 23:59:00,87.57,87.62,87.62,87.6,18.7535489
2023-01-22 23:58:00,87.57,87.65,87.57,87.65,7.05179418
2023-01-22 23:57:00,87.53,87.58,87.53,87.56,8.67587019
2023-01-22 23:56:00,87.54,87.6,87.6,87.56,4.55467962
2023-01-22 23:55:00,87.58,87.69,87.69,87.58,33.90144734
2023-01-22 23:54:00,87.6,87.7,87.67,87.7,72.99280037
2023-01-22 23:53:00,87.63,87.68,87.64,87.68,8.53666102
2023-01-22 23:52:00,87.56,87.64,87.56,87.64,243.40124676
2023-01-22 23:51:00,87.47,87.56,87.52,87.53,62.57608719
2023-01-22 23:50:00,87.49,87.57,87.51,87.53,48.01005931
2023-01-22 23:49:00,87.48,87.54,87.52,87.51,38.61604718
2023-01-22 23:48:00,87.5,87.55,87.51,87.5,13.34832409
2023-01-22 23:47:00,87.51,87.66,87.66,87.52,35.28227807
2023-01-22 23:46:00,87.61,87.74,87.71,87.66,111.59458839
2023-01-22 23:45:00,87.7,87.7,87.7,87.7,34.38545392
2023-01-22 23:44:00,87.66,87.75,87.75,87.7,20.10449039
2023-01-22 23:43:00,87.7,87.76,87.76,87.75,10.68064922
2023-01-22 23:42:00,87.7,87.76,87.73,87.73,45.21349287
2023-01-22 23:41:00,87.76,87.85,87.82,87.76,54.47100381
2023-01-22 23:40:00,87.73,87.85,87.73,87.81,84.50761551
2023-01-22 23:39:00,87.75,87.8,87.76,87.75,19.25564983
2023-01-22 23:38:00,87.69,87.74,87.69,87.71,12.96519666
2023-01-22 23:37:00,87.65,87.69,87.68,87.65,92.31275841
2023-01-22 23:36:00,87.63,87.68,87.63,87.68,28.58499226
2023-01-22 23:35:00,87.6,87.64,87.61,87.63,167.00825909
2023-01-22 23:34:00,87.53,87.63,87.55,87.63,61.23416108
2023-01-22 23:33:00,87.49,87.58,87.56,87.55,45.27435382
2023-01-22 23:32:00,87.53,87.63,87.53,87.58,56.18809033
2023-01-22 23:31:00,87.52,87.56,87.55,87.56,23.33296423
2023-01-22 23:30:00,87.55,87.61,87.61,87.57,29.6262073
2023-01-22 23:29:00,87.6,87.69,87.68,87.6,145.3579522
2023-01-22 23:28:00,87.63,87.7,87.63,87.68,207.28069156
2023-01-22 23:27:00,87.53,87.66,87.53,87.62,96.54551045
2023-01-22 23:26:00,87.51,87.59,87.59,87.51,12.34398912
2023-01-22 23:25:00,87.55,87.59,87.57,87.59,94.82388384
2023-01-22 23:24:00,87.53,87.65,87.6,87.57,23.26807165
2023-01-22 23:23:00,87.54,87.62,87.57,87.6,64.72035697
2023-01-22 23:22:00,87.57,87.66,87.66,87.57,14.7509933
2023-01-22 23:21:00,87.59,87.66,87.59,87.66,63.71320592
2023-01-22 23:20:00,87.57,87.61,87.61,87.59,7.66056786
2023-01-22 23:19:00,87.58,87.68,87.65,87.62,53.0806555
2023-01-22 23:18:00,87.55,87.64,87.6,87.64,39.78715063
2023-01-22 23:17:00,87.6,87.65,87.65,87.6,11.9223562
2023-01-22 23:16:00,87.63,87.68,87.68,87.66,12.91046888
2023-01-22 23:15:00,87.65,87.73,87.69,87.68,51.63012373
2023-01-22 23:14:00,87.62,87.73,87.66,87.72,48.10050425
2023-01-22 23:13:00,87.67,87.73,87.73,87.67,17.7661354
2023-01-22 23:12:00,87.7,87.78,87.73,87.71,30.31870341
2023-01-22 23:11:00,87.72,87.85,87.81,87.76,111.29498643
2023-01-22 23:10:00,87.79,87.9,87.9,87.82,39.46961997
2023-01-22 23:09:00,87.86,87.91,87.86,87.9,136.70329642
2023-01-22 23:08:00,87.87,88.17,87.87,87.92,817.03397655
2023-01-22 23:07:00,87.52,88.05,87.56,87.88,1179.53354809
2023-01-22 23:06:00,87.49,87.55,87.53,87.55,38.73495328
2023-01-22 23:05:00,87.42,87.56,87.56,87.53,118.78424463
2023-01-22 23:04:00,87.45,87.66,87.45,87.56,308.61575824
2023-01-22 23:03:00,87.41,87.56,87.41,87.44,139.52075634
2023-01-22 23:02:00,87.22,87.43,87.31,87.39,190.80937891
2023-01-22 23:01:00,87.29,87.49,87.49,87.31,258.10127773
2023-01-22 23:00:00,87.38,87.53,87.41,87.53,97.28284849
2023-01-22 22:59:00,87.4,87.46,87.4,87.42,71.12287231
2023-01-22 22:58:00,87.36,87.45,87.44,87.4,41.8935261
2023-01-22 22:57:00,87.38,87.52,87.51,87.44,131.199306
2023-01-22 22:56:00,87.35,87.52,87.35,87.51,236.96018924
2023-01-22 22:55:00,87.33,87.35,87.33,87.35,152.05160814
2023-01-22 22:54:00,87.24,87.35,87.24,87.34,1099.43645202
2023-01-22 22:53:00,87.24,87.25,87.25,87.24,283.7257501
2023-01-22 22:52:00,87.21,87.27,87.27,87.25,36.08906303
2023-01-22 22:51:00,87.21,87.28,87.22,87.25,18.40143205
2023-01-22 22:50:00,87.13,87.21,87.13,87.21,11.34872026
2023-01-22 22:49:00,87.12,87.16,87.12,87.16,51.43096543
2023-01-22 22:48:00,87.1,87.15,87.13,87.12,44.66948711
2023-01-22 22:47:00,87.03,87.13,87.03,87.13,22.42750381
2023-01-22 22:46:00,87.02,87.06,87.06,87.06,64.04333922
2023-01-22 22:45:00,86.99,87.07,86.99,87.02,85.51151085
2023-01-22 22:44:00,86.93,87.26,87.25,87.04,319.45117903
2023-01-22 22:43:00,87.16,87.25,87.22,87.25,24.39610194
2023-01-22 22:42:00,87.27,87.37,87.3,87.27,62.11464687
2023-01-22 22:41:00,87.25,87.3,87.28,87.3,39.74373477
2023-01-22 22:40:00,87.24,87.3,87.3,87.27,98.94894293
2023-01-22 22:39:00,87.28,87.34,87.33,87.28,47.2444215
2023-01-22 22:38:00,87.26,87.32,87.3,87.32,21.18530102
2023-01-22 22:37:00,87.25,87.31,87.25,87.3,26.24159472
2023-01-22 22:36:00,87.17,87.22,87.17,87.19,127.92261761
2023-01-22 22:35:00,87.13,87.17,87.15,87.17,56.34391675
2023-01-22 22:34:00,87.11,87.21,87.21,87.11,18.05937368
2023-01-22 22:33:00,87.17,87.25,87.22,87.18,54.33678973
2023-01-22 22:32:00,87.11,87.22,87.18,87.18,50.72885938
2023-01-22 22:31:00,87.13,87.35,87.32,87.17,76.9004976
2023-01-22 22:30:00,87.32,87.37,87.37,87.35,18.42466098
2023-01-22 22:29:00,87.34,87.38,87.35,87.37,21.57736746
2023-01-22 22:28:00,87.35,87.4,87.39,87.39,31.59754436
2023-01-22 22:27:00,87.35,87.39,87.39,87.39,13.61406615
2023-01-22 22:26:00,87.35,87.4,87.39,87.39,57.42561297
2023-01-22 22:25:00,87.38,87.45,87.45,87.38,14.51989659
2023-01-22 22:24:00,87.4,87.49,87.49,87.45,22.32836626
2023-01-22 22:23:00,87.45,87.5,87.48,87.46,52.3928151
2023-01-22 22:22:00,87.43,87.48,87.44,87.48,137.6542463
2023-01-22 22:21:00,87.41,87.49,87.45,87.49,68.59431079
2023-01-22 22:20:00,87.41,87.54,87.53,87.41,13.29154182
2023-01-22 22:19:00,87.5,87.54,87.52,87.53,54.05626624
2023-01-22 22:18:00,87.48,87.53,87.48,87.53,32.31000011
2023-01-22 22:17:00,87.45,87.48,87.47,87.46,15.49425251
2023-01-22 22:16:00,87.42,87.47,87.45,87.46,31.81694259
2023-01-22 22:15:00,87.49,87.54,87.53,87.5,23.62177863
2023-01-22 22:14:00,87.52,87.55,87.53,87.54,9.47002629
2023-01-22 22:13:00,87.48,87.56,87.48,87.56,17.89332113
2023-01-23 08:13:00,88.15,88.19,88.18,88.17,19.13720076
2023-01-23 08:12:00,88.14,88.18,88.15,88.18,23.89585751
2023-01-23 08:11:00,88.16,88.2,88.19,88.16,52.47252621
2023-01-23 08:10:00,88.15,88.19,88.16,88.19,108.61547071
2023-01-23 08:09:00,88.07,88.17,88.07,88.16,201.62492032
2023-01-23 08:08:00,87.97,88.05,88.01,88.05,325.62094196
2023-01-23 08:07:00,87.97,88.04,87.97,88.0,35.8669553
2023-01-23 08:06:00,87.92,87.98,87.92,87.96,52.11751499
2023-01-23 08:05:00,87.77,87.92,87.8,87.9,210.59078222
2023-01-23 08:04:00,87.73,87.8,87.73,87.77,11.06211146
2023-01-23 08:03:00,87.67,87.75,87.67,87.75,152.49864852
2023-01-23 08:02:00,87.51,87.66,87.63,87.65,103.49166147
2023-01-23 08:01:00,87.63,87.68,87.64,87.63,51.51954073
2023-01-23 08:00:00,87.67,87.78,87.78,87.69,250.4063193
2023-01-23 07:59:00,87.78,87.83,87.83,87.8,30.10283828
2023-01-23 07:58:00,87.79,87.83,87.81,87.8,2.92940289
2023-01-23 07:57:00,87.78,87.85,87.85,87.82,99.86566474
2023-01-23 07:56:00,87.85,87.89,87.86,87.88,26.61997765
2023-01-23 07:55:00,87.86,87.89,87.87,87.88,3.54766505
2023-01-23 07:54:00,87.85,87.9,87.88,87.87,10.90124177
2023-01-23 07:53:00,87.86,87.91,87.91,87.88,43.798169
2023-01-23 07:52:00,87.89,87.93,87.93,87.93,26.70563639
2023-01-23 07:51:00,87.87,87.9,87.87,87.9,12.03907001
2023-01-23 07:50:00,87.76,87.91,87.79,87.91,84.04168448
2023-01-23 07:49:00,87.79,87.94,87.94,87.8,165.6377309
2023-01-23 07:48:00,87.87,87.92,87.92,87.92,59.8150975
2023-01-23 07:47:00,87.88,87.98,87.94,87.89,113.41756069
2023-01-23 07:46:00,87.96,87.99,87.97,87.96,3.02253528
2023-01-23 07:45:00,87.96,88.04,87.96,88.0,9.33426081
2023-01-23 07:44:00,87.98,88.04,88.04,87.98,17.50478048
2023-01-23 07:43:00,87.96,88.03,87.96,87.99,68.14927755
2023-01-23 07:42:00,87.93,88.02,87.96,88.02,52.73786758
2023-01-23 07:41:00,87.95,88.02,88.02,87.95,17.46853588
2023-01-23 07:40:00,87.94,88.01,87.99,87.99,30.36210993
2023-01-23 07:39:00,87.96,88.0,87.96,87.97,13.82999011
2023-01-23 07:38:00,87.99,88.04,88.01,88.02,140.72653051
2023-01-23 07:37:00,87.94,87.98,87.98,87.98,14.4055837
2023-01-23 07:36:00,87.93,87.98,87.96,87.98,59.98332561
2023-01-23 07:35:00,87.85,87.95,87.92,87.95,105.25531642
2023-01-23 07:34:00,87.88,87.95,87.95,87.92,23.10248042
2023-01-23 07:33:00,87.9,87.97,87.91,87.94,72.66919467
2023-01-23 07:32:00,87.75,87.91,87.75,87.91,86.93152665
2023-01-23 07:31:00,87.65,87.71,87.68,87.71,0.71022231
2023-01-23 07:30:00,87.69,87.82,87.8,87.69,18.39515017
2023-01-23 07:29:00,87.72,87.83,87.74,87.8,2.81618589
2023-01-23 07:28:00,87.65,87.76,87.65,87.72,37.96292241
2023-01-23 07:27:00,87.62,87.75,87.75,87.69,51.57094316
2023-01-23 07:26:00,87.63,87.93,87.93,87.73,322.71207741
2023-01-23 07:25:00,87.93,88.04,88.04,87.93,42.43868858
2023-01-23 07:24:00,87.99,88.13,88.13,88.04,273.18190005
2023-01-23 07:23:00,88.11,88.14,88.11,88.13,0.69808042
2023-01-23 07:22:00,88.14,88.22,88.22,88.15,9.34025229
2023-01-23 07:21:00,88.25,88.28,88.28,88.25,8.40507973
2023-01-23 07:20:00,88.25,88.29,88.25,88.28,1.56757997
2023-01-23 07:19:00,88.22,88.28,88.26,88.26,68.25631055
2023-01-23 07:18:00,88.23,88.28,88.23,88.25,3.81495591
2023-01-23 07:17:00,88.18,88.2,88.2,88.2,6.55718154
2023-01-23 07:16:00,88.19,88.26,88.24,88.19,16.17331343
2023-01-23 07:15:00,88.22,88.29,88.25,88.22,19.47651077
2023-01-23 07:14:00,88.22,88.26,88.26,88.25,33.80981093
2023-01-23 07:13:00,88.27,88.29,88.29,88.27,20.17109688
2023-01-23 07:12:00,88.25,88.31,88.25,88.29,86.50668382
2023-01-23 07:11:00,88.24,88.29,88.29,88.24,26.29270293
2023-01-23 07:10:00,88.26,88.3,88.3,88.3,14.5725625
2023-01-23 07:09:00,88.27,88.38,88.38,88.3,382.73377099
2023-01-23 07:08:00,88.32,88.41,88.32,88.41,63.88645321
2023-01-23 07:07:00,88.34,88.36,88.34,88.34,13.26795907
2023-01-23 07:06:00,88.33,88.39,88.39,88.33,87.21168725
2023-01-23 07:05:00,88.38,88.48,88.47,88.38,156.36178018
2023-01-23 07:04:00,88.42,88.49,88.46,88.48,73.54339072
2023-01-23 07:03:00,88.37,88.45,88.39,88.45,19.84117955
2023-01-23 07:02:00,88.33,88.41,88.41,88.33,46.62401302
2023-01-23 07:01:00,88.38,88.42,88.41,88.41,3.49742967
2023-01-23 07:00:00,88.4,88.43,88.43,88.43,8.12886719
2023-01-23 06:59:00,88.35,88.45,88.38,88.45,19.45412184
2023-01-23 06:58:00,88.36,88.39,88.36,88.38,57.33810828
2023-01-23 06:57:00,88.38,88.41,88.38,88.39,4.53318624
2023-01-23 06:56:00,88.36,88.41,88.4,88.38,12.57449594
2023-01-23 06:55:00,88.38,88.43,88.43,88.38,6.07984434
2023-01-23 06:54:00,88.42,88.46,88.42,88.45,1.93798455
2023-01-23 06:53:00,88.42,88.49,88.49,88.43,33.91268133
2023-01-23 06:52:00,88.43,88.49,88.49,88.46,37.84077617
2023-01-23 06:51:00,88.45,88.51,88.51,88.47,157.68137956
2023-01-23 06:50:00,88.53,88.6,88.6,88.56,230.96617275
2023-01-23 06:49:00,88.6,88.68,88.61,88.6,363.58419407
2023-01-23 06:48:00,88.58,88.61,88.58,88.6,147.91634974
2023-01-23 06:47:00,88.48,88.6,88.48,88.6,916.61559094
2023-01-23 06:46:00,88.42,88.48,88.43,88.44,23.38307646
2023-01-23 06:45:00,88.39,88.45,88.45,88.42,260.05342079
2023-01-23 06:44:00,88.4,88.45,88.43,88.45,166.53993477
2023-01-23 06:43:00,88.43,88.46,88.45,88.43,64.04227337
2023-01-23 06:42:00,88.41,88.47,88.42,88.45,15.21214742
2023-01-23 06:41:00,88.41,88.47,88.44,88.41,197.83828992
2023-01-23 06:40:00,88.38,88.44,88.38,88.44,18.9403925
2023-01-23 06:39:00,88.32,88.38,88.35,88.38,197.54037347
2023-01-23 06:38:00,88.27,88.37,88.27,88.36,6.87911151
2023-01-23 06:37:00,88.19,88.3,88.21,88.3,352.00339033
2023-01-23 06:36:00,88.19,88.27,88.24,88.21,84.38172534
2023-01-23 06:35:00,88.25,88.28,88.28,88.26,7.01400159
2023-01-23 06:34:00,88.23,88.27,88.27,88.24,5.96224657
2023-01-23 06:33:00,88.2,88.26,88.2,88.26,7.08959096
2023-01-23 06:32:00,88.17,88.2,88.18,88.2,8.08262327
2023-01-23 06:31:00,88.14,88.22,88.22,88.17,9.38111675
2023-01-23 06:30:00,88.17,88.22,88.19,88.17,17.41867256
2023-01-23 06:29:00,88.18,88.22,88.2,88.19,3.48116411
2023-01-23 06:28:00,88.15,88.21,88.19,88.2,171.47893734
2023-01-23 06:27:00,88.18,88.28,88.24,88.18,7.30800442
2023-01-23 06:26:00,88.22,88.3,88.3,88.27,288.65468774
2023-01-23 06:25:00,88.31,88.38,88.37,88.31,16.84214851
2023-01-23 06:24:00,88.35,88.42,88.36,88.39,39.88697762
2023-01-23 06:23:00,88.38,88.41,88.38,88.38,5.53263133
2023-01-23 06:22:00,88.27,88.37,88.27,88.37,12.17046188
2023-01-23 06:21:00,88.27,88.32,88.31,88.3,19.37994658
2023-01-23 06:20:00,88.28,88.34,88.3,88.29,12.4273176
2023-01-23 06:19:00,88.31,88.4,88.35,88.34,160.42333231
2023-01-23 06:18:00,88.28,88.34,88.32,88.34,25.6691556
2023-01-23 06:17:00,88.36,88.42,88.42,88.37,4.26162798
2023-01-23 06:16:00,88.37,88.42,88.39,88.41,18.78874876
2023-01-23 06:15:00,88.35,88.39,88.38,88.36,13.79971237
2023-01-23 06:14:00,88.34,88.4,88.34,88.4,23.33414703
2023-01-23 06:13:00,88.3,88.4,88.3,88.35,1040.97714684
2023-01-23 06:12:00,88.26,88.3,88.26,88.28,41.37574565
2023-01-23 06:11:00,88.18,88.23,88.18,88.23,13.6978946
2023-01-23 06:10:00,88.19,88.2,88.19,88.19,4.29604926
2023-01-23 06:09:00,88.13,88.19,88.16,88.19,7.82152916
2023-01-23 06:08:00,88.12,88.18,88.15,88.16,10.42690781
2023-01-23 06:07:00,88.07,88.14,88.11,88.14,9.54640795
2023-01-23 06:06:00,88.02,88.1,88.02,88.1,126.76954822
2023-01-23 06:05:00,87.92,88.01,87.99,88.01,131.57804892
2023-01-23 06:04:00,87.96,88.0,88.0,87.97,16.36696296
2023-01-23 06:03:00,87.94,88.01,87.97,87.98,45.56780272
2023-01-23 06:02:00,87.98,88.04,88.04,87.98,75.39600925
2023-01-23 06:01:00,88.04,88.12,88.12,88.04,23.5351898
2023-01-23 06:00:00,88.07,88.12,88.07,88.09,8.32964811
2023-01-23 05:59:00,87.98,88.09,88.0,88.09,6.9996937
2023-01-23 05:58:00,88.01,88.04,88.02,88.01,27.62874023
2023-01-23 05:57:00,88.01,88.05,88.02,88.03,6.9355729
2023-01-23 05:56:00,88.01,88.09,88.06,88.01,30.54386052
2023-01-23 05:55:00,88.02,88.09,88.05,88.06,13.81869662
2023-01-23 05:54:00,88.01,88.05,88.05,88.05,20.15121563
2023-01-23 05:53:00,88.01,88.08,88.07,88.05,159.87146088
2023-01-23 05:52:00,88.08,88.13,88.13,88.08,10.89282706
2023-01-23 05:51:00,88.12,88.16,88.12,88.16,35.16831831
2023-01-23 05:50:00,88.11,88.15,88.15,88.12,1.65813584
2023-01-23 05:49:00,88.13,88.2,88.2,88.16,63.16383359
2023-01-23 05:48:00,88.1,88.21,88.11,88.2,102.67898104
2023-01-23 05:47:00,88.09,88.13,88.1,88.12,14.89560393
2023-01-23 05:46:00,88.07,88.12,88.12,88.08,26.80824083
2023-01-23 05:45:00,88.08,88.13,88.08,88.11,8.69879952
2023-01-23 05:44:00,88.07,88.16,88.15,88.1,26.51626221
2023-01-23 05:43:00,88.11,88.16,88.12,88.15,11.10243731
2023-01-23 05:42:00,88.09,88.15,88.13,88.13,140.4785058
2023-01-23 05:41:00,88.08,88.16,88.16,88.15,13.07957883
2023-01-23 05:40:00,88.1,88.16,88.13,88.16,10.71284377
2023-01-23 05:39:00,88.05,88.13,88.1,88.13,29.5381259
2023-01-23 05:38:00,88.05,88.11,88.11,88.1,33.61096202
2023-01-23 05:37:00,88.01,88.12,88.01,88.08,6.41650443
2023-01-23 05:36:00,88.0,88.05,88.02,88.03,60.14513791
2023-01-23 05:35:00,88.01,88.1,88.07,88.01,44.22920062
2023-01-23 05:34:00,88.07,88.14,88.13,88.07,53.34083266
2023-01-23 05:33:00,88.08,88.14,88.08,88.14,15.28179564
2023-01-23 05:32:00,88.08,88.19,88.17,88.11,42.58347994
2023-01-23 05:31:00,88.18,88.2,88.18,88.2,2.01007715
2023-01-23 05:30:00,88.22,88.27,88.26,88.22,35.76034033
2023-01-23 05:29:00,88.24,88.28,88.28,88.25,40.8950982
2023-01-23 05:28:00,88.23,88.3,88.25,88.28,17.33184093
2023-01-23 05:27:00,88.2,88.26,88.26,88.25,13.78179024
2023-01-23 05:26:00,88.22,88.26,88.22,88.26,1.11562829
2023-01-23 05:25:00,88.22,88.27,88.27,88.23,4.56602322
2023-01-23 05:24:00,88.26,88.29,88.29,88.26,40.70168296
2023-01-23 05:23:00,88.22,88.32,88.32,88.26,28.85399489
2023-01-23 05:22:00,88.27,88.32,88.27,88.32,7.46855919
2023-01-23 05:21:00,88.2,88.24,88.2,88.24,38.29747047
2023-01-23 05:20:00,88.23,88.3,88.28,88.23,17.13283216
2023-01-23 05:19:00,88.28,88.32,88.29,88.29,9.4783079
2023-01-23 05:18:00,88.2,88.31,88.21,88.31,30.30502333
2023-01-23 05:17:00,88.16,88.24,88.23,88.2,127.62180315
2023-01-23 05:16:00,88.22,88.28,88.28,88.22,9.9465935
2023-01-23 05:15:00,88.28,88.35,88.35,88.29,14.82306111
2023-01-23 05:14:00,88.28,88.35,88.3,88.35,5.78499976
2023-01-23 05:13:00,88.24,88.31,88.27,88.3,34.56653782
2023-01-23 05:12:00,88.23,88.32,88.32,88.27,71.47427489
2023-01-23 05:11:00,88.29,88.34,88.34,88.3,54.0020995
2023-01-23 05:10:00,88.35,88.38,88.38,88.35,4.13497619
2023-01-23 05:09:00,88.33,88.38,88.36,88.34,117.29103501
2023-01-23 05:08:00,88.32,88.36,88.34,88.36,35.70450648
2023-01-23 05:07:00,88.32,88.38,88.37,88.38,290.91612469
2023-01-23 05:06:00,88.31,88.37,88.33,88.36,13.85221235
2023-01-23 05:05:00,88.25,88.32,88.25,88.3,43.1889683
2023-01-23 05:04:00,88.17,88.24,88.18,88.24,28.46633599
2023-01-23 05:03:00,88.18,88.22,88.2,88.22,43.05816013
2023-01-23 05:02:00,88.18,88.24,88.22,88.2,99.3609615
2023-01-23 05:01:00,88.2,88.32,88.29,88.2,134.62604949
2023-01-23 05:00:00,88.27,88.32,88.3,88.31,25.13560326
2023-01-23 04:59:00,88.21,88.28,88.21,88.28,35.04357003
2023-01-23 04:58:00,88.21,88.28,88.26,88.21,28.24003568
2023-01-23 04:57:00,88.24,88.28,88.27,88.27,572.37099654
2023-01-23 04:56:00,88.21,88.27,88.21,88.27,226.17844921
2023-01-23 04:55:00,88.2,88.27,88.22,88.23,8.95825318
2023-01-23 04:54:00,88.22,88.27,88.24,88.24,124.18071891
2023-01-23 04:53:00,88.16,88.22,88.19,88.19,9.21138544
2023-01-23 04:52:00,88.17,88.25,88.23,88.19,62.18907969
2023-01-23 04:51:00,88.25,88.27,88.26,88.25,25.71744484
2023-01-23 04:50:00,88.22,88.26,88.22,88.26,16.42389096
2023-01-23 04:49:00,88.21,88.27,88.27,88.21,13.78357207
2023-01-23 04:48:00,88.19,88.27,88.19,88.22,13.29352355
2023-01-23 04:47:00,88.19,88.23,88.23,88.19,63.42821687
2023-01-23 04:46:00,88.19,88.25,88.19,88.23,19.94213873
2023-01-23 04:45:00,88.21,88.26,88.26,88.21,29.21917716
2023-01-23 04:44:00,88.21,88.25,88.24,88.21,81.64237373
2023-01-23 04:43:00,88.21,88.27,88.26,88.24,41.57606744
2023-01-23 04:42:00,88.2,88.27,88.2,88.27,164.48500251
2023-01-23 04:41:00,88.12,88.19,88.19,88.16,17.0208012
2023-01-23 04:40:00,88.17,88.2,88.2,88.18,68.82111238
2023-01-23 04:39:00,88.18,88.24,88.23,88.2,18.92350811
2023-01-23 04:38:00,88.17,88.22,88.17,88.22,7.32939162
2023-01-23 04:37:00,88.12,88.18,88.16,88.17,11.99919699
2023-01-23 04:36:00,88.15,88.19,88.19,88.18,6.78743767
2023-01-23 04:35:00,88.15,88.21,88.17,88.15,15.07411574
2023-01-23 04:34:00,88.12,88.19,88.19,88.17,47.96035948
2023-01-23 04:33:00,88.15,88.17,88.17,88.16,316.23034906
2023-01-23 04:32:00,88.14,88.17,88.15,88.17,29.41927361
2023-01-23 04:31:00,88.07,88.14,88.08,88.13,42.24281562
2023-01-23 04:30:00,88.05,88.09,88.08,88.08,5.51424467
2023-01-23 04:29:00,88.04,88.1,88.04,88.1,1.97381004
2023-01-23 04:28:00,88.04,88.11,88.09,88.07,138.39976105
2023-01-23 04:27:00,88.09,88.15,88.15,88.11,5.20112104
2023-01-23 04:26:00,88.09,88.16,88.15,88.14,33.7970746
2023-01-23 04:25:00,88.08,88.13,88.09,88.1,34.45481587
2023-01-23 04:24:00,87.95,88.04,87.96,88.04,19.26895924
2023-01-23 04:23:00,87.94,87.98,87.95,87.96,50.80097787
2023-01-23 04:22:00,87.98,88.07,88.07,87.99,20.93078996
2023-01-23 04:21:00,88.05,88.1,88.05,88.07,8.26648624
2023-01-23 04:20:00,88.07,88.1,88.1,88.1,17.35777352
2023-01-23 04:19:00,88.07,88.11,88.1,88.1,23.19860651
2023-01-23 04:18:00,88.1,88.11,88.11,88.1,8.39734888
2023-01-23 04:17:00,88.04,88.13,88.12,88.12,57.22404045
2023-01-23 04:16:00,88.04,88.1,88.07,88.09,6.0530295
2023-01-23 04:15:00,88.05,88.13,88.12,88.05,77.85609476
2023-01-23 04:14:00,88.07,88.13,88.07,88.1,17.01502151
2023-01-23 04:13:00,88.03,88.09,88.09,88.07,90.03353004
2023-01-23 04:12:00,88.07,88.12,88.08,88.12,9.90767425
2023-01-23 04:11:00,88.04,88.07,88.05,88.07,344.20153857
2023-01-23 04:10:00,88.0,88.06,88.0,88.03,8.39340226
2023-01-23 04:09:00,88.0,88.04,88.01,88.02,12.85777123
2023-01-23 04:08:00,88.01,88.06,88.05,88.01,8.33407489
2023-01-23 04:07:00,87.96,88.01,87.98,88.01,16.61708717
2023-01-23 04:06:00,87.93,87.98,87.98,87.97,14.16637682
2023-01-23 04:05:00,87.91,87.98,87.92,87.98,16.35085919
2023-01-23 04:04:00,87.89,87.94,87.93,87.94,41.2397145
2023-01-23 04:03:00,87.88,87.93,87.9,87.93,64.26052803
2023-01-23 04:02:00,87.86,87.99,87.98,87.86,58.19301717
2023-01-23 04:01:00,87.89,87.96,87.89,87.95,77.39362945
2023-01-23 04:00:00,87.82,87.9,87.89,87.89,30.34244137
2023-01-23 03:59:00,87.83,87.91,87.9,87.87,49.41426135
2023-01-23 03:58:00,87.89,87.95,87.95,87.9,33.86055565
2023-01-23 03:57:00,87.91,88.01,88.0,87.95,32.90038816
2023-01-23 03:56:00,88.0,88.07,88.07,88.0,63.81958053
2023-01-23 03:55:00,88.02,88.07,88.03,88.07,59.85581401
2023-01-23 03:54:00,87.99,88.05,87.99,88.04,4.97265603
2023-01-23 03:53:00,87.96,88.03,88.03,88.0,27.57736532
2023-01-23 03:52:00,88.0,88.06,88.03,88.04,52.22496927
2023-01-23 03:51:00,88.01,88.08,88.08,88.06,44.01449995
2023-01-23 03:50:00,87.99,88.06,87.99,88.06,13.52909017
2023-01-23 03:49:00,87.95,88.02,87.98,88.02,22.4331149
2023-01-23 03:48:00,87.89,87.96,87.92,87.96,42.01781913
2023-01-23 03:47:00,87.89,87.95,87.93,87.89,36.65488529
2023-01-23 03:46:00,87.95,88.01,87.99,87.95,54.90899336
2023-01-23 03:45:00,88.0,88.05,88.02,88.0,15.05524831
2023-01-23 03:44:00,87.97,88.03,87.97,88.03,8.55937933
2023-01-23 03:43:00,87.89,87.98,87.91,87.96,68.75367744
2023-01-23 03:42:00,87.92,87.98,87.98,87.92,100.00598894
2023-01-23 03:41:00,87.96,88.01,87.97,87.96,29.84567134
2023-01-23 03:40:00,87.94,88.03,88.03,87.94,30.30384502
2023-01-23 03:39:00,88.0,88.14,88.12,88.0,52.06394958
2023-01-23 03:38:00,88.06,88.13,88.07,88.1,65.66372947
2023-01-23 03:37:00,88.02,88.1,88.05,88.08,94.93638256
2023-01-23 03:36:00,87.96,88.05,88.05,88.04,130.56831315
2023-01-23 03:35:00,87.94,88.05,87.94,88.01,61.82875914
2023-01-23 03:34:00,87.87,88.01,87.96,87.9,1209.41235274
2023-01-23 03:33:00,88.0,88.06,88.0,88.05,52.5378319
2023-01-23 03:32:00,87.98,88.05,88.05,88.0,288.61272752
2023-01-23 03:31:00,88.05,88.17,88.17,88.05,43.66300989
2023-01-23 03:30:00,88.17,88.23,88.17,88.19,27.28812657
2023-01-23 03:29:00,88.16,88.25,88.16,88.17,73.71934777
2023-01-23 03:28:00,88.15,88.19,88.16,88.19,6.21444704
2023-01-23 03:27:00,88.12,88.16,88.14,88.14,169.16319372
2023-01-23 03:26:00,88.13,88.14,88.14,88.14,51.13932336
2023-01-23 03:25:00,88.04,88.14,88.1,88.14,17.7262336
2023-01-23 03:24:00,88.04,88.14,88.11,88.1,87.04681631
2023-01-23 03:23:00,88.13,88.23,88.22,88.13,25.46055631
2023-01-23 03:22:00,88.2,88.23,88.22,88.22,8.16767511
2023-01-23 03:21:00,88.19,88.27,88.22,88.27,10.6895811
2023-01-23 03:20:00,88.17,88.26,88.17,88.22,74.43832937
2023-01-23 03:19:00,88.17,88.24,88.21,88.17,23.2830153
2023-01-23 03:18:00,88.22,88.27,88.24,88.22,20.6318895
2023-01-23 03:17:00,88.2,88.33,88.33,88.25,465.65103283
2023-01-23 03:16:00,88.35,88.41,88.41,88.37,20.05665448
2023-01-23 03:15:00,88.4,88.5,88.5,88.4,141.40141431
2023-01-23 03:14:00,88.43,88.5,88.49,88.5,266.08292653
2023-01-23 03:13:00,88.43,88.51,88.43,88.5,15.62169391
2023-01-23 13:13:00,90.74,90.8,90.77,90.8,31.54929046
2023-01-23 13:12:00,90.73,90.83,90.73,90.79,26.02581844
2023-01-23 13:11:00,90.66,90.8,90.71,90.8,283.99014377
2023-01-23 13:10:00,90.71,90.89,90.89,90.74,177.59855378
2023-01-23 13:09:00,90.85,91.06,91.06,90.9,52.52324091
2023-01-23 13:08:00,90.95,91.03,91.01,91.03,54.02161897
2023-01-23 13:07:00,91.01,91.09,91.08,91.05,31.76814174
2023-01-23 13:06:00,91.01,91.09,91.06,91.07,93.24457425
2023-01-23 13:05:00,90.99,91.09,91.02,91.05,38.09739261
2023-01-23 13:04:00,91.01,91.07,91.01,91.05,18.94560158
2023-01-23 13:03:00,91.04,91.14,91.13,91.07,47.24454554
2023-01-23 13:02:00,91.01,91.17,91.13,91.13,39.38142896
2023-01-23 13:01:00,91.14,91.27,91.2,91.18,194.06975842
2023-01-23 13:00:00,91.05,91.17,91.05,91.14,70.97783701
2023-01-23 12:59:00,90.99,91.09,90.99,91.06,37.4277306
2023-01-23 12:58:00,90.83,91.0,91.0,90.97,267.60941315
2023-01-23 12:57:00,90.85,91.01,91.0,91.01,146.74981664
2023-01-23 12:56:00,90.99,91.17,91.16,91.01,13.96746595
2023-01-23 12:55:00,91.09,91.24,91.14,91.11,318.64652561
2023-01-23 12:54:00,91.09,91.18,91.18,91.11,23.33349803
2023-01-23 12:53:00,91.14,91.2,91.2,91.19,49.23335872
2023-01-23 12:52:00,91.14,91.24,91.19,91.23,57.69388598
2023-01-23 12:51:00,91.16,91.39,91.37,91.18,307.2842242
2023-01-23 12:50:00,91.34,91.44,91.39,91.34,88.01235024
2023-01-23 12:49:00,91.35,91.42,91.42,91.38,53.65132994
2023-01-23 12:48:00,91.42,91.47,91.44,91.47,7.37398274
2023-01-23 12:47:00,91.39,91.45,91.43,91.44,84.45085601
2023-01-23 12:46:00,91.31,91.39,91.31,91.36,12.16295032
2023-01-23 12:45:00,91.28,91.39,91.28,91.32,25.83379528
2023-01-23 12:44:00,91.29,91.39,91.33,91.32,11.98028564
2023-01-23 12:43:00,91.25,91.43,91.39,91.31,83.35546212
2023-01-23 12:42:00,91.22,91.37,91.32,91.37,123.4661822
2023-01-23 12:41:00,91.31,91.46,91.43,91.32,81.67461324
2023-01-23 12:40:00,91.28,91.45,91.28,91.44,50.36117696
2023-01-23 12:39:00,91.24,91.33,91.29,91.27,98.60160152
2023-01-23 12:38:00,91.3,91.38,91.38,91.31,24.53755314
2023-01-23 12:37:00,91.37,91.46,91.4,91.37,58.50353116
2023-01-23 12:36:00,91.35,91.52,91.51,91.35,122.2793652
2023-01-23 12:35:00,91.4,91.53,91.4,91.53,153.08283879
2023-01-23 12:34:00,91.37,91.47,91.37,91.39,147.1223322
2023-01-23 12:33:00,91.32,91.42,91.32,91.4,45.98615654
2023-01-23 12:32:00,91.28,91.39,91.39,91.36,158.75902154
2023-01-23 12:31:00,91.31,91.5,91.31,91.35,165.67445528
2023-01-23 12:30:00,91.02,91.3,91.23,91.3,598.07948891
2023-01-23 12:29:00,91.22,91.48,91.41,91.22,691.21078195
2023-01-23 12:28:00,91.18,91.43,91.37,91.41,514.31200694
2023-01-23 12:27:00,91.4,91.58,91.58,91.43,289.7790969
2023-01-23 12:26:00,91.6,91.77,91.71,91.6,41.10320102
2023-01-23 12:25:00,91.68,91.8,91.73,91.7,101.22598803
2023-01-23 12:24:00,91.67,91.76,91.76,91.68,40.01620332
2023-01-23 12:23:00,91.68,91.83,91.68,91.83,40.303883
2023-01-23 12:22:00,91.7,91.9,91.9,91.7,37.73479012
2023-01-23 12:21:00,91.9,92.03,92.03,91.9,41.0193457
2023-01-23 12:20:00,92.01,92.15,92.1,92.01,68.82826951
2023-01-23 12:19:00,92.05,92.14,92.05,92.11,661.9355175
2023-01-23 12:18:00,91.92,92.05,92.05,91.99,92.74029756
2023-01-23 12:17:00,91.89,92.06,91.89,92.0,308.13044518
2023-01-23 12:16:00,91.6,91.9,91.66,91.9,228.8605403
2023-01-23 12:15:00,91.63,91.9,91.9,91.67,70.94460986
2023-01-23 12:14:00,91.87,91.93,91.88,91.9,441.9459977
2023-01-23 12:13:00,91.82,91.9,91.9,91.88,21.31289779
2023-01-23 12:12:00,91.71,91.86,91.82,91.86,126.26982077
2023-01-23 12:11:00,91.87,92.12,92.0,91.87,162.4445163
2023-01-23 12:10:00,91.67,92.0,91.84,91.99,484.12901726
2023-01-23 12:09:00,91.75,92.22,92.22,91.84,557.32084388
2023-01-23 12:08:00,92.19,92.48,92.45,92.19,129.09341262
2023-01-23 12:07:00,92.16,92.45,92.44,92.45,275.33063512
2023-01-23 12:06:00,92.33,92.47,92.46,92.46,265.1350062
2023-01-23 12:05:00,92.45,92.71,92.45,92.57,259.12461605
2023-01-23 12:04:00,92.43,92.63,92.6,92.49,294.9602631
2023-01-23 12:03:00,92.54,92.85,92.85,92.54,263.34155944
2023-01-23 12:02:00,92.66,93.02,93.02,92.8,851.09306457
2023-01-23 12:01:00,92.57,93.16,92.59,93.01,2527.8113009
2023-01-23 12:00:00,92.02,92.65,92.02,92.5,1591.3847013
2023-01-23 11:59:00,91.93,92.08,91.99,91.96,237.46833434
2023-01-23 11:58:00,91.73,91.95,91.74,91.92,747.78298894
2023-01-23 11:57:00,91.52,91.76,91.53,91.67,79.14134185
2023-01-23 11:56:00,91.53,91.69,91.58,91.53,454.54850084
2023-01-23 11:55:00,91.39,91.59,91.44,91.59,18.02363167
2023-01-23 11:54:00,91.43,91.49,91.43,91.46,251.43573308
2023-01-23 11:53:00,91.38,91.54,91.39,91.41,246.80497839
2023-01-23 11:52:00,91.35,91.44,91.41,91.39,90.5490098
2023-01-23 11:51:00,91.39,91.46,91.46,91.4,38.046924
2023-01-23 11:50:00,91.33,91.55,91.52,91.4,369.68828773
2023-01-23 11:49:00,91.48,91.53,91.5,91.52,56.42098044
2023-01-23 11:48:00,91.48,91.55,91.51,91.53,87.05929898
2023-01-23 11:47:00,91.47,91.65,91.56,91.49,186.91521041
2023-01-23 11:46:00,91.52,91.71,91.66,91.58,265.47018725
2023-01-23 11:45:00,91.58,91.77,91.77,91.67,223.85820456
2023-01-23 11:44:00,91.71,91.87,91.87,91.77,126.42920035
2023-01-23 11:43:00,91.82,91.98,91.92,91.86,213.56539478
2023-01-23 11:42:00,91.87,92.15,91.91,91.91,167.34330969
2023-01-23 11:41:00,91.8,92.04,91.97,91.92,171.46873988
2023-01-23 11:40:00,91.75,92.07,91.95,91.91,1086.73495942
2023-01-23 11:39:00,91.62,92.0,91.98,91.89,818.25864143
2023-01-23 11:38:00,91.65,91.98,91.73,91.94,686.58613618
2023-01-23 11:37:00,91.63,91.72,91.68,91.69,118.1800248
2023-01-23 11:36:00,91.63,91.77,91.74,91.68,214.87776372
2023-01-23 11:35:00,91.34,91.73,91.54,91.73,102.58722834
2023-01-23 11:34:00,91.16,91.51,91.16,91.51,149.15189132
2023-01-23 11:33:00,91.07,91.21,91.14,91.21,111.02185098
2023-01-23 11:32:00,91.06,91.14,91.06,91.12,168.78415141
2023-01-23 11:31:00,90.93,91.05,91.03,91.05,210.00185928
2023-01-23 11:30:00,90.87,91.05,90.87,91.04,307.38478681
2023-01-23 11:29:00,90.83,90.9,90.84,90.87,36.83739351
2023-01-23 11:28:00,90.83,91.0,91.0,90.84,127.13484244
2023-01-23 11:27:00,90.96,91.13,91.13,91.06,170.62922455
2023-01-23 11:26:00,90.96,91.14,91.07,91.14,142.98297953
2023-01-23 11:25:00,90.84,91.09,90.85,91.07,171.75270601
2023-01-23 11:24:00,90.83,91.01,91.01,90.85,56.97291737
2023-01-23 11:23:00,90.91,91.03,91.03,91.0,86.30233482
2023-01-23 11:22:00,90.86,91.0,90.92,91.0,442.71960891
2023-01-23 11:21:00,90.91,91.06,90.95,90.93,100.56665976
2023-01-23 11:20:00,90.84,91.04,90.99,90.92,63.6516972
2023-01-23 11:19:00,90.86,91.05,90.9,91.05,498.618162
2023-01-23 11:18:00,90.63,91.0,90.64,90.95,709.68435214
2023-01-23 11:17:00,90.62,90.78,90.78,90.68,277.28605764
2023-01-23 11:16:00,90.82,91.06,90.93,90.82,280.25064239
2023-01-23 11:15:00,90.62,90.99,90.75,90.92,338.89628155
2023-01-23 11:14:00,90.68,91.13,91.1,90.68,268.42767591
2023-01-23 11:13:00,90.76,91.1,90.85,91.09,1184.77558335
2023-01-23 11:12:00,90.86,91.12,90.91,90.87,484.44395932
2023-01-23 11:11:00,90.58,90.99,90.65,90.87,498.10078658
2023-01-23 11:10:00,90.53,90.91,90.75,90.73,2510.2809389
2023-01-23 11:09:00,90.34,90.78,90.34,90.68,784.03946162
2023-01-23 11:08:00,90.17,90.33,90.29,90.33,140.43268068
2023-01-23 11:07:00,90.17,90.4,90.17,90.32,1362.89074934
2023-01-23 11:06:00,90.07,90.26,90.07,90.15,1041.42185138
2023-01-23 11:05:00,89.88,90.1,89.88,90.05,1393.61886774
2023-01-23 11:04:00,89.76,89.9,89.81,89.88,19.99749445
2023-01-23 11:03:00,89.73,89.8,89.73,89.8,58.74350179
2023-01-23 11:02:00,89.69,89.76,89.72,89.73,30.34104497
2023-01-23 11:01:00,89.72,89.84,89.81,89.72,69.15660838
2023-01-23 11:00:00,89.67,89.81,89.67,89.81,138.98093352
2023-01-23 10:59:00,89.63,89.75,89.75,89.63,242.28782524
2023-01-23 10:58:00,89.74,89.9,89.88,89.74,252.61994783
2023-01-23 10:57:00,89.88,89.94,89.92,89.9,49.52153996
2023-01-23 10:56:00,89.82,89.92,89.86,89.92,271.19822753
2023-01-23 10:55:00,89.88,89.92,89.88,89.88,35.10700609
2023-01-23 10:54:00,89.84,89.9,89.89,89.88,121.28112973
2023-01-23 10:53:00,89.9,90.07,90.05,89.9,1915.05369732
2023-01-23 10:52:00,89.93,90.07,89.93,90.0,720.71478389
2023-01-23 10:51:00,89.82,90.0,89.84,89.94,896.1268431
2023-01-23 10:50:00,89.81,89.86,89.81,89.83,155.43321638
2023-01-23 10:49:00,89.81,89.84,89.82,89.82,336.91065046
2023-01-23 10:48:00,89.76,89.83,89.76,89.82,288.00951193
2023-01-23 10:47:00,89.68,89.79,89.79,89.75,2504.21446707
2023-01-23 10:46:00,89.79,89.94,89.94,89.79,2684.39020859
2023-01-23 10:45:00,89.86,89.97,89.88,89.94,669.24677526
2023-01-23 10:44:00,89.77,89.88,89.77,89.88,314.80688628
2023-01-23 10:43:00,89.75,89.81,89.79,89.78,906.20305457
2023-01-23 10:42:00,89.79,89.83,89.82,89.8,325.12017773
2023-01-23 10:41:00,89.77,89.81,89.77,89.8,208.39890644
2023-01-23 10:40:00,89.75,89.77,89.76,89.77,68.29003013
2023-01-23 10:39:00,89.7,89.75,89.7,89.75,108.30881408
2023-01-23 10:38:00,89.64,89.71,89.65,89.7,91.74790476
2023-01-23 10:37:00,89.65,89.69,89.68,89.66,247.73853475
2023-01-23 10:36:00,89.64,89.69,89.64,89.66,1127.48676306
2023-01-23 10:35:00,89.59,89.7,89.59,89.69,132.72299477
2023-01-23 10:34:00,89.52,89.6,89.52,89.6,17.54390074
2023-01-23 10:33:00,89.49,89.54,89.51,89.52,69.74030178
2023-01-23 10:32:00,89.52,89.57,89.57,89.53,56.25980109
2023-01-23 10:31:00,89.56,89.6,89.56,89.58,87.78337712
2023-01-23 10:30:00,89.43,89.56,89.46,89.56,68.17579211
2023-01-23 10:29:00,89.45,89.53,89.47,89.46,52.48769443
2023-01-23 10:28:00,89.37,89.48,89.4,89.48,45.96508441
2023-01-23 10:27:00,89.3,89.38,89.36,89.38,66.91547064
2023-01-23 10:26:00,89.37,89.45,89.45,89.38,189.14405771
2023-01-23 10:25:00,89.43,89.57,89.57,89.43,45.08757543
2023-01-23 10:24:00,89.5,89.6,89.52,89.6,110.73432044
2023-01-23 10:23:00,89.43,89.55,89.49,89.55,74.14707796
2023-01-23 10:22:00,89.49,89.6,89.5,89.49,57.97010473
2023-01-23 10:21:00,89.45,89.54,89.46,89.54,26.98187979
2023-01-23 10:20:00,89.44,89.48,89.45,89.46,92.24354944
2023-01-23 10:19:00,89.3,89.44,89.32,89.44,203.88221777
2023-01-23 10:18:00,89.23,89.36,89.23,89.36,66.59997243
2023-01-23 10:17:00,89.17,89.27,89.17,89.23,15.54647603
2023-01-23 10:16:00,89.13,89.23,89.15,89.16,80.17133642
2023-01-23 10:15:00,89.18,89.21,89.2,89.18,15.09405722
2023-01-23 10:14:00,89.19,89.27,89.27,89.2,49.24223033
2023-01-23 10:13:00,89.26,89.37,89.33,89.26,42.81675536
2023-01-23 10:12:00,89.33,89.43,89.33,89.35,119.41099894
2023-01-23 10:11:00,89.29,89.36,89.29,89.3,276.42416565
2023-01-23 10:10:00,89.19,89.28,89.19,89.26,29.07076102
2023-01-23 10:09:00,89.12,89.19,89.19,89.16,35.14844022
2023-01-23 10:08:00,89.15,89.23,89.2,89.19,15.7637333
2023-01-23 10:07:00,89.11,89.25,89.21,89.21,97.61975293
2023-01-23 10:06:00,89.2,89.25,89.22,89.21,6.2720496
2023-01-23 10:05:00,89.16,89.24,89.18,89.22,65.63760958
2023-01-23 10:04:00,89.17,89.21,89.19,89.19,44.54766942
2023-01-23 10:03:00,89.14,89.2,89.18,89.18,44.59194678
2023-01-23 10:02:00,89.16,89.28,89.28,89.19,135.96816147
2023-01-23 10:01:00,89.24,89.42,89.42,89.27,512.48715188
2023-01-23 10:00:00,89.29,89.46,89.29,89.43,270.69267851
2023-01-23 09:59:00,88.96,89.36,89.03,89.33,495.23765512
2023-01-23 09:58:00,89.02,89.14,89.02,89.05,278.37209103
2023-01-23 09:57:00,88.88,89.01,88.91,89.01,388.69707066
2023-01-23 09:56:00,88.77,88.89,88.79,88.89,23.00690424
2023-01-23 09:55:00,88.64,88.81,88.64,88.79,546.45402298
2023-01-23 09:54:00,88.59,88.66,88.59,88.65,32.92624527
2023-01-23 09:53:00,88.59,88.64,88.62,88.59,46.90587823
2023-01-23 09:52:00,88.59,88.64,88.59,88.62,106.38302765
2023-01-23 09:51:00,88.57,88.59,88.58,88.59,11.58714724
2023-01-23 09:50:00,88.58,88.62,88.59,88.58,17.06604401
2023-01-23 09:49:00,88.59,88.64,88.61,88.61,18.74725073
2023-01-23 09:48:00,88.57,88.66,88.59,88.61,37.8462534
2023-01-23 09:47:00,88.56,88.61,88.57,88.59,116.01542391
2023-01-23 09:46:00,88.56,88.62,88.61,88.61,82.48565565
2023-01-23 09:45:00,88.59,88.67,88.66,88.63,141.52184182
2023-01-23 09:44:00,88.65,88.7,88.7,88.69,113.49063359
2023-01-23 09:43:00,88.59,88.75,88.59,88.69,200.68216058
2023-01-23 09:42:00,88.56,88.66,88.65,88.57,87.27674008
2023-01-23 09:41:00,88.63,88.75,88.67,88.63,58.9485803
2023-01-23 09:40:00,88.64,88.67,88.64,88.67,104.93313732
2023-01-23 09:39:00,88.67,88.79,88.79,88.67,95.35913675
2023-01-23 09:38:00,88.7,88.81,88.76,88.81,140.16913795
2023-01-23 09:37:00,88.77,88.9,88.8,88.77,148.87894322
2023-01-23 09:36:00,88.77,88.98,88.98,88.81,1101.26746369
2023-01-23 09:35:00,88.85,88.95,88.85,88.95,32.48085917
2023-01-23 09:34:00,88.75,88.86,88.75,88.85,93.41112952
2023-01-23 09:33:00,88.77,88.83,88.77,88.79,92.45263023
2023-01-23 09:32:00,88.75,88.86,88.84,88.75,58.31762128
2023-01-23 09:31:00,88.8,88.87,88.87,88.83,32.77277081
2023-01-23 09:30:00,88.89,88.98,88.96,88.89,65.79706623
2023-01-23 09:29:00,88.92,89.01,89.01,88.95,11.49397084
2023-01-23 09:28:00,88.98,89.06,89.03,89.0,116.74747556
2023-01-23 09:27:00,88.9,89.03,88.93,89.02,21.34028426
2023-01-23 09:26:00,88.92,89.02,88.99,88.97,18.37459355
2023-01-23 09:25:00,88.89,89.01,88.91,89.01,70.85938438
2023-01-23 09:24:00,88.91,89.03,89.01,88.91,311.23864916
2023-01-23 09:23:00,88.92,89.01,88.96,89.01,80.02784408
2023-01-23 09:22:00,88.94,89.09,88.94,89.0,204.96304729
2023-01-23 09:21:00,88.81,88.95,88.81,88.95,52.43099781
2023-01-23 09:20:00,88.8,88.9,88.87,88.85,70.1135297
2023-01-23 09:19:00,88.9,89.01,88.92,88.9,118.74577167
2023-01-23 09:18:00,88.81,88.95,88.86,88.92,111.24084094
2023-01-23 09:17:00,88.73,88.86,88.73,88.86,15.07986276
2023-01-23 09:16:00,88.64,88.8,88.64,88.74,508.37273127
2023-01-23 09:15:00,88.62,88.67,88.65,88.64,26.7227774
2023-01-23 09:14:00,88.57,88.64,88.57,88.63,20.22925808
2023-01-23 09:13:00,88.55,88.62,88.61,88.55,52.41527686
2023-01-23 09:12:00,88.55,88.64,88.56,88.62,43.31751866
2023-01-23 09:11:00,88.52,88.56,88.52,88.56,35.09863755
2023-01-23 09:10:00,88.46,88.52,88.46,88.52,26.374259
2023-01-23 09:09:00,88.38,88.49,88.39,88.45,18.13510884
2023-01-23 09:08:00,88.33,88.4,88.35,88.38,9.91136087
2023-01-23 09:07:00,88.35,88.44,88.42,88.35,38.70872633
2023-01-23 09:06:00,88.37,88.44,88.37,88.42,209.83805692
2023-01-23 09:05:00,88.35,88.44,88.44,88.38,102.76707174
2023-01-23 09:04:00,88.42,88.51,88.43,88.49,52.4994125
2023-01-23 09:03:00,88.35,88.43,88.35,88.43,136.9455637
2023-01-23 09:02:00,88.26,88.38,88.31,88.38,203.0425387
2023-01-23 09:01:00,88.33,88.41,88.41,88.33,82.24566016
2023-01-23 09:00:00,88.41,88.5,88.43,88.43,104.92880891
2023-01-23 08:59:00,88.44,88.5,88.5,88.47,52.75843996
2023-01-23 08:58:00,88.49,88.55,88.49,88.53,9.13554424
2023-01-23 08:57:00,88.45,88.47,88.47,88.47,20.68800807
2023-01-23 08:56:00,88.47,88.55,88.53,88.47,36.20500041
2023-01-23 08:55:00,88.49,88.59,88.49,88.55,25.54185496
2023-01-23 08:54:00,88.47,88.53,88.49,88.47,19.97839216
2023-01-23 08:53:00,88.47,88.58,88.51,88.52,17.28644569
2023-01-23 08:52:00,88.47,88.59,88.58,88.51,50.15813858
2023-01-23 08:51:00,88.59,88.7,88.69,88.59,19.60230967
2023-01-23 08:50:00,88.64,88.69,88.67,88.68,251.25411689
2023-01-23 08:49:00,88.67,88.8,88.8,88.67,140.45823264
2023-01-23 08:48:00,88.8,88.9,88.9,88.8,46.22364051
2023-01-23 08:47:00,88.76,89.08,88.76,88.92,417.19336441
2023-01-23 08:46:00,88.66,88.89,88.66,88.79,431.15725369
2023-01-23 08:45:00,88.51,88.73,88.54,88.66,1269.60804295
2023-01-23 08:44:00,88.48,88.57,88.48,88.57,50.99040461
2023-01-23 08:43:00,88.41,88.52,88.41,88.51,277.59919674
2023-01-23 08:42:00,88.32,88.44,88.43,88.41,50.3035504
2023-01-23 08:41:00,88.25,88.44,88.25,88.44,57.32017116
2023-01-23 08:40:00,88.1,88.25,88.1,88.23,86.56012354
2023-01-23 08:39:00,88.1,88.21,88.19,88.1,126.39237158
2023-01-23 08:38:00,88.17,88.23,88.21,88.17,20.78581363
2023-01-23 08:37:00,88.19,88.23,88.2,88.22,9.27101621
2023-01-23 08:36:00,88.1,88.22,88.1,88.2,301.55570359
2023-01-23 08:35:00,88.06,88.11,88.08,88.11,30.51322945
2023-01-23 08:34:00,87.94,88.09,87.94,88.09,171.53709398
2023-01-23 08:33:00,87.93,88.04,88.04,87.93,37.31493127
2023-01-23 08:32:00,88.01,88.09,88.02,88.06,77.47819217
2023-01-23 08:31:00,88.01,88.12,88.06,88.02,132.77404713
2023-01-23 08:30:00,87.95,88.1,88.09,88.04,90.32868569
2023-01-23 08:29:00,88.08,88.16,88.14,88.1,25.24036954
2023-01-23 08:28:00,88.13,88.23,88.18,88.13,74.1182554
2023-01-23 08:27:00,88.15,88.25,88.25,88.18,119.8777822
2023-01-23 08:26:00,88.29,88.38,88.38,88.29,11.90382771
2023-01-23 08:25:00,88.34,88.44,88.34,88.37,72.39608727
2023-01-23 08:24:00,88.38,88.48,88.38,88.38,50.92004635
2023-01-23 08:23:00,88.35,88.46,88.46,88.35,79.09145989
2023-01-23 08:22:00,88.47,88.58,88.56,88.49,186.94073974
2023-01-23 08:21:00,88.53,88.65,88.61,88.53,84.32216606
2023-01-23 08:20:00,88.59,88.93,88.92,88.61,840.31442527
2023-01-23 08:19:00,88.68,88.91,88.68,88.91,287.82176927
2023-01-23 08:18:00,88.45,88.75,88.45,88.72,384.34472128
2023-01-23 08:17:00,88.28,88.48,88.28,88.45,273.68841465
2023-01-23 08:16:00,88.23,88.28,88.23,88.28,68.14084382
2023-01-23 08:15:00,88.2,88.26,88.23,88.26,3.18065045
2023-01-23 08:14:00,88.18,88.23,88.2,88.23,105.44198485
2023-01-23 08:13:00,88.15,88.19,88.18,88.17,19.13720076
2023-01-23 18:13:00,90.01,90.17,90.08,90.17,40.70331144
2023-01-23 18:12:00,89.98,90.1,90.0,90.05,55.49717206
2023-01-23 18:11:00,89.89,90.03,89.93,89.96,184.97051363
2023-01-23 18:10:00,89.93,90.14,90.08,89.93,272.27031959
2023-01-23 18:09:00,90.04,90.16,90.07,90.11,56.4381384
2023-01-23 18:08:00,89.99,90.2,89.99,90.11,508.70694129
2023-01-23 18:07:00,89.89,90.0,89.98,89.99,367.17749338
2023-01-23 18:06:00,89.85,90.04,89.95,89.96,216.64898384
2023-01-23 18:05:00,89.71,89.94,89.71,89.9,318.92839682
2023-01-23 18:04:00,89.58,89.76,89.6,89.68,94.39864149
2023-01-23 18:03:00,89.6,89.77,89.7,89.6,147.43534814
2023-01-23 18:02:00,89.55,89.7,89.63,89.7,71.87020064
2023-01-23 18:01:00,89.53,89.7,89.67,89.67,72.04200293
2023-01-23 18:00:00,89.59,89.72,89.68,89.61,37.70722938
2023-01-23 17:59:00,89.64,89.75,89.68,89.66,237.85768159
2023-01-23 17:58:00,89.57,89.73,89.57,89.7,136.46638002
2023-01-23 17:57:00,89.5,89.58,89.56,89.55,13.02911499
2023-01-23 17:56:00,89.33,89.54,89.37,89.5,26.13753205
2023-01-23 17:55:00,89.33,89.47,89.45,89.38,32.78450369
2023-01-23 17:54:00,89.35,89.49,89.44,89.47,85.35340455
2023-01-23 17:53:00,89.38,89.48,89.44,89.43,299.35989304
2023-01-23 17:52:00,89.24,89.42,89.24,89.42,118.57053882
2023-01-23 17:51:00,89.04,89.24,89.18,89.24,489.73896367
2023-01-23 17:50:00,89.18,89.25,89.21,89.22,4.93808358
2023-01-23 17:49:00,89.17,89.3,89.28,89.19,169.76003388
2023-01-23 17:48:00,89.25,89.31,89.27,89.29,125.31978773
2023-01-23 17:47:00,89.21,89.31,89.25,89.27,46.22856899
2023-01-23 17:46:00,89.2,89.25,89.21,89.25,99.45909203
2023-01-23 17:45:00,89.19,89.31,89.27,89.21,30.6988619
2023-01-23 17:44:00,89.26,89.33,89.26,89.32,19.52735049
2023-01-23 17:43:00,89.24,89.31,89.24,89.28,56.93136151
2023-01-23 17:42:00,89.19,89.26,89.24,89.25,20.73475963
2023-01-23 17:41:00,89.23,89.34,89.26,89.24,52.89167694
2023-01-23 17:40:00,89.25,89.3,89.27,89.27,23.54132649
2023-01-23 17:39:00,89.29,89.42,89.42,89.31,191.68938133
2023-01-23 17:38:00,89.4,89.47,89.46,89.41,23.67957772
2023-01-23 17:37:00,89.35,89.47,89.35,89.43,19.47228468
2023-01-23 17:36:00,89.26,89.35,89.32,89.35,16.08996945
2023-01-23 17:35:00,89.27,89.42,89.42,89.34,83.14819782
2023-01-23 17:34:00,89.31,89.39,89.36,89.39,29.93333388
2023-01-23 17:33:00,89.3,89.38,89.34,89.34,12.81169514
2023-01-23 17:32:00,89.33,89.38,89.38,89.36,66.6944268
2023-01-23 17:31:00,89.31,89.44,89.38,89.33,68.55737064
2023-01-23 17:30:00,89.4,89.51,89.51,89.4,23.36216673
2023-01-23 17:29:00,89.48,89.57,89.55,89.48,125.79850953
2023-01-23 17:28:00,89.44,89.58,89.44,89.58,67.02435574
2023-01-23 17:27:00,89.41,89.49,89.47,89.46,39.76454064
2023-01-23 17:26:00,89.33,89.49,89.38,89.49,76.9629422
2023-01-23 17:25:00,89.34,89.53,89.5,89.4,72.40697209
2023-01-23 17:24:00,89.5,89.58,89.52,89.5,52.00399876
2023-01-23 17:23:00,89.45,89.53,89.5,89.49,63.1297591
2023-01-23 17:22:00,89.44,89.51,89.46,89.5,45.8717312
2023-01-23 17:21:00,89.45,89.49,89.49,89.49,64.62991432
2023-01-23 17:20:00,89.42,89.5,89.49,89.44,183.60545632
2023-01-23 17:19:00,89.43,89.49,89.48,89.49,42.43655331
2023-01-23 17:18:00,89.39,89.48,89.41,89.48,61.46241265
2023-01-23 17:17:00,89.36,89.45,89.4,89.4,43.8295901
2023-01-23 17:16:00,89.32,89.4,89.36,89.39,62.10432297
2023-01-23 17:15:00,89.28,89.36,89.36,89.35,74.37236429
2023-01-23 17:14:00,89.26,89.36,89.32,89.36,27.51018928
2023-01-23 17:13:00,89.33,89.36,89.34,89.33,13.32910747
2023-01-23 17:12:00,89.28,89.36,89.3,89.28,51.35545221
2023-01-23 17:11:00,89.28,89.38,89.32,89.34,176.21482296
2023-01-23 17:10:00,89.26,89.35,89.33,89.33,146.3452297
2023-01-23 17:09:00,89.33,89.49,89.49,89.36,24.57199859
2023-01-23 17:08:00,89.35,89.47,89.47,89.47,263.8097326
2023-01-23 17:07:00,89.38,89.5,89.39,89.5,98.47506191
2023-01-23 17:06:00,89.34,89.42,89.35,89.37,20.86252366
2023-01-23 17:05:00,89.36,89.46,89.46,89.4,127.44239631
2023-01-23 17:04:00,89.45,89.55,89.48,89.45,32.75576828
2023-01-23 17:03:00,89.41,89.55,89.46,89.51,110.37419769
2023-01-23 17:02:00,89.44,89.55,89.52,89.44,165.05425245
2023-01-23 17:01:00,89.49,89.61,89.6,89.49,170.60597822
2023-01-23 17:00:00,89.6,89.69,89.63,89.62,30.26350791
2023-01-23 16:59:00,89.65,89.71,89.69,89.65,35.73318147
2023-01-23 16:58:00,89.57,89.68,89.59,89.64,66.75234715
2023-01-23 16:57:00,89.57,89.74,89.71,89.6,53.9148006
2023-01-23 16:56:00,89.67,89.78,89.67,89.74,57.28283038
2023-01-23 16:55:00,89.65,89.76,89.76,89.68,24.64963591
2023-01-23 16:54:00,89.7,89.77,89.76,89.75,78.33730988
2023-01-23 16:53:00,89.65,89.77,89.67,89.73,51.24406599
2023-01-23 16:52:00,89.55,89.67,89.58,89.67,168.14164647
2023-01-23 16:51:00,89.61,89.76,89.72,89.62,90.50499118
2023-01-23 16:50:00,89.72,89.87,89.84,89.72,26.951214
2023-01-23 16:49:00,89.72,89.85,89.72,89.85,50.82048234
2023-01-23 16:48:00,89.74,89.84,89.81,89.77,61.16579785
2023-01-23 16:47:00,89.69,89.81,89.69,89.81,9.14206164
2023-01-23 16:46:00,89.53,89.72,89.58,89.72,79.54588245
2023-01-23 16:45:00,89.58,89.68,89.62,89.58,78.22715518
2023-01-23 16:44:00,89.63,89.7,89.7,89.63,28.33325213
2023-01-23 16:43:00,89.65,89.75,89.75,89.69,182.97779384
2023-01-23 16:42:00,89.68,89.79,89.69,89.78,71.65183122
2023-01-23 16:41:00,89.68,89.84,89.81,89.68,31.80352917
2023-01-23 16:40:00,89.67,89.83,89.67,89.8,149.14770822
2023-01-23 16:39:00,89.65,89.78,89.78,89.69,57.82762669
2023-01-23 16:38:00,89.72,89.83,89.83,89.78,56.72902433
2023-01-23 16:37:00,89.68,89.84,89.68,89.79,50.87862807
2023-01-23 16:36:00,89.61,89.77,89.77,89.68,99.96419836
2023-01-23 16:35:00,89.69,89.76,89.7,89.74,64.22806425
2023-01-23 16:34:00,89.64,89.81,89.81,89.65,76.10903817
2023-01-23 16:33:00,89.79,89.86,89.85,89.8,42.43591052
2023-01-23 16:32:00,89.69,89.78,89.78,89.78,68.57515851
2023-01-23 16:31:00,89.62,89.78,89.65,89.68,22.70515255
2023-01-23 16:30:00,89.44,89.6,89.47,89.6,203.55335169
2023-01-23 16:29:00,89.47,89.74,89.7,89.51,95.43994836
2023-01-23 16:28:00,89.61,89.77,89.62,89.69,144.06598107
2023-01-23 16:27:00,89.54,89.68,89.66,89.64,360.1751638
2023-01-23 16:26:00,89.64,89.74,89.71,89.72,86.01374423
2023-01-23 16:25:00,89.74,89.87,89.87,89.77,54.52083868
2023-01-23 16:24:00,89.82,89.9,89.87,89.9,62.2722743
2023-01-23 16:23:00,89.85,90.01,90.0,89.85,57.57260826
2023-01-23 16:22:00,89.93,90.16,90.11,89.94,63.17027845
2023-01-23 16:21:00,90.06,90.21,90.21,90.06,62.64761031
2023-01-23 16:20:00,90.1,90.23,90.14,90.21,167.13518723
2023-01-23 16:19:00,89.97,90.12,89.97,90.12,147.36764662
2023-01-23 16:18:00,89.93,90.02,89.95,89.96,22.34409762
2023-01-23 16:17:00,89.87,90.1,90.09,89.98,278.69246442
2023-01-23 16:16:00,90.08,90.14,90.13,90.09,16.87097256
2023-01-23 16:15:00,90.08,90.2,90.09,90.2,94.13986692
2023-01-23 16:14:00,90.07,90.22,90.22,90.07,16.35943606
2023-01-23 16:13:00,90.0,90.22,90.08,90.21,142.72876533
2023-01-23 16:12:00,90.08,90.23,90.2,90.08,309.0658715
2023-01-23 16:11:00,90.2,90.36,90.32,90.21,364.1153801
2023-01-23 16:10:00,90.24,90.31,90.29,90.31,35.03835066
2023-01-23 16:09:00,90.19,90.35,90.21,90.35,209.93825786
2023-01-23 16:08:00,90.22,90.36,90.31,90.26,133.43350784
2023-01-23 16:07:00,90.22,90.39,90.32,90.37,366.83779821
2023-01-23 16:06:00,90.33,90.51,90.47,90.33,140.14584911
2023-01-23 16:05:00,90.45,90.61,90.61,90.49,112.61030342
2023-01-23 16:04:00,90.61,90.7,90.65,90.62,85.62083923
2023-01-23 16:03:00,90.66,90.75,90.66,90.67,164.98108622
2023-01-23 16:02:00,90.5,90.64,90.5,90.63,63.29921851
2023-01-23 16:01:00,90.45,90.53,90.49,90.5,61.83870463
2023-01-23 16:00:00,90.4,90.48,90.43,90.43,68.45528633
2023-01-23 15:59:00,90.4,90.61,90.55,90.4,48.55316597
2023-01-23 15:58:00,90.54,90.65,90.54,90.56,79.14233709
2023-01-23 15:57:00,90.48,90.55,90.53,90.55,43.29883079
2023-01-23 15:56:00,90.42,90.52,90.42,90.52,9.9664049
2023-01-23 15:55:00,90.47,90.54,90.54,90.47,13.01899733
2023-01-23 15:54:00,90.41,90.54,90.47,90.52,166.40647651
2023-01-23 15:53:00,90.42,90.58,90.47,90.52,41.37798499
2023-01-23 15:52:00,90.4,90.51,90.5,90.47,12.4894584
2023-01-23 15:51:00,90.45,90.54,90.48,90.5,57.35175938
2023-01-23 15:50:00,90.46,90.69,90.65,90.49,37.22386715
2023-01-23 15:49:00,90.68,90.81,90.8,90.68,19.7571876
2023-01-23 15:48:00,90.68,90.83,90.73,90.77,49.07325311
2023-01-23 15:47:00,90.7,90.81,90.75,90.74,43.78875511
2023-01-23 15:46:00,90.61,90.74,90.66,90.72,24.01694986
2023-01-23 15:45:00,90.64,90.7,90.67,90.68,32.23310891
2023-01-23 15:44:00,90.58,90.69,90.58,90.69,17.44662844
2023-01-23 15:43:00,90.4,90.59,90.4,90.58,46.91957115
2023-01-23 15:42:00,90.4,90.53,90.49,90.42,71.76564294
2023-01-23 15:41:00,90.47,90.51,90.47,90.51,36.92614528
2023-01-23 15:40:00,90.4,90.51,90.42,90.44,31.73268644
2023-01-23 15:39:00,90.36,90.49,90.48,90.49,294.86185341
2023-01-23 15:38:00,90.39,90.66,90.66,90.5,389.5417736
2023-01-23 15:37:00,90.68,90.78,90.75,90.71,104.70666671
2023-01-23 15:36:00,90.76,90.84,90.8,90.78,46.87119195
2023-01-23 15:35:00,90.73,90.85,90.81,90.83,27.99306864
2023-01-23 15:34:00,90.73,90.83,90.75,90.83,244.48985763
2023-01-23 15:33:00,90.71,90.93,90.9,90.71,263.59263056
2023-01-23 15:32:00,90.82,91.02,90.97,90.82,63.1155106
2023-01-23 15:31:00,90.88,91.02,90.91,90.97,23.08316279
2023-01-23 15:30:00,90.81,91.03,91.0,90.84,43.8212061
2023-01-23 15:29:00,91.03,91.12,91.09,91.03,28.73116615
2023-01-23 15:28:00,91.0,91.14,91.05,91.06,75.14356019
2023-01-23 15:27:00,90.78,91.03,90.9,91.03,249.61077378
2023-01-23 15:26:00,90.77,90.94,90.82,90.82,58.52546408
2023-01-23 15:25:00,90.75,91.06,91.0,90.77,106.67011005
2023-01-23 15:24:00,90.76,90.99,90.84,90.99,53.05984815
2023-01-23 15:23:00,90.58,90.75,90.58,90.75,289.58142855
2023-01-23 15:22:00,90.13,90.57,90.23,90.57,256.68665703
2023-01-23 15:21:00,90.22,90.39,90.34,90.25,60.86923999
2023-01-23 15:20:00,90.32,90.54,90.47,90.32,62.48737162
2023-01-23 15:19:00,90.45,90.54,90.54,90.47,5.22313241
2023-01-23 15:18:00,90.37,90.51,90.51,90.47,245.4162201
2023-01-23 15:17:00,90.47,90.59,90.53,90.5,71.93113833
2023-01-23 15:16:00,90.55,90.7,90.63,90.55,70.38519099
2023-01-23 15:15:00,90.38,90.61,90.49,90.58,32.01077665
2023-01-23 15:14:00,90.45,90.58,90.45,90.52,78.77604948
2023-01-23 15:13:00,90.25,90.45,90.33,90.45,136.57631477
2023-01-23 15:12:00,90.18,90.4,90.18,90.39,116.91033751
2023-01-23 15:11:00,90.0,90.21,90.0,90.15,83.71190438
2023-01-23 15:10:00,90.01,90.17,90.09,90.02,136.74064373
2023-01-23 15:09:00,90.03,90.22,90.22,90.03,339.15585532
2023-01-23 15:08:00,90.05,90.22,90.13,90.22,124.76776539
2023-01-23 15:07:00,89.95,90.11,89.95,90.11,52.77170296
2023-01-23 15:06:00,89.88,90.02,90.01,89.94,49.83358932
2023-01-23 15:05:00,89.82,89.98,89.96,89.94,50.15464102
2023-01-23 15:04:00,89.82,90.25,90.25,90.07,235.59938813
2023-01-23 15:03:00,90.2,90.41,90.28,90.29,187.98475863
2023-01-23 15:02:00,90.01,90.31,90.14,90.31,188.10680158
2023-01-23 15:01:00,89.88,90.27,89.89,90.21,167.53816201
2023-01-23 15:00:00,89.31,89.92,89.76,89.91,1514.15166678
2023-01-23 14:59:00,89.16,90.51,90.5,89.85,2812.26920849
2023-01-23 14:58:00,90.28,91.12,91.11,90.52,1978.5100332
2023-01-23 14:57:00,91.06,91.31,91.29,91.12,532.04308369
2023-01-23 14:56:00,91.34,91.48,91.48,91.34,33.94363681
2023-01-23 14:55:00,91.09,91.49,91.12,91.49,335.78378363
2023-01-23 14:54:00,91.16,91.38,91.35,91.16,275.20295074
2023-01-23 14:53:00,91.25,91.52,91.36,91.39,1009.50517995
2023-01-23 14:52:00,91.16,91.4,91.27,91.37,203.14307726
2023-01-23 14:51:00,90.96,91.36,91.12,91.21,609.23534492
2023-01-23 14:50:00,90.87,91.13,90.95,91.13,143.36695824
2023-01-23 14:49:00,90.85,91.02,90.85,90.91,60.80875465
2023-01-23 14:48:00,90.71,90.84,90.71,90.83,58.30033927
2023-01-23 14:47:00,90.62,90.79,90.66,90.74,621.7079977
2023-01-23 14:46:00,90.56,90.69,90.69,90.65,166.15838381
2023-01-23 14:45:00,90.63,90.68,90.66,90.67,175.96600444
2023-01-23 14:44:00,90.57,90.65,90.62,90.65,133.57319263
2023-01-23 14:43:00,90.61,90.7,90.63,90.63,135.78800871
2023-01-23 14:42:00,90.56,90.63,90.56,90.63,56.3437983
2023-01-23 14:41:00,90.49,90.64,90.59,90.51,21.73838898
2023-01-23 14:40:00,90.58,90.69,90.59,90.58,74.54989666
2023-01-23 14:39:00,90.58,90.63,90.6,90.61,201.9333862
2023-01-23 14:38:00,90.45,90.56,90.53,90.52,123.36516517
2023-01-23 14:37:00,90.49,90.54,90.49,90.54,66.97731514
2023-01-23 14:36:00,90.32,90.49,90.49,90.38,177.98421901
2023-01-23 14:35:00,90.28,90.59,90.33,90.52,153.25767664
2023-01-23 14:34:00,90.34,90.47,90.44,90.34,364.35278922
2023-01-23 14:33:00,90.4,90.54,90.42,90.43,304.1686162
2023-01-23 14:32:00,90.32,90.43,90.39,90.43,60.51370584
2023-01-23 14:31:00,90.13,90.41,90.28,90.3,662.03606318
2023-01-23 14:30:00,90.27,90.53,90.51,90.27,52.44520156
2023-01-23 14:29:00,90.51,90.62,90.6,90.54,283.08722684
2023-01-23 14:28:00,90.52,90.61,90.53,90.57,12.44778001
2023-01-23 14:27:00,90.5,90.61,90.6,90.5,39.33283162
2023-01-23 14:26:00,90.57,90.64,90.57,90.6,15.50739848
2023-01-23 14:25:00,90.57,90.61,90.61,90.58,81.6648285
2023-01-23 14:24:00,90.58,90.67,90.64,90.62,119.15433809
2023-01-23 14:23:00,90.55,90.64,90.55,90.64,22.29667381
2023-01-23 14:22:00,90.52,90.59,90.54,90.57,50.99984109
2023-01-23 14:21:00,90.5,90.54,90.52,90.53,41.18870055
2023-01-23 14:20:00,90.46,90.58,90.58,90.53,39.75563619
2023-01-23 14:19:00,90.53,90.59,90.58,90.55,44.76087614
2023-01-23 14:18:00,90.46,90.58,90.46,90.53,57.42272647
2023-01-23 14:17:00,90.22,90.46,90.32,90.46,121.08254869
2023-01-23 14:16:00,90.22,90.34,90.34,90.26,569.07063367
2023-01-23 14:15:00,90.34,90.54,90.35,90.37,61.60555518
2023-01-23 14:14:00,90.09,90.42,90.3,90.31,284.57607892
2023-01-23 14:13:00,90.34,90.43,90.37,90.34,56.57748604
2023-01-23 14:12:00,90.21,90.4,90.32,90.4,110.70407813
2023-01-23 14:11:00,90.36,90.45,90.43,90.38,38.55962146
2023-01-23 14:10:00,90.35,90.56,90.53,90.35,33.81060245
2023-01-23 14:09:00,90.43,90.55,90.47,90.51,40.85685781
2023-01-23 14:08:00,90.25,90.44,90.44,90.44,190.57541251
2023-01-23 14:07:00,90.41,90.62,90.62,90.43,156.4407781
2023-01-23 14:06:00,90.59,90.67,90.65,90.62,80.87842697
2023-01-23 14:05:00,90.66,90.75,90.72,90.72,59.73064421
2023-01-23 14:04:00,90.6,90.78,90.78,90.72,114.87280925
2023-01-23 14:03:00,90.75,90.98,90.97,90.79,279.09537635
2023-01-23 14:02:00,90.81,90.93,90.89,90.89,59.14200467
2023-01-23 14:01:00,90.64,90.88,90.64,90.88,79.22526876
2023-01-23 14:00:00,90.59,90.7,90.7,90.64,58.62229358
2023-01-23 13:59:00,90.64,90.74,90.7,90.67,46.3745952
2023-01-23 13:58:00,90.54,90.64,90.6,90.62,74.6560041
2023-01-23 13:57:00,90.49,90.61,90.51,90.52,117.41708554
2023-01-23 13:56:00,90.21,90.5,90.21,90.5,62.07145741
2023-01-23 13:55:00,90.18,90.45,90.3,90.18,182.20944223
2023-01-23 13:54:00,90.34,90.46,90.43,90.37,66.87968532
2023-01-23 13:53:00,90.33,90.47,90.33,90.35,107.43359176
2023-01-23 13:52:00,89.8,90.41,89.82,90.35,968.06441717
2023-01-23 13:51:00,89.85,90.64,90.64,89.85,964.77500942
2023-01-23 13:50:00,90.67,90.81,90.81,90.67,21.05245782
2023-01-23 13:49:00,90.63,90.83,90.63,90.83,146.94482974
2023-01-23 13:48:00,90.5,90.66,90.63,90.55,139.67535146
2023-01-23 13:47:00,90.6,90.8,90.8,90.67,409.35732065
2023-01-23 13:46:00,90.76,90.8,90.8,90.76,2.70754451
2023-01-23 13:45:00,90.79,91.02,90.98,90.8,79.96129831
2023-01-23 13:44:00,90.91,91.03,90.91,91.02,33.98014697
2023-01-23 13:43:00,90.91,91.04,91.04,90.91,70.33854119
2023-01-23 13:42:00,90.96,91.02,90.98,90.99,62.49075295
2023-01-23 13:41:00,90.84,91.0,90.84,90.99,24.16097882
2023-01-23 13:40:00,90.71,90.83,90.83,90.83,140.97418623
2023-01-23 13:39:00,90.8,90.9,90.9,90.83,89.48058165
2023-01-23 13:38:00,90.88,90.98,90.88,90.93,134.12202417
2023-01-23 13:37:00,90.79,90.92,90.79,90.9,260.55308115
2023-01-23 13:36:00,90.77,90.82,90.78,90.79,67.00318553
2023-01-23 13:35:00,90.77,90.83,90.81,90.79,52.02950818
2023-01-23 13:34:00,90.87,90.94,90.94,90.87,85.93557472
2023-01-23 13:33:00,90.81,90.93,90.81,90.92,61.74033886
2023-01-23 13:32:00,90.78,90.9,90.86,90.82,111.68503748
2023-01-23 13:31:00,90.8,90.89,90.8,90.86,91.20425318
2023-01-23 13:30:00,90.71,90.81,90.71,90.8,42.09763384
2023-01-23 13:29:00,90.66,90.75,90.74,90.67,103.4228593
2023-01-23 13:28:00,90.64,90.73,90.67,90.73,52.15100693
2023-01-23 13:27:00,90.36,90.68,90.66,90.6,347.02229115
2023-01-23 13:26:00,90.51,90.86,90.86,90.56,590.82899123
2023-01-23 13:25:00,90.77,90.85,90.77,90.85,31.10715421
2023-01-23 13:24:00,90.71,90.85,90.85,90.8,106.43416858
2023-01-23 13:23:00,90.89,90.94,90.92,90.92,51.18507972
2023-01-23 13:22:00,90.83,90.98,90.86,90.95,73.01137815
2023-01-23 13:21:00,90.8,90.91,90.91,90.8,6.7136759
2023-01-23 13:20:00,91.0,91.09,91.06,91.0,7.45982865
2023-01-23 13:19:00,90.98,91.11,91.03,91.09,60.65289539
2023-01-23 13:18:00,91.03,91.12,91.09,91.03,63.6185323
2023-01-23 13:17:00,91.06,91.14,91.07,91.11,25.0737884
2023-01-23 13:16:00,90.95,91.07,90.99,91.04,32.73743325
2023-01-23 13:15:00,90.85,90.99,90.85,90.97,5.70243098
2023-01-23 13:14:00,90.83,90.89,90.83,90.89,58.383051
2023-01-23 13:13:00,90.74,90.8,90.77,90.8,31.54929046
2023-01-23 23:13:00,90.16,90.24,90.16,90.24,66.23610359
2023-01-23 23:12:00,90.12,90.19,90.19,90.16,32.6825006
2023-01-23 23:11:00,90.15,90.27,90.24,90.17,55.38304821
2023-01-23 23:10:00,90.23,90.41,90.38,90.23,317.33448036
2023-01-23 23:09:00,90.38,90.51,90.45,90.41,97.27841865
2023-01-23 23:08:00,90.43,90.51,90.5,90.45,14.3119121
2023-01-23 23:07:00,90.43,90.57,90.5,90.47,116.50482999
2023-01-23 23:06:00,90.45,90.62,90.62,90.45,66.02985343
2023-01-23 23:05:00,90.59,90.64,90.61,90.63,13.0811228
2023-01-23 23:04:00,90.57,90.66,90.57,90.64,105.62301199
2023-01-23 23:03:00,90.53,90.61,90.53,90.58,29.8348786
2023-01-23 23:02:00,90.4,90.53,90.4,90.53,235.21770287
2023-01-23 23:01:00,90.28,90.38,90.38,90.34,54.25564721
2023-01-23 23:00:00,90.36,90.4,90.4,90.38,51.71514265
2023-01-23 22:59:00,90.29,90.41,90.33,90.4,377.78910518
2023-01-23 22:58:00,90.31,90.34,90.33,90.33,64.43202091
2023-01-23 22:57:00,90.27,90.38,90.38,90.32,107.07402879
2023-01-23 22:56:00,90.25,90.39,90.28,90.38,103.85520398
2023-01-23 22:55:00,90.17,90.29,90.19,90.29,116.70145488
2023-01-23 22:54:00,90.03,90.19,90.03,90.18,68.9293361
2023-01-23 22:53:00,90.0,90.19,90.13,90.07,167.98724205
2023-01-23 22:52:00,90.14,90.24,90.23,90.17,63.15565117
2023-01-23 22:51:00,90.21,90.27,90.25,90.21,13.24134072
2023-01-23 22:50:00,90.25,90.28,90.25,90.27,86.31911573
2023-01-23 22:49:00,90.25,90.28,90.26,90.28,99.99818875
2023-01-23 22:48:00,90.22,90.27,90.24,90.26,14.65056098
2023-01-23 22:47:00,90.21,90.24,90.23,90.24,19.32644847
2023-01-23 22:46:00,90.21,90.24,90.24,90.23,55.19458636
2023-01-23 22:45:00,90.19,90.24,90.24,90.24,41.17452622
2023-01-23 22:44:00,90.14,90.24,90.2,90.2,194.98431203
2023-01-23 22:43:00,90.2,90.28,90.28,90.24,27.58630511
2023-01-23 22:42:00,90.16,90.29,90.2,90.29,34.34158868
2023-01-23 22:41:00,90.16,90.29,90.29,90.2,22.7438926
2023-01-23 22:40:00,90.27,90.31,90.31,90.31,9.87636719
2023-01-23 22:39:00,90.3,90.36,90.36,90.31,14.96033313
2023-01-23 22:38:00,90.32,90.37,90.36,90.36,26.40994914
2023-01-23 22:37:00,90.34,90.43,90.43,90.34,40.26494257
2023-01-23 22:36:00,90.39,90.43,90.39,90.39,23.21728192
2023-01-23 22:35:00,90.39,90.47,90.47,90.42,62.27887062
2023-01-23 22:34:00,90.45,90.47,90.45,90.47,16.16405687
2023-01-23 22:33:00,90.42,90.47,90.43,90.47,29.85597566
2023-01-23 22:32:00,90.38,90.43,90.42,90.43,5.01248138
2023-01-23 22:31:00,90.35,90.42,90.42,90.36,284.2700543
2023-01-23 22:30:00,90.37,90.42,90.37,90.42,15.2426673
2023-01-23 22:29:00,90.4,90.46,90.46,90.4,115.23498215
2023-01-23 22:28:00,90.4,90.47,90.41,90.46,26.55826924
2023-01-23 22:27:00,90.41,90.46,90.41,90.44,6.01383835
2023-01-23 22:26:00,90.33,90.41,90.33,90.4,55.80470774
2023-01-23 22:25:00,90.29,90.33,90.32,90.33,88.89383404
2023-01-23 22:24:00,90.3,90.33,90.33,90.33,18.09849029
2023-01-23 22:23:00,90.31,90.34,90.31,90.33,7.27491529
2023-01-23 22:22:00,90.31,90.37,90.36,90.35,29.66293001
2023-01-23 22:21:00,90.33,90.37,90.33,90.36,5.79663923
2023-01-23 22:20:00,90.32,90.39,90.35,90.33,128.86575304
2023-01-23 22:19:00,90.32,90.39,90.39,90.38,231.95175083
2023-01-23 22:18:00,90.36,90.4,90.4,90.39,2.16367565
2023-01-23 22:17:00,90.35,90.4,90.36,90.38,6.83162665
2023-01-23 22:16:00,90.39,90.44,90.44,90.39,10.73712995
2023-01-23 22:15:00,90.35,90.45,90.35,90.45,73.09568791
2023-01-23 22:14:00,90.36,90.46,90.45,90.37,21.95952431
2023-01-23 22:13:00,90.49,90.53,90.53,90.5,96.28575915
2023-01-23 22:12:00,90.51,90.55,90.51,90.55,18.8282792
2023-01-23 22:11:00,90.52,90.58,90.58,90.55,22.34329645
2023-01-23 22:10:00,90.53,90.62,90.58,90.59,153.21746614
2023-01-23 22:09:00,90.48,90.58,90.48,90.58,102.02283374
2023-01-23 22:08:00,90.45,90.56,90.56,90.47,83.95523284
2023-01-23 22:07:00,90.55,90.6,90.55,90.56,23.8417823
2023-01-23 22:06:00,90.52,90.56,90.54,90.55,30.95603849
2023-01-23 22:05:00,90.52,90.61,90.52,90.58,173.23687305
2023-01-23 22:04:00,90.48,90.53,90.53,90.52,52.97801672
2023-01-23 22:03:00,90.5,90.56,90.53,90.54,22.41022417
2023-01-23 22:02:00,90.53,90.57,90.57,90.57,4.93583999
2023-01-23 22:01:00,90.46,90.57,90.51,90.55,15.63042801
2023-01-23 22:00:00,90.5,90.6,90.57,90.5,25.95650496
2023-01-23 21:59:00,90.56,90.6,90.58,90.6,5.59076271
2023-01-23 21:58:00,90.56,90.62,90.62,90.58,75.85844039
2023-01-23 21:57:00,90.57,90.67,90.57,90.64,9.55761704
2023-01-23 21:56:00,90.56,90.66,90.61,90.56,251.49897985
2023-01-23 21:55:00,90.58,90.63,90.58,90.6,36.90201599
2023-01-23 21:54:00,90.51,90.58,90.51,90.57,18.56355682
2023-01-23 21:53:00,90.43,90.5,90.43,90.5,77.86159528
2023-01-23 21:52:00,90.31,90.43,90.35,90.43,77.88205042
2023-01-23 21:51:00,90.35,90.42,90.42,90.36,43.44829436
2023-01-23 21:50:00,90.38,90.47,90.41,90.46,21.87754081
2023-01-23 21:49:00,90.35,90.43,90.4,90.39,117.1214996
2023-01-23 21:48:00,90.36,90.46,90.36,90.4,95.28180026
2023-01-23 21:47:00,90.38,90.55,90.55,90.38,33.2271811
2023-01-23 21:46:00,90.47,90.59,90.5,90.53,38.76398534
2023-01-23 21:45:00,90.48,90.54,90.51,90.53,170.20538458
2023-01-23 21:44:00,90.47,90.54,90.49,90.49,18.25168143
2023-01-23 21:43:00,90.39,90.49,90.44,90.49,74.06095478
2023-01-23 21:42:00,90.4,90.48,90.42,90.45,28.62793098
2023-01-23 21:41:00,90.37,90.42,90.39,90.4,10.62970303
2023-01-23 21:40:00,90.33,90.42,90.33,90.42,94.90075627
2023-01-23 21:39:00,90.35,90.42,90.41,90.36,83.26910556
2023-01-23 21:38:00,90.38,90.42,90.41,90.39,31.03689376
2023-01-23 21:37:00,90.36,90.5,90.44,90.39,366.30145608
2023-01-23 21:36:00,90.39,90.46,90.4,90.46,16.55753878
2023-01-23 21:35:00,90.33,90.43,90.39,90.33,140.77146931
2023-01-23 21:34:00,90.29,90.4,90.31,90.4,122.03956802
2023-01-23 21:33:00,90.28,90.34,90.33,90.31,5.23924552
2023-01-23 21:32:00,90.26,90.34,90.3,90.33,73.88294694
2023-01-23 21:31:00,90.3,90.35,90.31,90.33,31.95702987
2023-01-23 21:30:00,90.32,90.43,90.36,90.32,124.55866422
2023-01-23 21:29:00,90.34,90.37,90.35,90.37,20.230305
2023-01-23 21:28:00,90.32,90.37,90.35,90.36,34.74557153
2023-01-23 21:27:00,90.32,90.37,90.37,90.33,45.89953901
2023-01-23 21:26:00,90.35,90.41,90.36,90.36,79.2696106
2023-01-23 21:25:00,90.34,90.37,90.35,90.35,51.86886273
2023-01-23 21:24:00,90.28,90.37,90.28,90.37,56.79950107
2023-01-23 21:23:00,90.26,90.3,90.3,90.27,7.54714283
2023-01-23 21:22:00,90.28,90.36,90.35,90.3,24.23102708
2023-01-23 21:21:00,90.3,90.37,90.3,90.34,94.98722366
2023-01-23 21:20:00,90.25,90.3,90.26,90.3,53.42613998
2023-01-23 21:19:00,90.17,90.27,90.17,90.27,75.46298589
2023-01-23 21:18:00,90.14,90.19,90.19,90.17,31.52676205
2023-01-23 21:17:00,90.16,90.22,90.22,90.18,24.33572692
2023-01-23 21:16:00,90.19,90.29,90.29,90.22,50.63560356
2023-01-23 21:15:00,90.2,90.3,90.21,90.3,33.82342473
2023-01-23 21:14:00,90.1,90.22,90.17,90.2,53.14115208
2023-01-23 21:13:00,90.06,90.17,90.09,90.17,23.10609928
2023-01-23 21:12:00,90.06,90.11,90.11,90.09,5.83030361
2023-01-23 21:11:00,90.1,90.17,90.15,90.12,18.80171787
2023-01-23 21:10:00,90.11,90.18,90.16,90.18,109.09705159
2023-01-23 21:09:00,90.07,90.2,90.1,90.19,46.04983763
2023-01-23 21:08:00,90.08,90.15,90.1,90.12,60.84581823
2023-01-23 21:07:00,90.08,90.15,90.14,90.1,34.68709089
2023-01-23 21:06:00,90.16,90.22,90.22,90.16,13.48009147
2023-01-23 21:05:00,90.17,90.24,90.17,90.17,45.08571769
2023-01-23 21:04:00,90.13,90.2,90.13,90.16,50.08085336
2023-01-23 21:03:00,90.05,90.16,90.14,90.11,402.93521645
2023-01-23 21:02:00,90.1,90.25,90.23,90.11,39.31238242
2023-01-23 21:01:00,90.12,90.29,90.18,90.2,261.48655925
2023-01-23 21:00:00,90.13,90.29,90.13,90.15,565.10728932
2023-01-23 20:59:00,90.01,90.23,90.01,90.17,521.28504443
2023-01-23 20:58:00,89.93,90.06,89.93,89.98,555.59006501
2023-01-23 20:57:00,89.96,90.04,90.0,89.97,37.97968592
2023-01-23 20:56:00,89.88,90.04,89.95,90.04,234.46618513
2023-01-23 20:55:00,89.86,89.95,89.88,89.95,348.06916683
2023-01-23 20:54:00,89.84,89.9,89.84,89.87,211.94628232
2023-01-23 20:53:00,89.78,89.84,89.78,89.83,17.39317817
2023-01-23 20:52:00,89.69,89.78,89.69,89.77,17.26024248
2023-01-23 20:51:00,89.74,89.77,89.77,89.76,2.22097585
2023-01-23 20:50:00,89.65,89.76,89.65,89.76,50.70353108
2023-01-23 20:49:00,89.59,89.72,89.72,89.63,25.55960575
2023-01-23 20:48:00,89.71,89.73,89.71,89.72,12.0947128
2023-01-23 20:47:00,89.7,89.75,89.7,89.75,10.67141928
2023-01-23 20:46:00,89.71,89.78,89.76,89.71,30.41138442
2023-01-23 20:45:00,89.73,89.8,89.77,89.75,18.16946701
2023-01-23 20:44:00,89.75,89.83,89.83,89.78,198.44337419
2023-01-23 20:43:00,89.81,89.9,89.83,89.83,33.03852106
2023-01-23 20:42:00,89.74,89.84,89.77,89.81,41.59059627
2023-01-23 20:41:00,89.66,89.79,89.75,89.79,54.81775377
2023-01-23 20:40:00,89.72,89.86,89.85,89.72,68.95834985
2023-01-23 20:39:00,89.79,89.9,89.85,89.85,39.21020787
2023-01-23 20:38:00,89.8,89.86,89.8,89.85,46.59110749
2023-01-23 20:37:00,89.71,89.79,89.71,89.79,30.14012793
2023-01-23 20:36:00,89.65,89.75,89.71,89.71,67.63968465
2023-01-23 20:35:00,89.63,89.71,89.67,89.68,36.83154786
2023-01-23 20:34:00,89.62,89.68,89.62,89.67,96.62732299
2023-01-23 20:33:00,89.58,89.66,89.62,89.64,20.82630588
2023-01-23 20:32:00,89.55,89.59,89.57,89.58,33.10523002
2023-01-23 20:31:00,89.48,89.57,89.56,89.53,37.13362053
2023-01-23 20:30:00,89.53,89.69,89.64,89.53,179.72257675
2023-01-23 20:29:00,89.6,89.69,89.68,89.65,34.46717019
2023-01-23 20:28:00,89.64,89.72,89.65,89.69,82.90839143
2023-01-23 20:27:00,89.54,89.65,89.54,89.65,26.26694216
2023-01-23 20:26:00,89.54,89.7,89.66,89.54,88.69764719
2023-01-23 20:25:00,89.69,89.77,89.75,89.69,60.68019143
2023-01-23 20:24:00,89.71,89.8,89.77,89.79,32.42983343
2023-01-23 20:23:00,89.78,89.9,89.9,89.79,24.88758549
2023-01-23 20:22:00,89.88,89.95,89.91,89.89,18.86203691
2023-01-23 20:21:00,89.88,89.97,89.93,89.95,88.42907844
2023-01-23 20:20:00,89.8,89.93,89.93,89.93,160.65305027
2023-01-23 20:19:00,89.94,90.01,89.99,89.94,56.24722401
2023-01-23 20:18:00,89.97,90.06,90.02,89.99,24.57382447
2023-01-23 20:17:00,89.94,90.0,89.98,89.94,8.62374639
2023-01-23 20:16:00,89.91,89.98,89.91,89.98,39.69951508
2023-01-23 20:15:00,89.79,89.89,89.86,89.89,51.00272109
2023-01-23 20:14:00,89.76,89.9,89.9,89.86,42.20331405
2023-01-23 20:13:00,89.83,89.95,89.86,89.91,72.40413209
2023-01-23 20:12:00,89.73,89.85,89.73,89.85,31.41045844
2023-01-23 20:11:00,89.65,89.74,89.65,89.73,166.66875749
2023-01-23 20:10:00,89.59,89.7,89.7,89.66,855.16444248
2023-01-23 20:09:00,89.61,89.69,89.64,89.69,38.07332221
2023-01-23 20:08:00,89.52,89.63,89.54,89.63,185.82085872
2023-01-23 20:07:00,89.52,89.6,89.55,89.54,46.2837961
2023-01-23 20:06:00,89.38,89.58,89.43,89.57,38.86363003
2023-01-23 20:05:00,89.32,89.43,89.38,89.41,26.71257513
2023-01-23 20:04:00,89.37,89.47,89.47,89.41,16.13667634
2023-01-23 20:03:00,89.33,89.47,89.36,89.46,58.43752765
2023-01-23 20:02:00,89.38,89.48,89.48,89.38,11.57405476
2023-01-23 20:01:00,89.44,89.55,89.51,89.44,71.96151143
2023-01-23 20:00:00,89.36,89.53,89.39,89.49,62.82675415
2023-01-23 19:59:00,89.28,89.43,89.29,89.43,26.35553724
2023-01-23 19:58:00,89.3,89.39,89.34,89.34,18.83074867
2023-01-23 19:57:00,89.24,89.36,89.34,89.36,20.20836978
2023-01-23 19:56:00,89.34,89.46,89.41,89.35,17.24903278
2023-01-23 19:55:00,89.34,89.49,89.35,89.42,91.85962795
2023-01-23 19:54:00,89.14,89.33,89.2,89.32,100.53218107
2023-01-23 19:53:00,89.13,89.23,89.15,89.2,38.31009229
2023-01-23 19:52:00,89.06,89.15,89.13,89.11,33.58608858
2023-01-23 19:51:00,89.12,89.22,89.13,89.15,17.72400973
2023-01-23 19:50:00,89.09,89.25,89.14,89.13,10.49820577
2023-01-23 19:49:00,89.06,89.13,89.08,89.07,33.69780173
2023-01-23 19:48:00,89.01,89.12,89.01,89.12,67.1161869
2023-01-23 19:47:00,88.99,89.25,89.22,89.01,530.73762538
2023-01-23 19:46:00,89.18,89.36,89.31,89.27,260.41985235
2023-01-23 19:45:00,89.24,89.46,89.36,89.27,75.44075453
2023-01-23 19:44:00,89.37,89.49,89.41,89.42,152.90316829
2023-01-23 19:43:00,89.27,89.46,89.36,89.43,480.23215442
2023-01-23 19:42:00,89.33,89.54,89.54,89.33,15.13872272
2023-01-23 19:41:00,89.48,89.67,89.64,89.5,646.02634975
2023-01-23 19:40:00,89.71,89.86,89.84,89.71,42.27956413
2023-01-23 19:39:00,89.82,89.93,89.82,89.84,15.04545801
2023-01-23 19:38:00,89.68,89.84,89.73,89.77,324.33600338
2023-01-23 19:37:00,89.76,89.89,89.86,89.81,39.03194998
2023-01-23 19:36:00,89.79,89.99,89.96,89.83,17.28926826
2023-01-23 19:35:00,89.85,89.95,89.95,89.93,10.71589319
2023-01-23 19:34:00,89.88,89.99,89.88,89.95,78.42044245
2023-01-23 19:33:00,89.89,89.95,89.93,89.92,69.21971298
2023-01-23 19:32:00,89.94,89.99,89.95,89.98,32.9198136
2023-01-23 19:31:00,90.02,90.11,90.05,90.03,37.59427857
2023-01-23 19:30:00,89.91,90.06,89.95,90.06,122.61832328
2023-01-23 19:29:00,89.88,89.97,89.89,89.94,52.5393915
2023-01-23 19:28:00,89.8,90.04,90.02,89.89,147.62541468
2023-01-23 19:27:00,89.98,90.09,90.09,89.98,12.51031216
2023-01-23 19:26:00,90.02,90.13,90.13,90.07,38.35893016
2023-01-23 19:25:00,90.07,90.14,90.11,90.13,93.84241006
2023-01-23 19:24:00,90.1,90.2,90.19,90.12,18.62996559
2023-01-23 19:23:00,90.17,90.25,90.25,90.2,30.58312952
2023-01-23 19:22:00,90.17,90.27,90.2,90.24,69.7888706
2023-01-23 19:21:00,90.04,90.19,90.04,90.19,40.34736033
2023-01-23 19:20:00,90.04,90.15,90.15,90.06,39.39312485
2023-01-23 19:19:00,90.11,90.17,90.12,90.15,27.4044437
2023-01-23 19:18:00,90.11,90.17,90.17,90.12,54.24783408
2023-01-23 19:17:00,90.15,90.19,90.18,90.17,5.59881143
2023-01-23 19:16:00,90.14,90.2,90.17,90.17,19.14124053
2023-01-23 19:15:00,90.14,90.21,90.19,90.14,215.09560436
2023-01-23 19:14:00,90.15,90.27,90.2,90.25,33.09554732
2023-01-23 19:13:00,90.08,90.19,90.1,90.19,18.11054258
2023-01-23 19:12:00,90.04,90.16,90.11,90.1,33.13291704
2023-01-23 19:11:00,90.05,90.15,90.14,90.1,106.74862134
2023-01-23 19:10:00,90.09,90.17,90.09,90.14,65.20486093
2023-01-23 19:09:00,89.99,90.13,90.13,90.13,9.01262615
2023-01-23 19:08:00,90.05,90.15,90.05,90.14,28.20554235
2023-01-23 19:07:00,90.01,90.09,90.05,90.05,15.33575495
2023-01-23 19:06:00,89.99,90.1,90.05,90.04,35.86936323
2023-01-23 19:05:00,89.91,90.04,89.92,90.03,166.01699193
2023-01-23 19:04:00,89.8,89.94,89.8,89.88,25.36973624
2023-01-23 19:03:00,89.81,89.95,89.81,89.95,46.71067188
2023-01-23 19:02:00,89.58,89.76,89.76,89.75,291.79134112
2023-01-23 19:01:00,89.69,89.81,89.78,89.74,87.22246513
2023-01-23 19:00:00,89.93,90.07,89.98,89.98,120.05941572
2023-01-23 18:59:00,89.86,90.2,90.19,89.99,512.65243754
2023-01-23 18:58:00,90.21,90.28,90.28,90.21,24.93392434
2023-01-23 18:57:00,90.24,90.31,90.28,90.26,7.23230319
2023-01-23 18:56:00,90.07,90.27,90.11,90.27,102.52131417
2023-01-23 18:55:00,90.13,90.24,90.24,90.13,31.36516859
2023-01-23 18:54:00,90.15,90.29,90.28,90.24,116.67956946
2023-01-23 18:53:00,90.18,90.29,90.23,90.28,42.08226959
2023-01-23 18:52:00,90.2,90.37,90.36,90.22,167.37331373
2023-01-23 18:51:00,90.33,90.39,90.38,90.36,79.04730938
2023-01-23 18:50:00,90.33,90.45,90.42,90.33,3.49960664
2023-01-23 18:49:00,90.41,90.48,90.45,90.44,22.05807578
2023-01-23 18:48:00,90.43,90.5,90.44,90.43,11.63660223
2023-01-23 18:47:00,90.44,90.61,90.6,90.45,291.4058723
2023-01-23 18:46:00,90.49,90.6,90.56,90.6,124.48206536
2023-01-23 18:45:00,90.59,90.75,90.72,90.59,51.25032628
2023-01-23 18:44:00,90.68,90.75,90.68,90.75,14.769493
2023-01-23 18:43:00,90.65,90.71,90.65,90.68,37.9517156
2023-01-23 18:42:00,90.64,90.74,90.74,90.67,47.27178964
2023-01-23 18:41:00,90.55,90.7,90.7,90.65,216.25443817
2023-01-23 18:40:00,90.68,90.76,90.72,90.68,97.6765165
2023-01-23 18:39:00,90.68,90.72,90.71,90.72,25.52453743
2023-01-23 18:38:00,90.53,90.7,90.53,90.7,72.61470848
2023-01-23 18:37:00,90.48,90.6,90.6,90.53,179.82121871
2023-01-23 18:36:00,90.6,90.66,90.62,90.62,35.31124964
2023-01-23 18:35:00,90.51,90.61,90.51,90.61,11.69154602
2023-01-23 18:34:00,90.41,90.52,90.44,90.5,43.09184653
2023-01-23 18:33:00,90.46,90.52,90.48,90.47,18.56439479
2023-01-23 18:32:00,90.41,90.52,90.42,90.48,49.85086775
2023-01-23 18:31:00,90.31,90.42,90.41,90.42,11.12126035
2023-01-23 18:30:00,90.42,90.5,90.42,90.45,24.90334114
2023-01-23 18:29:00,90.2,90.46,90.29,90.46,468.75421871
2023-01-23 18:28:00,90.27,90.29,90.29,90.29,16.00369748
2023-01-23 18:27:00,90.24,90.39,90.39,90.28,109.08129108
2023-01-23 18:26:00,90.41,90.48,90.41,90.43,39.44557393
2023-01-23 18:25:00,90.3,90.4,90.31,90.4,12.97670817
2023-01-23 18:24:00,90.34,90.4,90.34,90.38,31.42863813
2023-01-23 18:23:00,90.3,90.36,90.34,90.35,10.62113876
2023-01-23 18:22:00,90.28,90.39,90.28,90.34,209.81925184
2023-01-23 18:21:00,90.21,90.31,90.21,90.31,31.76825494
2023-01-23 18:20:00,90.14,90.22,90.18,90.2,35.44390675
2023-01-23 18:19:00,90.12,90.18,90.14,90.18,24.31208267
2023-01-23 18:18:00,90.11,90.17,90.11,90.14,29.66061368
2023-01-23 18:17:00,90.07,90.13,90.09,90.12,13.27747453
2023-01-23 18:16:00,89.98,90.11,90.08,90.11,147.8620414
2023-01-23 18:15:00,90.06,90.18,90.18,90.06,33.05698478
2023-01-23 18:14:00,90.07,90.2,90.17,90.19,140.61571626
2023-01-23 18:13:00,90.01,90.17,90.08,90.17,40.70331144
2023-01-24 00:24:00,90.44,90.51,90.45,90.44,56.56134538
